# Generated by BeeFoundrySim OpenUSD importer
v -0.00903022196143866 0.0247442107647657 0.00106316793244332
v -0.00950747635215521 0.0247213207185268 0.00174528290517628
v -0.00958329346030951 0.03064876049757 0.00182330596726388
v -0.00729966070502996 0.0139125501736999 0.000768583966419101
v -0.00761246588081121 0.0137348100543022 0.00116568792145699
v -0.00816845800727606 0.0188229009509087 0.000750334991607815
v -0.00802522804588079 0.0135003896430135 0.00168973195832223
v -0.00812792684882879 0.0134420301765203 0.00182008696720004
v -0.00839298870414495 0.0158334895968437 0.00162362994160503
v -0.0120646897703409 0.103648200631142 0.00311225582845509
v -0.0119291497394443 0.104785799980164 0.00306928087957203
v -0.009166001342237 0.104836501181126 0.00267630792222917
v -0.00444686366245151 0.037995271384716 -0.000620823004283011
v -0.0045573110692203 0.0367358289659023 -0.000763552961871028
v -0.00565326167270541 0.0366898104548454 -0.000273686979198828
v -0.00561422063037753 0.018900329247117 -0.0010959500214085
v -0.00455927802249789 0.018923869356513 -0.00154560792725533
v -0.0043548340909183 0.0174134895205498 -0.00147831393405795
v -0.00398850394412875 0.0154400998726487 -0.00139480794314295
v -0.00479692174121737 0.0150849195197225 -0.000969070009887218
v -0.00514543009921908 0.0149215999990702 -0.00072707497747615
v -0.00592863466590643 0.024866160005331 -0.00143676891457289
v -0.005218087695539 0.0248889904469252 -0.00170987797901034
v -0.00514048291370273 0.0232170205563307 -0.00173670006915927
v -0.00485235406085849 0.0210884790867567 -0.00164192891679704
v -0.00494050886482 0.0323647782206535 -0.00125890900380909
v -0.00506335403770208 0.0308145806193352 -0.00138699996750802
v -0.00582170393317938 0.0307895503938198 -0.00107020093128085
v -0.00533443596214056 0.0273950602859259 -0.00166964496020228
v -0.00531184580177069 0.0269091706722975 -0.00167745293583721
v -0.00492066098377109 0.0325909182429314 -0.00123327900655568
v -0.00418352987617254 0.0409991703927517 -0.000280402979115024
v -0.00561791565269232 0.0484988614916801 0.00122016598470509
v -0.00387763883918524 0.0485651381313801 0.000601548003032804
v -0.00391727592796087 0.0544883012771606 0.00114262092392892
v -0.00391709804534912 0.0544713102281094 0.00114107097033411
v -0.00565612269565463 0.0544178411364555 0.00180333794560283
v -0.00385516788810492 0.0491203591227531 0.00066627498017624
v -0.00386476493440568 0.0488839708268642 0.000638716970570385
v -0.00569099094718695 0.0603523813188076 0.00209176493808627
v -0.00398445082828403 0.0601806007325649 0.00143068993929774
v -0.00394725706428289 0.0570821687579155 0.00137281394563615
v -0.00398457003757358 0.0954334661364555 0.00169295002706349
v -0.00409770011901855 0.0841718316078186 0.00164306093938649
v -0.00581622077152133 0.0841102600097656 0.0023554558865726
v -0.00410133600234985 0.0838102623820305 0.00164145196322352
v -0.00415390683338046 0.0785731598734856 0.00161820591893047
v -0.00405448582023382 0.0660151168704033 0.00153976597357541
v -0.00398731185123324 0.0604177080094814 0.00143515993840992
v -0.00597661687061191 0.0959790274500847 0.00250041391700506
v -0.00395744992420077 0.0960422083735466 0.00168615498114377
v -0.00397622492164373 0.0956213399767876 0.00169086398091167
v -0.00345343281514943 0.107361704111099 0.00155997194815427
v -0.00369292381219566 0.101983301341534 0.00161993491929024
v -0.00613999273627996 0.101921401917934 0.00231760693714023
v -0.00921350717544556 0.106404602527618 0.00259071495383978
v -0.00839823391288519 0.106539994478226 0.00244480301626027
v -0.0117871100082994 0.105977900326252 0.00302428007125854
v -0.0117840701714158 0.105978399515152 0.0030244579538703
v -0.0117803197354078 0.10597900301218 0.00302463700063527
v -0.0117751294746995 0.105979800224304 0.00302422000095248
v -0.0117646399885416 0.10598149895668 0.00302344490773976
v -0.0117118898779154 0.105990201234818 0.00301694800145924
v -0.0115315895527601 0.106019899249077 0.00298976781778038
v -0.0111473202705383 0.106083601713181 0.00292676594108343
v -0.010972079820931 0.106112703680992 0.0028965468518436
v -0.0095755448564887 0.106344401836395 0.00265550590120256
v -0.0136075597256422 0.0839716121554375 0.00371462083421648
v -0.0132970800623298 0.0933048129081726 0.00350278592668474
v -0.0118174497038126 0.0958635210990906 0.00356876780278981
v -0.0132105899974704 0.0940304920077324 0.00347542692907155
v -0.0129933301359415 0.0958539769053459 0.00340652395971119
v -0.0139821097254753 0.0727119371294975 0.00397020485252142
v -0.0136730596423149 0.0820018574595451 0.00375932385213673
v -0.0115954196080565 0.0839846059679985 0.00369340088218451
v -0.0138653498142958 0.0699680373072624 0.00402671005576849
v -0.0113105103373528 0.0602226778864861 0.00375383999198675
v -0.013450319878757 0.0602192804217339 0.00422751903533936
v -0.0131239797919989 0.0525534711778164 0.00438547087833285
v -0.0132341897115111 0.0551418587565422 0.00433212472125888
v -0.0133536998182535 0.0579494796693325 0.00427430775016546
v -0.0125967198982835 0.046733308583498 0.00438100006431341
v -0.0127446595579386 0.0483660101890564 0.00438225176185369
v -0.012158390134573 0.0483650490641594 0.00406742002815008
v -0.012850159779191 0.0495308004319668 0.00438314583152533
v -0.011023810133338 0.0483708903193474 0.00347500992938876
v -0.0131037198007107 0.0523295402526855 0.00438529206439853
v -0.0115110203623772 0.0347484908998013 0.00437194108963013
v -0.0115858297795057 0.0355742499232292 0.00437253667041659
v -0.0115895802155137 0.0365234613418579 0.00431668665260077
v -0.0116715403273702 0.0365209504961967 0.0043732519261539
v -0.0120910396799445 0.0411511585116386 0.00437676906585693
v -0.01142149977386 0.0337606593966484 0.00437116576358676
v -0.0106544401496649 0.036537941545248 0.00319159007631242
v -0.0111021297052503 0.0305968504399061 0.0041877618059516
v -0.0105250403285027 0.0306159798055887 0.00311642792075872
v -0.0110750701278448 0.0303286295384169 0.00417226506397128
v -0.0101454798132181 0.0243077799677849 0.00341308093629777
v -0.0101695004850626 0.0244634691625834 0.00343269086442888
v -0.0102818002924323 0.0246798899024725 0.00331026292406023
v -0.0102037703618407 0.0246854405850172 0.00346064497716725
v -0.0110270902514458 0.0300181489437819 0.00413310481235385
v -0.00929069519042969 0.0187715198844671 0.00271499087102711
v -0.00910049583762884 0.0187810603529215 0.00212889886461198
v -0.00910699274390936 0.017581520602107 0.00256490684114397
v -0.00882822182029486 0.0163826905190945 0.0023549790494144
v -0.00719654466956854 0.0139608299359679 0.000697000999934971
v -0.0124987894669175 0.100004903972149 0.00324982381425798
v -0.0119973998516798 0.101809203624725 0.00328504992648959
v -0.00903367903083563 0.101856097579002 0.00301188183948398
v -0.00867742300033569 0.0188013892620802 0.00139188696630299
v -0.00869786646217108 0.0158222299069166 0.00225687003694475
v -0.00814247038215399 0.0134337497875094 0.00183862389530987
v -0.0118843298405409 0.042445357888937 0.00414711190387607
v -0.0122080398723483 0.0424427911639214 0.00437778187915683
v -0.00930762197822332 0.0188812594860792 0.00272881891578436
v -0.00958198308944702 0.0365617200732231 0.0021804568823427
v -0.00639861775562167 0.0143346097320318 0.00014301500050351
v -0.0069629536010325 0.0188653394579887 -0.00029414999880828
v -0.00729364063590765 0.0248171593993902 -0.000608155969530344
v -0.00849902536720037 0.0247680507600307 0.000445179000962526
v -0.00847273971885443 0.0306890606880188 0.000703804951626807
v -0.00838232040405273 0.0365950390696526 0.00127345300279558
v -0.00848901178687811 0.0484139285981655 0.00233328295871615
v -0.0085633983835578 0.0543339215219021 0.00278824497945607
v -0.0122843300923705 0.101804599165916 0.0031818738207221
v -0.00624859286472201 0.104896299540997 0.00212663388811052
v -0.00630402471870184 0.106888100504875 0.00207006884738803
v -0.00886052753776312 0.0959076210856438 0.00332158780656755
v -0.00871706008911133 0.0840313360095024 0.00325793004594743
v -0.00861644651740789 0.0602670311927795 0.00302630593068898
v 0.0039329519495368 -0.00622755195945501 -0.000969070009887218
v 0.00312453485094011 -0.00658273603767157 -0.00139480794314295
v 0.00198864890262485 -0.00184136594180018 -0.00151419593021274
v -0.0031340119894594 -0.0010432000271976 -0.00197607185691595
v -0.00251638796180487 -0.00352692580781877 -0.00221311999484897
v -0.00284331990405917 -0.00361466384492815 -0.00207030703313649
v 0.0053486218675971 0.00227338005788624 0.000468757993075997
v 0.00608205702155828 3.32296003762167e-05 0.0010413519339636
v 0.00592321064323187 -7.75754015194252e-05 0.000729227962438017
v 0.000646604981739074 -0.000453590997494757 -0.0018308749422431
v 0.00145465100649744 -0.00013737399422098 -0.00160294689703733
v 0.00456797983497381 0.00442713405936956 -1.21407001643092e-05
v 0.00456797983497381 0.00442868378013372 -4.29059991802205e-06
v 0.00609791185706854 6.24060994596221e-05 0.00117391301319003
v 0.00456797983497381 0.00443535996600986 3.02703010675032e-05
v 0.00456643104553223 0.00430464698001742 -0.000122628000099212
v 0.00456780102103949 0.00438755704089999 -6.74090988468379e-05
v 0.00456792069599032 0.00441318703815341 -3.37059973389842e-05
v 0.00456797983497381 0.00442385580390692 -1.9659300960484e-05
v 0.0045127859339118 0.00381529284641147 -0.000264959991909564
v 0.00454366207122803 0.00393575383350253 -0.000239568995311856
v 0.00456637097522616 0.00430339481681585 -0.000123021003673784
v 0.0051710600964725 0.00217252899892628 0.00018281200027559
v 0.00416731787845492 0.00246751285158098 -0.000548941956367344
v 0.00506561901420355 -0.000511630962137133 -3.74308001482859e-05
v 0.00407415581867099 0.0023167128674686 -0.000594159995671362
v 0.00385194993577898 0.00195711804553866 -0.000701930955983698
v 0.0020666120108217 0.000102102996606845 -0.00143033196218312
v 0.00208961893804371 0.00011111799540231 -0.00142383493948728
v 0.00337958289310336 0.00119262898806483 -0.000931090966332704
v -0.00214993883855641 -0.0002418609947199 -0.00207066489383578
v -0.00198262883350253 -0.000324770982842892 -0.0021005270536989
v -0.00202762987464666 -0.00067326397402212 -0.00212520291097462
v -0.00137090601492673 -0.000422030978370458 -0.00207155896350741
v -0.0013527269475162 -0.00313484598882496 -0.00227510882541537
v -0.000431973981903866 -0.000571309996303171 -0.00202715303748846
v 0.000435313995694742 -0.000495522981509566 -0.00187712896149606
v -0.00327491690404713 0.000315591983962804 -0.00186985696200281
v -0.00291317701339722 0.000136346003273502 -0.00193440890870988
v -0.00406825495883822 0.000998451956547797 -0.00143456400837749
v -0.00396353006362915 0.000889211951289326 -0.00152498390525579
v -0.00343441893346608 -0.00112742092460394 -0.00181442394386977
v -0.00370013690553606 0.000644653977360576 -0.00168901600409299
v -0.00362813379615545 0.000588952971156687 -0.00171959400177002
v -0.00411736872047186 0.00104969693347812 -0.00139206601306796
v -0.00352126290090382 -0.00114518392365426 -0.00171834195498377
v -0.0041911001317203 0.00113266694825143 -0.0012965789064765
v -0.00422108080238104 0.00116640294436365 -0.00125777698121965
v -0.00363778998143971 -0.00117999291978776 -0.00151783192995936
v -0.00425434065982699 0.00120538391638547 -0.00117325701285154
v -0.00294226384721696 -0.00363242579624057 -0.00197774101980031
v -0.00300318002700806 -0.00363516784273088 -0.00187241996172816
v -0.00363695598207414 -0.00118309201207012 -0.00151824892964214
v -0.0019332169322297 -0.00857865810394287 -0.0027505150064826
v -0.00176817097235471 -0.00852257013320923 -0.00275856186635792
v -0.00104015995748341 -0.00827520992606878 -0.00279402686282992
v 0.00245880987495184 -0.00686925603076816 -0.00171053397934884
v 0.0017614959506318 -0.00716364290565252 -0.00200855685397983
v -0.000493958999868482 -0.00805848743766546 -0.00264090183191001
v 0.00732755567878485 -0.00449967291206121 0.00218289997428656
v 0.00608497764915228 4.42712989752181e-05 0.00129783095326275
v 0.00731944991275668 -0.00449734879657626 0.00221276190131903
v 0.00729274656623602 -0.00448960019275546 0.00231122900731862
v 0.00607508374378085 7.29411985957995e-05 0.00128984393086284
v 0.00607442762702703 7.48038000892848e-05 0.00128930795472115
v 0.00456797983497381 0.00442868378013372 7.26291982573457e-05
v 0.00733482791110873 -0.00450176000595093 0.00215619802474976
v 0.00730401184409857 -0.00454264786094427 0.00198238994926214
v 0.00727856066077948 -0.00457638502120972 0.00183862389530987
v 0.00726395798847079 -0.0045846700668335 0.00182008696720004
v 0.00716125871986151 -0.0046430230140686 0.00168973195832223
v 0.00674849702045321 -0.00487744808197021 0.00116568792145699
v 0.00643569184467196 -0.00505518866702914 0.000768583966419101
v -0.0022808900102973 -0.00866800453513861 -0.00256734993308783
v -0.00234586000442505 -0.00867593195289373 -0.00248253298923373
v -0.00299441791139543 -0.00366902281530201 -0.00187730696052313
v -0.00198847008869052 -0.00859743263572454 -0.00274783303029835
v -0.00225049187429249 -0.00866425037384033 -0.00260704685933888
v -0.00226497603580356 -0.00866603758186102 -0.00258815195411444
v -0.00300264288671315 -0.00363719393499196 -0.00187271798495203
v 0.00633257580921054 -0.00510346796363592 0.000697000999934971
v 0.00553470803424716 -0.0054772486910224 0.000143012992339209
v 0.0042814607731998 -0.00606429483741522 -0.000727075967006385
v 0.00095764099387452 -0.098775677382946 0.0012637369800359
v -0.000629954971373081 -0.0990396663546562 0.000974385999143124
v -0.00057596800616011 -0.0873783230781555 0.000884880952071398
v 0.00369447399862111 -0.0278784595429897 -0.000761877978220582
v 0.00119102001190186 -0.0298278890550137 -0.00174397195223719
v 0.0040690298192203 -0.0237340293824673 -0.00122743798419833
v 0.00199383404105902 -0.0244096498936415 -0.00237232400104403
v 0.00413823081180453 -0.0229679904878139 -0.00131350697483867
v 0.00241041090339422 -0.02159827016294 -0.00269836094230413
v 0.00251901103183627 -0.0187242589890957 -0.00272679282352328
v 0.00446879770606756 -0.0186569597572088 -0.00166338600683957
v 0.00421565677970648 -0.0219580493867397 -0.00139546301215887
v 0.0030032389331609 -0.0397076010704041 0.000602854997850955
v 0.00299495388753712 -0.0398979708552361 0.000625091954134405
v -0.000103872996987775 -0.0407728515565395 -0.000560260959900916
v 0.00299626495689154 -0.040026418864727 0.000636823009699583
v -0.000371989997802302 -0.04642254114151 -5.39995016879402e-05
v 0.00305366492830217 -0.0456135794520378 0.00114709092304111
v -0.000575941987335682 -0.0507202111184597 0.000331107992678881
v 0.00305384281091392 -0.0456307493150234 0.0011487000156194
v -0.000571232987567782 -0.0521875023841858 0.000360830978024751
v 0.00307673192583025 -0.0478622913360596 0.00135248794686049
v 0.00311911082826555 -0.0513234697282314 0.00142514694016427
v 0.00358068896457553 -0.0291377902030945 -0.000620400998741388
v 0.00335264182649553 -0.0316611491143703 -0.000336922996211797
v 0.000385901978006586 -0.0352619215846062 -0.00111377192661166
v 5.01042013638653e-05 -0.0375282093882561 -0.000851004966534674
v 0.00258946395479143 -0.0985043570399284 0.00155997194815427
v 0.00282818009145558 -0.0931259319186211 0.00161933794151992
v 0.00309187080711126 -0.0871849581599236 0.00168490398209542
v -0.000521671958267689 -0.0756508111953735 0.000794867984950542
v 0.00312369992025197 -0.0864689871668816 0.00169283093418926
v 0.00311058689840138 -0.0867638513445854 0.00168955291155726
v 0.00242328597232699 -0.0128818098455667 -0.00256401300430298
v 0.00353586580604315 -0.00881796982139349 -0.00149202300235629
v 0.00370103097520769 -0.0100657902657986 -0.00154596497304738
v 0.00398760987445712 -0.0122311096638441 -0.00163960398640484
v 0.0026618828997016 -0.0149428201839328 -0.00276422500610352
v 0.00429296400398016 -0.014538099989295 -0.0017393819289282
v 0.00263041188009083 -0.0157750807702541 -0.00275599886663258
v 0.00435674097388983 -0.0160314403474331 -0.00171184493228793
v 0.00444298889487982 -0.0180518589913845 -0.00167453195899725
v 0.00312203099019825 -0.051560640335083 0.00143015291541815
v 0.00318306591361761 -0.0565482303500175 0.00153481890447438
v -0.000533618964254856 -0.0639137625694275 0.000598371960222721
v 0.00328969885595143 -0.0695263668894768 0.0016173719195649
v -0.00050649099284783 -0.0723711773753166 0.000769695965573192
v 0.00323653197847307 -0.0749529004096985 0.00164151098579168
v 0.00323295500129461 -0.0753147602081299 0.00164312100969255
v 0.000123190999147482 -0.124326102435589 0.000363414990715683
v -0.00100856996141374 -0.124340698122978 0.00021855799423065
v 0.000922026985790581 -0.124058604240417 0.000486139993881807
v -0.00543195009231567 -0.123571299016476 -0.000143170997034758
v -0.00323611381463706 -0.124125301837921 -6.16163015365601e-06
v -0.00434017088264227 -0.12384670227766 -7.50502003938891e-05
v -0.00213468004949391 -0.1243552044034 7.44307981221937e-05
v -0.00231563998386264 -0.124357499182224 5.12701990373898e-05
v 0.00505298282951117 -0.120231203734875 0.00111758697312325
v 0.00491678668186069 -0.120574899017811 0.00107920099981129
v 0.00445741368457675 -0.121177598834038 0.00100368191488087
v 0.00630611088126898 -0.11706880480051 0.00147098291199654
v 0.00547057297080755 -0.119177401065826 0.00123536493629217
v 0.006898223888129 -0.114885002374649 0.00170081795658916
v 0.0099410405382514 -0.101566597819328 0.00270843482576311
v 0.0109215900301933 -0.0971223115921021 0.00302433897741139
v 0.0109231397509575 -0.0971205160021782 0.00302428007125854
v 0.00762963155284524 -0.112030401825905 0.00196510483510792
v 0.00691306497901678 -0.114883400499821 0.00168871798086911
v 0.00797617342323065 -0.110461704432964 0.00207656598649919
v 0.00895851757377386 -0.106014601886272 0.00239246990531683
v 0.010911519639194 -0.0971246883273125 0.00302350497804582
v 0.0109202796593308 -0.0971237421035767 0.00302433897741139
v -0.00102978898212314 -0.106406599283218 0.000748720951378345
v 0.0054396977648139 -0.0980306193232536 0.00207215500995517
v 0.00611573364585638 -0.106147199869156 0.00195384002290666
v 0.00709700491279364 -0.0977551266551018 0.00236999895423651
v 0.00753402663394809 -0.0976825878024101 0.00244587589986622
v -0.00187087000813335 -0.123965598642826 0.000138421994051896
v -0.00344324088655412 -0.122270599007607 2.43834001594223e-05
v -5.7549201301299e-05 -0.123551100492477 0.0003905379853677
v -0.0032724728807807 -0.121890604496002 5.29028002347331e-05
v 0.00147616793401539 -0.122323803603649 0.000615474011283368
v -0.00268202996812761 -0.120576798915863 0.000151507992995903
v 0.00259727193042636 -0.120599001646042 0.000800385954789817
v 0.00646483758464456 -0.116668201982975 0.00151574600022286
v 0.00441980268806219 -0.121197402477264 0.000998147996142507
v 0.00411385204643011 -0.121628299355507 0.000947186956182122
v 0.00303488899953663 -0.122975498437881 0.000775630993302912
v 0.00376945687457919 -0.122080102562904 0.000890553987119347
v 0.00308382487855852 -0.12297960370779 0.000777802953962237
v 0.00545156002044678 -0.119187101721764 0.00122356391511858
v 0.00406616879627109 -0.121081404387951 0.000962738995440304
v 0.00288075185380876 -0.123245999217033 0.000744405959267169
v 0.00218975497409701 -0.123616702854633 0.000646249973215163
v 0.00119572796393186 -0.1241500005126 0.000505050003994256
v 0.000885866000317037 -0.124316304922104 0.000461028976133093
v 0.0027324550319463 -0.122849203646183 0.0007471619755961
v -0.0036883947905153 -0.123938500881195 -6.76186973578297e-05
v 0.0107282400131226 -0.0971527621150017 0.00299882795661688
v 0.0108757000416517 -0.0971292182803154 0.00301933195441961
v 0.0108904195949435 -0.097126841545105 0.00302141881547868
v 0.00889039039611816 -0.106044597923756 0.00239467597566545
v 0.00679183006286621 -0.114870503544807 0.0016892550047487
v 0.00835019256919622 -0.0975471660494804 0.00258755590766668
v 0.0101088201627135 -0.0972552821040154 0.00289285089820623
v 0.00835180189460516 -0.106064401566982 0.00231343484483659
v 0.0106835896149278 -0.0971599221229553 0.00299263000488281
v 0.00505828764289618 -0.119087100028992 0.0011810059659183
v 0.00634324504062533 -0.114809103310108 0.00163173594046384
v -0.00491905165836215 -0.123372904956341 -0.000150791995110922
v -0.00474178697913885 -0.123240500688553 -0.000129755993839353
v -0.00399631168693304 -0.122683703899384 -4.12654990213923e-05
v -0.002123415004462 -0.119333900511265 0.000244794995523989
v -0.00208991696126759 -0.119064301252365 0.000258254003711045
v 0.00342500186525285 -0.118670798838139 0.000987589010037482
v -0.00187474396079779 -0.117334499955177 0.000344631989719346
v 0.00448053982108831 -0.11455350369215 0.00137430394534022
v -0.00142794800922275 -0.113741904497147 0.000524025992490351
v 0.0121867600828409 -0.0869972705841064 0.0034276838414371
v 0.0123629495501518 -0.0851756930351257 0.00348138785921037
v 0.0123444702476263 -0.0851824209094048 0.00350272585637867
v 0.00853860285133123 -0.0099683403968811 0.00293463398702443
v 0.0119987102225423 -0.040676049888134 0.00441479589790106
v 0.0120002003386617 -0.0406726002693176 0.00441944506019354
v 0.0122395697981119 -0.0434715114533901 0.00439631892368197
v 0.0114886099472642 -0.0350685082376003 0.00452965404838324
v 0.0117278005927801 -0.0378690287470818 0.00448626186698675
v 0.0117400800809264 -0.0378684401512146 0.00447583105415106
v 0.0114594101905823 -0.0350689180195332 0.00455462886020541
v 0.0112245595082641 -0.0322666093707085 0.00460636569187045
v 0.0112079903483391 -0.0322661884129047 0.00462120678275824
v 0.0106910401955247 -0.0266540590673685 0.00469362689182162
v 0.0107223903760314 -0.0266602002084255 0.00465142680332065
v 0.0101781403645873 -0.0210662391036749 0.00442469073459506
v 0.0117287002503872 -0.0438006483018398 0.00438225176185369
v 0.0119498297572136 -0.0492185913026333 0.00426959898322821
v 0.0123243294656277 -0.0491565391421318 0.00432252790778875
v 0.0109232598915696 -0.0322930179536343 0.00465452577918768
v 0.011318139731884 -0.0379344783723354 0.00452107097953558
v 0.011535219848156 -0.0378972813487053 0.00452464772388339
v 0.0115581694990396 -0.0929479002952576 0.00323259783908725
v 0.0117035498842597 -0.0919924303889275 0.00328028202056885
v 0.0117832999676466 -0.0911678001284599 0.00330460001714528
v 0.0112127596512437 -0.0952172800898552 0.00311928894370794
v 0.0111045800149441 -0.0959283113479614 0.00308382487855852
v 0.010920699685812 -0.0971208214759827 0.00302815390750766
v 0.011609610170126 -0.0378848314285278 0.0045200577005744
v 0.0125054102391005 -0.0491166114807129 0.00433969404548407
v 0.0105276703834534 -0.0266546010971069 0.0047854776494205
v 0.0105307595804334 -0.0266843400895596 0.00478726578876376
v 0.0106481295078993 -0.026651019230485 0.00473034288734198
v 0.0111079197376966 -0.0322724506258965 0.00466775801032782
v 0.0101185999810696 -0.0210401397198439 0.00452846195548773
v 0.0100785400718451 -0.021086510270834 0.00450956774875522
v 0.0105884000658989 -0.0266199093312025 0.00475484086200595
v 0.00831639673560858 -0.00996732711791992 0.00319319893606007
v 0.00934052374213934 -0.0154475495219231 0.00407558586448431
v 0.00943606998771429 -0.0154526196420193 0.00399380875751376
v 0.00940608885139227 -0.0157982707023621 0.00413203192874789
v 0.00994801428169012 -0.0210438892245293 0.00444775773212314
v 0.00950163602828979 -0.0155121004208922 0.00373113085515797
v 0.0085369935259223 -0.0099412789568305 0.00307863880880177
v 0.00948506500571966 -0.0154758002609015 0.00387430097907782
v 0.00850713159888983 -0.00992673542350531 0.00320237781852484
v 0.0101532302796841 -0.0210515800863504 0.00447952700778842
v 0.0109335696324706 -0.029460659250617 0.00469118263572454
v 0.0109702302142978 -0.0294629298150539 0.00465697003528476
v 0.0113887097686529 -0.0350757800042629 0.00458282185718417
v 0.0116684399545193 -0.0378759503364563 0.00451028300449252
v 0.0121702495962381 -0.0434822998940945 0.00442474987357855
v 0.01169203966856 -0.0378727912902832 0.00450348807498813
v 0.0114394398406148 -0.0350703485310078 0.00456529809162021
v 0.0111647201701999 -0.0322676785290241 0.00464707566425204
v 0.0117118302732706 -0.0378704592585564 0.00449550105258822
v 0.0114758005365729 -0.035068329423666 0.0045427680015564
v 0.01123773958534 -0.0322679206728935 0.00459027197211981
v 0.0107476096600294 -0.0266753397881985 0.00457811309024692
v 0.0112476302310824 -0.0322699509561062 0.00457298709079623
v 0.011497849598527 -0.0350695215165615 0.00451528979465365
v 0.0117486696690321 -0.0378686115145683 0.00446426775306463
v 0.0130613399669528 -0.0611137710511684 0.00406265165656805
v 0.012630520388484 -0.0490900799632072 0.00433331681415439
v 0.0126141300424933 -0.0490933582186699 0.00433695269748569
v 0.0122237801551819 -0.0434731803834438 0.00441122008487582
v 0.0122100096195936 -0.0434753187000751 0.00441694166511297
v 0.0121092703193426 -0.042071457952261 0.00442469073459506
v 0.0119800502434373 -0.0406709909439087 0.00444584991782904
v 0.0119914403185248 -0.0406699702143669 0.00443756487220526
v 0.0118709802627563 -0.0392689108848572 0.00445055868476629
v 0.0119990101084113 -0.0406697914004326 0.00442814780399203
v 0.0118772303685546 -0.03926932066679 0.00443953182548285
v 0.0122370701283216 -0.0434716306626797 0.00440049078315496
v 0.0124509902670979 -0.0462824106216431 0.00437366869300604
v 0.0124551597982645 -0.0462817512452602 0.00437062885612249
v 0.0126426797360182 -0.0490877591073513 0.00432854797691107
v 0.0126475002616644 -0.0490849018096924 0.00432217074558139
v 0.0126497698947787 -0.0490835905075073 0.00431936886161566
v 0.0124552203342319 -0.0462815687060356 0.00436502601951361
v 0.0124584399163723 -0.0462813302874565 0.00436735106632113
v 0.0122358202934265 -0.0434718690812588 0.00439399387687445
v 0.0120013896375895 -0.0406699702143669 0.00442302180454135
v 0.0121180396527052 -0.0420706793665886 0.00441664410755038
v 0.012233610264957 -0.0434719286859035 0.00440430594608188
v 0.011361469514668 -0.0335865579545498 0.00443190289661288
v 0.0112541299313307 -0.0322859808802605 0.00449174595996737
v 0.0115597201511264 -0.0357376299798489 0.00444036675617099
v 0.0117505099624395 -0.037871528416872 0.00443959189578891
v 0.0117340600118041 -0.0378755889832973 0.00441992189735174
v 0.0118673397228122 -0.0395100079476833 0.00440424587577581
v 0.0119623495265841 -0.0406750999391079 0.0043931002728641
v 0.0117536103352904 -0.0378696285188198 0.00445151282474399
v 0.0115036303177476 -0.0350713692605495 0.00449985172599554
v 0.0112541895359755 -0.0322728082537651 0.00455445004627109
v 0.010750169865787 -0.0266819000244141 0.00455105304718018
v 0.0101982299238443 -0.0211050491780043 0.00429767277091742
v 0.0107337199151516 -0.0266644302755594 0.00462835980579257
v 0.0107421195134521 -0.0266695003956556 0.0046038618311286
v 0.0108155598863959 -0.0276641193777323 0.00440859701484442
v 0.0107281794771552 -0.0267163496464491 0.00440490199252963
v 0.0107465302571654 -0.0266974493861198 0.00449311686679721
v 0.0106345396488905 -0.0257006194442511 0.00440090801566839
v 0.0106242196634412 -0.0256023406982422 0.00439417269080877
v 0.00946950912475586 -0.0158194806426764 0.00356107880361378
v 0.00943255331367254 -0.015574149787426 0.00352972699329257
v 0.00930142402648926 -0.0147046400234103 0.0034186840057373
v 0.0102186696603894 -0.0217403098940849 0.00413077976554632
v 0.0101579995825887 -0.0211625602096319 0.0040913219563663
v 0.00988924503326416 -0.0186031404882669 0.00391673995181918
v 0.0119647895917296 -0.0406728908419609 0.00445300294086337
v 0.0112574100494385 -0.0322807990014553 0.00451380014419556
v 0.0112421503290534 -0.0322925411164761 0.00442683603614569
v 0.0109059195965528 -0.0971230193972588 0.00303506781347096
v 0.0109192095696926 -0.0971210524439812 0.00302904797717929
v 0.0109205199405551 -0.0971208214759827 0.00302845193073153
v 0.0117711396887898 -0.0911747813224792 0.00332695199176669
v 0.0130159799009562 -0.0716733261942863 0.00377231789752841
v 0.013072719797492 -0.063231997191906 0.00398683501407504
v 0.012948689982295 -0.0731484219431877 0.00374120380729437
v 0.0130869699642062 -0.0611066184937954 0.00404083682224154
v 0.0130898896604776 -0.0611085183918476 0.00405365182086825
v 0.0124325696378946 -0.0844558998942375 0.00350260687991977
v 0.0128589803352952 -0.0751135870814323 0.0036997189745307
v 0.0129355695098639 -0.0731555223464966 0.00375616480596364
v 0.0121921300888062 -0.0434783585369587 0.00442141201347113
v 0.0125685902312398 -0.049102958291769 0.00434070779010653
v 0.0129510099068284 -0.061135109513998 0.00406861305236816
v 0.0128288203850389 -0.0731742307543755 0.00376200582832098
v 0.0122436797246337 -0.0851985812187195 0.00350731587968767
v 0.010886600241065 -0.0971259996294975 0.00303864385932684
v 0.0108722997829318 -0.0971283316612244 0.00303923990577459
v 0.0116746397688985 -0.0911899209022522 0.00333124282769859
v 0.0108022000640631 -0.0971395298838615 0.00304222083650529
v 0.011107980273664 -0.0912325903773308 0.00324070383794606
v 0.0104314005002379 -0.0971999689936638 0.00301915383897722
v 0.0117849102243781 -0.0852615162730217 0.00346249295398593
v 0.0124399000778794 -0.0612265393137932 0.00401991605758667
v 0.012519059702754 -0.0631652995944023 0.00397962285205722
v 0.012223300524056 -0.0732484981417656 0.00375032378360629
v 0.0119010200724006 -0.0842374488711357 0.00350052095018327
v 0.00889068748801947 -0.0119805298745632 0.00307059194892645
v 0.00846439506858587 -0.0100226402282715 0.00274485303089023
v 0.00844097044318914 -0.00991499330848455 0.00272691203281283
v 0.00779932690784335 -0.00696825888007879 0.00223660399205983
v 0.00795388221740723 -0.00767797185108066 0.00235468102619052
v 0.0127497902140021 -0.0513604804873466 0.0042652478441596
v 0.0130919795483351 -0.0603647790849209 0.00405967188999057
v 0.0126765295863152 -0.0494329892098904 0.00430923700332642
v 0.0126482797786593 -0.0490864515304565 0.00431257393211126
v 0.0124197602272034 -0.0462844297289848 0.00433939602226019
v 0.0123503794893622 -0.0454332195222378 0.00434756185859442
v 0.0121907498687506 -0.043475978076458 0.00436627771705389
v 0.0112574100494385 -0.0322763882577419 0.00453472090885043
v 0.0115060200914741 -0.0350739285349846 0.00448316289111972
v 0.0117547502741218 -0.0378704592585564 0.00444471789523959
v 0.0101558500900865 -0.0496494099497795 0.0038830628618598
v 0.00701445294544101 -0.0503716394305229 0.00311040785163641
v 0.00730705168098211 -0.0622742101550102 0.00304025388322771
v 0.0100959502160549 -0.0972553417086601 0.00297319795936346
v 0.00352525687776506 -0.0116499597206712 0.00194805790670216
v 0.00365799595601857 -0.0140815898776054 0.00199031783267856
v 0.0073455567471683 -0.0159034691751003 0.00391197204589844
v 0.00340318586677313 -0.0172106008976698 0.00198268797248602
v 0.00295948889106512 -0.0226601902395487 0.00196933699771762
v 0.00752609875053167 -0.0214876495301723 0.00420510675758123
v 0.00293463398702443 -0.0228224899619818 0.00196307804435492
v 0.00751000596210361 -0.0272684004157782 0.00417828466743231
v 0.00203978992067277 -0.028668699786067 0.00173586595337838
v 0.000993798021227121 -0.0355021916329861 0.00147038593422621
v 0.00710421800613403 -0.0388354584574699 0.00348180485889316
v 0.000311429990688339 -0.0404235683381557 0.00124847795814276
v 0.00696325302124023 -0.0446185991168022 0.00321066286414862
v -0.000503738003317267 -0.0463026687502861 0.00098339794203639
v -0.000536196981556714 -0.0465367399156094 0.000972842972259969
v 0.00977575685828924 -0.0382524691522121 0.00422132015228271
v 0.00946122407913208 -0.0268280506134033 0.00473832990974188
v 0.00968056917190552 -0.0210432391613722 0.00469535496085882
v 0.00987422373145819 -0.0210273806005716 0.00466579105705023
v 0.00923925545066595 -0.015445290133357 0.00416558887809515
v 0.00722831394523382 -0.00449740793555975 0.00239574885927141
v 0.00721204187721014 -0.00449937488883734 0.00241702701896429
v 0.00824606418609619 -0.00995576288551092 0.00346654583700001
v 0.00865787174552679 -0.0155441695824265 0.00423818780109286
v 0.00908434297889471 -0.0154626900330186 0.00421702768653631
v 0.00836437847465277 -0.0099332919344306 0.00339531782083213
v 0.00719863083213568 -0.00450098467990756 0.00243461085483432
v 0.00693851662799716 -0.00456714583560824 0.0025755160022527
v 0.00790977384895086 -0.0100428396835923 0.00354683282785118
v 0.00914889480918646 -0.0211236998438835 0.00466376496478915
v 0.0101091796532273 -0.0267081800848246 0.00482338573783636
v 0.0103468196466565 -0.0266733691096306 0.00481957104057074
v 0.0075061316601932 -0.0976827070116997 0.00261884881183505
v 0.00608873274177313 -0.0979166626930237 0.00242489483207464
v 0.00662755873054266 -0.0920202657580376 0.00263261701911688
v 0.00699013378471136 -0.0860857889056206 0.00274693896062672
v 0.00730556156486273 -0.0741866827011108 0.00288790394552052
v 0.00683653261512518 -0.0103952195495367 0.00341510679572821
v 0.00688338186591864 -0.00458586169406772 0.00257831788621843
v 0.00671494007110596 -0.0046430230140686 0.00258701993152499
v 0.00599849177524447 -0.00488608982414007 0.00262385583482683
v 0.00544094992801547 -0.00510710384696722 0.00246876385062933
v 0.00321620679460466 -0.00598895503208041 0.00184965098742396
v -0.000687085965182632 -0.0990396663546562 0.00132220902014524
v -0.000609428971074522 -0.0921225473284721 0.00139921891968697
v -0.000640504993498325 -0.0873725414276123 0.00136256194673479
v -0.000717189977876842 -0.0756511017680168 0.00127214100211859
v -0.000793952960520983 -0.0639179274439812 0.00118160201236606
v -0.000826869974844158 -0.0588865801692009 0.00114279892295599
v -0.00066923099802807 -0.0521889291703701 0.00105059100314975
v -0.00434213783591986 -0.123856604099274 -7.86078016972169e-05
v -0.0122017795220017 -0.100958101451397 -0.000910666945856065
v -0.0122032696381211 -0.100958399474621 -0.000913080992177129
v -0.00972157716751099 -0.112576298415661 -0.000543405010830611
v -0.00676536466926336 -0.12092249840498 -0.000246351002715528
v -0.00609791185706854 -0.122248403728008 -0.000194702995941043
v 0.00556045677512884 -0.119213998317719 0.00123888195957989
v 0.0108186602592468 -0.0976817607879639 0.00299531198106706
v 0.0107153598219156 -0.0982419177889824 0.00296032382175326
v 0.0108693800866604 -0.0974014401435852 0.00301247788593173
v 0.010863060131669 -0.0974364802241325 0.00301033188588917
v 0.00853556301444769 -0.108255602419376 0.00226086284965277
v 0.00783735513687134 -0.11116100102663 0.00204098201356828
v 0.00780391599982977 -0.111299298703671 0.00202983594499528
v 0.00904810335487127 -0.106038801372051 0.00242257094942033
v 0.00904059410095215 -0.106036804616451 0.00242006685584784
v 0.0100463600829244 -0.101592600345612 0.00273537589237094
v 0.0108441095799208 -0.0975416302680969 0.00300389481708407
v 0.0108567401766777 -0.0974715277552605 0.00300818588584661
v 0.0105012003332376 -0.0993607044219971 0.00288784480653703
v 0.00901585817337036 -0.106040000915527 0.00242829299531877
v 0.00888544321060181 -0.106044799089432 0.00242972304113209
v 0.00834113266319036 -0.10606499761343 0.00238853599876165
v 0.00609213067218661 -0.106148302555084 0.00211656000465155
v 0.00787079241126776 -0.111022800207138 0.00205206801183522
v 0.00800454616546631 -0.110469602048397 0.00209569884464145
v 0.00773697998374701 -0.111575804650784 0.00200724601745605
v 0.00746881868690252 -0.112681299448013 0.00191342795733362
v -0.00146067095920444 -0.113747000694275 0.000774490996263921
v 0.00341171002946794 -0.118673600256443 0.00110989797394723
v 0.004463373683393 -0.114556401968002 0.00151085795368999
v 0.00505232764407992 -0.119088403880596 0.00123745191376656
v 0.00633549597114325 -0.11481050401926 0.00169479800388217
v 0.00630420399829745 -0.11706829816103 0.00147104193456471
v 0.0062559237703681 -0.117353901267052 0.00144469691440463
v 0.00629824260249734 -0.117218501865864 0.00145959795918316
v 0.00692325783893466 -0.114888697862625 0.00170957995578647
v 0.00692063476890326 -0.114887401461601 0.00170451391022652
v 0.00678825285285711 -0.114871203899384 0.00171863997820765
v 0.00544875767081976 -0.11918780207634 0.00124990893527865
v 0.00689649488776922 -0.114885300397873 0.00171494390815496
v 0.00406116200610995 -0.121082402765751 0.00101447093766183
v 0.00441747903823853 -0.121197901666164 0.00102227891329676
v 0.00554346991702914 -0.119211100041866 0.00124442495871335
v 0.00493335677310824 -0.120544202625751 0.00108373095281422
v 0.00494187977164984 -0.120528601109982 0.001085459953174
v 0.00309699680656195 -0.122995302081108 0.000787077995482832
v 0.00377696682699025 -0.122084997594357 0.000891081988811493
v 0.00451809074729681 -0.1212273016572 0.00101077498402447
v 0.00452345609664917 -0.121231600642204 0.00101131200790405
v 0.0030329218134284 -0.122975997626781 0.000796888954937458
v 0.00310563994571567 -0.123005598783493 0.000791097991168499
v 0.00450253393501043 -0.121225103735924 0.00101643800735474
v 0.00492906477302313 -0.120552003383636 0.00108289695344865
v 0.00492691900581121 -0.120555900037289 0.00108247902244329
v 0.00495880795642734 -0.120497398078442 0.0010888569522649
v 0.00492483284324408 -0.120559804141521 0.00108200300019234
v 0.00489044096320868 -0.120621904730797 0.00107526697684079
v 0.00482082273811102 -0.120745703577995 0.00106173695530742
v 0.00632947590202093 -0.117116801440716 0.00147074391134083
v 0.00631910469383001 -0.117150701582432 0.00146704900544137
v 0.0055668349377811 -0.119216598570347 0.00123912002891302
v 0.0059856167063117 -0.118160903453827 0.00135499192401767
v 0.00616913987323642 -0.11762410402298 0.00141483498737216
v 0.00633460190147161 -0.117099799215794 0.00147265091072768
v 0.00633722497150302 -0.117091298103333 0.00147354591172189
v -0.00208407593891025 -0.119070701301098 0.000463630974991247
v -0.00252729584462941 -0.120658904314041 0.000354693998815492
v 0.00146669091191143 -0.122325599193573 0.000714241992682219
v -6.53126990073361e-05 -0.123553700745106 0.000470448983833194
v 0.000918532954528928 -0.124059803783894 0.000523020979017019
v -0.00121557700913399 -0.12435419857502 0.000219167995965108
v -0.00105607497971505 -0.124446801841259 0.000217057997360826
v -0.00328266597352922 -0.124204099178314 -3.77819014829583e-05
v 0.00291645480319858 -0.123206600546837 0.000756072986405343
v 0.00286328699439764 -0.123253703117371 0.000748327991459519
v 0.00282305385917425 -0.123288601636887 0.000742479984182864
v 0.00280958390794694 -0.123300097882748 0.000740522984415293
v 0.00283652497455478 -0.123277001082897 0.000744432967621833
v 0.00284320092760026 -0.123271204531193 0.00074540899368003
v 0.00218594004400074 -0.123614303767681 0.000647156964987516
v 0.00284993601962924 -0.123265400528908 0.000746382982470095
v 0.00222778297029436 -0.123735100030899 0.000656899996101856
v 0.00223523285239935 -0.123730398714542 0.000657961005344987
v 0.00200098683126271 -0.123872704803944 0.000624584965407848
v 0.00212287902832031 -0.123800903558731 0.000641938007902354
v 0.000852222961839288 -0.124321199953556 0.00046140598715283
v 0.000847927003633231 -0.124322198331356 0.000460800976725295
v 0.000679816002957523 -0.124359101057053 0.000437159993452951
v 0.000886561989318579 -0.124312900006771 0.000466250989120454
v 0.000955084979068488 -0.124295599758625 0.000475933979032561
v -0.00101709295995533 -0.12445779889822 0.000213298990274779
v 0.00120907998643816 -0.124195203185081 0.000515919993631542
v -0.00101798691321164 -0.124468602240086 0.000212771992664784
v 0.00121295393910259 -0.124209702014923 0.000518431013915688
v 0.000120839998999145 -0.124327898025513 0.000363603001460433
v 0.000835033948533237 -0.124325200915337 0.000458982976851985
v 0.000843627960421145 -0.124323204159737 0.000460194976767525
v 0.00221288204193115 -0.123744703829288 0.000654775009024888
v 0.00218301988206804 -0.123763702809811 0.000650512985885143
v 0.00175106490496546 -0.124004602432251 0.000589047966059297
v -0.00178164197131991 -0.117353998124599 0.00056824495550245
v 0.00258606602437794 -0.120600901544094 0.000912579998839647
v 0.00272816396318376 -0.122850097715855 0.000792748003732413
v 0.00115620996803045 -0.12418120354414 0.000523740018252283
v -0.0021350379101932 -0.124369703233242 7.66696975915693e-05
v -0.00213497783988714 -0.124370403587818 7.64205979066901e-05
v -0.00238019204698503 -0.124345101416111 4.96432003274094e-05
v -0.00237584090791643 -0.124345704913139 5.01251997775398e-05
v -0.00327318883500993 -0.124187402427197 -3.10489012917969e-05
v -0.00270432187244296 -0.124300502240658 1.49039997268119e-05
v -0.00238895392976701 -0.124343998730183 4.86802018713206e-05
v -0.00242406083270907 -0.124339401721954 4.48403989139479e-05
v -0.00228375103324652 -0.124357603490353 6.03246007813141e-05
v -0.0023539059329778 -0.124348603188992 5.25409996043891e-05
v -0.0023714299313724 -0.124346300959587 5.0607599405339e-05
v 0.000817833992186934 -0.124329201877117 0.00045655999565497
v -0.00736921979114413 -0.112935304641724 -7.58305977797136e-05
v -0.00696289492771029 -0.116032399237156 -7.54767024773173e-05
v -0.00837719347327948 -0.117720499634743 -0.000371078989701346
v -0.00809973385185003 -0.118271701037884 -0.000349610985722393
v -0.00802171137183905 -0.118307203054428 -0.000331600982462987
v -0.00743311597034335 -0.119595900177956 -0.000298025988740847
v -0.00473016500473022 -0.123260103166103 -8.5552703239955e-05
v -0.00576865579932928 -0.122580699622631 -0.000155518995597959
v -0.00605249404907227 -0.121508300304413 -0.000137798997457139
v -0.00651270104572177 -0.118991300463676 -8.72774980962276e-05
v -0.00317990686744452 -0.121944203972816 0.00021428799664136
v -0.00187587691470981 -0.123967804014683 0.000193664993275888
v -0.00336182094179094 -0.124152801930904 -3.46587003150489e-05
v -0.0122051201760769 -0.100958697497845 -0.000916134973522276
v -0.0122053595259786 -0.100958801805973 -0.000919383950531483
v -0.0118827801197767 -0.102702602744102 -0.000863650988321751
v -0.0101509597152472 -0.110933303833008 -0.000598447979427874
v -0.0110243503004313 -0.106782197952271 -0.000732198997866362
v -0.0122040500864387 -0.100958503782749 -0.000914405973162502
v -0.0121779395267367 -0.100953802466393 -0.000895778997801244
v -0.0121896797791123 -0.100955799221992 -0.000901082996279001
v -0.0121955797076225 -0.100956901907921 -0.000905787979718298
v -0.00897055771201849 -0.115450099110603 -0.000447136000730097
v -0.00966620352119207 -0.112616799771786 -0.000487836980028078
v -0.012018259614706 -0.100926704704762 -0.000848368974402547
v -0.0120867397636175 -0.100938200950623 -0.000863551977090538
v -0.0121260201558471 -0.100944802165031 -0.000872251985128969
v -0.0121620800346136 -0.100951001048088 -0.000888587965164334
v -0.010035989806056 -0.100594997406006 -0.000409107975428924
v -0.0114036202430725 -0.100823901593685 -0.000712168985046446
v -0.0092234006151557 -0.112678900361061 -0.000391597975976765
v -0.0116936499252915 -0.100872404873371 -0.00077644397970289
v -0.00369006278924644 -0.123939104378223 -3.92622023355216e-05
v -0.00396644975990057 -0.122738800942898 5.09908022650052e-05
v -0.00628745462745428 -0.120333097875118 -0.000108569998701569
v -0.0077641005627811 -0.118465699255466 -0.000261185981798917
v -0.00396287394687533 -0.0995836183428764 0.00075234699761495
v -0.00885051395744085 -0.100396804511547 -0.000152637992869131
v -0.00902146100997925 -0.100425198674202 -0.00018429099873174
v -0.00102096702903509 -0.106412000954151 0.00107127393130213
v -0.00230312300845981 -0.0993079468607903 0.001043975003995
v 0.00895851757377386 -0.106014497578144 0.00239246990531683
v 0.00827103760093451 -0.109362997114658 0.00217980099841952
v 0.00223892903886735 -0.123727902770042 0.000658490986097604
v 0.00270050694234669 -0.123391002416611 0.000724728975910693
v -0.00735205365344882 -0.112932398915291 -0.000212387996725738
v -0.00650322390720248 -0.118989504873753 -0.000186045988812111
v -0.00576704693958163 -0.122580103576183 -0.000183874988579191
v -0.00670528365299106 -0.121119000017643 -0.000242174995946698
v -0.00966262817382812 -0.112616203725338 -0.000517234962899238
v -0.0121786501258612 -0.10095439851284 -0.000912347983103245
v -0.0121593996882439 -0.100951097905636 -0.000908239977434278
v -0.0104074999690056 -0.109688602387905 -0.000640133977867663
v -0.0122044002637267 -0.100958697497845 -0.000918379984796047
v -0.0122027900069952 -0.100958399474621 -0.000917681958526373
v -0.0122019005939364 -0.100958198308945 -0.000917299999855459
v -0.0121989799663424 -0.100957803428173 -0.000916679971851408
v -0.0121942702680826 -0.100956901907921 -0.000915676995646209
v -0.0120948497205973 -0.100940302014351 -0.000894496974069625
v -0.0120479399338365 -0.100932404398918 -0.000884501961991191
v -0.00806134846061468 -0.118338704109192 -0.000338964979164302
v -0.00775980856269598 -0.118464797735214 -0.0003067719808314
v -0.0092156520113349 -0.112677499651909 -0.000454632972832769
v -0.00604748679324985 -0.121505998075008 -0.000193041996681131
v -0.00627970602363348 -0.120330505073071 -0.000188480989891104
v -0.0069496026262641 -0.116029500961304 -0.000197795990970917
v -0.0120143201202154 -0.100926801562309 -0.000878410006407648
v -0.0117407403886318 -0.100881300866604 -0.000828857999294996
v -0.0113962199538946 -0.100824102759361 -0.000771752966102213
v -0.00881993677467108 -0.100396804511547 -0.000344676984241232
v -0.00742602301761508 -0.100165598094463 -0.000113597998279147
v -0.0123106800019741 -0.0951869413256645 -0.00102126493584365
v -0.00845962669700384 -0.054006040096283 -0.00171428895555437
v -0.00799661781638861 -0.0480926595628262 -0.00215428997762501
v -0.00589734269306064 -0.0367447100579739 -0.00345367100089788
v -0.00716811371967196 -0.0423342511057854 -0.00277054286561906
v -0.00983726885169744 -0.0429200492799282 -0.00355887389741838
v -0.00898742582648993 -0.0374184809625149 -0.00432175304740667
v -0.00820720102638006 -0.0372595712542534 -0.00414925767108798
v -0.00696635199710727 -0.0318024083971977 -0.00480723287910223
v -0.00946658756583929 -0.0375189110636711 -0.00437694694846869
v -0.0112119298428297 -0.0432933494448662 -0.00392824411392212
v -0.0122923199087381 -0.0468679592013359 -0.00365048600360751
v -0.0109598599374294 -0.0487509295344353 -0.00300139095634222
v -0.00215095188468695 -0.0145701095461845 -0.00407660007476807
v -0.00181245792191476 -0.0144822001457214 -0.00415575504302979
v -0.00236844993196428 -0.0175358597189188 -0.00472259474918246
v -0.00198686099611223 -0.0174477100372314 -0.00477272178977728
v -0.00284135295078158 -0.0205070897936821 -0.00515359593555331
v -0.00241404701955616 -0.0204249005764723 -0.00517052365466952
v -0.0037254688795656 -0.0234059598296881 -0.00528812361881137
v -0.00324809481389821 -0.0233323499560356 -0.00527322199195623
v -0.00485831405967474 -0.0261977892369032 -0.00519555807113647
v -0.00432813074439764 -0.0261158905923367 -0.00515455007553101
v -0.00632202578708529 -0.0316809415817261 -0.00470530893653631
v -0.00248944689519703 -0.0146042695268989 -0.00389367295429111
v -0.00226986384950578 -0.0145926997065544 -0.00400567008182406
v -0.00254821684211493 -0.017032079398632 -0.00447160005569458
v -0.00250506401062012 -0.0175574999302626 -0.00466078473255038
v -0.00265645887702703 -0.0175599399954081 -0.00454044295474887
v -0.00299602700397372 -0.0205246806144714 -0.00510400487110019
v -0.00505041982978582 -0.0262141805142164 -0.00517076207324862
v -0.00406360579654574 -0.0234014298766851 -0.00513744307681918
v -0.00389867997728288 -0.0234185997396708 -0.00525164604187012
v -0.00363725400529802 -0.0223425589501858 -0.00516426470130682
v -0.00326162483543158 -0.0205109696835279 -0.00492536975070834
v -0.00929140951484442 -0.0369392596185207 -0.00442200805991888
v -0.00737547781318426 -0.031857430934906 -0.00476801302284002
v -0.00720119383186102 -0.0318379402160645 -0.00481235887855291
v -0.00600582268089056 -0.0282244589179754 -0.00501537276431918
v -0.00519615365192294 -0.0262137595564127 -0.00506627466529608
v -0.00783014204353094 -0.0944337770342827 -0.000209128993446939
v -0.0138389999046922 -0.0666088983416557 -0.00232553388923407
v -0.00868004467338324 -0.0655611678957939 -0.00117206491995603
v -0.0138547997921705 -0.0672866702079773 -0.00228291703388095
v -0.00842565204948187 -0.0771178007125854 -0.000718995986972004
v -0.0133615098893642 -0.0780467912554741 -0.00177025690209121
v -0.0128370495513082 -0.0894863605499268 -0.00122523296158761
v -0.00803655292838812 -0.0886669084429741 -0.000349352980265394
v -0.0127996802330017 -0.0903014466166496 -0.00118642998859286
v -0.000730786996427923 -0.0141264200210571 -0.00401908066123724
v -0.00436985399574041 -0.0312364101409912 -0.00411856081336737
v -0.00270146084949374 -0.0257478896528482 -0.00467884493991733
v -0.00178182090166956 -0.02298085950315 -0.00485545303672552
v -0.00109499599784613 -0.0200623795390129 -0.00483429385349154
v -0.000792827981058508 -0.017082329839468 -0.00453519774600863
v -0.0137051902711391 -0.0608848296105862 -0.00268548703752458
v -0.00866597797721624 -0.0597796402871609 -0.00143343198578805
v -0.0136013003066182 -0.0564408786594868 -0.00296497298404574
v -0.011599300429225 -0.0547286197543144 -0.00254917098209262
v -0.0134277902543545 -0.0551719591021538 -0.00305587006732821
v -0.0126049499958754 -0.0491543412208557 -0.00348675181157887
v -0.00336718489415944 0.000380917976144701 -0.000637967954389751
v -0.00380837894044816 0.000770389975514263 -0.000808897952083498
v -0.00337606598623097 -0.00101339793764055 -0.0010912410216406
v -0.00408410979434848 0.00101375498343259 -0.000915716984309256
v -0.0041671390645206 0.00110596395097673 -0.000978364027105272
v -0.00355368782766163 -0.00111424899660051 -0.0013772239908576
v -0.00425666477531195 0.00120818591676652 -0.00110352004412562
v -0.00425892975181341 0.0012108680093661 -0.00113224901724607
v -0.00357973482459784 -0.00114029599353671 -0.00150269200094044
v -0.00421106768772006 0.0011548389447853 -0.00101154996082187
v -0.00424325373023748 0.00119233096484095 -0.00106024695560336
v -0.00424575805664062 0.00119531096424907 -0.00106835295446217
v -0.0029046528507024 0.000153898989083245 -0.000473653984954581
v 0.00108617497608066 -0.00171947397757322 0.000930187001358718
v 0.000801360991317779 -0.000361844984581694 0.000809903955087066
v -0.00199073483236134 -0.00304931402206421 -0.000546842988114804
v -0.000431973981903866 -0.000571309996303171 0.000413704983657226
v -0.00183844496496022 -0.000369414978194982 -9.49091991060413e-05
v -0.00260698702186346 7.79331003286643e-06 -0.000367906992323697
v -0.00249344087205827 -0.000613152980804443 -0.000424950994784012
v 0.00381785584613681 0.00182110001333058 0.00121128500904888
v 0.00377118494361639 0.00172060693148524 0.00123631895985454
v 0.00442767096683383 -0.000425934995291755 0.00169128098059446
v 0.00273263384588063 0.000557630963157862 0.0012598029570654
v 0.00252628303132951 0.000397726980736479 0.00123316003009677
v 0.00204414082691073 0.000143780998769216 0.00112652697134763
v 0.00121873593889177 -0.000290959986159578 0.000943997991271317
v 0.00387322879396379 0.00194024993106723 0.00118154194205999
v 0.00559139205142856 -3.38702993758488e-05 0.00162935198750347
v 0.00434803869575262 0.00296205189079046 0.000926913984585553
v 0.00591832306236029 5.38826025149319e-05 0.00148659897968173
v 0.00455188704654574 0.00402772380039096 0.000440096977399662
v 0.00444865180179477 0.00348800397478044 0.00068664998980239
v 0.0060173268429935 7.16299036866985e-05 0.00139403296634555
v 0.00456470204517245 0.00424665166065097 0.000288946990622208
v 0.00455886078998446 0.0041465749964118 0.000358022982254624
v 0.00456797983497381 0.00442117406055331 9.27364017115906e-05
v 0.00456762267276645 0.00436592102050781 0.000176792993443087
v 0.00456690695136786 0.00433736992999911 0.000203618998057209
v -0.00302302790805697 -0.00362342479638755 -0.0017583369044587
v 0.0025029769167304 -0.00628989888355136 0.00154596497304738
v -0.00237268186174333 -0.00866836309432983 -0.00238507892936468
v -0.00238120486028492 -0.00866597797721624 -0.00235432293266058
v -0.00300717283971608 -0.0035942189861089 -0.00162571598775685
v -0.00238770199939609 -0.00866418983787298 -0.00233071995899081
v -0.00235790014266968 -0.00862377788871527 -0.00215715100057423
v -0.00233358098194003 -0.0085907569155097 -0.00201535201631486
v -0.00284832692705095 -0.00348341395147145 -0.00131356692872941
v -0.00221365597099066 -0.00852233078330755 -0.00186139298602939
v -0.00210696388967335 -0.00846147444099188 -0.00172454095445573
v -0.00180464889854193 -0.0082889785990119 -0.00133657397236675
v -0.00151258695404977 -0.00812244415283203 -0.000961901969276369
v -0.00138342299032956 -0.00806182622909546 -0.00087169895414263
v -0.000838410982396454 -0.00780618097633123 -0.000491218990646303
v 0.000984246958978474 -0.00695115281268954 0.00078118999954313
v 0.00182229198981076 -0.00658273603767157 0.00122350396122783
v -0.00271701789461076 0.00887596607208252 0.00110560597386211
v -0.00291591789573431 0.00873601343482733 0.00113660003989935
v -0.00293195201084018 0.00875878240913153 0.0050235390663147
v -0.00476205302402377 0.00692868186160922 0.0050235390663147
v -0.00475615169852972 0.00692617800086737 0.00119733798783273
v -0.00543195009231567 0.00442868378013372 0.0050235390663147
v -0.0052705998532474 0.00568854762241244 0.000851092976517975
v -0.00532031012699008 0.00537145091220737 0.000692710978910327
v -0.00542408181354403 0.00470942165702581 0.000362116988981143
v -0.00543016102164984 0.00452739000320435 0.000204953990760259
v -0.00384634686633945 0.00808131601661444 0.00128167797811329
v -0.00468689203262329 0.00703364564105868 0.00121366896200925
v -0.00473797274753451 0.00696998788043857 0.00120955694001168
v -0.00166827393695712 0.00923585798591375 0.000812719983514398
v -0.000431973981903866 0.00942867901176214 0.0050235390663147
v -0.00135922397021204 0.00934189464896917 0.000726398953702301
v 0.00174820399843156 0.00890213157981634 -0.000373640999896452
v 0.00160861003678292 0.00899332668632269 -0.000324599997838959
v 0.00206798291765153 0.00875878240913153 0.0050235390663147
v 0.00112324894871563 0.00918060448020697 -0.000149131999933161
v -0.000431973981903866 0.00942867901176214 0.000413704983657226
v 0.00320970988832414 0.00785470008850098 -0.00143450393807143
v 0.00389814283698797 0.00692868186160922 -0.00497639086097479
v 0.00320958998054266 0.00785481836646795 -0.00143456400837749
v 0.00273478007875383 0.00827711820602417 -0.00171077193226665
v 0.00332552101463079 0.00772613193839788 -0.0012966989306733
v 0.00335478689521551 0.00769364787265658 -0.00126194895710796
v 0.00339037086814642 0.00765192462131381 -0.00117325701285154
v 0.00335895991884172 0.00768881989642978 -0.00102627195883542
v 0.00331944180652499 0.00773417856544256 -0.000983756966888905
v 0.00339448382146657 0.00764703657478094 -0.00114494492299855
v 0.00339275482110679 0.00764912273734808 -0.00110352004412562
v 0.00389814283698797 0.00692868186160922 0.0050235390663147
v 0.00338375498540699 0.00765979196876287 -0.0010706780012697
v 0.00338232493959367 0.0076614017598331 -0.00106817402411252
v 0.00330895092338324 0.00774574186652899 -0.000976564944721758
v 0.00322097493335605 0.00784271862357855 -0.000916168966796249
v 0.00309508992359042 0.0079725980758667 -0.000854939979035407
v 0.00292825582437217 0.00813120603561401 -0.000788246979936957
v 0.00203800201416016 0.00871276762336493 -0.000475474982522428
v 0.00129425490740687 0.00910818483680487 -0.0020803208462894
v 0.00138854898978025 0.00908541586250067 -0.00208026100881398
v 0.00206798291765153 0.00875878240913153 -0.00497639086097479
v 0.00204712082631886 0.00872111320495605 -0.0019325609318912
v 0.00254565384238958 0.00844532158225775 -0.0018208019901067
v 0.000532548001501709 0.0092921843752265 -0.00208121491596103
v -0.000431973981903866 0.00942867901176214 -0.00497639086097479
v 7.34319983166642e-05 0.00940304901450872 -0.00208175089210272
v -0.00290757394395769 0.00871056318283081 -0.00142383493948728
v -0.00232297088950872 0.00900506880134344 -0.00160670198965818
v -0.00293195201084018 0.00875878240913153 -0.00497639086097479
v -0.00195181299932301 0.00919204857200384 -0.00172281195409596
v -0.000431973981903866 0.00942867901176214 -0.00202715303748846
v -0.00335526396520436 0.00848501920700073 -0.00128376390784979
v -0.00476205302402377 0.00692868186160922 -0.00497639086097479
v -0.00455605890601873 0.00725561287254095 -0.000790424004662782
v -0.00476205302402377 0.00192868697922677 -0.00497639086097479
v -0.00543195009231567 0.00442868378013372 -1.94506992556853e-06
v -0.00543195009231567 0.00442868378013372 -0.00497639086097479
v -0.00543195009231567 0.00443345308303833 -1.9659300960484e-05
v -0.00543195009231567 0.00444233370944858 -3.43327010341454e-05
v -0.00543189002200961 0.00444716168567538 -4.23552010033745e-05
v -0.00543153192847967 0.00449114991351962 -8.52345983730629e-05
v -0.00542932702228427 0.00456392671912909 -0.000119917996926233
v -0.00542604876682162 0.00467085791751742 -0.000170906001585536
v -0.00541323376819491 0.00486081792041659 -0.000225046998821199
v -0.00539219286292791 0.00503945304080844 -0.000264205998973921
v -0.00537705374881625 0.00516736507415771 -0.000292256998363882
v -0.00528108980506659 0.00564759876579046 -0.000387104984838516
v -0.0052282209508121 0.00584131386131048 -0.000426482991315424
v -0.00490766670554876 0.00651586009189487 -0.000600063009187579
v -0.00472080707550049 0.00690895272418857 -0.000701224955264479
v -0.0054316520690918 0.00448280479758978 0.000166455996804871
v -0.00543195009231567 0.00442868378013372 7.26291982573457e-05
v -0.00476205302402377 0.00192868697922677 0.0050235390663147
v -0.00543195009231567 0.00442612078040838 6.34989992249757e-05
v -0.00543195009231567 0.00442236568778753 2.1308700524969e-05
v 0.00456797983497381 0.00442868378013372 0.0050235390663147
v 0.00389814283698797 0.00192868697922677 0.0050235390663147
v 0.00206798291765153 9.85563019639812e-05 0.0050235390663147
v -0.000431973981903866 -0.000571309996303171 0.0050235390663147
v -0.00293195201084018 9.85563019639812e-05 0.0050235390663147
v -0.00293195201084018 9.85563019639812e-05 -0.00497639086097479
v -0.000431973981903866 -0.000571309996303171 -0.00497639086097479
v 0.00206798291765153 9.85563019639812e-05 -0.00497639086097479
v 0.00389814283698797 0.00192868697922677 -0.00497639086097479
v 0.00456797983497381 0.00442868378013372 -0.00497639086097479
v -0.0116105005145073 0.0355547592043877 0.00449311686679721
v -0.0094025731086731 0.018825700506568 0.00293463398702443
v -0.00816798210144043 0.0134000098332763 0.00198238994926214
v -0.00819879677146673 0.0133591201156378 0.00215619802474976
v -0.0103655997663736 0.0243694707751274 0.00373113085515797
v -0.012618949636817 0.0467288382351398 0.00443762494251132
v -0.0123397102579474 0.0439256988465786 0.0045427680015564
v -0.0125757399946451 0.046727828681469 0.00449550105258822
v -0.0125917699187994 0.0467264018952847 0.00448626186698675
v -0.011555009521544 0.0355114303529263 0.00469362689182162
v -0.0115863597020507 0.0355175696313381 0.00465142680332065
v -0.0110420500859618 0.0299236103892326 0.00442469073459506
v -0.0114523703232408 0.0354772806167603 0.00475484086200595
v -0.0115120997652411 0.0355083905160427 0.00473034288734198
v -0.0109825702384114 0.0298975091427565 0.00452846195548773
v -0.0109424497932196 0.0299438200891018 0.00450956774875522
v -0.0108119798824191 0.029901260510087 0.00444775773212314
v -0.0113916303962469 0.0355119705200195 0.0047854776494205
v -0.0123034100979567 0.0439277179539204 0.00456529809162021
v -0.0120719000697136 0.0411235615611076 0.00462120678275824
v -0.0120286894962192 0.0411250479519367 0.00464707566425204
v -0.0117975398898125 0.0383180305361748 0.00469118263572454
v -0.0122526194900274 0.0439331494271755 0.00458282185718417
v -0.0124735794961452 0.0467422008514404 0.0045200577005744
v -0.0125323496758938 0.046733308583498 0.00451028300449252
v -0.0131862098351121 0.0940359830856323 0.00348210288211703
v -0.011784490197897 0.105978198349476 0.00302797486074269
v -0.011785919778049 0.1059779971838 0.00302684283815324
v -0.0128138000145555 0.0580759607255459 0.00426959898322821
v -0.0131882401183248 0.0580139085650444 0.00432252790778875
v -0.0125926695764065 0.0526580214500427 0.00438225176185369
v -0.0123991901054978 0.0467546507716179 0.00452464772388339
v -0.0119718899950385 0.0411298200488091 0.00466775801032782
v -0.00918036606162786 0.0188246890902519 0.00319319893606007
v -0.0102044902741909 0.0243049189448357 0.00407558586448431
v -0.0103000402450562 0.0243099890649319 0.00399380875751376
v -0.0102700497955084 0.0246556401252747 0.00413203192874789
v -0.0113946702331305 0.0355417095124722 0.00478726578876376
v -0.0117872301489115 0.0411503911018372 0.00465452577918768
v -0.0121821099892259 0.0467918515205383 0.00452107097953558
v -0.00940096285194159 0.0187986399978399 0.00307863880880177
v -0.0103490296751261 0.024333169683814 0.00387430097907782
v -0.00937104132026434 0.018784100189805 0.00320237781852484
v -0.00818341877311468 0.013354710303247 0.00221276190131903
v -0.00815665721893311 0.0133469700813293 0.00231122900731862
v -0.0110171400010586 0.029908949509263 0.00447952700778842
v -0.0118342004716396 0.0383202992379665 0.00465697003528476
v -0.0130341602489352 0.0523396693170071 0.00442474987357855
v -0.0130560901015997 0.0523357279598713 0.00442141201347113
v -0.0130739202722907 0.0523326881229877 0.00441694166511297
v -0.0120884701609612 0.0411239787936211 0.00460636569187045
v -0.0123233702033758 0.0439262911677361 0.00455462886020541
v -0.0125559503212571 0.0467301607131958 0.00450348807498813
v -0.0128439599648118 0.0495283603668213 0.00444584991782904
v -0.0128287002444267 0.0495302602648735 0.00445300294086337
v -0.0130877401679754 0.0523305498063564 0.00441122008487582
v -0.0129732396453619 0.0509288311004639 0.00442469073459506
v -0.0130975795909762 0.0523293018341064 0.00440430594608188
v -0.0129820099100471 0.0509280487895012 0.00441664410755038
v -0.0121017005294561 0.0411252900958061 0.00459027197211981
v -0.0123525196686387 0.0439258813858032 0.00452965404838324
v -0.0126040503382683 0.0467258021235466 0.00447583105415106
v -0.0127348797395825 0.0481262803077698 0.00445055868476629
v -0.0128554096445441 0.0495273396372795 0.00443756487220526
v -0.0128629803657532 0.0495271608233452 0.00442814780399203
v -0.0128667894750834 0.0495277605950832 0.00441759778186679
v -0.0131034795194864 0.0523288808763027 0.00439631892368197
v -0.0128672700375319 0.0495284087955952 0.00441187573596835
v -0.0131034795194864 0.0523291788995266 0.00439178897067904
v -0.0131010403856635 0.0523290000855923 0.00440049078315496
v -0.0128653002902865 0.0495273396372795 0.00442302180454135
v -0.0121181001886725 0.0411433503031731 0.00449174595996737
v -0.012121370062232 0.0411381684243679 0.00451380014419556
v -0.0123699298128486 0.0439313016831875 0.00448316289111972
v -0.012121370062232 0.0411337614059448 0.00453472090885043
v -0.0123676005750895 0.0439287386834621 0.00449985172599554
v -0.0126175796613097 0.0467270016670227 0.00445151282474399
v -0.012618719600141 0.046727828681469 0.00444471789523959
v -0.012612639926374 0.0467259809374809 0.00446426775306463
v -0.0127411996945739 0.0481266900897026 0.00443953182548285
v -0.0116140795871615 0.0355392582714558 0.00455105304718018
v -0.0116115203127265 0.0355327092111111 0.00457811309024692
v -0.012111539952457 0.0411273203790188 0.00457298709079623
v -0.0110621396452188 0.029962420463562 0.00429767277091742
v -0.0115976296365261 0.0355218015611172 0.00462835980579257
v -0.0116060301661491 0.0355268679559231 0.0046038618311286
v -0.0121181001886725 0.041130181401968 0.00455445004627109
v -0.0123618198558688 0.0439268909394741 0.00451528979465365
v -0.0117360902950168 0.105985797941685 0.00303798890672624
v -0.0117559395730495 0.105982601642609 0.00303625990636647
v -0.0116881700232625 0.105993397533894 0.00304216099902987
v -0.0117700602859259 0.105980299413204 0.00303500797599554
v -0.0117735797539353 0.105979800224304 0.00303369690664113
v -0.0117809101939201 0.105978697538376 0.00303089595399797
v -0.0117831202223897 0.105978399515152 0.00302910781465471
v -0.0138149196282029 0.0699924826622009 0.00406861305236816
v -0.0112953698262572 0.106057398021221 0.00301915383897722
v -0.0113425198942423 0.106049604713917 0.00302332593128085
v -0.0119718899950385 0.100089997053146 0.00324070383794606
v -0.0115859499201179 0.106009997427464 0.00303661799989641
v -0.0116662299260497 0.105996899306774 0.00304096890613437
v -0.0131076499819756 0.0940559506416321 0.00350731587968767
v -0.0126488199457526 0.0941188931465149 0.00346249295398593
v -0.0133038703352213 0.0700839087367058 0.00401991605758667
v -0.0133830299600959 0.0720226690173149 0.00397962285205722
v -0.0130872698500752 0.0821058675646782 0.00375032378360629
v -0.0127649297937751 0.0930948182940483 0.00350052095018327
v -0.00819152500480413 0.0133570395410061 0.00218289997428656
v -0.0098640313372016 0.114888101816177 0.00238770199939609
v -0.000991035951301455 0.133263900876045 0.000359553989255801
v 0.000137593000545166 0.133210495114326 0.000222867995034903
v -0.00178593292366713 0.132915899157524 0.000486139993881807
v -0.00308018899522722 0.132506102323532 0.000649733003228903
v -0.00391441490501165 0.131802603602409 0.000774421961978078
v -0.00342863681726158 0.132362201809883 0.000698898977134377
v -0.00716400099918246 0.125922605395317 0.00147145893424749
v -0.00775849772617221 0.123734503984451 0.00166165793780237
v -0.00731998588889837 0.125556096434593 0.00151246692985296
v -0.0108883902430534 0.110444098711014 0.00272416998632252
v -0.0105325495824218 0.11221220344305 0.00260537792928517
v -0.00988900568336248 0.114885203540325 0.00238645006902516
v -0.00697970297187567 0.115004599094391 0.00195384002290666
v 0.000162547992658801 0.115264400839806 0.00075397698674351
v -0.000233993996516801 0.107897102832794 0.000974385999143124
v -0.0018215769669041 0.107633098959923 0.0012637369800359
v -0.00346124079078436 0.129456400871277 0.000800385954789817
v 0.00122797396034002 0.1279217004776 0.000258071988355368
v -0.0042889709584415 0.127528101205826 0.000987589010037482
v 0.00102519895881414 0.126191005110741 0.000343305000569671
v -0.00534445000812411 0.123410902917385 0.00137430394534022
v -0.00536763574928045 0.130082204937935 0.00100481498520821
v -0.00465768482536077 0.130946397781372 0.000889973947778344
v -0.00538796093314886 0.130088806152344 0.00100564898457378
v -0.00502884294837713 0.130518898367882 0.00094767299015075
v -0.00539088202640414 0.130089402198792 0.00100505293812603
v -0.00538045074790716 0.130113795399666 0.00100231100805104
v -0.00627684500068426 0.128007397055626 0.00123810698278248
v -0.00528377201408148 0.130054801702499 0.000998147996142507
v -0.00493013765662909 0.129938796162605 0.000962738995440304
v -0.00359642482362688 0.13170650601387 0.0007471619755961
v -0.00121951091568917 0.133274704217911 0.000387229985790327
v -0.00203907396644354 0.13293619453907 0.000502850976772606
v -0.00583237363025546 0.129051804542542 0.00112116301897913
v 0.00248616887256503 0.132975205779076 -3.54494004568551e-05
v 0.00126796890981495 0.133157104253769 8.59662031871267e-05
v 0.00214749504812062 0.133115500211716 -2.05478008865612e-05
v 0.00238591386005282 0.13304790854454 -3.26260997098871e-05
v 0.00456797983497381 0.132428705692291 -0.000143170997034758
v 0.00347995688207448 0.132737398147583 -8.80513980519027e-05
v -0.00975430011749268 0.114901997148991 0.00239467597566545
v -0.0088237514719367 0.119310103356838 0.00202405382879078
v -0.00765573885291815 0.123727902770042 0.0016892550047487
v -0.00921577215194702 0.114921800792217 0.00231343484483659
v -0.00592225696891546 0.127944394946098 0.0011810059659183
v -0.00720721390098333 0.123666502535343 0.00163173594046384
v 0.00396811868995428 0.132180407643318 -0.000145525991683826
v 0.00282448483631015 0.13279590010643 -6.76186973578297e-05
v 0.00387364579364657 0.132103905081749 -0.000133567999000661
v 0.00100690091494471 0.132822901010513 0.000138421994051896
v 0.00315225101076066 0.131520301103592 -4.22588018409442e-05
v -0.000806400028523058 0.132408395409584 0.0003905379853677
v 0.00237256195396185 0.130889400839806 5.64311994821765e-05
v -0.00234013702720404 0.131181195378304 0.000615474011283368
v 0.00178122497163713 0.129456207156181 0.000156497000716627
v 0.0012596839806065 0.128192201256752 0.000244747003307566
v 0.000517400971148163 0.121857203543186 0.00055673997849226
v 0.000603794003836811 0.122594401240349 0.000520429981406778
v -0.00285261799581349 0.0106988502666354 -0.00151419593021274
v 0.00277304602786899 0.0100404005497694 -0.00151824892964214
v 0.002773760817945 0.0100374799221754 -0.00151783192995936
v 0.00265729404054582 0.010002669878304 -0.00171834195498377
v -0.00621265079826117 0.00658404780551791 0.000468792975880206
v -0.00694602681323886 0.00882422830909491 0.0010413519339636
v -0.00678717996925116 0.00893503334373236 0.000729247985873371
v -0.00696188164874911 0.00879502203315496 0.00117397296708077
v -0.0060350289568305 0.00668489886447787 0.000182844989467412
v -0.00592958880588412 0.00936907436698675 -3.74145020032302e-05
v 0.000488771998789161 0.0119923297315836 -0.00227510882541537
v 0.00226998282596469 0.00990068912506104 -0.00197613192722201
v 0.00165241898503155 0.0123844100162387 -0.00221311999484897
v 0.00116366101428866 0.00953072309494019 -0.00212520291097462
v 0.00257039000280201 0.00998490955680609 -0.00181442394386977
v 0.00197935104370117 0.0124721499159932 -0.00207030703313649
v 0.00207829405553639 0.0124898497015238 -0.00197780085727572
v 0.00213921000249684 0.0124925896525383 -0.00187241996172816
v 0.000904223998077214 0.0173799302428961 -0.00275856186635792
v 0.00106930697802454 0.0174360200762749 -0.0027505150064826
v 0.000176264991750941 0.017132580280304 -0.00279402686282992
v -0.00332277989946306 0.0157266203314066 -0.00171053397934884
v -0.00262540485709906 0.0160210095345974 -0.00200855685397983
v -0.00036998899304308 0.01691585034132 -0.00264090183191001
v -0.00693899299949408 0.00878435280174017 0.00128984393086284
v -0.00693839695304632 0.00878262519836426 0.00128930795472115
v -0.00694894697517157 0.00881308317184448 0.00129783095326275
v 0.00141698098741472 0.0175253693014383 -0.00256734993308783
v 0.00148188997991383 0.0175333004444838 -0.00248253298923373
v 0.00213044788688421 0.0125263901427388 -0.00187730696052313
v 0.00112450099550188 0.0174548011273146 -0.00274783303029835
v 0.00138652301393449 0.0175216104835272 -0.00260704685933888
v 0.00140100694261491 0.0175234004855156 -0.00258815195411444
v 0.00213873293250799 0.0124944997951388 -0.00187271798495203
v -0.00030354899354279 0.0962355062365532 0.000894643948413432
v -0.00132810999639332 0.044129490852356 -0.00114941492211074
v -0.0019437070004642 0.0386733412742615 -0.00179511297028512
v -0.000337087985826656 0.0610543377697468 0.000226766991545446
v -0.000707814004272223 0.0496277809143066 -0.000498747976962477
v -0.000448547973064706 0.0552732907235622 -8.83625034475699e-05
v -0.000526395975612104 0.0512358509004116 -0.00030844600405544
v -0.00340288784354925 0.0275733396410942 -0.00274604489095509
v -0.00358659005723894 0.0252296905964613 -0.00282984902150929
v -0.00352936889976263 0.0246420502662659 -0.00277763581834733
v -0.00317347003147006 0.0305001102387905 -0.00264143897220492
v -0.00309109594672918 0.0315513610839844 -0.00260388781316578
v -0.0028001070022583 0.0332635603845119 -0.00241094804368913
v -0.00206798291765153 0.0375714302062988 -0.00192552793305367
v -0.000373499002307653 0.0845081210136414 0.000814450962934643
v -0.00324731995351613 0.0217451397329569 -0.00252008391544223
v -0.00278508593328297 0.0169966798275709 -0.0020980229601264
v -0.000242975991568528 0.0659355521202087 0.000492843973916024
v -0.000294197991024703 0.0727708265185356 0.000613774987868965
v -0.000377335993107408 0.0838648602366447 0.000810051977168769
v 0.0105323102325201 0.109681501984596 -0.000771752966102213
v 0.01087677013129 0.109738700091839 -0.000828857999294996
v 0.0114355599507689 0.10404360294342 -0.00102245796006173
v 0.000917880970519036 0.0318382307887077 -0.00485545303672552
v 0.000231093988986686 0.0289197489619255 -0.00483429385349154
v -7.11203974788077e-05 0.0259397011250257 -0.00453519774600863
v 0.00183749094139785 0.034605260938406 -0.00467884493991733
v 0.00350588490255177 0.0400937683880329 -0.00411856081336737
v 0.00897330045700073 0.0517774187028408 -0.00355887389741838
v 0.00630414392799139 0.051191620528698 -0.00277054286561906
v 0.0100958896800876 0.0576082989573479 -0.00300139095634222
v 0.00713264895603061 0.0569500289857388 -0.00215428997762501
v 0.0107353301718831 0.063585989177227 -0.00254917098209262
v 0.00759571697562933 0.062863402068615 -0.00171428895555437
v 0.00780200865119696 0.0686370059847832 -0.00143343198578805
v 0.00503343297168612 0.0456020794808865 -0.00345367100089788
v 0.00734329177066684 0.046116940677166 -0.00414925767108798
v 0.00812345650047064 0.0462758503854275 -0.00432175304740667
v 0.00610238267108798 0.0406597815454006 -0.00480723287910223
v 0.00858348608016968 0.0463827215135098 -0.00437521887943149
v 0.0104111395776272 0.0521333813667297 -0.00392806483432651
v 0.0111154299229383 0.0543494783341885 -0.00375574780628085
v 0.00112289097160101 0.0263050701469183 -0.00477272178977728
v 0.00155007792636752 0.0292822699993849 -0.00517052365466952
v 0.00238412595354021 0.0321896597743034 -0.00527322199195623
v 0.00346416188403964 0.0349732600152493 -0.00515455007553101
v 0.00545811606571078 0.0405383110046387 -0.00470530893653631
v 0.00150448002386838 0.0263932291418314 -0.00472259474918246
v 0.00197738385759294 0.0293644592165947 -0.00515359593555331
v 0.00286149885505438 0.0322633311152458 -0.00528812361881137
v 0.00399434473365545 0.0350551605224609 -0.00519555807113647
v 0.00213205791078508 0.029382050037384 -0.00510400487110019
v 0.00184661091770977 0.0264179091900587 -0.0044980039820075
v 0.0016410939861089 0.0264148693531752 -0.00466078473255038
v 0.00159299292135984 0.0248956009745598 -0.00425797700881958
v 0.00140589394140989 0.0234500095248222 -0.00400567008182406
v 0.00157129694707692 0.023459430783987 -0.0039116139523685
v 0.00128698290791363 0.0234274789690971 -0.00407660007476807
v 0.00094852497568354 0.0233395602554083 -0.00415575504302979
v 0.00418645096942782 0.0350715480744839 -0.00517076207324862
v 0.00324285007081926 0.0322433710098267 -0.00510746194049716
v 0.00303470995277166 0.0322759710252285 -0.00525164604187012
v 0.00249916291795671 0.0303349401801825 -0.00511562777683139
v 0.00234013702720404 0.0293802004307508 -0.00496506597846746
v 0.00820755865424871 0.0452000387012959 -0.00446718884631991
v 0.00650054169818759 0.0407184883952141 -0.00475955009460449
v 0.00633728504180908 0.0406953021883965 -0.00481235887855291
v 0.00455313874408603 0.0356058403849602 -0.005093096755445
v 0.00434356881305575 0.035067968070507 -0.00509536173194647
v 0.00696623278781772 0.103291198611259 -0.000209128993446939
v 0.00656205369159579 0.109022900462151 -0.000113597998279147
v 0.00795602705329657 0.109254203736782 -0.000344676984241232
v 0.0126072699204087 0.0869067907333374 -0.00172442093025893
v 0.0127471601590514 0.0843447372317314 -0.00183766998816282
v 0.00756168272346258 0.085975170135498 -0.000718995986972004
v 0.0129813496023417 0.076776921749115 -0.00224625994451344
v 0.00781613495200872 0.0744185373187065 -0.00117206491995603
v 0.0129466596990824 0.0754673406481743 -0.00232881284318864
v 0.0119825601577759 0.0983438417315483 -0.00121909298468381
v 0.00717258360236883 0.0975242778658867 -0.000349352980265394
v 0.0119671197608113 0.0986264273524284 -0.00120663596317172
v -0.000133164998260327 0.022983780130744 -0.00401908066123724
v 0.0127952005714178 0.0697440505027771 -0.00268971896730363
v 0.0126479202881455 0.0641795322299004 -0.00304061081260443
v 0.012623249553144 0.0640211701393127 -0.00305211497470737
v 0.0116880498826504 0.0580224879086018 -0.00348853995092213
v 0.00151723599992692 0.0175233390182257 -0.00235432293266058
v 0.00152373290620744 0.0175215601921082 -0.00233071995899081
v 0.00214326288551092 0.0124515201896429 -0.00162571598775685
v 0.00268971896730363 0.00997155904769897 -0.0013772239908576
v 0.00198441697284579 0.0123407198116183 -0.00131356692872941
v 0.00162947096396238 0.00947040319442749 -0.000424945988925174
v 0.00251215603202581 0.00987070705741644 -0.0010912410216406
v 0.0027158260345459 0.00999754574149847 -0.00150263297837228
v 0.00112682499457151 0.0119066201150417 -0.000546841009054333
v -0.00195014395285398 0.0105767799541354 0.000930182985030115
v -0.00529163982719183 0.00928324367851019 0.00169128098059446
v -0.00645530177280307 0.00889116432517767 0.00162935198750347
v -0.0067822327837348 0.00880342628806829 0.00148659897968173
v -0.0068812370300293 0.0087856650352478 0.00139403296634555
v -0.0080341100692749 0.0133640700951219 0.002458750968799
v 0.00215905904769897 0.0124807301908731 -0.0017583369044587
v -0.0077059855684638 0.0134535999968648 0.00260162283666432
v -0.00598132563754916 0.0140771195292473 0.00246864487417042
v -0.00629001762717962 0.0139655396342278 0.00249248696491122
v -0.00687312986701727 0.0137547198683023 0.00253742886707187
v -0.00758272362872958 0.0134981796145439 0.00259214593097568
v -0.0040801758877933 0.0148463202640414 0.00184965098742396
v -0.00336688687093556 0.0151472594588995 0.00154596497304738
v 0.00150877190753818 0.0175257306545973 -0.00238507892936468
v 0.000940708967391402 0.0171463396400213 -0.00133657397236675
v 0.000648694986011833 0.0169798098504543 -0.000961901969276369
v 0.00124299491290003 0.0173188392072916 -0.00172454095445573
v 0.00149393000174314 0.0174811407923698 -0.00215715100057423
v 0.00146961200516671 0.0174480602145195 -0.00201535201631486
v 0.00134968699421734 0.0173796992748976 -0.00186139298602939
v 0.000519483000971377 0.0169191900640726 -0.00087169895414263
v -0.00808912515640259 0.0133563801646233 0.00239259004592896
v -0.00807195901870728 0.0133587699383497 0.0024132130201906
v -2.55377999565098e-05 0.0166635494679213 -0.000491218990646303
v -0.00184816098771989 0.0158085189759731 0.00078118999954313
v -0.00268626189790666 0.0154400998726487 0.00122350396122783
v 0.00309890485368669 0.10844100266695 0.00075234699761495
v 0.00798439886420965 0.109254099428654 -0.000163949996931478
v 0.00650531006976962 0.121792703866959 -7.58305977797136e-05
v 0.0108349900692701 0.109729997813702 -0.000752203981392086
v 0.0111016603186727 0.109774798154831 -0.000821132969576865
v 0.00880229379981756 0.121474198997021 -0.000487836980028078
v 0.0066487779840827 0.12849560379982 -0.000306222995277494
v 0.00602000905200839 0.129841208457947 -0.000260055006947368
v 0.00726932194083929 0.127166494727135 -0.000337835983373225
v 0.00812482740730047 0.124309703707695 -0.000447037979029119
v 0.00737774278968573 0.126935601234436 -0.000359750993084162
v 0.00727730896323919 0.127150505781174 -0.00035237698466517
v 0.00386619498021901 0.132117494940758 -8.5552703239955e-05
v 0.00282609392888844 0.132796496152878 -3.92622023355216e-05
v 0.00249791098758578 0.13301020860672 -3.46587003150489e-05
v -0.00538921263068914 0.130088895559311 0.00100743700750172
v -0.0069560999982059 0.115005701780319 0.00211656000465155
v 0.00015702800010331 0.115269400179386 0.00107127393130213
v 0.000596775964368135 0.122604303061962 0.000774490996263921
v -0.0077604646794498 0.123742699623108 0.00171494390815496
v -0.00773882772773504 0.123786404728889 0.00165623391512781
v -0.0098797669634223 0.114897400140762 0.00242829299531877
v -0.00974941160529852 0.114902198314667 0.00242972304113209
v -0.000176862988155335 0.107897102832794 0.00132220902014524
v -0.00695264292880893 0.106774002313614 0.00242489483207464
v -0.0083701005205512 0.106540098786354 0.00261884881183505
v -0.0109599195420742 0.106112703680992 0.00297319795936346
v -0.00765216257423162 0.123728603124619 0.00171863997820765
v -0.0053272838704288 0.123413801193237 0.00151085795368999
v -0.00719946576282382 0.123667903244495 0.00169479800388217
v -0.00920510198920965 0.114922404289246 0.00238853599876165
v 0.00310254003852606 0.131596207618713 5.09908022650052e-05
v -0.0042756786569953 0.127531006932259 0.00110989797394723
v 0.00091771298320964 0.126211300492287 0.00056824495550245
v -0.00345003581605852 0.12945830821991 0.000912579998839647
v 0.00122010696213692 0.127928003668785 0.000463630974991247
v -0.00233065988868475 0.131182998418808 0.000714241992682219
v 0.00166332698427141 0.129516303539276 0.000354693998815492
v -0.000798635999672115 0.132411003112793 0.000470448983833194
v -0.00583225395530462 0.129051804542542 0.00112140097189695
v -0.00538742495700717 0.130088895559311 0.00101131200790405
v -0.00536650372669101 0.13008239865303 0.00101643800735474
v -0.00359213282354176 0.131707400083542 0.000792748003732413
v -0.00492507172748446 0.129939705133438 0.00101447093766183
v -0.00528144789859653 0.130055204033852 0.00102227891329676
v -0.00591629697009921 0.127945795655251 0.00123745191376656
v -0.00178247597068548 0.132917195558548 0.000523020979017019
v 0.00531852198764682 0.131147503852844 -0.000204694995773025
v 0.00576877500861883 0.130378797650337 -0.00024160799512174
v 0.00690013077110052 0.127323001623154 -0.000261185981798917
v 0.00584357883781195 0.129977405071259 -0.000216679996810853
v 0.00542354490607977 0.129190400242805 -0.000108569998701569
v 0.00518858386203647 0.130365595221519 -0.000137798997457139
v 0.00490474700927734 0.131438106298447 -0.000155518995597959
v 0.00892996694892645 0.121455699205399 -0.00053216697415337
v 0.00893563032150269 0.121454805135727 -0.000537359970621765
v 0.0089371195062995 0.121454402804375 -0.000541951972991228
v 0.0101392799988389 0.115635201334953 -0.000730672967620194
v 0.0113398395478725 0.109815798699856 -0.000913248979486525
v 0.0113402595743537 0.109815903007984 -0.000914302945602685
v 0.0113414498046041 0.109816201031208 -0.000917439989279956
v 0.0113413901999593 0.109816201031208 -0.000919383950531483
v 0.0113395396620035 0.109815701842308 -0.000912973948288709
v 0.0113351903855801 0.109815001487732 -0.000908840971533209
v 0.0113303596153855 0.10981409996748 -0.000904204964172095
v 0.00890564918518066 0.121459402143955 -0.000519940978847444
v 0.0112741496413946 0.109804198145866 -0.000876881997101009
v 0.011313789524138 0.10981110483408 -0.000896144949365407
v 0.00600016070529819 0.129883795976639 -0.000243875998421572
v 0.00719934701919556 0.127196505665779 -0.000317706988425925
v 0.00917678978294134 0.109452500939369 -0.000387581996619701
v 0.0105457296594977 0.109681397676468 -0.000684777973219752
v 0.00835943222045898 0.121536299586296 -0.000391597975976765
v 0.0107234101742506 0.109711199998856 -0.000723354984074831
v 0.00609892560169101 0.124889701604843 -7.54767024773173e-05
v 0.00564873171970248 0.127848595380783 -8.72774980962276e-05
v 0.00231599784456193 0.130801603198051 0.00021428799664136
v 0.00101190793793648 0.13282510638237 0.000193664993275888
v 0.00143915391527116 0.108165301382542 0.001043975003995
v 0.00490313675254583 0.131437405943871 -0.000183874988579191
v 0.00893491506576538 0.121454700827599 -0.000541201967280358
v 0.00563925504684448 0.12784680724144 -0.000186045988812111
v 0.00879871752113104 0.121473602950573 -0.000517234962899238
v 0.00835168268531561 0.121534802019596 -0.000454632972832769
v 0.00689589884132147 0.127322107553482 -0.0003067719808314
v 0.0113404300063848 0.109815999865532 -0.000918379984796047
v 0.0113388197496533 0.109815701842308 -0.000917681958526373
v 0.0113379899412394 0.10981560498476 -0.000917299999855459
v 0.0113303596153855 0.109814301133156 -0.000915676995646209
v 0.0113147394731641 0.109811700880527 -0.000912347983103245
v 0.00890398025512695 0.121459104120731 -0.000534045975655317
v 0.0112954303622246 0.109808504581451 -0.000908239977434278
v 0.0112309399992228 0.109797701239586 -0.000894496974069625
v 0.00648808386176825 0.121789798140526 -0.000212387996725738
v 0.0060856337659061 0.124886900186539 -0.000197795990970917
v 0.00739115383476019 0.126898095011711 -0.000360132980858907
v 0.00742441369220614 0.126811295747757 -0.000362865976057947
v 0.00755411293357611 0.126463398337364 -0.000373877992387861
v 0.00779837276786566 0.125761896371841 -0.000396372983232141
v 0.00735759688541293 0.126984596252441 -0.000357407989213243
v 0.00736600067466497 0.126963004469872 -0.000358088000211865
v 0.00812369491904974 0.124309398233891 -0.000446967984316871
v 0.00892913248389959 0.121455602347851 -0.000539066968485713
v 0.00728541566058993 0.127159103751183 -0.000350924994563684
v 0.00726842787116766 0.127166301012039 -0.000348036002833396
v 0.00613272096961737 0.129689902067184 -0.00026782599161379
v 0.00609016371890903 0.129772394895554 -0.000264770991634578
v 0.00601816084235907 0.129840105772018 -0.000259802996879444
v 0.00605809595435858 0.129834100604057 -0.000262461981037632
v 0.00606882479041815 0.129813596606255 -0.000263232999714091
v 0.00621706200763583 0.129524499177933 -0.000273862999165431
v 0.00638294173404574 0.12919220328331 -0.000285658985376358
v 0.00584131386131048 0.12997630238533 -0.000242174995946698
v 0.00719738006591797 0.127196103334427 -0.000338964979164302
v 0.0111840302124619 0.109789803624153 -0.000884501961991191
v 0.00541573669761419 0.129187807440758 -0.000188480989891104
v 0.0073744049295783 0.126941308379173 -0.000358769990270957
v 0.00737023260444403 0.126952201128006 -0.000358428980689496
v 0.00670260097831488 0.128521904349327 -0.000308365997625515
v 0.00728309061378241 0.127156898379326 -0.000351283000782132
v 0.0113350702449679 0.10981509834528 -0.000916679971851408
v 0.00518357707187533 0.130363404750824 -0.000193041996681131
v 0.00605273200199008 0.129844397306442 -0.000262074987404048
v 0.0111503601074219 0.109784200787544 -0.000878410006407648
v -0.011019759811461 0.0585067793726921 0.0038830628618598
v -0.00787842180579901 0.0592290088534355 0.00311040785163641
v -0.0081710210070014 0.0711315795779228 0.00304025388322771
v -0.00438916590064764 0.0205072704702616 0.00194805790670216
v -0.00452190591022372 0.022938959300518 0.00199031783267856
v -0.0082095256075263 0.0247608404606581 0.00391197204589844
v -0.0042671556584537 0.0260679107159376 0.00198268797248602
v -0.00382339884527028 0.0315175615251064 0.00196933699771762
v -0.00839006900787354 0.0303450189530849 0.00420510675758123
v -0.00379854394122958 0.0316798612475395 0.00196307804435492
v -0.00837397482246161 0.0361257679760456 0.00417828466743231
v -0.00290369894355536 0.0375260710716248 0.00173586595337838
v -0.0018576969159767 0.0443595610558987 0.00147038593422621
v -0.00796812679618597 0.0476928278803825 0.00348180485889316
v -0.00117534294258803 0.0492809414863586 0.00124847795814276
v -0.00782722141593695 0.0534759685397148 0.00321066286414862
v -0.000360209989594296 0.0551600381731987 0.00098339794203639
v -0.000327752000885084 0.055394109338522 0.000972842972259969
v -0.0106397196650505 0.0471098385751247 0.00422132015228271
v -0.0103251300752163 0.0356854200363159 0.00473832990974188
v -0.0105445301160216 0.0299006104469299 0.00469535496085882
v -0.0107381902635098 0.0298847500234842 0.00466579105705023
v -0.0101032201200724 0.0243025999516249 0.00416558887809515
v -0.0091100325807929 0.018813069909811 0.00346654583700001
v -0.0095217814669013 0.0244015399366617 0.00423818780109286
v -0.009948312304914 0.0243200603872538 0.00421702768653631
v -0.00922834780067205 0.0187906604260206 0.00339531782083213
v -0.0100128594785929 0.0299810692667961 0.00466376496478915
v -0.0109731499105692 0.0355655513703823 0.00482338573783636
v -0.0112107899039984 0.0355307385325432 0.00481957104057074
v -0.00749146891757846 0.100877702236176 0.00263261701911688
v -0.00785410404205322 0.0949432179331779 0.00274693896062672
v -0.00816953089088202 0.0830440521240234 0.00288790394552052
v -0.00770044280216098 0.0192525889724493 0.00341510679572821
v -0.00877374410629272 0.0189002100378275 0.00354683282785118
v -0.000254520011367276 0.100979901850224 0.00139921891968697
v -0.000223443988943473 0.0962299108505249 0.00136256194673479
v -0.000146758990013041 0.0845084711909294 0.00127214100211859
v -6.99954034644179e-05 0.0727753043174744 0.00118160201236606
v -3.70787020074204e-05 0.0677439495921135 0.00114279892295599
v -0.000194717998965643 0.061046302318573 0.00105059100314975
v -0.00419205380603671 -0.0879952907562256 0.000664968974888325
v 0.00205176998861134 -0.0124146901071072 0.00105756497941911
v -0.00407713605090976 -0.0938056111335754 0.000708780018612742
v 0.00204741884954274 -0.0123038198798895 0.00106072402559221
v -0.00470673991367221 -0.0597264692187309 0.000143614000990056
v -0.00461816694587469 -0.0647130012512207 0.000250623997999355
v -0.00441116001456976 -0.076358787715435 0.000500541995279491
v -0.00431323004886508 -0.0818679258227348 0.000618766993284225
v 0.00157976092305034 -0.0179067198187113 0.000826195988338441
v 0.00135528994724154 -0.0205183606594801 0.000716143986210227
v 0.000713726971298456 -0.0234942398965359 0.000623059982899576
v -0.000547025993000716 -0.0293422304093838 0.000440138974227011
v -0.0030260079074651 -0.0408410988748074 8.04638984845951e-05
v -0.00307464483194053 -0.0411546789109707 7.17281000106595e-05
v -0.00400108005851507 -0.0471276603639126 -9.46657019085251e-05
v -0.0043722977861762 -0.0495212599635124 -0.000161345989909023
v -0.00448852684348822 -0.0530677400529385 -5.53671015950385e-05
v -0.00467926170676947 -0.0588868781924248 0.000118523996206932
v -0.00195264793001115 -0.0142048494890332 -0.00248861289583147
v -0.0137189002707601 -0.0838629007339478 -0.00156396592501551
v -0.0133277699351311 -0.0895731374621391 -0.00133830297272652
v -0.0133572798222303 -0.0895736813545227 -0.00131523597519845
v -0.0129197798669338 -0.0952781364321709 -0.00108379102312028
v -0.0128231002017856 -0.0952611491084099 -0.00104409398045391
v -0.0132396798580885 -0.0895510911941528 -0.00125133898109198
v -0.0124078895896673 -0.0951902791857719 -0.000924449996091425
v -0.0138825699687004 -0.0535279512405396 -0.00331711699254811
v -0.013895089738071 -0.0537766814231873 -0.00330060697160661
v -0.0136491600424051 -0.0522632002830505 -0.00339335179887712
v -0.0139710297808051 -0.0552921779453754 -0.00320005393587053
v -0.0116761298850179 -0.0433319807052612 -0.00391298485919833
v -0.0121628595516086 -0.0447828695178032 -0.00383812095969915
v -0.0123885199427605 -0.0455095693469048 -0.00375878787599504
v -0.0123972203582525 -0.0454813800752163 -0.00380206084810197
v -0.0125406300649047 -0.0462582111358643 -0.00375521089881659
v -0.0130994897335768 -0.049197968095541 -0.00345486379228532
v -0.0133723597973585 -0.0507637187838554 -0.00348371197469532
v -0.0138755403459072 -0.0552648305892944 -0.00314038898795843
v -0.0135105801746249 -0.0515124686062336 -0.00343859079293907
v -0.0135797802358866 -0.051887508481741 -0.00341600086539984
v -0.0128179099410772 -0.047760121524334 -0.0036647308152169
v -0.0130953695625067 -0.0492633506655693 -0.00357413198798895
v -0.0117291798815131 -0.0432762987911701 -0.00383698893710971
v -0.00972884800285101 -0.0375279113650322 -0.00421249773353338
v -0.0097116818651557 -0.0374763607978821 -0.00409382488578558
v -0.00934153702110052 -0.0363735482096672 -0.004272042773664
v -0.00749826384708285 -0.0317444205284119 -0.00431185867637396
v -0.00756829883903265 -0.0317963287234306 -0.0044575328938663
v -0.0055610528215766 -0.02661526016891 -0.00466745998710394
v -0.00425058603286743 -0.0232457499951124 -0.00462382985278964
v -0.00535476207733154 -0.0260847806930542 -0.00466060591861606
v -0.00516617204993963 -0.0259308200329542 -0.00427067186683416
v -0.00737309362739325 -0.0316752679646015 -0.00411921693012118
v -0.00958621501922607 -0.0374241396784782 -0.00394207192584872
v -0.0116129498928785 -0.0432386286556721 -0.00372695899568498
v -0.00277191400527954 -0.0200420599430799 -0.00353729701600969
v -0.00224566389806569 -0.0171345397830009 -0.00308948685415089
v -0.00280773593112826 -0.0174651090055704 -0.00397235108539462
v -0.0024847979657352 -0.0145158097147942 -0.00339394784532487
v -0.00225722696632147 -0.0143918301910162 -0.00298011302947998
v -0.00251621007919312 -0.0157470107078552 -0.00368040800094604
v -0.00330668594688177 -0.020406000316143 -0.00447213603183627
v -0.00343090179376304 -0.0211380105465651 -0.00459653092548251
v -0.00366783095523715 -0.0228800103068352 -0.00374048878438771
v -0.00308716180734336 -0.0301784202456474 -0.000857812003232539
v -0.00936543848365545 -0.0426555201411247 -0.00251853396184742
v -0.00651782704517245 -0.0419639907777309 -0.00128787697758526
v -0.0108123999089003 -0.048652820289135 -0.00247257901355624
v -0.000931911985389888 -0.0136706801131368 -0.00132363999728113
v -0.00118803896475583 -0.0165695492178202 -0.00181019294541329
v -0.0016545649850741 -0.019438499584794 -0.00218695402145386
v -0.0024477238766849 -0.0222457591444254 -0.00236725783906877
v -0.0034421079326421 -0.0250843092799187 -0.00237685395404696
v -0.00539475586265326 -0.0309242606163025 -0.00238305283710361
v -0.0106338802725077 -0.0948917791247368 -0.000519803958013654
v -0.0115349199622869 -0.0776767730712891 -0.00107926095370203
v -0.0118921296671033 -0.0661913082003593 -0.00158596003893763
v -0.0118740200996399 -0.0604423210024834 -0.00189125491306186
v -0.0109646301716566 -0.089155912399292 -0.000681469973642379
v -0.0129398703575134 -0.095282606780529 -0.00110417592804879
v -0.0129367103800178 -0.0952830910682678 -0.00111263897269964
v -0.0129076195880771 -0.0957083702087402 -0.00109583092853427
v -0.0129422498866916 -0.0952823683619499 -0.0010988109279424
v -0.0133630596101284 -0.0895738005638123 -0.00131076492834836
v -0.0139523101970553 -0.0781487822532654 -0.00185972393956035
v -0.013843709602952 -0.0810061022639275 -0.00170820893254131
v -0.0140362298116088 -0.0781490802764893 -0.00181573594454676
v -0.0137553801760077 -0.0833301469683647 -0.00158500589895993
v -0.0137221794575453 -0.0838626623153687 -0.00155484594870359
v -0.0128084998577833 -0.0894751474261284 -0.00112128199543804
v -0.0134659996256232 -0.078038327395916 -0.00159031094517559
v -0.0133398696780205 -0.0895693302154541 -0.00129443395417184
v -0.0139163099229336 -0.0781238600611687 -0.00174194492865354
v -0.0138543201610446 -0.0665960907936096 -0.0021786680445075
v -0.0140442196279764 -0.0781491324305534 -0.00181156292092055
v -0.0140204401686788 -0.0781441926956177 -0.00179237092379481
v -0.0144147202372551 -0.0667140409350395 -0.00241160299628973
v -0.0143101802095771 -0.0666915103793144 -0.00235372688621283
v -0.0141706401482224 -0.0609815679490566 -0.00276327086612582
v -0.0144516201689839 -0.0638597011566162 -0.00262355781160295
v -0.0144543601199985 -0.0649398490786552 -0.00256001902744174
v -0.0144300395622849 -0.0667195320129395 -0.00243842601776123
v -0.014386709779501 -0.0667197704315186 -0.0024656648747623
v -0.014438210055232 -0.0667194724082947 -0.00243353797122836
v -0.0142574300989509 -0.0610085092484951 -0.00282084895297885
v -0.013819569721818 -0.0608687400817871 -0.00252419686876237
v -0.0135016394779086 -0.055147759616375 -0.00290048099122941
v -0.0126615697517991 -0.0490894913673401 -0.00322699500247836
v -0.0111641194671392 -0.0431130491197109 -0.00342762400396168
v -0.00913762953132391 -0.0372698903083801 -0.0035537478979677
v -0.00478923274204135 -0.0257073007524014 -0.00373911787755787
v -0.0069471001625061 -0.0314875207841396 -0.00364536000415683
v -0.0116049600765109 -0.0546992383897305 -0.00223117996938527
v -0.0132442098110914 -0.0895540714263916 -0.00129443395417184
v -0.0139135699719191 -0.0781267210841179 -0.00179672194644809
v -0.0137146702036262 -0.0838617607951164 -0.00155848194845021
v -0.00244420696981251 -0.014558189548552 -0.00355052901431918
v -0.00869232416152954 -0.0346778593957424 -0.00443988991901278
v -0.00758892158046365 -0.0318305380642414 -0.00458347704261541
v -0.00758248474448919 -0.0318426415324211 -0.00463050603866577
v -0.0117730395868421 -0.0433046780526638 -0.00393688585609198
v -0.0108265802264214 -0.0404002591967583 -0.00411766674369574
v -0.0108285499736667 -0.0403993092477322 -0.00411230279132724
v -0.00978696253150702 -0.0375270806252956 -0.00427049305289984
v -0.0121913496404886 -0.0447713695466518 -0.00386321498081088
v -0.0122004700824618 -0.0447718501091003 -0.00385940005071461
v -0.011757729575038 -0.0433031879365444 -0.00395625783130527
v -0.0117428302764893 -0.0433018207550049 -0.00395989371463656
v -0.0121620194986463 -0.0447679087519646 -0.00386744691058993
v -0.0108154397457838 -0.0404018685221672 -0.00413209106773138
v -0.0108237201347947 -0.0404009781777859 -0.00412279274314642
v -0.009784578345716 -0.0375304184854031 -0.00428593065589666
v -0.00857931282371283 -0.034692220389843 -0.0045602316968143
v -0.00749439001083374 -0.0318607017397881 -0.00474131107330322
v -0.00744235469028354 -0.0318605788052082 -0.00476789381355047
v -0.0107216201722622 -0.0403943583369255 -0.00416153576225042
v -0.0116459699347615 -0.0432878695428371 -0.00396275473758578
v -0.0117019396275282 -0.0432965084910393 -0.0039637079462409
v -0.00957983639091253 -0.0375206992030144 -0.00437527801841497
v -0.0115746799856424 -0.0432757697999477 -0.00395703269168735
v -0.00964730884879827 -0.0375289879739285 -0.00436711264774203
v -0.0124914599582553 -0.0462364479899406 -0.00376951578073204
v -0.00524699594825506 -0.0262104198336601 -0.00508368015289307
v -0.00411623669788241 -0.0234003607183695 -0.00510436203330755
v -0.00528955366462469 -0.026202380657196 -0.00504326773807406
v -0.00325757195241749 -0.0205043498426676 -0.00488460017368197
v -0.00536459591239691 -0.0261393096297979 -0.00482553197070956
v -0.00416946411132812 -0.0233718696981668 -0.00499695492908359
v -0.00534653570502996 -0.0261771008372307 -0.00494551565498114
v -0.00532281305640936 -0.0261912904679775 -0.0049971928820014
v -0.00753515865653753 -0.0318577811121941 -0.00470948172733188
v -0.00862604286521673 -0.0346933007240295 -0.00453752186149359
v -0.00970149040222168 -0.0375340506434441 -0.00435400009155273
v -0.0024122588802129 -0.0145992003381252 -0.00381421996280551
v -0.0129578094929457 -0.049184788018465 -0.0035359850153327
v -0.0108036901801825 -0.0404019914567471 -0.00414031697437167
v -0.0097700348123908 -0.0375347100198269 -0.00431329011917114
v -0.0107884397730231 -0.0404012687504292 -0.00414734985679388
v -0.00975781586021185 -0.0375357195734978 -0.00432521104812622
v -0.0107697201892734 -0.0403997786343098 -0.00415325071662664
v -0.0097423791885376 -0.0375359579920769 -0.00433599902316928
v -0.00866043474525213 -0.0346912108361721 -0.00450980570167303
v -0.00867301132529974 -0.0346890017390251 -0.00449413014575839
v -0.00868248846381903 -0.0346860215067863 -0.00447720196098089
v -0.00977891590446234 -0.0375329181551933 -0.00430017709732056
v -0.0117689296603203 -0.0433037802577019 -0.00395154906436801
v -0.0137577597051859 -0.0553919598460197 -0.00311195780523121
v -0.0137475095689297 -0.055218268185854 -0.00311696482822299
v -0.012405090034008 -0.0455085001885891 -0.00380378891713917
v -0.0122005296871066 -0.044772919267416 -0.00385254598222673
v -0.0122058903798461 -0.0447715483605862 -0.00385451293550432
v -0.0117806103080511 -0.0433025285601616 -0.00393867399543524
v -0.0117765599861741 -0.0433035381138325 -0.00394564773887396
v -0.00977706909179688 -0.0375375710427761 -0.00424337293952703
v -0.00978618767112494 -0.0375230312347412 -0.0042540431022644
v -0.0108300400897861 -0.0403968580067158 -0.00410079909488559
v -0.0117732202634215 -0.0433037802577019 -0.00394874811172485
v -0.0075645437464118 -0.0318517610430717 -0.00467252684757113
v -0.00325447297655046 -0.020458810031414 -0.00468128873035312
v -0.00272399093955755 -0.0175130907446146 -0.00421291496604681
v -0.00271385884843767 -0.0175429508090019 -0.00435620499774814
v -0.00244206096976995 -0.0145848300307989 -0.00369226885959506
v -0.00418752385303378 -0.0233305003494024 -0.00486647989600897
v -0.00323849893175066 -0.0204945802688599 -0.00482046604156494
v -0.0026792879216373 -0.017554460093379 -0.00447565270587802
v -0.00758397486060858 -0.0318154022097588 -0.00453156186267734
v -0.0112875597551465 -0.0418469309806824 -0.00405097007751465
v -0.0113008599728346 -0.0418475791811943 -0.0040450687520206
v -0.0113105699419975 -0.04184740036726 -0.00403809500858188
v -0.0113140903413296 -0.0418470501899719 -0.00403422070667148
v -0.0113167697563767 -0.0418464504182339 -0.00402998877689242
v -0.0128297796472907 -0.0952638313174248 -0.00108259893022478
v -0.0129197798669338 -0.0952789112925529 -0.00110185099765658
v -0.0142057500779629 -0.0609969981014729 -0.00280827190726995
v -0.0142985498532653 -0.0666942521929741 -0.00241911388002336
v -0.00218129088170826 0.00745862675830722 -0.00497639086097479
v -0.00393062783405185 0.00442868378013372 -0.00497639086097479
v -0.00218129088170826 0.00139868201222271 -0.00497639086097479
v 0.00131732190493494 0.00139868201222271 -0.00497639086097479
v 0.00306671787984669 0.00442868378013372 -0.00497639086097479
v 0.00131732190493494 0.00745862675830722 -0.00497639086097479
v 0.000318026985041797 0.00312960101291537 0.0050235390663147
v 0.000867063994519413 0.00367867900058627 0.0050235390663147
v 0.00106799602508545 0.00442868378013372 0.0050235390663147
v 0.000867063994519413 0.00517868902534246 0.0050235390663147
v 0.000318026985041797 0.00572770787402987 0.0050235390663147
v -0.000431973981903866 0.00592863466590643 0.0050235390663147
v -0.00118195998948067 0.00572770787402987 0.0050235390663147
v -0.00173097790684551 0.00517868902534246 0.0050235390663147
v -0.00193196500185877 0.00442868378013372 0.0050235390663147
v -0.00173097790684551 0.00367867900058627 0.0050235390663147
v -0.00118195998948067 0.00312960101291537 0.0050235390663147
v -0.000431973981903866 0.00292867398820817 0.0050235390663147
v -0.00173097790684551 0.00517868902534246 -0.0023550980258733
v -0.00381517386995256 0.00442868378013372 -0.0023550980258733
v -0.00118195998948067 0.00572770787402987 -0.0023550980258733
v -0.00212353398092091 0.00735861016437411 -0.0023550980258733
v 0.00125962391030043 0.00149869895540178 -0.0023550980258733
v -0.00212353398092091 0.00149869895540178 -0.0023550980258733
v -0.000431973981903866 0.00292867398820817 -0.0023550980258733
v 0.00125962391030043 0.00735861016437411 -0.0023550980258733
v 0.000318026985041797 0.00572770787402987 -0.0023550980258733
v -0.000431973981903866 0.00592863466590643 -0.0023550980258733
v 0.000318026985041797 0.00312960101291537 -0.0023550980258733
v 0.000867063994519413 0.00367867900058627 -0.0023550980258733
v 0.00295120384544134 0.00442868378013372 -0.0023550980258733
v 0.00106799602508545 0.00442868378013372 -0.0023550980258733
v 0.000867063994519413 0.00517868902534246 -0.0023550980258733
v -0.00193196500185877 0.00442868378013372 -0.0023550980258733
v -0.00173097790684551 0.00367867900058627 -0.0023550980258733
v -0.00118195998948067 0.00312960101291537 -0.0023550980258733
v -0.00212353398092091 0.00149869895540178 -0.00487637473270297
v 0.00125962391030043 0.00149869895540178 -0.00487637473270297
v 0.00295120384544134 0.00442868378013372 -0.00487637473270297
v 0.00125962391030043 0.00735861016437411 -0.00487637473270297
v -0.00212353398092091 0.00735861016437411 -0.00487637473270297
v -0.00381517386995256 0.00442868378013372 -0.00487637473270297
v 0.00126403500325978 0.00149106897879392 -0.00491464091464877
v -0.00213211704976857 0.00148385693319142 -0.00492542888969183
v -0.00212794495746493 0.00149106897879392 -0.00491464091464877
v 0.00126737297978252 0.00148528791032732 -0.00492638302966952
v 0.00127792300190777 0.0014669889351353 -0.00494468165561557
v -0.00214046193286777 0.00146943295840174 -0.00494712498039007
v 0.00128847290761769 0.00144868995994329 -0.00496297981590033
v -0.0021529789082706 0.00144773698411882 -0.004961549770087
v 0.00129562593065202 0.00143629300873727 -0.00496631767600775
v -0.00215917802415788 0.00143694796133786 -0.00496876193210483
v 0.00296002603136003 0.00442868378013372 -0.00491464091464877
v 0.00298505998216569 0.00442868378013372 -0.00494712498039007
v 0.00302249100059271 0.00442868378013372 -0.00496876193210483
v 0.00126403500325978 0.00736624002456665 -0.00491464091464877
v 0.00127655197866261 0.00738793564960361 -0.00494712498039007
v 0.0012952679535374 0.00742036057636142 -0.00496876193210483
v -0.00212794495746493 0.00736624002456665 -0.00491464091464877
v -0.00214046193286777 0.00738793564960361 -0.00494712498039007
v -0.00215917802415788 0.00742036057636142 -0.00496876193210483
v -0.00382399489171803 0.00442868378013372 -0.00491464091464877
v -0.00384902884252369 0.00442868378013372 -0.00494712498039007
v -0.00388646079227328 0.00442868378013372 -0.00496876193210483
v 0.00158023799303919 0.0234155599027872 -0.00355052901431918
v 0.00782835390418768 0.043535228818655 -0.00443988991901278
v 0.00672501279041171 0.0406879112124443 -0.00458347704261541
v 0.00671851588413119 0.0407000109553337 -0.00463050603866577
v 0.0109090795740485 0.0521620512008667 -0.00393688585609198
v 0.010812159627676 0.0521893501281738 -0.00391298485919833
v 0.00886487867683172 0.0463852807879448 -0.00421249773353338
v 0.00996261741966009 0.0492576286196709 -0.00411766674369574
v 0.00996464397758245 0.0492566786706448 -0.00411230279132724
v 0.0089230528101325 0.0463844500482082 -0.00427049305289984
v 0.0113273803144693 0.0536287389695644 -0.00386321498081088
v 0.0116767203435302 0.0551155805587769 -0.00375521089881659
v 0.01133649982512 0.053629208356142 -0.00385940005071461
v 0.0108937602490187 0.0521605610847473 -0.00395625783130527
v 0.0108788600191474 0.0521591901779175 -0.00395989371463656
v 0.0112980594858527 0.0536252781748772 -0.00386744691058993
v 0.00995147135108709 0.0492592379450798 -0.00413209106773138
v 0.00995975639671087 0.0492583513259888 -0.00412279274314642
v 0.00892060901969671 0.0463877879083157 -0.00428593065589666
v 0.0023503890261054 0.0293739400804043 -0.00493365479633212
v 0.0107819996774197 0.0521452389657497 -0.00396275473758578
v 0.0107107097283006 0.0521331392228603 -0.00395703269168735
v 0.0120938401669264 0.0580421611666679 -0.0035359850153327
v 0.00871586706489325 0.046378068625927 -0.00437527801841497
v 0.00657844496890903 0.0407179482281208 -0.00476789381355047
v 0.0032523269765079 0.0322577282786369 -0.00510436203330755
v 0.00438308669254184 0.0350677892565727 -0.00508368015289307
v 0.00442564394325018 0.0350597500801086 -0.00504326773807406
v 0.00450062705203891 0.0349966809153557 -0.00482553197070956
v 0.00330549385398626 0.0322291813790798 -0.00499695492908359
v 0.00448256684467196 0.0350344702601433 -0.00494551565498114
v 0.00445884373039007 0.0350486598908901 -0.0049971928820014
v 0.00667118979617953 0.0407151505351067 -0.00470948172733188
v 0.00663041975349188 0.0407180711627007 -0.00474131107330322
v 0.00776207400485873 0.0435506701469421 -0.00453752186149359
v 0.0077154035679996 0.0435495898127556 -0.0045602316968143
v 0.00883752107620239 0.0463914200663567 -0.00435400009155273
v 0.00878333952277899 0.0463863611221313 -0.00436711264774203
v 0.00985765364021063 0.0492517314851284 -0.00416153576225042
v 0.0015482900198549 0.0234565697610378 -0.00381421996280551
v 0.0116275502368808 0.0550938211381435 -0.00376951578073204
v 0.0122314002364874 0.0581207200884819 -0.00357413198798895
v 0.0119539396837354 0.0566174909472466 -0.0036647308152169
v 0.00993973016738892 0.0492593608796597 -0.00414031697437167
v 0.00890606548637152 0.0463920794427395 -0.00431329011917114
v 0.00992453005164862 0.0492586381733418 -0.00414734985679388
v 0.00889390707015991 0.0463930889964104 -0.00432521104812622
v 0.00990575458854437 0.0492571480572224 -0.00415325071662664
v 0.00887840893119574 0.0463933311402798 -0.00433599902316928
v 0.00779646588489413 0.0435485802590847 -0.00450980570167303
v 0.00780904199928045 0.0435463711619377 -0.00449413014575839
v 0.00781857874244452 0.0435433909296989 -0.00447720196098089
v 0.00891494657844305 0.0463902913033962 -0.00430017709732056
v 0.0109050199389458 0.0521611496806145 -0.00395154906436801
v 0.0128937903791666 0.0642493292689323 -0.00311195780523121
v 0.0131070595234632 0.0641495510935783 -0.00320005393587053
v 0.0130311194807291 0.0626340508460999 -0.00330060697160661
v 0.0127158099785447 0.0607448779046535 -0.00341600086539984
v 0.0127851897850633 0.0611205585300922 -0.00339335179887712
v 0.0130186602473259 0.0623853206634521 -0.00331711699254811
v 0.0126466099172831 0.0603698380291462 -0.00343859079293907
v 0.0125083895400167 0.059621088206768 -0.00348371197469532
v 0.0115411197766662 0.0543658696115017 -0.00380378891713917
v 0.0113366199657321 0.0536302886903286 -0.00385254598222673
v 0.0113419201225042 0.0536289215087891 -0.00385451293550432
v 0.0109167005866766 0.0521599017083645 -0.00393867399543524
v 0.0109125897288322 0.0521609112620354 -0.00394564773887396
v 0.00891315843909979 0.0463949404656887 -0.00424337293952703
v 0.00892221834510565 0.0463804006576538 -0.0042540431022644
v 0.00996607448905706 0.0492542311549187 -0.00410079909488559
v 0.0112989498302341 0.0536402389407158 -0.00383812095969915
v 0.0115333097055554 0.0543387494981289 -0.00380206084810197
v 0.0109092500060797 0.0521611496806145 -0.00394874811172485
v 0.0067005748860538 0.0407091304659843 -0.00467252684757113
v 0.0023905630223453 0.0293161794543266 -0.00468128873035312
v 0.00186002196278423 0.0263704601675272 -0.00421291496604681
v 0.00184988894034177 0.0264002606272697 -0.00435620499774814
v 0.00157815194688737 0.0234421994537115 -0.00369226885959506
v 0.00332355382852256 0.0321878716349602 -0.00486647989600897
v 0.0023745889775455 0.0293519403785467 -0.00482046604156494
v 0.00184923398774117 0.0264137294143438 -0.00446158600971103
v 0.00338667584583163 0.0321031212806702 -0.00462382985278964
v 0.00449079181998968 0.0349421501159668 -0.00466060591861606
v 0.00469714403152466 0.0354726314544678 -0.00466745998710394
v 0.00672000600025058 0.0406727679073811 -0.00453156186267734
v 0.00194376695435494 0.0263224802911282 -0.00397235108539462
v 0.00244271685369313 0.0292633697390556 -0.00447213603183627
v 0.00256693293340504 0.0299953799694777 -0.00459653092548251
v 0.0108379703015089 0.0521538779139519 -0.0039637079462409
v 0.0104236602783203 0.050704300403595 -0.00405097007751465
v 0.0104368897154927 0.0507049486041069 -0.0040450687520206
v 0.0104465996846557 0.0507047697901726 -0.00403809500858188
v 0.0104501796886325 0.0507044084370136 -0.00403422070667148
v 0.0104528004303575 0.0507038198411465 -0.00402998877689242
v 0.00847756769508123 0.0452309213578701 -0.004272042773664
v 0.00670432997867465 0.0406537018716335 -0.0044575328938663
v 0.0119658103212714 0.104121200740337 -0.00108259893022478
v 0.0120558701455593 0.104136303067207 -0.00110185099765658
v 0.0120727997273207 0.104140497744083 -0.00111263897269964
v 0.0120436502620578 0.10456570237875 -0.00109583092853427
v 0.0130496602505445 0.0869840905070305 -0.00179672194644809
v 0.0123802395537496 0.0984114408493042 -0.00129443395417184
v 0.0128507595509291 0.092719130218029 -0.00155848194845021
v 0.0124638602137566 0.0984305068850517 -0.00133830297272652
v 0.0128549300134182 0.0927202701568604 -0.00156396592501551
v 0.013393459841609 0.0698659420013428 -0.00282084895297885
v 0.0133412396535277 0.069855272769928 -0.00280940486118197
v 0.0135904494673014 0.0737972185015678 -0.00256001902744174
v 0.0134345795959234 0.0755516216158867 -0.00241911388002336
v 0.0135228000581264 0.0755771324038506 -0.0024656648747623
v 0.0130883399397135 0.087006151676178 -0.00185972393956035
v 0.0129797402769327 0.0898634716868401 -0.00170820893254131
v 0.0128914099186659 0.0921875163912773 -0.00158500589895993
v 0.00162082898896188 0.0233731791377068 -0.00339394784532487
v 0.00165230000857264 0.0246043801307678 -0.00368040800094604
v 0.0128835402429104 0.0640756413340569 -0.00311696482822299
v 0.001088737975806 0.0230622198432684 -0.00248861289583147
v 0.0134066296741366 0.0698267221450806 -0.00270980503410101
v 0.0130763603374362 0.0641112327575684 -0.00309437490068376
v 0.0123757096007466 0.0984084606170654 -0.00125133898109198
v 0.0119445901364088 0.0983325764536858 -0.00112128199543804
v 0.0126020302996039 0.0868957042694092 -0.00159031094517559
v 0.0097699761390686 0.103749200701714 -0.000519803958013654
v 0.00321203400380909 0.102662898600101 0.000714066962245852
v 0.0131979500874877 0.0641426369547844 -0.00318038393743336
v 0.0131879402324557 0.0641434118151665 -0.00318241096101701
v 0.0115245496854186 0.0543669387698174 -0.00375878787599504
v 0.0108652701601386 0.0521336682140827 -0.00383698893710971
v 0.00884771253913641 0.0463337302207947 -0.00409382488578558
v 0.00663429358974099 0.0406017787754536 -0.00431185867637396
v 0.0122355800122023 0.0580553412437439 -0.00345486379228532
v 0.010749040171504 0.0520959980785847 -0.00372695899568498
v 0.00872224476188421 0.0462815091013908 -0.00394207192584872
v 0.00650918390601873 0.0405326411128044 -0.00411921693012118
v 0.00430220272392035 0.034788191318512 -0.00427067186683416
v 0.00190794398076832 0.0288994293659925 -0.00353729701600969
v 0.00138175394386053 0.0259919092059135 -0.00308948685415089
v 0.00139331794343889 0.0232491996139288 -0.00298011302947998
v 0.00280386186204851 0.0317373797297478 -0.00374048878438771
v 0.010740989819169 0.0635566115379333 -0.00223117996938527
v 0.00359225180000067 0.0619294010102749 -2.48127998929704e-05
v 0.00994843151420355 0.0575101897120476 -0.00247257901355624
v 0.00327008892782032 0.0562066994607449 -0.000146416001371108
v 0.00322502781637013 0.0559708997607231 -0.000136300004669465
v 0.00565391685813665 0.0508213602006435 -0.00128787697758526
v 0.00850152876228094 0.0515128895640373 -0.00251853396184742
v 0.00222325301729143 0.03903578966856 -0.000857812003232539
v 0.00453084707260132 0.0397816300392151 -0.00238305283710361
v 0.00257813883945346 0.0339416190981865 -0.00237685395404696
v -0.00282800081185997 0.0211616102606058 0.00101852393709123
v 6.79633012623526e-05 0.0225280504673719 -0.00132363999728113
v -0.002878129016608 0.0231852494180202 0.000946036947425455
v 0.000324143999023363 0.025426859036088 -0.00181019294541329
v -0.00241798092611134 0.0267525892704725 0.000855458958540112
v 0.000790654972661287 0.0282958690077066 -0.00218695402145386
v -0.00206196284852922 0.0295128189027309 0.00078537396620959
v 0.00158381392247975 0.0311031304299831 -0.00236725783906877
v -0.00182217289693654 0.0313718914985657 0.000738169997930527
v -0.00160890794359148 0.0323610901832581 0.000708361971192062
v 0.00209170486778021 0.0500374995172024 0.00011826499394374
v 0.00123262393753976 0.0455397889018059 0.000311232986859977
v -0.000347912980942056 0.0382093712687492 0.000532128964550793
v 0.0101006599143147 0.0980132818222046 -0.000681469973642379
v 0.0120759001001716 0.104139998555183 -0.00110417592804879
v 0.0120783401653171 0.104139804840088 -0.0010988109279424
v 0.0124933701008558 0.0984310507774353 -0.00131523597519845
v 0.0124990902841091 0.0984311625361443 -0.00131076492834836
v 0.0131723200902343 0.0870064422488213 -0.00181573594454676
v 0.012858210131526 0.0927200317382812 -0.00155484594870359
v 0.0120558701455593 0.104135498404503 -0.00108379102312028
v 0.0119591895490885 0.104118503630161 -0.00104409398045391
v 0.0115439798682928 0.104047700762749 -0.000924449996091425
v 0.0124759003520012 0.0984266921877861 -0.00129443395417184
v 0.0130524002015591 0.0869812294840813 -0.00174194492865354
v 0.0129903499037027 0.0754534602165222 -0.0021786680445075
v 0.0131803099066019 0.087006501853466 -0.00181156292092055
v 0.0135742397978902 0.0755768418312073 -0.00243353797122836
v 0.0135660702362657 0.0755769014358521 -0.00243842601776123
v 0.0135877095162868 0.0727170705795288 -0.00262355781160295
v 0.0135507499799132 0.0755714103579521 -0.00241160299628973
v 0.0134462099522352 0.075548879802227 -0.00235372688621283
v 0.0131564699113369 0.0870015621185303 -0.00179237092379481
v 0.0129556003957987 0.0697261020541191 -0.00252419686876237
v 0.0126376701518893 0.0640051290392876 -0.00290048099122941
v 0.0117976004257798 0.0579468607902527 -0.00322699500247836
v 0.01030015014112 0.0519704185426235 -0.00342762400396168
v 0.0082736611366272 0.0461272485554218 -0.0035537478979677
v 0.00392526295036077 0.0345646701753139 -0.00373911787755787
v 0.0060831899754703 0.0403448902070522 -0.00364536000415683
v 0.00332575989887118 0.0968524813652039 0.000675572955515236
v 0.00340920593589544 0.0925891324877739 0.000647328968625516
v 0.0106709497049451 0.0865341424942017 -0.00107926095370203
v 0.00352793885394931 0.0852162763476372 0.000484887976199389
v 0.0110281696543097 0.0750486776232719 -0.00158596003893763
v 0.00371539499610662 0.0735703110694885 0.000228302989853546
v 0.0110101103782654 0.069299690425396 -0.00189125491306186
v 0.00380921293981373 0.0677433013916016 9.99211042653769e-05
v 0.00383377005346119 0.066219799220562 6.63563041598536e-05
v 0.00965309049934149 -0.02175766043365 0.00314348889514804
v 0.00978559162467718 -0.0276787206530571 0.00324916793033481
v 0.00871020462363958 -0.0277016703039408 0.00226265098899603
v 0.00870501901954412 -0.0217896606773138 0.00187051191460341
v 0.00863224174827337 -0.0158623997122049 0.0017781249480322
v 0.00941592361778021 -0.0158222299069166 0.00331604387611151
v 0.0107250194996595 -0.0276658497750759 0.00432401802390814
v 0.0106379901990294 -0.0632333680987358 0.00415903283283114
v 0.0107666803523898 -0.0751212760806084 0.00390160013921559
v 0.00830233003944159 -0.0959787294268608 0.00269067194312811
v 0.00512236263602972 -0.0871192812919617 0.00258499290794134
v 0.00527894403785467 -0.0930628702044487 0.00235605193302035
v 0.00752854300662875 -0.00697600794956088 0.0016258949181065
v 0.0072995419614017 -0.00996476411819458 0.000765139004215598
v 0.00474709179252386 -0.0100424801930785 -0.00108724797610193
v 0.00505858566612005 -0.0160080101341009 -0.00142025901004672
v 0.00495225097984076 -0.0219315197318792 -0.0010540479561314
v 0.00478452397510409 -0.0278312489390373 -0.000236965992371552
v 0.00482147885486484 -0.0455518290400505 0.00213396502658725
v 0.00477284099906683 -0.0396359488368034 0.00141745794098824
v 0.00485950708389282 -0.0514824911952019 0.0025361180305481
v 0.00489795207977295 -0.0633710622787476 0.00248879101127386
v 0.00497907400131226 -0.0752473399043083 0.0025510189589113
v 0.00538533879444003 -0.0960384011268616 0.00214213086292148
v 0.00817245151847601 -0.0929973125457764 0.00305771781131625
v 0.0109595004469156 -0.0870044827461243 0.00362747884355485
v 0.011133729480207 -0.0929515287280083 0.00329488492570817
v 0.0104950601235032 -0.0513480305671692 0.00436603976413608
v 0.0103815095499158 -0.0454216003417969 0.00408363295719028
v 0.0101923895999789 -0.0395057201385498 0.00372278597205877
v 0.00997406151145697 -0.0335929282009602 0.00344258500263095
v 0.006093620788306 -0.0100071402266622 -0.000278841995168477
v 0.00641512777656317 -0.0159578900784254 -0.000568074989132583
v 0.00800973083823919 -0.08704674243927 0.00344371679238975
v 0.00790136959403753 -0.075164906680584 0.00357758882455528
v 0.00784832146018744 -0.0632792115211487 0.00366866495460272
v 0.00781416799873114 -0.0513870678842068 0.00382351782172918
v 0.00776457693427801 -0.0454601012170315 0.00336277391761541
v 0.00766474008560181 -0.0395463109016418 0.00267600989900529
v 0.00750875379890203 -0.0277348700910807 0.0013591640163213
v 0.00759243872016668 -0.0218297801911831 0.000755128974560648
v 0.00761896278709173 -0.0159085299819708 0.000490574981085956
v 0.0081518879160285 -0.0158848706632853 0.00110435392707586
v 0.00780975772067904 -0.00994336605072021 0.00140327191911638
v 0.00823473837226629 -0.00992339756339788 0.00213462091051042
f 1 2 3
f 4 5 6
f 7 8 9
f 10 11 12
f 13 14 15
f 16 17 18
f 18 19 16
f 16 19 20
f 16 20 21
f 22 23 24
f 22 24 16
f 16 24 25
f 16 25 17
f 26 27 28
f 28 27 29
f 28 29 22
f 22 29 30
f 22 30 23
f 15 14 28
f 28 14 31
f 28 31 26
f 13 15 32
f 32 15 33
f 32 33 34
f 35 36 37
f 37 36 38
f 37 38 33
f 33 38 39
f 33 39 34
f 40 41 37
f 37 41 42
f 37 42 35
f 43 44 45
f 45 44 46
f 46 47 45
f 45 47 48
f 45 48 40
f 40 48 49
f 40 49 41
f 50 51 52
f 53 54 55
f 12 56 57
f 58 59 11
f 11 59 60
f 11 60 61
f 61 62 11
f 11 62 63
f 11 63 64
f 64 65 11
f 11 65 66
f 11 66 12
f 12 66 67
f 12 67 56
f 68 69 70
f 70 69 71
f 70 71 72
f 73 74 75
f 73 75 76
f 76 75 77
f 76 77 78
f 79 80 77
f 77 80 81
f 77 81 78
f 82 83 84
f 84 83 85
f 84 85 86
f 86 85 87
f 88 89 90
f 90 89 91
f 90 91 92
f 93 94 95
f 95 94 96
f 95 96 97
f 98 99 100
f 100 99 101
f 100 101 96
f 96 101 102
f 96 102 97
f 103 104 105
f 105 104 106
f 4 6 107
f 72 108 70
f 70 108 109
f 70 109 110
f 2 1 104
f 104 1 111
f 104 111 106
f 106 111 9
f 106 9 112
f 112 9 8
f 112 8 113
f 93 88 94
f 94 88 90
f 94 90 114
f 114 90 92
f 114 92 115
f 103 116 104
f 104 116 98
f 104 98 2
f 2 98 100
f 2 100 3
f 3 100 96
f 3 96 117
f 117 96 94
f 117 94 86
f 86 94 114
f 86 114 84
f 84 114 115
f 84 115 82
f 118 107 119
f 119 107 6
f 119 6 120
f 120 6 121
f 120 121 122
f 21 118 16
f 16 118 119
f 16 119 22
f 22 119 120
f 22 120 28
f 28 120 122
f 28 122 15
f 15 122 123
f 15 123 33
f 33 123 124
f 33 124 37
f 37 124 125
f 37 125 40
f 108 126 109
f 109 126 10
f 109 10 110
f 110 10 12
f 110 12 127
f 127 12 57
f 127 57 128
f 128 53 127
f 127 53 55
f 127 55 110
f 110 55 129
f 110 129 70
f 70 129 75
f 70 75 68
f 68 75 74
f 54 51 55
f 55 51 50
f 55 50 129
f 129 50 130
f 129 130 75
f 75 130 131
f 75 131 77
f 77 131 86
f 77 86 79
f 79 86 87
f 52 43 50
f 50 43 45
f 50 45 130
f 130 45 40
f 130 40 131
f 131 40 125
f 131 125 86
f 86 125 124
f 86 124 117
f 117 124 123
f 117 123 3
f 3 123 122
f 3 122 1
f 1 122 121
f 1 121 111
f 111 121 6
f 111 6 9
f 9 6 5
f 9 5 7
f 132 133 134
f 135 136 137
f 138 139 140
f 141 142 134
f 143 144 145
f 145 144 146
f 139 138 145
f 147 148 138
f 138 148 149
f 138 149 145
f 145 149 150
f 145 150 143
f 151 152 138
f 138 152 153
f 138 153 147
f 151 154 155
f 155 154 156
f 155 156 157
f 157 156 158
f 142 159 134
f 134 159 160
f 134 160 156
f 156 160 161
f 156 161 158
f 162 163 164
f 164 163 165
f 164 165 166
f 166 165 167
f 166 167 134
f 134 167 168
f 134 168 141
f 135 169 170
f 171 172 173
f 173 172 174
f 173 174 135
f 135 174 175
f 135 175 169
f 171 173 176
f 176 173 177
f 176 177 178
f 178 177 179
f 179 177 180
f 179 180 181
f 182 183 184
f 135 137 173
f 173 137 182
f 173 182 177
f 177 182 184
f 177 184 180
f 185 137 186
f 186 137 136
f 186 136 187
f 170 162 135
f 135 162 164
f 135 164 136
f 136 164 166
f 136 166 187
f 133 188 134
f 134 188 189
f 134 189 166
f 166 189 190
f 166 190 187
f 191 192 193
f 193 192 194
f 195 145 196
f 196 145 146
f 196 146 197
f 195 192 145
f 145 192 191
f 145 191 139
f 139 191 198
f 139 198 199
f 199 200 139
f 139 200 201
f 139 201 140
f 140 201 202
f 140 202 203
f 151 138 154
f 154 138 140
f 154 140 156
f 156 140 203
f 156 203 204
f 205 206 207
f 185 208 137
f 137 208 209
f 137 209 182
f 182 209 210
f 182 210 205
f 205 207 182
f 182 207 211
f 182 211 183
f 204 212 156
f 156 212 213
f 156 213 134
f 134 213 214
f 134 214 132
f 215 216 217
f 218 219 220
f 220 219 221
f 220 221 222
f 222 221 223
f 224 225 223
f 223 225 226
f 223 226 222
f 227 228 229
f 229 228 230
f 229 230 231
f 231 230 232
f 231 232 233
f 233 232 234
f 233 234 235
f 235 234 236
f 235 236 237
f 218 238 219
f 219 238 239
f 219 239 240
f 240 239 227
f 240 227 241
f 241 227 229
f 242 215 243
f 243 215 217
f 243 217 244
f 245 246 217
f 217 246 247
f 217 247 244
f 248 189 188
f 133 249 188
f 188 249 250
f 188 250 248
f 248 250 251
f 248 251 252
f 252 251 253
f 252 253 254
f 254 253 255
f 254 255 224
f 224 255 256
f 224 256 225
f 237 257 235
f 235 257 258
f 235 258 259
f 259 258 260
f 259 260 261
f 261 260 262
f 261 262 245
f 245 262 263
f 245 263 246
f 264 265 266
f 267 268 269
f 270 271 268
f 272 273 274
f 275 276 277
f 278 279 280
f 281 282 283
f 284 285 278
f 278 285 286
f 278 286 279
f 287 216 215
f 242 288 289
f 289 288 290
f 289 290 291
f 292 293 294
f 294 293 295
f 294 295 296
f 296 295 297
f 296 297 298
f 275 277 299
f 300 301 302
f 302 301 303
f 302 303 304
f 305 300 306
f 304 307 302
f 302 307 308
f 302 308 309
f 264 266 310
f 306 300 311
f 311 300 302
f 311 302 266
f 266 302 309
f 266 309 310
f 267 312 268
f 268 312 292
f 268 292 270
f 313 314 284
f 284 314 315
f 284 315 285
f 284 283 277
f 277 283 282
f 277 282 299
f 313 284 316
f 316 284 277
f 316 277 317
f 317 277 276
f 317 276 305
f 305 276 272
f 305 272 300
f 300 272 274
f 300 274 301
f 318 319 320
f 320 319 321
f 306 322 305
f 305 322 323
f 305 323 317
f 317 323 320
f 317 320 316
f 316 320 321
f 316 321 313
f 267 324 312
f 312 324 325
f 312 325 292
f 292 325 326
f 292 326 293
f 297 327 298
f 298 327 328
f 298 328 329
f 329 328 330
f 329 330 331
f 331 330 332
f 331 332 289
f 289 332 287
f 289 287 242
f 242 287 215
f 291 318 289
f 289 318 320
f 289 320 331
f 331 320 323
f 331 323 329
f 329 323 322
f 329 322 298
f 298 322 306
f 298 306 296
f 296 306 311
f 296 311 294
f 294 311 266
f 294 266 292
f 292 266 265
f 292 265 270
f 333 334 335
f 336 199 198
f 337 338 339
f 340 341 342
f 343 344 345
f 346 347 348
f 349 350 351
f 352 353 354
f 355 356 357
f 355 357 358
f 358 357 359
f 359 357 360
f 359 360 280
f 353 349 354
f 354 349 351
f 354 351 361
f 361 351 362
f 363 364 365
f 365 364 366
f 367 368 369
f 370 371 372
f 372 371 373
f 372 373 367
f 367 373 374
f 367 374 368
f 368 374 363
f 368 363 369
f 369 363 365
f 369 365 367
f 375 376 377
f 377 376 378
f 378 193 194
f 365 379 367
f 367 379 377
f 367 377 372
f 372 377 378
f 372 378 370
f 370 378 194
f 346 380 381
f 364 352 366
f 366 352 354
f 366 354 382
f 382 354 361
f 382 361 383
f 383 361 362
f 383 362 384
f 385 343 386
f 386 343 345
f 386 345 387
f 387 345 380
f 388 341 389
f 389 341 340
f 389 340 390
f 391 390 392
f 392 390 340
f 392 340 393
f 393 340 342
f 393 342 394
f 395 396 397
f 397 396 398
f 397 398 399
f 399 398 400
f 401 402 403
f 403 402 404
f 403 404 405
f 406 407 408
f 408 407 409
f 408 409 410
f 411 412 413
f 413 412 414
f 415 416 406
f 406 416 417
f 406 417 407
f 418 419 420
f 420 419 421
f 420 421 422
f 422 421 423
f 423 421 338
f 423 338 424
f 424 338 337
f 424 337 414
f 414 337 339
f 414 339 413
f 405 425 394
f 394 425 426
f 394 426 393
f 393 426 427
f 393 427 392
f 392 427 428
f 392 428 391
f 348 347 429
f 346 381 347
f 347 381 430
f 347 430 429
f 380 345 381
f 381 345 344
f 381 344 430
f 430 344 431
f 430 431 429
f 432 433 434
f 434 433 435
f 385 388 343
f 343 388 389
f 343 389 344
f 344 389 390
f 344 390 431
f 431 390 391
f 431 391 429
f 429 391 428
f 429 428 436
f 437 438 375
f 375 438 439
f 436 440 429
f 429 440 441
f 429 441 442
f 405 394 403
f 403 394 342
f 403 342 401
f 401 342 341
f 401 341 443
f 443 341 388
f 443 388 384
f 384 388 385
f 384 385 383
f 383 385 386
f 383 386 382
f 382 386 387
f 382 387 366
f 366 387 380
f 366 380 365
f 365 380 346
f 365 346 379
f 379 346 348
f 379 348 377
f 377 348 429
f 377 429 375
f 375 429 442
f 375 442 437
f 434 444 432
f 432 444 419
f 432 419 445
f 445 419 418
f 446 447 357
f 357 447 448
f 357 448 360
f 449 357 333
f 450 451 452
f 452 451 453
f 452 453 454
f 334 455 335
f 335 455 456
f 335 456 457
f 457 456 452
f 457 452 395
f 395 452 454
f 395 454 396
f 399 458 397
f 397 458 459
f 397 459 395
f 395 459 460
f 395 460 457
f 457 460 461
f 457 461 335
f 335 461 462
f 446 357 463
f 463 357 449
f 463 449 464
f 464 449 465
f 464 465 466
f 466 465 467
f 466 467 468
f 333 335 449
f 449 335 462
f 449 462 465
f 465 462 469
f 465 469 467
f 460 470 471
f 460 471 461
f 461 471 472
f 461 472 462
f 462 472 473
f 462 473 469
f 474 475 336
f 336 475 476
f 200 199 477
f 477 199 336
f 477 336 478
f 478 336 476
f 439 474 375
f 375 474 336
f 375 336 376
f 376 336 198
f 376 198 378
f 378 198 191
f 378 191 193
f 416 400 417
f 417 400 398
f 417 398 407
f 407 398 396
f 407 396 409
f 409 396 454
f 409 454 410
f 410 454 453
f 410 453 479
f 479 453 480
f 481 482 411
f 411 482 483
f 411 483 412
f 412 483 484
f 412 484 414
f 414 484 485
f 414 485 424
f 434 486 444
f 444 486 487
f 444 487 419
f 419 487 488
f 419 488 421
f 421 488 415
f 421 415 338
f 338 415 406
f 338 406 339
f 339 406 408
f 339 408 413
f 413 408 410
f 413 410 411
f 411 410 479
f 411 479 481
f 350 470 351
f 351 470 460
f 351 460 362
f 362 460 459
f 362 459 384
f 384 459 458
f 384 458 443
f 443 458 399
f 443 399 401
f 401 399 400
f 401 400 402
f 402 400 416
f 402 416 404
f 404 416 415
f 404 415 405
f 405 415 488
f 405 488 425
f 425 488 487
f 425 487 426
f 426 487 486
f 426 486 427
f 427 486 434
f 427 434 428
f 428 434 435
f 428 435 436
f 489 490 491
f 492 468 467
f 493 494 495
f 496 497 498
f 498 497 499
f 498 499 500
f 499 501 500
f 500 501 502
f 500 502 503
f 503 502 504
f 503 504 505
f 505 504 506
f 505 506 507
f 508 489 349
f 507 490 505
f 505 490 489
f 505 489 503
f 503 489 508
f 503 508 500
f 500 508 509
f 500 509 498
f 510 511 512
f 513 514 515
f 512 371 370
f 516 510 517
f 517 510 512
f 517 512 518
f 518 512 370
f 518 370 194
f 514 519 515
f 515 519 520
f 515 520 521
f 511 374 512
f 512 374 373
f 512 373 371
f 494 496 495
f 495 496 498
f 495 498 522
f 522 498 509
f 522 509 523
f 523 509 508
f 349 353 508
f 508 353 352
f 508 352 523
f 523 352 364
f 523 364 524
f 524 364 363
f 492 467 525
f 526 525 527
f 527 525 467
f 527 467 528
f 467 469 528
f 528 469 473
f 528 473 529
f 530 516 521
f 521 516 517
f 521 517 515
f 515 517 518
f 515 518 513
f 513 518 194
f 520 531 521
f 521 531 532
f 521 532 530
f 530 532 533
f 530 533 534
f 363 374 524
f 524 374 511
f 524 511 523
f 523 511 510
f 523 510 522
f 522 510 516
f 522 516 495
f 495 516 530
f 495 530 493
f 493 530 534
f 493 534 535
f 473 472 529
f 529 472 471
f 529 471 491
f 491 471 470
f 491 470 489
f 489 470 350
f 489 350 349
f 536 526 537
f 537 526 527
f 537 527 538
f 538 527 528
f 538 528 539
f 539 528 529
f 539 529 540
f 540 529 491
f 540 491 541
f 541 491 490
f 541 490 542
f 542 490 507
f 543 267 269
f 544 545 546
f 267 547 548
f 549 276 275
f 276 549 272
f 360 448 447
f 280 550 551
f 552 553 280
f 554 555 556
f 557 558 559
f 560 561 446
f 446 559 562
f 559 446 557
f 557 446 463
f 557 463 563
f 563 463 464
f 563 464 564
f 464 466 564
f 564 466 468
f 564 468 565
f 565 468 492
f 565 492 566
f 567 568 558
f 281 569 570
f 570 569 558
f 571 572 573
f 573 572 574
f 573 574 575
f 576 275 299
f 577 578 576
f 579 576 580
f 580 576 299
f 580 299 282
f 575 574 581
f 581 574 582
f 581 582 583
f 572 584 574
f 574 584 585
f 574 585 582
f 582 585 586
f 582 586 583
f 583 586 579
f 272 587 588
f 589 590 591
f 272 549 591
f 591 549 592
f 591 592 589
f 593 594 595
f 596 597 273
f 588 598 272
f 272 588 273
f 273 588 587
f 273 587 596
f 596 587 272
f 596 272 597
f 597 272 599
f 597 599 273
f 273 599 600
f 273 600 591
f 591 600 601
f 591 601 272
f 272 601 600
f 272 600 599
f 275 602 603
f 594 589 595
f 595 589 592
f 595 592 604
f 604 592 549
f 604 549 605
f 605 549 275
f 605 275 606
f 584 593 585
f 585 593 595
f 585 595 586
f 586 595 604
f 586 604 579
f 579 604 605
f 579 605 576
f 576 605 606
f 576 606 577
f 577 606 275
f 577 275 578
f 578 275 603
f 578 603 576
f 576 603 602
f 576 602 607
f 607 602 275
f 607 275 608
f 608 275 576
f 608 576 607
f 609 610 611
f 611 610 612
f 611 612 613
f 613 612 614
f 613 614 615
f 615 614 616
f 304 617 307
f 307 617 618
f 308 619 620
f 621 622 623
f 623 622 624
f 625 626 623
f 627 628 623
f 629 630 310
f 631 632 633
f 634 635 636
f 636 635 637
f 631 633 638
f 639 640 631
f 308 641 642
f 310 309 635
f 635 309 308
f 635 308 643
f 644 609 645
f 645 609 611
f 645 611 646
f 646 611 613
f 646 613 647
f 647 613 615
f 647 615 637
f 637 615 636
f 636 615 648
f 636 648 634
f 634 648 649
f 634 649 270
f 650 651 615
f 267 652 616
f 616 652 653
f 616 653 615
f 271 654 655
f 270 656 271
f 271 656 657
f 271 657 658
f 270 649 656
f 656 649 648
f 656 648 657
f 657 648 615
f 657 615 658
f 658 615 651
f 658 651 271
f 271 651 650
f 271 650 654
f 654 650 615
f 654 615 655
f 655 615 653
f 655 653 271
f 271 653 652
f 271 652 268
f 270 265 634
f 634 265 264
f 634 264 638
f 638 264 310
f 638 310 631
f 631 310 659
f 631 659 639
f 639 659 310
f 639 310 640
f 640 310 630
f 640 630 631
f 631 630 629
f 631 629 632
f 632 629 310
f 632 310 633
f 633 310 635
f 633 635 638
f 638 635 634
f 660 661 644
f 662 663 664
f 664 663 665
f 664 665 547
f 267 666 667
f 667 666 668
f 667 668 547
f 547 267 667
f 644 661 609
f 609 661 669
f 609 669 610
f 610 669 670
f 610 670 612
f 612 670 671
f 612 671 614
f 614 671 672
f 614 672 616
f 616 672 267
f 269 268 543
f 543 268 652
f 543 652 267
f 673 674 675
f 676 546 677
f 677 546 545
f 677 545 675
f 675 545 678
f 675 678 673
f 679 680 546
f 546 680 681
f 546 681 544
f 662 664 682
f 682 664 683
f 682 683 546
f 546 683 684
f 546 684 685
f 685 686 546
f 546 686 687
f 546 687 679
f 688 689 690
f 690 689 691
f 267 692 666
f 666 692 693
f 666 693 668
f 668 693 694
f 668 694 547
f 547 694 695
f 547 695 664
f 664 695 690
f 664 690 683
f 683 690 691
f 683 691 684
f 696 697 660
f 660 697 698
f 698 688 660
f 660 688 690
f 660 690 661
f 661 690 695
f 661 695 669
f 669 695 694
f 669 694 670
f 670 694 693
f 670 693 671
f 671 693 692
f 671 692 672
f 672 692 267
f 492 525 566
f 566 525 526
f 566 526 699
f 699 526 536
f 699 536 700
f 700 696 699
f 699 696 571
f 699 571 566
f 566 571 573
f 566 573 565
f 565 573 575
f 565 575 564
f 564 575 581
f 564 581 563
f 563 581 583
f 563 583 557
f 557 583 579
f 557 579 558
f 558 579 580
f 558 580 570
f 570 580 282
f 570 282 281
f 281 283 701
f 554 558 702
f 702 558 568
f 702 568 554
f 554 568 567
f 554 567 555
f 555 567 558
f 555 558 556
f 556 558 569
f 556 569 554
f 554 569 281
f 554 281 558
f 558 281 701
f 558 701 559
f 701 278 559
f 559 278 280
f 559 280 562
f 562 280 551
f 562 551 446
f 446 551 550
f 446 550 560
f 560 550 280
f 560 280 561
f 561 280 553
f 561 553 446
f 446 553 552
f 446 552 447
f 447 552 280
f 447 280 360
f 303 301 274
f 696 660 571
f 571 660 644
f 571 644 572
f 572 644 645
f 572 645 584
f 584 645 646
f 584 646 593
f 593 646 647
f 593 647 594
f 594 647 637
f 594 637 589
f 589 637 635
f 589 635 623
f 623 635 643
f 623 643 627
f 627 643 308
f 627 308 628
f 628 308 642
f 628 642 623
f 623 642 641
f 623 641 625
f 625 641 308
f 625 308 626
f 626 308 703
f 626 703 623
f 623 703 308
f 623 308 704
f 704 308 620
f 704 620 623
f 623 620 619
f 623 619 621
f 621 619 308
f 621 308 622
f 622 308 307
f 622 307 624
f 624 307 618
f 624 618 623
f 623 618 617
f 623 617 589
f 589 617 304
f 589 304 590
f 590 304 303
f 590 303 591
f 591 303 274
f 591 274 273
f 287 332 705
f 327 297 706
f 707 267 708
f 682 546 709
f 710 711 546
f 712 546 676
f 674 713 675
f 675 713 714
f 675 714 677
f 677 714 715
f 677 715 716
f 676 677 712
f 712 677 716
f 712 716 546
f 546 716 717
f 546 717 710
f 711 718 546
f 546 718 719
f 546 719 709
f 662 682 720
f 720 682 709
f 720 709 721
f 721 709 722
f 721 722 705
f 665 663 547
f 547 663 267
f 662 720 663
f 663 720 267
f 721 708 720
f 720 708 267
f 708 723 707
f 707 723 326
f 707 326 325
f 706 297 724
f 724 297 295
f 724 295 293
f 705 725 721
f 721 725 706
f 721 706 708
f 708 706 724
f 708 724 723
f 723 724 293
f 723 293 326
f 705 332 725
f 725 332 330
f 725 330 706
f 706 330 328
f 706 328 327
f 325 324 707
f 707 324 267
f 719 726 709
f 709 726 727
f 709 727 722
f 722 727 728
f 722 728 705
f 705 728 729
f 705 729 287
f 287 729 730
f 287 730 216
f 728 727 731
f 235 732 233
f 233 732 733
f 734 240 241
f 734 241 735
f 735 241 229
f 735 229 733
f 733 229 231
f 733 231 233
f 736 737 738
f 738 737 739
f 740 737 741
f 741 737 736
f 741 736 742
f 742 736 743
f 744 745 746
f 746 745 747
f 746 747 748
f 748 747 749
f 748 749 750
f 750 749 751
f 750 751 752
f 752 751 753
f 752 753 739
f 739 753 754
f 739 754 738
f 755 756 757
f 757 756 758
f 757 758 759
f 759 758 760
f 744 209 745
f 745 209 208
f 745 208 185
f 761 762 763
f 763 762 764
f 763 764 760
f 760 764 765
f 760 765 759
f 766 767 768
f 768 767 769
f 768 769 761
f 761 769 770
f 761 770 762
f 740 766 737
f 737 766 768
f 737 768 739
f 739 768 761
f 739 761 752
f 752 761 763
f 752 763 750
f 750 763 760
f 750 760 748
f 748 760 758
f 748 758 746
f 746 758 756
f 746 756 744
f 771 730 729
f 772 773 774
f 774 773 775
f 774 775 776
f 776 775 777
f 777 775 778
f 777 778 779
f 779 778 771
f 779 771 731
f 731 771 729
f 731 729 728
f 775 245 778
f 778 245 217
f 778 217 771
f 771 217 216
f 771 216 730
f 755 206 756
f 756 206 205
f 756 205 744
f 744 205 210
f 744 210 209
f 186 187 780
f 780 187 190
f 240 734 219
f 219 734 781
f 219 781 221
f 221 781 782
f 221 782 223
f 223 782 783
f 223 783 224
f 224 783 784
f 224 784 254
f 254 784 785
f 254 785 252
f 252 785 780
f 252 780 248
f 248 780 190
f 248 190 189
f 772 786 787
f 787 786 788
f 787 788 789
f 789 788 790
f 789 790 743
f 743 790 791
f 743 791 742
f 772 787 773
f 773 787 259
f 773 259 775
f 775 259 261
f 775 261 245
f 185 186 745
f 745 186 780
f 745 780 747
f 747 780 785
f 747 785 749
f 749 785 784
f 749 784 751
f 751 784 783
f 751 783 753
f 753 783 782
f 753 782 754
f 754 782 781
f 754 781 738
f 738 781 734
f 738 734 736
f 736 734 735
f 736 735 743
f 743 735 733
f 743 733 789
f 789 733 732
f 789 732 787
f 787 732 235
f 787 235 259
f 792 793 794
f 795 796 797
f 798 799 800
f 800 799 181
f 796 801 800
f 801 802 800
f 800 802 803
f 800 803 798
f 795 797 793
f 792 794 804
f 805 806 807
f 807 806 808
f 809 810 811
f 812 813 814
f 814 813 815
f 815 816 814
f 814 816 817
f 814 817 805
f 805 817 818
f 805 818 806
f 812 814 819
f 819 814 820
f 819 820 821
f 822 823 820
f 820 823 824
f 820 824 821
f 825 826 822
f 822 826 827
f 822 827 823
f 192 195 825
f 825 195 196
f 197 828 196
f 196 828 829
f 196 829 825
f 825 829 830
f 825 830 826
f 181 180 800
f 800 180 184
f 800 184 831
f 808 809 807
f 807 809 811
f 807 811 794
f 794 811 810
f 794 810 804
f 532 531 820
f 820 531 520
f 820 520 822
f 822 520 519
f 822 519 825
f 532 820 533
f 533 820 814
f 533 814 534
f 534 814 535
f 535 814 805
f 535 805 832
f 184 183 831
f 831 183 211
f 831 211 207
f 206 833 207
f 207 833 834
f 207 834 831
f 831 834 835
f 831 835 800
f 834 836 835
f 835 836 837
f 835 837 838
f 796 800 797
f 797 800 835
f 797 835 839
f 839 835 838
f 839 838 840
f 840 841 839
f 839 841 842
f 839 842 843
f 793 797 794
f 794 797 839
f 794 839 807
f 807 839 843
f 807 843 844
f 194 192 513
f 513 192 825
f 513 825 514
f 514 825 519
f 844 845 807
f 807 845 846
f 807 846 805
f 805 846 847
f 805 847 832
f 848 849 850
f 851 852 853
f 853 852 854
f 854 855 853
f 853 855 856
f 853 856 857
f 849 858 850
f 850 858 859
f 850 859 851
f 851 859 860
f 851 860 852
f 848 850 861
f 861 850 862
f 861 862 863
f 864 865 866
f 866 865 867
f 866 867 862
f 862 867 868
f 862 868 863
f 869 870 871
f 871 870 872
f 869 873 870
f 870 873 874
f 870 874 875
f 876 877 866
f 878 879 880
f 880 879 881
f 880 881 866
f 866 881 882
f 866 882 876
f 877 883 866
f 866 883 884
f 866 884 885
f 885 886 866
f 866 886 887
f 866 887 864
f 888 889 890
f 890 889 891
f 890 891 870
f 870 891 892
f 870 892 872
f 888 890 893
f 893 890 894
f 893 894 895
f 896 897 898
f 898 897 899
f 898 899 894
f 894 899 900
f 894 900 895
f 896 898 901
f 901 898 902
f 901 902 903
f 904 905 906
f 906 905 907
f 907 908 906
f 906 908 909
f 906 909 910
f 910 911 906
f 906 911 912
f 906 912 913
f 913 914 906
f 906 914 915
f 906 915 916
f 916 917 906
f 906 917 918
f 906 918 902
f 902 918 919
f 902 919 903
f 857 920 853
f 853 920 921
f 853 921 922
f 922 921 923
f 922 923 904
f 904 923 924
f 904 924 905
f 824 823 925
f 925 823 827
f 827 826 925
f 925 826 830
f 925 830 829
f 813 926 815
f 815 926 927
f 815 927 816
f 813 812 926
f 926 812 819
f 926 819 925
f 925 819 821
f 925 821 824
f 808 806 928
f 928 806 818
f 928 818 927
f 927 818 817
f 927 817 816
f 808 928 809
f 809 928 929
f 809 929 810
f 175 174 904
f 904 174 172
f 904 172 171
f 171 176 904
f 904 176 178
f 904 178 179
f 803 802 922
f 179 181 904
f 904 181 799
f 904 799 922
f 922 799 798
f 922 798 803
f 802 801 922
f 922 801 796
f 922 796 795
f 795 793 922
f 922 793 792
f 922 792 929
f 929 792 804
f 929 804 810
f 163 930 165
f 165 930 931
f 163 162 930
f 930 162 170
f 930 170 904
f 904 170 169
f 904 169 175
f 932 159 142
f 142 141 932
f 932 141 168
f 932 168 931
f 931 168 167
f 931 167 165
f 933 161 932
f 932 161 160
f 932 160 159
f 150 149 934
f 934 149 148
f 934 148 147
f 147 153 934
f 934 153 152
f 934 152 151
f 151 155 934
f 934 155 157
f 934 157 933
f 933 157 158
f 933 158 161
f 829 828 925
f 925 828 197
f 925 197 880
f 880 197 870
f 880 870 878
f 878 870 875
f 197 146 870
f 870 146 144
f 870 144 934
f 934 144 143
f 934 143 150
f 91 89 935
f 936 937 938
f 101 99 939
f 83 82 940
f 941 942 943
f 944 945 946
f 947 948 949
f 950 951 952
f 953 954 955
f 955 954 956
f 957 958 959
f 960 108 72
f 10 961 11
f 11 961 962
f 11 962 58
f 963 964 965
f 965 964 966
f 967 966 957
f 957 966 958
f 958 966 964
f 958 964 959
f 968 969 970
f 970 969 971
f 970 971 949
f 971 951 949
f 949 951 950
f 949 950 947
f 947 950 952
f 947 952 948
f 948 952 972
f 948 972 967
f 967 972 973
f 967 973 966
f 966 973 974
f 966 974 965
f 939 975 976
f 976 975 977
f 977 978 979
f 948 980 949
f 949 980 976
f 949 976 970
f 970 976 977
f 970 977 968
f 968 977 979
f 944 956 981
f 982 76 983
f 983 76 984
f 985 954 986
f 986 954 953
f 986 953 987
f 987 953 959
f 988 943 989
f 989 943 942
f 989 942 982
f 984 990 991
f 991 990 992
f 991 992 993
f 994 941 995
f 995 941 943
f 995 943 996
f 996 943 988
f 996 988 997
f 997 988 998
f 997 998 999
f 982 983 989
f 989 983 984
f 989 984 988
f 988 984 991
f 988 991 998
f 998 991 993
f 998 993 999
f 1000 1001 1002
f 1002 1001 1003
f 79 1003 80
f 80 1003 1001
f 80 1001 1004
f 1004 1001 1000
f 1004 1000 1005
f 1006 1007 1008
f 1008 1007 1009
f 1008 1009 1010
f 1010 1011 1008
f 1008 1011 1012
f 1008 1012 1006
f 1006 1012 940
f 1006 940 115
f 115 940 82
f 1010 1013 1011
f 1011 1013 1014
f 1011 1014 1012
f 1012 1014 1005
f 1012 1005 940
f 940 1005 1000
f 940 1000 83
f 83 1000 1002
f 83 1002 85
f 85 1002 1003
f 85 1003 87
f 87 1003 79
f 1015 1016 1017
f 946 945 1018
f 944 981 945
f 945 981 1019
f 945 1019 1018
f 956 954 981
f 981 954 985
f 981 985 1019
f 1019 985 1020
f 1019 1020 1018
f 89 88 935
f 935 88 1015
f 935 1015 1021
f 1021 1015 1017
f 1021 1017 1022
f 93 95 1018
f 1018 95 97
f 1018 97 102
f 959 953 957
f 957 953 955
f 957 955 967
f 967 955 956
f 967 956 948
f 948 956 944
f 948 944 980
f 980 944 946
f 980 946 976
f 976 946 1018
f 976 1018 939
f 939 1018 102
f 939 102 101
f 115 92 1006
f 1006 92 91
f 1006 91 1007
f 1007 91 935
f 1007 935 1009
f 1009 935 1021
f 1009 1021 1010
f 1010 1021 1022
f 1010 1022 1013
f 1023 1024 108
f 1023 108 1025
f 1024 1026 108
f 108 1026 1027
f 108 1027 1028
f 10 126 961
f 961 126 108
f 961 108 1029
f 1029 108 1028
f 72 71 960
f 960 71 69
f 960 69 68
f 76 1030 73
f 73 1030 74
f 1031 1032 1033
f 1033 1032 1034
f 1033 1034 108
f 108 1034 1035
f 108 1035 1025
f 68 74 960
f 960 74 1036
f 960 1036 108
f 108 1036 1037
f 108 1037 1033
f 1030 1038 1039
f 1030 1039 74
f 74 1039 1040
f 74 1040 1036
f 1036 1040 1041
f 1036 1041 1037
f 98 116 936
f 936 116 103
f 103 105 936
f 936 105 106
f 936 106 937
f 937 106 112
f 937 112 113
f 99 98 939
f 939 98 936
f 939 936 975
f 975 936 938
f 975 938 977
f 977 938 1042
f 977 1042 978
f 76 78 984
f 984 78 81
f 984 81 990
f 990 81 80
f 990 80 992
f 992 80 1004
f 992 1004 993
f 993 1004 1005
f 993 1005 999
f 999 1005 1014
f 999 1014 997
f 997 1014 1013
f 997 1013 996
f 996 1013 1022
f 996 1022 995
f 995 1022 1017
f 995 1017 994
f 994 1017 1016
f 88 93 1015
f 1015 93 1018
f 1015 1018 1016
f 1016 1018 1020
f 1016 1020 994
f 994 1020 985
f 994 985 941
f 941 985 986
f 941 986 942
f 942 986 987
f 942 987 982
f 982 987 959
f 982 959 76
f 76 959 964
f 76 964 1030
f 1030 964 963
f 1030 963 1038
f 63 62 1043
f 1044 1045 1046
f 1047 1048 1049
f 1050 1051 1052
f 1053 59 58
f 1053 1054 1055
f 59 1053 60
f 53 128 1056
f 1057 1058 1059
f 1060 1061 1062
f 1062 1061 1063
f 1062 1063 1064
f 1048 1065 1066
f 1066 1065 1067
f 1066 1067 1068
f 1068 1067 1069
f 1068 1069 1070
f 1071 1072 1073
f 1073 1072 1074
f 1075 1044 1076
f 1076 1044 1046
f 1076 1046 1047
f 1047 1046 1074
f 1047 1074 1048
f 1048 1074 1072
f 1048 1072 1065
f 1065 1072 1071
f 1065 1071 1067
f 1067 1071 1077
f 1067 1077 1069
f 1078 1045 1079
f 1079 1080 1078
f 1078 1080 1081
f 1078 1081 1082
f 1083 1082 1081
f 60 1053 61
f 61 1053 1055
f 61 1055 62
f 1084 64 63
f 62 1055 1043
f 1043 1055 1085
f 1043 1085 1051
f 63 1043 1084
f 1084 1043 1051
f 1084 1051 1086
f 1086 1051 1050
f 1086 1050 1071
f 57 56 1087
f 56 67 1087
f 1087 67 66
f 1087 66 65
f 1073 1088 1071
f 1071 1088 1089
f 1071 1089 1086
f 1086 1089 1087
f 1086 1087 1084
f 1084 1087 65
f 1084 65 64
f 1082 1090 1091
f 1091 1090 1092
f 1091 1092 1093
f 1093 1092 1094
f 1093 1094 1095
f 1095 1094 1096
f 1095 1096 1097
f 1097 1096 1098
f 1097 1098 1060
f 1060 1098 1099
f 1060 1099 1061
f 1059 53 1057
f 1057 53 1056
f 1057 1056 1100
f 1100 1056 1064
f 1100 1064 1101
f 1101 1064 1063
f 128 57 1056
f 1056 57 1087
f 1056 1087 1064
f 1064 1087 1089
f 1064 1089 1062
f 1062 1089 1088
f 1062 1088 1060
f 1060 1088 1073
f 1060 1073 1097
f 1097 1073 1074
f 1097 1074 1095
f 1095 1074 1046
f 1095 1046 1093
f 1093 1046 1045
f 1093 1045 1091
f 1091 1045 1078
f 1091 1078 1082
f 20 19 1102
f 1103 1104 1105
f 1106 1107 1108
f 905 924 1109
f 1109 924 923
f 1107 1106 1109
f 910 909 1106
f 1106 909 908
f 1106 908 1109
f 1109 908 907
f 1109 907 905
f 914 913 1106
f 913 912 1106
f 1106 912 911
f 1106 911 910
f 914 1110 915
f 915 1110 916
f 901 903 1111
f 901 1111 896
f 896 1111 1102
f 896 1102 897
f 903 919 1111
f 1111 919 918
f 1111 918 1110
f 1110 918 917
f 1110 917 916
f 893 895 1112
f 1112 895 900
f 1112 900 1102
f 1102 900 899
f 1102 899 897
f 1113 872 892
f 891 889 1114
f 1114 889 888
f 1114 888 1115
f 1116 871 872
f 1105 873 869
f 873 1105 874
f 874 1105 1104
f 874 1104 875
f 872 1113 1116
f 1116 1113 1117
f 1116 1117 1118
f 1119 1103 1118
f 1118 1103 1105
f 1118 1105 1116
f 1116 1105 869
f 1116 869 871
f 892 891 1113
f 1113 891 1114
f 1113 1114 1117
f 1117 1114 1120
f 1117 1120 1121
f 888 893 1115
f 1115 893 1112
f 1115 1112 1114
f 1114 1112 1122
f 1114 1122 1120
f 19 1123 1102
f 1102 1123 1124
f 1102 1124 1112
f 1112 1124 1125
f 1112 1125 1122
f 1126 1109 1127
f 1127 1109 923
f 1127 923 921
f 1042 1128 978
f 978 1128 979
f 1126 1128 1109
f 1109 1128 1042
f 1109 1042 1107
f 1107 1042 938
f 1107 938 937
f 937 113 1107
f 1107 113 8
f 1107 8 1108
f 1108 8 7
f 1108 7 5
f 914 1106 1110
f 1110 1106 1108
f 1110 1108 1111
f 1111 1108 5
f 1111 5 4
f 1129 1130 1131
f 1121 1132 1117
f 1117 1132 1133
f 1117 1133 1118
f 1118 1133 1134
f 1118 1134 1129
f 1129 1131 1118
f 1118 1131 1135
f 1118 1135 1119
f 4 107 1111
f 1111 107 118
f 1111 118 1102
f 1102 118 21
f 1102 21 20
f 1123 19 18
f 1059 1058 1136
f 1137 1138 32
f 1139 35 42
f 1140 39 38
f 35 1139 36
f 36 1139 1141
f 36 1141 38
f 38 1141 1142
f 38 1142 1140
f 1143 1144 23
f 23 1144 1145
f 23 1145 24
f 23 30 1143
f 1143 30 29
f 1143 29 1146
f 1146 29 27
f 1146 27 1147
f 1147 27 26
f 1147 26 1148
f 1148 26 31
f 1148 31 1149
f 1149 31 14
f 1149 14 1138
f 1138 14 13
f 1138 13 32
f 1137 32 1140
f 1140 32 34
f 1140 34 39
f 53 1059 54
f 54 1059 1136
f 54 1136 51
f 1150 43 1136
f 1136 43 52
f 1136 52 51
f 24 1145 25
f 25 1145 1151
f 25 1151 17
f 17 1151 1152
f 17 1152 18
f 18 1152 1124
f 18 1124 1123
f 42 41 1139
f 1139 41 49
f 1139 49 1153
f 1153 49 48
f 1153 48 1154
f 1154 48 47
f 1154 47 1155
f 1155 47 46
f 1155 46 1150
f 1150 46 44
f 1150 44 43
f 1156 1157 1158
f 1159 1160 1143
f 1143 1160 1144
f 1144 1160 1161
f 1144 1161 1145
f 1143 1146 1159
f 1159 1146 1147
f 1159 1147 1162
f 1162 1147 1148
f 1162 1148 1163
f 1163 1148 1149
f 1163 1149 1138
f 1164 1165 1166
f 1166 1165 1167
f 1166 1167 1168
f 1168 1167 1169
f 1168 1169 1170
f 1137 1165 1171
f 1171 1165 1164
f 1171 1164 1172
f 1172 1164 1173
f 1172 1173 1174
f 1175 1173 1176
f 1176 1173 1164
f 1176 1164 1177
f 1177 1164 1166
f 1178 1161 1179
f 1179 1161 1160
f 1179 1160 1180
f 1180 1160 1159
f 1180 1159 1181
f 1181 1159 1162
f 1181 1162 1182
f 1182 1162 1163
f 1183 1178 1184
f 1184 1178 1179
f 1184 1179 1185
f 1185 1179 1180
f 1185 1180 1186
f 1186 1180 1181
f 1186 1181 1174
f 1174 1181 1182
f 1174 1182 1172
f 1172 1182 1163
f 1172 1163 1171
f 1171 1163 1138
f 1171 1138 1137
f 1187 1188 1189
f 1189 1188 1190
f 1189 1190 1191
f 1191 1190 1192
f 1191 1192 1130
f 1129 1134 1193
f 1193 1134 1133
f 1193 1133 1194
f 1194 1133 1132
f 1195 1196 1197
f 1197 1196 1198
f 1197 1198 1187
f 1187 1198 1199
f 1187 1199 1188
f 1200 1201 1202
f 1202 1201 1203
f 1202 1203 1195
f 1195 1203 1204
f 1195 1204 1196
f 1175 1200 1173
f 1173 1200 1202
f 1173 1202 1174
f 1174 1202 1195
f 1174 1195 1186
f 1186 1195 1197
f 1186 1197 1185
f 1185 1197 1187
f 1185 1187 1184
f 1184 1187 1189
f 1184 1189 1183
f 1183 1189 1191
f 1205 1206 1207
f 1208 1209 1210
f 1210 1209 1211
f 1210 1211 1212
f 1212 1211 1213
f 1212 1213 1170
f 1208 1210 1214
f 1214 1210 1215
f 1214 1215 1216
f 1216 1215 1205
f 1216 1205 1158
f 1158 1205 1207
f 1158 1207 1156
f 1212 1155 1210
f 1210 1155 1150
f 1210 1150 1215
f 1215 1150 1136
f 1215 1136 1205
f 1205 1136 1058
f 1205 1058 1206
f 1130 1129 1191
f 1191 1129 1193
f 1191 1193 1183
f 1183 1193 1194
f 1183 1194 1178
f 1178 1194 1217
f 1178 1217 1161
f 1161 1217 1151
f 1161 1151 1145
f 1132 1121 1194
f 1194 1121 1120
f 1194 1120 1217
f 1217 1120 1122
f 1217 1122 1151
f 1151 1122 1125
f 1151 1125 1152
f 1152 1125 1124
f 1213 1218 1170
f 1170 1218 1219
f 1170 1219 1168
f 1168 1219 1220
f 1168 1220 1166
f 1166 1220 1221
f 1166 1221 1177
f 1137 1140 1165
f 1165 1140 1142
f 1165 1142 1167
f 1167 1142 1141
f 1167 1141 1169
f 1169 1141 1139
f 1169 1139 1170
f 1170 1139 1153
f 1170 1153 1212
f 1212 1153 1154
f 1212 1154 1155
f 1222 1223 1224
f 1225 1224 1226
f 865 864 1227
f 887 886 1228
f 881 879 1229
f 1229 879 878
f 1229 878 875
f 883 877 1229
f 877 876 1229
f 1229 876 882
f 1229 882 881
f 886 885 1225
f 1225 885 884
f 868 1230 863
f 863 1230 1231
f 863 1231 861
f 861 1231 848
f 865 1227 867
f 848 1231 849
f 849 1231 1232
f 849 1232 858
f 1233 855 854
f 854 852 1233
f 1233 852 860
f 1233 860 1232
f 1232 860 859
f 1232 859 858
f 1234 856 855
f 857 856 1235
f 1235 856 1234
f 1235 1234 1236
f 1128 1126 1235
f 1235 1126 1127
f 857 1235 920
f 920 1235 1127
f 920 1127 921
f 875 1104 1229
f 1229 1104 1103
f 1229 1103 1237
f 868 867 1230
f 1230 867 1227
f 1230 1227 1228
f 1228 1227 864
f 1228 864 887
f 855 1233 1234
f 1234 1233 1238
f 1234 1238 1236
f 1239 1240 1232
f 1232 1240 1241
f 1232 1241 1233
f 1233 1241 1242
f 1233 1242 1238
f 1239 1232 1243
f 1243 1232 1231
f 1243 1231 1244
f 1103 1119 1237
f 1237 1119 1135
f 1237 1135 1131
f 1130 1245 1131
f 1131 1245 1222
f 1131 1222 1237
f 1237 1222 1224
f 1237 1224 1229
f 1229 1224 1225
f 1229 1225 883
f 883 1225 884
f 1246 1247 1226
f 1246 1226 1248
f 1223 1249 1224
f 1224 1249 1250
f 1224 1250 1226
f 1226 1250 1251
f 1226 1251 1248
f 886 1225 1228
f 1228 1225 1226
f 1228 1226 1230
f 1230 1226 1247
f 1230 1247 1252
f 979 1128 1253
f 1253 1128 1235
f 1253 1235 1254
f 1254 1235 1236
f 1252 1255 1230
f 1230 1255 1256
f 1230 1256 1231
f 1231 1256 1257
f 1231 1257 1244
f 1258 1259 1260
f 1261 1262 1263
f 1264 1265 1266
f 1267 1268 1269
f 1270 1082 1271
f 1272 1082 1081
f 1070 1069 1273
f 1274 1275 1276
f 1277 1071 1278
f 58 962 1053
f 1053 962 1055
f 962 961 1055
f 1055 961 1029
f 1055 1029 1028
f 1028 1027 1055
f 1055 1027 1026
f 1055 1026 1024
f 1035 1279 1025
f 1025 1279 1023
f 1034 1032 1280
f 1280 1032 1031
f 1281 1275 1282
f 1282 1275 1274
f 1282 1274 1283
f 1283 1274 1284
f 1277 1278 1279
f 1071 1277 1285
f 1285 1277 1279
f 1285 1279 1280
f 1280 1279 1035
f 1280 1035 1034
f 1286 1287 1288
f 1270 1271 1289
f 1031 1284 1288
f 1288 1284 1274
f 1288 1274 1286
f 1286 1274 1276
f 1286 1276 1290
f 1290 1276 1291
f 1290 1291 1292
f 1292 1291 1293
f 1292 1293 1294
f 1294 1293 1295
f 1294 1295 1296
f 1071 1050 1278
f 1278 1050 1052
f 1278 1052 1051
f 1273 1297 1298
f 1298 1297 1071
f 1298 1071 1299
f 1273 1069 1297
f 1297 1069 1077
f 1297 1077 1071
f 1300 1048 1301
f 1301 1048 1302
f 1301 1302 1303
f 1287 1286 1303
f 1303 1286 1290
f 1303 1290 1301
f 1301 1290 1292
f 1301 1292 1300
f 1300 1292 1294
f 1300 1294 1304
f 1304 1294 1296
f 1304 1296 1045
f 1047 1048 1300
f 1047 1300 1076
f 1076 1300 1304
f 1076 1304 1044
f 1044 1304 1045
f 1031 1288 1280
f 1280 1288 1287
f 1280 1287 1285
f 1285 1287 1303
f 1285 1303 1071
f 1071 1303 1302
f 1071 1302 1299
f 1299 1302 1048
f 1299 1048 1298
f 1298 1048 1066
f 1298 1066 1273
f 1273 1066 1068
f 1273 1068 1070
f 1082 1265 1305
f 1305 1265 1306
f 1307 1308 1309
f 1289 1309 1310
f 1310 1309 1308
f 1310 1308 1311
f 1311 1308 1082
f 1269 1312 1267
f 1267 1312 1313
f 1267 1313 1314
f 1314 1313 1315
f 1316 1317 1315
f 1315 1317 1318
f 1315 1318 1319
f 1316 1315 1320
f 1320 1315 1313
f 1320 1313 1321
f 1321 1313 1312
f 1321 1312 1322
f 1323 1324 1325
f 1264 1266 1269
f 1269 1266 1323
f 1269 1323 1312
f 1312 1323 1325
f 1312 1325 1322
f 1082 1326 1265
f 1265 1326 1327
f 1265 1327 1266
f 1266 1327 1263
f 1266 1263 1323
f 1323 1263 1262
f 1323 1262 1324
f 1328 1329 1330
f 1330 1329 1331
f 1082 1308 1326
f 1326 1308 1307
f 1326 1307 1327
f 1327 1307 1330
f 1327 1330 1263
f 1263 1330 1331
f 1263 1331 1261
f 1289 1310 1270
f 1270 1310 1311
f 1270 1311 1082
f 1259 1328 1260
f 1260 1328 1330
f 1260 1330 1332
f 1332 1330 1307
f 1332 1307 1333
f 1333 1307 1309
f 1333 1309 1334
f 1334 1309 1289
f 1334 1289 1335
f 1335 1289 1271
f 1335 1271 1272
f 1272 1271 1082
f 1051 1085 1278
f 1278 1085 1055
f 1278 1055 1279
f 1279 1055 1024
f 1279 1024 1023
f 1281 1336 1275
f 1275 1336 1258
f 1275 1258 1276
f 1276 1258 1260
f 1276 1260 1291
f 1291 1260 1332
f 1291 1332 1293
f 1293 1332 1333
f 1293 1333 1295
f 1295 1333 1334
f 1295 1334 1296
f 1296 1334 1335
f 1296 1335 1045
f 1045 1335 1272
f 1045 1272 1079
f 1079 1272 1081
f 1079 1081 1080
f 1090 1082 1337
f 1315 1338 1314
f 1099 1098 1339
f 1340 1341 1342
f 1314 1338 1267
f 1319 1343 1315
f 1315 1343 1344
f 1315 1344 1345
f 1346 1347 1348
f 1348 1347 1349
f 1348 1349 1350
f 1341 1351 1342
f 1342 1351 1352
f 1342 1352 1339
f 1353 1354 1355
f 1356 1357 1355
f 1355 1357 1358
f 1356 1359 1357
f 1357 1359 1360
f 1357 1360 1361
f 1361 1360 1362
f 1361 1362 1082
f 1269 1363 1364
f 1365 1366 1367
f 1365 1368 1369
f 1370 1082 1371
f 1350 1372 1348
f 1348 1372 1340
f 1348 1340 1371
f 1371 1340 1342
f 1371 1342 1370
f 1370 1342 1339
f 1370 1339 1373
f 1268 1374 1375
f 1376 1269 1377
f 1377 1269 1268
f 1345 1378 1315
f 1315 1378 1360
f 1315 1360 1338
f 1338 1360 1359
f 1338 1359 1267
f 1267 1359 1356
f 1267 1356 1268
f 1268 1356 1355
f 1373 1379 1370
f 1370 1379 1337
f 1370 1337 1082
f 1378 1346 1360
f 1360 1346 1348
f 1360 1348 1362
f 1362 1348 1371
f 1362 1371 1082
f 1365 1082 1305
f 1365 1380 1366
f 1366 1380 1269
f 1366 1269 1367
f 1367 1269 1364
f 1367 1364 1365
f 1365 1364 1363
f 1365 1363 1368
f 1368 1363 1269
f 1368 1269 1369
f 1369 1269 1376
f 1369 1376 1365
f 1365 1376 1082
f 1305 1306 1365
f 1365 1306 1265
f 1365 1265 1380
f 1380 1265 1264
f 1380 1264 1269
f 1355 1354 1268
f 1268 1354 1353
f 1268 1353 1374
f 1374 1353 1355
f 1374 1355 1375
f 1375 1355 1358
f 1375 1358 1268
f 1268 1358 1357
f 1268 1357 1377
f 1377 1357 1361
f 1377 1361 1376
f 1376 1361 1082
f 1339 1098 1373
f 1373 1098 1096
f 1373 1096 1379
f 1379 1096 1094
f 1379 1094 1337
f 1337 1094 1092
f 1337 1092 1090
f 1372 1381 1340
f 1340 1381 1157
f 1340 1157 1341
f 1341 1157 1156
f 1341 1156 1351
f 1351 1156 1207
f 1351 1207 1057
f 1057 1207 1206
f 1057 1206 1058
f 1057 1100 1351
f 1351 1100 1101
f 1351 1101 1352
f 1352 1101 1063
f 1352 1063 1339
f 1339 1063 1061
f 1339 1061 1099
f 1382 1383 1384
f 1284 1031 1033
f 1385 1386 1387
f 1388 1389 1390
f 1390 1389 1391
f 1390 1391 1392
f 1391 1393 1392
f 1392 1393 1394
f 1392 1394 1395
f 1395 1394 1396
f 1395 1396 1397
f 1397 1396 1398
f 1397 1398 1399
f 1400 1382 965
f 1399 1383 1397
f 1397 1383 1382
f 1397 1382 1395
f 1395 1382 1400
f 1395 1400 1392
f 1392 1400 1401
f 1392 1401 1390
f 1402 1403 1404
f 1253 1254 1405
f 1404 969 968
f 1406 1402 1407
f 1407 1402 1404
f 1407 1404 1408
f 1408 1404 968
f 1408 968 979
f 1403 951 1404
f 1404 951 971
f 1404 971 969
f 1386 1388 1387
f 1387 1388 1390
f 1387 1390 1409
f 1409 1390 1401
f 1409 1401 1410
f 1410 1401 1400
f 965 974 1400
f 1400 974 973
f 1400 973 1410
f 1410 973 972
f 1410 972 1411
f 1411 972 952
f 1412 1282 1283
f 1283 1284 1412
f 1412 1284 1033
f 1412 1033 1413
f 1033 1037 1413
f 1413 1037 1041
f 1413 1041 1414
f 1415 1406 1416
f 1416 1406 1407
f 1416 1407 1405
f 1405 1407 1408
f 1405 1408 1253
f 1253 1408 979
f 1240 1239 1415
f 1254 1236 1405
f 1405 1236 1238
f 1405 1238 1416
f 1416 1238 1242
f 1416 1242 1415
f 1415 1242 1241
f 1415 1241 1240
f 952 951 1411
f 1411 951 1403
f 1411 1403 1410
f 1410 1403 1402
f 1410 1402 1409
f 1409 1402 1406
f 1409 1406 1387
f 1387 1406 1415
f 1387 1415 1385
f 1385 1415 1239
f 1385 1239 1243
f 1041 1040 1414
f 1414 1040 1039
f 1414 1039 1384
f 1384 1039 1038
f 1384 1038 1382
f 1382 1038 963
f 1382 963 965
f 1281 1282 1417
f 1417 1282 1412
f 1417 1412 1418
f 1418 1412 1413
f 1418 1413 1419
f 1419 1413 1414
f 1419 1414 1420
f 1420 1414 1384
f 1420 1384 1421
f 1421 1384 1383
f 1421 1383 1422
f 1422 1383 1399
f 537 538 1423
f 494 493 1424
f 1425 696 700
f 1425 700 1423
f 1423 700 536
f 1423 536 537
f 493 535 832
f 1424 493 1426
f 1426 493 832
f 1426 832 847
f 541 1427 540
f 540 1427 1428
f 540 1428 539
f 539 1428 1429
f 539 1429 538
f 538 1429 1430
f 538 1430 1423
f 494 1424 496
f 496 1424 1431
f 496 1431 497
f 497 1431 1432
f 497 1432 499
f 499 1432 1433
f 499 1433 501
f 501 1433 1434
f 501 1434 502
f 502 1434 1435
f 502 1435 504
f 504 1435 1436
f 504 1436 506
f 506 1436 1437
f 506 1437 507
f 507 1437 1438
f 507 1438 542
f 542 1438 1439
f 542 1439 541
f 541 1439 1440
f 541 1440 1427
f 843 842 1441
f 1442 1443 1444
f 1445 1446 1447
f 684 691 1448
f 697 696 1425
f 1449 1450 1451
f 1451 1450 1452
f 1453 1454 1455
f 1455 1454 1456
f 1455 1456 1457
f 1458 1459 1460
f 1460 1459 1461
f 1460 1461 1462
f 1457 1463 1455
f 1455 1463 1464
f 1455 1464 1453
f 1453 1464 1465
f 1453 1465 1466
f 1466 1465 1467
f 1466 1467 1468
f 1468 1467 1469
f 1468 1469 1470
f 1470 1469 1471
f 1472 1473 1474
f 1474 1473 1471
f 1474 1471 1475
f 1475 1471 1469
f 1475 1469 1476
f 1476 1469 1467
f 1476 1467 1477
f 1477 1467 1465
f 1477 1465 1458
f 1458 1465 1464
f 1458 1464 1459
f 1478 1479 1480
f 838 1481 840
f 840 1481 1482
f 1479 1441 1482
f 1482 1481 1479
f 1479 1481 1483
f 1479 1483 1480
f 1480 1484 1478
f 1478 1484 1485
f 1478 1485 1486
f 1441 842 1482
f 1482 842 841
f 1482 841 840
f 1487 1488 1489
f 1489 1488 1490
f 1489 1490 1437
f 1426 1491 1424
f 1424 1491 1492
f 1424 1492 1431
f 1431 1492 1493
f 1431 1493 1432
f 1432 1493 1494
f 1432 1494 1433
f 1433 1494 1495
f 1433 1495 1487
f 1487 1495 1496
f 1487 1496 1488
f 1437 1436 1489
f 1489 1436 1435
f 1489 1435 1487
f 1487 1435 1434
f 1487 1434 1433
f 689 688 1497
f 1497 688 698
f 1498 1429 1499
f 1499 1429 1428
f 1499 1428 1500
f 698 697 1497
f 1497 697 1425
f 1497 1425 1501
f 1501 1425 1423
f 1501 1423 1498
f 1498 1423 1430
f 1498 1430 1429
f 1502 1503 1504
f 678 545 1505
f 544 681 1445
f 1443 1503 1444
f 1444 1503 1502
f 1444 1502 1506
f 686 685 1446
f 681 680 1445
f 1445 680 679
f 1445 679 1446
f 1446 679 687
f 1446 687 686
f 1507 1508 1509
f 1509 1508 1510
f 1511 1510 1442
f 685 684 1446
f 1446 684 1448
f 1446 1448 1447
f 1447 1448 1512
f 1447 1512 1513
f 545 544 1505
f 1505 544 1445
f 1505 1445 1514
f 1514 1445 1447
f 1514 1447 1515
f 1515 1447 1513
f 1515 1513 1516
f 1442 1444 1511
f 1511 1444 1506
f 1511 1506 1517
f 1517 1506 1518
f 1517 1518 1519
f 1519 1518 1520
f 1519 1520 1521
f 1522 1523 1524
f 1524 1523 1525
f 1524 1525 1507
f 1507 1509 1524
f 1524 1509 1526
f 1524 1526 1522
f 1522 1526 1527
f 1522 1527 1523
f 1527 1460 1452
f 1452 1460 1462
f 1452 1462 1451
f 1510 1511 1509
f 1509 1511 1517
f 1509 1517 1526
f 1526 1517 1519
f 1526 1519 1527
f 1527 1519 1521
f 1527 1521 1460
f 674 673 1504
f 1504 673 678
f 1504 678 1502
f 1502 678 1505
f 1502 1505 1506
f 1506 1505 1514
f 1506 1514 1518
f 1518 1514 1515
f 1518 1515 1520
f 1520 1515 1516
f 1520 1516 1521
f 1521 1516 1528
f 1521 1528 1460
f 1460 1528 1529
f 1460 1529 1458
f 1458 1529 1530
f 1458 1530 1477
f 1477 1530 1531
f 1477 1531 1476
f 1476 1531 1532
f 1476 1532 1475
f 1426 847 846
f 1426 846 1491
f 1491 846 845
f 1491 845 844
f 844 843 1491
f 1491 843 1441
f 1491 1441 1492
f 1492 1441 1479
f 1492 1479 1493
f 1493 1479 1478
f 1493 1478 1494
f 1494 1478 1486
f 1494 1486 1495
f 1495 1486 1533
f 1495 1533 1496
f 1496 1533 1534
f 1496 1534 1488
f 1428 1427 1500
f 1500 1427 1440
f 1500 1440 1535
f 1535 1440 1439
f 1535 1439 1490
f 1490 1439 1438
f 1490 1438 1437
f 1485 1472 1486
f 1486 1472 1474
f 1486 1474 1533
f 1533 1474 1475
f 1533 1475 1534
f 1534 1475 1532
f 1534 1532 1488
f 1488 1532 1531
f 1488 1531 1490
f 1490 1531 1530
f 1490 1530 1535
f 1535 1530 1529
f 1535 1529 1500
f 1500 1529 1528
f 1500 1528 1499
f 1499 1528 1516
f 1499 1516 1498
f 1498 1516 1513
f 1498 1513 1501
f 1501 1513 1512
f 1501 1512 1497
f 1497 1512 1448
f 1497 1448 689
f 689 1448 691
f 1536 1537 776
f 1442 1538 1443
f 1539 837 836
f 1540 1541 1542
f 1543 1453 1466
f 1544 1545 1546
f 1547 1457 1548
f 1549 1550 1551
f 1552 1553 1554
f 1555 1556 1557
f 1558 1559 1560
f 1561 1562 1563
f 1563 1562 1558
f 1560 1559 1564
f 769 767 1557
f 769 1565 770
f 770 1565 1566
f 769 1557 1565
f 1565 1557 1567
f 1565 1567 1566
f 759 765 1568
f 1568 765 764
f 1568 764 1566
f 1566 764 762
f 1566 762 770
f 1569 1570 1571
f 1571 1570 1572
f 1571 1572 1573
f 1573 1572 1556
f 1573 1556 1574
f 1574 1556 1555
f 1574 1555 1575
f 1557 1556 1567
f 1567 1556 1572
f 1567 1572 1566
f 1566 1572 1570
f 1566 1570 1568
f 833 206 1576
f 1576 206 755
f 1558 1562 1559
f 1559 1562 1577
f 1559 1577 1564
f 1564 1577 1464
f 1564 1464 1463
f 1578 1579 1580
f 1580 1579 1581
f 1580 1581 1582
f 1582 1581 1583
f 1584 1583 1585
f 1585 1583 1581
f 1585 1581 1586
f 1586 1581 1579
f 1586 1579 1587
f 1587 1579 1578
f 1587 1578 1552
f 1457 1547 1551
f 1551 1547 1588
f 1551 1588 1549
f 1589 1452 1450
f 1450 1451 1589
f 1589 1451 1462
f 1589 1462 1461
f 1577 1590 1464
f 1464 1590 1589
f 1464 1589 1459
f 1459 1589 1461
f 1591 1592 1593
f 1592 1543 1593
f 1593 1543 1594
f 1593 1594 1595
f 1596 1597 1598
f 1553 1544 1554
f 1554 1544 1546
f 1554 1546 1540
f 1453 1543 1454
f 1454 1543 1592
f 1454 1592 1456
f 1456 1592 1591
f 1456 1591 1457
f 1457 1591 1593
f 1457 1593 1548
f 1548 1593 1595
f 1548 1595 1547
f 1547 1595 1599
f 1547 1599 1588
f 1552 1554 1587
f 1587 1554 1540
f 1587 1540 1586
f 1586 1540 1542
f 1586 1542 1585
f 1585 1542 1600
f 1585 1600 1584
f 1601 1602 1603
f 1603 1602 1604
f 1603 1604 1576
f 1569 1605 1570
f 1570 1605 1606
f 1570 1606 1568
f 1568 1606 1607
f 1568 1607 759
f 759 1607 757
f 1472 1605 1473
f 1473 1605 1569
f 1473 1569 1471
f 1471 1569 1608
f 767 766 1557
f 1557 766 1561
f 1557 1561 1555
f 1555 1561 1563
f 1555 1563 1575
f 1575 1563 1558
f 1575 1558 1582
f 1582 1558 1560
f 1582 1560 1580
f 1580 1560 1609
f 1580 1609 1578
f 1578 1609 1610
f 1578 1610 1552
f 1552 1610 1611
f 1552 1611 1553
f 1553 1611 1612
f 1553 1612 1544
f 1544 1612 1613
f 1544 1613 1545
f 1545 1613 1598
f 1545 1598 1546
f 1546 1598 1597
f 1546 1597 1540
f 1540 1597 1608
f 1540 1608 1541
f 1541 1608 1569
f 1541 1569 1542
f 1542 1569 1571
f 1542 1571 1600
f 1600 1571 1573
f 1600 1573 1584
f 1584 1573 1574
f 1584 1574 1583
f 1583 1574 1575
f 1583 1575 1582
f 1480 1602 1484
f 1484 1602 1601
f 1484 1601 1485
f 755 757 1576
f 1576 757 1607
f 1576 1607 1603
f 1603 1607 1606
f 1603 1606 1601
f 1601 1606 1605
f 1601 1605 1485
f 1485 1605 1472
f 1463 1457 1564
f 1564 1457 1551
f 1564 1551 1560
f 1560 1551 1550
f 1560 1550 1609
f 1609 1550 1549
f 1609 1549 1610
f 1610 1549 1588
f 1610 1588 1611
f 1611 1588 1599
f 1611 1599 1612
f 1612 1599 1595
f 1612 1595 1613
f 1613 1595 1594
f 1613 1594 1598
f 1598 1594 1543
f 1598 1543 1596
f 1596 1543 1466
f 1596 1466 1597
f 1597 1466 1468
f 1597 1468 1608
f 1608 1468 1470
f 1608 1470 1471
f 1536 1614 1615
f 1614 711 1615
f 1615 711 710
f 1615 710 717
f 1503 716 1504
f 1504 716 715
f 715 714 1504
f 1504 714 713
f 1504 713 674
f 1507 1538 1508
f 1508 1538 1442
f 1508 1442 1510
f 1507 1525 1537
f 1507 1537 1538
f 1538 1537 1536
f 1538 1536 1443
f 1443 1536 1615
f 1443 1615 1503
f 1503 1615 717
f 1503 717 716
f 1452 1589 1527
f 1527 1589 1616
f 1527 1616 1523
f 1523 1616 1617
f 1523 1617 1525
f 726 719 1614
f 1614 719 718
f 1614 718 711
f 1525 1617 1537
f 1537 1617 774
f 1537 774 776
f 727 726 731
f 731 726 1614
f 731 1614 779
f 779 1614 1536
f 779 1536 777
f 777 1536 776
f 838 837 1481
f 1481 837 1539
f 1481 1539 1483
f 1480 1483 1602
f 1602 1483 1539
f 1602 1539 1604
f 1604 1539 836
f 1604 836 1576
f 1576 836 834
f 1576 834 833
f 766 740 1561
f 1561 740 741
f 1561 741 1562
f 1562 741 742
f 1562 742 1577
f 1577 742 791
f 1577 791 1590
f 1590 791 790
f 1590 790 1589
f 1589 790 788
f 1589 788 1616
f 1616 788 786
f 1616 786 1617
f 1617 786 772
f 1617 772 774
f 902 1618 906
f 906 1618 1619
f 906 1619 904
f 904 1619 930
f 930 1619 1620
f 930 1620 931
f 931 1620 1621
f 931 1621 932
f 1622 934 1621
f 1621 934 933
f 1621 933 932
f 902 898 1618
f 1618 898 894
f 1618 894 1623
f 1623 894 890
f 1623 890 1622
f 1622 890 870
f 1622 870 934
f 1624 927 1625
f 1625 927 926
f 1625 926 1626
f 1626 926 925
f 1626 925 1627
f 1627 925 880
f 1627 880 1628
f 1628 880 866
f 1628 866 1629
f 1629 866 862
f 1629 862 1630
f 1630 862 850
f 1630 850 1631
f 1631 850 851
f 1631 851 1632
f 1632 851 853
f 1632 853 1633
f 1633 853 922
f 1633 922 1634
f 1634 922 929
f 1634 929 1635
f 1635 929 928
f 1635 928 1624
f 1624 928 927
f 1636 1637 1638
f 1638 1637 1639
f 1640 1641 1642
f 1643 1644 1639
f 1639 1644 1645
f 1639 1645 1638
f 1642 1646 1640
f 1640 1646 1647
f 1640 1647 1648
f 1648 1647 1649
f 1648 1649 1643
f 1643 1649 1650
f 1643 1650 1644
f 1636 1651 1637
f 1637 1651 1652
f 1637 1652 1641
f 1641 1652 1653
f 1641 1653 1642
f 1654 1641 1655
f 1655 1641 1640
f 1655 1640 1656
f 1656 1640 1648
f 1656 1648 1657
f 1657 1648 1643
f 1657 1643 1658
f 1658 1643 1639
f 1658 1639 1659
f 1659 1639 1637
f 1659 1637 1654
f 1654 1637 1641
f 1630 1645 1629
f 1629 1645 1644
f 1629 1644 1628
f 1628 1644 1650
f 1628 1650 1627
f 1627 1650 1649
f 1627 1649 1626
f 1626 1649 1647
f 1626 1647 1625
f 1625 1647 1646
f 1625 1646 1624
f 1624 1646 1642
f 1624 1642 1635
f 1635 1642 1653
f 1635 1653 1634
f 1634 1653 1652
f 1634 1652 1633
f 1633 1652 1651
f 1633 1651 1632
f 1632 1651 1636
f 1632 1636 1631
f 1631 1636 1638
f 1631 1638 1630
f 1630 1638 1645
f 1660 1661 1655
f 1655 1661 1662
f 1655 1662 1654
f 1660 1663 1661
f 1661 1663 1664
f 1661 1664 1665
f 1665 1664 1666
f 1665 1666 1667
f 1667 1666 1668
f 1667 1668 1669
f 1669 1668 1621
f 1669 1621 1620
f 1655 1656 1670
f 1671 1663 1670
f 1670 1663 1660
f 1670 1660 1655
f 1668 1666 1671
f 1671 1666 1664
f 1671 1664 1663
f 1671 1672 1668
f 1668 1672 1622
f 1668 1622 1621
f 1656 1657 1673
f 1656 1673 1670
f 1670 1673 1674
f 1670 1674 1671
f 1671 1674 1675
f 1671 1675 1672
f 1672 1675 1623
f 1672 1623 1622
f 1657 1658 1676
f 1657 1676 1673
f 1673 1676 1677
f 1673 1677 1674
f 1674 1677 1678
f 1674 1678 1675
f 1675 1678 1618
f 1675 1618 1623
f 1658 1659 1679
f 1658 1679 1676
f 1676 1679 1680
f 1676 1680 1677
f 1677 1680 1681
f 1677 1681 1678
f 1678 1681 1619
f 1678 1619 1618
f 1659 1654 1662
f 1659 1662 1679
f 1679 1662 1661
f 1679 1661 1680
f 1661 1665 1680
f 1680 1665 1667
f 1680 1667 1681
f 1667 1669 1681
f 1681 1669 1620
f 1681 1620 1619
f 1682 1249 1223
f 1683 1684 1685
f 1686 1687 1688
f 1689 1690 1691
f 1692 1693 1694
f 1695 1696 1697
f 1698 1699 1700
f 1188 1199 1701
f 1702 1703 1704
f 1200 1705 1706
f 1707 1708 1709
f 1709 1708 1706
f 1199 1198 1701
f 1701 1198 1196
f 1701 1196 1707
f 1707 1196 1204
f 1707 1204 1708
f 1708 1204 1203
f 1708 1203 1706
f 1706 1203 1201
f 1706 1201 1200
f 1710 1711 1712
f 1712 1711 1713
f 1712 1713 1714
f 1714 1713 1715
f 1714 1715 1716
f 1716 1715 1717
f 1716 1717 1718
f 1718 1717 1719
f 1718 1719 1720
f 1702 1720 1703
f 1703 1720 1719
f 1703 1719 1705
f 1705 1719 1717
f 1705 1717 1706
f 1706 1717 1715
f 1706 1715 1709
f 1709 1715 1713
f 1709 1713 1707
f 1707 1713 1711
f 1707 1711 1701
f 1245 1130 1721
f 1721 1130 1192
f 1722 1723 1724
f 1725 1726 1727
f 1727 1726 1728
f 1727 1728 1729
f 1729 1728 1730
f 1731 1730 1732
f 1732 1730 1728
f 1732 1728 1733
f 1733 1728 1726
f 1733 1726 1734
f 1734 1726 1725
f 1734 1725 1698
f 1693 1692 1697
f 1697 1692 1735
f 1697 1735 1695
f 1736 1737 1738
f 1739 1736 1740
f 1740 1736 1738
f 1740 1738 1741
f 1739 1742 1736
f 1736 1742 1743
f 1736 1743 1723
f 1744 1745 1746
f 1745 1686 1746
f 1746 1686 1747
f 1746 1747 1748
f 1749 1750 1751
f 1699 1689 1700
f 1700 1689 1691
f 1700 1691 1683
f 1687 1686 1752
f 1752 1686 1745
f 1752 1745 1753
f 1753 1745 1744
f 1753 1744 1693
f 1693 1744 1746
f 1693 1746 1694
f 1694 1746 1748
f 1694 1748 1692
f 1692 1748 1754
f 1692 1754 1735
f 1698 1700 1734
f 1734 1700 1683
f 1734 1683 1733
f 1733 1683 1685
f 1733 1685 1732
f 1732 1685 1755
f 1732 1755 1731
f 1756 1757 1758
f 1758 1757 1759
f 1758 1759 1721
f 1710 1760 1711
f 1711 1760 1761
f 1711 1761 1701
f 1701 1761 1762
f 1701 1762 1188
f 1188 1762 1190
f 1763 1760 1764
f 1764 1760 1710
f 1764 1710 1765
f 1765 1710 1766
f 1767 1757 1768
f 1768 1757 1756
f 1768 1756 1769
f 1192 1190 1721
f 1721 1190 1762
f 1721 1762 1758
f 1758 1762 1761
f 1758 1761 1756
f 1756 1761 1760
f 1756 1760 1769
f 1769 1760 1763
f 1724 1693 1722
f 1722 1693 1697
f 1722 1697 1770
f 1770 1697 1696
f 1770 1696 1771
f 1771 1696 1695
f 1771 1695 1772
f 1772 1695 1735
f 1772 1735 1773
f 1773 1735 1754
f 1773 1754 1774
f 1774 1754 1748
f 1774 1748 1775
f 1775 1748 1747
f 1775 1747 1751
f 1751 1747 1686
f 1751 1686 1749
f 1749 1686 1688
f 1749 1688 1750
f 1750 1688 1776
f 1750 1776 1766
f 1766 1776 1777
f 1766 1777 1765
f 1372 1350 1778
f 1778 1350 1349
f 1778 1349 1779
f 1349 1347 1779
f 1779 1347 1346
f 1779 1346 1780
f 1780 1346 1378
f 1780 1378 1781
f 1781 1378 1345
f 1345 1344 1781
f 1781 1344 1343
f 1781 1343 1319
f 1782 1783 1784
f 1784 1783 1785
f 1784 1785 1786
f 1737 1736 1787
f 1787 1736 1788
f 1787 1788 1789
f 1789 1788 1790
f 1789 1790 1791
f 1791 1790 1782
f 1791 1782 1792
f 1792 1782 1784
f 1792 1784 1793
f 1793 1784 1786
f 1793 1786 1794
f 1372 1778 1381
f 1381 1778 1158
f 1381 1158 1157
f 1780 1785 1779
f 1779 1785 1783
f 1779 1783 1778
f 1778 1783 1216
f 1778 1216 1158
f 1790 1211 1209
f 1790 1209 1782
f 1782 1209 1208
f 1782 1208 1783
f 1783 1208 1214
f 1783 1214 1216
f 1250 1249 1795
f 1795 1249 1682
f 1795 1682 1796
f 1767 1796 1757
f 1757 1796 1682
f 1757 1682 1759
f 1759 1682 1223
f 1759 1223 1721
f 1721 1223 1222
f 1721 1222 1245
f 1200 1175 1705
f 1705 1175 1176
f 1705 1176 1703
f 1703 1176 1177
f 1703 1177 1704
f 1704 1177 1221
f 1704 1221 1797
f 1797 1221 1220
f 1797 1220 1219
f 1729 1770 1727
f 1727 1770 1771
f 1727 1771 1725
f 1725 1771 1772
f 1725 1772 1698
f 1698 1772 1773
f 1698 1773 1699
f 1699 1773 1774
f 1699 1774 1689
f 1689 1774 1775
f 1689 1775 1690
f 1690 1775 1751
f 1690 1751 1691
f 1691 1751 1750
f 1691 1750 1683
f 1683 1750 1766
f 1683 1766 1684
f 1684 1766 1710
f 1684 1710 1685
f 1685 1710 1712
f 1685 1712 1755
f 1755 1712 1714
f 1755 1714 1731
f 1731 1714 1716
f 1731 1716 1730
f 1730 1716 1718
f 1730 1718 1729
f 1729 1718 1720
f 1729 1720 1770
f 1770 1720 1702
f 1770 1702 1722
f 1722 1702 1704
f 1722 1704 1723
f 1723 1704 1797
f 1723 1797 1736
f 1736 1797 1219
f 1736 1219 1788
f 1788 1219 1218
f 1788 1218 1790
f 1790 1218 1213
f 1790 1213 1211
f 1247 1246 1798
f 1787 1799 1800
f 1801 1802 1803
f 1329 1328 1804
f 1259 1258 1805
f 1723 1743 1806
f 1806 1743 1742
f 1742 1739 1806
f 1806 1739 1740
f 1806 1740 1807
f 1807 1740 1741
f 1807 1741 1738
f 1687 1752 1808
f 1808 1752 1753
f 1808 1753 1693
f 1693 1724 1808
f 1808 1724 1723
f 1808 1723 1687
f 1687 1723 1809
f 1687 1809 1688
f 1688 1809 1810
f 1688 1810 1776
f 1776 1810 1811
f 1776 1811 1777
f 1777 1811 1765
f 1738 1737 1807
f 1807 1737 1787
f 1807 1787 1806
f 1806 1787 1800
f 1806 1800 1723
f 1723 1800 1812
f 1723 1812 1809
f 1809 1812 1813
f 1809 1813 1810
f 1810 1813 1814
f 1810 1814 1811
f 1811 1814 1815
f 1811 1815 1765
f 1765 1815 1816
f 1765 1816 1764
f 1764 1816 1763
f 1817 1818 1767
f 1250 1795 1251
f 1251 1795 1819
f 1818 1798 1819
f 1819 1795 1818
f 1818 1795 1796
f 1818 1796 1767
f 1767 1768 1817
f 1817 1768 1769
f 1817 1769 1820
f 1798 1246 1819
f 1819 1246 1248
f 1819 1248 1251
f 1821 1822 1823
f 1823 1822 1824
f 1824 1825 1823
f 1823 1825 1826
f 1823 1826 1827
f 1827 1826 1828
f 1827 1828 1829
f 1829 1828 1830
f 1831 1832 1833
f 1833 1832 1834
f 1833 1834 1835
f 1835 1834 1836
f 1835 1836 1837
f 1837 1836 1838
f 1837 1838 1839
f 1839 1838 1830
f 1839 1830 1840
f 1840 1830 1828
f 1825 1841 1826
f 1826 1841 1842
f 1826 1842 1828
f 1828 1842 1843
f 1828 1843 1840
f 1328 1259 1804
f 1804 1259 1805
f 1804 1805 1844
f 1319 1845 1781
f 1781 1845 1780
f 1320 1321 1846
f 1319 1318 1845
f 1845 1318 1317
f 1845 1317 1316
f 1785 1780 1847
f 1847 1780 1845
f 1847 1845 1848
f 1792 1793 1849
f 1849 1793 1794
f 1850 1794 1786
f 1322 1325 1851
f 1851 1325 1852
f 1851 1852 1801
f 1801 1852 1853
f 1801 1853 1802
f 1325 1324 1852
f 1852 1324 1262
f 1852 1262 1853
f 1853 1262 1261
f 1853 1261 1331
f 1321 1322 1846
f 1846 1322 1851
f 1846 1851 1854
f 1854 1851 1801
f 1854 1801 1855
f 1855 1801 1803
f 1855 1803 1856
f 1794 1850 1849
f 1849 1850 1857
f 1849 1857 1858
f 1792 1849 1859
f 1859 1849 1858
f 1859 1858 1860
f 1857 1861 1858
f 1858 1861 1787
f 1858 1787 1860
f 1860 1787 1789
f 1860 1789 1859
f 1859 1789 1791
f 1859 1791 1792
f 1799 1787 1862
f 1862 1787 1861
f 1862 1861 1863
f 1863 1861 1857
f 1863 1857 1848
f 1848 1857 1850
f 1848 1850 1847
f 1847 1850 1786
f 1847 1786 1785
f 1316 1320 1845
f 1845 1320 1846
f 1845 1846 1848
f 1848 1846 1854
f 1848 1854 1863
f 1863 1854 1855
f 1863 1855 1862
f 1862 1855 1856
f 1862 1856 1799
f 1799 1856 1864
f 1799 1864 1800
f 1800 1864 1865
f 1800 1865 1812
f 1812 1865 1866
f 1812 1866 1813
f 1813 1866 1867
f 1813 1867 1814
f 1814 1867 1868
f 1814 1868 1815
f 1831 1257 1256
f 1831 1256 1832
f 1832 1256 1255
f 1832 1255 1252
f 1252 1247 1832
f 1832 1247 1798
f 1832 1798 1834
f 1834 1798 1818
f 1834 1818 1836
f 1836 1818 1817
f 1836 1817 1838
f 1838 1817 1820
f 1838 1820 1830
f 1830 1820 1869
f 1830 1869 1829
f 1829 1869 1870
f 1829 1870 1827
f 1805 1871 1844
f 1844 1871 1872
f 1844 1872 1873
f 1873 1872 1874
f 1873 1874 1875
f 1875 1874 1876
f 1875 1876 1877
f 1877 1876 1878
f 1877 1878 1821
f 1821 1878 1879
f 1821 1879 1822
f 1769 1763 1820
f 1820 1763 1816
f 1820 1816 1869
f 1869 1816 1815
f 1869 1815 1870
f 1870 1815 1868
f 1870 1868 1827
f 1827 1868 1867
f 1827 1867 1823
f 1823 1867 1866
f 1823 1866 1821
f 1821 1866 1865
f 1821 1865 1877
f 1877 1865 1864
f 1877 1864 1875
f 1875 1864 1856
f 1875 1856 1873
f 1873 1856 1803
f 1873 1803 1844
f 1844 1803 1802
f 1844 1802 1804
f 1804 1802 1853
f 1804 1853 1329
f 1329 1853 1331
f 1244 1257 1831
f 1417 1418 1871
f 1391 1840 1393
f 1393 1840 1843
f 1393 1843 1394
f 1394 1843 1842
f 1394 1842 1396
f 1396 1842 1841
f 1396 1841 1398
f 1398 1841 1825
f 1398 1825 1399
f 1399 1825 1824
f 1399 1824 1422
f 1805 1258 1336
f 1805 1336 1871
f 1871 1336 1281
f 1871 1281 1417
f 1243 1244 1385
f 1385 1244 1831
f 1385 1831 1386
f 1386 1831 1833
f 1386 1833 1388
f 1388 1833 1835
f 1388 1835 1389
f 1389 1835 1837
f 1389 1837 1391
f 1391 1837 1839
f 1391 1839 1840
f 1824 1822 1422
f 1422 1822 1879
f 1422 1879 1421
f 1421 1879 1878
f 1421 1878 1420
f 1420 1878 1876
f 1420 1876 1419
f 1419 1876 1874
f 1419 1874 1418
f 1418 1874 1872
f 1418 1872 1871
f 1880 1881 1882
f 1883 1884 1885
f 433 432 1886
f 453 451 1887
f 452 456 1888
f 319 318 1889
f 244 1890 1891
f 477 1892 200
f 200 1892 201
f 212 204 1893
f 1893 204 203
f 1893 203 1892
f 1892 203 202
f 1892 202 201
f 1894 250 249
f 249 133 1894
f 1894 133 132
f 1894 132 214
f 1895 253 1894
f 1894 253 251
f 1894 251 250
f 225 1895 1896
f 225 256 1895
f 1895 256 255
f 1895 255 253
f 218 220 1896
f 220 222 1896
f 1896 222 226
f 1896 226 225
f 239 238 1897
f 239 1897 227
f 236 234 1898
f 1898 234 232
f 1898 232 1899
f 1899 232 230
f 1899 230 228
f 236 1898 237
f 237 1898 1900
f 237 1900 257
f 257 1900 258
f 258 1900 1901
f 258 1901 260
f 260 1901 1902
f 260 1902 262
f 244 247 1890
f 1890 247 246
f 1890 246 1902
f 1902 246 263
f 1902 263 262
f 1903 242 1891
f 1891 242 243
f 1891 243 244
f 291 290 1903
f 1903 290 288
f 1903 288 242
f 286 285 279
f 279 285 315
f 279 315 280
f 280 315 359
f 359 315 314
f 359 314 313
f 319 1889 321
f 313 321 359
f 359 321 1889
f 359 1889 358
f 358 1889 1904
f 334 333 1905
f 1905 333 357
f 1905 357 1906
f 1906 357 356
f 1906 356 355
f 1888 456 1905
f 1905 456 455
f 1905 455 334
f 1887 451 1888
f 1888 451 450
f 1888 450 452
f 482 1907 483
f 483 1907 1908
f 483 1908 484
f 482 481 1907
f 1907 481 479
f 1907 479 1887
f 1887 479 480
f 1887 480 453
f 422 423 1909
f 1909 423 424
f 1909 424 1908
f 1908 424 485
f 1908 485 484
f 422 1909 420
f 420 1909 1910
f 420 1910 418
f 1880 440 1881
f 1881 440 436
f 1881 436 1886
f 1886 436 435
f 1886 435 433
f 437 442 1880
f 1880 442 441
f 1880 441 440
f 475 474 1884
f 1884 474 439
f 1884 439 1885
f 1885 439 438
f 213 212 1911
f 1911 212 1893
f 1911 1893 1912
f 214 213 1894
f 1894 213 1911
f 1894 1911 1895
f 1895 1911 1912
f 1895 1912 1896
f 318 291 1889
f 1889 291 1903
f 1889 1903 1904
f 1904 1903 1891
f 1904 1891 1913
f 1913 1891 1890
f 1913 1890 1914
f 1914 1890 1902
f 1914 1902 1915
f 1915 1902 1901
f 1915 1901 1916
f 1916 1901 1900
f 1916 1900 1917
f 1917 1900 1898
f 1917 1898 1918
f 1918 1898 1899
f 1918 1899 1919
f 1920 1921 1922
f 1922 1921 1923
f 1922 1923 1924
f 1924 1923 478
f 1924 478 476
f 477 478 1892
f 1892 478 1923
f 1892 1923 1893
f 1893 1923 1921
f 1893 1921 1912
f 1912 1921 1920
f 1912 1920 1896
f 1896 1920 1897
f 1896 1897 218
f 218 1897 238
f 432 445 1886
f 1886 445 418
f 1886 418 1881
f 1881 418 1910
f 1881 1910 1882
f 476 475 1924
f 1924 475 1884
f 1924 1884 1922
f 1922 1884 1883
f 1922 1883 1920
f 1920 1883 1919
f 1920 1919 1897
f 1897 1919 1899
f 1897 1899 227
f 227 1899 228
f 438 437 1885
f 1885 437 1880
f 1885 1880 1883
f 1883 1880 1882
f 1883 1882 1919
f 1919 1882 1910
f 1919 1910 1918
f 1918 1910 1909
f 1918 1909 1917
f 1917 1909 1908
f 1917 1908 1916
f 1916 1908 1907
f 1916 1907 1915
f 1915 1907 1887
f 1915 1887 1914
f 1914 1887 1888
f 1914 1888 1913
f 1913 1888 1905
f 1913 1905 1904
f 1904 1905 1906
f 1904 1906 358
f 358 1906 355
