# Generated by SimLab OpenUSD importer
v 0.121498231854331 -0.0400833435636005 0.00305845062345437
v 0.121191536161494 -0.0398060887401806 0.00305771487837374
v 0.121797149141198 -0.0402014204044889 0.00305879078913879
v 0.121909228222612 -0.0404728302454709 0.00280864002286461
v 0.122071621073673 -0.0402265251442273 0.00305878496837075
v 0.122203578303676 -0.0404639081722147 0.00280890824385602
v 0.122844469781718 -0.0401859455434007 0.0028080856529162
v 0.122704331814402 -0.0399752691305171 0.00305844363853272
v 0.123079818716353 -0.0399211927984141 0.00280890358724159
v 0.123241392003566 -0.0396068638735138 0.00280807401138011
v 0.122908500069936 -0.0397275968472756 0.0030587886936623
v 0.123030838600603 -0.0394284484854312 0.00305842058829127
v 0.123305526599911 -0.0392004494668518 0.00280913641796331
v 0.123051744929291 -0.0392000136077408 0.00305901011567865
v 0.122389135009295 -0.0401638396633581 0.00305843129850446
v 0.122488995138803 -0.0403918908360191 0.00280864491230976
v 0.121509549286005 -0.0403714874142137 0.00280809333633002
v 0.121121016417721 -0.040105631982929 0.00280807890082527
v 0.120911617854724 -0.039820721685379 0.00280890219025726
v 0.120780226868835 -0.0394936075598879 0.00280811196278775
v 0.121023175395509 -0.0394291823678661 0.00305845993668324
v 0.120751743299849 -0.0392000136077408 0.00280900952521997
v 0.121001747526191 -0.0392000136077408 0.00305901011567865
v 0.122520853820724 -0.0401186444263043 0.0100590117473555
v 0.122635205329169 -0.0400380924471735 0.00305901011567865
v 0.122958523266946 -0.039648903788627 0.00305901011567865
v 0.123058867684183 -0.0392003600598547 0.00305901011567865
v 0.122995187573244 -0.0395966975528808 0.0100590117473555
v 0.123051744929291 -0.0392000136077408 0.0100590117473555
v 0.121451494363291 -0.0400697089965368 0.00305901011567865
v 0.121919077889941 -0.0402312599897841 0.0100590117473555
v 0.122087468458249 -0.0402395264117279 0.00305901011567865
v 0.121288028628648 -0.0399492516943496 0.0100590117473555
v 0.121074584400478 -0.0396069756322603 0.00305901011567865
v 0.120998528875445 -0.0392001737952773 0.00305901011567865
v 0.120976847686393 -0.0392015298014006 0.0100590117473555
v 0.121001747526191 -0.0392000136077408 0.0100590117473555
v 0.121023361660019 -0.0394292941266125 0.0100578522503614
v 0.121498365964779 -0.0400832392554372 0.0100578317612578
v 0.121284824879063 -0.039908549158902 0.0100588739115683
v 0.121144120667635 -0.039725905564913 0.010058530253423
v 0.121797193844681 -0.040201353349241 0.0100585339787145
v 0.122071606172512 -0.0402264506383963 0.0100585228028399
v 0.122389038151749 -0.0401636943769877 0.0100577889204051
v 0.12290838831123 -0.0397276601772319 0.0100585377040061
v 0.122704160451053 -0.0399751946246861 0.0100578149974459
v 0.123030644885512 -0.0394285639694692 0.0100577712252702
v 0.122026746227741 -0.0392000136077408 0.0106748918471482
v 0.123051744929291 -0.0392000136077408 0.0100590117473555
v 0.121659142039886 -0.0357189111959226 0.00280900952521997
v 0.122026746227741 -0.0357000127919023 0.00280900952521997
v 0.122767356274263 -0.0403344282138995 0.00280900952521997
v 0.122811344501124 -0.0425083146458384 0.00280900952521997
v 0.122357440240144 -0.0405137227707874 0.00280900952521997
v 0.123217587399091 -0.0385542641203205 0.00280900952521997
v 0.123020646206575 -0.0382863150751861 0.00280900952521997
v 0.122422446554399 -0.0425770127472651 0.00280900952521997
v 0.122026746227741 -0.0405500108357512 0.00280900952521997
v 0.120774162096364 -0.0424733304329161 0.00280900952521997
v 0.121695009134078 -0.0405135327809184 0.00280900952521997
v 0.119547029147738 -0.0367233056764918 0.00280900952521997
v 0.118526865872887 -0.0393873361679134 0.00280900952521997
v 0.118904461289099 -0.0376075893069877 0.00280900952521997
v 0.120690730496705 -0.0389755349896738 0.00280900952521997
v 0.119194042998687 -0.0371433136720105 0.00280900952521997
v 0.120790642780276 -0.0386572125522346 0.00280900952521997
v 0.120956969537804 -0.038368874986461 0.00280900952521997
v 0.119969544113365 -0.0363676111142485 0.00280900952521997
v 0.118602541418318 -0.0399278126414939 0.00280900952521997
v 0.121286136181219 -0.038065599001582 0.00280900952521997
v 0.120431375791923 -0.0360791357126876 0.00280900952521997
v 0.12112065878986 -0.0358138688774674 0.00280900952521997
v 0.118755315570043 -0.0404571877462631 0.00280900952521997
v 0.118996043823749 -0.0409516158910254 0.00280900952521997
v 0.120275643759767 -0.0422311157017917 0.00280900952521997
v 0.122358453519082 -0.03788648698398 0.00280900952521997
v 0.12319124959727 -0.0423944138567747 0.00280900952521997
v 0.123096522917678 -0.0400311522290206 0.00280900952521997
v 0.123262849675206 -0.0397428146632469 0.00280900952521997
v 0.123554942230399 -0.0361628132114267 0.00280900952521997
v 0.123191145289144 -0.0360055127758351 0.00280900952521997
v 0.122026746227741 -0.0378500126544388 0.00280900952521997
v 0.121696044764758 -0.0378863044446942 0.00280900952521997
v 0.119823676649698 -0.0419262676438797 0.00280900952521997
v 0.118640189201233 -0.0382955090947253 0.00280900952521997
v 0.118545648786152 -0.0388329122027791 0.00280900952521997
v 0.119301055685409 -0.0414036688444354 0.00280900952521997
v 0.120690514429872 -0.0394232964072211 0.00280900952521997
v 0.121284877033126 -0.0403335713968436 0.00280900952521997
v 0.12147744473493 -0.042662083505043 0.00280900952521997
v 0.122026746227741 -0.0426000126972792 0.00280900952521997
v 0.124524143535106 -0.0368928138924844 0.00280900952521997
v 0.124875542710525 -0.0383457148489104 0.00280900952521997
v 0.123907444091721 -0.0363671119251811 0.00280900952521997
v 0.124032569139469 -0.0419516406046094 0.00280900952521997
v 0.124582340018848 -0.0414501455817815 0.00280900952521997
v 0.12423044165454 -0.0366104144414375 0.00280900952521997
v 0.123554942230399 -0.0422372140040548 0.00280900952521997
v 0.124911245891947 -0.0409999142959383 0.00280900952521997
v 0.125336510121753 -0.0399773627443668 0.00280900952521997
v 0.125170898619946 -0.0405071960599962 0.00280900952521997
v 0.122026746227741 -0.0357000127919023 0.00280900952521997
v 0.123191145289144 -0.0360055127758351 0.00280900952521997
v 0.123554942230399 -0.0357000127919023 0.00280900952521997
v 0.122812849518371 -0.0358921111758388 0.00280900952521997
v 0.122422245388727 -0.0358230107429249 0.00280900952521997
v 0.122026746227741 -0.0358000107929108 0.00280900952521997
v 0.122026746227741 -0.0426000126972792 0.00280900952521997
v 0.122811344501124 -0.0425083146458384 0.00280900952521997
v 0.122026746227741 -0.0427000144235792 0.00280900952521997
v 0.123554942230399 -0.0427000144235792 0.00280900952521997
v 0.12319124959727 -0.0423944138567747 0.00280900952521997
v 0.123058778277217 -0.0391977486304799 0.0100572683109113
v 0.122629639745588 -0.0383698435622633 0.0100588804308285
v 0.122071606172512 -0.0381735765770852 0.010058521871517
v 0.122389038151749 -0.0382363328384938 0.0100577879890822
v 0.122800295290346 -0.038523735356089 0.0100585311847459
v 0.122973416977226 -0.0387955847814736 0.0100578122034772
v 0.121797193844681 -0.0381986738662405 0.0100585330473917
v 0.122026746227741 -0.0392000136077408 0.0106748918471482
v 0.121284824879063 -0.0384914780565795 0.0100588729802454
v 0.121498365964779 -0.0383167879600444 0.010057830829935
v 0.121144120667635 -0.038674117925277 0.010058530253423
v 0.121023361660019 -0.0389707330888691 0.0100578522503614
v 0.121001747526191 -0.0392000136077408 0.0100590117473555
v 0.121919077889941 -0.038168770950989 0.00305901011567865
v 0.121451494363291 -0.0383303182189447 0.0100590117473555
v 0.121074584400478 -0.0387930590338044 0.0100590117473555
v 0.121288036079229 -0.038450775521132 0.00305901011567865
v 0.120976847686393 -0.039198497414081 0.00305901011567865
v 0.120998528875445 -0.0391998534202042 0.0100590117473555
v 0.122520853820724 -0.0382813902397604 0.00305901011567865
v 0.122764629361826 -0.0384498181212043 0.0100590117473555
v 0.122087461007668 -0.0381605045290452 0.0100590117473555
v 0.122995239727307 -0.0388035010260119 0.00305901011567865
v 0.123051744929291 -0.0392000136077408 0.00305901011567865
v 0.12307700239695 -0.0391985570187457 0.0100590117473555
v 0.121797134240037 -0.0381986142615757 0.00305878799517013
v 0.122071613623093 -0.0381735057965458 0.0030587800789256
v 0.121733230611686 -0.0379532293073444 0.00280809659596012
v 0.122144256782289 -0.0379272453988008 0.00280859322388954
v 0.121166040275261 -0.0382549555709396 0.00280864328249471
v 0.121498254206072 -0.038316683651881 0.00305843758493395
v 0.121191528710914 -0.038593945925884 0.00305771580969663
v 0.120812107902496 -0.0387931298143438 0.00280807633968733
v 0.120973696090871 -0.038478838142359 0.00280888263247664
v 0.12074794350383 -0.0391995702980466 0.0028091513191295
v 0.12102319029667 -0.0389708373970324 0.00305844294004055
v 0.121001747526191 -0.0392000136077408 0.00305901011567865
v 0.121406097976729 -0.0380846277908065 0.00280890382007231
v 0.122389120108134 -0.0382361763762488 0.00305843642078034
v 0.122543943169477 -0.0380284801966031 0.00280814805154962
v 0.122932476037761 -0.0382944175843018 0.00280806376682836
v 0.123141882051338 -0.0385793241565603 0.0028088973008121
v 0.122740131853371 -0.0384542549434373 0.00305774328372179
v 0.123273295388969 -0.0389063973038444 0.00280814758588818
v 0.122973603241737 -0.0387956257596806 0.00305843409247313
v 0.123058405748196 -0.0391983782047514 0.00305750300241698
v 0.123301741705052 -0.0392000136077408 0.00280900952521997
v 0.123142023612366 -0.0385793502336011 0.00280900952521997
v 0.12323695145763 -0.0387949924601175 0.00280900952521997
v 0.123290685043694 -0.0390240531867879 0.00280900952521997
v 0.121406008569763 -0.0380845607355586 0.00280900952521997
v 0.121032846248907 -0.0401137121402954 0.00280900952521997
v 0.120690730496705 -0.0389755349896738 0.00280900952521997
v 0.120973368265332 -0.0399207234116791 0.00280900952521997
v 0.120834578853074 -0.0396618119238389 0.00280900952521997
v 0.120784287435169 -0.0389071870656525 0.00280900952521997
v 0.120762807411788 -0.039376003831026 0.00280900952521997
v 0.122432713454232 -0.0379901916500783 0.00280900952521997
v 0.122144308936352 -0.0379268356167306 0.00280900952521997
v 0.12336298547619 -0.038976768061176 0.00280900952521997
v 0.122842376168617 -0.0382184030102759 0.00280900952521997
v 0.123008851937753 -0.0383848713883658 0.00280900952521997
v 0.122768607971775 -0.0380664483680549 0.00280900952521997
v 0.122648139536796 -0.0380854808825708 0.00280900952521997
v 0.121849861997743 -0.0379360259109782 0.00280900952521997
v 0.121696044764758 -0.0378863044446942 0.00280900952521997
v 0.121621196233754 -0.037989733439218 0.00280900952521997
v 0.121165719900303 -0.0382547655810707 0.00280900952521997
v 0.120790642780276 -0.0386572125522346 0.00280900952521997
v 0.120973554529842 -0.0384788306917759 0.00280900952521997
v 0.120858979503984 -0.0386846754015225 0.00280900952521997
v 0.120751676244625 -0.0391402934589434 0.00280900952521997
v 0.120835912506971 -0.0398457854469104 0.00280900952521997
v 0.121165116403288 -0.0401446171589732 0.00280900952521997
v 0.121284877033126 -0.0403335713968436 0.00280900952521997
v 0.121620793902411 -0.0404098430159864 0.00280900952521997
v 0.121405323116364 -0.0403145351570361 0.00280900952521997
v 0.121695009134078 -0.0405135327809184 0.00280900952521997
v 0.121909176068549 -0.040473191598751 0.00280900952521997
v 0.122203600655417 -0.0404640050297949 0.00280900952521997
v 0.122489166502153 -0.0403922074858007 0.00280900952521997
v 0.122748401997648 -0.0402529411865903 0.00280900952521997
v 0.123096522917678 -0.0400311522290206 0.00280900952521997
v 0.122929525607911 -0.0401022456929123 0.00280900952521997
v 0.12307994537622 -0.0399211890731226 0.00280900952521997
v 0.1231945502044 -0.0397152586816704 0.00280900952521997
v 0.123362769409358 -0.0394244363464346 0.00280900952521997
v 0.123269219921474 -0.039492791721039 0.00280900952521997
v 0.123301801309696 -0.0392597747347452 0.00280900952521997
v 0.0431259190337533 0.0635493387260983 0.0324754935607067
v 0.043127714623637 0.0635227252432832 0.0133090129040581
v 0.0430219797114591 0.0640042862310407 0.031611475516229
v 0.0430320640720716 0.0642450816260856 0.0133090129040581
v 0.0430765961913041 0.0643107808678166 0.0311223167963606
v 0.0432165516193987 0.0645744272012137 0.0307776621356182
v 0.0434633856237674 0.0648486980661041 0.0133090129040581
v 0.0433833775658156 0.0647604608105109 0.0306345345717189
v 0.0435540964405074 0.0648769655783662 0.0306164706330052
v 0.0440263775581192 0.0650085428758226 0.0133090129040581
v 0.043732083356409 0.0649538108924073 0.0306908088258348
v 0.0440222275848194 0.0650286221972634 0.0309470194773032
v 0.0436155115749951 0.0630701544743482 0.0133090129040581
v 0.0434015309050343 0.0632153216353697 0.0332477092455803
v 0.0437040989763124 0.0630523475807513 0.0337464550032461
v 0.0440258969956814 0.0630138727696491 0.0340959097021474
v 0.0440267426365603 0.0630000221356756 0.0133090129040581
v 0.122025747849963 0.0469764554049061 0.0133090129040581
v 0.12202533806804 0.046977666124659 0.0324249823326147
v 0.12118366834856 0.0474624867425205 0.0339465404122604
v 0.121293832630804 0.0473191039961502 0.0337881633674115
v 0.121095103298984 0.0476477380405927 0.0340520853723831
v 0.121260983021686 0.0486455015022074 0.0333244539767496
v 0.12168257411534 0.048944392818935 0.0323324237388264
v 0.121425305573078 0.0488002463877975 0.0329294389622228
v 0.122026746227741 0.0490000188723217 0.0133090129040581
v 0.122026679172517 0.049002552070574 0.0315517590927232
v 0.121611860656475 0.048928653462147 0.0133090129040581
v 0.121091534470958 0.0484203225293295 0.0133090129040581
v 0.121113640343095 0.0484049221740723 0.0337174275315083
v 0.121042844927845 0.0481738982187564 0.0339403825053324
v 0.121031020856702 0.0479690705136022 0.0340500550884897
v 0.121045944369304 0.0478055153135024 0.0340747202438255
v 0.121047441935971 0.047751796609388 0.0133090129040581
v 0.121451367703424 0.0471825050056878 0.0335367546167479
v 0.121673350296767 0.0470632323462127 0.0331340915786742
v 0.121355024247878 0.0472359927417263 0.0133090129040581
v 0.0428547886866011 0.0632954377553894 0.0133090073161208
v 0.0426633311212814 0.063892385923538 0.013309005453475
v 0.0427866792055967 0.0632856849421182 0.0108089939609509
v 0.0434146960806548 0.0627278001811363 0.0108090042055027
v 0.0440262248212204 0.0625896663705564 0.0108089809224305
v 0.0440267426365603 0.0626436234933299 0.0133090129040581
v 0.0434476984266712 0.0627405183264794 0.0133089952089233
v 0.0426367064721134 0.064372896379079 0.0108089883730136
v 0.0428009433418307 0.0646324895952724 0.013308998002892
v 0.0432711792751144 0.0651349494686111 0.0133090073161208
v 0.0440246154958474 0.0653916369573975 0.0133089486427789
v 0.0432600704596927 0.0651994938699625 0.0108089986175654
v 0.0440260571831607 0.0654133107036206 0.0108090358704808
v 0.0408895081082847 -0.0307573592966849 9.00129209024738e-06
v 0.0414130790215793 -0.0312786877717115 -0.00169101495646421
v 0.0414039557858423 -0.0312104516064366 9.00178776502603e-06
v 0.0420267423534382 -0.0313797102278956 -0.0016909917898074
v 0.042026064350619 -0.031362789953687 9.03213579440975e-06
v 0.0415527625034882 -0.0287237990094017 9.00180777391618e-06
v 0.04202660079241 -0.028647041239712 8.99305934144668e-06
v 0.04079006148599 -0.0306371255119906 -0.00169099912397514
v 0.0406272961059077 -0.0298262822790613 -0.00169100820437328
v 0.0406493647251425 -0.0299166224617331 8.99157322660573e-06
v 0.0409877291100985 -0.0291122407469929 9.00009701380857e-06
v 0.0410667611420139 -0.0289770350155693 -0.00169100389700493
v 0.0420241793537701 -0.0285788684043934 -0.00169096035765997
v 0.120782514197027 0.0473183924654646 0.0108090079307942
v 0.122024384393745 0.0466121591444797 0.0133090250112557
v 0.121286404402114 0.0467997871785592 0.0108090079307942
v 0.122025054945983 0.0465769327876069 0.0108089762658161
v 0.120613229559068 0.0481022720381733 0.0108090256259291
v 0.121158634398314 0.0469335623980286 0.0133090026595064
v 0.120751735849269 0.047509347184896 0.0133090035908293
v 0.121157762680403 0.049065930455671 0.0133090045221522
v 0.12067507682722 0.0483023872495199 0.0133089747198198
v 0.121017222381745 0.049033553946832 0.0108089855790449
v 0.122025062396564 0.0494230406287023 0.0108089781284618
v 0.122024376943164 0.04938800798699 0.0133090268739014
v 0.0308783941519623 -0.0387835781668161 -0.00287990647998262
v 0.03080209834571 -0.0389720518420769 -0.00263984729567979
v 0.0306321915842852 -0.0385904292506632 -0.00237980215505554
v 0.0307126243253215 -0.0389433819983276 -0.00237861425271334
v 0.030670012593195 -0.0385905894381998 -0.00263925101620147
v 0.0313452326205697 -0.039250260340133 -0.00264703943667361
v 0.0313412465600395 -0.0393302572508232 -0.00237884685060434
v 0.0313451655653459 -0.0390268806830724 -0.00293832207824622
v 0.0310273331174109 -0.0391763803581637 -0.00265814313379227
v 0.0311320659265209 -0.0388762000905607 -0.00299820031910364
v 0.031082573583367 -0.0385905335588266 -0.00303629352065295
v 0.0313455045667555 -0.038591584091043 -0.0030909207302435
v 0.030702091067238 -0.0385902541619605 -0.00269642492822616
v 0.030642972574168 -0.0385904702288703 -0.00237867478870099
v 0.0308184151168526 -0.0381977127410213 -0.00265768236179399
v 0.0311494946967927 -0.0383134165711939 -0.00301547985111583
v 0.0313453443792762 -0.038550613334604 -0.00307749314969139
v 0.0308978420295308 -0.0380390562993064 -0.00237886175177053
v 0.0306617107839504 -0.038363540368965 -0.00237971973298005
v 0.0309925798849934 -0.0381322630938239 -0.00278999051488584
v 0.0309034113384025 -0.0385901200514648 -0.00294121057617984
v 0.03134263981858 -0.0385907496257363 -0.00309231166097503
v 0.0313777171512462 -0.0385906080646575 -0.00307791014951398
v 0.0313453443792762 -0.0385906117899491 -0.00307869269356967
v 0.0313453630057273 -0.0385507884233067 -0.00307775182462321
v 0.121319619089673 -0.0380076781686021 0.000809002531450993
v 0.121313353151531 -0.0380423159294104 0.00280900812823564
v 0.122025122001207 -0.0405723178815374 0.00280897320362738
v 0.122024362042003 -0.0405994342787114 0.000809021914608576
v 0.121150185440106 -0.0402742349530756 0.000809004277681406
v 0.12105314908058 -0.0401965253713955 0.00280899788368389
v 0.120740582330364 -0.0396926275355195 0.000809004976173571
v 0.120663714692064 -0.0392985512944627 0.00280901697580307
v 0.120827262383092 -0.0385421979009982 0.00280900626558987
v 0.120678101762875 -0.0387892443352598 0.000808986466131195
v 0.122025956466215 -0.0378212198760685 0.000809019411678318
v 0.122025122001207 -0.0378276758063202 0.00280897669608821
v 0.0440267426365603 0.0667500198166813 0.0108090116560858
v 0.0440267426365603 0.0668327212890349 0.00133270908126151
v 0.0424942550995745 0.0663756727196598 0.00207565282213944
v 0.0428961207815387 0.066590666745447 0.00197281149235729
v 0.0433735577008084 0.0666869506307827 0.0108090125874087
v 0.0433176857981609 0.0667400509365002 0.00178696275065314
v 0.0422067483766364 0.0661620197988297 0.00209190952879112
v 0.0425650505148241 0.0663381068796952 0.0108090069994713
v 0.0417227512212978 0.0655639540432169 0.0108090079307942
v 0.0416693193837413 0.0655638348338874 0.001950546356101
v 0.0411904817553507 0.0641730791910562 0.00121387216448209
v 0.0412874138067501 0.0643683217210587 0.0108090042055027
v 0.0419037481716933 0.0620898514542164 -0.000264286530570236
v 0.0413226476016054 0.0630269783453131 0.00045858222533906
v 0.0421623838954637 0.0619487634874394 0.0108089958235967
v 0.0425337021976632 0.0615588223200002 -0.000770403155912679
v 0.0431378660394734 0.0613828283714235 0.0108090088621171
v 0.0433074449753593 0.0612283293550755 -0.00124455995209648
v 0.0440264185363115 0.0612420496038448 0.0108090135187315
v 0.0440265973502419 0.06113912352368 -0.00160911733217727
v 0.0413930332349313 0.0630986529546863 0.0108090088621171
v 0.0413759639551653 0.0650089973613914 0.00170026695085306
v 0.041951886371854 0.065921552229441 0.00206296215082156
v 0.0437268567742371 0.0668162033463135 0.00154353159542305
v 0.0420267423534382 -0.02742550882807 -0.00220829136202541
v 0.0413234112860995 -0.0275141242007553 -0.00225966569360286
v 0.0408397829344922 -0.0277109555676028 -0.00218446649276433
v 0.0402254192480729 -0.0281612110678412 -0.0019585671416334
v 0.0407725339955275 -0.0277486666939378 -0.00169102310553947
v 0.0399601860353314 -0.0284406172471297 -0.00169096734258162
v 0.0420267423534382 -0.0325761099601126 -0.00233599249362666
v 0.0399509137879858 -0.0315420249059101 -0.00169100261643596
v 0.0397930248127952 -0.0313133553348522 -0.00244854868527242
v 0.0404857462536009 -0.032091907740648 -0.00241743295479152
v 0.040848503838886 -0.0323016900835603 -0.00169103556198309
v 0.041472624060379 -0.0325302367199971 -0.00236643417916819
v 0.0420255875134715 -0.0325890441723654 -0.0016909338149577
v 0.0395141272355444 -0.0305759655380101 -0.00169100203435916
v 0.0394441700105932 -0.0302635961164638 -0.00245636178580106
v 0.0394540941837265 -0.029834598992441 -0.00238833446968356
v 0.0398776447800333 -0.0285972098773273 -0.00191619125178885
v 0.0395172862816469 -0.0294071422764732 -0.00223864154509331
v 0.0397476433273937 -0.0288085102765452 -0.00197361755231588
v 0.0394823803123305 -0.0295390362237111 -0.00169100471191246
v 0.0400230801100346 -0.0283981917643415 -0.00190214480717842
v 0.0420240638697735 -0.0273863131730534 -0.00169094394309409
v 0.12139451977474 0.0506920686449287 0.0108090125874087
v 0.119971287549185 0.050096018272043 -0.0101368964177383
v 0.119559717486211 0.04960479015272 -0.010847716503941
v 0.120345425896078 0.0502070878395307 0.0108090191066689
v 0.119105999489741 0.0483934110231906 -0.0117863642453119
v 0.119603020259672 0.0493297183501468 0.0108090060681485
v 0.119320971086899 0.0473475205200743 0.0108090042055027
v 0.119646732815057 0.0462600743897459 -0.0117175264454521
v 0.119903882148032 0.0462311102479644 0.0108090004802111
v 0.119902697505743 0.0459593837572009 -0.0114771110301451
v 0.120568175899205 0.0456595611175865 0.0108090107247629
v 0.120301378064573 0.0456133563265233 -0.0110568897616853
v 0.120869440118908 0.0452993291502383 -0.0103714295976919
v 0.121412095693975 0.0451337622927029 -0.00964136186138636
v 0.122026291742335 0.0450681040291789 -0.00872413640905915
v 0.12139279869066 0.0453091862716729 0.0108090153813773
v 0.122026746227741 0.045250013740733 0.0108090116560858
v 0.119416256560023 0.0466262854500277 -0.0119037304868376
v 0.119236921089064 0.0470449486152978 -0.0120092102543583
v 0.119120923002343 0.0474908734641122 -0.0120245035074835
v 0.11907759787714 0.0479538377964647 -0.0119464223279715
v 0.119313505605308 0.0484937852786455 0.0108090116560858
v 0.11918906601096 0.0487927734529533 -0.0115647969425893
v 0.119319354310946 0.0491535306864096 -0.0112943538147639
v 0.120334071211502 0.0503907633392783 -0.00952862336328549
v 0.120941442528187 0.050718860941738 -0.00852229173111163
v 0.122026083126083 0.0509258269642404 -0.00669205413119739
v 0.122026746227741 0.0507500155549494 0.0108090116560858
v 0.121088308369631 -0.0367839720493422 0.000809005383627334
v 0.12002173542928 -0.0375978849225065 0.000808986466131195
v 0.119464886498493 -0.0393499975707332 0.000809012310341305
v 0.119359013750577 -0.0392049533443327 -0.0125153833120469
v 0.119737391477734 -0.0403633886303895 0.000809002880697076
v 0.119625543364313 -0.0403635152903021 -0.0127456957366772
v 0.119786043767945 -0.0406477811124144 -0.0127029172825148
v 0.120046016870902 -0.0409881013964413 -0.0125687769844738
v 0.120335553877008 -0.0412602674716074 -0.0123680238169497
v 0.120635395035848 -0.0414713350401035 -0.0121156828120763
v 0.120434534838025 -0.0412154447637083 0.000809002764281715
v 0.121083003556365 -0.041690903723911 -0.0116821110300333
v 0.121268344195151 -0.0416428735399895 0.000809002589658674
v 0.122026492908006 -0.0417589275475676 0.000809012659587388
v 0.122026746227741 -0.0418491131306402 -0.0105438956951733
v 0.121666234992456 -0.0418321109000175 -0.0110121247958052
v 0.119498004328506 -0.0400553293711636 -0.0127448687219537
v 0.119393614246095 -0.039628463113906 -0.0126666925475073
v 0.119534229050558 -0.0382698083083393 -0.0119168593455738
v 0.119584662029492 -0.0384337881916755 0.000809014929686924
v 0.11940546066898 -0.0387212838415594 -0.0122535195306553
v 0.119811055366449 -0.0377270035275416 -0.0113720158989767
v 0.120344658486293 -0.0371464429169103 -0.0104827208200266
v 0.120938447394854 -0.0367894966567071 -0.00956869725578444
v 0.122025062396564 -0.0365239131717054 -0.00794030433381771
v 0.122026746227741 -0.0366500105652954 0.000809008526842077
v 0.122026746227741 -0.0366500105652954 0.028809018778841
v 0.122026746227741 -0.0365737128691119 0.0375553197412847
v 0.123501573722776 -0.0371072267727902 0.028809018778841
v 0.12265374237328 -0.0367109116315134 0.0288090225041326
v 0.124177460577099 -0.0377962902250328 0.0288090225041326
v 0.124409166177904 -0.0381633171241635 0.0343232791464553
v 0.124500644404428 -0.0384074131275195 0.0342910181216542
v 0.124469024141082 -0.0399679005038362 0.0288090131909037
v 0.124337968431311 -0.040422020994055 0.0358023428254191
v 0.123977293283256 -0.0409544582884761 0.0367517669039139
v 0.123186913359459 -0.041593263832452 0.0383831130507549
v 0.123938885541138 -0.0409293535487378 0.0288090448558819
v 0.122026746227741 -0.0418491131306402 0.0401628226587651
v 0.123042744628131 -0.0415494097003552 0.0288090150535495
v 0.122386296338151 -0.0418251297036576 0.03966056395117
v 0.122027625396232 -0.0417737244055942 0.0288090299547157
v 0.124513012367943 -0.0399854652534825 0.0352167530711988
v 0.124595095412544 -0.0396311490491117 0.0348439705966272
v 0.124586147265447 -0.038917200649332 0.028809018778841
v 0.124619056479209 -0.0390237551634641 0.0344245213948407
v 0.124622945682193 -0.0393335131556357 0.0346113186889051
v 0.124569718735598 -0.0386679413918913 0.03430802780286
v 0.124253031814405 -0.0378591917728118 0.0344490785167215
v 0.123998579591546 -0.0375017761258735 0.0347263743183485
v 0.123620194413808 -0.03713515155823 0.0352257757273267
v 0.123224926220815 -0.0368780431114987 0.0357874863627278
v 0.122649450838952 -0.0366431560288481 0.0366294432306614
v 0.123051744929291 -0.0392000136077408 0.0195590155583276
v 0.123030138246043 -0.039429297851904 0.0195601741239989
v 0.122909401590169 -0.0397258496855398 0.0195594961209372
v 0.12225627625906 -0.0402013570745326 0.0195594923956457
v 0.122555111589543 -0.0400832392554372 0.0195601946131024
v 0.122768697378741 -0.0399085230818612 0.0195591515314691
v 0.122026746227741 -0.0392000136077408 0.0189431354585349
v 0.12198189373355 -0.0402264506383963 0.0195595035715203
v 0.121664461754313 -0.0401636981022793 0.019560239316601
v 0.121385780243895 -0.040003085882502 0.0195594961209372
v 0.121167731557019 -0.0397673382575039 0.019560205788977
v 0.121022840119389 -0.0394285155406791 0.0195602598057045
v 0.121001747526191 -0.0392000136077408 0.0195590155583276
v 0.122816507753362 -0.0380746887129578 0.028809018778841
v 0.122028616323429 -0.0377929039350162 0.0288090131909037
v 0.122027163460245 -0.0378402039617943 0.026884728743228
v 0.122788121041923 -0.0380466372676054 0.0268847268805822
v 0.123314236328434 -0.0386568288472052 0.0288090243667784
v 0.12336938552478 -0.0395368507441708 0.0288090225041326
v 0.122709986804949 -0.0403839932179385 0.0268847212926449
v 0.122027409329399 -0.0405636156004825 0.0268847063914787
v 0.12202828849789 -0.0405885676032674 0.0288090429932361
v 0.122904014820517 -0.0402882085216701 0.0288090280920699
v 0.12334359161533 -0.0388114806005066 0.0268847268805822
v 0.12329753957769 -0.0397392383833614 0.0268847250179365
v 0.122978922956165 -0.0396069421046363 0.0265590171900045
v 0.121094969188536 -0.039648903788627 0.0265590171900045
v 0.121418294576893 -0.040038096172465 0.0265590171900045
v 0.120994624771299 -0.0392003600598547 0.0265590171900045
v 0.121058304882238 -0.0395966975528808 0.0195590155583276
v 0.121001747526191 -0.0392000136077408 0.0195590155583276
v 0.12153266843708 -0.0401186518768874 0.0195590155583276
v 0.121966023997233 -0.0402395264117279 0.0265590171900045
v 0.12213440711496 -0.0402312599897841 0.0195590155583276
v 0.122602012993352 -0.0400696978206622 0.0265590171900045
v 0.122765448925673 -0.0399492554196411 0.0195590155583276
v 0.123054963580037 -0.0392001737952773 0.0265590171900045
v 0.12307664476909 -0.0392015298014006 0.0195590155583276
v 0.123030324510554 -0.0394291786425745 0.0265595666705077
v 0.122256313511962 -0.0402014204044889 0.0265592369822058
v 0.121850778419136 -0.0405451046267832 0.0268855315435565
v 0.121664424501411 -0.0401638694656905 0.0265595908849028
v 0.121071872389202 -0.0401571676661966 0.0268848777548899
v 0.1207027631841 -0.0394949412142619 0.0268855315435565
v 0.120868575851578 -0.0399016797212885 0.0268852484213989
v 0.121167470786704 -0.0397673531586701 0.0265595145164261
v 0.120676045402676 -0.0392000136077408 0.0268847175673534
v 0.121022653854879 -0.0394282845726031 0.0265596430389844
v 0.121001747526191 -0.0392000136077408 0.0265590171900045
v 0.121378955512221 -0.0403926433449117 0.0268858500559838
v 0.121385675935769 -0.0400031454871667 0.0265591997292903
v 0.122214515755748 -0.0405387977081933 0.0268848367766829
v 0.121981901184131 -0.0402264729901456 0.0265592965868705
v 0.122555253150571 -0.0400833435636005 0.0265595759837366
v 0.122574743868977 -0.04044097900274 0.0268856749672811
v 0.122890529269938 -0.0402399734467136 0.026884844227266
v 0.122861948843407 -0.0398061036413468 0.0265603042782341
v 0.123146426905401 -0.0399663060790539 0.0268857010443219
v 0.123347078486971 -0.0395118130596803 0.0268856898684473
v 0.123377439602225 -0.0392000136077408 0.0268847175673534
v 0.123051744929291 -0.0392000136077408 0.0265590171900045
v 0.122430828457383 -0.0382526272637224 0.0265597398965647
v 0.122678850829331 -0.0384077037002602 0.0265591140475847
v 0.122881163890337 -0.0386248099663548 0.0265598293035618
v 0.122784723577246 -0.0380740777651441 0.0268857792754444
v 0.123350699469061 -0.0389036554892655 0.0268855874229297
v 0.123152186204073 -0.0384410562354846 0.0268858090777768
v 0.123031456998779 -0.0389763433779396 0.0265596709786711
v 0.123377439602225 -0.0392000136077408 0.0268847175673534
v 0.123051744929291 -0.0392000136077408 0.0265590171900045
v 0.122071486963226 -0.0381718778441396 0.0265598293035618
v 0.122321640201176 -0.0378759555847753 0.0268854626256629
v 0.121921633439029 -0.0378508620209116 0.0268846635506259
v 0.121571322048353 -0.0379254796106073 0.0268850621568215
v 0.121711601576696 -0.038219751565816 0.0265595797090281
v 0.12100293961906 -0.03831911254197 0.0268847175673534
v 0.121412021188171 -0.038376604966422 0.02655954804405
v 0.121223365041093 -0.0381102130931544 0.0268850863712166
v 0.120831427257552 -0.0385648513988984 0.0268855613458889
v 0.12102180448871 -0.0389746856232009 0.0265594288347205
v 0.121172544631977 -0.0386253948371277 0.0265604626031249
v 0.120676045402676 -0.0392000136077408 0.0268847175673534
v 0.121001747526191 -0.0392000136077408 0.0265590171900045
v 0.12070120601279 -0.0389269944408103 0.026885296850189
v 0.122497511152235 -0.038254713426989 0.0195590155583276
v 0.12213820691098 -0.0381648221419487 0.0265590171900045
v 0.122778859970448 -0.0384687798551808 0.0265590171900045
v 0.122975339226977 -0.0387831199559558 0.0195590155583276
v 0.12307630949297 -0.0391985011393725 0.0265590171900045
v 0.123054933777715 -0.0391998534202042 0.0195590155583276
v 0.12169504638698 -0.0382080578756486 0.0195590155583276
v 0.121360224753019 -0.0383724773433874 0.0265590171900045
v 0.121199046346568 -0.0385781469644313 0.0195590155583276
v 0.120972638108449 -0.0391983558530022 0.0265590171900045
v 0.120975804605132 -0.0391985830957865 0.0195590155583276
v 0.121225294741424 -0.0380696074152871 0.0288090280920699
v 0.120807600301336 -0.0385788622204084 0.0268847268805822
v 0.121279564769279 -0.0380637810593069 0.0268847250179365
v 0.122024682416962 -0.0378218233732992 0.0268846952156041
v 0.122024779274507 -0.0378113888316747 0.0288090560317565
v 0.120655072018765 -0.0388844516113383 0.0288090020150291
v 0.120796990674803 -0.0398376345090045 0.0288090280920699
v 0.120667916819427 -0.0392361601116258 0.0268847175673534
v 0.121276688845233 -0.0403558858932129 0.0288090169161953
v 0.121544060374558 -0.0404872806513835 0.0268847157047076
v 0.12085596946949 -0.0399181902134269 0.0268847324685196
v 0.12202586705925 -0.0405928814908794 0.0288090131909037
v 0.122026746227741 -0.0405507149158537 0.0268847175673534
v 0.121027854360019 -0.0389650259422184 0.0195591701579268
v 0.12099896845969 -0.0391995702980466 0.0195592930925479
v 0.121127461169793 -0.0386984627055397 0.0195603659765136
v 0.12133480337259 -0.0384402552978019 0.0195595464123731
v 0.121526812280862 -0.0383039580559549 0.0195591664326353
v 0.122026746227741 -0.0392000136077408 0.0189431354585349
v 0.122074549151782 -0.0381751151224944 0.0195591738832184
v 0.121790287156622 -0.0381978282250592 0.0195603808776798
v 0.122353819258055 -0.0382239648705562 0.0195603548006389
v 0.122876723344401 -0.0386188942033774 0.0195603846029713
v 0.122646761179417 -0.0383807325894566 0.0195595631761851
v 0.123028797141566 -0.0389640834434569 0.019560338036827
v 0.123051744929291 -0.0392000136077408 0.0195590155583276
v 0.122994613878551 -0.0382320413026311 0.028809018778841
v 0.123155822087323 -0.0384264940708256 0.028809018778841
v 0.123374816997914 -0.0394511913903285 0.028809018778841
v 0.124322217904281 -0.0380816699093178 0.028809018778841
v 0.123279434667244 -0.0397526010041421 0.028809018778841
v 0.122800511357178 -0.0380708106844569 0.028809018778841
v 0.12252268666351 -0.0379215941315233 0.028809018778841
v 0.123159338761286 -0.036910993315236 0.028809018778841
v 0.122215216110308 -0.0378443427607036 0.028809018778841
v 0.122654941916729 -0.0367248777495248 0.028809018778841
v 0.124181871320714 -0.0405703062241018 0.028809018778841
v 0.122801070150711 -0.0403289632111994 0.028809018778841
v 0.123391066713832 -0.0413584773326731 0.028809018778841
v 0.12234022939935 -0.0405327366588456 0.028809018778841
v 0.122390811389892 -0.0417271247336269 0.028809018778841
v 0.122901511425493 -0.0415985015923677 0.028809018778841
v 0.120220516915162 -0.0373962758692494 0.028809018778841
v 0.120659177288582 -0.0391106252370594 0.028809018778841
v 0.120736044926882 -0.0387382637204328 0.028809018778841
v 0.119541433761834 -0.0386175009443387 0.028809018778841
v 0.11999214917439 -0.0407372141865943 0.028809018778841
v 0.12068389831445 -0.0394761918219035 0.028809018778841
v 0.119498659979584 -0.0395534431927232 0.028809018778841
v 0.121057917452056 -0.0401704408799802 0.028809018778841
v 0.121384051709235 -0.0404108562952873 0.028809018778841
v 0.120922883132335 -0.0383867414847226 0.028809018778841
v 0.119690892405268 -0.0381704696839347 0.028809018778841
v 0.121753548344519 -0.040543089244056 0.028809018778841
v 0.120997165419226 -0.0415358496391225 0.028809018778841
v 0.121909086661584 -0.0417499868478537 0.028809018778841
v 0.122082767141997 -0.0405681977090859 0.028809018778841
v 0.120783862752085 -0.0369703856383772 0.028809018778841
v 0.121214811774759 -0.0367799003056808 0.028809018778841
v 0.121564989054987 -0.0379090138219675 0.028809018778841
v 0.121673350296767 -0.0366719264554692 0.028809018778841
v 0.122580562772293 -0.0404519015575572 0.028809018778841
v 0.122157563518938 -0.0366501409504996 0.028809018778841
v 0.122995105616859 -0.0401676506366112 0.028809018778841
v 0.120489549923923 -0.03716541210147 0.028809018778841
v 0.12121206996116 -0.0380970069346187 0.028809018778841
v 0.119920161666272 -0.037758355581205 0.028809018778841
v 0.119476732921377 -0.0390839148966641 0.028809018778841
v 0.119606641241761 -0.0400120079557582 0.028809018778841
v 0.119797122781045 -0.0404429087037616 0.028809018778841
v 0.120816310029859 -0.0398440941645478 0.028809018778841
v 0.120222960705544 -0.0410061914121958 0.028809018778841
v 0.120585081266202 -0.0413065989225832 0.028809018778841
v 0.121443634000937 -0.0416851630496363 0.028809018778841
v 0.123156365979695 -0.0399734064847433 0.028809018778841
v 0.123830628607484 -0.0410077634852288 0.028809018778841
v 0.124424395164304 -0.0400790781047787 0.028809018778841
v 0.123394114001228 -0.0391365569915213 0.028809018778841
v 0.124552284377391 -0.0395761749217458 0.028809018778841
v 0.12457719166777 -0.039081083675088 0.028809018778841
v 0.124502447444892 -0.0385778265893582 0.028809018778841
v 0.123359155877849 -0.0388865824781034 0.028809018778841
v 0.123278287277858 -0.038646293722709 0.028809018778841
v 0.123627749302365 -0.0372104173486549 0.028809018778841
v 0.124023822158044 -0.0376084498493351 0.028809018778841
v 0.121924263493921 -0.0378337294050849 0.028809018778841
v 0.11997725546411 -0.0375074869978158 0.0406996222695883
v 0.119642649896981 -0.0380172149149636 0.0413029034333675
v 0.120444235493746 -0.037072875859431 0.0399429149734268
v 0.121103455399646 -0.0367158923463123 0.0389367360782064
v 0.120281164639866 -0.0372821888156083 0.0288090225041326
v 0.119466108393683 -0.038464596352773 0.0416932767346261
v 0.119369183792864 -0.0389915164904124 0.0420294507691607
v 0.119594928929325 -0.0383886637351611 0.028809018778841
v 0.119371061339133 -0.0394587351057121 0.0422320507499695
v 0.121437174347704 -0.0367064487322395 0.0288090318173615
v 0.122026746227741 -0.0366500105652954 0.028809018778841
v 0.122026179983628 -0.03655830133798 0.0375567949567375
v 0.119455521118892 -0.0399158805326674 0.0423455790098784
v 0.119611402162656 -0.0403361716503437 0.0423687130703882
v 0.119469736826353 -0.0395504331571529 0.0288090280920699
v 0.119775143568775 -0.040631114158031 0.0423232235353021
v 0.119972442389152 -0.0409004378357464 0.0422323077950863
v 0.120285798900893 -0.0412195723867429 0.0420247531765194
v 0.120648195133028 -0.0414784913251662 0.0417243009626334
v 0.121163462374433 -0.0417186608712311 0.0412159178757343
v 0.121213515373764 -0.0416303863627224 0.0288090243667784
v 0.12011020362131 -0.040949224253852 0.0288090131909037
v 0.121739056965582 -0.0418384923244383 0.0405396135470417
v 0.122026746227741 -0.0418491131306402 0.0401628226587651
v 0.122026507809167 -0.0417579924993892 0.028809011328258
v 0.123389613850648 -0.0414556701891464 0.0379895844275555
v 0.124146093633487 -0.0407431895542364 0.0363425436274251
v 0.12437811215867 -0.040337997043202 0.0356812783007096
v 0.124595259325314 -0.039633369322874 0.0348441829382455
v 0.124508057731957 -0.0399997144936515 0.0352318777548815
v 0.124623042539739 -0.0393339154871228 0.0346106183340942
v 0.124624145225642 -0.0391000118814407 0.0344657193940641
v 0.123816412900023 -0.0512000307738829 0.0404194244658459
v 0.121745352706046 -0.0512001984120026 0.0431020180850485
v 0.122856167192993 -0.0417100889753804 0.0389353763467916
v 0.12143659320243 -0.046226923020265 0.042843281685911
v 0.122422565763686 -0.0418160064646579 0.0396047441826228
v 0.122107234848131 -0.0418480924007562 0.0400541149261186
v 0.121750150879843 -0.0418408094557809 0.0405246639520617
v 0.122762386737116 -0.0441696195873041 0.0403814153161871
v 0.121385050087013 -0.0417763134832196 0.0409621212131887
v 0.120830093603655 -0.0430979761437201 0.0423342019694925
v 0.121100691234307 -0.0416959216916254 0.0412793037114143
v 0.120652330205166 -0.0414834012594257 0.0417188471358079
v 0.120375846615975 -0.0412917126575595 0.0419531232706448
v 0.123795268152762 -0.041141646738153 0.0371646856696178
v 0.125606399947263 -0.0391005222463827 0.0325364728580471
v 0.12807318281964 -0.044138889657329 0.030797231092117
v 0.128322762362897 -0.0391020160882932 0.0249236067500852
v 0.12718461169635 -0.0391007979179572 0.0287315532037573
v 0.131025460414021 -0.0439758224704219 0.0173401499562447
v 0.131228891062092 -0.0469348923271111 0.0216662192715668
v 0.130819034632617 -0.0441374889477072 0.0201148346451464
v 0.131963384182081 -0.0483840121126164 0.0148090481117884
v 0.132043314008938 -0.0512002021372941 0.0148092381016573
v 0.128930372098156 -0.0390999001226943 0.0220874603385877
v 0.130388122862845 -0.0441394670775189 0.0228639135425965
v 0.129400131194292 -0.0391007122362516 0.0187307305103732
v 0.129008886314732 -0.0441626085886117 0.0282329005783802
v 0.126947593831699 -0.0442168488335428 0.0334267616585175
v 0.129787308056938 -0.0442164614032219 0.0256489321902509
v 0.131165725041204 -0.0441361962715402 0.0148090890899954
v 0.129566696370394 -0.0391038154041106 0.0148093479977579
v 0.12576439695587 -0.0440665444954773 0.0356379196323887
v 0.128792774778768 -0.0512000270485914 0.0314404511065766
v 0.127040770790561 -0.0491217129713027 0.0351061677916123
v 0.130006623342487 -0.0469338008166877 0.0271036194239738
v 0.128092241404381 -0.0469337598384807 0.0323654260966454
v 0.124137287047419 -0.0491812356796481 0.0399180896305545
v 0.12631332591966 -0.0512000233232998 0.0365487794927842
v 0.124306705795825 -0.0440876408215106 0.0381022223427846
v 0.125533011730024 -0.0469338343443116 0.0373192852688375
v 0.12882864187296 -0.0491127163922156 0.0311589196484602
v 0.121716407201074 -0.0492282004301869 0.0430779303499026
v 0.123209443914681 -0.0469380141214279 0.0407655226770629
v 0.130482015077428 -0.051199997246259 0.0264418698093572
v 0.131418448729402 -0.05120007175209 0.0222001783475851
v 0.130192142795204 -0.0490799114748486 0.0272889377772939
v 0.131430369658091 -0.0491348930527976 0.0218987258929186
v 0.131825295124384 -0.047960297452008 0.0176045171335562
v 0.131905463369815 -0.0512000307738829 0.018194128340002
v 0.117568825537665 -0.0390977580800545 0.0440553388185019
v 0.119387243999827 -0.0388421136729014 0.041943020279968
v 0.123788458322248 -0.0372806018414091 0.0350022694103536
v 0.123143871356313 -0.0281007887015871 0.0340011643622208
v 0.114181009363064 -0.0391004067623447 0.0471064978822443
v 0.110634004086988 -0.0390995462199972 0.0496856103528415
v 0.100559664505133 -0.039099680330493 0.0544368360166009
v 0.0938091778648841 -0.0364217582268908 0.0552894136907363
v 0.088026730238795 -0.0258567270901229 0.0548618955074579
v 0.088026782392858 -0.0303967007834546 0.0548444499671412
v 0.0903916934790095 -0.0208696755702429 0.0553736350820414
v 0.0936259680921008 -0.0197844329498649 0.0553135982834624
v 0.116139744606472 -0.0363865579470589 0.0444989726130146
v 0.119362739040792 -0.0391000118814407 0.0420819215006067
v 0.104256053918839 -0.0390994307359593 0.0530635631670019
v 0.107231510268939 -0.0391000305078984 0.05165689307868
v 0.0936873832265885 -0.0336753727152295 0.0548175943403755
v 0.0908564532356769 -0.0171000456027821 0.0562586004408904
v 0.0880269016021449 -0.0170966350983704 0.056348316637228
v 0.09025823123176 -0.0321335565001486 0.0549273675064046
v 0.0968499758053589 -0.0391002577506828 0.0554128922043685
v 0.0929994860366114 -0.0391000975631463 0.0560711810231376
v 0.08802716237246 -0.0391051043549861 0.0563601965919728
v 0.0880267972940189 -0.0353321216251326 0.0554510131127737
v 0.111750264948229 -0.0336747729432903 0.0475230823348309
v 0.114605476380764 -0.0322923619535254 0.0449631774674524
v 0.11961890489715 -0.038066496796845 0.0413511273324494
v 0.119450372767814 -0.0385021696433208 0.0417167460713752
v 0.11983512819182 -0.0376964598621439 0.0409445154853354
v 0.120090385077365 -0.0373868248045935 0.0405149372158313
v 0.120666873738167 -0.0369306405028574 0.0395992717293396
v 0.120370988837535 -0.0371312325515221 0.040059091915626
v 0.120978121735646 -0.0367758658149349 0.0391254295456685
v 0.119651001997644 -0.0365627493360877 0.040764114516858
v 0.122041371717126 -0.0365700285557714 0.0375349721988525
v 0.122441311424049 -0.0366110104880851 0.0369379756019138
v 0.121623774134583 -0.0365975547350156 0.0381630638043378
v 0.122816008564474 -0.0367006037498015 0.0363897579724976
v 0.123175513971401 -0.0368535865724896 0.0358593435113868
v 0.123813343260886 -0.0348531944184992 0.0339089857481704
v 0.125603062087231 -0.0336771534045891 0.0296733348466425
v 0.127114024897353 -0.033677969243438 0.0250575868605897
v 0.127972301960612 -0.0296599088959059 0.0170230140241635
v 0.128009584665086 -0.026491356582274 0.0148088991001265
v 0.128668663009958 -0.0208682450582886 0.0148090695322148
v 0.128145617362584 -0.0240661992354588 0.0170320329549999
v 0.129559603417824 -0.0170974751516144 0.0148090807080894
v 0.128829744558863 -0.0391006973350854 0.0226500780824806
v 0.127586153278066 -0.03643605589585 0.0251771258784105
v 0.129578289473544 -0.0391052049378578 0.014809438336078
v 0.129336160510717 -0.0390996170005367 0.0193084226465129
v 0.128668469294867 -0.0353325127807451 0.0148090704635377
v 0.127895724894949 -0.0391003657841377 0.0265446003117158
v 0.126080510182371 -0.0364289182372451 0.0297850079113608
v 0.126777839807173 -0.0391002279483504 0.029787632379256
v 0.123981033474632 -0.0374807468550881 0.0347541985209165
v 0.12416656037793 -0.0377211846221445 0.0345392044951293
v 0.124332440100632 -0.0379985065008122 0.0343795571258628
v 0.125610631876948 -0.0390979257181741 0.0325517614545579
v 0.124601808385512 -0.0388398971244306 0.0343523103434847
v 0.124550548392151 -0.0385837125500032 0.0342984202759591
v 0.124475856323336 -0.0383203977675539 0.0342953357345578
v 0.124624145225642 -0.0391000118814407 0.0344657193940641
v 0.10279362418964 -0.028098862725857 0.0520035873365446
v 0.0982380785441841 -0.0308968845036578 0.0536032051752759
v 0.0972357668600445 -0.0364202122308986 0.054633028495948
v 0.100901877114881 -0.0364315557436607 0.0536236123223729
v 0.102939350092278 -0.0336750597907395 0.0523659613465325
v 0.105516252543415 -0.0363895307297137 0.0517675528640974
v 0.107457762044869 -0.0336747580421241 0.0502407309474951
v 0.109978800043939 -0.0364420387140752 0.049316243970619
v 0.113052447593531 -0.0364202122308986 0.0471272254044144
v 0.117520307357902 -0.0336752721323577 0.0424345464226149
v 0.121297639877403 -0.0366654183711357 0.0386422182537555
v 0.123511088113986 -0.0370522340189666 0.0353795334106567
v 0.124492448765955 -0.0364202122308986 0.0332753173812385
v 0.126830396201529 -0.0308998125828141 0.0249845487945102
v 0.128039237975199 -0.0336784982348378 0.0204447297007777
v 0.128324848525417 -0.0364202122308986 0.0216512659512953
v 0.128224742526755 -0.0321118753033424 0.0148093368218833
v 0.128790137273295 -0.0363536338203624 0.0178915582978713
v 0.090277915665257 -0.0364202122308986 0.0556218289060995
v 0.088026678084732 -0.02155614994486 0.0553155875891488
v 0.0936449000169744 -0.0308973985938914 0.0545280684065982
v 0.0983131058891181 -0.0336751268459873 0.0538861373430141
v 0.107314241514038 -0.0253009806464893 0.0499858874780247
v 0.111577493438629 -0.0308973315386435 0.0472869435542203
v 0.1204628321425 -0.0281003733315795 0.0382504703199159
v 0.120542478847301 -0.0308984938296063 0.0383076349187117
v 0.120001447498768 -0.033680711058017 0.0394884219540533
v 0.122245793292395 -0.0338448623047644 0.0363408597956456
v 0.127748829251183 -0.0309004868605842 0.0204066646717458
v 0.0982356422043833 -0.0252999487407307 0.0536040731682064
v 0.102831458237065 -0.0308968062725353 0.052093955458903
v 0.11157508690115 -0.0253016139460524 0.0472887801229532
v 0.107316744909063 -0.0308969422456768 0.0499843601084903
v 0.11151846994046 -0.0280995500421476 0.0472087347834729
v 0.11730318999358 -0.0253025322304188 0.0422382496351045
v 0.117305298507842 -0.0308981641413044 0.0422360777901323
v 0.123230357693949 -0.0308991103653574 0.0340475442419867
v 0.125329998314457 -0.0308994959330326 0.0295677042048142
v 0.0902492532823413 -0.0265390142370407 0.0547541787023631
v 0.098211383114502 -0.0280987342032987 0.0535089478485419
v 0.093631511323941 -0.0280980934531525 0.0544310171112037
v 0.102933859014501 -0.0225232244547067 0.0523684014124961
v 0.107268353389167 -0.0280990657542464 0.0498991664160913
v 0.115055647900948 -0.0197798061377629 0.0454716238843079
v 0.114477147583431 -0.0281000082530079 0.0448153243712252
v 0.117233527066556 -0.0280999710000924 0.042169260960937
v 0.120776769799515 -0.0225254745308014 0.0384828353801889
v 0.120540608751613 -0.0253027836875983 0.0383100638088007
v 0.123228845226122 -0.0253031487661699 0.034049995483825
v 0.125238177361233 -0.0281010904502024 0.0295329956634665
v 0.125328761518105 -0.0253031375902953 0.0295703622003333
v 0.126735058574342 -0.0281016119910191 0.0249614165966462
v 0.12774824810591 -0.0253030090677369 0.0204090395451073
v 0.126829442527234 -0.0253029941665707 0.0249874247195848
v 0.127651405461475 -0.0281016771836212 0.0203939968178386
v 0.0936421507527956 -0.0253000251092074 0.0545286309256219
v 0.102828612115341 -0.0253004553803811 0.0520952816626939
v 0.123468381386959 -0.0171003808790214 0.0365194018436409
v 0.117516023274154 -0.0225249827923171 0.0424390838277197
v 0.123485525172529 -0.0225250274958157 0.0341905842615347
v 0.12950378366924 -0.0171010961349985 0.0175251162695136
v 0.0936821827214481 -0.0225214530785759 0.0548187827083792
v 0.096463573803078 -0.0170997662059161 0.0554881170165864
v 0.0983078010758517 -0.0225223136209234 0.0538879031312076
v 0.111745183652376 -0.0225242787122147 0.0475269193851248
v 0.107452539187987 -0.02252377393521 0.0502438229394795
v 0.111939338327811 -0.0197617366111119 0.047986996616528
v 0.114607741357215 -0.0239077309209671 0.0449611583594337
v 0.122553353252561 -0.0197596746622404 0.0367296274962473
v 0.12499352265164 -0.0198198660604186 0.0322763208481216
v 0.125600513988723 -0.0225252957168071 0.0296788520034243
v 0.127857846144041 -0.0197798061377629 0.0239870665924073
v 0.127112251659211 -0.0225250852378347 0.0250626625703231
v 0.128840041261018 -0.0197798061377629 0.0170516950437874
v 0.128038105486973 -0.022524464976792 0.0204498128610942
v 0.0936678850576021 -0.0170996395460034 0.0559751281058778
v 0.0983571686217834 -0.0198254819374264 0.0543663684016891
v 0.0992289014333 -0.0170997364035837 0.0548216474575791
v 0.105054972207809 -0.0171001797132778 0.0527225984075373
v 0.101906878458556 -0.0171003231370024 0.0539690027281959
v 0.103035134754291 -0.0197692281724139 0.0528503833581984
v 0.108615060703121 -0.0170997736564992 0.0509011357318631
v 0.111932923378061 -0.0171003324502313 0.0488084457544928
v 0.107619566300075 -0.0198159824439803 0.0506964495877878
v 0.115090807189999 -0.0170998462996843 0.0463382868857843
v 0.117157143715983 -0.0171002840214412 0.0444332100413273
v 0.117795107115916 -0.0197602669835965 0.0428532170384681
v 0.119129163344299 -0.0171006602758875 0.0423675247023845
v 0.12038424342012 -0.0197798061377629 0.0397839232554727
v 0.121238348158338 -0.0170998854152456 0.0397796689725255
v 0.125570637161198 -0.0170995166113824 0.0326310729116034
v 0.127263826267486 -0.017100071679823 0.0285135659062118
v 0.126849424983948 -0.0197688426047387 0.0276590417672428
v 0.128373769036523 -0.0170996879747936 0.0247401547678304
v 0.129038837648062 -0.0171004367583946 0.0215001215599859
v 0.128508609641153 -0.0197807169715463 0.0205769999024619
v 0.0933460721370723 -0.0441599673569046 0.0576037771416384
v 0.0941160672728118 -0.0391007271374178 0.0559192263809166
v 0.088026678084732 -0.0512001909614195 0.0588245738081997
v 0.0913197675797407 -0.0512000270485914 0.0586944605503215
v 0.090804157611636 -0.039099803265114 0.0562628919767531
v 0.0906783173081667 -0.0441120414811465 0.0578416519081101
v 0.0880266855353124 -0.0446946174745049 0.0580900357220372
v 0.0880269761079492 -0.0391045716382948 0.0563462491004191
v 0.0984582208441608 -0.0390998665950703 0.0550402736426251
v 0.103708153135149 -0.0442173442973186 0.0550030132765674
v 0.106334154911322 -0.0441385543810898 0.0538497747722193
v 0.104739678545156 -0.0391000491343562 0.052845290884653
v 0.107234483050531 -0.039100313630056 0.0516543524298446
v 0.110596207292464 -0.0390997846386563 0.0497086624569372
v 0.113747385582015 -0.0391003583335546 0.0474425080039508
v 0.117478226479631 -0.0441400482230003 0.0463051280657203
v 0.119311128870151 -0.044106546676114 0.0444760657952893
v 0.115503293674367 -0.0441529042041306 0.0480438259390845
v 0.120934416630841 -0.0435268615089964 0.0424220182671408
v 0.120375846615975 -0.0412917126575595 0.0419531232706448
v 0.117919338094012 -0.039100354608263 0.0436692272507736
v 0.119609844991346 -0.0403363355631718 0.0423687465980121
v 0.115869795176318 -0.0390999560020675 0.0456447307319354
v 0.119451713872292 -0.0399138875016895 0.04234370518823
v 0.119362739040792 -0.0391000118814407 0.0420819215006067
v 0.119369735135816 -0.039455788400098 0.0422313317687008
v 0.108766553355012 -0.0441563351976458 0.0526169714910006
v 0.10226476708953 -0.0391002465748082 0.0538453081476539
v 0.111084600290257 -0.0441402866416593 0.0512468614139254
v 0.11474199336599 -0.046934925854735 0.049445478059692
v 0.1201159182165 -0.0410687651343185 0.0421375475539935
v 0.119834010604755 -0.040723929796936 0.0423007041478977
v 0.105255430074289 -0.0469336927832328 0.0550158096530329
v 0.0880267451399559 -0.04843869194195 0.0587344925332905
v 0.0947182082820351 -0.0469334618151569 0.058035903510561
v 0.0959638708241921 -0.0441426708282497 0.0571934809811839
v 0.101238665702076 -0.0441584697897025 0.0558587388220604
v 0.0986414902215876 -0.0441392733623584 0.0566023591690156
v 0.10450898622329 -0.0512000307738829 0.0556158088349588
v 0.110186820249555 -0.0491302066360309 0.0527962697731799
v 0.108725686921352 -0.0512000233232998 0.0536686212948493
v 0.110188057045907 -0.0469344601932916 0.0525222820304471
v 0.113370930104609 -0.0441368742746019 0.0496943163591879
v 0.12156624820308 -0.0471708820960598 0.0429519968691406
v 0.0960823946576788 -0.0491127163922156 0.058020328066601
v 0.0958125495356509 -0.0512000307738829 0.058142729970976
v 0.105189365777612 -0.0491350644162088 0.0553007385770406
v 0.100056772677823 -0.0469334506392822 0.0568645302869599
v 0.100008686631725 -0.0490837261733932 0.0571184349829603
v 0.113098708247424 -0.05120007175209 0.0509871936919011
v 0.118869741584293 -0.046862286394851 0.0458133895814552
v 0.116914075980022 -0.0490845122099097 0.0479621153942825
v 0.0919120142181524 -0.0491840743518072 0.0586181591288463
v 0.0906816626187799 -0.0469379172638476 0.0584497275221109
v 0.100898978839094 -0.051199997246259 0.0569049869531653
v 0.116524082797974 -0.051199997246259 0.0483593097043645
v 0.113773246546689 -0.0491127163922156 0.0504353252767684
v 0.119537760625682 -0.0512000270485914 0.0455302040938917
v 0.119920943977217 -0.0491127163922156 0.0450558217429463
v 0.121750560661767 -0.0512001499832125 0.0431063505991182
v 0.112164643880027 -0.0512000158727168 0.0481362243453362
v 0.113078949308122 -0.0512000158727168 0.0509849734181388
v 0.110795860496257 -0.0512000158727168 0.0490901895542274
v 0.111643043645256 -0.0512000158727168 0.0519340249674788
v 0.108913672516191 -0.0512000158727168 0.0502686259306025
v 0.107463446837737 -0.0512000158727168 0.0510796256257767
v 0.105983016506218 -0.0512000158727168 0.0518389257248552
v 0.105052245295371 -0.0512000158727168 0.0553855373885355
v 0.10345024384297 -0.0512000158727168 0.0560172276256557
v 0.103956846059335 -0.0512000158727168 0.0527545688595976
v 0.101886292504827 -0.0512000158727168 0.05355906419573
v 0.101832119334518 -0.0512000158727168 0.0565910678103353
v 0.0996509917158425 -0.0512000158727168 0.0572496323006789
v 0.0965512596841632 -0.0512000158727168 0.0550703330201216
v 0.0907844806287193 -0.0512000158727168 0.0587261702319735
v 0.0885820965040763 -0.0512000158727168 0.0588092814863974
v 0.0866288374372843 -0.0512000158727168 0.0559391119871969
v 0.086330508746271 -0.0512000158727168 0.0587800901018314
v 0.0840846653859775 -0.0512000158727168 0.0586362342434346
v 0.0833072420215489 -0.0512000158727168 0.0556913167693343
v 0.080729154928123 -0.0512000158727168 0.0582040296433895
v 0.0664504453588186 -0.0512000158727168 0.05315602490321
v 0.0647717774337886 -0.0512000158727168 0.0487625650637943
v 0.0649927914516757 -0.0512000158727168 0.0523026425661003
v 0.0666405916219826 -0.0512000158727168 0.0499695893275046
v 0.0516377452394877 -0.0512000158727168 0.0395447222852101
v 0.0510683979600288 -0.0512000158727168 0.0333463214381332
v 0.0485081289297022 -0.0512000158727168 0.0341695922436647
v 0.04947128781368 -0.0512000158727168 0.0321655530292494
v 0.0478068467719819 -0.0512000158727168 0.0326555182747379
v 0.0473647479556936 -0.0512000158727168 0.0316179202706061
v 0.0487315383091976 -0.0512000158727168 0.0318679916416042
v 0.0479614388653321 -0.0512000158727168 0.0316810639623356
v 0.0506346437938225 -0.0512000158727168 0.0329359209695154
v 0.05016096569238 -0.0512000158727168 0.0325677280541303
v 0.0495653439410333 -0.0512000158727168 0.0361893074849118
v 0.0527068178495738 -0.0512000158727168 0.0359310851760078
v 0.051621633359307 -0.0512000158727168 0.0340362901362218
v 0.0507102932622225 -0.0512000158727168 0.0381291524753812
v 0.0538946266346888 -0.0512000158727168 0.0378012672145397
v 0.0548546450990152 -0.0512000158727168 0.0391594228310391
v 0.0526122550827513 -0.0512000158727168 0.0409266080088668
v 0.0536448459257599 -0.0512000158727168 0.0422662228493344
v 0.054724271117354 -0.0512000158727168 0.0435714048200288
v 0.0558551462921102 -0.0512000158727168 0.0448257253852257
v 0.0629788921107608 -0.0512000158727168 0.047462576149517
v 0.0616822452467186 -0.0512000158727168 0.0464208244453099
v 0.0595220872866649 -0.0512000158727168 0.0483319735149892
v 0.0604196289087923 -0.0512000158727168 0.0453291538343667
v 0.121377949683863 -0.0512000158727168 0.0435148995978369
v 0.1198250848094 -0.0512000158727168 0.0409337195904309
v 0.113494147803767 -0.0512000158727168 0.0471363896216212
v 0.0929886901455677 -0.0512000158727168 0.058532030388269
v 0.0910608077557216 -0.0512000158727168 0.0558507629728573
v 0.1183712977535 -0.0512000158727168 0.0426093520031881
v 0.119901959898281 -0.0512000158727168 0.045144960519094
v 0.0811095145096749 -0.0512000158727168 0.0553775652646239
v 0.0789322984457257 -0.0512000158727168 0.0549453234116634
v 0.0763320831284216 -0.0512000158727168 0.0572305439067897
v 0.0741723908296448 -0.0512000158727168 0.056574952199101
v 0.0767805857185898 -0.0512000158727168 0.0543964277791856
v 0.0694591461987993 -0.0512000158727168 0.0547000278644291
v 0.0679373725964725 -0.0512000158727168 0.0539596522464117
v 0.0572961332508303 -0.0512000158727168 0.0421820349856533
v 0.0558653759390411 -0.0512000158727168 0.0404853844779853
v 0.0588136674728923 -0.0512000158727168 0.0437959020645535
v 0.0570300767489513 -0.0512000158727168 0.0460422267906328
v 0.0582560436817405 -0.0512000158727168 0.0472080232527873
v 0.0612753727747052 -0.0512000158727168 0.0497470813886662
v 0.0631010741792387 -0.0512000158727168 0.0510721228886001
v 0.0680825471561587 -0.0512000158727168 0.0508030264536691
v 0.0695500209283088 -0.0512000158727168 0.0515820594220746
v 0.0710036962255019 -0.0512000158727168 0.0553870684833615
v 0.0715610964992407 -0.0512000158727168 0.0525251989337288
v 0.0731037466279334 -0.0512000158727168 0.0531579285271907
v 0.0725774450769111 -0.0512000158727168 0.0560080261555334
v 0.0746650530100239 -0.0512000158727168 0.0537334972471484
v 0.078520780536814 -0.0512000158727168 0.0577742502081418
v 0.0824044924437006 -0.0512000158727168 0.0584491277501718
v 0.0849658380828994 -0.0512000158727168 0.0558450260238742
v 0.0888435522725396 -0.0512000158727168 0.0559548848716089
v 0.0932754629863335 -0.0512000158727168 0.0556268431485224
v 0.0949187928083821 -0.0512000158727168 0.0553780272007758
v 0.0952112131891141 -0.0512000158727168 0.0582223021984298
v 0.0974377893484145 -0.0512000158727168 0.057794631278198
v 0.098712993441978 -0.0512000158727168 0.0545510683566123
v 0.100311247252423 -0.0512000158727168 0.0540827284285568
v 0.106621948481607 -0.0512000158727168 0.0546866279907329
v 0.108172175850597 -0.0512000158727168 0.053930393806598
v 0.110181209962491 -0.0512000158727168 0.0528286611831851
v 0.114907887989853 -0.0512000158727168 0.0496472100475702
v 0.115196180749026 -0.0512000158727168 0.0457195010585845
v 0.116649259999785 -0.0512000158727168 0.0482312192797965
v 0.11682557798567 -0.0512000158727168 0.0442073791424285
v 0.118315269388664 -0.0512000158727168 0.0467292376072328
v 0.127598700055511 -0.0512000158727168 0.0340544546578073
v 0.124679398730114 -0.0512000158727168 0.0335229412356899
v 0.126862552906666 -0.0512000158727168 0.0284255205031333
v 0.128973078825183 -0.0512000158727168 0.0309247515470782
v 0.129564938033412 -0.0512000158727168 0.0293202200487959
v 0.13009997911528 -0.0512000158727168 0.0276995636260503
v 0.128102851030914 -0.0512000158727168 0.0241659085263721
v 0.128548738467351 -0.0512000158727168 0.0219923052165909
v 0.130972755008056 -0.0512000158727168 0.0243984412247647
v 0.131410476608342 -0.0512000158727168 0.0221695434125445
v 0.128997680641764 -0.0512000158727168 0.0186861220067381
v 0.128803250294853 -0.0512000158727168 0.0203412355136519
v 0.131894242795687 -0.0512000158727168 0.0182220941036488
v 0.131226536678676 -0.0512000158727168 0.0148090136528416
v 0.132026743918061 -0.0512000158727168 0.0148090136528416
v 0.132022646098825 -0.0512000158727168 0.0142090135395928
v 0.13127904836955 -0.0512000158727168 0.0142090135395928
v 0.131652739681617 -0.0512000158727168 0.00905483147105031
v 0.131840747628197 -0.0512000158727168 0.010765602696329
v 0.131291788862086 -0.0512000158727168 0.00678001990616907
v 0.127186206120563 -0.0512000158727168 0.00215300919961467
v 0.130217608879115 -0.0512000158727168 0.00230827911848219
v 0.13081355100542 -0.0512000158727168 0.00453096733535422
v 0.128685411914766 -0.0512000158727168 -0.00202003747896592
v 0.127991047620975 -0.0512000158727168 -0.00359939345697051
v 0.12558124678773 -0.0512000158727168 -0.00202290921308757
v 0.126145613354172 -0.0512000158727168 -0.00717509173139194
v 0.125252244057085 -0.0512000158727168 -0.00864899448457816
v 0.122952912979882 -0.0512000158727168 -0.00695819640993123
v 0.12172153320041 -0.0512000158727168 -0.0088196240133266
v 0.124306482278412 -0.0512000158727168 -0.0100929966508201
v 0.121513811018011 -0.0512000158727168 -0.0137385166677313
v 0.120365348748149 -0.0512000158727168 -0.0150275969970347
v 0.117504437621585 -0.0512000158727168 -0.0178623296603899
v 0.119171087760381 -0.0512000158727168 -0.0162772944754212
v 0.110581447692632 -0.0512000158727168 -0.0229705984419328
v 0.109083940630767 -0.0512000158727168 -0.023829434605868
v 0.107036752096489 -0.0512000158727168 -0.0248767388571266
v 0.1046358770586 -0.0512000158727168 -0.0228443389981604
v 0.105467540648561 -0.0512000158727168 -0.0255870010809201
v 0.103871060076259 -0.0512000158727168 -0.0262432931434197
v 0.10170335840352 -0.0512000158727168 -0.027015486476544
v 0.0978304721899983 -0.0512000158727168 -0.0280849990533628
v 0.099502054613039 -0.0512000158727168 -0.0276722646895905
v 0.093914827095387 -0.0512000158727168 -0.0259216049050674
v 0.0938710102318759 -0.0512000158727168 -0.0288050643818634
v 0.0922499948982162 -0.0512000158727168 -0.026123901274615
v 0.0921585241222723 -0.0512000158727168 -0.028996700829648
v 0.0883368233963079 -0.0512000158727168 -0.0263437810202667
v 0.0858444999342162 -0.0512000158727168 -0.0291407597164342
v 0.0827593710401806 -0.0512000158727168 -0.0260062956831074
v 0.078446498249923 -0.0512000158727168 -0.0281355028308717
v 0.0767674875981932 -0.0512000158727168 -0.0277298837739551
v 0.0772816596042749 -0.0512000158727168 -0.024917294243558
v 0.0707956462175636 -0.0512000158727168 -0.0256766986507999
v 0.0692201613809141 -0.0512000158727168 -0.0249734828159684
v 0.0671681895739999 -0.0512000158727168 -0.0239372352300227
v 0.0632368610075826 -0.0512000158727168 -0.0215475482466766
v 0.0632939399042598 -0.0512000158727168 -0.0180836361927043
v 0.0618370459563208 -0.0512000158727168 -0.0205479966451192
v 0.0590644428343085 -0.0512000158727168 -0.0144282609170043
v 0.0606949651085974 -0.0512000158727168 -0.0159581953146944
v 0.0575161153633278 -0.0512000158727168 -0.0128089418739243
v 0.0519456963551268 -0.0512000158727168 -0.0103802510880763
v 0.0534344266332448 -0.0512000158727168 -0.00748483249409006
v 0.0508222643102206 -0.0512000158727168 -0.00279834867213402
v 0.0485505301829315 -0.0512000158727168 -0.00463230364735118
v 0.0478445467089597 -0.0512000158727168 -0.00311919220062791
v 0.0496615234838092 -0.0512000158727168 -0.00135966575656039
v 0.0490247111985531 -0.0512000158727168 -0.00087670435021953
v 0.0504676390334753 -0.0512000158727168 -0.00224208604279038
v 0.0500855471919734 -0.0512000158727168 -0.00178109169117434
v 0.0471900839986639 -0.0512000158727168 -0.00158276077806361
v 0.047957888663757 -0.0512000158727168 -0.000337898699001864
v 0.0485034462399017 -0.0512000158727168 -0.000580990881804975
v 0.0472095486400383 -0.0512000158727168 -0.000116605736353016
v 0.0466002438977312 -0.0512000158727168 -1.8091878400253e-05
v 0.0517360854505884 -0.0512000158727168 -0.00459810826491414
v 0.0525590467626076 -0.0512000158727168 -0.00605689378500076
v 0.0507201615560025 -0.0512000158727168 -0.00852639607107405
v 0.0495842907670678 -0.0512000158727168 -0.00660333305336446
v 0.0546986485712539 -0.0512000158727168 -0.00933377478286411
v 0.0532666730895644 -0.0512000158727168 -0.0121735822246298
v 0.0560605476187054 -0.0512000158727168 -0.0111104547975234
v 0.0546940329366773 -0.0512000158727168 -0.0139183281088214
v 0.0562363030857681 -0.0512000158727168 -0.0156165348570333
v 0.057454145160598 -0.0512000158727168 -0.0168347973940194
v 0.0619721473312651 -0.0512000158727168 -0.0170422961332131
v 0.0587155507792044 -0.0512000158727168 -0.0180114661195553
v 0.060468493540545 -0.0512000158727168 -0.0194967026066132
v 0.0651184007871517 -0.0512000158727168 -0.0193794267034075
v 0.0651711061931163 -0.0512000158727168 -0.0227935409226192
v 0.0670092984957413 -0.0512000158727168 -0.0205735316560313
v 0.0684666469290866 -0.0512000158727168 -0.0213950981406798
v 0.0699590056398742 -0.0512000158727168 -0.0221665333769742
v 0.0719976334572377 -0.0512000158727168 -0.0230950362181385
v 0.0723919926794182 -0.0512000158727168 -0.0263236737591393
v 0.0740782154930046 -0.0512000158727168 -0.0239091372185259
v 0.0756680426969826 -0.0512000158727168 -0.0244413994242443
v 0.0745609758519918 -0.0512000158727168 -0.0270839051811047
v 0.079453369689286 -0.0512000158727168 -0.0254420965529526
v 0.0811017733566077 -0.0512000158727168 -0.0257543001990251
v 0.0801324304908726 -0.0512000158727168 -0.0284809994075039
v 0.0818372723049546 -0.0512000158727168 -0.0287536032044268
v 0.0835521575014567 -0.0512000158727168 -0.0289666433147973
v 0.0849881376701276 -0.0512000158727168 -0.0262326183204904
v 0.0866631175578445 -0.0512000158727168 -0.0263187004949234
v 0.088140291985715 -0.0512000158727168 -0.0291947093886245
v 0.0904380062869649 -0.0512000158727168 -0.0291286227165725
v 0.0905737260600848 -0.0512000158727168 -0.0262659000751755
v 0.0961409115163791 -0.0512000158727168 -0.0284402056024134
v 0.095567805419093 -0.0512000158727168 -0.0256442997902116
v 0.0972176694001791 -0.0512000158727168 -0.0253053541387657
v 0.0993834264714263 -0.0512000158727168 -0.0247470391066101
v 0.100981046982534 -0.0512000158727168 -0.0242489992916925
v 0.102560927661638 -0.0512000158727168 -0.0236929343356316
v 0.10665506631162 -0.0512000158727168 -0.0218876152108783
v 0.10813464727697 -0.0512000158727168 -0.0210938002856126
v 0.109582764441162 -0.0512000158727168 -0.0202476599152712
v 0.110994649432721 -0.0512000158727168 -0.0193348964308949
v 0.112370630077186 -0.0512000158727168 -0.0183727393058909
v 0.11204715567722 -0.0512000158727168 -0.0220605208927623
v 0.113938291804383 -0.0512000158727168 -0.0207568066869376
v 0.113698047838405 -0.0512000158727168 -0.0173518976631397
v 0.114991207830806 -0.0512000158727168 -0.016280416269738
v 0.115760860239846 -0.0512000158727168 -0.0193545641076198
v 0.116641749814711 -0.0512000158727168 -0.014768491794034
v 0.118203503231627 -0.0512000158727168 -0.0131734290555425
v 0.119677987999963 -0.0512000158727168 -0.0114937863664344
v 0.12072545020151 -0.0512000158727168 -0.0101734955445464
v 0.1229559900696 -0.0512000158727168 -0.011954494103432
v 0.124083866385733 -0.0512000158727168 -0.00502828584069596
v 0.1272412063053 -0.0512000158727168 -0.00515479860429357
v 0.12486074585779 -0.0512000158727168 -0.00353749214997209
v 0.126439136420807 -0.0512000158727168 3.97048448910835e-05
v 0.129507404651329 -0.0512000158727168 0.000122812806943054
v 0.127816316608722 -0.0512000158727168 0.00429980088763662
v 0.128328052275002 -0.0512000158727168 0.00647536556341757
v 0.128721964462357 -0.0512000158727168 0.00868211512040377
v 0.128934052684889 -0.0512000158727168 0.0103442424199785
v 0.129085627293165 -0.0512000158727168 0.0120120321627055
v 0.131969046623208 -0.0512000158727168 0.0124825187900152
v 0.129176688287185 -0.0512000158727168 0.0142465346760588
v 0.131996956497501 -0.0512000158727168 0.0165230724479109
v 0.131732654607313 -0.0512000158727168 0.0199192959544658
v 0.129146900866624 -0.0512000158727168 0.0164756438985743
v 0.127540943156014 -0.0512000158727168 0.0263099255706834
v 0.130565044345745 -0.0512000158727168 0.0260561177322632
v 0.125404653130369 -0.0512000158727168 0.0320204193958518
v 0.12831364285245 -0.0512000158727168 0.0325000171549637
v 0.126073357625158 -0.0512000158727168 0.0304967304494409
v 0.12569895105737 -0.0512000158727168 0.0375424227819474
v 0.122454901282754 -0.0512000158727168 0.0373556850925477
v 0.12655326441184 -0.0512000158727168 0.0360701018806845
v 0.123617825129231 -0.0512000158727168 0.0354707807018202
v 0.121188906106602 -0.0512000158727168 0.0391791333486167
v 0.123825443003505 -0.0512000158727168 0.0403913245917034
v 0.124794107866421 -0.0512000158727168 0.0389851201648249
v 0.122809794780395 -0.0512000158727168 0.0417618444508487
v 0.121568662191139 -0.0170997848323738 0.0393230488116783
v 0.121184554967631 -0.0114949151297734 0.0426318117859277
v 0.119846348765948 -0.0170954597688872 0.0415085618785367
v 0.1241463171509 -0.0070105102134709 0.039906232027559
v 0.121739615759115 -0.0049999424256186 0.0430976408674802
v 0.121675622723798 -0.00776514252224045 0.0430437545252462
v 0.12809431266574 -0.00926058956776856 0.0323652994367328
v 0.127045017621407 -0.00707926140030221 0.035098374481695
v 0.128806349736312 -0.00499999038874727 0.0314065658546608
v 0.128829044204303 -0.00708615225834213 0.0311591189515579
v 0.130192470620743 -0.00712007941978776 0.0272887291609673
v 0.131430593175504 -0.00706403240845618 0.0218993293901493
v 0.1304860234897 -0.00500002251938687 0.0264266762077809
v 0.131419357700215 -0.00499994801355592 0.0221940670068015
v 0.131905359061689 -0.0049999885261015 0.0181937427723268
v 0.132042449741609 -0.00499981530004454 0.0148090285540078
v 0.131952297718401 -0.00776514997282354 0.0148090686008919
v 0.126839232589919 -0.00499998992308583 0.0355536572628766
v 0.124230434203959 -0.00500028701508674 0.039896896446941
v 0.123211045789473 -0.0092560130471025 0.0407667222209412
v 0.12553502338674 -0.00926026826137259 0.0373198664143189
v 0.131230947422291 -0.00925972530012955 0.0216652544210561
v 0.12806643259377 -0.0120426894494955 0.030830043460067
v 0.130008426382951 -0.00926018444231277 0.0271045023180706
v 0.131829944286573 -0.00824822203196491 0.0175404868224384
v 0.131312039539696 -0.0114920177842724 0.0148089819878634
v 0.127272960679094 -0.0171003715657925 0.0284900611791931
v 0.130823281463462 -0.012046957702286 0.0201204020933641
v 0.12570985870712 -0.0120476757522317 0.0357784264536844
v 0.129564148271887 -0.0170954728074076 0.0148092464835633
v 0.131045725992792 -0.0121337197424264 0.0174104424824538
v 0.124270279908101 -0.0119692825795527 0.0382237376277713
v 0.122703720866807 -0.0120519421423765 0.0404429794843005
v 0.123114188243878 -0.0170980469838669 0.0370560859704261
v 0.124552433389 -0.0171001350097793 0.0346076567273139
v 0.125806075502798 -0.0170997624806245 0.0321082170670424
v 0.126964864277137 -0.012023520961838 0.0333551317526429
v 0.129024875260335 -0.0120479756382013 0.0281832573432187
v 0.129797813375345 -0.0120269053892089 0.0255431096959079
v 0.129121539090839 -0.0170999710969512 0.0209170519654974
v 0.130391177600821 -0.0120450466277221 0.0228740649620634
v 0.128510412681617 -0.017099313582993 0.0242020680687776
v 0.129442972031767 -0.0170997028759598 0.0181595464585669
v 0.0986170746695172 -0.0120462126439765 0.0566140156062677
v 0.0973965578363128 -0.00926012018103358 0.0575380816251989
v 0.0958139204424501 -0.00499998899176294 0.0581428119273901
v 0.0936810949367052 -0.0170997215024175 0.0559738801332094
v 0.0959458925736136 -0.0120427239084423 0.0572024179556063
v 0.0908598805026749 -0.0171001871638609 0.0562587196502199
v 0.0933259630204906 -0.0120249253967514 0.0576120361129991
v 0.0906134972584223 -0.0121357528202884 0.0578353338136456
v 0.0880268270963406 -0.0120515519180869 0.057952628343309
v 0.0880267898434384 -0.00781527516757898 0.0587467710942309
v 0.0919533127854781 -0.00919191474941397 0.0583898620869432
v 0.0880269537562079 -0.00499982601025774 0.0588256727692062
v 0.091319998547734 -0.00499998945742439 0.0586948554312255
v 0.10000617578612 -0.00711505539847457 0.0571196941315033
v 0.100898300836275 -0.00500001972541821 0.05690531105353
v 0.104508315671051 -0.00499998666345573 0.0556161664629474
v 0.108725716723673 -0.00499999597668459 0.0536685505143099
v 0.10518776390282 -0.00706377210370931 0.0553019381209189
v 0.113564779306247 -0.00499998945742439 0.0506733192525696
v 0.110187170426836 -0.00706890229583161 0.0527964597630489
v 0.11548360924087 -0.0120479216214739 0.0480635066543298
v 0.11691350973591 -0.00711371289653315 0.0479630914206679
v 0.121675786636568 -0.00776243656359266 0.0430440339221122
v 0.117621061557062 -0.00500002019107965 0.047394958382639
v 0.121765104194767 -0.00499932263023739 0.0431196312634849
v 0.102680539279867 -0.00926002146080757 0.0560262502817836
v 0.11474303644725 -0.00925890759863488 0.0494471432650138
v 0.113773343404235 -0.0070861722817842 0.0504356270253837
v 0.110188831906272 -0.00925937139743254 0.0525241707532617
v 0.119921249451015 -0.0070861722817842 0.0450561234915616
v 0.0919039154372246 -0.00702510590575386 0.0586191947598965
v 0.0960825064163852 -0.0070861722817842 0.058021028421412
v 0.106505048874654 -0.00925606333853839 0.0544359270454633
v 0.108767000389838 -0.012049196602506 0.0526184616076195
v 0.111103055377983 -0.0120286301991953 0.0512439892141423
v 0.113320452422193 -0.0120449246244239 0.0497380065784566
v 0.118873712743663 -0.00936458387528464 0.0458049815984326
v 0.121185657653535 -0.0114894994871863 0.0426326537018175
v 0.106221740553789 -0.0119698255407958 0.0539341079222708
v 0.117475931700859 -0.0120264713927436 0.0463182783448829
v 0.0880270506137535 -0.0170962290415917 0.0563493969717767
v 0.0975808032397759 -0.0171002542191088 0.0552580467359067
v 0.10119148117621 -0.0120231400507773 0.0558806137340271
v 0.103746717339456 -0.0120412999157483 0.0549686772643744
v 0.10465475682941 -0.017099939431973 0.0528891971708314
v 0.101390128551646 -0.0170996935627309 0.0541526931291097
v 0.10711294173197 -0.0170999580584308 0.0517111631259434
v 0.112869491140483 -0.017100252356463 0.0481295374470085
v 0.109575395817116 -0.0170996917000851 0.050336083509944
v 0.11795564477245 -0.0171001834385694 0.0436253507669276
v 0.115921532006827 -0.0170997215024175 0.0456053544002787
v 0.119311963335159 -0.0121490614243417 0.0444477014254469
v 0.119846065643892 -0.0170953535980781 0.0415089269571084
v 0.0428087515501218 -0.0392952767631925 0.0348464218384655
v 0.0421004434950556 -0.0395240878953292 0.0316104212587211
v 0.0446872552181655 -0.0387136991479688 0.0395156203076413
v 0.0504833858352149 -0.0366484347669709 0.0457533676840425
v 0.0460189011837794 -0.0411889802925551 0.034333110190849
v 0.047011728279031 -0.0425811403702997 0.0338902549822698
v 0.0455325123921226 -0.0419274597371749 0.0316110471077011
v 0.0506046589328804 -0.0422063052600855 0.0395738056363211
v 0.0485265579403967 -0.0413958047539787 0.0379004232996586
v 0.0635146186460275 -0.0276519674385945 0.0521529417252655
v 0.0649347141772208 -0.0252926341307772 0.0525964078816586
v 0.0663413018060938 -0.0214658060368967 0.0531068063512849
v 0.0659629613318386 -0.0227661767935576 0.0529425992251643
v 0.0671684056408323 -0.017100054916011 0.0537379675970053
v 0.0502003904387274 -0.0408513161414015 0.0403689095124623
v 0.0490457143847864 -0.0428233215738003 0.0371082027991751
v 0.0598990568541209 -0.0458264541789128 0.047332049384277
v 0.0751651657708334 -0.048799106448584 0.0565286729022068
v 0.0880263353580322 -0.0512005523146996 0.0588333915732925
v 0.0880262683028083 -0.0487553081958605 0.058766518864724
v 0.0585322404235853 -0.0512024969168874 0.0474576326876335
v 0.058524167719689 -0.0443008280808972 0.0460859505375253
v 0.055552559594381 -0.0460387659947858 0.0435921509686566
v 0.0535062241515623 -0.045265786625145 0.0415639830408883
v 0.0496818933707059 -0.0468498252946248 0.0362582142026652
v 0.0470204603592955 -0.0446238518362693 0.031608487832408
v 0.0473647479556936 -0.0512000158727168 0.0316179202706061
v 0.0473610859954121 -0.0473512420863302 0.0316175775437838
v 0.0479514625381358 -0.0463004230224965 0.0329926720609494
v 0.047255954580249 -0.0455831367614903 0.0316088938891866
v 0.0431913463058027 -0.040006542953058 0.0316084245024517
v 0.0443258871661307 -0.0407830837014182 0.031608215886125
v 0.0457338196247713 -0.0395256562430707 0.0380963326568481
v 0.0540258872354212 -0.0380796582518822 0.0454441237821045
v 0.0465343807667266 -0.0434248071470536 0.0316106224244647
v 0.0431674969978451 -0.0391871054725288 0.036117077807098
v 0.043607409068777 -0.03906055359337 0.0373479662884614
v 0.0441752215286673 -0.0388777833394683 0.0385914052770482
v 0.0473523688163085 -0.0378148459022308 0.0429986188928571
v 0.0450972718351205 -0.0400849268125082 0.0355504460615627
v 0.0482933994764081 -0.0512001574337956 0.0337378980085616
v 0.0452142720249091 -0.0385434570495413 0.0403600358679962
v 0.0472557273375459 -0.0391967129994297 0.0402272254990376
v 0.0568772206408414 -0.0335365087475062 0.0495549494771058
v 0.0487387355698934 -0.0463951050324668 0.0345843140504775
v 0.0468466383178545 -0.0404387661795609 0.0372540777655907
v 0.0475473803084935 -0.0416468260743214 0.0361827137188728
v 0.0481528554524594 -0.0431622187964561 0.0353858626809958
v 0.0464336526445979 -0.0381368265759695 0.0419779895917241
v 0.0520216252202929 -0.036007628741434 0.0468412422228988
v 0.045845332462073 -0.0383313352235372 0.0412342016066492
v 0.0485273141743104 -0.0388004984410247 0.0418193294247176
v 0.0497210908743502 -0.0396528786747081 0.0413905483676047
v 0.0509147707168443 -0.0437430439027872 0.0390190873731546
v 0.0479197752195653 -0.0402053170594475 0.0389499832149492
v 0.0481372911899403 -0.0444289408572145 0.0343022424250868
v 0.0494521398219739 -0.0445022173419531 0.0365928645929569
v 0.050143862885002 -0.0512002356649181 0.0372073626095855
v 0.0483323213085765 -0.0374688929773841 0.0439655890945405
v 0.052921204576168 -0.0477138284379363 0.0408369998459841
v 0.0520679082259265 -0.0512004703582855 0.0401891828217549
v 0.0493285868466968 -0.0370982339189946 0.0448394381834119
v 0.0576315583818065 -0.0347305503701737 0.0489319577957489
v 0.050711150078972 -0.0382623614505359 0.0437616703605239
v 0.0516927118966129 -0.045086205220808 0.0395023731708985
v 0.0506892975265696 -0.0464273511561016 0.037881856446586
v 0.0534254859367284 -0.0436356400221823 0.0417717350999073
v 0.0526063355965993 -0.0420827112624154 0.0416032848667141
v 0.051768536453653 -0.0475531864158266 0.0393550565166541
v 0.0523119408120533 -0.0371425872401587 0.0457015526039088
v 0.0527323249116772 -0.0394232479784309 0.0436150764128397
v 0.0602770247993546 -0.0342358502791283 0.0496912839718683
v 0.0588491918403844 -0.0360680529703339 0.0484714819581502
v 0.0530353847212638 -0.0407216387426344 0.042801331177795
v 0.0543780687217853 -0.0512024820157212 0.0431670914777996
v 0.0543843830887001 -0.0362796048267312 0.0470962049016987
v 0.05612173551049 -0.0406829627657886 0.0449562856780896
v 0.056249352777392 -0.0436811668101838 0.0443001761548758
v 0.0547219875144521 -0.0421623952486156 0.0433786023559899
v 0.0562585654200941 -0.0364545966718817 0.0474874238441386
v 0.0562007414653739 -0.0512035996031854 0.0451730790196942
v 0.0541473354217268 -0.047781069950368 0.0422760352672704
v 0.055345049753524 -0.0496927182091147 0.0439138485202378
v 0.055185268330904 -0.0344855155933478 0.0487023718029704
v 0.0559512848566938 -0.039286563306263 0.0455364327813591
v 0.0573929535435232 -0.0377439461534994 0.0470755816876919
v 0.059330298170516 -0.0404549376701684 0.0469815590543255
v 0.0582258278528051 -0.0476388606708351 0.0462885542436257
v 0.0569457920578325 -0.0460060542097075 0.0448902437095362
v 0.0582257123688084 -0.0326749605713245 0.0501669739001469
v 0.06127095458051 -0.0302327115868895 0.0513948523459399
v 0.0577569777274815 -0.0420750781400346 0.0456678051877804
v 0.0607824870769132 -0.0323720869179327 0.0505586622293218
v 0.0641895145731536 -0.0298447336480959 0.0516832606922529
v 0.0592552149462287 -0.0389813687962371 0.0473518679353095
v 0.060168264951522 -0.042617424709972 0.0472416663607525
v 0.0626801685389847 -0.0397234394219086 0.048894723506732
v 0.0622205161552024 -0.0308900281045647 0.0512289315857075
v 0.0603068867257196 -0.0311008125509033 0.0510268680468815
v 0.0592859262387628 -0.0319209503862434 0.050625117705237
v 0.0642233774612097 -0.0359373250393503 0.0501252245577745
v 0.060819028448634 -0.0372811010304765 0.0486015356113636
v 0.0617746026417337 -0.0424679473866301 0.0482810376036608
v 0.062257780233225 -0.0452269541860542 0.0489650458352735
v 0.0622090199095983 -0.0292680659671318 0.0517251739474534
v 0.0623206743079281 -0.0350714294479327 0.0498360935049013
v 0.0626571164431331 -0.0381768809106878 0.0491064467265405
v 0.0660699889197212 -0.037236792412811 0.0505656508762648
v 0.0652529731708854 -0.0397226124071851 0.0501154009639638
v 0.063474169444871 -0.0415056524258387 0.0492481642675891
v 0.0626890794331794 -0.0481831481176687 0.0499499421398833
v 0.0604900443444399 -0.0512024335869311 0.0491162107156864
v 0.0642675668537424 -0.0265074181767809 0.0523883801510651
v 0.062886869991865 -0.0284712130666091 0.0519452678973691
v 0.0636740461660771 -0.0326815208097396 0.0508509933076343
v 0.0677373245119165 -0.0352986461552871 0.0512759969191181
v 0.0626900480086354 -0.0511993192431974 0.050798466696815
v 0.0668020382493287 -0.0266990583498571 0.0524588216889361
v 0.0657832160789554 -0.0339816736368449 0.050948338901061
v 0.0695567339012766 -0.0362776080704618 0.0518082777512942
v 0.0680285527997796 -0.0443235486340452 0.0522569071617721
v 0.0677615463488957 -0.0389520842793825 0.0512253925587374
v 0.0657810330588893 -0.0427700797070039 0.0507025180877186
v 0.0652480259854796 -0.046053499522856 0.051103866097876
v 0.0660110101250342 -0.0512010775808078 0.0529229036087528
v 0.0655037969610745 -0.0240288569129871 0.0527792600919742
v 0.0672593995796287 -0.031915191085511 0.0516236224998696
v 0.0692757650626661 -0.0328877715762649 0.0518953154630092
v 0.0712946935453716 -0.037199830070077 0.0524322976131182
v 0.0693953394279935 -0.0403514788733123 0.0520950208922855
v 0.0707183017421157 -0.0428304890347376 0.0532243616513566
v 0.0701821058202818 -0.0472045922592727 0.0541186886678645
v 0.069268284679914 -0.0511987343724244 0.0546265576645301
v 0.0677401855348018 -0.0294043948739569 0.0521246295095048
v 0.0711958466948016 -0.0297039567431631 0.0525473718690193
v 0.0730396120315886 -0.0351674227605277 0.0528060374876174
v 0.0738322271295149 -0.0322517972538651 0.052884145675493
v 0.066658964753324 -0.0200858928551144 0.0532852142887844
v 0.066961808496078 -0.0184284063374849 0.0535159178690272
v 0.0752172378774614 -0.0244908508068914 0.053604471774402
v 0.0711945428432263 -0.0337670111620055 0.0522845525503458
v 0.0720310865633701 -0.0395517668115269 0.0530268802211341
v 0.0735312683836097 -0.0409658800323607 0.053922276396316
v 0.0723163171339868 -0.0511992410120749 0.0559265018753088
v 0.0700669272974084 -0.017100326862294 0.0541311981968809
v 0.0746064690960997 -0.019921659651953 0.0542496624680902
v 0.0725585429543592 -0.021975332788301 0.0536137030468566
v 0.0795802977774981 -0.0197495958859588 0.0549866629719656
v 0.0698789417025693 -0.0238817153474454 0.0530503868107986
v 0.0753845332104454 -0.0455490950473295 0.0558732339314716
v 0.0759990645349245 -0.0406282531341226 0.0547134985186648
v 0.0729653893493411 -0.0464797846346322 0.0551760716954048
v 0.0811374318345476 -0.0257374227656696 0.0543042528904267
v 0.076526580530557 -0.0347053562234382 0.0536663376911307
v 0.07470272314468 -0.0374350524289669 0.0535652146520748
v 0.0778253135571196 -0.0170987845915933 0.0554028525436481
v 0.0813728105715045 -0.0231762121836038 0.0545962300660422
v 0.0758218748311289 -0.0296532219975782 0.0533032596010403
v 0.0789607820147111 -0.0297393041720112 0.053834054041889
v 0.0780090001670505 -0.0375302038256722 0.0545275654922393
v 0.0795755070542814 -0.03919524523456 0.0553314089023509
v 0.0792464298178319 -0.0444924608033903 0.0568019751912949
v 0.0767831263665166 -0.0512000158727168 0.0573786875757576
v 0.0799171534199169 -0.033815790129528 0.0542879994434051
v 0.0832361336819212 -0.0331559851170991 0.0547416356457227
v 0.0822640564531682 -0.0293513746620077 0.0543270181470732
v 0.0814958047532493 -0.036412191678197 0.0550479887214199
v 0.0817340817659937 -0.0443319640676509 0.057332527488193
v 0.0786723476945094 -0.0483510581835875 0.0574947713856681
v 0.0826688911914339 -0.0170983003036921 0.056054499167588
v 0.0847732629305151 -0.0363865467711842 0.0555008686895534
v 0.0839245896654306 -0.0464868589632808 0.0582029940123393
v 0.0880258063668216 -0.0230823869906894 0.0551449729615665
v 0.0851790811453976 -0.0221395734420455 0.0551240144713205
v 0.0856081228194816 -0.0262975017233729 0.0547347699334008
v 0.0829065498060025 -0.0387441981098679 0.0558523424964734
v 0.0843028407327207 -0.044027354428398 0.0576748482537809
v 0.0827176552403508 -0.0512008354368572 0.0585123981018139
v 0.0859014596216065 -0.0485975830770324 0.0586883063686851
v 0.0819817018065977 -0.0482219507544271 0.0581887932009604
v 0.0849045198059573 -0.0199947833997381 0.0555161237584403
v 0.0880264694684799 -0.0271618196538202 0.0548019555664593
v 0.0852455999274801 -0.0295334426984526 0.0546700578939298
v 0.0880267600411167 -0.0316995190566622 0.0549500135537216
v 0.0880268196457602 -0.0359309287137633 0.0555880069841401
v 0.0880264769190604 -0.0387443471215298 0.0562522525440935
v 0.088026625930669 -0.0447959789322198 0.0581130878261329
v 0.0865769590457475 -0.0446109027228503 0.0580368273828648
v 0.0857743154665619 -0.0170992241759959 0.0562936256320197
v 0.088026730238795 -0.0171001052074469 0.0563517290042854
v 0.0880265290731234 -0.0201722246240811 0.0555846877493713
v 0.0862279515066467 -0.0335511491432878 0.0550947634820898
v 0.0853101666574899 -0.0392545779530365 0.0562724957783625
v 0.130292099782258 0.0286335109808116 0.0142090135395928
v 0.130539101424686 0.0248930779858541 0.0142090135395928
v 0.130164367031359 -0.0127438312282579 0.0142090135395928
v 0.129685488424776 0.0357146494623923 0.0142090135395928
v 0.129675251327265 -0.0167192798284244 0.0142090135395928
v 0.13000148244199 0.0395937359461006 0.0142090135395928
v 0.129647162639042 0.0423502430748964 0.0142090135395928
v 0.128798392516412 0.0430602873691344 0.0142090135395928
v 0.128778037530676 0.0478477452184845 0.0142090135395928
v 0.129133802746228 -0.0187196961968099 0.0142090135395928
v 0.127605599292989 0.0532736062803233 0.0142090135395928
v 0.128238391990103 0.0505805781194962 0.0142090135395928
v 0.128897827962836 -0.0167262591621386 0.0142090135395928
v 0.127067160746446 0.0551812796529889 0.0142090135395928
v 0.127169948954063 0.0519087153367061 0.0142090135395928
v 0.128332209698883 -0.0230992085446719 0.0142090135395928
v 0.128672105178117 -0.0208979188681099 0.0142090135395928
v 0.12841197561297 -0.0185418153880643 0.0142090135395928
v 0.126611349136875 0.0565793480431277 0.0142090135395928
v 0.126641822010836 0.053990583342131 0.0142090135395928
v 0.126100269121672 0.0579207212212058 0.0142090135395928
v 0.126051333709405 0.0558754206776107 0.0142090135395928
v 0.131983381539956 -0.00706874210829506 0.0142090135395928
v 0.132025402813584 -0.00582365141856842 0.0142090098143012
v 0.125545856530686 0.0591509428753822 0.0142090135395928
v 0.124922786841034 0.0603077911872397 0.0142090135395928
v 0.125214439811981 0.0580816091125576 0.0142090135395928
v 0.131560859123749 -0.0103047925138139 0.0142090135395928
v 0.124360744855687 0.0611806195462272 0.0142090135395928
v 0.123955843062197 0.0617442226297344 0.0142090135395928
v 0.124412995776245 0.0596550307011271 0.0142090135395928
v 0.131108102252155 -0.00849517719658354 0.0142090135395928
v 0.131282654450478 -0.00579430729704905 0.0142090144709157
v 0.131261301086965 0.00200873541007239 0.0142090107456241
v 0.123775643323908 0.0607219206726965 0.0142090135395928
v 0.125637647681588 0.0570484181283265 0.0142090135395928
v 0.127649706729137 0.049771463421845 0.0142090135395928
v 0.128275004142338 0.0464216477347425 0.0142090135395928
v 0.129243192168107 0.0450991915871425 0.0142090135395928
v 0.129240748377725 0.0397022015347965 0.0142090135395928
v 0.130031284763711 0.0319371554044749 0.0142090135395928
v 0.130315122075788 0.0368149403979763 0.0142090135395928
v 0.130710539280389 0.0327565332803393 0.0142090135395928
v 0.131090518882339 0.0278822761379333 0.0142090135395928
v 0.13074239796231 0.021193414581592 0.0142090135395928
v 0.13149837855626 0.0209507453648987 0.0142090135395928
v 0.131314915463742 0.0243548273739732 0.0142090135395928
v 0.131656971611301 0.0173303896923906 0.0142090126082699
v 0.130969193630611 0.0159622502945441 0.0142090237841445
v 0.131777149473643 0.0139918644326456 0.0142088980555548
v 0.132002455025858 0.00237915744678714 0.0142089381024389
v 0.1311563224087 -0.0119995934142286 0.0142090135395928
v 0.130851131733111 -0.0100232591930518 0.0142090135395928
v 0.131819975409957 -0.00876900847707134 0.0142090135395928
v 0.131246355222621 -0.00694851111756936 0.0142090135395928
v 0.128161949034887 -0.0247602080122307 0.0142090135395928
v 0.127752882366937 -0.021879462410327 0.0142090135395928
v 0.131277379439533 -0.049958659322105 0.0142090135395928
v 0.13127904836955 -0.0512000158727168 0.0142090135395928
v 0.131766137515767 -0.0470723146070054 0.0142090135395928
v 0.127468687427 -0.0241341094377233 0.0142090135395928
v 0.128053423880338 -0.0264260876117167 0.0142090135395928
v 0.129648324929589 -0.0393923988391264 0.0142090135395928
v 0.128022250651818 -0.0281000082530079 0.0142090135395928
v 0.127310824528841 -0.0298028054917292 0.0142090135395928
v 0.127421435845911 -0.0315024101555944 0.0142090135395928
v 0.127342340484062 -0.0258316093118641 0.0142090135395928
v 0.127279248968977 -0.0275339781420575 0.0142090135395928
v 0.128053200362925 -0.0297682087091279 0.0142090135395928
v 0.128411141147962 -0.0376547663991447 0.0142090135395928
v 0.128208112831234 -0.0319912950665341 0.0142090135395928
v 0.127941158534413 -0.0354371375938556 0.0142090135395928
v 0.129275065751188 -0.0406902270843061 0.0142090135395928
v 0.129134771321683 -0.0374840698151484 0.0142090135395928
v 0.130365145272797 -0.0441197193070258 0.0142090135395928
v 0.132022646098825 -0.0512000158727168 0.0142090135395928
v 0.132021170883899 -0.0499714072697804 0.0142090135395928
v 0.131918397577443 -0.0482832429762575 0.0142090135395928
v 0.130797323641242 -0.0458851275207853 0.0142090135395928
v 0.129812714536206 -0.0423244193538894 0.0142090135395928
v 0.131535959283951 -0.0457949717400452 0.0142090135395928
v 0.131172505069395 -0.0483185326630866 0.0142090135395928
v 0.131190967607702 -0.0443599670842132 0.0142090135395928
v 0.131016743234917 -0.0470936158240738 0.0142090135395928
v 0.130822148975237 -0.0430686394727838 0.0142090135395928
v 0.128850248556208 -0.0393056144472367 0.0142090135395928
v 0.128780451518736 -0.0358505108451283 0.0142090135395928
v 0.12848674963817 -0.0342031869228402 0.0142090135395928
v 0.127594959864135 -0.0331940650472973 0.0142090135395928
v 0.128051442025944 -0.0202047073037292 0.0142090135395928
v 0.130581137599474 -0.0112371035342626 0.0142090135395928
v 0.130617973269122 -0.0138061158081518 0.0142090135395928
v 0.131909456880926 0.00896336159371691 0.0142088300689841
v 0.131165441919147 0.00897529277122055 0.0142090014323952
v 0.0949101650362437 -0.0390998591444872 -0.0261632850568548
v 0.128879529337299 -0.0442398450582653 0.000913919896363322
v 0.129891660886446 -0.0447797068587405 0.0037897830962403
v 0.131802481447106 -0.0512000531256322 0.0102048839198024
v 0.128377539030221 -0.0390999709032337 0.00491225232222136
v 0.124556978243063 -0.0398228637280188 -0.00541832293439243
v 0.12719636871227 -0.0425621376581161 -0.00205664894580222
v 0.124624145225642 -0.0391000118814407 -0.00484769395102672
v 0.125623044543945 -0.0390987303811484 -0.00289371380744185
v 0.124622342185178 -0.0394321104470224 -0.00506521744977462
v 0.0947867387208339 -0.0441662668249113 -0.0277863424300027
v 0.129481640544201 -0.0390997995398225 0.0119524228413316
v 0.129565966213512 -0.0390995946487874 0.014209093633361
v 0.131183815050489 -0.0442855953637597 0.014207085701217
v 0.129048627710747 -0.0391007941926656 0.00815049273350866
v 0.126716193704692 -0.0390999112985689 -0.000332290272577158
v 0.124446210463804 -0.0401767328974039 -0.00584075609470852
v 0.125894245671611 -0.0425562740492204 -0.0047661938851971
v 0.125496712502167 -0.0442238263046112 -0.00661895506346875
v 0.124300864540768 -0.0404870683097653 -0.00629072148786757
v 0.123846893224564 -0.0410942461285031 -0.00743310263000055
v 0.123450276476513 -0.0414140922101852 -0.00825281159115127
v 0.125027772969878 -0.0469439373349883 -0.00851642719089304
v 0.122998972468103 -0.0416560312697352 -0.00907307236111246
v 0.122418989485079 -0.0418211771693257 -0.00999696422266385
v 0.123872724386916 -0.0441287121608214 -0.00916731664932595
v 0.121098120784058 -0.0416931090965071 -0.0116616545228233
v 0.120793235582266 -0.0415600528583063 -0.0119683549819572
v 0.121772092839211 -0.0441779456139126 -0.0120875615175074
v 0.120487851191585 -0.0413770106581218 -0.0122438654376101
v 0.113612992012212 -0.0391002540253913 -0.0179307912058034
v 0.115831029806339 -0.0391001310907702 -0.0160612629559381
v 0.107156535078068 -0.044170401898529 -0.0238460475435239
v 0.106099700046339 -0.0390995015164987 -0.0226089322373389
v 0.0997824199546346 -0.0441610663179111 -0.0266848519505404
v 0.0896298492782608 -0.0441625415333639 -0.0282886644675541
v 0.0882106478167192 -0.0391001459919364 -0.026736050494923
v 0.0752372724882388 -0.0442390850987896 -0.0264030392329122
v 0.078674903243597 -0.0425216064860797 -0.0267887317053414
v 0.0729243813546522 -0.0512000009715506 -0.0265287864490968
v 0.0712002350866751 -0.0491979138099061 -0.0258134950817143
v 0.0708156286742779 -0.0391000230573153 -0.0230203534358407
v 0.0649099707996115 -0.0391023848921564 -0.0197205907659699
v 0.0595303835079741 -0.0442104748597051 -0.0175979215048714
v 0.0622192793588509 -0.0391001608931026 -0.0177484791627621
v 0.0580427745422108 -0.0390985999959442 -0.0139768915545933
v 0.060432503511776 -0.0391009469296191 -0.0162450371759117
v 0.0549746366968467 -0.0441625527092385 -0.0129250573488129
v 0.054367261654871 -0.0484018227315048 -0.0134346241471013
v 0.0543092924138324 -0.0512001797855448 -0.0134835763406807
v 0.0567183817166459 -0.0440314187214763 -0.0148166635390343
v 0.0645114318018095 -0.0427988873865405 -0.0208582631395869
v 0.0685812592078473 -0.0480797265737281 -0.0245413974252528
v 0.0701684340051921 -0.0444040000303042 -0.0245328609196718
v 0.0793073755657525 -0.0391001087390209 -0.0258110103122521
v 0.0739234743880459 -0.0390999448261928 -0.0242696429948028
v 0.0765246582808059 -0.039100742038584 -0.0251167426277176
v 0.0730880706067079 -0.0441302879591459 -0.0256392967236633
v 0.0722526593747895 -0.0461999146565459 -0.0258681190316747
v 0.0821073409443954 -0.0391021762758298 -0.0263120042833669
v 0.0854175742249744 -0.0391003695094292 -0.0266598608321943
v 0.0922050902499623 -0.0441632828663818 -0.0281157010436512
v 0.0915764996802111 -0.039099877770945 -0.0266006286965896
v 0.0972915791580486 -0.0441822520509415 -0.0273151060877691
v 0.0976644658074288 -0.0391003397070969 -0.0256089858889874
v 0.100352724633679 -0.0391001012884378 -0.0248661031497586
v 0.109070075100586 -0.0391002689265575 -0.0210199277542264
v 0.11142569531294 -0.0391000379584815 -0.0195212709043687
v 0.118246865609732 -0.0443373135863131 -0.0160493718253186
v 0.119577509472278 -0.0402642474464369 -0.0127528324639593
v 0.119434421075113 -0.0398443139567491 -0.0127150300679814
v 0.117879097509108 -0.0390980151251712 -0.0141038383146561
v 0.119362739040792 -0.0391004142129278 -0.0124640953606672
v 0.119366203560692 -0.0394118560368788 -0.0125984992230852
v 0.118929174864387 -0.0425037660648589 -0.0145280521643319
v 0.119731445914551 -0.0405604155750433 -0.0127198962300653
v 0.119911414684847 -0.0408291618325688 -0.0126440604700336
v 0.120190148349328 -0.0411345724095044 -0.0124750002203495
v 0.121388313441241 -0.0417792750899999 -0.011341102498393
v 0.121818517405872 -0.0418482488630012 -0.0108198364219998
v 0.0678283631541955 -0.0391017851202173 -0.0214895380066996
v 0.0681620746516726 -0.0427931094593503 -0.0230098350751564
v 0.12761981500045 -0.0391009692813684 0.00220875259968513
v 0.129258540363793 -0.0425821387484344 0.00389701840740267
v 0.124135036972129 -0.0407510685458593 -0.00674201681010908
v 0.110865210498903 -0.0469431587490549 -0.0224986244919728
v 0.113797416229605 -0.0442397705524343 -0.0198016102691899
v 0.11158200103979 -0.0441626532921103 -0.0213174183613321
v 0.104840522151281 -0.0442398301570991 -0.0249316533798277
v 0.102297445335298 -0.0441628656337285 -0.025888885669406
v 0.103122895141181 -0.0391012635794006 -0.0238999599627987
v 0.0562118838084075 -0.0391033199403348 -0.0118869201087297
v 0.12929743239364 -0.0491304525052731 -0.000362782686112188
v 0.127818134550347 -0.0447786265241917 -0.00224611354861463
v 0.126696539073516 -0.0512000195980083 -0.00627441448978
v 0.123585325697394 -0.0512000158727168 -0.0111388471070524
v 0.106229243288282 -0.046943635586373 -0.02496731187052
v 0.0989566423232127 -0.0490973644657485 -0.0277842637173192
v 0.0858837346907626 -0.0424949296733083 -0.0277660097887366
v 0.0859234239327153 -0.0447786973047311 -0.0284364765855743
v 0.082262476930117 -0.0442395991890231 -0.0279553328304702
v 0.0704223944897424 -0.0462035468158047 -0.0251003364437426
v 0.0659533277313421 -0.0447817743955493 -0.0224333350323119
v 0.130612996281395 -0.0442287548653285 0.00780984508948701
v 0.131063190153321 -0.0442076101105051 0.01163442543558
v 0.12904312918239 -0.0469443098641431 -0.000376379272664422
v 0.117298920810993 -0.0491028890731134 -0.0180052225309217
v 0.118933287584784 -0.0469437808727433 -0.0161445977278548
v 0.112993245281432 -0.0512000792026731 -0.0214422286666926
v 0.115721968209999 -0.0441681257453935 -0.0182528705997682
v 0.109422368345656 -0.0441859475401566 -0.0226420780188825
v 0.101307225943197 -0.0469443769193909 -0.0268699207093268
v 0.0786072296215478 -0.0447795354953293 -0.027449238935227
v 0.0761718658468465 -0.0469460458500042 -0.0272942090648336
v 0.0657269716472864 -0.04694654131378 -0.0228165054823635
v 0.0608042651235112 -0.0512000009715506 -0.0197979725219938
v 0.0590881096030457 -0.0469470144258065 -0.0179828242154926
v 0.0622125701111734 -0.0443228967080244 -0.019808623130528
v 0.131862220200997 -0.0491386555972606 0.0114211767088828
v 0.131630790271669 -0.0469470628545966 0.0114337113836171
v 0.131080922534745 -0.0511999525427604 0.00562989714253903
v 0.131405901951958 -0.0491367147203643 0.00762624316424742
v 0.131168854284984 -0.046945051197161 0.00763266603253669
v 0.130565729799144 -0.0490982063816382 0.00369683660646966
v 0.129513424720317 -0.0512000456750491 2.2335105526154e-05
v 0.13032209581907 -0.0469444402493472 0.00367605273926492
v 0.127536770830973 -0.0491228678116824 -0.00449002125897172
v 0.12528001982093 -0.0491180547350031 -0.00855200279384842
v 0.12728915824095 -0.0469441683030643 -0.00446561827102862
v 0.119978343248853 -0.049114515708033 -0.0153779960573433
v 0.122241866836508 -0.0469437138174955 -0.0124411587406095
v 0.122513760868154 -0.0491122805331045 -0.0124710523426321
v 0.1165944684313 -0.0512000046968421 -0.0186809736538195
v 0.115123902668271 -0.0469433934424224 -0.0195297440799934
v 0.108782698762805 -0.0490957439639253 -0.0239575604207056
v 0.103973952592003 -0.0491352953842848 -0.0261755189142967
v 0.096203161115875 -0.0469443508423501 -0.0281634127151453
v 0.0910301784195723 -0.0469445594586767 -0.0288306664480234
v 0.0886070037944551 -0.0491023638070052 -0.0291598630114895
v 0.0859018992058519 -0.0469447904267527 -0.0288814980511885
v 0.0809197705778541 -0.0469453790228172 -0.0283510500624537
v 0.0785643664323318 -0.0491140165189657 -0.0281332769691721
v 0.0691524132530606 -0.0511999711692182 -0.0249596321819949
v 0.0656971469738236 -0.0491324827891664 -0.0230701996993915
v 0.0622102082771769 -0.0469466344460687 -0.0204947491903855
v 0.0620986395605221 -0.0491360963219675 -0.0207035480563292
v 0.0563547300617092 -0.0469169103448115 -0.0153431087020013
v 0.132047307520049 -0.0512001723349617 0.0142092743100011
v 0.131842461261696 -0.0474728989323957 0.014206558572463
v 0.120366011849807 -0.0512000494003407 -0.0150681961556419
v 0.113223937603298 -0.0491430551665781 -0.0212355643928055
v 0.109244783761098 -0.0512000046968421 -0.0237601143807528
v 0.103894469799971 -0.0511999450921774 -0.0262788491885944
v 0.0982336678005693 -0.0512000046968421 -0.0280115381666926
v 0.0937899777191149 -0.0491481327389573 -0.0287901203748208
v 0.0938865893955558 -0.0512000792026731 -0.0288159720355144
v 0.0893731842330143 -0.0512000046968421 -0.0291895591730601
v 0.0852365325710964 -0.051200038224466 -0.0291113708914162
v 0.0834924932533701 -0.0491534934334941 -0.0289342798444787
v 0.0814070832414843 -0.0512000121474252 -0.0287102426734601
v 0.076842649053575 -0.0512000121474252 -0.0277653038459884
v 0.0740509016651468 -0.0491834224257864 -0.0268856377143656
v 0.0651111215700712 -0.0512000307738829 -0.0227740669610548
v 0.0570209870408262 -0.0512000531256322 -0.0164345427569312
v 0.0589842932153286 -0.0491073370712211 -0.0181993847263755
v 0.0562067838861029 -0.049094734409916 -0.0155301462773705
v 0.0449299131722028 -0.0472000138759609 0.00585013218787204
v 0.0443156016398465 -0.0512000158727168 0.0096170589906536
v 0.0440126796659979 -0.0512000158727168 0.0141885151228529
v 0.0442352583057754 -0.0472000138759609 0.0103477274302212
v 0.0441854884285004 -0.0512000158727168 0.0187533914588564
v 0.0440087457595307 -0.0472000138759609 0.0148831991087177
v 0.0448280823641705 -0.0512000158727168 0.0232635441933506
v 0.0442482036892732 -0.0472000138759609 0.0193922938604125
v 0.0449398969499796 -0.0472000138759609 0.0238116686904781
v 0.0473085668539582 -0.0512000158727168 0.0315132097757901
v 0.0472973872580224 -0.0472000176012525 0.0315176205209823
v 0.0459255156086648 -0.0512000158727168 0.0276566687565271
v 0.0459024374357817 -0.0472000138759609 0.0275493151673581
v 0.0450926636511243 -0.0512000158727168 0.00509935229622402
v 0.0462485504243853 -0.0472000176012525 0.000915143014352179
v 0.0466901835793967 -0.0512000121474252 -0.000379219982092403
v 0.048174417432225 -0.0472000138759609 -0.00388425462723818
v 0.0494460452471819 -0.0472000138759609 -0.00634589445266983
v 0.0496462870468291 -0.0476874459231971 -0.00670754808440473
v 0.0490523975554324 -0.0512000158727168 -0.00565548104790267
v 0.0516519721228195 -0.0500941034721877 -0.00994557289444372
v 0.0513269032986416 -0.0499598514154002 -0.00946449526326458
v 0.0499244470166173 -0.0482701001476781 -0.00719614614789531
v 0.0502238150636006 -0.0487934961595135 -0.00770680212829986
v 0.0505491074051914 -0.049251949163802 -0.00824339219147351
v 0.0509134817664299 -0.0496472882786934 -0.00882567668076834
v 0.0512756768328924 -0.0512000121474252 -0.00941729954464978
v 0.0520866203586774 -0.0502131675153361 -0.0105748128210485
v 0.052651322201238 -0.050317311765837 -0.0113558071554537
v 0.0531569148639541 -0.0504638349329818 -0.0120259340194377
v 0.053485150184815 -0.0506200364075669 -0.01244632385734
v 0.0540936204621139 -0.0510044231653088 -0.0132002176270603
v 0.0542990590416112 -0.0512001499832125 -0.0134902809341432
v 0.0880265812271864 0.0100430395598459 0.0586057650838679
v 0.0901697108856665 0.0170999897234089 0.0582552747539164
v 0.0880267674916971 0.0171001815759236 0.0583023028344116
v 0.0880267078870537 0.00146567474831151 0.058788647096516
v 0.0901919434176708 -0.0049999992363147 0.0587619963607854
v 0.088026782392858 -0.00499999830499181 0.0588119785974777
v 0.0902473980878142 0.0060855012301167 0.0586706373108754
v 0.0967817731920991 0.010427399309224 0.0577093705305512
v 0.10104225350077 0.0111158238739663 0.0565996695085184
v 0.105207127961358 0.00952131713523816 0.0551377198189236
v 0.129693967185306 -0.00500003602356873 0.0289967660222501
v 0.129929032997885 0.0041311136327688 0.0278517231593064
v 0.0924166345801224 -0.00499999783933037 0.0585957775772292
v 0.0924478003580627 0.00528712561667395 0.0585178109504323
v 0.09462740805833 -0.00499999783933037 0.0583173828145957
v 0.0945691519699448 0.0171001797132778 0.0578125089523343
v 0.0923837104652005 0.0171001834385694 0.0580969424125662
v 0.0968188249285794 -0.0049999992363147 0.0579278700556846
v 0.0946525165143804 0.00333178713865856 0.0582655006792142
v 0.0946129241299733 0.010476174551455 0.0580922559957995
v 0.0968319901041999 0.00330881210153175 0.0578770533536856
v 0.0998291574456744 0.0171003063731904 0.0566993024309553
v 0.0967685260600939 0.0170999710969512 0.0574249519714855
v 0.0989834644127621 -0.00500000389292913 0.05742903116573
v 0.0989252306761181 0.0107660655638039 0.0572075365061925
v 0.0989884264993287 0.00328309524982601 0.0573797418332655
v 0.101117124383515 0.00327650311360205 0.0567748178159139
v 0.106268939980815 -0.00500003276393863 0.0548685526034533
v 0.101118860368755 -0.00500000854954357 0.0568220135345287
v 0.109264714063749 0.00345044815182773 0.0533180862613992
v 0.103194763440012 -0.00499999830499181 0.0561351703560483
v 0.105288875729841 0.0018559066049067 0.0552599913380944
v 0.103154433448142 0.00910400159418539 0.0559614376594409
v 0.10799945649506 0.0170998686514336 0.053555022254401
v 0.104984839894218 0.0170998109094146 0.0549183932790668
v 0.102921133423126 0.0170997606179787 0.0557105877025094
v 0.110230301836947 -0.00500005278738069 0.052816017543673
v 0.107299854443227 0.00265719039047904 0.0543387304636984
v 0.107213323402108 0.0103063878699191 0.0542070525833703
v 0.109163386169896 0.0118648170226559 0.0531600146904573
v 0.113034849322555 0.00582771617730814 0.0509832858610678
v 0.11106042315676 0.0171002635323376 0.0518562110776354
v 0.113961627022291 -0.00500006163494812 0.0503742975506378
v 0.111164381105505 0.00578529954208729 0.052193167423395
v 0.119004805706336 -0.00500006210060956 0.0460802620173324
v 0.114871365244583 0.00193666382431868 0.0496834012549538
v 0.11828075084953 0.00359839321619006 0.0468028232911698
v 0.116596986727485 -0.00500006861986977 0.048275445941048
v 0.114790369984724 0.010393821393861 0.0496089177757539
v 0.117049020892778 0.0171001238339046 0.047562767865686
v 0.113597561860141 0.0171001610868201 0.0502228234710265
v 0.116596420483373 0.00553098506401664 0.0482859363620457
v 0.120978866793689 0.0170996674856901 0.0437125337650129
v 0.11819748316264 0.011979471251935 0.0467277735676546
v 0.124136325922543 0.00468376296214213 0.0399561956377935
v 0.121396039693148 0.00324421438194514 0.0435524542619268
v 0.119885620775397 0.00314652280206592 0.0452275018039111
v 0.122768943247895 0.0103762752706724 0.0417423947036794
v 0.121390757231622 -0.00500006396325534 0.0435017008898842
v 0.119826738838255 0.011010036769893 0.0451778585687496
v 0.121339579194646 0.0115097324769035 0.0435037162726114
v 0.119685751504771 0.0170998220852893 0.0451103972641166
v 0.12281594150925 0.00215149137613983 0.0417966945532753
v 0.122628619016069 0.0171000120751582 0.0416461108183437
v 0.125922155545903 -0.00500007187949987 0.037200418666141
v 0.123513002913156 -0.00500005651267224 0.0408533352494197
v 0.123881359609635 0.0171004404836862 0.0398760906936484
v 0.125361186444138 0.00463055276032394 0.0380396337194957
v 0.126463917051319 0.00579132473550387 0.0360874915416281
v 0.125073951667386 0.0171001182459673 0.0379679367583732
v 0.126194355051347 0.0170999114922864 0.0359030262800724
v 0.128060874460769 -0.00500005139039636 0.033106837345713
v 0.127466854584215 0.00628256961863892 0.0340749996406915
v 0.129221987816202 0.00321541438582242 0.0299742508593262
v 0.12837129544382 0.0063244847364852 0.0320246774040905
v 0.127598387131133 0.0170998593382047 0.0329391731490363
v 0.130961310916515 0.0170997140518344 0.0223626699769481
v 0.129374218075555 0.0115270494946619 0.0288963396127136
v 0.130906057412044 -0.00500000808388212 0.0247563541981245
v 0.130192902754408 0.0170999301187441 0.0255261037399937
v 0.129100021814556 0.0171005839074107 0.0289861154137159
v 0.13052808946681 0.00608657970201969 0.0257061098275671
v 0.13156208101894 0.0171006509626586 0.0179705084016367
v 0.131438893122103 0.00707356216989604 0.0213995126111636
v 0.131526854674665 -0.00500000808388212 0.0214487106739851
v 0.130913016254166 0.0114539089830647 0.0235201553136603
v 0.13108239774967 0.00269398067130962 0.0236025662132732
v 0.13171390894695 0.00779085448450103 0.0192187530163197
v 0.131905567677941 -0.00499997735022686 0.0183250537114376
v 0.132030260592024 -0.00500000715255924 0.0148090546310486
v 0.131979134709111 0.00646021387137124 0.0148090211034247
v 0.131673586405661 0.0171001554988828 0.0148090341419451
v 0.131916520031174 0.00649953898026914 0.017037794118378
v 0.0671682491786433 -0.0171000046245751 0.0537376285954745
v 0.0854367445684218 -0.0121137410038573 0.0578381985628456
v 0.088026834546921 -0.00942353568270035 0.0585240880666898
v 0.088026678084732 -0.0171003361755228 0.0563524852384696
v 0.0880266929858928 -0.012722419183766 0.0577491193913627
v 0.0822032597168562 -0.00499995825810768 0.0584687004319621
v 0.088026678084732 -0.00499990750101034 0.0588233668137383
v 0.0852855275880066 -0.00500007793309864 0.0587356361977956
v 0.07746178483676 -0.00500041553764513 0.0577228188330376
v 0.0683535098652511 -0.00499991821122354 0.0554311684847004
v 0.0880265663260255 -0.00686389577668318 0.058794696969989
v 0.0816886406759487 -0.00888466015316233 0.0580916897514842
v 0.0847384463681639 -0.00869266607738919 0.0585057596322763
v 0.0821470599886698 -0.0118435009044213 0.0575560710580816
v 0.085947601066212 -0.0170983375566076 0.0562958757081143
v 0.082861376936853 -0.0170993526985543 0.0560721905771469
v 0.0755335448190532 -0.00749995578078853 0.0570796472473681
v 0.0679794087712608 -0.0105326257569194 0.0548239943912541
v 0.0724494143027953 -0.00500042391955111 0.0565737824575551
v 0.068235358560786 -0.00724769300703765 0.0552268846721121
v 0.0727494044732445 -0.0154307378037496 0.0549442393518231
v 0.077527774627632 -0.0108845018953266 0.0569356423773094
v 0.0677079096203773 -0.0131045633159962 0.0544170509931923
v 0.0712146147069058 -0.0170992577036198 0.0543180997991086
v 0.0784115028736415 -0.0171014947411941 0.0555035210971352
v 0.0674032628371591 -0.0155020035623754 0.0540184745999462
v 0.0233290059865491 -0.0414898534643859 0.033054917957416
v 0.0233387047796244 -0.0415016998915069 0.0315090486251315
v 0.0266064697517502 -0.0398848972828672 0.0421103976291955
v 0.0677029624349716 -0.0131428900467594 0.0544133294269364
v 0.0367209120827714 -0.0388314220861602 0.0351484722024253
v 0.0661572501177219 -0.0221237912444047 0.0530215605048043
v 0.0649480656173521 -2.61227514828425e-07 0.0559423269138024
v 0.0650109783185063 -1.86079054602634e-07 0.0556403696821312
v 0.0684617071942612 -0.0014963411154995 0.0555990748253276
v 0.0684829189967466 1.50177719762266e-07 0.0556120425652043
v 0.0654226824919288 -0.00904243556342625 0.0545447949656464
v 0.0608195909674565 -0.0306530362321898 0.0512194618945938
v 0.0540652263000936 -0.0350591434364092 0.0480894235076255
v 0.0420690728261534 -0.0386221426576068 0.0382397526561339
v 0.0412559164779806 -0.0392252561832664 0.03160899819735
v 0.0421058079129655 -0.0395156612858489 0.0316090242743908
v 0.0426247296640715 -0.0393618514484372 0.0341035055716127
v 0.0429638316564901 -0.0392583032445839 0.035464008121787
v 0.0403569964984736 -0.0390200000695843 0.0316087150751924
v 0.0433582802856358 -0.0391322878074079 0.0366954889245064
v 0.0413285968900791 -0.0389520023229684 0.0348476325582184
v 0.0389213031771493 -0.0389028992550813 0.0316091472090119
v 0.0614952692055277 -0.0285858272490041 0.0519349562903657
v 0.063516928325961 -0.0276501997877553 0.052145997781821
v 0.0626671002209098 -0.0287447407358357 0.0518720323908375
v 0.0642723277746374 -0.0264991871451068 0.0523851652244597
v 0.0649308547765579 -0.0252976688623036 0.0525894937405465
v 0.0437417393086468 -0.0390143189999744 0.0376575156643063
v 0.0446803448048163 -0.0387197117685264 0.0395061208141953
v 0.044171183314074 -0.0388771351387391 0.0385786014499995
v 0.0587391579432981 -0.0323219444937038 0.0503908639221494
v 0.0598084279937656 -0.0315127552902217 0.0508262610970507
v 0.0617619217538412 -0.0297441582268975 0.0515603670493937
v 0.063582642445357 -0.0245111275687843 0.0528365886035981
v 0.0361131198082917 -0.0388937164114168 0.033354274935587
v 0.0452412133237454 -0.038534602031533 0.0403958657220997
v 0.0605306015790127 -0.0294502103720534 0.0516782166474977
v 0.0396961449154588 -0.0388777349106782 0.034529369725444
v 0.0416795676571233 -0.0388296674738413 0.0364531959622594
v 0.0552677127286565 -0.0344500284660666 0.0487513333097787
v 0.0576387891701142 -0.0330604909935714 0.0499024968267348
v 0.057532875444006 -0.0317530328697415 0.0507074727254767
v 0.0587480166834299 -0.0312191576127831 0.0509451053479978
v 0.0626349137134505 -0.0253669276201083 0.0528429923797682
v 0.062760619906472 -0.0267531607590009 0.052384833673512
v 0.0644882828484123 -0.0244783785307905 0.0527259772469709
v 0.0653350264131653 -0.0244207911114041 0.0527168987114697
v 0.0657499939408163 -0.0233784768881733 0.0528618386297068
v 0.0660999402530513 -0.0174117779994738 0.0535761595586413
v 0.0664880186359291 -0.0208532358586439 0.0531855254869743
v 0.066864414508692 -0.019002760612398 0.0534304596809285
v 0.0381545788462187 -0.0388001594394939 0.03562954517699
v 0.0435461839240903 -0.0386671441795001 0.0389253441366543
v 0.0460873720179346 -0.0377756632857345 0.0426665985583979
v 0.0449279834718714 -0.0382174977644298 0.0411541599924604
v 0.0460269738876757 -0.0382784696111872 0.0414757122576712
v 0.0468846660803712 -0.0379842386341854 0.0424948886951007
v 0.0563598821380768 -0.0338331611640138 0.0492940710353285
v 0.0554422463005286 -0.0330567358996916 0.0498935486764378
v 0.0598052950246946 -0.0294856211308578 0.0517367521535829
v 0.0635262862549815 -0.0231457094964131 0.0531636170473837
v 0.0643847495827516 -0.0210694350162467 0.0532875016177946
v 0.0431908433916237 -0.0383082197894852 0.0405114019141527
v 0.0493158538047412 -0.0371027713240994 0.044823788233621
v 0.0480293285542138 -0.0375760696152046 0.0436777693442919
v 0.0507993202477852 -0.0365198302521694 0.0459872005091852
v 0.0530446346168681 -0.0348686879060451 0.0481553276403916
v 0.0570110889447244 -0.031436845024359 0.0510102942247869
v 0.0616955110051749 -0.0257686239450254 0.0530907950482139
v 0.0444819731008571 -0.0380078867849287 0.0418398222535202
v 0.0586825409826076 -0.0292427414351921 0.0522241879261107
v 0.0591225163834732 -0.0293920101422074 0.0519557061642851
v 0.0612207153166679 -0.0272210704158826 0.0525280338805964
v 0.0352044917224838 -0.0387710202090096 0.0351787513721231
v 0.0571600372233986 -0.0304921502034837 0.0517841676643991
v 0.0605280013264425 -0.0268198099500765 0.0531424164131871
v 0.0624842704277284 -0.0234136827559426 0.0537553907855728
v 0.0458989133112381 -0.0373811884384822 0.043748292838577
v 0.0523862976047486 -0.0358337395825816 0.0470581845761653
v 0.0629656002752729 -0.0232981242121403 0.053407191509923
v 0.0673398062436335 -0.0159671658167409 0.053940914029928
v 0.0444051389901687 -0.0376275531443905 0.0435960476236153
v 0.0482728805779028 -0.0370213550773296 0.0447178446673027
v 0.0494804334011583 -0.0357593753127111 0.0468179964036426
v 0.0545181023809745 -0.0329616925364412 0.0501614828204059
v 0.0533560539776976 -0.0328402852849094 0.0507065861060884
v 0.0538157808672842 -0.0339166151452601 0.0491809711839475
v 0.0617366009562485 -0.024807359027347 0.053663025906945
v 0.0637002349562899 -0.0189043458602972 0.054153851694781
v 0.0632484168578301 -0.0211992260364061 0.0539524698843082
v 0.0330005392506602 -0.0389026459352561 0.0315089107893443
v 0.0419422006172945 -0.0382670515925942 0.0428325416703797
v 0.0417959792510579 -0.0384609753693889 0.0399759098806627
v 0.047160914976279 -0.0366826403939597 0.0452318864720625
v 0.0524779956233956 -0.0333512425482678 0.0501520764592486
v 0.0507603239098125 -0.0343436602165119 0.0486498116645272
v 0.0528073038278385 -0.0339953827097396 0.0491677016954555
v 0.0571643175818559 -0.0298631328630488 0.0525004778990198
v 0.0590625913650716 -0.0281557348892664 0.0530601731516937
v 0.0618102313173519 -0.0237510470211266 0.0547143106322221
v 0.0611735941207358 -0.0253747805346903 0.0538695001909631
v 0.0623577074179574 -0.0230714476720602 0.0542150545096142
v 0.0332855202268325 -0.0389294307814824 0.0345661383530175
v 0.0330011278465142 -0.0389131400815453 0.0316090987802218
v 0.0397759443571585 -0.0386067907311397 0.041752639255435
v 0.0434350771434221 -0.0379237436247462 0.0432198341555285
v 0.0551416451824841 -0.0318288500033155 0.0512400031521865
v 0.0603898116859099 -0.0262524927508965 0.0539888659827269
v 0.0679479524206837 -0.0108549519514492 0.0547725108620681
v 0.0573565015787676 -0.0292275683227193 0.0533616311942975
v 0.0583803826932531 -0.0284052958953225 0.053490425698968
v 0.0592703023716002 -0.0273550318999294 0.0541202868179383
v 0.0609521852220859 -0.025050713697685 0.0554882585776652
v 0.0624681101187749 -0.0223016012726109 0.0546833199318388
v 0.0638630301386939 -0.0202271335588449 0.053688536703462
v 0.0646193534593437 -0.0153220012000936 0.0540956551902265
v 0.0311599925646192 -0.0390064437336431 0.0315091231309625
v 0.0524703736796153 -0.0325848643952491 0.0515214228515565
v 0.0601013773657081 -0.0263064554616073 0.0547024791062674
v 0.0619907812329215 -0.0231986142243244 0.0556075647647643
v 0.0610607662559882 -0.0250699604164649 0.0545931865028479
v 0.0630682841747646 -0.0203910892277861 0.0546898168402975
v 0.0634737298606256 -0.0183413630378326 0.0548154187701118
v 0.0629305154920262 -0.0203861122382787 0.0557130948237208
v 0.0681831746954515 -0.00803829160871362 0.0551379805893319
v 0.0362813650902805 -0.0388549733793232 0.0388451609613867
v 0.0454455231403076 -0.0370658909377796 0.0447559022457516
v 0.0479637559958459 -0.0356668837741707 0.0469914310769263
v 0.0514822926040978 -0.0331232696067293 0.0507785661893685
v 0.0498386610335417 -0.0339407662103623 0.049434529427834
v 0.0548607881025801 -0.0308063524684714 0.0532244808606861
v 0.0554835672195956 -0.0306448629425346 0.0527641540347493
v 0.0597168082062131 -0.0267061326785057 0.0553465373113251
v 0.0652510956246169 -0.0143513904572454 0.054024699562122
v 0.0659664556540605 -0.0140444655492958 0.0540360207231347
v 0.0669416174231117 -0.0115322146113924 0.0544573362959866
v 0.0670100659055257 -0.00796411360342054 0.054812725384323
v 0.042724433331391 -0.0377481296559073 0.044774577132279
v 0.0542588780613501 -0.0319472248675276 0.051601993457145
v 0.0570335077412395 -0.0291236010235669 0.0550406647982376
v 0.0586606586278835 -0.0277693588258382 0.0552265270441236
v 0.0573214764001643 -0.0289908744736682 0.0542322057518988
v 0.0318845615114746 -0.0389493163877627 0.0327414495748632
v 0.0452966232904062 -0.036432211394973 0.0464618548064136
v 0.0464733642382919 -0.0361165674421565 0.0465409725482986
v 0.0641943052963704 -0.0149878481362235 0.054546650160837
v 0.0643024132184153 -0.0121171459203317 0.0552663131578505
v 0.0533232341709017 -0.0318546588231563 0.0524836246800591
v 0.054560991647222 -0.0308067045085226 0.0538884134961496
v 0.0638602063687108 -0.0152849159227386 0.0558193364133629
v 0.0638532624277497 -0.0155649516762987 0.0551856345188071
v 0.0646033421619988 -0.0116297064225124 0.0547260415753051
v 0.0650245383748896 -0.00947911051332829 0.0546828430945207
v 0.0665677621982755 -0.00394309164910814 0.0549154577493274
v 0.0683384745939426 -0.00535337899552269 0.0554023943327878
v 0.0310771700499098 -0.0392021631009637 0.0371621375701993
v 0.0392236067528222 -0.0384886617361697 0.0437547636699949
v 0.050987886987898 -0.0328378899224443 0.0520012068752458
v 0.0473034259534613 -0.0344542268696406 0.0500716772170712
v 0.0491684179938945 -0.0338553490004705 0.0500950571468231
v 0.0646052420600085 -0.00916748987538303 0.0553037411620279
v 0.0367272003726547 -0.0387555453479214 0.0426380516492697
v 0.0367109879096381 -0.0388278830591901 0.0411125931893738
v 0.0341030239886864 -0.039017820774029 0.0376471742549705
v 0.046932528609056 -0.0349777830690126 0.0487676016579664
v 0.0444786501419852 -0.0370704059911351 0.0454053397718039
v 0.0649042413032605 -0.00510696539516277 0.0553178525664096
v 0.0661591798180534 -0.00869419437824653 0.0545756888084495
v 0.0254485340688709 -0.0404681885322027 0.0315090560757146
v 0.0282570024224299 -0.0395186340685037 0.0315089033387612
v 0.0271542177985414 -0.0398638791879564 0.0373168377522908
v 0.0284515929568207 -0.0395602902785875 0.0364861238142474
v 0.0410761041698736 -0.0381395087858837 0.0445249639721413
v 0.0526611048133431 -0.031846980997277 0.0533643134042117
v 0.0546631875336955 -0.0306690941014051 0.0547716652208868
v 0.0645151198391225 -0.00939413475048489 0.0558931232630435
v 0.0672168940182733 -2.52841004528162e-07 0.0552907175427779
v 0.0684097244945984 -0.00349654164980593 0.0555270053350504
v 0.030021828859557 -0.0391619895569158 0.0325353329188336
v 0.0654466361080125 -0.0024177905827801 0.0549479646433705
v 0.0658184424232303 -0.00299895445781132 0.0548438650963682
v 0.0430195359210779 -0.0361766526695255 0.0491782219187855
v 0.06485506747242 -0.00787892177366739 0.0550113728307999
v 0.0671989455700165 -0.00142910879988131 0.0552631205829943
v 0.0462517839762921 -0.0344295915166372 0.052345394011899
v 0.0450310957797378 -0.0353733457013968 0.0496307330830558
v 0.0487484138738725 -0.0334707275493611 0.053183461675457
v 0.0507827427063276 -0.0326827240789094 0.0532002813667938
v 0.0517996053740477 -0.0321355160035026 0.0544457990680641
v 0.0650123939287881 -0.00177042734562758 0.0554249621489823
v 0.064800953906754 -0.00505113119111084 0.055927109097831
v 0.037536210472818 -0.0382329204714363 0.0460289908297646
v 0.0422107940418101 -0.0373449227252676 0.0465845398329462
v 0.0661634713523813 -7.74449322755488e-07 0.0552016309207119
v 0.0651963562101949 -0.00189596198736327 0.0551426707313902
v 0.0412966748782251 -0.0365997638329033 0.0494054311755568
v 0.0408938815989973 -0.0377308368525439 0.0463302402560418
v 0.036481282789679 -0.0385913307712177 0.0443603396133674
v 0.0317163274053564 -0.0391563196631806 0.039720138813597
v 0.0294768654672016 -0.039388755503993 0.036777128688769
v 0.0338847555096879 -0.0389347057943136 0.0422449402587237
v 0.0444204201306315 -0.0352344742830905 0.0511364437724586
v 0.065353354841024 3.13810394966847e-07 0.0553266256280039
v 0.0311795745526353 -0.039112908840778 0.0428651826749185
v 0.0393292187304229 -0.0380884126870187 0.0458522555481699
v 0.0374098523540088 -0.0375530361375666 0.0488685682347773
v 0.035459990751893 -0.0381718219647664 0.0473686168461069
v 0.0419288491771633 -0.0359061890525966 0.0513412416752804
v 0.0427506556492158 -0.0358774223512671 0.050517706374049
v 0.048184267099554 -0.0336449706109106 0.054033606734212
v 0.0394934593254305 -0.0372251098985181 0.0487290150881178
v 0.023308628649072 -0.0414077815663038 0.0352954386792643
v 0.028886196489196 -0.0394766574833469 0.04045934841536
v 0.0283147108931535 -0.0395324250978124 0.0420751600964481
v 0.0442720269201994 -0.0350617809428248 0.052427689427474
v 0.0439043035230574 -0.0350867590226505 0.0535453811998761
v 0.0406303918220766 -0.0361406738037601 0.0520887512266112
v 0.0414305096544962 -0.0358438500238414 0.0532635479931444
v 0.0246608084143521 -0.0407233635526208 0.0359057531934851
v 0.0258467173014573 -0.0402428083935812 0.0372270433248307
v 0.0335582934269695 -0.0388523209717414 0.0437419263153224
v 0.0402091956091857 -0.0364503051360191 0.0509156345665658
v 0.0240872441063695 -0.0407735916585553 0.039509752973454
v 0.0343496046733204 -0.0385481248398503 0.0458018076500342
v 0.0322817817565405 -0.0385710093058263 0.0476984392585531
v 0.0310576141389252 -0.0389689449489263 0.045332551300258
v 0.0380925229618139 -0.0368628215702358 0.0514415041719888
v 0.0297660448454463 -0.0390523318749247 0.0469959573061565
v 0.0367072402676816 -0.0371183728451002 0.0527250608252502
v 0.0356863617371095 -0.0374285443446335 0.0515612201411581
v 0.0348246536815621 -0.0379644945889839 0.0490207463944912
v 0.0241864187824785 -0.040454866889629 0.0433951501010437
v 0.0232438942810026 -0.0407753015673756 0.0430995668432102
v 0.0232889051000277 -0.0412656914961005 0.0375811844404987
v 0.0252437082996139 -0.0403130897439156 0.0407270515912523
v 0.0335376217915654 -0.038117164487182 0.0495640578149393
v 0.0325110174899325 -0.0381889285035523 0.0510026275747822
v 0.0260584925996107 -0.0398704394263715 0.0449331329911221
v 0.0291881815525555 -0.0389269124843963 0.0505486411950591
v 0.0313413471428753 -0.0384062024077666 0.0521140049780114
v 0.0232060509203515 -0.0403964543181648 0.047485378659079
v 0.0231781503592848 -0.0401526563381326 0.051184235537721
v 0.0487430606318332 -0.0419540881211561 0.0316090168238077
v 0.0439665344961023 -0.0375640071211739 0.0316090168238077
v 0.0453794215907292 -0.0383669005819408 0.0316090168238077
v 0.0431122174163418 -0.0399764612238123 0.0316090168238077
v 0.0422978242718175 -0.0395888558141734 0.0316090168238077
v 0.0446771447805214 -0.0379382126571165 0.0316090168238077
v 0.0460511472958821 -0.0388528127102257 0.0316090168238077
v 0.0474569153609077 -0.0401628673622642 0.0316090168238077
v 0.0445262928785473 -0.0409631344924902 0.0316090168238077
v 0.0452312891506121 -0.0416067158602299 0.0316090168238077
v 0.0481494281854615 -0.0410297948594405 0.0316090168238077
v 0.0462909703040657 -0.0430049295367391 0.0316090168238077
v 0.045785522927668 -0.0422537580238171 0.0316090168238077
v 0.0466062453402679 -0.0435917151095461 0.0316090168238077
v 0.0492426034232398 -0.0429195905579698 0.0316090168238077
v 0.0468736280454635 -0.044199988163999 0.0316090168238077
v 0.0471394684805101 -0.0450458007086842 0.0316090168238077
v 0.049552044654965 -0.0437000130601224 0.0316090168238077
v 0.0504623453960795 -0.0437000130601224 0.0316090168238077
v 0.0472694438561183 -0.0457000140585004 0.0316090168238077
v 0.0504623453960795 -0.0457000140585004 0.0316090168238077
v 0.0330009453072937 -0.0389088150180587 0.0316090168238077
v 0.0330251447925316 -0.038613011968024 0.0316090168238077
v 0.0392677179142603 -0.0389073807808129 0.0316090168238077
v 0.0413396535514378 -0.0366657201197511 0.0316090168238077
v 0.0424273935907922 -0.0369525005136579 0.0316090168238077
v 0.0438094092054058 -0.040398156776402 0.0316090168238077
v 0.0466871064896789 -0.0393850413883202 0.0316090168238077
v 0.040288503312577 -0.0390185956346709 0.0316090168238077
v 0.0431880456986721 -0.0372263131676879 0.0316090168238077
v 0.041336662143395 -0.0392549951856898 0.0316090168238077
v 0.0402415795570264 -0.0364817167943473 0.0316090168238077
v 0.0391842006329258 -0.0364093194784139 0.0316090168238077
v 0.0376026286720647 -0.0388843808307989 0.0316090168238077
v 0.0329019084669227 -0.0375958136604061 0.0316090168238077
v 0.0365292421759094 -0.0389075744959734 0.0316090168238077
v 0.0330142557692326 -0.0381733009055107 0.0316090168238077
v 0.0332351617537034 -0.0364069427424066 0.0316090168238077
v 0.0327460460496092 -0.0371775118484162 0.0316090168238077
v 0.0325436547575078 -0.0367877234179305 0.0316090168238077
v 0.0322808467086965 -0.0364283110147228 0.0316090168238077
v 0.127719727284022 -0.0281012096595319 0.00977757342152779
v 0.128033575534072 -0.0281954800247863 0.0142084081797163
v 0.128127259132403 -0.0248108552134643 0.0142089613855111
v 0.129566383446016 -0.0170979631648071 0.0142089418277305
v 0.129339587777715 -0.0170995594522352 0.0102932757749948
v 0.123139743734754 -0.0368351314781635 -0.00628721459153708
v 0.12184807385844 -0.0365743796962988 -0.00819992548969771
v 0.121459771958149 -0.0366274241226432 -0.00878309752970373
v 0.115375784440881 -0.0336772875150849 -0.0149390319157853
v 0.119362739040792 -0.0391004142129278 -0.0124640953606672
v 0.11940926791558 -0.0387129093861607 -0.0122527595711796
v 0.119726267761152 -0.0378685385293043 -0.0115304097076375
v 0.115829345975162 -0.0391001199148956 -0.0160625854344374
v 0.113678780637412 -0.0391002242230589 -0.0178790133785852
v 0.112823342245297 -0.0364202122308986 -0.0176853969383432
v 0.110978772245823 -0.0390994046589184 -0.0198322861824375
v 0.111530137549414 -0.0336762965875332 -0.0180627969117878
v 0.0928074547765985 -0.0336748325479551 -0.0253172005658866
v 0.0870697255342526 -0.039099877770945 -0.0267414186400429
v 0.0878277699389819 -0.0336749219549522 -0.0255997229515546
v 0.0854596029491822 -0.0364294174263124 -0.0260043212785873
v 0.0809682664058755 -0.0391003359818053 -0.0261376476004252
v 0.0782225934068289 -0.0364223803505793 -0.0248900232467848
v 0.0771154297042925 -0.0391001608931026 -0.0252930923416372
v 0.0739216787981621 -0.0336759873883348 -0.0230552538297031
v 0.0728541521835154 -0.0391000826619801 -0.0238827956819938
v 0.0692845865498957 -0.0391003508829715 -0.0222743656661071
v 0.0698941110843255 -0.0336761624770375 -0.021298626128121
v 0.0697427376417213 -0.0364042195542854 -0.0217606516870035
v 0.0660170972492458 -0.0363993468729413 -0.0196448630393931
v 0.0627537728230565 -0.0364391553384175 -0.0173347240691059
v 0.0588524179417107 -0.0391004365646771 -0.014788323383587
v 0.0589602427416993 -0.0364258076188029 -0.0139840944058003
v 0.0583985993624054 -0.0321325767484717 -0.012331915497303
v 0.0573056103891378 -0.024828416237819 -0.0109691563517739
v 0.06317259230079 -0.0308979536623319 -0.0166719704884172
v 0.0562035466089059 -0.0171000046245751 -0.0118937960656034
v 0.056207443262471 -0.0391038414811515 -0.0118905932461955
v 0.0622168504696306 -0.039099292900172 -0.0177701901619007
v 0.0658791721043184 -0.0390999522767759 -0.0203593478811557
v 0.0782950801038362 -0.0336756856397194 -0.0244089484095744
v 0.083726486182367 -0.0390997362098662 -0.0265146992591101
v 0.0910232270280307 -0.0391002875530152 -0.0266339309403782
v 0.0927718484527217 -0.0308970502791317 -0.0250267023310155
v 0.0965794824828336 -0.0390993823071692 -0.0258561366314123
v 0.0937928163902589 -0.0390997883639478 -0.026335859187791
v 0.128595677124062 -0.0363881262948004 0.00978128939984638
v 0.128950637676927 -0.0391003173553476 0.00761423049599118
v 0.0998096071226251 -0.0391001273654787 -0.0250371573617434
v 0.099133742620043 -0.0364202122308986 -0.0245279006939764
v 0.103564230272975 -0.0390996356269944 -0.0237402623020963
v 0.106338945634539 -0.0364202122308986 -0.0217343976948227
v 0.107255903469268 -0.0336757228926349 -0.0207331287338619
v 0.107587312737392 -0.0391005036199249 -0.0218592489783902
v 0.115796548520107 -0.036430523837902 -0.0152107546812573
v 0.117912930594842 -0.0390985925453611 -0.0140681677167663
v 0.119535711716064 -0.0382605509588439 -0.0119096062029309
v 0.120510731924087 -0.0370285486153078 -0.010222025848858
v 0.119157006163368 -0.0364763523745189 -0.0117150621650935
v 0.12404624840514 -0.0375581360616951 -0.00505660830100843
v 0.123850141677631 -0.0373408547068978 -0.00530136042133818
v 0.124232818389697 -0.0378163397441413 -0.00485608377325305
v 0.121128347788864 -0.0367185969079758 -0.00928016876881901
v 0.120821726601832 -0.0368477117877193 -0.00974584697606382
v 0.119983886480693 -0.0309004123547533 -0.00943884569963741
v 0.121850182372702 -0.0343826193155153 -0.0074709390192638
v 0.122298066564694 -0.0365874070408403 -0.0075386415365245
v 0.122716126083224 -0.0366718295978889 -0.006912473578462
v 0.123538290183137 -0.0351061528904466 -0.00485553615539557
v 0.123556275884296 -0.0370843795597296 -0.00569574912122353
v 0.125179854217624 -0.0362764234277497 -0.00220971069810499
v 0.125578594381097 -0.0390980710045445 -0.00299734466620133
v 0.126869347836019 -0.0364555726982672 0.0020203739193588
v 0.127648246415373 -0.0390998516939041 0.00228607987332014
v 0.126712557821442 -0.0391003732347208 -0.000336681372677209
v 0.12792516958881 -0.0363991941359879 0.00589120538982859
v 0.12838011693105 -0.0390997995398225 0.00491945563908982
v 0.124394197961819 -0.0381288842543903 -0.00471381721736266
v 0.127449897063155 -0.0336801001102032 0.00596481575382212
v 0.124600772754832 -0.0388301107835355 -0.00473030908304328
v 0.124522593814376 -0.0384715067685936 -0.00466877657990806
v 0.124624145225642 -0.0391000118814407 -0.00484769395102672
v 0.127964672566251 -0.0307931667990391 0.0109358019539037
v 0.128885832528343 -0.0363965044754906 0.0142086121394285
v 0.129564640010195 -0.0391000118814407 0.0142090135395928
v 0.129463192907055 -0.0390985068636555 0.011512098037036
v 0.128107962129089 -0.0336803608806115 0.00972917350242026
v 0.126374003446685 -0.0336797983615878 0.00208119163217835
v 0.124832843434078 -0.0336794444588908 -0.00186181608145456
v 0.113325131386703 -0.0308990656618589 -0.0163255220997947
v 0.119960052073896 -0.0375334262028608 -0.0111102778461749
v 0.120228191013006 -0.0372517196560416 -0.0106679749120675
v 0.113261212857191 -0.0281012450498016 -0.0162510870493848
v 0.104817201834534 -0.028100131187629 -0.0215182115757404
v 0.109788631429034 -0.0364371585821481 -0.0198169752341774
v 0.0977832653123913 -0.0336752274288591 -0.0244059234728378
v 0.102911812747007 -0.0364401537165522 -0.0232836607677069
v 0.0976852305750883 -0.0280999691374466 -0.0240277877543126
v 0.0977117322896792 -0.030897393005954 -0.0241221493892098
v 0.102637981564449 -0.0336754136934365 -0.0228675829547708
v 0.0954928898328654 -0.0364378142334604 -0.0254006005304054
v 0.0904435346176442 -0.0363848182359062 -0.0260064521453524
v 0.0829580109650352 -0.0336751491977366 -0.0252801711679048
v 0.0878276581802754 -0.0308971806643358 -0.0253071813942697
v 0.0783656147487707 -0.0308970595923605 -0.0241248260111867
v 0.0740241466308213 -0.0308970465538401 -0.0227809960033331
v 0.0816760864479235 -0.0364202122308986 -0.0255694996612301
v 0.0738205744217217 -0.0364118973801647 -0.0235321880053586
v 0.0601338842481259 -0.033677574362534 -0.0144185546698773
v 0.128237483019291 -0.0323565226498474 0.014208698752457
v 0.127163764972306 -0.0309013026994331 0.0060277373250431
v 0.124564480977556 -0.0253024241969639 -0.00174377893820423
v 0.126095485849036 -0.0309009022305918 0.00217245591998459
v 0.122450520341461 -0.0281017721785556 -0.00559336833060894
v 0.119981986582683 -0.0253031487661699 -0.00944095607729905
v 0.116906707355977 -0.0308997958190022 -0.0130342475067148
v 0.118743737368055 -0.0336339288467639 -0.0114370166485426
v 0.113322873860833 -0.0253027184949962 -0.0163272115195114
v 0.092757312370302 -0.0280996021962292 -0.0249298112231575
v 0.0830030869766391 -0.0280989744846035 -0.0248921876411739
v 0.070022499486302 -0.0308978642553348 -0.0210355758413715
v 0.062991014205121 -0.0336773731967904 -0.0169017185313781
v 0.066244794437779 -0.0336766467649387 -0.0192203902819548
v 0.0664012342750759 -0.030897780436275 -0.0189728800488956
v 0.0604031333237194 -0.0280983877511847 -0.0141351531154041
v 0.0631706476992977 -0.0252987808618305 -0.0166707113398741
v 0.0569986576512763 -0.0346285295358549 -0.011226570272412
v 0.0573774526109378 -0.0294127320764402 -0.0109090543605929
v 0.127067831298685 -0.0281013419073819 0.00604905344327768
v 0.12456576247739 -0.0309006992022024 -0.00174147112009058
v 0.126001876756509 -0.0281017554147437 0.00220197676002174
v 0.122536045554221 -0.0309004645088349 -0.00564168443065664
v 0.124475386936769 -0.0281017479641606 -0.0017030286724587
v 0.116835278641391 -0.0281012375992186 -0.0129669752606278
v 0.119905327560635 -0.0281013158303411 -0.00937991251867944
v 0.11350615813942 -0.0225251299413333 -0.0165553502365238
v 0.104859185855259 -0.0308983112903205 -0.0216068604760496
v 0.109231216254134 -0.0281007793883582 -0.0191310726918128
v 0.109284882784974 -0.0308985124560641 -0.0192131781175189
v 0.0829930659459602 -0.0308970446911944 -0.0249896133283689
v 0.0698891713495002 -0.022520480777482 -0.0212967001523909
v 0.0700657575562809 -0.0280983635367897 -0.0209476142573528
v 0.0603355491086353 -0.0308983578564648 -0.0142061161940917
v 0.127816674236582 -0.0253017722709431 0.0097631714444053
v 0.126822990324581 -0.0197975292123 0.00190877966783981
v 0.120215562279176 -0.022524464976792 -0.00961731044783305
v 0.120547016250783 -0.0198240644639925 -0.00996760333733252
v 0.122534615042779 -0.0253026588903314 -0.00564367513332732
v 0.116904576489974 -0.0253031096506087 -0.0130361734824449
v 0.104978186525893 -0.0225248542697588 -0.0218741426939969
v 0.104856339733535 -0.0253024968401491 -0.0216081121740095
v 0.109434855518457 -0.0225254316899486 -0.0194643633506897
v 0.109282364488789 -0.0253024968401491 -0.0192146645088463
v 0.102698204606068 -0.0197601514995585 -0.0233662840089381
v 0.0977774166067535 -0.0225244593888547 -0.0244074247653314
v 0.101302584231588 -0.0295004589670914 -0.0229237044719333
v 0.0977086328482201 -0.0253016046328235 -0.0241230006183284
v 0.0928013378500651 -0.0225236901161502 -0.0253181318887735
v 0.0878267641106237 -0.028098879489669 -0.0252092211277376
v 0.0740552826064399 -0.0280988534126282 -0.0226881095838887
v 0.0783872512343405 -0.0280987081262578 -0.0240292946347436
v 0.0664526432800456 -0.0280985945048656 -0.0188894037159
v 0.0700202568615925 -0.0252995445465978 -0.0210346631449424
v 0.0632328153424089 -0.028098352360915 -0.0165946800020362
v 0.0603342564329306 -0.0252987957629967 -0.0142051532062267
v 0.128138315793762 -0.0240699971701915 0.0124641028112503
v 0.128915962675604 -0.019683647049694 0.0142084482266004
v 0.128726181490881 -0.0171000679545314 0.00643424905494678
v 0.127906245114516 -0.0197632416288971 0.00577850274765887
v 0.127163064617746 -0.0253020144148937 0.00602569633093653
v 0.12810711276292 -0.022522283818591 0.00972547521923652
v 0.126372200406221 -0.0225233101364123 0.00207712594211574
v 0.127448496354034 -0.022522909667571 0.00596052701192811
v 0.126094591779384 -0.0253022807732394 0.00217045706823865
v 0.124830384742536 -0.0225240589200134 -0.00186605232002083
v 0.118640464872709 -0.0171004982257051 -0.0132900101918745
v 0.11711518949758 -0.022524876621508 -0.0132394132820769
v 0.106102173639042 -0.017099782969728 -0.0226048251034078
v 0.0927691513426059 -0.0253009806464893 -0.0250271717177505
v 0.087824484233012 -0.0253008577118682 -0.025307302466245
v 0.0870697106330918 -0.0171001405977166 -0.0267418563617997
v 0.0878216455618681 -0.0225231145586061 -0.0255999799966714
v 0.0782149863642095 -0.0170997326782921 -0.0255607116984696
v 0.0780271944844615 -0.0197783085705608 -0.0248404452042254
v 0.0829902943300401 -0.0253002449014087 -0.024989464316707
v 0.0783630591996831 -0.0252997457123413 -0.024124419954408
v 0.0740214718724468 -0.0252992316221078 -0.0227802844726476
v 0.0613405094741179 -0.0170995594522352 -0.0170508531278976
v 0.0663995653450595 -0.0252989932034487 -0.0189720921497333
v 0.0662411287522072 -0.0225200337424963 -0.0192186095925951
v 0.128575918184761 -0.0198127023247728 0.00962288348398806
v 0.128056344507867 -0.0170996246448373 0.0036933997921864
v 0.123179432976707 -0.0197843342296389 -0.00607739499570933
v 0.122785498437611 -0.0225245543837892 -0.00579435619150054
v 0.117379297672676 -0.0197729143484001 -0.0136635237549122
v 0.115818281863223 -0.0171003641152094 -0.0160949712565053
v 0.106338945634539 -0.0197798061377629 -0.0217343976948227
v 0.10952023917019 -0.0171003119611278 -0.0207641008077875
v 0.101369520246175 -0.0239073844688532 -0.023107717110566
v 0.0952697151466535 -0.0197616378908859 -0.0254414315884114
v 0.0902526358458567 -0.0198141477378932 -0.0260177286028666
v 0.0829525273378384 -0.0225224291049614 -0.0252798340290198
v 0.0852442290206809 -0.0197703085069627 -0.025990526523987
v 0.0837273057462143 -0.0171002821587954 -0.0265152245252183
v 0.0816760864479235 -0.0197798061377629 -0.0255694996612301
v 0.0782899019504371 -0.0225219783446841 -0.0244080003228755
v 0.0739167092610151 -0.0225212705392901 -0.0230538028286454
v 0.0736403970351736 -0.0197883556818643 -0.023464665233415
v 0.0695803447906605 -0.0197955454945509 -0.021678903889286
v 0.062610028774813 -0.0197588010813725 -0.0172216372562453
v 0.0629875422346404 -0.0225199238463957 -0.016899455416763
v 0.0597340153217171 -0.0198151833689434 -0.0146965880792307
v 0.0601309189171146 -0.022519402305579 -0.0144163073877513
v 0.0583837131027055 -0.0238555787019484 -0.0123471090988793
v 0.127042052290395 -0.0170996898374393 0.000490302617204263
v 0.125249785365543 -0.0197928129932009 -0.00210751291243767
v 0.125274923623915 -0.0170998127720604 -0.00362509284637212
v 0.123071250548858 -0.0170997736564992 -0.00753195836348835
v 0.120789167565351 -0.0170996376833577 -0.010746627923832
v 0.113716502926131 -0.0198191005130055 -0.0169981607416046
v 0.112807576817106 -0.0170998444370386 -0.0185440859532622
v 0.109597375029386 -0.0197629436055733 -0.0199363410259413
v 0.102458720599294 -0.0171003249996482 -0.0241673688406587
v 0.099133742620043 -0.0197798061377629 -0.0245279006939764
v 0.0987540610413103 -0.0170998034588315 -0.025333925262289
v 0.0948814355981041 -0.0171003007852531 -0.0261842957011825
v 0.0910267362514134 -0.0170997326782921 -0.0266339421162528
v 0.0809697714231225 -0.017099684249502 -0.0261384038346093
v 0.0755068493893711 -0.0170996469965865 -0.0248110023624801
v 0.0728732331199976 -0.0171000903062807 -0.0238755388140594
v 0.0703024773977152 -0.0171002914720243 -0.0227750131851079
v 0.0673136398051619 -0.0170996693483358 -0.0212113518603928
v 0.0644836336862237 -0.0171001461856539 -0.0194308804302611
v 0.0658752381978512 -0.0198024577730173 -0.0195528613766912
v 0.0579711372113726 -0.0171024465531845 -0.0139115946443493
v 0.0567366915180536 -0.0198946028594437 -0.0114467117197949
v 0.0590070323868022 -0.00709163775014577 -0.0182196689388514
v 0.0543095084806649 -0.00499983672047094 -0.013483038967375
v 0.0570233041713401 -0.00499996524302933 -0.0164360216976755
v 0.0657864794331839 -0.00925430779489665 -0.0228517728174434
v 0.064670859321859 -0.00499993078408251 -0.0225125030656328
v 0.0835977028996277 -0.00705042159012609 -0.0289448913374517
v 0.0800736603124377 -0.00500000901520501 -0.0284851493822877
v 0.0938617715121422 -0.00500005837531801 -0.0288476779918748
v 0.0887303481534802 -0.00709749577110416 -0.0291583188781431
v 0.106368770308002 -0.00925717440674242 -0.0249031455862608
v 0.106578437091894 -0.00710362760099128 -0.0250593675499494
v 0.12231444294048 -0.00925731131120679 -0.0123495957309873
v 0.125324320972169 -0.0070830844807528 -0.00848110956437732
v 0.130573180379575 -0.00499995220450891 0.00343139654519252
v 0.131662380732693 -0.00499996989964376 0.00902053178044993
v 0.131421294851127 -0.0070935464964024 0.00774408344912253
v 0.131866511735325 -0.00706398165135885 0.0114730821273365
v 0.132053744821541 -0.00499967699859584 0.0142083709268008
v 0.128728491170814 -0.0049999917857316 -0.00195483044138058
v 0.127008167050598 -0.00500002810732419 -0.00562296344364631
v 0.127567422518864 -0.00707760131725637 -0.00442705265594496
v 0.123992186993537 -0.0119636266556608 -0.00903383945318035
v 0.117972572491188 -0.00499997409059675 -0.0174668359458993
v 0.121895012515151 -0.00499996570869077 -0.0133228905463953
v 0.124918130228265 -0.00500000296160625 -0.00920550554430187
v 0.119251293258714 -0.00705267446018941 -0.0161593182174046
v 0.115456243258949 -0.00709877401176638 -0.0195604479329276
v 0.114029971196579 -0.00500001413748089 -0.0207092701041462
v 0.111190487939333 -0.0070596207319411 -0.0225742590862609
v 0.110557963463115 -0.00499998293816418 -0.0229950084147975
v 0.107168128181218 -0.00500001506880378 -0.0248313387290377
v 0.0996547542589598 -0.00500001460314233 -0.027647457973176
v 0.103313846067031 -0.00499998433514851 -0.0264599542371743
v 0.0937653013967295 -0.00925665193460289 -0.0285560975598092
v 0.0990844346787547 -0.00710350280372444 -0.0277513600797262
v 0.084152480569055 -0.00499998014419552 -0.0290289003871385
v 0.0885953361855011 -0.00925629803190588 -0.028929865373995
v 0.0879902596475882 -0.00500001134351223 -0.0292105344271181
v 0.0835168864536992 -0.00925568429012344 -0.0286996796092772
v 0.0755648223557 -0.00500000389292913 -0.0274089722588905
v 0.0740396885415991 -0.00708147003252841 -0.026879040223035
v 0.0701420887527902 -0.00499999504536171 -0.0254399712741248
v 0.0657459184733209 -0.00706802545533362 -0.0230990539450724
v 0.060461083938307 -0.00500006442891678 -0.01951302869682
v 0.0562035466089059 -0.0171000046245751 -0.0118937960656034
v 0.054895478005064 -0.0116442164330898 -0.0129913796455553
v 0.0573201650980085 -0.017098227660507 -0.0131681885016581
v 0.131912362607294 -0.00825459507447973 0.0142087676703506
v 0.131634023823575 -0.00922329381144113 0.0114241373843401
v 0.130335179038306 -0.00925615926479574 0.00372641123040352
v 0.130597811998478 -0.00706367478046763 0.0038055424764704
v 0.129316759199276 -0.00706969438594688 -0.000309965735382982
v 0.122574952485229 -0.00708780954741931 -0.0123936733805768
v 0.119024132511972 -0.00925771923063124 -0.0160532554417568
v 0.110993166767215 -0.00925736625925712 -0.0224199500597819
v 0.102882487262433 -0.00818191463638873 -0.0264934464708318
v 0.0939090379943926 -0.00705810826357283 -0.0287737495811154
v 0.078626846999821 -0.00925534994520705 -0.0279099215265067
v 0.0786604491175621 -0.00708778114207126 -0.0281543863337258
v 0.06972280733907 -0.00707513843388206 -0.0251715696060674
v 0.074006570711586 -0.00925448567756804 -0.0266229655447082
v 0.0621316605329895 -0.00706630204233148 -0.02072756314829
v 0.0622514733168907 -0.0092542826491787 -0.0205249259145657
v 0.131039512208713 -0.0120150775885457 0.0114099887270429
v 0.129066643214228 -0.00925655600834554 -0.000312514475085931
v 0.126844328786934 -0.0119806065345341 -0.00405750466575954
v 0.12732638134078 -0.00925689500987636 -0.00438926935208626
v 0.125139099542669 -0.0120413399626324 -0.00716088207244558
v 0.125082087701216 -0.00925698907348793 -0.00842977132156173
v 0.122531374040291 -0.0120406619595708 -0.0110643515206549
v 0.121134785090356 -0.0119643931343967 -0.0128645651333423
v 0.115235340999769 -0.00925727964622864 -0.0194413503621552
v 0.113832851190132 -0.0120393301678425 -0.0197459879410948
v 0.118707602052967 -0.011425160908193 -0.0157394834479429
v 0.111717154568797 -0.0120410698789952 -0.0212287284828159
v 0.109498021539346 -0.0120417758217435 -0.0225931537649896
v 0.10245571801538 -0.0120406535776648 -0.0258327380752027
v 0.0989187412205633 -0.00925681305346232 -0.0275566931072678
v 0.0974653192431048 -0.0120186669069517 -0.0272768883217836
v 0.0949511581297717 -0.0120342078919648 -0.0277604814560802
v 0.086057631238008 -0.0114233196828456 -0.0284428449714747
v 0.0860157813277305 -0.0137089201577098 -0.0277718547711746
v 0.081154836390433 -0.0136801683575465 -0.0272703634736383
v 0.0811126884569382 -0.0114227357433956 -0.0279311929412427
v 0.0776194093163454 -0.0119646529734821 -0.0270675772282521
v 0.0741469098445728 -0.0114218453987157 -0.0262002380863599
v 0.0697121455584741 -0.00925426029742942 -0.0249106203837508
v 0.0710144772153846 -0.0119649388896084 -0.0248462473458106
v 0.066303825386529 -0.0117824349940524 -0.022542458134966
v 0.0595551231602932 -0.0119913139537644 -0.0176197740650888
v 0.0562236184725854 -0.00709798424995832 -0.0155483229061535
v 0.0591117428441709 -0.00925418020366115 -0.0180036895734499
v 0.0543750214343893 -0.00773242049261042 -0.0134281765987555
v 0.056360317997032 -0.0093068539634965 -0.0153438844939661
v 0.13117380147039 -0.0092560484373722 0.00766345323886925
v 0.118192558328975 -0.0136926965130206 -0.0153175513393399
v 0.115839337203519 -0.0120354623838934 -0.0181540889064499
v 0.0820543002623114 -0.0170996749362731 -0.0263107674865731
v 0.0723099394371383 -0.0170988423336123 -0.0236525298235078
v 0.131220486807367 -0.0117809094871637 0.0142087425246327
v 0.129570481265253 -0.0171018970726812 0.0142089846685833
v 0.129259672852019 -0.0170985927390786 0.00970819172910207
v 0.130611521066469 -0.0119704998185658 0.00778780766167655
v 0.12882779250679 -0.0170979855165564 0.0070135453947591
v 0.128561598169174 -0.0119632187362363 -1.99881918601426e-05
v 0.129795965631398 -0.0119811187621219 0.00395254085111823
v 0.128195163722446 -0.0170989987958573 0.00418807799714388
v 0.126636293680156 -0.0170981270776352 -0.000516238853657544
v 0.125739944150898 -0.0171001350097793 -0.00262090814628321
v 0.121798274178843 -0.0170998947284744 -0.00938857102755863
v 0.122992483012548 -0.0170992409398079 -0.00762462592205438
v 0.120351557723772 -0.0170994383802599 -0.0112878746014399
v 0.112360772959276 -0.0171002002023813 -0.0188838697953063
v 0.109539044435196 -0.0170999375693272 -0.0207333820536871
v 0.107247156487843 -0.0120196121996818 -0.0238027726942628
v 0.104979706444301 -0.0119642403974432 -0.0248718605878452
v 0.100353410087078 -0.0171002784335038 -0.024882909802575
v 0.0999460570526272 -0.0120419797814557 -0.0266379300408544
v 0.0965552010412109 -0.0170996917000851 -0.0258577161550284
v 0.0931634137072408 -0.0170995221993197 -0.0264232973683473
v 0.092451667209306 -0.0119640252618564 -0.0281141624982421
v 0.089786900063153 -0.0120405148105546 -0.0282822811804875
v 0.0893398577867492 -0.0171000940315722 -0.0267318707178067
v 0.0787104723145717 -0.0170989634055876 -0.025682146889688
v 0.0742843059982897 -0.0136645621799313 -0.0255559023470818
v 0.0645587057346403 -0.0134061564004186 -0.0208881716427757
v 0.0622024559482391 -0.0171007105673233 -0.0177585113728994
v 0.0592985773243336 -0.0170978737578099 -0.0152035518300502
v 0.0567772524779166 -0.0121014223960328 -0.0149064616917859
v 0.129504260506387 -0.0170976800426495 0.0125596407069536
v 0.127402362360009 -0.0171001331471335 0.00155548896638288
v 0.124513355094643 -0.0170980581597415 -0.00506021484888782
v 0.118997571192738 -0.0170998388491012 -0.0128827650451974
v 0.117068906491946 -0.0170996414086492 -0.0149068360835864
v 0.114993651621187 -0.0171001927517982 -0.0167959407405336
v 0.107104887654524 -0.0170997047386055 -0.0221034381140348
v 0.104082634208741 -0.0170979575768698 -0.0235087503335877
v 0.0854024420961203 -0.0171004535222066 -0.0266619916989594
v 0.0755151195336489 -0.0171003622525637 -0.0248163388426218
v 0.0689405708996833 -0.0120340151081272 -0.0238680118624877
v 0.0698009564772044 -0.0171001499109454 -0.0225265120244971
v 0.0678363799787386 -0.0170981606052591 -0.0214943939242317
v 0.0653261453212923 -0.0170998835525998 -0.0199940793196354
v 0.0622541741522967 -0.0118795403061743 -0.0198396901993881
v 0.0753257034273671 -0.00500003043563141 -0.0273226404899238
v 0.0729615523004194 -0.00499998247250273 -0.0265343352708568
v 0.077681584410037 -0.00500005884097946 -0.02796463674611
v 0.119632524558176 -0.00499998014419552 -0.0158106197526875
v 0.121438969937588 -0.00499998899176294 -0.0138282188942256
v 0.119781923596967 4.36738969312412e-08 -0.0157047357910339
v 0.123838794443636 -0.00500014126305495 -0.0107927135055656
v 0.131658491529709 -0.00500009749087926 0.00910241275734027
v 0.132016417413585 4.39692207956986e-09 0.014208937171116
v 0.132025596528675 -0.00499999783933037 0.0142089641794798
v 0.125931319759833 -0.0049999992363147 -0.00754212142449127
v 0.111823541406762 -0.0050000378862145 -0.0222071837583401
v 0.0904564092206279 -0.00499998014419552 -0.0291331601216773
v 0.0878587196500897 7.0659144555774e-07 -0.0291835279260448
v 0.0905414203433387 -9.14223385979496e-08 -0.0291129839426563
v 0.0660362452409519 -0.00500010307881658 -0.0233055058773412
v 0.0577333184093248 -0.00500009795654071 -0.0171094445133561
v 0.0598710799246048 1.3786898382387e-07 -0.0189392648806171
v 0.0597177171770256 -0.00500012030828999 -0.0188787400688454
v 0.131921079786397 -0.00500005092473492 0.0116915853777614
v 0.131243941234562 -0.00500008445235885 0.00651947208401664
v 0.130691555201453 -0.00500005418436502 0.00403669565283685
v 0.131922867925701 1.90122488213985e-08 0.0118614754361376
v 0.131667581237834 3.19066160553131e-08 0.00930184624033369
v 0.131281581566896 -3.00750387731193e-08 0.00686193720465201
v 0.130003598406832 2.65861732948213e-07 0.00177692192577912
v 0.130733159242576 1.75114893344775e-07 0.00437100285064472
v 0.129178267810236 3.20829394259372e-07 -0.000617487970549231
v 0.129208651277231 -0.00500009423124916 -0.000692272441664701
v 0.130000752285108 -0.00500005185605781 0.00159686589601591
v 0.128242251390766 3.43240516515055e-07 -0.00293824198447795
v 0.128275659793416 -0.00500011518601411 -0.00297493820169695
v 0.127156776327863 -0.00500006396325534 -0.00532193846618492
v 0.127168384332173 1.68724170360709e-07 -0.00522889930978704
v 0.12454152573925 8.72436069462065e-08 -0.00976057025958228
v 0.126001340314718 -9.3176757308055e-07 -0.0073994637129884
v 0.123058293989489 8.57897933888483e-08 -0.0118563326711564
v 0.121510748829454 2.33825410825713e-08 -0.0137914968327964
v 0.117893223809604 -0.005000013206158 -0.0175055156480366
v 0.11398740603058 9.06203345323497e-08 -0.0207287347524816
v 0.117978182778252 -1.07430814958464e-07 -0.017465027316853
v 0.109696497551431 -0.00500000109896047 -0.0234895557688894
v 0.116025288789901 -0.00500001646578811 -0.0191390578542448
v 0.113983568981659 -0.00500010494146236 -0.0207226662525508
v 0.116014425843633 5.76781518304571e-08 -0.0191687186255457
v 0.111938801886021 -2.93691924881893e-08 -0.0221313107453929
v 0.107486469131267 -0.00500004068018316 -0.0246581312985384
v 0.108751324368613 -2.32714576361899e-07 -0.0240224028453808
v 0.105210599931839 -0.00500007793309864 -0.0257007640341965
v 0.10287879922512 -0.0050001054071238 -0.0266125012007514
v 0.100497608620728 -0.00500010587278524 -0.0273906177474361
v 0.105334830909935 -7.76586451280071e-08 -0.0256383523622561
v 0.101830629218431 1.8799796472176e-08 -0.0269809809635856
v 0.0980718560947821 -0.00500007513912998 -0.0280331504456052
v 0.0931065732291374 -0.00499999364837738 -0.0289017226589997
v 0.0942453646456008 -2.11944126254873e-07 -0.0287557620108785
v 0.095610080012455 -0.00500003695489162 -0.0285369421106721
v 0.0980350204251342 -1.41283043337866e-07 -0.0280332864187467
v 0.0865260864825688 -0.00499998293816418 -0.0291879684735694
v 0.083251362668321 -3.1939864492695e-07 -0.0289221875481156
v 0.0854535977813553 -0.00044333847784605 -0.0291041307872937
v 0.0828511472899221 -0.0050000593066409 -0.028889799863402
v 0.0779967588634033 2.81996600692941e-08 -0.0280085616587462
v 0.0803419110102535 -0.00500012543056587 -0.0285188502322718
v 0.0804795679342854 1.03537181569604e-07 -0.0285186863194438
v 0.075535549025189 1.02639815531465e-07 -0.0273519566717566
v 0.0706181137870683 -0.00500008491802029 -0.0256059553643136
v 0.0730092732680761 2.20618349616163e-07 -0.0265128738662518
v 0.0682678132891407 -0.00500010121617081 -0.0245087471074851
v 0.0694775714842037 6.97162312919166e-08 -0.0250617237968532
v 0.0638757482794886 -0.00500007979574441 -0.0219747330163615
v 0.0661261215926837 2.41102095633185e-07 -0.023304980611233
v 0.0618581609012606 4.80766165973894e-07 -0.0205000502802575
v 0.0638872072721905 4.20958001706739e-07 -0.0219187400217574
v 0.0617668130598938 -0.00500009562823349 -0.0205020023330284
v 0.0578100407613067 5.22348917169114e-08 -0.0171050840595998
v 0.0543191495317418 -0.00499997688456541 -0.0134751152722535
v 0.0543593081602616 1.68199519639576e-08 -0.0134416044121383
v 0.0559694419212026 -0.00500006163494812 -0.0153347798814241
v 0.055925841124524 -3.86909939468052e-10 -0.0152130569114336
v 0.126309123792297 0.0128538996236421 -0.00637629190037424
v 0.113281493337122 0.0123968585048501 -0.0210028994465629
v 0.131952670247422 0.0071059200522773 0.0142088086485577
v 0.127318632737132 0.0112880794924752 -0.00443795658430438
v 0.125659388475284 0.0171009266342331 -0.00730512256719468
v 0.131579813400364 0.0170999692343054 0.0120953008106972
v 0.131672945655744 0.0171003007852531 0.0142090005010724
v 0.131732878124726 2.05157506489276e-08 0.00984720750245585
v 0.131668713726059 0.00645940548310544 0.009906007504241
v 0.131926950843777 1.62637957673576e-09 0.0119697035374974
v 0.13202100697113 -2.19114533373368e-09 0.0142087946787144
v 0.107796592091101 -4.32907231322016e-07 -0.0244974706499709
v 0.0771767777835563 4.85196357007774e-09 -0.0278190113742282
v 0.0740897787938326 3.99721634360809e-09 -0.0268910636015045
v 0.131397572203036 0.0171005857700565 0.0100413128872135
v 0.131014597467754 1.01135498355873e-08 0.0055491742656585
v 0.131265443609684 0.0108797847449046 0.00781401974432738
v 0.131835666332343 0.00874979901120685 0.0120580553458057
v 0.131429028553614 3.8391215977102e-08 0.00764835416656594
v 0.131076631000417 0.0170995520016521 0.00798697106103278
v 0.130437401001811 0.00554799055426937 0.00357745870750833
v 0.13086704617291 0.0100925337833455 0.0057119639183453
v 0.130150106620415 0.0171007757599254 0.00389452316055804
v 0.129828062731892 0.00454759051756194 0.00150119889567737
v 0.129653242312673 0.0119021798342312 0.00162731864101673
v 0.129065525627163 0.0171000474654279 0.000538390601352366
v 0.130656030833961 0.0170997717938534 0.00591297599363196
v 0.128833201628183 -5.25987998537543e-08 -0.00154430331285018
v 0.130240020225049 2.40786216648669e-07 0.00252617095543185
v 0.12911221096414 0.00528928442312571 -0.000527443599309425
v 0.128931787708438 0.0125393937473933 -0.000391887021092025
v 0.128319037072682 0.00528278192672961 -0.00255008523169007
v 0.127929014088312 0.0171000940315722 -0.00252680006404193
v 0.127572965750704 2.33529270725015e-07 -0.00443346760798969
v 0.127140936393868 0.0171004199945826 -0.00431924271856138
v 0.126485181007867 -5.02851717438896e-07 -0.00652887192591377
v 0.124224682355867 -6.49976504048265e-08 -0.0102321307021805
v 0.126431715642699 0.0060246583715792 -0.00648997475988239
v 0.125444901165854 -9.66140743146761e-07 -0.00834368635316008
v 0.125280451954595 0.0107030187296546 -0.00835549552736553
v 0.122955498331291 -6.06883138490347e-08 -0.0120092475072737
v 0.123950650007637 0.0171001983397356 -0.0101258146067075
v 0.121443216768433 0.0108065054661974 -0.0137853463764516
v 0.119898256959807 0.0170998220852893 -0.0152719267624353
v 0.120004077553659 0.00754017449399638 -0.0154596004313362
v 0.114923742825009 0.0170997047386055 -0.0196273411305996
v 0.116558653491171 0.0170997345409379 -0.0183368423965395
v 0.124114510623043 0.00972020020640544 -0.0102460698118283
v 0.122712870179576 0.017100153636237 -0.0119055996518716
v 0.12281005555071 0.0113256881732926 -0.0120379816123022
v 0.121409689156496 0.0171006602758875 -0.0135742592501748
v 0.121514973308558 -1.59208692539936e-07 -0.0137939266542083
v 0.119941723646038 -2.01914321902379e-08 -0.0155398385546541
v 0.118376356697613 -4.64503862346782e-08 -0.0171045774199494
v 0.118403245842386 0.0105281535444167 -0.0169623159863349
v 0.116825168203747 0.00445930855847017 -0.0184693361157166
v 0.113369976430314 0.00543761063137949 -0.0211249232338459
v 0.115759049748801 5.45057426528416e-09 -0.0193882016276476
v 0.116747995091649 0.0119685822247418 -0.0183844218201837
v 0.11839501295101 0.0170994905343415 -0.0167345721502265
v 0.115041879228313 0.0122467432253306 -0.0197344320867145
v 0.113267374487207 5.60403751444185e-08 -0.0212414224137639
v 0.115121876110394 0.00580571972770471 -0.019834892023875
v 0.112481219042514 0.0171001089327384 -0.0213533338971412
v 0.111547877381418 -1.52301376392062e-07 -0.0223851875017067
v 0.10967292391495 -2.10530628905859e-07 -0.0235081300725451
v 0.111501482617078 0.0103935503789009 -0.0222442876621528
v 0.107740943705867 0.00864279466812042 -0.024386371280151
v 0.109648813836677 0.00917940615172047 -0.0233609810564203
v 0.107653846420636 0.0170996339580661 -0.0240943344998707
v 0.109592390591078 0.0170999301187441 -0.0230870622315811
v 0.105827828366434 -2.69589582450382e-07 -0.0254287432454007
v 0.103818093899979 -4.38903212156882e-08 -0.0262626311318426
v 0.101821710873656 -2.77796183269631e-07 -0.0269620844222111
v 0.103782927160348 0.00901336525083562 -0.0261026093707755
v 0.105758709331781 0.0106843634009078 -0.0252519278700378
v 0.105600861334783 0.0170999468825561 -0.0250357734159335
v 0.0976376735202011 0.00387311507418843 -0.0280759000287581
v 0.101797489036677 0.00417322665672853 -0.0269221884123835
v 0.101726485005175 0.0112387910913336 -0.0267598029538296
v 0.10155726742244 0.0170997773817907 -0.0265524550889436
v 0.103730072742775 0.0171003249996482 -0.0258000449165821
v 0.0997392065881383 -2.68866931824117e-07 -0.027596188648254
v 0.099682939804728 0.0093302888412987 -0.0274448319153264
v 0.0995286680863363 0.0170995184740282 -0.0271512100234927
v 0.0975781284814014 0.0114757494360846 -0.0278871301928193
v 0.0965201758626077 0.0170999468825561 -0.0278644990466685
v 0.0954580136658708 0.0132666423693204 -0.0282284134647112
v 0.0955019273869275 0.00666114724987396 -0.0284435658153892
v 0.0962306016036001 -4.32071490676011e-07 -0.0284211395602734
v 0.0933756434908005 -2.14172843768803e-07 -0.028857579816808
v 0.0933670604221447 0.00705824609936009 -0.0287483095651378
v 0.0933395454286153 0.0171002672576292 -0.0283728970347338
v 0.0912104750154073 0.0106417022934292 -0.0288496766107901
v 0.0912116596576957 6.82303154029937e-08 -0.029084099894643
v 0.0911655778177338 0.0171000120751582 -0.0285716003605839
v 0.0868515948909921 7.34133512315467e-07 -0.0291628693217683
v 0.0890461857085049 -8.33885951206975e-09 -0.0291735404194061
v 0.0890657211303934 0.00960595296522786 -0.0289939068609874
v 0.0869318227410665 0.0171024968446204 -0.0286680425708104
v 0.0890351961023701 0.0171006099844516 -0.028672071473619
v 0.0847344454064728 0.00378130293569399 -0.0290087055816597
v 0.0869102905636227 0.0111967539701892 -0.0289269559212964
v 0.0869021992332753 0.00440686530104932 -0.0291116353871161
v 0.0847588386068019 0.0109191936728623 -0.0288273490759003
v 0.0834154617023003 1.12092879257403e-07 -0.0289436545406579
v 0.0839324947312673 0.0171004479342692 -0.0285006074795639
v 0.08046441345369 0.00925833949167389 -0.0283404292562519
v 0.0825816523451744 0.00523997879251071 -0.0287641457795061
v 0.0826193150292501 0.0128306808127497 -0.0285353495485356
v 0.080380870095324 1.52761179408674e-08 -0.0285036026139681
v 0.0784061161039903 0.0170999412946188 -0.0275979413979271
v 0.0805085208898379 0.01709998041018 -0.0280215498877264
v 0.0783534479509279 0.0116178236737989 -0.0278220903276921
v 0.0782961753391594 0.00465142882849448 -0.0280104410683319
v 0.0762935040229531 0.0171006137097431 -0.0270710380240997
v 0.0762009305611055 0.00614384069273429 -0.0274417119836554
v 0.0741307942391019 0.0073310417487977 -0.0267688051208541
v 0.0721142052386516 0.0100414283712516 -0.0259481178050107
v 0.0742146952253285 0.0171002858840869 -0.0264252699102217
v 0.0721797032912151 0.01710042558252 -0.0256798074065962
v 0.0719865991476203 1.11048835833144e-07 -0.0261330505906556
v 0.0700554906564478 0.00636524734225898 -0.0251882309725135
v 0.0701767637541132 0.0171008968319007 -0.024850244583641
v 0.0699445366126784 3.1801317139283e-08 -0.0252588625002534
v 0.0679710492200179 7.11885829154661e-08 -0.0243045489766025
v 0.0661543592925149 0.00571522261712652 -0.0232051875012596
v 0.0681219905289571 0.00863738833876216 -0.0241980298527401
v 0.0662945270621518 0.01710060625916 -0.0228672979699674
v 0.0681493863131997 0.0171004945004136 -0.0238642437300874
v 0.0642725214897286 0.00504008989262561 -0.0220705568281911
v 0.065112745796605 2.25261577420862e-07 -0.0227101987001194
v 0.064432120373128 0.0171009787883148 -0.0217413956549946
v 0.0624171257968897 1.44744581333385e-07 -0.0209097299049609
v 0.0607054108223608 9.82795756770167e-08 -0.0196142094778948
v 0.0625000284053387 0.00777112208083557 -0.0207866052940257
v 0.0626301751442968 0.0171007273311353 -0.0205081770037683
v 0.060758526010249 0.00814619933500032 -0.019468526363994
v 0.0608854615490416 0.0171006118470973 -0.019189246844618
v 0.058973445170222 1.92439295293115e-07 -0.0181784839781484
v 0.059129333664567 0.0113819661527001 -0.0179833979103909
v 0.059211804139351 0.0171006248856178 -0.0177952446102032
v 0.0573548922533946 1.95299486558888e-08 -0.0166709292694297
v 0.0574822897281738 0.00949807317862776 -0.0165370553297343
v 0.0576312864356208 0.0171004553848523 -0.0163433997739309
v 0.0557942340718016 -1.79760213698532e-08 -0.0150674445780722
v 0.0559000099621718 0.00681399083979048 -0.0150129072411402
v 0.0560675772413415 0.0171002188288391 -0.0147671758347949
v 0.054358570552799 3.34338180437396e-08 -0.0134419247872114
v 0.0544478359569355 0.00719606232883559 -0.0133669011407371
v 0.0546632061601466 0.0171001517735912 -0.0131862785174125
v 0.0628061578540626 0.0779180340939046 -0.00899452738280287
v 0.0704763068897367 0.0719259398927261 -0.0181082324301464
v 0.0695638417550072 0.074035550144305 -0.0168430936182956
v 0.0751748589759734 0.0690915592694221 -0.0207001468651464
v 0.130925875955988 0.0302053604963481 0.0142090005010724
v 0.123644364096724 0.0597982607105439 0.00291729373878368
v 0.127569583187189 0.0534260973645271 0.0142080384445302
v 0.127653163798457 0.0527364639426777 0.0120598835326326
v 0.124684606685835 0.0592653577546794 0.00626965030755224
v 0.123325121626443 0.0588547002409448 0.000919836008586776
v 0.123931002827042 0.061767777648189 0.0130521791975785
v 0.123963397950754 0.0617471246318498 0.0142090005010724
v 0.124754373920985 0.0605195404840891 0.012411568749848
v 0.131445449632882 0.0223356020085645 0.0142084919987761
v 0.130856794174238 0.0304077313717267 0.0126925777358248
v 0.121575568879198 0.0582720683682132 -0.00354372363140811
v 0.11977176845584 0.0611607264893637 -0.00468143232661768
v 0.119317312851908 0.0468291946300349 -0.011966990593928
v 0.119167034644627 0.0472701834675489 -0.0120287820048257
v 0.117817190636312 0.061702473287362 -0.00737630636940649
v 0.119088945111136 0.0477244566947212 -0.0119965964171785
v 0.119138342459389 0.0485919876891281 -0.0116856379498058
v 0.119081606289412 0.0481691372961587 -0.0118783333117128
v 0.114904945010583 0.0537615710442508 -0.01452445446402
v 0.08866283099362 0.0347108435778876 -0.0273968892757563
v 0.0737300945729751 0.0333158485532754 -0.0251835557316214
v 0.0595458769899791 0.0245514221848074 -0.0176662135495195
v 0.0579722734248883 0.0249996306373404 -0.0162073148737021
v 0.054646490782951 0.0171001834385694 -0.0132010157707743
v 0.0564799147141006 0.0284376668162242 -0.0144781248756899
v 0.0622199536363799 0.0253029680895299 -0.019740494998708
v 0.0606333041049554 0.017100449796915 -0.0190120980556615
v 0.115493287544849 0.0494542473959954 -0.0151841579622542
v 0.109776807357891 0.0584606612528035 -0.0172072539055805
v 0.11030461392616 0.0544967685070172 -0.0179440197160885
v 0.107447927278701 0.0583954947277637 -0.0187531139246361
v 0.0970364638335316 0.0592890655100874 -0.0229403714263167
v 0.0912638733253519 0.0661130992702284 -0.0227159580008517
v 0.0800708290918742 0.0608001033664031 -0.0234360438184559
v 0.0804546531933261 0.0681632836710422 -0.0221436340098319
v 0.0654294252672183 0.0774069762476744 -0.0115142112086663
v 0.0664834216278035 0.0772248690956682 -0.0124119012321186
v 0.119247843639975 0.0489782743455592 -0.0114336936884823
v 0.119518098543926 0.0464441857486046 -0.0118223030641932
v 0.128229749316804 0.028958268859399 0.000341709293904995
v 0.128830519419228 0.0344463814056417 0.00368435245600194
v 0.129983750060566 0.039394410496562 0.0127054914589741
v 0.129970458225078 0.0400733672328364 0.0142090321660505
v 0.128570672976138 0.0490734369181391 0.0142082573054086
v 0.126185786883852 0.0497759076946611 0.00224743905391336
v 0.131420281572188 0.0171000605039483 0.0102984809386095
v 0.130288657614099 0.0288471229234347 0.00737923305157846
v 0.129009944297153 0.0462447038368211 0.01275688464984
v 0.126877588177975 0.055862963302676 0.0142074256340707
v 0.126551416667893 0.052367511067817 0.00518900469694382
v 0.126814049628065 0.0553441866523594 0.0107287427991126
v 0.123422821087627 0.0620659686101056 0.00809215746184405
v 0.123678681470187 0.0619289598375731 0.00980836854410489
v 0.125528347666675 0.0592504714896557 0.0142082414729196
v 0.131684017218263 0.0170997121891886 0.0142084808229015
v 0.129068699574427 0.0446747206923499 0.0105429559903804
v 0.130080443693391 0.0375657095794111 0.0112150675034363
v 0.125788536836465 0.0584807964536175 0.0119033309493192
v 0.124883462677522 0.0598977781489429 0.0095257865537721
v 0.123849523279456 0.0618099293220485 0.0116947444249936
v 0.130948272400762 0.0171000344269075 0.00725497688333573
v 0.130695131480059 0.0224412270624555 0.00729757652350385
v 0.130767342505591 0.0289241526394073 0.010389069784492
v 0.129500177588312 0.0399777464493961 0.00901797250515682
v 0.12947193988848 0.0346315283955506 0.00599888587333089
v 0.12397925278591 0.0501124617089335 -0.00327379110135545
v 0.128367748967536 0.0487935483135952 0.0106013722871362
v 0.124488403100781 0.0571716693991743 0.00261089409694219
v 0.12520108837185 0.05773464290841 0.00586578819126169
v 0.131172832894934 0.0225135219328714 0.0103472319664454
v 0.130067583991568 0.0347204026759984 0.00894749464569326
v 0.124612119988828 0.0467388265076766 -0.0033372591262803
v 0.124781412077367 0.0471913488478215 -0.00275734112844099
v 0.127915945770237 0.0487786881256123 0.00775369330433066
v 0.127025839827379 0.0523765225480703 0.00716539153786379
v 0.12639382199063 0.0553984343478736 0.00795810191418571
v 0.127423060072445 0.0523547221419345 0.0092549615835631
v 0.125813973118054 0.0577917292760833 0.00942780952342805
v 0.130007606819104 0.0223091207735994 0.00439294947447371
v 0.127950561166916 0.0445503481087463 0.00494167467486322
v 0.128910747269302 0.0399062506540172 0.00611140923584489
v 0.128604111181109 0.0446404629112794 0.00765287061690579
v 0.127275881306623 0.0487304977541544 0.00507110946401837
v 0.123146262992631 0.0622282236834554 0.00658832944165705
v 0.123874132546617 0.0611553546189523 0.00699589542906866
v 0.130219844053244 0.0171000344269075 0.00416671531276496
v 0.124310639702293 0.0497410240646107 -0.0027049220854152
v 0.12285300069631 0.06241730830653 0.00517691566021086
v 0.129066985940928 0.0216671282427047 0.00129450214190465
v 0.127081540366676 0.0171006248856178 -0.00449361895928368
v 0.12654374257005 0.0263147814882158 -0.00444866400353468
v 0.129605603301402 0.0287135879852701 0.00453264138824336
v 0.128159296628254 0.0399045556463631 0.00351623586923299
v 0.12318138502878 0.045331050007765 -0.00671154718488093
v 0.123599541404855 0.0455564264210949 -0.00590471655660979
v 0.122279037782275 0.0526047711611833 -0.00550820537186528
v 0.125782889296499 0.0554654337163547 0.00529209236162954
v 0.122328040249766 0.0627459199992232 0.00346601032443649
v 0.126307052530937 0.0372869311117483 -0.00259990728084583
v 0.124862891624954 0.0475855703752487 -0.00240093154305131
v 0.124888752589628 0.0478949483876824 -0.00220009804892821
v 0.121481453147202 0.0633266184456417 0.00168151907189437
v 0.12252372974477 0.0626054020020529 0.00402918173978562
v 0.12883141348888 0.0170999003164118 -0.000143859190786528
v 0.127870795252829 0.0230661521701255 -0.00181524644465045
v 0.126601588876512 0.0444746539097934 0.000778929824395698
v 0.125095349734382 0.0508887267857192 -0.000243170224750647
v 0.124671389356152 0.0491002925449048 -0.00216510498843856
v 0.122286555417929 0.0556450337471494 -0.00388608630652592
v 0.1228933232376 0.0617462678147939 0.00340972186764649
v 0.126765918878484 0.0391253252375057 -0.000880531447000063
v 0.125303429544642 0.0462309388845532 -0.00193665229919793
v 0.124880713413343 0.0482342442165337 -0.00206634215440872
v 0.124843341301905 0.0485071180970938 -0.00203089297853523
v 0.120742482228374 0.0528387045691978 -0.00798641971788375
v 0.124740188015846 0.0552544928077711 0.00164516476659021
v 0.121549037362286 0.062731696836095 0.000784047560074385
v 0.121935782091266 0.0630152064240231 0.00254069353886819
v 0.125312280834193 0.0171001089327384 -0.00792921414088091
v 0.127379220857192 0.0311872169630551 -0.00145761915458618
v 0.124784444463602 0.0487709544203598 -0.00204910988703304
v 0.124532503086349 0.0493936033748943 -0.00235842550083331
v 0.122166720282287 0.0508991985802591 -0.00644832926001186
v 0.121665080152489 0.0508904366945395 -0.0073036818106887
v 0.123573084393747 0.0552242806933212 -0.00138649460779306
v 0.120274935954626 0.0628304990185168 -0.00212827442789312
v 0.119533007155368 0.0643285207061657 -0.00178167970516203
v 0.120944467463842 0.0636995275801258 0.000790753725144303
v 0.121062380349733 0.0507581553169806 -0.00831893644744162
v 0.11976016790211 0.0498669947982881 -0.0104975754200721
v 0.118981358729721 0.0526568507370169 -0.0105486351973445
v 0.121484038498611 0.0604499594885655 -0.00196952764785821
v 0.116382171592516 0.0666528791142896 -0.00460208082268806
v 0.122813795742086 0.0580813930456478 -0.00106839778332325
v 0.122380410379611 0.0608835536223578 0.000568829085471478
v 0.120370772770702 0.0641024625644825 -4.71764409586439e-05
v 0.12561101930713 0.0244919348667317 -0.00662314322249098
v 0.12205373223006 0.0450775401926686 -0.00867915723891508
v 0.125995975896808 0.0333132408491921 -0.00434074556703478
v 0.122462240104478 0.0451161379383919 -0.00800796773551716
v 0.123873856875141 0.0457748179127734 -0.00525065454676278
v 0.124395308098303 0.0463593757612351 -0.00396130413382219
v 0.125045326537372 0.0435104590503129 -0.0036071653464614
v 0.12415011694692 0.0460445141196435 -0.00459666424877805
v 0.12327504627537 0.050602032073518 -0.00451659003828823
v 0.123735842323249 0.0518903086711701 -0.00296091806695808
v 0.123629768409661 0.0503929612612913 -0.00388707420727817
v 0.122910541528974 0.0507528691282748 -0.00515742307218876
v 0.124912348577851 0.038881918413086 -0.0053058046941543
v 0.124794055712358 0.0318725662996249 -0.00704778920598626
v 0.122541715445929 0.0508511274181307 -0.00580174670426926
v 0.117456150409816 0.0660691557311346 -0.00351526217115477
v 0.119152789134844 0.0649477535683511 -0.00161448745635829
v 0.122786407408424 0.0451904649553468 -0.00743939511308566
v 0.120769334120245 0.0561996700539019 -0.00630806923928122
v 0.115518865387467 0.0663872434752062 -0.00649151749624448
v 0.118315008618349 0.06403680802625 -0.0045956719242421
v 0.124288630687701 0.0245840520134716 -0.00898254684518623
v 0.122774642941924 0.0170997382662295 -0.0118540295096571
v 0.12303267889397 0.0264051104950129 -0.0107227907145426
v 0.123845075282939 0.0386362689631548 -0.00738931229352157
v 0.12156157668915 0.045106571389698 -0.00942465978942468
v 0.12054990707599 0.0505277758371024 -0.00916882259843401
v 0.12009496718433 0.050211785432172 -0.00992388145308573
v 0.119930108191147 0.0592831646482763 -0.00580271760837882
v 0.118644003898413 0.0584374191588389 -0.00830130743651614
v 0.120106694397927 0.0254584077419935 -0.0145328512711679
v 0.120325734012 0.045600623280014 -0.0110270855666598
v 0.123096433510713 0.0333027914064015 -0.00968599085412496
v 0.12263244116383 0.0384121107201608 -0.00945730172528643
v 0.121022750712424 0.0452399927064704 -0.0101757391013808
v 0.12219308788643 0.0428014615629998 -0.00910823073141452
v 0.120978106834485 0.0414063287026003 -0.0112074539388362
v 0.118255716899284 0.0510103985329509 -0.0120104107295594
v 0.11957372457742 0.0496191660528016 -0.0108235654388388
v 0.115156692672745 0.067232549380241 -0.00580701286953304
v 0.12103461948705 0.0356265016137962 -0.0122283523922835
v 0.122136403870516 0.0255781274364544 -0.012069948339071
v 0.120603275583613 0.0454286712727663 -0.0106988743428079
v 0.119399150027355 0.0493253076049546 -0.0111390575860248
v 0.117262964309836 0.0564230795132948 -0.0111376717775691
v 0.119337101593531 0.0554789416235058 -0.00887176319382489
v 0.114087221456606 0.0621937051319766 -0.011826692388959
v 0.11680116988418 0.0643475569459732 -0.00672956455745024
v 0.11547390858515 0.0638118302191157 -0.00903800712309908
v 0.121249233456347 0.0233451373914692 -0.0133817063806696
v 0.120043193100919 0.0458228108437794 -0.0113328146560228
v 0.119771105354182 0.0461038915416185 -0.0116058012266522
v 0.119818543199782 0.0431075724947463 -0.0122974220915421
v 0.120194737906873 0.0327740309747377 -0.0136582329095919
v 0.118308593668598 0.0445204936222849 -0.0136851202013358
v 0.118767296103376 0.0395389667097698 -0.0141797886274029
v 0.116569874065299 0.0599209680888258 -0.0101981439360701
v 0.113896769719645 0.0677281696182986 -0.00704344225641182
v 0.117708255699839 0.0488110609091598 -0.0132612053063067
v 0.116008234411295 0.0447435715307301 -0.0157759875798165
v 0.116513011235454 0.0534868792214155 -0.0130661900190885
v 0.116966706880183 0.0607344600040453 -0.00923147268903346
v 0.108142053153917 0.0690865599281654 -0.0126130120276312
v 0.110101794225684 0.0679444749467105 -0.0120164438392205
v 0.118672621577847 0.022217469288303 -0.0162020193717674
v 0.11845282200457 0.0283704513808333 -0.0159178429566523
v 0.11560512820769 0.0342149551188386 -0.0177328590153036
v 0.118157719414883 0.0341428111227305 -0.0155605074034824
v 0.114053217007522 0.0398159682133645 -0.0181759228402096
v 0.116450277348231 0.0396461135452579 -0.0162948480491929
v 0.112669070526905 0.0541104557735453 -0.016315756248003
v 0.111416925979774 0.0614772607868601 -0.014821308977594
v 0.112883103350929 0.0642220518737392 -0.0119612126667379
v 0.110607450218334 0.0647605651186742 -0.0139635633927593
v 0.113358949571277 0.0661942137683829 -0.00981060278771048
v 0.111981456458984 0.0678232912126715 -0.00982987465220839
v 0.110643250257302 0.0685819393857292 -0.0104519387359699
v 0.112858956019754 0.0680678938556779 -0.0081374281360517
v 0.116283622765164 0.0170999226681611 -0.0185690565825049
v 0.119457421016901 0.0170999934487005 -0.0157528907722222
v 0.115891677531042 0.0283231792937417 -0.0181210250813204
v 0.112071258304912 0.0580320515591017 -0.0155888019241082
v 0.114248370060735 0.0599577441669824 -0.0128286887130945
v 0.114765693662339 0.057196878447076 -0.0134826478117625
v 0.108681572034623 0.0653159762860685 -0.0153677459176504
v 0.105554034436778 0.0674942511114503 -0.0165815315855194
v 0.112491664756277 0.0658890006318993 -0.0111874118703109
v 0.116118957487072 0.0220490563080253 -0.0184264188944441
v 0.111538348089048 0.0400120005051751 -0.0198772280996661
v 0.111841899636943 0.034389619138333 -0.02039296491208
v 0.109188278559114 0.0619495532492474 -0.0164443849771996
v 0.110150267701964 0.066640742114428 -0.0131551676763768
v 0.109333356261254 0.0688458166872022 -0.0116330042368546
v 0.113828775722637 0.0171000362895533 -0.0204317824500045
v 0.114170273076664 0.0253500613626271 -0.0196850254075663
v 0.112091717598774 0.0283984897876653 -0.0208332217298049
v 0.113754873415348 0.0342846814007325 -0.0191080000986136
v 0.11365710689894 0.0449761303061636 -0.0176207147012046
v 0.113195036801808 0.0497491824530996 -0.0169986711065466
v 0.107672986961761 0.067268811368164 -0.0150266265585866
v 0.111183521646631 0.0452420602432792 -0.0192918898026253
v 0.10790355262376 0.0543143521558126 -0.0194937186480837
v 0.110775088278017 0.0500756558284446 -0.0186431414555092
v 0.10697152226482 0.0648127490026711 -0.0169297420370439
v 0.107145873297472 0.0693045043848582 -0.0133796332559234
v 0.10574727269082 0.0695687244131535 -0.0143316538626268
v 0.112291698628106 0.0220639984524221 -0.0211891863756854
v 0.109456477102866 0.0250737509006145 -0.0226797369911358
v 0.108958621867927 0.0395003577881719 -0.0214711425170382
v 0.105006223060053 0.0580080085274544 -0.0202038467613815
v 0.108304662071811 0.0497778113186419 -0.0202048153371838
v 0.105355431764825 0.0689954616486638 -0.0155103780177739
v 0.107751359617309 0.0682036509302505 -0.0141539872581452
v 0.107546014170067 0.0170997382662295 -0.0241671006196673
v 0.11115424831612 0.0170998332611639 -0.0221839472523128
v 0.109219354930089 0.0337777101993298 -0.02200785458351
v 0.106449534599867 0.0420011236522344 -0.0224191863750147
v 0.105737683793807 0.0490460113217667 -0.0216597540280862
v 0.108653922930646 0.0448451714071041 -0.0208663637860569
v 0.106931616956035 0.0620001874119605 -0.0179966431844879
v 0.102418740784704 0.0683097099806068 -0.0181609676572923
v 0.104225528890815 0.069873766186226 -0.0152627774463947
v 0.107453850490143 0.0245979249991944 -0.0237358664580703
v 0.106511359516279 0.03248399840131 -0.0234976172997981
v 0.105390591053876 0.0243379182756392 -0.0246890605316112
v 0.104928774276479 0.0377286352052394 -0.0236248024785201
v 0.103277740554265 0.0441185868183954 -0.0234681614195323
v 0.105394726126015 0.0537601479828796 -0.0209438703393476
v 0.102757429269909 0.0540372202670137 -0.0220543555352512
v 0.104377058795609 0.0621526300673743 -0.0194474970932085
v 0.104956274368848 0.06690548368354 -0.0173346067224221
v 0.103914146782888 0.0659563911559929 -0.0184414057423395
v 0.103042078695252 0.0701102774959913 -0.0159172543605878
v 0.103746165996504 0.0319020743339724 -0.0247181755477004
v 0.102441658770108 0.0583268599562933 -0.0213096921066627
v 0.102068503899833 0.0621613658760531 -0.0205610519293473
v 0.103348781838669 0.069136367076155 -0.0169221945963687
v 0.101999258205313 0.0700011041019014 -0.0169656091440628
v 0.101430801270215 0.0704314870343797 -0.016716869564793
v 0.100172487642487 0.01710011265803 -0.0269974430269338
v 0.103035917065236 0.0492811330977848 -0.0227810965862049
v 0.102386107242419 0.0255572751170174 -0.0257541437367801
v 0.0991215087669763 0.0411269839906222 -0.0252226582543493
v 0.0987910084696647 0.0517596813230583 -0.0238127117721114
v 0.100901266167286 0.0514476471777513 -0.0232062324455387
v 0.0997911073314164 0.0583560066373606 -0.0223022420227567
v 0.101578747445821 0.0657541078249656 -0.0197555824294753
v 0.0991146691341412 0.0658291277461484 -0.020790200200369
v 0.101393637775028 0.0676631781819615 -0.019090446524842
v 0.0993552483762385 0.0708437501487713 -0.0175896066541375
v 0.104038638531299 0.0171001052074469 -0.0256832141857164
v 0.10197999100432 0.0415045236624999 -0.0242946713660644
v 0.101432947037379 0.0357974552429093 -0.0251371404615858
v 0.100615409747913 0.069752895376677 -0.0181797766543154
v 0.0977126412604917 0.0707324980419978 -0.0188482504201752
v 0.0959651597746066 0.0549146121081468 -0.0239856900971805
v 0.0989484466847392 0.067783929782181 -0.0201856319483601
v 0.0956063770739811 0.070745305594338 -0.019870388464385
v 0.0993693374238324 0.0695030698749211 -0.0190870788612831
v 0.0994043998553378 0.0257044166825591 -0.0266454867947584
v 0.0992941610672898 0.0321237589833788 -0.0261316144907641
v 0.0962684952556691 0.0354448787496912 -0.0265191323560516
v 0.0967988871753477 0.0462614974511171 -0.0251159640417842
v 0.0942012870117746 0.0613795463895701 -0.0231826848776672
v 0.0967873015227785 0.0632778022252038 -0.0221875663730512
v 0.0994894035274682 0.0622902572383037 -0.0215564107152681
v 0.0981991865143374 0.0692020961202184 -0.0198389227893293
v 0.0972188987459501 0.0712667942569011 -0.018321732614023
v 0.0952769273085101 0.0716496797221494 -0.0188498727846441
v 0.0971633695700024 0.0241506627707145 -0.0272967124607535
v 0.0934670695632618 0.0678860623752462 -0.0219013596740427
v 0.096483377445862 0.0668304414106079 -0.0214094852166361
v 0.0966084503395469 0.0687664679772412 -0.0206877863477919
v 0.0944464185585149 0.0693680578586579 -0.0211176402888706
v 0.0945234575601652 0.0259705552360014 -0.0276538934143242
v 0.0961966791109005 0.017100038152199 -0.027927724694812
v 0.0939778962587303 0.0379664764440871 -0.026632722083271
v 0.0928746217591785 0.0594813054551027 -0.0237612450067374
v 0.0944143065568599 0.0522407766493723 -0.0247150220884054
v 0.091749956643211 0.071933621443897 -0.020166765209318
v 0.0947535463850165 0.0714594290828204 -0.019479672436304
v 0.0935267561630897 0.0719937774518054 -0.0192228433864388
v 0.0943774261837295 0.0705279795360421 -0.0205101160180188
v 0.0915871689113874 0.0509631990890445 -0.0252912147946973
v 0.0946015023901735 0.0458421711839515 -0.0255960293249853
v 0.0912889743308219 0.0582623192802335 -0.0241831454503622
v 0.0940120497194232 0.0654830481613891 -0.0223792307605224
v 0.0920301953249393 0.0722867790825965 -0.019462722359763
v 0.0924402603706671 0.0418558857106735 -0.0263945902716826
v 0.0866799633201976 0.0720610711183188 -0.0211772300524638
v 0.089253334196211 0.0715550945697593 -0.0211522389341176
v 0.091825311813684 0.0710428893337324 -0.0209295335548272
v 0.0918558368417073 0.0698922063793859 -0.0215316039988535
v 0.0906238610158009 0.0725611468050671 -0.0196289914347552
v 0.0924013236373379 0.017100392054896 -0.0284876062120633
v 0.0887148285944437 0.0171013755318646 -0.0287070109830426
v 0.09177088532364 0.026201359399116 -0.0279563498350627
v 0.0886705646961068 0.0281616990810339 -0.0279687252535834
v 0.0901792327274565 0.0428530643015152 -0.0264778859280381
v 0.0917341763138595 0.0327809823687653 -0.027409519876748
v 0.0886385122990952 0.0520866650633453 -0.0253273594359366
v 0.0897011364318188 0.0697285841240383 -0.0219636055705093
v 0.0890710184930794 0.072863320103648 -0.0197437751179156
v 0.0871575455257856 0.0440296976367813 -0.0264163813645894
v 0.0857655163310736 0.0597048937284899 -0.0241688794463812
v 0.088560884701591 0.0666568502750792 -0.0228604583346863
v 0.0886518115851635 0.0725503434595795 -0.0204181907237936
v 0.0856415386727119 0.0214131471782276 -0.0283847732641871
v 0.0856084804473423 0.0350707775219119 -0.0273172667568666
v 0.0857026632345629 0.0525639196140738 -0.0252576182528765
v 0.0841525625254397 0.0444706194190475 -0.0262340153048207
v 0.0886337811805219 0.0591932025826966 -0.0242291099601206
v 0.0834735017238531 0.0739483708715113 -0.0195449674839021
v 0.0872471313048807 0.0694517055550646 -0.0222403686554449
v 0.0863843913439436 0.0733839817514876 -0.0197653110283515
v 0.0877248327197556 0.0731244034364604 -0.0197797111428282
v 0.0858509819391906 0.0671783538388085 -0.0228139015035719
v 0.0824240129644283 0.0219171772619535 -0.028056210000284
v 0.0855844672266152 0.0284783116096527 -0.0278879329931478
v 0.0795196053493121 0.0358084746553067 -0.0265065129309345
v 0.0825521852995723 0.0354475944872293 -0.0270192918618597
v 0.0824953448214688 0.028780375012133 -0.0275865792587073
v 0.084641402558058 0.0716953368953551 -0.0214867235489354
v 0.0872542391586112 0.070808099108662 -0.0217724291962308
v 0.0866258050510491 0.0727077817309583 -0.0206564082170877
v 0.0819407981200348 0.070495085211678 -0.0217643862917798
v 0.084585433797865 0.0699749004011565 -0.0221013482254767
v 0.0850333030886966 0.0736461528694318 -0.0196909337199606
v 0.0838185902576474 0.0171008092875494 -0.0284936598108279
v 0.0796215814436629 0.0171000008992836 -0.0278689228303811
v 0.078197008113631 0.0453763681794399 -0.0252363468381405
v 0.0798637774617136 0.0535450347477629 -0.0245042376420669
v 0.0827715229368625 0.0530617601258937 -0.0249817660017242
v 0.0829042773789712 0.0602369249661323 -0.0239050393978237
v 0.0831429418218979 0.0676811340872203 -0.0225748011161811
v 0.0809234511645867 0.0740420917562624 -0.0197656630684027
v 0.0840948726811672 0.073555821999989 -0.0200744748365212
v 0.0814843979146104 0.0743323813748069 -0.0192401231512817
v 0.0834101047349709 0.0731566272083459 -0.0205766683515142
v 0.0811587553957393 0.0449177587129064 -0.0258407455893839
v 0.0819519218366174 0.0729261657720537 -0.0207407376418476
v 0.0780903903076721 0.0746113833599626 -0.0190419748938722
v 0.080149678584569 0.0745900821428942 -0.0189661167820912
v 0.0820293333672892 0.0718357207820297 -0.0213063896357059
v 0.0794537049654053 0.0723394696062438 -0.0207801400505451
v 0.0793558192397109 0.0220598484776383 -0.0275361574376124
v 0.0794310775526382 0.0290925712076223 -0.0270637699802906
v 0.0765251872720165 0.0361764030749918 -0.0257775869964883
v 0.0777924043433586 0.0686346001070441 -0.0215176434687794
v 0.0779747200464902 0.0611948576105216 -0.0229520409020891
v 0.0793270749004104 0.0710073947558682 -0.0212324127961564
v 0.0769957882837412 0.0540244238905482 -0.0238240925377889
v 0.075901022347041 0.0616194663411014 -0.0223633368041351
v 0.0770850685890386 0.0739317709723758 -0.0195053992997308
v 0.0795770493244305 0.0734473936642085 -0.0202129979400678
v 0.0788518247264971 0.0748394755108306 -0.0186501599047847
v 0.0703977554202591 0.0171010868217696 -0.0249582910770379
v 0.0705046116447917 0.0291091524803001 -0.0242523334276275
v 0.0733275173605798 0.0243023175269659 -0.0257121839154352
v 0.0764019025176348 0.0293990919214391 -0.0263210027250998
v 0.0726419223999557 0.0460227397905486 -0.0235195518164296
v 0.0707095845630122 0.0368768808205359 -0.0236868360333684
v 0.0752791149479358 0.0458230231853976 -0.0244243077866245
v 0.0730955137365579 0.0171003045105447 -0.0260370759045183
v 0.0762969461911119 0.0223043933786257 -0.0267820317684933
v 0.0763552618841406 0.0171000232510328 -0.0270827987695151
v 0.0698729216335815 0.0518312814266005 -0.0216341184343024
v 0.0730717836378871 0.059766048114533 -0.0217528881794186
v 0.0741783885468912 0.0544930506660528 -0.022943323719868
v 0.0768728835089615 0.0723529179087301 -0.0202682123487385
v 0.0743771327798719 0.0728373697227284 -0.0193614987378354
v 0.0755268541978267 0.075084152659668 -0.0182016217639497
v 0.0762703476189754 0.0753359004118624 -0.0178486876427431
v 0.077546989674562 0.0750907315245408 -0.0182705228937658
v 0.0713489412214853 0.0566118288601301 -0.0215915309013318
v 0.0743832422558248 0.0756972760437156 -0.0171156042829299
v 0.06805591133112 0.0394655002351623 -0.0221866760283713
v 0.0709202199223598 0.0433621291167676 -0.0231206680866308
v 0.0690746291933673 0.059915566416082 -0.0200283967053706
v 0.0734247027317138 0.0664427875721789 -0.0206829714084668
v 0.0726065023405896 0.0710169464033959 -0.0192948569973428
v 0.0710982068382614 0.0677244890302497 -0.0194671498687672
v 0.0715911074372143 0.0744631093057904 -0.0175413753044725
v 0.0736608116255529 0.074651057714943 -0.018172149119872
v 0.0677575453872046 0.0320615689662855 -0.0226975960388143
v 0.0718960075401671 0.0731619245729264 -0.0182881137204529
v 0.0673269837947128 0.054767966006381 -0.01994538975911
v 0.0706873669321688 0.063639259813471 -0.0201154586314806
v 0.072628772125496 0.0756472900817317 -0.0169409831042883
v 0.0705891384797745 0.0756617293117697 -0.0162484253285742
v 0.064979656078377 0.0287741034838128 -0.0213718541840694
v 0.0675468504232136 0.0239408413122409 -0.0231760724851704
v 0.0658676684081339 0.0365921232599394 -0.0212457139496266
v 0.0682182892810199 0.0463216460084424 -0.0215260216494696
v 0.0662420451736002 0.0455900285508531 -0.0205314898782724
v 0.0681042283452111 0.0724648778208976 -0.0166826602125126
v 0.0687453954947288 0.0673500078227325 -0.0184357880026859
v 0.0681602716112085 0.075131247795411 -0.0155119174945059
v 0.072335606686721 0.0760892884732551 -0.0161634681921885
v 0.0675819799099429 0.017100779485217 -0.0235742074313682
v 0.0553582670832075 0.0355331979616985 -0.0126028689900704
v 0.0557349758803485 0.042381800019595 -0.0122869018682121
v 0.0651504904370654 0.0586881908846479 -0.0180318006234671
v 0.0695950298846888 0.0766128931014172 -0.0146063475481078
v 0.0707520752232067 0.0763919609609034 -0.0153029258447246
v 0.064154638406159 0.0235783238785284 -0.0211866513147873
v 0.0626643807590527 0.0349683804331468 -0.0193188534628458
v 0.0642989188961935 0.042419552124137 -0.0196996732539309
v 0.0643750414764508 0.0631621244720719 -0.0166864506966622
v 0.0668381512126748 0.0633723948281769 -0.0182068353094704
v 0.0666591361166739 0.0737653323966183 -0.0153346001361069
v 0.0655159637589173 0.0711441800109079 -0.0155145484816613
v 0.0674558266820955 0.0696861605038958 -0.0171507859363041
v 0.0680965691485287 0.0768987496230202 -0.0136112830602193
v 0.0692001565724585 0.0763006764168244 -0.0149863664015103
v 0.0571333119913948 0.0171002095156102 -0.0158643906108835
v 0.0610622302950428 0.0431803944939161 -0.0172709582536879
v 0.064775003535115 0.0522801753327782 -0.0187882974406561
v 0.0624893815259037 0.0469669670873347 -0.017911037847373
v 0.0631900192084167 0.0571010639484753 -0.0169652924942813
v 0.0642017931297029 0.0171010477062084 -0.021604165227615
v 0.0625936374978661 0.0673009010295539 -0.0144324295182459
v 0.0649071544802088 0.0674611779730919 -0.0161002052911295
v 0.0639546052227638 0.0741614351962769 -0.0132621776074006
v 0.0632220790560087 0.0710181161449418 -0.0138737307810609
v 0.0649351612120467 0.0755096331084699 -0.01325844486527
v 0.0656965732791304 0.0761262284642397 -0.013301465463383
v 0.0674948304706486 0.0762345897447723 -0.0142714885414895
v 0.0646563604923415 0.0771673505941754 -0.0115130992091393
v 0.0600675405546835 0.0356313258663502 -0.0172409044641288
v 0.0595593923428798 0.0473433072153341 -0.0154888123050057
v 0.0599907287957364 0.0533593550411628 -0.0150097444686164
v 0.0618735426245591 0.0721932221106735 -0.0123332957178213
v 0.062863378311768 0.0770846118689062 -0.0103428342597736
v 0.0582003356918625 0.0435162220763368 -0.0147144312944201
v 0.0575641604312332 0.063065743729156 -0.0107521571878113
v 0.0614878260756778 0.05582419046825 -0.0158899461108991
v 0.0620282203995842 0.0629406931424907 -0.0149874662938397
v 0.0613191561106044 0.0741121197867716 -0.0110355168327546
v 0.0620285295986721 0.0761217953672983 -0.0105066846892285
v 0.0642559663000123 0.0776309333249248 -0.0104541925373561
v 0.0578405918663615 0.0367062177641636 -0.0151098663355689
v 0.0575075471958329 0.0503809769983831 -0.0131039989343266
v 0.0611787312959426 0.0685992545408418 -0.0128812162552366
v 0.0587447496039111 0.0628176244109288 -0.0120585824745597
v 0.0602644556701685 0.0622323364053238 -0.0136516251737096
v 0.0594609142960411 0.0674485417841629 -0.0115994002444507
v 0.0598191046755224 0.0753136827730733 -0.00886054447832971
v 0.0548608812348355 0.0236115795561727 -0.0130210609059597
v 0.056667419746502 0.0546181124285927 -0.0115043857522098
v 0.0581971505687285 0.0572421556405439 -0.0126530933707133
v 0.0583686927325578 0.068665438070474 -0.0100769937296551
v 0.0601326325506136 0.0712851822959794 -0.0110494876073805
v 0.0590517731222867 0.0723196957587098 -0.00950350372238095
v 0.0604695925011585 0.0769201104447534 -0.00831433105576607
v 0.0609964826480348 0.0777099020551479 -0.00787210449013542
v 0.061473859962661 0.0781630539695643 -0.00747092458375905
v 0.124324713848726 -0.0404483401788378 -0.00622464366338301
v 0.123987716645279 -0.040942399519737 -0.00710869911977161
v 0.12386414131826 -0.0410143833283086 0.000809008585049758
v 0.124503743845887 -0.0400095008345467 -0.00563028131322986
v 0.124592189686177 -0.0396373665607045 -0.00523478573609347
v 0.124500599700946 -0.0398989379067096 0.000808996361436868
v 0.124393594464804 -0.0381313503973948 -0.00471395738145714
v 0.124537673789167 -0.0385970863466586 0.00080901562817909
v 0.124493245978061 -0.0383837128226945 -0.00467349373033004
v 0.124565553861138 -0.0386544334847402 -0.00468670268283445
v 0.124229979718553 -0.0378193982085018 -0.00485330144612854
v 0.123969894856889 -0.0374694964746148 -0.00514183924632283
v 0.123567012170696 -0.0370942776593712 -0.00568025470235474
v 0.123066482177382 -0.0368577887013552 0.000809000144936096
v 0.123007466129793 -0.0367688771679919 -0.00648197795591431
v 0.122027364625917 -0.0366275284308065 0.000809015569971409
v 0.12202776695726 -0.0365548815203394 -0.00793606774600536
v 0.123914760561704 -0.0374552658609035 0.000808998515121043
v 0.124619406656489 -0.0390182342813908 -0.00480353387936165
v 0.124622446493304 -0.0393333119898921 -0.00499349254896554
v 0.123202805447517 -0.0415881341059911 -0.00873818075819308
v 0.122956988447377 -0.0415819501220223 0.000809006314950221
v 0.122393247729692 -0.0418241983807707 -0.0100330799928936
v 0.122026746227741 -0.0418491131306402 -0.0105438956951733
v 0.122027573242169 -0.0417723870259286 0.000809011029772336
v 0.0441520353223679 -0.0400368444745051 -0.00272990715016259
v 0.0421808538843506 -0.0325748582621526 -0.00232635632854698
v 0.0416781967503241 -0.0325564553219082 -0.00235541988904668
v 0.0420166058387626 -0.0349535574980794 -0.00242163485082633
v 0.0401632665061226 -0.0385598930358487 -0.00265127905128534
v 0.0313926034109462 -0.0385886932648021 -0.00307733505763134
v 0.0329183966014152 -0.0385019722028687 -0.00299739193083784
v 0.0404044939487173 -0.0320066432677097 -0.00242073589140978
v 0.0384045160173365 -0.0316394003016692 -0.00256149673102283
v 0.0396422474166254 -0.0309800087966021 -0.00245339319409917
v 0.0397951147006059 -0.0312958837174946 -0.00244837941733773
v 0.039528506855775 -0.0306468466602837 -0.00245642674557242
v 0.0394663466632443 -0.0303020094602554 -0.0024551925099166
v 0.0327281050519328 -0.0374670862109836 -0.0030091550045604
v 0.0412198742951486 -0.0387640017597342 -0.00263107446691624
v 0.0432227281505755 -0.0395075364249838 -0.00266369847481242
v 0.0422509861979419 -0.0390853044304113 -0.00263287867217882
v 0.0456279468768555 -0.0411869127557463 -0.00295579160012733
v 0.0518220167199823 -0.0501514468849777 -0.0101992410344309
v 0.05341235801401 -0.0505740812110374 -0.0123550281373863
v 0.0530409689312964 -0.0504182708920648 -0.0118745400335946
v 0.0530910591835299 -0.0492825636097391 -0.0119059936014527
v 0.0538393582290561 -0.0508274233880142 -0.0128908452025639
v 0.0543194624561199 -0.0511914290756999 -0.0134731594941911
v 0.0543257730977444 -0.0494231002333671 -0.0134692628392325
v 0.0510685544222178 -0.0497704985713342 -0.00908440097270829
v 0.051422658158333 -0.0500056166220608 -0.00963538183712979
v 0.0503652159042987 -0.048957382910561 -0.00794033227350432
v 0.0500668015316105 -0.0484504154344499 -0.00743428727271264
v 0.0497855570215241 -0.0453766326751397 -0.00642263499288612
v 0.052357031724818 -0.047444709651256 -0.0107090630151902
v 0.0495104368885515 -0.0471561709197388 -0.00642601569496544
v 0.0491090443184447 1.73906059017631e-09 -0.0056374930120043
v 0.0509268257559807 -0.00784145651657455 -0.00915598803773011
v 0.0543600345918535 -4.11612251286162e-08 -0.0134410651761868
v 0.0529584500277396 -0.0399624913805093 -0.00864367942486282
v 0.0510587382825008 -0.0391250123130157 -0.00599330724923856
v 0.0431942632080412 -0.0247213848863689 -0.00208596303215848
v 0.0456677627786755 -0.0255450114572432 -0.00194942993279036
v 0.0444180471207644 -0.0290520102332536 -0.00209429185273572
v 0.0442334031112482 -0.0286715797351351 -0.00209306110954073
v 0.042850146974993 -0.0275620090983064 -0.00215139312157523
v 0.0422696461766298 -0.0262498086783365 -0.00217459237468706
v 0.0424418998708902 -0.0274565423693062 -0.00217846178845126
v 0.0419003805093388 -0.0274251195351033 -0.00221785651373496
v 0.0414841463830146 -0.0274832098688487 -0.00225059204754685
v 0.0526219035844086 -0.0503052082935993 -0.0113165649342927
v 0.0506962936215938 -0.0493989603441395 -0.00848321621674741
v 0.0497930932836295 -0.0478829343224418 -0.00695622293673396
v 0.0491100948502854 -0.0463018200068268 -0.00575543015445965
v 0.0491693865693504 -0.0434148494427473 -0.00511402761661381
v 0.0551472070407754 -0.0434331033713298 -0.0127800112597667
v 0.054665672302269 -0.045866854965745 -0.0131842817611431
v 0.0530489745799688 -0.0436528024403414 -0.0103755544267579
v 0.052249095166123 -0.0455267917268349 -0.0100175455271407
v 0.0483924251409084 -0.038702370536373 -0.00338285739331341
v 0.0485603425973583 -0.0453473556088682 -0.00495053202117876
v 0.0552581573592545 -0.038724472691124 -0.0107575746930442
v 0.050636539966542 -0.0430045905352083 -0.00685350221326566
v 0.0467878495129685 -0.0424898148480137 -0.00336991805878474
v 0.0475235533522771 -0.0435309928573225 -0.00382239197013957
v 0.0495934214533852 -0.0393207018780039 -0.00441661485469041
v 0.0461474497732351 -0.0417222818546152 -0.00310005607644076
v 0.0477475997563994 -0.0383007431293494 -0.00303926444066205
v 0.0464733158095191 -0.0393090715177927 -0.00283890149742753
v 0.0450109419596736 -0.0406516852179561 -0.00283352147794083
v 0.0427128029753392 -0.0324867923699706 -0.00229644153892869
v 0.0432376330367265 -0.0322769876753091 -0.00226224196553865
v 0.0569672944329546 -0.0346081819934226 -0.0112564461792998
v 0.0563661257244775 -0.0384075770403476 -0.0117571989377868
v 0.0553101698612391 -0.0361154461294007 -0.00999466385513329
v 0.0531246911035927 -0.0380599365584299 -0.00815461942522036
v 0.0492904622266345 -0.0377692446083983 -0.00379953916914166
v 0.0512354325226977 -0.0362848574878131 -0.0055088102660803
v 0.0475699555671976 -0.0349217993876373 -0.00259615637791898
v 0.0538426811879281 -0.0334394425509455 -0.00788212831836676
v 0.0495851364079466 -0.0335344300348228 -0.00344036076080932
v 0.0485188726666828 -0.0339048171469292 -0.00283476525965624
v 0.0438978401445341 -0.0317731308176401 -0.00221347440672154
v 0.0442350720412646 -0.0313299142557807 -0.00218365973431358
v 0.0407914361180794 -0.0322621721908248 -0.00240180326127341
v 0.0344432212164283 -0.0358999156616307 -0.00289849941009601
v 0.0356748282386033 -0.0346738551581128 -0.0028031785126253
v 0.0465501126673053 -0.0358582482756723 -0.00248503465634971
v 0.0572174588467756 -0.0236455057862954 -0.0110431732382075
v 0.0537121470187877 -0.0296296446273743 -0.00740358202279412
v 0.0561474176612336 -0.0293575251183525 -0.00979751025056692
v 0.050868405754826 -0.033606853427797 -0.00467866257235214
v 0.0485564645702443 -0.030196272647618 -0.00260043999753712
v 0.0457974811092588 -0.0338533820465334 -0.00227898412424511
v 0.0435836454424943 -0.0320512126557835 -0.00223859288347247
v 0.04122128245485 -0.032449777873155 -0.00237996234259208
v 0.0400664834663318 -0.031678348224798 -0.00243658351448341
v 0.03916609572248 -0.0384791436162659 -0.00266475738893479
v 0.0368877119521568 -0.0333887636847339 -0.0027013378892851
v 0.0573091158872303 -0.031005093047237 -0.0109687512263181
v 0.0497384022979802 -0.0298970739943378 -0.00330872572133395
v 0.0471379187597806 -0.0273938047343554 -0.00208753557085296
v 0.0472604882584409 -0.0310961428979485 -0.00224439944884136
v 0.0444687706723345 -0.0308225817010979 -0.0021542853448004
v 0.0445657474272164 -0.0304182106168497 -0.00213419158785482
v 0.0573719615331606 -0.0270954312331529 -0.0109157552287639
v 0.0538484591130519 -0.025924311329377 -0.00766717573644805
v 0.0459187355804732 -0.0293728993965689 -0.00204867984869003
v 0.0446031530662672 -0.030003734679279 -0.00211893139669209
v 0.0445438427207511 -0.0294495733471988 -0.00210133637905198
v 0.0489997592046917 -0.0196936177925208 -0.00336941118630356
v 0.049426710990965 -0.023992710409102 -0.00319106797574466
v 0.0496071789501499 -0.0265138256782426 -0.00320083056790623
v 0.0439887446763653 -0.0283360091978312 -0.00209679152336407
v 0.043697028375484 -0.0280388110261119 -0.0021068870634577
v 0.0432314118020672 -0.0277221146784333 -0.00212905883459459
v 0.0556397984406404 -0.0236154873870059 -0.00967677541415943
v 0.0484509978789619 -0.0264904885893435 -0.00248499880041857
v 0.0564220609570586 -0.0180096221002395 -0.0117110174297958
v 0.0553015048361985 -0.0207849866548486 -0.00994376519672031
v 0.0478376027679985 -0.019256290916598 -0.00260883564053149
v 0.0525163623873219 -0.0232732392646032 -0.00663329091666627
v 0.0465034943855524 -0.0230370501925567 -0.00198871802160352
v 0.0442398255115792 -0.0227940643260819 -0.00201592545558969
v 0.0527943584443406 -0.0170291886949036 -0.00861062770693084
v 0.0451111522664623 -0.0210037432250987 -0.00197081427042641
v 0.0459789996002844 -0.0187409918259409 -0.00208847783678374
v 0.0544618206964033 -0.00875112055838331 -0.013356043778522
v 0.0543161730248598 -0.00631472167866219 -0.0134773346146929
v 0.052513974476294 -0.0201923449237289 -0.00727881735225516
v 0.0546704965530977 -0.0167528912714114 -0.0106292151161619
v 0.0546408059900826 -0.018918539221093 -0.0098455730307894
v 0.0508980441637781 -0.0172761568980427 -0.00635369800713888
v 0.0506417777245846 -0.0205444799698986 -0.00509245259061668
v 0.0482017163589219 -0.0227916913153662 -0.00248787449266249
v 0.0470852096285258 -0.0212764233904984 -0.00215863904646577
v 0.0471079711517406 -0.0149766508411547 -0.00278052757586312
v 0.0464585711108473 -0.0172947032620117 -0.00229076326328747
v 0.0549621756010768 -0.0119412823569591 -0.0129360208818371
v 0.0493250813486043 -0.0172264168053009 -0.00440952376222982
v 0.0533565829689081 -0.0116787666495467 -0.0113887731916801
v 0.0515679929054984 -0.0135533519826877 -0.00864044400915385
v 0.0482528683188668 -0.0148169997465966 -0.00373693028957995
v 0.0482369315273262 -0.0127376472442891 -0.00423209650773014
v 0.0477859478938746 -0.011714441904051 -0.00377708427584716
v 0.0496005963623397 -0.0102064103580141 -0.00694213341844001
v 0.051734502202247 -0.0115011205341686 -0.00955950696153685
v 0.0498885203177819 -0.0126101277206508 -0.00678062014376966
v 0.0480157461460892 -0.0104401034847238 -0.00424309217139392
v 0.052845726471118 -0.00733445132188651 -0.0117145983662958
v 0.0520055990217871 -0.00945284534527291 -0.0104056855161166
v 0.0485678453318518 -0.00732236228515355 -0.00531439288815554
v 0.0481988329842954 -0.00952064937672828 -0.00464573378904123
v 0.0484210055674394 -0.00829998030140247 -0.00506049471141532
v 0.0497666548989722 -0.00542326453363021 -0.00734124159705455
v 0.0487048019013232 -0.00635054175387537 -0.00550452664646216
v 0.0526437300597794 -0.00528195537766752 -0.0115067867026122
v 0.0492494281549141 -0.0084109986461313 -0.00653121187466702
v 0.0488570694135791 -0.00501539167532737 -0.00568670085371618
v 0.0489712830862868 -0.00370744949642699 -0.00578163944314183
v 0.0523138779629652 -2.85549287141162e-07 -0.0108465625948842
v 0.0498964812629718 8.44756299475978e-08 -0.00707946629133723
v 0.0510230611781098 -0.00520893873201436 -0.00927770448846036
v 0.0490541000130608 -0.00235754842750464 -0.0057975464380495
v 0.0490994814984623 -0.00102492863682489 -0.00573680462804523
v 0.0602050447418166 -0.0512000158727168 -0.0153068970055142
v 0.0611524493734744 -0.0512000158727168 -0.0043490194395617
v 0.0574694188504803 -0.0512000158727168 -0.0125328065006144
v 0.0563853444966977 -0.0512000158727168 -0.0112647954889805
v 0.0517649266474345 -0.0512000158727168 -0.00433259835442048
v 0.0579341450795357 -0.0512000158727168 0.00126470854067701
v 0.0573480973240421 -0.0512000158727168 0.00264070527688931
v 0.0506235461542714 -0.0512000158727168 -0.00215369162646002
v 0.0502598348946913 -0.0512000158727168 -0.00168183292770724
v 0.0460385930678569 -0.0512000158727168 0.00164370503438041
v 0.0465916459279146 -0.0512000158727168 6.00889526605748e-06
v 0.0475748729502817 -0.0512000158727168 -0.000101753100816722
v 0.0469904456960316 -0.0512000158727168 -1.36913777598126e-05
v 0.0508671801343452 -0.0512000158727168 -0.00254235967551279
v 0.0585750216564166 -0.0512000158727168 -8.60363795404187e-05
v 0.0592830465894264 -0.0512000158727168 -0.00140279205982104
v 0.05257674561642 -0.0512000158727168 -0.00578989282656523
v 0.0543690460688841 -0.0512000158727168 -0.0086038942424588
v 0.0534402343606903 -0.0512000158727168 -0.00721575794524693
v 0.116009754329703 -0.0512000158727168 0.0323075760442048
v 0.117635105901173 -0.0512000158727168 0.0431756447471925
v 0.051714318579861 -0.0512000158727168 0.0338687190718339
v 0.11171374220296 -0.0512000158727168 0.0377909816845772
v 0.110280645408915 -0.0512000158727168 0.0391817112503676
v 0.0964111068156872 -0.0512000158727168 -0.0171123167131392
v 0.0858283396252627 -0.0512000158727168 -0.0261360103347901
v 0.0855356212213135 -0.0512000158727168 -0.0181008656661113
v 0.0836073663024459 -0.0512000158727168 -0.025955894351116
v 0.0813974794433095 -0.0512000158727168 -0.0256554868407286
v 0.0825676303528045 -0.0512000158727168 -0.0177402686201915
v 0.0840496476579547 -0.0512000158727168 -0.0179506973011873
v 0.0880457813729555 -0.0512000158727168 -0.0261948885676977
v 0.0870292986848373 -0.0512000158727168 -0.0181760960662665
v 0.0792144221243029 -0.0512000158727168 -0.0252368274007501
v 0.0985048465764942 -0.0512000158727168 -0.0248297014634025
v 0.100107667592743 -0.0512000158727168 -0.0243749513989122
v 0.077056927746753 -0.0512000158727168 -0.0247001302354445
v 0.0806135666233259 -0.0512000158727168 -0.01735141710053
v 0.101118323926964 -0.0512000158727168 -0.0154872216055149
v 0.0749277381242582 -0.0512000158727168 -0.0240463154918239
v 0.0786845666464153 -0.0512000158727168 -0.0168453250679326
v 0.0767904800894014 -0.0512000158727168 -0.0162233429405851
v 0.104238843078044 -0.0512000158727168 -0.0139343971539113
v 0.111100127299874 -0.0512000158727168 -0.0190870676854084
v 0.112903592447113 -0.0512000158727168 -0.0177865255653364
v 0.107181397664964 -0.0512000158727168 -0.0120676405209573
v 0.0702929481053448 -0.0512000158727168 -0.0221574008247456
v 0.0718090816182858 -0.0512000158727168 -0.0228514580303076
v 0.110284497358998 -0.0512000158727168 -0.00955998659282358
v 0.116293137156373 -0.0512000158727168 -0.0148950911706601
v 0.117473547515121 -0.0512000158727168 -0.013720096032352
v 0.118611139388135 -0.0512000158727168 -0.0125024556190543
v 0.0705285950631971 -0.0512000158727168 -0.0131743147436079
v 0.114004043176681 -0.0512000158727168 -0.00554289295844803
v 0.0649894684928038 -0.0512000158727168 -0.0191114329547746
v 0.121391822664624 -0.0512000158727168 -0.00902584404619661
v 0.12263487750363 -0.0512000158727168 -0.00718193183233452
v 0.114901465589522 -0.0512000158727168 -0.004348164950813
v 0.0692811443817369 -0.0512000158727168 -0.0123498965482797
v 0.0631838873807225 -0.0512000158727168 -0.0178122487034716
v 0.116770741713703 -0.0512000158727168 -0.0014021922878819
v 0.117479403671339 -0.0512000158727168 -8.41492356091868e-05
v 0.0657728448709963 -0.0512000158727168 -0.00956367928807
v 0.0643398151321759 -0.0512000158727168 -0.00817302888472503
v 0.118323748149194 -0.0512000158727168 0.00171943846530991
v 0.127264392511599 -0.0512000158727168 0.00290362890372614
v 0.119059574923079 -0.0512000158727168 0.00357396764366691
v 0.119532940100144 -0.0512000158727168 0.00499179009072835
v 0.128514123070671 -0.0512000158727168 0.00832179374605852
v 0.128907394508109 -0.0512000158727168 0.0116312757015766
v 0.120891642848591 -0.0512000158727168 0.0118230527791171
v 0.120996696032659 -0.0512000158727168 0.0133132317967356
v 0.120936666706131 -0.0512000158727168 0.0173004979530135
v 0.128961008884886 -0.0512000158727168 0.0171986820097298
v 0.127485138308591 -0.0512000158727168 0.0259604019538884
v 0.126044568582375 -0.0512000158727168 0.0301703576569677
v 0.119221647399182 -0.0512000158727168 0.025574316463201
v 0.12682211115609 -0.0512000158727168 0.0280841925277428
v 0.123614748039514 -0.0512000158727168 0.0351759499528794
v 0.120535050618612 -0.0512000158727168 0.0397993645889369
v 0.119130072315112 -0.0512000158727168 0.0415281829891172
v 0.0577298054606518 -0.0512000158727168 0.0278987419265727
v 0.0508141133752297 -0.0512000158727168 0.0327897219027352
v 0.113086146568818 -0.0512000158727168 0.0472597265741746
v 0.0592827485662092 -0.0512000158727168 0.031020219593565
v 0.0600437732031106 -0.0512000158727168 0.0323078852434033
v 0.103802902166482 -0.0512000158727168 0.0437984836915959
v 0.0629944861756016 -0.0512000158727168 0.0363184037381975
v 0.100193855907162 -0.0512000158727168 0.0454882945639828
v 0.0657690078220747 -0.0512000158727168 0.0391780269370271
v 0.0672814085942201 -0.0512000158727168 0.0404782170170479
v 0.0688720851643671 -0.0512000158727168 0.0416856622387031
v 0.0629264325739504 -0.0512000158727168 0.0472328485956596
v 0.0675409868164149 -0.0512000158727168 0.0503288303673011
v 0.0705286695690014 -0.0512000158727168 0.0427923904780811
v 0.0749353228151363 -0.0512000158727168 0.0451053159664459
v 0.086529275330993 -0.0512000158727168 0.0477790769193894
v 0.0843875538322142 -0.0512000158727168 0.0556509718618753
v 0.084541862803508 -0.0512000158727168 0.0476285639649973
v 0.0777327028423699 -0.0512000158727168 0.0461665211431139
v 0.0796424132665463 -0.0512000158727168 0.0467303514694054
v 0.076737536264863 -0.0512000158727168 0.0542282085140683
v 0.0885259414793725 -0.0512000158727168 0.047808987285224
v 0.0900188664342728 -0.0512000158727168 0.0477490249924761
v 0.0815887358429576 -0.0512000158727168 0.0471787834394313
v 0.0763242451178089 -0.0512000158727168 0.0456644226230553
v 0.0788984728105718 -0.0512000158727168 0.0547839102542034
v 0.0715118109096936 -0.0512000158727168 0.0523399178333242
v 0.089947564379554 -0.0512000158727168 0.055767934840591
v 0.0731283111916124 -0.0512000158727168 0.0442591122661482
v 0.0718146472018673 -0.0512000158727168 0.0435524244595945
v 0.0932743155969472 -0.0512000158727168 0.0554757043451503
v 0.0949231513979339 -0.0512000158727168 0.0552251263345017
v 0.093482358154305 -0.0512000158727168 0.0473589459892497
v 0.0954399236565858 -0.0512000158727168 0.0469694444062132
v 0.0983165108043748 -0.0512000158727168 0.0461680708643976
v 0.0968880631725191 -0.0512000158727168 0.0465973250335371
v 0.100858134757174 -0.0512000158727168 0.05375360264563
v 0.0643386528416287 -0.0512000158727168 0.0377900242846495
v 0.0565300086916243 -0.0512000158727168 0.041063002108294
v 0.105524895216715 -0.0512000158727168 0.0427923383239994
v 0.109894191252571 -0.0512000158727168 0.0494951697236436
v 0.0544961827733483 -0.0512000158727168 0.0384102555249697
v 0.0532674293234781 -0.0512000158727168 0.0365602869183743
v 0.11747856175575 -0.0512000158727168 0.0297038822373317
v 0.124413643976743 -0.0512000158727168 0.0337034204352899
v 0.119680670208918 -0.0512000158727168 0.024152383855409
v 0.0447380458249594 -0.0512000158727168 0.0226885752453321
v 0.128826347094187 -0.0512000158727168 0.0188592046399705
v 0.128631216392715 -0.0512000158727168 0.0205174138641603
v 0.0553466851559284 -0.0512000158727168 -0.00995654387805099
v 0.0440251742893797 -0.0512000158727168 0.0152509263626593
v 0.0440455441762764 -0.0512000158727168 0.0135235934224835
v 0.0550267535069573 -0.0512000158727168 0.0143104336706496
v 0.0551168272990705 -0.0512000158727168 0.0123174967563685
v 0.0441260998518897 -0.0512000158727168 0.0117991717976521
v 0.0554775061724154 -0.0512000158727168 0.00935048457810026
v 0.0454072793109584 -0.0512000158727168 0.00385862508705308
v 0.0563727902686725 -0.0512000158727168 0.00546573565123987
v 0.0443429527206065 -0.0512000158727168 0.00951231217424493
v 0.0445888442265506 -0.0512000158727168 0.00779822124853604
v 0.0561040888107406 -0.0512000158727168 0.0231879394013949
v 0.0454888445402201 -0.0512000158727168 0.026057617162111
v 0.0466918152565109 -0.0512000158727168 0.0299005627298716
v 0.0488026578246959 -0.0512000158727168 0.0316869722747299
v 0.0480462152947593 -0.0512000158727168 0.0315387466493479
v 0.0473185767087665 -0.0512000158727168 0.0315071487264423
v 0.0688020199059998 -0.0512000158727168 -0.0214087718233048
v 0.0733580423886031 -0.0512000158727168 -0.0234773982799243
v 0.0753988457754522 -0.0512000158727168 -0.0156793963579281
v 0.0740309639119151 -0.0512000158727168 -0.0150803070784627
v 0.072250521058206 -0.0512000158727168 -0.0141804172703516
v 0.0668657928660716 -0.0512000158727168 -0.0203128934955588
v 0.0680698513671053 -0.0512000158727168 -0.0114774956664973
v 0.0668996408529669 -0.0512000158727168 -0.0105418952136123
v 0.061451649782398 -0.0512000158727168 -0.0164174082784586
v 0.058998251877765 -0.0512000158727168 -0.0141504864154135
v 0.0620494471032304 -0.0512000158727168 -0.00554299354131982
v 0.0629967138991503 -0.0512000158727168 -0.0067029021801836
v 0.0442535457554418 -0.0512000158727168 0.0192707450478019
v 0.0496923763373714 -0.0512000158727168 -0.00113190294474821
v 0.0600437024225965 -0.0512000158727168 -0.00268949588594788
v 0.0490421530073406 -0.0512000158727168 -0.00067672837164451
v 0.0568318428807301 -0.0512000158727168 0.00404370991115928
v 0.0483325336501187 -0.0512000158727168 -0.000331655226783677
v 0.0558663668662384 -0.0512000158727168 0.00739519126924491
v 0.044893960396336 -0.0512000158727168 0.0060975208832945
v 0.0552671464845438 -0.0512000158727168 0.0108307124106726
v 0.0441084494268501 -0.0512000158727168 0.0175494703630051
v 0.0551618437060309 -0.0512000158727168 0.017794974526566
v 0.0550567942472526 -0.0512000158727168 0.0163048262426027
v 0.0556574004369072 -0.0512000158727168 0.0212490294591038
v 0.0444587012128828 -0.0512000158727168 0.0209858133968805
v 0.0553266281934098 -0.0512000158727168 0.019277880843761
v 0.0450765331444925 -0.0512000158727168 0.0243801500432667
v 0.0459598963120609 -0.0512000158727168 0.0277206785785413
v 0.0565205464544777 -0.0512000158727168 0.0246262372149548
v 0.0495273124532264 -0.0512000158727168 0.031949094963884
v 0.0569939637856052 -0.0512000158727168 0.026044191211374
v 0.0502049576445312 -0.0512000158727168 0.0323209833684842
v 0.0585741648396671 -0.0512000158727168 0.0297023287907564
v 0.0513465467539463 -0.0512000158727168 0.0333490036480473
v 0.0524143453147788 -0.0512000158727168 0.035125721846945
v 0.0611519874374877 -0.0512000158727168 0.0339661391710916
v 0.0620494471032304 -0.0512000158727168 0.0351609184014854
v 0.0554904441053328 -0.0512000158727168 0.0397568217594649
v 0.0595593625405581 -0.0512000158727168 0.0443203821362293
v 0.0579994233399766 -0.0512000158727168 0.0427319699744728
v 0.0612057321994223 -0.0512000158727168 0.0458244052685611
v 0.0647202939230146 -0.0512000158727168 0.0485450825432534
v 0.0661159440998158 -0.0512000158727168 0.0494633259314959
v 0.0694983064495415 -0.0512000158727168 0.0513880648647404
v 0.0735723657852637 -0.0512000158727168 0.0531808092678752
v 0.0751467479360095 -0.0512000158727168 0.0537336276323525
v 0.0830609556348419 -0.0512000158727168 0.0474334257431581
v 0.0821735915055824 -0.0512000158727168 0.0553931071809599
v 0.0805325192094042 -0.0512000158727168 0.0551185271168711
v 0.088279111200294 -0.0512000158727168 0.0558085293425837
v 0.0866104792071038 -0.0512000158727168 0.0557885096258076
v 0.0915068740060891 -0.0512000158727168 0.0476290557034816
v 0.0916139462974542 -0.0512000158727168 0.0556518286789312
v 0.096563113557628 -0.0512000158727168 0.0549145599540644
v 0.0987270824895719 -0.0512000158727168 0.0543919797810779
v 0.102949378573537 -0.0512000158727168 0.0530012017864974
v 0.102022489115094 -0.0512000158727168 0.0446983539419264
v 0.107004468731484 -0.0512000158727168 0.051156962678302
v 0.105003965534183 -0.0512000158727168 0.0521330635695682
v 0.108464342911595 -0.0512000158727168 0.0503523257810909
v 0.111745131498313 -0.0512000158727168 0.0482567487027713
v 0.106772345898175 -0.0512000158727168 0.0419679238539628
v 0.107983653813967 -0.0512000158727168 0.0410955127276287
v 0.109153849426945 -0.0512000158727168 0.0401599243819412
v 0.11438728613286 -0.0512000158727168 0.0462167641502145
v 0.116051827757394 -0.0512000158727168 0.0447406881550718
v 0.113056791281922 -0.0512000158727168 0.0363209071341174
v 0.114004043176681 -0.0512000158727168 0.0351610227096487
v 0.114901078159339 -0.0512000158727168 0.033966999713439
v 0.121845667320961 -0.0512000158727168 0.037995310200664
v 0.122755941985044 -0.0512000158727168 0.0366013210047696
v 0.116770443690485 -0.0512000158727168 0.0310208193655042
v 0.125156846825255 -0.0512000158727168 0.0322065722144785
v 0.118119341475086 -0.0512000158727168 0.0283533187650061
v 0.118705433934062 -0.0512000158727168 0.0269772258697057
v 0.120187153215995 -0.0512000158727168 0.022222734987905
v 0.127903145673057 -0.0512000158727168 0.0243429176168956
v 0.120576036261559 -0.0512000158727168 0.0202672437729362
v 0.12826171230685 -0.0512000158727168 0.0227127691512871
v 0.120786343795368 -0.0512000158727168 0.0187873158263334
v 0.121026736772954 -0.0512000158727168 0.0153077798996109
v 0.129020539022525 -0.0512000158727168 0.0155300959859346
v 0.129019451237782 -0.0512000158727168 0.0138570833844582
v 0.120726850910631 -0.0512000158727168 0.0103400393597901
v 0.128741142256385 -0.0512000158727168 0.00997637174231237
v 0.120396037688941 -0.0512000158727168 0.00836873707617099
v 0.12785194528434 -0.0512000158727168 0.00504797819747729
v 0.128212747092262 -0.0512000158727168 0.00667959116832535
v 0.119949323238077 -0.0512000158727168 0.00642980012551622
v 0.125954148338271 -0.0512000158727168 -0.00076399117245965
v 0.126559865626101 -0.0512000158727168 0.000791053145452431
v 0.125293505371509 -0.0512000158727168 -0.00229408738750141
v 0.124563043015533 -0.0512000158727168 -0.00379519291805938
v 0.12377758047482 -0.0512000158727168 -0.00527052432055406
v 0.116009709626221 -0.0512000158727168 -0.00268986562113396
v 0.120048877893787 -0.0512000158727168 -0.0108013925035483
v 0.113059033906632 -0.0512000158727168 -0.0067003354543074
v 0.111714889592346 -0.0512000158727168 -0.00817194389356183
v 0.11463709664411 -0.0512000158727168 -0.0163871086196573
v 0.108772141290335 -0.0512000158727168 -0.0108601422138976
v 0.109699343673156 -0.0512000158727168 -0.0199946977180323
v 0.108266172373307 -0.0512000158727168 -0.020851578103905
v 0.105524865414393 -0.0512000158727168 -0.0131743389580029
v 0.102925179088299 -0.0512000158727168 -0.014641084960465
v 0.106302594252619 -0.0512000158727168 -0.0218969396156216
v 0.0997292451621029 -0.0512000158727168 -0.0160463971800179
v 0.104284038298935 -0.0512000158727168 -0.0228342807109823
v 0.102214997212255 -0.0512000158727168 -0.0236618803052919
v 0.0983208321410244 -0.0512000158727168 -0.0165484826615561
v 0.0968798824352065 -0.0512000158727168 -0.0252275737765462
v 0.0929925346450698 -0.0512000158727168 -0.017815398437475
v 0.0946960875087373 -0.0512000158727168 -0.0256488856241065
v 0.0944647246346324 -0.0512000158727168 -0.0175607598590397
v 0.0930441820686133 -0.0512000158727168 -0.0258831021542786
v 0.0915116647293058 -0.0512000158727168 -0.0180105329340226
v 0.091385504050878 -0.0512000158727168 -0.0260570937586486
v 0.0897167975518835 -0.0512000158727168 -0.0261561995523315
v 0.0900195220853507 -0.0512000158727168 -0.0181310982696647
v 0.0885300989032526 -0.0512000158727168 -0.0181909730180613
v 0.0514150473904233 -0.0500022191561695 -0.00959539548898222
v 0.0512210938806594 -0.0498951691782616 -0.00932752467497036
v 0.0516441750903991 -0.0500932317539655 -0.00992798393040237
v 0.0527122828503195 -0.0503281076607415 -0.0114474344263551
v 0.0531785662506848 -0.0504601915978484 -0.0120233048949281
v 0.0534805569019796 -0.0506143702391232 -0.0124371354257382
v 0.050551610800216 -0.0492510550938306 -0.00824023873217858
v 0.050923506522399 -0.0496344546493124 -0.00879064962699332
v 0.0505033235884467 -0.0491724328157214 -0.00819699647921852
v 0.0508347105048296 -0.0495728308765343 -0.0087519000756395
v 0.0502051923378148 -0.0487083434453216 -0.00768389018829863
v 0.0499241117404979 -0.0482700666200541 -0.00719631192336917
v 0.0496460672547064 -0.047687553956652 -0.00670780373253718
v 0.049667007111006 -0.0475917729856752 -0.00673782492579529
v 0.0494449760888901 -0.0472000250518356 -0.0063465095914366
v 0.0494953569137604 -0.0471306489473472 -0.00641823216393846
v 0.0499293569491209 -0.0481838931759782 -0.00720276645663659
v 0.0502245936492555 -0.0487934849836389 -0.00770630247357105
v 0.0531700763142844 -0.0504565370868403 -0.0120083627505312
v 0.0473377135246019 -0.00499492166393551 0.0315090188227992
v 0.0466304448255058 -0.0060915920817968 0.0315090188227992
v 0.0484531473714161 -0.00500000203028336 0.0315090188227992
v 0.0467719946778126 -0.00490060566385973 0.0315090188227992
v 0.0463658858902933 -0.00787916112364931 0.0315090188227992
v 0.04602514477018 -0.00965345322642667 0.0315090188227992
v 0.0432131653305931 -0.0304771018882777 0.0315090188227992
v 0.0428778668594843 -0.0309543974172133 0.0315090188227992
v 0.039739045357577 -0.0392515120380929 0.0315090188227992
v 0.0404488733310509 -0.0393538234451524 0.0315090188227992
v 0.043558626393409 -0.0405820893212664 0.0315090188227992
v 0.042730006365553 -0.0401151501028328 0.0315090188227992
v 0.0333284579218528 -0.0389247592658818 0.0315090188227992
v 0.03228921743581 -0.0360438423005669 0.0315090188227992
v 0.0326895110453034 -0.0365373055948185 0.0315090188227992
v 0.0324508056241843 -0.0340302551639154 0.0315090188227992
v 0.0318060286684481 -0.0356307521714519 0.0315090188227992
v 0.0314002439811775 -0.0353866114645973 0.0315090188227992
v 0.0334553562077432 -0.0390825812422901 0.0315090188227992
v 0.0332737520350427 -0.0382524670761859 0.0315090188227992
v 0.0311116457482064 -0.0352523109790198 0.0315090188227992
v 0.034150916319693 -0.0323256660599597 0.0315090188227992
v 0.0329252474101209 -0.0369536143758306 0.0315090188227992
v 0.0331075109591896 -0.0373928225239849 0.0315090188227992
v 0.0332223467553632 -0.0378565132881891 0.0315090188227992
v 0.0332821041357051 -0.0387539993519292 0.0315090188227992
v 0.0336515970456993 -0.0391897802318599 0.0315090188227992
v 0.0353644445084537 -0.0309883106088156 0.0315090188227992
v 0.0466772381958989 -0.0441647171036276 0.0315090188227992
v 0.0391353397264633 -0.0392054525334001 0.0315090188227992
v 0.0365340887784794 -0.0296071047508664 0.0315090188227992
v 0.0418469821993942 -0.0397382213787689 0.0315090188227992
v 0.0419780416344549 -0.0312778160534894 0.0315090188227992
v 0.0416892459611024 -0.031229711363737 0.0315090188227992
v 0.0426360470957453 -0.0311202101439909 0.0315090188227992
v 0.0418013175919363 -0.0215463449775071 0.0315090188227992
v 0.045386793940065 -0.0421468011781979 0.0315090188227992
v 0.0458778616962321 -0.0239544013734737 0.0315090188227992
v 0.0462332506574715 -0.0433100309144763 0.0315090188227992
v 0.046069945110308 -0.0237333090454233 0.0315090188227992
v 0.0462131527167605 -0.0234771170204128 0.0315090188227992
v 0.0498147446703602 -0.0462000152394177 0.0315090188227992
v 0.0449762148042875 -0.0217222159914628 0.0315090188227992
v 0.0452694472982864 -0.0217481067677177 0.0315090188227992
v 0.0446100299520045 -0.0148895442115462 0.0315090188227992
v 0.046934745156734 -0.0448403173522177 0.0315090188227992
v 0.0473125901673906 -0.0468504809459371 0.0315090188227992
v 0.0472570460902821 -0.0462448155955675 0.0315090188227992
v 0.0471326139465141 -0.0455325547528588 0.0315090188227992
v 0.0473191466781694 -0.0512000158727168 0.0315090188227992
v 0.0474667464017856 -0.0462000152394177 0.0315090188227992
v 0.0474667464017856 -0.0512000158727168 0.0315090188227992
v 0.0456241955096088 -0.0114130471914035 0.0315090188227992
v 0.0458324466832186 -0.0427099162485124 0.0315090188227992
v 0.0456360456577833 -0.0241202085123139 0.0315090188227992
v 0.0447142859239669 -0.0414624800220952 0.0315090188227992
v 0.043301640973204 -0.030099431831196 0.0315090188227992
v 0.0453646396391553 -0.024233373556297 0.0315090188227992
v 0.0445963655874951 -0.0242041952102515 0.0315090188227992
v 0.0443338443860303 -0.0240705075351335 0.0315090188227992
v 0.0425966447011392 -0.0199204060913473 0.0315090188227992
v 0.0438810651626951 -0.0224318970697749 0.0315090188227992
v 0.0437850458073984 -0.0227098075445072 0.0315090188227992
v 0.0380058205573455 -0.0276941898929935 0.0315090188227992
v 0.0406392319357572 -0.0236646165319339 0.0315090188227992
v 0.0437480164226594 -0.0230010228980012 0.0315090188227992
v 0.0441048656976631 -0.0221138093257033 0.0315090188227992
v 0.0443333451971415 -0.021929908445817 0.0315090188227992
v 0.0433347848802486 -0.0182705601466816 0.0315090188227992
v 0.0445941974685899 -0.0217966361407065 0.0315090188227992
v 0.04400094500182 -0.0165925062944185 0.0315090188227992
v 0.0455503230046415 -0.0218333824165307 0.0315090188227992
v 0.0457994443372022 -0.0219857077252606 0.0315090188227992
v 0.0484531473714161 -0.0100000031292438 0.0315090188227992
v 0.0460130375769806 -0.0221860781190783 0.0315090188227992
v 0.0451465462487969 -0.0131609046253601 0.0315090188227992
v 0.046212381581686 -0.0225208123284298 0.0315090188227992
v 0.0463016432605323 -0.0230994190236444 0.0315090188227992
v 0.0498147446703602 -0.0100000031292438 0.0315090188227992
v 0.0462870438481789 -0.0228052085357462 0.0315090188227992
v 0.0430130427402328 -0.029186081613401 0.0315090188227992
v 0.0439307456330049 -0.0236518089795937 0.0315090188227992
v 0.0427994457751642 -0.0289857093569376 0.0315090188227992
v 0.0430699465482699 -0.0307333106771003 0.0315090188227992
v 0.0441569452548716 -0.0410034160699929 0.0315090188227992
v 0.0423646410771173 -0.0312333751879739 0.0315090188227992
v 0.0414148485344315 -0.0311228979418424 0.0315090188227992
v 0.0411055674901856 -0.0308870106184113 0.0315090188227992
v 0.0411570472756694 -0.0395212119702546 0.0315090188227992
v 0.0408074101625222 -0.0303853721718588 0.0315090188227992
v 0.0409307470709669 -0.0306518106112707 0.0315090188227992
v 0.0407480178606213 -0.0300010245296782 0.0315090188227992
v 0.0393752968450947 -0.0257118374633217 0.0315090188227992
v 0.0407850472453604 -0.0297098110388299 0.0315090188227992
v 0.0411048857620762 -0.0291137904682767 0.0315090188227992
v 0.0408810591500766 -0.0294319136026181 0.0315090188227992
v 0.0415942063571323 -0.0287966359097377 0.0315090188227992
v 0.0413333466351035 -0.0289299100774939 0.0315090188227992
v 0.0419762162422495 -0.0287222176231398 0.0315090188227992
v 0.0425503058161524 -0.0288333765976245 0.0315090188227992
v 0.0438074236257211 -0.02338540220516 0.0315090188227992
v 0.0422694450109582 -0.0287481102620404 0.0315090188227992
v 0.0432123941955186 -0.0295208493503764 0.0315090188227992
v 0.044105573502804 -0.0238870164373174 0.0315090188227992
v 0.0432870452861409 -0.0298052101674231 0.0315090188227992
v 0.0449780327459125 -0.0242778144218125 0.0315090188227992
v 0.0825140979324121 0.0170995184740282 0.0579884805491618
v 0.0684336185060387 0.00297047879488396 0.0555754564769167
v 0.0684817418050385 -5.15211761685444e-08 0.0556206442633874
v 0.071250556306902 1.98202651463727e-07 0.0564682933768056
v 0.0680877402107186 0.00921013328772683 0.055324945521516
v 0.0682736321924569 0.00661158224583496 0.0554480254289526
v 0.0678425043558523 0.0118428014809333 0.0551782584415431
v 0.0675279483006617 0.0144749965621131 0.0550188606668103
v 0.0726618825049287 0.00491288189649295 0.0567349199434406
v 0.0671567603836196 0.0170999059043491 0.0548478623341986
v 0.0880264322155778 0.0170992036868924 0.058315915049726
v 0.076812682819084 0.0171002337300053 0.0570891504661057
v 0.0880267153376341 -3.90144509831613e-08 0.0588028255561456
v 0.0780762491060152 1.64779264190846e-07 0.0579798006198562
v 0.0711515902470451 0.0171002002023813 0.0558469445490211
v 0.078863075102947 0.00822554431966973 0.0578910790763618
v 0.0758362544513596 0.00469356187589628 0.0574695846895157
v 0.083502134304447 1.67676190528374e-07 0.0586423250951147
v 0.0850372369951638 0.00924172003475777 0.0585368360143652
v 0.0818853509004719 0.00853741455214867 0.0582905122866639
v 0.088026573776606 0.00927624138020522 0.0586340400467132
v 0.0880267451399559 0.0355183414990072 0.0569481444557427
v 0.0903170461136775 0.0314360254602186 0.0572544155750258
v 0.0880267525905363 0.0249107377304348 0.0578338176199858
v 0.0906654278040221 0.0170999338440357 0.0582421505517947
v 0.0880267451399559 0.0171002262794222 0.0583029696615986
v 0.10221560815985 0.0402655214961461 0.0539783867376039
v 0.121505593027796 0.0322177853420368 0.0417422196149767
v 0.0880267451399559 0.046924018201084 0.0556673668699757
v 0.115116280724491 0.0599533147953324 0.0415035923396124
v 0.123264272736068 0.0621619060433275 0.022435359728268
v 0.0880267376893754 0.0549958346397562 0.0545248162270773
v 0.0917575934881522 0.049167925212949 0.0551500132810303
v 0.090220233271565 0.0652388702016191 0.0526273464279602
v 0.0899124944974681 0.0683934321828445 0.0519596288962846
v 0.0912037843941808 0.0718024092250123 0.0501107965036112
v 0.0880247632855614 0.0730808845806029 0.0493990609270107
v 0.0880266035789277 0.0722878147136467 0.0504271482618217
v 0.0880265365237038 0.0712891385556028 0.0510945156160919
v 0.0880269239538862 0.0696280236040061 0.0517711924739392
v 0.0899921486528494 0.0702360805915491 0.0513304644068336
v 0.0895457322252017 0.042426779189739 0.0561779925823864
v 0.0895230005043086 0.0540632488790559 0.0546164733003111
v 0.0880267227882146 0.0636378367520998 0.0531110457330659
v 0.0909240672530827 0.058516231426817 0.0537926735033798
v 0.093611916297409 0.0313655913729307 0.0569616896158093
v 0.0934997999630925 0.021749364053615 0.0576993830239125
v 0.0903745422428588 0.0239591436696136 0.0578411713455005
v 0.09204076769857 0.0671931134439196 0.0519600908324364
v 0.0899588445583256 0.0713900567036236 0.0507392382865019
v 0.0898468548838764 0.0727152472152195 0.0493136660688682
v 0.0918664688199815 0.0359967769671563 0.0567066189035545
v 0.0940692701771286 0.0440071186447122 0.055538747454008
v 0.091819045875542 0.0421124353636726 0.0560430848742866
v 0.0942600869925313 0.0639897426928394 0.0522713575676847
v 0.0944491678226937 0.0670431034038863 0.0515258037944163
v 0.0931234636949731 0.0694076502572243 0.0510796666039837
v 0.0931733900344371 0.0707458420363208 0.0503724833336542
v 0.0911588424930247 0.0721723902803401 0.0496917161056878
v 0.0932087057856772 0.0720564368556337 0.048895818742447
v 0.0916595214979469 0.0723596457852648 0.0491296366664235
v 0.0965111755614477 0.0299617078026863 0.0565993938369439
v 0.0929254645200354 0.062539322780584 0.0528046628550364
v 0.0946772598919897 0.0500484947277721 0.0546157878466664
v 0.0928972491719456 0.056888573318608 0.05383063794954
v 0.0952915602484754 0.0555152259631781 0.0536462956226054
v 0.0973774694492501 0.0563785138505125 0.0530240937030566
v 0.0966949590289242 0.0662529392643371 0.0511205591293002
v 0.0965722628703965 0.0682218229024191 0.0505311919294508
v 0.0964326240919701 0.0695315162011775 0.0499901119586395
v 0.0954180338512813 0.0170999431572646 0.0576843179448946
v 0.0966190078120168 0.0217001343258152 0.0571936523445951
v 0.0995600871840113 0.0170999375693272 0.0567799736194156
v 0.0991330050125804 0.0416887169777726 0.05476343977715
v 0.0963589229503527 0.0408383446762333 0.055527329435415
v 0.103365299775483 0.0580157422327069 0.050613114815871
v 0.102858757163762 0.0554639286985695 0.0513537586548799
v 0.098952700966165 0.0690080084305956 0.0492197067654581
v 0.0957633161001669 0.0707009299214246 0.0494601296313482
v 0.0982573755474988 0.0701918539302976 0.0487303003137017
v 0.0947470494788812 0.0717540921936417 0.0485890558846796
v 0.0988008208840915 0.0297930489531664 0.0560975300102528
v 0.0997063942319229 0.0512629248710788 0.0532380148448781
v 0.0976059862016306 0.0490420401609771 0.0541507671533797
v 0.0969934739844482 0.0626632632303681 0.0518824557565873
v 0.0967566274831465 0.0710539683507946 0.0486123315062682
v 0.0982546337339004 0.0710622086956976 0.0476009819063799
v 0.0965111234073847 0.0714063213265198 0.0481457312893654
v 0.104046126364632 0.0171000623665941 0.0553019790991259
v 0.102608812542064 0.0219408887426531 0.0555457808044496
v 0.102009487852243 0.0458347839308129 0.0533082887446294
v 0.10177382599323 0.0509796089983111 0.052591226001116
v 0.100893487761317 0.0359086328438518 0.0549147648450995
v 0.100079020110988 0.0569318388546402 0.0521072882773513
v 0.0997829712975864 0.0611372944055302 0.0513345808539935
v 0.100826834868786 0.0636072819108276 0.0503347647567362
v 0.0986524947288833 0.0658359897331789 0.0505732020422315
v 0.100307238840151 0.0701895144472058 0.0475346344639196
v 0.10064860208373 0.0273204239414534 0.055799916468526
v 0.103914109529986 0.0344372507160588 0.0540142165917074
v 0.103579638073305 0.0618545247871632 0.0495602915451848
v 0.101626148038519 0.067169837822331 0.0488051898496803
v 0.109897603618409 0.0171000474654279 0.052536475391243
v 0.103928317786867 0.028454000357014 0.0545752007952567
v 0.10776333270006 0.0230354222401505 0.0533090077258981
v 0.105030660963865 0.0407685215367592 0.0528276814315081
v 0.0998647563189708 0.0670285971186005 0.0497213955034464
v 0.1018103487385 0.0703564373108646 0.0461584782386629
v 0.099946191163075 0.0707268206976795 0.0469741718011869
v 0.105792192240235 0.0171000456027821 0.0546025742375475
v 0.106184398244671 0.0278374683312004 0.0536869422786797
v 0.103291971162887 0.0645861991225037 0.0488932147636553
v 0.109903727995522 0.0225544330846456 0.0522136490763229
v 0.106607032419585 0.0363165857959229 0.0526646179698926
v 0.107778785203873 0.0411289062410607 0.051497834305478
v 0.104771358413146 0.0462344481091909 0.052169623580815
v 0.104476129163592 0.0512687437764759 0.0514618368132548
v 0.10627612979093 0.0598508692777772 0.0486650518322479
v 0.101588090473681 0.0687811679776875 0.0479915228457581
v 0.10673192649934 0.0558357910261288 0.0494256446074933
v 0.107128237773593 0.0513585382039359 0.0501629319588179
v 0.108378609082582 0.0577163554522035 0.0479973082235314
v 0.108507228452552 0.0690147214059642 0.0419338858650937
v 0.107279544160974 0.0692745902937321 0.0428971307752296
v 0.103045982799398 0.0692002185732785 0.046705790622233
v 0.106549908819426 0.0679662306493476 0.045067142903959
v 0.104639162764569 0.0697914968476918 0.0446347259622957
v 0.103519303272979 0.0700152900121141 0.0452784451658227
v 0.104668234929409 0.0693392762561622 0.045313436829328
v 0.108527039545917 0.0308826576152381 0.0522960488000613
v 0.111265783505163 0.026537505493964 0.0511412754755957
v 0.109305118561423 0.0488107852375853 0.0494421513743402
v 0.107477111202246 0.0464497140812611 0.0508573821826382
v 0.109332290828253 0.0622639306029378 0.0458312039256352
v 0.106933151775604 0.0637733628585966 0.0469884322172306
v 0.104561736332737 0.06692204632976 0.0472185993554906
v 0.10422733938186 0.0656225305275092 0.0479929794347532
v 0.106033039703228 0.0627202005863795 0.0479367126312203
v 0.104956468083939 0.0677374455942518 0.0464641197836745
v 0.107412551922817 0.0660838110280823 0.045613147710196
v 0.110519250247199 0.0546940375956216 0.0473653944689183
v 0.109974404201485 0.0586753274529345 0.0466167002748755
v 0.105770004411714 0.0695648724616935 0.0439284032343137
v 0.11329997077659 0.0171002504938172 0.0504418780646004
v 0.113648121498941 0.0284285417145786 0.049407997901433
v 0.110439692949363 0.0409304189821204 0.050046267003426
v 0.113047023570978 0.0401080459718517 0.0484762875842464
v 0.11073756715497 0.0352803065449989 0.0505921265232926
v 0.111421664548928 0.0453836958279137 0.0487322821688049
v 0.109847856092875 0.0645881437246914 0.0443704537799187
v 0.107961398930222 0.068144113320739 0.0436302718770618
v 0.115042706242741 0.0378446594104851 0.0473170811628393
v 0.113959831432407 0.0445124283660847 0.0471005560422261
v 0.111001012228408 0.0502482821134625 0.0480762061732151
v 0.109938015566663 0.0663901939061118 0.0431919876012112
v 0.112377544215825 0.0631905558971622 0.042726493795898
v 0.113872369068735 0.0222085751547334 0.0497300530810027
v 0.115550336639205 0.0292239007731908 0.0479380202085535
v 0.113375243990678 0.034465559206528 0.0489821374728933
v 0.121472728517518 0.0239951430244825 0.0426781842151105
v 0.122295697280117 0.0170999599210765 0.0421049661541193
v 0.117382255553107 0.0290959444591186 0.0464259802488116
v 0.113495965745392 0.0493562461512563 0.0464786484207096
v 0.115673494733719 0.0502119791473325 0.0444514155411197
v 0.111985479772417 0.0606261806799267 0.0442947186027588
v 0.11387176557172 0.0633017856521863 0.0410255703788251
v 0.1119592164764 0.0678213317093175 0.0394782407322541
v 0.112812009912462 0.0680805896492716 0.0377947293278739
v 0.1101855089474 0.0671623276345713 0.0423020378022717
v 0.109505256052944 0.0688133246943252 0.0410986680495694
v 0.10977299266071 0.0682225679607286 0.0416450342090865
v 0.120007832646196 0.0390570704457731 0.0425255664709941
v 0.112361130587137 0.0577930964580812 0.0450523795735564
v 0.112964188017753 0.0537989431690549 0.045790415708482
v 0.110798192527932 0.0685550278795903 0.0399166516680172
v 0.116229591155882 0.0171003585272721 0.0482416910743365
v 0.119630088218376 0.0171002598070461 0.0452073740536802
v 0.120333586923774 0.0262231467667314 0.0438356546506565
v 0.119338755622386 0.0237611798141357 0.0450755508869816
v 0.117621404283762 0.0228342956121488 0.0467292525083989
v 0.116682288422833 0.0404410795856118 0.0455868173495385
v 0.117069509988961 0.034963768522211 0.0460448642970484
v 0.118772124079494 0.0350591322605345 0.0444895215483587
v 0.116217692578935 0.045523424063276 0.0450551698169255
v 0.117007118828437 0.0551290510654934 0.0415840027576644
v 0.114346196181786 0.0583181539499468 0.0430544945407775
v 0.115048554948379 0.0544895935954968 0.0437811946135242
v 0.115615134337208 0.0670401827753131 0.0349807707528332
v 0.112143834408884 0.0667329505308108 0.0404609689171832
v 0.112991434790387 0.0652556787170813 0.040711725741826
v 0.118110572141919 0.0429060453979032 0.0438251418779096
v 0.11730474716489 0.0575539737189412 0.0401632585178762
v 0.123584774354442 0.0292763174879094 0.0391597655578615
v 0.119839471880211 0.0349262995398266 0.0433612238709209
v 0.118273918667275 0.0465422875762155 0.0428778263144306
v 0.117681657127702 0.0510375298312911 0.0422711774870925
v 0.11821774874141 0.0622807614701493 0.0359724172857269
v 0.115391430659785 0.0651984656894954 0.0375924422715552
v 0.114069489075182 0.0676664862408557 0.0364917676309418
v 0.123909619661207 0.0219290944696139 0.0394587798092101
v 0.125219506206674 0.0170998258105808 0.0377388760317028
v 0.122155604016285 0.0365285809620143 0.0401714839616129
v 0.119752702420519 0.0566911179654263 0.03728977723449
v 0.11663704849846 0.0606073307046966 0.0393371602160601
v 0.117411543784779 0.0650384048128671 0.0346519392679386
v 0.122453478221892 0.0240942469555197 0.0413932305775188
v 0.120609541521755 0.0428697089041493 0.040982666196073
v 0.120037105976707 0.047584735909942 0.0404945151675681
v 0.122076463950953 0.0451562667789411 0.0382671111972584
v 0.119201933163363 0.0529632894944196 0.0397795236861551
v 0.121541460121988 0.0492860020538374 0.0377689577609486
v 0.116268133008449 0.0633593190548453 0.0379496157745428
v 0.115012412182711 0.0663799791566887 0.0368767653364975
v 0.11858058455779 0.0594366615611979 0.0374168357532993
v 0.120063883362774 0.0595021335601446 0.0350381551438303
v 0.12615285531835 0.0345055055077914 0.0333295725273358
v 0.125051495617969 0.0446864218331005 0.0327924227391071
v 0.124542807239084 0.0375733836799989 0.0359811195667818
v 0.122657773137293 0.0405009748231119 0.0385763886268203
v 0.120831285696524 0.0533325701949365 0.0372577434524734
v 0.119832498136928 0.0620779789500547 0.033374056233704
v 0.121692297122801 0.0603222788460678 0.03125372086776
v 0.118321751393638 0.0655078809548445 0.0321764122541102
v 0.117128816609187 0.0662457792539829 0.0334493481011698
v 0.125071001237536 0.0244608677978717 0.0372608205432916
v 0.125807178188702 0.0295575024939119 0.035111521035566
v 0.124083158580592 0.0340778271369765 0.0375611311960988
v 0.126527306589621 0.0414675873968068 0.0302867935069294
v 0.125635844641124 0.0398541748034753 0.0330744496609993
v 0.124006924241628 0.0426583172352885 0.0356577344581297
v 0.12339500807088 0.0472736479886881 0.0352950810512757
v 0.12439992745817 0.049036146749749 0.0324863714120253
v 0.122708973526011 0.0514280968477102 0.034893949108028
v 0.122925830120018 0.0562341401765905 0.0318046095312157
v 0.121865016478339 0.0556955188982006 0.0343021194904657
v 0.121531059111707 0.0632932174816272 0.0278403628827325
v 0.119629656084711 0.0646149807249994 0.0306317908944942
v 0.118749235896412 0.064432150866433 0.0329158900768647
v 0.12628927544603 0.02212521244313 0.0352059161980872
v 0.127006244800847 0.0368527334807253 0.0305409701492128
v 0.127285656468147 0.0273400804423036 0.0321616153960837
v 0.121454094615861 0.0590786647687783 0.0328037848783269
v 0.122971368067608 0.0592076120104022 0.0293341265621425
v 0.12019676446475 0.0634781409540432 0.0311298567864526
v 0.121034984565491 0.0636388649325669 0.0286768920008814
v 0.126006704732627 0.0455820974051485 0.0300229683595381
v 0.123690542794232 0.0528859040131042 0.0321544889133534
v 0.125338298261056 0.04975317969093 0.0298008161860425
v 0.124012482374629 0.0563004317396776 0.0291265644929925
v 0.1204330596231 0.0640604114734948 0.0295588137965362
v 0.128910985687876 0.0226940681877192 0.0286382551395969
v 0.127452191841928 0.0170994104405733 0.0332861617049332
v 0.127571818361318 0.0216041950299477 0.032410211551629
v 0.122757655618543 0.062025809967224 0.0261270472833269
v 0.123759110485933 0.0612718370350583 0.0229275340716441
v 0.122520227971968 0.0613582153701694 0.0280432683374481
v 0.121413310138585 0.0625315145695005 0.0294834828135092
v 0.127526220809084 0.0312680669655097 0.0306700254242916
v 0.127377611531819 0.0466340526829042 0.0254729401043198
v 0.124642473653501 0.0534332946277968 0.0295002633892847
v 0.124376487932136 0.058074691246154 0.0264029330621031
v 0.12187074597469 0.0630764651182296 0.0272306090248895
v 0.12908605942683 0.0171003585272721 0.029014811334506
v 0.13008336432092 0.0287896677518981 0.0232176951676302
v 0.122467842940961 0.0626533241525195 0.0257680167225028
v 0.12219984556288 0.0628220947607857 0.0264678313661515
v 0.130296868153733 0.017100095894218 0.0251885494849408
v 0.123507787506855 0.060348348436317 0.0263615990897382
v 0.129339006632441 0.0297464381053246 0.025745270092314
v 0.129588481867573 0.0346992728223412 0.0231142512719403
v 0.128630679950924 0.0369549554807877 0.0257391773779881
v 0.128051278113174 0.0420657127570843 0.0255542483176348
v 0.128383246174831 0.0447681919825673 0.0228931757077019
v 0.126407084023796 0.0512868412428135 0.025761652061894
v 0.126159739654668 0.0556154735587203 0.02252964871998
v 0.125507411535665 0.055097270603302 0.0256985717001208
v 0.122929249936435 0.0623610638547464 0.0240504170378177
v 0.122670863807109 0.0625249804081263 0.0251174299440082
v 0.130493399564326 0.0223622825466275 0.0233013428640369
v 0.1305812419076 0.0296736906119857 0.0202052549215864
v 0.130494070116565 0.0347913806558522 0.0167722497489375
v 0.124251429939612 0.0600868292443935 0.0236205817231968
v 0.13109001224287 0.0272266341388087 0.0170188212085268
v 0.129018810487865 0.0400211721729649 0.0230068026878368
v 0.12768836034041 0.0489546038430666 0.0227750876909388
v 0.126945179843639 0.0525681478199802 0.0226523393344499
v 0.127615016826653 0.0514410161587968 0.0205831354576406
v 0.125684645942943 0.0577010668556927 0.0212863736442214
v 0.125082147305859 0.0578830361719116 0.024037629974581
v 0.125448596653748 0.0587088550768617 0.0201598473429144
v 0.131102424909867 0.0170998686514336 0.0215193440643708
v 0.129100543355186 0.0448562616000409 0.0185558727757184
v 0.129052114582389 0.0432388927470859 0.0207490860202054
v 0.128387194982459 0.0489968896274219 0.0184988478753556
v 0.126536530408193 0.0558977463498547 0.0197736109779192
v 0.124014844208626 0.0612853263157517 0.0207763700554991
v 0.124939394184813 0.060005863757901 0.0189025931106238
v 0.123780620311635 0.0618498085680641 0.0187434225786754
v 0.123557721296899 0.0619850515524032 0.0206244359023816
v 0.131545659939671 0.0171009284968789 0.0182486274926956
v 0.131002408318169 0.0232617132125554 0.0202613689881658
v 0.131701779402009 0.017101347592178 0.014809018309456
v 0.1300726354851 0.0355021215796095 0.0201456800591594
v 0.129459393111036 0.0437832397985843 0.0148090145841644
v 0.129750964125598 0.0401356578328015 0.0186061120575275
v 0.127619040140086 0.0525629398623969 0.0184335584156948
v 0.127136093516588 0.0548248065048121 0.0168860797574618
v 0.131652963199029 0.0171015357194011 0.0163964684146703
v 0.130277779766671 0.0372638119524047 0.0148090192407789
v 0.130948555522819 0.0299963753658269 0.0148090043396127
v 0.129605439388632 0.0425171845650129 0.0163427366720355
v 0.128449034800031 0.0495794916978211 0.0162575914084267
v 0.128267285341012 0.0505543632428767 0.0148089968890296
v 0.127041739366017 0.0552980116636286 0.0148090248287162
v 0.125864249634798 0.058492218197502 0.0148092297197513
v 0.126503196511348 0.0567716475928078 0.0168241523734226
v 0.125879970359507 0.0583748677884654 0.0167516861395955
v 0.125277590931709 0.0596389374416421 0.0161902120602077
v 0.123957661003822 0.0617352670288543 0.014809487696191
v 0.1239032643161 0.0617788268629188 0.0170186647462818
v 0.124473911721844 0.0610189009148603 0.0166442636325329
v 0.0684801250290852 8.27378478906853e-08 0.0556335896515149
v 0.0726668371409149 -0.00245254010233484 0.0567814004060783
v 0.0789073091989622 1.90140930356875e-07 0.0581035659809376
v 0.0827512499075114 -0.00499993590635839 0.0585238533733223
v 0.0854391734576421 -0.00499997083096665 0.0587361726397784
v 0.0684383645257728 -0.00250795893637923 0.0555709339729781
v 0.0683481230955999 -0.00499914009095156 0.0554612464886546
v 0.0779792872522941 -0.00499958945424448 0.0578307517050422
v 0.0756753964198674 2.11756997657244e-07 0.0575359619343084
v 0.0837130751375923 2.56367919582717e-08 0.0586443665548827
v 0.0880266482824103 -0.00499999644234604 0.0588140945630767
v 0.0880266482824103 1.65830668840316e-07 0.0588023747958684
v 0.0303056885233744 -0.0393401292734239 0.0186090662137246
v 0.0234371604747218 -0.0416761999981731 0.0186089525923324
v 0.0233402097968713 -0.0415044789590013 0.0315090262733823
v 0.0270195597331328 -0.0401045255713394 0.018609021510226
v 0.0276314684533003 -0.0397022313371289 0.0315089405916767
v 0.0253265885563215 -0.0405150415239952 0.0315089331410936
v 0.0299759668117177 -0.0391650442959847 0.031508929415802
v 0.0330001629963485 -0.0388888921588629 0.0315090299986738
v 0.0329635433935331 -0.039124721740275 0.0186089823946648
v 0.0330084070635947 -0.0380066015593449 0.0186090140596429
v 0.0330061905159167 -0.0389094371417471 0.0316090168238077
v 0.0329762168308452 -0.0391380471081403 0.0186090140596429
v 0.0323246784733684 -0.0363957072630994 0.0316090130985162
v 0.0329835742790202 -0.0378691830047421 0.0316090168238077
v 0.0324728183640659 -0.0366301063325573 0.0186090159222887
v 0.0632809684437305 0.0187620266846637 0.0557530746526082
v 0.0580367172203209 0.029236123454758 0.0537107617928342
v 0.0565040955728874 0.031350936075983 0.053076478752797
v 0.00527109054242624 0.0455840569085025 0.0443476065668581
v 0.00736303936996232 0.0471506574882486 0.0429263370609617
v 0.0133368733151958 0.0459979107223848 0.0450331011897983
v -0.00501965627030313 0.0463631941850712 0.0399882033427693
v -0.0028791648157873 0.0475402931817808 0.038219434916034
v 0.0167649421818942 0.0453042130074571 0.0459441286883134
v 0.0247908955486667 0.042393851337751 0.0482117807085019
v 0.0296207194115065 0.0411498982589307 0.0490561515653582
v 0.0376592903362378 0.0395922644559393 0.0500932950839212
v 0.0419781273161299 0.0376615650562189 0.0509703181211911
v 0.0475900386067477 0.0362292314344264 0.0516268113494342
v 0.0606457652007253 0.0262570301560013 0.0542765478971882
v 0.0638971537970651 0.0153276664372144 0.0554143487933636
v 0.0642304555126186 0.0126849697591622 0.0555136836924767
v 0.0641770646532544 0.0145120734575622 0.0551344676394027
v 0.0644608498112676 0.0104379195325541 0.0555823221892387
v 0.0644589052097752 0.0101050731146942 0.0558874496440167
v 0.0646881297672966 0.00803380542636759 0.0555607043223887
v 0.0649279341490292 -1.79616009712504e-06 0.0559387953374154
v -0.0162457019184748 0.0447012447681678 0.0333049110972916
v -0.0162578482272214 0.044741992007114 0.0315073945956845
v -0.0162286046990321 0.0444415286173534 0.0360102662478492
v -0.0128418884163674 0.0459302668784659 0.0316011043045609
v -0.0144058369605431 0.0454032796855788 0.0315299475107128
v -0.0162125524234948 0.044004123510308 0.0387648064227079
v -0.00984194945897288 0.0468336053752271 0.0319004836344812
v -0.0113637640394921 0.0463868162587737 0.0317148225543387
v -0.0115392140327571 0.0462162724117309 0.0332871563577764
v -0.0123244418801866 0.0456645790853009 0.0357009515653718
v -0.0145291235775698 0.0452523159709094 0.0336479508441481
v -0.0146980636261838 0.0448500776160721 0.0364938053654183
v -0.0149530290077697 0.0442224516720302 0.0395175611845375
v -0.0161923110591106 0.0432806905182485 0.0421401403569105
v -0.0161656063162029 0.0421224675738099 0.0467025570691698
v -0.0149759926279787 0.0435339581893943 0.0425567434359548
v -0.00819882266524096 0.0473001012839666 0.0321862768261279
v -0.0122682272508393 0.0450972246332054 0.0387057121228905
v -0.0146039683832833 0.0425672748351601 0.04687834240142
v -0.0123130890582558 0.0431042942381846 0.0471374103515052
v -0.00588110588384191 0.0479033824477458 0.0327633095856637
v -0.00694104641062672 0.0476302254450281 0.0324717496427015
v -0.00940791217071026 0.0465244620561609 0.0353847935223217
v -0.00483662484578888 0.048166689779612 0.0330976656779231
v -0.00792725273384344 0.0466940634044422 0.0364762033628565
v -0.0104922621959689 0.0456243794642122 0.0382949204986602
v -0.00834374949312781 0.0460284320360331 0.0386881622744104
v -0.00870622302503397 0.0437085663295154 0.0475498634557656
v -0.0103312551528681 0.0434732620142115 0.0473645451024455
v -0.0119716587594527 0.0440093091161421 0.0435360741549927
v -0.0025370306699642 0.0486754379450829 0.0340026172259243
v -0.00381739731727402 0.0484002879113873 0.0334677100632072
v -0.0104073777331254 0.0447580070354765 0.0417402340345819
v -0.00741075195571599 0.0454761016847486 0.041139880949959
v -0.00769072940146793 0.0445600748449767 0.0440536251843901
v -0.00179616904993725 0.0485876030209768 0.0354846238852106
v -0.00539123906810799 0.0476466875083763 0.0352447523624695
v -0.00127275378392444 0.0485238744584743 0.0363235371899499
v -0.0022567440251244 0.0486433669101507 0.0346093964384666
v -0.00611331346750312 0.0466770798002774 0.0383125150506389
v -0.00422367118171598 0.0476740497747925 0.0365443426705512
v 0.000160074527289917 0.048335866444657 0.0381457151216013
v -0.000699669398095407 0.0484508885464764 0.0371297536107772
v -0.00561728595307583 0.0452359246881005 0.0427319140950996
v -0.00653471457135579 0.0439235864323434 0.0477979715981182
v -0.00894322226323447 0.0442230141910538 0.044808641198189
v -0.002662338722594 0.0470357210681347 0.0396746343773447
v -0.00526019779383701 0.044576462402494 0.0449294002489916
v -0.0037887270181166 0.0458852318289487 0.0417775130270974
v -0.00316006077840793 0.0444749817354496 0.0457169902120815
v -0.00374595346869637 0.0440274959894768 0.0481167336199599
v -0.00145679522774828 0.0440067125879335 0.0483782826142157
v -0.00293733335985247 0.0441683492628864 0.0471733780413959
v -0.00338305059709291 0.0450215751377511 0.0440135894761295
v 0.000852582142258101 0.0482418177342497 0.0388441029785872
v -0.00129197686351144 0.0469564468640047 0.0405714349874401
v -0.0020826174412083 0.0457768817242907 0.0426411808941696
v -0.00129491006389463 0.0448993483220788 0.0447091200344986
v 1.13680041255248e-05 0.0439915096731283 0.0476506586691653
v 0.00157607995176139 0.0481315044009463 0.0394926464346681
v 0.000666925319464693 0.0472555915005575 0.0408477398615154
v 0.0037167499873769 0.047791903098188 0.041036627044138
v 0.00263697624831703 0.0479691189423923 0.0403169975747484
v 0.0018145616226369 0.0463436326791555 0.0427381278814008
v -0.000499917241280892 0.0452233928073349 0.0441204680906262
v 0.00234256376864249 0.0437362303445469 0.0481059377250554
v 0.00285156204510718 0.0437389088291695 0.0477667648308251
v -0.00146455896538739 0.0444767437983515 0.0458087255164378
v 0.00280304689214277 0.0444480590534361 0.0458218571691426
v 0.000132844838604076 0.0459055793713809 0.0430215108094163
v 0.00482668670281729 0.0476043085917324 0.0416871188276982
v 0.0036137387280076 0.0464099354181173 0.0430494542213138
v 0.00607627337255471 0.0473847734355489 0.0423343994099445
v 0.00628344840295364 0.0441093406447746 0.0462930730222727
v 0.00301186640534107 0.0450134651780522 0.0448658169728595
v 0.00190959168055079 0.0441533475138247 0.0465348667954523
v 0.00657750046079986 0.0433676947023395 0.0477486487380298
v 0.00120670217651796 0.0446873010019057 0.0453414808240973
v 0.00641505638699861 0.0432154867402932 0.0484055741000924
v 0.00871213971721825 0.0468980268419574 0.0434819940975981
v 0.0035497300930382 0.0435610485095274 0.0489474438327117
v 0.0106783301976698 0.0432136911497674 0.0474077137808975
v 0.00776358303956139 0.0448265225976175 0.0454454984146855
v 0.0101905686365687 0.0466139323832563 0.0440284906423194
v 0.0116545387732715 0.0437603218049843 0.0467233777236286
v 0.010105169152353 0.0454530384047782 0.0450551921686748
v 0.0123845019403585 0.0447698683637636 0.0458589163694568
v 0.0108802623477521 0.0424250208521286 0.0497830490785569
v 0.0143428693113582 0.041904277247875 0.0494056546930497
v 0.00934668423205587 0.0429400312326907 0.0481308971784234
v 0.00938787569728784 0.0427348943283381 0.048871172213569
v 0.016783011702083 0.0415636999187313 0.049370633227212
v 0.0140679931848947 0.0427009904499647 0.0478588093343798
v 0.0112997439958214 0.0427149938208916 0.0481856887665034
v 0.0126074186502231 0.0421626075902338 0.0494727136661955
v 0.0181381288586977 0.0416336236410772 0.0489129550835653
v 0.0173701006761918 0.0413195815636261 0.0499343368935909
v 0.0150102941689576 0.0434732918165439 0.0470736370855041
v 0.0203200350630278 0.0430844905883182 0.0475856672328283
v 0.0165123228018214 0.0424084544806171 0.0480699551339984
v 0.0160510201144738 0.043976727716268 0.046742406512853
v 0.019793759589037 0.0409820515229682 0.0497908535643489
v 0.0154553965004819 0.0420186027201751 0.0487204022140601
v 0.0194084882123364 0.0447596461637574 0.0465625755139824
v 0.0233375629781734 0.0439334994331512 0.0473851832176185
v 0.018513960349993 0.0422953360027784 0.0481288892462793
v 0.0170808263030466 0.0413205352382622 0.0504886640011449
v 0.0201453059134194 0.0414289002440864 0.0489489115975814
v 0.0248699182673565 0.0408452662679285 0.0492236704756646
v 0.0207149437655151 0.0422034889396757 0.048198015756234
v 0.0225024888850195 0.0411312867023596 0.0490892992095476
v 0.0250278538086748 0.0398360698865546 0.0507847948768359
v 0.0252421269139175 0.0401938282603152 0.0499155688747748
v 0.0217253560932276 0.0406528475089189 0.0499254595238333
v 0.0219119130392693 0.0404305295599494 0.0505939221138185
v 0.0275807542149558 0.0398595988279684 0.050004703925631
v 0.0237203141960435 0.0419886029473434 0.0483911572218038
v 0.0229199542197598 0.0405392894466776 0.049824381188276
v 0.0272568867968722 0.0405735137001241 0.0493595318584005
v 0.0245263701410661 0.0398762434306024 0.0513377734288497
v 0.0268268355691399 0.0395626707398863 0.0506816676309274
v 0.0326163686972182 0.0407157490566978 0.0493953244595885
v 0.0273488660749305 0.0430533210739406 0.0481186633209815
v 0.0284622845397383 0.0392829497734619 0.0507105200139625
v 0.029031523785781 0.03896377796955 0.0513856806781501
v 0.0299374007447649 0.0395395068770442 0.0501007084141006
v 0.0326901182676084 0.0385582352811101 0.0508540815743271
v 0.0303604968556655 0.0389392953535 0.0507967679638694
v 0.0292970680602554 0.0388560462632889 0.0518813754220386
v 0.0310753390697691 0.0397518522205411 0.0498673859538999
v 0.0343417778385783 0.0414207195038481 0.0492892989368562
v 0.0310371194548063 0.042215249685091 0.0487566083226099
v 0.0332452572901866 0.0380603835934156 0.0516418130984959
v 0.0353102117335009 0.0377213373590979 0.0515114837737079
v 0.0316406146070228 0.0383907759754685 0.0516249636048267
v 0.036217874969143 0.0373102067333368 0.0520928006185233
v 0.0366658411175202 0.0371326556128932 0.052720888498717
v 0.0325408794162975 0.0381308065048288 0.0522505108361851
v 0.0346434332137537 0.0383375452845468 0.0508149138589971
v 0.034647091448745 0.038791382652608 0.0504262206642264
v 0.0385996988728715 0.0372186092647678 0.0514310249268658
v 0.037521566356982 0.0406181315169881 0.0497867110401481
v 0.0400958052256156 0.0370227557869515 0.0514188432235056
v 0.0405462449666957 0.0374836972859937 0.0510583877386646
v 0.0373456618783107 0.0390015039970511 0.0502987896162623
v 0.0365377954422435 0.0385464112057384 0.050530111594902
v 0.0407966701508318 0.0360943684298252 0.0526170273703738
v 0.0385543732668232 0.036692788088135 0.0524075281496191
v 0.0373990005836119 0.0373318432266445 0.0515366332169448
v 0.0418037949099294 0.0360652403752156 0.0521468098953784
v 0.0466040399684605 0.0343226234951434 0.0531874700891621
v 0.0454539795490961 0.0349988384168388 0.0525348213617959
v 0.0455937412620996 0.0354421294845292 0.0520616981593935
v 0.0457375151126648 0.0357054554428531 0.0518687206066518
v 0.0453558554048278 0.0364439199863067 0.0515016937075211
v 0.0431838435713093 0.0390468072675598 0.0506606607118913
v 0.0406178860228241 0.0397833458352833 0.0502602328487461
v 0.0418293019720328 0.0358676062080396 0.0525386472362151
v 0.042527257445591 0.0355297930452241 0.0533886581844744
v 0.0475546222726719 0.0376479528409044 0.0513236881015087
v 0.049981466308651 0.0367623206548683 0.0516850339310295
v 0.0453626875870825 0.0383753718949198 0.0509922712642802
v 0.0497721832296516 0.0347418193771047 0.0521529379999739
v 0.0496910277823135 0.033447761126971 0.0530357650414748
v 0.0474465143506269 0.0339136423626052 0.0539491394736648
v 0.0502092007500863 0.0328407956498514 0.0542637477954311
v 0.0498358894176216 0.0330792105835974 0.0536161989921934
v 0.0452230078304638 0.0353341891619414 0.052213023227343
v 0.0547564538995231 0.0346565400030002 0.0524213117283447
v 0.0495547901938536 0.0340336079263081 0.0525307682445923
v 0.0558895009184747 0.0340540336998629 0.0525978644706536
v 0.0536104912993954 0.0352181575061126 0.052244658403164
v 0.0535305987254403 0.0326885131819742 0.0528112007417022
v 0.0523823413465401 0.0326408704283737 0.0530219516604168
v 0.0550165983658306 0.0311809305335688 0.0534160092750158
v 0.055226589249971 0.033205270724272 0.0526491691858453
v 0.05211920919748 0.0358916455143953 0.0520196768707381
v 0.0524917046913875 0.0319048943796738 0.0539739499153709
v 0.0526955115937707 0.0316916214385816 0.054546847601289
v 0.0553232493551846 0.0302793801767504 0.0548465733833232
v 0.0524817209136108 0.0321206185626043 0.0535293885232629
v 0.05247166635532 0.0342728200724454 0.0523242157294516
v 0.0592290783100789 0.0319158281103656 0.0531283869652193
v 0.0581358434676571 0.0326895637141906 0.0529524786983481
v 0.0570345992512725 0.0333892032691365 0.0527714891338062
v 0.0585135431919953 0.0294477088387793 0.0535009682740473
v 0.0552300016158081 0.0306212688085188 0.0538911888383525
v 0.0553640487336215 0.0303439692816003 0.0543042901433422
v 0.0616849647085757 0.0297813534003532 0.0535429932879942
v 0.056251412862881 0.0306361699747086 0.0534132562845623
v 0.0576277623110772 0.0290287122599157 0.0540992948000684
v 0.0595709221160958 0.0269692481578572 0.0547377017378486
v 0.0577205220374356 0.0286630842077611 0.0546363030272182
v 0.0602687844573986 0.0310905512353358 0.0533004544565051
v 0.0585902245657848 0.0278703924578969 0.0552189870540315
v 0.0606441260730306 0.0255361713404011 0.0554537363008949
v 0.0594827556725728 0.0276987142595779 0.0540326158066603
v 0.0608099089381872 0.0255573589360772 0.0547073108094044
v 0.0634071663750605 0.0277572087874561 0.0538612598460601
v 0.0625846073943845 0.028797703205766 0.0537082323198735
v 0.060058547704104 0.0301318344170758 0.0533389702458143
v 0.0601647892557512 0.02901040245196 0.0534899339604837
v 0.060941713431291 0.0268323381055506 0.0539107577948513
v 0.0641346857517664 0.0266782023051286 0.0540126482439659
v 0.0610656277597191 0.0249678408619201 0.0551416090232992
v 0.0618230798433041 0.0235231765251056 0.0555878207195627
v 0.0620698803200607 0.0230862557059614 0.055217649674366
v 0.0609870613890806 0.0304533233523303 0.0534217983780806
v 0.0624978900887552 0.0227392075453998 0.0547071282701186
v 0.0616920129576628 0.0242830875719979 0.0546942424866559
v 0.0646251425603381 0.0258293089443336 0.0541162262501516
v 0.0624920376578271 0.0248019759810609 0.0540766822803753
v 0.0619644173540686 0.0244653046201047 0.0543625760548938
v 0.0644544423120974 0.0211196295945572 0.054337869921351
v 0.0634599984408924 0.0218874922762576 0.0544009502831242
v 0.0650752023218163 0.0249495310539643 0.0542154531158098
v 0.0655866623166213 0.0237580170416119 0.0543355751417577
v 0.0654669985443288 0.0224015061413307 0.0543471347214295
v 0.0660088867096115 0.0225487520150357 0.0544516589516682
v 0.0636829049062088 0.0184868822389054 0.0549100486260004
v 0.0628671557560462 0.0212481949937975 0.0550047343612623
v 0.0626693502961998 0.0213588529165691 0.055683285040758
v 0.0635889307352403 0.0249091302671321 0.0540249342554895
v 0.0635094255914676 0.0204437648502672 0.0546504293327662
v 0.0629051984197238 0.0208102646206439 0.0552129669828908
v 0.0648470804501986 0.0174305329797695 0.0545743216264515
v 0.0663675725526914 0.0212736536362328 0.05456093292863
v 0.0666652977466898 0.0199500296097327 0.0546601337172474
v 0.065821102280444 0.0165368560266367 0.0546246465899662
v 0.0642471969668457 0.0156164165790269 0.0548970548090829
v 0.0634394199377436 0.0184399230763039 0.0552471800604627
v 0.0658820927318471 0.0191944138239946 0.0545236949143215
v 0.066962292783806 0.0183195402799476 0.0547671874204468
v 0.0642570987882377 0.0172234440226461 0.0547237058175048
v 0.0674907550031532 0.0147923457671355 0.0549986174325414
v 0.064616380677752 0.0132503945102361 0.0549596099047479
v 0.0644078538326662 0.0123859489885533 0.0552445835322541
v 0.0638596401245981 0.0151709844000196 0.0558191389729109
v 0.0650729969500089 0.0147150012640271 0.0546938252540026
v 0.0652065411536432 0.0119343561086495 0.0548699160601596
v 0.0667655080534785 0.0150034049537257 0.0548218150956988
v 0.0679126962740871 0.0111918021263997 0.0552042870535852
v 0.066798476871883 0.00914707807167159 0.0550211628969866
v 0.0660687968268523 0.00937250384511455 0.0549369787585971
v 0.0659582749167479 0.0122805642159672 0.054805941628415
v 0.0649137109909876 0.0106301604088922 0.0550490243524701
v 0.0652047753660812 0.00792102967535124 0.0550981162444826
v 0.0646769166437489 0.0100096367331856 0.0552791058090245
v 0.0648442343284742 0.00601702618052134 0.0555296651932153
v 0.0655820727590762 0.00861577512852667 0.0549799984253872
v 0.0657607525789578 0.00642888510077996 0.0550304574993975
v 0.0649442658213326 0.00727777427062197 0.0552885755001381
v 0.0653387219010588 0.00480919399420664 0.055181074761953
v 0.0670996665857816 0.00596215868962597 0.055161531882495
v 0.0649397582201722 0.00340525361326608 0.055594824267672
v 0.0647517949770743 0.00620033986132745 0.0559204892547512
v 0.0683102219929505 0.00595417399285543 0.0554758198291883
v 0.0681370556025874 0.00858959191688532 0.0553565695214624
v 0.0650793150422139 0.00419177907429634 0.0553603730441324
v 0.0648817405503608 0.00296251901100064 0.0559357368730549
v 0.0672011509418239 0.00280800835311663 0.0552498324680445
v 0.0663257673458965 0.00488900091502794 0.055080257196804
v 0.0658537879767921 0.00412306979699494 0.0550944878105153
v 0.0664747118992804 0.00189837888667004 0.0551696120398615
v 0.0653624445491491 0.00161389851104773 0.0552976279585985
v 0.0650889635438712 0.00150703002468742 0.0555002316646988
v 0.0654094577116649 7.93582539741851e-07 0.0553121752220913
v 0.0650755226967748 2.34680137179983e-07 0.05551920457455
v 0.0684310257040489 0.00297562575081822 0.0555719174499466
v 0.0656658619865964 0.00227545487616537 0.0551766826432185
v 0.0670722260980564 -2.96065067360716e-07 0.0552652179221355
v 0.0661825671900244 -9.37238753980259e-07 0.0551914124459972
v 0.0684861898015555 4.58333009780587e-08 0.0556148551603227
v 0.0587228039192534 -0.0242714683876613 0.0552337876373496
v 0.0614328854955841 -0.0242639414360897 0.0555425472513864
v 0.0619939365537338 -0.023144657101551 0.0556065105072563
v 0.0604700507118549 -0.0212393697781215 0.0554328746682291
v 0.0624694027944796 -0.0219425837503072 0.0556606315428579
v 0.0628520087260312 -0.0206825672143342 0.0557042137286717
v 0.0631630928107413 -0.0193232139166024 0.0557396561524542
v 0.0609070421552582 -0.0200715765596975 0.0554826929920933
v 0.0603843988392272 -0.0258618046625021 0.0554231069537917
v 0.0611783475910504 -0.0191881758232984 0.0555135309555232
v 0.0570757823346015 -0.0259953079356885 0.0550461447021039
v 0.0576980324604064 -0.0285985751966795 0.0551169960220451
v 0.055166138965649 -0.027421014263818 0.0548285466975251
v 0.0637714848569457 -0.0157381758706099 0.0558090099051933
v 0.0614505210194628 -0.017760048055663 0.0555445849858629
v 0.0634257108697517 -0.0179264382026304 0.0557696335735366
v 0.0541202078583797 -0.0280480665129616 0.0547094118738372
v 0.0556021692841767 -0.030089882046314 0.0548782420867682
v 0.052910021254942 -0.0286921656962264 0.0545715164819163
v 0.0619478286367403 -0.014532432175869 0.0556011572633026
v 0.0515140842307943 -0.029334933087763 0.0544124726098805
v 0.0499123398234179 -0.0299961108701271 0.0542299444999294
v 0.0517274167002577 -0.0321693006725465 0.0544367354337291
v 0.0641308338016839 -0.0130700065802791 0.0558499732110492
v 0.0493899461018313 -0.0331690720663053 0.0541704404180418
v 0.0644393027326629 -0.0102455724854068 0.0558851027103418
v 0.0626611397565655 -0.00780814356257281 0.0556824058719528
v 0.0623579160342094 -0.0112180281788938 0.0556477569352699
v 0.047697822428544 -0.0307918852987468 0.0539776752069184
v 0.0309001572973995 -0.0351937940993922 0.0520638290261586
v 0.0646740258185419 -0.00737033426139456 0.0559118614795272
v 0.0648298025541805 -0.00456234220642845 0.0559296087684593
v 0.0454001900836789 -0.0315183618540006 0.0537158170134641
v 0.0445527685161067 -0.0348913004257382 0.0536193505888426
v 0.0436203171993727 -0.0322133261680545 0.0535130084163287
v 0.0431352024569695 -0.0324913372256585 0.0534578144967615
v 0.0628276453280238 -0.00504242145947287 0.0557015277934659
v 0.0629200623276824 -0.00252940776812519 0.0557117164658482
v 0.0649155512843539 -0.00168966546960117 0.0559393280541067
v 0.0416303453975099 -0.0326928121684199 0.0532863281509571
v 0.0421341089427303 -0.0356341943408417 0.053343731168412
v 0.0420498168010311 -0.0327256170857869 0.0533341199162195
v 0.0629481435653245 -4.47363162510132e-13 0.0557152294157775
v 0.0413558473880032 -0.0326375102153979 0.0532550282513753
v 0.0649407640485303 4.473821581295e-05 0.0559421220227673
v 0.0629189670923591 0.00259875011215894 0.0557118952798425
v 0.0384153566118628 -0.0333712734409185 0.052920087288343
v 0.0649020880855162 0.00224481249054171 0.05593781931103
v 0.0648046940981301 0.00512098459857876 0.0559267402939678
v 0.0347947470517145 -0.0342062118595767 0.0525075261506276
v 0.0335137724836077 -0.0379024722100102 0.0523615841289642
v 0.0623711631662147 0.0110158221476662 0.0556494891958394
v 0.0397469466981234 0.0343560132832833 0.0530717252807824
v 0.0445052971428945 0.0329136549019366 0.0536138930367255
v 0.0484704066409831 0.0335217156147713 0.0540656628679779
v 0.0580656217471006 0.0255987934913139 0.0551588869254963
v 0.0523352685793808 0.0297424818457012 0.0545060072300542
v 0.0557184840205658 0.0300190568034137 0.0548915413775926
v 0.0553156125102435 0.0279688146605809 0.0548455824557716
v 0.0602762275872486 0.022161137292168 0.0554107576123118
v 0.0597615154140857 0.0232278782520755 0.0553521364245209
v 0.0542699458985795 0.0308839614672797 0.0547264774344161
v 0.0533584567898864 0.029190024834504 0.0546225939543236
v 0.0596033433168387 0.0268090196431093 0.0553340799363904
v 0.0507460374218373 0.0305174225813417 0.054324961786139
v 0.0609731437048366 0.0250254077922031 0.0554902292568938
v 0.0604326338969335 0.0258049958290491 0.0554286017588242
v 0.048559869485501 0.0314497308078217 0.0540758552656517
v 0.0506260756263276 0.0326562447065901 0.0543112899661598
v 0.0607024007878669 0.0210154369152662 0.0554593093370499
v 0.041383887647453 0.035855864089082 0.0532583065079371
v 0.0420402279040172 0.0336927661014646 0.0533331029116271
v 0.0438187485079753 0.0351239486081688 0.0535356879912696
v 0.0619183802175892 0.0146783155241906 0.0555978976331986
v 0.0639708921915847 0.0143264300725546 0.055831708106592
v 0.0643469527882282 0.011197356536097 0.0558745787617202
v 0.0360376417032416 0.0353437817876762 0.0526491170317636
v 0.0381326182604001 0.0367509473397739 0.0528878150876673
v 0.0348459846933343 0.0375798880390407 0.0525133152536924
v 0.0625916481928912 0.00865476309853953 0.0556746274632017
v 0.0284149193372972 0.0390573163150152 0.0517806398133036
v 0.0267070656260762 0.0375008485282782 0.051586015681698
v 0.0646299630858766 0.00798703625363497 0.0559068695888536
v 0.0627770484363211 0.00603530991143629 0.0556956790857364
v 0.0217229476931035 0.0385255458477811 0.0510181620405351
v -0.0428302576505341 -0.0109905041349868 0.0436632258060907
v 0.0251153105844119 -0.0397493600004958 0.0514047094673745
v 0.0254787294087101 -0.0364524434533673 0.0514461198082161
v -0.0440376391104397 0.00477816091863195 0.043525699218033
v -0.0471362684562152 0.000562318789246212 0.0431726086345813
v -0.0443098237147227 -0.000424862748897207 0.0434947271441074
v -0.0442812917169646 0.00161150035461406 0.043497915993672
v -0.0435560484925801 0.00788925759506582 0.0435804982566961
v -0.0390282562592275 0.0202703078252342 0.0440965219165591
v -0.000929179697017837 0.041544916998749 0.0484372912323275
v -0.0361152506742948 0.0292400089338421 0.0444284230416888
v -0.034512288097018 0.0267494447806823 0.044610966052806
v -0.0304272540563218 0.0308883107451613 0.0450764226052038
v -0.0349612526231729 0.0305017558677388 0.0445598066239847
v -0.00776122725916156 0.0438200382284901 0.0476589064646514
v -0.0199495251488049 0.0407644609689724 0.0462701960068798
v -0.014015736676401 0.042722876537806 0.0469463103457034
v -0.0144354790947854 0.0395807495797661 0.046898403096403
v -0.0163715552604598 0.0389903802764904 0.0466778956391256
v -0.010222279238203 0.0405830094682786 0.0473784739675415
v -0.00967069321116758 0.0435809266652247 0.0474413494382796
v -0.0159508042197497 0.0421847469979004 0.0467257693608021
v -0.0178040820851012 0.0415817824839027 0.0465146645393904
v -0.0183486599099193 0.0382751242993775 0.0464526160833759
v -0.00817034002757813 0.0409619573003612 0.0476122807156433
v -0.00601570946688117 0.0412750419778846 0.0478577327251226
v -0.0221743932625417 0.0365411165680716 0.0460167010929496
v -0.0251146847356557 0.0382326522504449 0.0456817675805003
v -0.0202857456292421 0.0374572477160067 0.0462318925591887
v -0.0215442548347061 0.0400676153826871 0.0460885247139846
v -0.0230973842047743 0.039322042982961 0.0459114876837746
v -0.0045386551796201 0.041422712534826 0.0480260264960707
v -0.00522684573620164 0.0440011209253208 0.0479476351860375
v -0.00298061285025005 0.041519644620891 0.0482035925176806
v -0.037227465870363 0.0279333200827167 0.0443016066668301
v -0.0358301095106433 0.0251203021437916 0.0444608368034433
v -0.0370759098885382 0.0234072454521485 0.0443189069207765
v -0.0402162513088533 0.0237857089963299 0.0439611224699751
v -0.0382141201597281 0.0216581763671162 0.0441892183461347
v 0.00118522506352012 0.0414753062008931 0.0486782281884512
v 0.00320579034561392 0.0435838882720049 0.0489084288543352
v -0.0418834676917618 0.0140097644585311 0.0437711512275122
v 0.00592876398722618 0.0432168427464165 0.049218678584991
v -0.0423822542492547 0.0125162047388333 0.0437143219049557
v -0.0428295386695225 0.0109981735789601 0.0436633077625047
v -0.0470485155199061 0.00285020775727412 0.0431827116252581
v -0.0441882451432596 0.00318174100986346 0.0435086262068709
v 0.00839103087653907 0.0407898674573261 0.0494991855879318
v -0.0470022548660138 -0.00345691106700114 0.043187923308133
v -0.0468354400954676 -0.00519638356817652 0.0432069930755644
v -0.0431552929471001 -0.0183809070076089 0.0436262373863159
v -0.0410218788455012 -0.016210717927531 0.0438692977586216
v 0.0198939996981474 -0.0376299336056894 0.0508097915831193
v 0.0163793299411389 -0.0414484356729613 0.0504093711705572
v 0.0203225459086329 -0.0407043608404372 0.0508586152541404
v -0.0379592469790751 -0.0220530069797113 0.044218324048995
v 0.0155273448930531 -0.0384859124710076 0.0503123273257458
v 0.0124005281388643 -0.0390754659354344 0.0499560367168549
v -0.0323976941615863 -0.0329782253803288 0.0448519551630114
v -0.0288628929362548 -0.0358135634035605 0.0452547076080822
v 0.00802598968835208 -0.039918320598631 0.049457603883679
v -0.0220222989762808 -0.0398488215595215 0.0460340236986453
v -0.0145927496718003 -0.0425709107197104 0.0468805179716837
v -0.0178580876173509 -0.0415622433297362 0.0465084172254654
v -0.00929585078442442 -0.0406591134493017 0.0474840263782473
v -0.00336524114872726 -0.0440385340283319 0.0481597458361669
v -0.00279265403093429 -0.0410985190379081 0.0482249980429123
v -0.00790652801305376 -0.0438023989730129 0.0476423102908074
v 0.00318569589736251 -0.0406642357251795 0.0489061340747419
v 0.00666772419584423 -0.0431103590128238 0.0493028701739636
v 0.00518441421498929 -0.0403861576123276 0.0491338238941228
v -0.010153899673658 -0.0435086150309969 0.0473863157062489
v -0.0162342559642886 -0.0420967146333423 0.0466935232371672
v -0.0175691559709054 -0.0385733785912505 0.0465414344844505
v -0.0255292499319635 -0.0379866116449012 0.0456345234330953
v -0.0264871859590597 -0.0339554699361001 0.0455253239619646
v -0.0289134209100886 -0.0321658622284482 0.0452489259556006
v -0.0306589056404184 -0.0344476815323917 0.0450500214640069
v -0.0323042489818283 -0.0291373100964616 0.0448626243980033
v 0.0123918081657931 -0.0421629316905984 0.0499550122616794
v -0.0378508484843934 -0.0271506717188644 0.0442306175111016
v -0.0397111801867673 -0.0190035093959991 0.0440186148944271
v -0.0455045168361554 -0.0119456307035179 0.0433586571450447
v 0.0635901973339134 0.0169187822293114 0.0557883680647288
v 0.0371752335762558 -0.0369958815337281 0.052778734825866
v 0.0314101309014087 0.0364602218621184 0.0521219286731329
v 0.032054598658057 0.0382421666450571 0.0521953169166179
v 0.03967608422765 -0.0363322543721715 0.0530636786510399
v 0.0561390022306375 -0.0267480366204773 0.0549393964728114
v 0.059985371828407 -0.0222905483325895 0.0553776211439971
v 0.0594066889716688 -0.0233039785078071 0.0553116723077324
v 0.0609288462788877 -0.0250869086303601 0.0554851293327654
v 0.0579460287553222 -0.0251667956449497 0.0551453194136804
v 0.0595875816139382 -0.0268210523348076 0.0553322843458645
v 0.058681352615029 -0.027741955581215 0.0552290639676674
v 0.0566505590829881 -0.0293908236368495 0.0549977196372784
v 0.0545402231542723 -0.0307266964219577 0.0547572371667235
v 0.0534519764754486 -0.031320206146008 0.0546332929916479
v 0.0469978105947871 -0.0340678284544631 0.0538978384837647
v 0.0439384458078797 -0.0319406124750309 0.0535493262836249
v 0.0426042666449195 -0.0326643770180382 0.0533973343884884
v 0.0291292865768983 -0.0388984996857638 0.0518620188071579
v 0.0143312613070476 0.0418246938445465 0.0501760040068579
v -0.0440486845959278 -0.0162813103397096 0.0435245108500293
v -0.0424102535305121 -0.0199255060154757 0.0437111256048079
v -0.0248025203167832 -0.0350496178659223 0.0457172696089476
v 0.00337994440354535 -0.0435665395892684 0.0489282585812423
v 0.00121104912453782 -0.0408821243024991 0.0486811637181906
v -0.00121749795114628 -0.0439840255624095 0.0484044788643775
v 0.00100184707060054 -0.0438268406108558 0.0486573144017038
v -0.000798160367034527 -0.0410325031463955 0.0484522520031822
v -0.00428945561596483 -0.0410849142731767 0.0480544243935371
v -0.00563693313367076 -0.0439795738390102 0.0479009498323647
v -0.00579044861814875 -0.0410229216965354 0.0478833925333015
v -0.00779926480056509 -0.0408516700440985 0.0476545776758732
v -0.0107797530864236 -0.0404202552058615 0.0473149540213657
v -0.0123458026942805 -0.0431058663112176 0.0471365051056591
v -0.0122642514348572 -0.0401210137117285 0.0471459263679827
v -0.0137373755409412 -0.0397720731030607 0.0469779529721076
v -0.0156645082161315 -0.0392217655850864 0.046758376837717
v -0.0199610567846661 -0.0407605419622645 0.0462688362754649
v -0.018976255827183 -0.0380204149404029 0.0463811240132886
v -0.0203786040757911 -0.0374127416578892 0.0462212978300278
v -0.024044148086515 -0.038827167803213 0.0458036181417262
v -0.0217222492011882 -0.0367662135845354 0.0460682256003425
v -0.0230556702675896 -0.0360676580894299 0.0459163715409933
v -0.026988801874471 -0.037090574719573 0.0454681332861279
v -0.0277202495697088 -0.0330763123067735 0.045384824591252
v -0.0300852500628255 -0.0311928104883136 0.0451154264077057
v -0.031219505938452 -0.0301844895504534 0.0449861215380933
v -0.0340609840886079 -0.0314176597728896 0.044662449581992
v -0.0356289550148934 -0.0297871350528348 0.0444837995005418
v -0.0367632500060671 -0.0284889100641053 0.0443545244332618
v -0.0333690486840376 -0.0280365739885377 0.0447411985200138
v -0.0346925735169823 -0.0265376414671055 0.0445904098940471
v -0.0391898854257942 -0.0253316565597369 0.0440780630969415
v -0.0359558417806963 -0.0249552512391355 0.044446606189732
v -0.0371347173198753 -0.0233152996688198 0.0443121976706995
v -0.0404393850168728 -0.0234375674626991 0.0439357048057467
v -0.0416047004996685 -0.0214564220274887 0.043802961492036
v -0.0387554756085101 -0.0207427586125123 0.0441275759468988
v -0.0403882554086693 -0.0176253061230371 0.0439415237111439
v -0.044829579930837 -0.0141388169396412 0.0434354465797126
v -0.0417712358734486 -0.0143069430724698 0.0437839103510623
v -0.0423944322229682 -0.012480817263101 0.0437129360965
v -0.0431988900184885 -0.00955294020386169 0.0436212864738493
v -0.0460653257504411 -0.00971485906964927 0.0432946715374255
v -0.0436204252327889 -0.00755631944190164 0.0435732600152194
v -0.0465087470447558 -0.00746388238575012 0.0432441267817095
v -0.0438692559927129 -0.00604259192508869 0.0435449254477094
v -0.044062069563671 -0.00455793146123626 0.0435228903482062
v -0.0442406562512972 -0.00252568340790061 0.0435025949598556
v -0.0471066747507457 -0.00171743064958121 0.0431759837487233
v -0.0468439970870919 0.0051180323050274 0.0432060244997621
v -0.0438242544869133 0.00633655188713032 0.0435501259547097
v -0.0466062565161385 0.0068424520672131 0.0432330216876066
v -0.0463105802317585 0.00854337222465595 0.0432667094990703
v -0.0432192524548048 0.0094534628123469 0.0436190214965885
v -0.0458164800893563 0.010763677651922 0.0433229166979384
v -0.045368253170664 0.0124114039056972 0.0433741208302583
v -0.0448630963669031 0.014041219889035 0.0434317250134567
v -0.044085803387632 0.0161832066494529 0.0435202416659159
v -0.0411252593742631 0.0159698908675079 0.0438575370132063
v -0.0434262444803219 0.0177643060639018 0.0435954254999268
v -0.0404752483857745 0.017447306104962 0.0439316256115022
v -0.0427252342687873 0.0192941640931152 0.0436752026184157
v -0.0397742120972084 0.0188872281456366 0.0440114250817404
v -0.0419372459813083 0.0208376063979565 0.0437650231229166
v -0.0411048634103349 0.0223346054930756 0.0438597833640094
v -0.0392729966504952 0.0252119461785049 0.0440685710540785
v -0.0382722458629558 0.0265923101205645 0.0441826245800956
v -0.0330992519907825 0.0283202120990242 0.044771984329362
v -0.0316009179144897 0.0298199362449102 0.044942699539816
v -0.0333499863740064 0.0321041304222152 0.0447433815408606
v -0.031658276207933 0.0336216689122812 0.0449361355761094
v -0.0292184588487795 0.031913741947099 0.0452141131060895
v -0.0298856154854834 0.0350538125442048 0.0451381134332297
v -0.0275403795196035 0.0332097485247121 0.0454053695741363
v -0.0284882554004735 0.0360761107759511 0.0452974218009654
v -0.0258109377515855 0.0344095047446133 0.0456023629911661
v -0.0270600461871915 0.0370446754024168 0.0454600009746798
v -0.0240111736801752 0.0355280049052813 0.045807447741437
v -0.0123482706990481 0.0401130825660239 0.0471362629617085
v -0.0115186895463165 0.0432749721957231 0.0472307922347254
v -0.00304028827420727 0.0440336985999033 0.0481967826847318
v 0.00100435081487111 0.0438231190445999 0.0486575863479868
v -0.0012019955051617 0.0439787989783684 0.0484062073996555
v 0.00327357246674067 0.0413332124053982 0.0489161364825469
v 0.00538694753378009 0.0411354478530181 0.0491569467787579
v 0.00987046562424764 0.0425926328947236 0.0496677401292883
v 0.0130876448805413 0.0401418082891464 0.0500343125428502
v 0.0198440286552008 0.0408067877315347 0.0508041254146756
v 0.0168429013302276 0.0394606312791097 0.0504621920794087
v 0.0244288439058774 0.0398962631473785 0.0513264634437116
v 0.0463076447030689 0.032296917985088 0.0538192869861949
v 0.0462643233031564 0.0343265350512682 0.053814313721979
v 0.0525510932679982 0.0317759508633415 0.0545305755278097
v 0.0543490114581068 0.0286028425181471 0.0547354479364624
v 0.0567737469798241 0.0293031749773208 0.0550117155576222
v 0.0575152473707077 0.0287456105914121 0.055096227521668
v 0.05629432820616 0.0272432005103203 0.0549571176847026
v 0.0582280518510636 0.0281555970534791 0.0551774202509449
v 0.0589519427950999 0.0274843088298552 0.0552599280081381
v 0.0572267497205723 0.0264436821636954 0.0550633592743447
v 0.0587993958860778 0.0247171678563371 0.0552425308966115
v 0.0593077452635532 0.0239864090784495 0.0553004293778422
v 0.0614591897697936 0.024216514749399 0.0555455163087497
v 0.0624890835026865 0.0218630208360823 0.0556629412236173
v 0.0620353282533148 0.0230498912725208 0.0556111745722738
v 0.0610336163408999 0.01983638400314 0.0554970949692158
v 0.0613691644064532 0.0182718472349112 0.0555353239110759
v 0.062856039490044 0.0206570359287137 0.0557047762476953
v 0.0632432685067527 0.0189062196819456 0.0557487980179117
v -0.030681248068484 -0.0344453010710929 0.0450468810432324
v 0.0183689552910117 -0.0418789527159353 0.0462378716521224
v 0.0186561397763462 -0.0410284165015679 0.050668919683252
v 0.0231737377530249 -0.0401382357345524 0.0511829912903442
v 0.023204570117491 -0.0403816984383453 0.0476576026126098
v 0.0232337372772308 -0.0406759517670963 0.0441790930037087
v 0.0223400625063468 -0.0411312867023596 0.0430007348584561
v 0.0232930178204252 -0.0412731979585686 0.0376004106701752
v 0.0201080250715908 -0.0430534700856025 0.0347769786787292
v 0.0233180499080262 -0.0414556292109394 0.0343313108750316
v 0.0233423388002293 -0.0415098806317451 0.0315090374492569
v 0.0128716413779937 -0.045287963285727 0.0376473418930901
v -0.00177887939597193 -0.0440133883103866 0.0483402287610584
v 0.0087805509467301 -0.0427717374617426 0.0495436059643438
v 0.00427602221944884 -0.0434574481515925 0.0490307897805031
v 0.00342347209140353 -0.0460693580889736 0.0410633187580755
v -0.00289700127250702 -0.0474614436608872 0.0336432979550053
v 0.00114428563745428 -0.0471493350097492 0.0367602791950998
v -0.0094679722308822 -0.0466646224253426 0.0315158063039986
v -0.0112572803439809 -0.0433355677880342 0.0472606169188544
v -0.0130830888506081 -0.0445054024662262 0.0411819022386144
v -0.0172679420426205 -0.0417715786376628 0.0465753867916141
v -0.0182850971456225 -0.0428138220803542 0.0407915885420205
v -0.0277172488484405 -0.0366291750096705 0.0453870187879735
v -0.024076554386097 -0.0388235244680795 0.0457993340564466
v -0.0256373746178144 -0.039130961603617 0.0402456843186553
v -0.0279426456702658 -0.0385596583424812 0.0315092870437906
v -0.0364241182113268 -0.0289103597474528 0.0443926565175416
v -0.0467605207839498 -0.0088688639856782 0.0315154971048002
v -0.0457902950244337 -0.0109180965745016 0.0433258634035524
v -0.0471697923428618 -0.00563289320826615 0.0360642717994127
v -0.0463301305548078 -0.00850867113389134 0.043264571181722
v -0.0471572232136757 1.27702279156577e-07 0.0431739497395384
v -0.047427664382138 -0.00274027696484643 0.0361121157187568
v -0.0473784644742659 -0.00461652144971042 0.0315348090161822
v 0.0205523665125887 -0.0413904142571095 0.0453719723354133
v 0.0209214459153689 -0.0408768157620439 0.0484659238231613
v 0.017971651226916 -0.0439417807562612 0.0352287634111478
v 0.0208065803168736 -0.0428614573833716 0.0315093503737469
v 0.0168832555364837 -0.0445331037341731 0.0315090821527555
v 0.015787426029427 -0.0445496105010199 0.0367066312715248
v 0.00984835043888514 -0.0455445911698487 0.0397340900304422
v 0.0158341001905332 -0.0424017489558316 0.0466942310425612
v 0.013815237831729 -0.0454983230488292 0.0338424930193397
v 0.0127797263611916 -0.0458891024068665 0.0315091492080033
v 0.0127693653977806 -0.042080327075825 0.0499940644929714
v 0.00686650754437215 -0.0455241467698362 0.0417208327162027
v 0.00558954790779476 -0.0472103888129206 0.0337556750998261
v 0.00967219543444686 -0.0464658445936616 0.0347046484180437
v 0.00101956105840444 -0.0438239125316995 0.0486588976506115
v 0.00381849581222623 -0.0449939222985943 0.0445860736546859
v 0.00668132383343607 -0.0466584011884584 0.036920958470125
v 0.00392690524994799 -0.0469804749944858 0.0368448246867695
v 0.00882600321264569 -0.0467965983289946 0.0315090635262977
v -0.00445108152290257 -0.0469977044678929 0.0365714963206406
v 0.000510792876818197 -0.0459310268379416 0.0421941645349318
v -0.00144716791367902 -0.0476161848211857 0.0315078155536293
v 0.00454179746191662 -0.0474131787835983 0.0315091454827118
v 0.00132094320682565 -0.0475079166729418 0.0336811208400867
v -0.00449140918646589 -0.044023353465276 0.0480311562225316
v -0.00223228865901484 -0.0459785876351281 0.0419709972194895
v -0.001653723730995 -0.0471567185375963 0.0366678807888481
v -0.00733666757486768 -0.0438626592890847 0.0477067056804969
v -0.00497085496848407 -0.0458546211083032 0.0417745067168186
v -0.00532257870981301 -0.0473159523995011 0.0315297761473016
v -0.00723537646825525 -0.0466727919897062 0.0364752459629288
v -0.00770486687783459 -0.0455607589351646 0.041598840593898
v -0.0104043043686979 -0.0451186152572709 0.0413752076170122
v -0.00858861840690791 -0.0467734903455257 0.0335893929863136
v -0.0099971189723064 -0.0461827783154276 0.0363816591886735
v -0.0127245743708782 -0.0455294068815012 0.0362883220089518
v -0.0157247815491682 -0.0437236500349911 0.041026270733636
v -0.0145855384412662 -0.0425714993157749 0.0468809575560863
v -0.0124471035797798 -0.0459782784359296 0.0315097378040678
v -0.015296990641274 -0.0450804384694925 0.031510419532421
v -0.0165840569902052 -0.0445780642778594 0.0334406607212811
v -0.0154098939431484 -0.044713616461397 0.0361993769479646
v -0.0207491847705281 -0.0404463061696529 0.046181873069581
v -0.0187670435286977 -0.0437616703605245 0.0315306962943138
v -0.0180386338076303 -0.0437418220071596 0.0361004369297555
v -0.0205320301533039 -0.0427933478780094 0.0349311200670886
v -0.020758756903736 -0.0419501914661975 0.0395959189669468
v -0.0230559831919677 -0.0414913994603781 0.0349228983486433
v -0.0232799532276405 -0.040487358882506 0.0404562825004165
v -0.0278588769318418 -0.0381822080776007 0.0371391376201853
v -0.021756540497619 -0.0423358112954415 0.0315087841294317
v -0.0253256646843482 -0.0403289594859078 0.03150935782433
v -0.0255235092597419 -0.0399095810646607 0.0358369396080204
v -0.0300509941566517 -0.0367722038533438 0.034767974649059
v -0.0301513050462763 -0.0359265626720697 0.0399929456389092
v -0.0322075665248733 -0.034805138157537 0.0356226422117526
v -0.0338941804939323 -0.0315992751864115 0.0446826332115961
v -0.0327985279381608 -0.0345400911145181 0.0315089368663851
v -0.0341951764927397 -0.0329802780159715 0.0346187245685015
v -0.0360959722974311 -0.0303995357303222 0.0385619419461993
v -0.0342053688867685 -0.0324172188250302 0.0387578177757649
v -0.0322137914848229 -0.0341896752903975 0.0397522806290685
v -0.0360366284243031 -0.0311429735379917 0.0315145806830795
v -0.0379541694085118 -0.028734514810538 0.0315290124625344
v -0.037837616253549 -0.0284345338460327 0.0374713367686387
v -0.0397955729113024 -0.0261230388696222 0.0315108218639081
v -0.0394787518796609 -0.0262390425857644 0.0366185057746781
v -0.0390548622819445 -0.0255426179574239 0.044094037147097
v -0.0407704515582972 -0.0229278469961344 0.0439003033601712
v -0.0409785686214593 -0.024032973360147 0.0351199886232534
v -0.0422691581636116 -0.0213183999756552 0.0378914229952799
v -0.0421453667697606 -0.0204727941846508 0.0437404510998696
v -0.0445862067210783 -0.0164464711404664 0.035019644170131
v -0.0449971993640697 -0.0154947420378265 0.0315112390965614
v -0.0424189744349059 -0.0216346027222038 0.0315082029839503
v -0.0434725982664695 -0.0187639507977479 0.0380479709219789
v -0.0436315191470498 -0.0190580513895455 0.0315248289601266
v -0.0454573434861604 -0.0137702701215592 0.0360072040581971
v -0.0441003320194712 -0.0161898264925328 0.0435191203531601
v -0.044987267740356 -0.0136793320295941 0.0434180345670197
v -0.0458919283920846 -0.0126550323849639 0.0315090933286301
v -0.0462193292479373 -0.0110799707367906 0.0350430501769237
v -0.0468022291331991 -0.00833726488185525 0.0348251988525196
v -0.0470618520588765 -0.0028754736158719 0.0431809719141054
v -0.0467583526650445 -0.00585335875601366 0.0432161908203951
v -0.047613552638586 2.83119684917626e-07 0.0315091901862103
v 0.0527923840405266 0.0342527966303777 -0.00974770682786889
v 0.0491740133797977 0.074034842338911 0.00634696547398972
v 0.0488426637163169 0.0737291672662755 0.00621136625864641
v 0.0364568001823847 0.0638272156732067 0.00428572487352453
v 0.0478742372719748 0.0729138201558654 0.00611726679114183
v 0.0484376911423133 0.0733704961960858 0.00614524652463193
v 0.0477605674916385 0.0730150810307085 0.00672095214905395
v 0.0471822161857295 0.0728931671395263 0.00779122794497856
v 0.0472413514426055 0.0729214197506222 0.00774993075986772
v 0.0471613582858146 0.072870308750591 0.00776338092499983
v 0.0473584373140691 0.0729566908109936 0.00756716329993476
v 0.0474911172503734 0.0729835129101353 0.0073092022271006
v 0.0457583320343873 0.0729251077892542 0.0142090675563202
v 0.0192953939893384 0.0460435269173835 0.000664390206039313
v 0.000228053972382758 0.0503621754519431 0.0106208360041488
v -5.62665842309736e-06 0.0503553954213267 0.011682056081983
v -0.000375127848002069 0.0503601973221314 0.0138802127883535
v 0.00116606892274168 0.0509198813989306 0.0144075482960004
v 0.000239543611417484 0.0505827164368444 0.0141144190739738
v 0.00243299076483422 0.0513823130145918 0.0146855342078865
v 0.00913227422239775 0.0531561366619571 0.00942775271273196
v 0.0144230794663041 0.0539928743964327 0.00666610887255364
v 0.0239442153138473 0.0593339627238175 0.00897582921320326
v 0.0272324079148682 0.0611095819617086 0.0092862959420917
v 0.0255783678834508 0.0547091213010972 0.0029285911510628
v 0.0310256884017809 0.0634455148506705 0.0105061361400482
v 0.0338296323903737 0.0648506799212073 0.00980798390775261
v 0.0419673351503765 0.0620278402511174 -0.000314502209164905
v 0.0414626998872457 0.0627726154384523 0.000269347048099062
v 0.0423527685772014 0.0616914426990899 -0.000634813195590552
v 0.0429524583454631 0.0598551235607244 -0.00147140296614252
v 0.0430832383837578 0.061304381182017 -0.00111458941945065
v 0.0451701385117297 0.0591272053176417 -0.00262232375707125
v 0.0481454458502214 0.0729611239079351 0.00562661050407128
v 0.0485152814869153 0.0730394891409275 0.00502257729706092
v 0.0466198351989729 0.0711477637413766 0.00422940219061844
v 0.0489807863016257 0.0731783903615662 0.00436972926659693
v 0.0493159171346749 0.0732995964473545 0.00395569384475171
v 0.0553939590887593 0.036148783763459 -0.0125723625775882
v 0.0516257758820263 0.0379105858950006 -0.00824913845368547
v 0.0543557765851376 -1.02736960966869e-07 -0.0134441944210867
v 0.048972776927663 0.00390979452759547 -0.00481382127196997
v 0.0501879069912163 0.00430592107598772 -0.00704407089936045
v 0.0507952447802898 0.0195976095787596 -0.0079837924560199
v 0.050538661691428 0.0574527053935149 -0.00573736528442312
v 0.0559913354517973 0.0605152899264334 -0.00963450359964748
v 0.0533317017555608 0.076270434500042 0.0012797425367936
v 0.0583419116212008 0.0761652471679079 -0.00657737382487741
v 0.0574590513678115 0.0776008255186382 -0.00398973509325098
v 0.0584004359304815 0.0774066856749337 -0.00542148570691622
v 0.0576946349957302 0.0745114933924089 -0.00693747075040692
v 0.0595910796614503 0.0771753525204193 -0.00708859977488872
v 0.06052674590364 0.0769934241824074 -0.00826629528390731
v 0.0599202239531236 0.0755624800943622 -0.00877618059462298
v 0.0552275913530389 0.07802276694047 0.000350946619958373
v 0.0489073980843864 0.0720117780605628 0.0023682344263085
v 0.0489356059818958 0.0701788377616308 0.000128781189663533
v 0.0500579092638668 0.0705010307769878 -0.000748637266931421
v 0.052645574078436 0.076054665613613 0.0024369104088167
v 0.0530596810640473 0.0768536363423804 0.00302235487666667
v 0.0532158079769661 0.0772239228716152 0.00341362061808163
v 0.0512347396187177 0.0744341265375512 0.00239104601626867
v 0.0504432719101777 0.0738577866822432 0.002878812641252
v 0.0500539120274659 0.073636116934003 0.00319919074113318
v 0.0496742416246039 0.0734509997464265 0.00356254962507394
v 0.0472530004251084 0.071037912344225 0.00313719304221597
v 0.0469905202018359 0.0568817038809945 -0.00384070201092607
v 0.0443909568103195 0.0611601676956316 -0.00177452633048338
v 0.0447321300640977 0.0667517110990438 0.000742592457526539
v 0.0451107797374408 0.0666280090679188 0.000383033109029634
v 0.0477849532413872 0.0729023388073161 0.00628891472146705
v 0.0528031724809898 0.0663010327782148 -0.00538042228384998
v 0.0453407121001031 0.061452096442457 -0.00214717935117361
v 0.0434927632624044 0.0611922946099369 -0.00134189774569405
v 0.0439209704714802 0.0611423533514516 -0.00156004849040625
v 0.0427019921831347 0.0614718181359092 -0.000877019195562971
v 0.0416557816790993 0.0624256380584301 6.20616746149676e-06
v 0.0413193469944748 0.0631361740911523 0.000528958395984912
v 0.0358458563123829 0.0641347086881174 0.00525703457419925
v 0.0400870321671588 0.0685354850001323 0.00909846301697708
v 0.0443402369840396 0.066818676939901 0.00108754496696968
v 0.0541240858854937 0.07823861033273 0.00318912197657255
v 0.0534639607340709 0.0780097209694708 0.00449822388529779
v 0.0535361456825708 0.0783521274167643 0.00512235038359228
v 0.0533354531228075 0.0775670147725534 0.00384069013655926
v 0.052873442630319 0.076468225129463 0.00269676369692626
v 0.0523461240750679 0.0756209448199081 0.00226216629555409
v 0.0553873653250784 0.0756946832407986 -0.00304783330971338
v 0.0563583249667669 0.0778069384493762 -0.00200827207693615
v 0.0564980009980954 0.0751715405487884 -0.0050811975535289
v 0.0543567488858837 0.0761837693174819 -0.000792773298824472
v 0.0537701423368578 0.0737206885027135 -0.00254710406712921
v 0.0516311589263872 0.0747983035886481 0.00224889517724698
v 0.0520074132381219 0.0751984818572596 0.00220173345191754
v 0.0542593996019803 0.0731822572141925 -0.00361848906861208
v 0.0546146693539328 0.0721198711201039 -0.00470660086197378
v 0.0508351128361728 0.0741222600303638 0.00260631664495324
v 0.051264001773358 0.0736152329495879 0.00103488832019238
v 0.0527348506584431 0.0738066160775473 -0.000974753616294987
v 0.0579889366480208 0.0662447808758481 -0.010395425131872
v 0.0593054206824589 0.0734481163707687 -0.00929111460670834
v 0.0565437959907108 0.0723729003725907 -0.00674800009399574
v 0.0586760105488604 0.0703886983356656 -0.00981882823144728
v 0.0475923706384224 0.0671368615415529 -0.00104360643373633
v 0.0494162317495897 0.0717691051185779 0.00132353555082588
v 0.0479798716013168 0.0656416785260632 -0.00210606237704138
v 0.0495661858566219 0.0678597096628395 -0.0021348421168913
v 0.0518965970300905 0.0685457146507217 -0.00374237759714523
v 0.0540607447759648 0.0692829647491308 -0.00544169681054554
v 0.0554353358871794 0.0684634453121875 -0.00707572563296213
v 0.0558523523244488 0.0652249376112316 -0.00840391872954523
v 0.0460195717360181 0.0728885850309229 0.0119225003682995
v 0.0467216734575857 0.0728434717502831 0.00886210444416521
v 0.0463201989310941 0.0728659352583143 0.0102994942179104
v 0.0458096516323918 0.0710683256244185 0.00531802318476854
v 0.0471507747363132 0.0728439411370181 0.00768835122492672
v 0.0446245250562318 0.0706044821232608 0.00627377699926394
v 0.0475142662037707 0.0700625267089359 0.00148035903268406
v 0.0515031244269812 0.0708029284039942 -0.00205831810924621
v 0.0432307971291817 0.0701266762293832 0.00771798033124946
v 0.0435974364668709 0.0710776910073688 0.0108916646996493
v 0.0448697348340666 0.0685709944791627 0.00239667143933606
v 0.0456059229611032 0.0683612307627082 0.00149405367007398
v 0.0467449155432383 0.0648981550366882 -0.00166245896693786
v 0.0468639460161943 0.0636059184541212 -0.00225989223789509
v 0.0468921352872526 0.0639800122313174 -0.00213586005280664
v 0.0466526438298982 0.0628541248175108 -0.002400792077449
v 0.042767538664471 0.0708987950566766 0.0142085702298986
v 0.0397048024899189 0.0687290585995216 0.0117553819268346
v 0.0460780885947184 0.065981127091868 -0.00069748534690089
v 0.0457796481449987 0.0662463529488812 -0.000341481847393718
v 0.0464719672544612 0.0624998905695541 -0.00241564970429389
v 0.0515965398044174 0.0624032267044805 -0.00554156535767281
v 0.0412671147003675 0.0683082645674864 0.00612131758003825
v 0.038451298211859 0.0660663245095585 0.00537450046727385
v 0.0424939570763573 0.0663764848332172 0.00207606167288677
v 0.0438297865428829 0.0668331608734375 0.00147086512717535
v 0.0454568182202401 0.0664615928439105 2.04532621318211e-05
v 0.046565531643506 0.0680853654730355 0.000435423455668974
v 0.0463399206174934 0.0656745206963456 -0.00103395059446067
v 0.0465657998644015 0.0653124521602646 -0.00136182467942751
v 0.0468521740991142 0.0644602768176163 -0.00192394649388314
v 0.0474843372221818 0.0630747440335346 -0.0027949926501112
v 0.0461578619593866 0.0620762094365696 -0.00237408266837658
v 0.0497221078785789 0.0655953358992128 -0.0033036325492964
v 0.0491313550815435 0.0616058317740377 -0.00414089392006516
v 0.0504432607343071 0.0646870278635273 -0.00413324077424234
v 0.0535314257398681 0.0635054100881706 -0.00676500046197259
v 0.0369142509196498 0.0668394566161527 0.0105784645380879
v 0.0359274438933859 0.0666717067377705 0.0142086838512908
v 0.0394595815362135 0.0659277138616605 0.00411079635833032
v 0.0417846878964157 0.0681052212769835 0.00500480765637952
v 0.0422067483766364 0.0661620197988297 0.00209190952879112
v 0.0428966348715884 0.0665962472321851 0.00196978981525086
v 0.044108896461676 0.0686989358920688 0.00332766393940764
v 0.0433250842245282 0.066739872122506 0.0017864358547299
v 0.0467911501200991 0.0632245976113229 -0.0023452840692382
v 0.0457705882391953 0.0617239123402176 -0.002286348559973
v 0.0535181413549607 0.0591979746811689 -0.00760784441495594
v 0.0553046787834619 0.0535629347736485 -0.010203059458267
v 0.0397083489662038 0.0646947988216953 0.00258319795127113
v 0.0414426615511782 0.0651691252932675 0.00176993106694422
v 0.0419509438734296 0.0659125742768116 0.00206749210534328
v 0.0416654413566273 0.0655570920561865 0.00194892364238599
v 0.0412370069048483 0.0662002338395236 0.0028817889163677
v 0.0423564044604515 0.0678720329272785 0.00396385176757921
v 0.0470376339471875 0.0602186002570104 -0.00329676241319072
v 0.0520920965352938 0.0542610916625585 -0.00725536198534945
v 0.0378124072146628 0.066577009826634 0.00737765119965512
v 0.0411905339094137 0.0639372905878511 0.00106578577187167
v 0.0412257826054299 0.0635393325930018 0.000802913426001304
v 0.0395589014986408 0.0674801844105671 0.00675434426550107
v 0.0373369037210148 0.0666587576243515 0.00860917204925867
v 0.04129606765592 0.0647677400301946 0.00156053999605979
v 0.0412143087115671 0.0643419168545703 0.00131667682342556
v 0.0371103390207071 0.0634654004569509 0.0033813176837507
v 0.0448711131914462 0.0612631049516711 -0.00197680034828174
v 0.0465865087527078 0.0529068252504347 -0.00400580926061684
v 0.0570355715520187 0.0583614232112706 -0.0111954072772946
v 0.0334525361630503 0.0585720102171572 0.00204278224650896
v 0.03701604447478 0.0581711576707755 0.00049423605941694
v 0.0404777778578306 0.0590714861319663 -0.000630960836676713
v 0.0406853510286213 0.0607290397048437 -0.000207490080801213
v 0.0425425050584417 0.0576474785367825 -0.00176244439508743
v 0.0509576637083821 0.0503737275810318 -0.00681867353126555
v 0.0490881119127255 0.0507684222204854 -0.00552752845912197
v 0.0342928088986995 0.0655480395977262 0.0121164139005425
v 0.0315745503103465 0.06264559789785 0.00727292626933429
v 0.0343014292202575 0.0647544332887871 0.00855257835139251
v 0.032168160404977 0.0623997547327583 0.00624273693876759
v 0.0347529008667272 0.0645905726147804 0.00740117036217858
v 0.0333593703800585 0.0616699179645287 0.0043625273467128
v 0.0327379509939716 0.0620564057867033 0.0052671883219733
v 0.035277339772642 0.0643899433132002 0.00629623957597225
v 0.0340236604059419 0.0612404440031879 0.00352579054356007
v 0.0347369081958334 0.0607764403144936 0.00275304796276326
v 0.0377972713605184 0.0630464020154416 0.00254393873346747
v 0.0391939050139364 0.0627975674412372 0.00153101112336275
v 0.0393101787721331 0.0555409565518964 -0.000903130462511303
v 0.0390151022594777 0.0609475243288109 0.00066181789222579
v 0.0488505538809927 0.0555551201103598 -0.00497235431340235
v 0.034224125723002 0.0569305983325549 0.00109816018523418
v 0.0379695287800691 0.0564923848372438 -0.000281030726545514
v 0.0444410172602313 0.0563076625305713 -0.00273464804931818
v 0.0491312395975468 0.0441959201456291 -0.00585739045279082
v 0.029129660968565 0.0619553796052277 0.0088410807613171
v 0.0310093567294775 0.0628104345982422 0.00837957301795967
v 0.0287935783238658 0.0603604332820969 0.00605695944326428
v 0.0308271602356328 0.0590974067105536 0.00350539713347565
v 0.0355033792070294 0.0602867693670374 0.00204243951968659
v 0.036315753244257 0.0597689612925232 0.00138920045002548
v 0.0424145897683226 0.0510750956712557 -0.002308367128495
v 0.0404133377876882 0.052537518472877 -0.0015522690339169
v 0.0424880673925271 0.0546556521915165 -0.00213083649715489
v 0.0443755229329579 0.0496314893172406 -0.00311986019196852
v 0.0459044751695294 0.0474609332959452 -0.00385205390559408
v 0.056321574978794 0.0504439865796169 -0.0117945244964466
v 0.0535526040147415 0.0524051961171111 -0.0087030093493706
v 0.0528508226681324 0.0435545702275264 -0.00905352948165447
v 0.0289567590738071 0.0626818971386885 0.0124201816239057
v 0.0351978942335127 0.0531083858749017 2.96932475485981e-05
v 0.0335488870691761 0.0481128593167512 6.66527926758833e-05
v 0.0480368089369659 0.0469671496266206 -0.0050468075246085
v 0.0267937680305447 0.0612284522896966 0.0105306504210763
v 0.0216857115547575 0.0449115523771883 0.000506469101951282
v 0.0294013296201532 0.0599698923427187 0.00510634792808871
v 0.0282708549140951 0.0606989877779303 0.00706046497613795
v 0.0316252999389481 0.0586078400712607 0.00281620469301317
v 0.0300834675114576 0.0595537772768671 0.00426671983303371
v 0.0309791259993812 0.0567963872539745 0.00212561270708246
v 0.0353303320259531 0.0498432535152561 -0.000255020071572804
v 0.0355942949147312 0.055563218894184 0.000305830661765299
v 0.0392601593004137 0.0491053365896601 -0.00127558138613508
v 0.040664329215937 0.043526559760381 -0.00147130622497764
v 0.043447903317633 0.0413270135202633 -0.00240079300877189
v 0.0559178205746907 0.0449407735640866 -0.0121334599033408
v 0.0542036096557175 0.0404646532305242 -0.0107623793878175
v 0.0193465496745734 0.0581406959617919 0.0142094177337257
v 0.0248148007359776 0.0604317241864407 0.0114589865554438
v 0.0237124165807872 0.0577708452916682 0.00623609381261558
v 0.0244600171343982 0.0591243554696079 0.00786202012591644
v 0.0263714691317502 0.05990995240172 0.00746662513165184
v 0.0236613931433548 0.0438639035364615 0.000395918892492307
v 0.0259719559705569 0.046332564837968 0.000783318101423248
v 0.0263135464568392 0.0590830196345973 0.00617986100236807
v 0.0298232485393458 0.0538406515332203 0.00147390054129437
v 0.0284682375535021 0.0548103784506488 0.00213053521420099
v 0.0323693894065312 0.0562553780637026 0.00147227433511854
v 0.0375820427183355 0.0524176832943782 -0.000690714862344098
v 0.0460194339002801 0.0420899644050583 -0.00379429209599706
v 0.0511637765654084 0.0440702176329431 -0.00747379957751081
v 0.0268833389084788 0.0617767891284423 0.0142080784914144
v 0.0210735402016298 0.058679686044045 0.0118406352238982
v 0.0220386883905826 0.0585440779811343 0.00937680655685174
v 0.0263340802565053 0.0581320495601102 0.00502170278487015
v 0.0239223161953173 0.055803980761605 0.00415128375819103
v 0.0270513830247961 0.0577116876618945 0.00424720256495511
v 0.0278532442930364 0.0572535252303467 0.00354022534981432
v 0.0286855560834958 0.0567358102881212 0.00290266708001473
v 0.0303687316096862 0.0512873590583386 0.00088013906902629
v 0.0328825108807722 0.0425674871767783 0.000131469904285994
v 0.0310159542184486 0.0461701458517902 0.000387424092714324
v 0.0327508963774694 0.0538698391924947 0.000755946987439709
v 0.0386681995093485 0.0447498933504862 -0.000966626659953476
v 0.0372316344701138 0.0484970337328749 -0.000712747517124763
v 0.0426124771845538 0.04687523550827 -0.00234309010534746
v 0.0213828454602622 0.0585342208596997 0.0104338645527045
v 0.0186146176916076 0.0561929421773672 0.00755741188364783
v 0.0211507580172104 0.0555637180832514 0.00514240595629949
v 0.0215572225699452 0.0574173598273126 0.00733221055902061
v 0.0243832891944809 0.0573967068109735 0.005360620030968
v 0.0263165825683646 0.052045202568422 0.00179150062141939
v 0.0265726869574337 0.0421138211721282 0.000271384898990885
v 0.0264696510180167 0.0540934535429227 0.00241286807566154
v 0.0277508174385696 0.0509719833265135 0.00129035670731985
v 0.0434346785373691 0.0307090422653143 -0.00163197921357332
v 0.0172585375474722 0.0559036099587504 0.00817543076645026
v 0.0191749721204871 0.0573847262733568 0.00989666261039419
v 0.0184574123071715 0.0552892050744104 0.00622397543921168
v 0.0223850342098246 0.0527547476735926 0.00283484721607029
v 0.0247341631039795 0.0552872343951818 0.00350982906626352
v 0.0318676859467998 0.0501590800073585 0.000476859815343723
v 0.0332675568774148 0.0369555142745198 6.16443564691212e-05
v 0.0345625050091188 0.0357223682664786 1.86568057666977e-05
v 0.0502182345788582 0.039151484234752 -0.00685879026461729
v 0.0182082071555809 0.0573346099261688 0.011592104260955
v 0.0167336031779589 0.0561112763360637 0.00928138600783214
v 0.0204508057880969 0.0559718722010661 0.00596327627709013
v 0.0219069379141869 0.0551048701980588 0.00440722339469926
v 0.0214967517965271 0.0533677183206868 0.00336122113283647
v 0.0185858342367599 0.0532945871223186 0.00411154141663981
v 0.0245675718508462 0.0488777287266932 0.00129657258909751
v 0.0368549964534869 0.0332984141888332 -7.22248611282005e-05
v 0.0356411329886069 0.0346233737323532 -2.03575687051957e-05
v 0.0359723224646084 0.0444923415940608 -0.000331513636601033
v 0.0395271918283291 0.0325915177659529 -0.000419537822980026
v 0.0452620190695973 0.0270666775703438 -0.00251885052471036
v 0.0479524311135917 0.037083001201857 -0.004932419653675
v 0.0237274444015153 0.0517777638882297 0.00217314300344437
v 0.0276666854843497 0.0434365902442182 0.000421857864706569
v 0.0288089414207133 0.0478790413927747 0.000736924950306198
v 0.0470975328885576 0.0393290875092773 -0.00436710293605597
v 0.0479183074552205 0.0311972398599636 -0.00476381575220549
v 0.0498652931332902 0.0327978653900584 -0.00664582791970781
v 0.0506294097610702 0.0297592214432697 -0.00755657555569543
v 0.0548087756005955 0.0222783908436244 -0.0130639529815143
v 0.0152719185068031 0.056024219997891 0.0113678286712774
v 0.00935821307394934 0.0528381234237164 0.00807881439884393
v 0.0138568251090463 0.0543044801332118 0.00766681810845949
v 0.014782320377626 0.0553973838156572 0.00959685580326882
v 0.0178188584487398 0.0537969687645348 0.00480577184825879
v 0.0162773408082724 0.0506680144374067 0.00273462732738395
v 0.019394356323905 0.0527298664513471 0.0034961912395697
v 0.0216578817742049 0.0475591506075941 0.00114653263031654
v 0.0423489613306015 0.0256393134874757 -0.000962571563688701
v 0.0487849887732053 0.0215586552034257 -0.00551494628692041
v 0.0113173152584439 0.0547295657011097 0.0148090890899954
v 0.0119222511666512 0.0549603586883497 0.0142074703375692
v 0.0128294990324343 0.055114377142088 0.0120811828870552
v 0.0112493138108557 0.051883673926924 0.00496287530905983
v 0.0150359111271224 0.0536105439996251 0.00575344736803352
v 0.0119534644420417 0.0514348806036181 0.0041616423970002
v 0.0157098151957287 0.0531681581777808 0.0049340150097802
v 0.017407029478095 0.04683382889272 0.000833276065512817
v 0.0203574369767884 0.0498228724452 0.00192014692933545
v 0.0252618858532189 0.0429327780900478 0.000323874518829198
v 0.0278514673296038 0.0412606549019283 0.000225979008341593
v 0.0289648690306056 0.0404696451211978 0.000198678049164891
v 0.0303324398324097 0.0394431149582536 0.000147373654115476
v 0.0308423184415184 0.0417161649258943 0.000244836899816294
v 0.0319221981185187 0.0381414310363222 0.000101807859692086
v 0.034741315214158 0.0376920900951588 1.49895281772276e-05
v 0.0445448336479483 0.0213518530937514 -0.00188195302849901
v 0.0453380932210818 0.0195028828652907 -0.00231036807571743
v 0.0139036324492777 0.0506781360545411 0.00307721840943976
v 0.0135115670745471 0.0482190487523116 0.00131015081112657
v 0.036932050356298 0.0364274653735416 -0.000171562772488758
v 0.0392726315720541 0.0303122223470328 -0.000280463987465016
v 0.0381774446775595 0.0317281814498284 -0.000158526638587536
v 0.0411662003137281 0.0275802425377855 -0.00062766820281788
v 0.0401667161248618 0.0290714376286736 -0.000420640829420317
v 0.0415745852535689 0.0323889885656835 -0.000959564263879332
v 0.046303923138144 0.0213789937053204 -0.00311025056959112
v 0.0540246355379089 0.012176060474832 -0.0126730283371066
v 0.000518286530916701 0.0503324439001028 0.00962050209136634
v 0.00228060683725911 0.0503019970922854 0.00620490893141033
v 0.00798018165722094 0.0496035272788854 0.00261177885368471
v 0.00699071896469485 0.0497807803760052 0.00297231676060115
v 0.0106093471361099 0.0522709291591574 0.00586341797451462
v 0.0106405101200826 0.0490289234094385 0.00185316956335754
v 0.00909629816346706 0.0493806766132246 0.00225705286724376
v 0.0180585566597012 0.0500238221218532 0.00222814204369751
v 0.0158069279237035 0.0474440614505268 0.000998747287829308
v 0.0444763516379224 0.0298606778959191 -0.0021479951900225
v 0.0516492042321896 0.0243042081124262 -0.00897161777110886
v 0.0521996456638065 0.0277704875891771 -0.00949752462944727
v 0.00130006481781459 0.0503477213207389 0.00769152424200227
v 0.000878338158521705 0.0503553283660788 0.00859122266326011
v 0.00340512270878731 0.0517372140897355 0.0148087025909973
v 0.00518709595828296 0.0500414464761643 0.00382020219720183
v 0.00453536714534392 0.0501186903964009 0.00421432686704875
v 0.00611299914614121 0.0499159861074288 0.00334806619705949
v 0.00971588470676812 0.0524762299763381 0.00685199440151183
v 0.012697920850711 0.050914338165108 0.00344993918387001
v 0.0435629775323804 0.0233978577174489 -0.00142262516277365
v 0.0461626452320229 0.0173576774529758 -0.00278897025066328
v 0.0473563362503877 0.0135321709062718 -0.00355148318087075
v 0.00627258638800868 0.0525906299544692 0.0121994413359066
v 0.0018106207312505 0.0503264722577522 0.00683849208229805
v 0.00638499981421986 0.0524298687230299 0.0106703311589713
v 0.00277437403184833 0.0502658394125257 0.00564533987298759
v 0.00663266176433881 0.0522546123821796 0.00928187402102486
v 0.00389198321531756 0.0501790885482599 0.00466089013770208
v 0.00336820997219813 0.0502198059848737 0.005089387606996
v 0.0477034885949613 0.0189437519942862 -0.00427501978260145
v 0.0467792515431518 0.0154930200218087 -0.00318288956381365
v 0.0490859326179496 0.0159457994070705 -0.0056619635208567
v 0.0544698077186247 0.00860939742939741 -0.0133484767800662
v 0.0482963834338705 0.00935610976833705 -0.00417031673836847
v 0.0488979693748517 0.00499535007246346 -0.00466520681928271
v 0.0486091178221459 0.00742291116364968 -0.00439417975200726
v 0.0504831436913509 0.0140749375028311 -0.00747237418783246
v 0.0478948530280257 0.0113359792911925 -0.00390466526679601
v 0.0523435536248194 0.0134117331618652 -0.010282260087889
v 0.0490453493063453 0.00245636760656913 -0.00508901228387259
v 0.0519731666451737 -9.56579136876117e-08 -0.0103430885109217
v 0.0515308927402452 0.00730733492471253 -0.00914636747230879
v 0.0529177549574288 0.00367040100632602 -0.0114820796377465
v 0.0490937780791428 0.000834545167569224 -0.00547280858290417
v 0.0503694590098538 8.93309814753934e-09 -0.0078777790404851
v 0.0491072710803022 -1.7678294981965e-07 -0.00563852724607017
v 0.124284853243423 0.0462068958529059 -0.00425489203237051
v 0.123992976755062 0.0460309168054953 0.0108089948922738
v 0.124597665862793 0.0470000141486523 0.0108090153813773
v 0.124704507186165 0.0469597474723158 -0.00303325787370321
v 0.124510248202603 0.0465451038966254 -0.00363899866122664
v 0.124809836041709 0.047308140463126 -0.002643842205203
v 0.124861863444855 0.0475881371011249 -0.00239885050206061
v 0.12478682119876 0.0478643562934946 0.0108089995488882
v 0.124887523243857 0.0478967365276251 -0.00219932831056221
v 0.124879208396096 0.0482347694826419 -0.00206622457489425
v 0.124823671769568 0.0485999523624566 -0.0020281458088497
v 0.124728051020325 0.0489454172741106 -0.0020982145847352
v 0.12460177858319 0.0492560246327549 -0.0022568614803905
v 0.124619361953006 0.0489850581014671 0.0108090163127002
v 0.124062758891373 0.0498608257154855 0.0108090172440231
v 0.124391448697641 0.04962265292569 -0.0025689692002056
v 0.124066424576945 0.0500234384168238 -0.00311854074026855
v 0.122026977195734 0.0509138203495829 -0.00668897145244187
v 0.122026880338189 0.0507568887178545 0.0108090032741798
v 0.123133969534921 0.05055384170206 0.0108090042055027
v 0.122877758975081 0.0507693274663315 -0.00521592318800434
v 0.123596270600046 0.0504210387836845 -0.00394481133681868
v 0.123923641653577 0.0458111171536119 -0.00514293727600645
v 0.123230625914844 0.0453484173169593 -0.00661207444998058
v 0.122510169688387 0.0451204630018785 -0.00793089331604593
v 0.122907956177565 0.0453788082454035 0.0108090153813773
v 0.12202689523935 0.045242440223017 0.0108090079307942
v 0.122026776030063 0.045078672681299 -0.00872017456149842
v 0.0551741818672236 0.0793734160945012 0.00407276020030784
v 0.0573216216864827 0.0776157639377435 -0.0037163704055295
v 0.0563297482655261 0.0778109319619151 -0.00194658299514058
v 0.0543007242463374 0.0790020194283854 0.00472222380340095
v 0.0530013579204382 0.0792013374273408 0.0107603435159868
v 0.0535054455659073 0.0796993269508225 0.0142090154022385
v 0.0535540009985722 0.0796956538133567 0.0127311857260998
v 0.0539090174307901 0.0796329497060299 0.00937368662518074
v 0.0537246751697814 0.0796583040403019 0.0107476095381547
v 0.0521908465283182 0.078617949320425 0.0142084389133716
v 0.0555093350520141 0.0787317495266169 0.00115856986221392
v 0.0556431512018341 0.0792953712365819 0.00268301457714746
v 0.0561968895152914 0.0791772124392794 0.00127341245154694
v 0.0539803828154426 0.0782636815448444 0.00365365395817436
v 0.0546603488625515 0.078133676320421 0.00173835549578793
v 0.0554437177901636 0.0779836737309709 -0.000131209876025597
v 0.0587452264410587 0.0781191625845521 -0.00491680555981525
v 0.0610032626762265 0.0777417831002111 -0.00786637592305831
v 0.0599783757333828 0.0784562791178482 -0.00553298228594745
v 0.0614764192370389 0.078152272975826 -0.00746829266528077
v 0.058407767301625 0.0774026772612286 -0.00542479330014893
v 0.06052674590364 0.0769934241824074 -0.00826629528390731
v 0.0595893399509198 0.0771707257083174 -0.00707310023374406
v 0.057867466109974 0.0788647498854445 -0.00218996083213539
v 0.0588946664580412 0.0786502997522232 -0.00390119585621171
v 0.0568842204611558 0.078318279417764 -0.00200375446244268
v 0.0569857346195198 0.079026084811782 -0.000480054922233997
v 0.0533938097940286 0.0783771613759632 0.00564669541344942
v 0.0546241353163696 0.0794836102184752 0.00595716586762941
v 0.0529212679061017 0.0784707705019679 0.00766127487463687
v 0.0537023681319728 0.079127807622777 0.00707096098507293
v 0.0541889990674935 0.0795637561408273 0.00785107987596443
v 0.0525485377189106 0.0785457084667366 0.00980112192072219
v 0.0523235711681051 0.078590158645481 0.0117664264849499
v 0.0528503607321457 0.0792929572476591 0.0142088673218995
v 0.123394054396585 -0.0392653701226495 0.000809008526842077
v 0.123156544793625 -0.0384266505330706 0.000809008526842077
v 0.124131855574285 -0.0377569660474578 0.000809008526842077
v 0.124447275896805 -0.0400115758219386 0.000809008526842077
v 0.124257040226676 -0.0404424057894027 0.000809008526842077
v 0.123359588011514 -0.0395131802416782 0.000809008526842077
v 0.123831299159723 -0.0410055990908397 0.000809008526842077
v 0.122900207573917 -0.0402541593569263 0.000809008526842077
v 0.121398557989333 -0.0367248740242333 0.000809008526842077
v 0.122216788182779 -0.0405558669940638 0.000809008526842077
v 0.123058025768594 -0.04153514555902 0.000809008526842077
v 0.120894123891874 -0.0369110044911107 0.000809008526842077
v 0.121526044871078 -0.0379234344255478 0.000809008526842077
v 0.121173349294664 -0.0381265373207154 0.000809008526842077
v 0.120222863847998 -0.0410077597599372 0.000809008526842077
v 0.119947848023151 -0.0377237140951052 0.000809008526842077
v 0.121020217515078 -0.0401313141428572 0.000809008526842077
v 0.11950120062751 -0.0395761823723289 0.000809008526842077
v 0.119551030109429 -0.0385778638422737 0.000809008526842077
v 0.120957640090043 -0.0383472124161125 0.000809008526842077
v 0.121151981029989 -0.0415985015923677 0.000809008526842077
v 0.121662688516171 -0.0417271247336269 0.000809008526842077
v 0.122146931540664 -0.0417500390019354 0.000809008526842077
v 0.122693431615233 -0.0403958210186017 0.000809008526842077
v 0.123469864052464 -0.0413057868090258 0.000809008526842077
v 0.121906158583475 -0.0378346607279717 0.000809008526842077
v 0.122217011700192 -0.0378441229685023 0.000809008526842077
v 0.124576707380042 -0.0390820112726833 0.000809008526842077
v 0.124555018740409 -0.0395519419002296 0.000809008526842077
v 0.120539647626737 -0.0371285130886924 0.000809008526842077
v 0.120215666587302 -0.0373995280487703 0.000809008526842077
v 0.120792281907971 -0.0386027748668515 0.000809008526842077
v 0.119731289452362 -0.0380816326564023 0.000809008526842077
v 0.119476293337132 -0.0390811507303359 0.000809008526842077
v 0.120670979007984 -0.0389932934544805 0.000809008526842077
v 0.119629112192339 -0.0400791190829857 0.000809008526842077
v 0.12067074058941 -0.0394051803144257 0.000809008526842077
v 0.119871621134768 -0.0405703062241018 0.000809008526842077
v 0.12079140273948 -0.0397952257900282 0.000809008526842077
v 0.120662381038167 -0.0413584512556323 0.000809008526842077
v 0.121339251369107 -0.0403866568013949 0.000809008526842077
v 0.121623647474716 -0.0405068123549668 0.000809008526842077
v 0.121905979769545 -0.0405653702128014 0.000809008526842077
v 0.122611184657862 -0.041685297160132 0.000809008526842077
v 0.122459617500166 -0.0404986986699764 0.000809008526842077
v 0.123253171371227 -0.0398137106866867 0.000809008526842077
v 0.124061745612435 -0.0407370130208507 0.000809008526842077
v 0.123079759111709 -0.0400748648000385 0.000809008526842077
v 0.124511447746052 -0.0386161374876323 0.000809008526842077
v 0.123375204428096 -0.0389491562002262 0.000809008526842077
v 0.123278868423131 -0.0386467370324031 0.000809008526842077
v 0.124361378155023 -0.0381691844583508 0.000809008526842077
v 0.123468135517804 -0.0370933016329858 0.000809008526842077
v 0.12383125445624 -0.0373945808615953 0.000809008526842077
v 0.122949463361143 -0.0381854975100371 0.000809008526842077
v 0.122693744539611 -0.0380044073626234 0.000809008526842077
v 0.123162639368417 -0.0369170133863767 0.000809008526842077
v 0.122461085264511 -0.0379017420528669 0.000809008526842077
v 0.12283688509084 -0.0367796395352725 0.000809008526842077
v 0.122379598266344 -0.0366722095776268 0.000809008526842077
v 0.121896927314322 -0.0366500589940856 0.000809008526842077
v 0.0446031418903966 -0.0302702606630422 -0.00212697267132801
v 0.044485519577142 -0.0291840774065484 -0.00209470023782161
v 0.0438351882136949 -0.0281288271084191 -0.00209965743671768
v 0.0442132567417644 -0.0285776483714116 -0.00169102974121504
v 0.043159480173302 -0.0276786088610962 -0.00169097875128699
v 0.0427546901385188 -0.0275130736685389 -0.00215671260507429
v 0.0420267423534382 -0.02742550882807 -0.00220829136202541
v 0.0420279269957266 -0.0274122914936596 -0.00169107782075908
v 0.0446048816009271 -0.0298695291886358 -0.00169097619014905
v 0.0443978523225078 -0.0310507017916526 -0.00169100762229648
v 0.0441954908327282 -0.0314413377259653 -0.00218862624643852
v 0.0420279046439853 -0.0325874646487492 -0.00169107630735939
v 0.0434152511488968 -0.0322082821232992 -0.00169099598076039
v 0.0420272899710998 -0.0325873007359212 -0.00233602695257347
v 0.0431389053954434 -0.0323560160101969 -0.00227025716313374
v 0.0312100548771761 -0.0383864956154805 -0.00303201083235769
v 0.0351381033255588 -0.0346991349865539 -0.00275306635639028
v 0.0368878274361535 -0.0333885923213227 -0.00270338447132899
v 0.0394496499124998 -0.030065038076984 -0.00243069359571615
v 0.0394663466632443 -0.0303020094602554 -0.0024551925099166
v 0.0384041993676682 -0.0316397393032001 -0.00256279033851269
v 0.0394802047428448 -0.0295885826012924 -0.00230627235049172
v 0.0396203501607405 -0.0290943034681919 -0.002099434617717
v 0.0323611341634143 -0.0368283849751711 -0.00230336895139192
v 0.030898676494539 -0.0380400733038988 -0.00237944289725193
v 0.0397509104069124 -0.028791949492971 -0.00197315631465616
v 0.0423866575422891 -0.0246351648761486 -0.001405738416189
v 0.0435846922490448 -0.0226913580381184 -0.00171958025921944
v 0.0438949083411347 -0.021854461978752 -0.00129597991849538
v 0.0447342758312617 -0.0200675271677854 -0.00128344745565291
v 0.0457256463380392 -0.0176526460377039 -0.00150102147866743
v 0.0481664304100036 -0.00961992839646816 -0.00461046505697707
v 0.0489920553045267 -0.00163463325097019 -0.00544260997263611
v 0.049022788948802 -3.81045374950665e-05 -0.00531617823412966
v 0.049096464013388 6.4655857918049e-07 -0.00564341948519487
v 0.0490987401657094 -0.00116614093520735 -0.00574632787022487
v 0.0489160109553639 -0.00335627510981509 -0.00546511073358279
v 0.0490490112666268 -0.00229676331098613 -0.00579763258541653
v 0.047230749266653 -0.0131446027495484 -0.00269341815228591
v 0.0476531003195106 -0.0115113790557675 -0.00333072799170543
v 0.0461144399766383 -0.0168594699999385 -0.0019649334320573
v 0.0487695548958437 -0.00580585057857031 -0.00559514203504697
v 0.0488972354926793 -0.00458146692191024 -0.00572417076742345
v 0.0489892427104142 -0.00344293028065423 -0.00579260251050457
v 0.0487757612293422 -0.00491899556558378 -0.00536421074635831
v 0.0486624453515764 -0.00661681208950616 -0.00544389333557421
v 0.0484001811951365 -0.00825003531762563 -0.0050816017476618
v 0.0483580928662852 -0.00808330896309605 -0.00476540458905048
v 0.0485729303529955 -0.0068608768935454 -0.00507124078054542
v 0.0486568536909634 -0.00591091497608341 -0.00523119734901038
v 0.0480022941231221 -0.0105691885621349 -0.00418397132887425
v 0.0475343306168697 -0.0130394824726621 -0.00334663754775104
v 0.0468084429172781 -0.0161143073822826 -0.0025157245394406
v 0.0481897991555235 -0.00909792098705704 -0.00441120340305628
v 0.0479466122102756 -0.0103910562962099 -0.00408734751068482
v 0.0474788573202752 -0.0126801520258684 -0.00329440756327128
v 0.0470295090892282 -0.0140184332119621 -0.00266270195932347
v 0.0462422397827607 -0.0179813005712499 -0.00217044845350195
v 0.0466831465061802 -0.0149825973377873 -0.00209921645533075
v 0.0457336259096801 -0.0194235620950164 -0.00201328655218975
v 0.0461358380436343 -0.0176304898662254 -0.00216164442542169
v 0.0467767816757391 -0.0156071499163026 -0.00253622342184196
v 0.0450693954884402 -0.021097594495054 -0.00196724707093899
v 0.0456329275898732 -0.0190262448503133 -0.00200830467323719
v 0.0461526875312777 -0.0164906959390721 -0.00171940435560918
v 0.0450821210798153 -0.0195496613512522 -0.00169934878290197
v 0.0452653122261475 -0.0188356607973908 -0.00135496397296605
v 0.0424571400331605 -0.0259647344679585 -0.00215682785628154
v 0.0414850143756347 -0.0274806617694302 -0.00224409537191879
v 0.0436626215950564 -0.0238851724180014 -0.00205172620585297
v 0.0447121178050617 -0.0208228710072405 -0.00186180618614888
v 0.0444685620560824 -0.0223386083188434 -0.00201836738419905
v 0.0429867645430549 -0.0244806416454056 -0.00203535261817899
v 0.0410904688889434 -0.0276009290817485 -0.0022338221819845
v 0.0403877040657174 -0.0280273892822274 -0.0020150474509381
v 0.0423046303770407 -0.0249608745667264 -0.0017851375906256
v 0.0401188498708868 -0.0282786937247277 -0.00192161597477412
v 0.0407198248642727 -0.0277830660360871 -0.00214226732143756
v 0.0399249634163467 -0.028519658620538 -0.00190468708582884
v 0.0389481923219226 -0.0299181796335999 -0.00211209315839528
v 0.0411385959132335 -0.0266461554845915 -0.00152300756730375
v 0.0352709099217305 -0.0350886030419665 -0.00284068917170887
v 0.038609004647829 -0.0302365784395158 -0.00178319357051463
v 0.0369386850981713 -0.0323114242703738 -0.00221878853511399
v 0.0360880299786923 -0.0331800765775365 -0.00202515928918224
v 0.0313822322029871 -0.0385963412883491 -0.00307869059809318
v 0.0327334657445525 -0.0374624370471323 -0.00300533867620075
v 0.0344130575415558 -0.0350296279514786 -0.00249205240713297
v 0.0375370710148577 -0.0319417151613289 -0.00246639236612332
v 0.0340164631452461 -0.036298663418288 -0.0029352158835878
v 0.032719089849612 -0.036694714063865 -0.00271546326351019
v 0.0342552803250716 -0.0350717870759213 -0.00217594558684167
v 0.0309604138666303 -0.0380968504723737 -0.00271453962403714
v 0.0494945857786859 -0.0471305446391838 -0.00641869922236622
v 0.0494434896980943 -0.0471985200340504 -0.00634953219986592
v 0.0488922808566931 -0.0462396635173574 -0.00542933908715972
v 0.0483509291332014 -0.0454654883291298 -0.0046530572465621
v 0.048635172501911 -0.0454862531042154 -0.00506616041419757
v 0.0454918061459412 -0.0419999017566068 -0.00253853077429417
v 0.038818555947724 -0.0392042418136471 -0.00200028761299633
v 0.0457230162831473 -0.0412762228953051 -0.00298673084492117
v 0.0491156343568354 -0.046306346236057 -0.0057568168942382
v 0.0474408630853705 -0.0441872737439475 -0.00365062389916194
v 0.0482630830646368 -0.044788066412973 -0.00454756956279693
v 0.0473911677138998 -0.0438765322748074 -0.00375583521286043
v 0.0468059544234143 -0.0429203840450694 -0.00340088244929653
v 0.0479695823497425 -0.0449390599299748 -0.00420504344051247
v 0.0467594479003678 -0.0433554980978131 -0.00315053144860167
v 0.0460784313214182 -0.0425958776236615 -0.00277518294664612
v 0.0452343811414908 -0.0413773980884427 -0.00282781852224311
v 0.0460883592198417 -0.0420867867313683 -0.00308212438557705
v 0.0472257722789255 -0.043087373963976 -0.00362028000252352
v 0.0464581240760215 -0.0420797571062182 -0.00322129080040778
v 0.0441864495533759 -0.040866302989297 -0.00238612932991819
v 0.042248512605239 -0.0390843991845653 -0.00263453037331867
v 0.0443535437206883 -0.0406366126883551 -0.00269888664744687
v 0.0447512333523212 -0.0413438555633493 -0.0023363617631513
v 0.0431350273683294 -0.0403051660487942 -0.00210474595214079
v 0.045004042722195 -0.0406463096222531 -0.0028420114173775
v 0.0441494238939271 -0.0400354586660494 -0.00273979500525244
v 0.0423228284197419 -0.0394986367034769 -0.0025750493416725
v 0.0433719819030473 -0.040037701291561 -0.00260422745488728
v 0.0432223816985855 -0.0395074768203191 -0.00266646147698703
v 0.0422067334754756 -0.039750824040074 -0.00232151717482683
v 0.041616047733664 -0.0396313315883976 -0.00200492257417354
v 0.0414829840924674 -0.0388382728973159 -0.00264363126056913
v 0.0388390115162956 -0.0390364621329325 -0.00249016135601119
v 0.0406883685136956 -0.0386464166573301 -0.00264957077228011
v 0.04116744456066 -0.0393256714169282 -0.00244217378011182
v 0.0398824392285403 -0.039282480386727 -0.00198819042718811
v 0.0400379812708953 -0.0390185062276737 -0.00251693316371703
v 0.0396379000029442 -0.0385034101654061 -0.00267268550783995
v 0.0388483955223477 -0.038478096809341 -0.00271183389822007
v 0.0360289468758793 -0.0384891124964469 -0.00283219201451983
v 0.035993158012782 -0.0392001439929449 -0.00213096781368194
v 0.036006714343875 -0.0391593893034157 -0.00239690170891984
v 0.0388480006415849 -0.0384781489634227 -0.00270793980439937
v 0.0388374841473074 -0.0390794259203494 -0.00245538389676985
v 0.0360260448748017 -0.0388188007983974 -0.00277375965244427
v 0.0388183473314719 -0.0392000136077408 -0.00199989296492302
v 0.0360293827348345 -0.0384898761812141 -0.00284149430034457
v 0.0333086878066808 -0.0389837827851598 -0.00281825406902572
v 0.0333173230293996 -0.0384994315540334 -0.00298105024097273
v 0.0332798950386075 -0.0392131564363202 -0.00227766443971442
v 0.0360162734385672 -0.0390822794936748 -0.00258343101482357
v 0.0359932474197471 -0.0392000136077408 -0.00213319134707433
v 0.0314105928373953 -0.0392828193882578 -0.00238009668591851
v 0.0314190939496664 -0.0392197017735691 -0.00265556336939565
v 0.0333177030090015 -0.0385000760294711 -0.00298874366651041
v 0.032346430442935 -0.0385225283616276 -0.00302594652337987
v 0.0314121500087053 -0.0389820877775057 -0.00295291357957619
v 0.0332799471926705 -0.0392173511146027 -0.0022780523356968
v 0.0313827090401346 -0.0385967734221686 -0.00308360076518345
v 0.0333098091190355 -0.0389440451002231 -0.00284157043599057
v 0.0332705445601674 -0.0387007723862991 0.0186090140596429
v 0.0334081158025243 -0.0390535984740508 0.0186090140596429
v 0.0333628647022803 -0.0390199665419603 0.0315090188227992
v 0.0332798466098347 -0.0387003141754388 0.0315090188227992
v 0.033778811981258 -0.0392123964768445 0.0186090140596429
v 0.0337790839274437 -0.0392093119354432 0.0315090188227992
v 0.031833707574747 0.0643338627742447 0.0172565041224838
v 0.0367204501467847 0.0670349599165636 0.0182034415688707
v 0.0341413460491301 0.0655148770523707 0.0186099938113199
v 0.0535009789429393 0.0797125442852329 0.0157636289251078
v 0.0501533810015019 0.0693027833001633 0.0368968595591045
v 0.0533299843967716 0.0692241721979287 0.0400943555254143
v 0.0858919899338795 0.073421219765796 0.0493634322386507
v 0.0824248846823386 0.0738597610867634 0.0493728907538897
v 0.0796739813758298 0.0739302734051737 0.0494351850791464
v 0.0816000085711488 0.0725616012906359 0.050578383922774
v 0.0880260969394584 0.0705508006720619 0.051445404552239
v 0.0316016517966621 0.0635451365972328 0.0233292452977274
v 0.0263581158289738 0.0610833857115468 0.0218551399818133
v 0.0492406141182649 0.0464307225449521 0.0495385172160899
v 0.0669268354715378 0.0185237682131626 0.0547534075670127
v 0.0666661918163414 0.0199495192447907 0.0546560060942128
v 0.0660089612154158 0.022548362722069 0.0544518973703273
v 0.0688972159721589 0.0209293584661248 0.0551426185773085
v 0.066368258006091 0.0212739088187038 0.0545569952954643
v 0.0655866772177821 0.0237565231997013 0.0543389651570659
v 0.0650746807811862 0.0249498346652255 0.0542175020261609
v 0.0621470981356413 0.029292513192912 0.0536319644260223
v 0.0464666177377122 0.0590754014133827 0.0429238262144587
v 0.014561498212185 0.055978302054277 0.0177314359539325
v 0.00646528074967987 0.0526073118100187 0.0223985631610079
v 0.0085113409866839 0.0535085641435133 0.0186084738923686
v -0.00426591411011118 0.048872692132521 0.0259051074514495
v -0.00356647364274103 0.048793261466146 0.0308531328170782
v -0.00406644018590962 0.0488517857963566 0.027946896907761
v -0.00441743470167893 0.0488879360255332 0.0230315591128155
v -0.00455364388480094 0.0488986015352336 0.0186092394397816
v -0.000638065728998213 0.0499767046343609 0.0270404105396423
v -0.00195558714034589 0.0486098914403052 0.0351943975966224
v -0.00384959895872481 0.0488278917763712 0.0294503482078403
v 0.00330984491907411 0.0516041913791587 0.0186090233728718
v -0.00331705358847115 0.0487756222106688 0.0318119818831881
v 0.000535380432522741 0.0505229776615893 0.0230559262448274
v -0.00294004420697594 0.0487201302677778 0.0329959987463013
v -0.00240343920171027 0.0486635915179619 0.0343113544882118
v 0.00486706884875001 0.0518583531202759 0.0256913315959983
v 0.0013510228298376 0.0504664389117735 0.0289227780068259
v -0.000352387046714049 0.0495679805469395 0.0323484648442298
v 0.00666231740275815 0.0497450660059397 0.0385295617120687
v 0.00551020015753365 0.0502473843181996 0.0364841903879343
v 0.00274223222787163 0.0505221618227404 0.0319631244118518
v 0.00920702682717841 0.0533844746820673 0.0255304194902514
v 0.00249798799869448 0.048979198217863 0.037953277736134
v -0.000699015958908598 0.0484442128240234 0.0371261773308916
v -0.00144934010712044 0.0485459915143916 0.0360589558083745
v 0.0123109423597693 0.0551391838585025 0.0148091384501084
v 0.00979694143391544 0.0530289738349845 0.0300196770644559
v 0.00730607781992688 0.0523473684164198 0.0290570691791746
v 0.00408486128036248 0.0512673579680202 0.0294695613989963
v 0.00544526788342152 0.0512290433444546 0.0324859281023312
v 0.00108846588886979 0.0482019273123595 0.0390644055448295
v 0.0116354997463042 0.0541563290136608 0.0266075465629933
v 0.00207544649037469 0.0480590959091382 0.0398985914545951
v 0.00415887208672904 0.0503439811280253 0.034854937854943
v 0.00126165137134528 0.0497239696799064 0.0341022091701542
v 0.00240930839644431 0.0495154651119949 0.0362446876690563
v 0.000156010628566842 0.0483381612242502 0.0381424033374156
v 0.0194357312596801 0.0582170569879318 0.0148089093446782
v 0.0113745180210208 0.0544581633107108 0.02217531016386
v 0.0119732978871474 0.0537491099440245 0.0301285356714101
v 0.0116207047562145 0.0513571821978127 0.0377239674149299
v 0.00377972601846478 0.0488530821978152 0.0390285086354782
v 0.00310222727763149 0.0478983533041567 0.0406426327594952
v 0.00590808816087057 0.0489089690216102 0.0398989975113738
v 0.00421619266160897 0.0477148230907794 0.0413448278644427
v 0.0128477985892939 0.0530679031316555 0.0341492037230254
v 0.00925650333784898 0.0523871135519397 0.0324191746030922
v 0.00541579618120656 0.0475059422684217 0.0420059143771639
v 0.0137659764565684 0.0541840489080654 0.0310356348499884
v 0.0143107982878955 0.0552988833818507 0.0256189976100212
v 0.0104084506167074 0.052221878245352 0.0344610292520058
v 0.00745122583692026 0.0505262223905271 0.0370901500363361
v 0.00816975701965945 0.0494514348008771 0.0398624524012932
v 0.00666007896900009 0.048134190336152 0.0414716479645929
v 0.0209565008962939 0.0588065173200699 0.0177908953323215
v 0.0173332556933184 0.0566506128704307 0.0244490195081046
v 0.0166213303814533 0.0566658269611105 0.0210633404392748
v 0.0108753980500536 0.0505052191967826 0.0390741062040191
v 0.00967930794479022 0.0511057548206913 0.0371238639248407
v 0.00792595633284855 0.0513898083011853 0.0348815699642158
v 0.0155264321969504 0.0554544850844967 0.0277881640975694
v 0.0205689068011441 0.0583932260252113 0.0212573294086716
v 0.00948473883081823 0.0486435941529351 0.0415745628688831
v 0.00712630276472199 0.047194012431278 0.0428275907579131
v 0.0202692314177181 0.0574311471313298 0.0274104437490517
v 0.0220829597395 0.057687827169533 0.0296752496464979
v 0.0236541958826591 0.0594660839138398 0.0242312873930301
v 0.0237956526027105 0.0599334999695915 0.0208897679302038
v 0.0195675189889779 0.0574857710812902 0.0253028470175542
v 0.0168007757484742 0.0556060560216883 0.0295852261136077
v 0.0151119480257048 0.0542305815247848 0.0327018161980897
v 0.0185722965321179 0.056061972102433 0.0305314464413717
v 0.0123903255002875 0.0521632905851851 0.036317338304815
v 0.013121335473925 0.0510865583933472 0.0390757676840493
v 0.011759531421374 0.0491965429026166 0.0415159752087162
v 0.0101632408388726 0.0496029200563631 0.0403601178244103
v 0.0250143757086763 0.0607813278970039 0.0174654985662338
v 0.0147425547672239 0.0482244057215569 0.0433702465270489
v 0.00982391439771856 0.047712982796755 0.0428350487915911
v 0.00952748094810228 0.0467417732132906 0.0437916738586472
v 0.0255009116492965 0.0611160714195843 0.0148092576594379
v 0.0204616594211389 0.0561768228408413 0.032621741056277
v 0.0193211487832411 0.0550006663428932 0.0347002898269332
v 0.0146019362374709 0.0527915796311224 0.0363927978104004
v 0.0169266141892984 0.0452724996005135 0.0459876289177132
v 0.0168577186720585 0.0534696273962592 0.0364144305784165
v 0.0169306654424074 0.0545980144806942 0.0335371308711942
v 0.0187247167812726 0.0537173853612063 0.0371243109598264
v 0.0150853941570509 0.0512670785711542 0.0396215117198779
v 0.0144119287413675 0.0502987672645137 0.0408260996429162
v 0.0137725711515718 0.049280514699388 0.0419651410611769
v 0.016042092456473 0.0498582180114023 0.0419230601678567
v 0.0117040273911352 0.0463200366824939 0.044530317216095
v 0.01271365647658 0.047372967986635 0.0437759456777338
v 0.0139577627787496 0.0458728228828041 0.0452049339877166
v 0.0275937480272264 0.061196697904546 0.0251010628755944
v 0.0259400265081224 0.0597544214796134 0.0281294492321071
v 0.0237975692645262 0.0590220291613822 0.0271065475031301
v 0.0228030452995815 0.0565981011607777 0.0338543245452945
v 0.0199284567699929 0.0530028260136128 0.0390247051128082
v 0.0213263886870509 0.0548640151983492 0.0365217189749834
v 0.0173272821904584 0.0518727960756054 0.0396349525717812
v 0.0157864369648748 0.0521880190704771 0.0383587906222415
v 0.0202564946504723 0.0445843264929507 0.0467514440701472
v 0.0183488219600437 0.0504723360482931 0.0418454921472555
v 0.015249662691735 0.046948657279379 0.0445854776080383
v 0.0284802851420581 0.0624953494391578 0.0182246049501518
v 0.0292991840250976 0.0625497014428352 0.0219682882619844
v 0.020609724806032 0.0510774537808052 0.0418312056541709
v 0.0178196295838143 0.0464716411473094 0.0453318136925316
v 0.0317058369881104 0.0643563635351914 0.0148092716292812
v 0.0268295196407399 0.0589200046017718 0.0320368218545352
v 0.0243410630298916 0.0582232186201513 0.0310501336846911
v 0.0218551284405191 0.0531692943917028 0.0396277739349692
v 0.0226623336375731 0.0487785204874927 0.0444360636146526
v 0.021265057371593 0.0497922281969305 0.0432899627689095
v 0.0189699004820759 0.0515250587361075 0.0407453353221672
v 0.0304711025847997 0.0614447389916507 0.0295397067761893
v 0.0299598605194723 0.0620993509476625 0.0263403686532092
v 0.0246154083024995 0.0569294323163006 0.0346696195016229
v 0.0177590321505288 0.0493722053002457 0.0428841853871021
v 0.0190402004337268 0.048179005593468 0.0442483275471183
v 0.0322170585643417 0.0619191101667216 0.0305205890791566
v 0.0320203408892381 0.0630450534599014 0.0267071273313485
v 0.0289765403648498 0.0597501820978324 0.0322590913747146
v 0.0283669897533885 0.0605561750011668 0.0292438981382172
v 0.023195517662268 0.0551115272940542 0.0372307797922528
v 0.0248150074895845 0.0502303671864107 0.0436871980571986
v 0.0208707838310874 0.0472592162092332 0.0452432374354076
v 0.0331833690438416 0.0647586875717343 0.0207876371997844
v 0.0352776489717298 0.0651948521566943 0.0249571064343258
v 0.033625106506979 0.0645470835612553 0.0237638806505072
v 0.033721148214017 0.063607080745084 0.0277937892878061
v 0.028051070241979 0.0562934542686092 0.038001822010289
v 0.0241044214195518 0.0538347543967007 0.0396434015330108
v 0.0254233976731438 0.0558290855013434 0.0373007556686804
v 0.026812053617566 0.0577024563894399 0.0348079731044041
v 0.0259169576484648 0.0525650223003719 0.0417734487340191
v 0.0267933712871368 0.0542058791165336 0.0402303808209783
v 0.0266306282587957 0.0515474179359754 0.0429574655971323
v 0.0228765881163647 0.0517029972868721 0.0418045437425658
v 0.0385960853413627 0.068288378961206 0.014808960567437
v 0.0457985837951625 0.0729647150889868 0.014809001545644
v 0.0392655237183235 0.0683026915313314 0.0204714847446716
v 0.039772248869265 0.0682259430748706 0.0228868818276324
v 0.0216971053548807 0.0460151327452087 0.0461435882483477
v 0.0394792659697106 0.0687214217518493 0.0174912291549521
v 0.0381543851311275 0.0668233037520029 0.0249281292540238
v 0.036892372290216 0.0666782781520602 0.0220039039118239
v 0.0307726462012687 0.0601413302597329 0.0331320724706555
v 0.0293819860507108 0.0582679854486772 0.0356295228252407
v 0.0263850478145845 0.0493067184001328 0.0447149389398957
v 0.0249050086385385 0.0478359695719029 0.0454727787246876
v 0.0249912714587616 0.0449226164930843 0.0470987977046157
v 0.0413839509773867 0.0697291801706859 0.019557983652569
v 0.0372171542670474 0.0657329556195591 0.0269384157823643
v 0.0336310893230646 0.061260150795474 0.0334259085667532
v 0.0289175019655194 0.0534266338065099 0.0417966237727359
v 0.0433822860557826 0.0707898526306626 0.0213605106713074
v 0.0431994227349893 0.0710647791468653 0.0178198576114573
v 0.0388259953522837 0.0657957416833001 0.0293416460631311
v 0.0374963312410643 0.0638784756848998 0.0319854128311802
v 0.0346819266375473 0.0626670332254141 0.03156571403486
v 0.0358917705142852 0.0643175832501823 0.0290369377036521
v 0.036172571714836 0.0619158095584105 0.0343633334811736
v 0.0326283455052601 0.0598088368132472 0.0352487496002999
v 0.0348932176479728 0.0598629839258896 0.0366401310921111
v 0.0313302755803557 0.05778750852076 0.037565705854119
v 0.0300885972360839 0.0556646511324384 0.0397543407152943
v 0.0283261866496614 0.0506492575944652 0.0440820044553987
v 0.0316304073118331 0.0502837133613704 0.0449796507066753
v 0.0298872359867271 0.0444583371328155 0.0478392925319626
v 0.0289455887910968 0.0481304650446045 0.0459017348705033
v 0.0301679775826344 0.0467542603905577 0.0468222730383391
v 0.0459929470868501 0.0727091377370816 0.0207731998323922
v 0.0324950546213604 0.0554827563220504 0.040853357601169
v 0.0313892543750427 0.0531311734832976 0.0427589783381919
v 0.0330074384881388 0.0491182409995805 0.0459486660934182
v 0.0261490991082247 0.0465417548595242 0.0464233390171044
v 0.0305869050937842 0.0423196472554171 0.048678246814909
v 0.02486833315637 0.0436022688605001 0.0476734909810597
v 0.0453723286381594 0.0718236433868328 0.0233937282317683
v 0.0418103849483201 0.0692187630746018 0.024192425151607
v 0.0403124345769194 0.0675395357555012 0.0269068159968129
v 0.036734580172571 0.0590143960390015 0.0387235152911958
v 0.0386060467673982 0.0632901999954737 0.034079704683916
v 0.0355930022390265 0.0567240420921227 0.0407024162382489
v 0.0375940456034089 0.0606608854959829 0.0371644845038742
v 0.0336642518565603 0.057720550130486 0.0388081315634049
v 0.0328583076702441 0.0520860056867414 0.0439476592663225
v 0.0348123304215302 0.0546608974020153 0.0423616908958212
v 0.0483400177581611 0.0745845463596546 0.0205400058947499
v 0.0453090508585641 0.0725269709804107 0.0173955431789097
v 0.0406799493578093 0.0656731944925547 0.0318891475723023
v 0.0412920629689387 0.0642327434604804 0.0348558393754975
v 0.041151813242917 0.0649888807870351 0.0335804709130574
v 0.040627959207566 0.0620713516563917 0.0372360436292094
v 0.0391324451759661 0.0623319283495537 0.0359043189562393
v 0.0490800429341194 0.0753673940266047 0.0185052367503595
v 0.0442050909056127 0.0704297286967693 0.0256743666182912
v 0.0436989878781372 0.0693902456951146 0.0278172418607431
v 0.0435931970866061 0.067137971678434 0.032548822199527
v 0.0457470183280038 0.0695386762115317 0.0309736459986386
v 0.0417730389139127 0.0673461633218555 0.0298116232568217
v 0.0446040061577265 0.0683771005047004 0.0315736898840631
v 0.0387219703483146 0.0580248617464151 0.0406226726473839
v 0.0372094578174628 0.0490345858525906 0.0466517962465441
v 0.0337203994306837 0.0471398355163032 0.0470973858191192
v 0.0542319255866432 0.0795785306471045 0.0219781267569613
v 0.0537141325984724 0.0788240026464983 0.024797025068594
v 0.0492275644266411 0.0756240889659741 0.0148092297197513
v 0.0506541531386795 0.0764911058701476 0.0225509108214872
v 0.0500803317856721 0.0749301714588451 0.0270083879335003
v 0.0379346749648157 0.0433807108710063 0.0490679495636891
v 0.0356653920784882 0.0410954121447575 0.0495001467131511
v 0.0536074067590972 0.0796930610104397 0.0176126177800262
v 0.0534860181774351 0.0797122090089937 0.0148086262225206
v 0.0509762454559755 0.0772189533326908 0.0148087389125899
v 0.0537809345026112 0.0796591683079409 0.0192824294247405
v 0.0539693485058252 0.079637904343788 0.0205902097862892
v 0.0509730454316806 0.0771305670654357 0.0196836992037754
v 0.0516666274145261 0.0771242638721374 0.0244979940534334
v 0.0440548275994926 0.0656280216072502 0.0353214225878078
v 0.0398111967784649 0.0603756771751091 0.0387222561426528
v 0.042184739362045 0.0603499838393063 0.0399452172036032
v 0.0387900015982245 0.0471729943363672 0.0477607037814773
v 0.0361551634336604 0.0455099571343319 0.0481126134475084
v 0.0335043139717513 0.0437333879470962 0.0484899109754355
v 0.0526725340037233 0.0790771511083146 0.0169683975247861
v 0.0528778496486436 0.0790994805058501 0.0194460684439001
v 0.0530638086856057 0.0789173510020946 0.0218667591661499
v 0.0487319741681528 0.0745146673408073 0.0233699981246109
v 0.0479498196851509 0.0732929877801493 0.0258386221732019
v 0.0469994497224818 0.0715572030847752 0.0286819602600317
v 0.0495422620428599 0.0728689601950509 0.030871871033562
v 0.0478795011070488 0.0727104117867908 0.0275336782560876
v 0.0470346313632741 0.0709169893805944 0.0302212898430046
v 0.0463154752631013 0.0662799699798055 0.0365279029589522
v 0.0411944491894299 0.0578807264911522 0.0417087813980467
v 0.0441669849120015 0.0592713144958638 0.0417981995710604
v 0.037090863203462 0.053942154552014 0.0435477417681193
v 0.0547350446566564 0.0794866649575441 0.0240977524548655
v 0.0463235330658367 0.0682255630951327 0.0339437017401012
v 0.0432335873715528 0.0637798150635568 0.0369569447864735
v 0.0383560797939586 0.0558281057496664 0.0424408607917879
v 0.0367411739362519 0.0517653921950005 0.044994224047209
v 0.0397734819403263 0.0449674727286073 0.0487438715508091
v 0.0548789004636064 0.0785808528671954 0.0284740107605608
v 0.0524537402588045 0.0770880838406285 0.0274076553683285
v 0.0489831220585906 0.0714011059183534 0.0325595249621428
v 0.0474541139426659 0.0636882175949877 0.0399566128704468
v 0.044403585544149 0.0629998284205152 0.0386135707617556
v 0.0445766476263861 0.0568911214180264 0.0436583233224142
v 0.0433108610664866 0.0617920143949968 0.0391603318021767
v 0.0417095338916143 0.0561168158445947 0.0432635765288788
v 0.0426078466488163 0.0509676359112776 0.046601869889225
v 0.040204993481823 0.0535657548193499 0.0445861183581844
v 0.0389551139111424 0.0501814466578095 0.0463364652182176
v 0.0425388468234504 0.0479282338676589 0.0479760032811714
v 0.0370116821599381 0.041957217366056 0.0493953468113378
v 0.0553973118499529 0.0793532026625647 0.0262172514928571
v 0.0534317183472584 0.077010344456616 0.0299626745158424
v 0.0514573666872679 0.0749569190521559 0.0304478099208396
v 0.0508163783516806 0.0714835764226311 0.0351038208579374
v 0.0521448056665486 0.0741082603847284 0.0332853272396266
v 0.0489441182700375 0.0703159582929098 0.0342069233902618
v 0.0480310235612617 0.0677718970904827 0.0364217470510157
v 0.0461661283783741 0.064568094205583 0.0382335723974566
v 0.0456187007065414 0.0617718493918504 0.0404745215278329
v 0.0440470305670722 0.0541844773165934 0.0451810213412734
v 0.0418023830249378 0.0525689860105784 0.045569468666802
v 0.0467417527718456 0.0558304117051343 0.0450110549144204
v 0.0393619156026417 0.0401297085422002 0.0500761475669282
v 0.041875283229159 0.0394296927328081 0.0504618977813764
v 0.0560255447918435 0.0792287853754625 0.0278975144430079
v 0.0455890250446871 0.0519287760316892 0.0467460386721118
v 0.0567556122670566 0.0790906962683812 0.0295922073099677
v 0.0580990077980092 0.0788300078164728 0.0321954224168769
v 0.0574146384578659 0.0789706375723895 0.0309380620137773
v 0.0545343930750855 0.0770035793271658 0.0320618595390257
v 0.0532822373520835 0.0728296211163097 0.0366396095512944
v 0.049654560916397 0.0669571758290526 0.0387265327773493
v 0.0484699521555769 0.0650077456634315 0.039529329380536
v 0.0473430034367075 0.0617463721229573 0.0414409776392827
v 0.0512155841764311 0.0662218330799158 0.0406164290587504
v 0.0511536698530546 0.064720674696784 0.0416243737421643
v 0.0494357150174151 0.060991646681899 0.0430472004199276
v 0.048644832179439 0.0581855335708572 0.0443629882956576
v 0.0497429434267525 0.0522971924645671 0.0475431653815633
v 0.04443839838121 0.0386665630340187 0.050851760717693
v 0.0493652511529947 0.0394272340403867 0.0512207098672622
v 0.0562083112550912 0.0783126169746119 0.0314622999415024
v 0.0563507738035007 0.077372725917187 0.0339191185411795
v 0.0521079103922573 0.0700329180917167 0.0382235290114447
v 0.0442240600833885 0.0491310448266291 0.047742859634965
v 0.0590961860322322 0.0786386395896796 0.0338384361768445
v 0.0559801521305713 0.0739974478623576 0.038476521011016
v 0.0540858308802739 0.0749679757174688 0.0349210841316597
v 0.055685787148347 0.0724924971324305 0.0396471789786399
v 0.0516784887385713 0.0605083571588636 0.0444040335579276
v 0.0479615208217168 0.0503284727393132 0.0479386982116151
v 0.0502911422336598 0.0546259616178832 0.04669786320182
v 0.0470113594752997 0.0538747305002965 0.0461289851054816
v 0.0482341673619865 0.0482873817751667 0.0487606353627727
v 0.0445453961667708 0.0456702340778699 0.0491054856013213
v 0.0509953710959403 0.0443982481801549 0.0503636655685614
v 0.0498060908211903 0.0420856207151139 0.0507562591435823
v 0.0442694676458215 0.043074268388312 0.0498543884116908
v 0.0468765971017651 0.037879580293451 0.0512208253513002
v 0.0557536842878092 0.0763311418510995 0.0350620156361918
v 0.0580788688791058 0.0766439322305907 0.0372547036145707
v 0.056202198053848 0.0753982841441162 0.0370073517064022
v 0.0540012295394868 0.0655619721881137 0.0430198605052607
v 0.051249130414819 0.0631139639029463 0.0427262628278221
v 0.0540514017481051 0.062777301855219 0.0444981157959587
v 0.0527935724081052 0.0481328753082357 0.0496457981620738
v 0.0578273633608074 0.0783136004515804 0.0334970951629336
v 0.0601502643492021 0.0784362519504891 0.0353780395687462
v 0.0569997379854387 0.0722770560716576 0.0410609979014415
v 0.0540299552523362 0.0679714460575141 0.0415821736395146
v 0.0509771916796901 0.0575832545105042 0.0455651771309393
v 0.0539344760641207 0.0599889583848586 0.0456906076973424
v 0.0520521502483162 0.0507632291640683 0.0486593484108887
v 0.043850700322151 0.0411138635137921 0.0502948631589713
v 0.0589848520088609 0.0777634195935187 0.0360982278318678
v 0.0596769625020714 0.0773405468488 0.0375540307904093
v 0.0587280305014253 0.0743922617111408 0.0407333845868829
v 0.0538109379900044 0.0462371377696882 0.0503473934950821
v 0.0593380728511951 0.0728928616656194 0.0425706238722606
v 0.053298259825299 0.056943554896557 0.0467026911796655
v 0.0526664394289313 0.0538703756344775 0.0476978767395294
v 0.0553108180617365 0.0542652155603016 0.0483276596273773
v 0.0493613172465275 0.0369985525677676 0.0515971729298826
v 0.0613079280858958 0.078207139069737 0.0368809562894884
v 0.058785619762862 0.0756842375232995 0.0393368845444856
v 0.0611988031596221 0.0762406768711609 0.0406242819733324
v 0.0593319521993715 0.0689912073657166 0.0448647850671008
v 0.0566209914545501 0.0684526941207815 0.0432623509079597
v 0.0563607426801165 0.0663529484412203 0.0441594234643381
v 0.0569761382719255 0.0705409361000442 0.0423052303771278
v 0.0598332868553716 0.0711544171120804 0.0440736933299563
v 0.056257697427474 0.0637986277858714 0.0452375563657977
v 0.0558872582937652 0.0606426911720651 0.0463008216286914
v 0.0560476283122391 0.0399263709536651 0.051962489920193
v 0.0643913507970129 0.0776087529390512 0.0401929379156348
v 0.0619005249015878 0.0774681455348837 0.0390503649209871
v 0.0613842108536323 0.0729243701815278 0.0440239308854653
v 0.0579000512234863 0.0597416102019817 0.0474811243761318
v 0.0558810817625884 0.0574329911506457 0.0474553602597896
v 0.0590641001076087 0.0577770814297187 0.0484987548175691
v 0.0562109003317907 0.0516958223753517 0.0493586899425108
v 0.0581655861847352 0.0542696672837008 0.0491788254160162
v 0.0548039550750571 0.0496165173705114 0.0496263558654875
v 0.0532273973548256 0.0372747307819303 0.0519741016539464
v 0.0518303799965154 0.0360171543119209 0.0519724289980416
v 0.0653547480995645 0.0774188301253784 0.0410658221539954
v 0.062908007288546 0.0778984465109481 0.0387138891378372
v 0.0634600207926336 0.0754953205383445 0.0430968399297975
v 0.0584826493602406 0.0656130682869787 0.0457579199903135
v 0.061341135322874 0.0677825439737253 0.0465697131725873
v 0.0579532073895669 0.0624351487277508 0.046619807168026
v 0.058709448753832 0.0476855422992164 0.050926244196893
v 0.0566804470863846 0.0418459242810755 0.0517399596296053
v 0.0536102044520488 0.0352183176936492 0.052245168768106
v 0.0636281803929476 0.0729599020123075 0.0454109835884983
v 0.0614098147732814 0.0745468464091943 0.0427360193663849
v 0.063616035946846 0.0536930890097338 0.0508610255177716
v 0.0606697560697111 0.0559515395598 0.0495153757049971
v 0.0570259416768124 0.0333946198430465 0.0527754230416803
v 0.0558895866001497 0.0340539703699066 0.0525973019516299
v 0.0547557796219942 0.0346569013562803 0.0524219413026162
v 0.0677466451880349 0.076953675321596 0.0429765279139806
v 0.0642001465514278 0.0768135224029974 0.0417333198934698
v 0.0657417759506016 0.0754658981857027 0.0443985014999796
v 0.064967660643884 0.0714867429204464 0.0469914422528009
v 0.0620538988250376 0.0709127798011457 0.0456656109910589
v 0.0640228301877649 0.0693540507624394 0.0474221865385594
v 0.0634151310455405 0.0660865453920781 0.0481496465707818
v 0.0601572418177752 0.061089986928169 0.0480269987971646
v 0.0628231749797656 0.0625732452854152 0.0487636118707191
v 0.0606753775326459 0.0644121907543217 0.0473201135501589
v 0.0623553418586707 0.0591450047606555 0.0493546703529311
v 0.0586938621395716 0.0511679634642424 0.0501186605940678
v 0.0663596153327917 0.077225167118992 0.0419155760571379
v 0.0640730098469636 0.0742895479725942 0.0446644649647191
v 0.0659433141512437 0.0729014223855955 0.0466830737943766
v 0.0635281861529913 0.0463853969226941 0.0521696049543573
v 0.0630075544936765 0.0374312861592124 0.0532805427731839
v 0.0581359962045559 0.0326894817577765 0.0529516181560007
v 0.0592284077578402 0.0319163012223922 0.0531291133970711
v 0.0691914468439354 0.0766751874266739 0.0439701637525607
v 0.06624827385884 0.0680986051591952 0.048854296642859
v 0.065076252853657 0.0608890894055974 0.0499632265295415
v 0.0583308326081008 0.0443346611787313 0.0515413419854608
v 0.0583421090615822 0.0340330528578676 0.0528969457772501
v 0.0605331571281003 0.035905749468194 0.0530454880524137
v 0.0681436717180096 0.072041781558686 0.0481614631955703
v 0.0685596525245991 0.0734345339577867 0.0475019487558821
v 0.0660282880210523 0.0580549658274101 0.0507753400868884
v 0.0632962272324519 0.0563351812592324 0.0502484013227913
v 0.0634233639369161 0.0327464414655372 0.0536908687359707
v 0.061247775824791 0.0302121312137356 0.0534698695402091
v 0.0602684640824401 0.0310906946590603 0.0533023767069436
v 0.0706755875645083 0.0763865592881596 0.0448806101055945
v 0.0722019656255411 0.0760871501559069 0.0457109664156493
v 0.0723226873802547 0.0755140438536621 0.0467081152041586
v 0.0673254266234028 0.0763419899000857 0.0439632756884895
v 0.0681521206762176 0.075339633153993 0.0456272218616623
v 0.0656864628414864 0.0646838464645458 0.0494452768939485
v 0.0668625146106822 0.0535863519563159 0.051744999949069
v 0.0623677955038601 0.0507166406679757 0.0511232003610074
v 0.0629917890654858 0.0283017104385537 0.053785468789527
v 0.070549538644787 0.0751342652815644 0.0467135131516109
v 0.0674238115379861 0.0742793928278358 0.0463932610131502
v 0.0762697143196388 0.0730716607587314 0.049867508888521
v 0.0669947326109999 0.0704054695982123 0.048410640496597
v 0.0705774708708205 0.0717960091741337 0.0491883211841707
v 0.0677681401125766 0.0368112486340527 0.0541590447511981
v 0.0673600941741454 0.0402911328755349 0.053748614480248
v 0.0655390233053494 0.0439473984959148 0.0529406322712272
v 0.062627738804496 0.0415948284549019 0.0527295609774395
v 0.0635840506050584 0.0275052188913111 0.0538996638766229
v 0.0737670271001685 0.0757823020979949 0.0464621342032797
v 0.0684351905785095 0.0662007330285909 0.0501438361143456
v 0.0689288660378271 0.0694528231425289 0.0495166534799979
v 0.0712445958425577 0.0683242833211405 0.050578458428605
v 0.0695949330271432 0.054720252472241 0.052260233847124
v 0.0641351551383335 0.026678042117592 0.0540104093437459
v 0.0646251425603381 0.0258293089443336 0.0541162262501516
v 0.0753809345800975 0.0754674777093188 0.0471367621507759
v 0.070988325678074 0.0731959737376702 0.0485446504094339
v 0.0732625184969051 0.0721699017855864 0.0497901271324971
v 0.0684749245239447 0.0620813652400713 0.0508831127713565
v 0.0721522777046509 0.0472886050342511 0.0538533287003556
v 0.068060359327637 0.0487958766208123 0.0527758849778322
v 0.0720246120089761 0.0743934314526867 0.0479212116930913
v 0.0753368122427888 0.0741776700168408 0.048806460174098
v 0.0737160204265421 0.0735055454652644 0.0490799040242649
v 0.0714168607126887 0.065623685367889 0.0511704035302053
v 0.0661464020726152 0.0306023257009999 0.0542588155094223
v 0.067150725413471 0.0170998518876217 0.054856799308621
v 0.0770179016064586 0.0751483543341969 0.0477235738006238
v 0.075861623677725 0.0748719302507921 0.0480944228488822
v 0.072052827357066 0.0705952657519724 0.0501455609243321
v 0.0740996806152246 0.0701207381146566 0.0508090129971859
v 0.075813254509571 0.0717214437385197 0.0505419803737722
v 0.0720607249723222 0.0636783008688884 0.0516309725000927
v 0.0733901692914189 0.0563053640256865 0.0529021686359997
v 0.0691931455762735 0.0324424204223488 0.0547349040438965
v 0.0673187211010155 0.0274931563972804 0.0545924675215792
v 0.0701903908657204 0.0252297251324152 0.0552723555807405
v 0.0738306997605266 0.0684986120643955 0.0511861168099525
v 0.0803606045165533 0.0744965698744698 0.0486341877917771
v 0.0786839705999808 0.0748319131689893 0.0482296732838043
v 0.0768550840723133 0.0703584042648016 0.0512293078401538
v 0.0744120014962861 0.0653172801381101 0.0519184942270175
v 0.0741086660152236 0.0438654756094945 0.0546523180555808
v 0.0742964131914891 0.0171002206914849 0.0565592836228523
v 0.0752122981426361 0.0288635328327012 0.0561458246898741
v 0.0798469466005213 0.0696993033324752 0.0517339432837562
v 0.080287752741105 0.0711571738278255 0.0512711763918557
v 0.0765592885786464 0.0687558285445817 0.0516269044817229
v 0.076444370826088 0.0663240103764796 0.0520982544453487
v 0.0765936357544305 0.058311098247756 0.0532213963192848
v 0.0785972011402885 0.0723968763489902 0.0505706725692708
v 0.0786635932625037 0.0735473357858438 0.0497563163864123
v 0.0759861377778777 0.0489278450738812 0.0543621439210743
v 0.0739004371933551 0.0404407554852472 0.0549877917353044
v 0.0820788722765708 0.0741600344866551 0.0489599198341042
v 0.0837988760218286 0.0738272690938864 0.0491975673577915
v 0.0819161515999711 0.0683785310166546 0.0521692957551589
v 0.0791926217259636 0.0680733327813372 0.0520785029495641
v 0.0787263718532102 0.0591928375041249 0.053402639203652
v 0.0862818415548997 0.0713783741893308 0.0511524662514042
v 0.0855478699755411 0.0701033261019637 0.0517033511895684
v 0.079288048760116 0.0655288692474229 0.0525652681696133
v 0.0809586924100225 0.0581296281206044 0.0537894623020659
v 0.0819093790223599 0.0466517664442124 0.0554597228444117
v 0.0806292575457123 0.0413487096182357 0.0559323803853707
v 0.0785797816832423 0.0465607128682093 0.0550800150528534
v 0.079735128289422 0.031140073398522 0.0567521270650983
v 0.0759825391475299 0.0344733413405706 0.0559007154072172
v 0.083330353722044 0.0730527586294196 0.0501201730624361
v 0.0880268121951797 0.072517031902562 0.0502004232929516
v 0.0868518258589854 0.0686094618396818 0.0521146308269914
v 0.0837435256598113 0.0653781365008295 0.0528218364490702
v 0.0832262318605293 0.0515463376014266 0.0549185460160202
v 0.0782976580046651 0.0378331668860612 0.0559806936914497
v 0.0880272294276838 0.0720325130333159 0.0506437143606419
v 0.0819971692115712 0.0353895395437537 0.0566773977166562
v 0.0871422941876446 0.0732038266522523 0.049394925853393
v 0.0880267004364733 0.0730736277126685 0.0493924522598055
v 0.0880260447853954 0.0652572060866158 0.0528014516537225
v 0.088026886700984 0.0579535782926544 0.0540719325336523
v 0.0836850460540131 0.058576514094638 0.0539138125339202
v 0.0853221620919828 0.0464009984436949 0.0557037406166451
v 0.0849043037391248 0.0326788609515747 0.0571453017856006
v 0.0788510722178736 0.0171001927517982 0.0574618286325139
v 0.0834521483603396 0.0170995557269436 0.0580859528025012
v 0.0817630123698049 0.0242179433987074 0.0574985190289648
v 0.0793816131491609 0.0247731925159194 0.0571255800921483
v 0.0835967492253326 0.0262514980980533 0.0575504756701773
v 0.0861259605111351 0.0530199064753579 0.0548317318217981
v 0.0880267227882146 0.0463592677277802 0.0557438322042789
v 0.084932750055208 0.0400901571218408 0.0564164186920071
v 0.088026782392858 0.0376978531211827 0.0567369204250016
v 0.0857415999678921 0.0170996209195457 0.0582482488540579
v 0.0863136853356592 0.0249521741483173 0.0578086309238334
v 0.0880267674916971 0.0269087755001672 0.0576904013459916
v 0.0880267376893754 0.0171002970599616 0.058304687021002
v 0.115460050505549 0.0670999513529006 0.0351245148524836
v 0.118121196669613 0.0656328644862619 0.0323952396048997
v 0.116891456017836 0.0663791521419651 0.0336943158227479
v 0.120032143890141 0.0643352485827004 0.0301262557929831
v 0.116584410147719 0.0601279825401183 0.0329553222878946
v 0.121255775065965 0.0593043019525166 0.0271326692474609
v 0.119610023805277 0.0595945133399386 0.0296621831863952
v 0.121215765449054 0.0635142762820536 0.0283938387611679
v 0.122500968221555 0.0626351521803509 0.0256834302526261
v 0.122081165267205 0.0629139753515123 0.0267733779162286
v 0.122849960859495 0.0624094106884493 0.0244098573807119
v 0.122177084039665 0.059141823361674 0.024908889985827
v 0.123317209110026 0.0621299504924333 0.0221420768379651
v 0.123264563308705 0.0589500714298514 0.019081168686243
v 0.123622854271022 0.0619442372582092 0.0201445177681966
v 0.123963397950754 0.0617403297000673 0.0148100138936221
v 0.123467912000391 0.0589142788286634 0.0148110001645592
v 0.123865430268675 0.061800392575687 0.0177891332694196
v 0.11425693077765 0.0675934183724437 0.0363063226177091
v 0.112931457617922 0.0680399020149903 0.0376594975194095
v 0.112364952734898 0.0608719828668114 0.0369559799359627
v 0.111663659401307 0.0683722352739394 0.039048587956919
v 0.109600452119103 0.068794467268512 0.0410360719756974
v 0.109435988006683 0.0613884349352024 0.0400461279010408
v 0.105951418594613 0.0620028770724578 0.0429389434475583
v 0.102304866113406 0.0626458810200076 0.0452607127780567
v 0.106609967948275 0.0693971449350605 0.0433832105416341
v 0.100493235130016 0.0706183625595667 0.0467653915617009
v 0.103638028272138 0.0699917312683679 0.0452231245863428
v 0.0986372433907422 0.0632925543797317 0.0469843604735692
v 0.0974315159596922 0.0712248325729105 0.0478755731463434
v 0.0944439226140707 0.0640319800484045 0.0483765391777715
v 0.0898260156104126 0.0648462170219335 0.0492055618334523
v 0.0908299962245686 0.072521584208833 0.0492418387225415
v 0.0945507862891838 0.0717923881907496 0.0486448048726874
v 0.0863195787447796 0.0654645036600659 0.0494052188339386
v 0.0880294869535542 0.0730670562983787 0.0493913123205919
v 0.0859203393924172 0.0734050370993139 0.0493778081387324
v 0.0702880754257433 0.0731579385109706 0.044984847488384
v 0.0714282750019081 0.0762376519344244 0.0453349727397639
v 0.0646694064586751 0.0775525680919323 0.0404717089327145
v 0.0588102774587964 0.0755099236812106 0.0342504683231601
v 0.056811811995243 0.0758616210056235 0.0308605293834457
v 0.0552852476696994 0.0760492192373706 0.0275001338683484
v 0.05433435244111 0.0760720701757227 0.0247434032220598
v 0.0545798490662914 0.079507928921697 0.0236114193686358
v 0.0538154902946474 0.0760226504580541 0.0228826834240584
v 0.053407302795188 0.0759176791928297 0.0211217399722186
v 0.0529825824577536 0.0756598219624974 0.0184112867601783
v 0.0529403451172937 0.0765402275644924 0.0148093768687674
v 0.053598175489944 0.0796911015070857 0.017887337542548
v 0.0533044438070563 0.0784589240748469 0.0161090137429935
v 0.0528068940459148 0.0755053192208579 0.0165516621978919
v 0.0530104439032731 0.0767918263050249 0.0161089839406611
v 0.0534975442253609 0.0797004296371206 0.0148092259944598
v 0.0533056470757958 0.0786115269177972 0.0148152050873934
v 0.0527487459909458 0.075453522767182 0.0148093824567048
v 0.0560970293857828 0.0792167601343473 0.0281145592417919
v 0.0575101437231129 0.0789438825284957 0.0311307806587564
v 0.0591802360300675 0.0786205048704266 0.0339876452791951
v 0.0611760453616974 0.0750521598558584 0.0373922860820015
v 0.0617171363148741 0.0781278350632746 0.0374059877043131
v 0.0675664081968434 0.0769885738528126 0.0428608762378897
v 0.0641184732887498 0.0744602557324651 0.04048034043323
v 0.0674328043885656 0.0737649375157143 0.0431647557199993
v 0.0694439470147213 0.0684401026353511 0.0450068416096802
v 0.0737219287368234 0.0676858056028208 0.0470455372113616
v 0.0756551084893555 0.0754142209413563 0.0472614700106188
v 0.0793464836624316 0.0746946063731329 0.0484104877596435
v 0.0775058922729079 0.0670185462820055 0.0482908760986376
v 0.0822352450586439 0.0741298447239544 0.0489933655016173
v 0.0820475127835393 0.0662177650615459 0.0491805017972126
v -0.0258530428442427 0.0399777948781863 0.0315187045808226
v -0.0324819639515442 0.0351021295755753 0.0186090103343514
v -0.0358354292250706 0.0316979805112531 0.0186090028837683
v -0.0346742152868019 0.032620057224498 0.0315463834970202
v -0.0391931674064738 0.0270206311041714 0.0315091119550878
v -0.0409664726041306 0.024241219020296 0.0315189616259393
v -0.0454969507717284 0.0139581356429749 0.0315090896033386
v -0.0444292639696023 0.0170647205256833 0.0315095515394904
v -0.0472072538612658 -0.00608840556053939 0.0315359415048127
v -0.0471362498297642 -0.00808786965127303 0.0186090010211225
v -0.0434071747197103 -0.0201099153976582 0.0186090047464141
v -0.0376408464243824 -0.0291433748711009 0.0315299288842551
v -0.0351500987600518 -0.0321178730227338 0.0315079198617927
v -0.0335192561108045 -0.0341250675590899 0.0186090177849345
v -0.0294747737167457 -0.0376903317575484 0.0186090177849345
v -0.0219743004745032 -0.0422437444401376 0.0315086611948106
v -0.0148805246156339 -0.0452295097360558 0.0315085233590233
v -0.0136616478414467 -0.0458626453862964 0.018608980532019
v -0.0103959708944865 -0.0464661463422769 0.0315085419854811
v -0.00827119946618688 -0.0471315318414439 0.0186090811148908
v -0.00681666548959922 -0.0471304813092275 0.0315326856000002
v -0.00421607345232209 -0.047652387204444 0.018608963768207
v -0.000208057152928441 -0.0478515561917375 0.0186089991584768
v -0.00211953669705535 -0.0475915345670162 0.0315081173022447
v 0.0036184456321945 -0.0474910112998994 0.0315091007792132
v 0.00838201939950851 -0.0468880952146919 0.0315091045045048
v 0.00455406484259526 -0.0476375828958343 0.0186089991584768
v 0.00930071973873568 -0.0469451033512427 0.0186090010211225
v 0.0139556486765525 -0.045780361146596 0.0186090028837683
v 0.0184667888626431 -0.0441566667485935 0.0186090010211225
v 0.0175741832500508 -0.0442758909792785 0.0315091082297963
v 0.0130429153209275 -0.0458139073969809 0.0315091045045048
v 0.0234688012271645 -0.0417345604155557 0.0186090811148908
v 0.0233678980163958 -0.0415555601567001 0.0315089815698837
v -0.0180818210970951 -0.0442836768386127 0.0186090028837683
v -0.0178588606150705 -0.0441388747561628 0.0315303386663253
v -0.0218642796159327 -0.0425524146471772 0.0186090252355176
v -0.0268668377354706 -0.0393215363433106 0.0315091156803794
v -0.0255474125844077 -0.0404347056117741 0.0186090140596429
v -0.0311536446700925 -0.0360019402212411 0.0315091156803794
v -0.0367555945346749 -0.0306076808075994 0.0186090047464141
v -0.0401112316523967 -0.0256378270961482 0.0315085904142712
v -0.0402779346642365 -0.0258385066891643 0.0186089879826021
v -0.042532469126602 -0.021364278803708 0.0315084749302332
v -0.0440445942272715 -0.0180566296916312 0.0315269598268917
v -0.0451148291279047 -0.0151492054143103 0.0315087766788486
v -0.0464693483754399 -0.0103527323594153 0.0315079198617927
v -0.0457769920130752 -0.0139403632083248 0.0186090177849345
v -0.0465560954833909 0.0109476865652631 0.0186090066090598
v -0.0477700558058166 -0.00259613239635468 0.0186090718016619
v -0.0476067726103944 -0.000379559012727068 0.0315098197604819
v -0.0477690276257172 0.00212991006371321 0.0186090047464141
v -0.0473726269444987 0.00466821871749889 0.0315339186715024
v -0.0465916049497222 0.0097938482889759 0.0315105052141266
v -0.0474125993085078 0.00627726061252235 0.0186090140596429
v -0.0435846736225937 0.019669125863242 0.0186089786693732
v -0.0451731634473844 0.0157207955228953 0.0186090624884331
v -0.0429335748493623 0.0205417940346929 0.0315579505272751
v -0.0417002169407861 0.0234227240385282 0.0186090010211225
v -0.0391574977526633 0.0274662430284958 0.0186090103343514
v -0.0366352974630458 0.0303852175722596 0.0315088996134696
v -0.0316654920950799 0.0355406522700849 0.0315099762227269
v -0.0285544891978546 0.0380980686427097 0.0315091194056709
v -0.0201287935645406 0.0434004809932487 0.0186090140596429
v -0.0224726120574936 0.0419732398450016 0.0315642760723227
v -0.0292993833281241 0.0378126442549262 0.0186090066090598
v -0.0249055245912334 0.0408552612251503 0.018608997295831
v -0.0163349356576444 0.0449534730829719 0.01860892279
v -0.0189100704585748 0.0436859798868631 0.0315412872981833
v -0.0162561811598501 0.04473779360354 0.0315085270843149
v -0.00356661823056751 0.0487959585772264 0.0308562881390189
v -0.00820187274660465 0.0472943568844004 0.0321849245452962
v -0.00694108692315781 0.0476323563117933 0.0324721109959816
v -0.00454822870981188 0.048232027668063 0.033194154454294
v -0.00588158225532817 0.0479045559145833 0.0327634325202848
v -0.00280345225028432 0.0487078181792134 0.0333537198671464
v -0.00314401758326555 0.0487464420019775 0.0323924232844898
v -0.00329602222973063 0.0485156825423615 0.0336772465368774
v -0.0025344564944255 0.0486762165310163 0.0340084212301553
v -0.0163357105180092 0.0449561366664283 0.0186093027697379
v -0.00431345533251495 0.0488771438559202 0.025127506857644
v -0.00441597112828563 0.0488893106581142 0.0230764321121504
v -0.00455436007184481 0.0489006951490833 0.0186086899592783
v -0.0162581257613424 0.0447432176280331 0.0315090970539217
v -0.0151988143429427 0.0451227875838041 0.031513440743866
v -0.0132266699174047 0.0457998853995963 0.03157654718268
v -0.00421157004211319 0.0488751359237761 0.0265556700155491
v -0.0121726931145932 0.0462565204616096 0.0284482168418862
v -0.0113631726496704 0.0463859296393854 0.0317147964772979
v -0.00984066143988097 0.0468341790701254 0.0319006997013909
v -0.00385032958126827 0.0488248370373023 0.0294401241451883
v -0.00406606067196894 0.0488499641287899 0.0279451385701506
v -0.0471481186043898 1.7250360528279e-07 0.0431716847622776
v -0.0475904483886714 6.54820559719132e-08 0.0315088921628865
v -0.0474708218692811 7.84108472365601e-08 0.0371232380758607
v -0.0474363405830492 0.00277813104924453 0.0356698640074082
v -0.0442980517976427 0.0156547386531756 0.0434964705805516
v -0.0383528872202441 0.028204742962219 0.0315091380321287
v -0.0344191409404772 0.0326784027407144 0.0354515842744762
v -0.0346558756830725 0.0326403451622655 0.0315464952557666
v -0.0280164455320739 0.0364269140303925 0.0453512112856193
v -0.0161664966605644 0.0421289272293532 0.0467014767346211
v -0.0161942556606029 0.0433540377835265 0.041821087762328
v -0.0199455875170475 0.0407838883643925 0.0462710639998103
v -0.0222504581008007 0.0407598639592029 0.0417907415373824
v -0.0241089103942611 0.0388104486947479 0.0457963538232087
v -0.0185552533293834 0.0437331160008132 0.0340213219147841
v -0.0162418704574884 0.044667467549707 0.0338717961626521
v -0.0223488970320921 0.0419533132605143 0.0339210109892856
v -0.0162561886104305 0.0447399989761361 0.0315085494360642
v -0.0187502443324722 0.0437577513538166 0.0315397673792319
v -0.0305169087532858 0.0345922302950164 0.04507169521023
v -0.0469944131301108 0.00378299561504087 0.043188944038017
v -0.0471749742215511 0.00556177785828653 0.0361625747927672
v -0.0473687153897728 0.00469546317156982 0.0315340080784995
v -0.0467311580464736 0.00903345854211975 0.031516033546783
v -0.0453764264573961 0.01241471475856 0.0433730106933771
v -0.0462009523913057 0.0110148749922903 0.0361747937490429
v -0.0463407029284386 0.00844904411738265 0.0432626973600736
v -0.0467923235865169 0.00824471094468142 0.0357292526052579
v -0.0459633198537686 0.0123632861774243 0.0315091119550878
v -0.045467930760952 0.0137083455314886 0.0362128103492847
v -0.0445328270375848 0.0162523089450126 0.0374478339042658
v -0.0428755683554215 0.0190324251089905 0.0436592769970503
v -0.0422986773632768 0.0213192735565231 0.0375724598076946
v -0.0428511379021902 0.0207473667981566 0.0315590085100746
v -0.0436162566330381 0.0188493922220348 0.0351203201742011
v -0.0445028347260622 0.0169044007412925 0.0315084898313994
v -0.0409273309798395 0.0226633326698068 0.0438824964665743
v -0.0410914672667211 0.0238265512302105 0.03523510013207
v -0.0396168595638088 0.0261910515174042 0.0352932556584174
v -0.0379125877191298 0.0271010825004304 0.0442243850983427
v -0.0395788839553551 0.0247931675291969 0.0440360976876593
v -0.0407729847556436 0.0245725445878815 0.031513284281621
v -0.038027173920859 0.0284340234810907 0.035348948767052
v -0.0365331760823767 0.0305404225313557 0.0315107250063279
v -0.036239548707615 0.030495530905563 0.0366504650508637
v -0.0313978858724713 0.0358113580309644 0.0315080390711222
v -0.0360304407172556 0.0293696323158818 0.0444417521348456
v -0.0324600927726908 0.0329518428655897 0.044849883900911
v -0.0324764877749279 0.0345936198287636 0.0355222381539653
v -0.0343025654337731 0.0312054504025342 0.0446392931697329
v -0.0303291112856024 0.0362836951968503 0.0369258758549677
v -0.0256689520403235 0.0394405445070858 0.0386287326983537
v -0.0261594591403132 0.039806513423417 0.0315094174289947
v -0.0279899531307086 0.0378900558132825 0.0384553799814841
v -0.0293770574917561 0.0373931130967256 0.0337670744919613
v -0.0210775914547388 0.0421963252040299 0.0373644656047251
v -0.0232846284668606 0.0415423763499136 0.0315657214854431
v -0.0235148327757086 0.0409274461994655 0.0372405475066903
v -0.0185427177278092 0.0433172840571192 0.0375864110245398
v -0.0162258554348533 0.0443702451635927 0.0365352864867993
v -0.0185627914541338 0.0423377819746702 0.0422956079490608
v -0.0162124984067867 0.0439762732306992 0.0389185268531224
v 0.0180826611500386 0.0392240603646796 0.0507763161132738
v 0.0180831473004117 0.0392264147489376 0.0506035259154279
v 0.013260985428222 0.0401165694389123 0.0500540342363025
v 0.0615355284168834 -0.0172489082530187 0.0555543452497172
v 0.0615289458290731 -0.0172478055667207 0.0557104275149728
v 0.0611852542791094 -0.0191655837927088 0.0555147491258592
v 0.0628588185565446 -0.00504416117062554 0.0557047017418644
v 0.0627773464595383 -0.00504010153416169 0.057143528546824
v 0.0626058117462894 -0.00832983106257229 0.0568220843150681
v 0.0615454004359536 -0.0172504393478447 0.0555551610885661
v 0.0622775391725264 -0.0119744821552301 0.0556388162355559
v 0.0615546354303971 -0.0172518270189462 0.0557119064557172
v 0.0627773464595383 -0.00504010153416169 0.057143528546824
v 0.0628817588936898 0.00182288876384473 0.0573043307564702
v 0.0625474513497781 0.00875213104371556 0.0570542295831398
v 0.062777912703651 0.00497162229361334 0.0572164660300318
v 0.061559947694244 0.0172529595075766 0.0555570833390046
v 0.0615045153758419 0.017244139879838 0.0565579462431868
v 0.0621101395314164 0.0130195437809772 0.0568204898902858
v 0.0628631398931942 0.00437848789268652 0.0557054244484246
v 0.0625198842021857 0.00970798218145265 0.0556658544016074
v 0.0628879205237057 -0.000934003175926428 0.0573241865604182
v 0.0628461823721346 -0.00321892454178302 0.0572643881804984
v 0.0628276453280238 -0.00504242145947287 0.0557015277934659
v 0.062959975087048 -0.000760811345085499 0.0557164140584896
v 0.0576942363896772 0.0259776500537536 0.0557127073933999
v 0.0510146755498354 0.0303936032035329 0.0549150330660909
v 0.0477899823831777 0.0317328268883881 0.0545300949652001
v 0.0443115969528652 0.0329682043460661 0.0541123854745662
v 0.0443141487766626 0.0329762360746425 0.0535921336087968
v 0.0479869086745333 0.0316933350726934 0.0540104726737022
v 0.0530821743663666 0.0293846266143603 0.0545913983629051
v 0.0551404456390348 0.0281142258281988 0.055402137287671
v 0.0561061526215199 0.0274039058623863 0.0549355109937274
v 0.0578190075348547 0.0258694247463624 0.0551306119626511
v 0.0602321052499398 0.0222235079859014 0.0561352746642117
v 0.0592818395953967 0.024058813844966 0.0552975273757267
v 0.059121197630737 0.0242608494441053 0.055917222174064
v 0.0603469149690819 0.0220268293560073 0.0554188489455529
v 0.0610637241364191 0.0196068483017973 0.0563831518384883
v 0.0610273317763069 0.019882318710566 0.055496048162291
v 0.0615416118158048 0.0172502363194554 0.0555550269780704
v 0.0615037107131554 0.0172440728245901 0.0565576444945715
v 0.0443142009307256 0.0329770295617421 0.0541121917594057
v 0.0397424465475435 0.0343397114074716 0.0535566278550579
v 0.0443139438857007 0.0329756102256625 0.0535921261582137
v 0.0397522962148725 0.0343748930608458 0.0530724256355934
v 0.0535361456825708 0.0783521274167643 0.00512235038359228
v 0.0508363719842655 0.0750931976675452 0.00458353026776603
v 0.0508349228463718 0.0741223866902764 0.00260623864666147
v 0.0477591928595491 0.0730166158508261 0.00671938799226546
v 0.0531274627195128 0.0784318412052969 0.00670118575210311
v 0.0489817399759208 0.0731823540717727 0.00436393364427197
v 0.0485142868344279 0.0730407333883044 0.00502197193718445
v 0.0528733681245147 0.0764683070858771 0.00269673878403903
v 0.0493151832525025 0.0732983372988114 0.00395767430287063
v 0.0504416812112558 0.073859336403527 0.00287794604530577
v 0.0533358666300214 0.0775581634798366 0.00383267098084191
v 0.0530614841045114 0.0768524367985022 0.00302328619955354
v 0.053215789350515 0.0772239303221983 0.00341360571691544
v 0.0500539083021757 0.073636042428172 0.0031992659454563
v 0.0496757168395291 0.0734483622400108 0.00356452333110193
v 0.0488470670093513 0.0737264999575275 0.00621277209054413
v 0.0522122296941534 0.0786056633089015 0.0142084715096726
v 0.0488725889726156 0.0752588315803285 0.0142076379756889
v 0.0522549140694391 0.0786017592033598 0.0127618029660056
v 0.0474556934657172 0.0729775449930763 0.00738440980984511
v 0.0473010417677235 0.0729413426098181 0.00766410469922861
v 0.0460161146666984 0.0728904327755304 0.0119375244691104
v 0.0457575571740226 0.0729261657720537 0.0142089632481569
v 0.0499252926574961 0.0754520550023123 0.00910189121652363
v 0.0504247125143256 0.0766333822049283 0.0142093022496877
v 0.0463196848410444 0.0728576427593297 0.0103284229694222
v 0.0524257819557394 0.078567717489199 0.0107806612560867
v 0.0479308207050534 0.0742022122375554 0.0113839107548878
v 0.0484665472403202 0.0739323223155249 0.00814003211484338
v 0.0467226457583319 0.0728374516791424 0.00887361932033841
v 0.0472225275511481 0.0729127770742321 0.00776817723786719
v 0.0471832518164093 0.0728915354618285 0.00779164191800177
v 0.0471609634050518 0.0728687292269749 0.00776159278505705
v 0.0471512068699782 0.0728435537066972 0.00768886345251449
v 0.0526389803147551 0.0760576681986002 0.00243354111544274
v 0.052338595263543 0.0756254673238467 0.00225884519813953
v 0.0512349631361306 0.0744339626247231 0.00239115009160128
v 0.0516333084188414 0.0747972083529331 0.00224970542815855
v 0.0484386075637062 0.0733671955877747 0.00614597016251503
v 0.0477849457908068 0.0729023388073161 0.00628895197438253
v 0.0478727955846615 0.0729157647580532 0.00611664559877629
v 0.0520080316362977 0.0751980348222739 0.00220203194090278
v 0.0515352364286362 0.0768935863689354 0.00794994073172811
v 0.0527107554813312 0.0785127396365416 0.00878354177072076
v 0.0481454458502214 0.0729611239079351 0.00562661050407128
v 0.0491554502586554 0.0740320632714166 0.00634038241816391
v 0.0534600789816667 0.0780131854906099 0.00449713097789005
v 0.0270363570667131 0.0412126060915491 0.000373352909839711
v 0.0251135969509129 0.0422124482658473 0.000632048680016252
v 0.0236810067963378 0.0429682912943698 0.000808492981416517
v 0.00347166663657878 0.0500520449306168 0.00465739208893902
v 0.00313966132202015 0.0502667223066224 0.00527201257452727
v 0.00428065974010548 0.049460219038346 0.00386586309569908
v 0.00439304103568855 0.0498925875512192 0.00396146059606718
v 0.00879484861057601 0.0485121248889336 0.0021717441564683
v 0.0115295375914231 0.0480059769769629 0.00156058423389692
v 0.000150863732680932 0.0490003578738526 0.0120220718234259
v -0.000337194410997758 0.0490167007278713 0.0138826845192952
v 0.0340627871290721 0.0358371221473067 8.03410781526731e-05
v 0.0433656861625837 0.0229304062714275 -0.00105639442829588
v 0.0451562357286466 0.019113794789616 -0.00189707072726005
v 0.0465086054837276 0.015717398057004 -0.00287661960868415
v 0.0482064586533659 0.00978490945190776 -0.00412088724180951
v 0.0490134161186206 -3.87903658517425e-05 -0.00531102149930508
v 0.0486950490915398 0.00672773683628485 -0.004473933587424
v 0.0490966540031889 0.000888172136379282 -0.0054595968364311
v 0.0488945458331439 0.00350820344216454 -0.00452853378865084
v 0.0490136955153868 0.000939423475127987 -0.00513343964520619
v 0.0489438388732714 0.0026921631946959 -0.00470558013208978
v 0.0489270117373694 0.00453234569322684 -0.00472948905324139
v 0.0490235228309744 0.00290541518102319 -0.00499688256427373
v 0.0491030018977156 4.26931479645619e-07 -0.00564047184825794
v 0.048867455522699 0.00420855499345745 -0.00459790337387903
v 0.0488207031304983 0.00448790855300293 -0.00435456593301443
v 0.0487113062580389 0.0057617254315135 -0.00436625822619758
v 0.0486758563963511 0.00587241688190904 -0.00416032178114662
v 0.0483608197787227 0.00834698230485681 -0.00410586267533715
v 0.0484661896124595 0.00837893506178228 -0.00428522009651985
v 0.0482529316488004 0.00872094849081752 -0.00379531422286539
v 0.0477425147352557 0.0110956355877477 -0.00344876525137112
v 0.0472615834937642 0.0130369101588485 -0.00311525154066286
v 0.0478931505703973 0.0113480175708281 -0.00390203334831772
v 0.0461184148612979 0.0167374070970944 -0.002558632680315
v 0.0467286770031903 0.0148347246837795 -0.00275950272886141
v 0.0469968978986844 0.0147536735155813 -0.0033334444277357
v 0.0474180121551905 0.0132906295215945 -0.00359329166224649
v 0.0473945763544467 0.0127257169981083 -0.00343267920963845
v 0.0459112738241722 0.017208313751026 -0.00223083985327003
v 0.0465502840306552 0.0161972565865242 -0.00304476203966321
v 0.0453825433839295 0.0188721798304306 -0.00224879715551314
v 0.0451420311970561 0.0199713010244687 -0.00220644594572508
v 0.0458817583497972 0.018104862903942 -0.00263082254407534
v 0.0442664538860374 0.0212046575114823 -0.00156718288938109
v 0.0441148420248594 0.0214023661844892 -0.00119757319905441
v 0.0423477692377326 0.0256335262470567 -0.000966627940522445
v 0.0442279194840515 0.0220387670527712 -0.00172711838666573
v 0.0429779467811155 0.0240397030993275 -0.00112677112281086
v 0.0429753390779649 0.0235950839652005 -0.000676988559976028
v 0.0423558754692409 0.024781773724999 -0.000701334620807667
v 0.0414361609197526 0.0271538866454699 -0.000696600124496925
v 0.0416973968960932 0.0262891980485136 -0.000706810042682592
v 0.043717178470258 0.0226197150937233 -0.00142389921248288
v 0.0432041985570452 0.0240848722593405 -0.0012767689392312
v 0.0412453031261575 0.0265668496154834 -0.000318452531604907
v 0.0419159633983089 0.0254228870870885 -0.000283769485221224
v 0.0407765647595404 0.0272173563002098 4.34939538841767e-05
v 0.0400939686575395 0.0282975735022903 -8.53159649076279e-05
v 0.0396598903910845 0.028818242600713 0.000280672574687834
v 0.0403194455731044 0.0288541711750425 -0.000446216090943418
v 0.0392777463955196 0.0303053510467735 -0.00028106413775408
v 0.0400467394281913 0.0288091342628794 -0.000334694016948159
v 0.0385056017673259 0.0303398025430044 0.000452892890238559
v 0.0389013989515295 0.0301692158551088 -8.25504743546807e-05
v 0.0387989609211921 0.0300392478836009 0.000155031049098966
v 0.0383262737469468 0.031535341732874 -0.000189806718454132
v 0.0374296746232438 0.0317289637610533 0.000288376797750229
v 0.0370153366696392 0.0325846632295056 4.35548172900254e-05
v 0.037021271056952 0.0331120453032968 -7.75494305233331e-05
v 0.0373016065962258 0.0318097690600094 0.000570308375461904
v 0.0341033741659666 0.0353865220576002 0.00031736777327243
v 0.0305863034594144 0.0383281612751388 0.000827556578833853
v 0.0357419803200224 0.0335599296554651 0.000658529332904587
v 0.0359852194193334 0.0333685800551297 0.000350716786932198
v 0.0365795261432341 0.0333839655092207 -3.36167253339819e-05
v 0.0354681491374643 0.0348067698352348 -1.36608669308227e-05
v 0.0336700186058134 0.0356054276395122 0.000732387079539945
v 0.0321167849276193 0.0379770115685834 9.51200591453435e-05
v 0.0338339351005722 0.0364310975328003 4.27085358242666e-05
v 0.0321125418220641 0.0370647398226914 0.000578870608837664
v 0.0299010419122646 0.0393794981544975 0.000211503151120718
v 0.0322490401808391 0.0372719256373951 0.000218074667273883
v 0.0304537259685909 0.0384586843150872 0.00058869909209348
v 0.0274373622066376 0.0406173976345532 0.000921970542435791
v 0.0297349368095043 0.0392478873294172 0.000350507617632576
v 0.0303328794166551 0.0394427461543904 0.000137861835193115
v 0.0263573949853171 0.0422540076183508 0.000277200981315521
v 0.0282731254784813 0.0409713226833115 0.000210472613242561
v 0.0278586850793957 0.0404155985914272 0.000623930687657527
v 0.0243005057953188 0.0425811776232152 0.00103764491952214
v 0.0209174579921936 0.0443308837331022 0.00120676512311705
v 0.0224450113822893 0.0438462307533604 0.0006036232503171
v 0.0242708319961097 0.043037067626919 0.000419245911462674
v 0.0185017004198948 0.0453875589552485 0.00137019575878074
v 0.0212489250023161 0.0442062094008832 0.000944191906516407
v 0.0232578734325351 0.0440863220683028 0.000416611635573334
v 0.0248331589661581 0.043190981772494 0.000325248482021886
v 0.0205214931699302 0.0454789068292838 0.000577194227641306
v 0.0218815239843388 0.0448098221156102 0.000486574444376619
v 0.0180124114898056 0.0458587226542969 0.000868457020394891
v 0.0142610488997167 0.0468785547430388 0.00177750726221351
v 0.0162260659137505 0.0471234852117014 0.000886901637338544
v 0.0193600948297959 0.0450438784582457 0.00113664407673452
v 0.0191700919903052 0.0457918797480608 0.000626703934383891
v 0.0188860851775242 0.0462182132886271 0.000702245803837104
v 0.0161906682061257 0.0462640380999524 0.00156578252900532
v 0.012530166375708 0.0473825270847458 0.00201552056296462
v 0.0149554886306342 0.0472365254584176 0.00102105538135376
v 0.0172372326127315 0.0469027356104734 0.000848982127507642
v 0.015332133166519 0.0476130667521605 0.00105697720359234
v 0.0123641581304934 0.0474758381874266 0.00175790477809076
v 0.0166892424220763 0.0461116215215795 0.00133257310812003
v 0.00908835491340571 0.0492276043835393 0.00211701124173009
v 0.0164714004888075 0.0463339282946744 0.00109927905326739
v 0.008294346556939 0.0483010498698544 0.00291237705243319
v 0.0118198867107955 0.0482729462704203 0.00143212791584978
v 0.0127599357569234 0.0484582795249066 0.00141735108126533
v 0.0133293323964777 0.0481063996612079 0.00125415118084686
v 0.00993719488522733 0.0479884643813983 0.00249748551202422
v 0.00928531380105074 0.0481461895002264 0.00247063710301094
v 0.0111298865944919 0.0477285321636741 0.00225556996837714
v 0.00553004291586489 0.0487254499841075 0.00368837111425877
v 0.00675816399772107 0.0490251049856024 0.00273021588369959
v 0.0112041306971582 0.048713789821564 0.0016212816896487
v 0.00737388462110131 0.0497221591882143 0.00281584659936317
v 0.00932740119857946 0.049336870909918 0.00218398825846193
v 0.00601949110211087 0.0486367321659047 0.00373165667373307
v 0.00694237121695949 0.0485138087207131 0.00335909468985503
v 0.00897052584654419 0.0489466093674058 0.00203503829670467
v 0.0068324840031755 0.0493609809968132 0.00269213455651709
v 0.0069682256623755 0.0496466140009233 0.00280336128474185
v 0.00336574755536588 0.0488862186661298 0.00537131068638633
v 0.00130254772374301 0.0489839181622536 0.00812275141867759
v 0.00476625737325278 0.0490152217871269 0.00374503466134145
v 0.00674895508030911 0.0487015634147052 0.0029351879439012
v 0.0053175132464429 0.0494911948375632 0.00330845377505099
v 0.00599029320872672 0.049958659322105 0.00338494914451731
v 0.0045566483313595 0.0487902179029517 0.00449711048878654
v 0.00282435205971411 0.0489176973797059 0.00588390009310401
v 0.00520883256102734 0.0487251184331598 0.00412351683198058
v 0.00300609011003178 0.0489519924136919 0.00529055567886621
v 0.00393906878816188 0.0488469466426365 0.00491288934707598
v 0.00219698035835521 0.0489510946184289 0.00662296254585093
v 0.00164431131960503 0.0489741429972331 0.007464351772485
v 0.000499118457568031 0.0490204446458765 0.00952385126481319
v 0.00244541856582275 0.0493453422228969 0.00537503225264225
v 0.00330361390552792 0.0495554151385499 0.00453458738741546
v 0.000993848988923839 0.0489898972551873 0.00884001998454896
v 0.00338302498572268 0.0491022445976757 0.00469717820266592
v 0.00166774339505861 0.0493843497506904 0.00627806155020496
v 0.00243523874464846 0.0497373173995209 0.00533198883711853
v -6.00383814567045e-05 0.0503597353859795 0.0119475399154358
v 0.00494566036509743 0.0500813592498038 0.0039474232318549
v 0.00389230172763095 0.0501918625729762 0.00465329566522114
v 0.000708910620758454 0.0489953473567212 0.00966308124243095
v 0.00242184632632483 0.0503181723081844 0.0060130415155498
v 0.0015845939861329 0.0502442587985912 0.00680815656756562
v 0.00043642709103949 0.0489990167688955 0.0106569731948049
v 0.00102173988751905 0.0494058074300038 0.00727480335061277
v -0.000267336546521565 0.0502762404265262 0.0120518722931598
v 0.00101535462367488 0.0499126333450361 0.00724982480512559
v 0.00050672998217725 0.0503513721064554 0.00963744844261575
v 0.000878803761590945 0.0503603761361257 0.0085849762806579
v 0.0016665994981319 0.0498871076473529 0.0062491570130882
v 0.00259659270540048 0.0501255374822651 0.00544487029328253
v 0.00181020943592768 0.0503340755778006 0.00683389181289838
v 0.00100050759593754 0.0490873732338182 0.00787423721954635
v 0.00192009967650998 0.048998938537773 0.00654100380349953
v 0.000508235581500785 0.0494156496502722 0.00833216495772666
v 0.000525753933360719 0.050020350150131 0.00830720177906711
v 0.00130659082777969 0.0503415373367701 0.00768366806779011
v 2.07161478928176e-05 0.0493180581876033 0.00987554765790317
v -6.98214628610628e-05 0.0496498699057358 0.00983183229291658
v -0.000305267073142896 0.0491518207775893 0.0120365082594952
v -0.000512670073840698 0.0499683301789622 0.0120129271639997
v -1.89896013883407e-05 0.049980951466725 0.00983525117923427
v 0.000228875267907974 0.0503574033534708 0.0106253342936923
v 0.000229589999760355 0.0502795075072133 0.00988010182681994
v -0.000138309082650192 0.0489979103573059 0.0138972224695592
v -0.000749643817086293 0.0493195110513068 0.0138548733552477
v -0.000840836069378952 0.0497615131681217 0.0138478446614205
v -0.00054120469094356 0.0495181771242414 0.0119996036587802
v -0.000701179013747455 0.0501411278273913 0.0138573599873556
v -0.000370867483875887 0.0503603724108341 0.0138817075615869
v -0.000377401148148233 0.0503550340680466 0.018009014877717
v 0.00116572014244528 0.0509206152813655 0.0144074896226585
v 0.000239543611417484 0.0505827164368444 0.0141144190739738
v -0.000378127579740196 0.0503573176717652 0.0138802174449679
v 0.00243301777318828 0.0513827935772015 0.014685546315084
v 0.00340694926514594 0.0517380187527098 0.0148090080649042
v 0.0113247202040692 0.0547064092888507 0.0148092874617703
v 0.00810902920121645 0.053476362723377 0.0180090223283001
v 0.0121924371527337 0.0542834471371348 0.014209563020096
v 0.00839294474438712 0.0527778184041461 0.018009014877717
v 0.0081079274466353 0.0534815297027533 0.0180083610890505
v 0.0113087442969813 0.0547471192748814 0.014809158007889
v 0.0119210478979116 0.0549587195600688 0.0142090154022385
v 0.0532246443653566 0.0795403240569937 0.0142090135395928
v 0.0535054455659073 0.0796993269508225 0.0142090154022385
v 0.0528293128424298 0.0792558682450126 0.0142090135395928
v 0.0533293473721448 0.078700829606773 0.0142090135395928
v 0.0514345120317977 0.0777259133582189 0.0142090135395928
v 0.0493244145216558 0.0747441974542127 0.0142090135395928
v 0.0492876943360046 0.0756063938311237 0.0142090135395928
v 0.046083084208897 0.0731538406902684 0.0142090135395928
v 0.0351040467224115 0.0654038633642563 0.0142090144709157
v 0.0342250905731677 0.0657284554673698 0.014208681988645
v 0.0293037456429661 0.0622362144338247 0.0142090293720818
v 0.0310071699841212 0.0639548367110397 0.0142085795431275
v 0.0267118600745832 0.0617019144936298 0.0142081958380981
v 0.0227926983060088 0.0597640029294735 0.0142084612651209
v 0.0253650354139875 0.0602200121425069 0.0142088682532224
v 0.0214339657552402 0.0583253698396743 0.0142090424106023
v 0.0178660541504761 0.0566970598054445 0.0142090172648843
v 0.0186733413039148 0.0578406833323085 0.0142095229732119
v 0.0144401534026829 0.0559981392317672 0.0142091560319945
v 0.0119210478979116 0.0549587195600688 0.0142090154022385
v 0.0121896487730077 0.0542943175378703 0.0142090135395928
v 0.0142142583232913 0.0551260894587132 0.0142090172648843
v 0.0324166298117501 0.0639042025483265 0.0142090172648843
v 0.0372985369570885 0.0675041454858003 0.0142087350740496
v 0.0377905360358093 0.0669595823673922 0.0142090144709157
v 0.0404528333145497 0.0685717916915539 0.0142090181962072
v 0.0430756313411383 0.0702366468358643 0.0142090154022385
v 0.04349095649665 0.0713768021162977 0.0142089995697495
v 0.0404214924479693 0.0693963328215031 0.0142089036434921
v 0.0456934039512267 0.0720067340158075 0.0142090144709157
v 0.0478607889742979 0.0744715210141046 0.0142090135395928
v 0.0478420880174176 0.0735699408549538 0.0142090135395928
v 0.0502682279735461 0.0765092033364851 0.0142090135395928
v 0.0519236463623431 0.0771577914960646 0.0142090135395928
v 0.0508033957152806 0.0760243417404166 0.0142090135395928
v 0.0524424377282916 0.0788829144070299 0.0142090135395928
v 0.0530317264862725 0.0784265289395502 0.0142090135395928
v 0.046123488706571 0.0659425256208532 -0.000748254143978837
v 0.0454876002932882 0.0664545147899703 -4.19197071580814e-06
v 0.0465853017586781 0.0652846391335713 -0.00139193853931287
v 0.0462947999024069 0.0655798237852091 0.01080900979344
v 0.0468049821226681 0.0646879964393296 -0.00179765061210281
v 0.0446485494528296 0.0667752921945392 0.000825082112131132
v 0.0453679365209957 0.0664393081498736 0.0108090051368256
v 0.0440268581205569 0.0668319687801423 0.00133528663376627
v 0.0440277298384673 0.0667719543333127 0.0108089986175654
v 0.0468818274092272 0.0642222604900658 -0.00203674191909547
v 0.0467864301773965 0.0632241952798358 -0.00235165874156807
v 0.0468788583529257 0.0637196143521497 -0.0022277613654675
v 0.0467824850950586 0.0644013203535862 0.0108090144500544
v 0.0465437200692961 0.0626198412320909 -0.00241939851174425
v 0.046648139954028 0.0631215262447877 0.0108090088621171
v 0.0461567592734829 0.0620802588284817 -0.00237949249019566
v 0.0461569157356719 0.0622375480881987 0.0108090107247629
v 0.0457737882634902 0.0617267919905838 -0.00228723611068419
v 0.0453468178507658 0.0614564475829844 -0.00215168090034728
v 0.0446652685553154 0.0611978527449257 -0.00189417501157407
v 0.0451635521986292 0.0614596662348814 0.0108089976862425
v 0.0440271226161622 0.0612411480832903 0.0108090191066689
v 0.0440267426365603 0.0611416194690168 -0.00160779112838637
v 0.124776718211696 0.0481267956324303 0.0108090116560858
v 0.12341509483572 0.0482094971047839 0.0108090116560858
v 0.124706146313859 0.0486303060379853 0.0108090116560858
v 0.123290834055302 0.047389176730158 0.0108090116560858
v 0.123057511678544 0.0489532217599025 0.0108090116560858
v 0.123121348251672 0.0471269162052166 0.0108090116560858
v 0.123973426432013 0.0460534026652758 0.0108090116560858
v 0.121395607559483 0.0506800173267726 0.0108090116560858
v 0.122338009126381 0.0466309457897536 0.0108090116560858
v 0.120913875380595 0.0505180453755805 0.0108090116560858
v 0.121192944321196 0.0491293162913511 0.0108090116560858
v 0.120080103276371 0.0499466713339053 0.0108090116560858
v 0.120651831016278 0.0482822147957904 0.0108090116560858
v 0.120626707659066 0.0479081023921365 0.0108090116560858
v 0.119508084963828 0.0491121948513989 0.0108090116560858
v 0.119346839502153 0.0486298441018335 0.0108090116560858
v 0.120965343990208 0.0489129178306505 0.0108090116560858
v 0.120787021798187 0.048658454340918 0.0108090116560858
v 0.121554245318007 0.0466781601348261 0.0108090116560858
v 0.121936586753953 0.0465996049119648 0.0108090116560858
v 0.121646692119987 0.0452739412883424 0.0108090116560858
v 0.122155276190746 0.0452498684543627 0.0108090116560858
v 0.121554163361622 0.0493211874325032 0.0108090116560858
v 0.123582628587278 0.045728788210413 0.0108090116560858
v 0.123139609624307 0.0454819913706851 0.0108090116560858
v 0.121898164110673 0.0507501608413198 0.0108090116560858
v 0.122406777983754 0.0507260917326316 0.0108090116560858
v 0.120470826615302 0.0502712261841033 0.0108090116560858
v 0.119755243068445 0.0495557653159553 0.0108090116560858
v 0.11927683384843 0.0481265907413952 0.0108090116560858
v 0.119288643018412 0.0477458175164543 0.0108090116560858
v 0.119347338691042 0.0473697269829887 0.0108090116560858
v 0.120705333634348 0.04752724348549 0.0108090116560858
v 0.119509284507277 0.0468876817073301 0.0108090116560858
v 0.119756561821181 0.0464437238124527 0.0108090116560858
v 0.120896604935157 0.0471673877725882 0.0108090116560858
v 0.120081034598925 0.0460526315299255 0.0108090116560858
v 0.121192392978244 0.0468709886759059 0.0108090116560858
v 0.120472070862234 0.0457281660867245 0.0108090116560858
v 0.120801848453244 0.0455380160302674 0.0108090116560858
v 0.121152375910752 0.0453900437247106 0.0108090116560858
v 0.12265789979716 0.045320019419493 0.0108090116560858
v 0.122633745015405 0.0467384167256063 0.0108090116560858
v 0.122900438541911 0.0469009921740292 0.0108090116560858
v 0.124298264288198 0.0464442863314764 0.0108090116560858
v 0.124488745827481 0.0467740156116339 0.0108090116560858
v 0.124636930421661 0.0471245022162938 0.0108090116560858
v 0.124753181828116 0.0476196605181995 0.0108090116560858
v 0.123414841515986 0.0477887477762473 0.0108090116560858
v 0.123291586563926 0.0486092395142844 0.0108090116560858
v 0.124544178145883 0.0491124109183087 0.0108090116560858
v 0.124296871029657 0.0495563948902269 0.0108090116560858
v 0.123581324735703 0.0502719302642058 0.0108090116560858
v 0.123972435504816 0.0499474089416317 0.0108090116560858
v 0.123251644002239 0.0504620169907066 0.0108090116560858
v 0.122731019793504 0.0492146701712865 0.0108090116560858
v 0.12290111654473 0.0506099930215549 0.0108090116560858
v 0.122338381655403 0.0493691170335528 0.0108090116560858
v 0.121935163693091 0.0494003871308022 0.0108090116560858
v 0.123000909619015 -0.0381973960912397 0.000808998922574806
v 0.122823317583876 -0.0380732693768783 0.00280899928066822
v 0.123352502509525 -0.0388447660804832 0.00280900347162121
v 0.122027401878819 -0.0378372125526817 0.00280902139958678
v 0.122028891994905 -0.0377968676452227 0.000808974009687583
v 0.123259988652321 -0.0398371427705203 0.002808996952361
v 0.123208669054316 -0.0399105645416292 0.000809005150796612
v 0.123422083480164 -0.0391151365651234 0.000808999679274652
v 0.122616675735639 -0.0404268564224836 0.0028090055670977
v 0.12202724541663 -0.0405599461883083 0.00280899462405378
v 0.12260994786151 -0.0404704013553819 0.000809000610597539
v 0.122026746227741 -0.0405675122554412 0.000809008526842077
v 0.0395276612148962 -0.0305877914760275 -0.0016909917898074
v 0.0395923620553537 -0.0291832150015552 -0.0016909917898074
v 0.0402115425420213 -0.031815781680567 -0.0016909917898074
v 0.0417110649858928 -0.0313444503433989 -0.0016909917898074
v 0.0412115668979687 -0.0324344222213964 -0.0016909917898074
v 0.0412470577378489 -0.0311399392880263 -0.0016909917898074
v 0.0414697183340111 -0.0312637977813963 -0.0016909917898074
v 0.0406589871497684 -0.0301913180098599 -0.0016909917898074
v 0.0408842442732106 -0.032296210179694 -0.0016909917898074
v 0.0405762447287987 -0.0321185398499208 -0.0016909917898074
v 0.0399096077700797 -0.0314517871687559 -0.0016909917898074
v 0.0410039900018878 -0.0309317513698963 -0.0016909917898074
v 0.0416724188252003 -0.032542627039684 -0.0016909917898074
v 0.04246474707578 -0.0313096784720948 -0.0016909917898074
v 0.0426555489900219 -0.0324902829681506 -0.0016909917898074
v 0.0406822851147742 -0.0296844194516424 -0.0016909917898074
v 0.043003073863617 -0.0309768627878903 -0.0016909917898074
v 0.0431654890664191 -0.0307811415579239 -0.0016909917898074
v 0.0443328609094135 -0.0311305087124739 -0.0016909917898074
v 0.0407629711755451 -0.0294429646799936 -0.0016909917898074
v 0.0399082852920533 -0.0285489468626842 -0.0016909917898074
v 0.0408866731624309 -0.0292205461481523 -0.0016909917898074
v 0.040481246103021 -0.0279530101111908 -0.0016909917898074
v 0.0433361855893695 -0.0295604082213189 -0.0016909917898074
v 0.0438477759693321 -0.0281884056961376 -0.0016909917898074
v 0.0420920690426518 -0.0286202675693604 -0.0016909917898074
v 0.0418354487008879 -0.0286322462443312 -0.0016909917898074
v 0.0419054469040314 -0.0274351647837611 -0.0016909917898074
v 0.0423953188420394 -0.0274584851088482 -0.0016909917898074
v 0.0429107425456334 -0.0275890155993797 -0.0016909917898074
v 0.0434055467678862 -0.0278330128825097 -0.0016909917898074
v 0.0432336656026474 -0.0293281456065635 -0.0016909917898074
v 0.043049710771821 -0.0290684331810406 -0.0016909917898074
v 0.0408202028091212 -0.0306719867902917 -0.0016909917898074
v 0.0396787403595734 -0.0310373000553106 -0.0016909917898074
v 0.0407175412613708 -0.0304397707416806 -0.0016909917898074
v 0.039461961996661 -0.0301191218596701 -0.0016909917898074
v 0.0406470289681776 -0.0299369942185604 -0.0016909917898074
v 0.0394839486595111 -0.0296448959709696 -0.0016909917898074
v 0.0397305442453059 -0.0288566093783603 -0.0016909917898074
v 0.0402110768807444 -0.0281845295302825 -0.0016909917898074
v 0.0410493975643208 -0.0290242009318518 -0.0016909917898074
v 0.0412975689478767 -0.0288242421827501 -0.0016909917898074
v 0.04077725021294 -0.0277569778193802 -0.0016909917898074
v 0.0412104902890965 -0.0275654549929878 -0.0016909917898074
v 0.041555146689226 -0.0274785104135616 -0.0016909917898074
v 0.041586964392954 -0.0286908078274573 -0.0016909917898074
v 0.0423437794519122 -0.0286555833332303 -0.0016909917898074
v 0.042584679068968 -0.0287365041162243 -0.0016909917898074
v 0.0428072241811335 -0.0288604259395506 -0.0016909917898074
v 0.0441984226361275 -0.0286281055827762 -0.0016909917898074
v 0.0444405143460522 -0.0291217253392728 -0.0016909917898074
v 0.0445676361493555 -0.0296259863910747 -0.0016909917898074
v 0.0433945161835591 -0.0298087156667693 -0.0016909917898074
v 0.0434063290788314 -0.0300643060571949 -0.0016909917898074
v 0.0433709462723675 -0.0303165548611025 -0.0016909917898074
v 0.0445917797552402 -0.0301228937173619 -0.0016909917898074
v 0.0445157950107209 -0.0306300716724454 -0.0016909917898074
v 0.0432899249354772 -0.0305577451370514 -0.0016909917898074
v 0.0438424748813558 -0.0318167800587017 -0.0016909917898074
v 0.0441132438753571 -0.0314912119292027 -0.0016909917898074
v 0.0435161469090852 -0.0320882122514329 -0.0016909917898074
v 0.0431593609640151 -0.032305512232688 -0.0016909917898074
v 0.0427542133013713 -0.0311769221198637 -0.0016909917898074
v 0.042157421808897 -0.0325647738979336 -0.0016909917898074
v 0.0422174846630366 -0.0313676700856142 -0.0016909917898074
v 0.041964071796148 -0.0313797549313942 -0.0016909917898074
v 0.0313811816711464 -0.0385924260069327 -0.00308088968425979
v 0.0313450500813492 -0.0393193607730468 -0.00238084081290512
v 0.031345254972311 -0.0390665513127614 -0.00290772346479825
v 0.0314115316105296 -0.0392962080860794 -0.00237923963603187
v 0.031418844355222 -0.0390726496150246 -0.00292910943224935
v 0.0313452102688285 -0.038591271166553 -0.00309470702344005
v 0.0333516627546033 -0.0389545392465123 0.0186079635274266
v 0.0331807985935931 -0.0387000236026981 0.0185059594569197
v 0.0332064844696269 -0.038894439117977 0.0185080865983933
v 0.0335977777779603 -0.0391990301307722 0.0185326381323369
v 0.0333357930182865 -0.0391054657082662 0.0185009247253933
v 0.0334491237972132 -0.039200184971152 0.0185054118390622
v 0.0332879863689549 -0.0387005451435147 0.0186068347640877
v 0.0337655387722212 -0.0392137152300523 0.018607276211136
v 0.0427789343272393 0.0686635158200355 0.0148090062022585
v 0.0390457166944662 0.0664637013589264 0.0161090305068054
v 0.0499933723361788 0.0737744295585772 0.0148087994485776
v 0.0468799498629587 0.0714164019654473 0.0148090285540078
v 0.0471291233495825 0.0717131959430336 0.0161089988418273
v 0.0512958902576001 0.0750519437889486 0.0161088330663534
v 0.0529615755462301 0.0765190530073366 0.0148091906041901
v 0.0530104439032731 0.0767918263050249 0.0161089839406611
v 0.0368025145649353 0.065026707397408 0.0148089922324152
v 0.0242471186612449 0.0585033307421881 0.016109017468285
v 0.0309506014522035 0.0619223884232833 0.0161090211935766
v 0.0296160050567391 0.0610890034512004 0.0148090071335814
v 0.0233078519260621 0.0579273038113701 0.0148090080649042
v 0.0170455291782576 0.0550704373282856 0.014809001545644
v 0.0184681783958934 0.0558255501996648 0.0161090156056392
v 0.0123082862278459 0.053096003005798 0.0148090024769669
v 0.0121289488942413 0.0530422172464357 0.014987570602003
v 0.0121359477832331 0.0531368694540736 0.0161089429624541
v 0.0508955444940437 0.074711727813085 0.0161090137429935
v 0.0247922608675306 0.0587822395950551 0.0161090137429935
v 0.0259093599190709 0.0603058763873843 0.0161090137429935
v 0.0274510936263708 0.0601094343135035 0.0161090137429935
v 0.030524269926751 0.0617034679402051 0.0161090137429935
v 0.0328657917782864 0.0639610877502563 0.0161090137429935
v 0.0429733013442171 0.0699740212323513 0.0161090137429935
v 0.0465642315172209 0.0713510156482062 0.0161090137429935
v 0.0446596470923806 0.0700392138344319 0.0161090137429935
v 0.0482973147564243 0.0726125185755066 0.0161090137429935
v 0.0480838593523838 0.0735444673113523 0.0161090137429935
v 0.0495241049783511 0.074694144436981 0.0161090137429935
v 0.0509418200490969 0.0759265081337972 0.0161090137429935
v 0.0498282115944881 0.0738134929657439 0.0161090137429935
v 0.0530104439032731 0.0767918263050249 0.0161089839406611
v 0.0519776630704634 0.0757230774129733 0.0161090156056392
v 0.0531012292258174 0.0782572665927997 0.0161090137429935
v 0.0533044438070563 0.0784589240748469 0.0161090137429935
v 0.0520662616476514 0.0770672669114612 0.016109017468285
v 0.0455735203868115 0.071717778051637 0.0161090137429935
v 0.0421851230669372 0.0684290385194551 0.0161090137429935
v 0.0404097875861131 0.06834794637305 0.0161090137429935
v 0.0396482004303893 0.0668598265103343 0.0161090137429935
v 0.03705551392461 0.0653247456223713 0.0161090137429935
v 0.0377511112894619 0.0667448714637627 0.0161090137429935
v 0.0355120218803286 0.0654449607806079 0.0161090137429935
v 0.034024234100635 0.0636024315812328 0.0161090137429935
v 0.0297982276276154 0.0623085856727173 0.0161090137429935
v 0.0216398737213047 0.0582368010331334 0.0161090137429935
v 0.0216628028825792 0.0572831524740237 0.0161090137429935
v 0.0181127112035595 0.056626383574206 0.0161090137429935
v 0.0149331769362129 0.0552484094066741 0.0161090137429935
v 0.0180634647295597 0.0556484312130407 0.0161090137429935
v 0.0144152647387552 0.0540822776682803 0.0161090137429935
v 0.0121318592772219 0.054090141758737 0.0161090137429935
v 0.0121318471700287 0.0531491182126817 0.0161090137429935
v -0.000673546848199223 0.0501565989631879 0.0180090167403628
v -0.000783152860779634 0.0499722156580462 0.018009014877717
v -0.000822350364423918 0.0495500171910976 0.018009014877717
v -0.000484809821578274 0.0503090863221002 0.0180090167403628
v -0.000838854098569148 0.0497663411459672 0.0180090167403628
v -0.000777252001078765 0.049413716223959 0.018009014877717
v 0.0081079255839902 0.0534829490388329 0.0180090167403628
v 0.00572797736388503 0.05178905524691 0.0180090167403628
v 0.00839071702083844 0.0527817336855625 0.0180090167403628
v 0.0467766624664522 0.0638734912448093 0.0108090116560858
v 0.0459729907071673 0.0659469289154623 0.0108090116560858
v 0.0451834862265708 0.0647917383583434 0.0108090116560858
v 0.0462970239006654 0.0655561756344658 0.0108090116560858
v 0.0454072755856682 0.0642568162944601 0.0108090116560858
v 0.0467061352720981 0.0646303810802566 0.0108090116560858
v 0.0467648458458896 0.0642542234915431 0.0108090116560858
v 0.0454266731718187 0.0639338782207936 0.0108090116560858
v 0.0465454188016342 0.0628878983106801 0.0108090116560858
v 0.0452826012980362 0.0633722607176812 0.0108090116560858
v 0.0453913313435471 0.0636794855116005 0.0108090116560858
v 0.0462982718728875 0.0624443166702491 0.0108090116560858
v 0.0438981344424611 0.0667501613777601 0.0108090116560858
v 0.0438336384929654 0.0653879489187655 0.0108090116560858
v 0.0455826659742898 0.0617288222744772 0.0108090116560858
v 0.0447099161585445 0.06277612466309 0.0108090116560858
v 0.0446578664036578 0.0613200162306417 0.0108090116560858
v 0.0441582975352197 0.0626021237454911 0.0108090116560858
v 0.0435190936136454 0.0653088758803791 0.0108090116560858
v 0.042470789496509 0.0662712006435028 0.0108090116560858
v 0.0428333868943148 0.0647390850876115 0.0108090116560858
v 0.0417552320266841 0.0655557509512294 0.0108090116560858
v 0.0420801257622219 0.0659467053979695 0.0108090116560858
v 0.0413468284603923 0.0646298073853583 0.0108090116560858
v 0.0431311344400545 0.0629220368824211 0.0108090116560858
v 0.0429484126802894 0.0631047922351565 0.0108090116560858
v 0.0426977230005481 0.0635547478494252 0.0108090116560858
v 0.0412886468778113 0.0637458255034777 0.0108090116560858
v 0.0412768265319585 0.0641264906949637 0.0108090116560858
v 0.0415092958172573 0.0628876598920211 0.0108090116560858
v 0.0431523946713127 0.0613900405358593 0.0108090116560858
v 0.0441553024018866 0.0612498727160945 0.0108090116560858
v 0.0437692952803686 0.0626196549675135 0.0108090116560858
v 0.0429142592195965 0.0665182321765981 0.0108090116560858
v 0.0433967364565273 0.066680222754248 0.0108090116560858
v 0.0444067781178634 0.0667261034449465 0.0108090116560858
v 0.043234421836561 0.0651559899152712 0.0108090116560858
v 0.0430358601428009 0.0649910787090481 0.0108090116560858
v 0.0426765372750943 0.0643839008903102 0.0108090116560858
v 0.0415080515703255 0.0651121134314252 0.0108090116560858
v 0.042626763672529 0.0640652320007572 0.0108090116560858
v 0.0413473388251517 0.063369734970012 0.0108090116560858
v 0.0426387181288296 0.0638064285463718 0.0108090116560858
v 0.042801848587353 0.0633186984758118 0.0108090116560858
v 0.0417566178346442 0.0624436386671874 0.0108090116560858
v 0.0424721306009865 0.061728140546124 0.0108090116560858
v 0.042081079436517 0.0620525985387418 0.0108090116560858
v 0.0433998843267591 0.062743707176044 0.0108090116560858
v 0.0428018448620628 0.0615380202919992 0.0108090116560858
v 0.0436466810782256 0.0612739492753658 0.0108090116560858
v 0.0444708940877571 0.062670713813463 0.0108090116560858
v 0.0451395911319651 0.0614819844565423 0.0108090116560858
v 0.0451048937789008 0.0631043824530863 0.0108090116560858
v 0.0459734116649616 0.0620533883005499 0.0108090116560858
v 0.0449203019234476 0.0629202412918952 0.0108090116560858
v 0.0467066679885989 0.0633702490602456 0.0108090116560858
v 0.0453092110460434 0.0645652927863393 0.0108090116560858
v 0.0465441820052827 0.065112411454749 0.0108090116560858
v 0.0448197488899591 0.0651558632553586 0.0108090116560858
v 0.0455815483872252 0.066271766887818 0.0108090116560858
v 0.0450184372435865 0.0649902293425753 0.0108090116560858
v 0.0445945550964505 0.0652813534264264 0.0108090116560858
v 0.0452517447191838 0.06646202497773 0.0108090116560858
v 0.0443477695208547 0.0653645317360982 0.0108090116560858
v 0.0449009304143286 0.06661005316266 0.0108090116560858
v 0.0440926467457573 0.065400071017461 0.0108090116560858
v 0.12341092996126 0.04807258146454 0.0133089858956944
v 0.123182606923971 0.0488232090848961 0.010808993029628
v 0.122026746227741 0.0494000146016475 0.0108090116560858
v 0.122517366949082 0.0493316294247107 0.0108089911669823
v 0.122027699902036 0.0493685992180277 0.013309047363005
v 0.122924503916701 0.0490738653266671 0.0133089719258511
v 0.123445582610842 0.0480295543471668 0.0108089920983051
v 0.123196695971564 0.0472946474571411 0.0133089998655377
v 0.123259906695936 0.0473162429722418 0.0108089976862425
v 0.122689348697157 0.0467953987851163 0.0133089942776004
v 0.12276158952501 0.0467861004574139 0.0108089920983051
v 0.122027729704358 0.0465875014397271 0.0108090470463555
v 0.122027342274175 0.0466360196368412 0.0133089682005596
v 0.0427952399225112 -0.02884549869632 -0.00169099772699081
v 0.0430807945933766 -0.0291455094631576 9.00351853402379e-06
v 0.0425416817693042 -0.0287276956643603 8.99656544469753e-06
v 0.0432374765745375 -0.0293035177041432 -0.00169100133586699
v 0.0434260656663915 -0.0301741853940331 -0.00169100808795792
v 0.0420267423534382 -0.0286500084344295 9.00868628465188e-06
v 0.0420288806700217 -0.0285844544790688 -0.00169105977637814
v 0.0433612456166471 -0.0297065756231209 8.99812795711905e-06
v 0.0431042005917987 -0.0308729886210266 -0.00169099749416009
v 0.0432808240514815 -0.0305758873068876 8.98855370318347e-06
v 0.0427790945147186 -0.03112940416353 9.00369497605509e-06
v 0.0420288434171196 -0.0313851491535549 8.94563736230209e-06
v 0.042552913519303 -0.0313003466167685 -0.00169100319851277
v 0.0420267423534382 -0.0313797102278956 -0.0016909917898074
v 0.0314113453460188 -0.0393047464543061 -0.00237869225100512
v 0.0314107455742942 -0.0392875132556076 9.00868628465188e-06
v 0.0308006659716223 -0.0390797947242126 -0.00237869271666656
v 0.0311137673009839 -0.0392656383436409 9.00695460615912e-06
v 0.0307776325022217 -0.0390114542507744 9.00888455456335e-06
v 0.0308990434356252 -0.0380414665629376 -0.00237869015552862
v 0.0308968101241412 -0.0380390637498895 9.00803326723707e-06
v 0.0306431066846157 -0.0384377742536313 -0.0023786920181744
v 0.0306223102519894 -0.0385213250924578 9.00858714969615e-06
v 0.0433069606876313 0.0205327266750664 0.0185090141959886
v 0.0429557254249818 0.0191437088807421 0.0185090141959886
v -0.0376857883255385 -0.0295391461198118 0.0185090141959886
v -0.0379110901524633 -0.0277503952292158 0.0185090141959886
v -0.0391187919873274 -0.027610935214845 0.0185090141959886
v -0.0392584121393027 -0.0258082107556545 0.0185090141959886
v -0.0410896381492254 -0.0245807178775367 0.0185090141959886
v -0.0401262482972542 -0.0261182090291309 0.0185090141959886
v -0.0438451980685032 -0.0192367983285759 0.0185090141959886
v -0.0430802544262954 -0.0208863071343565 0.0185090141959886
v -0.0422632237762988 -0.0225020424469679 0.0185090141959886
v -0.044746971620315 -0.0170321726534331 0.0185090141959886
v -0.044245256984713 -0.0157813054335007 0.0185090141959886
v -0.0448131141480858 -0.0140973851783732 0.0185090141959886
v -0.0459116240014524 -0.0135814797965169 0.0185090141959886
v -0.0462282326915516 -0.00835472811730687 0.0185090141959886
v -0.0458732535122359 -0.0101112030819356 0.0185090141959886
v -0.0472460415829864 -0.00774876148398337 0.0185090141959886
v -0.047577059695638 -0.00535719509105162 0.0185090141959886
v -0.0477849942195796 -0.00296515372344758 0.0185090141959886
v -0.0469101694171844 -0.00251575294478868 0.0185090141959886
v -0.047238244550566 0.000270395077385192 0.0185090141959886
v -0.047238244550566 -0.000270976077347395 0.0185090141959886
v -0.0472770546240279 -5.6531833561065e-07 0.0185090141959886
v -0.0471365292265303 -0.000525899465963009 0.0185090141959886
v -0.047859250429439 -0.00117553041613737 0.0185090141959886
v -0.0469101731424746 0.00251553408391027 0.0185090141959886
v -0.0471339736774427 0.00053084257860041 0.0185090141959886
v -0.0467244562493765 0.00486692111202613 0.0185090141959886
v -0.0478122521680841 0.00242991081882977 0.0185090141959886
v -0.0478728104858223 0.000614130609749769 0.0185090141959886
v -0.0119946978167886 -0.0463710321984871 0.0185090141959886
v -0.0466512580219381 0.0107531034118645 0.0185090141959886
v -0.0457501624729454 0.0106682813172974 0.0185090141959886
v -0.0457092513358021 0.0142338053548413 0.0185090141959886
v -0.0462177348237252 0.01249775057583 0.0185090141959886
v -0.0436221016133858 0.0174379500352405 0.0185090141959886
v -0.0451446239990458 0.0159469486595129 0.0185090141959886
v -0.0442861718471465 0.0181978052027596 0.0185090141959886
v -0.0421905396389101 0.0206658034023706 0.0185090141959886
v -0.0416675461455988 0.0235869013623165 0.0185090141959886
v -0.040742247386078 0.0251463084040844 0.0185090141959886
v -0.0404953426011953 0.0238185511666124 0.0185090141959886
v -0.0387342563554443 0.0281427094073707 0.0185090141959886
v -0.0397654129617202 0.0266708131893442 0.0185090141959886
v -0.0376474923421263 0.0295876419651766 0.0185090141959886
v -0.0335862554553247 0.0332295111963714 0.0185090141959886
v -0.0340732477439964 0.0336390101444347 0.0185090141959886
v -0.0334205061177801 0.0334503762816373 0.0185090141959886
v -0.0332032509177201 0.0336124115627858 0.0185090141959886
v -0.0327958196521744 0.0348919896046745 0.0185090141959886
v -0.0337272502393894 0.0327061114592444 0.0185090141959886
v -0.0336960695602883 0.0329730770274102 0.0185090141959886
v -0.0314472534184031 0.0361087108022829 0.0185090141959886
v -0.0318092547697745 0.0345757123522949 0.0185090141959886
v -0.0286169306497966 0.0372684648415475 0.0185090141959886
v -0.0281664238534926 0.03872918145964 0.0185090141959886
v -0.0300700862690046 0.0372685058197545 0.0185090141959886
v -0.0304691486700818 0.0357680589673083 0.0185090141959886
v -0.0261846551406836 0.0400966801073404 0.0185090141959886
v -0.022561251612874 0.042240011698007 0.0185090141959886
v -0.0236468626488704 0.0406071642586724 0.0185090141959886
v -0.0241450121817366 0.0413584959591309 0.0185090141959886
v -0.0187700069970638 0.0440621113985358 0.0185090141959886
v -0.0183018535010105 0.0432833354752472 0.0185090141959886
v -0.0165388748078302 0.044948417862342 0.0185090141959886
v -0.00563795712281867 0.0466612994652823 0.0185090141959886
v -0.00485348644062541 0.0476547192369527 0.0185090141959886
v -0.00385465464320811 0.0468397148533649 0.0185090141959886
v -0.00206222706521543 0.0469574787697633 0.0185090141959886
v -0.00125208575739521 0.0478867713727357 0.0185090141959886
v 0.0027218318401613 0.0469266929604151 0.0185090141959886
v 0.00628554574134479 0.0465852886165479 0.0185090141959886
v 0.00713769516786133 0.0473730536683406 0.0185090141959886
v 0.00534584361286818 0.0476040142937002 0.0185090141959886
v 0.0112635490760905 0.0465636148703247 0.0185090141959886
v 0.0144423597058128 0.0447386690470536 0.0185090141959886
v 0.0153088473087064 0.0454007278608687 0.0185090141959886
v 0.0130095525530827 0.0461111260578037 0.0185090141959886
v 0.0167002134017601 0.0439473202647923 0.0185090141959886
v 0.0192285473817169 0.0438831148649718 0.0185090141959886
v 0.0208705603136745 0.0431313845583177 0.0185090141959886
v 0.0245710456839718 0.0411340136157723 0.0185090141959886
v 0.0252370865962564 0.0396711996585385 0.0185090141959886
v 0.0272225247199273 0.0383372658876808 0.0185090141959886
v 0.0309281211883999 0.0366046178877896 0.0185090141959886
v 0.0291398105217563 0.0369026114092543 0.0185090141959886
v 0.0295264453546756 0.0377384140955515 0.0185090141959886
v 0.0360716908558085 0.0315523625899543 0.0185090141959886
v 0.0359959445298629 0.0302587215724739 0.0185090141959886
v 0.0395460865003005 0.0254479266342248 0.0185090141959886
v 0.0397355435847747 0.0267952397896752 0.0185090141959886
v 0.0386954462819824 0.0282692091324479 0.0185090141959886
v 0.0374901845122092 0.0283873791056249 0.0185090141959886
v 0.041926576750132 0.0213018894835168 0.0185090141959886
v 0.0444842455278884 0.0152491056264157 0.0185090141959886
v 0.0455358726038967 0.0149564411345097 0.0185090141959886
v 0.046806017753348 0.0103197197570446 0.0185090141959886
v 0.0462292683222314 0.0126532647341246 0.0185090141959886
v 0.0459382896288128 0.010074089864894 0.0185090141959886
v 0.0462862466360729 0.00831065233036306 0.0185090141959886
v 0.0465740066787456 0.00653628898138486 0.0185090141959886
v 0.0472643290326528 0.00796213733625461 0.0185090141959886
v 0.0475267459259916 0.00617738182084332 0.0185090141959886
v 0.046785245535108 0.00476037172016992 0.0185090141959886
v 0.0469364997684254 0.00297188532527385 0.0185090141959886
v 0.0470271211782002 0.00057608141320687 0.0185090141959886
v 0.0470113445741389 -0.00121140043354036 0.0185090141959886
v 0.0475341369017785 -0.00413748527829929 0.0185090141959886
v -0.0272405532619237 -0.0393860397664549 0.0185090141959886
v 0.0475957457513574 -0.00436516159349836 0.0185090141959886
v -0.0281932496683322 -0.0375854126464056 0.0185090141959886
v -0.030094397512949 -0.0372492758647865 0.0185090141959886
v -0.0295952551902405 -0.0364953476361194 0.0185090141959886
v -0.0314862497563757 -0.036074613208749 0.0185090141959886
v 0.0477311376989385 -0.00461321525346205 0.0185090141959886
v 0.0473401871173048 -0.00489486498958509 0.0185090141959886
v 0.0480908442715373 -0.0049000017009676 0.0185090141959886
v 0.0479303438679058 -0.00480341141040209 0.0185090141959886
v 0.0467827644918247 -0.004799617200961 0.0185090141959886
v 0.0469348420142796 -0.00300013747070836 0.0185090141959886
v 0.045517544176038 0.0118154038242474 0.0185090141959886
v 0.0450370711452429 0.0135441551691799 0.0185090141959886
v 0.0447278124527383 0.0172222817316832 0.0185090141959886
v 0.0438736704616179 0.0169352275288477 0.0185090141959886
v 0.0440450449873875 0.0188896067442896 0.0185090141959886
v 0.0424979468621778 0.0221499074007982 0.0185090141959886
v 0.0416389582684874 0.0237321914579591 0.0185090141959886
v 0.0407878337624413 0.0234070647755085 0.0185090141959886
v 0.0407130448360811 0.0252796086488815 0.0185090141959886
v 0.0385428472188974 0.0269356087751836 0.0185090141959886
v 0.0376078738806877 0.0297061416266557 0.0185090141959886
v 0.0344111837205776 0.0320481355649653 0.0185090141959886
v 0.0344426363458645 0.0333214364905966 0.0185090141959886
v 0.0331617474594326 0.0333329103885628 0.0185090141959886
v 0.032724957181701 0.0350088594511015 0.0185090141959886
v 0.031865767422339 0.0345779400766403 0.0185090141959886
v 0.0305217460426302 0.0357641138835595 0.0185090141959886
v 0.0280834392886589 0.0388278234545253 0.0185090141959886
v 0.0261034866548299 0.0401845187567381 0.0185090141959886
v 0.0231883837315059 0.0409012946528023 0.0185090141959886
v 0.0230076345129098 0.0420315816359264 0.0185090141959886
v 0.0210778596756343 0.0420263028978037 0.0185090141959886
v 0.0189126166944368 0.0430429312358147 0.0185090141959886
v 0.0175643000551099 0.0445782766194776 0.0185090141959886
v 0.0121429913757074 0.0454155247188953 0.0185090141959886
v 0.00981829666007405 0.0459728395102703 0.0185090141959886
v 0.00950513758871409 0.0469567672390778 0.0185090141959886
v 0.00805974733695963 0.0463085143557376 0.0185090141959886
v 0.00450404723352094 0.0467864171071954 0.0185090141959886
v 0.00355380276656596 0.0477739620940954 0.0185090141959886
v 0.00115536860867512 0.0478905003895747 0.0185090141959886
v 0.000331935290744116 0.0470028267437706 0.0185090141959886
v -0.00305575125539863 0.0478010151613131 0.0185090141959886
v -0.00723578345621126 0.0473500686194927 0.0185090141959886
v -0.00800503493089161 0.046312552571775 0.0185090141959886
v -0.00960250829303631 0.0469261900460562 0.0185090141959886
v -0.0103507598411123 0.0458441530390548 0.0185090141959886
v -0.0119456636843311 0.0463837950473287 0.0185090141959886
v -0.0126617929862041 0.0452588315058259 0.0185090141959886
v -0.0142614214287382 0.0457231555695932 0.0185090141959886
v -0.0143862512472367 0.0447356143079847 0.0185090141959886
v -0.016086078820689 0.0441558993385347 0.0185090141959886
v -0.0204832865934832 0.0422930300473105 0.0185090141959886
v -0.020949664988749 0.0430667470246777 0.0185090141959886
v -0.0220842505525595 0.0414743152733415 0.0185090141959886
v -0.0251812556718012 0.0396685137233328 0.0185090141959886
v -0.0266807185110293 0.0386790911894929 0.0185090141959886
v -0.0326792515960507 0.0337537118711811 0.0185090141959886
v -0.0329496890392228 0.0337218308261179 0.0185090141959886
v -0.0353159039769497 0.0323364023501995 0.0185090141959886
v -0.0349560632939031 0.0313934751801635 0.0185090141959886
v -0.036508253890837 0.0309782113434305 0.0185090141959886
v -0.0364719099594976 0.0296176771282781 0.0185090141959886
v -0.0375582567403115 0.0282201097898523 0.0185090141959886
v -0.0385903483944313 0.0267963927674092 0.0185090141959886
v -0.0395792564843766 0.0253062090931762 0.0185090141959886
v -0.041372253566111 0.0222523082148548 0.0185090141959886
v -0.0425172587666534 0.0220093074472138 0.0185090141959886
v -0.043321012482323 0.0203887795470267 0.0185090141959886
v -0.0429302444399099 0.0190716058628409 0.0185090141959886
v -0.0444530126947242 0.0151973343184577 0.0185090141959886
v -0.0451610935070872 0.0129395654967447 0.0185090141959886
v -0.0462192770938743 0.00840566961657265 0.0185090141959886
v -0.0474145476352903 0.0066396234466356 0.0185090141959886
v -0.0470228743473549 0.00900774751118205 0.0185090141959886
v -0.0465052564478242 0.00662202237539673 0.0185090141959886
v -0.0469672520391518 0.000740774224212985 0.0185090141959886
v -0.0476897422740672 0.00424015990128469 0.0185090141959886
v -0.0469672520391518 -0.000740758217100867 0.0185090141959886
v -0.0467244562493765 -0.00486719678360064 0.0185090141959886
v -0.0465052564478242 -0.0066222621910401 0.0185090141959886
v -0.0469162453655254 -0.00952785315925818 0.0185090141959886
v -0.0465279062123326 -0.0112897502857342 0.0185090141959886
v -0.0454590124161768 -0.0118508555612589 0.0185090141959886
v -0.0453552444572325 -0.0153274056668061 0.0185090141959886
v -0.0436311279915772 -0.0174164774547609 0.0185090141959886
v -0.0429292460621322 -0.0190737069272737 0.0185090141959886
v -0.0421828953433885 -0.0206813676704559 0.0185090141959886
v -0.041372253566111 -0.0222527068210504 0.0185090141959886
v -0.0405114917342782 -0.0237904643309903 0.0185090141959886
v -0.0364719546629801 -0.0296178224146484 0.0185090141959886
v -0.0361467740800957 -0.0314045690983918 0.0185090141959886
v -0.0337272502393894 -0.0327061114592444 0.0185090141959886
v -0.034956771099044 -0.0313928530564751 0.0185090141959886
v -0.0257172504279635 -0.040394114835073 0.0185090141959886
v -0.0241623738967845 -0.0413482551326669 0.0185090141959886
v -0.0247752120768607 -0.039927622651625 0.0185090141959886
v -0.0286842503692754 -0.0383417138857884 0.0185090141959886
v -0.017708452022632 -0.0444998778588613 0.0185090141959886
v -0.00965467353191969 -0.046915498459315 0.0185090141959886
v -0.00788295251392689 -0.0472426163100977 0.0185090141959886
v -0.00370198316979451 -0.0477586250687945 0.0185090141959886
v -0.00425255289109311 -0.0468052149283439 0.0185090141959886
v -0.00601061466685061 -0.046614766848563 0.0185090141959886
v -0.00609625722625285 -0.0475108410268066 0.0185090141959886
v 0.000495843578222916 -0.0478978168621739 0.0185090141959886
v 0.00252592115605057 -0.0469373212172 0.0185090141959886
v 0.0023002470329349 -0.047849790403544 0.0185090141959886
v 0.0046996873684298 -0.0476755585178692 0.0185090141959886
v 0.00485459611144826 -0.0467553295492318 0.0185090141959886
v 0.0111847442868783 -0.0456565175543922 0.0185090141959886
v 0.00947454923075712 -0.0460443911850225 0.0185090141959886
v 0.0117974101722821 -0.0464353717088033 0.0185090141959886
v 0.0128795585510235 -0.0452124851536839 0.0185090141959886
v 0.0145562436903365 -0.0446979143575244 0.0185090141959886
v 0.0163901146563119 -0.0450223276466437 0.0185090141959886
v 0.0215646880515365 -0.0417787274721424 0.0185090141959886
v 0.0183907594146412 -0.0432681288351504 0.0185090141959886
v 0.0241257934095164 -0.0414168824535542 0.0185090141959886
v 0.025247120665451 -0.0408792073992174 0.0185090141959886
v 0.0267045994839538 -0.0403071590797721 0.0185090141959886
v 0.0256118899074523 -0.0394305420992809 0.0185090141959886
v 0.0275387385292637 -0.0381109730526301 0.0185090141959886
v 0.0282114626121943 -0.039848899790644 0.0185090141959886
v 0.0310276441791439 -0.0353263138956101 0.0185090141959886
v 0.0295038402936498 -0.0366132382124304 0.0185090141959886
v 0.0314526029351521 -0.0355247042969702 0.0185090141959886
v 0.0325950823889286 -0.0365761231327431 0.0185090141959886
v 0.031310233518998 -0.0392927510155233 0.0185090141959886
v 0.0333349213003762 -0.0391058792156279 0.0185090141959886
v 0.0332273386442515 -0.0389393028040831 0.0185090141959886
v 0.0326956764006095 -0.0392065328679488 0.0185090141959886
v 0.0334482446287224 -0.0392000136077408 0.0185090141959886
v 0.0331832796368764 -0.0387739073099589 0.0185090141959886
v 0.033094483619307 -0.0377154513984529 0.0185090141959886
v 0.0331737950479885 -0.038257775616641 0.0185090141959886
v 0.0328966371812682 -0.0371213493530466 0.0185090141959886
v 0.0323016450039679 -0.0362083139223874 0.0185090141959886
v 0.0319668755240696 -0.0358812482256864 0.0185090141959886
v 0.0297544182146847 -0.0395087434194452 0.0185090141959886
v 0.0236208545352331 -0.0406530449493709 0.0185090141959886
v 0.0218963059359127 -0.0426204608225832 0.0185090141959886
v 0.019990346878983 -0.0425497138108053 0.0185090141959886
v 0.0202769483563989 -0.0434093136595077 0.0185090141959886
v 0.0186320371486539 -0.0441433227542705 0.0185090141959886
v 0.0162187978725406 -0.0441266259975548 0.0185090141959886
v 0.0141107008432442 -0.0457868170768478 0.0185090141959886
v 0.00945260820271218 -0.0469672911876994 0.0185090141959886
v 0.00717359392702006 -0.0464571832908137 0.0185090141959886
v 0.00708234573716652 -0.047381528706611 0.0185090141959886
v 0.000767543894777966 -0.0469942175950044 0.0185090141959886
v 0.000553427426347276 -0.0471629844779791 0.0185090141959886
v -0.00130535822237974 -0.0478854861471518 0.0185090141959886
v 0.00021057736996668 -0.0472879046794402 0.0185090141959886
v -0.000155658574089591 -0.0472881356475161 0.0185090141959886
v -0.000499576319018542 -0.0471632638748452 0.0185090141959886
v -0.000714056177868193 -0.0469942175950044 0.0185090141959886
v -0.00248815695781658 -0.0469365463565582 0.0185090141959886
v -0.0220685689433987 -0.0425039113512293 0.0185090141959886
v -0.00834302026756818 -0.0462526945871904 0.0185090141959886
v -0.0106574564652715 -0.0457733166202798 0.0185090141959886
v -0.014303629898199 -0.0457100499939292 0.0185090141959886
v -0.0123782527660226 -0.045333914756965 0.0185090141959886
v -0.0140753320066186 -0.0448386968503946 0.0185090141959886
v -0.0160182487364507 -0.0451331140919737 0.0185090141959886
v -0.0157532464917026 -0.0442722141165212 0.0185090141959886
v -0.0174107603562456 -0.0436494422273656 0.0185090141959886
v -0.0199097353240164 -0.0435580235727909 0.0185090141959886
v -0.0195825356338354 -0.0427183093303688 0.0185090141959886
v -0.021180249277199 -0.0419443129561356 0.0185090141959886
v -0.0227518914769915 -0.0411158043906883 0.0185090141959886
v -0.0267385741307164 -0.0386389325466112 0.0185090141959886
v -0.0313895449476795 -0.0349623678125892 0.0185090141959886
v -0.0332784906041964 -0.0335692764119577 0.0185090141959886
v -0.0328227274233988 -0.0348663856758688 0.0185090141959886
v -0.0326792515960507 -0.0337537118711811 0.0185090141959886
v -0.0329483851876475 -0.0337220953218177 0.0185090141959886
v -0.0334812544253192 -0.0333790108714626 0.0185090141959886
v -0.0345272823901341 -0.0331780090407277 0.0185090141959886
v -0.0336319833927163 -0.0331490374483631 0.0185090141959886
v -0.0337112538432054 -0.0328882111606675 0.0185090141959886
v 0.0121290457517869 0.0531482166921272 0.0161118840801308
v 0.00850754957256739 0.0516233170259634 0.0186089842573106
v 0.0121289488942413 0.0530422172464357 0.014987570602003
v 0.00832654517159148 0.0515353181890292 0.0186090252355176
v 0.00832654424026893 0.0516612516697912 0.0199096195096713
v 0.0123071611902009 0.0531021236598104 0.014809388975965
v 0.0123075467577382 0.0513732195779245 0.0148090136528416
v 0.00850759427604997 0.0497742499399225 0.0186089581802697
v 0.00850754957256739 0.0516233170259634 0.0186089842573106
v 0.0121310695156963 0.0540868113480936 0.0161090826608871
v 0.0121318555519317 0.0531491852679295 0.0161090323694512
v 0.00833184253427749 0.0516601191811608 0.0199090160124406
v 0.00833184253427749 0.0525814173084723 0.0199090160124406
v 0.0454553243788638 0.064086570470741 0.0108089939609509
v 0.0444820215296299 0.0652951146534027 0.0133090035908293
v 0.0440267426365603 0.0653564255016909 0.0133090129040581
v 0.0445225154342691 0.0653346697990537 0.0108089976862425
v 0.0440267426365603 0.0654000188633793 0.0108090116560858
v 0.0451427352769067 0.0648648285785046 0.0108090042055027
v 0.045138428841418 0.0648160347098159 0.0133090007968606
v 0.0454132956546559 0.0638510873414428 0.0133089886896631
v 0.0452365418098156 0.0632721621338009 0.0108090051368256
v 0.0446233851174259 0.062699204843218 0.0108089939609509
v 0.0449408618001453 0.0629672097677256 0.0133090017281835
v 0.0440288735025634 0.062608389685874 0.0133089486427789
v 0.0440267426365603 0.0626000226810584 0.0108090116560858
v 0.122980025642068 0.0483129596269316 0.0133090129040581
v 0.122979861729299 0.0476866151831821 0.0133090129040581
v 0.123349343463422 0.0476985174896762 0.0133090129040581
v 0.123386931641694 0.0479999792575715 0.0133090129040581
v 0.123252150641708 0.0474096360313366 0.0133090129040581
v 0.122103367996887 0.0490001678839836 0.0133090129040581
v 0.122228843221915 0.0493415163484777 0.0133090129040581
v 0.122635145724526 0.0472063170692592 0.0133090129040581
v 0.123024632267105 0.0470756897211474 0.0133090129040581
v 0.122523141148916 0.0467336483524256 0.0133090129040581
v 0.121348437934778 0.0487394533550345 0.0133090129040581
v 0.121023309505956 0.0479993981120901 0.0133090129040581
v 0.121030916548576 0.0470735812061316 0.0133090129040581
v 0.121189546856519 0.0474528158856633 0.0133090129040581
v 0.121624139213024 0.0470809051293139 0.0133090129040581
v 0.121530604626301 0.0467335701213031 0.0133090129040581
v 0.121077318763496 0.0483248097793441 0.0133090129040581
v 0.120704141541479 0.0483015155312978 0.0133090129040581
v 0.120801341813774 0.0485904007149289 0.0133090129040581
v 0.122416940575461 0.0470755407094855 0.0133090129040581
v 0.121623632573555 0.0489189379017912 0.0133090129040581
v 0.12279084050378 0.0468791172620625 0.0133090129040581
v 0.12192372705213 0.0466437198144698 0.0133090129040581
v 0.122102734697551 0.0469998390599495 0.0133090129040581
v 0.122228843221915 0.0466585166724964 0.0133090129040581
v 0.122822259601455 0.047387958559822 0.0133090129040581
v 0.123029676310056 0.0480000463128194 0.0133090129040581
v 0.123326902315166 0.0483995950071594 0.0133090129040581
v 0.122823205825169 0.0486108004114428 0.0133090129040581
v 0.123022911183026 0.048926142615644 0.0133090129040581
v 0.123201143968081 0.0486791185331317 0.0133090129040581
v 0.122637544811424 0.0487918160530256 0.0133090129040581
v 0.122419853752409 0.048923277866444 0.0133090129040581
v 0.122523111346594 0.0492663585915076 0.0133090129040581
v 0.122790043291674 0.0491214186732705 0.0133090129040581
v 0.121862349170544 0.0489865184157537 0.0133090129040581
v 0.121923004345828 0.0493563206570873 0.0133090129040581
v 0.121262644501122 0.0491209157589116 0.0133090129040581
v 0.121530321504245 0.0492663772179653 0.0133090129040581
v 0.121189546856519 0.0485473177181825 0.0133090129040581
v 0.121028875089538 0.0489243582009928 0.0133090129040581
v 0.120726590140316 0.0476004305632315 0.0133090129040581
v 0.120666553363208 0.048000091016318 0.0133090129040581
v 0.120852348487401 0.0473209182131338 0.0133090129040581
v 0.121077348565818 0.0476752381427961 0.0133090129040581
v 0.121347648173252 0.0472612800207505 0.0133090129040581
v 0.121263441713228 0.0468786180729951 0.0133090129040581
v 0.121862244862418 0.0470135146052203 0.0133090129040581
v -0.0422463072334316 -0.0226189774859969 0.0185090141959886
v -0.0424358127466786 -0.0222057867740101 9.00879178607266e-06
v -0.0326033935113987 0.0350811040300815 9.00877450566753e-06
v -0.0344255782419691 0.0333049297237498 0.0185090141959886
v -0.0468862754057441 -0.00976559102126551 9.00889455900842e-06
v -0.0468365353307908 -0.0101381034121998 0.0185090141959886
v -0.0383454142880725 0.0287436641265785 0.0185090141959886
v -0.0359782345001799 0.031637887833301 9.00851802807564e-06
v -0.0416245488459351 0.0236936011628189 0.0185090141959886
v -0.0393014951206415 0.0273770688620784 9.00883998930802e-06
v -0.0473732490679647 -0.00690290237315377 9.00868628465188e-06
v -0.0476331178627963 -0.00488927751792534 0.0185090141959886
v -0.0477304596961193 -0.00391983698228455 0.00950901156593387
v -0.0473732490679647 -0.00690290237315377 0.00950901156593387
v -0.0421568406636234 0.0227567499432968 9.00889728749344e-06
v -0.043798784677712 0.0193784059735238 0.0185090141959886
v -0.0478774223951088 0.00175421452756694 0.00950901622254831
v -0.0449027781582754 0.0167310666508806 9.00832339614421e-06
v -0.0478854690219736 -0.000745318788862488 0.0185090141959886
v -0.0457083274638287 0.0143368469190442 0.0185090141959886
v -0.0466223870227703 0.0109572819849665 9.00839797473476e-06
v -0.0473814447064381 0.00690411076459948 0.00950901249725676
v -0.0477147836748938 0.00415419460787399 0.0185090141959886
v -0.0470405657505869 0.00900468532153003 0.0185090141959886
v -0.0473805990655592 0.00690399993717595 9.00911829478007e-06
v -0.0122527570518982 -0.0463449141794478 9.00886636466321e-06
v -0.00633214865627561 -0.0474949973618552 9.00875540627239e-06
v -0.00893806459893153 -0.0470638172169857 0.0185090141959886
v -0.00152998518969899 -0.047893543952769 9.00861989151639e-06
v -0.00475211291196696 -0.0476797606467347 0.0185090141959886
v 4.58434977857458e-05 -0.0479187120224636 0.0185090141959886
v -0.0458390292710289 -0.0138444853797677 9.00887545961328e-06
v -0.0449430261937603 -0.0165841281137282 0.0185090141959886
v -0.0444505651790528 -0.017831173184533 9.00887727860329e-06
v 0.00448036602928422 -0.0477368842673235 9.00862534848643e-06
v 0.00424136910420582 -0.0477241921990213 0.0185090141959886
v 0.00842742044268365 -0.0471765035610049 0.0185090141959886
v 0.0110191858704572 -0.0466528318775949 9.0088108854678e-06
v 0.0142912470335236 -0.0457726274413435 0.0185090141959886
v 0.0195775195305606 -0.0437491906338405 9.00863535293151e-06
v 0.0156655177697798 -0.0452855865497198 9.008701746067e-06
v 0.0234887296671707 -0.0417692019016555 0.0185090141959886
v 0.0198914515996402 -0.0436074097628356 0.0185090141959886
v 0.0234909536654292 -0.0417732848211916 9.00870811253204e-06
v -0.017023723191983 -0.0447733179837366 0.0185090141959886
v -0.0130178832333265 -0.0461089765645808 0.0185090141959886
v -0.0179490610670511 -0.0444194748913924 9.00869901758198e-06
v -0.0223186327743839 -0.0423900291886233 9.00859442565621e-06
v -0.0208878195832415 -0.0431135441370969 0.0185090141959886
v -0.0246017867788276 -0.0410951066708506 0.0185090141959886
v -0.0264557482349336 -0.0399362019980588 9.00871993596713e-06
v -0.0285973803267472 -0.0384440588204719 0.0185090141959886
v -0.0303348612710496 -0.0370728833100141 9.0086344434365e-06
v -0.0322957590454279 -0.0353639840437381 0.0185090141959886
v -0.0352809346776996 -0.0323969420631374 0.0185090141959886
v -0.0334660664171119 -0.0342577922463429 9.00875176829237e-06
v -0.038713044552959 -0.0282224604488188 0.0185090141959886
v -0.0363606169143186 -0.0311796341321102 9.00868264667186e-06
v -0.0396662755385134 -0.0268650517532747 9.00891092991854e-06
v -0.0300048694758523 0.0373729667200369 0.0185090141959886
v -0.0294040881975575 0.0378163285682667 9.00891820587859e-06
v -0.0250748595206102 0.0408182541789178 0.0185090141959886
v -0.0244429608931479 0.0412298690925801 9.00850529514555e-06
v -0.0214134226423485 0.0428447941542798 0.0185090141959886
v -0.0185221019717584 0.0441956556499293 9.00856350282598e-06
v -0.012417383214443 0.0462656697776502 0.0185090141959886
v -0.0169941704647058 0.0448061303516867 0.0185090141959886
v -0.0122597689794057 0.0463429584013854 9.00859533515121e-06
v -0.0083076365297817 0.0471884319445399 0.0185090141959886
v -0.00413981210500427 0.0477285843177558 0.0185090141959886
v -0.00633982415110274 0.0474941442700908 9.00878905758764e-06
v -0.00154333674624557 0.0478930522142847 9.00868264667186e-06
v 0.00386908222655028 0.0477758545422015 9.00859897313124e-06
v 7.83617707149299e-05 0.0479186337913411 0.0185090141959886
v 0.00548560299756527 0.0476182970614931 0.0185090141959886
v 0.00866330116249704 0.0471249343501133 9.00874813031234e-06
v 0.0127593937271971 0.046195954671631 9.00859897313124e-06
v 0.0102150205102187 0.0468141556280578 0.0185090141959886
v 0.0142951185413798 0.0457450900862247 0.0185090141959886
v 0.0236508617479165 0.0416804393799541 0.0185090141959886
v 0.0184477991957712 0.0442637167265014 9.00863990040654e-06
v 0.0193761191656565 0.0438508948183778 0.0185090141959886
v 0.0272296940409464 0.039448758774948 0.0185090141959886
v 0.0269164176229447 0.0396623856187372 9.00863990040654e-06
v 0.0233362367748568 0.0418567574288956 9.00875358728238e-06
v 0.0307633516021818 0.0367619593015882 9.00865809030668e-06
v 0.0342967279040059 0.0334925391313715 9.00879269556767e-06
v 0.0319844439927244 0.0357397728285884 0.0185090141959886
v 0.0357682324401689 0.0319046149828078 0.0185090141959886
v 0.0378616592765979 0.0294240904903684 9.00857259777605e-06
v 0.0384440860500023 0.028641015580634 0.0185090141959886
v 0.0409356048494075 0.0249525559907009 9.00868082768184e-06
v 0.0417581601047933 0.0236030654023409 0.0185090141959886
v 0.0441115600441798 0.0187587093125407 0.0185090141959886
v 0.0454910275602862 0.0151379243001817 9.00873266889723e-06
v 0.0434993421249244 0.0201841548702618 9.00883180385296e-06
v 0.0467809540007801 0.0104970520166098 9.00860897757631e-06
v 0.0457969930962406 0.0142251319447959 0.0185090141959886
v 0.0470609281869031 0.00914878146123167 0.0185090141959886
v 0.0475267459259916 0.00617738182084332 0.0185090141959886
v 0.0475386221511976 0.00617908940135639 9.00885545072313e-06
v 0.00832654517159148 0.0515353181890292 0.0186090252355176
v 0.00832783132803828 0.0516534173816669 0.0199094220692193
v 0.00406008297815739 0.0499481987034397 0.0186093847261519
v 0.0040196477468391 0.0500589180935219 0.0199090160124406
v 0.000292249017382066 0.0486993170639021 0.0199090160124406
v -0.000257114000925112 0.0487052402774626 0.0199090160124406
v -0.000539632152811471 0.0487799062959484 0.0199090160124406
v -0.000823563761296199 0.0489665545783509 0.0199090160124406
v -0.000981554367060502 0.0491622180662983 0.0199090160124406
v 0.00833141971383807 0.0525843267611708 0.0199090160124406
v 0.00833184253427749 0.0516601005547031 0.0199090160124406
v 0.0059360748692735 0.0507604426459908 0.0199095170641537
v 0.00575913941653514 0.0516234399605845 0.0199091072820835
v 0.0453142327372535 0.0635684122188213 0.0133090129040581
v 0.0451465797764088 0.0647674271057046 0.0133090129040581
v 0.0453484234508485 0.0643102742281662 0.0133090129040581
v 0.0449799251933418 0.0643134705283139 0.0133090129040581
v 0.0453830351222379 0.064063175639823 0.0133090129040581
v 0.045029628015393 0.0640000244975104 0.0133090129040581
v 0.0447944988728805 0.065119869488427 0.0133090129040581
v 0.0430772890952841 0.0636753727897321 0.0133090129040581
v 0.0431895469906288 0.0634528238726867 0.0133090129040581
v 0.0427849208686151 0.0634518105933857 0.0133090129040581
v 0.0442144935381159 0.062655089940713 0.0133090129040581
v 0.0427392599864475 0.0644316218750332 0.0133090129040581
v 0.0431105633874862 0.0650053912791735 0.0133090129040581
v 0.0430773449746373 0.0643248773710322 0.0133090129040581
v 0.0436241095448117 0.0630809280175034 0.0133090129040581
v 0.0427050580969818 0.063689804569187 0.0133090129040581
v 0.0426704613267533 0.0639368510034485 0.0133090129040581
v 0.0429068980461313 0.0632326218893161 0.0133090129040581
v 0.0432594483362267 0.0628798218786052 0.0133090129040581
v 0.0433476445820715 0.0632612917330654 0.0133090129040581
v 0.0430233655194191 0.0640001064539244 0.0133090129040581
v 0.0439020869753794 0.0626457022060134 0.0133090129040581
v 0.0433663604401126 0.0651864404483802 0.0133090129040581
v 0.0444581871228331 0.0627125264857917 0.0133090129040581
v 0.0438623455793637 0.064986518952194 0.0133090129040581
v 0.0444179316367677 0.0649240681646923 0.0133090129040581
v 0.0447429110539805 0.0628435822424315 0.0133090129040581
v 0.0444178981091558 0.0630759659291622 0.0133090129040581
v 0.0448220958227947 0.0633878026340172 0.0133090129040581
v 0.0449872528391951 0.0630403074384699 0.0133090129040581
v 0.0446357456303599 0.0632068205200584 0.0133090129040581
v 0.0449799214680516 0.0636865635655407 0.0133090129040581
v 0.0451835793588261 0.0632842991336625 0.0133090129040581
v 0.0453714084914763 0.0638119121755297 0.0133090129040581
v 0.0452685867562467 0.0645482011487195 0.0133090129040581
v 0.0448221144492457 0.0646122165586711 0.0133090129040581
v 0.0449867611008867 0.064960225844452 0.0133090129040581
v 0.0446357456303599 0.0647932210243793 0.0133090129040581
v 0.0441513722207096 0.0653543393384243 0.0133090129040581
v 0.0445186895612181 0.0652680317838527 0.0133090129040581
v 0.0438390029108753 0.0653449590543078 0.0133090129040581
v 0.0441032675481608 0.0650002056733394 0.0133090129040581
v 0.0436236587846957 0.0649189496141061 0.0133090129040581
v 0.0435953987331232 0.0652875448609783 0.0133090129040581
v 0.0433484529700482 0.0647394725179325 0.0133090129040581
v 0.0431895469906288 0.0645473219799143 0.0133090129040581
v 0.0428699394419063 0.0647158020154399 0.0133090129040581
v 0.0426820805069345 0.0641880995665756 0.0133090129040581
v 0.0430667129963632 0.063039845502318 0.0133090129040581
v 0.043535030405186 0.062731935254754 0.0133090129040581
v 0.0438622449965279 0.0630135225922436 0.0133090129040581
v 0.044103323427514 0.0629998433216814 0.0133090129040581
v 0.122892913455676 0.0484933754965753 0.0296883719859739
v 0.122870554263804 0.0485532558329092 0.0133090129040581
v 0.12270913743878 0.0487263179770381 0.0300386555622445
v 0.122976710133777 0.0483041344112557 0.0295699822205955
v 0.123024676970588 0.0479800601236672 0.0296069296621632
v 0.123014246157985 0.0481393908431522 0.0295536058389528
v 0.123041634491647 0.0480165642555408 0.0133090129040581
v 0.123003860048865 0.0477912921503742 0.0297542332778872
v 0.122848090763807 0.0474291342072961 0.030322688553635
v 0.122948993974576 0.0476124409031805 0.0299856111359001
v 0.122793515262154 0.0473156171232618 0.0133090129040581
v 0.122582105042442 0.0471409791808083 0.0311201281875764
v 0.122028526916464 0.0469759748422965 0.013309013835381
v 0.122026798381804 0.0470000066980692 0.0324195508575385
v 0.122430716698677 0.0489327438322661 0.0133090119727353
v 0.122398008650587 0.0489311754845246 0.0307183424556621
v 0.122026746227741 0.0490000188723217 0.0315517218398077
v 0.122026746227741 0.0490000188723217 0.0133090129040581
v -0.0473732490679647 -0.0010000003827736 0.0050090102509065
v -0.0473732490679647 -0.00690290237315377 9.00868628465188e-06
v -0.0473732490679647 0 0.00200900968466255
v -0.0473732490679647 -0.00690290237315377 0.00950901156593387
v -0.0473732490679647 0.0010000003827736 0.0050090102509065
v -0.0473732490679647 0.00690290237315377 9.00868628465188e-06
v -0.0473732490679647 0.00690290237315377 0.00950901156593387
v -0.0478732426194873 5.79163180193652e-07 0.00950901156593387
v -0.0475957308501966 0.00518502561990975 0.00950901156593387
v -0.0473732490679647 0.00690290237315377 0.00950901156593387
v -0.0478457015489264 -0.00171511712711488 0.00950901156593387
v -0.0478456680213144 0.00171687173943373 0.00950901156593387
v -0.0477066103881616 -0.00403756597407468 0.00950901156593387
v -0.0477482516821871 0.00346085102847402 0.00950901156593387
v -0.0473732490679647 -0.00690290237315377 0.00950901156593387
v -0.0475262541876832 -0.00575796195572768 0.00950901156593387
v 0.00405864408481177 0.0499521177101477 0.0186090140596429
v 0.0040196477468391 0.0500589180935219 0.0199090160124406
v 0.000616349266104052 0.0486964150617866 0.0186090140596429
v 0.000292249017382066 0.0486993170639021 0.0199090160124406
v 0.00371184936809881 0.0509021192088323 0.0196090145588319
v 0.00820940342077467 0.0525675219710002 0.0196090331852896
v 0.00820764880908331 0.0525441196894991 0.0199090160124406
v 0.00372271487550334 0.050872700581482 0.0199091240458955
v 0.000292249017382066 0.0486993170639021 0.0199090160124406
v 0.000616349266104052 0.0486964150617866 0.0186090140596429
v -0.000135056671461688 0.0486997156700977 0.0186090140596429
v -0.000135056671461688 0.0486997156700977 0.0199090160124406
v -0.000136834071451783 0.0486784144530293 0.0186090233728718
v -0.0010220496686835 0.0491372735140965 0.0199090253256695
v -0.000137525840382447 0.0486707589788992 0.0199090085618575
v -0.000795064418035061 0.0489236541208903 0.0186090140596429
v -0.00103775409524694 0.0492627152563742 0.0186090140596429
v 0.0449218032154044 0.0644821591801661 0.0133090129040581
v 0.0444228452945615 0.0630866724170696 0.0343162904995122
v 0.0444300611817084 0.0630672859998566 0.013309013835381
v 0.0441942950145691 0.0630141186388912 0.0342137145967529
v 0.0447276708917101 0.0632912952311887 0.0343007113302607
v 0.0448741381271009 0.0634693492659912 0.0341861250875523
v 0.0445876446831013 0.0631722200121656 0.03433162007423
v 0.0440267426365603 0.0630000221356756 0.0133090129040581
v 0.0440267426365603 0.0630000221356756 0.03409061978815
v 0.0450128120553616 0.0636698593582418 0.0133090129040581
v 0.044985986240522 0.0637233917977789 0.0339504929465922
v 0.0450266291567697 0.064052662867076 0.0335265920214064
v 0.0449752127012196 0.064321323442896 0.0330902337212859
v 0.0447968085528139 0.0646636330326092 0.0323916186215156
v 0.044455259044724 0.0649058440384422 0.0316220925971393
v 0.0440279980593628 0.0650236973618377 0.0133090129040581
v 0.0445674275331035 0.0648461872196011 0.0133090129040581
v 0.0441966419474047 0.0649856844868874 0.0311831247302898
v 0.0440267426365603 0.0650000268593451 0.0309616188948777
v 0.122978751592815 0.0483056766819563 0.0295697121369583
v 0.1230179714482 0.0481395994594789 0.0295536691689092
v 0.123027910522494 0.0479783017860568 0.0296080453869817
v 0.122738977013404 0.0487058996540665 0.0299910910397665
v 0.122895618016372 0.0485002747365212 0.0296921606074776
v 0.123005126647538 0.0477873358907508 0.0297576195679039
v 0.122948256367113 0.0476094606699426 0.029989900809117
v 0.12284347140394 0.0474171648455541 0.0303453439141809
v 0.122550276162843 0.0488563641796685 0.0303950746936937
v 0.122299184151759 0.0489663720390651 0.030939529778647
v 0.122350920982267 0.0470509426093976 0.0316915841856657
v 0.121670101843699 0.048935988561204 0.0323613059241939
v 0.121922743575513 0.0489984952280788 0.0317832822371065
v 0.12205493922409 0.0469966725621342 0.0323658172522579
v 0.121482414272077 0.0488410048026183 0.0327933056332039
v 0.121340719133452 0.0472673075424743 0.0337166489455749
v 0.121090595697823 0.0476440201996284 0.0340513850175722
v 0.121035297489869 0.047861644281248 0.0340746196609537
v 0.121027809656536 0.0480771896501842 0.0340023303784752
v 0.121183377775923 0.0474597039497345 0.0339446144365303
v 0.121061985468971 0.0482671310903147 0.0338632317173845
v 0.121307891876076 0.0486976481332888 0.0332111380584588
v 0.12114662406266 0.0484816818064078 0.0336150192668686
v 0.121571009123975 0.0471074739086304 0.03332366048965
v 0.121790346761265 0.0470262402011464 0.0329051947648319
v 0.122626696766318 0.047194176344106 0.0309739738242948
v -0.0478732426194873 -4.01078112403194e-15 0.00200900968466255
v -0.0478632439405497 0.0010000003827736 0.0050090102509065
v -0.0473732490679647 0 0.00200900968466255
v -0.0473732490679647 0.0010000003827736 0.0050090102509065
v -0.0478632439405497 -0.0010000003827736 0.0050090102509065
v -0.0478699122100349 0.000999733908012595 0.0050090102509065
v -0.0473732490679647 -0.0010000003827736 0.0050090102509065
v -0.0473732490679647 0.0010000003827736 0.0050090102509065
v 0.0449927401916821 0.0642703689051098 0.0331799573682066
v 0.0439091203233057 0.0630062061196444 0.0339829514118453
v 0.0448128757295121 0.0633795101350326 0.034249827573014
v 0.0444746454550038 0.0631059247237869 0.0343245196685406
v 0.0446393219089665 0.0632076102818665 0.034329142755351
v 0.0443074134519535 0.0630383404845328 0.0342735949330868
v 0.0440874127130049 0.0630003946648304 0.0341404306614312
v 0.0449285608918547 0.0635636959997222 0.0341041761240913
v 0.043467326980815 0.0631684947206181 0.0333711281545477
v 0.0432927263537191 0.0633184302548204 0.0329918152438935
v 0.0430381921744756 0.0638387864287531 0.0319108697473155
v 0.04312292017513 0.0635593970132765 0.0324549411272394
v 0.0445353676855115 0.064863450220632 0.0317811327438836
v 0.0430273404040788 0.0640566191266994 0.0315221057720054
v 0.0446987700902206 0.0647419386609369 0.032159398847613
v 0.0448725101752769 0.0645416818885115 0.0326423083909105
v 0.0443579395631422 0.0649440059250544 0.0314447724447716
v 0.0441772853394465 0.0649906391246455 0.0311565540883275
v 0.0431524952541485 0.0644878439750675 0.0308887987583536
v 0.0439895046355692 0.0649995723737763 0.0309171072488228
v 0.0430700992851688 0.0643006629759737 0.0311385497542786
v 0.0435067480018722 0.0648541220905972 0.0306149190490757
v 0.0433794920881212 0.0647625767761098 0.0306345178079069
v 0.0436421585759044 0.0649251783015735 0.0306438142729636
v 0.0438247015217392 0.0649802604623943 0.030758573741729
v 0.0432448377480027 0.0646252029250056 0.0307376171141287
v 0.0436967638798787 0.0630537184880408 0.0337391348053554
v 0.0450301458307329 0.0639805561238833 0.0336294324198657
v 0.0449941856042856 0.0637435903285492 0.0339221732802484
v -0.0478732426194873 -4.01078112403194e-15 0.00200900968466255
v -0.0478699122100349 -0.00100006406197599 0.00500900978524506
v -0.0478632439405497 0.0010000003827736 0.0050090102509065
v 0.124909830281665 0.058457289863953 0.0148089847818321
v 0.124870565722797 0.0586133050739608 0.0142096961992688
v 0.12474234123359 0.0586895208137303 0.0148090136528416
v 0.12485901732313 0.0586361075835228 0.0148088180750353
v 0.124903959224286 0.0584582807915047 0.014208912956721
v 0.124738750053823 0.058692594179257 0.0142115653643028
v 0.0407802267198219 -0.0302936052025244 8.11212793492247e-06
v 0.0411915583642229 -0.0306061068719206 0.000257711449196644
v 0.0418502939823955 -0.0312685922316179 8.07237390817941e-06
v 0.0420716246499509 -0.0310265227868637 0.000258784158539272
v 0.0417971825197974 -0.0310014217724169 0.000258790415864919
v 0.0426473421756778 -0.0311154138311235 8.89386072106539e-06
v 0.0423201760131087 -0.0312468048640025 8.08614821005595e-06
v 0.0423891460361528 -0.0309638298554115 0.000258430139426903
v 0.0428583426134664 -0.0306035550472106 0.000258786224911928
v 0.0430798409190815 -0.0307211345616774 8.89110586069008e-06
v 0.0428874967346905 -0.0309450264463257 8.6457877725316e-06
v 0.0426678498983124 -0.0308030648986807 0.000258787680103938
v 0.0432413844039732 -0.0304068652414419 8.0701893011733e-06
v 0.0430062850637825 -0.0303173893264091 0.000258430314049944
v 0.0430540544602119 -0.0300003055484095 0.000258559535100497
v 0.0433055264508985 -0.0300004452468425 9.13434302427322e-06
v 0.0414982466064791 -0.0308833467941743 0.000258448911403841
v 0.0414569964679262 -0.0311439104488158 8.63996245701366e-06
v 0.0411210088181276 -0.0309056259002739 8.08131060611529e-06
v 0.0409115953539706 -0.0306206802124543 8.89887112905733e-06
v 0.0410231752464961 -0.0302292042248976 0.000258460203693844
v 0.0407517468761268 -0.0300000093877315 9.00868628465188e-06
v 0.0410017473771783 -0.0300000093877315 0.000259009276743332
v 0.0414514681372469 -0.0308696936006529 0.000259009276743332
v 0.0410745693503049 -0.0304069397472728 0.000259009276743332
v 0.0427646403886836 -0.0307501918357476 0.000259009276743332
v 0.0429952433035846 -0.0303965126562315 0.00725901137408163
v 0.0430517447802785 -0.0300000093877315 0.00725901137408163
v 0.0430770059732277 -0.0300014659767266 0.000259009276743332
v 0.0425208462211306 -0.0309186383436492 0.00725901137408163
v 0.0419190889167995 -0.0310312576324206 0.00725901137408163
v 0.042087449682785 -0.0310395221917186 0.000259009276743332
v 0.0412880471060867 -0.0307492623755065 0.00725901137408163
v 0.0409768475373799 -0.0300015255813913 0.00725901137408163
v 0.0409985287264324 -0.0300001677126223 0.000259009276743332
v 0.0410017473771783 -0.0300000093877315 0.00725901137408163
v 0.0410233652362971 -0.030229315983644 0.00725785141142604
v 0.04114407581514 -0.030525824976427 0.00725853081147201
v 0.0420267423534382 -0.0300000093877315 0.00787489193953581
v 0.0414983807169268 -0.0308832406233652 0.00725783045666108
v 0.0412848023783093 -0.0307085281750808 0.00725887214131004
v 0.0417972234979898 -0.0310013547171691 0.00725853360544067
v 0.0420716134740802 -0.0310264482810328 0.00725852149824314
v 0.042389045453317 -0.0309636882943327 0.00725778854713118
v 0.0426677530407668 -0.0308030499975145 0.00725853313977922
v 0.0428582234041795 -0.0306036016133549 0.007258535002425
v 0.0430060876234011 -0.030317473145469 0.00725779832602149
v 0.0430543524834291 -0.0300004079939271 0.00725877388674548
v 0.0430587744029146 -0.0299977425478249 0.00725726467800731
v 0.0420267423534382 -0.0300000093877315 0.00787489193953581
v 0.0429733944764725 -0.0295955228194453 0.00725780717358891
v 0.0428002616137213 -0.0293236976084558 0.00725853174279489
v 0.0426296582230262 -0.029169856106066 0.00725888005755458
v 0.0423890491786072 -0.0290363342064218 0.00725778808146973
v 0.04207160974879 -0.0289735704944302 0.00725852010125881
v 0.0414983881675073 -0.0291167781520978 0.00725783092232253
v 0.04179722722328 -0.0289986621956481 0.00725853267411778
v 0.0412847912024386 -0.0292915036389026 0.00725887214131004
v 0.04114407581514 -0.0294742012496191 0.00725853034581056
v 0.0410233652362971 -0.0297707046544647 0.00725785141142604
v 0.0410017473771783 -0.0300000093877315 0.00725901137408163
v 0.0419190889167995 -0.028968764868334 0.000259009276743332
v 0.0410745693503049 -0.0295930846161275 0.00725901137408163
v 0.0414514644119567 -0.0291303307627474 0.00725901137408163
v 0.0412880471060867 -0.0292507619878938 0.000259009276743332
v 0.0409985287264324 -0.0299998510628407 0.00725901137408163
v 0.0409768512626701 -0.0299984931940717 0.000259009276743332
v 0.042087449682785 -0.0289604984463901 0.00725901137408163
v 0.0427646366633934 -0.0292498288023612 0.00725901137408163
v 0.0425208424958404 -0.0290813822944595 0.000259009276743332
v 0.0429952433035846 -0.0296035098445231 0.000259009276743332
v 0.0430770059732277 -0.0299985527987364 0.00725901137408163
v 0.0430517447802785 -0.0300000093877315 0.000259009276743332
v 0.0417971713439268 -0.0289986025909834 0.000258787214442495
v 0.0417332416385438 -0.0287532213620435 8.09673018445896e-06
v 0.0420716171993704 -0.0289735015765366 0.000258778832536513
v 0.0408120965776129 -0.02959316284725 8.076794963407e-06
v 0.0409736512383753 -0.0292789009775976 8.88296042341004e-06
v 0.0411915471883523 -0.0293939193541255 0.000257714243165305
v 0.0410231975982374 -0.0297708108252738 0.000258442712285875
v 0.0407479470801073 -0.0299995642153916 9.15140878857903e-06
v 0.0410017473771783 -0.0300000093877315 0.000259009276743332
v 0.0411660177745075 -0.0290549737026796 8.64422071263505e-06
v 0.0414061574323595 -0.028884591905819 8.9015659627622e-06
v 0.0414982726835106 -0.0291166719812887 0.000258436629583271
v 0.0423891348602822 -0.0290361796068226 0.000258435669156543
v 0.0421442566332765 -0.0287272411787915 8.59285334415137e-06
v 0.0425439392951746 -0.0288284797018854 8.14814939415802e-06
v 0.0426678536236026 -0.0291969650526569 0.000258783460047107
v 0.0429324833393292 -0.0290944226775214 8.06341356337335e-06
v 0.0428583388881762 -0.0293964618656066 0.000258786603261851
v 0.0430062887890727 -0.0296826108225961 0.000258439714590333
v 0.0431419005287765 -0.0293793460135918 8.89809532981661e-06
v 0.0430540432843413 -0.0299997150896992 0.000258546729410802
v 0.043273284064086 -0.0297063670067943 8.14619034191358e-06
v 0.04330174528133 -0.0300000093877315 9.00868628465188e-06
v 0.000312149517711639 0.048999217934639 0.0196090145588319
v 0.00056174396212972 0.0489971168702063 0.0186090140596429
v 0.00395524492959881 0.0502349157673902 0.0186090140596429
v 0.00392524889278606 0.0503171180506765 0.0196090145588319
v 0.00392524889278606 0.0503171180506765 0.0196090145588319
v 0.00395743400326151 0.0502289292238734 0.0186095747160208
v 0.00820764880908331 0.0518125171330759 0.0186090140596429
v 0.00820996035166184 0.0519000763856075 0.0196095882537302
v 0.00820764880908331 0.0518125171330759 0.0186090140596429
v 0.0120076459942541 0.0533011175584013 0.0148090136528416
v 0.0120077503023801 0.0533952184228902 0.0158090439543629
v 0.00820764880908331 0.0519062193913693 0.0196090145588319
v 0.0242800614026178 0.05883266141615 0.0158090160146763
v 0.0213671265981991 0.0573321698602052 0.0148089950263838
v 0.0120167049687349 0.0532786950285771 0.0148091049224845
v 0.0189937143997765 0.0563574734038524 0.0158090197399678
v 0.0120136660632418 0.0533805333236101 0.0158089303329707
v 0.029873731809697 0.0615562667699987 0.014809001545644
v 0.0308409717491056 0.0621674567277332 0.0158090234652594
v 0.0372524402159657 0.065751000931815 0.015809010426739
v 0.0380070387272459 0.0660762039827424 0.0148089978203525
v 0.0427379226072602 0.0690913879060109 0.0158090141520305
v 0.0441765030285013 0.0699292730302832 0.014808985713155
v 0.0491236325549274 0.0734417088693071 0.0148088609158881
v 0.0482905645305543 0.0729207268463944 0.0158090625808206
v 0.0530422467058402 0.0771177297107632 0.0148090136528416
v 0.053076832300198 0.0772870442115954 0.0158090048388016
v 0.0513862695235109 0.0755162045227596 0.0158088819041806
v 0.0517752792289425 0.075768965554255 0.0148090928152869
v 0.0120076459942541 0.0523283172754461 0.0148090136528416
v 0.0120076459942541 0.0533011175584013 0.0148090136528416
v 0.00820764880908331 0.0518125171330759 0.0186090140596429
v 0.00820770841372676 0.0509267322100864 0.0186089674934986
v 0.130208504269829 0.0170428158113842 0.0158096940177379
v 0.130070743037671 0.0170378052942529 0.0148090136528416
v 0.130465713207447 0.000950599815431819 0.0148097568485053
v 0.130500939551722 0.000950000276323399 0.0158090122893847
v 0.127417487038283 0.0463854080985688 0.0148091440380457
v 0.12637202159229 0.0516222329661231 0.0148092446209175
v 0.127935630203734 0.0438681131159101 0.0158090439543629
v 0.126562726648987 0.0512557387836837 0.0158091538504635
v 0.124820259403731 0.0571996500639873 0.0158082411540344
v 0.12471151818235 0.0571838287507852 0.0148099636021862
v 0.128488209951934 0.0390045028567468 0.0148087389125899
v 0.129101690744573 0.0339133219875321 0.0158092786477304
v 0.129460093465596 0.0284732005096496 0.0148090620816317
v 0.129842010218458 0.0238902257759855 0.0158090439543629
v 0.13008561439621 0.0170384404564617 0.0148092399643031
v 0.13015815324728 0.0170412064854357 0.0158090141520305
v 0.122854349251368 0.0554684176748842 0.0148090136528416
v 0.123166945803906 0.0572411200094937 0.0148090136528416
v 0.127961841345688 0.0216449068786241 0.0148090136528416
v 0.128404748549953 0.00917460331959291 0.0148090136528416
v 0.129214820357828 0.0260000092536214 0.0148090108588729
v 0.128172141428916 0.0169639066858259 0.0148090136528416
v 0.129505124773717 0.0208232323605206 0.01480900992755
v 0.129669439874529 0.0170222056358979 0.0148090136528416
v 0.128854286770801 0.0309779990018123 0.0148090108588729
v 0.129839149195573 0.011864404446617 0.0148089829191863
v 0.129953247384284 0.0065069620893389 0.0148089829191863
v 0.127000045917929 0.0347980116748067 0.0148090136528416
v 0.127811280016351 0.0410320076826197 0.0148090108588729
v 0.130011943056914 0.000950000276323399 0.0148090136528416
v 0.128513452518432 0.000950000276323399 0.0148090136528416
v 0.12645424619792 0.0397998153492147 0.0148090136528416
v 0.126365837610533 0.0497410166140276 0.01480900992755
v 0.128396076074332 0.0359809370274965 0.0148090108588729
v 0.127703544623327 0.0261138094598133 0.0148090136528416
v 0.127397236360673 0.0303705101212302 0.0148090136528416
v 0.127271545068812 0.0447600149676206 0.01480900992755
v 0.125848141479908 0.0441748163690128 0.0148090136528416
v 0.126849737908326 0.0472567165386048 0.01480900992755
v 0.125805553962168 0.0522082176012475 0.01480900992755
v 0.124526743787676 0.0479862180305952 0.0148090136528416
v 0.12511954921962 0.0546428185621355 0.01480900992755
v 0.124236946011256 0.0523536194556365 0.0148090136528416
v 0.124332142077415 0.0489671170973746 0.0148090136528416
v 0.124974441715158 0.0490945183430062 0.0148090136528416
v 0.124479440052523 0.0484866178177082 0.0148090136528416
v 0.125168842259747 0.0481136155509353 0.0148090136528416
v 0.123404142482488 0.0553715191164431 0.0148090136528416
v 0.124297645890022 0.0570417200541242 0.0148090136528416
v 0.129842993695075 0.0170285162797793 0.0162098015058101
v 0.130134445500351 0.000950000276323399 0.0162090136066478
v 0.130063620282779 0.000950594052871456 0.0148097615051197
v 0.129669439874529 0.0170222056358979 0.0148090136528416
v 0.128516849983109 0.0361508885531833 0.0162090564475006
v 0.127023485443963 0.0463095909649948 0.0148090723261834
v 0.127157208461528 0.0464227504210405 0.0162090843871872
v 0.125979584619861 0.0515385107638854 0.0148091589392119
v 0.124332022868128 0.0570531827762157 0.0148099198300105
v 0.124439445336773 0.0570180197492992 0.0162090136066478
v 0.125647810273296 0.0533393092473459 0.0162090955630618
v 0.128064733861432 0.0391350594243192 0.0148090658069232
v 0.129333224982027 0.0261906771256037 0.0162092110470998
v 0.129798781950801 0.0170271993892173 0.016208913023776
v 0.129684355936551 0.0170228426607525 0.0148092278571055
v 0.129046213722688 0.0286625570790072 0.0148088273882642
v 0.12454481144522 0.0570370410879406 0.0162090154692936
v 0.127477941047895 0.0497203188941899 0.0162090136066478
v 0.12697773888012 0.0472373152202257 0.0162090136066478
v 0.125937444136947 0.052185616257429 0.0162090136066478
v 0.124868449757955 0.0584294209578865 0.0162090136066478
v 0.125702348522046 0.0563082213243034 0.0162090136066478
v 0.125255343498544 0.0546193194230541 0.0162090136066478
v 0.128751170737644 0.0421628534594759 0.0162090154692936
v 0.127935943128112 0.0410227577837073 0.0162090154692936
v 0.129627865635728 0.0208206414202494 0.0162090154692936
v 0.130429115956373 0.0237861746577734 0.0162090154692936
v 0.129791852911 0.017026905091185 0.0162090136066478
v 0.130724889098298 0.0178295284683147 0.0162090154692936
v 0.131153208066081 0.0065806353176273 0.0162090154692936
v 0.130079951955083 0.00631026203901843 0.0162090136066478
v 0.129965749458246 0.0116692038261444 0.0162090136066478
v 0.131213453459441 0.000950000276323399 0.0162090136066478
v 0.130134445500351 0.000950000276323399 0.0162090136066478
v 0.124439445336773 0.0570180197492992 0.0162090136066478
v 0.130137261819753 0.0283552503286739 0.0162090154692936
v 0.129337889045377 0.0259947677684141 0.0162090154692936
v 0.129773748000555 0.0329130327782482 0.0162090154692936
v 0.1293137044613 0.0375598794981393 0.0162090154692936
v 0.128977951504785 0.0309687304764422 0.0162090154692936
v 0.12852015804082 0.0359719255472432 0.0162090154692936
v 0.128291246407676 0.0452375153875913 0.0162090136066478
v 0.127398249639611 0.0447426141308024 0.0162090136066478
v 0.127914336444864 0.0474852147462516 0.0162090136066478
v 0.12700214698161 0.0519516195194582 0.0162090136066478
v 0.126495343599574 0.0497199165627027 0.0162090136066478
v 0.124633331791313 0.0571294879229824 0.0162090154692936
v 0.126413640534575 0.0541489194087729 0.0162090136066478
v -0.000779289734826477 0.049413041946189 0.0180090167403628
v -0.000858857277210278 0.0498525630188333 0.018009014877717
v -0.000387362807014303 0.0503779893145621 0.018009014877717
v -0.000759911066165329 0.0500616114793107 0.0138546842967016
v -0.00038154218657221 0.0503649731458952 0.0138802928821218
v -0.000839353869534581 0.0496056916732744 0.0138480104368943
v -0.000618711216515805 0.0491579935856835 0.0138635290701582
v -0.000137856023331599 0.0489719189981792 0.0196090201467692
v -0.000724429539510702 0.0492784993166608 0.0196090257347065
v -0.000136386731035747 0.0489931531599998 0.013896960767828
v 0.0123075467577382 0.0542855183992352 0.0148090136528416
v 0.0123075467577382 0.0551493203768032 0.0148090136528416
v 0.02692914693961 0.0618511198706888 0.0148090136528416
v 0.0221170480076141 0.05948462096458 0.0148090136528416
v 0.0363493441861274 0.0669832230675524 0.0148090136528416
v 0.0409401459781798 0.0697576264969423 0.0148090136528416
v 0.0534976448081967 0.079700228471377 0.0148090136528416
v 0.0533048908418821 0.0786076302628386 0.0148090136528416
v 0.0496482465494822 0.0759968267370471 0.0148090136528416
v 0.0464044463693108 0.0724456255141803 0.0148090136528416
v 0.0498176466714378 0.0750645278237959 0.0148090136528416
v 0.0454045449479404 0.0727214237486051 0.0148090136528416
v 0.0428476473052586 0.0700280230586233 0.0148090136528416
v 0.039202346521564 0.0677454251687464 0.0148090136528416
v 0.0354940473550403 0.0655668225177085 0.0148090136528416
v 0.03167224604624 0.0643502242547212 0.0148090136528416
v 0.0317358442007938 0.0634761218460245 0.0148090136528416
v 0.027933146180217 0.0614673217090115 0.0148090136528416
v 0.024088948426643 0.0595393194203714 0.0148090136528416
v 0.020202442552095 0.0576980195672069 0.0148090136528416
v 0.0162739452062413 0.0559478179935441 0.0148090136528416
v 0.0172427441796049 0.0572479186665678 0.0148090136528416
v 0.00366384527838581 0.0510336182751662 0.018009014877717
v -0.000777252001078765 0.049413716223959 0.018009014877717
v -0.000753857178527339 0.0493663156143091 0.0186090140596429
v 0.00368184588070563 0.0509843177668271 0.0186090140596429
v 0.0332798466098347 -0.0392000136077408 0.0185090141959886
v 0.0332798466098347 -0.0392000136077408 9.00868628465188e-06
v 0.0234851459379837 -0.0417626155861996 0.0185090141959886
v 0.0234851459379837 -0.0417626155861996 9.00868628465188e-06
v 0.0260850688200059 -0.0405128473272737 0.0185090123333428
v 0.0300545592593877 -0.0394367670614567 0.0185090123333428
v 0.0264722885234891 -0.0403678440790803 9.00852166605567e-06
v 0.0304999549575164 -0.0393693616361969 9.00377683060569e-06
v 0.0401500156488271 -0.0398752487777592 0.0242705165756706
v 0.0473191466781694 -0.0472000138759609 0.0315090188227992
v 0.0472398464253585 -0.0461216164788014 0.03150841905086
v 0.0426912484461541 -0.0411369081673047 0.0264223325178365
v 0.0360289468758793 -0.0392000136077408 0.0143345791478144
v 0.0456923273423545 -0.0436670479552189 3.26259483037804e-06
v 0.0465906438248467 -0.0472000138759609 8.80845186397576e-06
v 0.0462711219577992 -0.0449759440415862 9.62166681977577e-06
v 0.0465344440966602 -0.0462826161288996 9.00868628465188e-06
v 0.0371529302637374 -0.0392696691090952 0.0106052521782829
v 0.0381690329722536 -0.0394909365258483 0.0132443409114713
v 0.0364112473336333 -0.0392000136077408 0.00849704170500293
v 0.0361381463079574 -0.0392000136077408 0.0114067831136663
v 0.0368452473689938 -0.0392000136077408 0.00561891032644267
v 0.036305747114739 -0.0392000136077408 0.0201886960006579
v 0.0360848448555583 -0.0392000136077408 0.0172665437832042
v 0.037435944286676 -0.0392000136077408 0.00278540980326679
v 0.0375119513829366 -0.0392696989114276 0.0221604238988364
v 0.0387813440237644 -0.0392000136077408 0.0315090188227992
v 0.0372339441500472 -0.0392000136077408 0.0259486188567238
v 0.0366899474705027 -0.0392000136077408 0.0230872168311803
v 0.0404282501244196 -0.0393456091772903 0.0315095776165313
v 0.0379331438705372 -0.0392000136077408 0.0287599175735997
v 0.0381808309663651 -0.0391471070171837 8.51424569072188e-06
v 0.0392820975344909 -0.039876954961288 0.0118908614671869
v 0.0393866552549608 -0.0398753158330071 0.0187906071214156
v 0.0401822133321571 -0.0398671350927689 0.00511266788519898
v 0.0388854658852791 -0.0394765606257667 0.00569265992320779
v 0.0385624236189782 -0.0394926054564616 0.0218042040704849
v 0.0420369198463061 -0.039841713703249 0.0315118537696668
v 0.0407187668818516 -0.0404264503657049 0.021382534594936
v 0.0412398455759923 -0.040426491343912 0.00520668446496663
v 0.0412406837662907 -0.0411371093330482 0.0159335897640234
v 0.0402782848415167 -0.0404264876186204 0.0159705688705693
v 0.0422272002199178 -0.0419883496275181 0.0185134137653062
v 0.0421028574831151 -0.0419884055068914 0.0132874993453715
v 0.0404550498622277 -0.0404264950692035 0.0105445709042662
v 0.0409278562457599 -0.0396200476803003 9.46633598657067e-06
v 0.0421860730159421 -0.0411370795307159 0.00538600090794231
v 0.0434806895968169 -0.0405220413468128 0.0315109671502785
v 0.0417618630432672 -0.040426334881667 0.0266750525711248
v 0.0442368713564386 -0.0420181445093148 0.0286359733985241
v 0.0416704853995786 -0.0411369789478441 0.0212353520511873
v 0.0429708724549968 -0.0429515498341555 0.0107373733683052
v 0.0414154296797051 -0.0411371540365468 0.0106172867326269
v 0.0445852306950419 -0.0413545471500905 0.0315095478141989
v 0.0454601449044022 -0.0422390133198723 0.03150841905086
v 0.0449090962504803 -0.0429946924355667 0.0284041187031931
v 0.0429412862001078 -0.041988219242314 0.0236753863497973
v 0.0429336493551666 -0.042951397097202 0.0184475897263083
v 0.0425706533513078 -0.0419884837380139 0.00809876519772636
v 0.0451933880479627 -0.0428404020355454 2.90776467583599e-06
v 0.0430838158037411 -0.0407017419604794 8.32918528473762e-06
v 0.0444565368192678 -0.0418733088992409 1.00321228257966e-05
v 0.0466237467536989 -0.0440548135523943 0.0315087170741838
v 0.0461036440855946 -0.0431075166153731 0.0315081210275362
v 0.0435190302837117 -0.043991051462268 0.0107793173571609
v 0.0435985428780649 -0.0419744282130053 0.00304313129328831
v 0.0442574759366188 -0.043991174396889 0.00578713564515867
v 0.0437175062957969 -0.0429516094388202 0.00568360606776313
v 0.0436356169662865 -0.0429512518108317 0.023529706961188
v 0.0454324101187501 -0.0440511441402201 0.0282384922409929
v 0.046979493342799 -0.0451091045879503 0.0315218114739731
v 0.0434810733017091 -0.0439909546046877 0.0183965048033179
v 0.0431118635137713 -0.0434377562604726 0.0145410096596569
v 0.0450985570602447 -0.0450689384944855 0.0257744167733814
v 0.0441738804241898 -0.0439908577471075 0.0234170280677519
v 0.0441355322867146 -0.0450691098578967 0.020863564229459
v 0.0437318151355135 -0.0450690390773573 0.015841543397823
v 0.043957943976866 -0.0461479170371265 0.0145727323798293
v 0.0439009358607029 -0.0450693221995149 0.0108088840648503
v 0.0446337339736437 -0.0450692625948501 0.00585857369851859
v 0.0460047041027693 -0.0471999095677976 0.0279064011259943
v 0.0459870983812122 -0.0461521526936159 0.0280845501557313
v 0.0448000532805914 -0.047199905842506 0.0231075736868414
v 0.0447635193594509 -0.046149213438585 0.0232910480208455
v 0.0440811728518945 -0.0461493512743722 0.0183388521913294
v 0.0441381325392848 -0.047199905842506 0.018160813057693
v 0.0445116375868407 -0.0471999095677976 0.00818516122797223
v 0.0440413196971723 -0.047199905842506 0.0131535164408984
v 0.0441201691898671 -0.0461495114619088 0.010825021096511
v 0.0448497225750306 -0.0461496940011946 0.00589965016010524
v 0.0455307279781095 -0.0471999766230454 0.0033407758015011
v 0.0457087409710426 -0.0456184189977363 0.002258936002121
v 0.0381773440947237 -0.0392000136077408 9.00868628465188e-06
v 0.0337798438866476 -0.0392000136077408 0.0315090188227992
v 0.0367374449207465 -0.0392000136077408 0.00624081049737611
v 0.0360732443018282 -0.0392000136077408 0.0126046627179505
v 0.0387813440237644 -0.0392000136077408 0.0315090188227992
v 0.0371032460681373 -0.0392000136077408 0.0253354172415537
v 0.0337798438866476 -0.0392000136077408 0.0186090140596429
v 0.0361959441856461 -0.0392000136077408 0.0190024141602839
v 0.0334482446287224 -0.0392000136077408 0.0185090141959886
v 0.0332798466098347 -0.0392000136077408 9.00868628465188e-06
v 0.0332798466098347 -0.0392000136077408 0.0185090141959886
v 0.132026743918061 -0.0512000158727168 0.0148090136528416
v 0.131226536678676 -0.0512000158727168 0.0148090136528416
v 0.127226737278104 -0.0281000082530079 0.0148090136528416
v 0.131753248011622 -0.0469724171888687 0.0148090136528416
v 0.128414151182456 -0.0336538107277527 0.0148090136528416
v 0.129988041594893 -0.0430634166140342 0.0148090136528416
v 0.129568946445684 -0.0391000118814407 0.0148090136528416
v 0.13074084824158 -0.0427883150091288 0.0148090136528416
v 0.130964842491639 -0.0471016177503178 0.0148090136528416
v 0.127621945866454 -0.0224351082710888 0.0148090136528416
v 0.128414151182456 -0.0225462076409088 0.0148090136528416
v 0.128799852830177 -0.0393200126990676 0.0148090136528416
v 0.130750951228644 -0.0133797049677859 0.0148090136528416
v 0.129568946445684 -0.0171000046245751 0.0148090136528416
v 0.131226745294929 -0.00500000203028336 0.0148090136528416
v 0.131755140459052 -0.00922170311195037 0.0148090136528416
v 0.130964946799765 -0.00909873310061439 0.0148090136528416
v 0.131402504487281 0.0229573699316481 0.0148090136528416
v 0.131213453459441 0.000950000276323399 0.0148090136528416
v 0.131046843579856 0.0285258090768829 0.0148090136528416
v 0.130310845442621 0.0275855101000336 0.0148090136528416
v 0.130391147798499 0.0361110130324592 0.0148090136528416
v 0.129966941551115 0.0398992135782841 0.0148090136528416
v 0.129899543600541 0.0328368095878956 0.0148090136528416
v 0.128854048352227 0.0474393154290953 0.0148090136528416
v 0.12870694409221 0.0432999167479249 0.0148090136528416
v 0.126675453930898 0.0536264174669088 0.0148090136528416
v 0.127842542651837 0.0484948171844041 0.0148090136528416
v 0.127170545000498 0.0548717191012693 0.0148090136528416
v 0.124927845785146 0.0585899214189174 0.0148090136528416
v 0.123960447520903 0.0617416223762342 0.0148090136528416
v 0.125876751708761 0.0584622184246703 0.0148090136528416
v 0.124791947198096 0.0586808185326754 0.0148090136528416
v 0.123462048393593 0.0589153219102967 0.0148090136528416
v 0.128109243628923 0.0511763192931833 0.0148090136528416
v 0.129376348941558 0.038077411901079 0.0148090136528416
v 0.12946293958732 0.0436778140477911 0.0148090136528416
v 0.130747643170933 0.0323166098762079 0.0148090136528416
v 0.130629640878076 0.0223299079004343 0.0148090136528416
v 0.130870145614369 0.0170689058907369 0.0148090136528416
v 0.131669548191067 0.0171000046245751 0.0148090136528416
v 0.132026743918061 -0.00500000203028336 0.0148090136528416
v 0.129982245043319 -0.0131578042514697 0.0148090136528416
v 0.128026750802398 -0.0281000082530079 0.0148090136528416
v 0.127621945866454 -0.0337649100975727 0.0148090136528416
v 0.128799852830177 -0.0168800056695939 0.0148090136528416
v 0.0120076459942541 0.0542027200693013 0.0143973857006589
v 0.0120076459942541 0.0541355195350766 0.0151088977597665
v 0.0123075467577382 0.0542855183992352 0.0148090136528416
v 0.0121896487730077 0.0542943175378703 0.0142090135395928
v 0.0254165617655989 0.0602197401962239 0.0142090545177998
v 0.0258516179207354 0.0603784040885219 0.0148090332106222
v 0.0417180238280147 0.0692814373795963 0.0148090536997257
v 0.0494859691824181 0.0748564926426194 0.0142083560256346
v 0.0464817871194684 0.0724921991091067 0.0148091375187855
v 0.0528237919623309 0.0781253987226026 0.0142102857266562
v 0.0505398239819751 0.0756630331638113 0.0148091505573059
v 0.0528324458115008 0.0781212263960694 0.0148090136528416
v 0.0461838756609593 0.0723510180100409 0.0142090303034047
v 0.041370800702927 0.0691257127423293 0.0142090312347276
v 0.0343567274282119 0.0649684959916874 0.0142090452045709
v 0.0347592524865441 0.0651346439947042 0.0148090415925282
v 0.0170706115572765 0.0562800283178722 0.0148090406612053
v 0.0166332662113028 0.0561470652119601 0.0142090405479565
v 0.0169269289763215 0.0560930782868543 0.0161090379573885
v 0.0120076459942541 0.0540695185447302 0.0158090141520305
v 0.0164958551564251 0.0559346341867576 0.0158090402290713
v 0.0120076459942541 0.0540294195065133 0.0162332838810795
v 0.0121318471700287 0.0540915201166096 0.0161090137429935
v 0.0257605401629092 0.0602052115591888 0.0161090360947427
v 0.0417507281508139 0.0691672646442497 0.016109058446492
v 0.0495530877362253 0.074733155690066 0.015808285857533
v 0.0505888040977245 0.0755604833380928 0.0161092000075708
v 0.0465244081648205 0.0723832566830927 0.0161091348149688
v 0.0529204446169641 0.0780491271034598 0.0161090137429935
v 0.0529322277099148 0.0780367591355223 0.0158102956523228
v 0.0462734204618619 0.0722426939824238 0.0158090122893847
v 0.0347282655225341 0.0649863848416983 0.0161090398200343
v 0.034335489548695 0.0647958510802118 0.0158090476796544
v 0.0413949331329411 0.068975389777806 0.0158090290531967
v 0.0253288069666447 0.0600193120603873 0.0158090588555291
v 0.0528231251353824 0.0781292730258119 0.0148088879242518
v 0.0533190096917977 0.0787125866268968 0.0142088952615861
v 0.0527919444562812 0.0781543293367602 0.0142089995697495
v 0.0533061462646846 0.0786120261068646 0.0148089698806659
v 0.0532999809093785 0.0784638265585234 0.0161088330663534
v 0.0533056470757958 0.0786115269177972 0.0148152060187163
v 0.0529204446169641 0.0780491271034598 0.0161090137429935
v 0.0528943303325556 0.0780708381025984 0.0158089042559299
v 0.0532812464248862 0.0784733260519694 0.0158090141520305
v 0.0418615592600062 -0.0399974420658076 9.96246915070816e-06
v 0.0388183473314719 -0.0392000136077408 -0.00199989296492302
v 0.0397879174399101 -0.0393323024358827 8.43787994248391e-06
v 0.0381773440947237 -0.0392000136077408 9.00868628465188e-06
v 0.0485028874463694 -0.0456973691015017 -0.00489278394859432
v 0.0465224449368771 -0.0461308142236321 -1.39912637293834e-05
v 0.0494460452471819 -0.0472000138759609 -0.00634589445266983
v 0.049046746290176 -0.0464864156535867 -0.00566979315236658
v 0.0478931468451071 -0.0472000138759609 -0.00322689224191084
v 0.0453821857560688 -0.0431024837464925 6.42162000737257e-06
v 0.0462979440473486 -0.0428011151108858 -0.00286769218032138
v 0.0444719408943076 -0.0411171119680215 -0.00227482390490948
v 0.0425569405580256 -0.0399930685735309 -0.00205019790499562
v 0.0404827995490407 -0.0393412207838474 -0.00198464231981987
v 0.0465906438248467 -0.0472000138759609 8.80845186397576e-06
v 0.0475497458677802 -0.0443379170835438 -0.00375649272681856
v 0.0480800446552034 -0.0450751150278712 -0.00431559379549065
v 0.0462892454946961 -0.0450860152309391 9.40822380311727e-06
v 0.0459059317580036 -0.0440785138572193 5.93432667995276e-06
v 0.0469568473035808 -0.0435690131828559 -0.0032698932822432
v 0.0447863442125994 -0.0422643155000626 9.70810977268802e-06
v 0.0455581945428662 -0.0420615814087582 -0.00256170581301093
v 0.043679683424242 -0.041134263210306 1.0435993178474e-05
v 0.0314107455742942 -0.0392875132556076 9.00868628465188e-06
v 0.0314094752503308 -0.0392708947300143 -0.00237863683729335
v 0.0332798466098347 -0.0392000136077408 -0.00227659271990236
v 0.0332795597624881 -0.0391833243016081 9.00868628465188e-06
v 0.0528324458115008 0.0781212263960694 0.0148090136528416
v 0.0532812464248862 0.0784733260519694 0.0158090141520305
v 0.0528936374285756 0.0780714266986629 0.0158089787617608
v 0.0532971608646855 0.0786217863707189 0.0148090807080894
v 0.0413581049138737 0.0689511455804152 0.0158090644434664
v 0.0417110240077004 0.0692782559806148 0.0148090490431113
v 0.0464228977317466 0.0724570398074817 0.0148089866444778
v 0.0463854213121818 0.0723136458852368 0.0158090178773221
v 0.0503988813519734 0.0754158526190541 0.0158092246310029
v 0.0496068623004816 0.0748937902615926 0.0148088068991607
v 0.0528647291765057 0.0780919828574218 0.0148102877025508
v 0.0529001455105815 0.0780658238601756 0.0158090141520305
v 0.0347266077683884 0.065116419868454 0.0148090229660704
v 0.0258153931986829 0.0603599564447788 0.0148090294853306
v 0.0343815862898178 0.0648211979639007 0.0158090383664256
v 0.0253593673849251 0.0600347869214755 0.0158090383664256
v 0.0165485512491642 0.0559570082877917 0.0158090309158425
v 0.0170145254504416 0.0562557170652334 0.0148090136528416
v 0.0123075467577382 0.0542855183992352 0.0148090136528416
v 0.0120076459942541 0.0540695185447302 0.0158090141520305
v 0.0120076459942541 0.0541355195350766 0.0151088977597665
v -0.0326792515960507 -0.0337537118711811 0.0186090140596429
v -0.00258405500835061 0.0469274156669753 0.0186090140596429
v -0.00923435369355198 0.0460787160213408 0.0186090140596429
v -0.0156992521353235 0.0442914142691568 0.0186090140596429
v -0.000135056671461688 0.0486997156700977 0.0186090140596429
v -0.000216253096992084 0.0477292176173188 0.0186090140596429
v -0.000500850368272139 0.0487677171420051 0.0186090140596429
v 0.0010730474947457 0.0471138180801357 0.0186090140596429
v 0.00850754957256739 0.0516234176088352 0.0186090140596429
v 0.00850754957256739 0.049780016691238 0.0186090140596429
v 0.000616349266104052 0.0486964150617866 0.0186090140596429
v -0.000817351024955126 0.0489648185924898 0.0186090140596429
v -0.0163332518264672 0.0449489170514094 0.0186090140596429
v -0.0271132507820449 0.0393893142977251 0.0186090140596429
v -0.0330792509076171 0.0336735100694557 0.0186090140596429
v -0.0318832464840287 0.0356350101796906 0.0186090140596429
v -0.0334192506949775 0.0334462114056873 0.0186090140596429
v -0.0337272502393894 0.0327061114592444 0.0186090140596429
v -0.039820252958978 0.0264630089762436 0.0186090140596429
v -0.040800257605309 0.0232845082715343 0.0186090140596429
v -0.0428512533861869 0.0212033070932963 0.0186090140596429
v -0.0375582567403115 0.0282203090929501 0.0186090140596429
v -0.0433952500657314 0.0179861061973462 0.0186090140596429
v -0.0465052564478242 0.0066222621910401 0.0186090140596429
v -0.0471932430447664 0.000401245128082298 0.0186090140596429
v -0.0465052564478242 -0.00662201213084497 0.0186090140596429
v -0.0336472533573083 -0.0331061109138617 0.0186090140596429
v -0.0337272502393894 -0.0327061114592444 0.0186090140596429
v -0.0456232418353137 -0.0142905052235166 0.0186090140596429
v -0.0453072478181 -0.0124046043173001 0.0186090140596429
v -0.0470662553519109 -0.00838484244285367 0.0186090140596429
v -0.0370262554952599 -0.030251410687812 0.0186090140596429
v -0.0405652513973737 -0.0253067082822435 0.0186090140596429
v -0.040800257605309 -0.0232841078026929 0.0186090140596429
v -0.043443246704864 -0.0199605069922099 0.0186090140596429
v -0.0334192506949775 -0.0334462114056873 0.0186090140596429
v -0.0281932496683322 -0.0375852114806621 0.0186090140596429
v -0.0282312550791076 -0.0385952125250102 0.0186090140596429
v -0.0123782527660226 -0.0453338141740932 0.0186090140596429
v -0.0118391511178208 -0.0463390170429282 0.0186090140596429
v -0.00587495403271279 -0.0474683168237923 0.0186090140596429
v 2.67401331646714e-05 -0.047300015602261 0.0186090140596429
v 0.000190444286381211 -0.0478341181020038 0.0186090140596429
v -0.000374451271270564 -0.0472203167148946 0.0186090140596429
v 0.00042684375285707 -0.0472208159039619 0.0186090140596429
v -0.000714056177868193 -0.0469942175950044 0.0186090140596429
v 0.00625564889038402 -0.04742661591021 0.0186090140596429
v 0.0234526465061464 -0.0417048139625492 0.0186090140596429
v 0.0179798450027443 -0.0443374141691849 0.0186090140596429
v 0.0329638451420406 -0.0391362142646989 0.0186090140596429
v 0.0324478440184632 -0.0366486135809651 0.0186090140596429
v 0.0329586446369002 -0.0378383115136882 0.0186090140596429
v 0.0289396450905585 -0.0370546144802654 0.0186090140596429
v 0.0184968482293895 -0.0432189140085169 0.0186090140596429
v 0.0280504443932229 -0.0398271142856745 0.0186090140596429
v 0.0239179427046047 -0.0404749126834459 0.0186090140596429
v 0.0127657500036267 -0.0452409165787741 0.0186090140596429
v 0.0122108456743321 -0.0462562149877027 0.0186090140596429
v 0.00682214632282833 -0.0465063161610332 0.0186090140596429
v 0.000767543894777966 -0.0469942175950044 0.0186090140596429
v -0.00659545496265327 -0.0465315177583518 0.0186090140596429
v -0.0176222543949877 -0.0444592163016207 0.0186090140596429
v -0.0179592515984347 -0.0434223149270084 0.0186090140596429
v -0.0231102550824678 -0.0418658136126474 0.0186090140596429
v -0.023258253412137 -0.0408273140879612 0.0186090140596429
v -0.0328972481288635 -0.0346997124067438 0.0186090140596429
v -0.0375582567403115 -0.0282201097898523 0.0186090140596429
v -0.0330802492853948 -0.0336731114632602 0.0186090140596429
v -0.0433952500657314 -0.0179861061973462 0.0186090140596429
v -0.0469672520391518 -0.000740758217100867 0.0186090140596429
v -0.0469672520391518 0.000740758217100867 0.0186090140596429
v -0.0476622570828595 0.00372436115589886 0.0186090140596429
v -0.047194256323705 -0.000400145119337549 0.0186090140596429
v -0.0477492500599647 -0.00235396073891371 0.0186090140596429
v -0.047273247377428 1.0518202861555e-14 0.0186090140596429
v -0.0468052466182734 0.00973785343172598 0.0186090140596429
v -0.0453072478181 0.0124051044376904 0.0186090140596429
v -0.0451942523152927 0.0155927050983273 0.0186090140596429
v -0.0336462549795307 0.0331072098748682 0.0186090140596429
v -0.0361442483333298 0.031301609490603 0.0186090140596429
v -0.0275422552032268 0.0380649135479373 0.0186090140596429
v -0.0326792515960507 0.0337537118711811 0.0186090140596429
v -0.0218972484343372 0.0425141149247778 0.0186090140596429
v -0.0218452508335135 0.0416012136046143 0.0186090140596429
v -0.00455525507281901 0.0489034183372045 0.0186090140596429
v -0.00103775409524694 0.0492627152563742 0.0186090140596429
v 0.00850754957256739 0.0535242178185957 0.0186090140596429
v 0.00850754957256739 0.0527560179980103 0.0186090140596429
v 0.0532812464248862 0.0784733260519694 0.0158090141520305
v 0.053072745656832 0.0772908291078076 0.0158090141520305
v 0.0530422467058402 0.0771177297107632 0.0148090136528416
v 0.0533058445161772 0.0786124284383517 0.0148090136528416
v 0.12969784148713 0.0350203109973184 0.0158090141520305
v 0.131213453459441 0.000950000276323399 0.0158090141520305
v 0.12874313901194 0.0373083142852307 0.0158090141520305
v 0.1290256501207 0.040979212850809 0.0158090141520305
v 0.126921144271171 0.0527835181002137 0.0158090141520305
v 0.124992546625604 0.0584529200969679 0.0158090141520305
v 0.124768448067418 0.057182118841965 0.0158090141520305
v 0.126661536246654 0.0506848192275773 0.0158090141520305
v 0.128137853857775 0.046910517744516 0.0158090141520305
v 0.127881047251501 0.0440262144891845 0.0158090141520305
v 0.130207237671156 0.0290432092319727 0.0158090141520305
v 0.129376140325306 0.0305623104818429 0.0158090141520305
v 0.129834738451958 0.0238066078819112 0.0158090141520305
v 0.130590853156356 0.0230591076438093 0.0158090141520305
v 0.130870145614369 0.0170689058907369 0.0158090141520305
v 0.13015815324728 0.0170412064854357 0.0158090141520305
v 0.130500939551722 0.000950000276323399 0.0158090141520305
v 0.12467794586693 0.0571725187656471 0.0148090108588729
v 0.124992546625604 0.0584529200969679 0.0158090141520305
v 0.124927845785146 0.0585899214189174 0.0148090136528416
v 0.124768448067418 0.057182118841965 0.0158090141520305
v 0.130225551197853 0.0290063977635464 0.0148090108588729
v 0.130886492187833 0.0170696025202563 0.0148090248287162
v 0.130517241421703 0.0245865125685387 0.0158090178773221
v 0.130870145614369 0.0170689058907369 0.0158090141520305
v 0.129643616162757 0.035778120979778 0.0158090178773221
v 0.129200545045723 0.0397855474825879 0.0148090136528416
v 0.12804963898548 0.0474286834470188 0.0148089531168539
v 0.128186372037538 0.04686950600987 0.0158089731738235
v 0.124992546625604 0.0584529200969679 0.0158090141520305
v 0.126492914710354 0.054386633987708 0.0158087086781236
v 0.1249793367465 0.0586100417185652 0.0148091766343468
v 0.126904440069846 0.0528360447110329 0.014808688621154
v 0.13126624827237 0.000950599757224138 0.0148090136528416
v 0.130920153910218 0.0170705301178516 0.0158090141520305
v 0.131213453459441 0.000950000276323399 0.0158090141520305
v 0.130870145614369 0.0170689058907369 0.0148090136528416
v 0.127848354104572 -0.0211770680022818 0.0142091858343268
v 0.127234530585234 -0.0265054903384051 0.0148091878102214
v 0.128799852830177 -0.0168800056695939 0.0148090136528416
v 0.128850248556208 -0.0168944057840706 0.0142090135395928
v 0.127853122476048 -0.0208474355797045 0.014809183153607
v 0.127275538579923 -0.0268357132196926 0.0142091895596184
v 0.127326738968641 -0.0309554106965142 0.0148090136528416
v 0.127796140436916 -0.0350291548394521 0.0148091878102214
v 0.127379146351388 -0.0309517114820076 0.0142090135395928
v 0.128799852830177 -0.0393200126990676 0.0148090136528416
v 0.128850248556208 -0.0393056144472367 0.0142090135395928
v 0.127904546382178 -0.0353418148337391 0.0142091839716811
v 0.130922552997116 0.0170709063722979 0.0142090135395928
v 0.130922821218012 0.0170705878598706 0.0148084120182566
v 0.131175082970224 0.00874200197599801 0.0142090722129346
v 0.131220486807367 -3.33570458649205e-06 0.0148090620816317
v 0.131270539806698 -3.12816100919454e-06 0.0142090135395928
v 0.131147247601736 -0.00830044316887724 0.014208805854589
v 0.131122094442203 -0.00805566264319944 0.0148088804736687
v 0.130388614601153 -0.0118297238449559 0.0148092008487418
v 0.130429115956373 -0.0118669450954524 0.0142090517238311
v 0.131226745294929 -0.00500000203028336 0.0148090136528416
v 0.131279242084641 -0.00500000203028336 0.0142090135395928
v 0.128799852830177 -0.0168800056695939 0.0148090136528416
v 0.128843677144268 -0.0168923661869484 0.0142092128426906
v 0.00850754957256739 0.0535242178185957 0.0186090140596429
v 0.0123075467577382 0.0551493203768032 0.0148090136528416
v 0.0123075467577382 0.0542855183992352 0.0148090136528416
v 0.00850754957256739 0.0527560179980103 0.0186090140596429
v 0.00368194273825123 0.0509843177668271 0.0186090140596429
v 0.00821044370806726 0.0526585159423386 0.018608330468644
v 0.00820764880908331 0.0525722195636416 0.0196090145588319
v 0.00371447034259584 0.050894951747895 0.0196083440063533
v 0.00820764880908331 0.0525722195636416 0.0196090145588319
v 0.00820764880908331 0.0519062193913693 0.0196090145588319
v 0.0120076459942541 0.0533954195886337 0.0158090141520305
v 0.0120076459942541 0.0540695185447302 0.0158090141520305
v 0.0120339465431734 -0.0463707155487056 9.00868628465188e-06
v 0.0466251437375296 -0.00613424201340081 9.00868628465188e-06
v 0.043004146747199 -0.0308189104262779 9.00868628465188e-06
v 0.0381394467173645 0.029014410865665 9.00868628465188e-06
v 0.0454256449917193 0.0121647039235495 9.00868628465188e-06
v 0.0407299464777874 0.0235007074291371 9.00868628465188e-06
v 0.0415865471604499 0.0238160086551312 9.00868628465188e-06
v 0.0373143470887618 0.028612409066841 9.00868628465188e-06
v 0.0332606464640656 0.0332342125143043 9.00868628465188e-06
v 0.0340450472970673 0.0337223113887275 9.00868628465188e-06
v 0.0180123444345817 0.0434226166756237 9.00868628465188e-06
v 0.0235264445053094 0.0407038132225797 9.00868628465188e-06
v 0.0286385447836251 0.0372881120291688 9.00868628465188e-06
v 0.00616144375142216 0.0465983159610894 9.00868628465188e-06
v 0.00661404416082709 0.0474451157080347 9.00868628465188e-06
v 0.0121910494821286 0.0453990142267569 9.00868628465188e-06
v 0.0127274465696341 0.0461859150109106 9.00868628465188e-06
v -0.00610865638907285 0.0465982153782176 9.00868628465188e-06
v -0.00583375232293273 0.0475404161164019 9.00868628465188e-06
v 2.62483948562656e-05 0.0470001147315241 9.00868628465188e-06
v -0.0178932469064019 0.044421914957356 9.00868628465188e-06
v -0.0235112527718118 0.0417176140643063 9.00868628465188e-06
v -0.0179592515984347 0.0434223149270084 9.00868628465188e-06
v -0.0376372477940345 0.0295942096541748 9.00868628465188e-06
v -0.0332072518794112 0.0332337133252369 9.00868628465188e-06
v -0.0334712482958012 0.0342391136345239 9.00868628465188e-06
v -0.0433962484435091 0.0179856070082788 9.00868628465188e-06
v -0.0439922501744578 0.01888800673157 9.00868628465188e-06
v -0.0411632498838777 0.02445060834495 9.00868628465188e-06
v -0.0336662523374058 -0.0340465123362285 9.00868628465188e-06
v 0.0234851459379837 -0.0417626155861996 9.00868628465188e-06
v 0.0235273460255414 -0.0407033140335124 9.00868628465188e-06
v -0.0238492483530365 -0.0415256162632416 9.00868628465188e-06
v -0.0234732473610364 -0.040703712639708 9.00868628465188e-06
v -0.0183002497635728 -0.0442555136345139 9.00868628465188e-06
v -0.00610745684562355 -0.0465984165439611 9.00868628465188e-06
v -0.0063830538157437 -0.047469315201927 9.00868628465188e-06
v -0.0121372488408407 -0.0453990142267569 9.00868628465188e-06
v 0.00616154805954819 -0.0465983159610894 9.00868628465188e-06
v -0.0377732506892108 -0.0294210096742586 9.00868628465188e-06
v -0.0406772485224033 -0.0235003088229415 9.00868628465188e-06
v -0.0412482461054275 -0.0243054076563045 9.00868628465188e-06
v -0.0440362533024797 -0.0187850061455742 9.00868628465188e-06
v 0.0121918466942346 -0.0453988167863049 9.00868628465188e-06
v 0.0179085429480255 -0.0444371141468696 9.00868628465188e-06
v -0.0473732490679647 0.00690290237315377 9.00868628465188e-06
v -0.0469732572069787 1.01420040633299e-14 9.00868628465188e-06
v 0.0466249462971482 0.00613517193930335 9.00868628465188e-06
v 0.0314107455742942 -0.0392875132556076 9.00868628465188e-06
v 0.0408283462935316 -0.0295646103501845 9.00868628465188e-06
v 0.0432251458639252 -0.0304354102879243 9.00868628465188e-06
v 0.0454256449917193 -0.0121645046204517 9.00868628465188e-06
v 0.0422479463611263 -0.0287441092989184 9.00868628465188e-06
v 0.0460136447992857 -0.0443011149283464 9.00868628465188e-06
v 0.0465878461318951 -0.0462000152394177 9.00868628465188e-06
v 0.0465739470741022 -0.0467009179408896 9.00868628465188e-06
v 0.0410501463476541 -0.0308198100841866 9.00868628465188e-06
v 0.0428636474267329 -0.0405694158794219 9.00868628465188e-06
v 0.041388544260222 -0.028896009924412 9.00868628465188e-06
v 0.0430033458098027 -0.0291802105539222 9.00868628465188e-06
v 0.0426641469598385 -0.0288956094555707 9.00868628465188e-06
v 0.0407305462495121 -0.0234997090510023 9.00868628465188e-06
v 0.0476287443720836 -0.0100000031292438 9.00868628465188e-06
v 0.0432249446982536 -0.0295640105782453 9.00868628465188e-06
v 0.0434492444221105 -0.0179859068942484 9.00868628465188e-06
v 0.04330174528133 -0.0300000093877315 9.00868628465188e-06
v 0.0486515451524068 -0.0462000152394177 9.00868628465188e-06
v 0.0486515451524068 -0.0100000031292438 9.00868628465188e-06
v 0.0447222468691568 -0.0421913146868986 9.00868628465188e-06
v 0.0418055457963305 -0.0312559113391903 9.00868628465188e-06
v 0.0426649441719446 -0.0311040107136967 9.00868628465188e-06
v 0.0422486467156867 -0.0312558107563185 9.00868628465188e-06
v 0.0413893451976183 -0.0311044111825381 9.00868628465188e-06
v 0.0406205458800378 -0.0395494124272689 9.00868628465188e-06
v 0.0332610450701186 -0.0332338101828171 9.00868628465188e-06
v 0.0407517468761268 -0.0300000093877315 9.00868628465188e-06
v 0.0408285474592032 -0.0304360100598635 9.00868628465188e-06
v -0.0433952500657314 -0.0179865066661875 9.00868628465188e-06
v -0.0465712536892766 0.00613444224782149 9.00868628465188e-06
v -0.0460742552710869 0.0130046044305489 9.00868628465188e-06
v -0.0453722466817747 0.0121640045000615 9.00868628465188e-06
v -0.0406772485224033 0.0235000070743261 9.00868628465188e-06
v -0.0372612468020344 0.0286119098777736 9.00868628465188e-06
v -0.0287352495923214 0.0383042151010717 9.00868628465188e-06
v -0.0234742531893945 0.0407033140335124 9.00868628465188e-06
v -0.0285862528848744 0.0372876128401014 9.00868628465188e-06
v -0.0121382546691988 0.0453988167863049 9.00868628465188e-06
v -0.011965751380494 0.0463748170946993 9.00868628465188e-06
v 0.000394448629145733 0.0478986177998566 9.00868628465188e-06
v 0.0186242457041688 0.0441425143660047 9.00868628465188e-06
v 0.0242025474264652 0.0413514141798991 9.00868628465188e-06
v 0.0293710448733487 0.0378596127307566 9.00868628465188e-06
v 0.0443297465667936 0.0182123059001081 9.00868628465188e-06
v 0.0434489463988933 0.0179865066661875 9.00868628465188e-06
v 0.0463216443436976 0.0122969042760172 9.00868628465188e-06
v 0.0475267459259916 0.00617738182084332 9.00868628465188e-06
v 0.0475267459259916 -0.0040000015310944 9.00868628465188e-06
v 0.0470268455067243 5.91869223341383e-07 9.00868628465188e-06
v 0.0476287443720836 -0.00443996125681842 9.00868628465188e-06
v 0.0418048454417701 -0.0287442098817902 9.00868628465188e-06
v 0.0373149468604864 -0.0286115094089323 9.00868628465188e-06
v 0.0410493454102578 -0.0291811102118309 9.00868628465188e-06
v 0.0381773440947237 -0.0392000136077408 9.00868628465188e-06
v 0.0273181454691709 -0.0401092157133977 9.00868628465188e-06
v 0.0286389471149684 -0.0372879145887168 9.00868628465188e-06
v 0.0180134471204854 -0.0434222143441366 9.00868628465188e-06
v 0.00595934675724782 -0.0475312146462796 9.00868628465188e-06
v -0.000213950867639093 -0.0478994150122478 9.00868628465188e-06
v 2.71424645079125e-05 -0.0470000178739438 9.00868628465188e-06
v -0.0124452558358331 -0.0462478144552632 9.00868628465188e-06
v -0.0179592515984347 -0.0434224155098802 9.00868628465188e-06
v -0.0289992534592918 -0.0381036118765323 9.00868628465188e-06
v -0.0285852545070968 -0.0372882126120406 9.00868628465188e-06
v -0.0332072518794112 -0.0332345105376281 9.00868628465188e-06
v -0.0372612468020344 -0.028612310346615 9.00868628465188e-06
v -0.0460892458389129 -0.0129518049421239 9.00868628465188e-06
v -0.0465712536892766 -0.00613526181196193 9.00868628465188e-06
v -0.0473732490679647 -0.00690290237315377 9.00868628465188e-06
v -0.0453722466817747 -0.0121652040439398 9.00868628465188e-06
v 0.0120076459942541 0.0533954195886337 0.0158090141520305
v 0.0120076459942541 0.0540695185447302 0.0158090141520305
v 0.0221985424563617 0.0585336210877605 0.0158090141520305
v 0.0207822467211879 0.0571809192980867 0.0158090141520305
v 0.0288531475770519 0.0618452227341692 0.0158090141520305
v 0.0255426460755773 0.0601585224802244 0.0158090141520305
v 0.025094642674298 0.0592390199434388 0.0158090141520305
v 0.0353839464027302 0.0654035206374339 0.0158090141520305
v 0.0321342453628579 0.063593423826271 0.0158090141520305
v 0.0377164474640095 0.0660302264344636 0.0158090141520305
v 0.0457894456582646 0.0711422279581371 0.0158090141520305
v 0.0448631447956759 0.0712652221838681 0.0158090141520305
v 0.0507480453532633 0.0757834271360422 0.0158090141520305
v 0.0496321458451722 0.0739855269294057 0.0158090141520305
v 0.053072745656832 0.0772908291078076 0.0158090141520305
v 0.0478856441106137 0.0734309278755687 0.0158090141520305
v 0.0532812464248862 0.0784733260519694 0.0158090141520305
v 0.041748045941859 0.069219724199821 0.0158090141520305
v 0.0418001441255185 0.0685119262563862 0.0158090141520305
v 0.0385888471024746 0.0672749208463019 0.0158090141520305
v 0.0335642464407334 0.0636650239298132 0.0158090141520305
v 0.0293554470832177 0.0614023228220913 0.0158090141520305
v 0.0188273485267012 0.0569775183795952 0.0158090141520305
v 0.015439644110807 0.0554945207927573 0.0158090141520305
v 0.0164186429287799 0.0552337205821025 0.0158090141520305
v -0.00103775409524694 0.0492627152563742 0.0186090140596429
v 0.00368194273825123 0.0509843177668271 0.0186090140596429
v 0.00372094652680432 0.0508775173834529 0.0199090160124406
v -0.000981554367060502 0.0491622180662983 0.0199090160124406
v 0.123766449307657 0.060641819453843 0.0148090136528416
v 0.12476502080042 0.058968094390358 0.0148087519511104
v 0.123775643323908 0.0607219206726965 0.0142090135395928
v 0.126660999804863 0.0540542783770096 0.0142086559116042
v 0.126922381067522 0.0527675552259328 0.0148091123730676
v 0.130547714295664 0.0240360560389025 0.0148089670866972
v 0.130870145614369 0.0170689058907369 0.0148090136528416
v 0.130957853847196 0.0170724151153746 0.0142087686016735
v 0.129755702694752 0.0345995542181987 0.0148089354217191
v 0.130164456438324 0.0304400743529417 0.0142091653452233
v 0.129368212907728 0.038731535843898 0.0142090126082699
v 0.128225934619624 0.0468368836317889 0.0142089939818121
v 0.128450852741656 0.0452091733694982 0.0148088991001265
v 0.125299614847462 0.0579413556110872 0.0142088812917428
v 0.125896749066636 0.0561380202040829 0.0148090136528416
v 0.124928106555461 0.0585895451644711 0.0148090117901958
v 0.124897834847172 0.0584627585919447 0.0159024444640409
v 0.124874380419978 0.0586457002092575 0.0148098965469383
v 0.124792036605061 0.0586812245894541 0.0148090108588729
v 0.124739994300755 0.0586908805451451 0.0153526976024445
v 0.124723878695284 0.0587034012500362 0.0158969850492781
v 0.130676743447557 0.000950000276323399 0.0148090136528416
v 0.131213453459441 0.000950000276323399 0.0148090136528416
v 0.130653736055188 0.000950000276323399 0.0162090136066478
v 0.131213453459441 0.000950000276323399 0.0162090136066478
v 0.131012243084338 0.0128838044015394 0.0150453694316848
v 0.130945649796451 0.0149933047570176 0.0148681023647216
v 0.130870041306243 0.0170689058907369 0.0148090136528416
v 0.131104481270066 0.00966425470926854 0.0148092371703344
v 0.131152939845185 0.00665079233635634 0.0162090136066478
v 0.131069046309539 0.0107792037357689 0.0153329125790359
v 0.13111494188499 0.00873218303880179 0.0157180797853569
v 0.131213453459441 0.000950000276323399 0.0148090136528416
v 0.131213513064084 0.000950000858400203 0.0162090136066478
v 0.12976881571631 0.0345037285437233 0.0148092697666354
v 0.128751468760862 0.0423119321766223 0.0162089912548985
v 0.12841023217715 0.0454895686136926 0.0148089447349479
v 0.126883459235354 0.0529667242132264 0.0148087323933297
v 0.127453011405775 0.0498718861060899 0.0162090787992499
v 0.124868345449829 0.0584295215407582 0.0162090340957513
v 0.12623093740126 0.054784413168563 0.0162091719315385
v 0.124974210747164 0.0586080859405028 0.0148079938542804
v 0.130573523106274 0.0235942494998939 0.0148090062022585
v 0.12988064892857 0.0317952441482658 0.0162087267591986
v 0.130870145614369 0.0170689058907369 0.0148090145841644
v 0.130560648503291 0.0215060969276283 0.0162090638980837
v 0.131042149714185 0.011816304413479 0.0151783176364306
v 0.131104138543366 0.00924921345870549 0.0156117934922163
v 0.131153848815998 0.00665127196764308 0.0162089893922527
v 0.130963143759301 0.0144692046650797 0.0149013626989803
v 0.0332798466098347 -0.0392000136077408 -0.00227659271990236
v 0.0381773440947237 -0.0392000136077408 9.00868628465188e-06
v 0.0388183473314719 -0.0392000136077408 -0.00199989296492302
v 0.0425160443220432 -0.0403571152394236 9.00868628465188e-06
v 0.0430891466940391 -0.0381579117261282 9.00868628465188e-06
v 0.0306601442994149 -0.0387336145565815 9.00868628465188e-06
v 0.0307561450282605 -0.0389686133979786 9.00868628465188e-06
v 0.0307565138319918 -0.0382055917326441 9.00868628465188e-06
v 0.0428938446292172 -0.0310349102807829 9.00868628465188e-06
v 0.0445282449306201 -0.0369066123723762 9.00868628465188e-06
v 0.0413983454987782 -0.0358129114775397 9.00868628465188e-06
v 0.0424877470175686 -0.031268912606691 9.00868628465188e-06
v 0.0456285466485801 -0.0365725133252336 9.00868628465188e-06
v 0.0431956452907111 -0.0306758108020652 9.00868628465188e-06
v 0.0401350474327425 -0.0338994117488939 9.00868628465188e-06
v 0.0415650447853277 -0.0312687114409474 9.00868628465188e-06
v 0.0420267423534382 -0.0313500084783877 9.00868628465188e-06
v 0.047043147376706 -0.0348203112700098 9.00868628465188e-06
v 0.0411596438029493 -0.0289651103573259 9.00868628465188e-06
v 0.0415657451398882 -0.0287311098940636 9.00868628465188e-06
v 0.0479721453494105 -0.0315012106117161 9.00868628465188e-06
v 0.0481348473995592 -0.0303611112106559 9.00868628465188e-06
v 0.0481901865857059 -0.0240504039992976 9.00868628465188e-06
v 0.0456708473189737 -0.0435783152358499 9.00868628465188e-06
v 0.0466387447721053 -0.0416340147966897 9.00868628465188e-06
v 0.0443133441139761 -0.0417426144958813 9.00868628465188e-06
v 0.0464399446597714 -0.0457000140585004 9.00868628465188e-06
v 0.0484445456763092 -0.0457000140585004 9.00868628465188e-06
v 0.0479117993732146 -0.0217461752040503 9.00868628465188e-06
v 0.0476069439737443 -0.0200506068935768 9.00868628465188e-06
v 0.0472769503159019 -0.0185632283638791 9.00868628465188e-06
v 0.0306541465821684 -0.0384798141687444 9.00868628465188e-06
v 0.0477919456111211 -0.0435586158941469 9.00868628465188e-06
v 0.0407716473764563 -0.0373651138054549 9.00868628465188e-06
v 0.0404328471325452 -0.0394969118934905 9.00868628465188e-06
v 0.0450272438296552 -0.0397007151434691 9.00868628465188e-06
v 0.0382768465963716 -0.0372741123835334 9.00868628465188e-06
v 0.0381773440947237 -0.0392000136077408 9.00868628465188e-06
v 0.0353664449892992 -0.0374614125919568 9.00868628465188e-06
v 0.0311907429727005 -0.0392766242284143 9.00868628465188e-06
v 0.0309297472775788 -0.0391539131248409 9.00868628465188e-06
v 0.0359553463170977 -0.0333187133024754 9.00868628465188e-06
v 0.0402906453544507 -0.0279252101230178 9.00868628465188e-06
v 0.0464786057216247 -0.0155946767088788 9.00868628465188e-06
v 0.046485344771624 -0.0358257115792968 9.00868628465188e-06
v 0.042302644797356 -0.036520310814779 9.00868628465188e-06
v 0.0433816453058656 -0.0369078119162545 9.00868628465188e-06
v 0.0477468472477759 -0.0326305103925802 9.00868628465188e-06
v 0.0433563468600142 -0.0302349113715483 9.00868628465188e-06
v 0.0474452440266635 -0.0337416121242349 9.00868628465188e-06
v 0.0482438456659656 -0.0292147104789432 9.00868628465188e-06
v 0.0431961444795999 -0.0293251094939523 9.00868628465188e-06
v 0.0433565443003956 -0.0297658096213714 9.00868628465188e-06
v 0.0483042437962245 -0.0280647092529499 9.00868628465188e-06
v 0.0438234460989366 -0.0219739078642841 9.00868628465188e-06
v 0.048318031095311 -0.0263564004453841 9.00868628465188e-06
v 0.0420267423534382 -0.0286500084344295 9.00868628465188e-06
v 0.042488447372129 -0.0287313091971614 9.00868628465188e-06
v 0.0428947461494493 -0.0289660100152346 9.00868628465188e-06
v 0.0397047466105657 -0.0328315122233151 9.00868628465188e-06
v 0.040696944131771 -0.0302342110167374 9.00868628465188e-06
v 0.0408578468667457 -0.0293242098360436 9.00868628465188e-06
v 0.0406971452974426 -0.0297651111292062 9.00868628465188e-06
v 0.0408573439525667 -0.0306749111441565 9.00868628465188e-06
v 0.0411587460080075 -0.0310340106228741 9.00868628465188e-06
v 0.0406866474296162 -0.034909412793242 9.00868628465188e-06
v 0.0481039461172241 -0.00946453344750307 -0.000352091273994011
v 0.0244019976019416 0.0425244041800319 0.00103359075458025
v 0.0380395381590832 -0.0309368363928586 9.01336927444141e-06
v 0.0151050478569037 0.0466253131489338 0.00167923872780588
v 0.0367584369311091 -0.0324723158870172 -0.00196617185866611
v 0.0349879219758235 -0.0343626294010716 9.02253971259401e-06
v 0.0119968771115645 0.0475402410276991 0.0186090121969972
v 0.00811634939648931 0.0483277155067511 0.00297100941609871
v 0.00920054295955887 0.0481336166412537 0.0026746093880935
v 0.00599474446487261 0.0486354171379885 0.00374511009849529
v 0.00704454614867548 0.0484949177672759 0.00332320965487049
v 0.00722618058935904 0.0484783178681404 0.0186090140596429
v 0.00497984875038611 0.0487493179270521 0.0042515103989683
v 0.0309122998808559 -0.0380566545765766 -0.00238176934182332
v 0.030919882709089 -0.0380657405626608 8.99116122536769e-06
v 0.0337280958802683 -0.0355792053123096 -0.00221412330594296
v 0.00330349958568444 0.0488996893203655 0.0186090140596429
v 0.00401924541549586 0.0488375179297299 0.00485866027801956
v 0.00313764803548948 0.0489016152960955 0.00557926018585725
v 0.00236214692081186 0.0489446163364279 0.00641565053689607
v 0.0408935239711367 -0.0270918922061828 -0.00154686456720442
v 0.0413971422300387 -0.026341147239143 8.98643276082783e-06
v 0.0430496176395656 -0.0234674089106401 -0.0013523500988687
v 0.0447028455577161 -0.0201256063256561 -0.00128339274043331
v 0.04405564716334 -0.0215047073938811 -0.00129199257597063
v 0.0449109588955879 -0.0197679448094758 9.03816119882917e-06
v 0.0458620441139784 -0.017324006405324 -0.00155889295153437
v 0.0453061451321963 -0.0187292068661305 -0.00136659153920857
v 0.0469830621708251 -0.0140526099679414 9.06346153092569e-06
v 0.0463690449363958 -0.0159183048928044 -0.00185609298589941
v 0.0472362440697204 -0.0131251045735889 -0.00270549298634485
v 0.0468267452681053 -0.0145175049326384 -0.00224239268085088
v 0.047947346092448 -0.0102283038964385 9.00868628465188e-06
v 0.0475986440271448 -0.011743904303577 -0.00323639173535687
v 0.0490147460472274 -0.00108476031153797 -0.0024269920529023
v 0.0489265460760925 -0.00313124095764606 -0.00222609266768496
v 0.0489299472660589 -0.00307838093323333 -0.00546359267727719
v 0.0482300471910085 0.00880000290274623 0.0186090140596429
v 0.0469135929588922 0.0142641869700567 -0.00288044245630401
v 0.0458299991675472 0.0174603520759612 -0.00217167570423612
v 0.0409426381973338 0.0269665752611719 8.9802559254898e-07
v 0.0399914449455271 0.028351709439058 0.000215008926953362
v 0.0390052414162781 0.0297007958332851 0.000387080259946029
v 0.0376272453898067 0.0314257995349208 0.000543962240523041
v 0.00119124350269341 0.0489865184157537 0.00836730097627944
v 0.00056174396212972 0.0489971168702063 0.0186090140596429
v 0.00171384956582229 0.0489711180604965 0.00735453110898868
v 0.000469543029303638 0.0489982158312128 0.0105302927930877
v 0.000155414363853687 0.0489997506513303 0.0119948334229537
v 0.000312149517711639 0.048999217934639 0.0196090145588319
v -0.00013605504923936 0.0489997171237064 0.0196090145588319
v -0.00013605504923936 0.0489997171237064 0.0138973603053465
v 0.000783249718325229 0.0489945166167061 0.00943278185632103
v 0.0107494273614268 0.0478150632357386 0.00232573443768928
v 0.0129581398228228 0.0472648227730121 0.00195150259187508
v 0.0172780021888466 0.0458665085136311 0.00146839444397186
v 0.0203135567833436 0.0446241051560945 0.00124216051509383
v 0.0184403579285663 0.0454606007466196 0.0186090121969972
v 0.0245286649198387 0.0424620465248189 0.0186090121969972
v 0.0283319981023971 0.0400207251379792 0.000893307974646571
v 0.0320148945149435 0.0371389103774014 0.000786056132502953
v 0.0337380684821744 0.0355933316178576 0.0186090103343514
v 0.0293381375222328 0.0392963980759483 0.0186090121969972
v 0.0357927597509457 0.0335229598621481 0.000658204359424751
v 0.0383487856757172 0.0306132836460868 0.0186090121969972
v 0.0436123786059241 0.0224271324218857 -0.000947278252355799
v 0.0452345562301309 0.0190233707878844 0.0186090121969972
v 0.042133773666611 0.0250689489998098 -0.00035708712278988
v 0.0421798070778001 0.0250290846549604 0.0186090121969972
v 0.0473935891525396 0.0126391989645643 0.0186090121969972
v 0.04761569840575 0.0116825655156022 -0.00335367392499203
v 0.048088311074191 0.00956209603916246 -0.00367867837131372
v 0.0487997111201357 0.00489878399629302 9.00380047747587e-06
v 0.0488237541431846 0.0048140364075569 -0.00430186050820092
v 0.0489228915663914 0.00329568557110282 -0.00457265893570765
v 0.049017543740179 0.000950000276323399 9.00868628465188e-06
v 0.0487739507382976 -0.00515269521155365 -0.00182763303904576
v 0.0482300471910085 0.00880000290274623 9.00868628465188e-06
v 0.049017543740179 0.000950000276323399 -0.00243349268665263
v 0.0490267452070106 -3.87762141094381e-05 -0.00531049250790534
v 0.0490147460472274 0.00108222036119477 -0.00510009362924196
v 0.0490020465328838 -0.0015568505604435 -0.00543659362678696
v 0.0488108460125889 -0.00459520160618429 -0.00538619415744133
v 0.0486457448755417 -0.00609839213585525 -0.00520119245390278
v 0.0481648471616621 -0.00915000242553635 -0.00182769136314155
v 0.0484373446903233 -0.00757662228083531 -0.00489709317959185
v 0.0481993433490549 -0.00900617730079479 -0.00444430308411693
v 0.0481487464573521 -0.00923437282850329 -0.000729991367828844
v 0.0481648471616621 -0.00915000242553635 -0.00116439202724116
v 0.0480348457090225 -0.00980944329071646 -8.84915067413179e-05
v -0.00035375355883494 0.0490334161110447 0.0196090145588319
v -0.00013605504923936 0.0489997171237064 0.0196090145588319
v -0.00055125354488373 0.0491343156326078 0.0196090145588319
v 0.00820764880908331 0.0519062193913693 0.0196090145588319
v 0.00820764880908331 0.0525722195636416 0.0196090145588319
v -0.000706255420157574 0.0492905171071929 0.0196090145588319
v 0.000312149517711639 0.048999217934639 0.0196090145588319
v 0.131228727149323 -0.00500000109896047 0.0148091868788985
v 0.131218043016986 -3.34784111523527e-06 0.0148090136528416
v 0.131272506759932 -3.12215106619024e-06 0.0142091867656497
v 0.131279242084641 -0.00500000203028336 0.0142090135395928
v 0.131213453459441 0.000950000276323399 0.0148090136528416
v 0.130676743447557 0.000950000276323399 0.0148090136528416
v 0.130965051107891 -0.00909826278255652 0.0148090136528416
v 0.130964753084674 -0.0471012154188307 0.0148090136528416
v 0.131226536678676 -0.0512000158727168 0.0148090136528416
v 0.128799852830177 -0.0168800056695939 0.0148090136528416
v 0.12998814590302 -0.0131384047957363 0.0148090136528416
v 0.127226737278104 -0.0281000082530079 0.0148090136528416
v 0.125676748327687 -0.0245324082967492 0.0148090136528416
v 0.127621945866454 -0.0337649100975727 0.0148090136528416
v 0.129176747891828 -0.0512000158727168 0.0148090136528416
v 0.129176747891828 -0.0467335179672214 0.0148090136528416
v 0.128799852830177 -0.0393200126990676 0.0148090136528416
v 0.129982140735193 -0.0430438141299115 0.0148090136528416
v 0.125676748327687 -0.0316676119345582 0.0148090136528416
v 0.127165240187231 -0.0397872126879096 0.0148090136528416
v 0.130176749896034 -0.00515000182576484 0.0148090136528416
v 0.127621945866454 -0.0224351082710888 0.0148090136528416
v 0.129234147163464 -0.00915000242553635 0.0148090136528416
v 0.127165344495357 -0.0164125057947824 0.0148090136528416
v 0.130176749896034 -0.00915000242553635 0.0148090136528416
v 0.130676743447557 -0.00515000182576484 0.0148090136528416
v 0.131226745294929 -0.00500000203028336 0.0148090136528416
v 0.123766449307657 0.060641819453843 0.0148090136528416
v 0.124816459607712 0.0586645464591961 0.0148090136528416
v 0.124927845785146 0.0585899214189174 0.0148090136528416
v 0.124906425366409 0.058535502359992 0.0148090136528416
v 0.123462048393593 0.0589153219102967 0.0148090136528416
v 0.131226536678676 -0.0512000158727168 0.0148090136528416
v 0.13127904836955 -0.0512000158727168 0.0142090135395928
v 0.131174367714503 -0.0481387389171314 0.0142088803604199
v 0.131095138242206 -0.0479062583728205 0.0148088078304836
v 0.130378705329181 -0.0443499572258252 0.014809050905757
v 0.130439844792192 -0.0443608797806423 0.0142092016668159
v 0.128793177110111 -0.039322083961168 0.0148092129559394
v 0.128850248556208 -0.0393056144472367 0.0142090135395928
v 0.0527506831418577 0.0754642218045063 0.0148090136528416
v 0.0533293473721448 0.078700829606773 0.0142090135395928
v 0.0721981658295216 0.0761151419965945 -0.0160922946345284
v 0.0848611127243698 0.0736816697990453 -0.0196795492289915
v 0.0880668069109301 0.0651563847961752 -0.0197263090884953
v 0.0913691500268333 0.0645740919249744 -0.0193759789460804
v 0.0985391266970544 0.0633098918865936 -0.0174250679770692
v 0.103958455384708 0.0699267770849464 -0.0154196317783235
v 0.106773836014261 0.069362492273086 -0.013652692469738
v 0.10712783544225 0.0617954677402613 -0.0124203865149408
v 0.109396164654282 0.0688331506959408 -0.0115819388716449
v 0.109558170075161 0.0613668841236003 -0.0102759149850608
v 0.111764778678908 0.0683476110968107 -0.00933717411140117
v 0.112270047241375 0.0608887243270257 -0.00743874179008052
v 0.113289607019211 0.0679305125539906 -0.00766099501210937
v 0.114796516713579 0.0673846455835408 -0.00615786874371763
v 0.117993150994336 0.0598796136273574 -0.00196375367879036
v 0.123428140802054 0.0620629138710367 0.00811606638299567
v 0.116309766851894 0.0666875168750979 -0.00466857913945605
v 0.123053190341895 0.05898735787295 0.00895943234245711
v 0.122599643708775 0.0625682235924092 0.00427511012092148
v 0.122946974867279 0.062349616033821 0.00562445821687973
v 0.121901971357273 0.0591902596023741 0.00387131668969384
v 0.1210749569295 0.0636125122201602 0.000974272355193199
v 0.120648321792895 0.0594114115350892 0.00143023290660573
v 0.117727612307797 0.0658909601352532 -0.00321221622302888
v 0.119639103420696 0.0646095567005062 -0.00101607722769274
v 0.122162458550281 0.062858140681799 0.00302733349598913
v 0.123421196861093 0.0589224632941932 0.0128894407676505
v 0.123903674098024 0.0617749674608756 0.0125400326348936
v 0.123720218456086 0.0618856160704183 0.0102919858927965
v 0.123955843062197 0.0617442226297344 0.0142090135395928
v 0.103387293888914 0.0624549598282002 -0.0150325162445231
v 0.100998876221504 0.07051721344347 -0.0169273503998704
v 0.123766449307657 0.060641819453843 0.0148090136528416
v 0.123775643323908 0.0607219206726965 0.0142090293720818
v 0.123462048393593 0.0589153219102967 0.0148090136528416
v 0.0946268343636368 0.0639996445177725 -0.018683916634142
v 0.0979024522475363 0.071131625778393 -0.0181042836211061
v 0.0914622599304719 0.0723979119800404 -0.0195401376434108
v 0.0947313660070752 0.0717574300548682 -0.0189936839395424
v 0.0881681497059442 0.073040472617896 -0.0197888679094518
v 0.0847614016064699 0.0657392662634405 -0.0197642828478844
v 0.0814444404517622 0.0663240997834767 -0.0194578608542936
v 0.0815790202860764 0.0743149544609479 -0.0192742058436494
v 0.0783554298053223 0.0749350366896061 -0.018515267097851
v 0.0781806540895862 0.0668996349758105 -0.0188424762182767
v 0.0749953446910836 0.0674612077754243 -0.0178910330317631
v 0.0752162171479425 0.0755375429927435 -0.0174715205000202
v 0.0684111699072019 0.0686222246885235 -0.0147615254988403
v 0.0719182922262344 0.068003856093977 -0.0166479796108515
v 0.0653752371957481 0.0774178690001592 -0.0115121036249733
v 0.0693112447266756 0.0766665820031992 -0.0144478373240862
v 0.0645187035683095 0.0693085947549773 -0.0119825995655118
v 0.0602807128366676 0.0700558286347336 -0.00780899060073831
v 0.0612703101053028 0.0782001876757095 -0.00728625256852245
v 0.0568315076046107 0.0706640569856878 -0.00292342952679307
v 0.0586573803724942 0.0787001143507959 -0.00353022829711598
v 0.056648480371048 0.0790863749301861 0.000170103593251921
v 0.0542048501773592 0.0711271852308684 0.00256896477642189
v 0.0542818854537192 0.0795462770728866 0.00734871686020598
v 0.054137973767416 0.0749620003498267 0.00486213271540324
v 0.0537222015770785 0.0796578048512345 0.0107765038307197
v 0.0534004445359018 0.0752885296045449 0.00804111072309205
v 0.054870187009793 0.0746901732761914 0.0025835192576671
v 0.0551745953744375 0.079371747163888 0.0040489346325546
v 0.0536369445852135 0.075256827373476 0.00692946137357987
v 0.0530125449669544 0.0752359284878947 0.0102842018961081
v 0.0531834463808667 0.0752460240279883 0.00915792146404324
v 0.0528320472054478 0.0754944264683731 0.0125380628869878
v 0.0529024440146443 0.0753402292006406 0.0114119323979078
v 0.0534914943540514 0.0797025679544688 0.0142086018948768
v 0.0527845460299138 0.0755270227694134 0.0136725333725198
v 0.0533058445161772 0.0786124284383517 0.0148090136528416
v 0.00850754957256739 0.0527559174151385 0.0186090140596429
v 0.00833204369994911 0.0525809181194049 0.0199089750342336
v 0.00820764880908331 0.0526659180966434 0.0186090140596429
v 0.0120075491367085 0.0541356201179484 0.0151089089356412
v 0.00820774566662891 0.0525436167751402 0.0199089750342336
v 0.0120074448285825 0.0540299186955807 0.0162333248592865
v 0.00820764880908331 0.0526659180966434 0.0186090140596429
v 0.00820754450095729 0.052722319010672 0.0180090241909459
v 0.0120075491367085 0.0541356201179484 0.0151089014850581
v 0.0120076459942541 0.0542026194864295 0.0143973922199191
v 0.00839294474438712 0.0527779189870178 0.0180090241909459
v 0.00850754957256739 0.0527559174151385 0.0186090047464141
v 0.00366384527838581 0.0510336182751662 0.018009014877717
v 0.00820764880908331 0.0526659180966434 0.0186090140596429
v 0.00821034126258634 0.0527147156906236 0.0180083256987808
v 0.00368454252516015 0.0509769379642716 0.0186083341939355
v 0.0477706444016706 0.070105620881557 0.0148090136528416
v 0.0171388458355031 0.055122617486991 0.0148090136528416
v 0.0123075467577382 0.0513732195779245 0.0148090136528416
v 0.0123075467577382 0.053097418616586 0.0148090136528416
v 0.0423039449236411 0.0658116263264585 0.0148090136528416
v 0.0266258449861594 0.0595665214992509 0.0148090136528416
v 0.0219133491386472 0.057278819959954 0.0148090136528416
v 0.022254548469457 0.055673018137254 0.0148090136528416
v 0.0321748473009133 0.0606435219120802 0.0148090136528416
v 0.0358627467782186 0.0645099200527778 0.0148090136528416
v 0.0312763445539104 0.0619784205334487 0.0148090136528416
v 0.0447888438823338 0.0699923273150155 0.0148090136528416
v 0.0529404457001295 0.0765402275644924 0.0148090136528416
v 0.0524580466942933 0.0738044256061174 0.0148090136528416
v 0.0428499458093214 0.0668245256476305 0.0148090136528416
v 0.0490428459113207 0.0730465224913691 0.0148090136528416
v 0.0419989442378524 0.0662923230465769 0.0148090136528416
v 0.040374747506349 0.0671712236307867 0.0148090136528416
v 0.0431517464708152 0.0663419215782398 0.0148090136528416
v 0.00668334945999059 0.0485460175914324 0.0186090140596429
v 0.0127045434853911 0.0473319152737819 0.0186090140596429
v 0.0185243483217581 0.0453745167095408 0.0186090140596429
v 0.0143073496004788 0.0494805181519881 0.0186090140596429
v 0.0292046473353066 0.0393659120162239 0.0186090140596429
v 0.0339007481805817 0.0354059122001047 0.0186090140596429
v 0.0240523437249885 0.0427057141196469 0.0186090140596429
v 0.0404366469285647 0.031926411663652 0.0186090140596429
v 0.0380618451968918 0.0308922111254115 0.0186090140596429
v 0.00820764880908331 0.0518125171330759 0.0186090140596429
v 0.00056174396212972 0.0489971168702063 0.0186090140596429
v 0.0416256440812583 0.0258948088829668 0.0186090140596429
v 0.0445383441923935 0.0204878071095871 0.0186090140596429
v 0.00820764880908331 0.0509207158642373 0.0186090140596429
v 0.0482300471910085 0.00880000290274623 0.0186090140596429
v 0.00806604307742331 0.050868617661946 0.0186090140596429
v 0.0203286479340053 0.0473297173517689 0.0186090140596429
v 0.0260380463442646 0.0444487147047484 0.0186090140596429
v 0.0313459441510008 0.0408824148752398 0.0186090140596429
v 0.036169144447838 0.0366876136581755 0.0186090140596429
v 0.0440814447980802 0.0266731098315832 0.0186090140596429
v 0.0470475469444501 0.0210074070493357 0.0186090140596429
v 0.0467514459769856 0.014758705453139 0.0186090140596429
v 0.0507693465627137 0.00880000290274623 0.0186090140596429
v 0.049288446844628 0.0150183051885927 0.0186090140596429
v -0.0219322512611991 0.00481438146268649 0.0644640319114953
v -0.0217962558166032 -0.00541018177537696 0.0645037360688081
v -0.0216412539413294 0.00598277212474242 0.0645484321167946
v -0.0212892512688956 0.00713130232623594 0.0646486350088383
v -0.0186462547187602 0.0124816042309404 0.0653325314817046
v -0.0189232523980012 -0.0120834040921406 0.0652665267660666
v -0.0178682502090579 -0.0135640044538677 0.0655127312844384
v -0.0192912514666191 0.0114754039152936 0.0651764343152828
v -0.0206372509754321 -0.00887296273770329 0.0648289316691524
v -0.0198792512741855 0.0104341039026866 0.0650281304587783
v -0.0204092557636817 0.0093606229590468 0.0648896315696267
v -0.0198462526534593 -0.0105148039621564 0.0650367358822529
v -0.0212882528911179 -0.00716699248190641 0.0646492310554859
v -0.0208792532783916 0.00825845261387713 0.0647626289301906
v -0.0179462503355837 0.0134498047101574 0.0654948275332613
v -0.0221682483963318 -0.00361704109435378 0.0643949277532899
v -0.0221592555457523 0.00363477115381248 0.0643973268410464
v -0.0224602515445596 3.58953122781201e-05 0.064307428105423
v -0.022421255206587 0.00124032045390012 0.0643189318057216
v -0.0223222518938279 0.00244214071814937 0.0643489278532618
v -0.0223922500969715 -0.00179819054654649 0.0643279321101003
v -0.0171952541799416 0.0143779052198345 0.0656613331642667
v -0.0166952531778385 -0.014950305579331 0.0657682341305127
v -0.0155472528439631 0.0161024050757885 0.0660007295759899
v -0.0154122557771449 -0.0162356047377138 0.0660271269918952
v -0.0163942497284508 0.0152620053797217 0.065830729621513
v -0.0146562528314536 0.016896106379662 0.0661703271989797
v -0.0127522495518869 0.0183353057137765 0.0665042325309619
v -0.0140282508575564 -0.0174117053562886 0.0662845297366587
v -0.0137232464464775 0.0176409057813921 0.0663384272547674
v -0.0117453557607826 0.0189775068609978 0.0666669309140057
v -0.0125522536213939 -0.0184715060980432 0.0665372311634893
v -0.0109945533202317 -0.0194082064432577 0.0667824298531433
v -0.00853235255482016 0.0205615064149163 0.0671327339185174
v -0.00963285543845185 0.0200940065401048 0.0669812337618652
v -0.0107045543781396 0.0195643073349711 0.0668260306654148
v -0.00740565343039522 0.0209624073900881 0.0672808366092783
v -0.00936415025522981 -0.0202151064550839 0.0670188294041622
v -0.00766815228011874 -0.0208750064624473 0.0672468321480331
v -0.00625585750663607 0.0212930065258219 0.0674255269329818
v -0.0059168560970533 -0.0213739068197124 0.0674670266808205
v -0.00508765119863343 0.0215536074333789 0.0675669315495404
v -0.00220218924539861 0.0219394619559904 0.0678965900491584
v -0.0041272490294148 -0.0217139067286662 0.0676796365200173
v -0.00390624991268856 0.0217494068944678 0.0677050281072048
v -0.00231625134536065 -0.0219224075712862 0.0678834323194128
v -0.000495254982368916 -0.0220333076380084 0.0680770357211345
v 0.000152204633431594 0.0220592244913041 0.0681434129659271
v 0.00178368176072059 -0.0220781303459074 0.0683261757692457
v 0.0023781656687372 0.0220796372263384 0.0683585560033762
v 0.00804229155833378 0.0220231692570619 0.0688180558145896
v 0.011237052949435 0.0219784806596586 0.0689976446695096
v 0.0100714152290357 -0.022006004976257 0.0689345233295294
v 0.0135339020520323 0.0218791643870032 0.0691105657068963
v 0.0123066452375061 -0.0219388081673239 0.0690517359027788
v 0.0158855725254365 0.0216974577038384 0.069207475441212
v 0.0182767450449601 0.0214382258409251 0.0692866304360125
v 0.0209655459009364 -0.0210632081914251 0.0693500274475672
v 0.0174990441464104 -0.0215272081548278 0.069263436770838
v 0.0289523576434178 -0.0195322400253305 0.0693471887754081
v 0.0410719467459934 0.0159743053379916 0.068623834014471
v 0.0399676440663422 0.0164435058083946 0.0687305338149735
v 0.0396173438515368 -0.0165942050273641 0.068762131737879
v 0.0427728472030277 -0.0149615047370456 0.0684423378102787
v 0.0417847475010591 -0.0156222056820917 0.0685500285383327
v 0.0439549451182428 0.0138546051342564 0.0683030268075697
v 0.0444346470139633 -0.0132681045462527 0.0682417308604478
v 0.0436588441507782 -0.0141699044976048 0.0683388343099239
v 0.0452974465795438 0.0118653041045257 0.0681258370404062
v 0.0457631451093454 0.0107551038934255 0.06805863278089
v 0.0460957464703384 0.00959647302956245 0.0680083338944161
v 0.0456004467844869 -0.0111959036723934 0.0680822362281347
v 0.045973746941081 -0.0100651035303586 0.0680267293840775
v 0.046655843854193 -0.00601470159859572 0.0679187480832828
v 0.0465618138038713 0.00680745481577046 0.0679340664821259
v 0.0468688224210859 0.00187133396852763 0.0678853173169358
v 0.0467729483521077 0.00423501154836609 0.0678986836630081
v 0.0468859289537541 -0.00133447906040802 0.0678792599928797
v 0.0467864450785573 -0.00416418118318985 0.0678965304444937
v 0.0462549467476848 -0.00890959259816661 0.0679833371881327
v 0.0464589473651591 -0.00772619273646595 0.0679508302940895
v 0.0463356439843263 0.00841846319906952 0.0679708351096994
v 0.0450857457871947 -0.012270604649015 0.0681550284249721
v 0.0446928468787785 0.0129053049217055 0.0682084342045966
v 0.0421265466035935 0.0154021052129158 0.0685141316289814
v 0.0430942466163437 0.0146929046972133 0.0684060311188571
v 0.0407226449089656 -0.0161552054955364 0.0686580321908767
v 0.0373853026914906 0.0172985272737852 0.0689486868879929
v 0.0388363442085015 0.0168468058713229 0.0688309304221776
v 0.0335347980215822 0.0183849955150823 0.069190517914088
v 0.0379916160257549 -0.0171360579961714 0.0689055107589578
v 0.0301280536473981 0.0192441744058398 0.069315628105418
v 0.0332976758488046 -0.0184604214930438 0.0692017086898966
v 0.0277806775022895 0.0197839821895876 0.0693652489888302
v 0.0253738140603796 0.020287416226666 0.0693851792986091
v 0.0245075443869636 -0.0204572075648162 0.0693831378388411
v 0.0229912953900259 0.0207319738934824 0.0693762609506445
v 0.0206623110027097 0.0211112905294282 0.0693433591756973
v 0.0141364481865665 -0.0218354071124867 0.0691366278465624
f 22 21 20
f 1 18 2
f 17 3 4
f 6 4 5
f 5 4 3
f 5 15 6
f 15 8 7
f 8 9 7
f 8 11 9
f 9 11 10
f 11 12 10
f 12 13 10
f 14 13 12
f 16 15 7
f 15 16 6
f 1 3 17
f 18 1 17
f 18 19 2
f 2 20 21
f 2 19 20
f 21 22 23
f 33 30 34
f 32 24 25
f 25 28 26
f 28 25 24
f 27 26 28
f 28 29 27
f 24 32 31
f 30 31 32
f 33 31 30
f 33 34 36
f 34 35 36
f 37 48 38
f 38 48 41
f 40 48 39
f 48 42 39
f 40 41 48
f 48 43 42
f 43 48 44
f 44 48 46
f 48 45 46
f 47 45 48
f 48 49 47
f 107 50 51
f 54 52 53
f 80 98 172
f 57 54 53
f 80 172 55
f 55 56 80
f 54 57 58
f 57 91 58
f 90 59 60
f 91 110 90
f 87 88 185
f 76 107 106
f 67 61 68
f 64 88 62
f 64 63 65
f 64 65 66
f 61 67 66
f 71 67 68
f 64 86 85
f 69 62 88
f 67 71 70
f 70 71 72
f 69 88 73
f 74 73 88
f 83 50 107
f 175 76 105
f 164 75 84
f 106 105 76
f 175 80 56
f 76 82 107
f 52 77 53
f 78 98 52
f 77 52 98
f 79 98 78
f 98 79 199
f 98 199 172
f 81 80 175
f 105 81 175
f 50 83 72
f 82 83 107
f 70 72 83
f 87 185 84
f 66 65 61
f 64 85 63
f 86 64 62
f 87 74 88
f 89 75 164
f 164 84 185
f 89 59 75
f 89 60 59
f 90 60 91
f 58 91 60
f 97 92 93
f 97 95 94
f 95 97 96
f 80 94 95
f 93 96 97
f 80 95 98
f 93 99 96
f 101 99 93
f 93 100 101
f 104 106 102
f 105 104 103
f 104 80 103
f 104 105 106
f 102 106 107
f 57 110 108
f 109 111 57
f 110 57 111
f 98 111 112
f 111 109 112
f 113 120 118
f 117 120 114
f 120 115 116
f 120 116 114
f 120 117 118
f 120 119 115
f 122 119 120
f 120 121 122
f 120 123 121
f 124 123 120
f 120 125 124
f 126 134 127
f 129 126 127
f 128 129 127
f 130 129 128
f 128 131 130
f 126 132 134
f 132 133 134
f 133 132 135
f 135 137 133
f 135 136 137
f 138 140 139
f 138 143 140
f 150 140 143
f 139 140 141
f 142 143 144
f 145 146 144
f 146 142 144
f 148 145 144
f 148 147 145
f 147 148 149
f 142 150 143
f 151 139 141
f 152 151 141
f 151 152 155
f 155 152 153
f 157 155 154
f 153 154 155
f 157 154 156
f 157 156 158
f 158 156 159
f 190 188 191
f 161 160 55
f 162 161 172
f 162 172 201
f 70 179 163
f 70 163 180
f 166 186 164
f 168 165 183
f 166 185 167
f 169 167 88
f 165 168 184
f 88 184 169
f 76 170 171
f 172 199 201
f 172 161 55
f 55 174 56
f 160 174 55
f 56 173 175
f 174 173 56
f 173 176 175
f 175 170 76
f 176 170 175
f 76 171 82
f 82 177 178
f 171 177 82
f 177 179 178
f 178 179 70
f 70 180 67
f 180 182 67
f 67 183 181
f 182 183 67
f 181 183 165
f 165 184 88
f 88 167 185
f 185 166 164
f 164 186 187
f 186 189 187
f 187 188 190
f 189 188 187
f 190 191 58
f 58 192 54
f 191 192 58
f 192 193 54
f 54 193 52
f 193 194 52
f 52 196 195
f 194 196 52
f 196 197 195
f 195 198 79
f 197 198 195
f 200 199 198
f 79 198 199
f 199 200 201
f 203 215 214
f 202 215 203
f 203 204 202
f 203 205 204
f 206 204 205
f 207 206 205
f 208 207 205
f 209 207 208
f 208 210 209
f 210 208 212
f 208 211 212
f 212 211 213
f 214 215 216
f 214 216 217
f 217 218 214
f 219 237 220
f 221 222 238
f 223 221 235
f 230 232 233
f 224 231 230
f 229 226 224
f 224 230 229
f 229 225 226
f 227 228 229
f 225 229 228
f 230 231 232
f 235 230 233
f 235 234 223
f 233 234 235
f 235 221 238
f 236 238 222
f 237 219 238
f 238 236 237
f 239 241 240
f 240 241 246
f 245 242 241
f 242 245 243
f 243 245 244
f 245 241 239
f 247 246 250
f 246 247 240
f 248 247 250
f 248 250 249
f 250 251 249
f 252 259 261
f 252 253 259
f 254 253 252
f 254 256 253
f 255 253 256
f 257 264 258
f 261 259 260
f 260 262 261
f 262 260 263
f 257 262 263
f 263 264 257
f 265 269 271
f 265 270 267
f 270 266 267
f 267 266 268
f 274 273 269
f 265 271 270
f 271 269 273
f 272 273 274
f 272 274 276
f 274 275 276
f 277 286 278
f 280 285 283
f 278 285 280
f 280 279 281
f 280 281 278
f 282 283 285
f 281 287 277
f 281 277 278
f 285 278 286
f 284 282 285
f 284 285 286
f 277 287 286
f 288 284 286
f 287 288 286
f 291 297 289
f 295 289 290
f 295 294 291
f 298 292 293
f 294 296 291
f 289 295 291
f 296 292 291
f 292 297 291
f 298 297 292
f 299 300 301
f 303 302 313
f 303 310 302
f 307 304 305
f 305 306 307
f 307 306 308
f 307 308 309
f 308 311 309
f 311 310 309
f 310 311 302
f 302 312 313
f 314 337 315
f 321 316 317
f 318 317 319
f 320 316 321
f 322 335 323
f 322 323 336
f 324 335 325
f 324 334 327
f 328 326 334
f 327 334 326
f 328 329 326
f 329 328 330
f 331 329 330
f 332 331 330
f 332 333 331
f 334 324 325
f 322 325 335
f 336 320 322
f 320 321 322
f 317 318 321
f 319 337 318
f 337 314 318
f 338 359 339
f 339 342 340
f 343 341 342
f 340 342 341
f 343 354 358
f 349 350 344
f 352 351 346
f 345 346 351
f 345 347 346
f 347 345 348
f 347 348 349
f 349 348 350
f 357 351 352
f 357 352 353
f 357 353 355
f 356 354 343
f 357 355 356
f 357 356 343
f 343 358 341
f 359 342 339
f 360 385 386
f 363 361 384
f 365 362 363
f 382 381 364
f 382 365 381
f 380 381 366
f 366 377 378
f 368 367 377
f 367 368 369
f 370 371 368
f 369 368 371
f 370 372 371
f 375 372 370
f 372 375 373
f 374 373 375
f 374 375 376
f 368 377 366
f 378 379 366
f 379 380 366
f 380 364 381
f 383 365 382
f 365 383 362
f 363 362 361
f 363 384 385
f 385 360 363
f 360 386 387
f 388 411 412
f 389 410 388
f 409 407 406
f 408 390 391
f 392 393 404
f 390 392 404
f 394 392 395
f 393 392 394
f 395 392 398
f 396 395 398
f 397 396 398
f 398 399 397
f 398 400 399
f 399 400 403
f 400 401 403
f 402 403 401
f 405 391 390
f 390 404 405
f 390 408 407
f 406 407 408
f 389 407 409
f 409 410 389
f 411 388 410
f 412 413 388
f 414 440 415
f 416 439 417
f 416 418 437
f 437 438 416
f 419 436 418
f 420 419 432
f 434 432 431
f 421 422 430
f 423 422 425
f 424 423 425
f 425 427 424
f 428 429 426
f 428 424 427
f 428 427 429
f 422 421 425
f 430 431 421
f 431 432 421
f 433 432 434
f 433 435 432
f 418 432 419
f 432 435 420
f 436 437 418
f 416 438 439
f 417 439 440
f 417 440 414
f 441 447 442
f 442 447 443
f 446 447 445
f 447 444 445
f 446 443 447
f 447 448 444
f 448 447 449
f 449 447 450
f 450 447 451
f 452 451 447
f 447 453 452
f 457 454 455
f 456 457 455
f 458 454 457
f 464 458 457
f 464 459 458
f 460 461 462
f 462 463 460
f 465 460 463
f 465 463 459
f 459 464 465
f 476 475 466
f 473 472 468
f 468 470 467
f 470 468 472
f 469 467 470
f 470 471 469
f 472 473 474
f 475 474 473
f 476 474 475
f 476 466 478
f 466 477 478
f 500 479 499
f 494 496 497
f 495 480 492
f 493 492 480
f 482 490 481
f 493 482 481
f 482 491 490
f 486 485 483
f 483 491 486
f 486 484 485
f 486 488 484
f 487 484 488
f 489 487 488
f 483 490 491
f 492 493 481
f 494 480 495
f 496 494 495
f 497 496 498
f 497 499 479
f 497 498 499
f 479 500 501
f 512 502 505
f 505 502 503
f 503 504 505
f 504 507 505
f 507 508 506
f 504 508 507
f 506 508 510
f 509 506 510
f 502 512 511
f 511 512 513
f 513 515 511
f 513 514 515
f 514 518 515
f 515 518 517
f 517 516 521
f 516 517 518
f 516 519 521
f 520 521 519
f 524 520 519
f 522 523 520
f 520 524 522
f 525 526 531
f 527 526 525
f 525 528 527
f 528 529 527
f 530 529 528
f 531 526 532
f 532 533 531
f 532 534 533
f 533 534 535
f 537 536 541
f 537 538 536
f 537 541 543
f 538 539 536
f 536 539 540
f 541 542 543
f 543 542 546
f 544 546 542
f 545 546 544
f 547 545 544
f 547 548 545
f 549 554 551
f 549 550 554
f 551 554 552
f 553 552 554
f 554 556 553
f 555 556 554
f 555 554 557
f 554 559 557
f 554 558 559
f 558 554 560
f 560 554 561
f 620 562 563
f 613 564 614
f 562 619 567
f 565 620 563
f 566 612 564
f 619 569 567
f 571 568 569
f 570 568 571
f 566 610 572
f 573 574 611
f 575 576 577
f 587 601 578
f 579 580 581
f 606 582 585
f 604 606 583
f 583 579 584
f 584 604 583
f 603 584 579
f 608 586 585
f 580 587 588
f 586 608 590
f 587 602 588
f 589 586 590
f 589 591 592
f 592 576 575
f 593 600 601
f 593 601 595
f 595 594 593
f 595 621 596
f 574 597 577
f 596 621 598
f 610 599 611
f 574 573 597
f 595 596 594
f 600 578 601
f 578 602 587
f 588 581 580
f 581 603 579
f 604 605 606
f 605 582 606
f 582 607 585
f 607 608 585
f 590 609 589
f 609 591 589
f 591 576 592
f 575 577 597
f 573 611 599
f 610 611 572
f 566 572 612
f 564 612 614
f 613 614 615
f 617 613 615
f 617 615 616
f 565 618 616
f 617 616 618
f 565 563 618
f 619 562 620
f 568 567 569
f 571 598 570
f 598 621 570
f 623 626 622
f 626 623 629
f 624 622 626
f 629 623 627
f 626 625 624
f 626 631 625
f 629 627 628
f 629 628 636
f 636 628 630
f 631 633 625
f 632 633 631
f 636 630 634
f 636 635 643
f 635 636 634
f 643 635 637
f 637 638 643
f 638 639 643
f 643 639 640
f 641 642 640
f 643 640 642
f 644 642 641
f 644 646 642
f 644 645 646
f 657 696 661
f 695 655 690
f 667 647 692
f 648 685 649
f 685 651 649
f 650 651 668
f 668 652 650
f 685 668 651
f 685 689 681
f 653 652 668
f 654 691 690
f 654 690 655
f 657 695 696
f 661 692 656
f 647 656 692
f 657 661 663
f 661 656 658
f 661 658 659
f 660 661 659
f 662 661 660
f 662 663 661
f 664 663 662
f 663 664 665
f 663 665 666
f 685 667 692
f 648 667 685
f 668 681 669
f 668 669 671
f 680 671 669
f 670 671 680
f 682 678 670
f 675 683 701
f 672 674 701
f 678 673 674
f 672 701 683
f 675 701 676
f 670 678 677
f 674 677 678
f 674 679 677
f 679 674 672
f 679 672 684
f 688 680 669
f 685 681 668
f 678 682 673
f 670 680 682
f 683 684 672
f 692 693 685
f 689 699 688
f 688 700 673
f 686 687 691
f 689 685 693
f 689 669 681
f 688 669 689
f 688 682 680
f 682 688 673
f 701 674 673
f 696 693 661
f 690 691 687
f 661 693 692
f 687 693 690
f 689 693 687
f 687 686 694
f 687 694 689
f 697 699 686
f 694 699 689
f 700 688 699
f 673 700 701
f 690 696 695
f 696 690 693
f 686 699 694
f 697 698 700
f 700 699 697
f 698 702 700
f 701 700 702
f 701 702 676
f 730 703 704
f 778 742 705
f 761 757 756
f 802 815 706
f 736 729 731
f 734 736 732
f 707 774 708
f 718 708 773
f 717 771 769
f 723 709 768
f 769 768 709
f 723 768 710
f 767 786 719
f 804 711 712
f 713 720 721
f 827 714 713
f 798 796 770
f 787 769 770
f 773 727 772
f 707 703 715
f 730 736 703
f 703 736 715
f 716 704 703
f 764 761 778
f 771 717 718
f 787 719 710
f 841 720 714
f 721 785 713
f 722 804 712
f 723 710 724
f 710 784 724
f 724 784 725
f 804 713 785
f 784 726 725
f 713 714 720
f 821 806 795
f 717 769 709
f 773 771 718
f 727 728 789
f 773 708 774
f 774 728 727
f 729 736 730
f 715 774 707
f 731 732 736
f 733 736 734
f 735 736 733
f 776 736 735
f 776 792 736
f 792 776 793
f 791 793 802
f 793 737 738
f 739 737 793
f 738 740 793
f 740 741 742
f 803 802 742
f 705 742 777
f 742 778 743
f 743 779 803
f 756 744 743
f 782 745 780
f 745 746 748
f 748 820 745
f 746 747 748
f 839 748 747
f 839 747 749
f 839 749 826
f 794 779 744
f 750 781 751
f 780 744 751
f 753 781 750
f 781 753 783
f 752 783 753
f 783 752 754
f 750 751 755
f 756 757 755
f 756 755 751
f 758 778 705
f 778 761 756
f 758 759 778
f 778 759 760
f 764 778 760
f 761 763 762
f 763 761 764
f 765 761 762
f 722 712 726
f 784 722 726
f 719 784 710
f 766 805 767
f 710 768 787
f 787 768 769
f 770 771 772
f 799 808 798
f 770 769 771
f 798 772 789
f 772 771 773
f 811 810 728
f 773 774 727
f 715 775 728
f 715 728 774
f 791 801 775
f 715 736 775
f 736 792 775
f 793 776 739
f 777 742 741
f 793 740 742
f 743 778 756
f 817 779 820
f 751 744 756
f 780 794 744
f 783 754 782
f 780 751 781
f 782 780 783
f 719 722 784
f 785 711 804
f 719 786 722
f 767 787 796
f 719 787 767
f 788 822 766
f 787 770 796
f 770 772 798
f 833 797 799
f 799 789 810
f 789 772 727
f 813 800 811
f 801 790 811
f 801 728 775
f 814 813 790
f 775 792 791
f 791 792 793
f 819 816 815
f 793 742 802
f 803 742 743
f 779 743 744
f 794 820 779
f 781 783 780
f 745 794 780
f 806 786 805
f 722 786 806
f 807 795 822
f 767 805 786
f 766 796 808
f 767 796 766
f 830 788 797
f 808 796 798
f 798 789 799
f 824 833 800
f 789 728 810
f 813 812 800
f 728 801 811
f 790 791 706
f 801 791 790
f 836 814 816
f 706 791 802
f 815 803 817
f 802 803 815
f 840 819 818
f 817 803 779
f 817 820 818
f 746 745 782
f 745 820 794
f 806 804 722
f 842 827 829
f 806 821 804
f 805 822 795
f 805 795 806
f 849 807 831
f 766 822 805
f 808 797 788
f 766 808 788
f 809 830 833
f 808 799 797
f 810 800 833
f 810 833 799
f 854 824 812
f 810 811 800
f 834 812 825
f 790 813 811
f 706 816 814
f 790 706 814
f 858 836 838
f 815 816 706
f 817 818 819
f 817 819 815
f 748 818 820
f 829 821 795
f 829 827 821
f 829 795 807
f 831 822 788
f 831 807 822
f 830 831 788
f 833 830 797
f 823 855 834
f 812 824 800
f 825 813 814
f 825 812 813
f 836 825 814
f 838 816 819
f 838 836 816
f 826 860 861
f 838 819 840
f 748 840 818
f 713 804 827
f 804 821 827
f 714 842 828
f 714 827 842
f 807 846 829
f 842 829 846
f 846 849 844
f 846 807 849
f 830 832 831
f 849 831 832
f 809 832 830
f 824 852 833
f 809 833 852
f 854 852 824
f 854 812 834
f 835 834 825
f 836 835 825
f 835 858 857
f 835 836 858
f 858 838 837
f 840 861 838
f 837 838 861
f 840 748 839
f 839 861 840
f 841 714 828
f 828 842 843
f 845 843 842
f 845 842 846
f 844 845 846
f 844 849 847
f 848 847 849
f 848 849 832
f 848 832 850
f 809 850 832
f 851 850 809
f 851 809 852
f 853 851 852
f 853 854 855
f 854 853 852
f 855 854 834
f 823 835 856
f 835 823 834
f 857 856 835
f 857 858 859
f 837 859 858
f 860 859 837
f 860 837 861
f 826 861 839
f 862 897 863
f 868 915 867
f 895 864 914
f 914 865 907
f 866 867 862
f 868 867 869
f 866 869 867
f 865 914 864
f 870 863 897
f 899 870 897
f 870 899 898
f 898 889 870
f 872 889 871
f 873 889 872
f 872 874 873
f 872 888 874
f 888 875 874
f 875 888 890
f 890 904 875
f 876 875 904
f 879 876 904
f 912 879 891
f 877 879 912
f 877 912 878
f 905 912 920
f 905 920 921
f 905 878 912
f 879 877 884
f 880 882 878
f 876 879 884
f 880 881 892
f 883 882 893
f 885 882 883
f 884 877 882
f 882 885 887
f 886 882 887
f 862 863 866
f 909 899 897
f 871 898 894
f 894 872 871
f 888 872 903
f 898 871 889
f 890 888 903
f 891 879 904
f 877 878 882
f 882 880 892
f 892 893 882
f 896 910 909
f 908 894 909
f 901 903 894
f 918 891 903
f 913 912 891
f 895 915 868
f 896 897 862
f 909 897 896
f 909 898 899
f 902 908 900
f 894 898 909
f 911 901 902
f 903 872 894
f 891 904 890
f 891 890 903
f 905 880 878
f 915 896 867
f 914 907 906
f 867 896 862
f 914 906 896
f 916 910 907
f 906 910 896
f 908 909 910
f 908 902 901
f 901 894 908
f 901 911 918
f 901 918 903
f 918 913 891
f 912 913 920
f 914 915 895
f 915 914 896
f 907 910 906
f 916 900 908
f 908 910 916
f 917 918 911
f 917 913 918
f 917 919 913
f 920 913 919
f 920 919 921
f 922 1012 923
f 924 923 925
f 1011 926 925
f 927 1011 1010
f 1009 928 1010
f 931 928 929
f 930 932 931
f 932 933 1008
f 1008 934 1007
f 935 1006 1005
f 1006 1007 934
f 1005 974 1003
f 936 937 1002
f 939 938 937
f 1000 941 940
f 1001 939 940
f 978 941 942
f 979 980 982
f 998 981 997
f 994 996 997
f 984 943 992
f 944 945 991
f 943 945 946
f 961 963 947
f 986 963 962
f 949 955 948
f 948 959 957
f 949 953 950
f 951 952 954
f 953 949 951
f 953 951 954
f 950 956 949
f 955 949 956
f 957 949 948
f 958 957 959
f 960 957 958
f 960 961 947
f 961 960 958
f 961 962 963
f 963 986 964
f 965 985 966
f 966 987 988
f 990 967 991
f 968 969 970
f 971 976 972
f 1014 1012 973
f 974 936 975
f 976 971 977
f 978 999 979
f 980 981 982
f 994 983 995
f 983 984 993
f 1016 1015 977
f 968 967 969
f 970 988 987
f 965 986 985
f 964 986 965
f 966 985 987
f 988 970 989
f 989 970 969
f 969 967 990
f 991 967 944
f 945 944 946
f 943 946 992
f 984 992 993
f 983 993 995
f 994 995 996
f 997 996 998
f 981 998 982
f 980 979 999
f 999 978 942
f 942 941 1000
f 940 941 1001
f 939 1001 938
f 937 938 1002
f 936 1002 975
f 974 975 1003
f 1005 1003 1004
f 1005 1004 935
f 1006 935 1007
f 934 1008 933
f 933 932 930
f 930 931 929
f 929 928 1009
f 1010 928 927
f 1011 927 926
f 925 926 924
f 923 924 922
f 1012 922 973
f 1014 973 1013
f 1013 1016 1014
f 1015 1016 1013
f 977 1015 976
f 1173 1172 1169
f 1018 1165 1017
f 1018 1017 1170
f 1019 1020 1167
f 1020 1166 1167
f 1021 1019 1022
f 1023 1024 1025
f 1023 1025 1164
f 1026 1024 1028
f 1027 1161 1028
f 1162 1029 1027
f 1159 1033 1030
f 1030 1031 1160
f 1158 1032 1033
f 1035 1156 1034
f 1157 1035 1158
f 1155 1036 1034
f 1039 1036 1154
f 1037 1152 1038
f 1038 1039 1153
f 1151 1040 1152
f 1042 1041 1040
f 1149 1041 1042
f 1043 1149 1148
f 1045 1047 1044
f 1044 1043 1045
f 1046 1147 1047
f 1145 1048 1147
f 1144 1049 1048
f 1051 1049 1144
f 1050 1051 1143
f 1142 1050 1141
f 1139 1142 1137
f 1135 1052 1138
f 1053 1052 1135
f 1053 1133 1054
f 1054 1055 1056
f 1055 1057 1056
f 1132 1058 1057
f 1130 1060 1058
f 1059 1129 1127
f 1129 1059 1060
f 1127 1061 1062
f 1062 1063 1064
f 1126 1125 1064
f 1065 1124 1125
f 1123 1066 1124
f 1067 1121 1122
f 1067 1119 1120
f 1068 1117 1069
f 1117 1068 1119
f 1069 1070 1116
f 1116 1114 1113
f 1113 1112 1071
f 1112 1072 1071
f 1111 1073 1072
f 1109 1108 1073
f 1107 1074 1108
f 1076 1075 1106
f 1075 1076 1074
f 1077 1105 1078
f 1079 1102 1077
f 1100 1099 1101
f 1080 1099 1098
f 1096 1080 1081
f 1097 1096 1095
f 1083 1082 1087
f 1083 1094 1082
f 1092 1089 1090
f 1084 1083 1087
f 1084 1088 1085
f 1085 1086 1089
f 1087 1088 1084
f 1089 1084 1085
f 1089 1091 1090
f 1091 1089 1086
f 1089 1092 1093
f 1097 1094 1083
f 1095 1096 1081
f 1094 1097 1095
f 1081 1080 1098
f 1098 1099 1100
f 1100 1101 1079
f 1101 1102 1079
f 1102 1103 1077
f 1103 1105 1077
f 1104 1078 1106
f 1105 1106 1078
f 1104 1106 1075
f 1075 1074 1107
f 1107 1108 1109
f 1109 1073 1110
f 1110 1073 1111
f 1111 1072 1112
f 1112 1113 1114
f 1114 1116 1115
f 1115 1116 1070
f 1070 1069 1117
f 1117 1119 1118
f 1118 1119 1067
f 1120 1121 1067
f 1121 1066 1122
f 1123 1124 1065
f 1122 1066 1123
f 1065 1125 1126
f 1126 1064 1063
f 1063 1062 1061
f 1061 1127 1128
f 1128 1127 1129
f 1129 1060 1130
f 1130 1058 1131
f 1131 1058 1132
f 1132 1057 1055
f 1055 1054 1133
f 1133 1053 1134
f 1134 1053 1135
f 1136 1135 1138
f 1136 1139 1137
f 1136 1138 1139
f 1142 1140 1137
f 1141 1140 1142
f 1143 1141 1050
f 1144 1143 1051
f 1145 1144 1048
f 1145 1147 1146
f 1146 1147 1046
f 1046 1047 1045
f 1045 1043 1148
f 1148 1149 1150
f 1150 1149 1042
f 1042 1040 1151
f 1151 1152 1037
f 1037 1038 1153
f 1153 1039 1154
f 1154 1036 1155
f 1155 1034 1156
f 1156 1035 1157
f 1158 1033 1157
f 1033 1159 1157
f 1030 1162 1159
f 1160 1029 1162
f 1029 1161 1027
f 1161 1026 1028
f 1030 1160 1162
f 1024 1026 1025
f 1022 1163 1164
f 1164 1163 1023
f 1022 1019 1163
f 1021 1020 1019
f 1165 1166 1017
f 1165 1167 1166
f 1170 1171 1018
f 1168 1169 1171
f 1170 1168 1171
f 1174 1169 1168
f 1175 1172 1173
f 1173 1169 1174
f 1175 972 1172
f 972 1175 971
f 1182 1196 1204
f 1195 1177 1208
f 1178 1176 1208
f 1176 1209 1208
f 1210 1204 1209
f 1208 1177 1178
f 1194 1181 1179
f 1194 1180 1181
f 1195 1179 1181
f 1194 1179 1183
f 1183 1182 1185
f 1183 1184 1193
f 1182 1186 1185
f 1184 1183 1185
f 1186 1188 1184
f 1184 1185 1186
f 1197 1199 1214
f 1186 1199 1187
f 1186 1187 1188
f 1206 1200 1203
f 1188 1187 1189
f 1190 1187 1200
f 1187 1190 1189
f 1190 1200 1191
f 1191 1200 1192
f 1177 1195 1181
f 1183 1193 1194
f 1195 1196 1179
f 1199 1182 1198
f 1183 1196 1182
f 1182 1199 1186
f 1216 1197 1214
f 1197 1187 1199
f 1197 1200 1187
f 1179 1196 1183
f 1207 1196 1208
f 1196 1207 1204
f 1212 1182 1204
f 1198 1182 1212
f 1199 1198 1213
f 1213 1214 1199
f 1201 1200 1206
f 1203 1200 1197
f 1201 1192 1200
f 1208 1196 1195
f 1202 1198 1211
f 1197 1216 1203
f 1207 1209 1204
f 1204 1210 1212
f 1198 1202 1213
f 1216 1215 1203
f 1205 1201 1206
f 1207 1208 1209
f 1210 1211 1212
f 1211 1198 1212
f 1202 1217 1214
f 1214 1213 1202
f 1217 1216 1214
f 1215 1216 1217
f 1215 1218 1203
f 1206 1203 1218
f 1206 1218 1205
f 1232 1221 1250
f 1219 1244 1220
f 1250 1221 1249
f 1250 1220 1232
f 1226 1259 1224
f 1249 1228 1229
f 1222 1225 1224
f 1222 1260 1223
f 1224 1225 1226
f 1226 1229 1227
f 1228 1227 1229
f 1231 1249 1221
f 1230 1249 1231
f 1249 1230 1228
f 1233 1221 1232
f 1232 1244 1236
f 1232 1236 1233
f 1233 1236 1234
f 1235 1234 1236
f 1251 1238 1236
f 1238 1235 1236
f 1253 1245 1247
f 1238 1237 1235
f 1246 1238 1247
f 1237 1238 1246
f 1246 1245 1240
f 1245 1239 1255
f 1255 1258 1270
f 1240 1237 1246
f 1240 1242 1237
f 1248 1255 1241
f 1240 1248 1242
f 1242 1248 1243
f 1243 1248 1241
f 1250 1229 1220
f 1232 1220 1244
f 1247 1251 1257
f 1236 1244 1251
f 1238 1251 1247
f 1239 1245 1254
f 1245 1246 1247
f 1255 1248 1240
f 1249 1229 1250
f 1225 1229 1226
f 1223 1220 1225
f 1220 1223 1219
f 1251 1244 1262
f 1244 1219 1261
f 1262 1244 1261
f 1257 1251 1262
f 1247 1257 1252
f 1253 1247 1252
f 1254 1245 1253
f 1256 1255 1270
f 1240 1245 1255
f 1256 1241 1255
f 1229 1225 1220
f 1257 1262 1263
f 1255 1239 1258
f 1226 1227 1259
f 1223 1260 1219
f 1219 1260 1261
f 1263 1262 1264
f 1263 1265 1252
f 1257 1263 1252
f 1254 1266 1239
f 1239 1269 1258
f 1271 1256 1270
f 1222 1223 1225
f 1260 1264 1261
f 1264 1262 1261
f 1265 1267 1252
f 1253 1252 1267
f 1266 1253 1267
f 1266 1254 1253
f 1266 1269 1239
f 1268 1258 1269
f 1268 1270 1258
f 1270 1268 1271
f 1274 1308 1304
f 1302 1311 1272
f 1302 1272 1273
f 1274 1314 1322
f 1341 1275 1333
f 1303 1278 1276
f 1306 1277 1278
f 1317 1318 1280
f 1328 1287 1319
f 1279 1286 1280
f 1343 1386 1364
f 1281 1385 1389
f 1369 1386 1365
f 1384 1389 1282
f 1389 1397 1282
f 1397 1420 1284
f 1420 1283 1284
f 1409 1283 1420
f 1416 1410 1420
f 1416 1285 1410
f 1351 1357 1344
f 1357 1305 1356
f 1279 1345 1286
f 1318 1287 1280
f 1295 1336 1340
f 1288 1375 1374
f 1289 1423 1415
f 1290 1291 1450
f 1450 1449 1290
f 1383 1382 1375
f 1288 1359 1292
f 1367 1293 1288
f 1294 1295 1353
f 1318 1277 1319
f 1296 1337 1328
f 1277 1276 1278
f 1327 1306 1297
f 1277 1318 1276
f 1298 1312 1299
f 1301 1299 1300
f 1327 1301 1300
f 1302 1276 1311
f 1302 1303 1276
f 1308 1307 1304
f 1304 1272 1311
f 1326 1304 1317
f 1347 1305 1351
f 1277 1306 1327
f 1304 1307 1272
f 1308 1274 1309
f 1323 1310 1322
f 1317 1311 1276
f 1304 1311 1317
f 1317 1276 1318
f 1300 1316 1327
f 1327 1297 1301
f 1312 1316 1300
f 1299 1312 1300
f 1322 1313 1274
f 1341 1321 1275
f 1314 1274 1304
f 1315 1355 1334
f 1304 1326 1314
f 1328 1327 1316
f 1317 1280 1326
f 1325 1287 1328
f 1319 1277 1327
f 1318 1319 1287
f 1328 1316 1296
f 1329 1316 1312
f 1316 1329 1296
f 1320 1322 1310
f 1321 1347 1355
f 1322 1314 1323
f 1314 1326 1324
f 1314 1324 1323
f 1279 1287 1325
f 1286 1324 1326
f 1326 1280 1286
f 1328 1319 1327
f 1280 1287 1279
f 1336 1337 1340
f 1337 1325 1328
f 1337 1296 1329
f 1333 1330 1310
f 1335 1310 1323
f 1324 1335 1323
f 1295 1340 1331
f 1340 1329 1332
f 1310 1335 1333
f 1333 1335 1341
f 1334 1343 1361
f 1342 1324 1286
f 1324 1342 1335
f 1325 1339 1279
f 1345 1342 1286
f 1336 1338 1325
f 1339 1345 1279
f 1336 1325 1337
f 1325 1338 1339
f 1338 1336 1295
f 1295 1331 1353
f 1337 1329 1340
f 1305 1341 1335
f 1335 1342 1305
f 1343 1334 1344
f 1350 1348 1345
f 1338 1350 1339
f 1339 1350 1345
f 1294 1349 1295
f 1331 1332 1353
f 1353 1332 1346
f 1340 1332 1331
f 1321 1341 1347
f 1341 1305 1347
f 1356 1342 1345
f 1305 1342 1356
f 1356 1345 1348
f 1338 1295 1349
f 1349 1350 1338
f 1294 1360 1349
f 1354 1294 1353
f 1351 1355 1347
f 1351 1305 1357
f 1350 1349 1363
f 1350 1363 1348
f 1360 1354 1352
f 1346 1354 1353
f 1294 1354 1360
f 1346 1352 1354
f 1334 1355 1351
f 1334 1351 1344
f 1366 1356 1348
f 1356 1366 1357
f 1358 1348 1363
f 1348 1358 1366
f 1293 1349 1360
f 1293 1363 1349
f 1359 1352 1292
f 1359 1293 1360
f 1359 1360 1352
f 1361 1364 1371
f 1361 1315 1334
f 1362 1369 1376
f 1357 1366 1373
f 1357 1373 1344
f 1363 1293 1367
f 1363 1367 1358
f 1293 1359 1288
f 1370 1364 1369
f 1365 1385 1376
f 1344 1373 1377
f 1344 1377 1343
f 1378 1366 1358
f 1366 1378 1373
f 1368 1358 1367
f 1358 1368 1378
f 1367 1374 1368
f 1374 1367 1288
f 1292 1375 1288
f 1369 1362 1370
f 1364 1370 1371
f 1361 1343 1364
f 1364 1386 1369
f 1372 1377 1373
f 1343 1377 1386
f 1373 1378 1372
f 1368 1374 1381
f 1381 1374 1375
f 1375 1395 1394
f 1375 1292 1383
f 1369 1365 1376
f 1377 1372 1390
f 1377 1390 1386
f 1379 1378 1368
f 1378 1379 1372
f 1380 1368 1381
f 1368 1380 1379
f 1394 1381 1375
f 1381 1394 1380
f 1388 1382 1383
f 1384 1281 1389
f 1389 1385 1365
f 1405 1365 1386
f 1398 1386 1390
f 1386 1398 1405
f 1387 1372 1379
f 1372 1387 1390
f 1380 1394 1393
f 1380 1393 1379
f 1395 1375 1382
f 1388 1396 1395
f 1388 1395 1382
f 1389 1365 1405
f 1398 1390 1399
f 1387 1379 1391
f 1387 1399 1390
f 1393 1391 1379
f 1401 1394 1392
f 1401 1393 1394
f 1394 1395 1392
f 1396 1392 1395
f 1397 1389 1420
f 1399 1406 1398
f 1398 1406 1405
f 1412 1387 1391
f 1412 1399 1387
f 1393 1401 1400
f 1400 1391 1393
f 1402 1401 1392
f 1402 1392 1403
f 1396 1403 1392
f 1403 1396 1404
f 1405 1420 1389
f 1399 1408 1406
f 1407 1412 1391
f 1412 1408 1399
f 1413 1400 1401
f 1407 1391 1400
f 1413 1401 1402
f 1409 1420 1410
f 1416 1420 1418
f 1405 1411 1420
f 1405 1406 1411
f 1429 1406 1408
f 1407 1425 1408
f 1408 1412 1407
f 1400 1426 1407
f 1426 1400 1413
f 1413 1414 1426
f 1414 1413 1402
f 1402 1423 1414
f 1403 1423 1402
f 1423 1289 1421
f 1415 1423 1404
f 1427 1416 1417
f 1417 1416 1418
f 1418 1428 1419
f 1420 1411 1418
f 1424 1406 1429
f 1425 1407 1426
f 1422 1426 1414
f 1421 1422 1423
f 1422 1414 1423
f 1403 1404 1423
f 1411 1424 1428
f 1411 1406 1424
f 1425 1430 1408
f 1430 1429 1408
f 1425 1426 1431
f 1431 1426 1422
f 1417 1419 1427
f 1411 1428 1418
f 1424 1429 1430
f 1425 1435 1430
f 1425 1431 1435
f 1431 1422 1432
f 1422 1433 1432
f 1433 1422 1421
f 1289 1440 1433
f 1289 1433 1421
f 1289 1415 1434
f 1419 1417 1418
f 1435 1437 1430
f 1432 1438 1431
f 1435 1431 1438
f 1434 1440 1289
f 1427 1419 1441
f 1419 1428 1452
f 1435 1436 1437
f 1435 1438 1436
f 1432 1447 1438
f 1432 1433 1447
f 1433 1439 1447
f 1439 1451 1443
f 1440 1439 1433
f 1439 1440 1451
f 1440 1434 1451
f 1419 1460 1441
f 1419 1452 1460
f 1428 1424 1445
f 1430 1437 1446
f 1430 1446 1424
f 1454 1437 1436
f 1438 1447 1442
f 1436 1438 1442
f 1447 1439 1448
f 1448 1439 1443
f 1451 1434 1449
f 1428 1445 1452
f 1424 1444 1445
f 1444 1424 1446
f 1437 1454 1446
f 1436 1463 1454
f 1436 1442 1463
f 1447 1464 1442
f 1447 1448 1464
f 1451 1449 1450
f 1451 1450 1443
f 1462 1452 1445
f 1453 1446 1454
f 1453 1454 1455
f 1454 1463 1455
f 1442 1456 1463
f 1442 1464 1456
f 1464 1457 1456
f 1459 1457 1448
f 1458 1459 1450
f 1450 1459 1443
f 1460 1452 1461
f 1462 1461 1452
f 1444 1462 1445
f 1453 1444 1446
f 1455 1463 1456
f 1448 1457 1464
f 1458 1457 1459
f 1443 1459 1448
f 1291 1458 1450
f 1507 1465 1466
f 1556 1467 1469
f 1505 1465 1506
f 1477 1469 1467
f 1506 1470 1468
f 1474 1469 1477
f 1471 1468 1470
f 1471 1504 1468
f 1473 1472 1503
f 1473 1476 1502
f 1474 1477 1481
f 1475 1501 1476
f 1481 1477 1482
f 1478 1479 1475
f 1478 1483 1484
f 1484 1479 1478
f 1480 1481 1482
f 1483 1485 1484
f 1518 1497 1492
f 1484 1485 1486
f 1486 1489 1500
f 1518 1487 1488
f 1489 1490 1491
f 1495 1490 1493
f 1490 1495 1491
f 1492 1497 1519
f 1493 1494 1495
f 1516 1519 1496
f 1497 1488 1498
f 1494 1499 1495
f 1491 1500 1489
f 1489 1486 1485
f 1501 1475 1479
f 1501 1502 1476
f 1502 1472 1473
f 1503 1472 1504
f 1504 1471 1503
f 1506 1468 1505
f 1506 1465 1507
f 1507 1466 1508
f 1509 1508 1466
f 1509 1511 1508
f 1513 1511 1509
f 1510 1511 1513
f 1510 1513 1512
f 1513 1558 1512
f 1557 1514 1558
f 1515 1557 1498
f 1516 1517 1556
f 1516 1496 1517
f 1515 1498 1488
f 1488 1497 1518
f 1519 1516 1492
f 1482 1554 1480
f 1520 1554 1521
f 1521 1526 1520
f 1522 1523 1524
f 1528 1526 1525
f 1521 1525 1526
f 1537 1544 1527
f 1531 1530 1525
f 1530 1528 1525
f 1529 1530 1531
f 1531 1532 1529
f 1530 1553 1528
f 1536 1533 1553
f 1533 1536 1535
f 1534 1535 1536
f 1550 1537 1538
f 1551 1534 1550
f 1537 1527 1538
f 1549 1527 1539
f 1542 1540 1541
f 1542 1524 1523
f 1524 1545 1522
f 1523 1540 1542
f 1545 1546 1522
f 1547 1549 1543
f 1544 1539 1527
f 1545 1547 1546
f 1546 1547 1548
f 1548 1547 1543
f 1539 1543 1549
f 1551 1550 1538
f 1552 1534 1551
f 1534 1552 1535
f 1533 1528 1553
f 1480 1554 1520
f 1467 1556 1555
f 1555 1556 1517
f 1557 1558 1498
f 1512 1558 1514
f 1559 1622 1569
f 1560 1642 1561
f 1562 1677 1706
f 1563 1642 1641
f 1564 1568 1576
f 1565 1567 1574
f 1568 1567 1576
f 1567 1565 1576
f 1566 1567 1568
f 1621 1559 1569
f 1707 1678 1572
f 1663 1570 1571
f 1663 1571 1572
f 1678 1663 1572
f 1573 1570 1662
f 1642 1563 1573
f 1574 1641 1565
f 1575 1564 1576
f 1575 1576 1578
f 1577 1578 1576
f 1643 1578 1577
f 1577 1580 1579
f 1584 1580 1577
f 1582 1580 1584
f 1581 1690 1689
f 1584 1583 1582
f 1583 1584 1587
f 1585 1587 1586
f 1633 1627 1630
f 1586 1587 1588
f 1630 1627 1590
f 1589 1590 1668
f 1591 1592 1669
f 1591 1649 1592
f 1593 1624 1648
f 1594 1595 1621
f 1659 1597 1618
f 1671 1596 1597
f 1672 1720 1617
f 1598 1599 1720
f 1612 1600 1616
f 1600 1614 1616
f 1600 1612 1640
f 1702 1673 1611
f 1601 1610 1676
f 1601 1676 1603
f 1602 1605 1603
f 1603 1676 1602
f 1604 1609 1650
f 1605 1602 1609
f 1705 1607 1606
f 1602 1675 1705
f 1705 1606 1609
f 1607 1705 1724
f 1602 1705 1609
f 1607 1724 1608
f 1605 1609 1604
f 1639 1610 1601
f 1676 1661 1703
f 1611 1612 1660
f 1613 1618 1597
f 1616 1614 1615
f 1672 1596 1671
f 1616 1596 1617
f 1620 1594 1621
f 1657 1618 1619
f 1657 1619 1595
f 1594 1657 1595
f 1620 1621 1569
f 1623 1622 1559
f 1622 1623 1593
f 1623 1624 1593
f 1624 1649 1648
f 1648 1649 1647
f 1592 1625 1669
f 1625 1646 1669
f 1646 1625 1626
f 1626 1589 1646
f 1589 1645 1646
f 1668 1590 1627
f 1633 1628 1634
f 1629 1633 1630
f 1632 1629 1630
f 1630 1631 1632
f 1633 1629 1628
f 1633 1634 1635
f 1636 1633 1635
f 1668 1627 1692
f 1587 1636 1588
f 1636 1587 1633
f 1637 1587 1585
f 1689 1688 1666
f 1638 1587 1637
f 1638 1583 1587
f 1598 1701 1599
f 1615 1613 1597
f 1639 1640 1610
f 1660 1599 1611
f 1682 1684 1681
f 1573 1662 1642
f 1560 1565 1641
f 1641 1642 1560
f 1687 1577 1652
f 1643 1577 1579
f 1644 1646 1645
f 1644 1669 1646
f 1668 1645 1589
f 1648 1647 1670
f 1670 1593 1648
f 1591 1647 1649
f 1569 1622 1695
f 1620 1569 1696
f 1699 1659 1658
f 1699 1671 1659
f 1618 1657 1659
f 1615 1596 1616
f 1640 1639 1600
f 1609 1606 1650
f 1663 1662 1570
f 1651 1664 1684
f 1642 1662 1561
f 1685 1683 1653
f 1565 1652 1577
f 1565 1560 1652
f 1686 1653 1654
f 1577 1576 1565
f 1627 1587 1666
f 1633 1587 1627
f 1709 1644 1692
f 1693 1655 1644
f 1655 1694 1670
f 1656 1695 1670
f 1697 1698 1696
f 1657 1658 1659
f 1657 1594 1658
f 1700 1672 1699
f 1671 1597 1659
f 1597 1596 1615
f 1660 1612 1616
f 1640 1612 1661
f 1610 1661 1676
f 1610 1640 1661
f 1681 1662 1663
f 1678 1681 1663
f 1684 1561 1662
f 1681 1684 1662
f 1664 1560 1561
f 1664 1561 1684
f 1664 1652 1560
f 1664 1687 1652
f 1581 1577 1687
f 1581 1584 1577
f 1689 1587 1584
f 1689 1584 1581
f 1691 1665 1708
f 1666 1587 1689
f 1667 1709 1691
f 1692 1627 1666
f 1692 1645 1668
f 1644 1645 1692
f 1655 1591 1669
f 1655 1669 1644
f 1655 1647 1591
f 1712 1656 1711
f 1655 1670 1647
f 1695 1622 1593
f 1695 1593 1670
f 1696 1569 1695
f 1696 1594 1620
f 1698 1658 1594
f 1698 1594 1696
f 1698 1699 1658
f 1672 1671 1699
f 1617 1596 1672
f 1660 1616 1617
f 1673 1661 1612
f 1673 1612 1611
f 1673 1703 1661
f 1674 1723 1704
f 1675 1602 1676
f 1703 1675 1676
f 1681 1678 1680
f 1677 1680 1678
f 1679 1682 1680
f 1681 1680 1682
f 1682 1683 1651
f 1682 1651 1684
f 1687 1664 1685
f 1651 1685 1664
f 1581 1687 1686
f 1685 1686 1687
f 1686 1654 1690
f 1686 1690 1581
f 1688 1689 1690
f 1688 1665 1666
f 1692 1666 1665
f 1665 1691 1709
f 1665 1709 1692
f 1709 1693 1644
f 1693 1711 1694
f 1693 1694 1655
f 1694 1656 1670
f 1713 1695 1656
f 1696 1695 1713
f 1713 1715 1697
f 1713 1697 1696
f 1697 1717 1698
f 1699 1698 1717
f 1717 1700 1699
f 1700 1719 1720
f 1672 1700 1720
f 1611 1701 1702
f 1703 1673 1704
f 1702 1704 1673
f 1675 1703 1723
f 1703 1704 1723
f 1705 1675 1724
f 1724 1675 1723
f 1707 1677 1678
f 1706 1677 1707
f 1562 1680 1677
f 1679 1680 1562
f 1679 1683 1682
f 1683 1685 1651
f 1653 1686 1685
f 1654 1708 1690
f 1688 1690 1708
f 1708 1665 1688
f 1710 1709 1667
f 1710 1693 1709
f 1710 1711 1693
f 1711 1656 1694
f 1712 1714 1713
f 1713 1656 1712
f 1715 1713 1714
f 1715 1716 1697
f 1717 1697 1716
f 1718 1717 1716
f 1718 1700 1717
f 1719 1700 1718
f 1719 1598 1720
f 1599 1617 1720
f 1701 1611 1599
f 1701 1721 1702
f 1721 1674 1704
f 1721 1704 1702
f 1674 1722 1723
f 1722 1724 1723
f 1724 1722 1608
f 1725 1726 1728
f 1730 1728 1727
f 1726 1727 1728
f 1729 1730 1727
f 1732 1730 1729
f 1729 1731 1732
f 1731 1733 1732
f 1733 1731 1736
f 1733 1736 1737
f 1734 1735 1736
f 1737 1736 1735
f 1726 1725 1738
f 1739 1740 1738
f 1738 1725 1739
f 1741 1740 1739
f 1741 1744 1740
f 1741 1742 1744
f 1743 1744 1742
f 1749 1751 1748
f 1744 1743 1747
f 1746 1745 1751
f 1751 1750 1746
f 1747 1748 1744
f 1748 1751 1744
f 1749 1750 1751
f 1752 1751 1745
f 1753 1757 1751
f 1751 1752 1753
f 1753 1754 1757
f 1754 1755 1757
f 1755 1756 1757
f 1780 1782 1779
f 1766 1790 1793
f 1758 1764 1759
f 1759 1764 1774
f 1758 1759 1760
f 1761 1762 1764
f 1762 1761 1763
f 1761 1764 1758
f 1777 1778 1765
f 1782 1765 1783
f 1766 1782 1784
f 1767 1789 1795
f 1825 1812 1822
f 1768 1836 1769
f 1769 1831 1768
f 1841 1842 1846
f 1764 1762 1770
f 1764 1770 1771
f 1774 1764 1771
f 1771 1770 1772
f 1771 1772 1776
f 1777 1771 1776
f 1771 1777 1774
f 1773 1774 1777
f 1775 1776 1772
f 1776 1775 1778
f 1777 1776 1778
f 1779 1766 1793
f 1765 1780 1773
f 1781 1778 1775
f 1778 1781 1783
f 1790 1784 1788
f 1765 1778 1783
f 1777 1765 1773
f 1780 1765 1782
f 1789 1788 1785
f 1786 1783 1781
f 1783 1786 1784
f 1796 1767 1795
f 1783 1784 1782
f 1795 1789 1785
f 1788 1784 1786
f 1790 1766 1784
f 1782 1766 1779
f 1789 1767 1790
f 1787 1801 1797
f 1790 1788 1789
f 1792 1790 1767
f 1795 1794 1787
f 1799 1798 1808
f 1791 1792 1796
f 1790 1792 1793
f 1796 1792 1767
f 1787 1794 1801
f 1785 1794 1795
f 1795 1787 1796
f 1797 1796 1787
f 1791 1796 1797
f 1800 1803 1798
f 1799 1797 1801
f 1799 1801 1798
f 1797 1799 1791
f 1801 1800 1798
f 1809 1803 1805
f 1794 1800 1801
f 1808 1798 1806
f 1804 1809 1802
f 1803 1806 1798
f 1804 1811 1809
f 1809 1807 1806
f 1805 1803 1800
f 1803 1809 1806
f 1807 1811 1819
f 1806 1807 1808
f 1802 1809 1805
f 1831 1832 1768
f 1811 1807 1809
f 1820 1816 1823
f 1814 1804 1802
f 1804 1817 1811
f 1814 1817 1804
f 1810 1819 1818
f 1819 1811 1817
f 1812 1820 1823
f 1814 1816 1813
f 1814 1818 1817
f 1813 1818 1814
f 1815 1821 1818
f 1802 1816 1814
f 1820 1813 1816
f 1815 1818 1813
f 1820 1815 1813
f 1817 1818 1819
f 1821 1810 1818
f 1815 1820 1812
f 1815 1824 1821
f 1822 1812 1823
f 1825 1827 1812
f 1812 1824 1815
f 1812 1827 1824
f 1826 1825 1822
f 1826 1827 1825
f 1827 1826 1828
f 1829 1830 1826
f 1830 1828 1826
f 1828 1830 1833
f 1822 1829 1826
f 1830 1829 1832
f 1830 1832 1833
f 1831 1835 1832
f 1832 1835 1833
f 1829 1768 1832
f 1769 1835 1831
f 1843 1834 1837
f 1833 1835 1838
f 1836 1839 1769
f 1769 1839 1835
f 1835 1839 1837
f 1837 1838 1835
f 1836 1844 1839
f 1839 1844 1843
f 1843 1837 1839
f 1834 1845 1840
f 1834 1843 1841
f 1836 1842 1844
f 1842 1841 1844
f 1843 1844 1841
f 1841 1846 1845
f 1834 1841 1845
f 1848 1850 1846
f 1845 1846 1850
f 1850 1840 1845
f 1848 1846 1847
f 1848 1849 1840
f 1848 1840 1850
f 1852 1865 1855
f 1872 1871 1864
f 1873 1876 1871
f 1876 1851 1874
f 1864 1863 1862
f 1852 1855 1853
f 1865 1854 1855
f 1863 1852 1853
f 1853 1861 1863
f 1863 1858 1856
f 1861 1857 1858
f 1864 1875 1852
f 1862 1856 1859
f 1873 1872 1868
f 1867 1859 1869
f 1860 1870 1869
f 1863 1861 1858
f 1862 1863 1856
f 1867 1862 1859
f 1852 1863 1864
f 1872 1862 1867
f 1862 1872 1864
f 1865 1852 1866
f 1870 1868 1867
f 1868 1872 1867
f 1852 1875 1866
f 1869 1870 1867
f 1871 1872 1873
f 1864 1871 1875
f 1871 1874 1875
f 1874 1871 1876
f 1877 1878 2095
f 2047 2090 1879
f 2012 1925 1880
f 2032 2055 2019
f 2002 1950 1881
f 1888 1899 1913
f 1925 1924 1882
f 2031 2060 2030
f 2056 2070 2079
f 2079 2066 2071
f 1883 2066 1884
f 1885 1886 2060
f 2010 2011 1887
f 2011 2012 2044
f 1923 1925 2010
f 1927 1925 1882
f 1922 1902 1903
f 1913 1908 1888
f 1955 1889 1943
f 1933 1930 1932
f 1932 1931 1912
f 1915 1929 1890
f 1897 1898 1895
f 1893 1895 1891
f 1892 1893 1891
f 1894 1895 1893
f 1895 1894 1897
f 1896 1897 1894
f 1897 1914 1898
f 1896 1904 1915
f 1915 1897 1896
f 1909 1899 1888
f 1900 1921 1901
f 1900 1902 1921
f 1921 1899 1901
f 1922 1921 1902
f 1903 1923 1922
f 1915 1914 1897
f 1904 1929 1915
f 1906 1929 1904
f 1905 1929 1906
f 1919 1907 1908
f 1919 1917 1907
f 1913 1919 1908
f 1899 1909 1901
f 1910 1921 1922
f 1898 1914 1911
f 1905 1912 1929
f 1936 1919 1913
f 1890 1914 1915
f 1935 1889 1916
f 1917 1918 1934
f 1916 1934 1935
f 1917 1919 1918
f 1899 1921 1949
f 1949 1913 1899
f 1920 1921 1910
f 1920 1949 1921
f 1922 1923 1938
f 1924 1925 1923
f 1938 1910 1922
f 1882 1926 1927
f 1911 1914 1928
f 1890 1929 1939
f 1928 1914 1969
f 1930 1931 1932
f 1931 1929 1912
f 1969 1914 1890
f 1929 1931 1939
f 1933 1941 1930
f 1934 1918 1944
f 1944 1935 1934
f 1919 1936 1948
f 1948 1918 1919
f 1913 1949 1936
f 1937 1920 1910
f 1938 1937 1910
f 1898 1911 1980
f 1931 1946 1939
f 1959 1941 1940
f 1930 1941 1959
f 1940 1942 1960
f 1963 1943 1889
f 1935 1963 1889
f 1948 1944 1918
f 1949 1948 1936
f 1956 1945 1920
f 1945 1949 1920
f 1956 1920 1937
f 1925 1927 1957
f 1881 1911 1928
f 1939 1969 1890
f 1930 1946 1931
f 1960 1959 1940
f 1963 1935 1961
f 1948 1947 1944
f 1947 1951 1944
f 1948 1949 1952
f 1952 1949 1945
f 1937 1991 1956
f 1991 1937 1938
f 1923 2010 1938
f 1911 1950 1980
f 1950 1911 1881
f 1946 1930 1954
f 1930 1959 1954
f 1943 1973 1955
f 1955 1973 1960
f 1963 1973 1943
f 1951 1935 1944
f 1952 1947 1948
f 1953 1964 1945
f 1953 1945 1956
f 1925 2011 2010
f 1939 1946 1982
f 1970 1954 1959
f 1970 1959 2004
f 1960 1942 1955
f 1951 1983 1935
f 1975 1951 1947
f 1975 1947 1952
f 1952 1945 1964
f 1952 1964 1977
f 1956 1966 1953
f 1966 1956 1991
f 1880 1925 1957
f 2019 1967 1980
f 2003 1958 1954
f 1982 1946 1958
f 1946 1954 1958
f 1959 1960 2004
f 1972 1960 1973
f 1973 1963 1962
f 1983 1961 1935
f 1961 1962 1963
f 1983 1951 1974
f 1974 1951 1975
f 1952 1984 1975
f 1984 1952 1977
f 1964 1978 1977
f 1964 1953 1978
f 1953 1966 1978
f 1991 1965 1966
f 1991 1938 1992
f 2011 1925 2012
f 1993 1967 2019
f 1928 2002 1881
f 1981 1969 1968
f 1969 1939 1968
f 1970 2003 1954
f 1970 2021 2003
f 1971 1972 1973
f 1962 1971 1973
f 2015 1962 1961
f 1987 1974 1975
f 1988 1975 1984
f 1984 1977 1997
f 1977 1978 1976
f 1997 1977 1976
f 1976 1978 1990
f 1978 1998 1990
f 1966 1965 1998
f 1978 1966 1998
f 2010 1992 1938
f 1979 2019 1980
f 1928 1969 1981
f 1980 1950 1979
f 1982 1968 1939
f 2004 2021 1970
f 1972 2004 1960
f 2015 1961 1983
f 1986 2015 1983
f 1983 1974 1986
f 1986 1974 1987
f 1987 1975 1988
f 1984 1997 1995
f 1999 1998 1965
f 1880 1985 2012
f 1971 2006 1972
f 2008 2015 1986
f 1987 1988 1986
f 1988 1984 1995
f 1989 1995 1997
f 1989 1997 1996
f 1996 1976 1990
f 1990 1998 1996
f 1991 2022 1965
f 2022 1991 1992
f 1993 2019 2055
f 1950 2002 1979
f 1982 1958 2014
f 1958 2003 2042
f 1994 1962 2015
f 1971 1962 1994
f 2007 2008 2018
f 1986 2009 2018
f 2009 1988 1995
f 2009 1995 1989
f 1976 1996 1997
f 1996 1998 2000
f 1998 1999 2000
f 1999 1965 2022
f 2029 1992 2010
f 1985 2001 2012
f 2046 1993 2055
f 2002 1928 2039
f 2042 2014 1958
f 2020 2003 2021
f 2006 2004 1972
f 2006 2021 2004
f 2005 2006 1971
f 2005 1971 1994
f 2024 1994 2015
f 2015 2008 2007
f 2008 1986 2018
f 1986 1988 2009
f 2000 1999 2026
f 2026 1999 2027
f 2022 2027 1999
f 1992 2028 2022
f 2028 1992 2029
f 2029 2010 1887
f 1887 2011 2044
f 2012 2001 2013
f 1981 2039 1928
f 2040 1979 2002
f 1982 2014 1968
f 2020 2042 2003
f 2024 2015 2007
f 2016 2018 2017
f 2017 2018 2009
f 2044 2012 2013
f 2040 2019 1979
f 1968 2033 1981
f 2041 2020 2021
f 2036 2006 2005
f 2050 2024 2025
f 2024 2007 2025
f 2018 2025 2007
f 2016 2025 2018
f 2022 2023 2027
f 2022 2028 2023
f 2031 2013 2001
f 2014 2049 1968
f 2033 1968 2049
f 2041 2021 2006
f 2006 2036 2041
f 2034 2036 2005
f 2034 2005 1994
f 2042 2069 2014
f 2034 1994 2050
f 1994 2024 2050
f 2016 2051 2025
f 2026 2027 2023
f 2059 2028 2029
f 2013 2030 2044
f 2031 2030 2013
f 2032 2019 2040
f 2055 2032 2076
f 2039 1981 2033
f 2069 2073 2014
f 2041 2042 2020
f 2035 2041 2036
f 2034 2035 2036
f 2026 2023 2037
f 2028 2037 2023
f 2059 2037 2028
f 2054 2060 2031
f 2033 2038 2039
f 2040 2002 2039
f 2073 2049 2014
f 2041 2058 2042
f 2035 2034 2064
f 2065 2064 2050
f 2051 2050 2025
f 2026 2037 2052
f 2037 2059 2043
f 2057 1887 2044
f 2057 2044 2030
f 2096 2045 2046
f 2046 2055 2047
f 2047 2055 2048
f 2039 2032 2040
f 2049 2073 2081
f 2058 2069 2042
f 2034 2050 2064
f 2065 2050 2051
f 2037 2043 2052
f 2060 1886 2053
f 2060 2054 1885
f 2047 2096 2046
f 2055 2076 2048
f 2081 2033 2049
f 2041 2035 2062
f 2067 2052 2043
f 1887 2056 2029
f 2071 2029 2056
f 1887 2057 2056
f 2030 2060 2057
f 2039 2075 2032
f 2038 2033 2074
f 2058 2072 2069
f 2058 2041 2062
f 2061 2064 2063
f 2059 2029 2043
f 2060 2070 2057
f 2053 2070 2060
f 2095 2045 2096
f 2039 2038 2077
f 2061 2078 2062
f 2061 2062 2035
f 2035 2064 2061
f 2063 2064 2065
f 2086 2063 2065
f 2029 2071 2043
f 2066 2067 2043
f 2095 1878 2045
f 2075 2076 2032
f 2075 2039 2077
f 2074 2033 2068
f 2081 2068 2033
f 2069 2072 2073
f 2078 2058 2062
f 2071 2066 2043
f 2070 2056 2057
f 1883 2067 2066
f 2079 2071 2056
f 2072 2058 2085
f 2072 2087 2073
f 2074 2077 2038
f 2085 2058 2078
f 2086 2061 2063
f 2088 1877 2095
f 2075 2048 2076
f 2075 2077 2097
f 2074 2097 2077
f 2074 2068 2100
f 2087 2081 2073
f 2061 2091 2078
f 2066 2079 1884
f 2089 2047 2048
f 2075 2097 2080
f 2075 2080 2048
f 2081 2082 2068
f 2091 2061 2086
f 2080 2089 2048
f 2100 2068 2083
f 2087 2072 2084
f 2078 2091 2085
f 2084 2072 2085
f 2084 2085 2091
f 2092 2091 2086
f 2100 2097 2074
f 2083 2068 2082
f 2082 2087 2098
f 2081 2087 2082
f 2098 2087 2084
f 2095 2110 2088
f 2047 2089 2090
f 2084 2091 2092
f 2092 2093 2084
f 2084 2093 2098
f 2094 2093 2092
f 2096 2099 2095
f 2095 2099 2110
f 2096 2047 1879
f 2100 2102 2097
f 2102 2089 2080
f 2089 2102 2090
f 2102 2080 2097
f 2083 2107 2100
f 2107 2083 2082
f 2082 2093 2103
f 2082 2098 2093
f 2096 2111 2099
f 2100 2101 2102
f 2107 2082 2103
f 1879 2111 2096
f 2101 2100 2107
f 2103 2093 2094
f 2090 2102 2104
f 2112 2101 2107
f 2105 2103 2094
f 2090 2104 1879
f 2112 2107 2106
f 2105 2106 2103
f 1879 2114 2111
f 2108 2099 2111
f 2104 2102 2101
f 2107 2103 2106
f 2108 2109 2099
f 2099 2109 2110
f 2108 2111 2114
f 2113 2101 2112
f 2104 2101 2113
f 2112 2106 2113
f 2104 2114 1879
f 2105 2116 2106
f 2116 2113 2106
f 2114 2104 2115
f 2104 2113 2116
f 2104 2116 2115
f 2117 2108 2114
f 2109 2108 2117
f 2118 2117 2114
f 2115 2118 2114
f 2115 2116 2118
f 2126 2145 2146
f 2131 2129 2119
f 2122 2121 2125
f 2124 2123 2149
f 2148 2120 2149
f 2121 2122 2123
f 2120 2124 2149
f 2146 2122 2125
f 2128 2126 2129
f 2127 2126 2128
f 2131 2128 2129
f 2130 2131 2119
f 2132 2130 2133
f 2136 2132 2133
f 2134 2132 2136
f 2135 2134 2136
f 2136 2139 2135
f 2139 2136 2137
f 2138 2135 2139
f 2156 2151 2152
f 2140 2141 2154
f 2155 2154 2141
f 2156 2152 2154
f 2119 2133 2130
f 2143 2142 2150
f 2147 2143 2144
f 2126 2127 2145
f 2146 2145 2122
f 2147 2148 2149
f 2121 2123 2124
f 2147 2144 2148
f 2147 2142 2143
f 2150 2142 2151
f 2142 2152 2151
f 2153 2154 2155
f 2153 2156 2154
f 2157 2156 2153
f 2157 2158 2156
f 2159 2156 2158
f 2290 2329 2288
f 2235 2207 2236
f 2246 2238 2242
f 2270 2160 2242
f 2161 2325 2162
f 2326 2325 2330
f 2326 2330 2350
f 2350 2164 2326
f 2163 2326 2164
f 2219 2228 2221
f 2225 2228 2165
f 2166 2167 2225
f 2276 2214 2168
f 2217 2251 2218
f 2169 2215 2170
f 2250 2171 2218
f 2215 2218 2170
f 2214 2172 2173
f 2175 2254 2174
f 2254 2175 2213
f 2254 2212 2176
f 2211 2213 2210
f 2212 2259 2296
f 2209 2255 2259
f 2179 2177 2261
f 2261 2205 2202
f 2261 2178 2180
f 2179 2180 2262
f 2181 2266 2201
f 2201 2266 2180
f 2183 2182 2181
f 2200 2262 2182
f 2182 2183 2267
f 2187 2184 2188
f 2188 2185 2186
f 2282 2187 2189
f 2188 2199 2189
f 2190 2189 2198
f 2192 2191 2197
f 2192 2193 2268
f 2191 2192 2198
f 2190 2198 2192
f 2287 2284 2193
f 2281 2195 2283
f 2287 2194 2373
f 2195 2281 2268
f 2373 2324 2287
f 2373 2395 2371
f 2395 2196 2394
f 2192 2197 2286
f 2198 2189 2199
f 2199 2188 2186
f 2185 2188 2267
f 2267 2184 2200
f 2267 2183 2185
f 2181 2182 2266
f 2200 2299 2262
f 2180 2178 2201
f 2261 2202 2178
f 2260 2205 2261
f 2177 2179 2203
f 2204 2205 2260
f 2206 2245 2207
f 2260 2177 2255
f 2209 2208 2204
f 2209 2204 2260
f 2208 2209 2256
f 2210 2208 2256
f 2210 2256 2211
f 2256 2259 2212
f 2254 2213 2211
f 2174 2173 2175
f 2214 2173 2174
f 2168 2174 2176
f 2168 2176 2249
f 2218 2215 2214
f 2172 2214 2215
f 2170 2218 2216
f 2218 2171 2216
f 2223 2217 2218
f 2276 2223 2218
f 2228 2219 2220
f 2221 2228 2230
f 2225 2222 2223
f 2294 2224 2275
f 2226 2166 2225
f 2226 2225 2227
f 2225 2165 2227
f 2225 2291 2228
f 2165 2228 2229
f 2229 2228 2220
f 2232 2234 2230
f 2231 2230 2234
f 2230 2237 2221
f 2247 2230 2248
f 2230 2231 2237
f 2232 2235 2233
f 2232 2233 2234
f 2235 2236 2233
f 2231 2240 2237
f 2238 2247 2270
f 2231 2239 2240
f 2207 2235 2206
f 2238 2246 2235
f 2239 2231 2241
f 2242 2161 2269
f 2243 2245 2206
f 2244 2245 2243
f 2269 2206 2246
f 2247 2238 2232
f 2206 2235 2246
f 2248 2272 2247
f 2235 2232 2238
f 2247 2232 2230
f 2228 2289 2248
f 2230 2228 2248
f 2224 2225 2276
f 2222 2225 2167
f 2275 2249 2293
f 2250 2218 2251
f 2276 2225 2223
f 2298 2252 2249
f 2276 2218 2214
f 2176 2212 2298
f 2168 2214 2174
f 2176 2174 2254
f 2253 2296 2315
f 2212 2254 2211
f 2255 2315 2259
f 2212 2211 2256
f 2257 2258 2203
f 2255 2177 2258
f 2259 2256 2209
f 2255 2209 2260
f 2318 2263 2299
f 2177 2260 2261
f 2179 2262 2263
f 2179 2261 2180
f 2320 2264 2265
f 2262 2180 2266
f 2266 2182 2262
f 2319 2265 2280
f 2182 2267 2200
f 2301 2280 2283
f 2267 2188 2184
f 2281 2282 2190
f 2188 2189 2187
f 2189 2190 2282
f 2268 2302 2195
f 2286 2193 2192
f 2281 2192 2268
f 2269 2243 2206
f 2270 2242 2238
f 2290 2292 2333
f 2247 2272 2270
f 2292 2273 2271
f 2248 2289 2272
f 2273 2294 2307
f 2228 2291 2289
f 2293 2274 2294
f 2291 2225 2224
f 2168 2275 2276
f 2276 2275 2224
f 2297 2277 2252
f 2275 2168 2249
f 2297 2253 2312
f 2176 2298 2249
f 2315 2257 2358
f 2298 2212 2296
f 2296 2259 2315
f 2315 2255 2258
f 2278 2318 2338
f 2263 2278 2203
f 2258 2177 2203
f 2179 2263 2203
f 2279 2320 2344
f 2264 2279 2299
f 2263 2262 2299
f 2184 2264 2200
f 2200 2264 2299
f 2187 2265 2184
f 2184 2265 2264
f 2282 2280 2187
f 2187 2280 2265
f 2281 2283 2282
f 2283 2280 2282
f 2323 2284 2285
f 2302 2284 2323
f 2190 2192 2281
f 2286 2287 2193
f 2193 2302 2268
f 2242 2269 2246
f 2330 2329 2332
f 2242 2160 2161
f 2270 2272 2288
f 2288 2160 2270
f 2272 2289 2290
f 2272 2290 2288
f 2289 2291 2292
f 2289 2292 2290
f 2291 2224 2273
f 2291 2273 2292
f 2305 2308 2336
f 2224 2294 2273
f 2252 2308 2293
f 2275 2293 2294
f 2295 2312 2311
f 2249 2252 2293
f 2298 2296 2297
f 2298 2297 2252
f 2296 2253 2297
f 2314 2338 2317
f 2258 2257 2315
f 2341 2317 2339
f 2203 2278 2257
f 2279 2339 2318
f 2263 2318 2278
f 2365 2361 2345
f 2299 2279 2318
f 2365 2346 2366
f 2320 2279 2264
f 2366 2322 2300
f 2319 2320 2265
f 2300 2348 2349
f 2301 2319 2280
f 2195 2321 2283
f 2321 2301 2283
f 2195 2302 2323
f 2321 2195 2323
f 2284 2324 2285
f 2284 2302 2193
f 2288 2303 2160
f 2303 2325 2160
f 2328 2331 2304
f 2303 2288 2329
f 2304 2334 2375
f 2333 2329 2290
f 2375 2353 2352
f 2271 2333 2292
f 2352 2305 2306
f 2307 2271 2273
f 2294 2274 2307
f 2354 2295 2379
f 2308 2274 2293
f 2252 2277 2308
f 2381 2309 2356
f 2312 2277 2297
f 2310 2309 2311
f 2315 2310 2253
f 2310 2312 2253
f 2313 2314 2383
f 2316 2314 2358
f 2315 2358 2310
f 2278 2316 2257
f 2316 2358 2257
f 2359 2317 2360
f 2278 2338 2316
f 2339 2338 2318
f 2362 2361 2364
f 2364 2365 2343
f 2279 2344 2339
f 2319 2345 2320
f 2345 2344 2320
f 2301 2346 2319
f 2346 2345 2319
f 2321 2322 2301
f 2322 2346 2301
f 2323 2348 2321
f 2322 2321 2348
f 2369 2372 2371
f 2285 2348 2323
f 2287 2324 2284
f 2325 2161 2160
f 2325 2326 2162
f 2351 2327 2328
f 2303 2329 2330
f 2332 2333 2331
f 2332 2329 2333
f 2331 2271 2334
f 2331 2333 2271
f 2334 2307 2353
f 2334 2271 2307
f 2353 2274 2305
f 2353 2307 2274
f 2355 2335 2354
f 2274 2308 2305
f 2336 2277 2295
f 2336 2308 2277
f 2357 2380 2381
f 2277 2312 2295
f 2382 2337 2313
f 2311 2312 2310
f 2309 2310 2358
f 2385 2384 2359
f 2314 2316 2338
f 2338 2339 2317
f 2363 2340 2362
f 2341 2344 2361
f 2341 2339 2344
f 2388 2342 2343
f 2361 2344 2345
f 2345 2346 2365
f 2391 2390 2368
f 2346 2322 2366
f 2322 2348 2300
f 2347 2392 2369
f 2349 2285 2370
f 2348 2285 2349
f 2370 2324 2372
f 2285 2324 2370
f 2372 2324 2373
f 2303 2330 2325
f 2328 2350 2332
f 2330 2332 2350
f 2328 2304 2351
f 2332 2331 2328
f 2304 2375 2374
f 2331 2334 2304
f 2375 2352 2376
f 2334 2353 2375
f 2352 2306 2377
f 2353 2305 2352
f 2354 2306 2336
f 2305 2336 2306
f 2354 2379 2355
f 2336 2295 2354
f 2381 2379 2311
f 2295 2311 2379
f 2381 2356 2357
f 2381 2311 2309
f 2313 2356 2309
f 2309 2358 2313
f 2313 2383 2382
f 2313 2358 2314
f 2359 2383 2314
f 2314 2317 2359
f 2359 2360 2385
f 2340 2386 2360
f 2317 2341 2360
f 2362 2360 2341
f 2341 2361 2362
f 2362 2364 2363
f 2343 2342 2387
f 2364 2361 2365
f 2367 2343 2366
f 2365 2366 2343
f 2368 2367 2300
f 2366 2300 2367
f 2393 2368 2349
f 2300 2349 2368
f 2369 2393 2370
f 2370 2393 2349
f 2369 2371 2347
f 2370 2372 2369
f 2395 2373 2194
f 2371 2372 2373
f 2327 2164 2350
f 2327 2350 2328
f 2351 2304 2374
f 2374 2375 2376
f 2376 2352 2377
f 2377 2306 2378
f 2335 2378 2306
f 2335 2306 2354
f 2355 2379 2380
f 2380 2379 2381
f 2357 2356 2337
f 2337 2356 2313
f 2382 2383 2384
f 2384 2383 2359
f 2385 2360 2386
f 2340 2360 2362
f 2363 2364 2387
f 2387 2364 2343
f 2388 2343 2367
f 2389 2388 2367
f 2390 2389 2367
f 2390 2367 2368
f 2391 2368 2393
f 2392 2391 2393
f 2392 2393 2369
f 2347 2371 2394
f 2394 2371 2395
f 2458 2396 2457
f 2396 2486 2398
f 2396 2398 2439
f 2489 2488 2486
f 2486 2488 2397
f 2398 2486 2397
f 2400 2438 2457
f 2399 2484 2458
f 2400 2437 2438
f 2453 2436 2454
f 2454 2402 2401
f 2431 2401 2402
f 2403 2404 2433
f 2430 2473 2452
f 2451 2430 2427
f 2405 2451 2406
f 2451 2428 2406
f 2406 2426 2424
f 2471 2405 2450
f 2449 2469 2467
f 2407 2466 2449
f 2415 2416 2408
f 2408 2420 2415
f 2464 2462 2461
f 2460 2500 2462
f 2409 2446 2447
f 2447 2446 2445
f 2409 2410 2411
f 2411 2446 2409
f 2490 2498 2445
f 2410 2412 2411
f 2495 2459 2444
f 2499 2498 2497
f 2413 2412 2410
f 2443 2412 2413
f 2525 2497 2459
f 2409 2447 2414
f 2415 2414 2416
f 2416 2414 2447
f 2407 2464 2417
f 2422 2421 2449
f 2420 2448 2419
f 2421 2418 2419
f 2408 2448 2420
f 2419 2448 2421
f 2418 2421 2422
f 2423 2418 2422
f 2467 2424 2422
f 2424 2425 2423
f 2422 2424 2423
f 2426 2425 2424
f 2428 2426 2406
f 2427 2428 2451
f 2474 2429 2473
f 2403 2427 2430
f 2452 2403 2430
f 2429 2404 2452
f 2404 2403 2452
f 2433 2401 2431
f 2432 2476 2434
f 2433 2404 2401
f 2479 2453 2434
f 2434 2454 2401
f 2454 2435 2402
f 2454 2436 2435
f 2435 2436 2437
f 2456 2455 2436
f 2437 2436 2455
f 2437 2455 2438
f 2457 2439 2400
f 2396 2439 2457
f 2396 2487 2486
f 2442 2441 2524
f 2440 2441 2442
f 2495 2444 2443
f 2443 2444 2412
f 2411 2490 2446
f 2490 2411 2444
f 2445 2446 2490
f 2447 2460 2416
f 2447 2445 2460
f 2416 2462 2408
f 2416 2460 2462
f 2408 2464 2448
f 2408 2462 2464
f 2448 2407 2421
f 2448 2464 2407
f 2421 2407 2449
f 2467 2422 2449
f 2424 2450 2406
f 2424 2467 2450
f 2405 2406 2450
f 2473 2451 2472
f 2430 2451 2473
f 2452 2473 2429
f 2404 2432 2401
f 2404 2429 2432
f 2401 2432 2434
f 2480 2520 2481
f 2453 2454 2434
f 2456 2436 2453
f 2438 2455 2482
f 2482 2455 2456
f 2438 2399 2457
f 2399 2438 2482
f 2458 2457 2399
f 2487 2396 2458
f 2412 2444 2411
f 2498 2490 2459
f 2460 2445 2501
f 2501 2445 2498
f 2500 2460 2501
f 2461 2462 2500
f 2463 2506 2417
f 2463 2464 2461
f 2465 2507 2466
f 2417 2464 2463
f 2465 2407 2417
f 2466 2407 2465
f 2449 2466 2469
f 2450 2467 2468
f 2492 2467 2469
f 2468 2467 2492
f 2470 2450 2468
f 2450 2470 2471
f 2451 2405 2511
f 2510 2405 2471
f 2511 2405 2510
f 2472 2451 2511
f 2473 2472 2513
f 2473 2513 2474
f 2432 2429 2516
f 2475 2429 2474
f 2516 2429 2475
f 2517 2432 2516
f 2476 2432 2517
f 2479 2477 2478
f 2479 2434 2476
f 2456 2453 2480
f 2480 2453 2479
f 2482 2456 2481
f 2481 2456 2480
f 2482 2535 2399
f 2481 2483 2482
f 2483 2535 2482
f 2484 2399 2535
f 2487 2458 2539
f 2539 2458 2484
f 2489 2487 2485
f 2539 2485 2487
f 2441 2489 2524
f 2486 2487 2489
f 2441 2488 2489
f 2444 2459 2490
f 2466 2491 2469
f 2469 2491 2492
f 2512 2472 2532
f 2517 2477 2476
f 2519 2478 2493
f 2477 2479 2476
f 2479 2478 2480
f 2494 2520 2534
f 2481 2520 2483
f 2484 2521 2539
f 2489 2485 2524
f 2525 2495 2496
f 2497 2498 2459
f 2498 2499 2501
f 2500 2501 2502
f 2500 2503 2461
f 2461 2504 2527
f 2461 2527 2463
f 2506 2505 2465
f 2417 2506 2465
f 2507 2528 2491
f 2466 2507 2491
f 2468 2508 2470
f 2470 2509 2471
f 2532 2511 2510
f 2511 2532 2472
f 2472 2512 2513
f 2513 2512 2474
f 2515 2475 2514
f 2515 2516 2475
f 2515 2518 2517
f 2516 2515 2517
f 2517 2518 2477
f 2519 2480 2478
f 2480 2519 2520
f 2494 2483 2520
f 2483 2494 2535
f 2537 2484 2535
f 2484 2537 2521
f 2521 2538 2539
f 2485 2522 2523
f 2523 2524 2485
f 2495 2525 2459
f 2499 2502 2501
f 2526 2500 2502
f 2500 2526 2503
f 2503 2504 2461
f 2527 2506 2463
f 2505 2507 2465
f 2528 2529 2491
f 2530 2491 2529
f 2530 2492 2491
f 2508 2492 2530
f 2508 2468 2492
f 2508 2509 2470
f 2509 2531 2471
f 2510 2471 2531
f 2532 2510 2531
f 2512 2514 2474
f 2514 2475 2474
f 2518 2533 2477
f 2533 2493 2478
f 2478 2477 2533
f 2534 2520 2519
f 2536 2535 2494
f 2537 2535 2536
f 2537 2538 2521
f 2522 2539 2538
f 2522 2485 2539
f 2442 2524 2523
f 2607 2540 2541
f 2542 2602 2603
f 2545 2544 2543
f 2577 2544 2545
f 2546 2576 2574
f 2561 2569 2565
f 2564 2563 2547
f 2548 2549 2559
f 2562 2548 2559
f 2546 2574 2550
f 2585 2583 2551
f 2594 2552 2554
f 2598 2553 2554
f 2600 2553 2598
f 2608 2555 2609
f 2556 2557 2558
f 2559 2547 2562
f 2564 2547 2560
f 2566 2564 2561
f 2562 2547 2563
f 2560 2561 2564
f 2561 2565 2566
f 2567 2565 2568
f 2569 2568 2565
f 2570 2572 2573
f 2570 2567 2571
f 2571 2572 2570
f 2568 2571 2567
f 2572 2550 2573
f 2573 2550 2575
f 2550 2574 2575
f 2546 2544 2576
f 2576 2544 2577
f 2584 2578 2582
f 2543 2578 2545
f 2578 2584 2580
f 2579 2584 2583
f 2545 2578 2580
f 2551 2581 2585
f 2582 2583 2584
f 2583 2585 2579
f 2581 2586 2587
f 2585 2581 2587
f 2586 2588 2587
f 2588 2589 2591
f 2587 2588 2591
f 2589 2590 2592
f 2591 2589 2592
f 2593 2592 2590
f 2596 2597 2593
f 2592 2593 2597
f 2594 2595 2596
f 2597 2596 2595
f 2594 2554 2595
f 2552 2598 2554
f 2599 2553 2600
f 2598 2601 2600
f 2601 2603 2599
f 2600 2601 2599
f 2602 2604 2603
f 2599 2603 2604
f 2542 2540 2602
f 2540 2607 2605
f 2602 2540 2605
f 2541 2606 2607
f 2606 2608 2609
f 2607 2606 2609
f 2555 2610 2611
f 2609 2555 2611
f 2610 2612 2613
f 2614 2612 2610
f 2611 2610 2613
f 2614 2558 2612
f 2612 2558 2557
f 2556 2615 2557
f 2615 2556 2618
f 2618 2619 2615
f 2616 2617 2618
f 2617 2619 2618
f 2650 2651 2652
f 2657 2620 2623
f 2682 2621 2680
f 2621 2676 2686
f 2622 2637 2626
f 2652 2623 2654
f 2659 2661 2624
f 2659 2624 2620
f 2637 2625 2626
f 2628 2638 2636
f 2622 2629 2637
f 2637 2627 2628
f 2629 2622 2630
f 2631 2691 2687
f 2736 2632 2633
f 2746 2747 2745
f 2629 2627 2637
f 2637 2628 2634
f 2634 2636 2639
f 2627 2638 2628
f 2635 2640 2641
f 2636 2634 2628
f 2646 2636 2641
f 2634 2625 2637
f 2638 2635 2641
f 2636 2638 2641
f 2648 2640 2635
f 2646 2639 2636
f 2648 2643 2640
f 2641 2640 2642
f 2640 2643 2644
f 2640 2644 2642
f 2644 2645 2642
f 2642 2646 2641
f 2649 2643 2648
f 2647 2649 2648
f 2644 2649 2650
f 2649 2644 2643
f 2650 2645 2644
f 2647 2651 2649
f 2649 2651 2650
f 2652 2645 2650
f 2651 2647 2653
f 2653 2623 2651
f 2623 2652 2651
f 2654 2623 2620
f 2657 2653 2655
f 2653 2657 2623
f 2657 2659 2620
f 2661 2659 2667
f 2620 2624 2654
f 2655 2658 2657
f 2656 2660 2667
f 2658 2659 2657
f 2658 2656 2667
f 2667 2659 2658
f 2667 2660 2669
f 2668 2661 2669
f 2660 2671 2662
f 2662 2669 2660
f 2664 2663 2662
f 2674 2663 2664
f 2678 2665 2666
f 2669 2661 2667
f 2668 2669 2662
f 2662 2670 2668
f 2671 2664 2662
f 2682 2680 2678
f 2674 2679 2663
f 2662 2663 2670
f 2672 2664 2671
f 2664 2672 2673
f 2664 2673 2674
f 2678 2666 2679
f 2677 2675 2673
f 2674 2675 2678
f 2673 2675 2674
f 2676 2681 2684
f 2675 2677 2682
f 2678 2675 2682
f 2621 2665 2680
f 2678 2679 2674
f 2665 2621 2683
f 2665 2678 2680
f 2681 2676 2677
f 2677 2676 2682
f 2676 2621 2682
f 2684 2686 2676
f 2688 2690 2686
f 2621 2686 2683
f 2690 2683 2686
f 2686 2684 2685
f 2685 2688 2686
f 2631 2687 2685
f 2688 2685 2687
f 2689 2690 2687
f 2690 2688 2687
f 2687 2691 2695
f 2694 2701 2695
f 2689 2687 2695
f 2696 2689 2695
f 2698 2693 2702
f 2695 2691 2692
f 2695 2692 2694
f 2693 2698 2692
f 2694 2692 2698
f 2699 2694 2698
f 2701 2694 2699
f 2695 2701 2696
f 2709 2697 2702
f 2698 2702 2703
f 2703 2699 2698
f 2699 2700 2701
f 2699 2703 2704
f 2704 2700 2699
f 2703 2702 2697
f 2703 2697 2705
f 2705 2706 2704
f 2705 2704 2703
f 2709 2708 2697
f 2705 2697 2708
f 2705 2708 2707
f 2706 2705 2707
f 2707 2712 2706
f 2708 2710 2711
f 2708 2709 2710
f 2707 2711 2712
f 2711 2707 2708
f 2711 2710 2714
f 2714 2713 2711
f 2713 2712 2711
f 2715 2712 2713
f 2717 2718 2714
f 2718 2713 2714
f 2713 2718 2715
f 2722 2719 2718
f 2716 2721 2723
f 2723 2717 2716
f 2718 2717 2723
f 2723 2722 2718
f 2718 2720 2715
f 2718 2719 2720
f 2725 2721 2716
f 2730 2728 2725
f 2721 2724 2723
f 2724 2722 2723
f 2719 2722 2724
f 2721 2725 2728
f 2728 2724 2721
f 2724 2728 2729
f 2729 2727 2732
f 2724 2726 2719
f 2724 2729 2726
f 2728 2730 2727
f 2733 2727 2734
f 2728 2727 2729
f 2726 2729 2732
f 2632 2734 2730
f 2734 2727 2730
f 2749 2743 2747
f 2735 2731 2733
f 2732 2727 2731
f 2731 2727 2733
f 2734 2632 2736
f 2736 2733 2734
f 2733 2736 2735
f 2736 2633 2737
f 2736 2737 2735
f 2735 2737 2739
f 2741 2737 2633
f 2737 2741 2738
f 2737 2738 2739
f 2738 2743 2740
f 2739 2738 2740
f 2741 2744 2742
f 2742 2738 2741
f 2738 2742 2743
f 2742 2744 2747
f 2744 2745 2747
f 2743 2742 2747
f 2746 2745 2751
f 2755 2750 2753
f 2747 2746 2748
f 2748 2749 2747
f 2750 2746 2751
f 2746 2750 2752
f 2748 2746 2752
f 2753 2750 2751
f 2755 2752 2750
f 2752 2755 2756
f 2753 2754 2757
f 2757 2755 2753
f 2755 2757 2756
f 2756 2757 2758
f 2754 2759 2757
f 2757 2759 2760
f 2758 2760 2761
f 2757 2760 2758
f 2759 2762 2763
f 2763 2760 2759
f 2760 2763 2764
f 2764 2761 2760
f 2762 2765 2766
f 2763 2762 2766
f 2763 2766 2767
f 2764 2763 2767
f 2768 2769 2765
f 2769 2766 2765
f 2769 2767 2766
f 2769 2770 2767
f 2771 3240 3245
f 2771 3252 3240
f 3238 3245 3240
f 3197 2772 2773
f 3192 2774 3191
f 3128 3146 3138
f 2786 2930 2940
f 2785 2818 2775
f 2935 2953 2944
f 2843 2776 2844
f 2824 2777 2778
f 2885 2776 2910
f 2853 2779 2834
f 2909 2910 2780
f 2853 2826 2851
f 2781 2782 2783
f 2817 2818 2785
f 2965 2967 2952
f 2838 2785 2845
f 2775 2784 2785
f 2967 2964 2952
f 2967 2966 2964
f 2979 2967 2965
f 2930 2786 2884
f 2787 2907 2786
f 2966 2789 2788
f 2966 2970 2789
f 2790 2940 2941
f 2930 2957 2941
f 2957 2890 2906
f 2793 2791 2970
f 2970 2792 2793
f 2803 2794 2972
f 3110 2795 3115
f 3131 3158 3171
f 3171 2796 3159
f 3169 3203 3196
f 3170 3169 2796
f 2797 3227 2798
f 2799 2800 3227
f 2799 3260 2800
f 2797 2801 2802
f 3009 3010 2803
f 3010 3009 3012
f 3014 2982 3010
f 2982 2794 3010
f 2806 2804 2805
f 2806 3013 3021
f 3200 3226 3216
f 3077 3057 2807
f 3098 3076 3075
f 3075 3089 2808
f 3145 3128 3116
f 2809 2810 3146
f 2810 3160 3162
f 3195 3165 3182
f 3240 2811 2812
f 2900 2909 2891
f 2813 2792 2970
f 2956 2941 2957
f 2995 2972 2794
f 2970 2972 2949
f 2791 2789 2970
f 2966 2788 2814
f 2874 2895 2914
f 2815 2895 2886
f 2816 2856 2840
f 2817 2823 2818
f 2818 2823 2819
f 2823 2831 2842
f 2842 2778 2819
f 2778 2777 2819
f 2882 2891 2820
f 2852 2851 2826
f 2829 2824 2833
f 2821 2845 2784
f 2822 2838 2837
f 2784 2845 2785
f 2838 2832 2785
f 2817 2831 2823
f 2832 2831 2817
f 2852 2778 2842
f 2823 2842 2819
f 2824 2778 2826
f 2825 2872 2851
f 2824 2826 2833
f 2860 2827 2828
f 2833 2783 2829
f 2829 2783 2782
f 2821 2784 2830
f 2832 2817 2785
f 2832 2838 2846
f 2831 2832 2839
f 2832 2846 2839
f 2852 2826 2778
f 2826 2853 2833
f 2834 2833 2853
f 2828 2783 2834
f 2834 2783 2833
f 2783 2828 2835
f 2781 2783 2835
f 2836 2837 2845
f 2867 2822 2854
f 2845 2837 2838
f 2846 2838 2822
f 2867 2840 2822
f 2839 2840 2856
f 2839 2857 2831
f 2849 2842 2857
f 2831 2857 2842
f 2921 2841 2922
f 2842 2849 2852
f 2844 2851 2872
f 2843 2844 2872
f 2836 2845 2821
f 2839 2846 2840
f 2846 2822 2840
f 2887 2847 2848
f 2839 2856 2857
f 2825 2850 2858
f 2852 2849 2850
f 2851 2852 2850
f 2844 2853 2851
f 2779 2853 2844
f 2828 2834 2860
f 2861 2854 2837
f 2864 2815 2867
f 2837 2854 2822
f 2855 2857 2856
f 2855 2858 2849
f 2857 2855 2849
f 2858 2850 2849
f 2851 2850 2825
f 2779 2860 2834
f 2859 2827 2860
f 2861 2837 2836
f 2816 2840 2867
f 2856 2816 2868
f 2868 2855 2856
f 2825 2858 2820
f 2862 2841 2921
f 2882 2900 2891
f 2863 2860 2885
f 2859 2860 2863
f 2879 2864 2854
f 2865 2866 2880
f 2854 2864 2867
f 2816 2867 2815
f 2816 2886 2868
f 2869 2870 2936
f 2886 2816 2815
f 2887 2917 2847
f 2868 2881 2855
f 2858 2855 2881
f 2858 2881 2820
f 2825 2820 2891
f 2923 2926 2871
f 2872 2825 2891
f 2843 2872 2891
f 2779 2776 2885
f 2779 2885 2860
f 2873 2885 2893
f 2879 2854 2861
f 2815 2880 2895
f 2895 2874 2886
f 2918 2887 2886
f 2881 2868 2886
f 2887 2875 2876
f 2882 2887 2888
f 2890 2899 2904
f 2776 2779 2844
f 2903 2877 2892
f 2873 2878 2885
f 2885 2878 2863
f 2864 2879 2880
f 2815 2864 2880
f 2820 2881 2882
f 2882 2889 2896
f 2883 2897 2882
f 2920 2923 2921
f 2921 2884 2900
f 2884 2909 2900
f 2780 2843 2891
f 2776 2843 2780
f 2892 2885 2910
f 2776 2780 2910
f 2892 2893 2885
f 2874 2918 2886
f 2917 2887 2918
f 2881 2886 2887
f 2881 2887 2882
f 2882 2888 2889
f 2899 2890 2871
f 2780 2891 2909
f 2892 2910 2901
f 2892 2877 2893
f 2865 2880 2879
f 2894 2934 2933
f 2866 2895 2880
f 2912 2914 2866
f 2895 2866 2914
f 2916 2918 2870
f 2875 2887 2848
f 2888 2887 2876
f 2882 2896 2883
f 2921 2897 2862
f 2921 2882 2897
f 2898 2899 2871
f 2882 2921 2900
f 2787 2901 2907
f 2903 2902 2911
f 2892 2901 2902
f 2892 2902 2903
f 2913 2915 2947
f 2870 2918 2924
f 2874 2924 2918
f 2890 2904 2938
f 2939 2905 2906
f 2786 2909 2884
f 2907 2910 2909
f 2908 2927 2931
f 2786 2907 2909
f 2907 2901 2910
f 2902 2928 2911
f 2894 2912 2865
f 2866 2865 2912
f 2925 2914 2912
f 2913 2947 2937
f 2914 2924 2874
f 2924 2914 2925
f 2915 2929 2947
f 2918 2916 2919
f 2917 2918 2919
f 2920 2921 2922
f 2923 2871 2921
f 2871 2884 2921
f 2912 2894 2933
f 2933 2925 2912
f 2924 2925 2936
f 2924 2936 2870
f 2871 2926 2898
f 2930 2884 2871
f 2790 2932 2787
f 2940 2787 2786
f 2901 2787 2932
f 2902 2932 2927
f 2928 2902 2927
f 2944 2925 2933
f 2936 2944 2945
f 2936 2947 2869
f 2945 2947 2936
f 2947 2929 2869
f 2871 2890 2930
f 2987 2969 2931
f 2932 2959 2931
f 2901 2932 2902
f 2935 2933 2934
f 2944 2933 2935
f 2944 2936 2925
f 2937 2947 2946
f 2938 2939 2906
f 2905 2950 2949
f 2890 2957 2930
f 2940 2790 2787
f 2941 2940 2930
f 2986 2960 2998
f 2932 2790 2959
f 2932 2931 2927
f 2942 2965 2961
f 2944 2953 2952
f 2964 2943 2948
f 2944 2952 2945
f 2948 2945 2952
f 2946 2947 2948
f 2947 2945 2948
f 2890 2938 2906
f 2949 2950 2955
f 2973 2956 2968
f 2941 2973 2790
f 2951 2908 2931
f 2934 2953 2935
f 2952 2953 2965
f 2965 2953 2961
f 2954 2948 2943
f 2964 2948 2952
f 2954 2946 2948
f 2813 2949 2955
f 2905 2949 2906
f 2906 2956 2957
f 2958 2994 2984
f 2973 2941 2956
f 2790 2960 2959
f 2986 2959 2960
f 2790 2973 2960
f 2934 2961 2953
f 2934 2991 2961
f 2991 2942 2961
f 2966 2814 2964
f 2964 2962 2943
f 2963 2962 2964
f 2814 2963 2964
f 2970 2949 2813
f 2956 2906 2949
f 2931 2986 2987
f 2959 2986 2931
f 2931 2969 2951
f 2991 2976 2942
f 2977 2942 2976
f 2965 2942 2977
f 2965 2977 2979
f 2981 2966 2967
f 2949 2972 2956
f 2968 2994 2958
f 2972 2995 2956
f 2958 2960 2973
f 2994 2968 2956
f 2958 2984 2960
f 2989 2969 2987
f 2979 2981 2967
f 2970 2971 2803
f 2966 2981 2971
f 2966 2971 2970
f 2970 2803 2972
f 2994 2956 2995
f 2958 2973 2968
f 3016 2975 3024
f 3016 2974 2975
f 2984 2998 2960
f 2990 2999 2976
f 2976 2999 2977
f 2992 2977 2999
f 2979 2977 2992
f 2978 2979 2992
f 2979 2978 2981
f 2980 2971 2981
f 2995 2794 2982
f 2994 2983 2984
f 2985 2984 2983
f 2984 2985 2998
f 2986 2975 2987
f 2998 2975 2986
f 2987 2988 2989
f 2990 2976 2991
f 2978 2992 3006
f 2978 2980 2981
f 3009 2980 3000
f 3009 2971 2980
f 2803 2971 3009
f 2803 3010 2794
f 2994 2993 2983
f 2985 2983 3002
f 2993 2995 2982
f 2993 2994 2995
f 3011 2996 2997
f 3003 2998 2985
f 2988 2987 2975
f 3005 3006 2999
f 2999 3006 2992
f 3008 2978 3006
f 3000 2980 3001
f 3008 2980 2978
f 2993 2982 2805
f 2983 2804 3002
f 3002 2996 2985
f 2985 2996 3003
f 2998 3003 2975
f 3004 2988 2975
f 3005 2999 2990
f 3005 3018 3006
f 3007 3006 3018
f 3008 3006 3007
f 3008 3007 3001
f 3001 3027 3020
f 3001 2980 3008
f 3009 3000 3012
f 3014 3010 3012
f 3014 2805 2982
f 2805 2804 2993
f 2983 2993 2804
f 3002 3015 2996
f 3011 3003 2996
f 3024 2975 3011
f 2974 3004 2975
f 3030 3012 3000
f 3022 3014 3012
f 3013 2805 3014
f 2804 2806 3031
f 3015 3042 2997
f 3049 3023 3048
f 3016 3024 3023
f 3016 3023 3017
f 3003 3011 2975
f 3026 3018 3005
f 3026 3019 3018
f 3018 3019 3007
f 3001 3007 3027
f 3027 3007 3019
f 3000 3001 3020
f 3020 3030 3000
f 3012 3030 3022
f 2806 3021 3041
f 3013 3014 3022
f 2806 2805 3013
f 3043 3042 3015
f 3031 3002 2804
f 3002 3031 3015
f 3023 3024 3011
f 3028 3030 3020
f 3029 3022 3030
f 3039 3013 3022
f 3015 2997 2996
f 3025 3019 3026
f 3019 3025 3034
f 3027 3019 3035
f 3019 3034 3035
f 3035 3028 3027
f 3028 3020 3027
f 3028 3029 3030
f 3029 3039 3022
f 3047 3058 3041
f 3043 3041 3058
f 3039 3021 3013
f 3031 3043 3015
f 3032 3060 3070
f 3041 3031 2806
f 3066 3061 3049
f 3031 3041 3043
f 3011 2997 3023
f 3033 3023 3049
f 3048 3023 2997
f 3033 3017 3023
f 3025 3036 3034
f 3035 3036 3045
f 3035 3034 3036
f 3037 3028 3035
f 3038 3029 3028
f 3052 3039 3029
f 3039 3040 3021
f 3046 3041 3021
f 3032 3042 3043
f 3043 3060 3032
f 3042 3032 2997
f 3044 3033 3049
f 3063 3037 3045
f 3035 3045 3037
f 3037 3063 3038
f 3038 3028 3037
f 3038 3052 3029
f 3040 3039 3052
f 3040 3046 3021
f 3046 3077 3047
f 3058 3068 3060
f 3043 3058 3060
f 3048 3065 3049
f 2997 3032 3048
f 3065 3048 3032
f 3050 3044 3049
f 3025 3062 3036
f 3062 3053 3036
f 3053 3051 3071
f 3053 3045 3036
f 3052 3056 3040
f 3040 3057 3046
f 3047 3041 3046
f 3047 3077 3059
f 3064 3053 3072
f 3045 3053 3064
f 3054 3064 3072
f 3045 3064 3063
f 3056 3063 3054
f 3056 3052 3038
f 3038 3063 3056
f 3057 3056 3055
f 3076 3083 3059
f 3056 3057 3040
f 3083 3068 3059
f 3078 3060 3068
f 3058 3059 3068
f 3032 3070 3065
f 3060 3078 3070
f 3049 3065 3066
f 3050 3049 3061
f 3062 3051 3053
f 3072 3071 3081
f 3072 3053 3071
f 3054 3063 3064
f 3056 3054 3055
f 3077 3046 3057
f 3059 3058 3047
f 3068 3084 3078
f 3065 3070 3066
f 3087 3086 3081
f 2807 3055 3067
f 2807 3057 3055
f 3094 3085 3103
f 3091 3099 3092
f 3077 3076 3059
f 3068 3083 3084
f 3070 3069 3066
f 3079 3066 3092
f 3069 3070 3078
f 3066 3079 3061
f 3087 3081 3051
f 3071 3051 3081
f 3072 3081 3073
f 3072 3073 3054
f 3074 3055 3054
f 3096 3090 3074
f 3073 3074 3054
f 3067 3055 3074
f 3067 3075 2807
f 3076 3077 2807
f 3076 2807 3075
f 3094 3078 3084
f 3066 3069 3092
f 3079 3092 3080
f 3073 3081 3086
f 3074 3073 3096
f 3090 3067 3074
f 3089 3097 2808
f 3083 3082 3085
f 3082 3083 3098
f 3083 3085 3084
f 3078 3094 3069
f 3084 3085 3094
f 3106 3086 3087
f 3073 3086 3088
f 3100 3088 3111
f 3095 3096 3100
f 3073 3088 3096
f 3097 3090 3095
f 3089 3067 3090
f 3067 3089 3075
f 3082 3113 3104
f 3098 3083 3076
f 3114 3105 3091
f 3069 3091 3092
f 3092 3093 3080
f 3091 3069 3094
f 3086 3106 3108
f 3109 3108 3107
f 3111 3086 3108
f 3088 3086 3111
f 3096 3088 3100
f 3095 3090 3096
f 3090 3097 3089
f 3117 3113 2808
f 2808 3082 3098
f 3127 3118 3126
f 3075 2808 3098
f 3082 3104 3085
f 3094 3103 3091
f 3085 3104 3103
f 3092 3099 3093
f 3111 3110 3100
f 3110 3112 3095
f 3110 3095 3100
f 3123 3097 3112
f 3123 3117 2808
f 2808 3097 3123
f 3135 3101 3102
f 3102 3103 3104
f 2808 3113 3082
f 3091 3105 3099
f 3091 3103 3118
f 3106 3107 3108
f 3111 3108 3109
f 3109 2795 3111
f 2795 3110 3111
f 3097 3095 3112
f 3116 3117 3123
f 3103 3102 3118
f 3104 3113 3102
f 3114 3091 3118
f 2795 3109 3130
f 3115 3121 3112
f 3121 3116 3123
f 3115 3112 3110
f 3116 3128 3117
f 3125 3138 3135
f 3102 3101 3136
f 3113 3117 3125
f 3113 3135 3102
f 3136 3118 3102
f 3140 3119 3107
f 3119 3130 3109
f 3133 3130 3129
f 3107 3119 3109
f 3120 3130 3133
f 3120 3122 3115
f 2795 3130 3120
f 3115 2795 3120
f 3121 3122 3144
f 3123 3112 3121
f 3128 3125 3117
f 3147 3124 3148
f 3125 3135 3113
f 3118 3148 3126
f 3118 3127 3114
f 3144 3145 3116
f 3115 3122 3121
f 3128 3145 3146
f 3128 3138 3125
f 3101 3135 3134
f 3118 3136 3148
f 3140 3129 3119
f 3119 3129 3130
f 3131 3151 3132
f 3133 3132 3120
f 3132 3122 3120
f 3144 3116 3121
f 3138 3134 3135
f 3101 3150 3136
f 3150 3148 3136
f 3134 3150 3101
f 3139 3126 3148
f 3122 3132 3151
f 3151 3142 3143
f 3143 3145 3144
f 3144 3122 3151
f 3137 3162 3155
f 3138 3137 3134
f 3152 3134 3155
f 3146 3137 3138
f 3148 3124 3139
f 3140 3141 3129
f 3157 3129 3141
f 3157 3133 3129
f 3158 3133 3157
f 3133 3158 3132
f 3131 3159 3142
f 3131 3132 3158
f 3143 3144 3151
f 2809 3145 3143
f 3146 3145 2809
f 2810 3137 3146
f 3152 3166 3147
f 3137 3155 3134
f 3150 3147 3148
f 3134 3152 3150
f 3124 3147 3149
f 3147 3150 3152
f 3151 3131 3142
f 3142 3174 3163
f 2809 3143 3163
f 3183 3195 3200
f 3183 3184 3153
f 3152 3156 3166
f 2810 3162 3137
f 3147 3153 3154
f 3155 3156 3152
f 3157 3177 3176
f 3157 3176 3158
f 3176 3171 3158
f 2796 3174 3159
f 3171 3159 3131
f 3163 3143 3142
f 3163 3161 2809
f 2809 3161 2810
f 3160 2810 3161
f 2774 3181 3160
f 3162 3156 3155
f 3147 3166 3153
f 3154 3149 3147
f 3141 3177 3157
f 2796 3172 3174
f 3174 3142 3159
f 3174 3172 3180
f 3180 3164 3163
f 3163 3164 3161
f 3161 3164 3160
f 3165 3166 3181
f 3160 3181 3162
f 3156 3162 3181
f 3166 3165 3153
f 3156 3181 3166
f 3153 3167 3154
f 3176 3175 3170
f 3168 3169 3170
f 3171 3176 3170
f 2796 3171 3170
f 3172 2796 3173
f 3174 3180 3163
f 2774 3160 3164
f 3183 3153 3165
f 3185 3167 3153
f 3175 3176 3177
f 3186 3172 3178
f 3186 3179 3180
f 3180 3179 3164
f 3164 3191 2774
f 3191 3164 3179
f 3181 2774 3182
f 3165 3195 3183
f 3181 3182 3165
f 3153 3184 3185
f 3170 3175 3168
f 3204 3206 3188
f 2796 3169 3173
f 3173 3189 3172
f 3172 3186 3180
f 3199 3191 3179
f 3182 2774 3192
f 3183 3187 3184
f 3204 3202 3219
f 3188 3173 3196
f 3205 3189 3188
f 3189 3178 3172
f 3190 3186 3178
f 3179 3186 3199
f 3199 3193 3191
f 2772 3192 3193
f 3191 3193 3192
f 3182 3197 3194
f 3182 3194 3195
f 3187 3183 3200
f 3211 3203 3168
f 3168 3203 3169
f 3196 3202 3204
f 3196 3173 3169
f 3173 3188 3189
f 3198 3178 3205
f 3178 3189 3205
f 3190 3199 3186
f 3192 3197 3182
f 2772 3197 3192
f 3197 2773 3194
f 3201 3200 3195
f 3210 3187 3200
f 3217 3202 3232
f 3190 3198 3221
f 3190 3178 3198
f 3208 3199 3190
f 3224 3208 3221
f 3199 3208 3193
f 2772 3193 3208
f 2773 2772 3207
f 3226 3239 2812
f 3200 3201 3226
f 3201 3195 3194
f 3203 3232 3202
f 3218 3217 2801
f 3202 3196 3203
f 3196 3204 3188
f 3205 3188 3206
f 3229 3206 3219
f 3198 3205 3206
f 3198 3229 3214
f 3221 3208 3190
f 3223 3224 3234
f 3207 2772 3224
f 2772 3208 3224
f 2773 3222 3209
f 3194 2773 3209
f 3200 3216 3210
f 3211 3232 3203
f 3212 3213 2800
f 3206 3204 3219
f 3198 3206 3229
f 3198 3214 3221
f 3234 3221 3220
f 3207 3222 2773
f 3201 3239 3226
f 3194 3209 3201
f 3209 3239 3201
f 3215 3216 3226
f 3232 2801 3217
f 3202 3217 3218
f 3219 3202 3218
f 3218 3230 3219
f 3230 3231 3229
f 3249 3220 3231
f 3214 3220 3221
f 3224 3221 3234
f 3223 3222 3207
f 3223 3207 3224
f 3237 3209 3222
f 3225 3226 2812
f 3225 3215 3226
f 2797 2802 3227
f 3218 2801 3241
f 3230 3218 3228
f 3230 3229 3219
f 3231 3230 3248
f 3231 3214 3229
f 3214 3231 3220
f 3237 3238 3209
f 3232 2802 2801
f 2797 3241 2801
f 3241 3228 3218
f 3248 3228 3242
f 3230 3228 3248
f 3249 3231 3248
f 3234 3220 3233
f 3233 3220 3249
f 3223 3234 3236
f 3236 3234 3233
f 3222 3223 3235
f 3236 3235 3223
f 3237 3222 3235
f 3239 3240 2812
f 3209 3238 3239
f 3240 3239 3238
f 3241 2797 2798
f 3242 3241 3246
f 3241 3242 3228
f 3254 3242 3246
f 3248 3242 3243
f 3262 3243 3254
f 3249 3248 3257
f 3264 3244 3255
f 3245 3238 3237
f 2800 3253 2798
f 3241 2798 3253
f 3241 3253 3246
f 3256 3262 3247
f 3257 3248 3243
f 3249 3257 3233
f 3257 3255 3233
f 3236 3233 3255
f 3255 3244 3236
f 3236 3244 3235
f 3235 3244 3250
f 3237 3235 3251
f 3235 3250 3251
f 3245 3237 3251
f 3252 2811 3240
f 2798 3227 2800
f 3253 2800 3213
f 3242 3254 3243
f 3256 3257 3262
f 3255 3257 3258
f 3256 3258 3257
f 3258 3264 3255
f 3264 3250 3244
f 3213 3246 3253
f 3246 3213 3254
f 3262 3254 3261
f 3257 3243 3262
f 3258 3256 3247
f 3264 3258 3263
f 3251 3250 3259
f 3260 3212 2800
f 3261 3254 3213
f 3261 3247 3262
f 3247 3263 3258
f 3263 3265 3264
f 3264 3265 3250
f 3265 3259 3250
f 3266 3251 3259
f 3266 3245 3251
f 3266 3267 3245
f 3245 3267 2771
f 3268 2771 3267
f 3274 3269 3271
f 3269 3274 3272
f 3270 3271 3269
f 3272 3274 3273
f 3288 3273 3274
f 3276 3288 3274
f 3287 3276 3278
f 3275 3277 3276
f 3276 3277 3278
f 3276 3279 3275
f 3279 3286 3280
f 3281 3280 3286
f 3286 3282 3281
f 3282 3283 3281
f 3284 3283 3282
f 3283 3284 3285
f 3286 3279 3276
f 3287 3288 3276
f 3270 3289 3271
f 3289 3290 3271
f 3290 3291 3293
f 3291 3290 3289
f 3291 3292 3293
f 3312 3315 3340
f 3325 3341 3321
f 3350 3349 3366
f 3294 3383 3359
f 3295 3297 3296
f 3387 3297 3298
f 3299 3307 3300
f 3375 3387 3300
f 3301 3297 3387
f 3301 3302 3386
f 3303 3302 3305
f 3302 3303 3304
f 3305 3302 3306
f 3300 3307 3375
f 3298 3297 3308
f 3383 3309 3310
f 3294 3309 3383
f 3311 3358 3356
f 3352 3330 3329
f 3312 3320 3315
f 3318 3315 3324
f 3313 3314 3315
f 3315 3316 3313
f 3324 3346 3318
f 3317 3316 3318
f 3318 3316 3315
f 3319 3324 3320
f 3341 3325 3324
f 3321 3322 3325
f 3324 3323 3348
f 3323 3324 3325
f 3326 3451 3454
f 3444 3453 3451
f 3435 3447 3327
f 3422 3431 3414
f 3420 3414 3430
f 3446 3418 3439
f 3328 3446 3450
f 3419 3421 3409
f 3419 3406 3411
f 3329 3330 3365
f 3344 3352 3323
f 3396 3411 3406
f 3369 3367 3381
f 3371 3366 3349
f 3392 3383 3397
f 3332 3397 3333
f 3331 3332 3404
f 3332 3333 3334
f 3332 3334 3403
f 3405 3335 3331
f 3336 3335 3337
f 3331 3335 3336
f 3338 3336 3337
f 3338 3339 3336
f 3314 3340 3315
f 3320 3324 3315
f 3319 3341 3324
f 3345 3351 3363
f 3346 3324 3348
f 3352 3347 3348
f 3322 3342 3325
f 3352 3348 3323
f 3323 3325 3343
f 3343 3344 3323
f 3350 3344 3343
f 3347 3345 3346
f 3347 3346 3348
f 3347 3329 3345
f 3352 3329 3347
f 3349 3350 3354
f 3329 3351 3345
f 3364 3351 3365
f 3344 3355 3330
f 3344 3350 3366
f 3344 3330 3352
f 3353 3349 3354
f 3366 3355 3344
f 3349 3353 3357
f 3356 3358 3353
f 3357 3353 3358
f 3364 3363 3351
f 3351 3329 3365
f 3358 3311 3359
f 3360 3361 3297
f 3362 3363 3364
f 3365 3367 3364
f 3381 3367 3366
f 3365 3330 3367
f 3367 3330 3355
f 3355 3366 3367
f 3357 3377 3368
f 3358 3383 3377
f 3357 3358 3377
f 3359 3383 3358
f 3308 3297 3310
f 3369 3362 3364
f 3369 3364 3367
f 3382 3370 3371
f 3357 3371 3349
f 3370 3381 3366
f 3371 3370 3366
f 3383 3372 3373
f 3384 3372 3297
f 3297 3383 3310
f 3297 3374 3385
f 3375 3376 3387
f 3362 3369 3389
f 3392 3377 3383
f 3371 3357 3368
f 3377 3392 3368
f 3388 3387 3376
f 3395 3406 3378
f 3396 3380 3379
f 3369 3379 3380
f 3379 3390 3402
f 3369 3381 3379
f 3390 3381 3370
f 3390 3379 3381
f 3382 3390 3370
f 3368 3392 3371
f 3393 3397 3373
f 3397 3383 3373
f 3372 3383 3297
f 3361 3384 3297
f 3295 3360 3297
f 3385 3296 3297
f 3374 3297 3301
f 3386 3302 3304
f 3302 3301 3387
f 3388 3302 3387
f 3395 3389 3380
f 3380 3389 3369
f 3407 3402 3390
f 3391 3407 3382
f 3397 3391 3392
f 3382 3371 3392
f 3398 3397 3394
f 3393 3394 3397
f 3395 3380 3396
f 3402 3396 3379
f 3382 3407 3390
f 3391 3382 3392
f 3333 3397 3399
f 3398 3399 3397
f 3408 3409 3421
f 3411 3400 3423
f 3401 3396 3402
f 3424 3401 3402
f 3407 3425 3424
f 3391 3332 3412
f 3332 3403 3404
f 3404 3405 3331
f 3409 3378 3406
f 3406 3395 3396
f 3408 3421 3420
f 3396 3401 3411
f 3407 3424 3402
f 3391 3412 3425
f 3391 3425 3407
f 3391 3397 3332
f 3408 3378 3409
f 3409 3406 3419
f 3419 3411 3423
f 3401 3410 3400
f 3411 3401 3400
f 3425 3410 3424
f 3332 3415 3412
f 3332 3331 3413
f 3408 3420 3428
f 3422 3414 3419
f 3400 3429 3423
f 3412 3415 3416
f 3332 3413 3415
f 3417 3439 3418
f 3414 3421 3419
f 3414 3420 3421
f 3429 3437 3422
f 3423 3429 3422
f 3423 3422 3419
f 3401 3424 3410
f 3412 3416 3425
f 3430 3417 3428
f 3410 3426 3400
f 3432 3400 3426
f 3427 3426 3410
f 3427 3410 3425
f 3416 3427 3425
f 3428 3420 3430
f 3431 3430 3414
f 3431 3422 3437
f 3432 3437 3429
f 3429 3400 3432
f 3436 3430 3431
f 3436 3431 3437
f 3433 3437 3432
f 3433 3432 3434
f 3436 3440 3430
f 3440 3436 3435
f 3436 3437 3435
f 3433 3435 3437
f 3438 3435 3433
f 3432 3426 3434
f 3417 3430 3440
f 3439 3440 3327
f 3439 3417 3440
f 3327 3440 3435
f 3447 3441 3445
f 3447 3435 3443
f 3442 3443 3435
f 3438 3442 3435
f 3438 3433 3434
f 3446 3327 3452
f 3446 3439 3327
f 3452 3327 3444
f 3444 3447 3445
f 3447 3443 3441
f 3328 3418 3446
f 3327 3447 3444
f 3444 3445 3448
f 3449 3444 3448
f 3452 3450 3446
f 3449 3453 3444
f 3450 3444 3451
f 3450 3452 3444
f 3453 3454 3451
f 3455 3517 3611
f 3518 3613 3457
f 3456 3616 3473
f 3457 3613 3458
f 3470 3469 3459
f 3460 3461 3462
f 3463 3461 3615
f 3467 3464 3465
f 3466 3619 3464
f 3467 3466 3464
f 3464 3619 3592
f 3468 3469 3460
f 3461 3463 3462
f 3469 3468 3459
f 3470 3471 3616
f 3459 3471 3470
f 3472 3456 3473
f 3530 3677 3532
f 3474 3674 3533
f 3671 3672 3534
f 3671 3474 3672
f 3535 3475 3477
f 3635 3476 3636
f 3477 3668 3478
f 3715 3712 3479
f 3482 3480 3481
f 3486 3721 3487
f 3482 3481 3485
f 3483 3484 3488
f 3482 3485 3483
f 3487 3480 3486
f 3487 3481 3480
f 3484 3483 3485
f 3486 3719 3721
f 3720 3718 3717
f 3492 3488 3484
f 3713 3717 3714
f 3712 3715 3714
f 3479 3489 3490
f 3491 3488 3492
f 3495 3491 3492
f 3493 3708 3709
f 3707 3493 3709
f 3495 3494 3491
f 3494 3495 3496
f 3497 3706 3704
f 3703 3705 3704
f 3498 3500 3705
f 3499 3500 3498
f 3603 3496 3502
f 3499 3702 3500
f 3605 3501 3502
f 3700 3503 3504
f 3505 3506 3700
f 3606 3507 3607
f 3512 3508 3510
f 3507 3513 3509
f 3510 3511 3512
f 3509 3513 3514
f 3610 3514 3608
f 3696 3515 3697
f 3516 3515 3696
f 3610 3517 3455
f 3516 3695 3694
f 3611 3517 3518
f 3519 3694 3692
f 3521 3519 3693
f 3522 3520 3691
f 3521 3520 3522
f 3688 3691 3689
f 3523 3688 3690
f 3686 3523 3687
f 3526 3525 3524
f 3524 3525 3687
f 3526 3685 3683
f 3527 3683 3528
f 3583 3527 3528
f 3581 3678 3529
f 3681 3680 3584
f 3530 3675 3676
f 3531 3532 3677
f 3674 3580 3533
f 3669 3534 3535
f 3630 3633 3632
f 3634 3536 3537
f 3666 3478 3667
f 3665 3538 3663
f 3539 3540 3637
f 3659 3541 3660
f 3542 3574 3639
f 3661 3658 3543
f 3544 3545 3643
f 3549 3644 3546
f 3546 3547 3545
f 3565 3548 3549
f 3550 3560 3647
f 3551 3557 3653
f 3552 3650 3553
f 3554 3555 3556
f 3557 3558 3563
f 3559 3649 3651
f 3552 3553 3551
f 3647 3560 3554
f 3561 3555 3559
f 3550 3647 3562
f 3646 3564 3550
f 3655 3563 3558
f 3564 3548 3565
f 3654 3566 3655
f 3567 3566 3568
f 3568 3569 3656
f 3570 3657 3571
f 3571 3657 3569
f 3572 3570 3658
f 3544 3641 3573
f 3573 3642 3542
f 3574 3640 3639
f 3541 3575 3662
f 3576 3575 3663
f 3640 3577 3638
f 3540 3638 3578
f 3665 3667 3538
f 3476 3635 3539
f 3636 3537 3536
f 3579 3675 3580
f 3581 3532 3531
f 3582 3627 3626
f 3682 3583 3584
f 3458 3613 3585
f 3632 3598 3630
f 3626 3629 3582
f 3628 3614 3624
f 3588 3625 3586
f 3587 3589 3588
f 3589 3590 3594
f 3591 3622 3594
f 3592 3619 3593
f 3620 3621 3592
f 3620 3592 3593
f 3594 3595 3591
f 3614 3623 3624
f 3596 3630 3597
f 3596 3629 3626
f 3632 3599 3598
f 3600 3598 3599
f 3598 3600 3601
f 3501 3605 3602
f 3496 3603 3494
f 3496 3604 3502
f 3604 3605 3502
f 3605 3606 3602
f 3606 3607 3602
f 3507 3509 3607
f 3513 3608 3514
f 3608 3609 3610
f 3609 3517 3610
f 3518 3457 3611
f 3612 3585 3613
f 3472 3585 3456
f 3612 3456 3585
f 3627 3614 3628
f 3615 3618 3617
f 3616 3471 3473
f 3460 3462 3468
f 3618 3615 3461
f 3617 3618 3593
f 3617 3593 3619
f 3621 3620 3591
f 3595 3621 3591
f 3594 3622 3589
f 3589 3587 3590
f 3586 3587 3588
f 3623 3586 3625
f 3624 3623 3625
f 3626 3627 3628
f 3629 3596 3597
f 3596 3631 3630
f 3630 3631 3633
f 3634 3632 3633
f 3536 3634 3633
f 3635 3636 3536
f 3539 3637 3476
f 3540 3578 3637
f 3638 3577 3578
f 3638 3639 3640
f 3542 3642 3574
f 3573 3641 3642
f 3544 3643 3641
f 3545 3547 3643
f 3546 3644 3547
f 3549 3645 3644
f 3549 3548 3645
f 3564 3646 3548
f 3550 3562 3646
f 3554 3648 3647
f 3554 3556 3648
f 3555 3561 3556
f 3559 3651 3561
f 3649 3650 3651
f 3649 3553 3650
f 3551 3653 3552
f 3557 3652 3653
f 3557 3563 3652
f 3558 3654 3655
f 3654 3568 3566
f 3568 3656 3567
f 3569 3657 3656
f 3570 3572 3657
f 3570 3543 3658
f 3543 3659 3661
f 3659 3660 3661
f 3541 3662 3660
f 3575 3576 3662
f 3575 3664 3663
f 3664 3665 3663
f 3665 3666 3667
f 3478 3668 3667
f 3477 3475 3668
f 3477 3669 3535
f 3669 3670 3534
f 3670 3671 3534
f 3474 3673 3672
f 3474 3533 3673
f 3674 3579 3580
f 3579 3676 3675
f 3676 3677 3530
f 3581 3529 3532
f 3678 3679 3529
f 3678 3681 3679
f 3678 3680 3681
f 3680 3682 3584
f 3682 3527 3583
f 3683 3684 3528
f 3683 3685 3684
f 3526 3524 3685
f 3525 3686 3687
f 3686 3688 3523
f 3688 3689 3690
f 3691 3520 3689
f 3521 3693 3520
f 3519 3692 3693
f 3519 3516 3694
f 3516 3696 3695
f 3697 3511 3696
f 3512 3511 3697
f 3508 3698 3510
f 3698 3699 3506
f 3508 3699 3698
f 3506 3699 3700
f 3504 3505 3700
f 3701 3504 3503
f 3702 3701 3503
f 3702 3499 3701
f 3498 3705 3703
f 3704 3705 3497
f 3707 3704 3706
f 3493 3707 3706
f 3708 3710 3709
f 3710 3711 3490
f 3708 3711 3710
f 3490 3711 3479
f 3712 3489 3479
f 3713 3714 3715
f 3717 3716 3714
f 3717 3718 3716
f 3718 3720 3719
f 3719 3720 3721
f 3722 3723 3724
f 3725 3726 3727
f 3728 3723 3729
f 3728 3739 3730
f 3731 3728 3730
f 3739 3732 3730
f 3738 3733 3734
f 3735 3734 3737
f 3734 3736 3737
f 3738 3734 3735
f 3738 3732 3733
f 3739 3733 3732
f 3731 3728 3723
f 3740 3727 3725
f 3741 3742 3745
f 3741 3814 3743
f 3744 3742 3741
f 3814 3741 3745
f 3814 3745 3746
f 3814 3793 3816
f 3825 3796 3747
f 3824 3748 3751
f 3831 3749 3750
f 3751 3748 3752
f 3762 3765 3767
f 3760 3753 3759
f 3763 3762 3756
f 3756 3754 3755
f 3763 3756 3755
f 3754 3756 3757
f 3756 3758 3757
f 3759 3767 3760
f 3756 3761 3758
f 3762 3763 3764
f 3762 3764 3765
f 3766 3753 3760
f 3767 3765 3760
f 3768 3762 3767
f 3770 3768 3767
f 3770 3771 3768
f 3786 3782 3769
f 3770 3804 3771
f 3772 3773 3774
f 3775 3826 3752
f 3797 3777 3778
f 3841 3776 3842
f 3797 3778 3795
f 3777 3794 3778
f 3781 3780 3779
f 3780 3778 3794
f 3779 3782 3781
f 3803 3801 3806
f 3819 3818 3782
f 3782 3779 3769
f 3781 3782 3818
f 3783 3784 3811
f 3815 3816 3785
f 3789 3791 3786
f 3788 3787 3791
f 3788 3791 3789
f 3790 3792 3787
f 3782 3786 3791
f 3787 3792 3791
f 3746 3793 3814
f 3794 3779 3780
f 3797 3795 3798
f 3797 3796 3777
f 3846 3797 3798
f 3799 3843 3845
f 3747 3796 3797
f 3843 3799 3800
f 3843 3800 3844
f 3809 3801 3802
f 3802 3801 3803
f 3804 3832 3833
f 3835 3838 3805
f 3841 3806 3776
f 3776 3806 3801
f 3807 3809 3802
f 3809 3807 3808
f 3810 3811 3809
f 3808 3810 3809
f 3810 3783 3811
f 3784 3785 3811
f 3784 3812 3785
f 3812 3813 3785
f 3813 3815 3785
f 3817 3814 3815
f 3816 3815 3814
f 3814 3817 3819
f 3818 3819 3820
f 3819 3817 3820
f 3821 3822 3823
f 3840 3823 3841
f 3824 3751 3747
f 3751 3825 3747
f 3748 3775 3752
f 3752 3826 3772
f 3826 3773 3772
f 3827 3829 3774
f 3772 3774 3829
f 3750 3827 3828
f 3750 3829 3827
f 3830 3770 3749
f 3749 3831 3830
f 3831 3750 3828
f 3830 3832 3804
f 3830 3804 3770
f 3832 3834 3833
f 3834 3836 3833
f 3833 3835 3805
f 3835 3833 3836
f 3837 3805 3838
f 3837 3839 3805
f 3839 3776 3805
f 3840 3841 3842
f 3842 3776 3839
f 3823 3822 3841
f 3821 3844 3822
f 3821 3843 3844
f 3799 3845 3846
f 3846 3845 3797
f 3847 3862 3866
f 3848 3850 3852
f 3848 3849 3850
f 3852 3850 3855
f 3851 3852 3855
f 3853 3861 3854
f 3853 3851 3855
f 3855 3850 3863
f 3854 3861 3856
f 3865 3857 3847
f 3867 3857 3865
f 3863 3862 3858
f 3864 3859 3867
f 3860 3864 3862
f 3861 3853 3855
f 3862 3847 3858
f 3855 3863 3861
f 3850 3860 3863
f 3858 3861 3863
f 3860 3862 3863
f 3864 3866 3862
f 3864 3865 3866
f 3866 3865 3847
f 3864 3867 3865
f 3888 3869 3898
f 3888 3868 3869
f 3868 3888 3875
f 3870 3894 3869
f 3870 3869 3868
f 3871 3894 3870
f 3871 3870 3872
f 3920 3873 3937
f 3952 3946 3960
f 4004 4005 3991
f 4029 4008 4025
f 3874 4006 4052
f 4073 4039 4071
f 4072 4085 4087
f 4147 4126 4110
f 3874 4024 4006
f 4005 3994 3977
f 3900 3879 3888
f 3875 3888 3889
f 4020 3988 3987
f 3876 4032 4031
f 4102 4103 4089
f 4101 4142 3877
f 4145 4142 4167
f 4166 4144 4167
f 3877 4123 4101
f 3964 3966 3968
f 3938 3937 3963
f 3878 3875 3889
f 3891 3889 3879
f 3890 3889 3891
f 3878 3889 3890
f 3880 3909 3895
f 3886 3880 3881
f 3886 3890 3880
f 3932 3927 3906
f 3881 3887 3886
f 3882 3905 3884
f 3897 3883 3905
f 3883 3884 3905
f 3896 3884 3885
f 3884 3896 3882
f 3887 3896 3885
f 3885 3886 3887
f 3888 3898 3900
f 3888 3879 3889
f 3891 3909 3880
f 3890 3891 3880
f 3905 3932 3906
f 3893 3894 3871
f 3892 3894 3893
f 3894 3892 3869
f 3892 3898 3869
f 3879 3911 3891
f 3902 3901 3931
f 3891 3911 3909
f 3887 3881 3903
f 3880 3895 3881
f 3903 3881 3895
f 3882 3896 3904
f 3904 3896 3887
f 3907 3897 3905
f 3917 3893 3871
f 3898 3892 3899
f 3899 3900 3898
f 3899 3910 3879
f 3879 3900 3899
f 3901 3912 3913
f 3910 3911 3879
f 3901 3902 3895
f 3901 3895 3909
f 3902 3903 3895
f 3903 3904 3887
f 3905 3906 3907
f 3918 3893 3917
f 3908 3893 3918
f 3892 3893 3908
f 3921 3892 3908
f 3899 3921 3910
f 3921 3899 3892
f 3911 3912 3909
f 3910 3912 3911
f 3909 3912 3901
f 3882 3932 3905
f 3932 3882 3925
f 3928 3939 3920
f 3912 3930 3913
f 3910 3921 3930
f 3930 3912 3910
f 3914 3902 3931
f 3901 3913 3931
f 3902 3915 3903
f 3914 3915 3902
f 3916 3925 3904
f 3903 3915 3916
f 3904 3903 3916
f 3904 3925 3882
f 3917 3919 3918
f 3956 3936 3935
f 3919 3928 3918
f 3908 3918 3928
f 3928 3921 3908
f 3921 3928 3920
f 3920 3930 3921
f 3922 3940 3923
f 3942 3953 3943
f 3924 3965 3926
f 3926 3925 3916
f 3932 3925 3926
f 3927 3932 3934
f 3945 3928 3919
f 3950 3939 3945
f 3928 3945 3939
f 3962 3963 3937
f 3920 3929 3930
f 3913 3930 3929
f 3931 3913 3941
f 3913 3929 3940
f 3943 3931 3941
f 3913 3940 3941
f 3983 3982 3948
f 3914 3953 3915
f 3931 3943 3914
f 3916 3915 3924
f 3953 3914 3943
f 3924 3926 3916
f 3915 3953 3924
f 3932 3933 3934
f 3935 3936 3919
f 3936 3945 3919
f 3929 3937 3938
f 3920 3939 3873
f 3938 3940 3929
f 3920 3937 3929
f 3940 3922 3941
f 3941 3942 3943
f 3944 3971 3975
f 3975 3954 3944
f 3932 3926 3944
f 3957 3956 3951
f 3945 3936 3950
f 3939 3950 3946
f 3946 3873 3939
f 3923 3940 3938
f 3958 3947 3964
f 3924 3953 3965
f 3965 3944 3926
f 3953 3948 3965
f 3944 3955 3932
f 3933 3932 3955
f 3949 3951 3956
f 3956 3950 3936
f 3957 3951 3976
f 3873 3952 3962
f 3946 3952 3873
f 3937 3873 3962
f 3938 3963 3923
f 3942 3941 3922
f 3947 3958 3942
f 3942 3922 3947
f 3958 3948 3953
f 3944 3954 3955
f 3950 3956 3957
f 3950 3957 3946
f 3946 3957 3960
f 3922 3966 3947
f 3963 3922 3923
f 3958 3983 3948
f 3958 3953 3942
f 3965 3948 3982
f 3965 3971 3944
f 3977 3976 3959
f 3957 3976 3960
f 3995 3978 3992
f 3962 3952 3961
f 3961 3952 3960
f 3963 3962 3979
f 3961 3979 3962
f 3922 3963 3967
f 3967 3963 3979
f 3967 3966 3922
f 3984 3958 3964
f 3964 3947 3966
f 3984 3983 3958
f 3985 3971 3965
f 3971 3985 3972
f 3965 3982 3985
f 3954 3975 3974
f 3976 3951 3959
f 3960 3976 3961
f 3978 3966 3967
f 3968 3981 3984
f 4017 3969 3970
f 3982 3983 3981
f 3975 3971 3972
f 3973 3974 3975
f 3949 3959 3951
f 3961 3976 3994
f 3976 3977 3994
f 3992 3979 3961
f 3992 3961 3994
f 3967 3979 3978
f 3992 3978 3979
f 3968 3966 3978
f 3988 3980 3968
f 3980 3981 3968
f 3984 3964 3968
f 3981 3986 3982
f 3981 3983 3984
f 3985 3982 3986
f 3989 3973 3975
f 3977 3959 3949
f 3987 3968 3978
f 3978 3995 4000
f 4000 3987 3978
f 3987 3988 3968
f 4013 4021 4017
f 3986 3981 3980
f 3986 3972 3985
f 3970 3989 3975
f 3970 3975 3997
f 3990 3977 3949
f 3977 3990 4003
f 4003 3991 3977
f 3993 4005 3998
f 3991 4005 3977
f 3993 3992 3994
f 3993 3994 4005
f 3995 3992 3993
f 4032 4002 4011
f 4019 4011 3980
f 4011 3996 3980
f 3986 3980 3996
f 4001 3997 3972
f 3986 3996 4001
f 3997 4001 4015
f 3972 3986 4001
f 3972 3997 3975
f 4028 3998 4004
f 3999 4000 3995
f 3993 3999 3995
f 4009 3987 4000
f 4000 3999 4009
f 4009 4020 3987
f 4032 3876 4002
f 3988 4020 4019
f 4036 4001 4002
f 3988 4019 3980
f 4002 4012 4036
f 4001 3996 4002
f 4017 3997 4015
f 4016 3969 4017
f 3997 4017 3970
f 4003 3990 4022
f 4003 4022 4004
f 4004 4026 4008
f 4004 3991 4003
f 3998 4005 4004
f 3999 3993 3998
f 4002 3996 4011
f 4006 4023 4007
f 4026 4004 4022
f 4004 4008 4028
f 4027 3999 3998
f 4027 3998 4028
f 4030 4009 3999
f 4027 4030 3999
f 4010 4020 4009
f 4009 4030 4010
f 4010 4033 4020
f 4012 4002 3876
f 4033 4032 4019
f 4019 4032 4011
f 4036 4012 4058
f 4013 4045 4014
f 4035 4013 4015
f 4035 4015 4001
f 4016 4017 4021
f 4041 4037 4018
f 4019 4020 4033
f 4036 4035 4001
f 4021 4013 4014
f 4015 4013 4017
f 4026 4022 4023
f 4023 4024 4025
f 4026 4023 4025
f 4008 4026 4025
f 4028 4008 4029
f 4027 4029 4037
f 4028 4029 4027
f 4030 4037 4041
f 4027 4037 4030
f 4010 4041 4042
f 4010 4030 4041
f 4033 4042 4031
f 4042 4033 4010
f 4038 4050 3876
f 4031 4032 4033
f 4059 4034 4013
f 4044 4059 4035
f 4035 4036 4044
f 4024 4040 4029
f 4029 4025 4024
f 4040 4018 4029
f 4053 4065 4055
f 4029 4018 4037
f 4031 4038 3876
f 4050 4012 3876
f 4012 4050 4058
f 4035 4059 4013
f 4006 4024 4023
f 3874 4039 4048
f 3874 4018 4040
f 3874 4040 4024
f 4053 4054 4041
f 4041 4018 4053
f 4042 4054 4056
f 4042 4041 4054
f 4056 4038 4031
f 4056 4031 4042
f 4060 4038 4049
f 4043 4058 4050
f 4036 4058 4044
f 4045 4013 4034
f 4046 4007 4047
f 4052 4006 4007
f 4065 4048 4073
f 4064 4076 4065
f 4048 4053 4018
f 3874 4048 4018
f 4038 4056 4049
f 4060 4050 4038
f 4050 4060 4043
f 4051 4059 4044
f 4007 4046 4052
f 4046 4039 4052
f 4039 3874 4052
f 4048 4065 4053
f 4054 4055 4057
f 4054 4053 4055
f 4056 4057 4066
f 4056 4054 4057
f 4056 4066 4049
f 4044 4058 4051
f 4051 4034 4059
f 4048 4039 4073
f 4049 4061 4060
f 4060 4061 4043
f 4043 4051 4058
f 4034 4051 4070
f 4071 4039 4046
f 4062 4075 4064
f 4075 4063 4076
f 4065 4073 4064
f 4055 4076 4077
f 4055 4065 4076
f 4057 4077 4079
f 4057 4055 4077
f 4066 4079 4081
f 4079 4066 4057
f 4066 4081 4049
f 4081 4088 4061
f 4043 4061 4067
f 4067 4068 4090
f 4090 4083 4069
f 4051 4043 4084
f 4051 4069 4070
f 4069 4051 4084
f 4047 4071 4046
f 4085 4071 4047
f 4071 4085 4072
f 4073 4072 4064
f 4072 4073 4071
f 4061 4049 4081
f 4061 4088 4067
f 4067 4084 4043
f 4084 4067 4090
f 4098 4097 4099
f 4086 4075 4062
f 4072 4062 4064
f 4074 4063 4075
f 4076 4064 4075
f 4077 4063 4078
f 4077 4076 4063
f 4079 4078 4093
f 4078 4079 4077
f 4080 4081 4093
f 4093 4081 4079
f 4081 4080 4088
f 4067 4088 4068
f 4103 4082 4091
f 4096 4083 4090
f 4084 4090 4069
f 4085 4047 4098
f 4085 4098 4099
f 4099 4087 4085
f 4086 4117 4074
f 4072 4087 4062
f 4089 4088 4080
f 4088 4089 4068
f 4068 4103 4090
f 4091 4090 4103
f 4104 4097 4115
f 4062 4087 4104
f 4086 4062 4104
f 4074 4075 4086
f 4092 4078 4063
f 4074 4092 4063
f 4092 4094 4078
f 4093 4078 4094
f 4093 4094 4106
f 4080 4093 4106
f 4080 4106 4095
f 4089 4080 4095
f 4103 4068 4089
f 4091 4096 4090
f 4109 4097 4098
f 4087 4099 4097
f 4087 4097 4104
f 4100 4101 4124
f 4102 4108 4103
f 4102 4100 4108
f 4108 4082 4103
f 4086 4104 4117
f 4117 4104 4115
f 4118 4074 4117
f 4092 4074 4118
f 4118 4105 4092
f 4094 4092 4105
f 4094 4105 4120
f 4120 4106 4094
f 4106 4122 4095
f 4106 4120 4122
f 4107 4089 4095
f 4107 4095 4122
f 4107 4114 4089
f 4114 4100 4102
f 4112 4108 4100
f 4113 4097 4109
f 4110 4115 4125
f 4114 4102 4089
f 4111 4100 4124
f 4100 4111 4112
f 4097 4113 4115
f 4135 4107 4122
f 4135 4114 4107
f 4135 4128 4114
f 4128 4101 4100
f 4100 4114 4128
f 4125 4115 4113
f 4115 4110 4116
f 4117 4116 4130
f 4115 4116 4117
f 4118 4130 4119
f 4117 4130 4118
f 4105 4119 4131
f 4105 4118 4119
f 4120 4131 4132
f 4131 4120 4105
f 4122 4132 4121
f 4132 4122 4120
f 4121 4135 4122
f 4101 4123 4124
f 4137 4125 4113
f 4126 4127 4149
f 4134 4135 4121
f 4135 4136 4128
f 4129 4126 4147
f 4125 4147 4110
f 4126 4149 4116
f 4110 4126 4116
f 4130 4149 4139
f 4116 4149 4130
f 4119 4130 4139
f 4139 4133 4131
f 4131 4119 4139
f 4133 4132 4131
f 4121 4133 4141
f 4133 4121 4132
f 4141 4134 4121
f 4134 4136 4135
f 4136 4101 4128
f 4143 4142 4101
f 4136 4143 4101
f 4145 3877 4142
f 4147 4125 4137
f 4139 4149 4151
f 4139 4151 4138
f 4139 4138 4140
f 4133 4139 4140
f 4133 4140 4152
f 4153 4141 4152
f 4152 4141 4133
f 4141 4136 4134
f 4167 4142 4143
f 4144 4145 4167
f 4146 4147 4137
f 4156 4129 4148
f 4129 4147 4146
f 4129 4127 4126
f 4127 4151 4149
f 4150 4157 4155
f 4141 4162 4136
f 4153 4162 4141
f 4136 4162 4163
f 4136 4163 4143
f 4154 4129 4146
f 4151 4127 4157
f 4157 4138 4151
f 4158 4157 4150
f 4138 4157 4158
f 4140 4138 4158
f 4152 4140 4158
f 4152 4158 4153
f 4143 4163 4164
f 4143 4164 4167
f 4129 4154 4148
f 4156 4127 4129
f 4155 4127 4156
f 4155 4157 4127
f 4150 4159 4158
f 4158 4159 4153
f 4159 4160 4153
f 4160 4162 4153
f 4160 4161 4162
f 4161 4163 4162
f 4161 4164 4163
f 4161 4165 4164
f 4164 4165 4167
f 4165 4166 4167
f 4176 4168 4169
f 4177 4170 4171
f 4177 4172 4179
f 4171 4170 4175
f 4169 4168 4173
f 4173 4174 4169
f 4175 4176 4169
f 4174 4175 4169
f 4175 4170 4176
f 4177 4171 4172
f 4172 4178 4179
f 4180 4186 4183
f 4183 4185 4181
f 4181 4185 4182
f 4183 4184 4185
f 4184 4183 4186
f 4187 4186 4180
f 4187 4180 4188
f 4189 4193 4190
f 4189 4190 4191
f 4192 4193 4194
f 4189 4194 4193
f 4446 4447 4212
f 4210 4447 4195
f 4437 4440 4425
f 4437 4425 4423
f 4413 4196 4407
f 4402 4197 4406
f 4198 4289 4288
f 4218 4227 4221
f 4230 4229 4222
f 4198 4199 4289
f 4200 4303 4314
f 4200 4314 4317
f 4206 4338 4361
f 4256 4201 4202
f 4326 4203 4317
f 4204 4346 4205
f 4362 4338 4205
f 4206 4361 4360
f 4207 4373 4206
f 4379 4371 4386
f 4398 4208 4379
f 4389 4197 4398
f 4426 4414 4421
f 4414 4426 4209
f 4210 4454 4211
f 4212 4452 4446
f 4210 4211 4453
f 4453 4212 4210
f 4214 4213 4211
f 4452 4453 4462
f 4211 4213 4464
f 4213 4214 4215
f 4215 4214 4472
f 4465 4468 4215
f 4468 4465 4469
f 4486 4479 4469
f 4472 4471 4475
f 4471 4482 4481
f 4476 4216 4482
f 4484 4482 4216
f 4217 4227 4218
f 4227 4217 4219
f 4227 4220 4221
f 4219 4228 4227
f 4222 4228 4219
f 4224 4220 4225
f 4227 4225 4220
f 4229 4228 4222
f 4223 4224 4225
f 4225 4227 4226
f 4227 4228 4226
f 4226 4228 4229
f 4230 4232 4229
f 4230 4231 4235
f 4230 4235 4232
f 4229 4234 4226
f 4232 4234 4229
f 4233 4223 4225
f 4225 4239 4233
f 4234 4239 4226
f 4234 4232 4236
f 4232 4235 4236
f 4226 4239 4225
f 4239 4234 4242
f 4246 4234 4236
f 4238 4233 4240
f 4240 4233 4239
f 4249 4242 4234
f 4246 4249 4234
f 4236 4245 4246
f 4240 4237 4238
f 4239 4242 4241
f 4239 4253 4240
f 4241 4253 4239
f 4243 4241 4242
f 4243 4242 4249
f 4261 4246 4244
f 4246 4245 4244
f 4249 4246 4262
f 4262 4246 4261
f 4247 4240 4253
f 4248 4240 4247
f 4241 4256 4257
f 4257 4253 4241
f 4241 4243 4256
f 4256 4243 4250
f 4243 4249 4250
f 4249 4251 4250
f 4251 4249 4262
f 4255 4257 4252
f 4247 4253 4255
f 4252 4257 4254
f 4253 4257 4255
f 4202 4257 4256
f 4250 4260 4201
f 4251 4260 4250
f 4257 4202 4259
f 4201 4256 4250
f 4262 4267 4251
f 4259 4202 4258
f 4259 4254 4257
f 4263 4201 4265
f 4263 4202 4201
f 4201 4260 4265
f 4260 4251 4264
f 4269 4264 4251
f 4261 4267 4262
f 4263 4272 4202
f 4260 4270 4265
f 4266 4260 4264
f 4269 4251 4267
f 4272 4271 4202
f 4263 4265 4272
f 4265 4273 4272
f 4270 4273 4265
f 4266 4270 4260
f 4267 4268 4269
f 4202 4271 4258
f 4270 4274 4273
f 4266 4284 4270
f 4277 4271 4272
f 4273 4286 4272
f 4272 4286 4277
f 4281 4273 4274
f 4273 4281 4286
f 4284 4274 4270
f 4275 4266 4269
f 4266 4264 4269
f 4277 4279 4276
f 4271 4277 4276
f 4277 4278 4279
f 4278 4277 4280
f 4280 4277 4286
f 4285 4281 4294
f 4294 4281 4274
f 4275 4282 4284
f 4283 4274 4284
f 4284 4266 4275
f 4286 4281 4285
f 4285 4280 4286
f 4283 4292 4274
f 4292 4294 4274
f 4283 4284 4282
f 4275 4269 4268
f 4278 4280 4288
f 4278 4288 4287
f 4285 4291 4280
f 4268 4297 4275
f 4280 4291 4288
f 4282 4275 4297
f 4287 4288 4289
f 4288 4290 4198
f 4290 4291 4285
f 4295 4294 4292
f 4295 4292 4283
f 4290 4288 4291
f 4293 4285 4294
f 4282 4297 4283
f 4198 4299 4199
f 4198 4290 4299
f 4293 4294 4295
f 4296 4199 4299
f 4306 4285 4293
f 4306 4290 4285
f 4295 4283 4297
f 4298 4299 4290
f 4302 4300 4296
f 4296 4299 4302
f 4306 4310 4290
f 4293 4295 4307
f 4297 4304 4295
f 4299 4298 4301
f 4293 4307 4306
f 4300 4302 4200
f 4302 4299 4301
f 4310 4298 4290
f 4200 4302 4303
f 4302 4301 4303
f 4307 4295 4304
f 4311 4307 4304
f 4303 4301 4314
f 4309 4301 4298
f 4306 4305 4310
f 4305 4306 4311
f 4306 4307 4311
f 4317 4203 4200
f 4319 4298 4310
f 4316 4301 4309
f 4301 4316 4314
f 4308 4319 4305
f 4319 4309 4298
f 4311 4304 4323
f 4319 4310 4305
f 4312 4316 4309
f 4305 4311 4323
f 4322 4314 4316
f 4312 4309 4319
f 4305 4313 4308
f 4305 4323 4313
f 4317 4314 4322
f 4326 4315 4203
f 4320 4203 4315
f 4324 4316 4312
f 4322 4326 4317
f 4324 4322 4316
f 4318 4319 4308
f 4320 4333 4321
f 4312 4319 4318
f 4320 4315 4333
f 4330 4324 4312
f 4308 4331 4318
f 4336 4331 4313
f 4321 4333 4204
f 4327 4322 4324
f 4327 4326 4322
f 4318 4330 4312
f 4331 4308 4313
f 4323 4336 4313
f 4326 4333 4315
f 4334 4324 4330
f 4334 4327 4324
f 4318 4331 4330
f 4325 4326 4327
f 4333 4326 4325
f 4334 4329 4327
f 4330 4331 4328
f 4329 4325 4327
f 4334 4330 4328
f 4205 4339 4321
f 4205 4321 4204
f 4337 4334 4328
f 4331 4336 4328
f 4329 4332 4325
f 4335 4333 4325
f 4329 4334 4337
f 4335 4204 4333
f 4335 4346 4204
f 4332 4335 4325
f 4332 4329 4340
f 4340 4329 4337
f 4337 4328 4345
f 4345 4328 4336
f 4337 4345 4341
f 4338 4339 4205
f 4332 4342 4335
f 4338 4348 4339
f 4335 4342 4346
f 4344 4332 4340
f 4342 4332 4344
f 4337 4341 4340
f 4340 4341 4351
f 4356 4362 4205
f 4346 4356 4205
f 4343 4342 4344
f 4344 4340 4351
f 4343 4346 4342
f 4344 4351 4349
f 4345 4354 4341
f 4343 4355 4346
f 4351 4341 4354
f 4358 4347 4206
f 4206 4347 4348
f 4348 4338 4206
f 4343 4344 4349
f 4362 4361 4338
f 4355 4356 4346
f 4343 4350 4355
f 4350 4343 4349
f 4354 4349 4351
f 4349 4352 4350
f 4349 4353 4352
f 4354 4353 4349
f 4365 4355 4350
f 4365 4357 4356
f 4357 4362 4356
f 4365 4356 4355
f 4373 4358 4206
f 4357 4359 4362
f 4350 4352 4364
f 4360 4207 4206
f 4360 4361 4362
f 4365 4350 4364
f 4365 4364 4363
f 4364 4352 4353
f 4363 4374 4365
f 4366 4359 4357
f 4362 4359 4360
f 4364 4375 4363
f 4374 4366 4357
f 4357 4365 4374
f 4353 4375 4364
f 4207 4371 4373
f 4384 4360 4359
f 4368 4359 4366
f 4369 4207 4360
f 4366 4367 4368
f 4368 4384 4359
f 4208 4373 4371
f 4369 4360 4384
f 4370 4207 4369
f 4370 4371 4207
f 4372 4373 4208
f 4375 4374 4363
f 4372 4208 4378
f 4366 4374 4381
f 4367 4366 4381
f 4375 4381 4374
f 4376 4398 4377
f 4376 4378 4398
f 4208 4398 4378
f 4379 4208 4371
f 4386 4370 4380
f 4386 4371 4370
f 4383 4380 4384
f 4369 4380 4370
f 4380 4369 4384
f 4368 4367 4383
f 4381 4382 4367
f 4382 4383 4367
f 4384 4368 4383
f 4401 4385 4393
f 4392 4377 4398
f 4386 4390 4379
f 4380 4397 4386
f 4393 4377 4392
f 4385 4401 4387
f 4397 4390 4386
f 4380 4394 4397
f 4395 4383 4382
f 4383 4395 4394
f 4380 4383 4394
f 4385 4388 4393
f 4379 4389 4398
f 4389 4379 4390
f 4390 4391 4389
f 4392 4401 4393
f 4403 4391 4390
f 4404 4397 4394
f 4397 4403 4390
f 4394 4395 4396
f 4396 4404 4394
f 4389 4406 4197
f 4403 4397 4404
f 4197 4392 4398
f 4406 4389 4391
f 4407 4391 4403
f 4403 4409 4407
f 4399 4400 4401
f 4417 4401 4392
f 4197 4418 4392
f 4406 4391 4407
f 4196 4402 4406
f 4403 4404 4409
f 4411 4404 4396
f 4416 4405 4424
f 4417 4392 4418
f 4402 4418 4197
f 4404 4411 4409
f 4196 4406 4407
f 4399 4401 4417
f 4196 4413 4402
f 4408 4413 4407
f 4408 4407 4409
f 4417 4410 4399
f 4410 4417 4424
f 4402 4419 4418
f 4413 4419 4402
f 4411 4412 4408
f 4409 4411 4408
f 4209 4413 4408
f 4408 4412 4421
f 4419 4413 4209
f 4414 4209 4408
f 4414 4408 4421
f 4439 4417 4418
f 4415 4416 4424
f 4417 4439 4424
f 4439 4418 4428
f 4428 4418 4419
f 4419 4429 4428
f 4209 4429 4419
f 4429 4209 4426
f 4415 4434 4420
f 4415 4424 4434
f 4412 4422 4421
f 4422 4423 4421
f 4424 4439 4434
f 4426 4421 4423
f 4426 4425 4429
f 4425 4426 4423
f 4420 4434 4427
f 4432 4427 4434
f 4428 4431 4430
f 4431 4428 4429
f 4425 4431 4429
f 4423 4441 4437
f 4422 4438 4423
f 4428 4430 4439
f 4431 4425 4440
f 4438 4441 4423
f 4432 4434 4433
f 4433 4434 4435
f 4440 4437 4436
f 4438 4447 4441
f 4441 4436 4437
f 4438 4195 4447
f 4430 4448 4439
f 4439 4448 4434
f 4430 4431 4442
f 4442 4431 4440
f 4447 4436 4441
f 4435 4434 4443
f 4442 4440 4450
f 4450 4440 4436
f 4443 4434 4444
f 4430 4445 4448
f 4445 4430 4442
f 4450 4436 4446
f 4436 4447 4446
f 4454 4210 4195
f 4212 4447 4210
f 4444 4448 4449
f 4444 4434 4448
f 4449 4448 4457
f 4442 4450 4455
f 4455 4450 4446
f 4448 4445 4457
f 4455 4446 4452
f 4449 4457 4451
f 4442 4455 4445
f 4456 4455 4452
f 4212 4453 4452
f 4454 4214 4211
f 4445 4455 4461
f 4461 4455 4456
f 4452 4462 4456
f 4453 4464 4462
f 4464 4453 4211
f 4445 4461 4457
f 4215 4464 4213
f 4458 4451 4457
f 4461 4458 4457
f 4459 4458 4461
f 4460 4461 4456
f 4461 4460 4459
f 4456 4466 4460
f 4462 4463 4466
f 4456 4462 4466
f 4463 4464 4468
f 4462 4464 4463
f 4464 4215 4468
f 4215 4472 4465
f 4458 4459 4474
f 4459 4460 4466
f 4466 4467 4459
f 4466 4463 4467
f 4468 4469 4467
f 4463 4468 4467
f 4469 4465 4475
f 4472 4475 4465
f 4467 4470 4459
f 4467 4478 4470
f 4467 4479 4478
f 4467 4469 4479
f 4476 4471 4472
f 4473 4474 4470
f 4470 4474 4459
f 4486 4469 4475
f 4481 4475 4471
f 4481 4486 4475
f 4476 4482 4471
f 4478 4477 4470
f 4479 4477 4478
f 4480 4477 4479
f 4480 4479 4486
f 4481 4482 4483
f 4483 4482 4484
f 4485 4473 4477
f 4477 4473 4470
f 4486 4487 4480
f 4486 4488 4487
f 4483 4488 4481
f 4489 4485 4477
f 4480 4487 4477
f 4481 4488 4486
f 4477 4487 4489
f 4491 4665 4490
f 4491 4492 4665
f 4497 4493 4495
f 4668 4500 4669
f 4493 4494 4495
f 4496 4499 4497
f 4497 4495 4496
f 4490 4667 4498
f 4499 4496 4505
f 4500 4668 4667
f 4499 4505 4504
f 4502 4501 4663
f 4502 4670 4501
f 4503 4504 4505
f 4504 4503 4509
f 4508 4507 4506
f 4508 4671 4507
f 4510 4672 4508
f 4509 4503 4513
f 4510 4511 4512
f 4517 4509 4513
f 4515 4517 4513
f 4514 4512 4511
f 4518 4514 4511
f 4515 4516 4517
f 4673 4514 4518
f 4520 4516 4515
f 4676 4519 4577
f 4520 4521 4516
f 4526 4516 4521
f 4523 4673 4522
f 4523 4522 4524
f 4523 4524 4525
f 4526 4521 4527
f 4528 4527 4521
f 4523 4675 4530
f 4529 4530 4531
f 4534 4532 4528
f 4533 4530 4529
f 4527 4528 4532
f 4535 4534 4537
f 4534 4535 4532
f 4659 4536 4539
f 4535 4537 4538
f 4539 4519 4540
f 4541 4569 4565
f 4568 4660 4566
f 4566 4542 4567
f 4562 4561 4543
f 4559 4782 4549
f 4544 4769 4557
f 4553 4545 4556
f 4546 4551 4771
f 4552 4547 4551
f 4548 4775 4774
f 4549 4783 4550
f 4551 4546 4552
f 4553 4778 4545
f 4557 4554 4558
f 4555 4556 4779
f 4557 4558 4544
f 4786 4782 4559
f 4785 4787 4786
f 4658 4785 4563
f 4560 4561 4562
f 4560 4542 4561
f 4542 4560 4567
f 4541 4564 4563
f 4564 4541 4565
f 4568 4566 4567
f 4568 4661 4660
f 4565 4569 4572
f 4660 4570 4571
f 4569 4573 4572
f 4538 4572 4573
f 4768 4574 4571
f 4538 4573 4535
f 4657 4575 4720
f 4627 4576 4577
f 4621 4578 4620
f 4579 4580 4581
f 4730 4729 4582
f 4734 4619 4618
f 4741 4740 4739
f 4741 4583 4742
f 4584 4614 4760
f 4746 4585 4586
f 4749 4587 4750
f 4588 4746 4747
f 4589 4600 4607
f 4590 4604 4603
f 4757 4591 4592
f 4596 4597 4593
f 4594 4758 4757
f 4595 4594 4599
f 4592 4596 4593
f 4597 4598 4593
f 4589 4599 4600
f 4756 4601 4602
f 4603 4604 4605
f 4601 4603 4605
f 4754 4756 4755
f 4753 4752 4754
f 4606 4607 4600
f 4751 4750 4752
f 4606 4608 4607
f 4748 4747 4587
f 4761 4608 4584
f 4586 4609 4610
f 4610 4744 4611
f 4611 4612 4613
f 4613 4743 4583
f 4737 4739 4738
f 4614 4615 4760
f 4736 4616 4737
f 4763 4617 4762
f 4618 4616 4735
f 4731 4582 4732
f 4733 4732 4619
f 4729 4728 4578
f 4620 4581 4621
f 4622 4764 4617
f 4579 4727 4580
f 4725 4726 4623
f 4624 4724 4725
f 4722 4724 4723
f 4765 4677 4764
f 4720 4722 4721
f 4678 4625 4626
f 4630 4715 4713
f 4627 4628 4629
f 4712 4630 4713
f 4628 4627 4631
f 4631 4632 4628
f 4704 4705 4633
f 4702 4652 4634
f 4635 4654 4632
f 4697 4698 4636
f 4692 4693 4637
f 4638 4647 4694
f 4639 4646 4689
f 4640 4641 4686
f 4687 4688 4642
f 4645 4643 4644
f 4635 4645 4644
f 4643 4681 4644
f 4641 4640 4683
f 4690 4692 4691
f 4639 4690 4646
f 4647 4637 4693
f 4638 4648 4695
f 4654 4635 4644
f 4696 4636 4695
f 4700 4649 4698
f 4680 4650 4701
f 4651 4633 4652
f 4705 4653 4706
f 4628 4632 4654
f 4655 4707 4709
f 4710 4655 4711
f 4679 4656 4625
f 4657 4717 4719
f 4627 4629 4576
f 4719 4575 4657
f 4658 4563 4564
f 4768 4766 4574
f 4539 4540 4659
f 4662 4536 4659
f 4660 4661 4570
f 4536 4662 4530
f 4519 4676 4540
f 4507 4670 4506
f 4663 4669 4500
f 4494 4664 4492
f 4493 4664 4494
f 4492 4664 4665
f 4491 4490 4666
f 4666 4490 4498
f 4498 4667 4668
f 4669 4663 4501
f 4502 4506 4670
f 4672 4671 4508
f 4672 4510 4512
f 4518 4522 4673
f 4522 4674 4524
f 4675 4523 4525
f 4531 4530 4675
f 4536 4530 4533
f 4577 4576 4676
f 4677 4767 4766
f 4678 4718 4717
f 4656 4679 4714
f 4706 4708 4707
f 4700 4680 4649
f 4682 4681 4643
f 4682 4684 4681
f 4685 4684 4682
f 4683 4684 4685
f 4641 4683 4685
f 4686 4688 4687
f 4686 4687 4640
f 4688 4689 4642
f 4642 4689 4646
f 4646 4690 4691
f 4691 4692 4637
f 4647 4693 4694
f 4638 4694 4648
f 4695 4648 4696
f 4636 4696 4697
f 4698 4697 4699
f 4698 4699 4700
f 4649 4680 4701
f 4701 4650 4634
f 4634 4650 4702
f 4652 4702 4651
f 4633 4651 4703
f 4633 4703 4704
f 4705 4704 4653
f 4706 4653 4708
f 4707 4708 4709
f 4655 4709 4711
f 4710 4711 4712
f 4710 4712 4713
f 4713 4715 4714
f 4714 4715 4656
f 4625 4656 4716
f 4625 4716 4626
f 4678 4626 4718
f 4717 4718 4719
f 4657 4720 4721
f 4721 4722 4723
f 4723 4724 4624
f 4624 4725 4623
f 4623 4726 4727
f 4727 4726 4580
f 4579 4581 4620
f 4620 4578 4728
f 4728 4729 4730
f 4730 4582 4731
f 4731 4732 4733
f 4733 4619 4734
f 4734 4618 4735
f 4735 4616 4736
f 4736 4737 4738
f 4738 4739 4740
f 4740 4741 4742
f 4742 4583 4743
f 4743 4613 4612
f 4612 4611 4744
f 4744 4610 4745
f 4745 4610 4609
f 4609 4586 4585
f 4585 4746 4588
f 4588 4747 4748
f 4748 4587 4749
f 4749 4750 4751
f 4751 4752 4753
f 4753 4754 4755
f 4755 4756 4602
f 4602 4601 4605
f 4603 4598 4590
f 4598 4597 4590
f 4591 4596 4592
f 4758 4591 4757
f 4595 4758 4594
f 4589 4595 4599
f 4759 4607 4608
f 4608 4761 4759
f 4584 4760 4761
f 4614 4762 4615
f 4762 4617 4615
f 4622 4617 4763
f 4622 4765 4764
f 4765 4767 4677
f 4574 4766 4767
f 4571 4570 4768
f 4562 4543 4770
f 4770 4769 4544
f 4769 4770 4543
f 4771 4558 4554
f 4554 4546 4771
f 4772 4547 4552
f 4772 4548 4773
f 4772 4773 4547
f 4773 4548 4774
f 4774 4775 4776
f 4777 4776 4778
f 4776 4775 4778
f 4553 4777 4778
f 4779 4556 4545
f 4780 4555 4779
f 4781 4780 4550
f 4780 4781 4555
f 4781 4550 4783
f 4549 4782 4783
f 4784 4786 4559
f 4784 4785 4786
f 4787 4785 4658
f 4788 4884 4877
f 4824 4790 4789
f 4833 4830 4790
f 4792 4791 4824
f 4823 4793 4792
f 4823 4792 4824
f 4793 4794 4795
f 4794 4793 4823
f 4825 4796 4795
f 4795 4796 4797
f 4797 4826 4798
f 4790 4824 4791
f 4789 4790 4830
f 4799 4789 4830
f 4836 4831 4799
f 4837 4800 4843
f 4801 4802 4838
f 4840 4803 4805
f 4846 4835 4840
f 4804 4844 4846
f 4803 4843 4805
f 4837 4843 4838
f 4848 4843 4800
f 4807 4854 4850
f 4851 4848 4847
f 4856 4804 4842
f 4850 4854 4851
f 4856 4861 4806
f 4855 4854 4807
f 4858 4863 4861
f 4855 4807 4808
f 4865 4812 4871
f 4868 4866 4863
f 4808 4860 4859
f 4809 4810 4859
f 4877 4811 4788
f 4871 4812 4813
f 4876 4814 4872
f 4815 4882 4879
f 4882 4815 4887
f 4895 4898 4901
f 4821 4908 4822
f 4905 4816 4904
f 4905 4817 4819
f 4907 4818 4819
f 4820 4821 4906
f 4822 4818 4821
f 4891 4892 4889
f 4888 4886 4887
f 4789 4823 4824
f 4825 4794 4828
f 4794 4825 4795
f 4797 4796 4826
f 4828 4794 4823
f 4799 4828 4823
f 4826 4825 4827
f 4825 4826 4796
f 4799 4823 4789
f 4827 4825 4831
f 4828 4831 4825
f 4829 4799 4830
f 4831 4828 4799
f 4827 4831 4832
f 4833 4829 4830
f 4836 4799 4829
f 4834 4829 4833
f 4832 4836 4841
f 4836 4832 4831
f 4834 4833 4801
f 4839 4829 4834
f 4834 4801 4838
f 4840 4839 4834
f 4841 4836 4835
f 4835 4836 4839
f 4837 4838 4802
f 4840 4834 4803
f 4834 4838 4803
f 4829 4839 4836
f 4835 4839 4840
f 4841 4835 4845
f 4848 4842 4849
f 4803 4838 4843
f 4849 4805 4843
f 4845 4846 4844
f 4846 4845 4835
f 4846 4840 4805
f 4847 4848 4800
f 4849 4843 4848
f 4846 4805 4804
f 4804 4805 4849
f 4850 4851 4847
f 4842 4848 4851
f 4853 4842 4851
f 4844 4804 4852
f 4804 4849 4842
f 4853 4851 4854
f 4853 4854 4857
f 4852 4804 4856
f 4856 4842 4853
f 4857 4854 4855
f 4861 4856 4857
f 4858 4857 4855
f 4856 4853 4857
f 4852 4856 4806
f 4860 4808 4807
f 4858 4855 4808
f 4858 4808 4864
f 4857 4858 4861
f 4809 4859 4860
f 4864 4808 4859
f 4867 4864 4859
f 4861 4863 4862
f 4863 4858 4864
f 4865 4810 4809
f 4810 4867 4859
f 4868 4867 4810
f 4863 4866 4862
f 4863 4864 4867
f 4868 4810 4869
f 4870 4868 4869
f 4867 4868 4863
f 4870 4869 4871
f 4865 4869 4810
f 4871 4869 4865
f 4875 4870 4871
f 4873 4868 4870
f 4873 4866 4868
f 4811 4813 4812
f 4813 4875 4871
f 4872 4875 4813
f 4874 4870 4875
f 4873 4870 4874
f 4875 4814 4874
f 4814 4875 4872
f 4876 4872 4877
f 4811 4872 4813
f 4872 4811 4877
f 4878 4876 4877
f 4879 4884 4788
f 4878 4877 4884
f 4878 4884 4881
f 4880 4876 4878
f 4814 4876 4880
f 4881 4884 4883
f 4882 4881 4883
f 4878 4881 4880
f 4879 4883 4884
f 4882 4885 4881
f 4883 4879 4882
f 4881 4885 4880
f 4890 4887 4815
f 4886 4885 4887
f 4882 4887 4885
f 4888 4887 4889
f 4890 4889 4887
f 4891 4889 4890
f 4888 4889 4892
f 4893 4897 4892
f 4893 4892 4891
f 4888 4892 4897
f 4893 4891 4894
f 4901 4898 4894
f 4895 4896 4899
f 4893 4894 4898
f 4898 4899 4893
f 4893 4899 4897
f 4900 4895 4901
f 4903 4895 4900
f 4895 4903 4896
f 4898 4895 4899
f 4900 4901 4902
f 4817 4904 4900
f 4817 4900 4902
f 4903 4900 4904
f 4818 4822 4816
f 4904 4817 4905
f 4816 4903 4904
f 4818 4905 4819
f 4818 4816 4905
f 4906 4821 4907
f 4907 4821 4818
f 4820 4908 4821
f 4909 5213 5212
f 4942 4911 4910
f 4942 4914 4911
f 5104 4912 5084
f 4942 4913 4914
f 4979 5023 4915
f 5023 4920 4915
f 4917 4919 5024
f 4916 4917 4918
f 5024 4918 4917
f 4920 5024 4919
f 4920 5023 5024
f 5081 5057 5037
f 5020 5036 4921
f 5061 5073 5044
f 4922 5222 5133
f 5215 5227 5146
f 5278 5226 5280
f 5267 5225 5253
f 4924 5253 4923
f 4924 4925 4928
f 4926 4925 4927
f 4926 4928 4925
f 4929 5280 5227
f 5216 4929 5227
f 5257 5256 5271
f 5229 4930 5185
f 4931 5147 5132
f 4934 4932 5128
f 5150 5135 5153
f 5189 5165 4933
f 5134 5096 5098
f 4934 4935 5115
f 5100 5117 5101
f 4987 5100 5102
f 5106 5119 5105
f 5079 4986 5108
f 5091 4985 4936
f 5091 5108 4937
f 5091 4936 5090
f 5107 5090 5092
f 5099 5097 5057
f 4984 5090 4938
f 5029 5020 5022
f 4939 4940 4982
f 5092 4939 4941
f 4942 4943 4944
f 4941 4975 5112
f 4945 4974 4943
f 4946 4964 4974
f 4996 4997 4957
f 5093 5126 5159
f 4947 4909 5145
f 4948 5193 5127
f 5213 5264 5263
f 4949 5252 5286
f 4951 5288 5295
f 5297 4951 5299
f 5296 5252 4949
f 5292 5252 5296
f 5292 5263 5252
f 4950 5288 4951
f 5213 4909 5264
f 5263 4952 5224
f 4909 4948 5145
f 5159 5127 5193
f 5126 5093 5076
f 5094 5093 5113
f 4953 5076 5093
f 5075 4953 5109
f 4953 5054 5041
f 5019 5008 4954
f 5004 5010 5017
f 5016 5004 5017
f 4981 4941 5085
f 5007 5006 4955
f 4946 4974 4945
f 5026 4964 5013
f 4999 4955 4963
f 4990 4963 4955
f 4972 4971 4964
f 4956 4959 4998
f 4956 4957 4958
f 5010 4998 4959
f 4956 4958 4960
f 5009 4956 4962
f 4962 4956 4960
f 4960 4961 4962
f 4997 4999 4963
f 5013 4964 4971
f 4965 5006 4966
f 5006 4967 4955
f 5006 4995 4967
f 4993 4991 4990
f 4968 4990 4955
f 4968 4969 4990
f 4967 4994 4955
f 5006 4970 5001
f 5005 5013 4971
f 4973 4972 4964
f 4964 4946 4973
f 4953 5075 5054
f 4939 5085 4941
f 4975 5075 5109
f 4974 4944 4943
f 4941 5075 4975
f 4939 4983 4976
f 4977 5047 4978
f 4981 5075 4941
f 4979 4913 5023
f 4942 4944 5023
f 4980 5017 5018
f 4980 5019 5056
f 4981 5066 5075
f 4982 4983 4939
f 4940 4939 4984
f 4984 4939 5090
f 4936 4938 5090
f 4937 4985 5091
f 4986 4937 5108
f 5106 5079 5108
f 5069 5106 5105
f 5105 5059 5069
f 5043 5059 5084
f 5077 5043 4987
f 5081 4988 5077
f 4988 5037 5029
f 5045 5064 5030
f 5031 4989 5045
f 5023 4913 4942
f 4990 4991 4992
f 4990 4969 4993
f 4955 4994 4968
f 5006 5002 4995
f 4996 4999 4997
f 4996 5003 5000
f 4996 4957 4998
f 4956 4998 4957
f 4959 4956 5009
f 5000 4999 4996
f 4999 5007 4955
f 5003 4996 4998
f 5000 5007 4999
f 4959 5009 5010
f 5004 5003 4998
f 5001 5002 5006
f 5007 5027 4966
f 5000 5003 5027
f 5004 4998 5010
f 5005 4970 5006
f 5013 5005 5006
f 5006 5007 4966
f 5027 5007 5000
f 5008 5018 5011
f 5010 5009 5011
f 5010 5011 5018
f 4965 5047 5026
f 5012 4965 4966
f 5014 5012 5015
f 4965 5013 5006
f 5050 5014 5051
f 5027 5016 5015
f 5003 5004 5016
f 5003 5016 5027
f 5017 5010 5018
f 5018 5008 5019
f 5020 5029 5036
f 5021 5025 5028
f 5025 5024 5023
f 5021 5028 5022
f 4944 5063 5023
f 5021 5024 5025
f 5026 4974 4964
f 5026 5013 4965
f 5032 5012 5014
f 5027 5015 4966
f 5016 5017 4980
f 5019 4980 5018
f 5037 5036 5029
f 5022 5028 5029
f 5025 5074 5060
f 4974 5030 4944
f 4944 5030 5063
f 5026 5031 4974
f 4974 5031 5030
f 5026 5047 5031
f 5048 5038 5012
f 5049 5012 5032
f 5012 5047 4965
f 5032 5014 5050
f 5015 5012 4966
f 5033 5034 5051
f 5035 5051 5040
f 5016 5055 5053
f 5053 5015 5016
f 4980 5055 5016
f 5058 5036 5037
f 5042 5028 5060
f 5023 5074 5025
f 5063 5074 5023
f 4977 5031 5047
f 5046 5047 5039
f 5012 5038 5039
f 5012 5039 5047
f 5033 5051 5065
f 5052 5040 5051
f 4954 5087 5068
f 4980 5041 5055
f 4954 5067 5019
f 5087 4954 5008
f 5042 5080 5028
f 5043 5080 5042
f 4988 5029 5028
f 4988 5028 5080
f 5074 5063 5073
f 5028 5025 5060
f 5044 5073 5062
f 5062 5073 5063
f 5031 5045 5030
f 4977 4989 5031
f 5046 4978 5047
f 5048 5012 5049
f 5051 5034 5050
f 5015 5053 5014
f 5051 5014 5053
f 5052 5051 5075
f 5054 5051 5053
f 5041 4980 5056
f 5041 5054 5055
f 4953 5041 5067
f 5056 5019 5067
f 5058 5057 5095
f 5057 5058 5037
f 5043 5042 5059
f 5060 5073 5059
f 4988 5081 5037
f 4988 5080 5077
f 5059 5042 5060
f 5073 5061 5071
f 5064 5062 5063
f 5063 5030 5064
f 5051 5035 5065
f 5075 5066 5052
f 5053 5055 5054
f 5067 5041 5056
f 5067 5076 4953
f 5067 4954 5068
f 5057 4935 5095
f 5070 5082 5069
f 5073 5069 5059
f 5073 5070 5069
f 5070 5073 5072
f 5071 5072 5073
f 5060 5074 5073
f 5075 5051 5054
f 5126 5076 5067
f 5067 5068 5126
f 5099 5057 5081
f 5102 5081 5077
f 5097 4935 5057
f 5106 5078 5079
f 5043 5077 5080
f 5099 5081 5102
f 5069 5082 5106
f 5077 4987 5102
f 4987 5043 4912
f 5106 5082 5083
f 4912 5043 5084
f 5105 5084 5059
f 5078 5106 5083
f 5085 4939 4976
f 5086 5112 4975
f 5109 4953 5093
f 5087 5125 5068
f 4935 4934 5095
f 5104 5088 5103
f 5119 5110 5118
f 5089 5119 5108
f 5089 5090 5111
f 5091 5090 5108
f 5092 5090 4939
f 5086 5122 5112
f 4941 5112 5092
f 5109 5086 4975
f 5093 5094 5109
f 5160 5058 5128
f 5095 5128 5058
f 5095 4934 5128
f 5097 5096 4935
f 5099 5098 5097
f 5102 5101 5099
f 5115 4935 5096
f 5088 5138 5136
f 5098 5096 5097
f 4912 5103 4987
f 5098 5099 5101
f 5100 5101 5102
f 5105 5118 5084
f 5100 4987 5103
f 5104 5103 4912
f 5104 5084 5118
f 5119 5118 5105
f 5108 5119 5106
f 5121 5107 5122
f 5090 5089 5108
f 5086 5123 5122
f 5109 5094 5086
f 5144 5145 5125
f 5125 5126 5068
f 5117 5167 5137
f 5114 4934 5115
f 5110 5171 5156
f 5110 5089 5140
f 5140 5111 5129
f 5111 5107 5157
f 5107 5111 5090
f 5112 5122 5092
f 5122 5107 5092
f 5086 5094 5131
f 5159 5113 5093
f 5126 5125 5127
f 5135 5114 5115
f 5132 5128 4932
f 5116 5115 5096
f 4932 4934 5114
f 5182 5167 5155
f 5137 5098 5101
f 5135 5115 5116
f 5116 5096 5134
f 5136 5100 5103
f 5134 5098 5137
f 5156 5171 5154
f 5137 5101 5117
f 5088 5104 5118
f 5117 5100 5136
f 5136 5103 5088
f 5088 5118 5110
f 5110 5119 5089
f 5157 5121 5141
f 5140 5089 5111
f 5121 5120 5174
f 5120 5123 5174
f 5120 5121 5122
f 5120 5122 5123
f 5123 5086 5124
f 5131 5124 5086
f 5131 5094 5113
f 5125 5145 5127
f 5159 5126 5127
f 5147 5160 5128
f 5150 4932 5114
f 5128 5132 5147
f 5150 5114 5135
f 5129 5130 5190
f 5138 5088 5156
f 5156 5088 5110
f 5129 5111 5157
f 5157 5107 5121
f 5131 5158 5124
f 5149 5132 4932
f 5222 5151 5133
f 4931 5132 5149
f 5163 5135 5116
f 4932 5150 5149
f 5165 5116 5134
f 5166 5134 5137
f 5135 5163 5153
f 5163 5116 5165
f 5138 5117 5136
f 5134 5166 5165
f 5166 5137 5167
f 5117 5138 5167
f 5171 5110 5140
f 5203 5130 5139
f 5173 5203 5139
f 5171 5140 5129
f 5142 5172 5141
f 5142 5174 5143
f 5141 5121 5174
f 5174 5123 5124
f 5113 5210 5158
f 5158 5131 5113
f 5144 4947 5145
f 5146 5160 5161
f 5175 5161 5147
f 5175 5147 5162
f 5148 5149 5150
f 5147 4931 5162
f 5179 5150 5153
f 5150 5179 5148
f 5151 5152 5234
f 5153 5163 5179
f 5138 5154 5155
f 5138 5155 5167
f 5156 5154 5138
f 5157 5173 5139
f 5157 5139 5129
f 5157 5141 5173
f 5124 5143 5174
f 5143 5124 5158
f 5159 5206 5113
f 5147 5161 5160
f 5194 5146 5161
f 5161 5175 5186
f 5149 5148 5178
f 4931 5178 5162
f 5178 4931 5149
f 5163 5189 5164
f 5163 5164 5179
f 4933 5166 5182
f 5189 5163 5165
f 5208 5181 5234
f 5166 4933 5165
f 5182 5166 5167
f 5168 5171 5190
f 5169 5238 5170
f 5171 5168 5154
f 5190 5171 5129
f 5130 5129 5139
f 5250 5172 5142
f 5141 5172 5173
f 5174 5142 5141
f 5210 5113 5206
f 4948 5212 5193
f 5193 5206 5159
f 4948 5127 5145
f 5194 5215 5146
f 5175 5176 5186
f 5161 5186 5194
f 5162 5178 5176
f 5176 5175 5162
f 5178 5177 5196
f 5177 5148 5197
f 5179 5164 5197
f 5148 5177 5178
f 5197 5148 5179
f 5180 5155 5183
f 5208 5235 5181
f 5180 5182 5155
f 5154 5168 5183
f 5183 5155 5154
f 5245 5203 5204
f 5172 5203 5173
f 5143 5184 5250
f 5212 4948 4909
f 5227 5226 5146
f 5195 5186 5185
f 5185 5186 5176
f 5195 5194 5186
f 5187 5178 5196
f 5187 5176 5178
f 5164 5188 5198
f 5189 5207 5188
f 5198 5197 5164
f 5188 5164 5189
f 5182 5180 5207
f 5189 4933 5207
f 5207 4933 5182
f 5190 5170 5209
f 5209 5183 5168
f 5168 5190 5209
f 5170 5190 5130
f 5191 5240 5192
f 5204 5172 5250
f 5158 5262 5184
f 5193 5211 5206
f 5211 5193 5212
f 5194 5195 5218
f 5218 5215 5194
f 5196 5199 5219
f 5177 5221 5199
f 5219 5187 5196
f 5197 5198 5221
f 5199 5196 5177
f 5177 5197 5221
f 5183 5152 5200
f 5207 5180 5200
f 5180 5183 5200
f 5183 5209 5152
f 5169 5170 5130
f 5169 5130 5203
f 5203 5240 5169
f 5240 5202 5192
f 5245 5201 5202
f 5204 5247 5245
f 5203 5172 5204
f 5142 5143 5250
f 5184 5143 5158
f 5210 5205 5262
f 5262 5158 5210
f 5206 5251 5205
f 5214 4909 4947
f 5195 4930 5217
f 5217 5218 5195
f 5176 5231 5229
f 5195 5185 4930
f 5187 5219 5231
f 5185 5176 5229
f 5176 5187 5231
f 5221 5260 5220
f 5233 5198 5188
f 5198 5233 5260
f 5233 5188 5207
f 5207 5222 5233
f 5200 5222 5207
f 5208 5152 5209
f 5170 5236 5209
f 5209 5236 5208
f 5238 5236 5170
f 5245 5240 5203
f 5205 5210 5206
f 5251 5206 5211
f 5211 5212 5224
f 5212 5213 5224
f 5214 5264 4909
f 5215 5271 5216
f 5218 5217 5271
f 5227 5215 5216
f 5215 5218 5271
f 5229 5272 5230
f 5243 5231 5219
f 5220 5219 5199
f 5219 5220 5243
f 5220 5199 5221
f 5221 5198 5260
f 5222 5200 5151
f 5151 5200 5152
f 5240 5238 5169
f 5250 5184 5223
f 5213 5263 5224
f 5225 5226 5278
f 5226 5227 5280
f 5228 5217 4930
f 5228 5257 5217
f 5230 4930 5229
f 5230 5228 4930
f 5272 5229 5231
f 5243 5272 5231
f 5261 5260 5232
f 5232 5260 5233
f 5232 5233 4922
f 4922 5233 5222
f 5234 5152 5208
f 5235 5208 5236
f 5237 5236 5238
f 5239 5237 5238
f 5239 5238 5240
f 5191 5239 5240
f 5202 5240 5245
f 5241 5205 5242
f 5276 5225 5278
f 5271 5217 5257
f 5258 5272 5243
f 5244 5243 5220
f 5220 5261 5244
f 5201 5245 5247
f 5246 5247 5204
f 5249 5246 5204
f 5250 5249 5204
f 5248 5249 5250
f 5250 5223 5248
f 5184 5262 5273
f 5205 5251 5242
f 5211 5283 5251
f 5211 5224 5283
f 5214 5252 5264
f 5276 5253 5225
f 5279 5254 5280
f 5255 5257 5228
f 5256 5257 5255
f 5259 5228 5230
f 5255 5228 5259
f 5258 5259 5230
f 5244 5258 5243
f 5260 5261 5220
f 5273 5223 5184
f 5273 5262 5205
f 5263 5264 5252
f 5265 5266 5253
f 5267 5253 4924
f 5278 5280 5254
f 5282 5280 4929
f 5269 4929 5216
f 5282 4929 5269
f 5268 5216 5271
f 5216 5268 5269
f 5270 5268 5271
f 5272 5258 5230
f 5273 5205 5241
f 5274 5242 5251
f 5275 5283 5285
f 5285 5224 4952
f 4952 5263 5292
f 5267 4924 4928
f 5265 5253 5276
f 5277 5276 5278
f 5276 5277 5265
f 5277 5278 5254
f 5279 5280 5282
f 5281 5282 5269
f 5256 5270 5271
f 5251 5283 5274
f 5274 5283 5284
f 5285 5283 5224
f 5290 5285 4952
f 5290 5295 5288
f 5292 5290 4952
f 5214 5286 5252
f 5284 5283 5275
f 5285 5291 5275
f 5289 5287 5290
f 5288 5289 5290
f 5285 5287 5291
f 5290 5287 5285
f 5295 5290 5292
f 5292 5296 5295
f 5293 4950 4951
f 5295 5296 5294
f 5295 5298 4951
f 5295 5294 5298
f 4949 5294 5296
f 4951 5297 5293
f 5298 5299 4951
f 5300 5322 5301
f 5301 5304 5300
f 5302 5304 5301
f 5302 5303 5304
f 5302 5305 5303
f 5307 5306 5305
f 5305 5302 5307
f 5307 5308 5306
f 5309 5313 5310
f 5313 5309 5307
f 5310 5313 5311
f 5307 5309 5308
f 5311 5313 5312
f 5315 5312 5313
f 5315 5313 5314
f 5314 5316 5315
f 5321 5314 5319
f 5314 5321 5316
f 5317 5319 5318
f 5317 5320 5319
f 5319 5320 5321
f 5322 5323 5301
f 5325 5301 5323
f 5323 5324 5325
f 5326 5325 5324
f 5326 5324 5327
f 5339 5331 5328
f 5353 5329 5330
f 5358 5356 5331
f 5355 5358 5331
f 5358 5335 5359
f 5358 5357 5332
f 5334 5362 5333
f 5335 5358 5332
f 5332 5334 5336
f 5335 5332 5336
f 5337 5332 5361
f 5337 5362 5332
f 5331 5338 5341
f 5338 5339 5340
f 5341 5338 5342
f 5338 5353 5343
f 5351 5338 5354
f 5344 5353 5351
f 5343 5342 5338
f 5344 5329 5353
f 5353 5330 5343
f 5352 5346 5344
f 5344 5346 5345
f 5346 5347 5345
f 5348 5329 5344
f 5350 5344 5345
f 5350 5348 5344
f 5349 5350 5345
f 5344 5351 5352
f 5353 5338 5351
f 5340 5354 5338
f 5355 5331 5341
f 5357 5358 5355
f 5338 5331 5339
f 5356 5328 5331
f 5360 5332 5357
f 5356 5358 5359
f 5332 5360 5361
f 5334 5332 5362
f 5412 5390 5363
f 5364 5416 5365
f 5414 5364 5365
f 5412 5411 5390
f 5408 5366 5367
f 5366 5368 5391
f 5367 5409 5408
f 5410 5409 5369
f 5370 5369 5387
f 5389 5422 5420
f 5388 5371 5423
f 5372 5407 5406
f 5407 5373 5406
f 5374 5375 5376
f 5374 5376 5392
f 5402 5403 5383
f 5377 5400 5379
f 5382 5378 5393
f 5395 5394 5381
f 5402 5377 5379
f 5380 5396 5399
f 5399 5398 5380
f 5381 5397 5396
f 5397 5381 5394
f 5382 5394 5378
f 5403 5404 5383
f 5404 5384 5383
f 5385 5405 5372
f 5371 5375 5374
f 5373 5386 5387
f 5388 5375 5371
f 5423 5422 5389
f 5363 5390 5391
f 5392 5376 5393
f 5393 5376 5382
f 5378 5394 5395
f 5396 5397 5399
f 5398 5399 5401
f 5398 5401 5400
f 5400 5401 5379
f 5402 5379 5403
f 5384 5404 5405
f 5384 5405 5385
f 5385 5372 5406
f 5386 5373 5407
f 5370 5387 5386
f 5410 5369 5370
f 5408 5409 5410
f 5368 5366 5408
f 5363 5391 5368
f 5413 5411 5412
f 5413 5414 5411
f 5413 5364 5414
f 5416 5364 5417
f 5415 5416 5417
f 5418 5415 5417
f 5418 5421 5419
f 5418 5419 5415
f 5418 5420 5421
f 5421 5420 5422
f 5423 5389 5388
f 5424 5432 5425
f 5425 5432 5427
f 5426 5425 5427
f 5427 5428 5426
f 5428 5429 5426
f 5431 5429 5428
f 5430 5429 5431
f 5432 5424 5433
f 5424 5434 5433
f 5436 5433 5434
f 5436 5434 5438
f 5435 5436 5438
f 5437 5435 5438
f 5513 5509 5439
f 5451 5499 5452
f 5445 5442 5512
f 5512 5442 5440
f 5444 5441 5442
f 5442 5443 5444
f 5503 5445 5512
f 5445 5503 5446
f 5507 5511 5508
f 5447 5516 5448
f 5515 5516 5447
f 5508 5511 5515
f 5446 5503 5449
f 5502 5449 5503
f 5452 5499 5450
f 5451 5453 5489
f 5452 5453 5451
f 5489 5453 5490
f 5464 5489 5454
f 5482 5480 5464
f 5479 5463 5477
f 5455 5478 5471
f 5461 5456 5458
f 5457 5458 5456
f 5461 5458 5459
f 5460 5456 5461
f 5462 5463 5480
f 5464 5454 5482
f 5487 5489 5464
f 5489 5487 5494
f 5468 5461 5465
f 5461 5468 5460
f 5466 5465 5461
f 5466 5461 5467
f 5468 5465 5473
f 5469 5470 5465
f 5470 5455 5471
f 5471 5465 5470
f 5471 5473 5465
f 5472 5473 5471
f 5478 5455 5474
f 5478 5474 5475
f 5479 5475 5476
f 5471 5478 5477
f 5479 5478 5475
f 5479 5477 5478
f 5485 5479 5476
f 5463 5479 5480
f 5476 5481 5485
f 5480 5479 5485
f 5480 5482 5462
f 5481 5483 5484
f 5484 5485 5481
f 5485 5464 5480
f 5483 5486 5487
f 5487 5484 5483
f 5464 5485 5484
f 5482 5454 5488
f 5484 5487 5464
f 5489 5490 5454
f 5486 5494 5487
f 5451 5489 5494
f 5486 5495 5494
f 5496 5491 5492
f 5493 5491 5495
f 5494 5495 5496
f 5496 5451 5494
f 5495 5491 5496
f 5451 5496 5499
f 5501 5496 5497
f 5498 5499 5501
f 5500 5504 5498
f 5499 5498 5504
f 5492 5497 5496
f 5499 5496 5501
f 5450 5499 5504
f 5504 5500 5502
f 5504 5502 5503
f 5506 5504 5503
f 5441 5505 5442
f 5512 5507 5503
f 5503 5507 5506
f 5505 5440 5442
f 5507 5512 5511
f 5506 5507 5508
f 5509 5513 5510
f 5511 5512 5440
f 5511 5440 5514
f 5505 5513 5440
f 5440 5439 5514
f 5439 5440 5513
f 5511 5514 5516
f 5439 5516 5514
f 5515 5511 5516
f 5517 5519 5525
f 5518 5519 5517
f 5519 5520 5521
f 5540 5532 5522
f 5550 5553 5523
f 5539 5524 5533
f 5531 5529 5528
f 5546 5545 5544
f 5534 5536 5535
f 5525 5519 5521
f 5530 5521 5520
f 5530 5527 5521
f 5528 5530 5526
f 5535 5527 5528
f 5532 5529 5531
f 5528 5529 5535
f 5530 5528 5527
f 5531 5528 5526
f 5537 5540 5541
f 5532 5534 5529
f 5532 5533 5534
f 5529 5534 5535
f 5532 5540 5533
f 5534 5533 5536
f 5536 5533 5524
f 5537 5539 5533
f 5538 5546 5544
f 5537 5541 5539
f 5540 5537 5533
f 5541 5545 5539
f 5539 5545 5542
f 5543 5542 5546
f 5524 5539 5542
f 5541 5547 5545
f 5548 5547 5541
f 5547 5544 5545
f 5542 5545 5546
f 5552 5544 5547
f 5548 5552 5547
f 5549 5538 5544
f 5549 5544 5552
f 5554 5553 5550
f 5554 5552 5553
f 5551 5554 5550
f 5554 5551 5549
f 5552 5548 5553
f 5551 5550 5556
f 5549 5552 5554
f 5555 5551 5556
f 5562 5557 5560
f 5563 5558 5559
f 5560 5561 5562
f 5562 5561 5559
f 5563 5559 5561
f 5565 5564 5568
f 5565 5566 5564
f 5567 5565 5568
f 5567 5568 5569
f 5570 5571 5575
f 5572 5577 5576
f 5572 5576 5573
f 5571 5574 5577
f 5575 5571 5577
f 5574 5576 5577
f 5580 5578 5579
f 5580 5581 5578
f 5580 5582 5583
f 5579 5582 5580
f 5801 5830 5809
f 5801 5811 5768
f 5584 5714 5737
f 5737 5586 5584
f 5737 5585 5586
f 5767 5749 5754
f 5818 5750 5806
f 5836 5823 5587
f 5824 5836 5587
f 5874 5850 5845
f 5874 5588 5873
f 5589 5947 5906
f 5972 5954 5983
f 5993 5972 5982
f 6005 5993 6004
f 6045 6043 6038
f 6045 6039 6053
f 6091 5590 5591
f 6091 6090 6096
f 5592 5593 6090
f 6081 6082 5594
f 5731 5595 5726
f 5714 5596 5715
f 5923 5597 5935
f 5951 6003 5995
f 5995 6028 5970
f 5601 5599 5598
f 5602 5599 5601
f 6058 5603 5600
f 5601 5600 5602
f 5603 6058 5604
f 6057 5604 6058
f 5605 6047 6008
f 5606 5847 5860
f 5596 5684 5675
f 5662 5675 5684
f 5646 5664 5607
f 5646 5608 5629
f 5646 5609 5608
f 5615 5624 5623
f 5610 5615 5620
f 5617 5611 5619
f 5612 5617 5610
f 5620 5613 5610
f 5613 5620 5614
f 5618 5614 5620
f 5615 5610 5617
f 5625 5628 5624
f 5625 5622 5616
f 5617 5619 5615
f 5620 5608 5618
f 5619 5624 5615
f 5620 5615 5623
f 5619 5622 5625
f 5619 5621 5622
f 5618 5608 5609
f 5623 5608 5620
f 5635 5623 5636
f 5624 5619 5625
f 5649 5626 5627
f 5636 5623 5624
f 5624 5628 5636
f 5642 5628 5625
f 5642 5616 5632
f 5608 5623 5629
f 5667 5627 5659
f 5643 5644 5630
f 5631 5644 5632
f 5625 5616 5642
f 5632 5644 5643
f 5607 5633 5609
f 5607 5609 5646
f 5654 5634 5635
f 5635 5636 5637
f 5628 5637 5636
f 5642 5641 5628
f 5641 5637 5628
f 5640 5630 5638
f 5642 5632 5643
f 5639 5646 5629
f 5635 5629 5623
f 5654 5637 5667
f 5686 5661 5671
f 5649 5640 5650
f 5641 5642 5643
f 5630 5649 5643
f 5630 5640 5649
f 5638 5630 5644
f 5645 5633 5607
f 5634 5647 5639
f 5634 5629 5635
f 5637 5641 5627
f 5635 5637 5654
f 5643 5627 5641
f 5649 5651 5626
f 5667 5637 5627
f 5627 5643 5649
f 5662 5645 5607
f 5646 5657 5664
f 5646 5639 5657
f 5647 5634 5654
f 5634 5639 5629
f 5648 5666 5665
f 5652 5661 5651
f 5649 5650 5652
f 5651 5649 5652
f 5664 5662 5607
f 5658 5680 5653
f 5647 5657 5639
f 5665 5666 5660
f 5667 5658 5654
f 5659 5627 5626
f 5655 5661 5652
f 5647 5656 5657
f 5668 5663 5657
f 5653 5656 5647
f 5656 5668 5657
f 5658 5653 5654
f 5647 5654 5653
f 5667 5659 5666
f 5626 5660 5659
f 5660 5666 5659
f 5660 5651 5661
f 5660 5626 5651
f 5661 5655 5671
f 5688 5645 5662
f 5663 5669 5664
f 5662 5664 5669
f 5657 5663 5664
f 5681 5648 5665
f 5666 5658 5667
f 5680 5666 5648
f 5670 5683 5660
f 5686 5670 5661
f 5688 5662 5684
f 5668 5676 5663
f 5669 5663 5676
f 5656 5677 5668
f 5677 5676 5668
f 5677 5656 5678
f 5656 5653 5678
f 5680 5658 5666
f 5665 5660 5683
f 5660 5661 5670
f 5671 5687 5686
f 5674 5675 5669
f 5672 5673 5705
f 5676 5674 5669
f 5672 5679 5673
f 5669 5675 5662
f 5676 5677 5679
f 5678 5694 5677
f 5679 5672 5676
f 5691 5694 5678
f 5679 5677 5694
f 5693 5691 5710
f 5691 5680 5681
f 5678 5653 5691
f 5680 5691 5653
f 5683 5682 5665
f 5697 5696 5681
f 5665 5682 5681
f 5682 5670 5686
f 5682 5683 5670
f 5714 5688 5684
f 5672 5674 5676
f 5679 5694 5689
f 5691 5693 5694
f 5681 5680 5648
f 5682 5697 5681
f 5696 5710 5681
f 5685 5698 5682
f 5701 5685 5682
f 5700 5701 5686
f 5687 5700 5686
f 5718 5688 5714
f 5714 5684 5596
f 5674 5596 5675
f 5673 5689 5706
f 5672 5705 5674
f 5689 5673 5679
f 5695 5693 5709
f 5689 5694 5690
f 5710 5691 5681
f 5692 5713 5702
f 5697 5682 5698
f 5682 5686 5701
f 5693 5690 5694
f 5690 5693 5695
f 5696 5697 5699
f 5710 5709 5693
f 5698 5699 5697
f 5709 5696 5699
f 5699 5698 5685
f 5702 5701 5700
f 5713 5701 5702
f 5674 5703 5596
f 5703 5674 5704
f 5703 5715 5596
f 5704 5705 5720
f 5720 5706 5727
f 5705 5704 5674
f 5706 5708 5734
f 5673 5720 5705
f 5744 5727 5743
f 5690 5708 5689
f 5706 5720 5673
f 5707 5708 5695
f 5706 5689 5708
f 5690 5695 5708
f 5707 5709 5724
f 5709 5699 5712
f 5709 5710 5696
f 5709 5707 5695
f 5753 5717 5711
f 5724 5709 5712
f 5728 5699 5685
f 5728 5712 5699
f 5685 5701 5713
f 5718 5714 5584
f 5739 5595 5731
f 5737 5714 5715
f 5734 5708 5721
f 5748 5742 5721
f 5716 5724 5712
f 5723 5716 5712
f 5729 5685 5717
f 5728 5685 5729
f 5717 5713 5692
f 5585 5749 5718
f 5585 5718 5586
f 5586 5718 5584
f 5595 5737 5715
f 5726 5715 5703
f 5726 5595 5715
f 5719 5733 5704
f 5733 5703 5704
f 5720 5719 5704
f 5727 5719 5720
f 5734 5727 5706
f 5748 5745 5742
f 5721 5707 5716
f 5707 5721 5708
f 5722 5723 5729
f 5712 5728 5723
f 5716 5707 5724
f 5685 5713 5717
f 5730 5725 5757
f 5703 5733 5726
f 5727 5744 5719
f 5727 5734 5743
f 5721 5742 5734
f 5748 5721 5716
f 5748 5716 5723
f 5723 5728 5729
f 5736 5729 5753
f 5692 5711 5717
f 5740 5731 5730
f 5737 5595 5739
f 5725 5726 5733
f 5732 5725 5733
f 5731 5726 5725
f 5732 5719 5744
f 5725 5732 5757
f 5732 5733 5719
f 5742 5743 5734
f 5735 5748 5723
f 5722 5735 5723
f 5722 5729 5736
f 5729 5717 5753
f 5737 5738 5756
f 5739 5740 5738
f 5756 5585 5737
f 5739 5738 5737
f 5739 5731 5740
f 5730 5731 5725
f 5758 5757 5732
f 5744 5743 5741
f 5758 5732 5744
f 5742 5746 5743
f 5758 5744 5741
f 5747 5765 5745
f 5745 5746 5742
f 5735 5777 5747
f 5741 5743 5746
f 5745 5748 5747
f 5747 5748 5735
f 5760 5736 5753
f 5722 5736 5760
f 5749 5585 5754
f 5749 5767 5750
f 5585 5751 5754
f 5756 5752 5751
f 5751 5585 5756
f 5738 5771 5763
f 5776 5775 5741
f 5735 5722 5759
f 5788 5779 5761
f 5722 5760 5759
f 5760 5753 5786
f 5711 5761 5753
f 5788 5761 5711
f 5754 5762 5767
f 5756 5755 5752
f 5754 5751 5762
f 5738 5763 5755
f 5738 5755 5756
f 5771 5740 5770
f 5771 5738 5740
f 5770 5730 5764
f 5740 5730 5770
f 5773 5758 5775
f 5730 5757 5764
f 5741 5775 5758
f 5757 5758 5773
f 5746 5776 5741
f 5780 5759 5760
f 5745 5765 5746
f 5777 5735 5759
f 5786 5753 5761
f 5767 5800 5750
f 5762 5751 5752
f 5768 5763 5771
f 5757 5773 5764
f 5775 5776 5796
f 5796 5776 5783
f 5765 5776 5746
f 5752 5790 5762
f 5762 5766 5767
f 5762 5790 5766
f 5763 5768 5791
f 5790 5752 5791
f 5755 5791 5752
f 5768 5771 5769
f 5763 5791 5755
f 5770 5772 5769
f 5770 5769 5771
f 5772 5773 5774
f 5774 5775 5796
f 5764 5772 5770
f 5773 5772 5764
f 5853 5814 5865
f 5775 5774 5773
f 5765 5783 5776
f 5777 5784 5747
f 5777 5759 5778
f 5747 5784 5765
f 5778 5759 5780
f 5781 5786 5779
f 5780 5760 5786
f 5781 5780 5786
f 5800 5799 5750
f 5782 5767 5766
f 5782 5800 5767
f 5791 5808 5790
f 5778 5785 5853
f 5784 5783 5765
f 5797 5777 5778
f 5797 5784 5777
f 5781 5785 5780
f 5786 5761 5779
f 5787 5779 5788
f 5789 5782 5766
f 5766 5790 5807
f 5766 5807 5789
f 5790 5808 5807
f 5811 5808 5791
f 5793 5801 5769
f 5791 5768 5811
f 5793 5772 5805
f 5801 5768 5769
f 5772 5795 5805
f 5774 5792 5795
f 5793 5769 5772
f 5792 5796 5794
f 5774 5795 5772
f 5783 5794 5796
f 5796 5792 5774
f 5784 5798 5783
f 5798 5784 5797
f 5783 5798 5794
f 5815 5785 5781
f 5778 5780 5785
f 5815 5781 5779
f 5800 5839 5799
f 5750 5799 5806
f 5789 5843 5840
f 5839 5800 5782
f 5809 5811 5801
f 5801 5802 5803
f 5793 5805 5802
f 5804 5805 5831
f 5802 5801 5793
f 5792 5831 5795
f 5848 5798 5797
f 5779 5787 5835
f 5818 5828 5825
f 5806 5799 5819
f 5840 5782 5789
f 5807 5843 5789
f 5844 5807 5808
f 5809 5812 5811
f 5808 5812 5810
f 5811 5812 5808
f 5831 5792 5813
f 5795 5831 5805
f 5794 5813 5792
f 5794 5852 5813
f 5798 5852 5794
f 5797 5853 5848
f 5778 5853 5797
f 5814 5785 5815
f 5834 5815 5835
f 5835 5815 5779
f 5836 5825 5828
f 5816 5838 5817
f 5828 5818 5806
f 5806 5819 5828
f 5782 5840 5820
f 5820 5839 5782
f 5841 5843 5807
f 5844 5841 5807
f 5844 5808 5810
f 5802 5830 5803
f 5805 5804 5851
f 5830 5801 5803
f 5851 5802 5805
f 5862 5864 5877
f 5848 5852 5798
f 5814 5853 5785
f 5834 5833 5815
f 5821 5835 5867
f 5822 5867 5835
f 5822 5835 5787
f 5837 5826 5823
f 5836 5824 5825
f 5826 5837 5827
f 5827 5837 5838
f 5828 5819 5837
f 5836 5828 5837
f 5829 5838 5819
f 5839 5819 5799
f 5812 5850 5810
f 5809 5830 5850
f 5802 5851 5830
f 5850 5812 5809
f 5804 5861 5851
f 5831 5832 5861
f 5813 5846 5832
f 5861 5804 5831
f 5831 5813 5832
f 5853 5864 5848
f 5852 5846 5813
f 5852 5864 5862
f 5815 5833 5814
f 5834 5835 5821
f 5823 5836 5837
f 5827 5838 5816
f 5829 5856 5817
f 5838 5837 5819
f 5819 5839 5829
f 5839 5820 5829
f 5843 5820 5840
f 5841 5844 5842
f 5842 5843 5841
f 5857 5844 5810
f 5850 5830 5845
f 5851 5861 5859
f 5832 5846 5847
f 5848 5864 5852
f 5816 5817 5849
f 5817 5838 5829
f 5856 5829 5820
f 5842 5870 5843
f 5870 5820 5843
f 5857 5842 5844
f 5810 5873 5857
f 5873 5810 5850
f 5830 5875 5845
f 5851 5859 5875
f 5830 5851 5875
f 5852 5862 5846
f 5865 5863 5853
f 5863 5864 5853
f 5834 5854 5833
f 5814 5833 5866
f 5854 5834 5821
f 5856 5869 5855
f 5870 5869 5856
f 5856 5820 5870
f 5871 5857 5873
f 5873 5850 5874
f 5858 5875 5859
f 5876 5859 5861
f 5832 5847 5876
f 5859 5876 5858
f 5846 5860 5847
f 5876 5861 5832
f 5860 5862 5877
f 5862 5860 5846
f 5863 5878 5864
f 5878 5877 5864
f 5902 5865 5866
f 5902 5863 5865
f 5866 5865 5814
f 5915 5854 5821
f 5931 5867 5880
f 5822 5880 5867
f 5849 5817 5868
f 5868 5817 5855
f 5855 5869 5887
f 5856 5855 5817
f 5869 5870 5887
f 5871 5872 5857
f 5872 5870 5842
f 5872 5842 5857
f 5871 5873 5588
f 5845 5889 5874
f 5875 5890 5845
f 5858 5876 5891
f 5889 5845 5890
f 5890 5875 5858
f 5606 5876 5847
f 5876 5606 5891
f 5883 5877 5878
f 5877 5879 5860
f 5863 5883 5878
f 5833 5912 5866
f 5854 5912 5833
f 5915 5821 5931
f 5931 5880 5881
f 5868 5855 5882
f 5855 5887 5899
f 5887 5905 5917
f 5887 5870 5872
f 5588 5874 5889
f 5910 5877 5883
f 5854 5915 5912
f 5821 5867 5931
f 5882 5855 5884
f 5855 5899 5884
f 5924 5885 5886
f 5887 5900 5899
f 5887 5872 5905
f 5888 5905 5872
f 5888 5906 5904
f 5888 5872 5871
f 5871 5588 5901
f 5871 5901 5888
f 5889 5890 5892
f 5901 5588 5889
f 5858 5893 5890
f 5891 5921 5858
f 5890 5893 5892
f 5858 5921 5893
f 5606 5894 5891
f 5891 5894 5921
f 5606 5860 5895
f 5894 5606 5895
f 5877 5910 5879
f 5860 5879 5895
f 5908 5883 5863
f 5896 5910 5883
f 5897 5898 5931
f 5931 5881 5897
f 5899 5886 5884
f 5932 5900 5918
f 5900 5887 5917
f 5889 5589 5901
f 5589 5889 5892
f 5902 5908 5863
f 5911 5866 5912
f 5911 5902 5866
f 5924 5903 5885
f 5886 5899 5924
f 5919 5917 5905
f 5919 5905 5904
f 5904 5905 5888
f 5888 5901 5906
f 5892 5927 5589
f 5589 5906 5901
f 5895 5907 5894
f 5894 5907 5921
f 5879 5928 5895
f 5895 5928 5907
f 5909 5879 5910
f 5928 5879 5909
f 5908 5911 5923
f 5911 5908 5902
f 5909 5910 5896
f 5883 5908 5896
f 5911 5912 5597
f 5912 5913 5597
f 5914 5915 5931
f 5915 5913 5912
f 5916 5898 5897
f 5899 5900 5924
f 5900 5932 5924
f 5917 5918 5900
f 5917 5919 5918
f 5927 5892 5920
f 5893 5920 5892
f 5921 5920 5893
f 5921 5922 5920
f 5922 5921 5907
f 5597 5923 5911
f 5915 5914 5913
f 5924 5925 5903
f 5918 5933 5932
f 5918 5919 5942
f 5919 5904 5942
f 5926 5906 5947
f 5927 5947 5589
f 5927 5920 5945
f 5929 5907 5928
f 5907 5929 5922
f 5937 5928 5909
f 5928 5937 5929
f 5896 5938 5909
f 5909 5938 5937
f 5930 5896 5908
f 5930 5938 5896
f 5930 5908 5923
f 5898 5914 5931
f 5940 5961 5916
f 5961 5898 5916
f 5925 5932 5941
f 5924 5932 5925
f 5953 5933 5943
f 5936 5954 5973
f 5926 5934 5906
f 5942 5904 5934
f 5904 5906 5934
f 5946 5945 5920
f 5927 5945 5947
f 5949 5920 5922
f 5920 5949 5946
f 5913 5935 5597
f 5913 5914 5970
f 5932 5933 5953
f 5942 5943 5918
f 5943 5933 5918
f 5965 5973 5992
f 5926 5936 5934
f 5926 5947 5936
f 5950 5922 5929
f 5929 5937 5956
f 5922 5950 5949
f 5929 5956 5950
f 5939 5937 5938
f 5937 5939 5956
f 5958 5938 5930
f 5938 5958 5939
f 5930 5960 5958
f 5923 5960 5930
f 5962 5961 5940
f 5953 5964 5941
f 5932 5953 5941
f 6014 5980 5981
f 5942 5934 5973
f 5936 5973 5934
f 5943 5942 5973
f 5944 5947 5945
f 5944 5945 5946
f 5948 5936 5947
f 5947 5944 5948
f 5946 5949 5966
f 5946 5966 5944
f 5968 5949 5950
f 5949 5968 5966
f 5955 5968 5950
f 5950 5956 5955
f 5970 5914 5951
f 5951 5914 5898
f 5980 5952 5964
f 5980 5953 5943
f 6038 6021 6005
f 5954 5936 5948
f 5986 5955 5957
f 5959 5956 5939
f 5957 5955 5956
f 5956 5959 5957
f 5969 5990 5958
f 5939 5958 5959
f 5969 5960 5923
f 6001 5935 5913
f 5969 5923 5935
f 5961 5951 5898
f 5961 5978 6002
f 5961 5962 5971
f 5952 5980 5963
f 5964 5953 5980
f 5965 5980 5943
f 5943 5973 5965
f 5967 5983 5944
f 5948 5983 5954
f 5983 5948 5944
f 5967 5966 5988
f 5967 5944 5966
f 5988 5968 5986
f 5988 5966 5968
f 5955 5986 5968
f 5958 5990 5959
f 5960 5969 5958
f 5970 6001 5913
f 5935 6001 5969
f 5961 5971 5978
f 5972 5992 5973
f 5954 5972 5973
f 6018 5974 5959
f 5959 5975 5957
f 6003 5951 5961
f 5976 6002 5977
f 5977 6002 5978
f 5963 5980 5991
f 5991 6014 5979
f 5981 5980 5965
f 5981 5965 5992
f 5982 5983 5984
f 5982 5972 5983
f 5984 5967 5985
f 5984 5983 5967
f 5988 5987 5985
f 5988 5985 5967
f 5989 5987 5986
f 5987 5988 5986
f 5989 5957 5975
f 5989 5986 5957
f 5959 5974 5975
f 6018 5990 5969
f 6018 5959 5990
f 6002 6003 5961
f 5996 6002 5976
f 5980 6014 5991
f 5981 5992 6021
f 5993 6021 5992
f 5992 5972 5993
f 6007 5975 5974
f 6007 5989 5975
f 5994 5969 6001
f 6001 5970 6028
f 5970 5951 5995
f 5996 5997 6002
f 6014 5998 5979
f 6015 6014 5981
f 6015 5981 6021
f 5984 5999 6023
f 6023 5982 5984
f 6016 5999 5985
f 5999 5984 5985
f 6016 5987 6000
f 6016 5985 5987
f 5989 6007 6000
f 6000 5987 5989
f 5969 5994 6018
f 6027 6001 6028
f 6027 5994 6001
f 6002 6008 6003
f 6002 5997 6010
f 5982 6023 6004
f 6005 6021 5993
f 6004 5993 5982
f 6007 5974 6006
f 6006 6000 6007
f 6003 6008 5995
f 5605 6008 6002
f 6002 6009 5605
f 6010 6009 6002
f 6011 5998 6013
f 6011 6013 6012
f 5998 6014 6013
f 6020 6014 6015
f 6015 6021 6020
f 5999 6031 6032
f 6032 6023 5999
f 6016 6040 6031
f 5999 6016 6031
f 6000 6006 6040
f 6040 6016 6000
f 6017 6006 5974
f 6018 6042 6017
f 6017 5974 6018
f 6042 6018 5994
f 6025 6028 5995
f 6019 6047 5605
f 6014 6020 6013
f 6020 6021 6043
f 6022 6044 6045
f 6024 6005 6004
f 6043 6021 6038
f 6032 6004 6023
f 6005 6024 6038
f 6004 6032 6024
f 6006 6017 6040
f 5994 6027 6042
f 6028 6025 6026
f 6026 6027 6028
f 6029 6035 6057
f 6047 6019 6029
f 6030 6012 6013
f 6043 6013 6020
f 6032 6051 6024
f 6031 6033 6032
f 6032 6033 6051
f 6046 6031 6040
f 6033 6031 6046
f 6054 6040 6034
f 6034 6040 6017
f 6017 6042 6034
f 6027 6026 6064
f 5995 6056 6025
f 6008 6047 6056
f 6008 6056 5995
f 6047 6029 6057
f 6036 5604 6057
f 6057 6035 6036
f 6030 6013 6037
f 6013 6050 6037
f 6039 6038 6024
f 6045 6038 6039
f 6024 6051 6039
f 6040 6054 6046
f 6027 6041 6042
f 6027 6064 6041
f 5600 5601 6058
f 6013 6044 6050
f 6013 6043 6044
f 6044 6043 6045
f 6052 6051 6033
f 6033 6059 6052
f 6033 6046 6059
f 6034 6055 6054
f 6042 6041 6034
f 6034 6041 6055
f 6064 6026 6075
f 6056 6047 6057
f 5598 6048 5601
f 6049 6037 6050
f 6049 6050 6061
f 6039 6051 6052
f 6059 6069 6052
f 6045 6053 6022
f 6039 6052 6053
f 6063 6059 6046
f 6063 6046 6054
f 6054 6055 6063
f 6026 6025 6075
f 6056 6057 6058
f 6050 5592 6061
f 6050 6073 5592
f 6044 6073 6050
f 6022 6073 6044
f 6062 6053 6052
f 6059 6063 6070
f 6052 6069 6062
f 6059 6070 6069
f 6089 6075 6025
f 6056 6066 6025
f 6025 6066 6089
f 6060 6061 5591
f 6072 6073 6022
f 6072 6022 6053
f 6062 6072 6053
f 6063 6071 6070
f 6071 6063 6055
f 6055 6041 6074
f 6055 6074 6071
f 6041 6064 6074
f 6066 6056 6058
f 6058 5601 6065
f 6065 6066 6058
f 6065 5601 6048
f 6061 5592 5591
f 6067 6068 6062
f 6068 6072 6062
f 6069 6079 6067
f 6067 6062 6069
f 6070 6083 6079
f 6079 6069 6070
f 6070 6080 6083
f 6080 6070 6071
f 6071 6087 6080
f 6076 6060 5591
f 5593 6072 6068
f 5593 5592 6073
f 5593 6073 6072
f 6074 6087 6071
f 6087 6074 6064
f 6064 6075 6087
f 6075 6095 6087
f 6089 6095 6075
f 6076 5591 6077
f 5591 5592 6090
f 6078 6067 6079
f 6078 6079 6083
f 6084 6083 6080
f 5591 5590 6077
f 5593 6082 6081
f 6081 6090 5593
f 6068 6078 6082
f 5593 6068 6082
f 6078 6068 6067
f 6093 6078 6083
f 6093 6083 6102
f 6102 6083 6084
f 6085 6084 6080
f 6085 6080 6087
f 6087 6086 6085
f 6086 6087 6095
f 6088 6095 6089
f 6066 6108 6088
f 6088 6089 6066
f 6108 6066 6105
f 6066 6065 6105
f 5591 6090 6091
f 6092 6082 6078
f 6078 6093 6092
f 6084 6094 6102
f 6094 6084 6085
f 6097 6086 6095
f 6097 6095 6088
f 6098 5590 6091
f 6081 5594 6096
f 6096 6090 6081
f 6112 6085 6097
f 6086 6097 6085
f 6088 6107 6097
f 6107 6088 6108
f 6098 6091 6099
f 6100 6092 6093
f 6093 6101 6100
f 6093 6102 6101
f 6102 6110 6101
f 6094 6110 6102
f 6110 6094 6103
f 6103 6094 6085
f 6085 6112 6103
f 6112 6097 6104
f 6109 6104 6097
f 6109 6097 6107
f 6105 6106 6107
f 6108 6105 6107
f 6082 6092 5594
f 5594 6092 6100
f 6106 6115 6109
f 6107 6106 6109
f 6101 6110 6111
f 6103 6111 6110
f 6113 6103 6112
f 6103 6113 6111
f 6112 6104 6113
f 6104 6109 6115
f 6115 6106 6114
f 6116 6104 6115
f 6113 6104 6116
f 6116 6115 6117
f 6117 6115 6114
f 6136 6118 6138
f 6118 6122 6138
f 6118 6120 6122
f 6119 6122 6120
f 6121 6124 6119
f 6122 6119 6124
f 6121 6125 6124
f 6125 6123 6124
f 6125 6127 6123
f 6129 6127 6126
f 6127 6129 6123
f 6128 6129 6126
f 6130 6129 6128
f 6131 6129 6130
f 6131 6130 6132
f 6135 6131 6132
f 6133 6134 6135
f 6131 6135 6134
f 6136 6138 6137
f 6137 6138 6141
f 6139 6137 6141
f 6139 6141 6140
f 6142 6140 6141
f 6142 6144 6140
f 6142 6143 6144
f 6143 6146 6144
f 6143 6145 6146
f 6147 6145 6143
f 6148 6147 6149
f 6147 6148 6145
f 6148 6149 6152
f 6152 6149 6150
f 6151 6152 6150
f 6153 6154 6151
f 6151 6150 6153
f 6155 6154 6153
f 6189 6155 6153
f 6186 6189 6187
f 6156 6157 6183
f 6182 6180 6157
f 6158 6180 6181
f 6179 6158 6181
f 6177 6159 6160
f 6161 6162 6163
f 6163 6175 6161
f 6162 6164 6163
f 6163 6164 6165
f 6163 6165 6168
f 6165 6166 6168
f 6167 6171 6170
f 6170 6168 6166
f 6169 6168 6171
f 6168 6170 6171
f 6168 6169 6173
f 6172 6168 6173
f 6167 6170 6174
f 6175 6176 6160
f 6160 6161 6175
f 6176 6177 6160
f 6179 6159 6177
f 6178 6159 6179
f 6178 6179 6181
f 6180 6182 6181
f 6156 6182 6157
f 6183 6157 6184
f 6157 6185 6184
f 6184 6185 6187
f 6185 6186 6187
f 6188 6189 6186
f 6189 6188 6155
f 6256 6252 6190
f 6255 6191 6251
f 6192 6193 6191
f 6250 6192 6249
f 6195 6194 6248
f 6195 6248 6247
f 6243 6196 6238
f 6196 6197 6246
f 6198 6239 6199
f 6232 6233 6200
f 6232 6230 6201
f 6232 6201 6231
f 6202 6203 6229
f 6227 6204 6228
f 6228 6226 6205
f 6207 6206 6225
f 6206 6207 6208
f 6207 6209 6208
f 6208 6209 6210
f 6211 6213 6210
f 6210 6209 6211
f 6213 6211 6212
f 6216 6214 6212
f 6213 6212 6214
f 6216 6217 6215
f 6215 6214 6216
f 6221 6217 6218
f 6217 6221 6215
f 6219 6220 6218
f 6221 6218 6220
f 6219 6222 6223
f 6223 6220 6219
f 6224 6207 6225
f 6225 6226 6224
f 6225 6205 6226
f 6205 6227 6228
f 6227 6229 6204
f 6203 6204 6229
f 6202 6230 6203
f 6202 6201 6230
f 6231 6233 6232
f 6200 6233 6234
f 6237 6200 6234
f 6237 6234 6235
f 6235 6236 6237
f 6199 6237 6236
f 6244 6243 6238
f 6236 6198 6199
f 6239 6198 6240
f 6240 6241 6239
f 6240 6242 6241
f 6242 6244 6241
f 6242 6243 6244
f 6246 6197 6245
f 6196 6246 6238
f 6245 6197 6247
f 6245 6247 6248
f 6248 6194 6249
f 6194 6250 6249
f 6191 6193 6251
f 6250 6193 6192
f 6251 6252 6255
f 6253 6256 6254
f 6255 6252 6256
f 6256 6190 6254
f 6258 6253 6254
f 6253 6258 6257
f 6258 6259 6257
f 6260 6261 6262
f 6260 6262 6264
f 6263 6266 6260
f 6263 6260 6264
f 6266 6267 6265
f 6263 6267 6266
f 6265 6267 6268
f 6277 6269 6273
f 6270 6277 6276
f 6271 6277 6270
f 6269 6277 6272
f 6277 6273 6274
f 6277 6275 6278
f 6275 6277 6274
f 6276 6277 6278
f 6277 6271 6272
f 6279 6276 6278
f 6261 6276 6279
f 6261 6280 6281
f 6261 6281 6276
f 6261 6260 6280
f 6324 6325 6287
f 6311 6306 6286
f 6305 6309 6307
f 6308 6303 6302
f 6284 6282 6302
f 6285 6304 6283
f 6283 6284 6285
f 6305 6307 6310
f 6306 6311 6307
f 6286 6312 6311
f 6312 6316 6317
f 6314 6313 6318
f 6313 6312 6286
f 6319 6315 6314
f 6320 6324 6287
f 6288 6330 6289
f 6333 6335 6290
f 6343 6341 6340
f 6342 6291 6292
f 6293 6291 6342
f 6292 6343 6342
f 6340 6337 6294
f 6295 6293 6294
f 6294 6333 6295
f 6334 6333 6298
f 6296 6340 6297
f 6300 6338 6298
f 6300 6298 6296
f 6296 6298 6337
f 6297 6299 6300
f 6297 6300 6296
f 6335 6301 6290
f 6329 6332 6330
f 6325 6326 6288
f 6302 6285 6284
f 6285 6302 6303
f 6303 6304 6285
f 6305 6303 6309
f 6305 6304 6303
f 6309 6303 6308
f 6306 6307 6308
f 6307 6309 6308
f 6310 6307 6311
f 6317 6310 6311
f 6317 6311 6312
f 6316 6313 6314
f 6313 6316 6312
f 6315 6316 6314
f 6317 6316 6315
f 6320 6319 6318
f 6323 6315 6319
f 6320 6322 6324
f 6318 6319 6314
f 6323 6319 6320
f 6324 6321 6326
f 6322 6320 6318
f 6323 6320 6287
f 6288 6326 6328
f 6321 6324 6322
f 6326 6325 6324
f 6288 6331 6330
f 6328 6326 6321
f 6289 6325 6288
f 6327 6289 6330
f 6331 6288 6328
f 6335 6332 6301
f 6329 6330 6331
f 6336 6327 6330
f 6336 6330 6332
f 6301 6332 6329
f 6336 6332 6335
f 6295 6333 6290
f 6335 6334 6336
f 6334 6335 6333
f 6327 6336 6334
f 6294 6337 6339
f 6338 6334 6298
f 6339 6298 6333
f 6294 6339 6333
f 6340 6341 6297
f 6298 6339 6337
f 6340 6294 6342
f 6340 6296 6337
f 6293 6342 6294
f 6342 6343 6340
f 6344 6345 6346
f 6347 6348 6349
f 6350 6351 6352
f 6354 6350 6352
f 6355 6353 6354
f 6354 6352 6355
f 6366 6356 6367
f 6357 6363 6359
f 6364 6358 6359
f 6362 6364 6360
f 6361 6362 6360
f 6358 6364 6362
f 6363 6364 6359
f 6368 6363 6357
f 6368 6357 6365
f 6368 6365 6366
f 6367 6368 6366
f 6378 6377 6369
f 6375 6374 6370
f 6371 6374 6372
f 6373 6372 6374
f 6374 6371 6370
f 6375 6370 6376
f 6375 6376 6377
f 6377 6376 6369
f 6381 6380 6378
f 6378 6369 6381
f 6379 6382 6380
f 6380 6381 6379
f 6384 6382 6383
f 6379 6383 6382
f 6384 6383 6385
f 6385 6383 6386
f 6387 6390 6388
f 6387 6389 6390
f 6391 6437 6433
f 6401 6426 6392
f 6392 6427 6393
f 6406 6429 6394
f 6391 6433 6395
f 6436 6392 6399
f 6433 6392 6414
f 6396 6397 6436
f 6401 6398 6425
f 6399 6396 6436
f 6392 6400 6404
f 6401 6402 6398
f 6401 6403 6402
f 6404 6405 6392
f 6394 6419 6406
f 6394 6410 6419
f 6436 6406 6419
f 6407 6409 6415
f 6408 6418 6413
f 6409 6417 6415
f 6410 6411 6419
f 6412 6413 6418
f 6419 6418 6414
f 6433 6415 6417
f 6416 6418 6420
f 6417 6434 6433
f 6418 6416 6412
f 6411 6421 6419
f 6420 6418 6419
f 6419 6421 6420
f 6421 6422 6420
f 6423 6420 6422
f 6423 6424 6420
f 6425 6426 6401
f 6427 6392 6428
f 6394 6429 6430
f 6432 6392 6426
f 6430 6429 6431
f 6428 6392 6432
f 6408 6433 6414
f 6433 6408 6415
f 6408 6414 6418
f 6395 6433 6434
f 6419 6414 6436
f 6414 6392 6436
f 6435 6436 6397
f 6392 6433 6401
f 6433 6437 6401
f 6400 6392 6393
f 6399 6392 6405
f 6510 6519 6521
f 6522 6524 6519
f 6528 6524 6522
f 6532 6438 6439
f 6439 6440 6531
f 6531 6440 6534
f 6568 6446 6445
f 6599 6623 6591
f 6603 6600 6596
f 6444 6443 6441
f 6604 6442 6441
f 6575 6443 6444
f 6445 6446 6550
f 6573 6580 6588
f 6597 6447 6584
f 6584 6447 6448
f 6507 6510 6449
f 6507 6504 6506
f 6504 6503 6497
f 6497 6501 6494
f 6489 6494 6491
f 6487 6450 6489
f 6483 6450 6492
f 6473 6451 6480
f 6480 6452 6473
f 6470 6453 6467
f 6457 6461 6458
f 6462 6454 6458
f 6465 6455 6460
f 6462 6461 6456
f 6457 6458 6459
f 6465 6460 6463
f 6461 6462 6458
f 6463 6461 6457
f 6460 6461 6463
f 6464 6463 6457
f 6464 6465 6463
f 6467 6453 6468
f 6466 6465 6464
f 6467 6465 6469
f 6469 6465 6466
f 6455 6465 6467
f 6468 6455 6467
f 6470 6467 6469
f 6477 6453 6470
f 6452 6477 6471
f 6470 6471 6477
f 6477 6472 6453
f 6473 6452 6474
f 6475 6472 6477
f 6475 6476 6472
f 6452 6471 6474
f 6478 6451 6473
f 6475 6477 6452
f 6479 6475 6452
f 6484 6451 6478
f 6473 6474 6478
f 6479 6452 6480
f 6480 6482 6479
f 6480 6451 6483
f 6480 6486 6481
f 6480 6481 6482
f 6483 6451 6484
f 6490 6485 6491
f 6483 6486 6480
f 6492 6486 6483
f 6450 6483 6484
f 6493 6492 6487
f 6450 6484 6488
f 6450 6488 6489
f 6499 6490 6491
f 6487 6492 6450
f 6492 6493 6486
f 6489 6488 6495
f 6495 6494 6489
f 6489 6491 6487
f 6485 6493 6491
f 6487 6491 6493
f 6494 6495 6496
f 6496 6497 6494
f 6491 6494 6501
f 6499 6491 6501
f 6497 6496 6498
f 6497 6498 6504
f 6501 6500 6499
f 6503 6501 6497
f 6503 6505 6501
f 6505 6500 6501
f 6504 6498 6502
f 6502 6506 6504
f 6507 6503 6504
f 6503 6507 6505
f 6506 6502 6509
f 6505 6507 6514
f 6508 6505 6514
f 6506 6509 6513
f 6507 6506 6513
f 6513 6509 6512
f 6516 6510 6512
f 6516 6511 6519
f 6510 6513 6512
f 6514 6507 6449
f 6507 6513 6510
f 6508 6514 6515
f 6515 6514 6449
f 6449 6518 6515
f 6516 6519 6510
f 6521 6449 6510
f 6520 6525 6449
f 6449 6517 6518
f 6519 6524 6521
f 6524 6520 6521
f 6520 6449 6521
f 6517 6449 6525
f 6522 6519 6511
f 6528 6522 6511
f 6511 6523 6528
f 6528 6438 6524
f 6532 6536 6525
f 6520 6438 6532
f 6520 6532 6525
f 6527 6525 6536
f 6440 6439 6529
f 6438 6520 6524
f 6536 6526 6527
f 6528 6523 6529
f 6439 6528 6529
f 6439 6438 6528
f 6534 6529 6530
f 6536 6543 6538
f 6532 6439 6531
f 6543 6536 6532
f 6530 6533 6542
f 6529 6534 6440
f 6535 6536 6538
f 6539 6534 6542
f 6543 6537 6538
f 6534 6530 6542
f 6551 6553 6542
f 6539 6543 6531
f 6539 6531 6534
f 6543 6532 6531
f 6540 6551 6545
f 6540 6550 6551
f 6553 6539 6542
f 6544 6543 6541
f 6544 6537 6543
f 6551 6542 6533
f 6543 6539 6547
f 6544 6541 6548
f 6551 6533 6545
f 6550 6540 6546
f 6446 6547 6539
f 6553 6446 6539
f 6557 6549 6541
f 6547 6541 6543
f 6548 6541 6549
f 6546 6560 6559
f 6559 6574 6550
f 6550 6574 6445
f 6550 6553 6551
f 6557 6541 6547
f 6570 6564 6552
f 6446 6553 6550
f 6555 6557 6547
f 6556 6549 6557
f 6559 6558 6554
f 6555 6547 6446
f 6563 6557 6555
f 6556 6557 6563
f 6558 6559 6560
f 6550 6546 6559
f 6559 6567 6561
f 6561 6574 6559
f 6445 6562 6569
f 6552 6563 6555
f 6565 6563 6552
f 6565 6556 6563
f 6579 6561 6566
f 6568 6555 6446
f 6568 6552 6555
f 6567 6559 6554
f 6577 6581 6580
f 6571 6607 6580
f 6445 6574 6562
f 6569 6562 6575
f 6570 6552 6568
f 6564 6565 6552
f 6566 6561 6567
f 6569 6568 6445
f 6569 6570 6568
f 6571 6578 6607
f 6584 6583 6572
f 6573 6574 6561
f 6562 6574 6573
f 6604 6441 6586
f 6562 6573 6575
f 6576 6444 6592
f 6576 6570 6569
f 6564 6570 6576
f 6577 6580 6579
f 6578 6582 6607
f 6579 6580 6561
f 6580 6573 6561
f 6575 6573 6443
f 6443 6586 6441
f 6441 6593 6592
f 6575 6576 6569
f 6576 6575 6444
f 6571 6580 6581
f 6582 6583 6607
f 6584 6607 6583
f 6589 6585 6580
f 6586 6443 6573
f 6588 6586 6573
f 6604 6586 6590
f 6587 6584 6572
f 6585 6586 6588
f 6580 6585 6588
f 6600 6589 6598
f 6586 6585 6590
f 6599 6591 6617
f 6444 6441 6592
f 6442 6593 6441
f 6587 6594 6584
f 6607 6589 6580
f 6603 6590 6585
f 6585 6589 6603
f 6603 6604 6590
f 6595 6604 6596
f 6442 6604 6595
f 6594 6597 6584
f 6607 6606 6598
f 6607 6598 6589
f 6617 6615 6599
f 6603 6589 6600
f 6617 6616 6601
f 6602 6610 6596
f 6603 6596 6604
f 6595 6596 6605
f 6584 6606 6607
f 6598 6606 6608
f 6608 6609 6598
f 6600 6598 6609
f 6609 6602 6596
f 6609 6596 6600
f 6605 6596 6610
f 6584 6611 6606
f 6608 6606 6611
f 6611 6612 6608
f 6609 6612 6615
f 6612 6609 6608
f 6615 6617 6609
f 6601 6602 6617
f 6609 6617 6602
f 6584 6448 6613
f 6613 6611 6584
f 6613 6621 6611
f 6621 6612 6611
f 6614 6615 6612
f 6612 6621 6614
f 6614 6599 6615
f 6591 6616 6617
f 6614 6621 6620
f 6618 6448 6447
f 6448 6619 6613
f 6619 6621 6613
f 6619 6620 6621
f 6620 6622 6614
f 6622 6599 6614
f 6622 6623 6599
f 6624 6625 6626
f 6627 6624 6626
f 6628 6625 6624
f 6628 6624 6631
f 6629 6631 6630
f 6629 6628 6631
f 6632 6634 6633
f 6634 6632 6635
f 6635 6632 6636
f 6655 6658 6653
f 6637 6640 6638
f 6640 6637 6639
f 6640 6639 6672
f 6670 6673 6641
f 6642 6643 6667
f 6671 6643 6642
f 6666 6644 6664
f 6659 6645 6646
f 6661 6646 6645
f 6647 6648 6649
f 6651 6650 6652
f 6649 6650 6651
f 6652 6654 6653
f 6653 6654 6655
f 6656 6657 6658
f 6658 6655 6656
f 6654 6652 6650
f 6649 6651 6647
f 6648 6647 6659
f 6659 6646 6648
f 6660 6646 6661
f 6661 6662 6660
f 6662 6665 6660
f 6663 6665 6662
f 6664 6665 6663
f 6663 6666 6664
f 6644 6666 6668
f 6667 6644 6668
f 6667 6668 6642
f 6669 6643 6671
f 6670 6669 6671
f 6670 6641 6669
f 6641 6673 6672
f 6672 6673 6640
f 6677 6680 6674
f 6674 6676 6677
f 6675 6674 6680
f 6676 6686 6677
f 6686 6676 6678
f 6683 6686 6678
f 6675 6680 6679
f 6679 6680 6682
f 6681 6679 6682
f 6685 6686 6683
f 6684 6688 6685
f 6686 6685 6688
f 6687 6688 6684
f 6687 6690 6688
f 6689 6690 6687
f 6694 6690 6691
f 6689 6691 6690
f 6694 6691 6692
f 6693 6694 6692
f 6695 6694 6693
f 6695 6693 6696
f 6697 6698 6699
f 6752 6753 6751
f 6699 6698 6746
f 6697 6745 6698
f 6747 6746 6748
f 6700 6745 6743
f 6749 6701 6752
f 6700 6741 6702
f 6702 6703 6740
f 6722 6755 6704
f 6740 6703 6720
f 6721 6705 6739
f 6706 6707 6724
f 6707 6713 6708
f 6710 6726 6709
f 6733 6732 6734
f 6732 6730 6729
f 6730 6732 6731
f 6728 6710 6729
f 6709 6711 6714
f 6711 6709 6712
f 6713 6714 6725
f 6734 6715 6736
f 6719 6707 6706
f 6715 6716 6717
f 6718 6717 6716
f 6705 6718 6716
f 6704 6719 6706
f 6720 6721 6739
f 6755 6722 6723
f 6755 6719 6704
f 6724 6707 6708
f 6708 6713 6725
f 6725 6714 6711
f 6712 6709 6726
f 6726 6710 6727
f 6727 6710 6728
f 6728 6729 6730
f 6731 6732 6733
f 6733 6734 6735
f 6735 6734 6736
f 6736 6715 6737
f 6737 6715 6717
f 6718 6705 6738
f 6738 6705 6721
f 6739 6740 6720
f 6703 6702 6741
f 6741 6700 6742
f 6742 6700 6743
f 6743 6745 6744
f 6744 6745 6697
f 6699 6746 6747
f 6748 6746 6701
f 6750 6748 6701
f 6701 6749 6750
f 6752 6751 6749
f 6752 6754 6753
f 6753 6754 6723
f 6723 6754 6755
f 6763 6758 6756
f 6757 6756 6758
f 6760 6757 6759
f 6760 6756 6757
f 6758 6763 6761
f 6762 6761 6763
f 6762 6766 6761
f 6761 6766 6764
f 6765 6764 6766
f 6765 6766 6767
f 6826 6825 6786
f 6768 6775 6803
f 6783 6769 6787
f 6778 6779 6770
f 6771 6780 6772
f 6776 6773 6774
f 6771 6772 6774
f 6770 6779 6777
f 6804 6805 6775
f 6773 6776 6777
f 6802 6803 6801
f 6772 6776 6774
f 6780 6834 6832
f 6778 6801 6779
f 6780 6771 6834
f 6833 6781 6782
f 6781 6830 6782
f 6805 6806 6783
f 6831 6784 6827
f 6827 6784 6785
f 6828 6785 6786
f 6787 6788 6789
f 6824 6821 6820
f 6809 6789 6808
f 6810 6790 6811
f 6810 6809 6790
f 6819 6791 6799
f 6817 6798 6792
f 6793 6794 6795
f 6815 6793 6796
f 6816 6815 6797
f 6798 6817 6816
f 6818 6799 6800
f 6811 6812 6814
f 6779 6773 6777
f 6801 6778 6802
f 6803 6802 6768
f 6775 6768 6804
f 6805 6804 6806
f 6783 6806 6769
f 6787 6769 6807
f 6787 6807 6788
f 6789 6788 6808
f 6809 6808 6790
f 6814 6810 6811
f 6794 6812 6813
f 6794 6814 6812
f 6794 6813 6795
f 6793 6795 6796
f 6815 6796 6797
f 6816 6797 6798
f 6817 6792 6800
f 6800 6792 6818
f 6799 6818 6819
f 6791 6820 6821
f 6791 6819 6820
f 6821 6824 6822
f 6823 6822 6824
f 6823 6824 6825
f 6823 6825 6826
f 6785 6826 6786
f 6827 6785 6828
f 6829 6831 6827
f 6829 6830 6831
f 6831 6830 6781
f 6782 6832 6833
f 6832 6834 6833
f 6835 6839 6840
f 6836 6837 6839
f 6838 6836 6839
f 6840 6839 6837
f 6845 6844 6841
f 6842 6843 6845
f 6844 6845 6846
f 6842 6841 6847
f 6842 6845 6841
f 6844 6848 6841
f 6857 6850 6849
f 6849 6853 6852
f 6850 6853 6849
f 6857 6859 6850
f 6853 6851 6852
f 6853 6854 6851
f 6851 6854 6855
f 6856 6855 6854
f 6857 6860 6859
f 6858 6859 6860
f 6858 6860 6861
f 6862 6863 6861
f 6858 6861 6863
f 6862 6866 6863
f 6862 6864 6866
f 6864 6865 6866
f 6882 6867 6879
f 6868 6895 6869
f 6868 6869 6870
f 6869 6871 6870
f 6871 6872 6893
f 6893 6872 6892
f 6887 6889 6888
f 6873 6875 6887
f 6886 6875 6873
f 6886 6874 6875
f 6876 6874 6886
f 6878 6880 6877
f 6880 6876 6877
f 6878 6879 6867
f 6878 6867 6880
f 6885 6881 6882
f 6882 6879 6885
f 6883 6884 6881
f 6883 6881 6885
f 6876 6886 6877
f 6888 6873 6887
f 6891 6888 6889
f 6889 6890 6891
f 6890 6892 6891
f 6892 6890 6893
f 6872 6871 6894
f 6894 6871 6869
f 6895 6868 6896
f 6895 6896 6897
f 6897 6896 6899
f 6898 6897 6899
f 6898 6899 6900
f 6900 6901 6898
f 6900 6902 6901
f 6904 6907 6906
f 6906 6903 6904
f 6905 6908 6906
f 6907 6905 6906
f 6910 6906 6908
f 6909 6910 6911
f 6910 6909 6906
f 6934 6931 6949
f 6916 6912 6919
f 6973 6974 6970
f 6914 6913 6915
f 6969 6914 6915
f 6916 6917 6918
f 6919 6912 6967
f 6920 6923 6921
f 6967 6920 6922
f 6923 6965 6964
f 6966 6965 6926
f 6924 6925 6946
f 6926 6927 6966
f 6928 6929 6962
f 6931 6930 6948
f 6930 6931 6945
f 6932 6933 6934
f 6950 6935 6951
f 6936 6958 6937
f 6938 6941 6953
f 6940 6935 6952
f 6939 6954 6953
f 6954 6939 6940
f 6932 6951 6933
f 6955 6956 6941
f 6936 6959 6957
f 6959 6944 6942
f 6943 6944 6929
f 6946 6930 6945
f 6925 6930 6946
f 6977 6925 6924
f 6924 6947 6977
f 6949 6931 6948
f 6932 6934 6949
f 6950 6951 6932
f 6952 6935 6950
f 6954 6940 6952
f 6938 6953 6954
f 6955 6941 6938
f 6937 6956 6955
f 6937 6958 6956
f 6936 6957 6958
f 6959 6960 6957
f 6959 6942 6960
f 6944 6961 6942
f 6944 6943 6961
f 6929 6928 6943
f 6962 6963 6928
f 6927 6926 6963
f 6927 6963 6962
f 6964 6965 6966
f 6921 6923 6964
f 6922 6920 6921
f 6919 6967 6922
f 6918 6912 6916
f 6968 6917 6916
f 6968 6969 6917
f 6968 6914 6969
f 6913 6914 6972
f 6971 6913 6972
f 6970 6971 6972
f 6973 6976 6974
f 6970 6974 6971
f 6973 6975 6976
f 6976 6975 6947
f 6947 6975 6977
f 6983 6979 6978
f 6981 6979 6983
f 6980 6981 6982
f 6982 6981 6983
f 6984 6978 6979
f 6986 6978 6984
f 6986 6985 6978
f 6988 6985 6986
f 6988 6987 6985
f 6987 6988 6989
f 6990 6987 6989
f 6992 6994 6998
f 6994 6992 6991
f 6992 6993 6991
f 6994 6995 6998
f 6997 6991 6993
f 6993 6996 6997
f 6998 6995 7000
f 6995 6999 7000
f 7001 7000 6999
f 7003 7001 6999
f 7001 7003 7002
f 7002 7003 7004
f 7008 7005 7006
f 7008 7007 7005
f 7007 7008 7009
f 7012 7011 7010
f 7011 7012 7013
f 7012 7007 7013
f 7013 7007 7009
f 7014 7108 7015
f 7016 7017 7018
f 7018 7019 7021
f 7019 7020 7021
f 7214 7024 7020
f 7023 7212 7022
f 7212 7023 7024
f 7022 7210 7025
f 7025 7026 7209
f 7027 7028 7209
f 7208 7207 7028
f 7206 7029 7031
f 7030 7206 7207
f 7031 7205 7032
f 7032 7204 7033
f 7033 7034 7039
f 7038 7036 7044
f 7037 7035 7044
f 7038 7044 7039
f 7044 7036 7037
f 7203 7038 7039
f 7040 7202 7043
f 7041 7044 7035
f 7042 7198 7202
f 7040 7043 7044
f 7201 7040 7044
f 7286 7045 7287
f 7047 7046 7199
f 7197 7047 7199
f 7049 7046 7047
f 7195 7051 7048
f 7048 7049 7196
f 7050 7052 7051
f 7194 7193 7052
f 7053 7192 7193
f 7054 7192 7191
f 7190 7058 7055
f 7055 7054 7056
f 7189 7057 7058
f 7059 7057 7188
f 7185 7184 7186
f 7186 7059 7187
f 7061 7066 7060
f 7060 7062 7061
f 7061 7184 7066
f 7064 7062 7063
f 7064 7061 7062
f 7065 7066 7184
f 7067 7064 7072
f 7068 7072 7064
f 7064 7182 7068
f 7069 7070 7071
f 7071 7067 7072
f 7180 7073 7181
f 7073 7070 7181
f 7180 7076 7073
f 7074 7179 7178
f 7075 7074 7076
f 7178 7177 7077
f 7077 7078 7079
f 7079 7176 7174
f 7174 7173 7172
f 7172 7171 7170
f 7170 7169 7168
f 7168 7080 7081
f 7081 7082 7167
f 7083 7084 7167
f 7166 7165 7084
f 7085 7164 7165
f 7088 7086 7087
f 7163 7088 7164
f 7087 7162 7161
f 7161 7160 7089
f 7159 7092 7089
f 7090 7091 7092
f 7093 7158 7091
f 7094 7157 7095
f 7157 7094 7158
f 7095 7156 7155
f 7155 7154 7096
f 7097 7153 7096
f 7098 7152 7153
f 7101 7100 7099
f 7100 7101 7152
f 7099 7150 7149
f 7148 7147 7149
f 7102 7147 7146
f 7145 7102 7103
f 7104 7105 7144
f 7106 7107 7144
f 7142 7143 7104
f 7108 7141 7142
f 7138 7139 7015
f 7109 7137 7138
f 7136 7112 7110
f 7135 7111 7112
f 7116 7113 7114
f 7113 7116 7111
f 7115 7116 7114
f 7117 7116 7115
f 7117 7118 7119
f 7120 7121 7122
f 7120 7122 7117
f 7134 7122 7121
f 7296 7123 7221
f 7130 7129 7124
f 7133 7130 7124
f 7133 7124 7122
f 7125 7127 7126
f 7120 7117 7119
f 7126 7127 7128
f 7115 7118 7117
f 7129 7130 7132
f 7130 7131 7132
f 7133 7122 7134
f 7111 7135 7113
f 7135 7112 7136
f 7136 7110 7109
f 7110 7137 7109
f 7137 7139 7138
f 7139 7014 7015
f 7014 7140 7108
f 7140 7141 7108
f 7141 7143 7142
f 7143 7105 7104
f 7105 7106 7144
f 7106 7145 7107
f 7107 7145 7103
f 7103 7102 7146
f 7146 7147 7148
f 7148 7149 7150
f 7150 7099 7151
f 7151 7099 7100
f 7100 7152 7098
f 7098 7153 7097
f 7097 7096 7154
f 7154 7155 7156
f 7156 7095 7157
f 7157 7158 7093
f 7093 7091 7090
f 7090 7092 7159
f 7159 7089 7160
f 7160 7161 7162
f 7162 7087 7086
f 7086 7088 7163
f 7163 7164 7085
f 7085 7165 7166
f 7166 7084 7083
f 7083 7167 7082
f 7082 7081 7080
f 7080 7168 7169
f 7169 7170 7171
f 7171 7172 7173
f 7173 7174 7175
f 7175 7174 7176
f 7176 7079 7078
f 7078 7077 7177
f 7177 7178 7179
f 7179 7074 7075
f 7075 7076 7180
f 7070 7069 7181
f 7071 7072 7069
f 7183 7182 7064
f 7064 7063 7183
f 7065 7184 7185
f 7185 7186 7187
f 7187 7059 7188
f 7188 7057 7189
f 7189 7058 7190
f 7190 7055 7056
f 7056 7054 7191
f 7191 7192 7053
f 7053 7193 7194
f 7194 7052 7050
f 7050 7051 7195
f 7195 7048 7196
f 7196 7049 7047
f 7200 7197 7198
f 7199 7198 7197
f 7198 7042 7200
f 7201 7044 7041
f 7202 7040 7042
f 7034 7203 7039
f 7034 7033 7204
f 7204 7032 7205
f 7205 7031 7029
f 7029 7206 7030
f 7030 7207 7208
f 7208 7028 7027
f 7027 7209 7026
f 7026 7025 7210
f 7210 7022 7211
f 7211 7022 7212
f 7212 7024 7213
f 7213 7024 7214
f 7214 7020 7019
f 7019 7018 7017
f 7017 7016 7215
f 7216 7218 7215
f 7215 7016 7216
f 7217 7218 7303
f 7216 7303 7218
f 7219 7220 7221
f 7123 7296 7222
f 7292 7293 7283
f 7223 7291 7292
f 7223 7289 7290
f 7288 7289 7286
f 7045 7224 7285
f 7284 7224 7225
f 7229 7228 7225
f 7227 7229 7226
f 7227 7228 7229
f 7279 7280 7277
f 7230 7279 7277
f 7231 7275 7232
f 7233 7234 7231
f 7274 7273 7234
f 7236 7237 7235
f 7236 7273 7272
f 7235 7237 7238
f 7270 7239 7240
f 7271 7239 7238
f 7242 7270 7269
f 7266 7241 7267
f 7242 7268 7267
f 7265 7241 7243
f 7265 7244 7246
f 7244 7245 7246
f 7246 7245 7247
f 7248 7247 7245
f 7249 7250 7251
f 7252 7250 7253
f 7250 7252 7262
f 7255 7258 7256
f 7254 7255 7256
f 7256 7257 7254
f 7253 7256 7260
f 7260 7256 7258
f 7253 7259 7261
f 7259 7253 7260
f 7261 7252 7253
f 7250 7262 7263
f 7263 7251 7250
f 7250 7264 7253
f 7250 7247 7264
f 7264 7247 7248
f 7244 7265 7243
f 7243 7241 7266
f 7266 7267 7268
f 7268 7242 7269
f 7269 7270 7240
f 7240 7239 7271
f 7271 7238 7237
f 7237 7236 7272
f 7272 7273 7274
f 7274 7234 7233
f 7233 7231 7232
f 7275 7276 7232
f 7276 7278 7230
f 7282 7226 7277
f 7232 7276 7230
f 7278 7279 7230
f 7277 7280 7281
f 7277 7281 7282
f 7226 7282 7227
f 7295 7220 7283
f 7225 7228 7284
f 7224 7284 7285
f 7045 7285 7287
f 7286 7287 7288
f 7289 7288 7290
f 7223 7290 7291
f 7292 7291 7293
f 7283 7293 7294
f 7283 7294 7295
f 7220 7295 7221
f 7123 7219 7221
f 7125 7222 7296
f 7125 7126 7222
f 7127 7297 7128
f 7128 7297 7299
f 7300 7299 7297
f 7298 7299 7301
f 7299 7300 7301
f 7303 7299 7298
f 7304 7303 7302
f 7303 7298 7302
f 7305 7303 7304
f 7303 7305 7217
f 7306 7307 7310
f 7307 7306 7308
f 7309 7310 7307
f 7311 7312 7313
f 7314 7311 7313
f 7315 7316 7318
f 7316 7317 7318
f 7319 7326 7325
f 7325 7324 7319
f 7322 7325 7320
f 7320 7321 7322
f 7323 7322 7321
f 7324 7325 7322
f 7327 7326 7319
f 7329 7326 7327
f 7327 7328 7329
f 7329 7328 7330
f 7330 7328 7331
f 7364 7366 7363
f 7358 7332 7359
f 7332 7360 7362
f 7333 7334 7336
f 7334 7358 7335
f 7360 7363 7361
f 7336 7357 7333
f 7337 7338 7365
f 7339 7357 7340
f 7356 7355 7341
f 7372 7342 7371
f 7342 7369 7352
f 7349 7343 7374
f 7344 7375 7345
f 7346 7379 7347
f 7373 7343 7376
f 7350 7348 7349
f 7375 7373 7376
f 7346 7347 7378
f 7371 7348 7350
f 7351 7341 7355
f 7352 7370 7367
f 7337 7367 7368
f 7338 7337 7368
f 7353 7351 7339
f 7354 7355 7356
f 7351 7353 7341
f 7339 7340 7353
f 7357 7336 7340
f 7358 7334 7333
f 7358 7359 7335
f 7332 7362 7359
f 7360 7361 7362
f 7363 7366 7361
f 7364 7365 7366
f 7337 7365 7364
f 7367 7370 7368
f 7352 7369 7370
f 7342 7372 7369
f 7371 7350 7372
f 7343 7349 7348
f 7343 7373 7374
f 7345 7375 7376
f 7377 7344 7345
f 7377 7378 7344
f 7377 7346 7378
f 7347 7379 7354
f 7355 7354 7379
f 7438 7436 7380
f 7380 7381 7438
f 7382 7439 7440
f 7413 7381 7380
f 7383 7439 7382
f 7387 7383 7382
f 7387 7386 7383
f 7384 7411 7385
f 7386 7387 7389
f 7394 7388 7389
f 7388 7386 7389
f 7393 7390 7385
f 7393 7385 7391
f 7392 7393 7391
f 7394 7395 7388
f 7397 7395 7394
f 7391 7398 7392
f 7398 7396 7392
f 7395 7397 7399
f 7400 7399 7397
f 7396 7398 7402
f 7399 7400 7403
f 7401 7396 7402
f 7400 7404 7403
f 7401 7402 7403
f 7403 7404 7401
f 7405 7407 7425
f 7407 7405 7406
f 7406 7409 7407
f 7406 7408 7409
f 7385 7390 7384
f 7409 7408 7410
f 7411 7413 7412
f 7411 7412 7385
f 7380 7412 7413
f 7408 7414 7410
f 7414 7415 7410
f 7414 7416 7415
f 7414 7417 7416
f 7416 7417 7418
f 7420 7418 7417
f 7418 7419 7422
f 7419 7418 7420
f 7421 7422 7423
f 7419 7423 7422
f 7405 7424 7426
f 7405 7425 7424
f 7428 7426 7424
f 7428 7427 7426
f 7429 7427 7428
f 7429 7430 7427
f 7429 7431 7430
f 7430 7431 7432
f 7431 7433 7432
f 7432 7433 7435
f 7435 7433 7434
f 7435 7434 7437
f 7434 7436 7437
f 7437 7436 7438
f 7441 7442 7439
f 7440 7439 7442
f 7441 7443 7442
f 7442 7443 7444
f 7443 7446 7444
f 7446 7447 7444
f 7445 7447 7446
f 7448 7447 7445
f 7448 7450 7447
f 7448 7449 7450
f 7450 7449 7451
f 7449 7453 7451
f 7452 7451 7453
f 7452 7453 7454
f 7452 7454 7455
f 7454 7457 7455
f 7455 7457 7456
f 7457 7458 7456
f 7460 7456 7458
f 7460 7458 7461
f 7461 7459 7464
f 7464 7460 7461
f 7459 7462 7463
f 7463 7464 7459
f 7465 7462 7467
f 7462 7465 7463
f 7465 7467 7466
f 7466 7467 7468
f 7469 7466 7468
f 7469 7468 7470
f 7472 7471 7470
f 7469 7470 7471
f 7475 7471 7472
f 7473 7475 7472
f 7477 7474 7473
f 7475 7473 7474
f 7476 7474 7477
f 7476 7477 7478
f 7478 7480 7476
f 7478 7479 7480
f 7482 7481 7483
f 7482 7483 7484
f 7488 7485 7486
f 7486 7487 7488
f 7485 7488 7489
f 7485 7489 7492
f 7489 7493 7492
f 7490 7491 7493
f 7491 7492 7493
f 7500 7519 7533
f 7525 7527 7494
f 7495 7529 7530
f 7496 7497 7528
f 7528 7497 7529
f 7496 7498 7499
f 7527 7499 7498
f 7531 7500 7530
f 7494 7526 7525
f 7522 7526 7523
f 7501 7502 7503
f 7517 7504 7545
f 7540 7507 7505
f 7538 7540 7506
f 7507 7541 7505
f 7508 7544 7543
f 7514 7509 7510
f 7511 7503 7502
f 7511 7502 7513
f 7503 7509 7501
f 7542 7513 7512
f 7508 7512 7513
f 7541 7514 7510
f 7515 7545 7504
f 7517 7545 7521
f 7538 7506 7516
f 7520 7517 7521
f 7534 7518 7537
f 7534 7532 7535
f 7523 7520 7524
f 7519 7535 7533
f 7524 7520 7521
f 7522 7523 7524
f 7525 7526 7522
f 7499 7527 7525
f 7497 7496 7499
f 7495 7528 7529
f 7531 7530 7529
f 7519 7500 7531
f 7532 7533 7535
f 7518 7534 7535
f 7536 7537 7518
f 7516 7537 7536
f 7538 7516 7536
f 7539 7540 7538
f 7507 7540 7539
f 7514 7541 7507
f 7501 7509 7514
f 7542 7511 7513
f 7508 7543 7512
f 7543 7544 7515
f 7515 7544 7545
f 7546 7547 7549
f 7547 7546 7548
f 7549 7547 7552
f 7549 7552 7551
f 7550 7551 7552
f 7553 7550 7552
f 7556 7553 7552
f 7555 7553 7556
f 7554 7555 7556
f 7554 7556 7557
f 7557 7558 7559
f 7556 7558 7557
f 7560 7547 7548
f 7561 7560 7548
f 7561 7562 7560
f 7562 7563 7560
f 7567 7564 7565
f 7569 7565 7566
f 7565 7564 7566
f 7568 7569 7566
f 7567 7568 7564
f 7569 7568 7570
f 7567 7570 7568
f 7575 7574 7571
f 7578 7572 7573
f 7575 7577 7576
f 7576 7572 7579
f 7576 7574 7575
f 7576 7577 7572
f 7572 7578 7579
f 7580 7583 7581
f 7580 7582 7583
f 7587 7584 7585
f 7585 7586 7587
f 7588 7589 7590
f 7588 7590 7591
f 7594 7592 7595
f 7595 7593 7594
f 7595 7596 7593
f 7609 7597 7608
f 7599 7604 7600
f 7598 7603 7599
f 7598 7599 7600
f 7606 7599 7601
f 7606 7602 7607
f 7601 7602 7606
f 7603 7601 7599
f 7604 7605 7600
f 7606 7607 7608
f 7606 7608 7597
f 7597 7609 7610
f 7613 7597 7610
f 7613 7610 7611
f 7611 7614 7612
f 7612 7613 7611
f 7614 7615 7612
f 7618 7621 7620
f 7618 7620 7616
f 7616 7617 7618
f 7624 7619 7620
f 7624 7620 7621
f 7621 7622 7624
f 7624 7622 7623
f 7641 7624 7623
f 7625 7624 7626
f 7626 7628 7625
f 7628 7626 7629
f 7627 7628 7629
f 7630 7627 7629
f 7629 7637 7630
f 7631 7635 7637
f 7632 7633 7634
f 7635 7634 7637
f 7634 7635 7632
f 7634 7636 7637
f 7636 7638 7637
f 7639 7631 7637
f 7637 7629 7640
f 7640 7639 7637
f 7626 7624 7641
f 7642 7643 7644
f 7644 7643 7645
f 7646 7648 7647
f 7647 7648 7649
f 7650 7677 7656
f 7676 7650 7656
f 7656 7651 7676
f 7655 7657 7652
f 7652 7653 7655
f 7653 7652 7654
f 7655 7656 7657
f 7678 7657 7656
f 7676 7659 7665
f 7658 7659 7676
f 7665 7659 7661
f 7660 7665 7661
f 7665 7663 7662
f 7665 7660 7663
f 7662 7664 7665
f 7663 7666 7662
f 7667 7663 7669
f 7663 7668 7669
f 7670 7668 7663
f 7668 7674 7669
f 7673 7672 7671
f 7672 7673 7675
f 7675 7673 7674
f 7674 7668 7675
f 7666 7663 7667
f 7676 7665 7650
f 7656 7677 7678
f 7679 7680 7681
f 7682 7685 7683
f 7684 7687 7685
f 7686 7682 7683
f 7685 7687 7683
f 7709 7708 7688
f 7704 7706 7689
f 7694 7690 7691
f 7691 7690 7692
f 7691 7695 7694
f 7695 7699 7693
f 7694 7695 7693
f 7696 7697 7698
f 7698 7699 7696
f 7697 7696 7700
f 7700 7696 7701
f 7701 7703 7700
f 7701 7702 7703
f 7693 7699 7698
f 7705 7692 7690
f 7704 7692 7705
f 7706 7704 7705
f 7706 7707 7689
f 7689 7688 7708
f 7689 7707 7688
f 7708 7709 7710
f 7720 7711 7712
f 7719 7717 7713
f 7714 7713 7717
f 7713 7714 7716
f 7714 7715 7716
f 7717 7719 7718
f 7711 7718 7719
f 7720 7718 7711
f 7720 7712 7721
f 7712 7722 7721
f 7723 7726 7724
f 7724 7726 7725
f 7728 7726 7727
f 7726 7729 7727
f 7728 7725 7726
f 7726 7730 7729
f 7730 7726 7731
f 7731 7726 7732
f 7732 7726 7733
f 7733 7726 7734
f 7735 7734 7726
f 7736 7737 7738
f 7739 7737 7740
f 7737 7742 7741
f 7737 7741 7740
f 7737 7739 7738
f 7737 7744 7742
f 7743 7744 7737
f 7737 7745 7743
f 7737 7746 7745
f 7747 7746 7737
f 7737 7748 7747
f 7749 7755 7751
f 7752 7749 7751
f 7750 7752 7751
f 7754 7752 7750
f 7750 7753 7754
f 7749 7757 7755
f 7757 7756 7755
f 7756 7757 7758
f 7758 7759 7756
f 7758 7760 7759
f 7761 7762 7763
f 7761 7772 7762
f 7771 7762 7772
f 7763 7762 7774
f 7770 7772 7766
f 7764 7765 7766
f 7765 7770 7766
f 7767 7764 7766
f 7767 7768 7764
f 7768 7767 7769
f 7770 7771 7772
f 7773 7763 7774
f 7775 7773 7774
f 7773 7775 7776
f 7776 7775 7777
f 7776 7777 7778
f 7777 7780 7778
f 7778 7780 7779
f 7779 7780 7782
f 7781 7779 7782
f 7781 7782 7783
f 7784 7785 7786
f 7784 7786 7787
f 7789 7791 7788
f 7789 7790 7791
f 7794 7792 7793
f 7792 7794 7795
f 7801 7802 7796
f 7797 7801 7796
f 7796 7799 7797
f 7799 7798 7797
f 7799 7800 7798
f 7801 7804 7802
f 7804 7803 7802
f 7803 7804 7805
f 7806 7805 7804
f 7806 7808 7805
f 7806 7807 7808
f 7811 7807 7812
f 7807 7811 7808
f 7812 7809 7810
f 7810 7811 7812
f 7816 7813 7814
f 7814 7815 7816
f 7817 7818 7819
f 7817 7819 7820
f 7821 7827 7823
f 7821 7824 7822
f 7824 7821 7823
f 7824 7825 7822
f 7823 7827 7828
f 7826 7822 7825
f 7827 7829 7828
f 7828 7829 7830
f 7831 7830 7829
f 7831 7832 7830
f 7844 7845 7850
f 7864 7833 7834
f 7835 7837 7839
f 7836 7840 7842
f 7841 7837 7835
f 7838 7835 7839
f 7840 7838 7839
f 7840 7836 7838
f 7841 7835 7851
f 7851 7850 7841
f 7843 7836 7842
f 7843 7847 7836
f 7844 7850 7852
f 7844 7848 7845
f 7843 7846 7847
f 7855 7848 7854
f 7856 7849 7854
f 7863 7858 7856
f 7850 7851 7852
f 7848 7855 7853
f 7853 7845 7848
f 7854 7849 7855
f 7854 7863 7856
f 7862 7861 7857
f 7863 7857 7861
f 7865 7858 7859
f 7859 7858 7861
f 7860 7861 7862
f 7858 7863 7861
f 7865 7859 7864
f 7864 7834 7865
f 7866 7867 7868
f 7868 7869 7866
f 7872 7870 7877
f 7877 7871 7872
f 7871 7873 7872
f 7876 7872 7873
f 7876 7873 7874
f 7874 7875 7876
f 7881 7877 7870
f 7878 7881 7870
f 7878 7879 7880
f 7880 7881 7878
f 7912 7888 7882
f 7883 7908 7884
f 7911 7910 7884
f 7913 7911 7885
f 7887 7885 7888
f 7907 7890 7909
f 7886 7887 7888
f 7889 7906 7890
f 7902 7905 7903
f 7902 7901 7891
f 7894 7893 7891
f 7894 7891 7892
f 7893 7894 7897
f 7892 7891 7901
f 7894 7895 7897
f 7896 7897 7895
f 7899 7896 7895
f 7898 7899 7895
f 7900 7882 7888
f 7901 7902 7903
f 7903 7905 7904
f 7889 7904 7906
f 7904 7905 7906
f 7907 7889 7890
f 7908 7883 7909
f 7908 7909 7890
f 7884 7910 7883
f 7911 7913 7910
f 7912 7886 7888
f 7913 7885 7887
f 7914 7915 7919
f 7915 7917 7919
f 7915 7916 7917
f 7917 7916 7918
f 7920 7914 7919
f 7914 7920 7922
f 7920 7921 7922
f 7920 7923 7921
f 7924 7925 7944
f 7926 7940 7941
f 7942 7943 7927
f 7928 7937 7938
f 7938 7940 7939
f 7935 7933 7936
f 7936 7937 7929
f 7930 7931 7932
f 7935 7934 7933
f 7935 7932 7934
f 7931 7934 7932
f 7929 7935 7936
f 7937 7928 7929
f 7938 7939 7928
f 7940 7926 7939
f 7942 7926 7941
f 7943 7945 7927
f 7942 7927 7926
f 7925 7945 7944
f 7943 7944 7945
f 7949 7946 7947
f 7947 7948 7949
f 7950 7957 7951
f 7952 7953 7954
f 7956 7954 7953
f 7955 7954 7956
f 7956 7957 7955
f 7950 7955 7957
f 7998 7958 7988
f 8030 7959 8031
f 8004 7999 8005
f 7959 7960 8031
f 8020 8012 8019
f 7961 7988 8000
f 8006 7961 8000
f 7983 7958 7986
f 7967 7962 7970
f 8002 7996 8008
f 8016 8029 8028
f 8015 8017 8008
f 7994 7989 8002
f 8041 7963 7965
f 7966 7964 8040
f 7965 7966 8041
f 7967 7973 7962
f 7968 7986 7967
f 7975 7973 7967
f 7968 7983 7986
f 7975 7967 7986
f 7969 7967 7970
f 7971 7981 7967
f 7972 7973 7975
f 7969 7971 7967
f 7974 7981 7971
f 7975 7978 7972
f 7980 7979 7976
f 7975 7977 7978
f 7979 7980 7975
f 7977 7975 7980
f 7979 7975 7986
f 7982 7984 7994
f 7985 7967 7981
f 7985 7968 7967
f 7981 7995 7985
f 7958 7987 7986
f 7982 7983 7968
f 7983 7982 7991
f 7994 7984 7989
f 7982 7985 7984
f 7985 7995 7984
f 7979 7986 7987
f 7997 7987 7998
f 7958 7998 7987
f 7991 7988 7983
f 7983 7988 7958
f 7994 7991 7982
f 7968 7985 7982
f 7995 7989 7984
f 7961 8003 7998
f 7991 7990 8000
f 7988 7961 7998
f 7994 8002 7990
f 7963 8016 8009
f 7991 8000 7988
f 7992 7990 7993
f 7991 7994 7990
f 8010 7989 7995
f 8002 7989 7996
f 8010 7996 7989
f 8003 7997 7998
f 8004 8003 7999
f 8019 8013 8005
f 7999 7961 8006
f 7990 7992 8000
f 8006 8000 7992
f 8002 7993 7990
f 8017 8001 8008
f 7993 8002 8008
f 8010 8015 7996
f 8003 7961 7999
f 8013 8004 8005
f 8006 7992 8018
f 8005 8006 8018
f 7992 7993 8007
f 8018 7992 8007
f 7993 8008 8001
f 8007 7993 8022
f 8001 8022 7993
f 8011 8009 8015
f 8015 8010 8011
f 7996 8015 8008
f 8012 8013 8019
f 7999 8006 8005
f 8018 8007 8024
f 8019 8018 8024
f 8007 8022 8021
f 8024 8007 8021
f 8001 8017 8014
f 8022 8001 8014
f 8009 8017 8015
f 8016 8014 8017
f 8017 8009 8016
f 8025 8024 8021
f 8005 8018 8019
f 8020 8019 8023
f 8026 8021 8022
f 8023 8024 8025
f 8026 8022 8014
f 8025 8021 8026
f 8028 8014 8016
f 8026 8014 8028
f 7963 8029 8016
f 8031 8023 8033
f 8019 8024 8023
f 8033 8023 8025
f 8033 8025 8034
f 8034 8025 8026
f 8034 8026 8027
f 8027 8028 8038
f 8027 8026 8028
f 8038 8029 8039
f 8038 8028 8029
f 7963 8041 8029
f 8029 8041 8039
f 8020 8031 7960
f 8023 8031 8020
f 8033 8032 8030
f 8030 8031 8033
f 8034 8035 8032
f 8032 8033 8034
f 8027 8037 8035
f 8035 8034 8027
f 8038 8036 8037
f 8037 8027 8038
f 8039 8040 8036
f 8036 8038 8039
f 8040 8041 7966
f 8040 8039 8041
f 8044 8051 8042
f 8048 8049 8043
f 8051 8044 8045
f 8047 8043 8049
f 8046 8043 8047
f 8051 8045 8048
f 8049 8048 8045
f 8048 8050 8051
f 8051 8050 8052
f 8066 8063 8098
f 8056 8053 8054
f 8055 8062 8096
f 8054 8061 8056
f 8059 8064 8057
f 8094 8068 8067
f 8058 8059 8060
f 8060 8061 8058
f 8056 8061 8060
f 8062 8063 8096
f 8059 8058 8064
f 8073 8074 8090
f 8095 8065 8066
f 8065 8069 8068
f 8067 8068 8069
f 8092 8091 8070
f 8093 8071 8092
f 8070 8091 8072
f 8073 8076 8074
f 8088 8089 8075
f 8075 8074 8076
f 8077 8078 8087
f 8077 8089 8078
f 8081 8079 8084
f 8080 8081 8087
f 8082 8083 8084
f 8082 8085 8083
f 8084 8079 8082
f 8085 8086 8083
f 8079 8081 8080
f 8080 8087 8078
f 8088 8078 8089
f 8075 8076 8088
f 8072 8073 8090
f 8091 8073 8072
f 8092 8070 8093
f 8071 8093 8094
f 8094 8067 8071
f 8095 8069 8065
f 8098 8095 8066
f 8096 8097 8055
f 8062 8098 8063
f 8064 8097 8057
f 8097 8096 8057
f 8101 8116 8102
f 8101 8099 8100
f 8115 8116 8101
f 8101 8102 8099
f 8104 8103 8115
f 8103 8104 8113
f 8114 8112 8113
f 8105 8107 8111
f 8106 8107 8109
f 8107 8106 8111
f 8108 8106 8109
f 8108 8109 8110
f 8105 8111 8112
f 8105 8112 8114
f 8113 8104 8114
f 8115 8103 8116
f 8121 8119 8117
f 8121 8118 8119
f 8120 8118 8121
f 8117 8133 8122
f 8130 8122 8131
f 8123 8130 8132
f 8126 8123 8129
f 8124 8126 8129
f 8125 8126 8124
f 8125 8124 8128
f 8127 8125 8128
f 8123 8132 8129
f 8130 8131 8132
f 8131 8122 8133
f 8117 8119 8133
f 8134 8135 8136
f 8137 8135 8134
f 8138 8142 8139
f 8140 8141 8138
f 8138 8141 8142
f 8143 8145 8156
f 8144 8145 8146
f 8147 8148 8160
f 8149 8151 8150
f 8151 8147 8150
f 8148 8147 8151
f 8162 8152 8153
f 8162 8161 8152
f 8152 8164 8153
f 8154 8164 8165
f 8155 8154 8165
f 8155 8143 8156
f 8144 8156 8145
f 8160 8159 8147
f 8151 8157 8148
f 8158 8159 8160
f 8160 8161 8158
f 8158 8161 8162
f 8165 8164 8163
f 8152 8163 8164
f 8165 8143 8155
f 8166 8167 8169
f 8167 8168 8169
f 8170 8173 8172
f 8171 8172 8173
f 8174 8184 8182
f 8174 8182 8175
f 8174 8175 8177
f 8176 8177 8175
f 8176 8179 8178
f 8178 8177 8176
f 8178 8179 8180
f 8178 8180 8181
f 8182 8184 8183
f 8184 8185 8183
f 8183 8185 8187
f 8185 8186 8187
f 8188 8187 8186
f 8188 8186 8189
f 8188 8189 8190
f 8191 8227 8256
f 8192 8193 8275
f 8274 8203 8194
f 8195 8196 8197
f 8202 8196 8192
f 8196 8195 8201
f 8200 8198 8201
f 8201 8199 8200
f 8201 8198 8196
f 8192 8276 8202
f 8197 8196 8202
f 8193 8194 8203
f 8193 8203 8275
f 8204 8273 8274
f 8272 8205 8206
f 8206 8204 8271
f 8207 8206 8205
f 8212 8209 8270
f 8270 8206 8207
f 8270 8208 8212
f 8270 8269 8208
f 8209 8210 8211
f 8212 8210 8209
f 8268 8267 8266
f 8213 8268 8211
f 8214 8262 8266
f 8261 8215 8262
f 8265 8264 8262
f 8265 8262 8215
f 8260 8216 8264
f 8216 8221 8264
f 8217 8222 8218
f 8216 8220 8221
f 8219 8259 8225
f 8220 8219 8221
f 8257 8222 8223
f 8224 8223 8225
f 8222 8217 8256
f 8226 8256 8217
f 8227 8255 8228
f 8228 8256 8227
f 8254 8228 8255
f 8229 8230 8252
f 8252 8254 8253
f 8236 8234 8233
f 8231 8230 8251
f 8232 8233 8234
f 8235 8233 8232
f 8233 8231 8236
f 8237 8233 8250
f 8250 8249 8237
f 8237 8249 8248
f 8244 8238 8239
f 8247 8239 8248
f 8240 8243 8241
f 8241 8242 8240
f 8240 8245 8243
f 8239 8247 8244
f 8238 8246 8245
f 8246 8243 8245
f 8246 8238 8244
f 8247 8248 8249
f 8235 8250 8233
f 8251 8230 8229
f 8236 8231 8251
f 8229 8252 8253
f 8253 8254 8255
f 8191 8256 8258
f 8222 8257 8218
f 8258 8256 8226
f 8257 8223 8224
f 8224 8225 8259
f 8259 8219 8220
f 8264 8263 8260
f 8214 8261 8262
f 8263 8264 8265
f 8214 8266 8267
f 8267 8268 8213
f 8213 8211 8210
f 8269 8270 8207
f 8271 8204 8274
f 8206 8271 8272
f 8273 8203 8274
f 8276 8192 8275
f 8275 8277 8276
f 8276 8277 8278
f 8282 8279 8280
f 8280 8281 8282
f 8283 8294 8293
f 8299 8284 8297
f 8286 8285 8283
f 8283 8285 8294
f 8291 8287 8292
f 8292 8285 8286
f 8287 8288 8290
f 8288 8289 8290
f 8291 8292 8286
f 8292 8287 8290
f 8295 8293 8294
f 8293 8295 8296
f 8295 8298 8296
f 8298 8297 8296
f 8297 8298 8299
f 8300 8301 8302
f 8301 8300 8303
f 8308 8304 8309
f 8308 8306 8304
f 8304 8306 8305
f 8305 8306 8307
f 8311 8308 8309
f 8310 8311 8309
f 8315 8313 8311
f 8311 8310 8315
f 8312 8313 8314
f 8315 8314 8313
f 8316 8317 8318
f 8316 8319 8317
f 8321 8326 8325
f 8325 8320 8321
f 8320 8323 8324
f 8322 8324 8323
f 8320 8324 8321
f 8328 8325 8326
f 8331 8328 8327
f 8326 8327 8328
f 8329 8330 8331
f 8331 8327 8329
f 8332 8333 8334
f 8334 8333 8335
f 8334 8335 8336
f 8337 8338 8339
f 8340 8337 8339
f 8341 8338 8342
f 8338 8337 8342
f 8339 8344 8340
f 8339 8343 8344
f 8345 8346 8347
f 8345 8347 8348
f 8352 8349 8350
f 8351 8352 8350
f 8353 8354 8355
f 8353 8355 8356
f 8357 8395 8400
f 8455 8358 8453
f 8425 8359 8407
f 8360 8362 8364
f 8450 8449 8361
f 8450 8362 8363
f 8448 8365 8369
f 8364 8365 8366
f 8368 8367 8446
f 8368 8447 8369
f 8370 8371 8372
f 8373 8367 8372
f 8374 8375 8376
f 8370 8376 8445
f 8443 8377 8444
f 8443 8444 8374
f 8378 8441 8440
f 8379 8378 8377
f 8380 8382 8381
f 8440 8442 8382
f 8385 8380 8439
f 8436 8384 8383
f 8438 8384 8385
f 8470 8386 8396
f 8460 8387 8388
f 8389 8468 8390
f 8467 8391 8389
f 8468 8386 8469
f 8466 8467 8394
f 8465 8464 8392
f 8392 8393 8394
f 8465 8395 8463
f 8471 8396 8398
f 8397 8398 8399
f 8434 8472 8475
f 8400 8401 8357
f 8402 8436 8437
f 8403 8402 8435
f 8404 8361 8451
f 8454 8453 8358
f 8461 8431 8405
f 8425 8423 8410
f 8432 8457 8406
f 8423 8425 8407
f 8414 8430 8428
f 8408 8358 8419
f 8417 8409 8418
f 8423 8411 8410
f 8410 8411 8412
f 8457 8458 8406
f 8433 8413 8457
f 8427 8359 8414
f 8418 8415 8457
f 8421 8416 8418
f 8417 8418 8416
f 8419 8424 8408
f 8420 8416 8421
f 8424 8420 8421
f 8421 8408 8424
f 8424 8422 8420
f 8423 8407 8422
f 8424 8423 8422
f 8425 8414 8359
f 8428 8430 8426
f 8427 8414 8428
f 8459 8429 8430
f 8426 8430 8429
f 8431 8457 8413
f 8459 8413 8429
f 8457 8432 8433
f 8462 8387 8401
f 8402 8403 8474
f 8399 8472 8434
f 8402 8437 8435
f 8436 8383 8437
f 8384 8438 8383
f 8385 8439 8438
f 8380 8381 8439
f 8382 8442 8381
f 8440 8441 8442
f 8378 8379 8441
f 8377 8443 8379
f 8444 8375 8374
f 8375 8445 8376
f 8445 8371 8370
f 8371 8373 8372
f 8373 8446 8367
f 8446 8447 8368
f 8447 8448 8369
f 8448 8366 8365
f 8366 8360 8364
f 8360 8363 8362
f 8363 8449 8450
f 8449 8451 8361
f 8452 8454 8404
f 8451 8452 8404
f 8452 8453 8454
f 8415 8418 8456
f 8455 8419 8358
f 8456 8418 8409
f 8457 8415 8458
f 8431 8413 8459
f 8459 8405 8431
f 8460 8388 8461
f 8405 8460 8461
f 8387 8462 8388
f 8401 8400 8462
f 8357 8463 8395
f 8463 8464 8465
f 8464 8393 8392
f 8393 8466 8394
f 8466 8391 8467
f 8389 8390 8467
f 8468 8469 8390
f 8386 8470 8469
f 8396 8471 8470
f 8398 8397 8471
f 8399 8434 8397
f 8472 8474 8475
f 8403 8473 8474
f 8474 8473 8475
f 8476 8500 8477
f 8478 8479 8482
f 8479 8498 8500
f 8484 8480 8497
f 8497 8481 8482
f 8483 8496 8485
f 8496 8484 8497
f 8495 8494 8493
f 8494 8495 8485
f 8487 8486 8491
f 8487 8493 8486
f 8488 8489 8490
f 8491 8486 8489
f 8488 8491 8489
f 8488 8490 8492
f 8493 8494 8486
f 8483 8485 8495
f 8496 8483 8484
f 8481 8497 8480
f 8482 8481 8478
f 8479 8478 8498
f 8500 8498 8499
f 8499 8477 8500
f 8501 8502 8503
f 8501 8503 8504
f 8506 8507 8505
f 8506 8518 8507
f 8508 8519 8509
f 8510 8514 8513
f 8512 8514 8510
f 8511 8512 8510
f 8513 8514 8515
f 8513 8515 8517
f 8515 8516 8517
f 8516 8509 8517
f 8509 8516 8508
f 8506 8519 8518
f 8508 8518 8519
f 8520 8521 8522
f 8522 8524 8523
f 8522 8525 8524
f 8522 8521 8525
f 8526 8529 8527
f 8526 8528 8529
f 8533 8535 8530
f 8533 8530 8531
f 8533 8531 8532
f 8533 8534 8536
f 8535 8533 8536
f 8537 8538 8533
f 8534 8533 8538
f 8548 8540 8539
f 8539 8540 8541
f 8543 8541 8540
f 8542 8541 8543
f 8545 8542 8543
f 8546 8545 8544
f 8542 8545 8546
f 8539 8547 8548
f 8547 8550 8548
f 8550 8547 8549
f 8554 8550 8549
f 8553 8550 8554
f 8551 8552 8553
f 8551 8553 8554
f 8555 8556 8051
f 8555 8557 8556
f 8558 8559 8588
f 8560 8561 8562
f 8566 8601 8563
f 8563 8601 8564
f 8564 8568 8563
f 8565 8600 8566
f 8567 8568 8564
f 8619 8569 8570
f 8566 8571 8565
f 8615 8614 8618
f 8565 8571 8620
f 8568 8599 8572
f 8597 8573 8574
f 8607 8603 8575
f 8568 8572 8603
f 8603 8602 8575
f 8597 8611 8609
f 8610 8607 8608
f 8575 8576 8607
f 8610 8577 8609
f 8578 8579 8580
f 8587 8581 8582
f 8577 8583 8609
f 8583 8584 8609
f 8584 8585 8609
f 8560 8562 8586
f 8578 8587 8579
f 8587 8578 8581
f 8590 8559 8580
f 8588 8591 8589
f 8579 8590 8580
f 8559 8558 8580
f 8588 8589 8558
f 8591 8592 8589
f 8591 8593 8592
f 8592 8593 8594
f 8562 8595 8594
f 8561 8595 8562
f 8593 8562 8594
f 8614 8596 8593
f 8562 8593 8596
f 8614 8597 8596
f 8598 8609 8585
f 8567 8599 8568
f 8566 8600 8601
f 8602 8603 8604
f 8572 8604 8603
f 8605 8607 8576
f 8606 8607 8610
f 8607 8605 8608
f 8613 8606 8609
f 8610 8609 8606
f 8609 8611 8612
f 8609 8612 8613
f 8614 8615 8617
f 8597 8574 8611
f 8617 8616 8597
f 8597 8616 8573
f 8614 8617 8597
f 8618 8614 8619
f 8569 8620 8570
f 8614 8569 8619
f 8571 8570 8620
f 8621 8708 8705
f 8641 8623 8642
f 8622 8680 8679
f 8641 8625 8623
f 8678 8624 8676
f 8674 8675 8627
f 8623 8625 8626
f 8629 8627 8632
f 8628 8629 8632
f 8626 8625 8636
f 8632 8631 8628
f 8630 8631 8632
f 8633 8630 8632
f 8633 8632 8637
f 8634 8635 8636
f 8626 8636 8635
f 8633 8637 8638
f 8639 8638 8637
f 8637 8667 8640
f 8643 8641 8642
f 8646 8643 8642
f 8646 8645 8643
f 8644 8645 8646
f 8644 8646 8648
f 8650 8647 8646
f 8646 8647 8648
f 8650 8649 8652
f 8649 8650 8646
f 8649 8651 8652
f 8653 8654 8649
f 8651 8649 8654
f 8653 8707 8654
f 8706 8705 8697
f 8702 8655 8700
f 8656 8657 8703
f 8696 8693 8695
f 8698 8658 8692
f 8690 8692 8658
f 8659 8687 8660
f 8689 8688 8686
f 8685 8661 8689
f 8662 8685 8663
f 8663 8685 8664
f 8665 8637 8666
f 8667 8637 8665
f 8668 8666 8670
f 8668 8673 8666
f 8671 8669 8670
f 8670 8669 8668
f 8671 8672 8669
f 8673 8665 8666
f 8629 8674 8627
f 8624 8627 8675
f 8624 8678 8627
f 8676 8677 8678
f 8677 8622 8679
f 8677 8679 8678
f 8680 8683 8679
f 8680 8681 8683
f 8682 8683 8681
f 8682 8681 8684
f 8685 8682 8684
f 8664 8685 8684
f 8685 8662 8661
f 8686 8687 8689
f 8687 8686 8660
f 8637 8640 8639
f 8661 8688 8689
f 8659 8690 8687
f 8690 8659 8691
f 8691 8692 8690
f 8693 8698 8694
f 8696 8695 8701
f 8693 8694 8695
f 8656 8655 8702
f 8701 8699 8696
f 8703 8697 8656
f 8694 8698 8692
f 8655 8699 8700
f 8700 8699 8701
f 8702 8657 8656
f 8704 8706 8697
f 8703 8704 8697
f 8707 8621 8705
f 8706 8707 8705
f 8705 8708 8709
f 8707 8710 8621
f 8707 8653 8710
f 8713 8711 8712
f 8713 8712 8717
f 8714 8715 8716
f 8717 8716 8713
f 8716 8717 8714
f 8718 8720 8719
f 8720 8718 8721
f 8724 8743 8742
f 8744 8722 8723
f 8728 8724 8742
f 8725 8732 8726
f 8727 8728 8740
f 8741 8729 8739
f 8741 8730 8729
f 8737 8731 8729
f 8729 8730 8736
f 8725 8735 8732
f 8733 8734 8737
f 8734 8733 8735
f 8735 8733 8732
f 8734 8731 8737
f 8729 8736 8737
f 8743 8738 8742
f 8727 8741 8739
f 8727 8740 8741
f 8728 8742 8740
f 8723 8743 8744
f 8744 8743 8724
f 8745 8746 8747
f 8747 8746 8748
f 8745 8749 8746
f 8754 8753 8755
f 8750 8752 8753
f 8750 8751 8752
f 8752 8755 8753
f 8754 8755 8756
f 8756 8755 8757
f 8758 8830 8759
f 8818 8821 8824
f 8810 8807 8760
f 8808 8806 8760
f 8804 8801 8802
f 8801 8800 8761
f 8762 8763 8797
f 8764 8796 8795
f 8796 8764 8791
f 8765 8790 8766
f 8791 8790 8765
f 8766 8790 8767
f 8767 8769 8768
f 8768 8769 8770
f 8771 8772 8770
f 8771 8773 8772
f 8773 8774 8776
f 8775 8779 8777
f 8774 8783 8776
f 8780 8777 8779
f 8778 8780 8779
f 8785 8780 8778
f 8780 8785 8782
f 8781 8774 8782
f 8774 8784 8783
f 8784 8774 8781
f 8785 8781 8782
f 8774 8773 8771
f 8770 8769 8771
f 8766 8767 8768
f 8777 8788 8775
f 8786 8787 8777
f 8788 8777 8787
f 8787 8786 8789
f 8764 8790 8791
f 8789 8786 8793
f 8794 8793 8786
f 8792 8793 8794
f 8798 8795 8796
f 8798 8763 8795
f 8797 8763 8798
f 8799 8762 8797
f 8799 8800 8762
f 8761 8800 8799
f 8802 8801 8761
f 8804 8802 8803
f 8806 8805 8803
f 8804 8803 8805
f 8808 8805 8806
f 8807 8808 8760
f 8809 8811 8810
f 8811 8807 8810
f 8811 8809 8812
f 8809 8813 8812
f 8812 8813 8814
f 8813 8815 8814
f 8816 8814 8815
f 8814 8816 8817
f 8823 8818 8819
f 8820 8828 8825
f 8826 8821 8818
f 8823 8822 8816
f 8816 8822 8817
f 8823 8819 8822
f 8819 8818 8824
f 8820 8826 8818
f 8825 8826 8820
f 8820 8829 8827
f 8827 8828 8820
f 8829 8759 8830
f 8827 8829 8830
f 8831 8758 8759
f 8832 8833 8834
f 8835 8837 8832
f 8834 8833 8836
f 8832 8837 8833
f 8838 8842 8839
f 8842 8838 8843
f 8842 8840 8841
f 8842 8843 8840
f 8844 8847 8846
f 8845 8846 8847
f 8863 8861 8848
f 8850 8849 8855
f 8850 8851 8849
f 8852 8864 8866
f 8853 8856 8855
f 8858 8856 8853
f 8854 8853 8855
f 8849 8854 8855
f 8864 8856 8857
f 8858 8857 8856
f 8862 8865 8859
f 8864 8857 8865
f 8860 8861 8863
f 8859 8848 8862
f 8859 8863 8848
f 8862 8864 8865
f 8864 8862 8866
f 8882 8867 8868
f 8882 8877 8867
f 8883 8869 8873
f 8868 8869 8870
f 8885 8871 8872
f 8873 8871 8884
f 8874 8875 8878
f 8872 8875 8886
f 8882 8876 8877
f 8887 8878 8879
f 8879 8889 8888
f 8876 8882 8880
f 8889 8881 8891
f 8882 8868 8870
f 8870 8869 8883
f 8883 8873 8884
f 8884 8871 8885
f 8885 8872 8886
f 8886 8875 8874
f 8874 8878 8887
f 8887 8879 8888
f 8888 8889 8891
f 8881 8890 8891
f 8892 8893 8894
f 8902 8905 8900
f 8894 8904 8895
f 8899 8903 8897
f 8896 8897 8898
f 8901 8903 8899
f 8896 8899 8897
f 8903 8902 8900
f 8901 8902 8903
f 8905 8895 8904
f 8905 8904 8900
f 8893 8904 8894
f 8906 8896 8898
f 8893 8892 8907
f 8913 8906 8898
f 8914 8913 8898
f 8907 8892 8908
f 8912 8911 8910
f 8911 8907 8908
f 8909 8912 8910
f 8907 8911 8912
f 8916 8917 8914
f 8913 8914 8917
f 8918 8915 8916
f 8916 8915 8917
f 8920 8918 8916
f 8918 8920 8921
f 8919 8921 8923
f 8920 8923 8921
f 8922 8923 8924
f 8923 8922 8919
f 8924 8929 8927
f 8927 8922 8924
f 8929 8925 8926
f 8927 8929 8926
f 8928 8925 8930
f 8929 8930 8925
f 8931 8930 8932
f 8930 8931 8928
f 8932 8935 8933
f 8933 8931 8932
f 8935 8934 8936
f 8933 8935 8936
f 8935 8937 8934
f 8934 8938 8939
f 8938 8934 8937
f 8938 8940 8939
f 8939 8940 8941
f 8942 8941 8940
f 8944 8942 8940
f 8943 8942 8944
f 8946 8945 8943
f 8943 8944 8946
f 8945 8990 8947
f 8946 8990 8945
f 8947 8950 8948
f 8949 8948 8950
f 8949 8988 8989
f 8986 8987 8951
f 8953 8978 8952
f 8953 8980 8954
f 8976 8955 8977
f 8976 8952 8956
f 8957 8958 8975
f 8957 8977 8959
f 8960 8963 8961
f 8960 8975 8974
f 8964 8962 8961
f 8961 8963 8964
f 8973 8962 8971
f 8964 8971 8962
f 8966 8972 8965
f 8972 8966 8973
f 8966 8965 8968
f 8968 8965 8970
f 8967 8968 8969
f 8970 8969 8968
f 8974 8963 8960
f 8971 8972 8973
f 8958 8957 8959
f 8958 8974 8975
f 8955 8976 8956
f 8955 8959 8977
f 8978 8953 8954
f 8978 8956 8952
f 8979 8982 8980
f 8982 8954 8980
f 8979 8981 8982
f 8981 8984 8982
f 8984 8983 8951
f 8981 8983 8984
f 8983 8985 8951
f 8986 8951 8985
f 8987 8986 8988
f 8949 8987 8988
f 8989 8948 8949
f 8990 8950 8947
