# Generated by BeeFoundrySim OpenUSD importer
v -0.0609999946995751 -0.0207999967452754 0.00865000001378357
v -0.0613687425010639 -0.020798104298105 0.00861525609459155
v -0.0609999946995751 -0.0217913969187037 0.00700000005960464
v -0.0618471404797414 -0.0207992200223718 0.00842049699081859
v -0.062591527868674 -0.0207997844037622 0.00743998570501836
v -0.0624557522347813 -0.0207992479620446 0.00778417690953217
v -0.0621948925484506 -0.0207992144344372 0.0081434536767724
v -0.0626570780663301 -0.020798054006694 0.00700151299309329
v -0.0625733037514351 -0.0207992218850166 0.00648944205069299
v -0.0623806429437411 -0.0207992218850166 0.00608895705441481
v -0.0617858110353214 -0.0207980595946286 0.00554100458232303
v -0.0621415799274766 -0.020799786266407 0.00580651253521787
v -0.0610006391746942 -0.0207996074525011 0.00534578540520849
v -0.0613675951118347 -0.0207997788158276 0.00538967351489499
v -0.0610034964718982 -0.0207973368884257 0.084661139145617
v -0.0615816539835965 -0.0207992181597269 0.0845481436428097
v -0.0609999946995751 -0.0217913969187037 0.0830000024363398
v -0.0619725523576736 -0.0207992256103063 0.0843377392514555
v -0.0624557932129681 -0.0207992479620446 0.0837840940702536
v -0.0622435858101898 -0.0207997844037622 0.0840865056793427
v -0.0625915353192534 -0.0207997844037622 0.0834399815624956
v -0.0626570706157507 -0.020798054006694 0.0830015596076497
v -0.0625733857078087 -0.0207992237476615 0.0824896823803406
v -0.0623806652954793 -0.0207992162970821 0.0820889529118921
v -0.0618490776303882 -0.0207992349235306 0.0815805849079657
v -0.0621414644434958 -0.0207997844037622 0.0818063672973282
v -0.0610006466252736 -0.0207996000019217 0.081345764964541
v -0.0614400892495017 -0.0207992237476615 0.0814054292126276
v -0.0546111712835843 -0.0487958487671601 0.047588634172336
v -0.0556638189450591 -0.0482280140332354 0.048997404821275
v -0.0547021540340593 -0.0482341086071935 0.0483117539812977
v -0.0547215516175553 -0.0481144523018561 0.0489998299852051
v -0.0555825741018741 -0.0487298403588701 0.0477510195728163
v -0.0542290534173429 -0.0511550374846914 0.0477899786578868
v -0.0544363583388688 -0.0498752104811123 0.0472018521904531
v -0.0550965430045903 -0.0517302408416533 0.0489997107759182
v -0.0541561793001259 -0.0516049966017578 0.0489981461540279
v -0.0551280775819465 -0.0515358589501153 0.0481300566763418
v -0.0554276393030266 -0.0496861035997972 0.0472621385620056
v -0.0552705103085427 -0.0506564260840724 0.0473507594909349
v -0.0526214269967167 -0.0670122844585929 0.0249993199482712
v -0.0524652591269768 -0.0679765980505733 0.0234219799170945
v -0.0514519281730527 -0.0683016593796869 0.0232266517752412
v -0.0523175849177651 -0.0688881764414841 0.0232258936786824
v -0.0521802893656727 -0.0697357469046768 0.0235484069537727
v -0.0512658201499505 -0.0694506206812051 0.0234541831883598
v -0.0511657365167253 -0.0700688995630305 0.0240499781657015
v -0.0520853615333997 -0.0703221894606799 0.0242076194090928
v -0.0511184551397844 -0.0703604556365337 0.0249981148168866
v -0.052058841195987 -0.0704856998764292 0.0249997073784536
v -0.0525818979476528 -0.0672564846493611 0.0240616848902028
v -0.0516457438205555 -0.0671051261286308 0.0240299845331166
v -0.0516841739091563 -0.0668676836133882 0.0249997073784536
v -0.0621997764032543 -0.00499999955790516 0.00818447098468681
v -0.0625015174188121 -0.0207999967452754 0.00626918706068723
v -0.0626703922517372 -0.00499999955790516 0.00715377072646236
v -0.0623966840412125 -0.00499999955790516 0.00605513747285744
v -0.0616838051526082 -0.00499999955790516 0.00548898975203209
v -0.0610007658345442 -0.00499999955790516 0.0053344041779398
v -0.0617826855172586 -0.0207999967452754 0.00550744670240327
v -0.0610001511617428 -0.0207999967452754 0.00534658727392731
v -0.0623930891366468 -0.0207999967452754 0.00793294311464705
v -0.0626617272278825 -0.0207999967452754 0.00707620273360157
v -0.0610030084589468 -0.00500000002356637 0.00869824904132822
v -0.0617716325827027 -0.0207999967452754 0.00846785101738905
v -0.0610013097268412 -0.0207999967452754 0.00867392848415832
v -0.0626617272278825 -0.0207999967452754 0.0830762367753035
v -0.0624732722722658 -0.0207999967452754 0.0821983572349319
v -0.0623966877665022 -0.00499999955790516 0.0820551272767381
v -0.06168352948117 -0.00499999955790516 0.0814888608122871
v -0.0619018277326166 -0.0207999967452754 0.0816082414625233
v -0.0610023751596969 -0.0207999967452754 0.0813085642164521
v -0.0610007621092545 -0.00499999955790516 0.0813343879282238
v -0.0626703848011578 -0.00499999955790516 0.0831537675152622
v -0.0623930779607777 -0.0207999967452754 0.0839329566672528
v -0.0621998173814411 -0.00499999955790516 0.0841843765038763
v -0.061002993557788 -0.00500000002356637 0.0846982504867408
v -0.0609999946995751 -0.0207999967452754 0.0846499930772932
v -0.0615716366795787 -0.0207999967452754 0.0845761801769693
v -0.056244245158188 -0.0531001863284956 0.0491351735040134
v -0.0550983683965459 -0.0517213821027338 0.0488369379452555
v -0.0562481641629581 -0.0530755025589077 0.0485949207411351
v -0.0564127698138808 -0.0520593664618355 0.0512523825931761
v -0.0565627946808966 -0.0511330731765883 0.0517753127565537
v -0.0552298972001744 -0.0509095967724512 0.0504913952091769
v -0.0566471501409856 -0.0506122590493252 0.051899439426524
v -0.0553137422955738 -0.0503960097072166 0.0507110867490376
v -0.0564840532323936 -0.0516193240659648 0.0515578638414026
v -0.0553772920126582 -0.0499968933440494 0.0507499974053353
v -0.0567115902023096 -0.0502129936745698 0.0519249986426905
v -0.0563517868214034 -0.0524356430738189 0.0508715200974452
v -0.0551619069377612 -0.0513330988820299 0.0501223940374912
v -0.0562926590231994 -0.0528039661922812 0.0503067959031434
v -0.0551019670264014 -0.0516998722799749 0.0493214566412242
v -0.0551212267741783 -0.0515785246931113 0.0497082348978169
v -0.0562561437335071 -0.0530263883394317 0.0496694658025473
v -0.0562680385835364 -0.0529531454185339 0.0480687495752703
v -0.056313844745754 -0.0526734059639762 0.0474548329236768
v -0.0565230681914782 -0.0513782829208667 0.0463206385153389
v -0.0553137758231812 -0.0503955924747696 0.047289098487293
v -0.0553772920126582 -0.0499968933440494 0.0472499978411943
v -0.0567127785697256 -0.0502140144039491 0.0460682761802909
v -0.056604998487969 -0.050872638173284 0.0461494875069822
v -0.0551540055982961 -0.0513781227334094 0.0479415532661627
v -0.0552196004994287 -0.0509772033300248 0.0475491274696038
v -0.0564475938220469 -0.0518443762676473 0.0465831150133211
v -0.0563810638731982 -0.052254992600135 0.0469279837549928
v -0.0551162684135804 -0.0516114152759202 0.0483657483376768
v -0.0520669511516757 -0.0704417787108026 0.024597176732186
v -0.0532146160523763 -0.0718059798009192 0.0244269253814162
v -0.0521014845872447 -0.0702258907217954 0.0240778936279291
v -0.0535241839016052 -0.0698983036462615 0.0222252397486886
v -0.0522385715231136 -0.0693791547234967 0.0233649233721586
v -0.053882448737863 -0.0676888268714108 0.0223728916263679
v -0.0524878306573018 -0.0678404983164763 0.0235084178259577
v -0.0539833668359822 -0.0670604450039043 0.0227971965939433
v -0.0525569422319163 -0.0674166944584315 0.0238775829104129
v -0.0526070399278745 -0.0671064672329248 0.0244422624012322
v -0.0541059921972148 -0.066300791377759 0.0238812001672119
v -0.0541414904828175 -0.0660812898577376 0.0249999998137355
v -0.0541336785503053 -0.0661309777718282 0.0244286781304625
v -0.0526204509708139 -0.0670204875465242 0.0249994801357505
v -0.0524049653130949 -0.0683552588479682 0.0232885456095216
v -0.0540642205237481 -0.0665630219707014 0.0233727837345127
v -0.0536440190208484 -0.0691566431693933 0.022075643269517
v -0.0537658210930561 -0.0684029574573561 0.0221257167579446
v -0.0521607390452987 -0.069862764382472 0.023648660101399
v -0.0534145001968091 -0.0705746672451735 0.022562762218056
v -0.0523140533431244 -0.0689132699929397 0.0232532689738288
v -0.0533219751763962 -0.071143831907523 0.0230676861911784
v -0.0532551472043711 -0.071561906270001 0.0237027121997763
v -0.0532061931723524 -0.0718559880899245 0.0249999998137355
v -0.0520597911448619 -0.0704799852820211 0.0249999998137355
v -0.0595427172461692 -0.0483862717905001 0.0381792588938938
v -0.0570810197318145 -0.0479322781846827 0.038346055037989
v -0.0594603399149137 -0.0488948669675295 0.0406816778924686
v -0.0569203666132692 -0.048923995007736 0.0418629897714483
v -0.0592619384357836 -0.0501197347720849 0.0433176001164853
v -0.0566092527688126 -0.0508449369190346 0.044923867026183
v -0.0589677150548513 -0.0519361934830162 0.0455639650174089
v -0.0561054743913723 -0.0539555687242005 0.0474022206499676
v -0.0584924351436573 -0.0548706675138829 0.0476723190917301
v -0.0555589110616654 -0.0573300627991997 0.048643044040135
v -0.0576631931058152 -0.0599909888069991 0.0488006983220421
v -0.0551926927318866 -0.0595907921098173 0.0488224987203814
v -0.0579366777989575 -0.0583023298847011 0.0487038631281883
v -0.0595370734322655 -0.0484211293262735 0.0352923005381457
v -0.0570605120119862 -0.0480589343093765 0.0350927106642862
v -0.0594078468576749 -0.0492188591384977 0.0324716896011303
v -0.0569535179663575 -0.0487193611189288 0.0326254174271505
v -0.059152288258595 -0.0507967502966953 0.0296505142826472
v -0.0562254734233625 -0.0532147501628057 0.0270642576277794
v -0.0566619469916954 -0.0505197265783328 0.0294581887247073
v -0.0586747582724189 -0.0537452798456205 0.0269878351616598
v -0.0558071382906052 -0.055797504691427 0.0257897091852938
v -0.0576631931058152 -0.0599909888069991 0.0251992991149582
v -0.0580870342167571 -0.057373823777369 0.0254352627224789
v -0.0551931285907821 -0.0595879050102956 0.0250967996173322
v 0.0609964929272521 -0.0207973368884257 0.084661139145617
v 0.0604183279649744 -0.0207992181597269 0.0845481436428097
v 0.0593429076075305 -0.0207980335176006 0.0830009859129566
v 0.0594084578051866 -0.0207997825411173 0.0834400188153978
v 0.0597563961383811 -0.0207997825411173 0.0840865056793427
v 0.0600274295908973 -0.0207992237476615 0.0843377392514555
v 0.0595441999114719 -0.0207992479620446 0.0837841164219949
v 0.0598042437593572 -0.020799229335596 0.0818572547616678
v 0.059581944546767 -0.0207997769531827 0.0821530055518521
v 0.0609999946995751 -0.0217913969187037 0.0830000024363398
v 0.059426763878799 -0.0207992311982409 0.0824892055431931
v 0.0601509043181827 -0.0207992330608858 0.0815805923585461
v 0.0609993427738767 -0.0207996000019217 0.081345764964541
v 0.0605598926990692 -0.0207992218850166 0.0814054292126276
v -0.0628195528515414 -0.00499999816092152 0.00823158938665115
v -0.0621740495525489 -1.52609678357355e-10 0.00881410277305313
v -0.0610032096245909 -4.55160681070561e-09 0.0092032288938039
v -0.0610010526818515 -0.00499999862658273 0.00917029919094668
v -0.0618909387108078 -0.00500000002356637 0.00896898264507243
v -0.0629737574936066 2.48972069959285e-09 0.00796190445210253
v -0.0631766442215419 -0.00499999862658273 0.00680068166626956
v -0.0631476242147369 4.17052187448199e-10 0.00670614683912366
v -0.0616441010149281 -4.0300092952974e-10 0.00493726076698465
v -0.0626439426948289 8.33140368397585e-10 0.00554363324023113
v -0.0625632454692306 -0.00499999862658273 0.00545655504711222
v -0.061003764692757 -0.00499999862658273 0.00478696579589771
v -0.0610002070410884 2.61868957018319e-10 0.00484541513371285
v -0.0628195081480649 -0.00499999816092152 0.084231665337868
v -0.062173770155821 -1.75497449722218e-10 0.0848142858263637
v -0.0618909945901533 -0.00500000002356637 0.0849689822278399
v -0.0610032058993012 -4.62315712053825e-09 0.0852032508283126
v -0.0610010489565618 -0.00499999909224394 0.0851702820099082
v -0.0631766442215419 -0.00499999862658273 0.0828007143109877
v -0.0629737723947654 2.43899239722759e-09 0.0839618798204836
v -0.0631476167641575 4.15833606850368e-10 0.0827060993901022
v -0.0626439128925113 7.98679994888865e-10 0.0815435927761288
v -0.061644343158759 -4.26169032163692e-10 0.0809373390465079
v -0.0625632976232865 -0.00499999862658273 0.0814566147001844
v -0.0610037721433364 -0.00499999862658273 0.0807869490805205
v -0.0610002070410884 2.17781383228723e-10 0.0808454286863186
v -0.0586498286337103 -0.0520063928422247 0.0489994947090858
v -0.0564789533107869 -0.0516494095056256 0.0489997666552715
v -0.0569230227448291 -0.0489075739307147 0.0483866397652036
v -0.0590815487323792 -0.0493408362993215 0.0481886815684583
v -0.0591167489948055 -0.0491233538863204 0.0489994798079249
v -0.0569456874073968 -0.0487679388966872 0.0489992711916729
v -0.0567334203999832 -0.05007844738628 0.047547365407332
v -0.0568491688764196 -0.0493639591725229 0.0478018884107048
v -0.0589736196390344 -0.050007242198851 0.0476518188196759
v -0.0588293615204826 -0.0508974076245352 0.0475514036219253
v -0.0566018580687474 -0.0508906909271963 0.0476852458487768
v -0.0586850735996131 -0.051788791219953 0.0481888529318082
v -0.0564987047968049 -0.0515278793795664 0.0483820166800465
v -0.053441221699866 -0.0704050101014103 0.0249997632578068
v -0.0556473270875333 -0.0705443284858128 0.0241887843417648
v -0.0538113590344149 -0.0681195970212047 0.0238018291338869
v -0.0560514167124572 -0.0680494721677903 0.0243167257089155
v -0.0560808278746813 -0.0678678642946522 0.0249988133088019
v -0.05390790364242 -0.067523476162547 0.0249992622062729
v -0.0538853209362258 -0.0676631596253406 0.0243866568568351
v -0.0559661671828389 -0.0685757214927336 0.0237250509025518
v -0.0557917081406454 -0.0696530529237964 0.023551405812396
v -0.0536956478108755 -0.0688340852349617 0.0235473620098674
v -0.0535850253330737 -0.0695170500472317 0.0236406171998244
v -0.0534690384380962 -0.0702329985745533 0.0242526265028277
v -0.0556120709457615 -0.0707619822621403 0.0249994931742662
v 0.0597070584015228 -0.0207999967452754 0.0840463470508229
v 0.0598001720177092 -0.00499999955790516 0.0841843839544568
v 0.0593385527438648 -0.0207999967452754 0.0832271259301798
v 0.0603163407087097 -0.00499999955790516 0.0814889055157697
v 0.0602276899895903 -0.0207999967452754 0.0815324467078049
v 0.0609987281010753 -0.0207999967452754 0.0813256111444768
v 0.0609992272898958 -0.00499999955790516 0.0813343879282238
v 0.0595572496013099 -0.0207999967452754 0.0821283441306275
v 0.0596032308521436 -0.00499999955790516 0.0820552539366054
v 0.0593295822462542 -0.00499999955790516 0.0831536855588774
v 0.0609969958413623 -0.00500000002356637 0.0846982504867408
v 0.0609999946995751 -0.0207999967452754 0.0846499930772932
v 0.0604283489942819 -0.0207999967452754 0.0845761801769693
v -0.0482609567701003 -0.140111111150612 0.00749998755753068
v -0.0351166892770516 -0.145023442068896 0.00749964389950833
v -0.033109659645951 -0.14307313369885 0.00894268489012081
v -0.0317356833956474 -0.140103690373518 0.00749999593943366
v -0.0314856009724343 -0.138000451410486 0.00750001084059452
v -0.031657996204131 -0.139912299889614 0.00900168696787162
v -0.031499995491856 -0.137999989474563 0.00902619006426207
v -0.0328783117046664 -0.142731912062994 0.00749985158443782
v -0.0356395299619145 -0.145375243527515 0.00887727438187731
v -0.0379707156767303 -0.146295956328783 0.00750007696449584
v -0.0385728193506549 -0.146405986485522 0.00881920083271263
v -0.0406202683750591 -0.146503678482756 0.00750000013038515
v -0.0435545859437582 -0.14579146269572 0.00750000106170771
v -0.041491721670553 -0.146426028544137 0.00877277440340576
v -0.0442932475624135 -0.145370177133516 0.00874069034142739
v -0.0461024270572605 -0.143959380119764 0.00750000618398175
v -0.0463762246747381 -0.1436789552119 0.00872633866087335
v -0.0474402679974217 -0.142143435498812 0.0074999870918694
v -0.047813739466257 -0.1414182557036 0.00872973705687216
v -0.0485145670426643 -0.138000436509327 0.0075000173598524
v -0.0484341082356071 -0.139208354245723 0.00874434950774126
v -0.0484999899840471 -0.137999989474563 0.00875666997380547
v -0.0884999864472883 -0.0109999991205236 0.00955693961180136
v -0.0885112740750957 -0.0110003781687511 0.00750000758096558
v -0.088281647217655 -0.0130333833136451 0.00749998662620812
v -0.0873190621600979 -0.0153812676395653 0.0074999991990626
v -0.0883630746000356 -0.0126778612219329 0.00954011526986698
v -0.0776683490010329 -0.0192012868055591 0.00750001410022346
v -0.0800419918426211 -0.0195255043565544 0.00750000339001409
v -0.0785909095459952 -0.0194089921957284 0.00961915102707257
v -0.0762768191856375 -0.0186753690313996 0.00966406498855207
v -0.0731801870191845 -0.0161616087307671 0.00750003132969071
v -0.0745148242101991 -0.0175046408621328 0.0097051381758197
v -0.0718701367402256 -0.0135757771128491 0.0074999991990626
v -0.0728456262013222 -0.0156616487752748 0.00975243259774671
v -0.0717590635023694 -0.013187281550632 0.00979737636154793
v -0.0714832207008435 -0.0110005616392691 0.00982667018115512
v -0.0714647507144842 -0.0110012321914161 0.00750000804662686
v -0.0753694801744114 -0.0181628473990207 0.00750000292435282
v -0.0823983120870793 -0.0191834445305151 0.00750000292435282
v -0.0839114279078795 -0.0185782917069666 0.00954422147100668
v -0.0813009609491397 -0.0194425533306843 0.00957536396588316
v -0.0846632062715875 -0.0181418311771477 0.00750000152736898
v -0.0861226853712094 -0.0169043663054535 0.00750000013038515
v -0.0874793837278594 -0.0151034839621029 0.00952675637915529
v -0.0859340665028457 -0.0171260359440835 0.00952862368087566
v -0.0628801856667864 1.20237423083153e-09 0.00586462426860725
v -0.063353245305316 0.010000022398871 0.00721665641926252
v -0.0619631944299337 0.0100000074977121 0.00487118948538923
v -0.0629675511609574 0.0100000345060625 0.00566874990607612
v -0.0610010787588794 0.00999996558820296 0.00465348073124556
v -0.0610016599040735 5.80983915077548e-08 0.00481826289031812
v -0.0620070410897662 1.14261193413081e-09 0.00508807681304044
v -0.0625041921768206 2.54473845895316e-09 0.00859993397593645
v -0.0631648648554935 -2.60535995711586e-09 0.00729611965352029
v -0.0626898978686347 0.0100000363687074 0.00866903438413811
v -0.0610042638815775 0.00999996465688054 0.00939249971376732
v -0.0610032170751703 7.93013244278531e-08 0.00920314041816129
v -0.0617518959978435 0.0100000074977121 0.0852118040946467
v -0.0632333654825963 0.00999997117613752 0.0837106238966295
v -0.0630169932059274 0.00810176284526611 0.0840900521556276
v -0.0633272427831724 0.00999990412092282 0.08287346177831
v -0.0628208716040971 3.24310162609161e-08 0.0842033903851347
v -0.0626672257554876 0.00999997862671693 0.0846616308839254
v -0.063299668188773 0.00948078593179809 0.0832880940298417
v -0.0631349507791591 0.00859675047032414 0.0838730614511729
v -0.0628846113109564 0.0069947012740482 0.0842825826045293
v -0.0629231308065102 0.00755190915342699 0.0842296685823127
v -0.062959981372276 0.00588528578539769 0.0841128211294229
v -0.0628948558576463 0.00644774725458352 0.0842403527146499
v -0.0625022624767532 0.00354189997962731 0.0813718047431453
v -0.0610024943689675 0.00373212491351525 0.0807405841185022
v -0.0610032729545159 2.23594316326326e-08 0.0807928648413822
v -0.0620588114408021 0.0035743921892684 0.0810524728658987
v -0.0632114160756521 0.00401995872411098 0.0827905666204415
v -0.063162987309482 3.66899270286311e-08 0.0830991026066444
v -0.0623543386731313 1.74567070763245e-08 0.0812988412089904
v -0.0629976962052535 -7.75430440755679e-09 0.0821566414351022
v -0.062866685216894 0.00358764048361382 0.0818080734802468
v -0.0631007228173459 0.00374468589191003 0.082298746355651
v -0.0632160130831486 0.00438415422157977 0.0832242872590358
v -0.0631519530013746 0.00483981070358942 0.0836048107533571
v -0.0630562950123194 0.00534102980700215 0.0838996898256311
v -0.0617406530735126 1.3601942294229e-08 0.0850546937051111
v -0.061000363503256 0.00999997676407208 0.0853321533203388
v -0.0609999946995751 0 0.0851499940793962
v -0.0597268918439143 -0.0534872923576526 0.049000001348555
v -0.0587230417522905 -0.0515562698124112 0.0479491603087821
v -0.0597924681185984 -0.0530875762228429 0.0475503270130531
v -0.0601464414211156 -0.0508987450035394 0.0462503124866565
v -0.0589853133234196 -0.0499400044449583 0.0476886731157748
v -0.0605299860733142 -0.0485305969642666 0.047444621903197
v -0.0604779214243916 -0.0488519218278057 0.0470528331312649
v -0.059078553599456 -0.0493643652291008 0.0481986504450742
v -0.0605693959131076 -0.0482870524244866 0.047887581261525
v -0.0591111089061915 -0.0491634976081858 0.048675830319319
v -0.0606072225047763 -0.048049773821991 0.0489990402236795
v -0.0605952605995322 -0.0481273045513397 0.0483694065726681
v -0.0591150912408866 -0.0491333935420764 0.049000001348555
v -0.0603994109438503 -0.0493404861220892 0.0466553111376916
v -0.0590363050889071 -0.049620870051766 0.0479083497544747
v -0.0589250679383039 -0.0503077575940957 0.0475723248517738
v -0.0603066735819242 -0.0499093229589446 0.0463897575499916
v -0.0602275260768433 -0.0503975780541826 0.0462737408368198
v -0.0588632691073811 -0.0506931760670162 0.0475493435364363
v -0.058783138125818 -0.0511883378493679 0.0476873618136191
v -0.0600659230094231 -0.0513955794409689 0.0463210184949409
v -0.0599889436229508 -0.0518710530672276 0.0464829456847247
v -0.0598553621846947 -0.0526957241746012 0.0470553812297721
v -0.0599179247000071 -0.0523097543588044 0.0467306178793918
v -0.0586570631463182 -0.0519669979035901 0.0486768473235477
v -0.0586841869806632 -0.0517961523924109 0.0482536245527798
v -0.0586514901129189 -0.0519960924161893 0.049000001348555
v -0.059749556506482 -0.0533491437142176 0.0481264058919309
v -0.0597309971131697 -0.0534632716896322 0.0486186024110331
v -0.056689190035311 -0.0722427923706153 0.0249999998137355
v -0.0556138553595303 -0.0707550159703912 0.0249995732680058
v -0.0559474438767796 -0.0686962942193385 0.0236883418927712
v -0.0573260022334208 -0.0683163370211262 0.0225310935259366
v -0.0560064487404234 -0.0683290253578628 0.0239492910217652
v -0.0560393020703353 -0.0681247602727364 0.0242003904834302
v -0.0560633339142248 -0.0679776485822702 0.024488064844428
v -0.0575241690192994 -0.0670921844721943 0.0237707900158139
v -0.0560808353252608 -0.0678801428495212 0.0249977460131553
v -0.0575694499156685 -0.0668053669671963 0.0249990349635697
v -0.0575575513403495 -0.0668829051471244 0.0243693342573344
v -0.0574555342817672 -0.067516167144145 0.0231435871166679
v -0.057393891913012 -0.0678919892707843 0.0228053996829972
v -0.0572296699669289 -0.0689069444510199 0.0223201992589191
v -0.0558871202605801 -0.0690644720515024 0.0235721184259925
v -0.0558255747493572 -0.0694487580363524 0.0235493438642619
v -0.057149296841535 -0.0694034734146936 0.0222502904627407
v -0.0570487140194892 -0.0700281225419152 0.0222901678318493
v -0.055764249030227 -0.0698233061139125 0.0236408258160764
v -0.0557095133485855 -0.0701651386972797 0.0238212229947472
v -0.0569512343637681 -0.0706259942867345 0.0224826833795901
v -0.0568803048477773 -0.0710640809055098 0.0227297688410483
v -0.0568179248716605 -0.0714493578174215 0.0230534388187504
v -0.0556578994597173 -0.0704810209125592 0.0241452282485687
v -0.0567660464872231 -0.0717698519413563 0.0234442888175482
v -0.0556248263377127 -0.0706882662294499 0.0245508415724894
v -0.0567187949125998 -0.0720653270196296 0.0240027470737082
v -0.0566932096229031 -0.0722189877693978 0.0246192080985187
v -0.0567290916133455 -0.0719960887851651 0.0369999996498227
v -0.0535646368225161 -0.0696429126852183 0.0305654418342089
v -0.0544427434854239 -0.0642214836757942 0.0259123923053058
v -0.058884197784946 -0.0586900990154257 0.0250584980459847
v -0.0562661051581793 -0.0529635948561575 0.027036828315925
v -0.0565405956795421 -0.0512687035241824 0.0284412254741514
v -0.056804994391093 -0.0496362815752772 0.030446169217389
v -0.0602757611279488 -0.0500985155219229 0.0305651643000879
v -0.0570332354407633 -0.0482272428982664 0.0334576845141273
v -0.0605692170992018 -0.0482865942138528 0.0369993849769372
v -0.0571174642410024 -0.0477071850048135 0.0369986585453452
v -0.0605108529853873 -0.0486471426527 0.033951862887624
v -0.0598873773244228 -0.0524965552857918 0.0277814989287816
v -0.0593976879926483 -0.0555199780589543 0.0259123308380172
v -0.0555055462866356 -0.0576594640908201 0.0251155564535657
v -0.0559560343948402 -0.0548784086658907 0.0259748933618912
v -0.0549561964402291 -0.0610510609708567 0.0250584924580494
v -0.0578844939407643 -0.0648627103422049 0.0259748151307967
v -0.0583349410707822 -0.0620815245321359 0.0251155303765342
v -0.0575229433989864 -0.0670948592302027 0.0272448298950904
v -0.0539530243513317 -0.0672451597686567 0.0277819068480602
v -0.0572181141182628 -0.0689771661619667 0.0289768737783237
v -0.0570065996193697 -0.0702826045322703 0.0307571955601008
v -0.0568510166201135 -0.0712433790990306 0.0327511459719133
v -0.0533296567237687 -0.0710942334003853 0.0339520640532956
v -0.056745132710817 -0.0718977262357837 0.0352571077214828
v -0.0532711994777116 -0.0714546328276443 0.0369993849769372
v 0.0586356092029048 -0.0520941420412353 0.0573610166305076
v 0.0586770940290641 -0.0518382071878951 0.0582495505008947
v 0.0560379237131443 -0.0543725404009257 0.0582493642363839
v 0.0582030062105758 -0.0547646830217644 0.0582466149722051
v 0.0582986753755001 -0.0541745487036632 0.0570627214671063
v 0.0560853429258043 -0.0540799375210152 0.0573178814951059
v 0.0563986137130003 -0.0521456069185154 0.0569947237448083
v 0.0562388770157226 -0.0531318103128047 0.0567898067059411
v 0.0584760960230094 -0.053078963353044 0.0567831496123265
v 0.056483326800901 -0.0516226060461952 0.0576349595717722
v 0.0565060398922348 -0.0514825277026929 0.0582493567858035
v 0.0564766995105151 -0.051663301110937 0.0370026148035538
v 0.0563272669645625 -0.0525861447779169 0.0362956180506434
v 0.0561428613988556 -0.0537247162464467 0.0365064657515332
v 0.0583805646938042 -0.0536689970883231 0.0363387271090136
v 0.0560605064193384 -0.0542331437854394 0.037136728976591
v 0.0582580250142348 -0.0544253910859761 0.0368291727417147
v 0.0582084004300692 -0.0547319228240951 0.0377488127853987
v 0.0560378827349575 -0.0543728123470742 0.0377492598202245
v 0.0585250388791589 -0.052776883336123 0.0363583109596749
v 0.0586528796459791 -0.0519873044577742 0.0370555958809943
v 0.0586759838927319 -0.0518450356439251 0.0377498558666589
v 0.0565046317327262 -0.0514912523311829 0.0377497627344035
v 0.0553994761128538 -0.0720745582875195 0.0377495578434417
v 0.054925470250739 -0.0750011011766035 0.0377466185894619
v 0.0527603393245413 -0.0746088654235222 0.0377493641283505
v 0.0528077771636499 -0.0743159831468838 0.0368175461109531
v 0.0529613485064652 -0.0733678298616454 0.0362897544438447
v 0.055021169217981 -0.0744104788455509 0.0365624233358557
v 0.0530899566829646 -0.0725738365149958 0.0364145814683754
v 0.0551987537782373 -0.0733140217771406 0.0362832314606779
v 0.0553582110787871 -0.0723294724114805 0.0368624433086266
v 0.0531988506263431 -0.0719012652610039 0.036996974714168
v 0.0532270138165159 -0.0717276816618912 0.0377497850861448
v 0.0527829592836325 -0.0744694278298491 0.0576366732052712
v 0.0527603020716443 -0.0746091112926427 0.0582492599282579
v 0.0549326302575528 -0.0749571427580798 0.0582494722698002
v 0.0549678305199791 -0.0747397050485551 0.0574387708878792
v 0.0528568355037802 -0.0740129680822467 0.0570518138173562
v 0.0550923259766438 -0.0739708648579964 0.0568525145161335
v 0.0530277070919874 -0.0729580554446311 0.0567697497434225
v 0.0531870898867431 -0.0719740350701091 0.0573862405705547
v 0.0552474880181633 -0.073013189732271 0.0568583073424181
v 0.0553753548620114 -0.0722236071286325 0.0575555885384472
v 0.0553983846029701 -0.0720813383147834 0.0582498559746923
v 0.0532284927565289 -0.0717185099986365 0.0582493009064503
v -0.0700420625759928 -0.0880030775040648 -8.15233995407251e-09
v -0.0697069429646747 -0.0893123380216062 -2.34062053392168e-09
v -0.0689705127945528 -0.0903054704547476 -2.50313808525823e-09
v -0.0700532607968472 -0.0880039492218558 0.00897975432172966
v -0.0643561007445885 -0.0894780612594405 0.00905325895428823
v -0.0641323225919853 -0.0889766223639352 1.18529505781157e-09
v -0.0639685737576948 -0.0880016469928179 0.00907610429653292
v -0.0639999928510701 -0.0879999929641887 0
v -0.065309841964385 -0.0905046914976128 0.00902717447220144
v -0.0651385456931514 -0.0904195313749474 6.28193216726025e-09
v -0.0665782360538582 -0.0909961540672871 0.00900036821513545
v -0.0683203081799521 -0.0907583688253916 0.00897589212709906
v -0.0667860848676812 -0.0910212774210603 -1.45093722679765e-09
v -0.0679360296456815 -0.0908564780550729 9.58814672876185e-10
v -0.0695742853982654 -0.0895859903527853 0.00896934492954585
v 0.0773965071606506 -0.00730043673149261 -1.90921265637297e-08
v 0.0772356864040686 -0.00758786658098592 0.00749998243525663
v 0.0761095089743887 -0.00866412699125839 -2.2794952970836e-08
v 0.0760838268271597 -0.00898218756969311 0.00749997451901492
v 0.0755895777407857 -0.0109979027137419 0.00750007696449584
v 0.0754308580475976 -0.0109962645175939 -1.53306015119916e-07
v 0.0789057784824749 -0.00661088793532957 -1.92076963371179e-08
v 0.0809779187270464 -0.00655160833157001 -2.95606466026061e-08
v 0.0790502973713061 -0.00668105656089802 0.00749996706843449
v 0.0810622518353972 -0.00673854430030929 0.00749997964128897
v 0.0825275349363801 -0.00740791320213819 0.00749998243525663
v 0.0836555079556981 -0.00856554558110687 0.00749998243525663
v 0.0828471275402062 -0.00748563485258433 -1.8554963372929e-08
v 0.0840336397619547 -0.00892191797019433 -2.37193424040456e-08
v 0.0842884346766451 -0.0100507319736633 0.00749997731298259
v 0.0845426111932444 -0.0109978328645599 7.80265861134636e-08
v 0.084369087198767 -0.0109999991205236 0.00749999966472388
v 0.044499989965194 -0.137999989474563 -3.49062984445381e-16
v 0.0443462696107905 -0.136698671274673 -2.2613835631539e-08
v 0.0444014672283553 -0.137998365248251 0.0074999083951136
v 0.0433104379070458 -0.134896689039537 -2.45685493120648e-08
v 0.0417708539028888 -0.133838691862045 -1.82649216110315e-08
v 0.0420162610875216 -0.134082117192555 0.00749997358769237
v 0.0434192647952096 -0.135243841336604 0.00749997824430514
v 0.0390503828644383 -0.133712896279273 0.00749997917562769
v 0.0366558970269484 -0.135153033674745 0.00749998150393408
v 0.0366271303398433 -0.135002144540517 -1.62912399925985e-08
v 0.0377516611914735 -0.134074398392285 -1.96346294830704e-08
v 0.0359336825623424 -0.13637069676901 0.00749998429790174
v 0.0358375551867843 -0.136228897341664 -1.88979760945934e-08
v 0.0355895812775445 -0.137997888411169 0.00750007743015712
v 0.0354666839701634 -0.137998320544775 -1.00278204829977e-07
v 0.0377384773912061 -0.13424896546788 0.00749998522922429
v 0.0397291343740515 -0.13345282635436 -3.12899885668842e-08
v 0.0404543551474498 -0.1336427565247 0.00749998755753068
v 0.0441041257799396 -0.136467137068903 0.00749998476356302
v -0.0354999917854194 -0.137999989474563 -3.49062984445381e-16
v -0.0355985219728375 -0.137998365248251 0.0074999083951136
v -0.0356536897880847 -0.136698805385103 -2.25973723567194e-08
v -0.0366893836561102 -0.134896838051125 -2.45984915822805e-08
v -0.036580612647292 -0.135243960545874 0.00749997824430514
v -0.0379838175206242 -0.134082072489078 0.00749997358769237
v -0.0382291464741731 -0.133838676960886 -1.82689947971732e-08
v -0.0402708548271413 -0.13345282635436 -3.12874732456558e-08
v -0.0409496137873339 -0.133712896279273 0.00749997917562769
v -0.0422613143696323 -0.134248861159768 0.00749998522922429
v -0.0422482088004487 -0.13407433878765 -1.96565159751994e-08
v -0.0433439282614974 -0.135152825058521 0.00749998150393408
v -0.0441625047949129 -0.136229165562522 -1.88603244358671e-08
v -0.043372877487798 -0.135002174342835 -1.63798482224809e-08
v -0.0440663662434857 -0.136370890484075 0.00749998429790174
v -0.044410411648938 -0.137997888411169 0.00750007743015712
v -0.0445333052310294 -0.137998320544775 -1.00263006321198e-07
v -0.0395456415043224 -0.1336427565247 0.00749998755753068
v -0.0358958634212532 -0.136467151970062 0.00749998476356302
v -0.0754999845233709 -0.0109999991205236 -3.48911974356128e-16
v -0.0757115660774787 -0.0100506081077806 0.00749997731298259
v -0.0756115494994682 -0.00990653625371402 -1.76818662423106e-08
v -0.0837649867695603 -0.0084924777488252 -1.84968800582925e-08
v -0.0839160174647965 -0.00898190258503064 0.00749997451901492
v -0.0844999864284352 -0.0109999991205236 -3.48911974356128e-16
v -0.0844169571714813 -0.0100224067333883 -2.09155781348988e-08
v -0.0844104528156557 -0.0109978999197746 0.00750007743015712
v -0.0827642770971581 -0.00758785261114952 0.00749998243525663
v -0.0809496884816589 -0.00668105702655923 0.00749996706843449
v -0.0826034861428938 -0.00730044371641081 -1.90712934511829e-08
v -0.0810942297222284 -0.00661089538590898 -1.92282931942104e-08
v -0.0789376595117737 -0.0067385587358069 0.00749998010695025
v -0.0778495917957799 -0.00702160857592908 -1.72063461851729e-08
v -0.079433584978515 -0.00651247462887602 -1.9968017903594e-08
v -0.0774724956200614 -0.00740787548357992 0.00749998243525663
v -0.0763445449524816 -0.00856545896812122 0.00749998196959535
v -0.0764155340731077 -0.00821762494303854 -2.40014243111236e-08
v -0.0756308912036186 -0.0109999991205236 0.00749999966472388
v 0.0316255824584044 -0.139599196740455 0.00749999640509494
v 0.031499995491856 -0.137999989474563 0.00749999966472388
v 0.0314624445716256 -0.138001434886968 0.00902688576220976
v 0.0337207710703832 -0.143769971489983 0.00892575717138296
v 0.0357826704935547 -0.145427576397296 0.0088744785515708
v 0.0347171035273815 -0.144692234011768 0.00750000432133665
v 0.0397860717019088 -0.146559960159625 0.00749994238838682
v 0.0378556787306276 -0.146228305067733 0.00883252340184472
v 0.0399128544864526 -0.146544001018527 0.00879658925242895
v 0.0477162039311902 -0.141598470318389 0.00872876941273876
v 0.046517599419058 -0.143523714939297 0.00750000804662686
v 0.0483751667018883 -0.139598451682514 0.00874080116881129
v 0.0477752572236002 -0.141470648178017 0.00749999407678855
v 0.0484999899840471 -0.137999989474563 0.00749999966472388
v 0.0484999899840471 -0.137999989474563 0.00875666997380547
v 0.0484067310815622 -0.139426626420142 0.00750000664964303
v 0.0463953093338989 -0.143663443105567 0.00872618871794219
v 0.0446714166215673 -0.145117826008872 0.00749999873340132
v 0.0427759668677227 -0.146062619082796 0.0075000052526592
v 0.0423218466020553 -0.146190366717374 0.00876294708781807
v 0.0442794565399242 -0.145373649103521 0.00874084494097132
v 0.0368205250296093 -0.145908347385516 0.00750006671994775
v 0.0320511893566666 -0.141188047700966 0.00898064839138131
v 0.0326796643564157 -0.142439059588673 0.00750006392598009
v 0.0626274247602752 -0.111629110684817 2.38183356598682e-09
v 0.061880578680137 -0.110001598667744 3.18709718153982e-09
v 0.0625228931311417 -0.111533407992286 0.00883304121718463
v 0.0620624957523207 -0.11082523041929 1.15503215519356e-10
v 0.0618164850707557 -0.110007812450972 0.00886167472910118
v 0.0635018918151408 -0.112056654733726 0.00881188156876232
v 0.0646157832393724 -0.112038825497196 0.00879406909359837
v 0.0638294565389364 -0.112123829157694 1.8182388521404e-09
v 0.0650910855023046 -0.111830201823115 7.38179501012496e-10
v 0.0658007978946593 -0.111095813111751 1.92863098954669e-09
v 0.0660999908120587 -0.109999981892012 0.00879389959289358
v 0.0658569827139961 -0.111108493997909 0.00878511070195338
v 0.0661430402598942 -0.110003751885193 -1.05608386340242e-09
v 0.0780620972217346 -0.0193054701201051 0.00962891128743638
v 0.0775300960494862 -0.0191795460148384 0.0074999810382728
v 0.0748687788862678 -0.0178250735187874 0.00750000618398175
v 0.0762021569293619 -0.0186129369012268 0.00966568642111823
v 0.071897078035375 -0.0136597367609069 0.00749998662620812
v 0.0714809333729644 -0.0110007395218525 0.00982669905215429
v 0.0717852150361013 -0.0133016693650035 0.00979574282178857
v 0.0714620461541581 -0.0110015330085598 0.00750003598630348
v 0.0730020064125753 -0.0158730273010936 0.00749999174848217
v 0.0728415507343845 -0.0156357822262054 0.00975298300937601
v 0.0745194808223309 -0.0175356632121545 0.0097047954491199
v 0.0802980310040731 -0.019522980472779 0.00749999826774005
v 0.0806150382568437 -0.0195049854608571 0.00958641969591931
v 0.0827395262723555 -0.0190768788932025 0.00749999174848217
v 0.083488883197755 -0.0188099283582034 0.00954830904569531
v 0.0851243822359569 -0.017830326177272 0.0075000173598524
v 0.0859208715267092 -0.0171391880793884 0.00952863206277865
v 0.0882384785605488 -0.0131970278398238 0.00953674108825457
v 0.0878600338299569 -0.0142553221091695 0.00749999780207877
v 0.0873625958955952 -0.0152910821010873 0.00952661761209478
v 0.0885174729571655 -0.0110006454582875 0.00955669467396971
v 0.0884067349953828 -0.0124277629662386 0.00750000199303026
v 0.0884999864472883 -0.0109999991205236 0.00749999966472388
v 0.0869758214172219 -0.0159045711916741 0.00749998755753068
v 0.0648469076632746 -0.0901297410887645 0.0090376695460602
v 0.0649578020872249 -0.0902335351105363 -1.57939047196484e-09
v 0.0641597034713199 -0.0890157155541036 0.00906176006655931
v 0.0641672956117395 -0.0890635408233415 -4.97520485902114e-11
v 0.0639890554004951 -0.0880005443070651 0.00907580068538038
v 0.0639937045620474 -0.0880003133391034 8.46627971013011e-10
v 0.0660543634637469 -0.0908635635560926 7.36309163835867e-10
v 0.0659347965653625 -0.0908205364599952 0.00901311802089695
v 0.0672104102662848 -0.0910192434128812 0.00899083892276498
v 0.0671682474373991 -0.0910114650079763 2.44033399140429e-10
v 0.0687386358621301 -0.0904985522201783 0.00897247137935896
v 0.0684804360326489 -0.0906485919883529 1.61289178405099e-09
v 0.0694735908175285 -0.0897246828885172 -8.43011641635731e-10
v 0.0699999891540601 -0.0879999929641887 0
v 0.0699273907082813 -0.0887250162972326 3.64838734395552e-10
v 0.0697815679680532 -0.0892039767946556 0.00897052212125386
v 0.0700100995903205 -0.0880004921530092 0.00898040345354966
v 0.0595866533129546 -0.00499999909224394 0.0813450646099806
v 0.0595510283675019 9.77280545226474e-10 0.0813626926832789
v 0.0609958857050301 -9.18248317192731e-11 0.0852142553356083
v 0.0609965301801491 -0.00499999862658273 0.0852059181361067
v 0.0595510320927916 -0.00500000048922758 0.0846373121894006
v 0.0595866644888237 -4.73250363495949e-10 0.0846549477132794
v 0.0589234474372821 -0.00499999909224394 0.0836234372044331
v 0.0589234511625718 -5.09192384906305e-10 0.0823765453165051
v 0.0588887202866484 -4.17820045325363e-10 0.0835663359560146
v 0.0588887202866484 -0.00499999909224394 0.0824336540155041
v 0.0609958819797404 -0.00499999955790516 0.0807857420864908
v 0.0609965264548594 -9.2056586575432e-10 0.0807940420330902
v 0.0598779895943653 -0.0525546921569343 0.0556672985330083
v 0.0585154015546911 -0.0528416437723616 0.0568627627895155
v 0.0595581734731569 -0.0545351008678001 0.0557072708970173
v 0.0596731470893345 -0.0538270238776261 0.0555164205540026
v 0.0582962688383505 -0.0541915993546448 0.0571307936952085
v 0.0592988635073435 -0.0561422951548204 0.0576486686397641
v 0.0582167525295887 -0.0546831774083 0.0579344021245598
v 0.0593447329994861 -0.0558553807922901 0.0568924049237578
v 0.0582117904437012 -0.0547107929808861 0.0582499975357205
v 0.0592872927575186 -0.0562018923395274 0.0582499975357205
v 0.0594154688004122 -0.0554135390814917 0.0563060814967882
v 0.0582512338111019 -0.0544738012256978 0.0574377017295874
v 0.058352911868321 -0.0538453709294251 0.0569102639650494
v 0.0594789887151789 -0.0550181927115064 0.0559786992673866
v 0.0597921365678147 -0.053091215830885 0.0555240275966221
v 0.0584346335485883 -0.0533429969862037 0.0567957820714463
v 0.0600507648056119 -0.0514893710598817 0.056379130712618
v 0.0599584744784504 -0.0520573734318431 0.0559048975429334
v 0.058637643211084 -0.0520881629512582 0.0574331866778466
v 0.0585828143971999 -0.0524241319286292 0.0570827486273032
v 0.0601594128798698 -0.0508229502591934 0.0576962629475535
v 0.0601196528628441 -0.051066640085272 0.056992641307578
v 0.058671595501459 -0.0518765068913563 0.0579301925466166
v 0.0601665915131321 -0.0507725917929558 0.0582499975357205
v 0.0586754921544908 -0.0518480941067732 0.0582499975357205
v 0.0601665915131321 -0.0507725917929558 0.0377499974276871
v 0.0586045551879206 -0.0522877453472249 0.0366994208835195
v 0.0600902528764891 -0.0512455881015605 0.0361944428936889
v 0.0584651511218549 -0.0531513792596272 0.0362993358902781
v 0.059787997770952 -0.0531117384518721 0.0350239194551724
v 0.0595131198194598 -0.0548086302644189 0.035344290688389
v 0.0593639666702351 -0.0557297006934991 0.0361951059953472
v 0.0582833979624183 -0.0542708958713139 0.0366993314765543
v 0.0582499336849947 -0.0544757011234475 0.0369513883378046
v 0.0593245456545725 -0.0559728615284395 0.036637525186594
v 0.0592855977507026 -0.0562099426905807 0.037749043753392
v 0.0592987368474936 -0.0561326466544834 0.0371192685413524
v 0.0582264047552154 -0.054622581845952 0.0372390738746731
v 0.0582122784566526 -0.0547202961949245 0.0377477473523971
v 0.0583433751266752 -0.0539035264270161 0.0364382258853713
v 0.0594308616974749 -0.0553203621353803 0.0357119582061777
v 0.0595872717110457 -0.0543511870403343 0.0351399510695051
v 0.0596872584867386 -0.0537371624393525 0.0350046895070816
v 0.0584022645063381 -0.0535354380018052 0.0363221346663951
v 0.059886971267845 -0.0525040282169408 0.0351799644117065
v 0.0585454683679033 -0.0526560759162666 0.0364373839697826
v 0.0599760727470187 -0.0519506289806246 0.0354803420123381
v 0.0600383446897341 -0.0515659294886173 0.0358036413236638
v 0.0586766581701686 -0.0518449238852339 0.0377495690193123
v 0.0586659405116862 -0.0519118189124738 0.0373007795817976
v 0.0601387114449769 -0.0509501428256048 0.0367535009215735
v 0.0586374681224678 -0.0520832455688471 0.0369510865892972
v 0.0601630040591458 -0.0507963889435939 0.037370308398374
v 0.0553940483657531 -0.0721124295826646 0.0374319209732431
v 0.0552390018082144 -0.0730756479394716 0.0363643459298235
v 0.0551566356528281 -0.0735778467940769 0.0362950369053698
v 0.0562753103490413 -0.0748064771412347 0.03522278289744
v 0.0549739884238621 -0.0747088000451592 0.0369359470098626
v 0.0561082907103895 -0.0758292852321693 0.0360143996175885
v 0.0549394549882931 -0.0749191299019259 0.0374335004962943
v 0.0560591764909136 -0.0761380893970085 0.0364810629975558
v 0.0560096934677568 -0.0764381912850959 0.0377499974276871
v 0.0549342917367614 -0.0749470919264546 0.0377499974276871
v 0.0560191780553467 -0.0763866332755732 0.0371892145904329
v 0.0550188446372048 -0.07442667640519 0.0366297207035932
v 0.0561723880450606 -0.0754394858185553 0.0356120012191236
v 0.0550753386555872 -0.0740813196977614 0.0364101036695368
v 0.0565110504068886 -0.0733522730518357 0.0350210994104795
v 0.0563909694185248 -0.0740938217700127 0.0350207045297167
v 0.0553055317570631 -0.0726584303936259 0.0365842200089048
v 0.0566262661668972 -0.0726400349130607 0.0352232262069756
v 0.0567030928164916 -0.0721570883556529 0.0355040981880404
v 0.0567719473461164 -0.0717346330524814 0.0358698136537564
v 0.0553603978238442 -0.0723227743405902 0.0369358017235442
v 0.0568414165485427 -0.0713079383696252 0.0364833279740066
v 0.0568817390843139 -0.0710606610895603 0.0371902986498855
v 0.0568889922233703 -0.0710088870132347 0.0377499974276871
v 0.055397892864729 -0.0720843930523418 0.0377499974276871
v 0.0568889922233703 -0.0710088870132347 0.0582499975357205
v 0.0553990663309862 -0.0720812340066716 0.0582495691273457
v 0.0553270415798221 -0.0725233141360112 0.0572000282138579
v 0.0563508070702109 -0.0743334547556021 0.0555618728199182
v 0.0564560986584443 -0.0736840026495219 0.0554975631349333
v 0.0562333188834821 -0.0750640213197277 0.0558498042259409
v 0.0549846949064754 -0.0746402174616828 0.0573421852884698
v 0.0561331979973598 -0.0756818680679473 0.0563339056894055
v 0.0549487570366875 -0.0748588696156514 0.0577389361469685
v 0.0560693986858652 -0.0760713694583848 0.0568626659319699
v 0.0549345487817511 -0.0749567180750534 0.0582477511857207
v 0.056027671715875 -0.0763332647752537 0.0574654923945928
v 0.0560081660989776 -0.0764467669019977 0.0582489283774287
v 0.0550748990714019 -0.0740803064189615 0.056913996705845
v 0.0550295920980049 -0.074358607911693 0.0570766428766405
v 0.0551357516787396 -0.07370792646001 0.0568101020870335
v 0.055197569136111 -0.0733231785392365 0.0568095432935012
v 0.0565398580721804 -0.0731667461739274 0.0555560911695042
v 0.0566206111771244 -0.0726679075306365 0.0557139615182438
v 0.0552679026057489 -0.0728917005843985 0.0569375852434877
v 0.0566949605090647 -0.072209033795305 0.055964267493093
v 0.0567759445819703 -0.0717138086830282 0.0563906753869949
v 0.0568346253454097 -0.0713461076879467 0.0569183329436555
v 0.0553719313207721 -0.0722496692554115 0.0575599843809012
v 0.0568670502670055 -0.0711460149272904 0.0573805557776863
v 0.0568854271211223 -0.0710324457453316 0.057871843325976
v 0.0553924166888621 -0.0721188594326961 0.0579266348944611
v 0.0599067823584983 -0.0523767946723427 0.0449588810289156
v 0.0599724405895559 -0.0519710621946587 0.0479987811744485
v 0.0565196856284257 -0.0513983138036126 0.047998304337301
v 0.0562608972031712 -0.0529959378213798 0.0420780172479596
v 0.0582677033168895 -0.0624967043445128 0.0362741417525528
v 0.058751298074706 -0.0595109666020101 0.0369698508761111
v 0.0577899274615928 -0.065446522843676 0.0363690248943338
v 0.0570380783173803 -0.0700885243891985 0.0382008953794637
v 0.0532497343584291 -0.0715870743272506 0.0400287164741296
v 0.0566811210578091 -0.0722927932090412 0.0401881402688889
v 0.053005962575977 -0.0730923968419871 0.042075133873333
v 0.052825010353827 -0.0742098943466535 0.0447161560196543
v 0.0564372971213011 -0.0737981455260953 0.0423316499069709
v 0.0562689401036451 -0.0748372778365189 0.0449562584246041
v 0.0527468500505181 -0.0746923417152407 0.0479984384477487
v 0.0562035985222124 -0.0752407937668282 0.0479988258779311
v 0.0536101375109778 -0.0693623536669254 0.0380920908281485
v 0.0541233781242699 -0.066193003845423 0.0366491965208382
v 0.0574283694692354 -0.0676790666123826 0.0369898333328254
v 0.0551432469616269 -0.0598961578322585 0.0366488426182678
v 0.0546330275582859 -0.0630466316108236 0.0362213059614307
v 0.0556569904890291 -0.0567244051988961 0.0380943073758265
v 0.0560168273975426 -0.0545029404417734 0.0400276026123553
v 0.0591848510159098 -0.0568342639923083 0.0384243978912145
v 0.0594961995536179 -0.0549117053052776 0.0401946036474123
v 0.0564411751478845 -0.0518828436091452 0.0447097820480961
v 0.0597386116053275 -0.0534149435062841 0.0423373607768708
v -0.0465026610073393 -0.0353178921740401 0.11998004943177
v -0.0465000756562838 -0.0274568268158968 0.120115657446183
v -0.0482943204647018 -0.0319389761801606 0.120456268181139
v -0.0474953389551366 -0.0335743746355405 0.120132056173711
v -0.047375369725464 -0.025922372535664 0.120226782853303
v -0.0484102850079411 -0.0239300559362549 0.120682147428047
v -0.0496766525398146 -0.0284065968768673 0.121735257169561
v -0.0499957012513437 -0.020407166808486 0.122613688052885
v -0.0499713937360159 -0.0274791785541291 0.122255195924896
v -0.0497720199562728 -0.0209432620741207 0.122124944877812
v -0.0502461301264993 -0.0197715522910165 0.123999652475126
v -0.050149663749578 -0.025834805875849 0.125239920797052
v -0.0502789909069906 -0.0257053967620629 0.124733914627122
v -0.0501236016227991 -0.0200847821000258 0.124976043589949
v -0.0499724219159746 -0.026096673253045 0.125684377722046
v -0.0498422267660607 -0.0207802545724816 0.125737321546585
v -0.0499985361968095 -0.0203997516193274 0.12537717538974
v -0.0492148991555408 -0.0222234951342777 0.126650703102707
v -0.0475033595038723 -0.0256943605913106 0.127747145420004
v -0.0465000682057044 -0.0274566889801777 0.127884221198762
v -0.0465000160516485 -0.0322233834227192 0.127967533589135
v -0.0474064945209526 -0.0306770901718028 0.127853837731767
v -0.0486760285490757 -0.0233823694317019 0.127139669795193
v -0.0485506613746199 -0.0286317887769137 0.127332669630661
v -0.0492121647928971 -0.0274280154253152 0.12678196742873
v -0.0496809477988449 -0.0265819518418084 0.12620481566627
v -0.0495943832419606 -0.021362811651322 0.1261689783744
v -0.0502144279111064 -0.0198561908731232 0.124506686825156
v -0.0503525951809899 -0.0258296370363827 0.123956923396358
v -0.0503370942505257 -0.0257262956373101 0.124335994027495
v -0.0503232883268775 -0.0260948702128276 0.123487209003705
v -0.0501237394585182 -0.0200854470642382 0.123020124665943
v -0.0502145769226946 -0.019855458853696 0.12349041275329
v -0.0502547988756438 -0.0264354715879473 0.123082418968921
v -0.0501510830849558 -0.0268491817735354 0.122709182142261
v -0.0494073587975908 -0.0217920246300191 0.121573438013194
v -0.0492161396770127 -0.0297081981987744 0.121158097956521
v -0.0489642393124235 -0.022770190711769 0.121100065385549
v -0.062040173816406 0.0333715996662963 0.0109824349511616
v -0.0610023602585381 0.0100000251928382 0.0107625245505007
v -0.0650438711805784 0.0302316479685041 0.00728771260482715
v -0.0649328575473576 0.0306472710903559 0.00598019115298559
v -0.063367282196926 0.0100000540638335 0.00410008141919788
v -0.0641200365865369 0.0321432002871003 0.00435248985471226
v -0.0634669709494424 0.0332597739199197 0.00371204098771421
v -0.0618472447878531 0.0359236764341937 0.00291686824522462
v -0.0628034074459582 0.0343720709201573 0.00328482167903732
v -0.0610000617547898 0.0372237354861628 0.00282266357192404
v -0.0609999946995751 0.00999999818448789 0.00329999990835786
v -0.0618538869793979 0.00999999632184303 0.00338020563952165
v -0.0645090685904715 0.0314603435082317 0.00492590142579597
v -0.061000527416003 0.0346752498975414 0.0111467900988432
v -0.0643957154753157 0.00999997210745995 0.00548007932349862
v -0.0647472710648141 0.0310199006437177 0.00541731703093684
v -0.0650384695105056 0.0303756676685148 0.00660705039410925
v -0.0647138328644184 0.0100000242615158 0.00681932953776427
v -0.0637200745826065 0.0313956016984416 0.0100400194144245
v -0.063849327234225 0.0100000121543243 0.00939039026818297
v -0.0649729863680641 0.0302262947271974 0.0078017397902517
v -0.0645280973702867 0.00999997676407208 0.0081840137053129
v -0.0648412154206048 0.0302956018795215 0.00829191487375092
v -0.0645900638392463 0.0305052071674406 0.00889446939018809
v -0.0642601670840951 0.0308268784829222 0.00942848136063334
v -0.0628029231582965 0.0100000102916794 0.0102529411706416
v -0.0628862131855297 0.032352051203854 0.0106347573406676
v -0.0646980003831705 0.00999999818448789 0.0826792027947484
v -0.0636191266821697 0.00999993671720775 0.0856893266955913
v -0.062584092190422 0.0163858059784622 0.0864683668359734
v -0.0619777156092053 0.0169936819887853 0.0866985599689507
v -0.0609999946995751 0.00999999818448789 0.0866999979309738
v -0.0619601210659267 0.0100000317120952 0.0866003166153956
v -0.0610010750335897 0.0181710411737277 0.0868637914911555
v -0.0630387488978069 0.0160075624135143 0.0862127001685045
v -0.0634931671866508 0.0157267724272597 0.085865428614644
v -0.0638148906561883 0.0156098979820098 0.0855490993213109
v -0.0644267247868234 0.0156529874767097 0.0846433024560667
v -0.0641080486042649 0.0155689030314468 0.0851787458692771
v -0.0646430523600159 0.0158515919841287 0.084091721085644
v -0.0645744325236424 0.0100000494072213 0.0840470027019008
v -0.0648058177178241 0.0162724621765306 0.0832865741114339
v -0.0641353400766466 0.0115670459556755 0.0809772220035518
v -0.0639169114400603 0.0187350910133117 0.0804733914031075
v -0.064433027977005 0.0178596795975057 0.0812659170940686
v -0.0629592363143349 0.0124376815500792 0.0797995683595634
v -0.0636989223876593 0.0119910286276263 0.0804132652190342
v -0.0618106214647594 0.0128384556671653 0.0793253314645886
v -0.0610013767820559 0.0220742898309971 0.0790661704748979
v -0.0609999946995751 0.0130021979821987 0.0792475995589584
v -0.062883352163036 0.0200991375039055 0.0795656722881122
v -0.0644428850935654 0.0110710618156213 0.0815863591077992
v -0.0647539840368632 0.0170063032703072 0.0822384115553257
v -0.064628218256409 0.0104909773978229 0.0822165962558255
v 0.0591114032040782 0.0100000298494504 0.0816192683215602
v 0.0591098907364578 0.00525053926042954 0.0818082001401141
v 0.0592871660976686 0.00634377069361617 0.0815196987646885
v 0.0596372874506304 0.00851678898944263 0.0811413135869507
v 0.0598654018404507 0.00999997583274965 0.0809421223191442
v 0.0587044078531841 0.0100000028411 0.0825408678678974
v 0.0589457954502248 0.00432418963017562 0.0821002032883419
v 0.059674760139777 -2.52251122022276e-08 0.0812581163363579
v 0.0609981544064607 3.34828218470738e-08 0.0808153283413798
v 0.0609974577772858 0.00373406113283963 0.0807385203077229
v 0.0588251295913772 4.83413694275846e-08 0.0826089661730312
v 0.0595215725018013 0.00400906597701239 0.081306813330051
v 0.058727739342609 0.00999999445919818 0.0835654865898455
v 0.0591091158761991 -3.56104733408481e-09 0.0840782727879671
v 0.0609971821058476 0.0100000112230019 0.0853737573614621
v 0.0597802826959721 2.38868655686042e-08 0.0847828071240453
v 0.0594073774711721 0.0100000149482916 0.0847608353623561
v 0.0609962396075521 -5.04814665194836e-10 0.0852113123563383
v 0.045099851014716 0.0297008835924379 0.127668944127807
v 0.0452895129641972 0.0313448967802615 0.127762806540069
v 0.0438154940588551 0.0315633552191654 0.126905617261552
v 0.0429930916529121 0.0344674942159611 0.125937071607923
v 0.0431380687523771 0.0324833900177075 0.12611566202084
v 0.0428560047170432 0.0328554980305105 0.125596118146268
v 0.0425553924642661 0.0350365582954885 0.124751348985329
v 0.0425303026381003 0.0332779198060747 0.123657343007832
v 0.0424832187015138 0.0351432282409129 0.124066446928685
v 0.0426451980231941 0.0331297948368086 0.123000350825481
v 0.0443719405821504 0.0328352808832793 0.120634255097041
v 0.0438269940281757 0.0335430188720902 0.121036832309436
v 0.0447264726781234 0.030260986487579 0.120485854436028
v 0.045204893008539 0.0316931070596044 0.120255258971708
v 0.0454627761883952 0.0291419970043856 0.120222081537051
v 0.0460105800395739 0.0305170852536662 0.120089848635573
v 0.0464982092861414 0.0274643202361392 0.12008928984204
v 0.0464999899746205 0.0297638950051598 0.12007699638433
v 0.0439765010799224 0.0313431533446793 0.120954615154387
v 0.0434695226786251 0.0320385233716683 0.121445489195462
v 0.0434511570003775 0.0340152850239126 0.121412416068932
v 0.0431328123686028 0.0324913397859388 0.12189587678248
v 0.0428567758520122 0.0328539930134695 0.122404125577119
v 0.0431023506746817 0.034441648155985 0.121874486166064
v 0.0428130297750017 0.0347863827400328 0.122417544072474
v 0.0426021038718821 0.0350268799928339 0.123032932213703
v 0.0425103946899146 0.0351211931523054 0.12353699378214
v 0.0425297438446445 0.0332790448435657 0.124338787995157
v 0.0426461814996764 0.0331288374373544 0.125005257315816
v 0.0427329509474945 0.0348037537659291 0.125379470168513
v 0.0434665163698329 0.0320423119912987 0.126552459749152
v 0.0433185478627345 0.0340453481118351 0.126421806370725
v 0.0438296091815489 0.0333771354467985 0.126966205381612
v 0.0445975590278681 0.0323287308902982 0.127488416563978
v 0.0443484153776608 0.0308129496247138 0.127308723465158
v 0.0464977361743488 0.0295269088379061 0.127964568258124
v 0.0464998521389014 0.0274565641829725 0.127887365343704
v 0.0458443166347323 0.0285376115905164 0.127850693586826
v -0.0464999899746205 0.0297638950051598 0.12007699638433
v -0.0434658048394991 0.0320434184023412 0.121448596087502
v -0.0428563846965931 0.0328547641484386 0.122402292734333
v -0.0428135289638222 0.034786051189249 0.12241902673798
v -0.0424932695331389 0.0351409073854264 0.123706665850282
v -0.0425749949386959 0.0332206472021439 0.124680404558471
v -0.0429950958587736 0.032672441019677 0.125874248313734
v -0.0431421404940251 0.0342744012746612 0.12618110791934
v -0.0428592457190869 0.0346402843283665 0.125679892472627
v -0.0427410869802111 0.0330053738859381 0.125307214439499
v -0.0445325415466398 0.0305461983927139 0.127415236962991
v -0.0452996234004576 0.0293949218236439 0.127733957892642
v -0.045224923891285 0.0314401189104211 0.127746713286339
v -0.0460153670368454 0.0302658405400651 0.127905082823968
v -0.0464999899746205 0.027454496647186 0.127882000925794
v -0.0460131467641809 0.0282642703210277 0.127869647863441
v -0.0464999899746205 0.0295137958181431 0.127918002130434
v -0.0426027148193938 0.0350262057153972 0.123034362725145
v -0.0443910028895729 0.0326146468751874 0.127373051776594
v -0.0437817913628904 0.0316151665483881 0.126880061770676
v -0.0432947395362273 0.0322736822843215 0.126337957538561
v -0.0436458182886434 0.0336197225871243 0.126797703054599
v -0.0426314852317886 0.0349358376377237 0.125073802655776
v -0.0425030037151391 0.0351102184488333 0.124401976367787
v -0.0425197935958413 0.0332873969430852 0.124174994434975
v -0.0425297065917474 0.0332787617215481 0.123661031045146
v -0.0426461256203308 0.0331283680508515 0.12299411468966
v -0.0431386610734402 0.0324841909549941 0.121885639684968
v -0.0431076890148296 0.0344353151634859 0.121868153172698
v -0.0434530121946508 0.0340138768644039 0.121411603955665
v -0.0438199569559222 0.0335524438550448 0.121043604887047
v -0.0438132216321348 0.0315663913302753 0.121096436952879
v -0.0443915058036831 0.0328101202766091 0.120622855708982
v -0.0443388227566694 0.0308267033943061 0.120697160347615
v -0.0451067129983533 0.0296904937594495 0.12032887070636
v -0.0458473639217113 0.0285324762786575 0.120148328241371
v -0.045215439303695 0.0316783362859225 0.120253068501061
v -0.0459762999237049 0.0305670898173818 0.120093745289138
v -0.0464998633147706 0.0274565269300755 0.120113236007544
v 0.0498780789541854 -0.0206927493799467 0.125662100486559
v 0.0473255216239161 -0.0260129101140192 0.127780404811045
v 0.0492500174615936 -0.0221444407614394 0.126611751468217
v 0.0493400316367451 -0.0271964793569005 0.12664660528347
v 0.0496349516468524 -0.0212690889502687 0.126108345550857
v 0.0498745771818624 -0.0262571922611609 0.125879091191014
v 0.0500282416569203 -0.0203257599151988 0.125296604812966
v 0.050219389996994 -0.025752940771928 0.124998626299233
v 0.0501497978600074 -0.0200200384275908 0.124872763644022
v 0.0502274887768135 -0.0198199549801588 0.124388051232963
v 0.050226699015396 -0.0198212495183314 0.123608966389098
v 0.0502930203480212 -0.0262629236193727 0.123268690930262
v 0.0502483913773505 -0.0197767974989217 0.123998996824048
v 0.0500273177850734 -0.0203278870556206 0.122701947628663
v 0.050149309847056 -0.0200235420625587 0.123123523821156
v 0.0502043770794812 -0.026642627497885 0.122883905703934
v 0.0489118840909038 -0.0305020034182939 0.12086724964826
v 0.0474995932359802 -0.0257004421267547 0.120251809352968
v 0.0478088146332664 -0.0329611137189482 0.120232169622954
v 0.0486729365586202 -0.0233885049838467 0.12085825679768
v 0.0465002544701896 -0.0353137943553642 0.119978723228453
v 0.0465000868321529 -0.0274567038813365 0.120115538236897
v 0.0471128932634011 -0.0342768674164462 0.120043476222974
v 0.0492432635113577 -0.0221596567072411 0.121380162506249
v 0.0494339536407976 -0.0291076442453673 0.121409838168103
v 0.0497510428499417 -0.0281822748319671 0.121849563974524
v 0.0496351639883656 -0.0212675410923961 0.121892829495084
v 0.049878134833531 -0.020692972897329 0.122337815411289
v 0.050039044997066 -0.0272514962979146 0.122404691821232
v 0.0503461169021922 -0.0259430311297253 0.123718951857411
v 0.0503450663704953 -0.025744152813513 0.12421454956648
v 0.050303391554561 -0.0257037967501344 0.124608998195626
v 0.0500657739507022 -0.0259527317841182 0.125467148599018
v 0.0496613453244151 -0.0266230715895766 0.126229357878208
v 0.0488581616880623 -0.028074386716809 0.127101507922228
v 0.0483528224142354 -0.028990945820056 0.12744569493579
v 0.0474944039074206 -0.030522462709356 0.127833691362284
v 0.048618323811539 -0.0235145203587111 0.127196890252898
v 0.0465007238566925 -0.0322217517458283 0.127967533589135
v 0.0465000831068632 -0.0274567429968784 0.127884131791797
v 0.0582836028533521 0.0243852174203949 0.0801264476747859
v 0.0578401443668216 0.0246716046544319 0.0806196611981169
v 0.0570840819199523 0.0244394632264401 0.0835450943512075
v 0.0584505219091819 0.0100000000471327 0.0856974329270996
v 0.0584516804742802 0.0218700992516648 0.0859659667469717
v 0.0594826059714829 0.0202705064182884 0.0866198594878645
v 0.0596069412406902 0.0100000335747401 0.0864616166101034
v 0.0609995700165487 0.00999995813762355 0.0867134164263289
v 0.0609997488304546 0.0181751687947213 0.0868460293074094
v 0.0578258020014558 0.0229078885951496 0.0853158589009376
v 0.0574337934910465 0.0236178394060455 0.0846736710219009
v 0.0575328638454718 0.0100000186735813 0.0844225492084946
v 0.0572190230889509 0.0240732057811193 0.084127796796088
v 0.0570434539104252 0.0247214713824284 0.0828875061224213
v 0.0571214465756974 0.0248799470691408 0.0821978878483648
v 0.0572926199123707 0.0100000196049037 0.0827063452592564
v 0.0572643933922729 0.0249026955507269 0.0816849973421171
v 0.0578102340157769 0.00999997769539451 0.0810287204154866
v 0.0574699213506094 0.0248547715613118 0.0812028702824666
v 0.0587616655559561 0.0240320916212857 0.0797478017267331
v 0.0590947437085157 0.0100000074977121 0.0798054394169426
v 0.0592830682789926 0.0236145946787121 0.0794552770378751
v 0.060000726714289 0.0229991134894554 0.079193530696775
v 0.0598800012508062 0.0099999739701048 0.0794715565561155
v 0.0603786610801913 0.0130850912660784 0.0792944786110264
v 0.0609995886429973 0.0220696760596969 0.0790794623103858
v 0.0609999946995751 0.0130021979821987 0.0792475995589584
v 0.059684825872561 0.0363993363249377 0.0109852875921438
v 0.0609999015673325 0.0346783269868381 0.0111340514689523
v 0.0590479466192365 0.0100000037724224 0.0101553236658426
v 0.0581299793564809 0.00999996279423569 0.00936988999612875
v 0.0568206257066969 0.041047447345577 0.00773819425542218
v 0.0567539728232879 0.0413550668682899 0.0071267823958371
v 0.0567861891286602 0.0415762410433891 0.00644286660977751
v 0.057348875512212 0.0415002563092681 0.00482155604686835
v 0.0571153929799262 0.0416152932553708 0.00527073989948466
v 0.057478537945698 0.0100000251928382 0.00580879660378106
v 0.0569306148852487 0.0416577615580123 0.00576171824868653
v 0.0581404548711325 0.0408494109448381 0.00386823216188925
v 0.0577287842816581 0.0412219287395087 0.0042949159600977
v 0.0585720594858205 0.0404066975162486 0.00353402077703131
v 0.0590362827371689 0.0100000456819316 0.00382994549170258
v 0.0591988655557815 0.0396871689855202 0.00317901063124067
v 0.0609975807118461 0.00999994696175444 0.00323412164336171
v 0.0600540356099732 0.0385807542177274 0.00290370795904753
v 0.0609993763014841 0.0372283585706872 0.00280839873719814
v 0.0580437947791465 0.00999999352787575 0.00475785870646256
v 0.0569716265996155 0.0406588102223511 0.00830949451827642
v 0.0572831688523881 0.00999999911581031 0.00714687567993531
v 0.057295372901463 0.0400087806963666 0.00904155874904486
v 0.057532685031566 0.010000009360357 0.00832099728313839
v 0.0578837935862997 0.0390172277860603 0.00983486209433834
v 0.0586037728770825 0.0379265188396654 0.0104433705558619
v 0.0601457708689686 0.0100000112230019 0.0106201830740232
v 0.0609999946995751 0.00999999818448789 0.0106999992795289
v 0.0591203103717638 3.84540382713133e-09 0.00813602917337352
v 0.0587254706411784 0.0100000214675485 0.0076402805900511
v 0.0588350612137318 -1.86860652734737e-09 0.0067044588169949
v 0.0609967648734006 7.88669270900746e-08 0.00479679963074327
v 0.0609999946995751 0.00999999818448789 0.00467544969896712
v 0.060019416492741 0.0100000391626746 0.00483647490285765
v 0.0588236581019436 0.0100000354373849 0.0060478289191165
v 0.0594957115406665 4.44931709475006e-09 0.00540027895047637
v 0.0609989329920091 0.00999996558820296 0.00934608725429876
v 0.0609983294950768 5.70362048938803e-08 0.00918175445835841
v 0.0599934065200179 6.51101235855528e-10 0.00891220084028987
v 0.0596411058725784 0.0100000382313522 0.00894804930803069
v 0.0594367886333962 -0.00499999955790516 0.00545648147263047
v 0.0588350984666289 3.17785025440424e-10 0.00670387534341494
v 0.0591198745128683 3.15889486461099e-10 0.00813556258077407
v 0.0599932798601679 -7.16123990454067e-11 0.0089120974634864
v 0.0609983369456562 -1.79801722641185e-09 0.00918174328248776
v 0.0609989925966444 -0.00499999909224394 0.00917032061136542
v 0.060108778742194 -0.00499999955790516 0.00896880289981954
v 0.0591799187323399 -0.00499999909224394 0.00823097005715288
v 0.0588234159581128 -0.00499999909224394 0.00679963579104164
v 0.0609967872251388 -3.44983742163569e-09 0.00479683595232287
v 0.0594960877949267 7.70193230924297e-11 0.00539979885369989
v 0.060996064518936 -0.00499999629827666 0.00478713110565101
v 0.0593246872155814 -0.0207999967452754 0.00707622136005264
v 0.0603162997305229 -0.00499999955790516 0.00548889010051883
v 0.0596434714315413 -0.0207999967452754 0.00600023926793994
v 0.0603633017107359 -0.0207999967452754 0.00546888948301473
v 0.0609994135543811 -0.0207999967452754 0.00533866590994598
v 0.0609991825864194 -0.00499999955790516 0.00533442280439087
v 0.0593362169872196 -0.00499999955790516 0.00700027666240312
v 0.0596035810293759 -0.00500000002356637 0.00605485481646236
v 0.0597382837798334 -0.0207999967452754 0.00811757781093766
v 0.0603155472220024 -0.00499999955790516 0.00851056705764158
v 0.0596047023415773 -0.00499999955790516 0.00794606731207518
v 0.0609992421910547 -0.00499999955790516 0.0086652932614395
v 0.0609959602108242 -0.0207999948826305 0.00871247219936984
v 0.0606323793861568 -0.0207997788158276 0.00861032474166919
v 0.0602141709132495 -0.0207980595946286 0.00845899320857987
v 0.0609993502244561 -0.0207996074525011 0.00865421424833951
v 0.0609999946995751 -0.0217913969187037 0.00700000005960464
v 0.0593429038822407 -0.0207980316549558 0.0069990594238253
v 0.0595820488548787 -0.0207997788158276 0.00784713850512046
v 0.0594268421098828 -0.0207992274729512 0.00751103211169618
v 0.0598042437593572 -0.0207992330608858 0.00814272072592256
v 0.0594489405284152 -0.0207980782210771 0.00641777957414583
v 0.059752831036133 -0.0207980297923109 0.00590905627066516
v 0.0606312506233761 -0.020798104298105 0.00538474169631134
v 0.0601528414688295 -0.0207992200223718 0.00557950219706813
v 0.0609999946995751 -0.0207999967452754 0.00534999963976443
v 0.0609999946995751 -0.0207999967452754 0.00534999963976443
v 0.0613687350504845 -0.020798104298105 0.00538474169631134
v 0.0618471404797414 -0.0207992181597269 0.00557950219706813
v 0.0625510339695763 -0.0207980800837219 0.00641777026092029
v 0.0622471509124379 -0.0207980316549558 0.00590905533934261
v 0.0626570780663301 -0.020798054006694 0.00699848619479344
v 0.0625733037514351 -0.0207992218850166 0.00751055760285502
v 0.0609999946995751 -0.0217913969187037 0.00700000005960464
v 0.0621416209056634 -0.020799786266407 0.00819345265939565
v 0.062380631767872 -0.0207992218850166 0.00791106634785831
v 0.0610006391746942 -0.0207996074525011 0.00865421424833951
v 0.0613676025624141 -0.0207997788158276 0.00861032567299174
v 0.0617858110353214 -0.0207980614572734 0.00845899413990242
v 0.0626703922517372 -0.00499999955790516 0.00684623218671458
v 0.062501532319971 -0.0207999967452754 0.00773079117244203
v 0.0623966803159228 -0.00499999955790516 0.00794487335656121
v 0.0626617272278825 -0.0207999967452754 0.00692380669883325
v 0.0617826668908101 -0.0207999967452754 0.00849255993606388
v 0.0616838088778979 -0.00499999955790516 0.00851100850453208
v 0.0610007658345442 -0.00499999955790516 0.00866559594126948
v 0.0610001511617428 -0.0207999967452754 0.00865341237962069
v 0.0623930891366468 -0.0207999967452754 0.00606705700456223
v 0.061771628857413 -0.0207999967452754 0.00553214723917513
v 0.0621997764032543 -0.00499999955790516 0.00581552866886119
v 0.0610030084589468 -0.00500000002356637 0.0053017501465585
v 0.0610013097268412 -0.0207999967452754 0.0053260707037284
v 0.0597773918711607 -0.00499999955790516 0.00588498204831074
v 0.0600667164961304 -0.00499999955790516 0.00563714594087423
v 0.0596377195842362 -0.00499999955790516 0.00793357827662874
v 0.0604756750746992 -0.00499999955790516 0.0085661018215246
v 0.0606045961755339 -0.00499999955790516 0.00911989042639977
v 0.0601300054429354 -0.00499999955790516 0.00840749665929012
v 0.061102220374381 -0.00499999955790516 0.00914993582330787
v 0.0607719585408386 -0.00499999955790516 0.00863566882232571
v 0.0614912039495495 -0.00499999955790516 0.00909579245532022
v 0.0589264500207846 -0.00499999955790516 0.00759132981096216
v 0.0593924092571358 -0.00499999955790516 0.00737853657725744
v 0.0619616782370236 -0.00499999955790516 0.00892986709781288
v 0.0621681822212629 -0.00499999955790516 0.00816782731932787
v 0.0593453104193904 -0.00499999955790516 0.00700103010234914
v 0.0588499586472637 -0.00499999955790516 0.00709831279669003
v 0.0594086440696719 -0.00499999955790516 0.00654637566105181
v 0.0588685366670245 -0.00499999955790516 0.00670233726421735
v 0.0631500605542042 -0.00499999955790516 0.00710037567614669
v 0.0609226688611602 -0.00499999955790516 0.00534991721771842
v 0.061100298124893 -0.00499999955790516 0.00484989665784172
v 0.062654664078601 -0.00499999955790516 0.00699893742057076
v 0.062607561515566 -0.00499999955790516 0.00662143932756544
v 0.061228027133022 -0.00499999955790516 0.00536433129688357
v 0.0621676457795453 -0.00499999955790516 0.00583182541656884
v 0.0623622660896244 -0.00499999955790516 0.00606642184258054
v 0.0615242994232922 -0.00499999955790516 0.00543389550371701
v 0.0607028283397756 -0.00499999955790516 0.00486868050242929
v 0.0615888847709147 -0.00499999955790516 0.00492571236731755
v 0.0620474008784345 -0.00499999955790516 0.00511951267452137
v 0.0618699802309252 -0.00499999955790516 0.00559250439124172
v 0.0624506187855673 -0.00499999955790516 0.00540473160360608
v 0.0627756242353353 -0.00499999955790516 0.00578311491869878
v 0.0630116734922281 -0.00499999955790516 0.00622395551821689
v 0.0625101898932463 -0.00499999955790516 0.00633202199640821
v 0.0631319183933389 -0.00499999955790516 0.00670331608422139
v 0.0630953807519084 -0.00499999955790516 0.00749306457132701
v 0.0629283015086213 -0.00499999955790516 0.00796485395063041
v 0.0626079712974336 -0.00499999955790516 0.00737762807210621
v 0.062511471392905 -0.00499999955790516 0.00766674179211091
v 0.0626557667643538 -0.00499999955790516 0.00837515368964179
v 0.0623628695865567 -0.00499999955790516 0.00793338828682776
v 0.0623742130937096 -0.00499999955790516 0.00865675675891138
v 0.0618712952581912 -0.00499999955790516 0.00840674973860197
v 0.0614521964410443 -0.00499999955790516 0.00859185940939502
v 0.0610773168127004 -0.00499999955790516 0.0086500819701683
v 0.0601305716869706 -0.00499999955790516 0.00896890348265535
v 0.0597839930845187 -0.00499999955790516 0.00877594090008867
v 0.0598323398943153 -0.00499999955790516 0.00816817563396299
v 0.0594062896865781 -0.00499999955790516 0.00845227557899932
v 0.0591196286437477 -0.00499999955790516 0.00804766994608186
v 0.0594897883300349 -0.00499999955790516 0.00766797067222064
v 0.0589900332654764 -0.00499999955790516 0.00622116201621677
v 0.0595566833572747 -0.00499999955790516 0.00619639908083381
v 0.0592248606273458 -0.00499999955790516 0.00578366533032807
v 0.0594783330641908 -0.00499999955790516 0.00547798943568789
v 0.0597845258009465 -0.00499999955790516 0.00522383244207876
v 0.0603324302349473 -0.00499999955790516 0.00548910802999642
v 0.0602209621163824 -0.00499999955790516 0.00498978456505124
v 0.0606217064311508 -0.00499999955790516 0.00539192172753986
v 0.0631494868595896 -0.00499999955790516 0.00660187363769396
v 0.0631652448350434 -2.98160809648041e-10 0.00690137206983479
v 0.0628154326811272 2.34118298557465e-10 0.00578467162434745
v 0.0626719717745723 -0.00499999955790516 0.00563036358437619
v 0.0620056441061267 -2.75244810867272e-10 0.00508746120883238
v 0.0618995366794478 -0.00500000002356637 0.00501838035840436
v 0.0610017083328396 -3.14357334522113e-09 0.00481882727178572
v 0.0610003523273869 -0.00499999955790516 0.00484272314587109
v 0.0630241755644794 -0.00500000002356637 0.00777687440938783
v 0.0622569409737837 -0.00499999909224394 0.00880189034040517
v 0.0628797311814423 -6.53837546597551e-10 0.00813601334089011
v 0.0610016524534941 -1.76026620789316e-09 0.00918173490058478
v 0.0620065269997868 -1.34444767231796e-10 0.00891218593912901
v 0.0610009968025059 -0.00499999909224394 0.00917029919094668
v 0.063353245305316 0.010000022398871 0.00678333857767272
v 0.0628801856667864 1.20776314151285e-09 0.00813537724758586
v 0.0619631944299337 0.0100000074977121 0.00912881063382005
v 0.0610010787588794 0.00999996558820296 0.00934651938796372
v 0.0610016599040735 5.80912150272661e-08 0.00918173676322988
v 0.062967543710378 0.0100000345060625 0.00833125114445572
v 0.0620070410897662 1.13885771557071e-09 0.00891192330616884
v 0.0626898978686347 0.0100000363687074 0.00533096480374862
v 0.0631648648554935 -2.60434277094263e-09 0.00670387860304388
v 0.0625041921768206 2.5406628308786e-09 0.00540006614327283
v 0.0610042638815775 0.00999996465688054 0.00460750413073217
v 0.0610032170751703 7.93179155980917e-08 0.00479686016670927
v 0.0629482914131805 0.00999999818448789 0.0101461994987831
v 0.0624991108816625 0.00999999818448789 0.00361296386764279
v 0.0617388761103231 0.00999999818448789 0.00479370251759061
v 0.0633244562664727 0.00999999818448789 0.00689220785590541
v 0.0583812017183438 0.00999999818448789 0.00438079367844476
v 0.0611718646654234 0.00999999818448789 0.00329983250312881
v 0.0630950454758349 0.00999999818448789 0.00394468000654846
v 0.0622258273541642 0.00999999818448789 0.0050172567177432
v 0.0598238760361046 0.00999999818448789 0.00348825931202786
v 0.0629187349646579 0.00999999818448789 0.00568417633285724
v 0.0604673937556841 0.00999999818448789 0.004734448517089
v 0.0604887322151167 0.00999999818448789 0.00333212750966562
v 0.0632649931921952 0.00999999818448789 0.00646762581987025
v 0.064668972925786 0.00999999818448789 0.00648814006176278
v 0.0600603574266033 0.00999999818448789 0.0048710791236666
v 0.0592768060669979 0.00999999818448789 0.00542991177149314
v 0.0589665192368559 0.00999999818448789 0.00586805432957289
v 0.0579460357266975 0.00999999818448789 0.00490543980362773
v 0.06414579323956 0.00999999818448789 0.00894907003754965
v 0.0623146568871894 0.00999999818448789 0.00892018786251125
v 0.0633632290817265 0.00999999818448789 0.00985251438202304
v 0.0618468685335929 0.00999999818448789 0.0106064488603223
v 0.0573001449975757 0.00999999818448789 0.006828045319884
v 0.0573316199702966 0.00999999818448789 0.00751098368292338
v 0.0615325919181764 0.00999999818448789 0.00926555020513645
v 0.0611089556981683 0.00999999818448789 0.00932466497291628
v 0.0588271188960799 0.00999999818448789 0.00784271565431247
v 0.0574878437193821 0.00999999818448789 0.00817754567017676
v 0.0577637274990947 0.00999999818448789 0.00880252084577409
v 0.0593549961726245 0.00999999818448789 0.00864583420800043
v 0.06015119116549 0.00999999818448789 0.0106058313934692
v 0.0595035160225993 0.00999999818448789 0.0103882213595162
v 0.0606581919185255 0.00999999818448789 0.0106846995126151
v 0.0611752621296347 0.00999999818448789 0.0106998698256939
v 0.0606788710016802 0.00999999818448789 0.00930437611108177
v 0.0573950579286898 0.00999999818448789 0.0061515680070616
v 0.0586952697175368 0.00999999818448789 0.00667892381521484
v 0.0596860328664255 0.00999999818448789 0.0089204588773744
v 0.0601579115881185 0.00999999818448789 0.00917350014656409
v 0.0589072387017739 0.00999999818448789 0.0100562113883448
v 0.0583811383884188 0.00999999818448789 0.00961938478903357
v 0.0590812805115204 0.00999999818448789 0.00831587128380228
v 0.0580472928261799 0.00999999818448789 0.00923013014577038
v 0.0586789305968889 0.00999999818448789 0.00721588807815563
v 0.0587934348265637 0.00999999818448789 0.00626046429364835
v 0.0576132406961555 0.00999999818448789 0.0055025940462367
v 0.0596853325119609 0.00999999818448789 0.00507980620310143
v 0.0589080992436959 0.00999999818448789 0.00394347347818002
v 0.0593518930062999 0.00999999818448789 0.00368747991649479
v 0.0608910411515614 0.00999999818448789 0.00467533374930917
v 0.0613209880123304 0.00999999818448789 0.00469561329791814
v 0.0618475167340016 0.00999999818448789 0.00339371284335003
v 0.0626449932265258 0.00999999818448789 0.00535417429311184
v 0.0636211085362929 0.00999999818448789 0.00438308473192711
v 0.0640562670773599 0.00999999818448789 0.00490650756493566
v 0.0631277609700277 0.00999999818448789 0.006059288843141
v 0.0643878923669344 0.00999999818448789 0.00550290697061478
v 0.0645596878269885 0.00999999818448789 0.00598915978917867
v 0.0633047122310341 0.00999999818448789 0.00732108701420381
v 0.0646998704786026 0.00999999818448789 0.00717546076307906
v 0.0643875198379638 0.00999999818448789 0.00849796533216613
v 0.0646066711807529 0.00999999818448789 0.00784582720296471
v 0.0632065135943998 0.00999999818448789 0.00773963268310652
v 0.0638505118763513 0.00999999818448789 0.009365514642771
v 0.0630334813381635 0.00999999818448789 0.00813190248313764
v 0.0627232019586009 0.00999999818448789 0.00857005714841059
v 0.0619396245219676 0.00999999818448789 0.0091289205298814
v 0.062495121096388 0.00999999818448789 0.0103887708398229
v 0.0646441326940304 0.0312149419115335 0.00518392433932592
v 0.0649950847865965 0.0304999936244979 0.00628302558251413
v 0.0648456410647748 0.0308259471604959 0.00568737542582954
v 0.0650058508738451 0.030215109544857 0.00762155309047803
v 0.0650537357477183 0.0302871678236285 0.0069434860100563
v 0.0647138999196331 0.0100000279868055 0.00681754139846098
v 0.0648425267225811 0.0302936926685475 0.00829070601707609
v 0.0645296321896453 0.00999997583274965 0.00817904603081093
v 0.0645873592789202 0.0305074106763013 0.00890145617198669
v 0.0642615379907067 0.0308254721860585 0.00942770743159113
v 0.063964133212366 0.0100000251928382 0.00923028195134665
v 0.063723546552612 0.0313919844421377 0.0100382703906684
v 0.0631232831718018 0.00999998328332906 0.0100560512008655
v 0.0609999946995751 0.00999999818448789 0.0106999992795289
v 0.0618827058205588 0.00999998142068421 0.0106151800092642
v 0.0620506009022914 0.0333586505592803 0.0109797741626253
v 0.0610005087895545 0.0346752722492796 0.0111466783401367
v 0.0629318554350003 0.0322984405597036 0.0106077461926398
v 0.064396773457592 0.00999997117613752 0.00547967186988133
v 0.064374429169939 0.0316988849839375 0.00470871840323392
v 0.0639621439076633 0.0324180149086674 0.00416874457146053
v 0.0621784342185321 0.00999999911581031 0.00347160819608849
v 0.0634986061096206 0.0100000447506092 0.00423128986586727
v 0.0633190992998763 0.0335109627541752 0.00360043082720568
v 0.0623527926779035 0.035122564058917 0.00305363971433849
v 0.0610001623376119 0.0372254602952964 0.00282067752657806
v 0.0610002778215928 0.00999999725316546 0.00328931205073046
v 0.0661354332183158 -0.000347962402058392 0.0884919519314478
v 0.0547916988227079 0.0145666259434011 0.101896499800015
v 0.0539951014985542 0.014135440423805 0.105483268823849
v 0.054907160451837 0.00988993543146434 0.106084955347666
v 0.0556332007889705 0.0107582278186433 0.102518816981044
v 0.0565417877722478 0.00283639064538271 0.10310178764682
v 0.0555010349608024 0.00551265064410132 0.106442888682122
v 0.0549797626229055 0.00765365333453839 0.109210600498082
v 0.0542065899204193 0.0122470417120503 0.108220477963526
v 0.0527608310627824 0.018318631563921 0.104587068306199
v 0.0641758488769031 0.0155779489661739 0.0851018931321376
v 0.0644785733689431 0.0156863344075076 0.0845338161766421
v 0.066343974936024 0.0169656789860698 0.0788805988681182
v 0.0491486001746539 0.0371346563587273 0.0552554043697848
v 0.0441113602925475 0.0413635121000521 0.0551651852913532
v 0.0434791451019342 0.0442058112877382 0.0423558195898871
v 0.0339167175835974 0.0495876590940423 0.0527142796058741
v 0.0357146467035341 0.0524186296757343 0.0322236038992493
v 0.0473471432053662 0.0537797872041616 0.0010390728479831
v 0.0441362675795178 0.0535070401183809 0.00802226439813678
v 0.0639375793473459 0.0324614517866324 0.00414866851682957
v 0.0634568679637614 0.0332795701094142 0.00370211518476646
v 0.0649394662112949 0.0302366175049711 0.00796815642040618
v 0.0650462851683075 0.0302317615898401 0.00728931028866819
v 0.0672706407502416 0.0284551131873455 0.000597225779822637
v 0.0590186844686006 0.0398969214223826 0.0032691766242867
v 0.0535424862499278 0.0455719681549501 0.00575174331847407
v 0.063684334153173 0.0314407559349608 0.0100685048460549
v 0.0631525490477274 0.0320379459517639 0.010476427849909
v 0.0480267664327704 0.0425449430266425 0.032538800704357
v 0.0395386491355454 0.0467619299949659 0.0453891110705783
v 0.0643354030349853 0.028921498969368 0.0189255360009029
v 0.039865316064522 0.0551356250188896 0.0125957994700417
v 0.0517192214347047 0.044032346897896 0.0150900461132069
v 0.0568214303692732 0.0410448210163347 0.00774337287448258
v 0.0432462511654218 0.0509296276551972 0.0173608153903302
v 0.0385330965865262 0.0536382150194874 0.0202052141680148
v 0.0577258487533703 0.0412157931873639 0.00428754500774566
v 0.0573476312654504 0.0414986209070874 0.00481759420072449
v 0.0525437137281724 0.0487771962416051 0.000950003196205872
v 0.0577924420321439 0.0425406403170328 0.000837113340300768
v 0.0581420939986029 0.040847123616959 0.00386596695260777
v 0.0585768353072228 0.040399965917751 0.00352855065401158
v 0.0596422346353592 0.0391187382052427 0.00300646799415794
v 0.0603570618504794 0.0381565331272355 0.00285414693085521
v 0.062868063574085 0.0342658219324697 0.00332021938666211
v 0.0624064219485025 0.035021731642461 0.00310845177191976
v 0.0642350586314807 0.0319462851985626 0.00450587774800037
v 0.0660718946771005 0.0293907252847907 0.00460259932050259
v 0.0646680490539391 0.0322461672945574 0.000666172752633554
v 0.0645001129940198 0.031478738988797 0.00491115486447912
v 0.0647444174928997 0.0310288189872724 0.00540514604214252
v 0.0649336100558781 0.0306478559608397 0.00598161374818652
v 0.0650407121349082 0.0303803410444502 0.00660361195124063
v 0.0677637200956481 0.027031137961261 0.00587288789362711
v 0.064724725611517 0.0303857538903921 0.0086107578066567
v 0.0644319476429904 0.0306558318060989 0.00917672159127768
v 0.0641572000766379 0.0301746864262637 0.0132510780188945
v 0.0487948690159676 0.0283954973761901 0.0977836825448941
v 0.0644549848345286 0.0178038840709431 0.0813287627399989
v 0.0466362759732028 0.0313690068552348 0.0973400079308448
v 0.0444353114853289 0.0341660027948135 0.0971950345368303
v 0.0636189180659462 0.0191533926184617 0.0801624935829082
v 0.0632641140238247 0.0196169397297286 0.0798615199358421
v 0.0609693243894306 0.0220981577621395 0.0790833813156921
v 0.0615820563148847 0.0214907213360017 0.079140869994293
v 0.0620303502274529 0.0210253283436857 0.0792443883587929
v 0.062465050557886 0.0205539581240375 0.0794009399547962
v 0.0628789935740807 0.0200824128157731 0.0796076190559353
v 0.0639415728579101 0.018694520745775 0.0805095565205166
v 0.0642204778475738 0.0182456065724709 0.0808973815836597
v 0.0699462332236112 0.0135792714345928 0.0788132232692862
v 0.0646362052775373 0.017377124195517 0.0817948710517241
v 0.0648126648003026 0.016577483309674 0.0828261058890944
v 0.0647587598582655 0.0169640528971134 0.0822984706841751
v 0.0673448932246496 0.0138259917838467 0.0828588064866034
v 0.0647917212215789 0.0162212934597821 0.0833827015001468
v 0.0637724819581821 0.015619171159409 0.085604859465252
v 0.0633233312289817 0.0158239559224493 0.0860193576063359
v 0.0494365985964885 0.0258709598124399 0.103172612864391
v 0.0572365841046222 -0.000407183507128054 0.101224166872557
v 0.0594356188924287 0.0203615003446324 0.0865595395887001
v 0.0414645792097595 0.0380951776057876 0.09267957301409
v 0.0390818019578137 0.0453873427971506 0.0549529257054718
v 0.0584561321954782 0.0381381562731188 0.0103406568540486
v 0.0550419153563503 0.0405974174480062 0.015078424139058
v 0.0403480130275195 0.048128451940569 0.0359720579690026
v 0.0555703737780889 0.00120108823262806 0.108107303646789
v 0.0559463449163165 0.00084674851294376 0.10567094894489
v 0.0562203138971206 0.00688704412685192 0.102894870127107
v 0.0525787090996649 0.0233568437466405 0.0966757663337342
v 0.0503509299764916 0.0253092624933048 0.0998889632547878
v 0.0513068169631584 0.0222086535800913 0.103311342672005
v 0.0466453358777663 0.0322808869946117 0.0936452278425121
v 0.0473217069272577 0.0323355071922723 0.0903940180601026
v 0.0431028796658199 0.0368543432095549 0.089133335147798
v 0.0408989535726302 0.0397518623665441 0.0834148060512213
v 0.0352428313117661 0.0459350013620308 0.0716244711363806
v 0.0430696798839654 0.039395903484614 0.0730657114148353
v 0.044915408196112 0.0461336859631785 0.0289925758765807
v 0.0415927664285222 0.0494996006959862 0.0266108972591706
v 0.0481635851477806 0.0490613315380152 0.0105500461038192
v 0.0468718223159854 0.0517254352179333 0.00664501249838592
v 0.0504148037937803 0.0509169504943297 0.000982620149307992
v 0.052546336332125 0.0215739238189269 0.0997292079091994
v 0.0514204979038083 0.0260763741494403 0.0946774685082405
v 0.0399395797147991 0.0426940402965216 0.0681343137889881
v 0.0463434793782277 0.0475687793163888 0.0196772362363956
v 0.0574218688386995 0.00775037861909418 0.0995001100115453
v 0.0562362432359008 0.0144422683224555 0.098374997860752
v 0.0569174012826637 0.0111359759200603 0.0990561448248592
v 0.0537516277392785 0.0181722332664334 0.100990881748701
v 0.0554269575750105 0.0175662497032807 0.0974070706052987
v 0.0578422901336919 0.0228739959094099 0.0853346343636222
v 0.0591200197991668 0.0371907219687935 0.0107313410774319
v 0.0568824915928344 0.0416458927850109 0.00593760968884208
v 0.0504341492232204 0.0469368770501108 0.0104056324346595
v 0.0577288699633213 0.00432577846623497 0.0997465230581196
v 0.0553565160719712 0.0195097724581285 0.095424024117946
v 0.0540919217779975 0.024638801615931 0.0905646661542803
v 0.0588234569362995 0.0212881084168596 0.0862352232731456
v 0.0582208503482647 0.0222411697712849 0.0857628266715371
v 0.0573196766915011 0.0238465926830503 0.0844163503255765
v 0.0541280757145884 0.0260626185172032 0.0873150731478242
v 0.057552626507359 0.0233930032711659 0.0848980676033034
v 0.050294324199418 0.0284812535452083 0.0922572964670368
v 0.0570643788627004 0.0248167084137469 0.0825510081078631
v 0.0452422762907327 0.0362989658444051 0.0807810854737218
v 0.047174766600118 0.0412930892234612 0.0416462002326652
v 0.051990038820418 0.036853128765111 0.0426428010469049
v 0.0528311570818409 0.0379088013618266 0.0335587441870851
v 0.0579145160505001 0.038968270028752 0.00986197009991176
v 0.0492462176660941 0.0439301733771461 0.0230942568236383
v 0.0571870377515404 0.0402126807031018 0.00882720555006253
v 0.0569739884332887 0.0406552004166266 0.00831720307505422
v 0.057884143763532 0.000190402117979547 0.0997219063403776
v 0.0594014468099611 0.00370378244377537 0.0965968646869764
v 0.0589464548265026 0.00957802623765566 0.0959387251152383
v 0.0580102969741156 0.0152088584380322 0.0944154911991471
v 0.058967681527244 0.0164855133574272 0.0918109768969347
v 0.0572044385797543 0.0249067542538609 0.0818544235411042
v 0.057471165597371 0.0248551217385441 0.0811980870098303
v 0.049173395702933 0.0320586846395539 0.0840579625057139
v 0.0578394626388055 0.0246674882093075 0.080611942396791
v 0.0598108710497431 0.0231643822419457 0.0792525020408816
v 0.0510991618644001 0.0332687742198479 0.0685754179527889
v 0.0548352698111022 0.0336307345434935 0.0461525385196684
v 0.0567816703522475 0.041575395402626 0.00644576674821004
v 0.0556846656662505 0.0430095537081203 0.00607370711325763
v 0.0567531197319453 0.041352991881924 0.00713183994296551
v 0.0570423102464857 0.0416424804196408 0.00543374695776968
v 0.0550500104108802 0.0459946171731863 0.000902892303029619
v 0.0577774626422385 0.0217732808348664 0.0875497142773185
v 0.0549008721628143 0.0223779177057906 0.0926201024810946
v 0.0521651274365717 0.0286574951385258 0.0857722442052011
v 0.0571425354407197 0.0242606046171045 0.0838554631801963
v 0.0592917333028474 0.0236069522468815 0.0794494581345589
v 0.058769417883833 0.0240259821461689 0.0797423255501167
v 0.0539807032538428 0.0292956186386119 0.0763045457831499
v 0.0564902744662016 0.0289429510501365 0.0656382724872617
v 0.0577408579455933 0.0340944288037037 0.0289357353984773
v 0.057506015682565 0.0396366019030591 0.0093695463381064
v 0.0592441948809168 0.00665161792466233 0.096357581845874
v 0.0605909876922401 0.00976661716634656 0.093417359290629
v 0.0585234556310341 0.0124625767298579 0.0953032651103303
v 0.0608653143008559 0.0128719730299672 0.0915356555982905
v 0.0570480658190805 0.0245934648402164 0.0832223650092848
v 0.0607427075660719 0.0227841270205569 0.0773528349991254
v 0.0597210617655254 0.0363615060079794 0.010962473914866
v 0.0539125453533929 0.0391889971690865 0.0239883991184443
v 0.0610157377738702 0.0342158173687541 0.0128037759034982
v 0.0576277693260066 0.0371306293205558 0.0168743949337066
v 0.0626156379436473 0.0039650898633626 0.0920588055537908
v 0.0618744058750952 0.00892030957636402 0.092004677086964
v 0.0608981378284502 0.00457740735033698 0.0942404770648372
v 0.061946397098652 0.0170361745058099 0.0867070089271588
v 0.0567897020768524 0.0204401803258553 0.0914720648943171
v 0.0608918607152966 0.0183215000369942 0.0868525336641252
v 0.0601393559200959 0.0193439840277244 0.0867700557387607
v 0.0582894478328999 0.0243804173846095 0.0801193621727966
v 0.060349328149051 0.0226805900437748 0.0791324508384067
v 0.0611299775079759 0.0237808524956191 0.0706720187364812
v 0.0611351109571899 0.0258197128646075 0.0582804331567786
v 0.0595471056374421 0.0314246775845923 0.0331299372062846
v 0.0619787512397434 0.0334482549525643 0.0109928378240875
v 0.0613243295971962 0.0342693684082692 0.011118638080687
v 0.0604596302519381 0.0353768225318898 0.0111145737890622
v 0.0618564499787152 0.0359045135439491 0.00293156195398654
v 0.0601545141239072 0.0392249350388744 0.000777857302531064
v 0.0610810160253778 0.0371022835911874 0.00282169429797617
v 0.0628490645965875 0.0161545530320651 0.0863318424001669
v 0.0637843656323423 0.0147273572930302 0.0864615197525578
v 0.0623875533561446 0.0165662552865019 0.0865528191651518
v 0.0602547728457486 0.0177757227434152 0.088544322061293
v 0.0615181526952783 0.017529473643309 0.0867982114822072
v 0.0650282175132363 0.0256273202777723 0.0346190474640046
v 0.0603723429888509 0.0333069062852724 0.0197128462855627
v 0.0624705379096221 0.0328486732997702 0.0108294251748303
v 0.0632275540306559 0.00810094328153092 0.090657068252778
v 0.0646500037506061 0.00731392553985465 0.0893926973031603
v 0.0639485764025562 0.011430864265205 0.0885513479586389
v 0.0622044739935728 0.0138420692028928 0.0891581679323725
v 0.0661707936681994 0.0202916232229834 0.0626452923719892
v 0.0706004537005143 0.0163908705098167 0.0591003360055312
v 0.061092672456866 0.0289504072174818 0.0385041451788512
v 0.0640746551073457 0.0310217018212903 0.00966787130382944
v 0.0644849138120217 0.00339058290274498 0.0901169831279594
v 0.0661417140567591 0.00657478335882729 0.0882319713779098
v 0.0663644193259272 0.0100499794651428 0.0868634860173578
v 0.0646826074861078 0.0159127742796053 0.08395904859992
v 0.0624966894433539 0.0294094169258876 0.0274765410838304
v 0.0690569842191945 0.0244070364421994 0.0139566684747487
v 0.0658573403418079 0.00304495564615153 0.0889016966022171
v 0.0673345369192686 0.00275937889545606 0.0877907405542416
v 0.0680693503136583 0.00895001596779729 0.0859700422144671
v 0.0672662523589687 0.0120380157066804 0.0847209598558926
v 0.0683259855214632 0.0239561497279963 0.0227839606378087
v 0.0717479695896267 0.023273948600116 0.000507056759978307
v 0.0677321668918434 0.0058633084387807 0.08718360765613
v 0.0686933959439477 0.00458063438254428 0.0867470334452308
v 0.0687809253508657 0.00652149215826915 0.0863371770157551
v 0.0694005602381439 0.0092326639422925 0.0847638602980108
v 0.0698291995222264 0.0117237856573853 0.0822505038473642
v 0.0699586235371713 0.0125117952574456 0.080979285814331
v 0.0711120328345977 0.020032365411226 0.0308287956380368
v 0.0643828930281497 0.0112043759643411 0.0814342480577324
v 0.0641080337031061 0.0184419777687116 0.0807149392206608
v 0.0646247313852447 0.010499239159067 0.082209264884682
v 0.0646861912148044 0.00999999818448789 0.0826807972189605
v 0.064790290710332 0.016214390497958 0.0833945255712898
v 0.0644729705332262 0.0156844866638137 0.0845395829258952
v 0.0646785990743848 0.0159087472414338 0.0839682798690733
v 0.0646667377519628 0.0100000456819316 0.0836519952792228
v 0.0641659023533897 0.0155729626659032 0.0850980486326355
v 0.0638742941258306 0.0155960976462962 0.0854820962515004
v 0.0641556503561204 0.0100000074977121 0.0849626045309915
v 0.0635477799337319 0.0156996877084566 0.0858171861063572
v 0.0630879972277123 0.0159708738978507 0.0861803273965345
v 0.0619676051729448 0.0100000261241607 0.0865977685168884
v 0.0632820326673076 0.00999996838217024 0.0859352778061789
v 0.0626248841126961 0.0163470462017224 0.0864498595941843
v 0.0610011942428603 0.0181703948359638 0.0868664066448865
v 0.0619938945423958 0.0169743719495974 0.0866942907863641
v 0.0609999946995751 0.00999999818448789 0.0866999979309738
v 0.0648053185290036 0.0167256157295194 0.0826092716468288
v 0.0645748721078277 0.017547593452436 0.0815969165802691
v 0.0638276833010367 0.0118939280201326 0.0805480015155374
v 0.0631435785501168 0.0197876325040299 0.0797296297610633
v 0.0631244156598723 0.0123522289921719 0.079914940597528
v 0.0624092159157815 0.0126533776866666 0.0795255434619141
v 0.0616121156775176 0.0128834208452318 0.07929419548897
v 0.0617577596038398 0.0213131013854932 0.0791678634471923
v 0.0609999946995751 0.0130021979821987 0.0792475995589584
v 0.0610001139088457 0.0220682921145714 0.0790861901845144
v 0.0518675438443251 -0.0419628441584359 0.096358170441728
v 0.0453763643683888 -0.0340301414792577 0.127842125419331
v 0.0460296945010523 -0.0330053701606484 0.127955165625621
v 0.048197582141632 -0.0292703984273064 0.127530542145732
v 0.0497657875465956 -0.0264426725729478 0.126069289608241
v 0.0495446021956274 -0.026830193971907 0.126392614996598
v 0.0499700489064323 -0.0261023524572009 0.125691440872294
v 0.0512968816155141 -0.0239994226932142 0.122446884458209
v 0.056036321838571 -0.0131509003713691 0.10187165211428
v 0.0620762495219131 -0.0250808444923735 0.0840525012302584
v 0.0501216197686758 -0.0382862365389083 0.103751530414413
v 0.0515163309814796 -0.0373652368903326 0.101036456949194
v 0.0488591377139651 -0.0431871047407692 0.101352018832743
v 0.0472123920261426 -0.0349486377331514 0.118193787674745
v 0.0447320196344947 -0.0377109773026008 0.120338899187619
v 0.045323517408628 -0.0370043308236737 0.120123845634076
v 0.04413484824414 -0.0383365950051459 0.120677885696041
v 0.0464090072241456 -0.0354561339497177 0.119974305034258
v 0.0610305010969727 -0.0440565165775046 0.0769722519001606
v 0.0637647631579125 -0.026071965269074 0.0817929264502318
v 0.0662278204030097 -0.0101561297326532 0.0856767948193074
v 0.0673248660671934 -0.0044459525868414 0.0866924206906761
v 0.0641698213581598 -0.0164829075172782 0.0850356351203702
v 0.0492805834636264 -0.0267902812180033 0.128294241541008
v 0.048709660464536 -0.0283472418359912 0.127216515081752
v 0.0492150518924188 -0.0274254337995494 0.126781177667204
v 0.0476673169543863 -0.0302125186058669 0.127756413942059
v 0.0471271648482625 -0.0303869739227707 0.13032990402736
v 0.0471343844597115 -0.0311400989787072 0.127898571016671
v 0.0466187186828213 -0.032021316258519 0.127962646008373
v 0.0410816939338387 -0.0378770134647704 0.13374194203894
v 0.0447485189425999 -0.0350624304324925 0.127618056663467
v 0.0441210683975198 -0.0360375659910671 0.12726287259319
v 0.0435418268265172 -0.0369323060725095 0.126773131040339
v 0.0434795697849606 -0.0356025937144854 0.131572720447792
v 0.0641897889109807 -0.00769349158264791 0.0880068520902055
v 0.0622341533766557 -0.00202719229596988 0.0919395366622611
v 0.0616569607149911 -0.0144011504373322 0.0883955190689373
v 0.0659958093601575 -0.00475460494612514 0.0875192265021973
v 0.0610618717615818 -0.0307389616458749 0.0831827502731364
v 0.0592076907670936 -0.0308941460391326 0.0861330609142841
v 0.0591322946287461 -0.0419596478598686 0.0816001277804346
v 0.0593410300615189 -0.0499480696971705 0.0770746303258546
v 0.0645175175475234 -0.00220642715956568 0.0894431079303523
v 0.0609166860458933 -0.039297801705512 0.0796646830514516
v 0.0594273375734136 0.00022265602549479 0.0966395714140034
v 0.0613842285303693 0.000127244560396226 0.0935982295811572
v 0.0628983129264929 -0.013146013722598 0.0873892734783305
v 0.0581830833612314 -0.0482748483754117 0.0804308858417521
v 0.0636112365185736 0.000168955668801311 0.090879587287912
v 0.0606297903098115 -0.00225555767718411 0.0940783747864132
v 0.0602788493931146 -0.0240678152869156 0.0869026239163587
v 0.0586348902219917 -0.0363910661817917 0.084968326576762
v 0.0567648320427791 -0.0396409306896968 0.087311675683148
v 0.0608438491815734 -0.0118897482450832 0.090389748877516
v 0.058216838211252 -0.0129447735727125 0.0949476042029052
v 0.0574894865721422 -0.028058643642514 0.0907281169877622
v 0.0595097558828558 -0.00294692022377246 0.0957060732907189
v 0.0587762128122557 -0.0236552096497252 0.0897344256251806
v 0.0598881670858404 -0.0120034403616022 0.0918795296874747
v 0.0539789896205783 -0.0410353885828007 0.0924844497631985
v 0.0549764247633295 -0.0455610903090104 0.0880358795515623
v 0.0574149211733989 -0.0195983374955847 0.0943951734663134
v 0.0556517937098901 -0.0367448643956927 0.0910230407635187
v 0.0583761651266621 -0.0048612469518767 0.0973526515658352
v 0.0567086062452556 -0.0157910280867432 0.098157724034241
v 0.0564136378063822 -0.0270928045443993 0.0937794202466438
v 0.0547475243373813 -0.0296422549830543 0.0973738484671596
v 0.0550977201961372 -0.0331934041585283 0.0942533814701427
v 0.0533496391777485 -0.0363878177291686 0.0969268210919166
v 0.0525185791985301 -0.046525742902354 0.0919847616854735
v 0.0573465919096225 -0.00929601528770007 0.0985899024026862
v 0.0558584951344838 -0.0226506554783471 0.097770159741413
v 0.0553267994359912 -0.0195422607096493 0.101746601572336
v 0.0518227472356177 -0.032827521104823 0.104897526542153
v 0.0528669459400407 -0.0327808134224967 0.10127060634038
v 0.0508788743082508 -0.0418217413602645 0.0985382996826253
v 0.0542881141603322 -0.0262126899503402 0.101560076291261
v 0.0495683769945272 -0.0452638047399402 0.098041427924303
v 0.0558201097493594 -0.00146451720470251 0.106241916725593
v 0.0566699265622444 -0.00106072513729384 0.102788252321148
v 0.0565020240299324 -0.00702546751040265 0.102075261576282
v 0.0556563460139101 -0.00812049639587213 0.105753546079541
v 0.0545887860177446 -0.0198207168019035 0.105469723668626
v 0.0489031557371241 -0.0399795595239174 0.104865928630547
v 0.055278206757074 -0.0135649672534465 0.105714959523492
v 0.0524926213798629 -0.0273877990603006 0.108941478082356
v 0.0534739558205073 -0.0263857259318663 0.105133844052244
v 0.0497458125431953 -0.0312429542274733 0.115660441316803
v 0.0511396371370492 -0.0274980694982252 0.115978305429705
v 0.0473107881031312 -0.0377246528411094 0.112376650146172
v 0.0553178885430159 -0.00192298290439594 0.117702287784913
v 0.0555245378135537 -0.00183006754347104 0.108978008278206
v 0.0552956746405026 -0.00900692256201452 0.108607654826172
v 0.0547890687681759 -0.0149784837286832 0.108667713955021
v 0.05214909006439 -0.0242484564473752 0.116184440638473
v 0.0538899663724885 -0.0211909733504363 0.108770196688841
v 0.0508539893730188 -0.0323375933545073 0.109163892809364
v 0.048648684922638 -0.0311206995325664 0.120682974442475
v 0.0480384079630998 -0.0324783012719699 0.120335673086293
v 0.0474520920669467 -0.0336536040969949 0.120120120343861
v 0.0490546781706014 -0.0362929569521103 0.10958674305111
v 0.0533403296787747 -0.0196838366196132 0.116181058074957
v 0.049745689608635 -0.0281998134959001 0.121839736658937
v 0.0502024399288344 -0.0281458247348446 0.119606603988857
v 0.0500373052867735 -0.0272672039819575 0.122394007688895
v 0.0491096373696251 -0.0299801033690817 0.121063654398985
v 0.0469353757583595 -0.0345877577435204 0.120014918148184
v 0.0549709709392008 -0.00792283624939344 0.118337427414862
v 0.045849770458861 -0.036268619634465 0.120009933709876
v 0.0494254450791105 -0.0291343340834616 0.121398289768436
v 0.0540033269382237 -0.0134394007759915 0.12359185985643
v 0.050203166360327 -0.0266458591867045 0.122880046303271
v 0.0485384275232274 -0.0334982222633828 0.116130118456555
v 0.0544419462734269 -0.0135020918137988 0.116348651431158
v 0.0530131263080805 -0.0172237651942149 0.125925120876913
v 0.0529813570374729 -0.0186364807321649 0.121938523904863
v 0.0503515520998724 -0.0257454454890407 0.124213648046248
v 0.0502933742505432 -0.0262645999997401 0.12326658986658
v 0.0503482291414552 -0.025944286552356 0.123716649628058
v 0.0551461713140456 -0.00262371502025459 0.131107118775536
v 0.0502844298299605 -0.0257052868660166 0.124733072711533
v 0.0501551809036317 -0.0258373111331758 0.125239846291247
v 0.0551724644087863 -0.00494266408971059 0.119658668644905
v 0.0549375141123566 -0.00514867633570879 0.133971703038252
v 0.054613097258362 -0.00962380166623316 0.124036629705802
v 0.0525693586225044 -0.0172910402010047 0.132129278805942
v 0.0518185488341197 -0.0208522029552068 0.126809400465874
v 0.0506673262817504 -0.0232834834791169 0.129268509240407
v 0.0517021856848819 -0.019569464637723 0.133859229076075
v 0.0485368927038688 -0.0271083781180127 0.132661578074211
v 0.0550042601280082 -0.0012631627349891 0.140000057071446
v 0.0547404760892587 -0.00551776220723834 0.140000206083055
v 0.0537615817133713 -0.0129831878288321 0.131469917339014
v 0.0455006847364373 -0.0318718725366973 0.134988334737979
v 0.0433597458415865 -0.0338318033300526 0.139997136443917
v 0.0540628421665571 -0.0102245614418965 0.139999997466803
v 0.0528280799925443 -0.0153958446981825 0.140000161379572
v 0.0511808611929292 -0.0201665522090592 0.139999967664481
v 0.0506937423110514 -0.0218806082939237 0.13558681006163
v 0.0492700073661528 -0.0244873536882478 0.139999922960998
v 0.048550761957442 -0.0262692249469094 0.1367516785096
v 0.0464567617128791 -0.0294514735840166 0.139998775571612
v 0.0432792944851087 0.0342275855589335 0.121622760855643
v 0.0470204762763896 0.0302357308860212 0.100528886157374
v 0.0377040557143282 0.0429626672118881 0.0799897891285317
v 0.0341279154328656 0.0456992203259968 0.0818228330800794
v 0.0299235404328398 0.0496940868956358 0.0706638901532317
v 0.0242190359719268 0.0527079990041805 0.0706395267552243
v 0.0488257591182047 0.0255082935463951 0.127071631094702
v 0.0500227468546049 0.0231305566114207 0.125449207601341
v 0.0553232194325843 0.00436826679230867 0.109485385354935
v 0.0547655733660039 0.00530344861879288 0.139999967664481
v 0.0550743738055535 0.000303872608864933 0.126465675388299
v 0.0244594475430647 0.0515652440353115 0.0813184064332007
v 0.0187159355736465 0.0531407100299109 0.0920791083854636
v 0.0163218818697624 0.0547096381410774 0.081037884629416
v 0.0105946317212307 0.0560804963238976 0.0813340973555871
v 0.00907994196553002 0.0577897523729766 0.0655437544239218
v 0.00510910910242534 0.0577811357778881 0.0706665425598649
v 0.00715984569499455 0.0546362462085914 0.127260667221382
v 0.00221131217852249 0.0549588190441817 0.139999967664481
v 7.10578936526925e-17 0.0550019914265776 0.137995001569502
v -0.026727312646113 0.0504480743561392 0.0810433831577737
v -0.0215689282054319 0.0528403101186471 0.0813190918866002
v -0.0242145637616355 0.0527103831895919 0.0706401526039804
v -0.0446362126338513 0.0322711081091351 0.127502885591174
v -0.054938255445008 0.00365410081611115 0.139999893158677
v -0.0552937039622485 0.00273877455092611 0.114763085959187
v -0.0548645617640558 0.00526298033106193 0.127096426626375
v -0.0541261683662592 0.0124663970144508 0.108610404090351
v -0.0546680080286196 0.00874493318158059 0.115135108341237
v -0.0478152929120641 0.0275924031467901 0.12033822863538
v -0.0471784546369264 0.0286750375277485 0.120150980648004
v -0.0452471340685086 0.0314070718654446 0.127755966907234
v -0.0459399224697317 0.0303791061109129 0.127894964935743
v -0.0431457502997496 0.0342714806475322 0.126186204116355
v -0.0346837174810418 0.0471335909730043 0.0652332589350657
v 0.0471751279532195 0.0286804634122045 0.120151308473543
v 0.0476921199332449 0.0278051265021926 0.120296758704705
v 0.0468033254141723 0.0290335109802298 0.127904576184498
v 0.047969337366672 0.0270699610679258 0.127588269242906
v 0.0474724656763455 0.0279280033204803 0.127772060160963
v 0.0483953540468019 0.0261605619714926 0.139999863356355
v 0.0483738106964356 0.0263459547389714 0.127380651368633
v 0.0491048727240919 0.0251861267673826 0.121171151373435
v 0.0495156715957752 0.0243485419432453 0.121633892022806
v 0.0493106987056048 0.0245706008746495 0.126611304433391
v 0.0496280151574209 0.02393688252964 0.126196113388327
v 0.05017088299974 0.0228268169779359 0.125002247281322
v 0.0512276098534422 0.0202811849612289 0.128244873995076
v 0.0501446830372419 0.0229653400129863 0.122902718419521
v 0.0502523848879147 0.022708887344377 0.123383414967729
v 0.0499930935485499 0.0233126524975102 0.122473199908289
v 0.0494795511867917 0.0247738601315554 0.115370792551991
v 0.0482393985185751 0.0268359644456606 0.120534491825078
v 0.0465547331068414 0.0296798710958546 0.120074381230599
v 0.0458176845386284 0.0308049607409405 0.120111865100744
v 0.0448172654388233 0.0322304204949727 0.120407265713648
v 0.0442429188984936 0.0328150711866275 0.127276343242608
v 0.0438641388918282 0.0333258307569758 0.126991686366684
v 0.0434943517345116 0.0338151140321724 0.12663308993057
v 0.0436396156812839 0.0337803608045108 0.121211712333298
v 0.0431499449759579 0.0342665185616446 0.126191628138908
v 0.0425256683777068 0.0350951906301618 0.123360206409688
v 0.0421546630506565 0.035845765725295 0.115564075509517
v 0.0426314628800503 0.0349336732444048 0.125080359166554
v 0.0428520931628525 0.0346480254803744 0.12566852288689
v 0.0417911567317832 0.0358952748254797 0.127696496374238
v 0.0448223988880373 0.0320129120049437 0.127597761282375
v 0.0452132972621144 0.0313884863951043 0.139999997466803
v 0.0455108585026228 0.0310207984385367 0.127822783712533
v 0.0461100415494183 0.0301206157088347 0.127912935735741
v -0.000997750278977124 0.0549974167708194 0.13500185009088
v -0.00155628180035436 0.0549856150530327 0.139999967664481
v -0.047415770492319 0.0285347021392565 0.115227532791476
v -0.0483537202090544 0.0266245598428139 0.120602798746464
v -0.0483744179186575 0.0263448501905738 0.127380308641933
v -0.0483950448477563 0.0261623594237755 0.139999863356355
v -0.0488342043499668 0.0254922319598303 0.127065104386245
v -0.0497248279862848 0.0239043067338112 0.121941444532392
v -0.04928939004849 0.0248157361131338 0.121359636157163
v -0.0499890478839298 0.0233219992493811 0.122465414051739
v -0.0498419920728093 0.0235005095441292 0.125840228963489
v -0.0517251744476539 0.0188901189444018 0.140000012367963
v -0.0516245618232906 0.0205904771390195 0.107209121274744
v -0.0501452530065669 0.0229637958804034 0.122907956177563
v -0.0502512263228163 0.0227112454527605 0.123384398444346
v -0.0494776959925184 0.0247776096356439 0.11537112037753
v -0.0512827106134747 0.0201308341313639 0.128660348162196
v -0.0501708420215532 0.0228264314104514 0.12500740308298
v -0.050018850201573 0.0231383201151667 0.125460711297526
v -0.0493077408255788 0.0245766712342244 0.126614388973689
v -0.0496258321376535 0.0239411889645395 0.126199600259969
v -0.047969337366672 0.0270699610679258 0.127588269242906
v -0.0475379152911796 0.0278161757114588 0.127750229960302
v -0.0470810234099714 0.028580610746941 0.127860871079694
v -0.0465459898519028 0.0294430060005163 0.127920743944032
v -0.0456692503703169 0.0306928462846117 0.139999982565642
v -0.043823335793685 0.0335475339232131 0.12103984979451
v -0.0434552883466608 0.0340108742809014 0.121408325700276
v -0.044223174863055 0.0328412264456491 0.127263826267485
v -0.0434918036363531 0.0338176882073589 0.126630273611167
v -0.0426435141922473 0.0347597692703775 0.139999997466803
v -0.0431103749487072 0.0344315153679863 0.121863079327425
v -0.042493724018483 0.0351042654358841 0.124404368004105
v -0.0426309972188372 0.0349355768674443 0.125077006405361
v -0.0428598454907295 0.0346375499657228 0.125684854559194
v -0.041737404526624 0.0375886797668623 0.0948036142855074
v -0.0371273994943812 0.0415995948845522 0.103417744411131
v -0.0424913994377068 0.035141607739891 0.123705384350448
v -0.0450255203092242 0.0319417589715706 0.120323692552961
v -0.0455115551317977 0.0312520998137 0.120172453220804
v -0.0449785816589361 0.0322557338385209 0.114830349799312
v -0.0470118634065907 0.0302560467534296 0.100483825046931
v -0.0465546846780752 0.0296800219700876 0.120074381230599
v -0.0460171253735863 0.0305035848037739 0.120093022582836
v 0.029419426779326 0.048926107246999 0.0810487997297465
v 0.0332340470692142 0.0450954588981533 0.097413895336973
v 0.0239909960879006 0.0509763651398411 0.0920769626182996
v 0.00708141903347166 0.0562336653354247 0.0863240043895541
v 0.00165415319357109 0.0570695607406806 0.0810334217317382
v -0.00300144961749643 0.0569880923801133 0.0811509993415102
v 0.00148413062217083 0.056321418259725 0.0920852104108361
v -0.0102588592528917 0.0541392404078354 0.127242070572628
v -0.0073760428830473 0.05585588743169 0.0920848602335558
v -0.00735572329034921 0.0565972014566156 0.0813317727744928
v -0.0160601355644818 0.0547864312630645 0.081048479354788
v -0.0237427688589609 0.0504533679928106 0.10342187948327
v -0.025932401015551 0.0486970317324347 0.121520039703249
v -0.018712869660219 0.0531413768567682 0.0920857394020466
v -0.0314970189853814 0.0475933028985195 0.0813069921439813
v -0.030543845872265 0.0459458270539147 0.121471305456654
v 0.0381754613242286 0.0417896219124246 0.0877388025580614
v 0.0237448345321025 0.0504527570452989 0.103414302242973
v 0.0131533180843879 0.0547836819992619 0.0920825058501398
v -0.00295726488762314 0.0559252262489766 0.0974065863175708
v -0.00729913288009573 0.0552825765218984 0.103423160983104
v -0.0131506246999309 0.0547842147156898 0.0920844355504713
v -0.0239884386765179 0.050977061769016 0.0920845100562756
v -0.0383835522818824 0.0416723572430781 0.0870016197785373
v -0.03324345715101 0.0450881759567792 0.0974192225019807
v 0.0449231307216713 0.032314962219547 0.115294021771237
v 0.042696323899111 0.0349195692975802 0.12271523201357
v 0.0429512566495205 0.0346229133024703 0.12213287974597
v 0.0416464255014388 0.0371139660997035 0.103312147334692
v 0.0385944670091329 0.0394248899638117 0.121422660617024
v 0.0371289268631604 0.0415987566943685 0.103408803714615
v 0.0305860981081036 0.0459181742284315 0.121450540688994
v 0.0287422398913891 0.0480840651137291 0.0974159442465913
v 0.01852286312144 0.0525953946722554 0.103415710402674
v 0.0209642093781341 0.0510336079414542 0.121534560884508
v 0.0156833485878087 0.0530803864137114 0.115180378067932
v 0.0103329962433188 0.0542115780833348 0.120751646442302
v 0.0130162721267057 0.054221818904735 0.10341702170483
v 0.0073015212564581 0.0552824275103102 0.103419197274315
v 0.00436064764353871 0.0551773482635901 0.115183857488993
v 0.00146822596343484 0.0557431787916532 0.103421797526886
v 0.00158843326240271 0.0551342578375677 0.122179073344639
v -0.0101019062783463 0.0544193970948402 0.115187724340236
v -0.0130139801422145 0.054222072224435 0.103423846436504
v -0.0156820913025332 0.0530805428758791 0.115187880802425
v -0.0185207210798594 0.0525958156299921 0.1034230864773
v -0.0287516425226055 0.0480781456283873 0.097420854179095
v -0.0421229571099739 0.0361335518056164 0.109344316065066
v -0.0386916560922571 0.0395721469405763 0.115185071933603
v -0.0428136444478031 0.0347838420924537 0.122413788979937
v -0.0426030724472055 0.0350272562470941 0.123031613460967
v -0.0442210737996612 0.0330315701231464 0.120735270066516
v 0.0541120159906684 0.0104532830539388 0.127535176406759
v 0.0549053611369093 0.00464533940509854 0.127162245053897
v 0.0529201803299308 0.0168703506851536 0.108056840865534
v 0.0540622088673072 0.0119525054067827 0.115053181758824
v 0.0528501635099179 0.01555735463336 0.127252277867818
v 0.0503024825838729 0.0225821790656273 0.1239258023219
v 0.0515832558110371 0.0206778202814523 0.107314606592478
v 0.0498080919364901 0.0237223840736929 0.12209219957682
v 0.0487395261121042 0.0258999835445346 0.120859001855723
v 0.0473425760001874 0.0286353296647787 0.11566938201332
v 0.045236759136679 0.0316447416233592 0.120250334138043
v 0.0444111418057203 0.0327803403107041 0.12061467497167
v 0.0440116603641619 0.0333054794993152 0.120886129419071
v 0.0424946367144608 0.0351029206063005 0.124413703581384
v 0.0409933375126061 0.0367023178619674 0.139999982565642
v 0.0348284151837788 0.0427900149352018 0.121415865687671
v 0.0373315639966855 0.0404086346668954 0.139999997466803
v 0.0259698085121277 0.0486772727958373 0.121513289477379
v 0.000997665761466932 0.0550035933011509 0.135001999102488
v -0.02093024591189 0.0510472685788039 0.121546228493462
v -0.0187077175845564 0.0517483792772289 0.139999997466803
v -0.0281905244860197 0.0472616403560479 0.140000027269124
v -0.0446162860592171 0.0325040430238342 0.120503229189592
v -0.0488057841148044 0.0257733870244761 0.120907840410445
v -0.0502702886302388 0.0226221775011942 0.124480714101775
v -0.0502907032178244 0.0225771983532912 0.12392164489802
v -0.0531488125350202 0.0145552181750007 0.127225366371303
v -0.0541399593887486 0.0101807334085125 0.127383318676427
v 0.0538698311816308 0.0112327058612282 0.140000012367963
v 0.0517216354224338 0.0188991900248344 0.140000012367963
v 0.0502704599935653 0.0226226822779492 0.124477212328973
v 0.0498372311525658 0.0235106702718006 0.125848394799641
v 0.0424848950818812 0.0351425949416629 0.123885993870661
v 0.0318770097112011 0.044899892364489 0.140000027269124
v 0.020695666281786 0.0509704307533404 0.139999982565642
v 0.0254236717280922 0.048799883255911 0.139999997466803
v 0.0156636883713885 0.0527548743245435 0.140000042170285
v 0.0154952261142983 0.0528719154765077 0.127584633359656
v 0.00814254172902625 0.0544548506769664 0.139999997466803
v -0.00667048931098744 0.054620406276764 0.139999997466803
v -0.00438380776963717 0.0550236875138218 0.120490004409328
v -0.0127979226525257 0.0535228055444142 0.140000042170285
v -0.0157465555782402 0.0527973612536336 0.12759266508536
v -0.0234825983512256 0.0497482675091112 0.139999982565642
v -0.0332353173930037 0.0438533914310281 0.139999982565642
v -0.0345526543386265 0.0430204539057983 0.120962736287056
v -0.0367772557896811 0.0410223612447009 0.127467644345738
v -0.0411326558970086 0.036692181348679 0.127277267114581
v -0.0384015193541316 0.0394307684709668 0.139999982565642
v -0.0438595269831729 0.0333317129894206 0.126987722657895
v -0.0538701739082837 0.0112326099350183 0.140000012367963
v 0.031823939234058 0.0541605639661091 0.035550727645664
v 0.0268682813338549 0.0552155660106778 0.0436901216874244
v 0.0292060757126081 0.0512642182753772 0.0614250325838096
v 0.0345289465949413 0.0478016061976865 0.0613555782730375
v 0.0229504872829309 0.0543212655134206 0.0614467957292468
v 0.0144867408309585 0.0616874186836225 0.0326024323865227
v 0.00958103440909277 0.0621353810454068 0.0353100850736331
v -0.000357243932255565 0.0607362963424889 0.0478326555825921
v 0.00330115755619751 0.0612847595699455 0.0439165336508333
v -0.00740758770495018 0.0629810888637468 0.032306692772209
v -0.0120198549193666 0.057730922597949 0.0614673556059445
v -0.0346511249214092 0.0506870852183478 0.0436976579495298
v -0.029187931689098 0.053989312398352 0.0438987267636047
v -0.0307133353779914 0.0503431776486146 0.061423706380493
v -0.0251124815151966 0.0576007199974557 0.0355641722180507
v -0.0182239402875444 0.0586070660331821 0.0439047170302707
v -0.0144720892665472 0.0617466135370412 0.0323116399576148
v -0.0105607818763226 0.0619421241913599 0.0354050166441869
v -0.0121634899832152 0.0601562985376761 0.0439123464246315
v -0.00611086511557349 0.0586884226350583 0.0611803555224756
v -0.000872888346937671 0.0628154177799684 0.0355589009323962
v 0.00947260240163775 0.0606750823820498 0.0436715846433136
v 0.0154628105059268 0.0593956204568618 0.0439046387991762
v 0.0213807209815807 0.0575293993260458 0.0439058793208179
v 0.0321178273389168 0.0522578387214699 0.0441351448565316
v 0.0121187948886523 0.0588817539948993 0.0523999656945474
v -0.00610147319456497 0.059805447027932 0.0524025361447959
v -0.00607307531114072 0.061106228786104 0.0436905612716698
v -0.0179390059164925 0.0573761893363319 0.0524022157698374
v -0.0121127887903248 0.0588827970760168 0.0524013552277977
v -0.023878943098852 0.0565738960442187 0.0436841537724997
v 0.0356714370682412 0.0499072218955508 0.0439137247820111
v 0.0287416475703259 0.0527993617342054 0.0523906189413975
v 0.0235096569930008 0.0553279430999308 0.052394228747616
v 0.0179443274928366 0.0573754144760732 0.0523960168869193
v 0.0175212351651255 0.0563425332017752 0.0611886256667533
v 0.00610735775531586 0.059805119202438 0.0524004388064048
v 0.00290949293659415 0.0589045453173169 0.061414530990693
v -0.00037204666193822 0.0583636071750652 0.0667018800966021
v -0.0143093369472529 0.0562170244663107 0.0704891889432999
v -0.0231874455105118 0.054219896655247 0.061450867471452
v -0.0235044229609647 0.0553292953800938 0.0524002301901527
v -0.0281830385163567 0.0524410186668637 0.0565633686655007
v -0.0339296629653237 0.0496261376114094 0.0524259905719908
v 0.0190885483632047 0.0543917070164599 0.0742370246148774
v 0.0141830710466558 0.056605188477744 0.0668692275836491
v -0.00510918034859095 0.0577812698883175 0.0706656335890524
v -0.0111719845703527 0.056424325662547 0.0755388272805774
v -0.0177361359523608 0.0562757015044604 0.0611834884915466
v -0.0189157955036962 0.0548029454723285 0.0708345605991506
v -0.0299250342740116 0.0496938298506462 0.070664173275288
v 0.01489712060755 0.0699740089836546 0.00132062527658883
v 0.0183986917649797 0.0691407883364071 0.00130587184676814
v 0.0218283331661327 0.0664154185419941 0.00632096626637206
v 0.0218503105127497 0.0681345056306057 0.0012881363221302
v 0.0241642164712671 0.063904282707959 0.0116522486511115
v 0.025207416798049 0.0669724834633804 0.00126767761034494
v 0.0285774591518502 0.0656137585491307 0.00124399011968098
v 0.0317438306042331 0.0641225846846953 0.00120977984831229
v 0.0306636027604244 0.0562159404070064 0.0292860784541202
v 0.0383667847529185 0.0604572088136296 0.00115596535360145
v 0.0351496767173929 0.0623656821802842 0.00118813253611775
v 0.0415360079145708 0.0583439041178134 0.00111992154095497
v 0.0411473670660552 0.0562676101752203 0.00690642589167298
v 0.0443487134008372 0.0562427438664368 0.0010815325417027
v 0.0113794766876863 0.0706276781176813 0.00133226902040238
v 0.00613568718654177 0.0712924188127125 0.0013441390755965
v 0.0086357030308062 0.0693808683567612 0.00630626114890885
v 0.00467779738864046 0.0689797887659193 0.00875678452647959
v -0.000860848210609825 0.0715490465699379 0.00134889010118939
v -0.00498163294833512 0.0681378881936582 0.0116584419460943
v -0.0115600945650853 0.067334253797251 0.0116589504482087
v -0.00482565832799861 0.065921638842123 0.0200341525666232
v -0.00139667374198676 0.0693250784181332 0.00810285825797487
v -0.00610140101707693 0.071274418212856 0.00134394431276744
v -0.0096197774220289 0.0708879715599769 0.00133707650742509
v -0.0131374548694999 0.0703248344163707 0.00132717899339991
v -0.0241541861287353 0.0639067712014822 0.0116565718504063
v -0.0150568451976362 0.0682734440354582 0.00631370241611371
v -0.0215709808400596 0.0665045870763825 0.00630839480887961
v -0.0201006853617781 0.0686704928628389 0.00129841172028158
v -0.0166447154756322 0.0695832707970349 0.00131424816181701
v -0.0269076148052094 0.066317912809245 0.00125797008612074
v -0.023551104566263 0.0675729405592553 0.00127937001576193
v -0.0302208055128165 0.06488275240082 0.00123235126531084
v -0.0359808670817509 0.0591088960841065 0.00855908151211407
v -0.0276504673747833 0.0642597796539657 0.00616802307960339
v -0.0307335823275403 0.0619450336426198 0.00870902444327568
v -0.0335062763397258 0.0632587645078077 0.00120379679939605
v -0.0367459149273896 0.0614447570375026 0.00117188607982801
v -0.03993084391044 0.0594370643048344 0.00113653738305262
v 0.0279356681040492 0.0641387300902785 0.00616033966853455
v 0.0153272341750334 0.068211447764181 0.00631790035252495
v -0.00835541968395149 0.0694156104085537 0.00630518221173028
v -0.0179787491697145 0.0659110143158832 0.0116586691887974
v -0.0308913576597881 0.0560887999946509 0.0292940636136964
v 0.035948267071539 0.0591261702524704 0.00856643523499886
v 0.0300210405776543 0.0613712160934283 0.0116490868110414
v 0.0179898654341954 0.0659092783308805 0.0116542631017954
v 0.017399228201984 0.063766514044074 0.0200330610565902
v 0.0233726725025987 0.0618275566317601 0.0200298163288128
v 0.0115711698513794 0.0673330691551247 0.0116563986244113
v -1.08182558563877e-05 0.0660832046566461 0.0200146506723467
v -0.0290418332774317 0.0593744570860455 0.0200324240319634
v 0.0290372530337389 0.0593775304500524 0.0200292947881826
v 0.0253975425460985 0.0588282923623371 0.0291011829875145
v 0.0197000341792523 0.0602243521300143 0.0325224615814731
v 0.0111880238051793 0.0651441559794477 0.0200336757294757
v 0.00765606033734929 0.0635729181886639 0.0293079291438774
v 0.00482141708566902 0.0659221678332612 0.0200332622222618
v 0.00408316804284852 0.0631373349645706 0.0329982630983383
v -0.00172482997193841 0.064058971637686 0.0290793825891752
v -0.011192282742635 0.0651431799535449 0.0200345921508686
v -0.0174036259064812 0.0637650686316683 0.0200340352199815
v -0.0197067695030397 0.0602339186739778 0.0324637286559404
v -0.0233772099054599 0.0618253400843854 0.0200316361330829
v -0.0256080568047057 0.0587395112580781 0.0290873472596553
v -0.0343439040046948 0.0564729369679127 0.0200308519594926
v -0.0361321958001636 0.052947352593042 0.028998536340925
v 0.0343390685786572 0.0564767628404401 0.0200277711444846
v 0.0251166892299189 0.057598667362828 0.0355628348388634
v -0.0318265804644591 0.0541595953907857 0.0355511448781681
v -0.0803041553803488 0.0178282791305789 0.000411208331474103
v 0.0779109026137514 0.0193966354097756 0.000438584179593231
v 0.0815632660478762 0.0169809154209649 0.000396417823374245
v -0.0945620833296673 2.51441966075617e-10 0.000100014998262878
v -0.0854220179822594 0.0142332544242772 0.000348457011056162
v -0.0829223336887787 0.016045856529041 0.000380096512034241
v -0.0871690670953997 0.0128545815149775 0.000324392771315364
v -0.0883471676129935 0.0118532860407692 0.000306914611844392
v -0.0945229901394988 0.00118441546572094 0.000120689580429764
v 0.090611540256943 0.00963383014612009 0.000268167926523806
v 0.0925731511559554 0.00707384365685574 0.000223492238098929
v 0.0933420062476731 0.00567089024057871 0.000199000390338703
v 0.0916310477411986 0.00842300482110924 0.000247037149100665
v 0.093910418401502 0.00425442007626687 0.000174276555951091
v 0.0895605540746768 0.0107224184713501 0.000287180119760034
v 0.0943059920141594 0.00276224224625587 0.000148231495001767
v 0.0884611987308757 0.0117482487035582 0.000305081827266175
v 0.0867188360321848 0.0132238247799971 0.000330839531551908
v 0.0945245249588574 0.001170763559519 0.000120451089096417
v 0.0945620833296673 2.51630953759897e-10 0.000100014998262878
v 0.0841939464285574 0.0151387969145428 0.000364263795789023
v -0.0943053885172271 0.00274513920838778 0.000147931216237741
v -0.093913592348331 0.00424667659595299 0.000174139200426321
v -0.0906979967804259 0.00954529770494889 0.000266629352561101
v -0.0917255210881275 0.00830523444368523 0.000244980294136771
v -0.0933179483267556 0.00572681522095857 0.00019997402986104
v -0.0925785155731312 0.00707201174564311 0.000223461402591249
v -0.0895460701483022 0.0107428740371225 0.00028753058807856
v -0.076408411319191 0.0203569592164815 0.000455347519900332
v 0.0718616356291178 0.0231945924788116 0.000504877872656035
v -0.0718679984239347 0.0231878124515478 0.000504760526014256
v -0.0691824445258929 0.0260989345038962 0.000555576103894201
v 0.0692107269253363 0.0260655354190425 0.00055518576332884
v 0.0707791931005793 0.0243174972414854 0.000524550955659502
v -0.07076008981497 0.0243398955458391 0.000524869002311624
v -0.0672579673146639 0.0284946459616992 0.000597394349204875
v -0.0656512647658847 0.0307358398531017 0.000636502911545271
v 0.0655271604646391 0.0309240526648875 0.000639923892116012
v 0.0673011285211906 0.0284462116075945 0.000596801620607042
v 0.0638306709833804 0.0335102400479724 0.000684887621144482
v -0.0641159909219168 0.0330565146630138 0.000677040995798088
v 0.0620515210488486 0.036334348646027 0.000733825769171287
v -0.0609234139191013 0.0380952930897685 0.000764904817698788
v 0.0602515206678358 0.0391028870975462 0.000781685678511433
v 0.0566412008533261 0.0440567028419899 0.000869261023251093
v 0.0584681909582546 0.041660332007909 0.000826639337614789
v -0.0589395630405476 0.0410055117593634 0.000815797578935379
v -0.0570962710678683 0.0434787502212254 0.000858953261640967
v 0.0546181263994643 0.0464861728751032 0.000911294578694673
v -0.0551879318116431 0.04582563058157 0.000899901186025116
v 0.0525506464923142 0.0487738248544218 0.000950827533081303
v -0.0531992417817621 0.0480756385084155 0.000939166618008167
v -0.0511132471847762 0.0502504440119782 0.000977138035510375
v -0.0489519980104515 0.0523280902347343 0.00101339884631189
v 0.0503090539949132 0.0510443144240675 0.000990465610501193
v 0.0456322284412246 0.0552156628682101 0.00106367734211659
v 0.0480174494832172 0.0531771247367812 0.00102783713986344
v -0.0467066392451584 0.0543179798079004 0.00104814067002816
v 0.0429797215881594 0.0572896061529991 0.0011000149870288
v -0.0443092104288012 0.0562738835630842 0.00108228481749554
v -0.0422585949081474 0.0578125921241604 0.00110910993384324
v -0.0399319093432957 0.0594395900512546 0.00113741550380553
v -0.0367483698933055 0.06144453724541 0.00117221157706056
v 0.0383527255095703 0.0604626738136274 0.00115517233244689
v 0.0285763434275834 0.0656166270222039 0.00124470944993847
v 0.0318766260063614 0.064088788856488 0.00121811774630581
v -0.030215590107229 0.0648836762726669 0.00123195708303994
v -0.0166461702012621 0.0695821457595438 0.00131399728680408
v 0.0184013888747264 0.0691413098769659 0.00130625229203137
v 0.0218530616391972 0.0681354146012938 0.00128867928317906
v -0.0201059864490289 0.0686676914449805 0.00129801020384557
v -0.00961962654779583 0.0708878449001269 0.00133703203677314
v 0.0113809323446387 0.070627834579849 0.00133239765933012
v -0.00259782029868176 0.0714864989557843 0.00134780790438187
v 0.000875790231202872 0.0715277751657201 0.00134845494072612
v 0.00434936653498834 0.0714015325481836 0.00134621068620211
v 0.00785725252412991 0.0711030995898842 0.00134084452206244
v -0.00610016841184565 0.0712745225209678 0.00134392498782445
v -0.013137876758559 0.070324350128709 0.00132704919031897
v 0.0149000859381555 0.0699741356435046 0.00132086835177537
v -0.023557035227474 0.0675691482143352 0.00127880528504837
v 0.0252088603478098 0.066974361009392 0.00126840567175137
v -0.0269063184043919 0.066314902775163 0.00125690069499834
v -0.033505743623298 0.0632587049031725 0.0012037056462011
v 0.0351468119696095 0.0623674777699222 0.00118821588948631
v 0.0407116944350089 0.0589042919976169 0.00112809994996116
v 0.0731592136381431 0.02110677248987 0.0103047646141477
v 0.0782111907663241 0.0192014749326892 0.000435170736914409
v 0.0826639997488682 0.0150881394938064 0.00889909247534515
v 0.0831501053519462 0.0158980444841102 0.000377519979085326
v 0.0912474472096544 0.00892566095502583 0.000255811051568514
v 0.0911491219131701 0.00750029805852599 0.00876020620554224
v 0.0939210801806389 0.00422229178086388 0.00017371119950519
v 0.0922646375637132 0.0058453921236038 0.00851473752003749
v 0.0929816515238905 0.00406654021224848 0.00869358870326901
v 0.0944641082104153 0.00195083258815698 0.000134007638468236
v 0.0935649946388588 0.00126263234686729 0.00866973939531133
v 0.0930241645300085 0.00634562775053431 0.000210824257754923
v 0.0897139838564833 0.0092699457103417 0.00872330906860584
v 0.0881573864542417 0.0120665691209499 0.000310635012616179
v 0.0866800334146134 0.0121397068024135 0.00859852581623511
v 0.0748229205699943 0.0202119374135401 0.00922857483710553
v 0.0717598234614693 0.0207616951791693 0.0137772445281466
v 0.072054598185278 0.0205923993885075 0.0125286892981375
v 0.0718548257995364 0.0207461812101912 0.0132029593765074
v 0.0717738529024999 0.0211713168593057 0.0138885645816796
v 0.0719219927729247 0.0210582263770741 0.0129907677771724
v 0.0723198760651994 0.0211859535225582 0.0116787606102505
v 0.0687778333604102 0.00239475731797721 0.0860133598890894
v 0.0683164413292379 -0.000439579994286005 0.0861536617691741
v 0.0685559253032391 0.00102591218858159 0.0861329789578993
v 0.0712391546205047 0.0177527954479233 0.0421000150866803
v 0.0715951358541731 0.0217940828525813 0.0134898309374638
v 0.0702087841914682 0.0139160245854468 0.0766957832121301
v 0.0700389780361168 0.0104719560685871 0.0827367883308949
v 0.0716472377559928 0.0201111776402334 0.0196086685446947
v 0.0713615005850094 0.0200789296698986 0.0278325652070515
v 0.0714409759155843 0.0188375662825277 0.0305802200604926
v 0.0711929610281578 0.017306362317563 0.0431343344643488
v 0.0711285731208897 0.0181013205142463 0.0430655805081372
v 0.0707790887924675 0.0147510007754679 0.0627515078466048
v 0.0709724462293365 0.0159447409905674 0.0537691327832088
v 0.07048872481167 0.0139498427653924 0.0737581385577141
v 0.0706341079677128 0.0138557931701675 0.06922772372005
v 0.0704837776269412 0.0129278514442257 0.0757267532707731
v 0.0704773775792274 0.0130533583170454 0.0772136954095878
v 0.0704492367407928 0.0127112342297587 0.0769427327004954
v 0.0703987516147052 0.0124033557994112 0.0781834257055053
v 0.0701107122146839 0.0130967802938515 0.0795542579988928
v 0.0702305100810301 0.0113722291365645 0.080668030366271
v 0.0703266598083264 0.0119631979195597 0.0794424247866327
v 0.070281799869694 0.0118844955865986 0.0805766340961314
v 0.0701118298015955 0.0106270734066302 0.0818064790560347
v 0.0696507581453378 0.0105906531118254 0.0835975687891788
v 0.0699690990518229 0.00973174193544705 0.0828291531764905
v 0.0696150698699601 0.00757439872737848 0.0844367425642145
v 0.0698001497131037 0.00870620693244813 0.0837113987569943
v 0.0692060256097281 0.00780183558013363 0.0855908672752037
v 0.0694175624603594 0.00634893301382542 0.0850189234684648
v 0.0696532540894405 0.00812247638735055 0.0846540834459494
v 0.0691493341509913 0.0049880404466284 0.085998637542159
v 0.0683659504294227 0.0024371993107602 0.0870896632874832
v 0.0692113304222686 0.00506894721977266 0.0854668076604573
v 0.0689969623514611 0.00374081950685704 0.0857955794231091
v 0.0603783928593325 0.0130812979898359 0.0792979952849895
v 0.0595398823007034 0.00790445660130943 0.0783420932663509
v 0.0598792897204724 0.00999999818448789 0.0809634011768534
v 0.0596450137014794 0.00855455318250867 0.0811380725844635
v 0.0589612926553992 0.00433200947892846 0.0821071993833661
v 0.0589294600548666 0.00413548368316506 0.0814775955346764
v 0.0591098907364578 0.00525053926042954 0.0818082001401141
v 0.0589187982757298 0.00406965921105433 0.0807025265536637
v 0.0592907051228887 0.00636695503409771 0.0815145504136111
v 0.0589572916942556 0.00430742908612982 0.0784999934174122
v 0.0600285918812854 0.0109215985360286 0.077706998339884
v 0.0598793120722107 0.0100001509213658 0.0794674810886201
v 0.0594778077983423 0.00752080903798269 0.0784886536339971
v 0.0595803911009598 0.00815434903474751 0.0781002995796434
v 0.0595993900784574 0.0082718288395745 0.0778999981753528
v 0.0604722925116467 0.0136611980057939 0.0775483978342623
v 0.0604307927843286 0.0134048980740625 0.0784310979001723
v 0.0632999289590524 0.00945710985307543 0.0833048280334883
v 0.063321088604579 0.00999999818448789 0.0828735958887578
v 0.0604775786977387 0.0136936136141654 0.0775571373651071
v 0.0603783928593325 0.0130812979898359 0.0792979952849895
v 0.0696393140553629 0.00771400628739432 0.0837877821075667
v 0.0646861912148044 0.00999999818448789 0.0826807972189605
v 0.0615472695596157 0.013493363460019 0.0775244740205003
v 0.0620208246616762 0.0134419656379537 0.0774284509399134
v 0.0702958963659392 0.011767857697245 0.0786952805810731
v 0.06257703649172 0.0134236344186358 0.0771320519492316
v 0.0632197905269099 0.0135041984651272 0.0762353969461754
v 0.0630118299543957 0.0134545068257469 0.0766677243262293
v 0.0633425015698057 0.0151273928714322 0.0651108309974335
v 0.0633234951417287 0.0135640303430856 0.0758027417405827
v 0.0631493900020573 0.0175818977826882 0.0470979985498339
v 0.0632541973026289 0.0181609437759812 0.0425159660909481
v 0.0630000282366091 0.0180001751734551 0.0440617156610999
v 0.061175031161673 0.0180000820412124 0.0463461902809249
v 0.0612473911889106 0.0184467964309455 0.0427949977786467
v 0.0616613900844509 0.0183228970206337 0.043237200903061
v 0.0619448101252375 0.0182614539548777 0.0433576842392008
v 0.0612233891473387 0.0182986975387074 0.0439763990645915
v 0.0614722720272666 0.0183719646739883 0.0430948650145188
v 0.0711090153499364 0.0167880012935709 0.0432741855843174
v 0.0623746340514463 0.0181852810936266 0.0433986177280854
v 0.0627941314745917 0.0181378227654247 0.0432524373400411
v 0.0631126958984591 0.0181269002160084 0.0429324162841048
v 0.0713709628208611 0.0184052911156928 0.0300977577247227
v 0.0631832901383764 0.0202339222107365 0.0259110251237968
v 0.0716576238636914 0.0201753215410258 0.0146140387740573
v 0.0631354276162414 0.0215546230929632 0.0146141263183774
v 0.062999990983712 0.0176321966442905 0.0468982000597223
v 0.06327264493725 0.0175179047561289 0.0474397902017878
v 0.0709793827187679 0.0159874980031611 0.0496048245667333
v 0.0704471505785578 0.0127014516189923 0.0741102529888543
v 0.0608591340452347 0.013030292254512 0.079247957186819
v 0.0616150623816745 0.0128835689254976 0.0792948585906283
v 0.062416152405213 0.0126510344794419 0.0795259383426769
v 0.0636984902540535 0.011991246557074 0.0804115888384374
v 0.0631171140920497 0.0123564702345015 0.0799102467318569
v 0.0641352804720113 0.0115679521323964 0.0809773784657408
v 0.0700794570340556 0.0104312032618549 0.0812605303244174
v 0.0646281735529325 0.0104901783231811 0.0822160896163562
v 0.0644434364364418 0.0110704955715861 0.081586113238645
v 0.0698674135440244 0.0091219101480286 0.0827299263463185
v 0.0631678897907343 0.0087548582846782 0.0837766956438862
v 0.0580499415071604 0.00999999818448789 0.080760939104238
v 0.0633192632126234 0.00999999818448789 0.0831869747522404
v 0.0646969274997353 0.00999999818448789 0.0832509752381375
v 0.0645615877247382 0.00999999818448789 0.0840230937892997
v 0.0642448188905089 0.00999999818448789 0.0847910027625187
v 0.0631033975753544 0.00999999818448789 0.083995712906218
v 0.0619202008614437 0.00999999818448789 0.0851371567293147
v 0.0627306897909088 0.00999999818448789 0.0862765888956951
v 0.0619709989118665 0.00999999818448789 0.086575275214569
v 0.0615219413149087 0.00999999818448789 0.0852679069652876
v 0.0612055375590705 0.00999999818448789 0.0866992528729307
v 0.0604791656711532 0.00999999818448789 0.0866678784787384
v 0.0597978362610639 0.00999999818448789 0.0865038390494025
v 0.0587275903310208 0.00999999818448789 0.0859208013284027
v 0.0591609719088982 0.00999999818448789 0.0862160454791178
v 0.0580017921377182 0.00999999818448789 0.0851687024868569
v 0.0583341997381308 0.00999999818448789 0.0855726282543101
v 0.059445490910148 0.00999999818448789 0.0847282986776166
v 0.057722615201906 0.00999999818448789 0.0847260337011657
v 0.059101151206809 0.00999999818448789 0.0843516122322169
v 0.05737039651084 0.00999999818448789 0.0837397929190145
v 0.0587061959922427 0.00999999818448789 0.0834132265281701
v 0.057306589748766 0.00999999818448789 0.0832191985126018
v 0.0575150904882874 0.00999999818448789 0.0842436980252631
v 0.0573089851100466 0.00999999818448789 0.0826945435398546
v 0.0576807354950379 0.00999999818448789 0.0813561957771436
v 0.057432333177482 0.00999999818448789 0.0820054542570087
v 0.0595936903852081 0.00999999818448789 0.0811489951353744
v 0.0598792897204724 0.00999999818448789 0.0809634011768534
v 0.0593918541889697 0.00999999818448789 0.0796636623219327
v 0.0598792897204724 0.00999999818448789 0.079473799180825
v 0.0587945151605783 0.00999999818448789 0.080024970769324
v 0.0583989899766871 0.00999999818448789 0.0803695005095861
v 0.059218624492379 0.00999999818448789 0.081496959593215
v 0.0589391905115771 0.00999999818448789 0.0819243993925065
v 0.0587480719738211 0.00999999818448789 0.0823989566624397
v 0.0586773920522406 0.00999999818448789 0.0829039942569137
v 0.0588572900174039 0.00999999818448789 0.0839015971742213
v 0.0598566772119607 0.00999999818448789 0.0850310530134055
v 0.061086261233283 0.00999999818448789 0.0853261779548337
v 0.060492256339178 0.00999999818448789 0.0852747391475422
v 0.0622886469144663 0.00999999818448789 0.0849377866475778
v 0.0632664907586567 0.00999999818448789 0.0859241987930789
v 0.0637456151688267 0.00999999818448789 0.0854894648755461
v 0.0628899012223381 0.00999999818448789 0.0843576621035264
v 0.0626155410861149 0.00999999818448789 0.0846747439054829
v 0.0632480729263532 0.00999999818448789 0.0836011227160441
v 0.063321088604579 0.00999999818448789 0.0828735958887578
v 0.0646861912148044 0.00999999818448789 0.0826807972189605
v 0.042471316400905 -0.0388765571214948 0.124669750228455
v 0.0428792393489358 -0.0328243583338631 0.125644636326031
v 0.0435380158551486 -0.0369437948659609 0.12676535263437
v 0.0438404870274886 -0.0315291347079316 0.126927000427388
v 0.0441105928828682 -0.0360568704423205 0.127252948420056
v 0.042467561308882 -0.039347914302629 0.123307799026941
v 0.0426272533026832 -0.0331529773146453 0.12306941025549
v 0.0427859916223199 -0.0329442940359284 0.122573998810932
v 0.0427889904805328 -0.039346752012241 0.122278024503335
v 0.0430114573311597 -0.0326526671819207 0.122096200538512
v 0.0447349588880723 -0.0350839141782235 0.127609861024994
v 0.0451149496138919 -0.0296784666616356 0.127673190958652
v 0.0443723801663356 -0.0307780511107536 0.127324012056201
v 0.0458237828378762 -0.0285705468768018 0.127846640471072
v 0.0464998670400603 -0.0274561637143292 0.127887007715843
v 0.0465006940543749 -0.0322218970321268 0.127965998769566
v 0.0456130767268492 -0.0336888863157947 0.127905216934415
v 0.0434161579035953 -0.0321122505802278 0.12150621142597
v 0.0435545114379641 -0.0388542426361594 0.121173155579571
v 0.0429649992432437 -0.0378666459835203 0.126020220085526
v 0.0431691376685201 -0.0324423857539201 0.126160171788331
v 0.0434844573650541 -0.0320172556927402 0.126572561415153
v 0.0426262847273598 -0.0384993342859262 0.125273046077645
v 0.0426630794137801 -0.0331065117761499 0.125063282436208
v 0.0425373397103538 -0.033269102045342 0.124414530595812
v 0.0424113466872275 -0.0391726841254665 0.123997581213767
v 0.0425240478766849 -0.0332859440801001 0.123735358035519
v 0.0425943925221919 -0.0393846940878904 0.122783993420363
v 0.0431350289159775 -0.0391630766033163 0.121679549179683
v 0.0444672111410762 -0.0306451029717474 0.120620553479629
v 0.0438208547507412 -0.0315556624959238 0.121089023625351
v 0.0439753946688799 -0.0384859940234912 0.120802995842628
v 0.044384502259037 -0.0380893624285575 0.120520872164051
v 0.0449799711919963 -0.0374264173231643 0.12023713170952
v 0.0455440135810008 -0.0367127710248807 0.120068927405724
v 0.0461084247736862 -0.0359150151356286 0.119986680448353
v 0.0454226957964548 -0.0292065301979522 0.120230061108692
v 0.0464999899746205 -0.0353087950165796 0.119979997277707
v 0.0464990661027736 -0.0274612040313006 0.12009776860257
v -0.00195258766526944 -0.0686765203815822 0.105699633679547
v 0.00529657359664157 -0.0688068533672153 0.105463845160667
v 0.0356540809435038 -0.0597739832310802 0.102103149098833
v 0.0493069696906097 -0.0644993232326022 0.085999971196056
v 0.00453424707513267 -0.0598497332719498 0.115248215602751
v -0.00159197880687982 -0.0577340928194883 0.120047276018993
v 0.00416952165520328 -0.0574384352020194 0.120720994754411
v 0.0211502373075077 -0.0544653597192254 0.120654893204833
v 0.0255325340065081 -0.0512887828356945 0.125485596236163
v 0.043139700429268 -0.0391671669714128 0.121678707264095
v 0.044640034781089 -0.0386633289893372 0.118333515860136
v 0.0435601291748398 -0.0388470640028971 0.121162680063486
v 0.0311015366423218 -0.0473698264943824 0.1291634709575
v 0.0323449843292828 -0.0453256780766572 0.134933751785746
v 0.0425358495944716 -0.0386977692926636 0.124977079220628
v 0.0427333607293621 -0.0382866761230936 0.125550952727699
v 0.0397773321722599 -0.0380282751279684 0.14000013157725
v 0.0053290781463048 -0.0744392231809178 0.101260138274875
v 0.0111638531942482 -0.0624115479471371 0.110709240048172
v 0.00496936324102918 -0.0628101129674279 0.11102201541464
v 0.00439966353394577 -0.0586195941824613 0.117676553480106
v 0.00527849476570127 -0.0549887964504411 0.133728694906934
v 0.00581738679258226 -0.0555021301959758 0.128540557730036
v 0.00515639280767231 -0.0651921451614327 0.108503950197161
v 0.00782833868808147 -0.0611030064105088 0.112910104254407
v 0.00992967216542939 -0.0649301529870314 0.108248425090721
v 0.0103648744786503 -0.059476686486141 0.114980844073426
v 0.00936702489741951 -0.0571296757406567 0.12039343743637
v 0.000532151639027936 -0.0557715021692834 0.12822106194002
v 0.00365505006649421 -0.0564090072712784 0.124421347876906
v 0.0130848649547288 -0.0646686078473949 0.107970980376654
v 0.0119208711779269 -0.0683821479890617 0.105092165505316
v 0.0136978790708781 -0.0605758890930642 0.112461035420126
v 0.0105250982575571 -0.0552117475887297 0.127204653757707
v 0.0173001056935028 -0.0734480800524791 0.100273122632359
v 0.0191883116215152 -0.0639282214196059 0.107112248827988
v 0.0161714881990658 -0.0643395232053995 0.10759024826608
v 0.0171028758179851 -0.0617356872623353 0.110027199014413
v 0.0159105987104174 -0.058802371796567 0.114435260420249
v 0.00988403364124856 -0.0582239535145893 0.117519234474318
v 0.0152092244477458 -0.057559391633464 0.117044528192776
v 0.00882409279385301 -0.0562122672713569 0.123638686754435
v 0.00469794328970604 -0.054789851079014 0.139999446123851
v 0.0197428396206122 -0.0676812421815706 0.103881677153371
v 0.0149742722886712 -0.0544489051145966 0.126903873825732
v 0.00978625037441643 -0.054698249930448 0.131380942507514
v 0.0204121084052802 -0.0731424423838894 0.0996885128388886
v 0.0166785448314469 -0.0680530558964869 0.10440237586791
v 0.0221390316407872 -0.0634376976229374 0.106527892354252
v 0.0227242467138324 -0.0672485125293916 0.10324824370634
v 0.0213498699948854 -0.0610141694269042 0.109262970627927
v 0.0136246724715549 -0.0555768334304381 0.123317924365746
v 0.0144457281852694 -0.0564800932494368 0.11998680710822
v 0.00901545440676231 -0.0544077034104549 0.136111554441343
v 0.0193183745236446 -0.059740843053861 0.111676258332813
v 0.0233684666505213 -0.0565568938220032 0.114347999222249
v 0.0210588056596233 -0.053391246938468 0.12427010854475
v 0.0175428343948374 -0.0553076886998025 0.12115566161672
v 0.0185819331776537 -0.0525054587281877 0.132883381853624
v 0.0106786062704474 -0.0539868276301185 0.140000161379572
v 0.0235833972400742 -0.0730127501480857 0.098768030879616
v 0.0255201734952656 -0.0677287396253144 0.10185052971876
v 0.0252357196865857 -0.0637395280454481 0.10499997202307
v 0.0241271889542403 -0.060351831543733 0.108689238681885
v 0.0280569318718944 -0.063098003355861 0.104188730474068
v 0.0283345087957781 -0.0672805202185403 0.100937483438757
v 0.0268488464974619 -0.0596787648262103 0.107973968059406
v 0.0194390739100995 -0.0574188364528793 0.115114961971753
v 0.0197324181226613 -0.0528442589257348 0.128524747598363
v 0.0139549641074149 -0.0539580199648267 0.131192815351647
v 0.0129159817399019 -0.0536885436834073 0.136025202214154
v 0.0167014851654527 -0.0527156395733663 0.135934901179338
v 0.0345674213870187 -0.0710130071836488 0.0950223409752024
v 0.0296811935737 -0.0566978178062687 0.109640305273824
v 0.0243170632452347 -0.0578571912925135 0.111727667337783
v 0.0222985317821686 -0.0554212392553128 0.117317130029564
v 0.0310631885100944 -0.0669294265649654 0.0998078487856421
v 0.0307790476257498 -0.0623636593479742 0.103293640092902
v 0.0294935693576876 -0.0589350964181909 0.107153398383705
v 0.0251441185380197 -0.0538643289287359 0.118187789957498
v 0.0285857292949962 -0.0553721548381544 0.112349299065412
v 0.0270979584827067 -0.0518767713869254 0.121181172404114
v 0.0239118020166984 -0.0509192303716294 0.130280491777945
v 0.0216084069630849 -0.0510376759578125 0.135747861808214
v 0.0160458826060689 -0.0526204658719727 0.139999818652872
v 0.0363685021020461 -0.064061184459771 0.0984831877391817
v 0.0337837061146662 -0.0633207011744497 0.100713504089858
v 0.0324562587327831 -0.058922538466594 0.105168340239636
v 0.0340168123926918 -0.0564389586005098 0.106429663901858
v 0.029980466584828 -0.0536731880392417 0.113878277379015
v 0.032353176241345 -0.0544105569823693 0.11040124050376
v 0.0363184938130408 -0.0536221292185395 0.107512821834248
v 0.0335284604399215 -0.0513077669120332 0.114080374373189
v 0.0302600737916011 -0.0498080323318548 0.122325916834341
v 0.0285919393529351 -0.0526743484622716 0.117319752633875
v 0.0285013030544028 -0.0493884827546536 0.127154317636319
v 0.021424722240936 -0.0506901474064857 0.140000310391181
v 0.0384994795722247 -0.0694420748666209 0.0934081354720562
v 0.0409591542542694 -0.0597384700443187 0.0976687796934966
v 0.0368405782640935 -0.0562494158602991 0.104158652480871
v 0.0386692559252585 -0.0607520990214192 0.0989609562092805
v 0.0330206662001787 -0.0476035735222373 0.123736535227227
v 0.040919099939357 -0.068554345780404 0.0920903289595917
v 0.0390724254036252 -0.0552142211810941 0.102987756513333
v 0.0397406641456897 -0.0508031615202783 0.106943873160842
v 0.0349897165027328 -0.0523675075251071 0.11060914150009
v 0.0348611679308687 -0.0480713469746749 0.118843023802868
v 0.0319426195134925 -0.0504504138380742 0.117979434475762
v 0.0262514422765006 -0.0491654720117296 0.133901980506584
v 0.0263578626275147 -0.0482866202908807 0.139999654740103
v 0.051155383936634 -0.0629138846374614 0.0844897608945572
v 0.0406531813096063 -0.0533348795799357 0.103053202411833
v 0.0429992532820848 -0.0577847269571641 0.0970001646056734
v 0.0356668177090065 -0.0493062991384628 0.114818391617721
v 0.0444649461649353 -0.0667497781942124 0.0900481770176847
v 0.0450667853432908 -0.0565937108601617 0.0955771037434688
v 0.0426624237627919 -0.0521695940589285 0.10178457718079
v 0.0445674735882073 -0.0509256862986888 0.100485777099003
v 0.0434580785886501 -0.0483641770972574 0.104685989662573
v 0.0382522097427392 -0.0496795619910745 0.110462201152842
v 0.0418972976860694 -0.0472826770670143 0.108473365564495
v 0.0384321561366688 -0.0476239620327949 0.113600318574898
v 0.0383403165695616 -0.0457913169380936 0.117491779085432
v 0.0290670832910549 -0.0474050565591263 0.135218825894173
v 0.031398973085625 -0.0451965409090195 0.14000029549002
v 0.0473208724623637 -0.0656754269949139 0.0876674110963774
v 0.0470285825067885 -0.0553131648756695 0.0941063070124468
v 0.0488892045271773 -0.0539309035810611 0.0926037857099521
v 0.0424268699694299 -0.0390350905501977 0.124344942174592
v 0.0463809595179537 -0.0496156732726269 0.0991460584294931
v 0.042325758156246 -0.0453087019314697 0.110729639737391
v 0.0436223191611817 -0.0436870758721306 0.110854653026432
v 0.0364157872042767 -0.0453943575176659 0.122730393944746
v 0.0427868745159801 -0.0393474523667056 0.122277555116768
v 0.0425499721677448 -0.0393932026495776 0.122960065537094
v 0.0344112833195963 -0.045241374770624 0.128507670868017
v 0.0390963864670103 -0.042878363905855 0.123199981677533
v 0.0370152049443237 -0.0428828417040809 0.129501548495109
v 0.0503302769703648 -0.0474774724657095 0.0949088388329258
v 0.0460206308711991 -0.0451238418804187 0.104350832752492
v 0.0527917993961034 -0.0615248768431966 0.0829118099157852
v 0.0503749543698017 -0.0516841478321284 0.0919269377307533
v 0.0474554336518124 -0.0475196948992305 0.0994039826228324
v 0.0472600682837922 -0.0417390250276459 0.106297162779484
v 0.0411114031192393 -0.0431207983093029 0.117451836523745
v 0.0380338220843397 -0.0406421171991812 0.135263693289525
v 0.056117820001456 -0.0515935897646799 0.082775151369531
v 0.0545932638159705 -0.0596073174949505 0.0811090376725263
v 0.0524111306675573 -0.0515685148396729 0.0890010053887738
v 0.0537331838299471 -0.0490961294691534 0.0882938186460624
v 0.0455744715496321 -0.0410868199324734 0.111032334468536
v 0.0448068309023585 -0.0401713225367925 0.11463469755721
v 0.0415601440665721 -0.0404713871719829 0.122968499594141
v 0.0424215055522541 -0.039275710737559 0.123658885277982
v 0.0374915428377941 -0.0417289518442825 0.13253207208517
v 0.0430486468982887 -0.0377274356325193 0.126147535603921
v 0.0416414745914203 -0.0388533969953963 0.127690178282033
v 0.0356007161684739 -0.0419401198912329 0.139999550431977
v 0.000758092962589325 0.0549999946712955 0.140000012367963
v 0.00378597281205374 0.0548746647497368 0.140000012367963
v -0.0283428459941388 -0.0471414699607312 0.140000012367963
v -0.0255512424114087 -0.0487109196124564 0.140000012367963
v -0.0226732866133074 -0.0501151526657472 0.140000012367963
v -0.0310429266593868 -0.0454091990718522 0.140000012367963
v -0.00300949181947857 -0.0455177800908954 0.140000012367963
v -0.0417359069601625 -0.0358276980702238 0.140000012367963
v -0.0136126416484513 -0.0532948848696585 0.140000012367963
v -0.0451350810794599 -0.0314372131844509 0.140000012367963
v -0.0501678915921066 -0.0225425959998626 0.139999997466803
v -0.0519331461960372 -0.0181216978489349 0.140000012367963
v -0.00406415882080431 -0.0548556471457908 0.140000012367963
v -0.0527658266762774 -0.0155313921580807 0.140000012367963
v -0.0534698021224858 -0.0129014903629479 0.140000012367963
v 0.0197231943053508 -0.0513479739638236 0.140000012367963
v 0.022675175335188 -0.0501142995744047 0.140000012367963
v 0.00300949181947857 -0.0455177800908954 0.140000012367963
v 0.0310452475148732 -0.0454075301420642 0.140000012367963
v -0.0543746153872916 0.00830625796703179 0.140000012367963
v 0.0407489138044556 -0.0369476058373296 0.140000012367963
v 0.0486818884297823 -0.0256034504839849 0.140000012367963
v -0.031961808480765 0.0447665381689049 0.140000012367963
v 0.0498897353856736 -0.02316173542361 0.140000012367963
v 0.0509728484663592 -0.0206693154450549 0.140000012367963
v 0.0531335500230972 -0.0142226056836543 0.140000012367963
v 0.0523650525591913 -0.0168328202540165 0.140000012367963
v 0.0517006918437101 -0.0187622968040302 0.139999997466803
v 0.0542812559019846 -0.00888899851639016 0.140000012367963
v -0.00830382069624203 0.0543748798828607 0.140000012367963
v -0.0105441987491991 0.0539798911406871 0.139999997466803
v 0.05499943215255 0.000774968466747125 0.140000012367963
v 0.0549650589044383 -0.00207430161109252 0.140000012367963
v 0.00605102904666418 0.054665992646889 0.139999997466803
v 0.00830572152531421 0.0543743918699093 0.140000012367963
v 0.0522654979171042 0.0171422297784329 0.140000012367963
v 0.0512411401056522 0.0199976736508445 0.140000012367963
v 0.0255122162764549 0.0487306599226053 0.140000012367963
v 0.0234736967714745 0.0497390921205668 0.139999997466803
v 0.0378107852643879 0.0399487625539229 0.140000012367963
v 0.0399520408088637 0.0378071009528692 0.140000012367963
v 0.0361221933973046 0.0414750957025979 0.139999997466803
v 0.0343818758826619 0.0429352602555255 0.140000012367963
v 0.0480113847115768 0.0268412022029864 0.140000012367963
v 0.0468558929772051 0.0288008964404454 0.139999997466803
v 0.0443175923306383 0.0325716942848842 0.139999997466803
v 0.0429377375731796 0.0343785976277212 0.140000012367963
v 0.0414764926862374 0.0361201929167328 0.139999997466803
v 0.032573694765456 0.0443161916217091 0.139999997466803
v 0.0307167216663336 0.0456290358679471 0.140000012367963
v 0.0281574848916225 0.0472513473805919 0.140000012367963
v 0.0500644402969877 0.0227839575198753 0.140000012367963
v 0.0490742918209003 0.024833297128805 0.139999997466803
v 0.0456293003635162 0.0307164459948954 0.140000012367963
v 0.0214007332378781 0.0506712266600719 0.140000012367963
v 0.0164190970299145 0.0524917906402586 0.139999997466803
v 0.0185747787587744 0.0517737075219359 0.140000012367963
v 0.014237518018345 0.0531304580326417 0.140000012367963
v 0.0112875281558553 0.0538345973915971 0.140000012367963
v 0.053130681550024 0.0142362933293544 0.140000012367963
v 0.0538337293990958 0.0112912543768831 0.140000012367963
v 0.0543739448351446 0.00830735506485003 0.140000012367963
v 0.0546661900872433 0.00604984906115 0.139999997466803
v -0.00227346537762856 0.0549581894702215 0.140000012367963
v 0.0548743853530089 0.00378941172011303 0.140000012367963
v -0.00529768280165135 0.0547495806972987 0.140000012367963
v 0.0548446910687672 -0.00412996932307865 0.139999997466803
v 0.0546560722004035 -0.00617933081808535 0.140000012367963
v -0.0156957724289762 0.0527185229475982 0.140000012367963
v -0.0127686930981747 0.0535027299581918 0.140000012367963
v 0.0537725042627876 -0.0115747377475948 0.140000012367963
v -0.0248350964437327 0.0490738932149018 0.139999997466803
v -0.0294486833420273 0.0464584008403495 0.140000012367963
v -0.0268449833720374 0.0480099802773579 0.140000012367963
v -0.0337823948126899 0.0434023929581339 0.139999997466803
v -0.0378097831614571 0.0399502303180668 0.140000012367963
v 0.0473534575714169 -0.027984340876695 0.140000012367963
v -0.0399512100692594 0.0378088369378719 0.140000012367963
v -0.0414767944347035 0.0361208932711974 0.139999997466803
v 0.045903980874654 -0.0303035982138742 0.140000012367963
v -0.0464597493952228 0.0294466698229415 0.140000012367963
v 0.0426551110191002 -0.0347275380638464 0.140000012367963
v 0.0443351831486272 -0.0325558953312436 0.140000012367963
v -0.0480095220667241 0.0268458457766042 0.140000012367963
v -0.0500648128259582 0.0227839295802025 0.140000012367963
v -0.0490746941521885 0.0248336957348035 0.139999997466803
v 0.0385245656731009 -0.0392622922440402 0.140000012367963
v 0.0361422764341064 -0.0414656744449329 0.140000012367963
v -0.0522665968775673 0.0171407135855228 0.140000012367963
v -0.0531316613012165 0.0142348330157898 0.140000012367963
v 0.0336493721678896 -0.0435130601394121 0.140000012367963
v -0.0538343291707383 0.0112896236313146 0.140000012367963
v 0.0283422201454683 -0.0471417419068797 0.140000012367963
v -0.0548750298281279 0.0037827974682411 0.140000012367963
v -0.0546663912528874 0.00605041903047492 0.139999997466803
v -0.0549994731307367 0.000787253831911358 0.140000012367963
v -0.0547936620503826 -0.00481047125319213 0.140000012367963
v -0.054965125959653 -0.0020720599180123 0.140000012367963
v 0.013617040284271 -0.053293905118466 0.140000012367963
v -0.0544858227355771 -0.00753520262608192 0.140000012367963
v -0.0540442380697684 -0.0102320706946202 0.140000012367963
v 0.00245159243319821 -0.0549513200360048 0.140000012367963
v 0.00140305318419195 -0.0502853015477516 0.140000012367963
v -0.0509739958555884 -0.020666279333945 0.140000012367963
v -0.0104762438770381 -0.0539991397125948 0.140000012367963
v -0.00320263202539158 -0.0458317400566869 0.140000012367963
v -0.00729152444153366 -0.0545207175242476 0.140000012367963
v -0.0035087493250308 -0.0501774916636774 0.139999997466803
v -0.049300808061437 -0.0243901832315722 0.140000012367963
v -0.0480324661260197 -0.0268018892207253 0.140000012367963
v -0.0466430969786534 -0.0291528673997459 0.140000012367963
v -0.00314531960742707 -0.0456660652476188 0.140000012367963
v -0.0167014162475932 -0.0524088917684444 0.140000012367963
v -0.0435070735988555 -0.0336541666157404 0.140000012367963
v -0.0361358354082058 -0.0414715678532468 0.140000012367963
v -0.0379304937237811 -0.0398285958838959 0.139999997466803
v -0.0396588605090489 -0.0381159833487923 0.140000012367963
v -0.00281049243135078 -0.0454241188571223 0.140000012367963
v -0.0336414484766862 -0.0435193484284348 0.140000012367963
v 0.00320263202539158 -0.0458317400566869 0.140000012367963
v 0.0255495846574898 -0.0487116870221357 0.140000012367963
v 0.00314531960742707 -0.0456660652476188 0.140000012367963
v 0.0167026102029438 -0.0524085453165018 0.140000012367963
v 0.0104797205036556 -0.0539986628755126 0.140000012367963
v 0.0035087493250308 -0.0501774916636774 0.139999997466803
v 0.00729716173618036 -0.0545200618732594 0.140000012367963
v 0.00487985896490608 -0.0547833914266649 0.139999997466803
v -0.00140305318419195 -0.0502853015477516 0.140000012367963
v -0.000808978673735508 -0.0550000356494823 0.140000012367963
v -0.0197219128056921 -0.0513483502180839 0.140000012367963
v -0.0512421347580036 0.019995365833872 0.140000012367963
v -0.042936329413671 0.0343815033536914 0.140000012367963
v -0.0447666871804931 0.0319619276900356 0.140000012367963
v -0.0355508568910569 0.0419727534290522 0.140000012367963
v -0.0227860399568206 0.0500637064149157 0.140000012367963
v -0.0206975978444982 0.0509569899080833 0.139999997466803
v -0.0185758125266677 0.0517737932035991 0.140000012367963
v 0.00281049243135078 -0.0454241188571223 0.140000012367963
v 0.00066718733725283 -0.0455000067337109 0.140000012367963
v -0.00134018973532048 -0.0454801919177679 0.139999997466803
v 0.0592178310056717 -0.0560359642107592 0.0734759850768152
v 0.0682942758554908 -0.000178693983544782 0.0866882409150546
v 0.0679966177574501 -0.00243333851364177 0.0860110800114777
v 0.067890640715911 -0.000422646282476559 0.0872480626274333
v 0.0672040623726268 -0.00721141115509666 0.0855032111964402
v 0.0662158696736348 -0.0128208369095036 0.0845024492330301
v 0.0675509762511522 -0.00518109054709667 0.085564074987976
v 0.0660123272947112 -0.0146808917545347 0.0835060756614936
v 0.0669015390462308 -0.00919013417237083 0.0847424473298539
v 0.0653681874517509 -0.0166608646065051 0.0839948486388881
v 0.0646978886244793 -0.0227957480617929 0.0815645810612012
v 0.0608129181011495 -0.0466348380113765 0.0758184997181929
v 0.062543829259286 -0.035265719491716 0.0791006964646124
v 0.063383479756565 -0.0299573679260096 0.0805021729953101
v 0.0636749538736948 -0.029111162781494 0.0800050404666727
v 0.0622453180699028 -0.0379374637408199 0.0777603370451851
v 0.0605021730603737 -0.048700455273674 0.074921658450626
v -0.060074852528847 0.0385519949812017 0.00289765645792358
v -0.0601458751770804 0.0392335367328042 0.000779223552717487
v -0.060890527061582 0.037390028693322 0.0028176318689965
v -0.0647510410579959 0.0321251885113746 0.00066493141608466
v -0.0623260749001364 0.0351526494985778 0.00307573417777417
v -0.0616674995595677 0.0362035947026573 0.00289092625548855
v -0.0646317572816291 0.03123414391732 0.0051593644322597
v -0.0648454920531866 0.0302976116733176 0.00829696916125038
v -0.0645887823395876 0.030507718012702 0.00890066268517085
v -0.0447534139732728 0.0539696130663899 0.00558999354563668
v -0.0412506730748756 0.0564203470531416 0.0063516640547291
v -0.0429963252043764 0.0572709461768647 0.00109807737045562
v -0.0468832701312501 0.0541857022210412 0.00104437777766486
v -0.0392821666646185 0.0521819657460401 0.023348675518885
v -0.06673627774432 0.0164362203240453 0.0793224257382208
v -0.0648056463544976 0.016315248991442 0.0832278188341598
v -0.0648056985085535 0.0166813909527818 0.082676945268878
v -0.0646031396061122 0.0174652384729188 0.0816951375820829
v -0.0622038108920053 0.0138441553651278 0.0891576761940641
v -0.0562203623258867 0.00688691234472859 0.10289475091782
v -0.0549088815356809 0.00988826184506419 0.106078085912509
v -0.0551832602983525 0.00650870882664507 0.108711940600456
v -0.0637788447529989 0.0147800356834318 0.0864241848940211
v -0.0637168857346187 0.0156380937684676 0.0856633390710501
v -0.0640195878749205 0.0155754977255478 0.0853025000102259
v -0.0645591960887474 0.0157494389524722 0.084343893430891
v -0.0647262231779786 0.0160014045096313 0.0837794300069042
v -0.0647363038119214 0.0170575111025976 0.0821801405657796
v -0.0638981806834216 0.0187591396210049 0.0804590415851986
v -0.0444957394096401 0.0340775718677868 0.0973034777349946
v -0.0448898229064153 0.0342932773175985 0.0932884195457007
v -0.046634402152481 0.0313709365553022 0.0973422356543935
v -0.0363116206535344 0.0445009101117512 0.076596899108658
v -0.0390337047424273 0.0458990560416634 0.0521260823579263
v -0.0443245474465183 0.0416174688245587 0.0526080343289367
v -0.0396664302977302 0.0469246133964006 0.0440429960777686
v -0.0438138586566744 0.0473849288188481 0.027767726530856
v -0.0641547339348529 0.0301778119443266 0.0132504382003001
v -0.0634823787476639 0.0316669965040593 0.0102373685262195
v -0.0649985046025461 0.0304975777741239 0.00628485330302596
v -0.0677687864896474 0.0270280254817121 0.00585491383400007
v -0.0629563454895236 0.0341206883708371 0.00336619086490145
v -0.0636237981954602 0.0330013170454489 0.00383722354462988
v -0.0640803324488567 0.0322153964015909 0.004310129114014
v -0.0672759157604645 0.0284464723778739 0.000597174149628561
v -0.0660811110438317 0.0293835708659115 0.00457665733076653
v -0.0643668891835753 0.0317147435422133 0.00469157741163125
v -0.0648498506421419 0.0308237548275043 0.00568890605444671
v -0.0650071770769803 0.0302151300339504 0.00763164024505823
v -0.0650548384334711 0.0302844204224708 0.00694066037742807
v -0.0642548175680781 0.0308296668622667 0.0094342453159188
v -0.0610139757118395 0.0342206006407358 0.0127933115632837
v -0.0575265979081874 0.0351227726751405 0.0252759078455886
v -0.0604222953985106 0.0337233862237564 0.017703955597342
v -0.0611941493484411 0.0317752794999261 0.0225506177719544
v -0.0374535746851167 0.0506450900274989 0.0345484681155875
v -0.053549527047471 0.0455960521528955 0.0056716509758312
v -0.0567534103045424 0.0414836973965276 0.00678199328224376
v -0.0396568637537668 0.0547865169447277 0.0140217334623247
v -0.0508191914418806 0.0505326943117973 0.000976503397397621
v -0.0573457127412521 0.0414994404708226 0.00482108433199485
v -0.0504346707637792 0.0469375215252298 0.0104025991171017
v -0.0581366811526609 0.0408528233102082 0.00387060656874016
v -0.0577231851712309 0.0412190975193326 0.00428988495566208
v -0.0571776313950342 0.0433607106916202 0.000852521024215496
v -0.0590158867760318 0.0399010080651894 0.00327010352305836
v -0.059448892099649 0.0393706571962805 0.00308066320239015
v -0.0628250588297259 0.0201496840972732 0.079570619473518
v -0.0620093768464115 0.0210514985038662 0.0792319384388937
v -0.0634929660210067 0.0193236513965123 0.0800425466885593
v -0.0641818763956465 0.0183119763338623 0.0808379632047274
v -0.0644126655434752 0.0178908509591156 0.081239646347471
v -0.0507892699149669 0.0230135564376432 0.10421888297307
v -0.0529755940142986 0.0167109548518839 0.107996006876319
v -0.0632691208131887 0.015859163635455 0.0860608871416549
v -0.0589686985313336 0.0164841536266847 0.0918106043679132
v -0.0490292940465488 0.026651137922217 0.102740263132596
v -0.04310199304687 0.0368551553227107 0.0891337821826238
v -0.0393151690061186 0.0404027002803947 0.0913368741124077
v -0.0408893572263491 0.0397620920120751 0.0834018718435942
v -0.0376265920401942 0.0429940974811326 0.0803265851663071
v -0.061342300394735 0.0217311682973917 0.0791083556612948
v -0.0608598455755684 0.0222029818265149 0.0790874195302854
v -0.055501988634967 0.00551463203256338 0.106437032525904
v -0.0539956789184585 0.0141348639352231 0.105481458332804
v -0.0527614047573971 0.0183212653437427 0.104579543219964
v -0.0584019180543955 0.0219325667720898 0.0859284083710221
v -0.0541407305237176 0.0260526142516993 0.0873048584020542
v -0.0579960626421513 0.0226131716133314 0.0855219866591247
v -0.0517978921027033 0.0215693100476267 0.102490027938261
v -0.0487940196499147 0.0283976282419016 0.0977806650598198
v -0.050513743763066 0.0300548606202448 0.0868216510082412
v -0.05029505808149 0.0284798677374379 0.0922590175511162
v -0.0425267822393287 0.052325691148164 0.0148410514405135
v -0.0464118086420041 0.0514972910257954 0.00827674549199464
v -0.055633219415419 0.0107584196710631 0.102518600914211
v -0.0547919297906696 0.0145660503861416 0.101896328436665
v -0.0525456732305575 0.0215747545585312 0.0997297443509904
v -0.045241665343221 0.0362996512977109 0.0807801616017484
v -0.0390566525270125 0.0434846324536702 0.0673319384306981
v -0.0433917609813147 0.0392032687539479 0.072541227805438
v -0.048026531739519 0.0425456769087144 0.0325369268833788
v -0.0562363922474891 0.0144430524959385 0.0983741186922613
v -0.0537516761680447 0.0181725052125819 0.100990568824323
v -0.0574321245612585 0.0236199386067945 0.0846710111646873
v -0.0503503078531108 0.0253104303716275 0.0998886801327314
v -0.0477300880859223 0.0316943066028895 0.0912408584824012
v -0.0426755777607417 0.0460188129298229 0.0371183260429279
v -0.0492440532727753 0.0439325352108193 0.023093040516383
v -0.0556882978237133 0.0430117330025979 0.00605696007109522
v -0.057070112083557 0.0404395880990576 0.00857728048613785
v -0.0453518817644449 0.0488157380888972 0.0184592991666652
v -0.0491491999462964 0.0371340826641127 0.0552556427883585
v -0.0573135262381974 0.0399762477413693 0.00906395891910883
v -0.0568414947796265 0.0416370563978297 0.00610841797049899
v -0.0481627618587557 0.0490605268754389 0.0105541662747972
v -0.057728899765639 0.0043255353910817 0.0997464858052174
v -0.0565416275847905 0.00283489959817812 0.103102622111828
v -0.060993825619823 0.0181895744900121 0.08684794410658
v -0.0583314840019356 0.020697385502985 0.0881586204135726
v -0.0604634561244655 0.0188945706655997 0.0868198554183575
v -0.0525788879135708 0.0233569536426868 0.0966750436274325
v -0.0514211200271891 0.0260756346794338 0.0946772375402471
v -0.0540945406566604 0.0246371848401989 0.0905615369104995
v -0.0572215972641373 0.0240608229181386 0.084146840479668
v -0.0570816716575129 0.0244405752254171 0.083542799572435
v -0.0592891814793992 0.0236093178058444 0.0794502925995672
v -0.0471725910309301 0.0412944340530449 0.0416488265622669
v -0.0528300841984058 0.0379105596985675 0.0335550822268035
v -0.0584333520489297 0.0381724326636982 0.010324763834668
v -0.0550389500257448 0.0405989783443927 0.0150835091602018
v -0.0517193592704238 0.044033080779968 0.0150877159441773
v -0.0568896739513864 0.0408531101575155 0.00804217793698211
v -0.0567750058089646 0.0412102462309926 0.00744212867821465
v -0.053879982596078 0.0473539977384241 0.000928869100946133
v -0.0569174385355607 0.0111351712574839 0.0990565471562024
v -0.0585223864728887 0.0124626530982969 0.0953051277554379
v -0.0574222562688289 0.00775136023293156 0.099498910468096
v -0.0592446754432888 0.00664988240532082 0.0963572689214959
v -0.0554262125170695 0.0175660671640851 0.0974090524596932
v -0.0547045717470781 0.0200479781003813 0.0962323077865174
v -0.0570261797420613 0.0191520049480464 0.0925858745145974
v -0.0549011590101216 0.0223781039702759 0.0926193499724712
v -0.0572642928094509 0.0249026955507269 0.0816859957198948
v -0.057468889445361 0.0248558034665602 0.0812024679511233
v -0.0548526184852603 0.0268430741610634 0.0831199195283669
v -0.059558411891698 0.0237784440958246 0.0778811258551226
v -0.0598152147375396 0.0231604744130447 0.0792500880528221
v -0.0517736218402726 0.0364466363283271 0.0458533977153883
v -0.0510981448603105 0.0332685693289141 0.0685819595624068
v -0.0579117295338005 0.0389740293266365 0.00985791232754486
v -0.0575980042612604 0.0394825313714233 0.00949161012862004
v -0.0570436178231723 0.0416424282655849 0.00543047568729946
v -0.0594274120792077 0.000222445095517135 0.0966394149518143
v -0.0580101479625274 0.0152089767159804 0.094415558254371
v -0.0590444262204649 0.0209446720962742 0.0863733346825837
v -0.0598406621915172 0.0197662903193076 0.0867001469425824
v -0.0571171252396392 0.0248793752371711 0.0822021570309514
v -0.0570409505157432 0.0247196441278279 0.0828899797151242
v -0.0587679054162126 0.0240274573608922 0.0797431153116424
v -0.058580094935715 0.0403966802122308 0.00352611571119467
v -0.0594012307431582 0.00370165670033723 0.0965974905357325
v -0.0605909541646328 0.00976836712118567 0.093416666386649
v -0.0589464548265026 0.00957723461359326 0.095938963533812
v -0.0576952939272066 0.0231317542920609 0.0851298328087516
v -0.057838963449985 0.0246691329247124 0.0806113463503566
v -0.0482538451920526 0.0330711997550324 0.0833631139241953
v -0.060344332535556 0.0226869714650401 0.0791307968095512
v -0.0539638276914774 0.0293075712306317 0.0763220769989026
v -0.0564913398990574 0.0289423009870829 0.0656362310282238
v -0.056943333024303 0.0322242700416691 0.0428217677141331
v -0.0539137784242854 0.0391898912386158 0.0239801904414551
v -0.0592026690765708 0.0370728947807015 0.0107739230072366
v -0.0600324773584481 0.03593636849622 0.0110460060973613
v -0.0578554478569313 0.0373993642693237 0.0150800027307867
v -0.0608983836975707 0.00457700595037122 0.09424017904162
v -0.0619320770850245 0.0170528284134379 0.0867103095342894
v -0.0582876708697104 0.024381486542755 0.0801219847771081
v -0.0577960592884479 0.0335390775155819 0.0313898615973474
v -0.0610953770171921 0.0289491219925335 0.0384956738689018
v -0.0606730073956839 0.0351002719253199 0.0111267675952591
v -0.061325532865771 0.0342679341717326 0.0111185039702392
v -0.0618743276440114 0.00892161249643849 0.0920043045579425
v -0.0632275838329736 0.00810066574744787 0.0906570757033584
v -0.0608652546962206 0.0128736848005868 0.0915348211332823
v -0.0623551433357077 0.016599600354655 0.0865652020298271
v -0.0628131900567245 0.0161853146118074 0.0863508637320057
v -0.0615156940040728 0.0175336888086106 0.0867983083397528
v -0.0647455201786525 0.0261099483229102 0.0333117313687861
v -0.0649621010715449 0.0270639298238927 0.025905351506799
v -0.0630447242624944 0.0321674146701853 0.0105388404308519
v -0.0625337411747638 0.0327725619057992 0.0108027828305338
v -0.0619804574224285 0.0334462134938057 0.0109926664607376
v -0.0626156379436473 0.00396506238935102 0.092058827905532
v -0.0646498621895973 0.00731450994467718 0.0893926898525799
v -0.0603003629411632 0.017183388641743 0.0890641788602431
v -0.0602504515096903 0.0245381517386706 0.0710183515172075
v -0.0668194560128621 0.020089710658306 0.0598156736832334
v -0.0667401445950342 0.0266849281624898 0.015852883103798
v -0.0638800534237151 0.0312267063764232 0.00987943332911804
v -0.0636111247598825 0.000169581080914431 0.0908798331570662
v -0.0661417587602356 0.0065741053561009 0.0882320980377771
v -0.0663644491282448 0.0100498015825593 0.0868635530725817
v -0.0639488595245738 0.0114306128081499 0.0885511169906456
v -0.0642891572885825 0.0155986885852863 0.0849195327255234
v -0.0693456569184658 0.0232015960234577 0.0207149363149344
v -0.0712039431822093 0.020624638045618 0.0257397437302825
v -0.0644849883178158 0.0033903326098429 0.0901169458750573
v -0.0677258040970265 0.00588931282356923 0.0871832872811715
v -0.0658573328912285 0.00304467275696452 0.0889016667998954
v -0.0681107606340235 0.00892168513958774 0.0859482492667082
v -0.0665222822024831 0.0138006002092147 0.0839307289437041
v -0.0694806092633335 0.0115570174757886 0.0828430708607344
v -0.0673794788142745 0.0145254950197638 0.0818333905525492
v -0.0700147636530317 0.0141879278931092 0.0763070864310766
v -0.0631413955303495 0.0226796438201896 0.0660868570338147
v -0.0680549706953955 0.0024950381587262 0.0872976313390367
v -0.0682696740422764 0.00395107578915211 0.0871004070244638
v -0.068470824785209 0.00534233412406025 0.0867873634371005
v -0.0686717520107593 0.00669212486227397 0.0863517279993356
v -0.0688737446691654 0.00799488800890796 0.0857774074574394
v -0.0692207926581203 0.0100777980660178 0.0843968000025272
v -0.0690743217174834 0.00922328645678159 0.0850528459611644
v -0.0672442880508657 0.011770297762002 0.0849396343915246
v -0.0693576821536348 0.0108504408460434 0.0836802031767322
v -0.0696128197949781 0.0122220198724216 0.0819385033412612
v -0.0697347038235593 0.0128785900758064 0.080755313916013
v -0.0698556863320318 0.0134490688340994 0.0793592092538056
v -0.0699385069727622 0.0138404691909643 0.0780373123726849
v -0.0705301202308764 0.0154697637591619 0.0651906043621017
v -0.0717522462222085 0.0232696030496746 0.000507082953425133
v -0.0453253092729763 -0.0341477339740983 0.127827119950344
v -0.0446970093618434 -0.0351436640998084 0.127593439945725
v -0.0459914506769367 -0.0330680667863902 0.127951097608706
v -0.0430706670857373 -0.0352029707119183 0.135180917340944
v -0.0467619895996012 -0.0317799919914034 0.127955448747677
v -0.0497652436542987 -0.0264427806063493 0.126071435375405
v -0.0494447905085506 -0.0270062418501598 0.126524624380664
v -0.0499722766296761 -0.0260983868863095 0.125687313250736
v -0.0474101713818918 -0.0306651394424279 0.127834466222648
v -0.0479446573223738 -0.0297210467229683 0.127650913723165
v -0.0484696214223687 -0.0287792674084159 0.127375108136793
v -0.0489623543158325 -0.0278823796974583 0.127015885851922
v -0.0492783929932796 -0.0267838476426821 0.128329810611982
v -0.050667899976365 -0.0232820958087017 0.129268598647372
v -0.0518674209097648 -0.0419611975803861 0.0963596978107162
v -0.0477685256251026 -0.0330371841347325 0.120225061769223
v -0.046413213076223 -0.0362629460182436 0.118144293468946
v -0.0471023097153481 -0.0380622609459507 0.11235238360571
v -0.0450096207727615 -0.0373864598657842 0.120224443371048
v -0.0439743925659491 -0.0384857928578471 0.120802995842628
v -0.043560114273681 -0.0388472241903545 0.121162709865807
v -0.0639595064025519 -0.0185166623767254 0.0844871680925674
v -0.0648694680177305 -0.0187377657713201 0.0836573075430697
v -0.0627520431515001 -0.0193364831569025 0.0853795390118761
v -0.0661781548406573 5.45174611553838e-05 0.088498135913205
v -0.0666468037361757 -0.00827901212944893 0.0859985630363547
v -0.0677823688959133 0.000494390647382734 0.087446531188938
v -0.0644986154275582 -0.00237414482437603 0.089418796686408
v -0.0663723690941585 -0.0027010187397619 0.0878399888908865
v -0.0625208442218037 -0.0346009154667599 0.0794784930464962
v -0.0622346339390277 -0.00202581184330343 0.0919393727494916
v -0.0644129710172311 -0.0106878934176829 0.0867912600906656
v -0.0622558792662176 -0.00972555422924639 0.0892623270467893
v -0.059370657290546 -0.0315840045000024 0.0855643804617737
v -0.0595867687969355 -0.0434652907495198 0.0800279435509157
v -0.0577877258153769 -0.0558334388359253 0.0771413130207066
v -0.0591029765987646 -0.0481719484231692 0.0785671454988313
v -0.0598880106236728 -0.0120031721407434 0.0918798724141745
v -0.0608440503472175 -0.0118917971544212 0.0903886983456753
v -0.061138612729513 -0.0252684221422646 0.0851974244744161
v -0.0617655454593241 -0.020924555531865 0.0859601105907534
v -0.0564808383073778 -0.0506180034460509 0.0826508458856304
v -0.0613847165433207 0.000126747641674117 0.0935974770725337
v -0.0599624195602484 -0.0259348243165043 0.0867408345623127
v -0.0567648543945174 -0.0396437470087141 0.0873103569304118
v -0.0606300324536424 -0.0022560028493039 0.0940778234434614
v -0.058634052031808 -0.0363896319452551 0.0849705319485694
v -0.0549769090509912 -0.0455617869381853 0.0880345831505674
v -0.0574898292987951 -0.0280603684516476 0.0907266939269
v -0.0587763394721056 -0.0236521996156432 0.0897354091017974
v -0.0574151037125945 -0.0195986858101721 0.0943944880129138
v -0.0578842033681673 0.000190038640298838 0.099721705174706
v -0.0583764407981003 -0.00485988442716695 0.097352457850744
v -0.0566705300591767 -0.00106404751363454 0.102785897937732
v -0.0564136862351483 -0.0270942574073844 0.093778593232216
v -0.0556514174556299 -0.0367474944502247 0.0910224819699865
v -0.0595096664759029 -0.00294783641220938 0.0957059615320124
v -0.057559101060867 -0.0102456959417177 0.09765723874441
v -0.0582163278465623 -0.0129448452845393 0.094948796295774
v -0.0550983758471254 -0.033190777829286 0.0942530163917016
v -0.0533498515192617 -0.0363892631415743 0.096925338426411
v -0.057234613426368 -0.000402891769660655 0.101229687752656
v -0.0569405837605004 -0.00780842561762248 0.100334507964525
v -0.0567084199807703 -0.0157885116535473 0.0981594302171596
v -0.0539786766962431 -0.0410335184873685 0.0924861335943758
v -0.0560363665420474 -0.0131582811015979 0.101868694233849
v -0.0553267286554868 -0.0195439799308483 0.101745677700363
v -0.0547481203837342 -0.0296384291105269 0.0973742582490833
v -0.0528680449005038 -0.0327807426419923 0.101266776742039
v -0.0495689134362448 -0.0452636445524829 0.0980407573720643
v -0.0558582939688397 -0.0226520450114072 0.0977699436745805
v -0.04959919631626 -0.0325920604437036 0.113772523840386
v -0.0481789370666565 -0.0337680002932683 0.117020954556295
v -0.0508791052762125 -0.0418230899151379 0.0985367052584132
v -0.05594630021284 0.000848191771666343 0.105670993648373
v -0.0556564838496292 -0.00811785050885887 0.105753538628961
v -0.0538901712634223 -0.0211911484390524 0.10876793171239
v -0.0545887077866608 -0.0198187945524155 0.105472368624679
v -0.0542891572414498 -0.0262089441715415 0.101558601076336
v -0.051517489546578 -0.0373610869176008 0.101037030643887
v -0.0557549991358884 -0.00152543477177942 0.106682514249924
v -0.0561770148548747 -0.00582864368674955 0.103755203550565
v -0.0484044847318698 -0.0424792587185569 0.102981609784478
v -0.0555632361230134 0.00123594926086056 0.108162408139652
v -0.0552785941872034 -0.0135604373011647 0.105715242645549
v -0.0534741085573852 -0.0263864057972375 0.10513274136634
v -0.0518226019493192 -0.0328273795438142 0.104898584524574
v -0.0524929678318055 -0.0273863666864089 0.108941858061957
v -0.0510571219700747 -0.0317864888966496 0.10913266742678
v -0.0489029135932932 -0.0399795446227586 0.104866830150779
v -0.0490545030819852 -0.0358902419590877 0.110193570475424
v -0.0501237469090976 -0.0382834649233675 0.103749034469969
v -0.051140702569905 -0.0274965886955673 0.115975414604498
v -0.0480490883686852 -0.0398048397114446 0.107196768212391
v -0.0547892885602685 -0.0149773130563932 0.108667043402783
v -0.0552957416957173 -0.00900558797697756 0.108607706980235
v -0.0521479724774783 -0.0242535414678231 0.116181326295853
v -0.0533400055785703 -0.0196859358203622 0.11617955305771
v -0.0555178285667943 -0.00245411305734513 0.108867560873906
v -0.0550808781613791 0.000293855188431815 0.126019460126323
v -0.0498993056549268 -0.0277183402905708 0.122107376409157
v -0.0495852413810235 -0.0286766300890976 0.12160332974188
v -0.0492443214936341 -0.0296244853511596 0.121197086843913
v -0.0503909619396658 -0.0278107498270029 0.119292807892871
v -0.0488235276696712 -0.0307079374332083 0.120812517684418
v -0.0455758834344305 -0.0366679371632763 0.120061223505559
v -0.0461267606496162 -0.0358896272862863 0.119984773099763
v -0.0550122583250057 -0.0087181064390896 0.11579177269805
v -0.0544419909769034 -0.0135017490871459 0.116348532221872
v -0.0502908745811508 -0.0262754480433622 0.123256099449334
v -0.0482866277414601 -0.0319466987057199 0.120460947145649
v -0.0471875592449664 -0.0341415574437667 0.12005535244818
v -0.0466094650631931 -0.0351317021945644 0.119982835948851
v -0.0444049503742299 -0.0380676253631265 0.120512222040171
v -0.055012608502238 -0.00164444636916716 0.140000369995824
v -0.0501564437768419 -0.0268224863475065 0.122721266983719
v -0.0529811931247258 -0.0186367545409583 0.121939693645991
v -0.0530133498254628 -0.0172248455282295 0.1259179683197
v -0.0512970455282611 -0.0240010674086192 0.122441490237978
v -0.0503472456649729 -0.0259466576992535 0.123717782116284
v -0.0553183355777806 -0.00189234565619754 0.117758047928854
v -0.0551724867605245 -0.00494244848856889 0.119657968290345
v -0.0503510305593136 -0.0257477682071721 0.124209907854872
v -0.050283740651365 -0.0257056091035761 0.124736015690803
v -0.0501542570317848 -0.025836905076598 0.125242960633867
v -0.0537612166349802 -0.0129850700314558 0.131467339438185
v -0.0434045946043498 -0.0371524930458367 0.126615998299062
v -0.0540032710588781 -0.013439906484069 0.123591457525087
v -0.0547815325071019 -0.00836091821155666 0.124283854865644
v -0.0518191746827902 -0.0208498075939262 0.126811322715625
v -0.0525042815366408 -0.0177486901786679 0.130931329780862
v -0.0452693367951527 -0.0333611017999065 0.130616870583217
v -0.0440858457833552 -0.0360839272214508 0.127238851921882
v -0.0471293217910019 -0.0303877897612161 0.130315792628025
v -0.0531588149378792 -0.0141687407884815 0.13999977394939
v -0.0513691000817429 -0.019716665735142 0.140000042170285
v -0.0485367064393835 -0.027108311062798 0.132663097992619
v -0.0507892587390978 -0.0218317678832411 0.134594482155267
v -0.0436695930875432 -0.0367008128449264 0.126901534343477
v -0.0410825395746019 -0.0378758139214853 0.133743089428326
v -0.0551125915526412 -0.00266720265529176 0.133468297120892
v -0.0434632604666304 -0.0337423665748054 0.140000340193502
v -0.054937584892861 -0.00514933384934179 0.133964624986843
v -0.0543510119517182 -0.00860851400389136 0.13999977394939
v -0.0492705400825807 -0.02448618767257 0.139999908059837
v -0.0454993548080125 -0.031875530771188 0.134980973564514
v -0.0464565270196277 -0.0294516412220534 0.139998775571612
v -0.0485506315723023 -0.0262694466016468 0.136752170247909
v -0.0493192817730861 0.0245539711814046 0.126600679905697
v -0.0490015071106363 0.0226894376068251 0.126863759900694
v -0.0488552112586156 0.0254525445859538 0.127048072359381
v -0.0497596780714788 0.0236619561493817 0.125987690851367
v -0.0494018528194062 0.0218042473055425 0.126432177578684
v -0.0497722397483654 0.0209444541668264 0.125876215266968
v -0.0500181908252951 0.0231350083326186 0.125456866798024
v -0.0501680592301433 0.0228241105549649 0.125004318542682
v -0.0499946954231232 0.0204095752082806 0.125387770115112
v -0.050212270968367 0.0198621289849136 0.124525737959316
v -0.0501224616841492 0.0200877139030239 0.124982384033895
v -0.0502463648197508 0.0197718111986511 0.124013495653566
v -0.0502665149117673 0.0226218422251207 0.124478523631129
v -0.0502819860399138 0.0226222873972405 0.123666522122923
v -0.0502965929008486 0.0225805958175025 0.124067996649414
v -0.0500681357843754 0.0231387559740622 0.12267472320777
v -0.0498338932929897 0.0236611272724222 0.12213754380932
v -0.0502010392199052 0.0228277930038387 0.123132293154322
v -0.0499397623011274 0.0205423873742126 0.122475524489384
v -0.0486725491284908 0.0233877003212703 0.120863077323219
v -0.0478289125712271 0.0250817981665381 0.120371830753122
v -0.0476638114567735 0.0278607115498869 0.120272924297908
v -0.0465005562186558 0.0297703583827987 0.120067400036736
v -0.0465007015049543 0.0274621036887644 0.120105748174211
v -0.049189809329375 0.022277359098128 0.121321645647549
v -0.0487895008735021 0.0258081290762686 0.120884363631509
v -0.0496536749529117 0.0212212934833485 0.121923429028911
v -0.0494213137328272 0.0245432404844082 0.121515278782354
v -0.0501006836405315 0.0201455657895039 0.122936000162303
v -0.0502100730474408 0.0198573699273149 0.123483289998398
v -0.0481766236617495 0.026708509246325 0.127502527963314
v -0.048437081016792 0.0238807237873312 0.127309513226684
v -0.0474476440710384 0.0257842946727335 0.127741482978877
v -0.0471224225544675 0.0285147979163606 0.127860096219329
v -0.0465000235022279 0.0295145799916261 0.12791967106045
v -0.0465004370093852 0.0274603826049206 0.127890300872394
v 7.10578936526925e-17 0.0550019914265776 0.137995001569502
v 0.000997665761466932 0.0550035933011509 0.135001999102488
v 0.000983137830107701 0.0544036912734422 0.135011997781426
v -3.99405922130195e-12 0.0544020931241586 0.137960997120418
v -0.000997665761466932 0.0550035933011509 0.135001999102488
v 7.10578936526925e-17 0.0550019914265776 0.137995001569502
v -3.99405922130195e-12 0.0544020931241586 0.137960997120418
v -0.000983137830107701 0.0544036912734422 0.135011997781426
v 0.000997665761466932 0.0550035933011509 0.135001999102488
v 0.000983137830107701 0.0544036912734422 0.135011997781426
v -0.000997665761466932 0.0550035933011509 0.135001999102488
v -0.000983066467526782 0.0544096219346532 0.135012012682587
v 0.0485713665348025 0.0235987659227539 0.120790344757057
v 0.0494205724001758 0.0245447715784771 0.121514198448192
v 0.049089494728188 0.0224979819303508 0.121219341727659
v 0.0498387026419994 0.0207877759323968 0.122256037840485
v 0.0495522241383646 0.0214580691717339 0.121768374999574
v 0.0501632051776572 0.0199812544364679 0.123196584212856
v 0.0502964923180266 0.0225806964003246 0.124070999233328
v 0.0502370143425902 0.0197968321069574 0.124276270174765
v 0.0501708345709738 0.0199669754010271 0.124772128654149
v 0.0497606391962228 0.0236608404251149 0.125986424252694
v 0.0500221657094108 0.0231268834757711 0.125444916067013
v 0.0498521099596491 0.020752797324708 0.125721392205624
v 0.0465019047735291 0.0274655924225736 0.127905425550667
v 0.0471207014706236 0.0285176496256301 0.127861258509876
v 0.0465000235022279 0.029514619107168 0.127919551851163
v 0.0481792052875153 0.0267041003659587 0.127501395475088
v 0.0488421094147217 0.0254776064724469 0.127058532974306
v 0.0489637401236029 0.0227701441456477 0.12690593018593
v 0.0480221768758534 0.0247066838449428 0.127535906563642
v 0.0493240836715163 0.0245443915989272 0.12659536019127
v 0.0495046186612193 0.0215696062081583 0.126297143258963
v 0.0501683013739741 0.0228245352379914 0.124999304302052
v 0.0500600593562941 0.0202454948232063 0.125197974029229
v 0.0502664776588702 0.0226221886770633 0.124474835593816
v 0.0502381654571092 0.0197903296137766 0.123752531623411
v 0.0500679718716284 0.0231390577225284 0.122671005368136
v 0.0502037661319695 0.0228215903964792 0.12313934885399
v 0.050282071721577 0.022621762131392 0.123663109757086
v 0.0498295458799035 0.0236709285096371 0.122128156077977
v 0.0500232199663974 0.0203372170436878 0.122688685595497
v 0.047740448116593 0.0252446790083272 0.120345373742013
v 0.0487963144283732 0.0257953420193548 0.120888923386732
v 0.0476776360068703 0.0278370913505098 0.12027780442809
v 0.0465005562186558 0.0297702298603038 0.120067273376868
v 0.046500705230244 0.0274621930957174 0.120105412898092
v 0.0741005049397442 0.0191783259824599 0.0103656721778436
v 0.072606306140068 0.0201949966586048 0.0115372843324255
v 0.0723720152199161 0.0207727853666223 0.0118476922769615
v 0.0754016964797837 0.0193898702836706 0.00972485148031596
v 0.0744010836649139 0.0201233928651774 0.00989156008009105
v 0.0751963063571663 0.0189094774123559 0.0100420226892377
v 0.0747567817765647 0.0186713736581905 0.0101587257871317
v 0.0752913235963922 0.0182386998853571 0.010096878518979
v 0.0742950097658424 0.0196629992116461 0.0102151173677642
v 0.0733093800661677 0.0203267303531671 0.0107957941860901
v 0.0732755395344839 0.0197701441315079 0.010847778748398
v 0.0720855404415711 0.0216142444920532 0.0115310947627329
v 0.0722815875376073 0.0203727823845052 0.0120383358663692
v 0.0792195074803046 0.0156883684156868 0.0100055120511611
v 0.0921779649734275 0.00105924235557579 0.00963403821809504
v 0.0811595787542405 0.0159394287274475 0.0093019546724419
v 0.0815224592244432 0.014123769091158 0.0099512932460466
v 0.0796504415428456 0.0171712423346585 0.00884877498040851
v 0.0810236950869464 0.0149165340235272 0.00993418391941076
v 0.086333283448835 0.0117978192710231 0.00946975943886281
v 0.0865104656778031 0.0120560116499248 0.00907708591050462
v 0.0824108365110688 0.0144890328154498 0.0097143200848776
v 0.083784551991093 0.0124960214495106 0.00989711728176957
v 0.088438623475261 0.00850418540304684 0.00977795921762378
v 0.0874439711239199 0.0094788990725623 0.00980492193687881
v 0.0859601509813629 0.010788566578004 0.00984328031890212
v 0.0861936595906767 0.0112098167499558 0.00978729106961285
v 0.0895659184918526 0.00846668104893775 0.00955549699316553
v 0.0889821283421197 0.00963275819400736 0.00922125650447778
v 0.0902704601820962 0.00629680363799415 0.0097246894301916
v 0.0897047674897522 0.00767803209603172 0.00971636899449596
v 0.0893989361060979 0.00743903613498193 0.00975053083709185
v 0.0917611423082905 0.00492119617646081 0.00959795040045789
v 0.0915749001747589 0.00381906013672526 0.00967553608844721
v 0.0905397464737406 0.00777521046894794 0.00927943994970381
v 0.0910038132629214 0.00509352342162038 0.00970074140204322
v 0.0921255650484313 0.00566051298044312 0.00903801692937276
v 0.0919651540737169 0.0024797726200053 0.00965286676616519
v 0.093359507658709 0.00268161999211286 0.00867523606102386
v 0.0929656774816338 0.0026289357809461 0.00928879322211161
v 0.09292273234191 -0.00507779385150055 0.00879645700462631
v 0.0934346542026463 -0.00298146879333093 0.0084544893327097
v 0.0939478650136207 -0.0052866708452822 3.91858227767163e-07
v 0.0936356484834113 -0.000136891721957218 0.00858806054469807
v 0.0945728196145982 2.61955554400454e-10 4.63838734822911e-09
v 0.0945189966289346 -0.00151633109506186 2.15666839562593e-07
v 0.0945619417686585 2.91859361288917e-07 9.99986855662721e-05
v 0.0688846895703199 0.00305459948987638 0.0827189963448272
v 0.0689455608041061 0.00343024978752805 0.0832022037386401
v 0.0685561264688832 0.0010259549129979 0.0861329938590602
v 0.0687778482615691 0.00239478199802151 0.0860133598890894
v 0.0692109727944568 0.00506913301859671 0.0854667406052334
v 0.0689958969186054 0.00374110006773798 0.0857954751149831
v 0.0691038632648472 0.00440808222301875 0.0839255358891441
v 0.0692273938714782 0.00517031095567289 0.0841967370168104
v 0.0694182479136652 0.00634889902055686 0.0850189532707865
v 0.0696166493927952 0.00757408161209231 0.0844369213781448
v 0.0697999708991978 0.00870613708326616 0.0837114583616377
v 0.0694873594882797 0.00677601466114982 0.0841751899382057
v 0.0698949657866855 0.00929246508661082 0.0825612526559549
v 0.0697542839462508 0.0084234378860375 0.0832984801389616
v 0.0699662603810674 0.00973210235722605 0.082828937109658
v 0.0701111816011868 0.0106271916845783 0.0818063821984891
v 0.069990392807779 0.00988133839414671 0.0819324013158887
v 0.0702318362841652 0.0113721248284527 0.0806680378168514
v 0.0701734907967992 0.0110114450731434 0.0802971628241875
v 0.0702543817374622 0.0115112336653093 0.0792467650939502
v 0.0703181586972187 0.0119051662878514 0.0781341997206017
v 0.0704839936937441 0.0129288246761612 0.0757212323906742
v 0.0703985429984817 0.0124012659118865 0.0758928937637904
v 0.0703530870134965 0.0121204982773701 0.0773164016608208
v 0.0706569290924481 0.0139966696569892 0.0682362079269541
v 0.0706343985403099 0.0138576306693147 0.0656772017700105
v 0.0714968403600065 0.0191822747895476 0.0233922278867909
v 0.071634981552862 0.0200353549562146 0.0202798391816056
v 0.0715159436456158 0.0193002398133587 0.0146047078533908
v 0.0717469190579298 0.0207266010874996 0.0141118016665026
v 0.0716576089625326 0.0201748409786538 0.0146139083888998
v 0.0715021898760234 0.0192155975059624 0.0140986001693025
v 0.0715125163790868 0.0192791788880093 0.014284149424341
v 0.071427058233245 0.018751638750183 0.0312963270106242
v 0.0712475365223419 0.0176430987046133 0.0404121754971405
v 0.0712329482878555 0.0175530361006956 0.0371336258098418
v 0.0710562950500256 0.0164622824508243 0.0497860189575101
v 0.0709408036185788 0.0157493178805568 0.051457985085443
v 0.0708382165906716 0.0151159217731068 0.0600385205439063
v 0.0704487301013929 0.0127112640320763 0.0769428072062997
v 0.0703988335710787 0.0124033455548645 0.0781834406066662
v 0.070327486822641 0.0119630908174806 0.0794425290947587
v 0.0700751133462591 0.0104045022478915 0.0812694486691926
v 0.0696040802653292 0.00749616298695299 0.0839001294098765
v 0.0693576523513172 0.00597504664084925 0.0842816959854581
v 0.0690199846418405 0.00388994937302109 0.0836018975764088
v 0.0683186317995847 -0.000440291262685304 0.0861538256819436
v 0.0679959025018267 -0.00243322931608728 0.0860110204068343
v 0.0675507974372464 -0.0051810635387463 0.0855640600868152
v 0.0688366184319614 0.00275777958201941 0.0821810271848508
v 0.0669015166944926 -0.00919015745543149 0.0847424398792734
v 0.0687985757734899 0.00252261834106011 0.081399014262877
v 0.0646979929325911 -0.0227950253555901 0.0815647524245511
v 0.0642118873295131 -0.0257963608860893 0.0710213391999601
v 0.0622455862907616 -0.0379367112322994 0.0777605456614372
v 0.0636748719173212 -0.0291117923554542 0.0800048840044837
v 0.0640680911468848 -0.0266841961430627 0.0707124977399595
v 0.0612597926783399 -0.0440227952550914 0.0666277021178371
v 0.0594007911589729 -0.055501090840148 0.0564059006481044
v 0.0593609901637605 -0.0557464905742013 0.0567248003916859
v 0.061127358629313 -0.0448408800502658 0.0607836605433301
v 0.05930598998655 -0.056085890543391 0.0574539998742789
v 0.0593293922564793 -0.0559417926122965 0.0570751006064914
v 0.0592878403751053 -0.0561979398071499 0.0580134751346675
v 0.059290954717299 -0.0561788178950921 0.0586313145168577
v 0.0591041277132836 -0.0573324507099009 0.0578903207654434
v 0.0593095439129289 -0.0560643620941835 0.0591233135955785
v 0.0594453791514568 -0.055225628018172 0.060366353533424
v 0.0595124529926025 -0.0548108244600554 0.0606542849394466
v 0.0578791034465606 -0.0648957983653683 0.070571488054734
v 0.0580266919741091 -0.0639844881953163 0.05974360049344
v 0.0578430277410535 -0.065118369524107 0.0596555495339136
v 0.0567578433992918 -0.0718190034137293 0.0684705957367138
v 0.0565534553796051 -0.0730809751037504 0.0609263801367645
v 0.056241551773731 -0.0750062718787146 0.0606801533547009
v 0.0563452265862322 -0.0743665502293449 0.060927583405504
v 0.0561706930382447 -0.0754440902766311 0.0603771009956948
v 0.0561086148105939 -0.0758273108286254 0.0599967712164647
v 0.0568234792786112 -0.0714132672107556 0.059705118245517
v 0.0568135327550978 -0.0714762395079356 0.0392977437533942
v 0.0568523465485383 -0.0712351313076229 0.0388562260823795
v 0.056434592560975 -0.0738145889548549 0.0555015976242364
v 0.0544561955065501 -0.0860295680297333 0.0440090437827473
v 0.0560259916102179 -0.0763371912306032 0.0370069994701371
v 0.0498589942950247 -0.114413556123379 0.0340871058235964
v 0.0543718735740684 -0.0865500431556332 0.0441367281048731
v 0.0498978304402035 -0.114174213710386 0.0370484321479105
v 0.0560690894868196 -0.0760714514147583 0.0568623157546896
v 0.0561053924349987 -0.0758470921169611 0.0394632993758477
v 0.0563279896707654 -0.0744730860643398 0.052105701295159
v 0.050473089676511 -0.110622179778607 0.0517349641382329
v 0.0557479918659526 -0.0780535737588887 0.0452569452243236
v 0.0562753177996207 -0.0747979685795476 0.0448901643256061
v 0.0501816937904651 -0.112421442552258 0.0470448088561413
v 0.0501115503106021 -0.112854306314867 0.0454323654152669
v 0.0500347907162224 -0.113328103560758 0.043279959784151
v 0.050265203609791 -0.111905743247761 0.0486551475080442
v 0.0541725109701943 -0.087781266304426 0.0502164911430368
v 0.0503611335449946 -0.111313399832864 0.0502147477072161
v 0.0513286173585144 -0.105342110612344 0.0574333021618433
v 0.0510350719803084 -0.107145560611624 0.0563452268463695
v 0.0511792891206735 -0.106254419160037 0.0569668697498693
v 0.0508106940560626 -0.108537984496549 0.0549653979771123
v 0.0556575716342232 -0.0786123895664366 0.0515308554873424
v 0.0562291391084326 -0.0750831246053369 0.0462592829854946
v 0.0541929069313314 -0.0876554707216541 0.0507430534643742
v 0.0506942005216851 -0.109256667386514 0.0540442752679227
v 0.0563716686925612 -0.0742030249124367 0.0555400090916452
v 0.0565008207613576 -0.0734059246741728 0.0542941006803341
v 0.054246059364848 -0.0873271013352821 0.0512974735059409
v 0.0561712741834387 -0.0754401042166464 0.0356114088979793
v 0.059168992457634 -0.0569319410883838 0.0383821195725623
v 0.0565600901205705 -0.0730395871351234 0.0555892984064825
v 0.0593240278393035 -0.0559743404684526 0.0388643919185312
v 0.0592929663737399 -0.0561664946367467 0.0382199986676872
v 0.0562739655194577 -0.0748067081091964 0.0352215572769592
v 0.0560156353048369 -0.0764015493355536 0.0587285520420547
v 0.056048384326637 -0.0761994300172976 0.0593909123676066
v 0.0563895314566985 -0.0740933225811922 0.0350191063802144
v 0.0588531176929339 -0.0588824357229154 0.0372615932540239
v 0.0573231263097682 -0.0683284814655658 0.0372616491333772
v 0.0595569888310305 -0.054535343011631 0.0557063731020754
v 0.059544628319788 -0.0546131643135767 0.0554299006887547
v 0.0594299788038147 -0.055320846423042 0.0357114590172888
v 0.0586259010979326 -0.0602856703985651 0.0367351464166832
v 0.0583900530066838 -0.0617412602957346 0.0363965920419262
v 0.0566786623666036 -0.0723093260447537 0.035395237757372
v 0.0597912313224162 -0.0530904223441778 0.0555230329441346
v 0.059672104008217 -0.0538264613588805 0.0555151390541686
v 0.0598779895943653 -0.0525546921569343 0.0556672985330083
v 0.0599583813462077 -0.0520570418810593 0.0559051285109267
v 0.0596751438446166 -0.0538071494570478 0.0542976248048777
v 0.0597832480265776 -0.0531395179372052 0.0530770409164494
v 0.0599004679924476 -0.0524158729613523 0.0448931706348098
v 0.0639295178204234 -0.027540193211569 0.0403113020886935
v 0.0624395807521702 -0.0367394142968537 0.0369909695463411
v 0.0565965905091039 -0.0728143859218527 0.035158801037994
v 0.0600977928628528 -0.0511968166087374 0.0392374387553907
v 0.0601468847305906 -0.0508948222734796 0.0385856098252771
v 0.0598479898363677 -0.0527393920205279 0.0438952994966067
v 0.05997517122691 -0.0519546038647403 0.0400265111023222
v 0.0701259710013172 0.0107177171557419 0.0140259849497828
v 0.0701106153571515 0.0106237653493718 0.0142961541720594
v 0.0701057873816933 0.0105936985361595 0.0145302998379551
v 0.0586847606752779 -0.0599213296147978 0.0591481575560236
v 0.0593882220315069 -0.0555786737235526 0.0600076118109909
v 0.0592836382483176 -0.0562235101956878 0.0570703955649496
v 0.0596056783674801 -0.0542358259940273 0.0609015883303823
v 0.0599756629651511 -0.0519508077945305 0.0605209232750328
v 0.0611273288269953 -0.0448408763249761 0.0652163386669083
v 0.0582107287361351 -0.0628483642421229 0.0597310760677365
v 0.0584520604538302 -0.0613586395153829 0.0595338592037441
v 0.0589035469396759 -0.058570472512406 0.0585920611338601
v 0.0593424605727658 -0.0558614120363231 0.0595899956019968
v 0.0590578260875352 -0.0576184896293504 0.0724952204712803
v 0.0597063692229273 -0.0536132481278818 0.0610001855865079
v 0.0597873421199638 -0.0531140816590968 0.0609767497857641
v 0.06132668398029 -0.0436096382750245 0.0668632671193048
v 0.0601293348907884 -0.0510024980471244 0.0593647682808764
v 0.0611853911923437 -0.0444822948390934 0.0598377981818214
v 0.0601602585206329 -0.0508117557636287 0.0587604293504261
v 0.0637592124762515 -0.028590549819875 0.0696246533924791
v 0.0601191275969956 -0.0510659062032 0.0569924289660358
v 0.060050548738809 -0.0514888830469303 0.0563792163942929
v 0.0614110766932761 -0.0430892041273114 0.0590090440435176
v 0.0639294805675264 -0.027540129881644 0.0703113286872656
v 0.0640680911468848 -0.0266841961430627 0.0407125009437091
v 0.0599666887422508 -0.0520067206677188 0.0476539012569062
v 0.0561082907103895 -0.0758292852321693 0.0360143996175885
v 0.0560581818385622 -0.0761387972020525 0.0364809028100765
v 0.0497427391791883 -0.115131255536862 0.0170679461121273
v 0.0593638958897307 -0.05572943619793 0.0361943423108531
v 0.0594518611555442 -0.0551876226125976 0.0560966196038584
v 0.0595126467076672 -0.0548091778820056 0.0353443465677422
v 0.0637591975750926 -0.0285905833474823 0.039624626793907
v 0.0645127789790181 -0.0239382497109619 0.0546889106626307
v 0.056497553682286 -0.0734259741833672 0.0404866552244129
v 0.0565600901205705 -0.0730396914432351 0.0404114006367758
v 0.0597833299829511 -0.053139178935842 0.042928594136344
v 0.0597655119222902 -0.0532497492595879 0.0404943106958051
v 0.0598728002658056 -0.0525852507083876 0.0403495645444937
v 0.0566319174313802 -0.0725966725408898 0.0405715359619661
v 0.0566200188560612 -0.0726703587712626 0.0402879966731072
v 0.0596749948330284 -0.053807399051458 0.0417056521392095
v 0.0595444234288542 -0.0546142073946942 0.0405706046394123
v 0.0594507621950811 -0.0551931509425204 0.0398984020971119
v 0.0595539340934721 -0.0545552174322093 0.0402849233086797
v 0.059660913237942 -0.053895599010523 0.0404740786446464
v 0.0593242848842932 -0.0559730626940836 0.036637473032531
v 0.06016282524524 -0.0507960871951278 0.0373706995538466
v 0.0611853911923437 -0.0444822948390934 0.0361622005068764
v 0.0598862336604833 -0.0525034917752233 0.0351792752330167
v 0.0611273400028645 -0.0448408800502658 0.0352163381453677
v 0.0597877556271211 -0.0531113063182662 0.0350237369159519
v 0.0611273288269953 -0.0448408763249761 0.0307836618844346
v 0.0611476651834971 -0.0447150919180734 0.0302569859417456
v 0.0611853911923437 -0.0444822948390934 0.0298377995229259
v 0.0596864426482931 -0.053736991076026 0.0350038885696853
v 0.0599758678560849 -0.0519504389908496 0.0354801631984078
v 0.0625906934037799 -0.0358056965092237 0.0293721997133151
v 0.0625235636832887 -0.0362194495356434 0.0291363739415323
v 0.0565097353796226 -0.0733519824792386 0.0350195869426521
v 0.0612380854152265 -0.0441563729680578 0.0294691876440677
v 0.0568892753453879 -0.0710073968973525 0.0378565519037123
v 0.0568808114871773 -0.0710593348864252 0.037190619024844
v 0.0571090301851093 -0.0696500428897144 0.0379646561004671
v 0.0590145903752144 -0.0578849894042951 0.0377782984574519
v 0.0592984164725789 -0.0561329484029496 0.0371196485209543
v 0.0592871847241171 -0.0562026448480479 0.0376301399403034
v 0.0498283202595904 -0.114602659279404 0.0311269604162806
v 0.0593113916566228 -0.0560529925100026 0.0390820978787072
v 0.0593837256068325 -0.0556023851925274 0.0394846452887808
v 0.0568778722335997 -0.0710776782129346 0.0383777200048181
v 0.0568407646228442 -0.0713071784105253 0.0364827915322156
v 0.0567717089275753 -0.0717342977764079 0.0358695007293783
v 0.0576679130478719 -0.0661996795645751 0.0365414872048463
v 0.0574931932353991 -0.0672788885416494 0.0368546984302692
v 0.0497944089474022 -0.114812475046191 0.026509409177838
v 0.0561478942652476 -0.0755848168205422 0.0397561891431468
v 0.0556575716342232 -0.0786123895664366 0.0444691432013554
v 0.055710291934134 -0.0782865906299613 0.0448374998978339
v 0.0569108447727822 -0.070874426406608 0.0388357779643883
v 0.0567754900966263 -0.0717096885126141 0.0395940980405934
v 0.0581490565650623 -0.0632282916380176 0.0362500763777626
v 0.0579068643054452 -0.0647243307308082 0.036298553579333
v 0.0560101107002038 -0.0764355388788257 0.0375386579884888
v 0.0560337886415713 -0.07628917969688 0.0386582306327321
v 0.0560136646265827 -0.0764132169429109 0.0381452395436487
v 0.0560690559592123 -0.0760716004263466 0.0391363790824328
v 0.0554846287849398 -0.0796797744739859 0.0440090326068766
v 0.0564180932528698 -0.0739164905294564 0.0426131998908549
v 0.0562148637982816 -0.0751715853346813 0.040079860983494
v 0.0563471227586923 -0.0743546963575023 0.0435661924578355
v 0.0542833346136402 -0.0870967890245356 0.0444691990807086
v 0.0563507921690521 -0.0743319869914582 0.0404301984512016
v 0.0562900438698262 -0.0747066542782889 0.0403166553307327
v 0.0566943793638706 -0.072210032172946 0.0400368823102813
v 0.0567441902125215 -0.0719031875104919 0.0397901004599757
v 0.0564134850695042 -0.0739444972574615 0.0404940350243292
v 0.0564994573053254 -0.0734143959829629 0.0417163399968369
v 0.055710291934134 -0.0782865906299613 0.0511624987908639
v 0.0557479881406629 -0.0780535737588887 0.0507430534643742
v 0.056275731306778 -0.0747955247895008 0.0511113989849821
v 0.050572897638298 -0.110005599628887 0.0528702984853767
v 0.0561478942652476 -0.075584667808954 0.0562430235093156
v 0.0561052918521767 -0.0758476881633139 0.0565365987300143
v 0.0508964688515294 -0.108007428736706 0.0555533232788744
v 0.0560096040608039 -0.0764389065407194 0.0581233786465962
v 0.05662028707692 -0.0726684886758305 0.0557133878235506
v 0.0543719853327596 -0.0865494620104392 0.0518634456724648
v 0.0567441902125215 -0.0719031875104919 0.0562098982287221
v 0.056694539551328 -0.0722090859493609 0.0559637906559454
v 0.0524299657323078 -0.0985398210172409 0.0598794320252664
v 0.0564979038595183 -0.0734241711431498 0.055513917158978
v 0.0566316752875494 -0.0725977230725868 0.0554299118646254
v 0.0554846213343604 -0.0796797968257242 0.0519909698071114
v 0.0563926718759202 -0.0740733624789507 0.0530725295899988
v 0.0562514722202165 -0.0749446034329314 0.0557902405606901
v 0.056310290819375 -0.0745823860642962 0.0556411991497606
v 0.0544412831718594 -0.0861216124877743 0.063999182045478
v 0.0576048550690286 -0.066589151152695 0.0593602495038453
v 0.0564499482051407 -0.0737196536720026 0.0610049278809519
v 0.0566567986413226 -0.0724434886282039 0.0606813417222796
v 0.0557720013581039 -0.0779056797575844 0.0665923267619536
v 0.0567504300727781 -0.0718643625411822 0.0602616356254748
v 0.0568701459827507 -0.0711248701829225 0.0590649531990672
v 0.0571682026867899 -0.0692851358619119 0.0582503998670637
v 0.0573784170595758 -0.067987021411169 0.0588849844287712
v 0.0568888096841748 -0.071010071655361 0.0584254996830486
v 0.0568828119677491 -0.0710475480697973 0.0577465878930705
v 0.0569801910406482 -0.0704458169248432 0.0574943335914388
v 0.0568523204715104 -0.0712353399238464 0.0571447449070644
v 0.0568535907952999 -0.0712275913212592 0.0568579981433302
v 0.0567754900966263 -0.0717096885126141 0.0564059006481044
v 0.056813201204314 -0.0714767312461767 0.0567023517928492
v 0.0613265945733371 -0.043609645725604 0.0368632665977642
v 0.0614110804185658 -0.0430891892261526 0.0369909546451802
v 0.0656762912621255 -0.0167547977864267 0.0284593993024662
v 0.0653673082833805 -0.0186622820886645 0.0263752279495769
v 0.0655866160883372 -0.0173085211229473 0.0276881431559888
v 0.0654824867904919 -0.0179512975098754 0.026997999616012
v 0.065197211555432 -0.0197127597688859 0.0256886271605947
v 0.0650585935254941 -0.0205685966499349 0.0252874990860932
v 0.0649147675405482 -0.0214559196795738 0.0249787786980246
v 0.0647155315965241 -0.0226862971876035 0.0247373705788544
v 0.064512868385971 -0.0239382292218685 0.0246889101410901
v 0.0643117846982531 -0.0251800247428452 0.0248329671137117
v 0.0497081684907223 -0.115345370287969 0.0129243300201521
v 0.0641153576226669 -0.0263905408688105 0.0251683065630129
v 0.0611476949858148 -0.0447150993686528 0.0357430047748311
v 0.0599466466836357 -0.0521304412641247 0.0462603856713983
v 0.0651971668519555 -0.0197127169280543 0.0556886444459413
v 0.0650585935254941 -0.0205685966499349 0.0552874977449887
v 0.065011125884068 -0.0208616167622923 0.0408315090649237
v 0.064311710192459 -0.0251799781767239 0.0548329639099621
v 0.0599267163837119 -0.0522533832749823 0.0504364620796637
v 0.0638010921831195 -0.0283323965565152 0.0561918976264023
v 0.0655866086377578 -0.0173085155350127 0.0576881492654648
v 0.0624395770268805 -0.0367393919451155 0.0590090328676469
v 0.0635399493747711 -0.0299450614314679 0.0576891215662109
v 0.0651961535731557 -0.0197187295456388 0.0403147666085936
v 0.0653672933822216 -0.0186623100283373 0.0563752042567311
v 0.0634503934102534 -0.0304978962863937 0.0584593998240068
v 0.0625235711338681 -0.0362194495356434 0.059136374463073
v 0.0653254881811477 -0.0189202975163052 0.0398081010622955
v 0.0654451742888027 -0.0181813378744734 0.0392247653180786
v 0.0654824867904919 -0.0179512975098754 0.0569979982749075
v 0.0655866160883372 -0.0173084782821157 0.0683118313183226
v 0.0687902907291851 0.0024718871130214 0.0806789603677624
v 0.0656762912621255 -0.0167547977864267 0.037540598864691
v 0.0656762912621255 -0.0167547977864267 0.0584593998240068
v 0.070002291383098 0.00995470797489451 0.0145246997954391
v 0.0626495380799664 -0.0354419219694916 0.0597021119363134
v 0.064411100921799 -0.0245664397260486 0.0712626336977787
v 0.0646138013852491 -0.023314589648157 0.0713110848223175
v 0.0648150042822376 -0.0220727196213862 0.0711670203991155
v 0.0649629876904948 -0.0211587961606059 0.0709263964535356
v 0.0651052416031851 -0.0202803244193069 0.0705951287464396
v 0.0652841225642589 -0.0191754761358353 0.0699891134353925
v 0.0660122602394965 -0.014680464277541 0.0835061650684588
v 0.0655865043296461 -0.0173084950459193 0.0383118717749743
v 0.0654452785969144 -0.0181813527756322 0.0692247658396192
v 0.0656762912621255 -0.0167547977864267 0.0675405993862316
v 0.0649148942003981 -0.0214559438939569 0.0549787792195652
v 0.0648149893810788 -0.022072823929498 0.0411670385040259
v 0.0646138013852491 -0.02331455239526 0.0413110880260671
v 0.0647155613988417 -0.0226863381657902 0.0547373692377499
v 0.0642118575271955 -0.0257963888257621 0.0410213275025488
v 0.0644110636689019 -0.0245664322754691 0.0412626331762381
v 0.0639305385498027 -0.0275332865244552 0.0556848371993414
v 0.0599600949794722 -0.0520476690521605 0.0490498978856974
v 0.0641156332941051 -0.0263905539073245 0.0551682921833926
v 0.0627028693273889 -0.0351133253404476 0.0602564053180127
v 0.0625906934037799 -0.0358056965092237 0.0593722002348557
v 0.0611476949858148 -0.0447150993686528 0.0602569939138667
v 0.0600898989739671 -0.0512457259372796 0.0598068633718744
v 0.0613265684963091 -0.0436098208142201 0.0591367916955771
v 0.0601661593795263 -0.0507752777268334 0.0580389747461905
v 0.0601505913938474 -0.0508714907840547 0.0575146997530453
v 0.0627028693273889 -0.0351133253404476 0.0302564085217623
v 0.0626495380799664 -0.0354419182442019 0.0297021132774179
v 0.0595868880062061 -0.0543515558440152 0.0351398318602182
v 0.0634503934102534 -0.0304978962863937 0.0284593993024662
v 0.0639304789451674 -0.0275333051509037 0.0256848534416067
v 0.0635399493747711 -0.0299450577061782 0.0276891173193801
v 0.0624396068291981 -0.0367394180221434 0.0290090304834612
v 0.0636813911743057 -0.02907201371198 0.0267757637029343
v 0.0638010921831195 -0.0283323965565152 0.0261918989675067
v 0.0613265535951503 -0.0436096233738657 0.0291367259814577
v 0.0614108382747349 -0.0430891482479658 0.0290090453846221
v 0.0600381360735106 -0.0515651993318351 0.0358039467974615
v 0.0600900777878729 -0.0512450367586841 0.0361947856203887
v 0.0601380110905123 -0.0509490028869549 0.0367537728677592
v 0.063607324964383 -0.029528793834497 0.0387813738260856
v 0.0601663642704601 -0.0507739403478292 0.037930863992925
v 0.061238130118703 -0.0441563878692166 0.0365308067977993
v 0.0600421929139998 -0.0515404932105089 0.0396664990559258
v 0.0625235934856063 -0.0362194532609331 0.0368636242256248
v 0.0635090890748516 -0.0301354963785629 0.0380593008236743
v 0.0625906934037799 -0.0358056965092237 0.0366277984538421
v 0.0626495380799664 -0.0354419219694916 0.0362978867523844
v 0.062723239211498 -0.0349873323173214 0.0307842374417729
v 0.0634503934102534 -0.0304978962863937 0.037540598864691
v 0.0627028693273889 -0.0351133290657373 0.0357435933706851
v 0.062723239211498 -0.0349873472184802 0.0352158389564788
v 0.062723239211498 -0.0349873323173214 0.0607842379633135
v 0.0636813911743057 -0.0290720248878491 0.0567757772629907
v 0.0598676146625357 -0.0526185100948774 0.051782293950417
v 0.061238066788778 -0.044156775299346 0.0594695942222417
v 0.0600377002146151 -0.0515677474299935 0.0601986893967087
v 0.0598854140967481 -0.0525077088031698 0.06082330135651
v 0.0611476763593662 -0.0447150919180734 0.0657430201975326
v 0.0612008660457799 -0.0443867225317014 0.0662974551402601
v 0.0624395807521702 -0.0367394142968537 0.0669909700678817
v 0.0605023183466723 -0.0487000976458622 0.0749217553081716
v 0.0614110170886408 -0.0430891929514423 0.0669909551667208
v 0.0625235934856063 -0.0362194681620919 0.0668636321977459
v 0.0635090890748516 -0.0301354963785629 0.0680593013452149
v 0.0636073175138036 -0.0295288254994595 0.0687813370947241
v 0.0625906934037799 -0.0358056965092237 0.0666277989753827
v 0.0634503934102534 -0.0304978962863937 0.0675405993862316
v 0.0626495380799664 -0.0354419070683328 0.0662978723727642
v 0.0627028618768095 -0.0351134110221109 0.0657437503544148
v 0.062723239211498 -0.0349873472184802 0.065215884181502
v 0.0562126919543833 -0.0751845865957531 0.0473003004349701
v 0.0557684437064352 -0.0779278154290139 0.0457836416561087
v 0.0499566900175487 -0.113809992135889 0.0403166739571838
v 0.0555689618932906 -0.0791598506909624 0.0441363853781733
v 0.0541929143819108 -0.0876554707216541 0.0452569489496138
v 0.0542305919619912 -0.0874226848185432 0.0448377979210511
v 0.0541725184207738 -0.087781266304426 0.0457835112709512
v 0.0517555765369397 -0.102703450661114 0.0584177659805618
v 0.0544562253088677 -0.0860295531285745 0.0519909586312407
v 0.0560416899810364 -0.0762404901604305 0.0572189973916337
v 0.0560217447799537 -0.0763637599967821 0.0575966039837165
v 0.0543049897226977 -0.0869631852345412 0.0516276981317766
v 0.0532710318396749 -0.0933471844003636 0.0616373405984638
v 0.0561973921895632 -0.075279186602532 0.0559957983494744
v 0.05556896934387 -0.0791598506909624 0.0518636133105245
v 0.0562095925133484 -0.0752040102562771 0.0483552802721721
v 0.0562294185051605 -0.0750812917628019 0.0497421648410969
v 0.0557684399811455 -0.0779278303301727 0.0502164352636836
v 0.063084309190904 0.00519762384847044 0.0838260333874963
v 0.0631732393067512 0.0047193222616641 0.083516417067131
v 0.0629514355576918 3.27554926549718e-08 0.0839558597514958
v 0.062988673553587 0.00571191406213698 0.0840551834392134
v 0.0629121635536175 0.00625009036773332 0.0842050369634098
v 0.0628771011269103 0.0069228129616195 0.0842836182352091
v 0.0619573419998065 0.0100000130856467 0.0851481612366103
v 0.0622512077529271 7.95639516393209e-09 0.0847694184310119
v 0.0610031760969836 9.0137426272751e-08 0.0852024685173675
v 0.0633023652985197 0.00950047781318082 0.0832733195288482
v 0.0632616106291427 0.0100000270554831 0.0836513843316275
v 0.063321088604579 0.00999999818448789 0.0828735958887578
v 0.0631373945692059 0.00860380710034859 0.0838694404690837
v 0.0630210239693887 0.00812325031628685 0.0840821098368888
v 0.0629290093136653 0.00759251294857097 0.0842228438506384
v 0.0627836485093607 0.0100000000471327 0.0845091175025153
v 0.0610003709538354 0.00999997676407208 0.0853322650790453
v 0.0632221821629007 0.00429757942014875 0.0831344183578844
v 0.0631996516107625 0.0039614032235379 0.0827031117073496
v 0.0631610799611528 -4.88435436497803e-09 0.083006134264034
v 0.0629625592727522 3.17631630390424e-08 0.0820646193162064
v 0.0630751673299669 0.00371323816037009 0.0822217893103855
v 0.0622852941537314 -7.38598309279265e-09 0.0812540110665408
v 0.0628291342966636 0.00357713796061188 0.0817501452174005
v 0.0623157409464937 0.00354439964901963 0.0812009852856177
v 0.061002222422819 0.0037326215411991 0.0807441976500109
v 0.0610031537452453 5.00046608893619e-08 0.0807946678818464
v 0.0629155014131936 0.00754069416876889 0.0842383261567728
v 0.0628778089319544 0.00668097879547542 0.0842687096237679
v 0.0631924990545281 0.00462553809333071 0.0834527518573533
v 0.0689877236329918 0.00369067245081025 0.0834817271646471
v 0.0631540540647684 0.00382459242476838 0.0824586134599459
v 0.0629657406701606 0.00363091135335626 0.081972135261324
v 0.0626488302749224 0.00355006465050851 0.0815179329771265
v 0.0688323716016973 0.00273155167984855 0.0821770038714184
v 0.0632236871799417 0.00411678691979489 0.0829186122957182
v 0.0687909910836497 0.00247588947114864 0.081002673186302
v 0.0617338730462488 0.00361846096949961 0.0809072461521496
v 0.0622153928176994 0.00355784165842974 0.0811463501793216
v 0.0611293665604642 0.00370862858002088 0.0807838347379006
v 0.0687941873822169 0.00249602955144905 0.0803769957934991
v 0.058922892369116 0.00409483937549554 0.0803769957934991
v 0.0589192900139709 0.00407246947647584 0.0808178987916283
v 0.0602014155212982 0.0038671310422531 0.0809257012398756
v 0.0589291098776343 0.00413264920336047 0.0814617481501009
v 0.0589612926553992 0.00433200947892846 0.0821071993833661
v 0.0591915230097722 0.00418031475080225 0.0816982072212202
v 0.0596359910498129 0.00399708870494833 0.0812416133007046
v 0.0606743894781646 0.00378791927592481 0.080808302444034
v 0.0629583198930674 0.00587891414301782 0.0841276403338989
v 0.0692215898701172 0.00513462919955216 0.084212398136875
v 0.0694827624807832 0.00674730292206789 0.0842070635212869
v 0.0631667498520844 0.0087673668761865 0.0837996955856748
v 0.0696381890178718 0.00770689890029763 0.0837766956438862
v 0.0632250878888709 0.0190063964119764 0.0145922998430066
v 0.0715149899714512 0.0192944972792779 0.014606199832122
v 0.071657489753262 0.0201740977833575 0.0146139000069968
v 0.0631325889454859 0.0215547963189345 0.0146139000069968
v 0.0427859916223199 -0.0329442940359284 0.122573998810932
v 0.0492316666845048 -0.0221863837982325 0.121366438537096
v 0.0500272283781204 -0.0203309566943379 0.122698050975098
v 0.0497014815957011 -0.0211147315713256 0.125996765658332
v 0.0500278654026601 -0.0203290716977469 0.12530065792872
v 0.0502309272192116 -0.0198216555749093 0.123606991985284
v 0.0501514258116087 -0.0200217781378832 0.124876116405216
v 0.050149980399203 -0.0200245907316108 0.123121303548188
v 0.0502483913773505 -0.0197767974989217 0.123998996824048
v 0.0502310464284822 -0.0198201580084477 0.124389958581553
v 0.0498771439064694 -0.0206967652422491 0.125666004590705
v 0.0496278773217018 -0.0212879947955236 0.121878211456279
v 0.0498768533338724 -0.0206976052950777 0.122333449371156
v 0.0494278851438675 -0.021747211257508 0.126402196443032
v 0.0490191016539148 -0.0226512235850271 0.1268472345133
v 0.0485845577856493 -0.023570615771095 0.127198171752732
v 0.0488087419948304 -0.0231016446380171 0.120970119812262
v 0.0484156307986684 -0.0239144264832959 0.120691974743635
v 0.0479978693605257 -0.0247461663278855 0.127537754307588
v 0.0474306343982436 -0.0258132792892863 0.120258425468391
v 0.0479333473428282 -0.0248713397872765 0.120435309698388
v 0.0473122484166957 -0.0260324827861313 0.127775904660465
v 0.0462691374968668 -0.0278424073389194 0.120115560588638
v 0.0468895546949831 -0.0267852446263216 0.120144066509364
v 0.0466186926057933 -0.0272553799124325 0.127882641675711
v 0.0460637995283052 -0.0281792480340814 0.127871808531765
v 0.0455058628891278 -0.0290747965033899 0.127788630251841
v 0.0455648304998746 -0.0289814835842043 0.120198612208695
v 0.0449534508545835 -0.0299192544870337 0.120389794102539
v 0.0447503070816585 -0.0302243333621676 0.127527293692664
v 0.0442084748698775 -0.0310102540060256 0.127212312954389
v 0.0443822857116623 -0.0307615871929006 0.120669481441316
v 0.0438262750472625 -0.0315476903759542 0.121083592152217
v 0.043843668424897 -0.0315237926424941 0.126930904531533
v 0.0434203861074109 -0.0321041182728009 0.12149771776428
v 0.0431702105519552 -0.0324393868957073 0.12616447822382
v 0.0434864652962053 -0.0320149050349361 0.126574438961422
v 0.0428796193284857 -0.0328220114013487 0.125649151377771
v 0.0426617606612243 -0.0331053234087339 0.125067216342675
v 0.0430125711927816 -0.0326479286134155 0.122088139010486
v 0.0425213693933867 -0.0332860670146604 0.123733920073496
v 0.0425339832243292 -0.0332685320760171 0.124416527351368
v 0.0426259680777349 -0.0331528618306645 0.123066944113367
v 0.00107577833450153 -0.0552268536384851 0.133116227393235
v 0.000883160425846743 -0.0550268391089126 0.137324419528445
v -0.00407813657344017 -0.0550860823910975 0.133795884241256
v -0.0211502168184144 -0.0544653708950945 0.120654885754252
v -0.0427852763666965 -0.0393482123258055 0.122281004735507
v -0.044647571042163 -0.0386625466784991 0.118313026763953
v -0.0415657394517096 -0.0404704819265845 0.122953725093147
v -0.0370152384719311 -0.0428828305282118 0.129501488890466
v -0.00882411514559125 -0.0562122635460672 0.123638694205015
v 0.000392931247207022 -0.0550038801484582 0.139999967664481
v -0.00367637502175154 -0.0558127075987148 0.127271753685063
v -0.00678067686121612 -0.0573436750077832 0.120507818747137
v 0.00146535574413214 -0.0580981132283409 0.119133499582108
v -0.00162588336698046 -0.0595735030402946 0.115881678852103
v -0.00476351304513317 -0.0612677238201227 0.113009047962523
v 0.00166940534453211 -0.061335308025958 0.113074382102317
v -0.00174379984561011 -0.0627861146511457 0.111202639836014
v -0.00180953572567504 -0.0651648462384715 0.108673614814722
v -0.0130848472596027 -0.0646685780450773 0.107971010178975
v -0.0488891970765979 -0.0539308961304817 0.0926037931605325
v -0.0493068281296009 -0.0644998596743198 0.0859998370856083
v -0.0592620911726616 -0.0557280913683464 0.0735637007602222
v -0.00694810907570279 -0.0687525609950488 0.105368440478255
v -0.00842127069875138 -0.0650384248070291 0.108357516489382
v -0.00715571248606641 -0.0584404002970523 0.117664125911948
v -0.00224845797349744 -0.0565839058976571 0.123968248278612
v -0.0107548256978198 -0.074149216827932 0.100936619171427
v -0.00808737577642387 -0.0626390700158942 0.110916477942843
v -0.0166785411061572 -0.0680530484459075 0.10440238331849
v -0.0119208749032166 -0.0683821554396411 0.105092158054736
v -0.014167697707364 -0.0621116658511423 0.110414033150359
v -0.0131629917304304 -0.0591777543390211 0.114748058138459
v -0.0107845665481829 -0.0608750447575664 0.112729785306831
v -0.0119304200267643 -0.0568417704510647 0.120220278496587
v -0.00581741147262656 -0.0555021301959758 0.128540572631197
v -0.00978624851177158 -0.054698249930448 0.131380942507514
v -0.0139758331803445 -0.0736210527040801 0.100833480786529
v -0.0227242448511875 -0.0672485423317092 0.103248221354599
v -0.00750793164279356 -0.0596979239911651 0.115146887708897
v -0.00412642936653609 -0.0548449890919436 0.139999401420368
v -0.0197428563844158 -0.0676812719838882 0.10388165480163
v -0.0204114359904884 -0.0731424200321512 0.0996887214551406
v -0.0161714937870004 -0.0643395157548201 0.107590255716661
v -0.0165535073451301 -0.0601983011791045 0.112107587335089
v -0.0125780132132815 -0.0579294544622188 0.117314693689763
v -0.0185958545852827 -0.058347461769482 0.114044745697571
v -0.01690358958255 -0.0560415260682894 0.119700347191833
v -0.0177814969424585 -0.0571107400930841 0.116707687451519
v -0.0105250582106927 -0.0552117513140194 0.127204653757707
v -0.0090159666340968 -0.0544077332127726 0.136109915313648
v -0.0191883209347395 -0.0639282214196059 0.107112248827988
v -0.0221390279154975 -0.0634376976229374 0.106527892354252
v -0.0206677377848646 -0.0594762655284043 0.11141118158226
v -0.0199605082980986 -0.0612774281998052 0.109552567238676
v -0.0139549771459288 -0.053958016239537 0.131192815351647
v -0.0222985373701032 -0.0554212318047333 0.117317137480144
v -0.0148271894692003 -0.0553779253119081 0.12323749535
v -0.0149742629754469 -0.0544489051145966 0.126903888726893
v -0.0129166858196562 -0.0536885511339867 0.13602322035976
v -0.0167019806289835 -0.0527155985951795 0.135933858098078
v -0.0106803105904876 -0.0539863060895597 0.140000161379572
v -0.025520193984359 -0.067728769427632 0.101850499916438
v -0.0270553206793836 -0.0734060811363404 0.0971224882351795
v -0.0299573697886545 -0.0728716808775217 0.0961929091172015
v -0.0252356749831093 -0.0637395578477658 0.10499996457249
v -0.0243170725584589 -0.0578571801166443 0.111727674788363
v -0.0268488800250692 -0.0596787536503412 0.107973968059406
v -0.0241271777783711 -0.0603518278184433 0.108689253583046
v -0.0185819499414573 -0.0525054512776083 0.132883381853624
v -0.0310632052738981 -0.066929508521339 0.0998077817304183
v -0.0283345050704884 -0.0672805276691198 0.100937475988176
v -0.0324561767764095 -0.058922538466594 0.10516839984428
v -0.0294935786709119 -0.0589350777917423 0.107153413284866
v -0.0233685094913529 -0.0565568938220032 0.114347976870507
v -0.0285857348829308 -0.0553721622887338 0.112349284164251
v -0.0216087236127098 -0.051037657331364 0.135747012442045
v -0.0337836949387971 -0.0633207011744497 0.100713504089858
v -0.0280569858885951 -0.0630979884547022 0.104188715572907
v -0.0251441036368609 -0.0538643289287359 0.118187804858659
v -0.027097954757417 -0.0518767676616357 0.121181187305275
v -0.021058822423427 -0.0533912432131783 0.124270101094169
v -0.0197324237105959 -0.0528442626510245 0.128524717796041
v -0.023911794566119 -0.0509192303716294 0.130280506679106
v -0.0214260149164638 -0.050689536458974 0.140000310391181
v -0.016048549913498 -0.0526195606265743 0.139999803751711
v -0.0307789880211145 -0.0623636444468154 0.103293684796385
v -0.0356540660423449 -0.0597740055828185 0.102103149098833
v -0.0323531389884479 -0.054410534630631 0.110401300108404
v -0.0296811730846066 -0.056697814080979 0.109640327625565
v -0.0255325638088258 -0.0512887791104048 0.125485566433842
v -0.0429992495567951 -0.0577847083307155 0.0970001795068343
v -0.0368405559123553 -0.0562494121350094 0.104158674832612
v -0.0363184602854335 -0.0536221366691189 0.107512844185989
v -0.03401683474443 -0.0564389586005098 0.106429641550117
v -0.0299804758980522 -0.0536731992151108 0.113878247576693
v -0.034989727678602 -0.0523675112503968 0.110609126598929
v -0.0335284604399215 -0.0513077631867435 0.114080374373189
v -0.028591965429963 -0.0526743410116922 0.117319745183295
v -0.0302600682036666 -0.0498080360571446 0.122325931735502
v -0.0285012881532439 -0.049388490205233 0.127154317636319
v -0.0262512709131742 -0.0491654980887576 0.133902353035606
v -0.0363684946514667 -0.0640612142620886 0.0984831728380209
v -0.0409591766060076 -0.0597384551431599 0.0976687647923358
v -0.0386692521999688 -0.0607520729443912 0.0989609785610218
v -0.0390724440300737 -0.0552142025546456 0.102987756513333
v -0.0356668437860344 -0.0493063177649113 0.114818317111917
v -0.0319426269640719 -0.0504504138380742 0.117979427025182
v -0.0263581345736632 -0.0482865942138528 0.139999654740103
v -0.0450667629915526 -0.0565937108601617 0.0955771335457906
v -0.0406531887601857 -0.0533348684040666 0.103053202411833
v -0.0382522060174495 -0.0496795359140466 0.110462245856324
v -0.0470285936826577 -0.0553131797768283 0.0941062846607055
v -0.0426624274880816 -0.0521695866083491 0.10178457718079
v -0.0397406641456897 -0.0508031689708577 0.106943865710261
v -0.0418972976860694 -0.0472826770670143 0.108473365564495
v -0.0330206699254684 -0.047603577247527 0.123736527776647
v -0.0348611493044201 -0.0480713618758337 0.118843016352288
v -0.0384321524113791 -0.0476239471316361 0.1136003558278
v -0.0290666716465424 -0.0474050677349954 0.135220166998651
v -0.0323445559209667 -0.0453257116042645 0.134935122692545
v -0.0445674549617587 -0.05092567139753 0.100485814351906
v -0.0425378612509125 -0.0386937720568097 0.124985319562584
v -0.0424263484288711 -0.0390366514465842 0.124343988500297
v -0.0311015273290975 -0.0473698227690927 0.129163500759821
v -0.0463809148144772 -0.0496157142508137 0.0991460882318149
v -0.0434580748633604 -0.048364169646678 0.104686012014314
v -0.0460206718493859 -0.0451230595695806 0.104351697019822
v -0.0423257879585636 -0.0453087019314697 0.110729580132747
v -0.0383403091189822 -0.0457913206633833 0.117491786536013
v -0.0411114478227158 -0.0431207759575646 0.117451791820262
v -0.0364157574019591 -0.0453943575176659 0.12273046099997
v -0.0424216657397115 -0.0392757889686428 0.123657678283952
v -0.0344112907701757 -0.0452413673200446 0.128507670868017
v -0.050374950644512 -0.0516841366562593 0.0919269451813337
v -0.0474554560035506 -0.0475197023498099 0.0994039379193498
v -0.0503299305184222 -0.0474775283450551 0.0949093305712342
v -0.0524110040077074 -0.0515682503441038 0.0890013481154736
v -0.0455744380220248 -0.0410868311083425 0.111032379172019
v -0.0390963678405618 -0.0428783713564344 0.123200011479854
v -0.0356017368978532 -0.0419394195367683 0.139999550431977
v -0.0374913267709912 -0.0417287730303766 0.132533592003578
v -0.0314005339820116 -0.0451955574325373 0.140000280588859
v -0.0525184860662875 -0.0465268530386862 0.0919841581884587
v -0.0537334371496471 -0.0490995120322059 0.088291508966129
v -0.043623086570861 -0.0436871131250277 0.110852998997577
v -0.0448074530257393 -0.0401708717767381 0.114634064257874
v -0.0425504043013506 -0.0393937390912951 0.122959067159316
v -0.0380331850598001 -0.04064225876019 0.135265749649724
v -0.0562311060613971 -0.0577794780239692 0.0791795757596289
v -0.0431395551429695 -0.0391675842038599 0.121677261851491
v -0.0427362776312014 -0.0382814458163472 0.125558716232507
v -0.0430456405894965 -0.0377325243782569 0.12614215628485
v -0.0397751677789411 -0.0380306295110622 0.14000013157725
v -0.0419304415885783 -0.0389365193845929 0.126380291736566
v 0.0410120906209831 -0.126643324598387 0.0125778910686547
v 0.0199056310554483 -0.126806104857354 0.0480068203507329
v 0.0171075976226867 -0.125921944598675 0.0521443809834633
v 0.0157996670335701 -0.124253908880186 0.0566260690251126
v 0.0229673833343897 -0.122851188294516 0.0571901822718192
v 0.0205338415596284 -0.120711732064968 0.0615780786817205
v 0.0267692668587752 -0.119819927511813 0.0611365982636079
v 0.0269189471364932 -0.114213828441113 0.0667973816365589
v 0.0318131731468094 -0.113475908155109 0.0661001339681416
v 0.0323284105153835 -0.0854083685207788 0.085894009041175
v 0.0270123420120524 -0.0824447888014438 0.0903871933284284
v 0.0523929885066921 -0.0686158801157578 0.0791085940798686
v 0.0592168251774513 -0.0560844712080132 0.0734402222907493
v 0.0403457741284066 -0.0747992202768886 0.0883237848805535
v 0.0298479356782687 -0.0818602088902934 0.0896352211467499
v 0.0270559297642504 -0.0734068261942815 0.0971216910230735
v 0.0299570605896089 -0.0728708464126277 0.0961936541752445
v 0.0348984320037918 -0.0847726254808145 0.0850189830731082
v 0.0209951832993897 -0.107788277393917 0.0728335289768831
v 0.0310956339207836 -0.115347977990763 0.064779883665296
v 0.0247572807297215 -0.118317898153176 0.0635519535045634
v 0.0279290259125044 -0.122866380025935 0.0549533578391367
v -0.00128720610399364 -0.133228057274695 0.0209618988418155
v 0.0158007957963508 -0.132718914480079 0.0130173123326008
v 0.0448177534517747 -0.0729918810751561 0.0856131221589493
v 0.0468831099437928 -0.0719915960857803 0.0841214936050438
v 0.0379390991430006 -0.0756176142711086 0.0895344892993311
v 0.053998126433795 -0.0673786294482217 0.0772583318369463
v 0.0107545230180313 -0.0741490678163438 0.100936760732455
v 0.0562315605467412 -0.057778695713131 0.0791791659777052
v 0.0139761284095536 -0.0736212017156683 0.10083333177492
v 0.0488346513847315 -0.0709202474699844 0.0825442653325736
v 0.0579487216605751 -0.0556940720227567 0.0768854749898878
v 0.0240190028159058 -0.0879175225006906 0.0873181725892833
v 0.0210767000887232 -0.0866253834146352 0.0891704017854392
v 0.00734679563357022 -0.0850327848126806 0.0928588861333082
v 0.042696640548736 -0.0714784374288618 0.088584361480526
v 0.0327828064524891 -0.0770801183059712 0.0916673073544955
v 0.0354178118945183 -0.0763794956204977 0.0906482467655484
v 0.0373500935876801 -0.0840861216433244 0.0840634833858128
v 0.0420955203512936 -0.0804053566004856 0.0831803958897204
v 3.03086858432072e-08 -0.0762963546048526 0.100002480298225
v 0.0504077853479753 -0.0720649917435561 0.079817598764205
v 0.0527288457253719 -0.0767005410873089 0.0735735429769707
v 0.0563012867941571 -0.0685597698022151 0.0720132051703362
v 0.0548057096372899 -0.0708169824393508 0.0736239089006802
v 0.0544618244192949 -0.0805979019241988 0.0680681079312837
v 0.046783931555966 -0.0888320066175716 0.0736270977491044
v 0.044000443516859 -0.0817235727144788 0.0807100069364158
v -8.71337210223513e-08 -0.0934154317077664 0.0864845718484095
v 0.00371826404184389 -0.0846888139130225 0.0933641844980973
v 0.0512197122392668 -0.0778142015435787 0.0751503763686781
v 0.0342744012746612 -0.093190163439281 0.0794023630156585
v 0.0317712822640722 -0.093759499464957 0.0801302102179033
v 0.0459826664438114 -0.0808291679091099 0.079433774662753
v 0.039685261637191 -0.0833513231500935 0.0830245819011796
v 0.0478468386652894 -0.0798824600362772 0.0780788791609061
v 0.0514188438751791 -0.0860047799520336 0.0698775782463495
v 0.00365010800403878 -0.100206143102465 0.0809072834050517
v 0.0366590784243568 -0.0925745891177817 0.0786080268336528
v 0.0220325647236518 -0.0987780309421629 0.0795772653912619
v 0.0143691082892536 -0.0861312311857936 0.0910651216417896
v 0.0178177868521237 -0.0866181041985508 0.0899887809904937
v 0.0481538733175186 -0.0902016689823964 0.0713852255481803
v 0.0493124495917664 -0.0811380540303227 0.0756012929469058
v 0.0266321370820746 -0.0906646256352449 0.0843795295570895
v 0.0288584782434217 -0.0984360866001044 0.0778458399062043
v 0.02940767907824 -0.0901396801616985 0.0837369467972901
v 0.0261535453883325 -0.0988895884676807 0.0783756432300289
v 0.052015948210319 -0.089677341906941 0.0667863771292632
v 0.0550435358573722 -0.0818934086721479 0.0659710899150873
v 0.0534231652206639 -0.0802619701997249 0.0702143370312228
v 0.0117717701827581 -0.102032093851566 0.0788032245903486
v 0.010861327073885 -0.0880379760180249 0.0901063884025874
v 0.00783018363780806 -0.102155535051244 0.0790815559234867
v 0.0430939240693681 -0.0904709627246201 0.0758149085384255
v 0.0412854970830416 -0.0890549875581779 0.0780840349625639
v 0.0358667763592334 -0.101074545385691 0.0731668232418561
v 0.0487197709007964 -0.0961527596821338 0.0672212898607263
v 0.0499934139234645 -0.0869979719898102 0.0711882098498595
v 0.0389247511944135 -0.0919198843532169 0.0777423513440262
v 0.0335489383574321 -0.101624465201422 0.0737951083378097
v 0.0380669287339516 -0.100501938555653 0.0724707974686295
v 0.0449991266316614 -0.0896754196574531 0.0747530071120037
v 0.0500738392029144 -0.0952685100165018 0.0661740511765915
v 0.0173990605639473 -0.0980979867570219 0.0810915735119974
v 0.0150047237380456 -0.100717409312213 0.079425847245175
v 0.0469348728442493 -0.0992249092446429 0.0671814665083259
v 0.0423598482823401 -0.10334650271948 0.0681508540775436
v 0.0256471444069396 -0.107253214033531 0.0722582175077896
v 0.0403851802429103 -0.0977143638737395 0.0729971660748757
v 0.0435690214413666 -0.0984492368727645 0.0703986941933923
v 0.0529578951629083 -0.0929694102219186 0.0632483125497033
v 0.0382993830862787 -0.10774827523306 0.0675628393688163
v 0.0311172871671962 -0.102139181029437 0.0743625892468708
v 0.0403205874447084 -0.105021050244374 0.0683016687266155
v 0.0456502290410811 -0.097768693498803 0.0691803380285128
v 0.0484628823732916 -0.102621837014248 0.0637690336159832
v 0.0454386884651601 -0.105152038880995 0.0649296328813664
v 0.0505333648639443 -0.106295665567655 0.059369730367443
v 0.0147380106902652 -0.111166735177163 0.0710823445525241
v 0.014299201365287 -0.116275798644789 0.0669819921184631
v 0.040384286173381 -0.111940805674468 0.0638759941486419
v 0.0378282829501341 -0.112273690111963 0.0648114145216774
v 0.0341503491274715 -0.107734774783168 0.069322293937453
v 0.0478560438561515 -0.108078671177032 0.061279243351238
v 0.00550793070204459 -0.112507086962585 0.0706188886474321
v 0.0214012510531471 -0.115324650226628 0.0669436439809878
v 0.0180792798377044 -0.109576088627014 0.0719206466096495
v 0.0294990380829752 -0.106576895138095 0.0716916083166388
v 0.0448110702820432 -0.109816787045459 0.0626388997739799
v 0.0495755407266307 -0.106786167012586 0.0602627494872492
v 0.0504405678973828 -0.100340864479371 0.0627956078321723
v 0.00496854460861642 -0.119600671860912 0.064557364630162
v 0.0370492280152031 -0.116086337860952 0.0616575093196889
v 0.0356505679953116 -0.113666791999614 0.0646882862294848
v 0.0459365808848659 -0.111262832750403 0.0605876245963359
v 0.0485578958872278 -0.109258977066132 0.0596325048886424
v 0.0197344316417471 -0.118047978562282 0.0647642150946509
v 0.0262106727059648 -0.11608496695434 0.0653931632922627
v 0.0430352172289008 -0.111022328047023 0.0630160034518837
v 0.050236094196033 -0.10868478326268 0.0577096590911673
v 0.00522113694576848 -0.122950415111109 0.0605328293025606
v 0.0109172706807134 -0.119367953013016 0.0644752145303365
v 0.0333629644447592 -0.116991620512261 0.0623264820353728
v 0.0479846334062024 -0.112713766035441 0.0561524505283136
v 0.0477326808875572 -0.114077654201222 0.0541069756275346
v 0.0460851268118686 -0.113861289375133 0.057201257559629
v 0.0406715283614053 -0.115522992101122 0.0601046295440652
v 0.0393318359522605 -0.114412721658485 0.0622367174423474
v 0.0441118557560783 -0.114231538468373 0.0588967377194001
v 0.0428124411792283 -0.113191839913914 0.0612378814539787
v 0.0482533199262042 -0.111145046540498 0.0579990321845032
v 0.0496561001165099 -0.111119610262389 0.0555759916698338
v -0.00132828231243839 -0.119665991090607 0.0645641521089341
v 0.00633250076093491 -0.121199320333349 0.0628233239913734
v 0.0163157500429073 -0.119881193626308 0.0633719325802043
v 0.0438848887554873 -0.11573002135121 0.0568078296600022
v 0.0297462389946011 -0.117578547355926 0.0629958719835608
v 0.0491901669571867 -0.113180865210442 0.0526814076450152
v 0.030887401402121 -0.119157384737708 0.0605528713639183
v 0.0361243354388852 -0.117882203170392 0.0598282018342271
v 0.00507119589777108 -0.124355847707685 0.058229094932323
v 0.021883007380494 -0.12203615451161 0.0591388294293248
v 0.0131104940165795 -0.121784384532161 0.0614277818479884
v 0.0378176770503428 -0.119197550811312 0.0563185127902363
v 0.0451025779267803 -0.11628640826987 0.0540577570932115
v 0.0124632808096122 -0.123202065881288 0.0593246096523566
v 0.0281430568445935 -0.121124330251579 0.0584612326667927
v 0.0325372204539505 -0.121448013223502 0.0553985337451428
v 0.0327066466297519 -0.120240356257385 0.0578067923082383
v 0.0407124543941088 -0.11668005963304 0.0584055805562679
v 0.0014276517377779 -0.125822151538047 0.0555380980177649
v 0.0479538587879461 -0.11692764238686 0.0457216975304105
v 0.0473743229190568 -0.115787316306879 0.0509311172903079
v 0.0418160081394079 -0.117777135099541 0.0553075435316366
v 0.00817842651343592 -0.1251437017769 0.0563584739783747
v 0.0345144179650903 -0.121940712589358 0.0527023027978323
v 0.0448275509636999 -0.117853727055884 0.0506891038114778
v 0.0324057214526396 -0.124300974190324 0.0472368177644129
v 0.03623921964811 -0.122718575431583 0.0485589716905585
v 0.0403720374208296 -0.120326134778142 0.0507732394909879
v 0.0384576147665155 -0.120357084485014 0.0529998715296416
v 0.0425894565133323 -0.118951160150197 0.0514305222459766
v 0.0112516806243427 -0.125793898940921 0.0543028998158224
v 0.00665805569093447 -0.127050737181728 0.05208840849798
v 0.0227990672949204 -0.124464253638112 0.0535804542843896
v 0.0300343491751268 -0.123874212452254 0.0508463818390731
v 0.0455377327425575 -0.119725297702717 0.0423384671880647
v 0.0464958847053652 -0.117809969803004 0.046961068057394
v 8.28575902541766e-08 -0.129399353527076 0.0453692664496019
v 0.00111737782973458 -0.127260113364331 0.052123254862653
v 0.0111294147535667 -0.127222085607018 0.0505579810464833
v 0.0472801364194352 -0.118528458977905 0.0415963074208131
v 0.00796296879538969 -0.128851721039224 0.0461527247841792
v 0.0139118541236216 -0.127971047651709 0.0469857183027479
v 0.0296671771711834 -0.125722388279737 0.0445348126172689
v 0.0251389739129366 -0.125612149506774 0.0488224689180597
v 0.0394739520292317 -0.123141671484584 0.0417597098255222
v 0.0427266254055747 -0.121623563775579 0.0415035253427135
v 0.0414616213297334 -0.121201950387881 0.0461215254786269
v 0.0444909971158452 -0.119558561186083 0.0458617982448235
v 0.00337036086607105 -0.128086904161547 0.0495722022003188
v 0.0032595523566146 -0.129591280452698 0.0443281484172907
v 0.0378847397156194 -0.122842806392679 0.0459485490780648
v 0.0078152480200567 -0.130153545878513 0.0407598903605366
v 0.0338464809714919 -0.124995666214587 0.0426315208681333
v 0.0447880256399256 -0.122007045097852 0.0328855805199091
v 0.00324722094919791 -0.130809018052757 0.0388232162857827
v 0.024867970262738 -0.127007419513034 0.0436428738316251
v 0.0373912766653733 -0.125011141068023 0.0364314905606622
v 0.0407892959448621 -0.12365322081635 0.0359907477500122
v 0.0196286091997307 -0.128179246642764 0.0427261469648894
v 0.0141541832876353 -0.129073971823048 0.0424949778058757
v 0.0045757291073247 -0.131499552653708 0.0347160130430159
v 0.0344000180435272 -0.126230771115253 0.0353818304378875
v 0.0281828149989744 -0.127327779526539 0.0386671378016366
v 0.0219561925594014 -0.128781551482333 0.0377218416842406
v 0.0310420679801097 -0.127688298163069 0.0323111705710477
v 0.0428916333877856 -0.122961494122693 0.0338228113839892
v 0.0162718791686917 -0.13000702278382 0.036171767052149
v 0.0266565284164207 -0.12849592607004 0.033916912214825
v 0.0366271005375257 -0.126737946956904 0.0270505820873995
v 0.0105776406748844 -0.13081593219045 0.0358686141103071
v 0.010320595685212 -0.132003852571708 0.027771585931519
v 0.00448522179694842 -0.132455059660825 0.0279180885571668
v 0.0144036007466359 -0.131024697425541 0.0314970381968385
v 0.00721852366446669 -0.132900544704956 0.0218954547070983
v 0.0272455414223206 -0.129411170146021 0.0267993932187693
v 0.0403376008427929 -0.124994548627675 0.0289671433202816
v 0.0213080368541387 -0.130176836389751 0.0298547272416638
v 0.0328607134360981 -0.128045300126117 0.026259660133876
v 0.0157610935213155 -0.131611966995859 0.0253138480637852
v 0.020147992815747 -0.131506526396037 0.0201133354727923
v 0.00300625803518368 -0.133332305781811 0.0188534646737546
v 0.0271668465399389 -0.130167463560852 0.0204958501347337
v 0.0333285576690401 -0.128655457876384 0.0201287153334458
v 0.0379178426399416 -0.127904782198429 0.0126251407870991
v 0.0337974561589688 -0.129238763738456 0.012687666058071
v 0.0381213589418371 -0.127030158681396 0.0202565579804057
v 0.00544587994840542 -0.133593850921448 0.0132426001896873
v 0.0134778504223633 -0.132574000710539 0.0185397803364743
v 0.0291754333421364 -0.130446606969057 0.012760589545356
v 0.0234162211392548 -0.13158892980432 0.0128626541153493
v 0.0035087493250308 -0.0501774916636774 0.139999997466803
v 0.0035087493250308 -0.0501774916636774 0.144589003668971
v 0.0032086094855545 -0.0458851942386697 0.139999997466803
v 0.0032086094855545 -0.0458851942386697 0.144211989398033
v 0.00268079530610433 -0.0454308281038817 0.144168999548949
v 0.00268224630644458 -0.0454653652647405 0.139999997466803
v -0.00268224630644458 -0.0454653652647405 0.144168999548949
v -0.00268079530610433 -0.0454308281038817 0.139999997466803
v -0.0035087493250308 -0.0501774916636774 0.144589003668971
v -0.0035087493250308 -0.0501774916636774 0.139999997466803
v -0.0032086094855545 -0.0458851942386697 0.144211989398033
v -0.0032086094855545 -0.0458851942386697 0.139999997466803
v 0.0035087493250308 -0.0501774916636774 0.139999997466803
v -0.000198615232178829 -0.0503235341959981 0.139999997466803
v 0.0035087493250308 -0.0501774916636774 0.144589003668971
v 0.000198615246730742 -0.0503235341959981 0.144589003668971
v -0.0035087493250308 -0.0501774916636774 0.144589003668971
v -0.0035087493250308 -0.0501774916636774 0.139999997466803
v -0.0911436308361444 0.00750149527350506 0.00879576037535607
v -0.0922626482590106 0.00584147032486645 0.00855083092560997
v -0.0912520218654126 0.00892606049234673 0.000255826913155759
v -0.0881732263860691 0.0120565937264413 0.000310455674816914
v -0.0897163680418948 0.00926251841399156 0.00875561571667457
v -0.0866765614446079 0.0121385584818618 0.00862624663204893
v -0.0778684641134275 0.0194252232829748 0.000439078857388447
v -0.0831527875605341 0.0158987262121263 0.000377516253795111
v -0.0930269584972876 0.00634772834826694 0.000210852823163878
v -0.0939224138343534 0.00421952575325762 0.000173650357948981
v -0.094466350834818 0.00191499844440424 0.000133375736115484
v -0.0717547198145729 0.0207607731699672 0.0138128294316047
v -0.0718547438431629 0.0207451288158494 0.0132104453471948
v -0.0720542629092045 0.0205918592215002 0.0125361072822785
v -0.0719728951314592 0.0212572388037159 0.0127360911055783
v -0.0703822634824691 0.0136420621238997 0.076476691443994
v -0.0713170504282446 0.0180723563867869 0.0369388415603598
v -0.0712972914916472 0.0195826670644389 0.0318479605351099
v -0.0702018029985603 0.0114485333142777 0.0813788902451346
v -0.069762285868538 0.00874121999906674 0.0842601787091751
v -0.0689955914448496 0.00419622034086065 0.0862614493162606
v -0.0684704597068179 0.0051904228634699 0.0868598650352687
v -0.071559313468366 0.0195681291213636 0.0243511082749566
v -0.0715988015392432 0.021764623261591 0.0136527881699922
v -0.0717809980081548 0.0211204852812756 0.0138285035901851
v -0.0714697202509512 0.0195284119451695 0.0291012221030618
v -0.0710774472449728 0.0165931816804926 0.0487631585725436
v -0.0709159186833468 0.0160743251929696 0.0567606302329757
v -0.0709763950364242 0.0160508689063396 0.0547743725454575
v -0.0708296558749286 0.0182695024432862 0.0451691811121438
v -0.0709502062497952 0.0174685521181118 0.0490022067203624
v -0.0708462855681735 0.0151657680120099 0.0596723915709765
v -0.0706493593037667 0.0139498809496118 0.0685677438549456
v -0.0700091384655765 0.0140653379221288 0.0771390107913536
v -0.0703327171293874 0.0120012033251341 0.079353606417322
v -0.0704577005990034 0.0127640988846455 0.07669664747946
v -0.0704938359091458 0.0129905499326124 0.0753104446386446
v -0.0702368356229498 0.0114107002033521 0.0806015339359298
v -0.0704056955547161 0.0124457402830344 0.0780452174385216
v -0.0704531929984599 0.0129144776541833 0.0777566192055504
v -0.0699151717580476 0.0137028355688311 0.0785860550719636
v -0.0698917173340624 0.00928162635621297 0.0832484867442737
v -0.070218902078308 0.01306452207897 0.0792289805584628
v -0.069822553605392 0.0132528066025827 0.0799199473875772
v -0.070011686563735 0.0100127982799156 0.0825297963053778
v -0.0701198019215651 0.0106765135889554 0.0817407351343169
v -0.0698403455890249 0.0109385113512911 0.0829788800408196
v -0.0699650831895205 0.0121292629527245 0.0815027486942094
v -0.0695623197677317 0.0119515303122024 0.082351563520322
v -0.0697033368842398 0.0126679864102463 0.081185860607344
v -0.0695335679817854 0.00965323890548521 0.0843722428894286
v -0.0693977364685472 0.0110818856448604 0.0834342669673055
v -0.0697207786906405 0.00821286402279504 0.0840525310325801
v -0.0692170971707325 0.010083006021026 0.0843918528171214
v -0.0691075214993379 0.00443612806656584 0.0856378282836565
v -0.0690274873753072 0.00897567017535351 0.0852041896014469
v -0.0695292913492036 0.007021909858734 0.0847192313212328
v -0.0693227463867776 0.00575955446387324 0.0852422024628027
v -0.0686357284593081 0.00648928190649264 0.0864176581855641
v -0.0693146178046404 0.00699106911658544 0.0856266449624304
v -0.069117497825169 0.00760679943459117 0.08572912024567
v -0.0688299501633888 0.00777228099425586 0.0858726705788224
v -0.0682454745603501 0.00378676932555887 0.087129181166086
v -0.0680785964827071 0.00247079886276621 0.087338751092432
v -0.0688903520106721 0.00309203725443198 0.0859129335154682
v -0.0686688909882656 0.00172083390023755 0.0860844011734932
v -0.068464894123998 0.000464004303266755 0.0861518736298708
v -0.0683351273824002 0.000882053898388937 0.0869154165629576
v -0.0581287313844296 0.0223926735783137 0.0856733824534703
v -0.0576921870355923 0.0231399033632915 0.0851225982951537
v -0.0583407562480123 0.0100000196049037 0.0855998675763636
v -0.0574301017289484 0.0236250552922049 0.0846661533862467
v -0.0575627257677503 0.00999996931349267 0.0844282936060065
v -0.0572220666506402 0.0240672471802356 0.0841381829052079
v -0.0570828451237701 0.0244434697755182 0.0835385825439114
v -0.0590555089573384 0.0209216144156426 0.086402041768982
v -0.057043658801359 0.0247214080525034 0.0828871410439802
v -0.0609996035441561 0.00999996372555811 0.0867127384235097
v -0.0609984971331136 0.0181692325455757 0.086865236903759
v -0.0596122795808381 0.0100000456819316 0.0864625255809159
v -0.0572814365926751 0.0100000261241607 0.0830462630902321
v -0.0571203476152343 0.0248799507944306 0.082202358196623
v -0.057324646227968 0.0248984114675657 0.0815216433661808
v -0.0580445808152744 0.0245457978957909 0.0803696420706143
v -0.0575158765244152 0.0100000149482916 0.0816967394568754
v -0.0576469657438585 0.0247772594584116 0.0808965247669102
v -0.058144545239229 0.00999997955803936 0.0806270447233234
v -0.0590907092197647 0.010000009360357 0.0798061844749856
v -0.0592395568952336 0.023655692074742 0.0794685688733629
v -0.0585172567489644 0.0242172832231204 0.0799261090175932
v -0.0598800385037032 0.00999997769539451 0.0794717353700458
v -0.0602920890727275 0.0227366631044204 0.0791307968095512
v -0.0609999946995751 0.022067196879398 0.0790894013846799
v -0.0603786052008457 0.0130850894034335 0.0792941582360679
v -0.0609999946995751 0.0130021979821987 0.0792475995589584
v -0.0569726249772565 0.0406571822707499 0.00831184890169243
v -0.0581314545712042 0.00999996931349267 0.0093702960527622
v -0.0578783323115916 0.039027334497031 0.00982805040117985
v -0.0572903586615196 0.040017993337808 0.00903315356299682
v -0.0590539294345033 0.0100000084290346 0.0101585087889766
v -0.0575335716505159 0.0100000056350673 0.00832008365571311
v -0.0568188710952456 0.0410537356345997 0.00772787613284864
v -0.0567528626869557 0.0413627484156625 0.00711084094768373
v -0.0585914645198959 0.0379441841634484 0.0104352196208711
v -0.0597048604805966 0.036373207142944 0.0109903353603854
v -0.0567870459452924 0.0415782117216433 0.00643704863778393
v -0.0572830272913793 0.00999999539052061 0.00714931947031648
v -0.0569303876425767 0.0416579850753947 0.00576307052903464
v -0.057591585587098 0.00999999725316546 0.00544261035451419
v -0.0609999946995751 0.00999999818448789 0.0106999992795289
v -0.0609999015673325 0.0346782711074925 0.0111341334253371
v -0.0601435617721733 0.0100000056350673 0.0106186659495831
v -0.0573476312654504 0.0415007554980886 0.00482362451426034
v -0.0571151918142821 0.041615695586659 0.00527090986585073
v -0.0577262808869761 0.0412250430817024 0.00429710084280891
v -0.058134479506445 0.0408556992338608 0.00387342777758625
v -0.0586383361149692 0.0100000326434177 0.00412850026126578
v -0.0585763808218787 0.040402279322658 0.00353080398893049
v -0.0590117256274309 0.0399078625982474 0.0032737140277688
v -0.0596497112917979 0.0100000065663897 0.00354423435864819
v -0.0596302466530872 0.039144707199779 0.00301387759639596
v -0.0604565755143797 0.0380185893747343 0.00284073355777412
v -0.0609999946995751 0.0372225955475129 0.00282482982818417
v -0.0609990000472238 0.00999997676407208 0.00326676706000938
v -0.0675417077303652 -0.00271258972241747 0.087020588956313
v -0.0605022028626914 -0.0487002354815813 0.074921710604689
v -0.0590616258830347 -0.0575923716232259 0.0725022761709479
v -0.0638824972137619 -0.0261652968147082 0.0816192385192385
v -0.0656871020528506 -0.0166883982227177 0.0830331202663528
v -0.0679966177574501 -0.00243333828081116 0.0860110800114777
v -0.067638900538779 -0.00463893423511133 0.0856588687227919
v -0.0686422030128161 0.00173911506097497 0.0864391382089449
v -0.068228189216117 -0.000998800810674046 0.0861252974094756
v -0.0679783563873143 -0.00220924301292175 0.0865002180673133
v -0.0653063103897443 -0.0189178295118754 0.082819676038183
v -0.0665584026114667 -0.0113082733629022 0.0842749532101686
v -0.0672069382962793 -0.00730417319706713 0.085142476443742
v -0.0670821932452044 -0.00731038185802239 0.0858040283813172
v -0.0642212229055149 -0.025738386065049 0.080845071058458
v -0.0608137004119876 -0.0465899780727441 0.0758538750740764
v -0.0617519444266097 -0.0409843781908646 0.0769638029419525
v -0.0628950793750286 -0.0339266976347182 0.0787884724410964
v -0.0632402721697101 -0.0307501468282153 0.0803255197333055
v -0.06163863974022 -0.0401411104372817 0.0780354571781577
v -0.0590527336165079 -0.0572691543125164 0.0730314908989185
v -0.0592787357670653 -0.0556736425340123 0.0735743401890768
v -0.0441129547165414 -0.0311474694643894 0.120855641643949
v -0.045586448356035 -0.0289550545163893 0.120189239378514
v -0.0439743925659491 -0.0384857928578471 0.120802995842628
v -0.0450051094469283 -0.0373957656394683 0.120230172867399
v -0.0447231869726032 -0.0302637394766713 0.120489803243656
v -0.0444039668977477 -0.0380663215117296 0.120512125182626
v -0.0455687942081211 -0.0366790459771777 0.120063473580849
v -0.0435546157460758 -0.0388539483382727 0.121171918783219
v -0.0431342726821673 -0.0391637285290148 0.121678029261275
v -0.0425943925221919 -0.0393851932767109 0.122783993420363
v -0.0464999899746205 -0.027454496647186 0.120117996928439
v -0.046497922438834 -0.0353282224023932 0.119930555225971
v -0.0424678854090863 -0.0393481266441422 0.123306480274205
v -0.0425202629823442 -0.0332908987154083 0.123798784826723
v -0.0426771610088665 -0.0330883211865185 0.125115287487612
v -0.0431849515233195 -0.0324197769706981 0.126187127988328
v -0.0440802354970589 -0.0361022295697734 0.127232772248251
v -0.0436503296144766 -0.0317988456826024 0.126751271037356
v -0.0434943889874087 -0.0320106433035131 0.121413056818849
v -0.0427998646011828 -0.0329286254674275 0.122535211089211
v -0.0430600500100769 -0.0325876347995336 0.122013528898056
v -0.0427875003646506 -0.0393475939277144 0.122282025465026
v -0.0426105304771957 -0.0331739171680794 0.123141859699595
v -0.0424110151364437 -0.0391704415010639 0.124005359619736
v -0.042470254693339 -0.0388805171044516 0.124663841918174
v -0.0425433225256206 -0.0332611112989239 0.124469232757332
v -0.0428989200544494 -0.0327991381225576 0.125688728861018
v -0.0426226711963456 -0.0385076342313898 0.125263181509155
v -0.0429567440012565 -0.0378845944293209 0.126000610157834
v -0.0435146247610884 -0.0369802766280459 0.126741227654936
v -0.0443797525146626 -0.0307665753558161 0.127328288689368
v -0.0446857813386713 -0.0351604986839871 0.127587166557003
v -0.0451045299785859 -0.0296944816820791 0.12766916764522
v -0.0455690773301387 -0.0337603708999516 0.127895978214682
v -0.0458394327799286 -0.0285450416808338 0.127849277976544
v -0.046499844688322 -0.0274563667426181 0.127887931587817
v -0.0464999899746205 -0.0322230965754119 0.127965998769566
v -0.0502519080508324 0.0197722153925841 0.124013726621559
v -0.0502146775055166 0.0198623990684172 0.124527332383528
v -0.0501009220590726 0.0201478922329249 0.122932282322669
v -0.0501243019772637 0.0200895225311759 0.124985811300893
v -0.0498384567728788 0.020789556620876 0.125745770504793
v -0.0489362325844183 0.0228312314462368 0.12107497928124
v -0.0488815825844401 0.0229459480174248 0.126969856166023
v -0.0474166124077925 0.0258384045057044 0.127745625501596
v -0.0467453189281695 0.0270368767700521 0.12012875556658
v -0.0460974500702141 0.0281257584618465 0.127873954298929
v -0.0460529626605522 0.0281999811339368 0.120124270317161
v -0.0455639438809247 0.0289818318987917 0.127799090866765
v -0.0449171479064044 0.0299759757480881 0.127600026258826
v -0.0453041384515805 0.0293875569258963 0.120264430636217
v -0.0440036025625292 0.0313003385900952 0.127061930438982
v -0.0443571064785435 0.0307972754682783 0.127308946982571
v -0.0436359239191858 0.03181063622452 0.121263970704437
v -0.0427405915166803 0.0330035373181133 0.125311803997044
v -0.0425726889843683 0.033220140562744 0.124683481648188
v -0.0425104691957087 0.0332963190119296 0.123998482733999
v -0.0425723872359021 0.0332220479110731 0.123321359083324
v -0.0427383526175673 0.03300661440741 0.122690592944087
v -0.0432943707325464 0.0322737679659847 0.121659186743367
v -0.0432963898395668 0.0322708212618278 0.126341220892789
v -0.0429964481389367 0.0326690100278583 0.125879672336288
v -0.0429918064279638 0.0326757379010663 0.122127634537347
v -0.0436359648973726 0.0318108224890053 0.126735878138187
v -0.0440037627499865 0.0312998654783026 0.120936294177108
v -0.0443755503878749 0.030770054776401 0.12067907033833
v -0.0447515066249436 0.0302200455537166 0.120478172887604
v -0.0473025291358544 0.0260483283058932 0.120224152798411
v -0.0468119755368682 0.0269223501886391 0.127867919328781
v -0.0478220245105618 0.0250831914248879 0.120389138451461
v -0.0479224098922531 0.0248909553002203 0.127569195757005
v -0.0483986807305088 0.0239499135930295 0.12067890642556
v -0.0484365892785509 0.0238730366520241 0.127296415106287
v -0.0494237724240328 0.0217570180826575 0.12159102883359
v -0.049251783248914 0.02214190383915 0.126608324201219
v -0.0495905424682743 0.0213756955657681 0.126177531640734
v -0.0497404257742813 0.0210233800171698 0.122070808960405
v -0.0499387862752246 0.0205482416669846 0.122469355408787
v -0.0499942223113306 0.0204123151588589 0.125391003667019
v -0.0501886936098215 0.0199277965291955 0.123320994004883
v -0.0502300927543176 0.0198225962105599 0.123621997454271
v 0.000983196037759348 0.0544096256599429 0.135011997781426
v -0.000983137830107701 0.0544036912734422 0.135011997781426
v -3.99405922130195e-12 0.0544020931241586 0.137960997120418
v 0.0498494165751921 0.0207651187204086 0.125733104518061
v 0.0460782201247548 0.0281574383255012 0.12012685566857
v 0.046369385042839 0.0276769728110372 0.127888617041216
v 0.0455555768802464 0.0289952038261892 0.120202821786639
v 0.0443572554901317 0.0307970202859335 0.120690939112955
v 0.0443668592869922 0.0307828772235669 0.12731550349335
v 0.0436360766560638 0.0318106883785759 0.121263955803276
v 0.0425110764179307 0.0332969932893663 0.124001828044612
v 0.0425719439264272 0.0332219659546996 0.124678780331937
v 0.0425727076108168 0.0332198052866705 0.123315644488134
v 0.0427382818370629 0.0330068751776893 0.125309121788089
v 0.042991765449777 0.0326755479112913 0.125872355866305
v 0.0427404723074097 0.0330039098470839 0.122688536583888
v 0.0429961426651808 0.0326695613707347 0.122120809805673
v 0.0432942776003038 0.0322736562072936 0.126340848363768
v 0.043296892753677 0.0322703779523528 0.121658285223135
v 0.0439922888576939 0.0313160369609138 0.127054017922565
v 0.0436359164686064 0.0318107405326317 0.126736012248635
v 0.0440037627499865 0.031300062918657 0.120937843897838
v 0.0449165742117898 0.029976785998599 0.120400165310498
v 0.0449162985403516 0.0299771287252519 0.127600503095973
v 0.045674875557772 0.0288074995164482 0.127823886398437
v 0.0465669259800471 0.0273413111700669 0.120119330582336
v 0.0469574294734154 0.0266651207971262 0.127844554308551
v 0.0470552146028924 0.0264924238169634 0.120170396860605
v 0.0475776641323362 0.0255417056697628 0.12030272661963
v 0.0474168769033615 0.0258387900731889 0.127745565896953
v 0.0480840129596733 0.0245778093102294 0.12050649254382
v 0.0478631107307226 0.0250049156375981 0.127592992910899
v 0.048335477465367 0.0240786298029304 0.127357465162334
v 0.0490979883887163 0.0224793815588517 0.126771879342827
v 0.0487227325061122 0.0232816897521238 0.127095964690388
v 0.0485924516745351 0.0235533844435627 0.120807883423391
v 0.0489944439613548 0.0227045026783937 0.121130940590852
v 0.0494965459584277 0.0215912892568886 0.126311135449012
v 0.0494247037464591 0.021755455323626 0.121591408813192
v 0.0499429884020123 0.0205375109699882 0.12247944349469
v 0.0497410702494003 0.0210213590475046 0.122070987774335
v 0.050060692655544 0.0202486277918486 0.125202474179809
v 0.0501060853106043 0.0201350232196376 0.122943845623497
v 0.0501728909308912 0.0199683146426762 0.124774982226454
v 0.0501894908218184 0.0199256973284465 0.123324994966574
v 0.0502405012137545 0.0197968861236581 0.124277670883886
v 0.0502418125157308 0.0197898881669465 0.123751548146794
v 0.0715021898760234 0.0192155975059624 0.0140986001693025
v 0.071735966706196 0.0207399637016729 0.0141095590417931
v 0.071489359978278 0.0191094397878725 0.0139086131622952
v 0.0512986101499374 -0.115575786906827 0.00970066037698104
v 0.073471892104276 0.0196316564867097 0.0107081017857469
v 0.0753181531328505 0.0182197996280368 0.0100583171086389
v 0.0741253377209204 0.0191577698338655 0.0103496767129821
v 0.0535929900024639 -0.115940984507227 0.00892508009988635
v 0.0525815105175234 -0.115778345809269 0.00905012225992704
v 0.0728755253764977 0.0200290331395845 0.0112193261559458
v 0.0722861398416273 0.0203735982229507 0.01202129825157
v 0.0501773016739024 -0.115405585870767 0.0109508165504601
v 0.0720538084238605 0.0205919598043223 0.0125268601806418
v 0.0701779909467634 0.010968444054074 0.0137255896540227
v 0.0701354183360101 0.0107162279711822 0.0140214140186888
v 0.0718525384716573 0.020746399139639 0.0132036411046168
v 0.0714120304145734 0.0183940817189693 0.0135043465307873
v 0.0496747600926442 -0.115341354425667 0.0129233921783404
v 0.0702379308581232 0.0112344837557401 0.0135700867272149
v 0.071444470237328 0.0186397161462741 0.0135613481276926
v 0.0714710390035069 0.0189006615142681 0.0136980485834617
v 0.0702859870953228 0.0115008373130639 0.0135046734250037
v 0.0919653030853051 0.00247970253799272 0.00965424978015758
v 0.082565167812984 -0.00288983947226151 0.00974263229051309
v 0.0915749001747589 0.00381905245331524 0.00967556775341404
v 0.0893989361060979 0.00743908270110325 0.00975094434430574
v 0.0884386607281581 0.00850417981511228 0.00977820136148777
v 0.0793458320542147 -0.00251897663754248 0.00979785785530825
v 0.0874439785744993 0.00947889720991745 0.00980498247284481
v 0.078058476240141 -0.00271829430510947 0.00981601026320434
v 0.0859601360802041 0.0107885824104853 0.00984329708270809
v 0.0768166658180055 -0.00311190841538179 0.00983125601341003
v 0.0756506054367396 -0.00368988455203756 0.00984321978293613
v 0.0837845594416724 0.0124960102736414 0.0098970744409321
v 0.0730467918454136 -0.00611088886429536 0.00985714957437329
v 0.0792194255239311 0.0156884224323875 0.0100055157764513
v 0.0715499927935231 -0.0100241017402042 0.00983662322528757
v 0.0717231889625064 -0.00906510879324555 0.00984476950366565
v 0.0753223999631146 0.0182189595752082 0.0100958568581375
v 0.0165435626842615 -0.136565752937985 0.00927950886757279
v 0.0671992343971686 -0.128864312518428 0.00856340378008625
v 0.0508486920110577 -0.123117978642058 0.00888753010583974
v 0.0500321047823448 -0.124303276419362 0.00888707189514327
v 0.0491140928161128 -0.125421980917893 0.00888899973282963
v 0.0471694096335217 -0.133422726013541 0.00882946307593294
v 0.0465993918798297 -0.132641979797083 0.00884731932325692
v 0.0481196006522289 -0.126477415096068 0.00889284236968661
v 0.0458895565529147 -0.128343651128043 0.00890713165162954
v 0.0470360926908346 -0.127448985552394 0.00889904963450767
v 0.0459528753020373 -0.131923729040724 0.00886567569079229
v 0.0442822952106797 -0.129372233418021 0.00892097203610154
v 0.0438737687657167 -0.130426609613919 0.0089155563954512
v 0.0443472940654595 -0.145311615579347 0.00873993783280392
v 0.0435940926410839 -0.145776978769345 0.00874660982757933
v 0.0429859912507336 -0.130041980902416 0.00893397981821045
v 0.0449711795082915 -0.131097877016514 0.00889057646191321
v 0.0524856364616653 -0.142082459956914 0.00864736809624653
v 0.0548374900837666 -0.140839971532052 0.00862411949133605
v 0.0484750938729459 -0.138651974777643 0.00874971020036093
v 0.0483515669916046 -0.139615006869964 0.00874078626765043
v 0.0480068771110333 -0.140872038825836 0.00873205139341835
v 0.0469529926533763 -0.142889968654615 0.00872596985714204
v 0.0474741904854791 -0.142060659561558 0.00872706695511042
v 0.0461720415459853 -0.144846311993984 0.00871625616290592
v 0.0493609007096748 -0.143542594707524 0.00868042166500341
v 0.0431792890829673 -0.145889512320766 0.00875196306961857
v 0.0422530926552525 -0.14619596955309 0.00876313987158671
v 0.0317977318209805 -0.140253849350964 0.00899601335087388
v 0.0257636323533825 -0.15001898105804 0.00898138134223115
v 0.031499995491856 -0.137999989474563 0.00902619006426207
v 0.00776154424366369 -0.1373973568095 0.00940934454479788
v 0.0120836104587072 -0.137052320476986 0.00934471448485446
v 0.0178400640845619 -0.150982653900191 0.00909611934953661
v 0.0253522877267573 -0.135231190252764 0.00915492678087368
v 0.0132751425083338 -0.151338925706457 0.00916445886721181
v 0.0210509266718964 -0.135950037055476 0.00921499615427115
v 0.00980778999949304 -0.151531895713196 0.009217252748819
v 0.0315563703009678 -0.13696704114505 0.00903686022676094
v 0.0295321037544003 -0.134377055829111 0.0090983228586989
v 0.0318231233956125 -0.135653295378703 0.00904741769923081
v 0.0322819412515984 -0.134422370253087 0.00905411577103773
v 0.0327298961628033 -0.133595981787159 0.00905643010758392
v 0.00620883231858483 -0.151663890178038 0.00927282476560418
v 0.00336863489278441 -0.137600414900762 0.00947669406659839
v 0.0222776925115566 -0.150497159244625 0.00903125180234197
v 0.0315497504611613 -0.138974018622095 0.00901439672676332
v 0.0326934963570919 -0.142343975294233 0.00895821003709264
v 0.032239003562454 -0.141482107169151 0.00897514706905602
v 0.0291490415272185 -0.149459859776736 0.0089340273156607
v 0.0332337229690098 -0.143154955961939 0.00894048044963597
v 0.0341024903306262 -0.144129566254665 0.00891569609383427
v 0.0325863421240058 -0.148788309252124 0.00888711846127096
v 0.035652698861023 -0.145311183445741 0.00887777729605636
v 0.0348476935580043 -0.144760973057412 0.00889675951234788
v 0.0365234927802392 -0.145756981414206 0.00885893943476067
v 0.0374317780150504 -0.146109036192525 0.00884055699019379
v 0.035279793636223 -0.14817797268795 0.00885131004039995
v 0.038382293133962 -0.146344981141306 0.00882283019670478
v 0.0378980464504471 -0.147517061590736 0.00881726926973605
v 0.0403267937773576 -0.146493977828363 0.00879031958899677
v 0.0412033060162715 -0.146562240036925 0.0087756279757106
v 0.0393538412385503 -0.1464816247677 0.00880587826358054
v 0.0412950673522948 -0.146406850752734 0.0087759846722487
v 0.0463487543884505 -0.143661625164191 0.00872685088827794
v 0.0454114230698063 -0.144563040964785 0.00873152333353035
v 0.0610522307118242 -0.137030579686265 0.00856862011771008
v 0.0663042111937086 -0.131618031767499 0.00854649561912203
v 0.0644960151753438 -0.134432264622545 0.00854339431501788
v 0.0658244683854474 -0.132653945427617 0.00854238848665978
v 0.0652442247115141 -0.133575507594938 0.00854130815249737
v 0.0636348101518294 -0.135197647744257 0.00854836478348751
v 0.0626856733901088 -0.135916241227269 0.00855531151841629
v 0.066711012829538 -0.130498999443474 0.00855268146352436
v 0.0677712600820118 -0.126534754755213 0.00858064721716983
v 0.0569660796432441 -0.139615573114 0.00860420781513584
v 0.0686152840694049 -0.122582401191692 0.00861186328652806
v 0.0485000756657103 -0.137676530020022 0.00876032075821636
v 0.048403192056342 -0.136716984798865 0.00877269989760145
v 0.0647362889107626 -0.111966979559938 0.00879308002904623
v 0.0660996033819293 -0.110166189417508 0.00879203881043109
v 0.0659504651338634 -0.110795055572676 0.00878729558466459
v 0.0642846943915154 -0.112086367644417 0.00879859066459706
v 0.0482090150557379 -0.135771625480906 0.00878645366907595
v 0.0515951283093282 -0.121857437463284 0.00888996830828558
v 0.0636643815015108 -0.112078596690091 0.00880892368833146
v 0.0477769298786779 -0.134552606381188 0.00880706011190131
v 0.0632138896680165 -0.111947980582441 0.00881763993611246
v 0.0524193710083857 -0.120113025855255 0.00889655369006349
v 0.0530604486632082 -0.118298809768726 0.00890693234860303
v 0.0620373239697814 -0.110762869069621 0.00884990467466627
v 0.0627980728311 -0.111727644597525 0.00882654803633955
v 0.0651548401103228 -0.111760352641138 0.00878895799542312
v 0.0656196966609211 -0.111345631039395 0.00878633445978907
v 0.0623458003091265 -0.111303170187333 0.00883862263324955
v 0.0620394771872311 -0.109231409922312 0.00886692273169183
v 0.0534695637039446 -0.116637293307222 0.0089191708582825
v 0.0619000805717448 -0.110155468033735 0.0088587392004116
v 0.061923091686255 -0.109687981428605 0.00886363981968969
v 0.063375425680222 -0.107988653276591 0.00885981860325145
v 0.0623534073507049 -0.108686876875494 0.00886809619810962
v 0.0695148670274643 -0.0896416983350398 0.00896968486227799
v 0.0658233507985358 -0.108946365655213 0.00881015024013481
v 0.0853763831833683 -0.0175914103099509 0.00953224652560994
v 0.0662484808597158 -0.0850894464690997 0.00907289682165763
v 0.066811491343472 -0.0850055901978312 0.00906492004398435
v 0.0697545372659508 -0.0891965709187212 0.00897103341733589
v 0.0691857898360483 -0.0859450859097943 0.00901667008511714
v 0.0698588453777019 -0.0870712335371566 0.00899328271314614
v 0.0699765868841307 -0.0876230905035348 0.0089851802069281
v 0.0876311818327749 -0.0147568280598896 0.0095285361365556
v 0.0660532682285736 -0.109531787481837 0.00879988706559195
v 0.092216588777093 3.06708949648602e-12 0.00962225978175715
v 0.0919028448781044 -0.00340234876461826 0.0095887480023038
v 0.0883026876539111 -0.0128205984909624 0.00953987964526087
v 0.088455543741103 -0.0119197684921741 0.00954743732778495
v 0.064466890860427 -0.107951981524731 0.00884290951096468
v 0.0649145365725864 -0.108103407100676 0.00883412620795981
v 0.0691673422014272 -0.0900792708638358 0.008970325612195
v 0.0650863916372758 -0.0856890840012394 0.00908454952945077
v 0.0822177845479557 -0.019205297079927 0.00956393943211571
v 0.0812630225987799 -0.0194097335283798 0.00957706269822129
v 0.0639969902675676 -0.107894440699941 0.00885101481115039
v 0.0799708164575098 -0.0195038809124594 0.00959669404633282
v 0.0786765390551635 -0.0194006196071155 0.00961820852864812
v 0.0774021770515823 -0.019100152640637 0.0096415055623314
v 0.0646833227417312 -0.0860847023173732 0.00908647736713713
v 0.0643701897902543 -0.0865555863867149 0.00908611973927647
v 0.0750916108152858 -0.017947154987723 0.00969078649526566
v 0.084891722992696 -0.00404106900954904 0.00969273947866098
v 0.0740896717972809 -0.0171175646352934 0.00971652452536245
v 0.0732253375304139 -0.0161439247805356 0.00974119619113513
v 0.0902704229291992 0.00629679944704323 0.00972423028817258
v 0.0910036717019126 0.00509347685549906 0.00969901379870592
v 0.0682196135992152 -0.0907447864191257 0.00897779854436669
v 0.0837724447995505 -0.003376085006534 0.00971799322102979
v 0.0666548876148365 -0.0909793902636128 0.00900009999423995
v 0.0662300630274123 -0.0909011442786406 0.00900761017931379
v 0.0812978168046283 -0.00259345123234915 0.00976606995390199
v 0.0803245848690932 -0.00250620960406087 0.00978247985729992
v 0.0651896417667506 -0.0903987815112884 0.00902925132149641
v 0.0656877130003623 -0.0907002021519315 0.00901826078403903
v 0.064125788433842 -0.0888613842521884 0.0090639896527531
v 0.0640277835122724 -0.0884342127322498 0.00907031892082872
v 0.0714998578446678 -0.0113285771231191 0.00982257515588607
v 0.0725253108912933 -0.00693985057408714 0.00985603291863129
v 0.0719935332364272 -0.00812755116325173 0.00985108014529019
v 0.0815224890267609 0.0141237504647094 0.00995132304836832
v 0.0736490519815059 -0.00534124307983778 0.00985630113952678
v 0.0745869607200544 -0.00443846754850083 0.00985162683162927
v 0.0858966943965212 -0.00486939881707454 0.00966745034603513
v 0.0921780245780627 0.0010593842658305 0.00963483915549131
v 0.0867633681453231 -0.00584140932324752 0.00964273304545731
v 0.0921489226148842 -0.00145944650333695 0.00960684453084667
v 0.0874717468839633 -0.00693451083695567 0.00961915754633044
v 0.0878831902307657 -0.00782112838985667 0.00960262005174264
v 0.0884995394125237 -0.0106680562500017 0.00956081950156049
v 0.0884002902441925 -0.00970220876998509 0.0095731800144945
v 0.0882019930731742 -0.00874554785438198 0.00958712284444743
v 0.0654310554408192 -0.108455320317986 0.0088219407836659
v 0.0687262977026258 -0.0904577528473248 0.00897307021976105
v 0.0628124822516805 -0.108261024108111 0.00886565427037356
v 0.0676684718884605 -0.0909280781232107 0.00898450313543148
v 0.0725276950767047 -0.0150602659449082 0.00976434886982257
v 0.0670890850311594 -0.0910014216269305 0.0089930014537349
v 0.0716474538227957 -0.0126152381706627 0.00980568655269548
v 0.0641405107787577 -0.0870731781383828 0.00908389946630821
v 0.0719926168151596 -0.0138746794576514 0.00978603378416522
v 0.0647538052229573 -0.0899942001481233 0.00904078947661542
v 0.0644938917602117 -0.0896493873329917 0.00904916020372896
v 0.064273913403108 -0.0892568088532575 0.00905722638836742
v 0.0640019001993993 -0.0877912575314159 0.00907799488131713
v 0.0762054351843027 -0.0186130393466937 0.00966564451160331
v 0.0831397266948269 -0.0189057726117439 0.00955267229185985
v 0.0655522838184123 -0.0853656692501756 0.00908081306336492
v 0.0843110620863157 -0.0183325827738677 0.00954074670655846
v 0.0673730862171401 -0.085017339761562 0.0090558741080193
v 0.0681035410225744 -0.0852036638514672 0.00904220322425209
v 0.0863174062641106 -0.0166958823297358 0.00952729282094628
v 0.0687677825287851 -0.0855687273414374 0.00902754793254551
v 0.0695384704630378 -0.0863896619832364 0.00900602599964977
v 0.0870920728077686 -0.0156974394961194 0.00952616778330129
v 0.0880627864474629 -0.0137086833423462 0.00953408216236348
v 0.0700011812467658 -0.0881221899171051 0.0089788062353699
v 0.0699236952208935 -0.0886857293919995 0.00897413192747238
v 0.0921003001336493 -0.00201900853297895 0.00960144006606697
v 0.0920445847008154 -0.00490224423074582 0.0095299694419659
v 0.0916121828741305 -0.00481286940843998 0.00957747993072539
v 0.0922169464049047 -0.000324556872500592 0.0096191603402981
v 0.0933692530165783 -0.00160283371900483 0.0089568763831956
v 0.0927165450072956 -0.00334233038934399 0.00935688873327772
v 0.0931327269226032 -0.00026596772790486 0.00931283345119282
v 0.0926615001266087 0.00105359085826209 0.00957700495622296
v 0.0918442833239356 -0.00368714436862864 0.00958644297898315
v 0.0931531415101888 -0.00349409077570127 0.00891347582086602
v 0.0930485875293171 -0.00509972928860836 0.00823790002827569
v 0.0711953899170457 -0.117036979639714 0.00731979992643446
v 0.0939139872290398 -0.00527967894216638 -1.11620000296515e-14
v 0.0719659884443454 -0.117187980532632 -1.20081994775716e-15
v 0.0671992045948509 -0.134671100396137 0
v 0.0663023932523323 -0.135780372461134 0
v 0.0679281618338237 -0.133469992489323 0
v 0.0452426935231797 -0.119334984199124 -1.03993993436249e-14
v 0.0694905036327911 -0.128970289559967 -2.38213949020362e-17
v 0.0462918841158079 -0.117491897117378 -1.04002523057838e-14
v 0.063509059272534 -0.112048064215666 -1.06592443497302e-16
v 0.0701875202378298 -0.126036862335507 -7.61106003780288e-17
v 0.0427931367279749 -0.121480974586815 -2.21309523610927e-15
v 0.0619516311306881 -0.110490900569389 1.5663625136884e-15
v 0.00450370528748296 -0.154029225623583 0
v 0.0121083743220239 -0.128679299730499 0
v 0.0153333864909818 -0.153508206605386 0
v 0.0601674408791849 -0.0061536612437091 -1.20755297279972e-17
v -0.0762826082858397 -0.00845582928002593 -3.48722397798858e-16
v -0.0759712858251596 -0.00899553807667483 -3.48911974356128e-16
v -0.0659247308325785 -0.0108246655665718 -3.33143494591185e-19
v -0.0757287918170765 -0.00956990231213061 -3.49550637184083e-16
v -0.0653239459112096 -0.00969266550908228 7.90378192060872e-19
v -0.0768144827982381 -0.00781498352448762 -3.48730179913887e-16
v -0.0374477855849145 -0.134288975079316 -3.48784098853731e-16
v -0.0296506909015922 -0.12616151052905 9.24904950217724e-19
v -0.0385637743472502 -0.13373115019883 -3.48944188077183e-16
v -0.0388735917908893 -0.123280557735381 -2.09491757252674e-18
v -0.0410408796598264 -0.133617111630368 -3.48740397248585e-16
v -0.0389617433211881 -0.142383344155839 1.15020081990059e-19
v -0.0431812970141185 -0.141188852363542 -8.75601471293979e-19
v -0.0425478860055097 -0.14171478876415 -1.70667260588469e-19
v -0.0486024913302911 -0.146313793015893 -2.88805617789938e-15
v -0.0445000793721469 -0.137786217450108 -4.48639301996165e-16
v -0.0653037399398475 -0.136742257164226 -2.82173095851301e-15
v -0.0636664453120076 -0.137982644525694 -2.86921308337594e-15
v -0.0581882019092866 -0.141497425560419 -9.23182670885378e-16
v -0.0441962931725409 -0.136373975023951 -3.49062984445381e-16
v -0.0675277676962876 -0.134171866872137 -2.85612769518276e-15
v -0.0663076310096581 -0.135781341036457 -2.91203779768249e-15
v -0.0669830930884614 -0.134964981050416 -2.72842985794192e-15
v -0.0443855490654442 -0.136968337545867 -1.92610536575008e-16
v -0.0383574417263373 -0.149747377636199 -2.89347909446473e-15
v -0.0446533266147579 -0.120036046468782 -8.0654994242455e-16
v -0.0404147925707785 -0.133518972598369 -3.49062984445381e-16
v -0.0357568095324198 -0.124431247571322 -1.55620235536754e-18
v -0.0200338257247905 -0.127895856404295 -6.57679445114259e-17
v -0.0365333908749864 -0.135123961513884 -3.48934870714972e-16
v -0.0358786972862907 -0.13618240572614 -3.48947840906687e-16
v -0.0206473921151386 -0.153005054076616 -2.89998282504662e-15
v -0.0168536986401704 -0.128268117153976 -2.6966668460857e-18
v -0.0105015730530675 -0.128780880930186 -9.81140632265894e-21
v -0.00732804811312781 -0.128935569859913 -2.62659767366338e-21
v -0.00986488192687311 -0.153850292508453 -2.90002305911071e-15
v -0.0656688704850324 -0.0906955380892203 0
v -0.0664122445951651 -0.0909483362486286 0
v -0.00622041284729527 -0.153987949413647 -2.90010437427183e-15
v -0.00411148722952774 -0.129032218776029 5.11866234007902e-20
v 0.00081841518180519 -0.129079857780782 3.09286291661617e-16
v -0.00265655740712798 -0.154059147150497 -3.12900549403031e-15
v 0.00571833459894423 -0.128991821734464 0
v 0.0619535347537276 -0.109517534523424 9.99838854436962e-15
v 0.0618983445867421 -0.109922399008607 1.16193063313889e-14
v 0.0184258025608107 -0.128095859757998 6.90984448983628e-17
v 0.0358036960286519 -0.136373975023951 -3.49062984445381e-16
v 0.0441211578044727 -0.136182092801805 -3.48372890836809e-16
v 0.0596696415917218 -0.140571050318799 1.40002577367286e-19
v 0.06247081730635 -0.138771571478345 3.27340776194917e-18
v 0.0438263942565331 -0.13563197182043 -3.49062984445381e-16
v 0.0659453763881258 -0.110807468237974 -3.19591893146329e-18
v 0.0641644420398252 -0.112099927698944 -3.92292051096088e-19
v 0.0648066745344563 -0.111945775210935 -3.83867382181664e-18
v 0.06523479227798 -0.111698982218532 0
v 0.0414362148539426 -0.13373115019883 -3.49233820399111e-16
v 0.0622041908715552 -0.111101184979507 0
v 0.043032292876482 -0.134674974697431 -3.49062984445381e-16
v -0.0137093073283718 -0.128558510937091 -1.02341763855806e-20
v -0.0135379086116713 -0.153639724233145 -2.90000971834209e-15
v -0.0170942312832237 -0.153362056039664 -2.9000084477927e-15
v -0.0452426935231797 -0.119334984199124 -8.17798963229126e-16
v -0.0457686150226289 -0.118557568391663 -8.18420208942492e-16
v -0.0697413720921319 -0.127954745783958 -2.84809104675885e-15
v -0.0705471969588859 -0.124308089493662 -2.84912654451372e-15
v -0.0671955165580426 -0.0909999762145248 0
v -0.0679660405795482 -0.0908469338628477 0
v -0.0686688388342097 -0.090500541524881 0
v -0.0692599380023446 -0.0899826890029337 0
v -0.069948334287005 -0.0885877468221681 0
v -0.0696955733804938 -0.0893310538770861 0
v -0.0714810823845526 -0.119670699856795 -1.83437283781335e-15
v -0.0699233971977171 -0.0873126323100664 0
v -0.0700014643687834 -0.0878807166384013 0
v -0.0697476231282576 -0.0867877985952111 0
v -0.069478858377172 -0.0863047104767946 0
v -0.0825434791763192 -0.0147178754994075 0
v -0.0810285826670398 -0.0153856914210905 0
v -0.0762817514692074 -0.0135430225031144 0
v -0.0668632281669005 -0.0849999575597967 0
v -0.0657878338864846 -0.085252338486758 0
v -0.0663132785488515 -0.0850764154057102 0
v -0.0653047159657504 -0.0855211181390024 0
v 0.0640009316240759 -0.0878162616759185 0
v 0.0630567942011399 -0.108116825594195 9.99485980519023e-15
v 0.0653024509896095 -0.0904766996707665 3.26186983343287e-18
v 0.0620763687311836 -0.109151681272037 9.9969104719097e-15
v 0.062264246266896 -0.108814319036316 9.99232040047112e-15
v 0.0657860979014818 -0.0907461051716814 3.26005107010167e-18
v 0.0636112812220501 -0.107930359943281 9.99432532741246e-15
v 0.0644798846709194 -0.107953657905098 9.99845800106974e-15
v 0.0646895737778569 -0.0899184426566744 3.94190016969168e-18
v 0.0649442792855943 -0.108118293358339 9.99486234628902e-15
v 0.0671372604776296 -0.090999924060469 3.45892038096052e-18
v 0.0625792195114873 -0.108445120474773 9.95693051769292e-15
v 0.0466177687339464 -0.116487000219347 -1.19519035515731e-15
v 0.0643763439688476 -0.089461275104028 4.48305114418718e-17
v 0.0676862117180376 -0.0909237791388906 3.42068871428832e-18
v 0.0680837895365564 -0.0907977898410541 0
v 0.0684620182003454 -0.090623692151962 1.59048845332412e-17
v 0.0653431460543513 -0.10838345202899 9.9985943733712e-15
v 0.0659637271652146 -0.109240000440372 1.01344974185887e-14
v 0.0691237265095564 -0.0901233857445271 -6.3125585586858e-17
v 0.071259092371008 -0.120799149713195 -2.94564319383896e-15
v 0.0694780760663338 -0.0896967506663062 -4.82650519155932e-19
v 0.0697475411718841 -0.0892127163243044 -1.13312202217495e-18
v 0.0699239336394347 -0.0886869661881817 -4.81870539554517e-18
v 0.0660962804235121 -0.110192936997592 -1.30673387685072e-14
v 0.0660818337500345 -0.109710392771473 9.98224070862409e-15
v 0.0656042367086438 -0.111364741775584 -2.45265518828154e-18
v 0.0626333107180097 -0.111602355654153 2.99507111215691e-16
v 0.0630471904042794 -0.11187097884423 0
v 0.0457597153055227 -0.118572938936987 -1.03921275659353e-14
v 0.0689351523446692 -0.13092316092933 5.68685042831971e-20
v 0.0425521812645401 -0.134288975079316 -8.46721802539154e-16
v 0.0420062922122699 -0.133972981105345 -3.49062984445381e-16
v 0.0341679101431427 -0.124943385498861 -9.43623323278375e-19
v 0.0381786986009826 -0.133878761078117 -3.48885213409549e-16
v 0.0444609750061094 -0.137378462140114 -3.48977539998736e-16
v 0.0688081870209298 -0.0903940876462596 0
v 0.0656810372812102 -0.10873144624153 9.97669518404237e-15
v 0.0700006969591041 -0.0881333508850625 1.84663336151812e-17
v 0.0663133679558044 -0.0909232724994907 3.53937961695969e-18
v 0.0667226878874747 -0.0909869824040324 0
v 0.0640976624965662 -0.107899991381602 9.99853169293451e-15
v 0.0649784923462487 -0.0902163838767327 0
v 0.0640261667365402 -0.0884154670744523 0
v 0.0641527297289914 -0.0889540247565822 0
v 0.0641189935054193 -0.0871429304628267 0
v -0.0650172726120819 -0.0902599176122299 0
v -0.064499427540714 -0.0896688333452539 0
v -0.0641527297289914 -0.0870449478929953 0
v 0.064415235993372 -0.0864653673206295 0
v -0.0648779318759412 -0.0858750281115946 0
v -0.0646063880587353 -0.0861914840214887 0
v -0.0643765376839123 -0.0865383904494347 0
v 0.0654779046841543 -0.0854084132242553 0
v -0.0665056674103971 -0.0150743810676019 0
v 0.0806230550802897 -0.0154613865139369 0
v 0.0814323891699461 -0.0152709552921315 0
v 0.0668390733884507 -0.0849994956238732 0
v 0.064880867404229 -0.0858683523924425 0
v 0.0837167070149783 -0.00845479178684297 -3.54585692077596e-16
v 0.0941473840796624 -0.0041367079064945 -9.65825230760692e-15
v 0.0843284889915576 -0.0122299975803257 0
v 0.0699630491813413 -0.0875007072861331 -1.0872646189651e-17
v -0.0391723935528695 -0.133576982809662 -3.49062984445381e-16
v -0.0397863175710293 -0.133500063027825 -3.48858108355843e-16
v -0.0360645072862165 -0.140191338989707 -8.90971003719561e-19
v -0.0365320534959822 -0.140875168069189 -3.94157922362118e-18
v -0.0312904963746935 -0.151382228473992 -2.9417819942352e-15
v -0.0427931367279749 -0.121480974586815 -1.73704682205532e-16
v -0.0466177687339464 -0.116487000219347 -1.83922043373191e-16
v -0.0640256302948227 -0.087585152153175 0
v -0.061787625251408 -0.139226161130515 -2.85717399260747e-15
v -0.043936863997457 -0.13581051750543 -3.48587216637454e-16
v -0.064153139510859 -0.0889663033114512 0
v -0.0640026005538639 -0.0882191964610337 0
v -0.0435914923888696 -0.135287978569033 -3.49062984445381e-16
v -0.0682556818541429 -0.132724964350561 -2.73431419569497e-15
v -0.0686858261552663 -0.131617212203764 -2.84274648073937e-15
v -0.0691468456574681 -0.130185628073456 -2.8467929687962e-15
v -0.0463001393577951 -0.117468636408458 -8.18313482793523e-16
v 0.0590470860773145 -0.00601087833988062 0
v -0.0636221516174105 -0.00778491671127535 -2.57865847080201e-19
v -0.0774532805757609 -0.00728517375390839 -3.48649367678569e-16
v -0.0844813897822259 -0.0105842986989104 -3.48911974356128e-16
v -0.0625652943785685 -0.00705887683980309 -4.35182967560712e-19
v -0.0841210946630787 -0.00918065982932758 -3.48750508704167e-16
v -0.0843856870896942 -0.00996868246790189 -3.48736612070187e-16
v -0.078179577957884 -0.00688065804897444 -3.48314524974092e-16
v -0.0827122869540296 -0.00740885896006215 -3.48911974356128e-16
v -0.082192288665212 -0.00706404241964083 -3.65771238352105e-16
v -0.0943477674129157 -0.00296197342098016 -1.11838399266753e-14
v -0.0598533915064405 -0.00610290882808519 0
v -0.0945727823617012 1.72385966924326e-10 0
v -0.0590474660568645 -0.00601089044707216 0
v 0.0661555274309867 -0.0851161865986051 0
v 0.0758794201810245 -0.00917933828280459 -3.49708291187867e-16
v 0.0945620833296673 1.74082964464281e-16 0
v 0.0656454905668413 -0.0102436656588282 -2.9656288038474e-19
v 0.0802086836557789 -0.00650013274408204 -3.47838333649702e-16
v 0.0793778620951017 -0.00653851160994947 -3.53160373887241e-16
v 0.0831852571856063 -0.0078147674576847 -3.56673337078339e-16
v 0.0810314213377954 -0.00661547842356905 -3.4849880757556e-16
v 0.0661545663062427 -0.0114210006293876 -3.06152541142062e-17
v 0.0756144924783354 -0.00996759654595276 -3.48690131138245e-16
v 0.0757290227850382 -0.0124323515918332 0
v 0.0760649023554563 -0.0131925053381214 0
v 0.0821925047320149 -0.0149350785156807 0
v 0.0408275956483233 -0.133576982809662 -3.49062984445381e-16
v 0.0403039465755944 -0.122674944838554 -2.89589163780485e-18
v 0.0311972784503954 -0.125781262758241 -1.3325448202488e-18
v 0.0374497339114304 -0.134286456783475 -3.48781240117598e-16
v 0.0368111372995517 -0.134817966217483 -3.486667318536e-16
v 0.0249530223520019 -0.127137655641135 -3.53140849116499e-18
v 0.0281716428551479 -0.126499960549365 -3.79861098410433e-18
v 0.0445001128997543 -0.138205938390636 -2.86140263244856e-17
v 0.036062529157383 -0.135811471179594 -3.48463073373897e-16
v 0.0566994420325803 -0.142377070767976 -9.08085672131664e-17
v 0.050287521820416 -0.145597017474257 0
v 0.0439354744643969 -0.140191353890866 0
v 0.0441962931725409 -0.139624975745216 0
v 0.0217044467943349 -0.127666095436425 -1.11818311479675e-19
v 0.0410382943087709 -0.142383329254681 0
v 0.0356144438610383 -0.13696830774355 -3.48324292322547e-16
v 0.0295405359476484 -0.151711439775838 0
v 0.0260367687319374 -0.152294954254132 0
v 0.036064615319618 -0.140192143652283 0
v 0.0364095957727863 -0.140712983856574 0
v 0.0355384442257585 -0.138621740326394 1.21839836917906e-16
v 0.0189206458308927 -0.15318786149304 0
v 0.0152813525756993 -0.128423819362503 0
v 0.0089744892585169 -0.128863627065122 0
v 0.0116303730867 -0.153757726509854 0
v 0.00806519353887308 -0.153926139406855 0
v 0.000946751994232656 -0.154072915821248 2.47191472356635e-16
v 0.0762828020009044 -0.00845499202116464 -3.48726024158583e-16
v 0.064954665393293 -0.00916244502531303 9.56238654518446e-19
v 0.0641016262048128 -0.00820709168639653 -2.25074702271525e-19
v 0.0768140953681088 -0.00781512508549642 -3.48723800697146e-16
v 0.0631056923538129 -0.00739894317018881 -3.04780686942225e-19
v 0.077287691448356 -0.00740885896006215 -3.48911974356128e-16
v 0.0622768899001561 -0.00690807897517344 0
v 0.0778077120889119 -0.00706403357207778 -3.48538565183633e-16
v 0.0613998561206834 -0.00650855469278351 -1.25067172581923e-18
v 0.0785675147266453 -0.0067286550531251 -3.47679753203652e-16
v 0.0818209219850603 -0.00688086014594096 -3.48850829166615e-16
v 0.0945416836432405 -0.000989956856498128 0
v 0.094409346451746 -0.00251246273566199 -3.29668296950495e-18
v 0.0825468617393717 -0.00728529110053411 -2.6037368700143e-16
v 0.0841222197005697 -0.0128165565516321 -3.75129145647642e-17
v 0.0837182492849164 -0.0135429945634416 -1.73425545150982e-16
v 0.0842708438586562 -0.00956911627600277 -3.53969025635998e-16
v 0.0840287894347583 -0.00899553807667483 -3.48911974356128e-16
v 0.0844610273486962 -0.0103788834305875 -3.54711820574579e-16
v 0.0844999864284352 -0.0109999991205236 -3.48911974356128e-16
v 0.0844613477236109 -0.0116234896826469 1.75119319840056e-16
v 0.0827126892853178 -0.0145903979483337 0
v 0.0831867845543855 -0.0141837993407932 1.99699532499651e-15
v 0.0697584637213003 -0.0868070955958851 9.4456951448041e-18
v 0.069377999883688 -0.0861618977706484 0
v 0.0688435325696546 -0.0856257168233505 0
v 0.0681965242536212 -0.0852423845126651 0
v 0.0675078448469431 -0.0850379853171094 0
v 0.06650575681735 -0.0150738232054685 0
v 0.0789713659330281 -0.0153856867644783 0
v 0.0797946326061827 -0.015500022424794 0
v 0.0774564843249076 -0.0147178596669263 0
v 0.0781832734452718 -0.0151221662899755 0
v 0.0768161815303438 -0.0141867907484266 0
v 0.0764095885107379 -0.0137126982733262 0
v 0.066570487451271 -0.0142653980865002 0
v 0.0665510563401676 -0.0133041522705922 0
v 0.0664033933068251 -0.0123519980242102 0
v 0.0754998802152592 -0.0107870168574866 -3.89172296472184e-16
v 0.0755385934258777 -0.0116229998070506 3.05631251931683e-17
v 0.0364084930870335 -0.135287978569033 -3.49062984445381e-16
v 0.0389591207172355 -0.133617111630368 -3.48993686563932e-16
v 0.0434667994918505 -0.135124185031266 -3.99455858557147e-16
v 0.0395851929051246 -0.133518972598369 -3.49062984445381e-16
v 0.0373256743136613 -0.123883510775358 -1.31835195221827e-18
v 0.0641498538053389 -0.137618445302936 8.14203552259881e-21
v 0.0402136679048737 -0.133500063027825 -3.49077119307372e-16
v 0.0651901782084682 -0.136803441322348 1.64928447062971e-18
v 0.0684563259576756 -0.132265248699756 6.78955588784748e-17
v 0.0446393865806803 -0.120049904546486 -1.03534257844073e-14
v 0.0437409472865604 -0.120854678881543 -1.0394660194391e-14
v 0.0443277921738517 -0.136768974941993 -3.49062984445381e-16
v 0.0535120655341935 -0.1440846094585 0
v 0.0443855863183412 -0.139029078403941 0
v 0.0434679282546312 -0.140875182970347 0
v 0.0430324940421261 -0.141324974449377 0
v 0.0425470664417746 -0.141714937775738 0
v 0.0469277202880149 -0.146975940909289 0
v 0.0418239951605363 -0.142119280720362 0
v 0.0402142863029648 -0.142499915921301 0
v 0.0435185921946246 -0.148195943485489 0
v 0.0393857036414006 -0.142462424605706 0
v 0.0387699914841822 -0.142328969827299 0
v 0.0381756028852374 -0.142118654871692 0
v 0.0400937918074438 -0.149261108120374 0
v 0.0330802820113342 -0.151014348665005 0
v 0.0374521069209727 -0.14171478876415 0
v 0.0366343387754233 -0.150192087820071 0
v 0.0368187070882331 -0.141188867264701 0
v 0.0357282812638559 -0.139430008983194 0
v 0.0223808029426675 -0.152799164765178 0
v 0.0354999023784665 -0.137786306857061 -2.85883883582809e-16
v -0.0397858407339471 -0.142499915921301 6.46022977482924e-19
v -0.0431888668027999 -0.134817981118641 -3.53838423746363e-16
v -0.0437508267548591 -0.120847660435738 -8.17699436860048e-16
v -0.0425502552897624 -0.134286456783475 -3.8775153108382e-16
v -0.0418212831496308 -0.133878761078117 -3.4867716094653e-16
v -0.0410258928193416 -0.122341978444685 0
v -0.0326273165854755 -0.125393281286003 -1.34945983621682e-18
v -0.0379936932636332 -0.133972981105345 -3.49062984445381e-16
v -0.0369676963247108 -0.134674974697431 -3.49062984445381e-16
v -0.0233662668669503 -0.127407605034347 1.55944211156177e-18
v -0.0361734943618376 -0.13563197182043 -3.49062984445381e-16
v -0.0266131045769698 -0.126821914986864 5.88043408103189e-19
v -0.0356721933020514 -0.136768974941993 -3.49062984445381e-16
v -0.0355390179203731 -0.137378432337796 -3.48977672347631e-16
v -0.0354998688508591 -0.138205878786001 -4.35157475922755e-16
v -0.024170160170992 -0.152565693408762 -2.88531708516742e-15
v -0.0356144140587207 -0.139029138008576 2.78956199785409e-17
v -0.0358036960286519 -0.139624975745216 0
v -0.0277382258870182 -0.15202513897135 -2.90815266939851e-15
v -0.0348411295975433 -0.150624534350232 -2.93882839041414e-15
v -0.0374528817812315 -0.141714907973421 -1.92069762298555e-18
v -0.0369674951590667 -0.141324974449377 0
v -0.0381759828647874 -0.142119280720362 -7.02394145896288e-19
v -0.0417849354979752 -0.148755362789969 -2.88627486765112e-15
v -0.0412299939917209 -0.142328969827299 0
v -0.0406142855597922 -0.142462424605706 2.80096092901132e-19
v -0.0418243639642171 -0.142118654871692 -3.30409481782048e-19
v -0.0452386366826905 -0.14760338400379 -2.88232663541398e-15
v -0.0435903934284065 -0.140712983856574 0
v -0.0439353627057057 -0.140192158553442 2.18074066108812e-19
v -0.0442717004867575 -0.139430023884353 1.40438535144569e-18
v -0.0519149258040881 -0.144860170071688 -2.89515494911342e-15
v -0.0444615412501446 -0.138621770128711 -1.58326915197136e-17
v -0.055146532667147 -0.143238521660611 -2.78108396586518e-15
v -0.0785675668807012 -0.0152709469102297 0
v -0.0940993203918833 -0.00438497937324951 -1.43763754314285e-15
v -0.0831856520663151 -0.00781490995001593 -1.32627264481215e-16
v -0.0837168783783048 -0.00845444999151251 -3.48726553554163e-16
v -0.0789685421634314 -0.00661548075187512 -3.52043322743238e-16
v -0.0945311634251125 -0.00122702172049688 -1.31237172802163e-14
v -0.0806222131648163 -0.00653852930507557 -3.48291231568563e-16
v -0.0814324487745814 -0.0067286517934966 -6.64181216932498e-17
v -0.0797913170983449 -0.0065001313470984 -3.46767366390955e-16
v -0.0616987919930931 -0.00663512886110381 0
v -0.0607934981659152 -0.00630718881437037 1.44782693237154e-17
v -0.0645500989312868 -0.00867081016098987 -2.41670736722956e-19
v -0.0662467895781896 -0.0117321982928625 0
v -0.0754998653141004 -0.0112056202111027 -1.84803592893342e-16
v -0.0755389063502129 -0.0103792885558429 -3.48676208034486e-16
v -0.0756145148300737 -0.0120294298452319 0
v -0.0664700238384958 -0.0126692325196527 3.13205248323172e-17
v -0.0665811566809872 -0.0139485677849907 0
v -0.0758777512512365 -0.0128165220927023 0
v -0.0768132087491589 -0.0141838188985641 0
v -0.0772872891170678 -0.0145903979483337 0
v -0.0778075034726883 -0.0149350971421292 0
v -0.0793769307726753 -0.0154613883765817 0
v -0.0802053383456234 -0.015500022424794 0
v -0.067416105862658 -0.0850258781255668 0
v -0.0679550286231791 -0.0851527242400356 0
v -0.068461593517319 -0.0853765396455359 0
v -0.0818166602536373 -0.0151221839851016 0
v -0.0688084924946857 -0.0856063900203589 0
v -0.0691249260528416 -0.0858778965846677 0
v -0.0831837745203036 -0.0141868121688424 0
v -0.0839351207504058 -0.013192421519103 0
v -0.0835903898916477 -0.0137126982733262 0
v -0.0842708066057592 -0.0124327734808923 0
v -0.0844997554604735 -0.0112101613392536 -4.49363197512532e-16
v -0.0844232901639805 -0.0118272984197843 0
v 0.0554500916240811 -0.079893084562517 0.044000002503395
v 0.0539971913860789 -0.0857359853986303 0.0440175001915358
v 0.0544907922720441 -0.0858159897203434 0.044000002503395
v 0.0549564907381159 -0.0798131845489156 0.0440175001915358
v 0.0550850244088212 -0.0790198319520953 0.044154557343843
v 0.0556559250561734 -0.0786232599617969 0.0444274087750746
v 0.0554506764945648 -0.0798899851214821 0.0439615165301818
v 0.0549564907381159 -0.0798131845489156 0.0440175001915358
v 0.0557554796982604 -0.0780077228931947 0.045357997446701
v 0.0552799688191047 -0.0778171296212871 0.0459965308160365
v 0.0552189858266273 -0.078193197617047 0.0448595647917785
v 0.0557698928441306 -0.0779188896348797 0.045999499872338
v 0.055273490540307 -0.0778561855585585 0.0460000027865171
v 0.0557698928441306 -0.0779188896348797 0.045999499872338
v 0.055273490540307 -0.0778561855585585 0.0499999959021807
v 0.0557698928441306 -0.0779188896348797 0.0499999959021807
v 0.0557761662319945 -0.0778808171740906 0.0500031623988637
v 0.0552514442758304 -0.0779923597984496 0.0508057873515981
v 0.055273490540307 -0.0778561855585585 0.0499999959021807
v 0.0551387915151392 -0.0786880502003532 0.0516415152331848
v 0.0557015933826719 -0.0783411735747248 0.0512869607369536
v 0.0549572171696084 -0.0798098019858631 0.0520220610792474
v 0.0555527531577824 -0.0792594053330494 0.0519099745472526
v 0.0554500916240811 -0.079893084562517 0.051999999910593
v 0.0549564907381159 -0.0798131845489156 0.051982498497162
v 0.0554500916240811 -0.079893084562517 0.051999999910593
v 0.0544907922720441 -0.0858159897203434 0.051999999910593
v 0.0539971913860789 -0.0857359853986303 0.051982498497162
v 0.053868791825803 -0.08652934544603 0.0518454674218863
v 0.0542851376538576 -0.0870864550708928 0.0515721615052485
v 0.0544904346442324 -0.0858191264142754 0.0520384747079355
v 0.0539971913860789 -0.0857359853986303 0.051982498497162
v 0.0537349086390807 -0.0873559201764431 0.0511406387878811
v 0.0541855085059765 -0.0877012917850305 0.0506421763306369
v 0.0536741081857989 -0.0877321073814736 0.0500034604220809
v 0.0541710916348166 -0.0877901846479807 0.0499999959021807
v 0.0536802921667099 -0.0876930886970992 0.0499999959021807
v 0.0541710916348166 -0.0877901846479807 0.0499999959021807
v 0.0541710916348166 -0.0877901846479807 0.0460000027865171
v 0.0536802921667099 -0.0876930886970992 0.0460000027865171
v 0.0538149278619526 -0.0868619616626662 0.0443589900949823
v 0.053702330980607 -0.0875569740618434 0.0451945652396701
v 0.0542395326572842 -0.0873682136324709 0.0447133434255419
v 0.0541649933355689 -0.0878282496581904 0.045996851190995
v 0.0536802921667099 -0.0876930886970992 0.0460000027865171
v 0.0539968672858746 -0.0857394424674769 0.0439779152577091
v 0.054388380332753 -0.0864487748802817 0.0440897223929378
v 0.0544907922720441 -0.0858159897203434 0.044000002503395
v 0.0609520911992534 -0.0427955954191805 0.0590175004523061
v 0.0614455915023966 -0.0428754954327818 0.0590000027641653
v 0.0624048908544335 -0.0369526945830671 0.0590000027641653
v 0.0619113905512904 -0.0368727945694658 0.0590175004523061
v 0.0620400546071354 -0.0360782238029118 0.0591550828705337
v 0.0626106684071803 -0.035682996642197 0.0594272823759776
v 0.0621737105511857 -0.0352531876171471 0.0598589503796633
v 0.0624055688571599 -0.0369496063179014 0.058961531692113
v 0.0619113905512904 -0.0368727945694658 0.0590175004523061
v 0.0622348649069895 -0.0348767210153887 0.0609965199009362
v 0.0627103124562203 -0.0350677315197433 0.0603567832628611
v 0.0627246920744831 -0.0349783953473181 0.0609995001331083
v 0.0622282897706595 -0.0349156949962866 0.0650000036135315
v 0.0622282897706595 -0.0349156949962866 0.0610000030472874
v 0.0627246920744831 -0.0349783953473181 0.0609995001331083
v 0.0627246920744831 -0.0349783953473181 0.0650000036135315
v 0.062093877592799 -0.0357464010729829 0.0666406512266252
v 0.0626699601181314 -0.0353166963560447 0.0661492258425975
v 0.0627309431106088 -0.0349404197440613 0.0650031775607948
v 0.0622063962430608 -0.0350513178933013 0.0658042863204117
v 0.0622282897706595 -0.0349156949962866 0.0650000036135315
v 0.0619121579609697 -0.0368694120064133 0.0670220464388568
v 0.062533435701008 -0.0361598635268056 0.0668638780669001
v 0.0624048908544335 -0.0369526945830671 0.0670000001713633
v 0.0619113905512904 -0.0368727945694658 0.0669824987579323
v 0.0624048908544335 -0.0369526945830671 0.0670000001713633
v 0.0614455915023966 -0.0428754954327818 0.0670000001713633
v 0.0609520911992534 -0.0427955954191805 0.0669824987579323
v 0.0606897823752273 -0.0444154072624329 0.066140717279746
v 0.0612399704118175 -0.0441458676510886 0.0665723443052393
v 0.061445245050454 -0.0428786321267138 0.0670384675181254
v 0.0608234383192775 -0.0435897526785771 0.0668451249559568
v 0.0609520911992534 -0.0427955954191805 0.0669824987579323
v 0.0606289893725249 -0.0447916726985472 0.0650034681334316
v 0.0611402779340113 -0.0447612557081027 0.0656410739055036
v 0.0611258908651691 -0.0448497946685308 0.0650000036135315
v 0.0611258908651691 -0.0448497946685308 0.0650000036135315
v 0.0611258908651691 -0.0448497946685308 0.0610000030472874
v 0.0606350913970623 -0.0447525944095376 0.0650000036135315
v 0.0606350913970623 -0.0447525944095376 0.0610000030472874
v 0.0611198745222948 -0.0448878261511332 0.0609968514517653
v 0.0606570892327727 -0.0446169305343361 0.0601954260424802
v 0.0606350913970623 -0.0447525944095376 0.0610000030472874
v 0.0607697829716507 -0.0439214599245252 0.0593589829051722
v 0.0611943244370572 -0.0444278795323666 0.0597134517197284
v 0.0613431795631055 -0.0435083923514112 0.0590897152031276
v 0.0609517261208623 -0.0427990450374477 0.0589779192437696
v 0.0614455915023966 -0.0428754954327818 0.0590000027641653
v 0.0614455915023966 -0.0428754954327818 0.0290000003799796
v 0.0609520911992534 -0.0427955954191805 0.0290174999307655
v 0.0624048908544335 -0.0369526945830671 0.0290000003799796
v 0.0619113905512904 -0.0368727945694658 0.0290174999307655
v 0.0626106758577597 -0.0356829929169073 0.0294272855797272
v 0.0621737105511857 -0.0352531838918574 0.0298589517207678
v 0.0624055688571599 -0.0369496063179014 0.0289615311705724
v 0.0620400546071354 -0.0360782275282015 0.0291550823489931
v 0.0619113905512904 -0.0368727945694658 0.0290174999307655
v 0.0627103124562203 -0.0350677277944536 0.0303567864666107
v 0.0622348649069895 -0.0348767210153887 0.0309965193793955
v 0.0627246920744831 -0.0349783953473181 0.0309994996115677
v 0.0622282897706595 -0.0349156949962866 0.0310000006631016
v 0.0622282897706595 -0.0349156949962866 0.0349999993667006
v 0.0627246920744831 -0.0349783953473181 0.0309994996115677
v 0.0627246920744831 -0.0349783953473181 0.0349999993667006
v 0.062533435701008 -0.0361598449003571 0.036863870094779
v 0.0620938738675093 -0.0357464234247211 0.0366406693315356
v 0.0622063999683505 -0.0350513141680116 0.0358042820735809
v 0.0627309505611882 -0.0349404048429025 0.035003173313964
v 0.062669952667552 -0.0353167187077829 0.0361492551233786
v 0.0622282897706595 -0.0349156949962866 0.0349999993667006
v 0.0619121579609697 -0.0368694120064133 0.0370220459173162
v 0.0624048908544335 -0.0369526945830671 0.0369999996498227
v 0.0624048908544335 -0.0369526945830671 0.0369999996498227
v 0.0619113905512904 -0.0368727945694658 0.0369824982363917
v 0.0614455915023966 -0.0428754954327818 0.0369999996498227
v 0.0609520911992534 -0.0427955954191805 0.0369824982363917
v 0.0608234420445672 -0.0435897452279977 0.0368451281597064
v 0.0612399704118175 -0.0441458713763783 0.0365723363331183
v 0.061445245050454 -0.0428786321267138 0.0370384632712946
v 0.0609520911992534 -0.0427955954191805 0.0369824982363917
v 0.0606897674740684 -0.044415507845255 0.0361405975489185
v 0.0606289930978146 -0.0447916652479678 0.0350034601613106
v 0.061140281659301 -0.0447612370816541 0.035641144164477
v 0.0611258908651691 -0.0448497946685308 0.0349999993667006
v 0.0606350913970623 -0.0447525944095376 0.0349999993667006
v 0.0611258908651691 -0.0448497946685308 0.0349999993667006
v 0.0611258908651691 -0.0448497946685308 0.0310000006631016
v 0.0606350913970623 -0.0447525944095376 0.0310000006631016
v 0.0606570929580624 -0.0446169230837567 0.0301953510151352
v 0.0611943467887954 -0.0444277528725166 0.0297132518951613
v 0.0611198745222948 -0.0448878261511332 0.0309968490675796
v 0.0606350913970623 -0.0447525944095376 0.0310000006631016
v 0.0607697755210713 -0.0439214934521325 0.0293589991474375
v 0.0613431907389746 -0.0435083290214863 0.0290896960551359
v 0.0609517261208623 -0.0427990450374477 0.0289779168595839
v 0.0614455915023966 -0.0428754954327818 0.0290000003799796
v 0.0622114924393778 -0.0162555977900343 0.0675223976182401
v 0.0622114924393778 -0.0162555977900343 0.0584775978667081
v 0.0656762912621255 -0.0167547977864267 0.0584593998240068
v 0.0656762912621255 -0.0167547977864267 0.0675405993862316
v 0.0622114924393778 -0.0162555977900343 0.0675223976182401
v 0.0656819089990013 -0.0167208380454723 0.0675651788510714
v 0.0651195839685509 -0.0201920685808964 0.0705804287512504
v 0.0613957284996898 -0.0212925228851605 0.0710673539846982
v 0.0606151610971385 -0.0261125373992555 0.0706959201985019
v 0.0610439307663606 -0.0234649069504147 0.0712693466707465
v 0.0640196102266587 -0.0269829550642113 0.0706220327923737
v 0.0599981376379437 -0.0299210221369989 0.0675535708467609
v 0.0637091967366668 -0.0288997078872362 0.0693871437895191
v 0.063445036443657 -0.0305316399605452 0.0675649925865607
v 0.0602806487080423 -0.0281772773558273 0.0694442077850355
v 0.0643731923737569 -0.0248005015408835 0.0712412877848456
v 0.0647298814124693 -0.0225982276136782 0.0712754039926364
v 0.0617253309569543 -0.0192575647571385 0.0703241958396689
v 0.0620486525757755 -0.017261472576613 0.0688265397661952
v 0.0654168620870417 -0.0183564041388889 0.0693900048124044
v 0.060005189611356 -0.0298779950409016 0.0584775978667081
v 0.060005189611356 -0.0298779950409016 0.0675223976182401
v 0.0634503934102534 -0.0304978962863937 0.0584593998240068
v 0.0634503934102534 -0.0304978962863937 0.0675405993862316
v 0.0634449842896012 -0.0305318858296658 0.0584348278097474
v 0.0601680481014069 -0.0288723046561633 0.0571735637521692
v 0.060005189611356 -0.0298779950409016 0.0584775978667081
v 0.0604015865130383 -0.0274307758649869 0.0560288752012951
v 0.0611728257901674 -0.0226687678368947 0.0547306488142017
v 0.0648667336550868 -0.0217525514603007 0.0548527601021656
v 0.0615047304764698 -0.0206200708404392 0.055118458976184
v 0.0618130019248811 -0.0187160510576274 0.0559905382396905
v 0.062082876812299 -0.0170500567978971 0.0574162850361402
v 0.0652977198716836 -0.0190920855257799 0.0560380878439973
v 0.0656878247590535 -0.0166847213617784 0.0584083186445761
v 0.0622114924393778 -0.0162555977900343 0.0584775978667081
v 0.060724509525861 -0.0254366990661919 0.0550580720217957
v 0.0644489796675235 -0.0243323108559989 0.0547041396490304
v 0.0641009929055629 -0.0264811026615487 0.0551766852622475
v 0.0637466955028413 -0.0286683860229796 0.0564062172977726
v 0.0634503934102534 -0.0304978962863937 0.0284593993024662
v 0.060005189611356 -0.0298779950409016 0.0284775992078126
v 0.060005189611356 -0.0298779950409016 0.0375224008219897
v 0.0634503934102534 -0.0304978962863937 0.037540598864691
v 0.0634449842896012 -0.0305319025934695 0.0284348179749812
v 0.060005189611356 -0.0298779950409016 0.0284775992078126
v 0.0607245691304963 -0.0254363470263148 0.0250579969944507
v 0.0644489871181029 -0.0243322642898775 0.0247041354021996
v 0.0648667336550868 -0.0217525644988147 0.024852759580625
v 0.0611728257901674 -0.0226687734248293 0.0247306501553062
v 0.0652977198716836 -0.0190920873884248 0.0260380835971664
v 0.062082876812299 -0.0170500493473177 0.0274162938278252
v 0.0656878247590535 -0.0166847213617784 0.0284083199856806
v 0.0622114924393778 -0.0162555977900343 0.0284775992078126
v 0.0618130019248811 -0.0187160491949825 0.0259905377181499
v 0.0615047267511801 -0.0206200913295326 0.0251184547293531
v 0.0641010003561423 -0.0264810523701377 0.0251766754274813
v 0.0637466731511031 -0.0286685257213435 0.0264063173590678
v 0.0604015865130383 -0.0274307684144075 0.0260288672291741
v 0.0601680816290143 -0.028872094177295 0.0271733881419885
v 0.0622114924393778 -0.0162555977900343 0.0375224008219897
v 0.0622114924393778 -0.0162555977900343 0.0284775992078126
v 0.0656762912621255 -0.0167547977864267 0.0284593993024662
v 0.0656762912621255 -0.0167547977864267 0.037540598864691
v 0.0620486861033828 -0.0172612527845203 0.0388263529801439
v 0.0622114924393778 -0.0162555977900343 0.0375224008219897
v 0.0656819015484219 -0.0167208566719208 0.0375651671536602
v 0.0654168397353034 -0.0183565606010565 0.0393901235001506
v 0.0647298739618899 -0.0225982592786407 0.0412754109216762
v 0.0610440089974444 -0.0234644114868838 0.0412693498744961
v 0.0606152132511943 -0.0261122188869857 0.0406960649632797
v 0.0642597498516481 -0.0255003326022947 0.0411471901577594
v 0.0602417380570694 -0.0284174262940409 0.0392594030664994
v 0.0638290169547512 -0.0281600925944163 0.0399622908243025
v 0.0600026787660946 -0.0298932985310114 0.0375334314063169
v 0.0634392175411372 -0.0305680677059295 0.0375916912199924
v 0.0613957247744001 -0.0212925470995436 0.041067360913738
v 0.0651196137708686 -0.0201918655526074 0.0405803760756468
v 0.0617253309569543 -0.0192575815209422 0.0403242102192891
v 0.0546334596918917 -0.063044172919618 0.0598091134471644
v 0.0580278952426839 -0.0639769333077937 0.0597975240693049
v 0.0590124110807367 -0.0578987021957007 0.0582615757377093
v 0.0585788059854769 -0.0605758518401671 0.0593724498293001
v 0.0551944659697864 -0.0595803203204554 0.0592422285845377
v 0.0556660764706206 -0.0566684736992593 0.0578661250054957
v 0.0593450384732419 -0.0558452256525532 0.0567556346187971
v 0.0596181953408902 -0.0541585895625653 0.0548631611124464
v 0.0560179300832954 -0.0544959555235758 0.055961343140274
v 0.0562605693776771 -0.0529978004662325 0.0539218622314513
v 0.0598354393353502 -0.0528171723442869 0.0523867409142835
v 0.0599521452112409 -0.0520966081830203 0.0496587332414374
v 0.05644123102723 -0.0518823332444555 0.051285876677501
v 0.0565195328915478 -0.0513990700374228 0.0480016235708827
v 0.0599666924675405 -0.0520065940078688 0.0479999993443489
v 0.0540717232572148 -0.0665121941179609 0.0592429140379373
v 0.0574830865244283 -0.0673411381326266 0.0591537268648953
v 0.0536483031040096 -0.0691264906745178 0.0580382147869866
v 0.0570665954100752 -0.0699126683633655 0.0578916804963719
v 0.0567952378573546 -0.0715877672311358 0.0565349894046413
v 0.0532044050332938 -0.0718672235636759 0.0557298722327529
v 0.0565579704307281 -0.073052856617054 0.054862460757886
v 0.0563405960511284 -0.0743949816403765 0.0523833695266387
v 0.0562240205603774 -0.0751147821172534 0.0496546279716202
v 0.0527744134690483 -0.0745220363710688 0.0498817104872679
v 0.052902373445139 -0.073732267502945 0.0526390324688174
v 0.0527545912025259 -0.0746446878093293 0.0479999993443489
v 0.0562094919305264 -0.0752042859277153 0.0479999993443489
v 0.0560166858365338 -0.0764008042776125 0.0587283695028341
v 0.056657286654274 -0.0724436003868951 0.0606806897964919
v 0.0552931041906059 -0.0727388444972066 0.0594762438652759
v 0.0567511229766633 -0.0718649734886939 0.0602610693813621
v 0.0568070917291972 -0.0715146919482747 0.0598486983809911
v 0.0568512662145238 -0.0712471267404743 0.059388304664456
v 0.0568889922233703 -0.0710088870132347 0.0582499975357205
v 0.0553990663309862 -0.072080660312057 0.0582505153510604
v 0.0568836762349607 -0.0710475704215355 0.0587377050801134
v 0.0553874322512363 -0.0721566040679912 0.0587261902080582
v 0.0553493299881295 -0.0723877508436317 0.0591488132071015
v 0.056450398965195 -0.0737192960441908 0.061004566527801
v 0.0551664927693886 -0.0735157536652673 0.0597011731631791
v 0.0552210868900211 -0.0731764542788997 0.0596631193236309
v 0.056554341998555 -0.0730812880280856 0.0609254860671128
v 0.0563463627995924 -0.0743662671073273 0.0609266185553382
v 0.0551018515424205 -0.0739202009180029 0.0596478679854899
v 0.0562422297764574 -0.0750056758323617 0.0606799074855467
v 0.0561706930382447 -0.0754440902766311 0.0603771009956948
v 0.0549907596781158 -0.0745997682660616 0.0591988960087546
v 0.0550311120162047 -0.0743491605770001 0.0594338835902389
v 0.0561090879223865 -0.0758268637938607 0.0599968047440766
v 0.0560493342755119 -0.0761988637732623 0.0593904355304591
v 0.054955250216644 -0.0748243957847177 0.0588548021274476
v 0.0560096934677568 -0.0764381912850959 0.0582499975357205
v 0.054934030966482 -0.0749582826967296 0.0582526871952559
v 0.0552678988804592 -0.0728917154855573 0.0390624208957906
v 0.0566948375745044 -0.0722100023706284 0.0400364240995849
v 0.0566015898478886 -0.0727900970329735 0.0403401842637319
v 0.0553719350460618 -0.0722496692554115 0.0384400105825064
v 0.0568135849091537 -0.0714761501009827 0.0392972333886348
v 0.0553270453051118 -0.0725233141360112 0.0387999704748399
v 0.0567606522677297 -0.0718036254178254 0.0396982273526886
v 0.0568525328130236 -0.0712354665836964 0.0388563080387642
v 0.056878058498085 -0.0710780581924845 0.0383782080178363
v 0.0553924129635724 -0.0721188519821167 0.0380733637942367
v 0.0553990700562759 -0.0720812340066716 0.0377504258360618
v 0.0568899794251422 -0.0710008925415269 0.0377509101237898
v 0.0551357479534499 -0.07370792646001 0.0391899003269545
v 0.055197569136111 -0.0733231785392365 0.0391904591204868
v 0.0564978964089389 -0.073425914578732 0.0404863423000348
v 0.0563102200388706 -0.0745833695407784 0.0403671814419214
v 0.0564138501478954 -0.0739445568620968 0.0404937332758218
v 0.0550748990714019 -0.0740803064189615 0.0390860019828528
v 0.0562151096674021 -0.0751718684566989 0.040079358069315
v 0.0550295958232946 -0.074358607911693 0.0389233520867671
v 0.0561332277996775 -0.0756817935621532 0.0396654634252459
v 0.0549846911811857 -0.0746402249122622 0.0386578059496476
v 0.0560693279053608 -0.0760716749321407 0.0391357904865788
v 0.0560341164670654 -0.0762891126416653 0.0386576718391998
v 0.0549487533113978 -0.0748588770662308 0.0382610513658586
v 0.0549345599576202 -0.074956710624474 0.0377522400523966
v 0.056014040880843 -0.0764129934255286 0.0381449973997847
v 0.0560096934677568 -0.0764381912850959 0.0377499974276871
v 0.0584987308832594 -0.0529398424089959 0.0391630670615345
v 0.0598732845534673 -0.0525840511651025 0.0403490541797343
v 0.0585963222976717 -0.0523402346791739 0.0388492448885162
v 0.0599763148908495 -0.0519557140010725 0.0400255089992543
v 0.0585504081020527 -0.0526224924295725 0.0390398791646984
v 0.0600636468574132 -0.0514138221846562 0.0395331336662218
v 0.0586326662240376 -0.0521120197065316 0.0385920806543809
v 0.0586649644857834 -0.0519202306166286 0.0382262608805389
v 0.06012666013278 -0.0510234602522967 0.0389168216530199
v 0.0601610222050225 -0.0508136295843505 0.0382511681709177
v 0.0586766395437201 -0.0518443203883017 0.037750515243027
v 0.0601665915131321 -0.0507725917929558 0.0377499974276871
v 0.0597659068029989 -0.0532499168976247 0.040493841309238
v 0.0584239009889471 -0.0534157705205987 0.0391992955088773
v 0.0596605071813641 -0.0538965340582391 0.0404740488423247
v 0.0595553571541396 -0.0545547890238931 0.0402837535675521
v 0.0594786906920025 -0.055019891443612 0.040019600688973
v 0.0594166422666694 -0.0554081783896056 0.0396986483104829
v 0.0583382156004332 -0.0539377804658572 0.0390450535928073
v 0.0582681801539718 -0.0543667252236955 0.0387047706833905
v 0.0593653897309025 -0.0557190910684181 0.0393153010461784
v 0.059325096997449 -0.0559734165966056 0.0388647271946506
v 0.0582248885623053 -0.0546381274798926 0.0382274119952154
v 0.0592872927575186 -0.0562018923395274 0.0377499974276871
v 0.0582117718172526 -0.0547145666993576 0.0377504891659955
v 0.0592939349490633 -0.0561656825235909 0.0382207250992792
v 0.0599759200101407 -0.0519515901053686 0.060521116990124
v 0.0598862411110627 -0.0525085730703814 0.0608226829583343
v 0.0585454646426136 -0.0526560908174255 0.0595626221694956
v 0.0584651585724344 -0.0531513829849169 0.0597006553478392
v 0.0597875656373461 -0.0531144020340114 0.0609765784224142
v 0.0597066188173375 -0.0536138553501038 0.0609999285414831
v 0.0586045626385001 -0.0522877602483837 0.0593005815304685
v 0.0600379013802591 -0.051568753258214 0.0601992966190137
v 0.0600900628867141 -0.0512465566768839 0.0598075749023055
v 0.0601294988035355 -0.0510031425222435 0.0593655654929824
v 0.0586374643971781 -0.0520832455688471 0.0590489158246908
v 0.0601665915131321 -0.0507725917929558 0.0582499975357205
v 0.0601609626003873 -0.0508127392401109 0.0587605150321011
v 0.0586659367863965 -0.0519118151871841 0.0586992191069002
v 0.0586766581701686 -0.0518449238852339 0.0582504259440952
v 0.0596065500852712 -0.0542355950260656 0.0609008656240806
v 0.0584022607810484 -0.0535354380018052 0.0596778640223027
v 0.0583433788519649 -0.0539035189764367 0.0595617765286167
v 0.0595128553238907 -0.0548103513482628 0.060654325917639
v 0.0593884492741789 -0.0555784800084879 0.0600075671075083
v 0.059445680899923 -0.0552254045007897 0.0603662604011686
v 0.0582833905118389 -0.0542708958713139 0.0593006783880141
v 0.0593426803648584 -0.0558613487063981 0.0595896603258775
v 0.0582499262344153 -0.0544757160246064 0.0590485954497323
v 0.0582264084805051 -0.0546225781206623 0.0587609248140247
v 0.059309745078573 -0.0560642466102026 0.0591231161551971
v 0.0582122821819423 -0.0547202924696348 0.0582522476110105
v 0.0592912899933725 -0.0561785124213363 0.0586319813438062
v 0.0592872927575186 -0.0562018923395274 0.0582499975357205
v 0.070002291383098 0.00995470797489451 0.0145246997954391
v 0.0667717872057918 0.0104778988369897 0.0145246997954391
v 0.0665422870082011 0.00872725854457333 0.0299058996907048
v 0.0663628249019333 0.0077332827989749 0.0387070542862925
v 0.0658198266744745 0.00331625080026954 0.0774650332898266
v 0.065682847772007 0.00331915443076429 0.0776308385067245
v 0.0653695285560449 0.00334872531478452 0.0778129753959259
v 0.0641299160548356 0.00350837865870511 0.0781668928675303
v 0.0648692445003482 0.00340929060915367 0.0779891071173003
v 0.0624930759123397 0.00374677764207961 0.0783967060209056
v 0.0608110368298483 0.00400798191770812 0.0784931984880596
v 0.0589572916942556 0.00430742908612982 0.0784999934174122
v 0.058922892369116 0.00409483937549554 0.0803769957934991
v 0.0635722923399934 0.00909603894234704 0.0308716998054452
v 0.064397190690039 0.00897540847375171 0.0307600994238235
v 0.0636016923263484 0.00826037916166496 0.03802010332003
v 0.0655738681469653 0.00881359027085107 0.0305126377080536
v 0.066186492039018 0.00601295891418108 0.0537534977401756
v 0.0660095780309086 0.0050180658159927 0.062558992298864
v 0.0646987081882145 0.0080688666745226 0.0381391598700175
v 0.0662302120390005 0.0087368642040787 0.0302582096995813
v 0.0654151186514595 0.00793662820320525 0.0382785527792896
v 0.0658774643567964 0.00784603102021483 0.0384138106164229
v 0.0661766200212987 0.0077813166844363 0.0385537027145839
v 0.0664927928091752 0.00871854509195241 0.0300500274438405
v 0.0687941873822169 0.00249602955144905 0.0803769957934991
v 0.0664088918344302 0.00770939903535117 0.0388487978536904
v 0.0636992353119945 0.0054680230704143 0.0619076215794469
v 0.0656321093262195 0.0060489903818729 0.0542161229055496
v 0.0636693882908749 0.00631491879050907 0.0546629975438938
v 0.0643767910036123 0.00621354900101307 0.0545494991269074
v 0.0651479632255266 0.00610886789463018 0.054375617480823
v 0.0646948860409768 0.0052907393273017 0.0620454312403776
v 0.065941896967541 0.00601675358740724 0.0540617357031613
v 0.0653278500148209 0.00517048883825632 0.0621980377540431
v 0.0657689541182576 0.00507935847317682 0.062367236710327
v 0.0661364017936392 0.00600417887200667 0.0538989740483692
v 0.0660530894146677 0.00499509940495892 0.0626963959031612
v 0.0505239287051205 -0.110308480583095 0.0523287344203427
v 0.0504284532552609 -0.11089768730406 0.0511635418721242
v 0.0503389941482755 -0.111449954052305 0.049872192370768
v 0.0502652147856601 -0.111905802852396 0.0486549984964356
v 0.0501816677134371 -0.112421479805155 0.0470446784709838
v 0.0501115503106021 -0.112854351018343 0.045432194051917
v 0.0499566974681281 -0.113809999586469 0.0403165994513795
v 0.0500347683644842 -0.113328125912496 0.0432798443001543
v 0.0498978527919417 -0.114174213710386 0.0370484433237811
v 0.0498589831191556 -0.114413585925696 0.0340866885910923
v 0.0498283835895154 -0.11460271143346 0.0311261725174001
v 0.0497946250142051 -0.114812519749668 0.0265095172112543
v 0.0497152837940596 -0.115339640792402 0.0129249512122955
v 0.0497481333986818 -0.115097169136057 0.0179908755870713
v 0.0493928338930295 -0.116801459373959 0.0128822836008157
v 0.050749942031547 -0.10891265178338 0.0544915522376101
v 0.0506366783233441 -0.109611590637906 0.0535065631529712
v 0.0508593835925122 -0.108236712867494 0.055299534157674
v 0.0509768196251851 -0.107511428764171 0.0560175614949115
v 0.0510676906169689 -0.106950981279732 0.0564827980887264
v 0.0511691637832542 -0.10632469302504 0.0569211865159604
v 0.0513125762610429 -0.105438170932687 0.057412559745925
v 0.0514274418438192 -0.104728920476256 0.0577075841045174
v 0.0516758478866648 -0.103190480136039 0.0582509847376275
v 0.0524299545564387 -0.098539895523035 0.0598794059482349
v 0.0544412719959903 -0.0861215826854566 0.0639991894960584
v 0.0532710206638058 -0.0933472663567371 0.0616373107961421
v 0.0533745352888496 -0.0926279203652042 0.0622183331351354
v 0.0557718970499921 -0.0779063205074137 0.066592125596282
v 0.0578689781091413 -0.0649282828915993 0.0707001819305081
v 0.0578839016197012 -0.0648932800695274 0.0705725683888964
v 0.0567579849603006 -0.0718181093442 0.0684708714081897
v 0.0494679022058829 -0.115904156293199 0.0362156137179818
v 0.0496491226488917 -0.11544347951765 0.0332986406989699
v 0.0488822866641944 -0.118380885351515 0.0128347209579932
v 0.0510757893967884 -0.106286315090495 0.0580402711471854
v 0.0504746505728975 -0.110350457147495 0.0537574949765765
v 0.0498379017047127 -0.113211099661691 0.0497165385697065
v 0.0500192376317024 -0.113279026594179 0.0464764525038797
v 0.0492978315549624 -0.115910675550184 0.0410983851306501
v 0.0497664059446867 -0.114275169061402 0.0449334298461654
v 0.0485998463746003 -0.117932464779097 0.0341824397254935
v 0.047883439636645 -0.119828845855368 0.024116115105537
v 0.0487822253827074 -0.117943059503019 0.029594180444013
v 0.0482285579255324 -0.119825716612016 0.0127892109500793
v 0.0473420917125257 -0.121316510496901 0.012741539342518
v 0.049866690743556 -0.111870807480903 0.0534278105178219
v 0.0494803893769754 -0.113593359088941 0.0506100755048526
v 0.0520857228865011 -0.0999403809348822 0.0603568577686654
v 0.0536437172723823 -0.0898915162626838 0.0638127610725292
v 0.0510086037969516 -0.107070227803202 0.0573931807862256
v 0.0491851899701403 -0.115596126988619 0.0445875813531671
v 0.0484222506384749 -0.117019694295481 0.0430446779047397
v 0.0485400815518566 -0.117498565385951 0.0390277570703382
v 0.0478625519372668 -0.118374686469446 0.0392071111677487
v 0.0476157589448636 -0.119814838766076 0.0297521923537807
v 0.0460567475548929 -0.122164438587905 0.0231425254089566
v 0.0463422463073352 -0.122645298983078 0.0126992908261875
v 0.0508178577881661 -0.106522043972473 0.0586452769045842
v 0.0518299593964874 -0.0998480980583001 0.0610976503544081
v 0.0503013091176157 -0.109897372512366 0.0557798060227974
v 0.0468263961333178 -0.120162102821834 0.0344467490662616
v 0.0470373667399139 -0.120384368506816 0.0309346981882744
v 0.0446050952889421 -0.123716155860633 0.0202664188236053
v 0.0451936426336287 -0.123855928730379 0.0126605468766269
v 0.0487386730207616 -0.114892933853249 0.0496898915687972
v 0.0488537621209202 -0.115616817247643 0.0467748929535994
v 0.0462594368424739 -0.120402570272317 0.0362305484064546
v 0.0456600191024269 -0.122119459440002 0.0273934112326783
v 0.0433173222424214 -0.124662021817992 0.0198909952515886
v 0.0438851271740284 -0.124956707134848 0.0126266113454116
v 0.0446910339971559 -0.122865202834388 0.0274931614661255
v 0.0429771399623936 -0.124279598477995 0.0247640641458914
v 0.0413472996392542 -0.125961358163758 0.0177566256130496
v 0.0424923531118714 -0.12588622652098 0.0125978865638848
v 0.059058548793738 -0.0576178488795211 0.0724954439886932
v 0.0591192896423845 -0.0568375645989873 0.0731703920698823
v 0.0628200296886236 -0.00499999909224394 0.0817689579329872
v 0.0626440693546789 6.16804356538944e-11 0.0815438088429613
v 0.0618913894708621 -0.00499999955790516 0.0810312759645743
v 0.0616439371021811 -1.44733701963365e-10 0.0809371602325776
v 0.0610009968025059 -0.00499999909224394 0.0808296781592888
v 0.0610001995905089 -2.22726898660168e-10 0.0808455553461859
v 0.0631476912699516 9.0430599989122e-11 0.0827070083609147
v 0.0631765697157478 -0.00499999909224394 0.0832002963900499
v 0.0629735265256448 2.84123790337607e-10 0.0839620958873161
v 0.0610031947234321 -3.58316830228421e-09 0.0852031688719279
v 0.0621737105511857 -8.14850002090215e-11 0.0848143454310071
v 0.0625632305680718 -0.00499999955790516 0.0845434721288799
v 0.0610039211549246 -0.00499999629827666 0.0852128769782287
v 0.0631514314608158 0.0189577478537136 0.014078787213293
v 0.0629241217335719 0.0183035255141656 0.0135427738306796
v 0.0713975911916753 0.0182954975148505 0.0134999991171062
v 0.0629164923402552 0.0179992978677295 0.0134999991171062
v 0.0714480763177628 0.0186572324584689 0.0135580866361092
v 0.0715022941841352 0.0192306830666244 0.0140621007070966
v 0.0715159287444569 0.0192993904473059 0.0146063441871179
v 0.0632281128241117 0.0190108760728471 0.0145920269654983
v -0.0270116379322981 -0.0824397447591827 0.0903912166418608
v -0.0294067384425894 -0.0901418408297277 0.0837357696055821
v -0.0200939071971591 -0.125313262063131 0.0525525461311814
v -0.0419513814420124 -0.125462497168729 0.0194429266577305
v -0.0193667511357589 -0.131771767023061 0.0185742914250279
v -0.0125190726108851 -0.132628822073844 0.0191316022918015
v -9.13972398863478e-05 -0.13371913986482 0.0133408044276952
v -0.0212575647665651 -0.126804942566966 0.0471915629388787
v -0.0203550462802178 -0.122548277537991 0.058642192364286
v -0.024367526019584 -0.122616413086702 0.0571902605029137
v -0.0247573570981605 -0.118318062065923 0.0635516927342483
v -0.0157995068461127 -0.124253931231925 0.0566260019698887
v -0.0124627927966608 -0.123202140387082 0.0593245388718425
v -0.0272450757611074 -0.118715058739248 0.0624450542976322
v -0.0262129935614512 -0.11608484029449 0.0653927535103391
v -0.0269181480618514 -0.114214715060063 0.0667968675465092
v -0.0213996361400598 -0.115324083982592 0.0669443443355483
v -0.0282132468905777 -0.106764254858538 0.071938088418437
v -0.0317714499021089 -0.0937589108691835 0.0801305529446031
v -0.0327811524238599 -0.0770749327027013 0.0916719267143623
v -0.0384993231100571 -0.0694425144508061 0.0934079641087063
v -0.0539983872040743 -0.0673755374577662 0.0772598592059345
v -0.059156814485587 -0.0565632864191377 0.0732625259474845
v -0.058740561789775 -0.0544269706088112 0.0757772533049303
v -0.0592252219804472 -0.0560452327315463 0.0734653903514432
v -0.0345668923958805 -0.0710120833118019 0.0950233021000779
v -0.0354172493757728 -0.0763716352592193 0.0906541923287318
v -0.0444653075180367 -0.0667501879760799 0.0900475735206699
v -0.0403454127753051 -0.0747975811494182 0.0883252228425765
v -0.0488334667426052 -0.0709250903466015 0.082542626204879
v -0.0473207644289623 -0.0656747638933463 0.0876679177358466
v -0.0409189658289276 -0.0685538540421629 0.0920907610932567
v -0.0511550970893266 -0.0629138250328261 0.0844901781270613
v -0.0545929508916352 -0.0596081296081062 0.0811090898265893
v -0.0527913523613388 -0.061525174866373 0.0829123091046741
v -0.00696293014079572 -0.0743216828401331 0.101212923946688
v -0.0210752807533454 -0.086627156652535 0.0891694108582419
v -0.017244578387799 -0.0743248716881209 0.0996197961355791
v -0.0298483361469121 -0.0818594265794553 0.0896356011263519
v -0.0108613689833942 -0.0880403154999599 0.0901045183068994
v -0.0235836934006058 -0.0730133983484945 0.0987674646355033
v -0.0568837246637269 -0.0708356908442513 0.0690816550907122
v -0.00369092274371233 -0.074690896302835 0.101136577849018
v -0.0073463742101723 -0.0850350572394009 0.0928571352469071
v -0.0426966554498948 -0.0714842190784846 0.0885804871787021
v -0.0448172170100571 -0.0729842218795218 0.0856185685332439
v -0.0420949168543613 -0.0804023614675625 0.0831828024271994
v -0.0468824952709914 -0.0719854940612429 0.0841260980637498
v -0.0478456950013499 -0.0798765293750662 0.0780838785003748
v -0.0504075655558827 -0.0720666532227647 0.0798168015520989
v -0.0523923179545451 -0.068618115289581 0.0791082513531688
v -0.0373501531923154 -0.0840867698437331 0.0840629692957631
v -0.0379383913379565 -0.0756184636371614 0.0895344445958485
v -0.00369998288110647 -0.088679716774415 0.090206509302411
v -0.0176627067669777 -0.0924773888587885 0.0854509528253014
v -0.0548051471185444 -0.0708198434618446 0.0736231563920567
v -0.0412853555220328 -0.0890526406256635 0.078085681540839
v -0.0493121403927208 -0.0811406319307988 0.0756001530080999
v -0.0440006744848207 -0.0817226637437907 0.0807104316195004
v -0.0499932611865866 -0.0869958783769958 0.071189707416526
v -0.0549528697565222 -0.0823001209010244 0.0659094959666692
v -0.0551779033317562 -0.0760138882382305 0.0695518165181916
v -0.0323282726796644 -0.0854082642126671 0.0858941580527836
v -0.0459820554962997 -0.0808298310106775 0.0794339385755224
v -0.0396846246126514 -0.0833452807301914 0.0830291342058226
v -0.05381673090217 -0.0883015477152612 0.0644825160991583
v -0.0534224760420684 -0.0802656954894303 0.0702132417958995
v -0.0527287786701572 -0.0766961154431388 0.0735763965492756
v -0.0072244054312503 -0.100749677771642 0.0802711901008071
v -0.0348972548122449 -0.0847683935517091 0.0850226413080996
v -0.0512190938411757 -0.0778150583602109 0.0751507339965388
v -0.0514179423550704 -0.0860081774162449 0.0698768108365652
v -0.0143699846636568 -0.0861415800405952 0.0910568738492532
v -0.0288612740733456 -0.0984582669750103 0.0778285471090254
v -0.0467836856868454 -0.0888324014982804 0.0736270455950414
v -0.0109207445133637 -0.105100831048705 0.0764123258796559
v -0.0233084000793115 -0.0999312837774216 0.0783708599573926
v -0.0210526216787123 -0.102726577259605 0.0767403525842647
v -0.0240189208595323 -0.0879215905170489 0.0873150954995655
v -0.0266328448871187 -0.0906601180347014 0.0843826662514507
v -0.0261531784472965 -0.0988877481745662 0.0783771184449542
v -0.00365753530038892 -0.102200804771744 0.0792597291038991
v -0.0430935701668461 -0.0904737268895815 0.0758134184223394
v -0.0520154676479471 -0.0896760753084412 0.0667878150912862
v -0.0366593391946362 -0.0925798119739487 0.0786043387963398
v -0.0389237043880063 -0.0919209721378109 0.0777422023324176
v -0.0403239737330506 -0.0982876338053443 0.0726604445429047
v -0.0336378610226999 -0.100531472652438 0.0745248032840012
v -0.0358688476203096 -0.101096248923514 0.0731509013514764
v -0.0421029709307044 -0.0992270550115132 0.0709235205294895
v -0.0449985492117571 -0.0896812534611317 0.074749810812999
v -0.0342747551771832 -0.0931856334869993 0.0794054103030545
v -0.0439361263900953 -0.0985170818488792 0.0700795709323979
v -0.0456511231106104 -0.0977659889384769 0.0691811575923601
v -0.0481534523597819 -0.0901973848992352 0.0713883026378981
v -0.0311075846501585 -0.102130434049209 0.0743726251787105
v -0.0155246465897467 -0.0999439348612612 0.0799650010474398
v -0.0152025505912386 -0.105681767626523 0.075433327061683
v -0.0487201918585332 -0.0961382310522828 0.0672294258945563
v -0.0514342032446344 -0.10099059225689 0.0610690401255554
v -0.0207231365680736 -0.109530625191449 0.0715414046151622
v -0.0386879606048693 -0.106969242649868 0.0678989723049334
v -0.0527586443177254 -0.0913401473186835 0.0645786211361299
v -0.0422677032414771 -0.105474835233968 0.0669039100355526
v -0.0380705310890967 -0.100504389796279 0.0724671317830577
v -0.0317029828026134 -0.109270369002051 0.0690875112469305
v -0.045438613959366 -0.105176618342472 0.0649153575692618
v -0.0500730866943939 -0.0952677500574019 0.0661754667868733
v -0.0149968512695756 -0.111117442143781 0.071096053620516
v -0.0380668356017089 -0.112128642231993 0.0648135677394218
v -0.0342339856066473 -0.106679839793814 0.0700071140377123
v -0.025578286152025 -0.107164999173307 0.0723336397334864
v -0.0503655666397441 -0.106245701982127 0.0596049600927913
v -0.0502461226759199 -0.107200232963341 0.0590861463751015
v -0.048781092894637 -0.107913186357739 0.0604619444803459
v -0.0426967225051095 -0.110561859887697 0.0635087624898084
v -0.0413390034190803 -0.111652423547794 0.0635624439218094
v -0.0474007426736475 -0.108895917782023 0.0611849301788599
v -0.0471394061502344 -0.100507198664717 0.066232866058509
v -0.0506120057296252 -0.0993096670360201 0.0631586671659648
v -0.0505577282586176 -0.104988945697693 0.0600572550283986
v -0.0494826357266678 -0.103866918240745 0.0619731829619441
v -0.0350658204461244 -0.112815734665257 0.0655038416645562
v -0.0487702783786222 -0.110700761039653 0.0578178824972089
v -0.0363653132540583 -0.114140321024646 0.0639772102837888
v -0.0411327341280924 -0.113821555435135 0.0617528916503587
v -0.0504568921168719 -0.105520984122838 0.0599081987163082
v -0.000945946051087954 -0.108093512731218 0.0744361041239774
v -0.0313344845955349 -0.113698598523119 0.0660697057976639
v -0.00725871721208187 -0.119488980224965 0.0645808637608394
v -0.007435836111125 -0.113451954542304 0.0697416498569775
v -0.0143001745972225 -0.116274867322363 0.0669826850224431
v -0.0406721728365244 -0.115521941569425 0.060105214414629
v -0.0447886738403344 -0.110223916506782 0.0624015280067579
v -0.0443772751970085 -0.112512384324546 0.0607002922736043
v -0.0471564158230293 -0.111041647399435 0.0595204779612911
v -6.97239488389655e-08 -0.121996517429145 0.062023504182171
v -0.00633223067743127 -0.121199350135666 0.0628233016396321
v -0.033361247086205 -0.116994816810828 0.0623233267145605
v -0.0311211875455178 -0.115887042312293 0.0642913044029927
v -0.0374213397532959 -0.114970777506933 0.0626776129898962
v -0.0499138901641234 -0.109372345082446 0.0574785197344753
v -0.0501145305423664 -0.108128157925479 0.0584711195870238
v -0.0197326211509503 -0.11804864166385 0.0647638500162098
v -0.049324530706281 -0.112252046178774 0.0542560468407859
v -0.04687745495402 -0.112775091754571 0.0577331358701035
v -0.0120601103999232 -0.119562279025209 0.0641743302902356
v -0.0163152676178905 -0.11988167791397 0.0633714631936372
v -0.0205359798759193 -0.120711672460333 0.0615776875262479
v -0.0369386800431954 -0.116662006879127 0.061016096301017
v -0.0441030975999809 -0.114240918747851 0.0588926585266145
v -0.0496245357368361 -0.110895586240666 0.0559381718351355
v -0.0338137617520094 -0.120266962276461 0.0571142161537509
v -0.0318641202088204 -0.118729967348649 0.0607639686592526
v -0.043878037947719 -0.115728449278955 0.0568189123983924
v -0.0370353028822843 -0.117834623770275 0.0593100810205173
v -0.0388286312694348 -0.117993201902454 0.0577453510967191
v -0.00522103217199552 -0.122950437462847 0.0605327995002389
v 8.4560363016781e-08 -0.124260972029468 0.0585978912130469
v -0.0131100721275204 -0.121784481389693 0.0614276775398624
v -0.0305642455586917 -0.120030443633065 0.0592969046690262
v -0.0257594916938749 -0.120481904041883 0.0604501874644267
v -0.0420724496321481 -0.117987464956308 0.0545258286328801
v -0.0478554291833501 -0.113420401338499 0.0551491143893648
v -0.0490096841215396 -0.113479037398462 0.0524735625280388
v -0.00442288000505102 -0.124856362731343 0.0573839159894604
v -0.00817825235614219 -0.1251437017769 0.0563584777036649
v -0.0414838426828261 -0.11667803307544 0.0577374162285607
v -0.0312510157543957 -0.123414370141599 0.0512631896600904
v -0.0448237623440695 -0.117858495426707 0.0506825286742479
v -0.0418002240869261 -0.119525540218134 0.051069556525285
v -0.0453666078346504 -0.115646418399642 0.0550463261817472
v -0.0385591661638846 -0.119769688254846 0.0543917852403569
v -0.0345857386365001 -0.121473300490022 0.0538089747620603
v -0.0382006144803195 -0.121711473162047 0.0494458254550585
v -0.0292015047821396 -0.12238592196205 0.0553539047683647
v -0.047507334387988 -0.115219261780862 0.0520759697539515
v -0.0465302914810843 -0.117625933040978 0.0475194518077496
v -0.0481154730312354 -0.116235029074253 0.0475378063126398
v -0.035304730725511 -0.12239730644739 0.0505990188434939
v -0.0334291740186932 -0.124222310972905 0.0464647103891214
v -0.0048868192030594 -0.126669744352978 0.0533202502134386
v -0.00337029055122786 -0.128086904161547 0.049572205925609
v -0.00860186156779994 -0.127433890678508 0.0506177309762448
v -0.0152777120363347 -0.127242485293445 0.0489103857671383
v -0.0123952849592645 -0.126091162158253 0.0533251303436205
v -0.0252972242196219 -0.124546522935966 0.0520426209559451
v -0.0474990344425244 -0.117685209850771 0.0443914671750784
v -0.0116935130219168 -0.128735164174921 0.0452193644966327
v -0.0427255823244572 -0.121623474368626 0.0415052948555657
v -0.0430449178832936 -0.120307173053541 0.04631442473126
v -0.0466257818321027 -0.119366962085955 0.0402157074164813
v -0.0274841816182035 -0.125551024953288 0.0472571951018901
v -0.0337579643628019 -0.125280509316041 0.0414160108249781
v -0.0410370351608504 -0.122928719023865 0.0393376341610185
v -0.0378673947667511 -0.123201603945365 0.0444342484079097
v -0.0405398579967681 -0.121747034777574 0.0456767481786739
v -0.0446167517204303 -0.120892967409136 0.0396297714196941
v -0.0456908645011876 -0.119097795003581 0.0445283268870042
v -0.0299305085872337 -0.125850925675732 0.0436662574783059
v -0.02117562515685 -0.127821380412505 0.043197869288969
v -0.0136681913058933 -0.129280129355344 0.0418340293653154
v -0.00138697634722239 -0.130945244446704 0.0384512572336661
v -0.00468554971651739 -0.129214594058847 0.0456372712782635
v -0.0293077276927993 -0.1269504374817 0.0391674927063101
v -0.0245851369550799 -0.127784231823562 0.0403068838944982
v -0.00473969261143443 -0.131386199538553 0.0353235147448588
v -0.0078157500028445 -0.130153367064607 0.0407605460116145
v -0.0390277554547677 -0.124612892697357 0.0349366210042695
v -0.037518629419242 -0.124423923651761 0.039298622921885
v -0.0330536946187068 -0.126889208620102 0.0338803373154922
v -0.0448002594913182 -0.122089821035106 0.0323006466261898
v -0.0243135409838182 -0.128832558148979 0.0348808049809753
v -0.0192689976712444 -0.12944735015964 0.0366374432302093
v -0.0437128138987052 -0.123441251832113 0.0277430967745983
v -0.0411571422262422 -0.124408329589055 0.0302499879840764
v -0.0186522889990298 -0.130779200833955 0.0287001145176564
v -0.0117089562103905 -0.130785116594007 0.0353485896732973
v -0.0286354544619838 -0.128461191468827 0.031330063238813
v -0.0387091500527136 -0.125699097768498 0.0288501766581049
v -0.00751996525986442 -0.13199699803865 0.02988686159506
v -0.0428897409406153 -0.12296431044171 0.0338091209424483
v -0.012927380195078 -0.131633499170356 0.0284744476122905
v -0.0241559332896071 -0.129716405483323 0.0292601820991892
v -0.0327840171716433 -0.128191897726603 0.0252894567261013
v -0.035952856628456 -0.12629605309205 0.0317172699037804
v -1.5817746370303e-08 -0.132177153048803 0.0308880165765878
v -0.00306614788796311 -0.132564806695546 0.0273402140884053
v -0.0281985170950826 -0.12982139904838 0.0214715148179639
v -0.0429753331968865 -0.124310488580232 0.0244864424805393
v -0.00721851155727515 -0.132900529803797 0.0218955590152243
v -0.0244745535928201 -0.130784863274307 0.0198069918198811
v -0.0398595604919272 -0.126121635028043 0.022039791076486
v -0.0425818829993612 -0.124752263235816 0.0226522641781211
v -0.0414373398914337 -0.126057619649746 0.0163290850893612
v -0.0328206963740827 -0.129025975190483 0.0180072445122768
v -0.0307774941799426 -0.130066150582024 0.0127345097198819
v -0.0363315882063553 -0.127517396772544 0.0217041759557089
v -0.0394195963271403 -0.127328166956669 0.0126023503928851
v -0.035698095241373 -0.128654951236984 0.0126586087943924
v -0.0411131130272141 -0.126459950937929 0.0139155477900308
v -0.0154325751233553 -0.132753947104469 0.0130244788596523
v -0.00698590074278041 -0.133496278133484 0.0132101063457853
v -0.0240691899188169 -0.13148082189707 0.0128502433109974
v 0.0253599078068497 -0.135228210021 0.00913825145054791
v 0.00436344021383412 -0.133945473566161 0.0118474501330975
v 0.00990501261022451 -0.133276411535071 0.0131454492774878
v 0.0375615745589659 -0.129850694726623 0.00964712888791124
v 0.0383416688497247 -0.127873713282286 0.0118163113635113
v 0.0409634793156174 -0.126652369601792 0.0125765676593058
v 0.0410922439542844 -0.126978019526679 0.0112175054203531
v 0.0385972013717767 -0.129624197112535 0.00957777236600729
v 0.0396983336787673 -0.129502856976251 0.00941724122873154
v 0.0419263921986686 -0.128923797944444 0.00921525785590877
v 0.0417586945572904 -0.129683980561727 0.00904761979622498
v 0.0423192947786071 -0.129822978571215 0.00897554940039926
v 0.0409039082079383 -0.129543254017816 0.00918148716878547
v 0.0344982837353762 -0.129721233458781 0.0107849805999179
v 0.0327298961628033 -0.133595981787159 0.00905643010758392
v 0.0366216951421631 -0.130199977889401 0.00967243012773029
v 0.0414661550073049 -0.127859780698788 0.00998374518043372
v 0.0385392246880916 -0.128376627392515 0.0107004267565811
v 0.0345440191170894 -0.130587527228033 0.00987366099192959
v 0.0352389905380798 -0.130971232067689 0.00950463374321236
v 0.0360939929542347 -0.130450973008592 0.00963075996270567
v 0.0287725916892638 -0.13158286503268 0.0103892541962284
v 0.03445347222551 -0.131548562565073 0.00934642532438579
v 0.0302976675526632 -0.130168163915317 0.0127396226807023
v 0.034329688299179 -0.129232713867974 0.0118817954462365
v 0.0371223778038583 -0.128201792096061 0.0126375068879685
v 0.0335904380847502 -0.132408031603584 0.00915846301261045
v 0.029531753577168 -0.134377353852287 0.00910104697716876
v 0.0120836477116043 -0.137052335378145 0.00934491844449374
v 0.0165435366072336 -0.136565752937985 0.00927944553763913
v 0.0135436362445934 -0.135515027525998 0.00958859526540498
v 0.033050088538272 -0.133106746940729 0.00908331459574443
v 0.0264307851734979 -0.133087286027308 0.00965962257997045
v 0.0228135400454259 -0.132723876565967 0.010482407872027
v 0.0286341934514186 -0.130924367923195 0.0113940813825857
v 0.0210509117707376 -0.135950037055476 0.00921497752782007
v 0.0272862551135109 -0.133776047390359 0.00930041705890557
v 0.0237971375995663 -0.131524050158811 0.0128543485808146
v 0.0104187142281176 -0.133583569121861 0.0117248061286329
v 0.00717433846893218 -0.13434784955782 0.0109749843707312
v 0.0227298122966522 -0.131840386859435 0.0120606913329506
v 0.0197762405681108 -0.132807531671591 0.0110733907057332
v 0.0168289422274332 -0.132570856566028 0.0129949335829556
v 0.0166124172138864 -0.132723086804549 0.0121782773246256
v 0.00776151351002362 -0.137397312106023 0.00940880717168434
v 0.01338931332458 -0.134466134956546 0.0102077114908164
v 5.48990809787679e-07 -0.136250578527749 0.00980244182491805
v 8.55753376260941e-08 -0.137642078540827 0.00951668691970362
v 0.00335434677694997 -0.137599267511532 0.00945930999980919
v 0.00431071246334392 -0.135066025808386 0.0103677415765582
v 4.62730438019096e-08 -0.134901159387184 0.0106404393395683
v 2.15211263410133e-08 -0.134020247581128 0.0118679448172164
v 0.00378340049951216 -0.133622550553338 0.0132718195034902
v 2.09539843646589e-07 -0.133683540996395 0.013338924087459
v 0.00323882926847529 -0.0458800011848203 0.144211870188746
v 0.0026834840339492 -0.0453653337855711 0.140000012367963
v 0.00324590173098099 -0.0458786712563955 0.139999997466803
v 0.00296232080424518 -0.0454764964303802 0.144175481553924
v 0.0026804444303802 -0.0454185942524892 0.144168343897871
v -0.00319766505006125 -0.0457999447090513 0.144202616567851
v -0.00309480444619127 -0.0455910118359241 0.14419012939505
v -0.0035087493250308 -0.0501774916636774 0.144589003668971
v -0.00292296498115251 -0.0454663636423815 0.144174349065698
v -0.00276954986767422 -0.0454212243070212 0.144168969746628
v -0.00140305481400619 -0.0502853015477516 0.144589003668971
v 0.000667186638761011 -0.0455000030084212 0.144169029351271
v -0.00134018973532048 -0.0454801919177679 0.144168999548949
v 0.00140305481400619 -0.0502853015477516 0.144589003668971
v 0.00280194196015447 -0.0454233700738915 0.144169416781453
v 0.0035087493250308 -0.0501774916636774 0.144589003668971
v 0.0030440285146761 -0.0455402249613704 0.144179177041817
v 0.00319191413407855 -0.0457683058235834 0.144208457822909
v -0.00324588939095884 -0.0458786675311058 0.139999997466803
v -0.00295451399400631 -0.0454718174665102 0.144175258036511
v -0.00268044466321081 -0.0454185979777789 0.144168328996711
v -0.00268347611770858 -0.0453653635878888 0.140000012367963
v -0.00324024883668366 -0.0458797478651204 0.144211199636507
v -0.0945620833296673 2.51441966075617e-10 0.000100014998262878
v -0.0945728196145982 3.28957308980907e-10 4.37681525676033e-09
v -0.094519004079514 -0.00151632818467928 2.15672467060934e-07
v -0.0933763832210745 -0.00310871095266152 0.00863091442068857
v -0.0930114240392161 -0.00509362260745878 0.00847397446318027
v -0.0939478650136207 -0.00528667037962098 3.91856295090965e-07
v -0.0752975746325178 0.0182326760919035 0.0101035421318514
v -0.0747639641351167 0.0186647817580568 0.0101642233841667
v -0.0732774990368689 0.0197679611117405 0.0108530835616644
v -0.0730827334404913 0.020362947619683 0.0109881262632878
v -0.0726095694938499 0.0201948811746239 0.0115504718597873
v -0.0722761858675345 0.020372797285664 0.0120433994670942
v -0.0722798664537634 0.0208393451177886 0.0120545744064173
v -0.0741079704203138 0.0191718607421762 0.0103694309956708
v -0.0754078804606947 0.0193847535982602 0.00973108482216854
v -0.0751781567457216 0.0188937604150888 0.0100586114065659
v -0.0742990405293037 0.0196592813725201 0.0102202741007446
v -0.0744059116403721 0.0201195334650426 0.0098965240293028
v -0.0719950457040475 0.021774258723414 0.0110386030143812
v -0.0733069586278592 0.0207650404893248 0.0105269120515828
v -0.0722475085873823 0.0213791209696522 0.0116114408907717
v -0.0811624844802107 0.0159350682758473 0.00931880974802055
v -0.0748288139783082 0.0202075285331738 0.00923352481647897
v -0.0921711849461636 0.0010590978841844 0.00967494469862554
v -0.0919669347621961 0.0024467991495004 0.00969255321415022
v -0.0924882965070459 0.00214512681897154 0.00963426452947561
v -0.0905360211840352 0.00777303210579271 0.00931483858865115
v -0.0863335069662173 0.0117933787256943 0.00949685161195282
v -0.0865111883840059 0.0120514397881338 0.00910413989936992
v -0.0792094864509971 0.0156916634344312 0.0100199550013254
v -0.0796522818359601 0.0171680721131192 0.00886282863774533
v -0.0837736294416768 0.0124989551151536 0.00992034632890642
v -0.0815072525918658 0.0141302278121847 0.00997027173704791
v -0.082414792768736 0.0144829373101693 0.00973412372766158
v -0.0828831659928162 0.0136481706676941 0.00991322916195029
v -0.08267295534532 0.0150793059005925 0.00891835222575771
v -0.0889381475718578 0.0095633383516697 0.00935489197772237
v -0.0874882946208347 0.00942960697050291 0.00983395312352583
v -0.0859624457598214 0.0107801921267463 0.00987042371473259
v -0.0860990148804213 0.0114368200721215 0.0097641970642463
v -0.0917310121651533 0.00542520785016895 0.0095074267795512
v -0.0894474766309592 0.00736942164625717 0.00978326403089022
v -0.088502519644288 0.00842871755287247 0.00980845164935771
v -0.0896382934202491 0.00798746909445966 0.0097195168647278
v -0.0921213852733819 0.00565900796340213 0.00907619929143341
v -0.0902895932700231 0.00625466083254063 0.00975979283988938
v -0.0910074714974121 0.00506870321329695 0.00973805111487095
v -0.0920823889407458 0.00399161159775897 0.00964883320818469
v -0.0915765765551263 0.0037944436551826 0.00971433778000613
v -0.0929379240733286 0.00407978547979602 0.00885529051299488
v -0.0934574082721669 0.00214706024432865 0.00874067264629887
v -0.0930602774884127 0.0019650279209947 0.00931214427250301
v -0.0936173647615372 -1.81560110463042e-07 0.00871623101719697
v -0.092934921489826 -3.56831085604477e-09 0.00948918123939973
v -0.0922103228398085 -3.95041234561459e-08 0.00967157144833568
v -0.0567657261123084 -0.0717701872174297 0.0234444024388998
v -0.070125404757282 0.0107143755708762 0.0140327780164902
v -0.0701105632030957 0.0106234552190038 0.0142977495275941
v -0.0500740776214555 -0.113085587200937 0.0444388528666156
v -0.0573992898577951 -0.067858193442577 0.0278888990456857
v -0.0502450535177745 -0.112030324386089 0.0482917827004541
v -0.0549315983523044 -0.0830945016778034 0.0408634795055506
v -0.0503551395538587 -0.111350235497471 0.0501334618747205
v -0.056880081330395 -0.0710638499375481 0.0416806181889634
v -0.0575678852939923 -0.0668176678738035 0.0252586876915688
v -0.0575623904916768 -0.0668515605595432 0.0244944704809531
v -0.0530090433905634 -0.094964556178859 0.0610954375320202
v -0.0560442157274567 -0.0762246576791825 0.0409909589367145
v -0.0570477901476423 -0.0700289644573886 0.0436325957559214
v -0.059757219427406 -0.0533002753638622 0.0467970137268972
v -0.0597306730129653 -0.0534641955614791 0.0493824172903057
v -0.0597490722188203 -0.0533500899378028 0.0498729150770698
v -0.0580657926148569 -0.0637430670706682 0.0484408278366738
v -0.0546773361540419 -0.084664465419508 0.0644622877732898
v -0.0537800777767586 -0.0902041425747607 0.0626737759409746
v -0.0522846682579282 -0.09943738486828 0.0595686459637736
v -0.0507382408965823 -0.108986136848108 0.054399854218963
v -0.0508712225631959 -0.108164390093153 0.055377295865626
v -0.0516228630911849 -0.103523223012525 0.0581233153166626
v -0.0515268921777944 -0.104115983659868 0.0579414988024197
v -0.0511883266734988 -0.106226404981453 0.0569901677148751
v -0.0510146834697508 -0.107281086651107 0.0562224673579081
v -0.0513682805180077 -0.1050930526438 0.0575647378512158
v -0.0593417415918527 -0.0558657035700637 0.0481934946434164
v -0.0591165366532923 -0.0572562685354255 0.0486423362349941
v -0.0597275400443231 -0.0534831833631076 0.0487478774320808
v -0.0597919316768809 -0.0530857582814666 0.0504549655961625
v -0.059855622954974 -0.0526925353266134 0.0509482200976859
v -0.0586484316500708 -0.0601470262915994 0.0490056637896821
v -0.0558691569136207 -0.077305900664436 0.0667796120022324
v -0.0584707912104689 -0.0612428910389465 0.0489489984002188
v -0.0582952332078124 -0.0623265033084526 0.0488015365123405
v -0.0599887685343347 -0.0518709040556394 0.0515181447971282
v -0.0599178278424748 -0.0523089087180412 0.051271370397403
v -0.0572699962279899 -0.0686572010291701 0.0453589362198352
v -0.055015845778992 -0.0825745108395652 0.0409909626620047
v -0.0574444105667069 -0.0675798546969485 0.046353860653478
v -0.0598033645909867 -0.0530148809195317 0.0474448416953197
v -0.0595563220041733 -0.0545407186046758 0.0475756738876773
v -0.059755487167693 -0.053310899890102 0.0480038252173999
v -0.0569692312383349 -0.0705137438573314 0.0688691347345158
v -0.0600855180332735 -0.0512733079822583 0.0517112228636915
v -0.0611476800846559 -0.0447150956433631 0.0342569939585702
v -0.0602479257632701 -0.0502704674441447 0.0436303643070825
v -0.0604635380808391 -0.0489390414528561 0.0469614517622861
v -0.0711196473267556 0.0168536148211521 0.0427882736298082
v -0.0712665578515776 0.0177605738528282 0.0394632919252673
v -0.0674200621203251 -0.0059884264844874 0.0346828318830691
v -0.0704939774701546 0.012990612331215 0.0753099230980145
v -0.0687902758280263 0.00247179933588272 0.0806800556030857
v -0.0704005546549226 0.0124140073340014 0.075823849234942
v -0.0703530870134965 0.0121204982773701 0.0773164016608208
v -0.0704572684653976 0.0127641650085378 0.0766965208195927
v -0.0678314011590157 -0.00344858775893348 0.0858561377408473
v -0.0701191760728945 0.0106765899573943 0.0817406904308343
v -0.070075038840465 0.0104039378665011 0.0812701862766552
v -0.0693581366389789 0.00597776330836691 0.084281487369206
v -0.0691644141237188 0.004781547172597 0.0840837638657443
v -0.0689995924059932 0.00376415262609619 0.0857897903221147
v -0.0692598932988681 0.00537103934388519 0.0842303018816493
v -0.0692123138987508 0.00507759501416252 0.0854628439516683
v -0.0694187322013269 0.00635179357065795 0.0850168075036226
v -0.06980613997895 0.00874414342016305 0.0836828108798829
v -0.0696041994745998 0.00749697323746392 0.0838996674738898
v -0.0696194657118125 0.00759086776750483 0.084425395330219
v -0.0694877469184091 0.00677727287774781 0.0841749217173102
v -0.069973018056593 0.00977399323996325 0.0827877801033605
v -0.0702380426168144 0.0114105865820161 0.0806015711888319
v -0.0704057402581926 0.0124457114120392 0.0780453068454867
v -0.0703180990925834 0.0119049716414643 0.0781347883164557
v -0.0661647736000355 -0.0137389662223613 0.0837252866389165
v -0.0706416256023383 0.0139019448530052 0.0689064770436329
v -0.0706481225075846 0.013942279495968 0.0650408551460313
v -0.0654824867904919 -0.0179512975098754 0.0430019972547442
v -0.0651971966542732 -0.019712746730372 0.0443113697101614
v -0.0650585935254941 -0.0205685966499349 0.044712497784663
v -0.0710774472449728 0.0165931593287543 0.048763322485313
v -0.0708747840344198 0.0153417972638142 0.0545736129304704
v -0.0708369425415923 0.015108060480506 0.0601071068620583
v -0.0647155613988417 -0.0226863381657902 0.045262630017192
v -0.0602672115880749 -0.0501514891415337 0.0516805301976085
v -0.0601873451020809 -0.0506441289027549 0.0517499323543176
v -0.0578834434090674 -0.0648692146980306 0.0705785810073037
v -0.0590615737289788 -0.0575946142476285 0.0725017099268352
v -0.0714617928344581 0.0189661129917471 0.0294934504592392
v -0.0714146083150495 0.0186747226936357 0.0277684678636089
v -0.0716472377559928 0.0201109150073091 0.019607046180806
v -0.0715159287444569 0.0193000703126771 0.0146047758399373
v -0.0716578548316532 0.0201766198044881 0.0146139391225441
v -0.071502689064844 0.0192185963641752 0.0141054994067811
v -0.0715126802918338 0.0192800580563797 0.0142887361879184
v -0.0717468371015563 0.0207259044583247 0.0141187018353037
v -0.0701057873816933 0.0105936985361595 0.0145302998379551
v -0.060363793448977 -0.0495550777102789 0.0514667916715117
v -0.0656762912621255 -0.0167547977864267 0.0415405994309351
v -0.065367300832801 -0.0186623063030476 0.0436247912729205
v -0.0673823547379271 -0.00622095580826983 0.034545949819402
v -0.0605189033364407 -0.048597801190552 0.0506594728531061
v -0.0638010921831195 -0.0283323965565152 0.0438080979032494
v -0.0693443828693865 0.00589254311540502 0.0346828095313279
v -0.0648613543367522 -0.0217863212114801 0.081809757311424
v -0.0688253904087893 0.0026882095639405 0.0819907021077565
v -0.0675115477849103 -0.00542374474263716 0.0855102221926252
v -0.0687986279275458 0.0025230702652675 0.0814009141608868
v -0.0670715016637499 -0.00814053379787504 0.0849667917571933
v -0.068314429672797 -0.000466517593249562 0.0861534680540829
v -0.0689457470685913 0.00343152430226851 0.0832035820960197
v -0.0685571173959448 0.00103208650702238 0.0861327256381647
v -0.0688666070140899 0.00294315349021909 0.082549689355127
v -0.0701734088404257 0.0110108080486038 0.0802982729606716
v -0.0703336782541314 0.0120010934290878 0.0793536809231263
v -0.0702543519351446 0.0115111312198424 0.0792470333148457
v -0.0680662881255205 -0.00199819976317641 0.0860496963698484
v -0.0687792266187601 0.00240355132998801 0.0860118325201012
v -0.0690468141782988 0.00405546446029312 0.0837241616012716
v -0.069990392807779 0.0098813486386934 0.0819324013158887
v -0.0697542913968303 0.00842350028464006 0.0832984428860595
v -0.0698949806878443 0.00929246974322296 0.0825612601065354
v -0.0547320457586554 -0.0843263581258461 0.0347841933045344
v -0.0678341653239771 -0.00343096318050664 0.0290705536513652
v -0.0683899859986019 -1.61749965428281e-08 0.0290007994547307
v -0.070002291383098 0.00995470797489451 0.0145246997954391
v -0.0689302275116787 0.00333551823145646 0.0290706598221363
v -0.068975303517114 0.00361341366761001 0.0292354107819033
v -0.0694118478659513 0.00631050618485303 0.033947172747243
v -0.069411534941616 0.00631202470606919 0.0342170551221731
v -0.0694016107698408 0.00624507752477349 0.0343965582311923
v -0.0693819859436728 0.00612505940067348 0.0345459311929509
v -0.0683899859986019 3.73223947838081e-10 0.0347999997109175
v -0.0655866235389166 -0.0173085192603024 0.0423118537147674
v -0.0588837060467049 -0.0586929749390783 0.0489145655427597
v -0.057953907263845 -0.0644342573226077 0.0258066536678377
v -0.0575462599872524 -0.0669506681668656 0.025872546601164
v -0.0575132576457523 -0.0671549779554684 0.0263416183812554
v -0.0577400160301199 -0.0657543137297154 0.0264213377292155
v -0.056128630792181 -0.0757046668409443 0.0408634646043897
v -0.0604254805212087 -0.0491743046736211 0.0747936202259297
v -0.0571529923289227 -0.0693788865026379 0.0445235994937211
v -0.0599887461825964 -0.0518709897373026 0.0464826849144097
v -0.0572294315483878 -0.0689070487591317 0.0276805193495634
v -0.0547524454450821 -0.0842003539268507 0.0397435045299641
v -0.0500219347414491 -0.113407750254659 0.0428347093723407
v -0.0548056761096826 -0.0838720739474317 0.0402974887125755
v -0.054732038308076 -0.0843263581258461 0.039215805995111
v -0.056128757452031 -0.075703899431265 0.0331367768391197
v -0.0562172293572445 -0.0751571684635214 0.0334694303541758
v -0.0574099367357731 -0.0677930157738913 0.0271189616519445
v -0.0575384406041608 -0.0669991639882505 0.0272027844070766
v -0.0498209851641605 -0.114648010956277 0.0302731220363128
v -0.0613265647710194 -0.0436098319900892 0.0331367954655708
v -0.0549314158131088 -0.0830952616369033 0.0331367619379588
v -0.0550157861743567 -0.0825745033889858 0.0330090366376407
v -0.0547901900803772 -0.0839676872330104 0.0338377982265249
v -0.0548428954791292 -0.0836420149563851 0.0334694266288856
v -0.0605445631319315 -0.0484390479697565 0.0351594380626208
v -0.0605626903916379 -0.0483267938150637 0.0362608983458378
v -0.0611273474534439 -0.0448408800502658 0.0347836605880336
v -0.0606062800064808 -0.0480580886686134 0.0491308111891714
v -0.0639305385498027 -0.0275333107388383 0.0443151508797299
v -0.0604940407529469 -0.0487510782354806 0.0402839398320629
v -0.061200877221649 -0.0443867337075705 0.0402974551849636
v -0.0655866607918137 -0.0173085267108818 0.0316881195078465
v -0.0654453307509703 -0.0181813658141462 0.0307752315526776
v -0.0612597926783399 -0.0440227952550914 0.0406276984372504
v -0.0656762912621255 -0.0167547977864267 0.0324593998687103
v -0.0601054297067489 -0.0511503771472699 0.0448110689637571
v -0.0567658862997657 -0.0717694198077504 0.0265577634448313
v -0.0567264280312062 -0.0720128674899982 0.0261149791751434
v -0.0598552765030314 -0.0526951765570145 0.0470545020612813
v -0.0569510182969652 -0.0706264860249756 0.0275181488502439
v -0.0602274590216286 -0.0503970751400723 0.0462735806493406
v -0.0568800776051053 -0.0710638722892863 0.0272717451168952
v -0.0600658894818158 -0.0513947785036822 0.0463205938118563
v -0.05626989005252 -0.0748314887363167 0.0338377982265249
v -0.0567178300625661 -0.072066042275253 0.0240026613920332
v -0.0497384886236345 -0.11515795096289 0.0164510157007497
v -0.0568175188150826 -0.0714500581718861 0.0230538504633192
v -0.0568799993740215 -0.0710644608850598 0.0227297911927896
v -0.0570479987638658 -0.0700281225419152 0.0222893650318079
v -0.0569510033958064 -0.0706260911442668 0.0224824952524343
v -0.0571492111598718 -0.0694033691065818 0.0222500818464887
v -0.0497080083032649 -0.11534599613664 0.0129243188442815
v -0.057531559994075 -0.067042340095936 0.0238876989359923
v -0.058353291847871 -0.0619683912090727 0.0251424996150471
v -0.0581791196529848 -0.0630438152918063 0.0253582926386976
v -0.0590580905831043 -0.0576164928740683 0.0252775991273463
v -0.0574678687159818 -0.0674350824884173 0.0267561370114355
v -0.0603067294612698 -0.0499083543836212 0.0463898283305057
v -0.0603806615607631 -0.0494506652904161 0.0465943504886102
v -0.0601464525969847 -0.0508978993627763 0.0462500256393099
v -0.0599177384355218 -0.0523095904460573 0.0467302490756605
v -0.0599408240558262 -0.0521664648155759 0.0458725159047726
v -0.0578455497621841 -0.0651031852432678 0.0479070384523189
v -0.0576377046736508 -0.0663863463811332 0.047209328847915
v -0.0561954922918135 -0.0752908914627864 0.0406276984372504
v -0.0562543779461867 -0.0749271020218955 0.0402974924378657
v -0.0501513699322631 -0.112608869327916 0.0463912402154973
v -0.0548645915663734 -0.0835082845065407 0.0406276984372504
v -0.0563075527314416 -0.0745986581297294 0.0397432251331979
v -0.0567727333822443 -0.0717268844498942 0.0395700997210272
v -0.0570474734980173 -0.0700301789018326 0.0303711455977452
v -0.0567290916133455 -0.0719960887851651 0.0369999996498227
v -0.0499095539269063 -0.114101607814028 0.037802725185393
v -0.0571528917461007 -0.0693794899995702 0.0294788994756587
v -0.0572696572266267 -0.0686589295635934 0.0286442631041051
v -0.0570478050488011 -0.0700289421056504 0.0277112194662268
v -0.057149751326879 -0.0693997406744087 0.0277499345447883
v -0.0573260953656635 -0.0683108906475769 0.0274668814063024
v -0.0644110040642666 -0.0245664397260486 0.0287373674198083
v -0.0593955906545442 -0.0555328936383629 0.0259489988696054
v -0.057491941538058 -0.0672860038449867 0.0234444098894802
v -0.0574255978536946 -0.0676946457739306 0.0229614166998546
v -0.0585293043358716 -0.0608807444508157 0.0250172590833025
v -0.0587066914557735 -0.0597860904226228 0.0250056995077647
v -0.0572495555633763 -0.0687827209405037 0.0223475261252926
v -0.0588837358490226 -0.0586927737734342 0.0250855380650117
v -0.0573426840807216 -0.068206314314967 0.0225943098382433
v -0.0639295923262175 -0.027540142920158 0.0296886631170959
v -0.0598510520245055 -0.0527206649891788 0.0276455146600563
v -0.0637592124762515 -0.0285906056992206 0.0303753887033003
v -0.0601796523788392 -0.0506919467214134 0.0297648732416732
v -0.0624395919280393 -0.0367391349001258 0.0330090403629309
v -0.0600258873209592 -0.0516414560121045 0.0286418882315929
v -0.0611853911923437 -0.0444822948390934 0.0338377982265249
v -0.0612380518876192 -0.0441567864752151 0.0334696054428159
v -0.0604368910835764 -0.0491036918072553 0.0326655984074116
v -0.0626651917473085 -0.0353459957595777 0.0338377982265249
v -0.0567364341593549 -0.0719510798349444 0.0381087652271517
v -0.0567618927892016 -0.0717941929842913 0.0347954995603375
v -0.0568015522234052 -0.0715489199100879 0.0337144315157585
v -0.0563075527314416 -0.0745986581297294 0.0342567741664475
v -0.0504895591822985 -0.110520136642997 0.0519359882488253
v -0.0568194932186264 -0.0714384874220611 0.0406384980535843
v -0.050610251118174 -0.109774959492647 0.0532490450162654
v -0.0569574928504732 -0.0705859921258779 0.0426783999202013
v -0.0499674710059562 -0.113743838441301 0.0407805470947799
v -0.0498590501743703 -0.114413265550782 0.0341271862210217
v -0.0547524379945027 -0.0842003539268507 0.0342564947696813
v -0.0566954336208573 -0.0722045038430232 0.0255079654863186
v -0.0566898829391962 -0.0722386423978835 0.0247465310674936
v -0.0497915181225908 -0.11483019997461 0.0259847039136729
v -0.0560442194527464 -0.0762246576791825 0.0330090403629309
v -0.0568179360475296 -0.0714479720096511 0.0269483917888613
v -0.0569573922676511 -0.0705865881722308 0.0313246988209032
v -0.0568800366269185 -0.0710642075653598 0.0323221825289238
v -0.056736545918046 -0.0719504837885916 0.0358925267481984
v -0.0563279710443168 -0.074472817843481 0.0392165436025736
v -0.0563279710443168 -0.074472817843481 0.0347834556970718
v -0.0605445333296138 -0.0484392305089521 0.0388407437762452
v -0.0624395844774599 -0.0367391349001258 0.0409909589367145
v -0.0635399419241917 -0.029945059568823 0.042310877688731
v -0.062523623287924 -0.0362189019180567 0.0408633602962637
v -0.0636813688225675 -0.0290720174372697 0.0432242257172415
v -0.0605693437590518 -0.0482861769814058 0.0501108009343415
v -0.0605297774570907 -0.0485303920733328 0.0474444579904275
v -0.0614110692426967 -0.0430891855008628 0.0409909552114243
v -0.0603380926752995 -0.0497139911185318 0.0426767980454087
v -0.06132668398029 -0.0436090608551202 0.0408634422526484
v -0.0604155079206674 -0.0492355149087705 0.0416770717126785
v -0.0611476800846559 -0.0447150956433631 0.0397430053410752
v -0.0611273474534439 -0.0448408800502658 0.0392163387116118
v -0.0605663001973625 -0.0483049449909416 0.0373742758324531
v -0.0604939215436763 -0.0487515103690864 0.0337130084548963
v -0.0634503934102534 -0.0304978962863937 0.0324593998687103
v -0.0635090890748516 -0.0301354963785629 0.031940697909727
v -0.0614110915944349 -0.0430891892261526 0.0330090440882211
v -0.0603661292056223 -0.0495404708493441 0.0316491417963249
v -0.0602790915369454 -0.0500777917352918 0.0306830995377205
v -0.0636073100632241 -0.0295287919718522 0.0312186249073157
v -0.0650112823462356 -0.0208616819548622 0.0291684766299618
v -0.0653254881811477 -0.0189202975163052 0.0301918995337509
v -0.0677891861760742 -0.00370910588276438 0.029235058741978
v -0.0627028842285477 -0.0351131800541491 0.0342570163103115
v -0.0627232243103392 -0.0349873174161626 0.0347841970298246
v -0.0627232243103392 -0.0349873174161626 0.0392158022698208
v -0.0625237126948769 -0.036218127057798 0.0331368811472457
v -0.062612367139286 -0.035671414716503 0.0334696799486202
v -0.0640680911468848 -0.0266841961430627 0.0292874996523373
v -0.0595560575086042 -0.0545430208337138 0.0264231966490329
v -0.0597075911179507 -0.0536066916180003 0.0269965001867004
v -0.0642119543847278 -0.0257964093148554 0.0289786730934976
v -0.0646137492311932 -0.0233145430820357 0.0286889125699793
v -0.0648149521281817 -0.0220728164789186 0.0288329602293753
v -0.0683899859986019 2.82836953239088e-09 0.0139308997110076
v -0.0592294874371599 -0.0565591923257515 0.0255585064986682
v -0.0651964292445939 -0.0197187556226668 0.0296852433006783
v -0.0673630279349355 -0.0063410749808531 0.0343965098024195
v -0.0673520904843605 -0.00640784008861445 0.034216984341659
v -0.0673523438040604 -0.00640640492075544 0.0339471690219528
v -0.0634503934102534 -0.0304978962863937 0.0415405994309351
v -0.0605692096486224 -0.0482868102806557 0.0478875067557206
v -0.0649148494969217 -0.0214559327180878 0.0450212200353767
v -0.0637536394428522 -0.02862545019648 0.0801270511718008
v -0.062165209440078 -0.0384326739519378 0.0776329693727276
v -0.0645127715284387 -0.0239381789304575 0.0453110885923112
v -0.0604477167754602 -0.0490369271651552 0.0511184993881322
v -0.0643116803901413 -0.0251799688634996 0.0451670390702701
v -0.0605952158960558 -0.0481265818451369 0.0496289830737788
v -0.0641155885906286 -0.026390546456745 0.0448317070715493
v -0.0606000736738316 -0.0480959711396276 0.0484944161364194
v -0.0625906934037799 -0.0358054953435796 0.0406276984372504
v -0.0626497541467693 -0.0354415568911005 0.0402974365585125
v -0.0627028842285477 -0.0351131800541491 0.0397429829893339
v -0.0604764685614065 0.00999999818448789 0.0866663213074284
v -0.0611974909333068 0.00999999818448789 0.0866996924571761
v -0.0597987601329108 0.00999999818448789 0.0865035857296678
v -0.0588683317760907 0.00999999818448789 0.086028551622587
v -0.0584640931395786 0.00999999818448789 0.0856934990206323
v -0.0581065398336546 0.00999999818448789 0.0853119473462116
v -0.0592820922530898 0.00999999818448789 0.0845658983759753
v -0.0627363969347375 0.00999999818448789 0.086274197259377
v -0.0634395304654724 0.00999999818448789 0.0857900063889472
v -0.0628302667847341 0.00999999818448789 0.0844432692726715
v -0.0587409901980911 0.00999999818448789 0.0835675056971422
v -0.0573175122981822 0.00999999818448789 0.0833949130014722
v -0.057302391347268 0.00999999818448789 0.0828713011099852
v -0.0573532415517467 0.00999999818448789 0.082350177712362
v -0.0574857910847544 0.00999999818448789 0.0818419959729463
v -0.0587620306343472 0.00999999818448789 0.0823513325523287
v -0.0576810893975599 0.00999999818448789 0.0813550558383377
v -0.0579494927955441 0.00999999818448789 0.0809053015506572
v -0.0582725722705344 0.00999999818448789 0.0804927107581635
v -0.0598769986673036 0.00999999818448789 0.0794630703450053
v -0.0598792897204724 0.00999999818448789 0.0809634011768534
v -0.0586566906173477 0.00999999818448789 0.0801355969875545
v -0.0590826402422628 0.00999999818448789 0.0798298698701738
v -0.059464471261197 0.00999999818448789 0.081246865959908
v -0.0642441706901001 0.00999999818448789 0.0847904514195669
v -0.0590278151536685 0.00999999818448789 0.0817581620419436
v -0.0586706045743973 0.00999999818448789 0.0829623993569076
v -0.0574575943669743 0.00999999818448789 0.0840806271713831
v -0.0589818935074701 0.00999999818448789 0.0841651763581072
v -0.0577224587397384 0.00999999818448789 0.0847256313698225
v -0.0593180897275131 0.00999999818448789 0.0862952973031558
v -0.0596562007464647 0.00999999818448789 0.0849040951228716
v -0.0602403112711122 0.00999999818448789 0.0852030645638019
v -0.0608309745803516 0.00999999818448789 0.0853226165773879
v -0.061964479654882 0.00999999818448789 0.0865781734903565
v -0.0614183968875472 0.00999999818448789 0.0852930750259814
v -0.0620162500059179 0.00999999818448789 0.0850976388507119
v -0.0624574360657282 0.00999999818448789 0.0848140399572095
v -0.0638836893064676 0.00999999818448789 0.0853181015256471
v -0.0631029952440662 0.00999999818448789 0.0839959438742113
v -0.0646969722032118 0.00999999818448789 0.0832415279021517
v -0.0645607979633207 0.00999999818448789 0.0840246882135118
v -0.0632472608131975 0.00999999818448789 0.08360364846281
v -0.0633193153666793 0.00999999818448789 0.0831887703421241
v -0.063321088604579 0.00999999818448789 0.0828735958887578
v -0.0646861912148044 0.00999999818448789 0.0826807972189605
v -0.0629813943375026 0.0134527978490945 0.0767021013043351
v -0.0608588397473479 0.0130304617551936 0.0792480316926233
v -0.0616066059740433 0.0128832150229756 0.0792928990879752
v -0.0702972821737096 0.0117763988552171 0.078675387531324
v -0.064134602469285 0.0115686264098331 0.0809750315329053
v -0.0644436003491889 0.0110699311901957 0.0815859344247147
v -0.0698676147096685 0.00912314601288837 0.0827290471778278
v -0.0646270261637032 0.0104976233146573 0.082208087692974
v -0.0646861912148044 0.00999999818448789 0.0826807972189605
v -0.063321088604579 0.00999999818448789 0.0828735958887578
v -0.0632970679365586 0.00943536068045289 0.0833209883424418
v -0.0696393140553629 0.00771398533263973 0.0837877970087275
v -0.0631678897907343 0.0087548582846782 0.0837766956438862
v -0.0700792707695703 0.0104300642545275 0.0812620055393426
v -0.0636993023672092 0.0119908013849542 0.0804115962890178
v -0.0624083702750184 0.0126550624489358 0.0795228687035396
v -0.0631183583388113 0.012355250202123 0.0799096804877442
v -0.0619496120236678 0.0134475843061518 0.0774502662394136
v -0.0631951067573219 0.0134952000278438 0.0763013941876278
v -0.0627891395863865 0.0181381915691055 0.0432552350329928
v -0.0716591437818912 0.0201846701555414 0.0146151079323491
v -0.0631354276162414 0.0215546230929632 0.0146141263183774
v -0.0632537055643878 0.0181567844900251 0.0425481861260193
v -0.0712792759906318 0.0178392221690885 0.0347832992348827
v -0.063183282687797 0.0202340395573622 0.0259100733121468
v -0.0630962152168024 0.0181266841492055 0.0429567871326926
v -0.0621140835641611 0.0182293084300098 0.0433996012047022
v -0.062478290237499 0.0181727976478238 0.0433755991598457
v -0.0711068919348043 0.0167748975870321 0.0433793989558652
v -0.0617482116863249 0.0183006849807652 0.0433006649471671
v -0.0614706328997963 0.0183724377857809 0.0430932743155969
v -0.0612473911889106 0.0184467964309455 0.0427949977786467
v -0.063339968372806 0.0150206279311203 0.065810194630693
v -0.0630000505883473 0.0176324704530838 0.0468982559390756
v -0.061175031161673 0.0180000820412124 0.0463461902809249
v -0.0612233891473387 0.0182986975387074 0.0439763990645915
v -0.0709507873949893 0.015811023579237 0.0509863447177482
v -0.062999990983712 0.0179999982221941 0.0440617007599391
v -0.0631492931445249 0.0175818977826882 0.0470978979669981
v -0.0632758039829202 0.0175232673106598 0.0474359084493836
v -0.070438068322256 0.0126452770442022 0.0744422359516717
v -0.0633280325445899 0.0135739610341177 0.0757562724704383
v -0.061523152034063 0.0134967618555528 0.0775263441161883
v -0.062695888134481 0.0134274453900044 0.0770314691134213
v -0.0623474915906528 0.0134264982350968 0.0772756022823839
v -0.0604770236295726 0.0136901127731648 0.077555699403084
v -0.0603783928593325 0.0130812979898359 0.0792979952849895
v -0.0598793120722107 0.0100001509213658 0.0794674810886201
v -0.0598792897204724 0.00999999818448789 0.0809634011768534
v -0.0594004819599274 0.00704370978842877 0.0813823622156151
v -0.0589612926553992 0.00433200947892846 0.0821071993833661
v -0.0589370894481833 0.00418249916755325 0.081652795933497
v -0.0589234921407586 0.00409850925151657 0.0812060963837929
v -0.0591338667010018 0.00539797737940613 0.0817500781621766
v -0.058918984540215 0.00407080520329995 0.0806760993448771
v -0.0596775652829252 0.00875463104200617 0.0811128449191262
v -0.0594777966224732 0.00752081090062754 0.0784886536339971
v -0.0589572916942556 0.00430742908612982 0.0784999934174122
v -0.0595803911009598 0.00815434903474751 0.0781002995796434
v -0.0595398823007034 0.00790445660130943 0.0783420932663509
v -0.0595993900784574 0.0082718288395745 0.0778999981753528
v -0.0600285918812854 0.0109215985360286 0.077706998339884
v -0.0604722925116467 0.0136611980057939 0.0775483978342623
v -0.0604307927843286 0.0134048980740625 0.0784310979001723
v -0.0603783928593325 0.0130812979898359 0.0792979952849895
v -0.0573001449975757 0.00999999818448789 0.007171954333664
v -0.0636188137578344 0.00999999818448789 0.00438083139700819
v -0.0623146531618997 0.00999999818448789 0.00507980806574654
v -0.0598657967211595 0.00999999818448789 0.0049677951082335
v -0.0595155896865345 0.00999999818448789 0.00520765350667416
v -0.0583811421137085 0.00999999818448789 0.00438061393319188
v -0.0614272854287843 0.00999999818448789 0.0047079728795296
v -0.0588717329655918 0.00999999818448789 0.00605888185518499
v -0.0574878437193821 0.00999999818448789 0.00582245538035507
v -0.063091908781903 0.00999999818448789 0.00394349210463109
v -0.0587080176589087 0.00999999818448789 0.00742760563431071
v -0.0632065135943998 0.00999999818448789 0.00626036371081254
v -0.0593535507602188 0.00999999818448789 0.00864435992439776
v -0.0646998406762849 0.00999999818448789 0.00682813053589767
v -0.060489890780215 0.00999999818448789 0.010668026976257
v -0.0646683694288537 0.00999999818448789 0.00751093432282803
v -0.0608920171774642 0.00999999818448789 0.00932465379704563
v -0.061173980629976 0.00999999818448789 0.0107001706428788
v -0.0631277609700277 0.00999999818448789 0.00794071127606828
v -0.0626450006771052 0.00999999818448789 0.00864582023816212
v -0.0622258273541642 0.00999999818448789 0.0089827410731597
v -0.0617389208137996 0.00999999818448789 0.00920628176913525
v -0.0624964510248128 0.00999999818448789 0.0103882269474515
v -0.0613211109468907 0.00999999818448789 0.00930437611108177
v -0.0618487907830809 0.00999999818448789 0.0106058313934692
v -0.0646049277451708 0.00999999818448789 0.00615159268710927
v -0.0636188286589932 0.00999999818448789 0.00961940341548465
v -0.0630927208950588 0.00999999818448789 0.0100562262895057
v -0.0629187349646579 0.00999999818448789 0.00831582378635204
v -0.063952689122391 0.00999999818448789 0.00923013014577038
v -0.0642363028782423 0.00999999818448789 0.00880243702674425
v -0.0645121382291888 0.00999999818448789 0.00817753635695122
v -0.0632649931921952 0.00999999818448789 0.00753237523066158
v -0.0633244562664727 0.00999999818448789 0.00710779133198131
v -0.0633047122310341 0.00999999818448789 0.00667891310500547
v -0.0630334813381635 0.00999999818448789 0.00586809065115249
v -0.0643867449777051 0.00999999818448789 0.00550260335946224
v -0.0627231945080215 0.00999999818448789 0.00542993784852465
v -0.0640539872000602 0.00999999818448789 0.0049054928890133
v -0.0619396245219676 0.00999999818448789 0.0048710791236666
v -0.0626480926675607 0.00999999818448789 0.00368747991649479
v -0.0615112534587439 0.00999999818448789 0.00333212797532689
v -0.0621760984618868 0.00999999818448789 0.00348825651806019
v -0.0607814133261109 0.00999999818448789 0.00467895240309196
v -0.0608265675626301 0.00999999818448789 0.00329981550649221
v -0.0602629349554931 0.00999999818448789 0.00479267759712016
v -0.0595036985617948 0.00999999818448789 0.00361168376479259
v -0.0601518170141605 0.00999999818448789 0.00339399619823703
v -0.0589071604706901 0.00999999818448789 0.00394384926683047
v -0.0591383221474894 0.00999999818448789 0.00559654214017371
v -0.0580472928261799 0.00999999818448789 0.0047698699734389
v -0.0577637274990947 0.00999999818448789 0.00519747927343519
v -0.0587340313569214 0.00999999818448789 0.00646893386239706
v -0.0573316199702966 0.00999999818448789 0.0064890164362859
v -0.058675577836154 0.00999999818448789 0.00688952192166026
v -0.0576132406961555 0.00999999818448789 0.00849740840127896
v -0.0573950579286898 0.00999999818448789 0.00784842931818002
v -0.0588712449526404 0.00999999818448789 0.00793994386628395
v -0.0590800846935249 0.00999999818448789 0.00831564776638937
v -0.0579460357266975 0.00999999818448789 0.00909456031558155
v -0.0589082370794149 0.00999999818448789 0.010056630483494
v -0.0583812017183438 0.00999999818448789 0.0096192087690709
v -0.0596833245808097 0.00999999818448789 0.00891925374598979
v -0.0598243193455796 0.00999999818448789 0.0105119047199509
v -0.0593518930062999 0.00999999818448789 0.0103125001792796
v -0.0600582675390786 0.00999999818448789 0.00912799293261782
v -0.0604674943385062 0.00999999818448789 0.00926566568913312
v -0.0436028098189946 -0.0318572656757625 0.121295278043405
v -0.0425497337492036 -0.0332497566159019 0.123462778550473
v -0.0425145036844597 -0.0332947655661225 0.124134001341447
v -0.0425952083606374 -0.0331913776009286 0.124799978923798
v -0.0427753633707904 -0.0329581930918192 0.125408631740317
v -0.0429231828663006 -0.032765647768106 0.122259107479622
v -0.042695716676889 -0.0330625868852336 0.122821238871934
v -0.0432199766971297 -0.0323731773217733 0.121762511392776
v -0.0430310188274028 -0.0326234013059951 0.125942063496812
v -0.0433454258279589 -0.0322052002836672 0.126407471453976
v -0.0436803219218948 -0.0317494818687162 0.126779315022096
v -0.0439891931419487 -0.031319397172228 0.120950994172297
v -0.0459442214540517 -0.0283747158475685 0.127861049893624
v -0.0465889014640193 -0.0273046077532445 0.120119159218986
v -0.0464552827728661 -0.0275313568243878 0.127885607006722
v -0.0482052525131354 -0.0243381856378643 0.127430585158678
v -0.0482146439684827 -0.0243194660570947 0.120574628101856
v -0.0487216707985462 -0.0232849214409432 0.127101031085081
v -0.0491484921412524 -0.0223694203199726 0.126718756704358
v -0.0487214137535565 -0.0232857372793887 0.120898646394194
v -0.0495059709413824 -0.0215695540541024 0.12629830554951
v -0.0495940703176253 -0.0213664344955605 0.121827040869883
v -0.0498418803141181 -0.0207811747190388 0.122261528918262
v -0.0502461934564243 -0.0197823966093489 0.123866994890563
v -0.0502169722839752 -0.019855939416068 0.123488430898895
v -0.0502422632757851 -0.0197938723642864 0.124259148740936
v -0.0501768732655863 -0.0199575448301379 0.124752727342708
v -0.0501249091994857 -0.0200870917796431 0.123017010323323
v -0.0500649953651538 -0.0202372861473405 0.125188958826908
v -0.0499948965887673 -0.0204100837103254 0.122610409797495
v -0.0497631537667739 -0.0209696725154871 0.125888493823517
v -0.0499205062786402 -0.0205920417606958 0.125570294434496
v -0.0492058839544538 -0.0222433919065942 0.121339229017364
v -0.0478111056864353 -0.0251024921508516 0.120387238553452
v -0.0472207329497929 -0.0261970437335776 0.12020042269974
v -0.0477211734676572 -0.0252747048433527 0.127647948392154
v -0.0470837875749328 -0.0264429966731522 0.127827254060792
v -0.0459614695453877 -0.0283458709293796 0.120137375888138
v -0.0455098936525891 -0.0290667964437476 0.120213997657284
v -0.0450775216282218 -0.0297328521660447 0.120342803291765
v -0.0453226494161267 -0.0293581923297935 0.127740201479043
v -0.044402685398089 -0.0307304921997296 0.127337184682402
v -0.0447814393277265 -0.0301767670005642 0.127536293993824
v -0.0444771129611132 -0.0306237645123149 0.120618206546794
v -0.0440337699585635 -0.0312571103283538 0.127086070319576
v 0.0629164923402552 0.0179992978677295 0.0134999991171062
v 0.0703065879473937 0.0116111980892639 0.0134999991171062
v 0.0713975911916753 0.0182954975148505 0.0134999991171062
v 0.0632894906972978 0.0113660982410318 0.0134999991171062
v 0.041150101428699 -0.12711823943119 0.010860606785254
v 0.0470642260786898 -0.123331370686962 0.0102407827547018
v 0.0486613062041599 -0.118945803183601 0.0128172921877215
v 0.0493031996974279 -0.117505129346412 0.0120064660085782
v 0.0496690753005538 -0.115341004248434 0.0129221870469558
v 0.0501917483473799 -0.121449458635907 0.00917571390027447
v 0.0417167924986841 -0.128438362893513 0.00951424685461267
v 0.0420382551979422 -0.129179218707804 0.00914387850141796
v 0.0422678038242991 -0.126000503507983 0.0125937403158752
v 0.0409662248541302 -0.126656631333215 0.0125772186537709
v 0.044255711543342 -0.124666924299244 0.0126337042979813
v 0.0424601777846859 -0.126293043057968 0.0112435796578918
v 0.042768717453956 -0.126884142226103 0.0102323878132018
v 0.0442823324635767 -0.129372322824973 0.00892208310390823
v 0.0423197567145306 -0.129823574617568 0.00898349544442827
v 0.0429859912507336 -0.130041980902416 0.00893397981821045
v 0.0462306403530512 -0.122765484279554 0.012694322220363
v 0.0458896124322603 -0.128343710732678 0.00890807042476377
v 0.0443732109059399 -0.125027591947362 0.0112417756861051
v 0.0447768460455197 -0.12555795399214 0.0102221870372701
v 0.0454792866723695 -0.126546720385747 0.0092836048241644
v 0.0470360926908346 -0.127448985552394 0.00889904963450767
v 0.0476161501002827 -0.123772303427073 0.00962218713859795
v 0.0495070363742381 -0.116433251739478 0.0128933253610136
v 0.0465565249711897 -0.122905562623056 0.0112846900980616
v 0.0488600690363914 -0.120703581131093 0.0102744472710539
v 0.0482100767633039 -0.12431886303149 0.00916888637463257
v 0.0500321383099522 -0.124303313672259 0.00888764000190109
v 0.0477700939720685 -0.126799235423138 0.00887903551282654
v 0.048800363818283 -0.125778833869353 0.00889061278349281
v 0.0474721415761411 -0.121158267640795 0.0127478471901749
v 0.0480411050728465 -0.120321329154422 0.0122123851505134
v 0.0482809354987903 -0.120392139461142 0.0113408907575706
v 0.0515950873311415 -0.121857437463284 0.00888951196023422
v 0.0522305994031441 -0.120535950544929 0.00887953470171537
v 0.0508486920110577 -0.123117978642058 0.00888753010583974
v 0.0497549171512353 -0.117636773634021 0.0108424683471962
v 0.0494926232283679 -0.121028396591086 0.00964038331865407
v 0.0505480983847291 -0.117872770736858 0.00986117754441847
v 0.051583788527465 -0.118186455031211 0.00919749101554995
v 0.0500243561797576 -0.115383949388158 0.0113278410659468
v 0.0507066504398806 -0.11548559019248 0.010248143928167
v 0.0517150304837861 -0.115641113587101 0.00942813583996588
v 0.0535880204659969 -0.115939911623792 0.00885569656962834
v 0.0527628948732792 -0.119214687143957 0.00890137235295685
v 0.053310572064608 -0.117372218460302 0.00892031079708835
v 0.0671807718613886 -0.0849793120042494 -5.78179657883766e-10
v 0.0669988659650741 -0.0849723829653973 0.0090623467997682
v 0.0655850738183992 -0.0853033526039837 6.05973757617103e-10
v 0.0655623122982992 -0.0853338925289885 0.00908102633622974
v 0.0644570113921283 -0.0863535564754117 0.00908702312215365
v 0.0643820511126763 -0.0864760440009252 -6.55477935044819e-10
v 0.0639503347392972 -0.0879968860725744 0.0090764917267153
v 0.0639643418285895 -0.0879978248455801 5.63933687132717e-09
v 0.0685688446079374 -0.0854086963462729 6.81422569793923e-10
v 0.0686086008996734 -0.0854121906680166 0.00903181245851935
v 0.0696213134555064 -0.0864828389293479 -4.99352215073925e-10
v 0.0697289519762541 -0.0866851445120892 0.00899967996776819
v 0.070017781137693 -0.0879989573336506 0.00898032708510025
v 0.0700350739325055 -0.0879978695490566 8.18696025992018e-09
v 0.077057297181236 -0.00299653689169744 0.00749999640509494
v 0.0770402651567029 -0.00301626881994451 0.00982865296687216
v 0.0751272916400841 -0.00400110829254045 0.00984792948109069
v 0.0731753515931469 -0.00586758833099099 0.00985762641152084
v 0.0748540788930903 -0.00419801872446593 0.00750000059604643
v 0.0730159091937559 -0.00609500795428125 0.00749999687075622
v 0.0714647283627459 -0.0109987520797947 0.00750000990927197
v 0.0718723346611517 -0.00841766648096141 0.00749999687075622
v 0.0718259473537401 -0.00851495428426272 0.00984878722916274
v 0.0714831834479465 -0.0109994300825211 0.00982671115934749
v 0.0794153906635938 -0.00249477366315712 0.00749999593943366
v 0.0791104309977306 -0.00252055639320818 0.00980137546059395
v 0.0817800928098891 -0.00266042449067279 0.0074999991990626
v 0.0843696534428022 -0.00365588709252489 0.00750003645196475
v 0.0845835372259479 -0.00383320552739787 0.00969981939271496
v 0.0821013543435032 -0.00270006576408914 0.0097520377169839
v 0.0862136047917594 -0.00516735121300195 0.0096591699572093
v 0.0876133302445066 -0.00716497541891888 0.00961438265559712
v 0.0865431066662018 -0.00553109501909396 0.00750001596286857
v 0.0882920333253536 -0.00901778923208517 0.00749999221414345
v 0.0876104617714335 -0.00719800150914087 0.00749999221414345
v 0.0884999864472883 -0.0109999991205236 0.00955693961180136
v 0.0883793392148893 -0.00941918733519691 0.00957691927454801
v 0.0885105886217899 -0.0109996452180016 0.00750000385567537
v 0.06232830634867 -0.108700310270172 0.00886769200412127
v 0.0627728973232709 -0.10826369141554 7.86100111864434e-10
v 0.0621416022792148 -0.108998996548171 7.31677202458361e-12
v 0.0618678121123167 -0.109998193752953 -3.77062400645757e-11
v 0.0618368214272574 -0.109995973480289 0.00886157507758792
v 0.0646307365522498 -0.10797449717571 0.00883974953353964
v 0.0633175495793589 -0.107969110406796 0.00886068938983926
v 0.0637055683044937 -0.107907896446357 2.59502330485803e-10
v 0.0647040279019138 -0.10799599954789 5.55318134609594e-09
v 0.0661321028093192 -0.109998163950635 0.00879342182442348
v 0.0657077327072391 -0.108712626077938 0.00881476308074378
v 0.0658321052293435 -0.108866338981762 2.56628090814941e-09
v 0.0661069645543872 -0.109999631714779 3.00051116130154e-10
v 0.0930561945708955 -0.00510134420169565 0.00823934450955664
v 0.0928148703037799 -0.00505688659435143 0.00893862059849603
v 0.0711953899170457 -0.117036979639714 0.00731979992643446
v 0.0709803363929325 -0.117000807076674 0.0080193894054132
v 0.0697634407083467 -0.116769354827278 0.00873287933916868
v 0.0921220483749494 -0.00491809394145864 0.00949717943749175
v 0.0916121828741305 -0.00481286940843998 0.00957747993072539
v 0.0592905449354314 -0.139325775377237 0.00820486136067968
v 0.0676874783165374 -0.130413809518491 0.00825220141741183
v 0.0683925042944427 -0.126335436854816 0.00847587715515769
v 0.0670100492847697 -0.133035698215467 0.00792322290115305
v 0.0666976539406544 -0.132803314643645 0.0082867506901901
v 0.0638511079227042 -0.136266671779276 0.00818380229509318
v 0.0627001498659039 -0.137463473251191 0.00784579367535277
v 0.06246335555107 -0.136645191015662 0.00849653202675583
v 0.0616668439085796 -0.138351820735499 0.00737574819753136
v 0.0610522269865345 -0.137030579686265 0.00856861452977475
v 0.0626856659395294 -0.135916241227269 0.00855530872444863
v 0.0636347728989323 -0.135197662645416 0.00854824743684573
v 0.0661674334568852 -0.134667315501796 0.00756401458612051
v 0.0652442098103553 -0.13357549269378 0.00854102689308613
v 0.0644959928236056 -0.134432175215592 0.00854246299246408
v 0.0655326738934031 -0.134790875910745 0.00815606378415084
v 0.0649678082153736 -0.134670310634719 0.00847020540080505
v 0.0658245950452974 -0.132654019933411 0.0085439000231646
v 0.0661840631501301 -0.132684209681184 0.00850750207511703
v 0.0663042111937086 -0.131618046668658 0.00854650958896034
v 0.0668707309003672 -0.130016648932419 0.00855573620150082
v 0.0688854569799992 -0.126432294387156 0.00815153289992661
v 0.0680359642673185 -0.13096160591909 0.00760101137457017
v 0.06851709288335 -0.129549452899886 0.00737460360211275
v 0.0675045889437406 -0.127667049110589 0.00857205297264338
v 0.0680290203273077 -0.125371406384853 0.00858971829884383
v 0.0674192127542723 -0.129337483915649 0.00853331926763089
v 0.0687473604906201 -0.12191071655665 0.00861739347985252
v 0.070605363632346 -0.116930659871522 0.00838793422904757
v 0.0697584786224591 -0.116767775304443 0.00868566035436853
v 0.0698866956435395 -0.122813339351109 0.00783328042551993
v 0.0236403755461183 -0.151026358999015 0.0088486017544135
v 0.0378981172309515 -0.147516972183783 0.00881639289521292
v 0.0569446741285969 -0.141262315076532 0.0076503332856968
v 0.0569660647420853 -0.139615602916317 0.00860435123880912
v 0.0443765599413851 -0.145507729730598 0.00873732081642774
v 0.0421051539504718 -0.146894178250835 0.00866978596143902
v 0.0488584187330519 -0.144262737911054 0.0086301619120651
v 0.0304319754224119 -0.150634264806942 0.00805292912454316
v 0.0368740611679656 -0.149250125966322 0.00785838422495758
v 0.0305790815249435 -0.150090506620384 0.00863531771372293
v 0.0181829397490467 -0.151384329537386 0.00904204117412773
v 0.00264868284318259 -0.151728978439771 0.00932864078889845
v 0.0509449348705966 -0.142827532799152 0.008666029006257
v 0.0540875855407804 -0.141254387660039 0.00863277427182851
v 0.0476879178064572 -0.14424887983335 0.00870011168643582
v 0.0412033395438788 -0.14656218043229 0.00877522657568991
v 0.0543929549885113 -0.142111204292281 0.00833698902270967
v 0.0563293531267975 -0.140550784742801 0.00854384228116626
v 0.0532566298696738 -0.143226213303424 0.00778764515472251
v 0.035279793636223 -0.14817797268795 0.00885131004039995
v 0.0484540310849516 -0.145016855756697 0.00830669403135715
v 0.0431381618846197 -0.147219321536322 0.00813410412965482
v 0.042554863473128 -0.147619283540252 0.00777929491670515
v 0.0325863570251647 -0.1487883539556 0.00888762044412746
v 0.0257636044137097 -0.150018966156881 0.00898115875614079
v 0.0330811425532562 -0.149087882149073 0.00884173045661157
v 0.0291490042743214 -0.149459859776736 0.00893398913143599
v 0.0222776645718838 -0.150497129442307 0.00903091000696472
v 0.0178398517430487 -0.150982609196715 0.00909554472352091
v 0.036276409215239 -0.148875406525436 0.00854118987453304
v 0.0132751052554368 -0.151338925706457 0.00916438808669772
v 0.00980775367791841 -0.151531880812037 0.0092170450638895
v 0.00620879553134898 -0.151663875276879 0.00927272790805858
v 0.0179858570224724 -0.15238653677625 0.00812360905579606
v 0.0211753457601221 -0.151747232359327 0.0085953127534245
v 0.000940383611481279 -0.152063613763427 0.00933921036856151
v 0.00812509340336859 -0.152201419680209 0.00912823135119159
v 0.00821346472576004 -0.152612542652097 0.00886488034133135
v 0.00449858115149319 -0.153115307750737 0.00833560507739473
v 5.06831225125917e-08 -0.15265398277478 0.00907131357331618
v -0.0322371036647042 -0.141477756030775 0.00897520946766713
v -0.0326930940258037 -0.142342976916592 0.00895821935031817
v -0.0332348666329494 -0.143156490781298 0.00894044226541126
v -0.0257885917944087 -0.150015538890352 0.00898102837098326
v -0.0318960943703618 -0.140564970646 0.00899093950560079
v -0.0315009454407309 -0.138342999249477 0.00902229341069698
v -0.0316482582968411 -0.139614500230564 0.0090055920033397
v -0.0319880941249263 -0.135160975992397 0.00905051993465751
v -0.032311307710346 -0.134363570280377 0.0090543905111911
v -0.0327298961628033 -0.133595981787159 0.00905643010758392
v -0.0294809909169974 -0.134388932052691 0.00909898689167975
v -0.0317357206485444 -0.135991775201336 0.00904514434087698
v -0.0315394127822288 -0.137128986939123 0.00903539805035148
v -0.0292426319804872 -0.149443945339115 0.00893272160144027
v -0.033874096544078 -0.143892980556055 0.00892198997165285
v -0.0345905666119583 -0.144564903609638 0.00890305059619879
v -0.0326907470932893 -0.148766791978785 0.00888570750760195
v -0.0222782121894705 -0.150497159244625 0.00903123876382621
v -0.0361469777497146 -0.147970235632818 0.00883990692705124
v -0.0178605922934835 -0.150980850859974 0.00909580921912619
v -0.0356470885747267 -0.145307830685006 0.00887789836798835
v -0.0368227341264046 -0.145891121645918 0.00885268187852169
v -0.0380568406494294 -0.146281263786185 0.00882870963598691
v -0.0395410407715363 -0.147059655619549 0.00879638715543477
v -0.0393501420258729 -0.146481535360747 0.00880592948632099
v -0.0416181952560513 -0.146344981141306 0.00877151991192579
v -0.0406466993055189 -0.146481594965383 0.00878537985417142
v -0.0431851042601974 -0.145887023827242 0.00875170229930351
v -0.0424693867008376 -0.146146691420867 0.00876045114337389
v -0.0493360902802368 -0.143554634843852 0.00868067871002826
v -0.044891394978671 -0.144958830644246 0.0087352877392928
v -0.0458914676265335 -0.144136256874976 0.00872873774777193
v -0.0669126553107117 -0.129850188087223 0.00855682212359855
v -0.0673626181530679 -0.128231817931087 0.00856795515340666
v -0.0679001551058186 -0.125957603071735 0.00858512035939573
v -0.047862093726633 -0.134755291943479 0.0088034419237798
v -0.0491174940056138 -0.12541797250617 0.00888898948828154
v -0.0466324873535724 -0.132675730921814 0.00884642525360527
v -0.0481282433243455 -0.126469606888845 0.00889278928430104
v -0.0458083638637855 -0.131786474466818 0.00886952857219736
v -0.0438263570036361 -0.130403155189933 0.00891656967438974
v -0.0470383949198726 -0.127446973895953 0.00889903938995958
v -0.0448650571804539 -0.131023386123565 0.00889309662074379
v -0.0442769345187936 -0.129375288155579 0.00892103443471265
v -0.0458955058405742 -0.128338808251426 0.00890707297830865
v -0.0429859912507336 -0.130041980902416 0.00893397981821045
v -0.0500288824067496 -0.124307649909477 0.00888709610952967
v -0.050851091097628 -0.123113977680914 0.00888753010583974
v -0.047319997019283 -0.133667835174997 0.00882430727427511
v -0.0515893429344157 -0.121868255704588 0.00888989752777149
v -0.0481572931334682 -0.135609977710009 0.0087890995564513
v -0.0522250934249595 -0.120553980947103 0.00889466962453716
v -0.0686947444988211 -0.122180136958724 0.00861519090201279
v -0.0527664487996582 -0.119204241431623 0.00890132578682916
v -0.0880710491400294 -0.00831682009466901 0.00959404443366726
v -0.0876073548798192 -0.00719567646270349 0.0096140604179935
v -0.0883705400806052 -0.00949093548360044 0.00957603917473467
v -0.0885005377901647 -0.0107065049650511 0.00956022718041627
v -0.0531857934859257 -0.117832984642804 0.00891015938125194
v -0.0483713408293609 -0.136495493974141 0.00877571086341788
v -0.0569975732424135 -0.139595545956543 0.00860393493762757
v -0.0607498861993342 -0.137225397436699 0.00857121757631262
v -0.062780914146717 -0.135859318800571 0.00855445377034424
v -0.0665297327818939 -0.131015250090848 0.00854971426986796
v -0.0640633451278001 -0.134843581309497 0.00854559409888996
v -0.0660865797691192 -0.132111573048829 0.00854437313502193
v -0.0648846001445138 -0.134025865318003 0.00854177101980661
v -0.0655377924414583 -0.13314024474576 0.00854148789775026
v -0.0485004519199706 -0.137706868779383 0.00875997896283912
v -0.0548431935023056 -0.14083797477677 0.00862405988669261
v -0.048450320696405 -0.138973109651407 0.0087464673352286
v -0.0482030098887328 -0.140251688682934 0.00873594525301578
v -0.0525044193723599 -0.142073802383639 0.00864716786189747
v -0.0477619057852961 -0.141479216344339 0.00872906743595598
v -0.0473064928441009 -0.142343975294233 0.00872652958199688
v -0.046761561191285 -0.143160827018515 0.00872596426920672
v -0.0440599922727998 -0.145467973438862 0.00874271969327212
v -0.0460583494294662 -0.144891149580878 0.00871754231935272
v -0.0435914923888696 -0.145777977146986 0.00874663962990106
v -0.0252125725990012 -0.135253944322285 0.00915688442088176
v -0.0209230710039174 -0.135967054178851 0.00921683179102468
v -0.0134146704402822 -0.151330268133181 0.00916234569633724
v -0.00989313918061098 -0.151528662161732 0.00921593679005048
v -0.00629016330909428 -0.151661505992626 0.00927156282354378
v -0.0164300959477697 -0.136579655719165 0.00928114333865471
v -0.00277923468958582 -0.151728278085306 0.00932646894470299
v -0.00758798858422377 -0.137409233033081 0.00941195690456129
v -0.0119877084631763 -0.137063153619449 0.00934611426265282
v 0.00199187072879755 -0.151736145897164 0.00935990528702947
v -0.00332833773554931 -0.137601279167973 0.00947731991535455
v -1.01500983761102e-14 -0.137642972610356 0.00952960995146013
v -0.0764998895331967 -0.0187464978503896 0.00965968963519432
v -0.0643769549163593 -0.086537615589176 0.0090862016956612
v -0.0786737525384639 -0.0194027467475373 0.00961781644185297
v -0.0774070571810963 -0.019101290716642 0.00964130439665978
v -0.0646900431643598 -0.0860808876207148 0.00908640006736516
v -0.083441490062123 -0.0187725972300656 0.00954934001976236
v -0.0921488928125665 -0.00145863776622497 0.00960684918745944
v -0.0919030236920103 -0.00340160487083022 0.00958880760694725
v -0.0663137106824573 -0.0850763110975985 0.00907201392787663
v -0.0853787226653033 -0.0175898568641438 0.00953198482397232
v -0.067416940327552 -0.0850258483232492 0.009055089934429
v -0.0684607963053221 -0.0853760181049771 0.00903458779972968
v -0.0679559152421289 -0.0851530520655297 0.00904510708797483
v -0.0863159683022843 -0.0166985179722024 0.00952720248265856
v -0.068918336386939 -0.0856892702657246 0.00902379563397625
v -0.0881956377289368 -0.0132785902639562 0.00953613479727205
v -0.0871151174498862 -0.0156617046546204 0.00952624880836347
v -0.0692174920514413 -0.0859792840692898 0.00901577974075571
v -0.0694790297404984 -0.0863049712470739 0.00900793800485272
v -0.0697479137008546 -0.0867883350369287 0.00899822244797149
v -0.0877460772178688 -0.014515331498125 0.00952921972731009
v -0.0699538551663484 -0.088556059507934 0.00897498315628655
v -0.0534695227257579 -0.116637531725763 0.00891917737754037
v -0.088448942527745 -0.011986340350532 0.00954661217600229
v -0.0869875635303734 -0.0061507275780661 0.00963568107107994
v -0.0821039098922411 -0.0027589034553574 0.00975143980790436
v -0.092216588777093 9.96890789314259e-15 0.00962225978175715
v -0.0862280961687134 -0.00520741111584894 0.00965838112700623
v -0.0853377966325998 -0.00437788549032801 0.00968187001313559
v -0.0843424513773734 -0.00368672457504496 0.00970545296284289
v -0.0832573415414058 -0.00314286836680092 0.00972879470000874
v -0.080912763410099 -0.00254367135016895 0.00977277175099912
v -0.0796979091842718 -0.00249980047595334 0.00979250554459157
v -0.0784919211479434 -0.00262942821767903 0.0098101531756635
v -0.0723713893712456 -5.32906921982935e-17 0.00993688009820401
v -0.0773169796760198 -0.00292868027405241 0.00982539706322408
v -0.0761931044753778 -0.00339406767843377 0.0098379550165395
v -0.0751521616741574 -0.00401139242043341 0.00984748803420019
v -0.0742059902430422 -0.00477308331438633 0.00985387690691925
v -0.0733792814021998 -0.00566081566023168 0.00985696330986253
v -0.0726870182668252 -0.00665656091844018 0.00985670067690236
v -0.0721423958130548 -0.00774405121452957 0.00985307969481319
v -0.0717598458132076 -0.00889246303581618 0.00984609943227247
v -0.071543279821474 -0.0100893120051748 0.00983598899462843
v -0.0715005060450766 -0.0113367979061765 0.00982267294475422
v -0.0700012110490834 -0.087877229767237 0.00898189263831319
v -0.0699235164069877 -0.0873128856297663 0.00898951737606114
v -0.0693584048598376 -0.0898615276805553 0.00896974260427633
v -0.0697276406742778 -0.0892626724592538 0.00897061059689647
v -0.0668624458560624 -0.0849998681528437 0.00906417777990897
v -0.0657894581127961 -0.0852516008793963 0.0090783441272748
v -0.0653038964020152 -0.0855215428220288 0.00908299142681826
v -0.0843079402935426 -0.0183351439105402 0.00954055019749961
v -0.0825261342274509 -0.0191224857524208 0.00955990308016755
v -0.0649791927007133 -0.0857826856303772 0.00908518934804523
v -0.0799641481889372 -0.0195060806960305 0.0095961883381861
v -0.0812638198107769 -0.0194124567151544 0.0095766473283623
v -0.0756360768068885 -0.018301813743546 0.00967840735588057
v -0.0745699883001566 -0.0175479417670235 0.0097038259423414
v -0.0641527073772532 -0.0870449031895188 0.00908402053824021
v -0.0736406849808275 -0.0166498805898087 0.00972869970510826
v -0.0728514153015243 -0.0156105331439046 0.00975295786366705
v -0.0723778862764918 -0.0147635978426067 0.00977002993740074
v -0.0719917003938921 -0.013867242848077 0.00978628244728708
v -0.0716474836251133 -0.0126125829704252 0.00980591100143095
v -0.0640257122511962 -0.0875844592492898 0.00907994786471245
v -0.0641011344665717 -0.0887861855541952 0.00906509792659212
v -0.0640003504788818 -0.0881640696239732 0.00907373780592372
v -0.0642825933281216 -0.0892704881170557 0.00905677004031605
v -0.0645680995311433 -0.0897664061332177 0.00904670989408992
v -0.0650451973837135 -0.0902825301207417 0.009033649957918
v -0.0656156509963011 -0.0906668831608064 0.00902043449087959
v -0.0662292509142565 -0.0909041021586667 0.00900740901364216
v -0.0668937531907466 -0.0910028521381774 0.00899526177357297
v -0.0676245581734132 -0.0909390379255239 0.00898445284401358
v -0.0683291520177127 -0.0906965737197584 0.00897653194569352
v -0.0689039567686762 -0.0903244247287686 0.00897174587908955
v 0.038582389619908 -0.129627788291811 0.00958175004463456
v 0.0375521421254318 -0.129867786355791 0.00966947597258964
v 0.0374321281922827 -0.129884445851354 0.00750002061948134
v 0.0394201327688579 -0.129494020589069 0.00749996939674088
v 0.0353583748972687 -0.130842396648517 0.00750007603317329
v 0.0363978164067379 -0.130295017480365 0.00966373343772291
v 0.0350423399451113 -0.131094896784749 0.00946997178040507
v 0.033595649765048 -0.13238368311007 0.00916333662353448
v 0.0338731875733899 -0.13209992034263 0.00749999780207877
v 0.0326841160776137 -0.13361481685191 0.00750000106170771
v 0.0329004548266753 -0.133316868181272 0.00906337404854504
v 0.0317206071482096 -0.135948815160453 0.00749998336657919
v 0.0320011996941099 -0.135033615787949 0.00905160771940035
v 0.031488488071956 -0.137999602044433 0.00750001084059452
v 0.0314454162723822 -0.137997992719281 0.0090270785459784
v 0.0396788057101316 -0.129500219471139 0.00941236109854963
v 0.0409625330920322 -0.129549661516109 0.00917144471768785
v 0.0422073162953526 -0.129785561761414 0.00898542141946953
v 0.0417649567692851 -0.129657441597866 0.00750000059604643
v 0.0430201745090704 -0.130043918053063 0.00893306991607539
v 0.0449638444128616 -0.131062129136501 0.00889109986518845
v 0.0463931933693462 -0.132388257765828 0.00885345767020901
v 0.0461508409222719 -0.132124849981339 0.00750000106170771
v 0.0444065112706165 -0.130674192367739 0.0074999991990626
v 0.0473414025339302 -0.133657031834851 0.00750000385567537
v 0.0475135034677402 -0.133960061800647 0.008817943547265
v 0.0482866091150116 -0.135989808248371 0.00749998429790174
v 0.0483693366234994 -0.136357151615641 0.00877726337811507
v 0.0485110019404162 -0.137999616945592 0.00750001223757835
v 0.0484999899840471 -0.137999989474563 0.00875666997380547
v 0.0711212343001701 -0.117025595154374 0.00771866814675923
v 0.0701301284246284 -0.126387695218803 9.61735025659345e-09
v 0.0695615523580524 -0.125081057305214 0.00750278152519207
v 0.0640238719580817 -0.13673096208584 0.00739123422895593
v 0.0644945921146764 -0.137387328329613 -5.99858567177649e-08
v 0.0651795834845461 -0.135703601690885 0.0076109527771707
v 0.0667488692235242 -0.135308989202972 9.01771170896901e-09
v 0.0671084788893657 -0.133337849012893 0.00733758958419584
v 0.068041231826962 -0.133258440737533 -8.62331200489596e-08
v 0.0689096788136637 -0.131021285060171 -1.17335038616033e-07
v 0.0719667931069218 -0.117188144445379 2.02836995995383e-08
v 0.0452504272246081 -0.1476174208954 -8.49974294156738e-08
v 0.0471105053526999 -0.145984373097824 0.00773920101510284
v 0.0384083440848719 -0.149748644234699 -5.54778788276286e-08
v 0.0112740332938975 -0.152875741820363 0.0082240857208352
v 0.0109744678475276 -0.153808748077659 -4.49443672225218e-08
v 0.0255180351789747 -0.151507681330111 0.00794866477067772
v 0.0218552316204506 -0.152904813981223 -1.16194631761483e-07
v 0.0314268233514626 -0.151368117076588 -3.63971635799801e-08
v 0.0502150165068798 -0.144694379778639 0.00770441146110568
v 0.0519015259370178 -0.144889659464996 -1.11361363861473e-07
v 0.0579944011629427 -0.141640730004807 1.09608124569168e-08
v -0.0468152165389119 -0.146100065694915 0.00774272560530769
v -0.0070434280633948 -0.153053348732357 0.00831235181587148
v -0.00655979931230975 -0.153985729140983 -3.10823360097133e-08
v 0.00183083495315035 -0.154082005528129 1.68052732415104e-07
v -0.000893735533790289 -0.153161695058149 0.0083400968460717
v -0.0137592941969613 -0.153633733967299 -3.03949818514983e-08
v -0.0137090139618075 -0.152732243660911 0.00820050183980535
v -0.0209370073127053 -0.152983194076625 -4.48802975854703e-08
v -0.0280707657352154 -0.151982238535102 -5.21858846684424e-08
v -0.0303194157939633 -0.15072218164399 0.00774535007226429
v -0.0420647308318785 -0.148686921767502 -3.24435866470289e-08
v -0.0351458284931272 -0.150568848719716 -6.6856541918181e-08
v -0.0364673005103229 -0.149401491937632 0.00762224226916785
v -0.0530257736666303 -0.14334069890665 0.00779079628458329
v -0.0488476936239901 -0.146235398019332 -6.94204500577352e-08
v -0.0605969109028717 -0.139038630046745 0.00740302337550319
v -0.0688877890113548 -0.128049979089987 0.00749794609849275
v -0.0686301405247501 -0.131873482333177 1.97853391466701e-07
v -0.0632550317675229 -0.138275973837097 -1.76620286001143e-07
v -0.0562568515385511 -0.142684809499959 -1.4130054321631e-07
v -0.0658678605599359 -0.136263348820859 1.03773058935688e-07
v -0.0660894184398747 -0.134753816728756 0.00757470151242536
v -0.0673837032928005 -0.134414591848182 -5.28595011937112e-07
v -0.0677295368373113 -0.13196740433723 0.00739025773725827
v -0.0700636469045459 -0.126637274727906 1.04144059935089e-08
v -0.0719690059290068 -0.117188576578985 -3.96059709502366e-08
v -0.0939139872290398 -0.00527967894216638 0
v -0.0719659884443454 -0.117187980532632 0
v -0.0711953899170457 -0.117036979639714 0.00731979992643446
v -0.0930485875293171 -0.00509972928860836 0.00823790002827569
v -0.0783217722659391 -0.015188470858797 -1.56658522649841e-08
v -0.07739689459078 -0.014523027015334 0.00749998616054685
v -0.076407740767044 -0.0135264645216963 0.0074999810382728
v -0.0797313995387233 -0.0155154162531791 -1.79503217163782e-08
v -0.0790500366010267 -0.0153189481994061 0.0074999689310796
v -0.0760193867658357 -0.0131483681056919 -1.85940059190295e-08
v -0.0757391704741957 -0.0120614589547965 0.00749998290091791
v -0.0756308912036186 -0.0109999991205236 0.00749999966472388
v -0.0754316105561181 -0.0110038138171819 -1.49520087189007e-07
v -0.0770649265745526 -0.014441869716457 -1.83590560869178e-08
v -0.0810619314604826 -0.0152615861885224 0.00749998150393408
v -0.0813810397766469 -0.0153073588231326 -1.83953044237723e-08
v -0.0830106603076937 -0.0143949692503885 -2.30453908578843e-08
v -0.0828721242341294 -0.0143635790280084 0.00749997219070854
v -0.0841138303481531 -0.0128805430589344 -1.87143008015049e-08
v -0.0844013258558775 -0.0110016131022885 0.00749990560114594
v -0.0840403676351627 -0.0127219081160871 0.00749998243525663
v -0.0845429986233738 -0.0110021867969031 7.82753400142657e-08
v -0.0396451067394565 -0.142366401538259 0.00749998569488557
v -0.0380915901518013 -0.141970000911287 0.00749998010695025
v -0.0385014018217127 -0.142268038988878 -1.99914871296316e-08
v -0.0368941181277395 -0.141308195744544 -2.24349156456033e-08
v -0.0365204641197087 -0.14070253814424 0.00749997731298259
v -0.0358381139802401 -0.139771290223685 -1.84894211360906e-08
v -0.0357392336155897 -0.139061905656825 0.00749998243525663
v -0.0356308947403774 -0.137999989474563 0.00749999966472388
v -0.0354671608072457 -0.138001688206668 -9.99947338118812e-08
v -0.0403540181945246 -0.142523847182368 -2.36072383027736e-08
v -0.0421495594037601 -0.141979790972633 -1.80682380570988e-08
v -0.041065846551432 -0.142260871531485 0.00749997684732131
v -0.0435856809369291 -0.140780739425736 -2.21840656437775e-08
v -0.0423547111078364 -0.141694746705535 0.00749998243525663
v -0.0441826064581632 -0.139339752664212 0.00749998150393408
v -0.0434186501224082 -0.140756972077416 0.00749998010695025
v -0.0443891849481967 -0.139093272596144 -1.84107995841361e-08
v -0.0443787392358627 -0.138000451410486 0.00749994751066086
v -0.044499989965194 -0.137999989474563 -3.49062984445381e-16
v 0.041498613456508 -0.142268038988878 -1.99643088705963e-08
v 0.0403549010881848 -0.142366401538259 0.00749998569488557
v 0.041908253763093 -0.141970075417081 0.00749998057261152
v 0.0431058598975842 -0.141308225546862 -2.23931641553832e-08
v 0.0434794356745312 -0.14070267225467 0.00749997731298259
v 0.0442607630361825 -0.139061875854507 0.00749998243525663
v 0.0445328283939471 -0.138001688206668 -9.99549647358497e-08
v 0.0441618640450836 -0.139771320026003 -1.84588162847887e-08
v 0.0443690944608154 -0.137999989474563 0.00749999966472388
v 0.0396460157101447 -0.142523862083527 -2.36324572402588e-08
v 0.0389339675611447 -0.142260841729167 0.00749997684732131
v 0.0365813428040743 -0.140756972077416 0.00749998010695025
v 0.0376451402576373 -0.141694657298582 0.00749998243525663
v 0.0378505005779371 -0.14197983567611 -1.80872663911371e-08
v 0.0356108079782858 -0.139093287497303 -1.84675239858208e-08
v 0.0358173790177399 -0.139339737763053 0.00749998150393408
v 0.0364143157148431 -0.140780739425736 -2.22263766863894e-08
v 0.0356212499653301 -0.138000451410486 0.00749994751066086
v 0.0354999917854194 -0.137999989474563 -3.49062984445381e-16
v 0.0813406948891375 -0.0151812475220582 0.00749998150393408
v 0.0795352555851547 -0.0153810301523466 0.00749997777864386
v 0.0826031061633438 -0.014523020496077 0.00749998662620812
v 0.0816781986858671 -0.0151884755154091 -1.56101990064496e-08
v 0.0802685788636623 -0.0155154162531791 -1.79529436190146e-08
v 0.0839807108458205 -0.013148182772529 -1.84585178568463e-08
v 0.0835922599870798 -0.0135264384446684 0.00749998150393408
v 0.0842608153787693 -0.0120612605831197 0.00749998336657919
v 0.084369087198767 -0.0109999991205236 0.00749999966472388
v 0.0845683976485852 -0.0110038156798268 -1.49216514917366e-07
v 0.082935051827833 -0.0144418753043916 -1.82675559481654e-08
v 0.0786189311751593 -0.0153073550978429 -1.84343949315064e-08
v 0.0778143133022698 -0.0148099087815794 0.00749998010695025
v 0.0759595288108494 -0.0127217283708588 0.00749998243525663
v 0.0767279443183817 -0.0139133274757001 0.00749998522922429
v 0.0769893329958507 -0.0143949729756782 -2.31133205182614e-08
v 0.0758860288449619 -0.0128802971898139 -1.87937607938689e-08
v 0.0755986301947699 -0.0110016149649333 0.00749990606680722
v 0.07545700213075 -0.0110021849342582 7.80369529317466e-08
v -0.0142617957313551 -0.128559270896191 -1.02888797402584e-08
v -0.0105493443056046 -0.128688702361715 0.00374609409840194
v -4.91788931223191e-08 -0.128953674767881 0.00375086945479655
v -2.69842743379074e-07 -0.129123056240206 1.2305278298832e-07
v -0.0199658838911434 -0.127784053009657 0.00373006650291234
v -0.0236012246139594 -0.12738100646585 -1.74037367291119e-08
v -0.026344151698754 -0.126757288661055 0.00371206706474571
v -0.0299372364604417 -0.126110876391374 -1.82837954020283e-08
v -0.0325780049256452 -0.125291953406016 0.00368658607967378
v -0.0361304151116844 -0.124325717564548 -3.47843843725413e-08
v -0.0386889589825104 -0.123243193079636 0.00365107265522168
v -0.0424980416292515 -0.121683838963012 -2.65749542649191e-07
v -0.0424217923995614 -0.12153098287582 0.00362132993814357
v 0.0283742092081686 -0.126471231115157 -1.92810385566638e-08
v 0.0220256058824821 -0.127630019730918 -2.10706949397187e-08
v 0.027913629290152 -0.126438582676179 0.00370651940912337
v 0.0355049613218864 -0.124557378430168 -3.18179218077537e-08
v 0.035865517211313 -0.124322983201904 0.00366978269249686
v 0.0424306846660882 -0.121549527367974 0.00362173715893021
v 0.0424976094956457 -0.121682885288847 -2.49595638129847e-07
v 0.0215678869869593 -0.127565855341032 0.00372621408716856
v 1.11138948781035e-07 -0.129097113322697 -1.03603139749656e-07
v 0.0124545664256689 -0.128702456131308 1.23268475336366e-07
v 0.0123776568883785 -0.128568852341313 0.00374389408169923
v 1.39355726088922e-07 -0.128971660466579 0.00375127038915596
v 0.0465926938089394 -0.116022978133643 0.00352519998829365
v 0.0441698398903428 -0.120530891601509 -3.53513868048633e-08
v 0.0424842878596592 -0.121653485302492 -1.34157173036286e-07
v 0.0424217923995614 -0.12153098287582 0.00362132993814357
v 0.0454251023336045 -0.119096856230575 5.34180616679784e-08
v 0.0451540837822471 -0.119266550627235 0.00358037363185643
v 0.0437584002688302 -0.120713058268103 0.00360620130174902
v 0.0461599678820501 -0.117544237437739 0.00355121252571316
v 0.0463434085977233 -0.117421757362805 -4.09167233164504e-08
v 0.0467134937782163 -0.116046983900504 0
v 0.0465926938089394 -0.116022978133643 0.00352519998829365
v 0.0663647918548977 -0.015527797253515 0.00177103998837531
v 0.0467134937782163 -0.116046983900504 0
v 0.0664254917253575 -0.0155396976914789 0
v 0.0585768949118581 -0.00595811147384851 -4.09368728869007e-07
v 0.0607435979103114 -0.00629092559650025 4.5904676366578e-08
v 0.0625619863213102 -0.00702948104439901 -6.82246421873162e-08
v 0.0643261270636189 -0.00850527132499597 0.00164835675194807
v 0.0627669741126394 -0.00721988292954795 0.00162670268766501
v 0.0664928971172869 -0.0128749961025631 0.00172473218627873
v 0.0665566517253051 -0.0133516702034294 4.10580751324294e-08
v 0.0663836716231247 -0.015530667589233 0.00177120727718903
v 0.0664653746769435 -0.0155456432538487 -3.72462969468279e-07
v 0.0661805017731717 -0.0114243720165709 -6.89047594679292e-08
v 0.0647959158977871 -0.00888382408898936 1.0722750447692e-07
v 0.0655192553998842 -0.0100930233250438 0.00167659084290435
v 0.0608958840281784 -0.00638994472819214 0.00161204006179333
v 0.0585773307707536 -0.00600514558468522 0.00160522697165101
v 0.0585749912888186 -0.00605606889797437 0.00160570997881047
v -0.0585749912888186 -0.00605606889797437 0.00160570997881047
v -0.0585749912888186 -0.00599999909695722 0
v 0.0585749912888186 -0.00599999909695722 0
v -0.0658202960609774 -0.0106695472972063 0.00168692992023535
v -0.0664603157335235 -0.012910195433667 0.00172530937343144
v -0.0643487619238689 -0.00849141417861431 0.00164800785523635
v -0.0625668291979272 -0.00703196488131008 -6.7892889791405e-08
v -0.0585773419466227 -0.0060049220673029 0.00160525048754549
v -0.0585768949118581 -0.00595818644530383 -4.06037676176509e-07
v -0.0607438810323291 -0.0062909912547313 4.52193365969738e-08
v -0.0617827786495012 -0.00666731908944815 0.00161673218123468
v -0.0656873032184947 -0.0102718111538749 -7.66556365680217e-08
v -0.0643512280656538 -0.00843772623470255 7.88800118688821e-08
v -0.0664205072877317 -0.0123601089112213 -4.16002405439781e-08
v -0.0665868340224983 -0.0143016488806234 6.59565898254648e-08
v -0.0664140625365413 -0.0155351509753935 0.0017713621095636
v -0.0664254917253575 -0.0155396976914789 0
v -0.0664254917253575 -0.0155396976914789 0
v -0.0663647918548977 -0.015527797253515 0.00177103998837531
v -0.0465926938089394 -0.116022978133643 0.00352519998829365
v -0.0467134937782163 -0.116046983900504 0
v -0.0461111293340123 -0.117600891643579 0.00355211055348566
v -0.0466121882499677 -0.116027575141139 0.00352538718412696
v -0.046084389204507 -0.118018690334618 4.35972919124678e-08
v -0.046725522738675 -0.11604981512068 -9.7682791226223e-08
v -0.0444503281281313 -0.120301212590013 6.53843045080205e-08
v -0.0451667236902175 -0.119276176775834 0.00358052497177143
v -0.0438125175523805 -0.120637278424916 0.00360491235133456
v -0.0424312211078058 -0.121547918042821 0.00362168290939146
v -0.0424849211589091 -0.121654625241142 -9.33679352946361e-08
v -0.0665841741656486 -0.0850103511180747 0.00906843764927005
v -0.0676897730949959 -0.0850669829721762 0.00905031970030844
v -0.0676921200275103 -0.0850620879415033 5.84331389647924e-11
v -0.068790380136138 -0.0855614332241942 0.00902725270329596
v -0.0690883735102522 -0.0857763749896162 -1.21010199154162e-10
v -0.0697824396858442 -0.0867728080294366 0.00899789369111
v -0.0698568262706816 -0.0870426233122191 -1.44795353024124e-11
v -0.0700063817511945 -0.0879996800398534 0.00898042301132329
v -0.0700102337007499 -0.0879994863247888 2.44246249706174e-11
v -0.066584598848675 -0.085015797491624 1.14897906327349e-11
v -0.0654062971654371 -0.085424513926362 -2.3228937351227e-11
v -0.0655339777448 -0.0853676436537194 0.00908113250700088
v -0.0645146490744502 -0.0862967234556662 1.27917300626539e-11
v -0.0640619667706091 -0.0873081247095228 -5.57073957834908e-11
v -0.0645836935938501 -0.0861740198633498 0.00908697655602596
v -0.0639220895927508 -0.087995209692207 0.00907717811143745
v -0.0639999928510701 -0.0879999929641887 0
v 0.0539471905476531 -0.0860449832785342 0.0505174983177148
v 0.0538994919382652 -0.0863397878046606 0.0518859985794276
v 0.0538309205306579 -0.0867627795495497 0.0516951594122836
v 0.0537262771428333 -0.0874091396651744 0.0510405737674108
v 0.053773092858561 -0.0871198858207091 0.0514019008412532
v 0.053695692514352 -0.087597684027744 0.0506118003142222
v 0.0536819350194699 -0.0876828814033064 0.05023143328209
v 0.0538307938708079 -0.0867638151800878 0.0443054800263312
v 0.0538993913554431 -0.0863399815197253 0.0441140001092702
v 0.0544015902100484 -0.0832391844793816 0.045482500370983
v 0.0542374911985256 -0.0842527911047439 0.0473018985844724
v 0.0552718253358087 -0.0778664077535101 0.0457679954372049
v 0.0550542907687517 -0.0792094864509971 0.0441140001092702
v 0.0549935536453949 -0.0795846156737512 0.0440278117948514
v 0.0551227653188266 -0.0787865245084257 0.0443047722211903
v 0.0551985637884623 -0.0783186802754836 0.044710489853237
v 0.0552501963037791 -0.0779996017616369 0.0452385534665312
v 0.0550542907687517 -0.079209285285353 0.0518859985794276
v 0.0546498919447822 -0.0817061905127135 0.0493878003346666
v 0.0546135927218928 -0.0819303858977637 0.0492775987995207
v 0.0536819275688905 -0.0876828963044652 0.0457689975402728
v 0.0539263922552278 -0.0861731853984558 0.045482500370983
v 0.0537262547910951 -0.0874094972929861 0.0449599539124976
v 0.053773092858561 -0.0871198858207091 0.0445980978474446
v 0.0540731910213587 -0.085267284349056 0.045482500370983
v 0.053695692514352 -0.087597684027744 0.0453882989573114
v 0.0543808925004452 -0.0833673865993032 0.0505174983177148
v 0.0541639912326381 -0.0847061886642084 0.0481146004472389
v 0.053960165731697 -0.0859646660324859 0.0519721831685561
v 0.0540938924562516 -0.0851390896797139 0.0505174983177148
v 0.0542374911985256 -0.0842527911047439 0.048928401270619
v 0.0539601247535102 -0.0859648895498682 0.0440278192454319
v 0.054310890581591 -0.0837992892371676 0.0481146004472389
v 0.0547796922139874 -0.0809047912901295 0.0490928989106514
v 0.0552275428170806 -0.0781397546109334 0.0510401528096165
v 0.0551805929909235 -0.0784294852924809 0.0514019976987988
v 0.0546979705337201 -0.0814097245073785 0.0495951015592716
v 0.0545277918493981 -0.0824604871722624 0.0505174983177148
v 0.0551229068798354 -0.0787857049446905 0.0516947198280382
v 0.0547579961267432 -0.0810393189519708 0.0499704245484525
v 0.0547880927422731 -0.0808533897427744 0.0502829987492487
v 0.0549935797224228 -0.0795842207930425 0.0519721757179757
v 0.0548026921526285 -0.0807627906971391 0.0505174983177148
v 0.0552718290610984 -0.0778663928523513 0.0502316158213105
v 0.0552579896098428 -0.0779515902279137 0.0506119977546036
v 0.0549098910891911 -0.0801010898385076 0.0505174983177148
v 0.0549098910891911 -0.0801010898385076 0.045482500370983
v 0.0547302911472041 -0.0812102873977103 0.0488087002454243
v 0.0546744937579967 -0.0815546904309743 0.0485741000941224
v 0.0546135927218928 -0.0819303858977637 0.0483961988598958
v 0.0547796922139874 -0.0809047912901295 0.045482500370983
v 0.054548493284291 -0.0823322850523408 0.045482500370983
v 0.0608542911686176 -0.043399394099921 0.0668859988401979
v 0.0609019897780055 -0.0431045932990844 0.0655174985784851
v 0.0607278920889135 -0.0441793952584372 0.0664018973767333
v 0.0607857048598516 -0.0438225125046601 0.0666950851672496
v 0.0606504917447044 -0.0446572940482941 0.0656118005749926
v 0.0606811248019519 -0.0444683473544363 0.0660411328217134
v 0.0617446167817591 -0.0379021964231789 0.0616477043558425
v 0.0607856564310854 -0.0438230973751438 0.0593053163743321
v 0.0608542911686176 -0.0433995952655651 0.0591140003700405
v 0.0609150171161053 -0.0430245181968669 0.0590278195062022
v 0.0611922904288781 -0.0413122930918926 0.0623018988452427
v 0.0620777061101879 -0.0358459072863038 0.0593048730647965
v 0.0621354890788083 -0.0354890953130311 0.0595979975253791
v 0.0619685923747168 -0.0365196929847397 0.0604825006317533
v 0.0614825910797506 -0.0395200934675228 0.0655174985784851
v 0.0610487922694262 -0.0421986922496846 0.0655174985784851
v 0.0617977990175934 -0.037574154862301 0.065498298432716
v 0.0619484720850179 -0.0366438494400411 0.0669721797040362
v 0.0618469840175738 -0.0372703612121155 0.0654123559874514
v 0.0620091905819262 -0.0362688953059032 0.0668859988401979
v 0.0619483789527753 -0.0366442219690117 0.0590278120556217
v 0.0611188910458126 -0.0417657949594689 0.0631147012908451
v 0.0608812920684024 -0.0432327954190059 0.0604825006317533
v 0.0607278920889135 -0.0441793952584372 0.0595980981082149
v 0.0610279902517112 -0.0423268943696061 0.0604825006317533
v 0.0606811061755034 -0.0444686602787716 0.0599593059727704
v 0.0606504917447044 -0.0446572940482941 0.0603882992180817
v 0.0609150655448715 -0.0430241158655787 0.0669721871546167
v 0.0606367491509812 -0.0447424131927728 0.0607685656673781
v 0.0606367417004018 -0.0447424020169036 0.0652318582259448
v 0.0613356917307976 -0.0404269928945636 0.0655174985784851
v 0.0611922904288781 -0.0413122930918926 0.0639284015313893
v 0.0620777955171408 -0.0358452702617642 0.0666946828359063
v 0.0621354890788083 -0.0354890953130311 0.0664020016848593
v 0.0613564900232229 -0.0402987944999318 0.0604825006317533
v 0.0619257999718709 -0.0367837266178994 0.063054075917883
v 0.0619685923747168 -0.0365196929847397 0.0613615983420253
v 0.0615033893721758 -0.039391895072891 0.0604825006317533
v 0.0615161894676036 -0.0393125948309322 0.0604825006317533
v 0.0615313029679384 -0.0392199543265383 0.0610151351761415
v 0.0619611753229133 -0.0365645603739515 0.0636402950367265
v 0.06222663946732 -0.0349259246418176 0.0607684315569304
v 0.061526590476461 -0.0392480951649729 0.064121900555747
v 0.0618737166964997 -0.0371052861746899 0.0625734538754794
v 0.0622128894230173 -0.0350111965231742 0.0603878000291928
v 0.0621822973439566 -0.0351999159743599 0.0599589632460706
v 0.0617155893243747 -0.0380815951995217 0.0613615983420253
v 0.0620090899991041 -0.0362690964715473 0.0591140003700405
v 0.0615754402003679 -0.0389469017670018 0.0616373405984638
v 0.0618393732507056 -0.0373172402577682 0.0640412033191054
v 0.0617940886290468 -0.037599103127458 0.0646423012470684
v 0.0617592646208808 -0.0378102301962217 0.0647066891631479
v 0.0617062835506906 -0.0381262837748277 0.0646573439689574
v 0.0616819797606526 -0.0382884642621522 0.0645183384898676
v 0.0618183998696643 -0.0374477744090454 0.064518398094511
v 0.0616658716079665 -0.0383887453357318 0.064333184115592
v 0.061657683421194 -0.038439778079406 0.065418927399391
v 0.0618326193004698 -0.0373591758439819 0.0643386677427887
v 0.0612657903947656 -0.040858895532428 0.0631147012908451
v 0.0615331097334455 -0.0392083090709193 0.0644012302666627
v 0.0616564801526191 -0.038446379292764 0.0639867917302223
v 0.0618006637653769 -0.0375561430865754 0.063366076423986
v 0.0618275417306013 -0.0373900733967985 0.0636831731271034
v 0.061645404866325 -0.038514827765811 0.0622319751479035
v 0.0615476793414833 -0.0391175051343502 0.0647192210394318
v 0.061573327961105 -0.0389596273566354 0.0650186896692509
v 0.061609820899059 -0.0387349439586338 0.0652532190400387
v 0.0617237365329604 -0.0380311398757518 0.0655149579305583
v 0.0621823830256198 -0.0351993720820629 0.0660401493450966
v 0.0619000246923992 -0.0369429380493287 0.0651990160674076
v 0.0622128894230173 -0.0350111965231742 0.0656120017406642
v 0.0619411481654571 -0.0366884933118706 0.0648351073674461
v 0.061960180670562 -0.036571444709327 0.0645308256626689
v 0.0622266506431891 -0.0349259134659485 0.0652311727725452
v 0.0619686743310903 -0.0365186126507251 0.0641878977971994
v 0.0608542911686176 -0.043399394099921 0.0368859983186573
v 0.0622266543684788 -0.0349259246418176 0.0307684328980349
v 0.0607278920889135 -0.0441793952584372 0.0364019005804829
v 0.0607857011345619 -0.0438225311311086 0.0366950734698383
v 0.0606367417004018 -0.0447424020169036 0.0352318651549846
v 0.0606504917447044 -0.0446572940482941 0.0356118000534519
v 0.0609019897780055 -0.0431045932990844 0.0355174980569445
v 0.060681098724924 -0.0444685149924731 0.0360409050574696
v 0.0610279902517112 -0.0423268943696061 0.0304825001102127
v 0.0607856564310854 -0.0438231011004335 0.0293053195780817
v 0.0608812920684024 -0.0432327954190059 0.0304825001102127
v 0.0608542911686176 -0.0433995952655651 0.0291139998484999
v 0.0613564900232229 -0.0402987944999318 0.0304825001102127
v 0.0611922904288781 -0.0413122930918926 0.0323018983237021
v 0.0619220001763714 -0.0368068308646523 0.0310149856429923
v 0.0621354890788083 -0.0354890953130311 0.0295979988664836
v 0.0621822898933772 -0.0351999196996496 0.0299589534113045
v 0.0622128894230173 -0.0350111965231742 0.0303877995076522
v 0.0619684061102315 -0.0365204752955778 0.0319159135539253
v 0.0619557997298684 -0.0365982369928883 0.0314341590232962
v 0.0614825910797506 -0.0395200934675228 0.0355174980569445
v 0.0619484795355973 -0.0366438308135926 0.0369721754572054
v 0.0609150618195818 -0.0430241344920272 0.0369721903583663
v 0.0611188910458126 -0.0417657949594689 0.0331146001864686
v 0.0606367491509812 -0.0447424131927728 0.0307685632831924
v 0.0606810800984755 -0.044468831642098 0.0299595345565781
v 0.0607278920889135 -0.0441793952584372 0.0295980994493194
v 0.0606504917447044 -0.0446572940482941 0.0303883005591862
v 0.0613356917307976 -0.0404269928945636 0.0355174980569445
v 0.0610487922694262 -0.0421986922496846 0.0355174980569445
v 0.0611922904288781 -0.0413122930918926 0.0339284010098487
v 0.0609150171161053 -0.0430245107462874 0.0290278189846616
v 0.0622266580937685 -0.0349259171912382 0.035231179701585
v 0.0619644349514056 -0.0365450771087922 0.0323943488509726
v 0.0617347112364325 -0.0379629894258813 0.0304173336084783
v 0.0618266625622308 -0.0373954974186095 0.0305092327927969
v 0.0620776837584496 -0.0358458998357244 0.0293048744059009
v 0.0618782913522579 -0.0370767616314157 0.0307127025564156
v 0.0620090899991041 -0.0362690964715473 0.0291139998484999
v 0.0619483938539341 -0.0366442294195911 0.0290278115340811
v 0.0617250366590676 -0.0380200832159062 0.0312526554334315
v 0.061797121014867 -0.0375780254383049 0.0313808836479287
v 0.0617771013079902 -0.0377013511540021 0.0312780619126991
v 0.0617564632030223 -0.037828916249384 0.0312335577331433
v 0.0617815902820852 -0.0376736946032292 0.030432199379082
v 0.0616890913387002 -0.0382448932737578 0.0304719985170961
v 0.0615033893721758 -0.039391895072891 0.0304825001102127
v 0.0615981868193091 -0.0388063652128657 0.0308349572680527
v 0.0615642904082797 -0.0390154135699738 0.0311498616378785
v 0.0616468987074969 -0.0385061217637694 0.0305836268383944
v 0.0615442371737955 -0.0391400692140958 0.0315123789419447
v 0.0618157549139734 -0.0374631263279213 0.0315745354091852
v 0.0616914978758499 -0.0382298319274789 0.0314227223823356
v 0.0616733817920125 -0.0383420153016673 0.0316877879570174
v 0.0618251761716384 -0.0374047026094716 0.0317936942325452
v 0.0618283128655703 -0.0373855583456755 0.0321317196160915
v 0.0618200986017699 -0.0374361142522675 0.0324262298846342
v 0.0618040575042985 -0.037534435823462 0.032628576473253
v 0.0617744302752714 -0.0377178467368176 0.0327932044984429
v 0.0617428770714667 -0.037910768314791 0.032820697140231
v 0.0616929917170218 -0.0382209992655874 0.0327467389535888
v 0.0616670301730648 -0.0383816076806562 0.0319485433709202
v 0.0615369914853185 -0.0391838935221901 0.0318131998521119
v 0.061656405646825 -0.0384469008333227 0.0340515777308141
v 0.061666307466862 -0.038385556487744 0.0343537583719099
v 0.0621823643991713 -0.0351993720820629 0.0360401525488462
v 0.0619082799343864 -0.0368920692184015 0.0350120320540957
v 0.0620091905819262 -0.0362688953059032 0.0368859983186573
v 0.0617621293686642 -0.0377941183182459 0.0355174533534619
v 0.0618049478485381 -0.0375295184410509 0.0345130145286095
v 0.0617490126236115 -0.0378705649882904 0.0347076423159023
v 0.0617865449173934 -0.0376490071083515 0.0346337139315818
v 0.0617172396277142 -0.0380746140066138 0.0346766553518923
v 0.0618678381893446 -0.0371416189251867 0.0352813966136858
v 0.0618182732098143 -0.0374473422754395 0.0354490644756913
v 0.061699753117837 -0.0381800955846222 0.0354927807563667
v 0.0616896426815766 -0.0382427512321772 0.0345745525976743
v 0.0618167793686424 -0.0374566256973854 0.0343352846577327
v 0.0618154457149279 -0.0374650262256711 0.0340486347515441
v 0.0617796568567281 -0.0376858539488276 0.0337344065218924
v 0.0618036961511971 -0.0375407986182789 0.0338743619499871
v 0.0617417073304992 -0.0379203795622309 0.0336447425117029
v 0.0617068907729126 -0.0381349935021589 0.033634099357558
v 0.0615367903196744 -0.0391850930654752 0.0341873012292243
v 0.0612657903947656 -0.040858895532428 0.0331146001864686
v 0.0615470795698407 -0.0391216960852688 0.0344915866592917
v 0.0615670582985308 -0.0389979643129937 0.0348370477221076
v 0.0615988797231943 -0.0388021705366574 0.0351393028690077
v 0.0616441084655075 -0.0385230792825084 0.0353653348528146
v 0.0621354890788083 -0.0354890953130311 0.0364019974380285
v 0.0620778364953276 -0.0358452777123436 0.0366946897649462
v 0.0622128894230173 -0.0350111965231742 0.0356119974938333
v 0.0619193030666247 -0.0368234046785516 0.0329817898650067
v 0.0619248649241548 -0.0367896237515031 0.0336750999016665
v 0.06194578987643 -0.0366602928688008 0.0344347983352512
v 0.061935433571049 -0.0367242337413042 0.0346984818272632
v 0.0619478164340298 -0.0366477647195215 0.0341646253876844
v 0.0619402913488249 -0.0366938949819435 0.0339132986833163
v 0.0619438042970171 -0.036671152088292 0.0327542007098898
v 0.0618865801218524 -0.0370253638093503 0.033157884333479
v 0.061890581082996 -0.0370010972722094 0.0334018982931547
v 0.0618577910830091 -0.0372033954043713 0.0332401983460739
v 0.0551139997121498 -0.0738370897046755 0.059689382619648
v 0.0530133200231452 -0.0730468663512077 0.0597030879623497
v 0.053121576941984 -0.0723784376193682 0.0594869503493543
v 0.0532076460353375 -0.0718471591533227 0.0588598126427871
v 0.055285199125851 -0.0727802250152542 0.0595406131549042
v 0.0532269840141982 -0.0717275699032 0.0582502620313258
v 0.0553868511060422 -0.0721522976330918 0.0587502928357506
v 0.055397892864729 -0.0720843930523418 0.0582499975357205
v 0.0528965098391427 -0.0737683134061345 0.059590431460952
v 0.0527906184792668 -0.0744216770664053 0.0589855113852282
v 0.0549907410516673 -0.0745979428741059 0.0592275248640584
v 0.054926911937855 -0.0749924063504311 0.0582530448231165
v 0.0527607751834368 -0.0746064812381107 0.0582506159338962
v 0.0551978634339977 -0.0733197736244458 0.0391968517184961
v 0.0553217032396742 -0.0725546959764894 0.0388671858861926
v 0.0554068223841529 -0.0720291246542725 0.0377535811568741
v 0.0531871085131917 -0.0719737892009885 0.0386135047984085
v 0.0532284108001554 -0.0717188378241305 0.0377506754305063
v 0.0530276251356139 -0.0729584056218634 0.0392300664060548
v 0.0550855161470623 -0.0740129010270321 0.0391281536416377
v 0.052886630370844 -0.0738294528607795 0.0390428295945489
v 0.0527895195188037 -0.0744284868959868 0.0384973092713063
v 0.0549678305199791 -0.0747396901473963 0.0385611272179828
v 0.0549326377081322 -0.0749570757028651 0.0377505189683172
v 0.052761784736947 -0.0746003270595174 0.0377502507474217
v 0.0583915915513322 -0.0536008354625834 0.0391893825116146
v 0.0563347063681042 -0.0525403311651199 0.0391652538068908
v 0.0585627499868467 -0.0525439484214239 0.0390406279480317
v 0.0564707725745938 -0.0517000399180116 0.0385765461941835
v 0.0565045870292497 -0.0514912709576314 0.0377502619232924
v 0.0586754921544908 -0.0518480941067732 0.0377499974276871
v 0.0586644578463834 -0.0519159726104953 0.038250203320752
v 0.0561838172338768 -0.0534714971293017 0.0391251175301123
v 0.0560770467056304 -0.05413108947396 0.038558757933406
v 0.0582448225875189 -0.054506941402917 0.03857665795289
v 0.0560355395277328 -0.0543871137342532 0.0377517073358959
v 0.0582109969569939 -0.0547158183966987 0.0377502619232924
v 0.0585992913535669 -0.0523182927228091 0.0593671152137119
v 0.0586844104980455 -0.0517927959063863 0.0582535812649075
v 0.0564646817259255 -0.0517375647612141 0.059113575686956
v 0.0565060100899172 -0.0514825314279826 0.0582506755385397
v 0.0563052505024036 -0.0527220843245566 0.059730062788798
v 0.0584218483543194 -0.0534137849411857 0.0597399236319976
v 0.0561641141766249 -0.0535931241128933 0.0595428297025823
v 0.0582580399153937 -0.0544252867778644 0.0591708408481439
v 0.0560392499162794 -0.0543640281139488 0.0582502508554551
v 0.056067163512042 -0.0541922326538947 0.0589972534999865
v 0.0582084041553589 -0.0547319004723569 0.0582511821780089
v 0.0701057873816933 0.0105936985361595 0.0145302998379551
v 0.0667717872057918 0.0104778988369897 0.0145246997954391
v 0.0635887879228089 0.00862411831114484 0.0299058996907048
v 0.0701083876339077 0.0106099976099431 0.0143875001507811
v 0.0635273876978845 0.0103801984578535 0.0143875001507811
v 0.0665422870082011 0.00872725854457333 0.0299058996907048
v 0.0667717872057918 0.0104778988369897 0.0145246997954391
v 0.070002291383098 0.00995470797489451 0.0145246997954391
v 0.0701057873816933 0.0105936985361595 0.0145302998379551
v 0.0598324032242403 -0.00499999955790516 0.0841682236455032
v 0.0596377158589465 -0.00499999955790516 0.083933530361946
v 0.0604017951292618 -0.00499999955790516 0.0845425706086478
v 0.060506241076732 -0.00499999955790516 0.0850951578074285
v 0.0601299644647486 -0.00499999955790516 0.0849686395011401
v 0.0600675658621832 -0.00499999955790516 0.0843633021929122
v 0.0608482487487155 -0.00499999955790516 0.0846475269351707
v 0.0612296774363614 -0.00499999955790516 0.084635933832021
v 0.0615243105991613 -0.00499999955790516 0.0845664571695076
v 0.0594899038140157 -0.00499999955790516 0.0836682673468828
v 0.0589264164931773 -0.00499999955790516 0.0835912208946521
v 0.0593924018065564 -0.00499999955790516 0.0833785217245253
v 0.0593919882993991 -0.00499999955790516 0.0826224815259319
v 0.0630098853531695 -0.00499999955790516 0.0837789978732392
v 0.0625108529948139 -0.00499999955790516 0.0836675520911614
v 0.0598857791751392 -0.00499999955790516 0.0817766469319914
v 0.0592804829279371 -0.00499999955790516 0.0816997494913693
v 0.0596370639332481 -0.00499999955790516 0.0820666607752443
v 0.0599529126209202 -0.00499999955790516 0.0811196547496396
v 0.0601969861518385 -0.00499999955790516 0.0815565344343364
v 0.0631314490068361 -0.00499999955790516 0.0832976084210513
v 0.0626499180595164 -0.00499999955790516 0.0829217489900794
v 0.0631500158507278 -0.00499999955790516 0.0829016398734977
v 0.0604753770515228 -0.00499999955790516 0.0814336371101371
v 0.0611552983021035 -0.00499999955790516 0.0813525300915718
v 0.0611006930056018 -0.00499999955790516 0.0808498915839964
v 0.063073572905973 -0.00499999955790516 0.0824088137803491
v 0.0624801677835105 -0.00499999955790516 0.082260055491476
v 0.0628330756531719 -0.00499999955790516 0.0818643700659788
v 0.0614926456366655 -0.00499999955790516 0.0809045266902925
v 0.0594884733027689 -0.00499999955790516 0.0823333244994284
v 0.061805074508388 -0.00499999955790516 0.0815575551638553
v 0.0615238710149761 -0.00499999955790516 0.0814334210433046
v 0.0618700212091119 -0.00499999955790516 0.081031357920959
v 0.0622157467202214 -0.00499999955790516 0.081223910721602
v 0.0620533464408043 -0.00499999955790516 0.0817275848598573
v 0.0625211273438214 -0.00499999955790516 0.0814772751597179
v 0.062270594160554 -0.00499999955790516 0.0819443445963186
v 0.0626082097159747 -0.00499999955790516 0.0826222282061972
v 0.0626268287139223 -0.00499999955790516 0.0833037253475846
v 0.0627195064712132 -0.00499999955790516 0.0843002404801493
v 0.062363130356836 -0.00499999955790516 0.0839332695916309
v 0.062168547299654 -0.00499999955790516 0.084167284872369
v 0.0623740678074111 -0.00499999955790516 0.0846564899834285
v 0.0618731914306512 -0.00499999955790516 0.0844058077542675
v 0.062047039525333 -0.00499999955790516 0.0848803650242008
v 0.0616841329781023 -0.00499999955790516 0.085040410942426
v 0.0612962707151351 -0.00499999955790516 0.0851314421341245
v 0.0608987785782795 -0.00499999955790516 0.0851500834863614
v 0.0597842054260319 -0.00499999955790516 0.0847760717993362
v 0.0594788285277216 -0.00499999955790516 0.0845226924600595
v 0.0591669211965578 -0.00499999955790516 0.0841356497078616
v 0.0588499586472637 -0.00499999955790516 0.083098283042797
v 0.0593453141446801 -0.00499999955790516 0.0830009784623761
v 0.0588685292164451 -0.00499999955790516 0.0827024039022087
v 0.0589900965954014 -0.00499999955790516 0.0822210069994403
v 0.0596259029652907 -0.00499999955790516 0.0813435148892511
v 0.0603158191681509 -0.00499999955790516 0.0809596088314143
v 0.0607036516288005 -0.00499999955790516 0.0808685552879745
v 0.0607726253676959 -0.00499999955790516 0.0813636836104761
v -0.0486176011053362 -0.114798304044152 0.0502767514375578
v -0.0474721341255617 -0.117734175058658 0.0442647663295694
v -0.0480922458499222 -0.116321038562972 0.0473855499762546
v -0.0466556772819885 -0.119321722167772 0.0403490355532832
v -0.0446892160557797 -0.122236351580378 0.0318360135293898
v -0.0436653499825688 -0.123496646890032 0.027540949489006
v -0.0432440197168883 -0.124754900740927 0.0194679047286234
v -0.0422126695366592 -0.125167618136809 0.0208326759748308
v -0.0416788243460066 -0.125774974469218 0.0178546715262233
v -0.0412961700380476 -0.126228476336794 0.0153456773904187
v -0.0409677745746477 -0.126671040753795 0.0125786435772782
v -0.0424767553238749 -0.125894958600049 0.0125977450028566
v -0.049344699424746 -0.11216991099135 0.0543677720196298
v -0.0495879533919291 -0.111111220909973 0.0556895124385615
v -0.0497411931839606 -0.111864630950572 0.053922305540987
v -0.0504229696288145 -0.105838527817327 0.0597816953111806
v -0.0503158228463079 -0.106771139193914 0.0593501092638796
v -0.0499918791041059 -0.108928283098983 0.0578603768826937
v -0.050166557938392 -0.107822393597039 0.058693139433269
v -0.0497756856413429 -0.110155438231418 0.0567306490973238
v -0.0507063859443115 -0.107694310686388 0.057717772773256
v -0.0490266900690447 -0.113447119116266 0.0525344896495084
v -0.0486924719778353 -0.116139780867066 0.0456001785635908
v -0.0485431809928915 -0.115081843294209 0.0497842904228503
v -0.0495216022569862 -0.113739971590587 0.0499774504457984
v -0.0464447960823454 -0.120227414600949 0.0363565265456618
v -0.0447744208819215 -0.122750918396806 0.0279422191245358
v -0.0452352913725351 -0.122769693856921 0.0247828694108977
v -0.0438910317582115 -0.124956871047595 0.012626998775594
v -0.0506725454126277 -0.10587667478391 0.059392961277225
v -0.0466695353596926 -0.120447646277752 0.0335043847522649
v -0.0476895494833481 -0.118188012202308 0.0413980661020115
v -0.0477001181302423 -0.119006540306957 0.0360588795827579
v -0.0452163669008317 -0.123844439936928 0.0126615024135671
v -0.046362519333912 -0.122619005888337 0.0127002072475804
v -0.0588971915954385 -0.0583493579419421 0.0726906119430673
v -0.0528872264171969 -0.0948927996485536 0.0620857724081179
v -0.0521753347303645 -0.0980651744052968 0.0615623542317222
v -0.0478761082665047 -0.119224730525003 0.032326928548658
v -0.0466216281340812 -0.121161195718504 0.0278095559520374
v -0.049262594039639 -0.115412105127752 0.0448528667199716
v -0.0485349071244558 -0.117255318869347 0.0408228514904636
v -0.0482985747455454 -0.118776391908958 0.0300206498052034
v -0.0473475231849162 -0.121311049222193 0.0127419891713115
v -0.0468223616445668 -0.121474745902427 0.0211868635299758
v -0.0502988429758307 -0.110001151632979 0.0556315841757152
v -0.0500619778804924 -0.112033923015944 0.051947823495839
v -0.0578905996905915 -0.0648618907784697 0.0705812632162586
v -0.0510673143627087 -0.105847073631911 0.0585439974395037
v -0.0491925250655702 -0.116300616524807 0.0397685422055004
v -0.0488186810677644 -0.117846783115873 0.0295417581601048
v -0.0481963229937116 -0.119875441779003 0.0127874041843249
v -0.049610841571879 -0.115646671719342 0.0307604402878782
v -0.0488727126696515 -0.118382293511024 0.012834750760315
v -0.0492768171957343 -0.116737093818429 0.0300482728321491
v -0.0493810843292986 -0.116843100662286 0.0128809182819519
v -0.0569692349636246 -0.0705137438573314 0.0688691347345158
v -0.0558691755400692 -0.0773054312779331 0.0667797535632605
v -0.0546773808575184 -0.0846642419021256 0.0644623548285136
v -0.0537801150296557 -0.0902039563102755 0.062673835545618
v -0.0534710575451165 -0.0920342060436962 0.0624514915991241
v -0.0530091029951987 -0.0949642432545238 0.0610955418401463
v -0.0521933688578283 -0.100000738078689 0.059373936220096
v -0.0515027895534005 -0.104264697224908 0.0578532913807044
v -0.0512715645466762 -0.105690700871237 0.0572677726164213
v -0.0511454746660176 -0.10647011343398 0.0568249026650584
v -0.0510440909066852 -0.107096982833866 0.0563748987829335
v -0.0509488240730491 -0.107684766494163 0.0558762016324058
v -0.0508279682244266 -0.108430517339128 0.055090467145507
v -0.0510362379959862 -0.106983175233366 0.0572585823254604
v -0.0504958176690036 -0.110262883037101 0.0537332135349539
v -0.0507048250479249 -0.109191258749867 0.054134490621064
v -0.0505876572361108 -0.109914091612564 0.0530246521601531
v -0.0505107821577502 -0.110389006445367 0.0521793949861959
v -0.0504066677610637 -0.111032393779807 0.0508688229873294
v -0.0503181138994767 -0.111578461645983 0.0495413977755293
v -0.0499945315103762 -0.11322628394253 0.0476732876671861
v -0.0502450907706715 -0.112030383990724 0.048291626238265
v -0.0501513736575528 -0.112608869327916 0.0463912551166581
v -0.0500740813467452 -0.113085557398619 0.0444390056035145
v -0.0497520337770033 -0.114757541924196 0.0408505303967625
v -0.0500219384667388 -0.113407713001762 0.0428349105380123
v -0.0499675157094326 -0.113743860793039 0.040780427885493
v -0.0498590986031364 -0.114413302803679 0.0341268434943219
v -0.0499095725533549 -0.114101615264607 0.0378027140095223
v -0.0498210224170576 -0.114648033308016 0.0302728538154173
v -0.0497914212650585 -0.114832107322939 0.0259468791794729
v -0.0497512142132681 -0.11507855013811 0.0185080986058392
v -0.0497276368547227 -0.115224670901514 0.0151054501882467
v -0.0497265229931007 -0.115349430853748 0.0129241744892856
v -0.0371704563927962 -0.128314429955593 0.0118510357249297
v -0.0409633563810571 -0.126652220590204 0.0125765425135968
v -0.0371342875550465 -0.128199035381679 0.0126374090991003
v -0.0345153604633857 -0.129575082893059 0.0109732176518466
v -0.0135631250976872 -0.13551361191591 0.00958817896422343
v -0.028778494410802 -0.131581374916798 0.0103892867925177
v -0.00440386892036195 -0.133735784459223 0.0124401847845275
v -4.55316195758022e-07 -0.133635946695119 0.0133338064700259
v -0.0167761548723077 -0.132577740901403 0.0129958108888013
v -0.022837424740372 -0.132721969217638 0.0104802965637975
v -1.01500983761102e-14 -0.137642972610356 0.00952960995146013
v -0.0330503232315234 -0.133106389312917 0.00908331180177677
v -0.0335606394923967 -0.132445180192527 0.00915519500176917
v -0.0294806724047275 -0.134389244977027 0.00910189727466038
v -0.0327298961628033 -0.133595981787159 0.00905643010758392
v -0.0419177905047388 -0.128903442961493 0.00922385303175777
v -0.0415096775669331 -0.129632273540616 0.00909127833490196
v -0.0371611953225885 -0.129987979102846 0.00968496945459463
v -0.041434426714884 -0.12778552822438 0.0100284477316935
v -0.038734131845478 -0.129599148264556 0.00955619175979066
v -0.0398244757134817 -0.129506433254368 0.00937964373723468
v -0.0406110929865147 -0.129521975163019 0.00924281010234035
v -0.0423192947786071 -0.129822978571215 0.00897556988949545
v -0.0345500391852533 -0.130578064992181 0.00988004800200355
v -0.0385358570261979 -0.128377357549297 0.0107008560962784
v -0.0376937552882928 -0.12980837543557 0.00965610683732986
v -0.0410930821444681 -0.126980344107455 0.0112153484773185
v -0.036307325394504 -0.13035387705771 0.00963962522209528
v -0.0353786218468175 -0.130859369068415 0.0095335475832176
v -0.0324233271717873 -0.129601010909408 0.0127053425601421
v -0.0286364621528492 -0.130923995394225 0.0113936753259523
v -0.0343875793012009 -0.131609642415082 0.00933185385170905
v -0.0264361644918325 -0.133086064132284 0.00965962444261555
v -0.0274043076816301 -0.133752071425815 0.00929953789041479
v -0.00688300311884399 -0.133543455202313 0.0132148132499722
v -0.028843806189917 -0.130487138121052 0.012763317389116
v -0.023720726319774 -0.131521576566447 0.0128532756972326
v -0.0166062965629004 -0.132723802060173 0.0121783797701065
v -0.0226894431947597 -0.132064917520558 0.0114934209027867
v -0.016609803923158 -0.133232602128136 0.0110732016472548
v -0.0209231343338424 -0.135967054178851 0.00921686252466896
v -0.0164300512442932 -0.136579655719165 0.00928103530523847
v -0.0104368787407211 -0.133877136851805 0.0111819689456678
v -0.0133883447492566 -0.134466567090152 0.0102074153302443
v -0.0252216399541442 -0.135250666067344 0.00913991572395155
v -0.0119877336088818 -0.137063168520608 0.00934630052716358
v -0.00424533875128754 -0.134244256701693 0.0113008494756926
v -0.0104388782899705 -0.133369260655689 0.012312662512526
v 5.1865832254297e-09 -0.135340073020273 0.0102674372061915
v -2.16541303276465e-07 -0.136549763994569 0.00968951523997973
v -0.00758800953897836 -0.137409188329604 0.00941150614444525
v -0.00330884399301278 -0.137600355296126 0.00946084295673274
v 2.1460801272351e-08 -0.134271183095683 0.0113966685966402
v -0.00431971648856186 -0.135073163463461 0.0103610388481385
v -0.0921513440531927 -0.00492421086715491 0.0094939915203901
v -0.0916121828741305 -0.00481286940843998 0.00957747993072539
v -0.0927497596903089 1.0251490112352e-07 0.00955238451319073
v -0.0921127202495271 -0.00188326095517441 0.00960254182064812
v -0.0922278317014239 -9.48722364622904e-07 0.00962214616040558
v -0.0931232795879103 -0.00176812365908029 0.00921223478289913
v -0.0918567481432898 -0.0036216735662093 0.00958686207413236
v -0.0926389695744704 -0.00502238109845519 0.00916469635446303
v -0.0701762549617607 0.0109585785556117 0.0137338784247515
v -0.0683861936536818 1.24331856556401e-07 0.0139377607642615
v -0.070132169883387 0.010713068925512 0.0140281838023323
v -0.0722873989895477 0.0203721639864141 0.0120259958425314
v -0.0694546067411898 1.54966681463401e-08 0.0111975695297665
v -0.0734654995071415 0.0196354916724614 0.0107221135335688
v -0.0707836559976463 1.11428850171073e-07 0.0102628541679042
v -0.0753261029010818 0.0182120752398327 0.0100595594929257
v -0.072376999657542 -3.7355550567755e-07 0.00991038304022588
v -0.0741400004612008 0.0191460519350972 0.0103479854312244
v -0.0728815379940822 0.020023955569716 0.011219693097032
v -0.0720535029501046 0.0205911737681944 0.0125332928255209
v -0.0718510632569339 0.0207455367350722 0.0132101286975266
v -0.0714901124867985 0.0191129788130927 0.0139133815337707
v -0.071502689064844 0.0192185963641752 0.0141054994067811
v -0.0717381348248045 0.0207389392470039 0.0141164601419167
v -0.0714728122414067 0.0189112227105829 0.0137067033639542
v -0.0702899880564664 0.0114981904947283 0.0135051726138926
v -0.0714144518528819 0.0184009679169897 0.0135042105576945
v -0.0702353976611235 0.0112308571862119 0.0135708345792256
v -0.0714469661814306 0.0186527602481775 0.0135623111152132
v -0.0685459936808845 1.41523799109049e-06 0.0127043516329448
v -0.0910073299364033 0.00506864174601681 0.00973620057695655
v -0.0902895634677055 0.00625465850423456 0.00975944359393171
v -0.0919670688726255 0.00244673093013267 0.00969380863695274
v -0.0915765691045469 0.00379442083778315 0.00971420180691327
v -0.0921712371002195 0.00105923199461379 0.00967562177012216
v -0.0894474766309592 0.00736946448708878 0.00978363190329897
v -0.0885025419960263 0.00842871569022762 0.00980863884519102
v -0.0874883020714141 0.00942960417653563 0.00983400714023395
v -0.0922095852324469 1.97213958533971e-12 0.00966341958202228
v -0.0723783929158918 8.31256826276019e-15 0.00994363963729948
v -0.083773614540518 0.0124989597717657 0.00992030069410128
v -0.085962438309242 0.0107802014399706 0.00987044140986111
v -0.0815073121965011 0.0141301877653204 0.00997029595143431
v -0.0753286062957638 0.0182129506829134 0.010102566105815
v -0.0792096131108471 0.0156915758901231 0.010019955932648
v -0.0622114924393778 -0.0162555977900343 0.0324775979114116
v -0.0622114924393778 -0.0162555977900343 0.0415224013882338
v -0.0656762912621255 -0.0167547977864267 0.0324593998687103
v -0.0656762912621255 -0.0167547977864267 0.0415405994309351
v -0.0656819015484219 -0.0167208585345657 0.0324348315797411
v -0.0620486861033828 -0.017261269548324 0.0311736327147417
v -0.0622114924393778 -0.0162555977900343 0.0324775979114116
v -0.0651196137708686 -0.0201918562393832 0.0294196301083349
v -0.0617253272316646 -0.0192575908341665 0.029675784788822
v -0.0612951643040926 -0.0219136758279937 0.0287855503234517
v -0.0606151610971385 -0.0261125299486761 0.0293040753311498
v -0.0609490923410406 -0.0240501555510672 0.028804927420506
v -0.0602806449827526 -0.0281773015702104 0.0305558156842928
v -0.0640196176772382 -0.0269829420256974 0.0293779571493426
v -0.0599981413632334 -0.0299210165490644 0.0324464209576006
v -0.0637091892860874 -0.0288997283763296 0.0306128740918739
v -0.063445036443657 -0.0305316362352555 0.032435002943091
v -0.0643731923737569 -0.0248004754638556 0.0287587133327414
v -0.0647298516101516 -0.0225984380925465 0.0287245580094034
v -0.0654168397353034 -0.0183565606010565 0.0306098789585409
v -0.0634503934102534 -0.0304978962863937 0.0415405994309351
v -0.060005189611356 -0.0298779950409016 0.0415224013882338
v -0.060005189611356 -0.0298779950409016 0.0324775979114116
v -0.0634503934102534 -0.0304978962863937 0.0324593998687103
v -0.0634449842896012 -0.0305318858296658 0.0415651714451945
v -0.060005189611356 -0.0298779950409016 0.0415224013882338
v -0.0637466880522619 -0.028668393473559 0.043593778231879
v -0.0607245691304963 -0.0254363302625111 0.044942009189531
v -0.0644489796675235 -0.0243323238945128 0.0452958596059115
v -0.0648667411056662 -0.0217524862677308 0.045147216801035
v -0.061504652245386 -0.0206205607160355 0.0448817079168176
v -0.0611727401085041 -0.0226692986906777 0.0452693578913206
v -0.0652977198716836 -0.0190920911137145 0.0439619188615251
v -0.062082876812299 -0.0170500549352522 0.0425837104935115
v -0.0656878247590535 -0.0166847194991336 0.0415916806103658
v -0.0622114924393778 -0.0162555977900343 0.0415224013882338
v -0.0618130019248811 -0.0187160510576274 0.0440094647405416
v -0.0604015790624589 -0.0274308056673045 0.0439711091524859
v -0.0641010003561423 -0.0264810598207171 0.0448233214432749
v -0.0601680518266966 -0.0288722897550045 0.0428264504039336
v -0.0609520911992534 -0.0427955954191805 0.0410000002160668
v -0.0614455915023966 -0.0428754954327818 0.0410000002160668
v -0.0624048908544335 -0.0369526945830671 0.0410000002160668
v -0.0619113905512904 -0.0368727945694658 0.0410000002160668
v -0.0620948200910945 -0.0357401351356984 0.0406576534958708
v -0.0625341956601079 -0.0361544432302842 0.0408616615639255
v -0.0626702506907284 -0.0353148225353229 0.0401463276115135
v -0.0624048908544335 -0.0369526945830671 0.0410000002160668
v -0.0619117891572889 -0.0368693114235912 0.0410402221745203
v -0.0627307642967029 -0.0349401477979128 0.039003155253757
v -0.0622086276915944 -0.0350369904290943 0.0398155851703379
v -0.0622310911885179 -0.0348984953337168 0.0389999999329448
v -0.0622310911885179 -0.0348984953337168 0.0349999993667006
v -0.0622310911885179 -0.0348984953337168 0.0389999999329448
v -0.0627246920744831 -0.0349783953473181 0.0389999999329448
v -0.0627246920744831 -0.0349783953473181 0.0349999993667006
v -0.0620947083324033 -0.0357409062706674 0.0333418354390151
v -0.062208620241015 -0.0350370276819914 0.0341841906118946
v -0.0627307642967029 -0.0349401440726231 0.0349968440458884
v -0.0622310911885179 -0.0348984953337168 0.0349999993667006
v -0.0626568694501066 -0.0353973973069327 0.0337173558685774
v -0.0625081558850672 -0.036315368294978 0.0330911941880466
v -0.0619118077837374 -0.0368693188741706 0.0329598516309294
v -0.0624048908544335 -0.0369526945830671 0.0329999990835786
v -0.0624048908544335 -0.0369526945830671 0.0329999990835786
v -0.0614455915023966 -0.0428754954327818 0.0329999990835786
v -0.0609520911992534 -0.0427955954191805 0.0329999990835786
v -0.0619113905512904 -0.0368727945694658 0.0329999990835786
v -0.0607686504835802 -0.043928049962014 0.0333422005174562
v -0.0611803732271105 -0.0445133972828437 0.0338535375776841
v -0.0609513498666021 -0.0427990226857094 0.0329597771251251
v -0.0614455915023966 -0.0428754954327818 0.0329999990835786
v -0.0613163239496193 -0.0436737505108544 0.0331382967575275
v -0.0606547199485201 -0.0446313995595519 0.0341844327557586
v -0.0611196249278846 -0.0448880757455435 0.0349968514964688
v -0.0606322899792039 -0.0447698946549295 0.0349999993667006
v -0.0606322899792039 -0.0447698946549295 0.0349999993667006
v -0.0611258908651691 -0.0448497946685308 0.0349999993667006
v -0.0611258908651691 -0.0448497946685308 0.0389999999329448
v -0.0606322899792039 -0.0447698946549295 0.0389999999329448
v -0.0606546901462024 -0.0446314219112901 0.0398156186979498
v -0.0607687398905332 -0.0439277891917346 0.0406579626949587
v -0.0611803844029796 -0.0445133451287879 0.0401465213266047
v -0.0611196212025949 -0.0448880794708332 0.0390031478031766
v -0.0606322899792039 -0.0447698946549295 0.0389999999329448
v -0.0613163314001987 -0.0436737207085368 0.0408616988168277
v -0.0614455915023966 -0.0428754954327818 0.0410000002160668
v -0.0609513722183403 -0.0427990189604197 0.0410401402181355
v -0.0550503903904301 -0.0823609846842312 0.0410000002160668
v -0.0555160925817916 -0.0763581869633828 0.0410000002160668
v -0.0545567932297546 -0.0822810846706298 0.0410000002160668
v -0.0560096934677568 -0.0764381912850959 0.0410000002160668
v -0.056138949844665 -0.0756397424919586 0.0408615982339919
v -0.0555164762866312 -0.076354707542798 0.0410402035480692
v -0.0560096934677568 -0.0764381912850959 0.0410000002160668
v -0.0558134452060764 -0.0745222971413481 0.0398153094988619
v -0.0556996078032589 -0.0752255871342507 0.040657657221161
v -0.0562749899741267 -0.0748001665004737 0.0401461189952615
v -0.0563355445582879 -0.0744255960711754 0.0390031440778864
v -0.0558358900765515 -0.0743839845851661 0.0389999999329448
v -0.0558358900765515 -0.0743839845851661 0.0349999993667006
v -0.0558358900765515 -0.0743839845851661 0.0389999999329448
v -0.0563293903796946 -0.0744638920493469 0.0389999999329448
v -0.0563293903796946 -0.0744638920493469 0.0349999993667006
v -0.0557811730213586 -0.0747219726695574 0.0338525727275184
v -0.055842167189705 -0.0743442059416919 0.0349965050444788
v -0.0563293903796946 -0.0744638920493469 0.0349999993667006
v -0.0563072919611622 -0.0746003121583586 0.0341915927635522
v -0.0560100585461479 -0.0764350620417434 0.0329612560653406
v -0.0556465112490879 -0.0755530326487758 0.033140278611922
v -0.0561929516442344 -0.0753068208015667 0.0333405837415028
v -0.0555160925817916 -0.0763581869633828 0.0329999990835786
v -0.0550503903904301 -0.0823609846842312 0.0329999990835786
v -0.0555160925817916 -0.0763581869633828 0.0329999990835786
v -0.0560096934677568 -0.0764381912850959 0.0329999990835786
v -0.0545567932297546 -0.0822810846706298 0.0329999990835786
v -0.0548453578956244 -0.0836272330068341 0.0334244549254077
v -0.0544263894636172 -0.0830861644794427 0.0331402525348905
v -0.0550498092452361 -0.0823640766746867 0.0329612523400503
v -0.0545567932297546 -0.0822810846706298 0.0329999990835786
v -0.0542917649442435 -0.0839176863945845 0.0338530905428583
v -0.054745188580736 -0.0842451170079508 0.0343541681538335
v -0.0547305928956703 -0.0843352839199802 0.0349999993667006
v -0.0542305211814868 -0.0842949390324707 0.0349965124950592
v -0.0542370925925271 -0.0842552870488465 0.0389999999329448
v -0.0542370925925271 -0.0842552870488465 0.0349999993667006
v -0.0547305928956703 -0.0843352839199802 0.0349999993667006
v -0.0547305928956703 -0.0843352839199802 0.0389999999329448
v -0.054745188580736 -0.0842451244585302 0.0396457827170391
v -0.0542918357247479 -0.0839174703277816 0.0401472403076163
v -0.0542305174561971 -0.0842950209888443 0.0390034942551666
v -0.0547305928956703 -0.0843352839199802 0.0389999999329448
v -0.0550498092452361 -0.0823640841252661 0.0410387655860461
v -0.0548453616209142 -0.083627195753937 0.0405755928030105
v -0.0545567932297546 -0.0822810846706298 0.0410000002160668
v -0.0544263745624584 -0.0830862613369751 0.0408596946106919
v -0.0548800813209685 -0.0615213117409485 0.0488846402864611
v -0.0584700200754999 -0.0612474917717327 0.0489998895898486
v -0.0554292076499926 -0.058131078316944 0.0489415478197884
v -0.0578419362311699 -0.0651253358158561 0.0479549680362276
v -0.0543731476231476 -0.064650979776509 0.0478805851665008
v -0.0573648570050481 -0.0680711831561934 0.0459601459065047
v -0.0540232721393064 -0.0668115211457896 0.0465303239256816
v -0.053551803199481 -0.0697225817308579 0.0432436717321648
v -0.0537631090821506 -0.0684177841103836 0.0450228964159735
v -0.0533961643208792 -0.0706834159022535 0.0412498256284782
v -0.0568028225471948 -0.0715410371970713 0.0403939290256665
v -0.0570199398818048 -0.0702007077633869 0.0434359823889438
v -0.0532901090482562 -0.0713380685127624 0.0387436031085937
v -0.0567209481300495 -0.0720465217571967 0.0370018026902869
v -0.053274190885345 -0.071436490666779 0.0369999996498227
v -0.0590178984324727 -0.0578646679489522 0.0488028925179788
v -0.0558310509252241 -0.0556497932293183 0.0483287264035182
v -0.0594669672052996 -0.05509237440541 0.0478817176547262
v -0.0566422290332848 -0.0506412678802611 0.0449053411579428
v -0.0562421440947942 -0.0531116043414427 0.0470998611949415
v -0.05986642256983 -0.0526259345972603 0.046304090776203
v -0.0601534896692382 -0.050853657822235 0.044460116823164
v -0.0568782373119908 -0.0491846200008154 0.0427654338754989
v -0.0603766084455636 -0.0494760084362819 0.0422665765374919
v -0.0605297700065113 -0.0485304703044167 0.0394703699766762
v -0.0605681106881593 -0.0482936461872651 0.037000368453554
v -0.0571142791183042 -0.0477270072713359 0.0370005994215473
v -0.0570557846193501 -0.0480877047217713 0.0400486095238788
v -0.055764249030227 -0.0698233061139125 0.0263591738113945
v -0.056951260440796 -0.0706263742662844 0.0275179886627647
v -0.056880371902992 -0.071063775431754 0.0272715458138686
v -0.0570486618654334 -0.0700284429168299 0.0277104818587642
v -0.0568181930925192 -0.0714477633934276 0.0269483433600885
v -0.0557095170738752 -0.0701651312467003 0.0261787840833042
v -0.0567267260543826 -0.0720125098621864 0.0261152883742313
v -0.0567662178505495 -0.0717691888397887 0.0265576740378661
v -0.0556578920091379 -0.0704810209125592 0.0258547788294827
v -0.0556138665353995 -0.0707550085198118 0.0250004263594651
v -0.056689190035311 -0.0722427923706153 0.0249999998137355
v -0.0556248188871333 -0.0706882736800293 0.0254491506044011
v -0.0566963798444424 -0.0722036544769704 0.0255086509397182
v -0.0571499562178128 -0.0693992787384853 0.0277497166153107
v -0.0558255747493572 -0.06944878783867 0.0264506520379189
v -0.0558871165352904 -0.0690644720515024 0.0264278867894138
v -0.0559474476020693 -0.0686962867687591 0.0263116540094095
v -0.057229681142798 -0.0689068699452258 0.0276802250516364
v -0.0574101267255481 -0.0677931722360589 0.0271187604862728
v -0.0573267770936795 -0.0683112333742298 0.0274661419361947
v -0.0560064487404234 -0.0683290253578628 0.0260507086057057
v -0.0560392983450456 -0.0681247602727364 0.0257996110066858
v -0.0574680400793082 -0.0674354699185467 0.0267562189678203
v -0.0575134923390038 -0.0671549407025714 0.0263409999830797
v -0.0575464462517377 -0.0669509512888832 0.0258725950299368
v -0.0575650503485265 -0.0668367637088334 0.0253811584700385
v -0.0560633301889351 -0.0679776411316908 0.0255119347830429
v -0.0560808353252608 -0.0678801428495212 0.0250022536143157
v -0.0575684925162143 -0.0668135924068658 0.0249999998137355
v -0.0605954170616998 -0.0481267792854912 0.0496285770171453
v -0.0606071889771689 -0.0480498185254674 0.0490009438469795
v -0.0600865015097558 -0.0512728087934378 0.0517104852562289
v -0.0588841232791519 -0.0505645380881991 0.050456444536378
v -0.0599888728424464 -0.0518712207052643 0.0515177871692675
v -0.0599179619529042 -0.0523089459709383 0.0512710500224445
v -0.0587643812921513 -0.051299437164252 0.0502462264095345
v -0.0588117259990172 -0.0510086634015869 0.0503824192945118
v -0.0598558650988049 -0.0526923527874178 0.0509481269654305
v -0.0587230529281596 -0.0515562660871215 0.0500508274871671
v -0.0586570556957388 -0.0519670016288798 0.0493231590988526
v -0.0597310008384594 -0.0534639087141718 0.0493830356884814
v -0.059792967307419 -0.0530850169488152 0.0504547420787496
v -0.0586841944312426 -0.0517961449418315 0.0497463781443302
v -0.0597493776925761 -0.0533497770134676 0.0498732429026087
v -0.0597268918439143 -0.0534872923576526 0.049000001348555
v -0.0586514901129189 -0.0519960924161893 0.049000001348555
v -0.0589553657194779 -0.0501219848470669 0.0503822851840641
v -0.0601876282240985 -0.050643722846177 0.0517497125621949
v -0.0602674425560366 -0.0501516716807293 0.0516803029549054
v -0.0603644751769931 -0.0495558115923509 0.051466225427399
v -0.059021158060965 -0.0497190351607929 0.0501774389257109
v -0.0604478955893661 -0.049037169308986 0.0511183839041356
v -0.059078553599456 -0.0493643652291008 0.0498013485267457
v -0.06051954408627 -0.0485984531162505 0.0506588581802206
v -0.06056949277064 -0.0482863036412558 0.050110532713446
v -0.0591111163567709 -0.0491635087840549 0.0493241649272107
v -0.0591150912408866 -0.0491333935420764 0.049000001348555
v -0.0678629171099234 -0.0032835550966783 0.0290567589016983
v -0.0677283596457644 -0.00325755024622856 0.0293162942830556
v -0.0677881579961155 -0.00371564725865645 0.0292498220671008
v -0.0678249266055077 -0.00350217092907228 0.0290935014390908
v -0.0675620925156331 -0.00322954957181915 0.0293563988948673
v -0.0674764779076237 -0.00349638858095768 0.0294930220508645
v -0.0677803721406312 -0.00379314259775299 0.0293582894796515
v -0.0676975962033773 -0.00354684343906637 0.029491939854057
v -0.0677573498502518 -0.0034584180999742 0.0293117848192501
v -0.0670695347107854 -0.00601009370073642 0.0339617423572747
v -0.0677987452694582 -0.00379457287616925 0.0293592636430428
v -0.0674055036881564 -0.00634021071364145 0.0338037975027308
v -0.0674851131291608 -0.00344846505720381 0.0295283880935224
v -0.0672746864148617 -0.00617469562636941 0.0341122589831294
v -0.0673827049151594 -0.00622098980153839 0.0345459423688216
v -0.0673538264693632 -0.00640798444359053 0.0342169806163688
v -0.0673647490187794 -0.00634296975632951 0.0337990067795141
v -0.0673509058422341 -0.00641518403160743 0.0340270690464883
v -0.0670539853515551 -0.00606021328277163 0.0341050915247554
v -0.0670687225976297 -0.00602062556039479 0.0339565157751028
v -0.067317259025615 -0.00616493862696976 0.0338966168337326
v -0.0670758229998082 -0.00600514046241188 0.0343076765319479
v -0.0674096685620471 -0.00606152924136006 0.0346494346562899
v -0.067375135126478 -0.00634268709997311 0.0343946657837629
v -0.0674495738653713 -0.00582925090897153 0.0347038052669807
v -0.067342270620697 -0.00580797112285187 0.0344675399109526
v -0.0673459810092436 -0.00608584234462234 0.0344265281909735
v -0.0671499041108897 -0.00577510056347508 0.0343988828122865
v -0.0672000688620626 -0.00595889099071937 0.0343636862703334
v -0.06745072870518 -0.0058289319310405 0.0346987425975782
v -0.0684138651056135 1.49269009281578e-06 0.0347945533366228
v -0.068087209352506 2.1839066098212e-07 0.0344783656043179
v -0.0671502319363838 -0.00577494363564624 0.034394494420413
v -0.0673667979281174 -0.00581150595712108 0.0344794869166727
v -0.0680920894820201 9.72889283460796e-07 0.0344562373804397
v -0.0690227488068019 0.00577476156211189 0.0343921176852557
v -0.0692717546212901 0.00573654986861999 0.0345132603977637
v -0.0684063772733056 2.41139521486301e-07 0.034797723558596
v -0.0693183877978223 0.00573223924276963 0.0346991002254389
v -0.0691087359437819 0.00603794955450853 0.0339469678562812
v -0.069320704928019 0.00573252562441573 0.0347038760474948
v -0.0694103204971721 0.00629989516278842 0.0339322529599312
v -0.0693626889429989 0.00596415109978339 0.0346490285996565
v -0.0692475551393638 0.00594221100606345 0.0343981787324359
v -0.0692128875933654 0.00574524562611481 0.034451707427538
v -0.0690224805859431 0.00577570825135827 0.0344062663374931
v -0.0693058484726739 0.00612212666635291 0.0341933250235023
v -0.0691108817106522 0.00603683895251511 0.0342489734087369
v -0.0694080927739282 0.00628545128327817 0.0343099713107205
v -0.0693893843690277 0.00616193976875692 0.0345138564441981
v -0.069417011117483 0.00632249090749651 0.0341211214485514
v -0.0693000668230511 0.00608754014540557 0.0338995411865516
v -0.0694057085885168 0.00624132569237894 0.033801238228353
v -0.0688676873481044 0.00351353282984314 0.0294743397204353
v -0.0686925912813713 0.0034846194594559 0.0295072005054235
v -0.0691052490726176 0.00602588008152425 0.0339524887363801
v -0.06933599351697 0.00609908807783109 0.0338890656704664
v -0.0689933562710263 0.00369587411939202 0.0293582522267494
v -0.0694009923717498 0.00624237901804314 0.0338009998097792
v -0.0689186344101154 0.00347736748455253 0.0293061298287035
v -0.0686951393795298 0.00347396187126998 0.0295125649233334
v -0.0690155068436146 0.0036896456678352 0.0293590848291125
v -0.068906147239023 0.00318757836252268 0.0290521600309276
v -0.0689484590794969 0.00344532230967609 0.0291152627218828
v -0.0686541462916116 0.00335115909311518 0.0294029557093317
v -0.0689779782751224 0.00361976016428437 0.0292504274267608
v -0.0688635150236344 0.00319141168562953 0.02920713582917
v -0.06861256460792 0.0032297954409397 0.0293667812786971
v -0.0684049020585823 8.53181567238288e-08 0.0290027142539014
v -0.0689409414448714 0.00318115992119088 0.0290605195821705
v -0.0686120281662024 0.00322883315204268 0.0293778658797324
v -0.068254415255643 -6.76457893033931e-07 0.0292633988872901
v -0.0680860917655944 -1.58247972845876e-10 0.0292999980010093
v -0.0678055998025162 -0.00327062135648237 0.0292626761809883
v -0.0675622415272213 -0.0032295302468788 0.0293585018211938
v -0.0678582903001093 -0.0032827495027795 0.0290563994111925
v -0.0680937286094904 1.47513741630013e-06 0.0293478623923392
v -0.0684033523380649 1.95928746010667e-07 0.0290024050548135
v -0.0605989970651067 0.00404182710600409 0.0784974602200658
v -0.058922892369116 0.00409483937549554 0.0803769957934991
v -0.0589572916942556 0.00430742908612982 0.0784999934174122
v -0.0616683712773588 0.00387335390587536 0.078456660841629
v -0.0628033627424817 0.00370047508500879 0.0783625674613736
v -0.063929800942441 0.00353639795956305 0.078204592804508
v -0.0647295163340781 0.00342743765946169 0.0780277607285731
v -0.0652824983379474 0.00335865018505152 0.0778490734581111
v -0.0656725287195231 0.00331976747375143 0.0776399803689126
v -0.0658197745204186 0.00331623147532919 0.0774654654234916
v -0.0687941873822169 0.00249602955144905 0.0803769957934991
v -0.063669626709416 0.006314562559681 0.0546657617092335
v -0.0661743550451578 0.00600664128850194 0.0538249860594052
v -0.0660104795510174 0.00501810446587339 0.0625581652844362
v -0.063698989442874 0.0054677189936421 0.061910497503493
v -0.0646790461091494 0.00617114123432925 0.0544931690135635
v -0.0653235137776038 0.00608642255849395 0.0543240631895349
v -0.0657782002873064 0.00603266336841657 0.0541530202145944
v -0.0650894985288901 0.00521664657468984 0.0621330016374662
v -0.0643641920738286 0.00535032906142924 0.0619935975523234
v -0.0655450269540662 0.00512690574267045 0.0622702599554451
v -0.0660562261085996 0.00600783757215859 0.0539790566121252
v -0.0658329322436581 0.005064251492099 0.0624081590233409
v -0.0660530894146677 0.00499509940495892 0.0626963959031612
v -0.0664088918344302 0.00770939903535117 0.0388487978536904
v -0.0644916863887061 0.00896160161878108 0.0307472508978713
v -0.0635723668457875 0.00909585081521692 0.0308732215864981
v -0.0636014911607043 0.00826009883361463 0.0380228004301458
v -0.0654586523869568 0.00882855755356493 0.030544479626168
v -0.0643842937370789 0.00812432878765656 0.0381001002021111
v -0.066114996278992 0.00874899840397161 0.0303143945266069
v -0.0655025139479482 0.00792047255307536 0.0382957524442132
v -0.066122886442588 0.00779410932928463 0.0385184204909558
v -0.0664051069400895 0.00872255350367542 0.0301374786316422
v -0.0663664309823681 0.0077322401835186 0.0387109956433401
v -0.0667717872057918 0.0104778988369897 0.0145246997954391
v -0.0665294720116145 0.00872079516693447 0.0299798001353487
v -0.070002291383098 0.00995470797489451 0.0145246997954391
v -0.0620223967339318 0.00357737661198363 0.0810332429178079
v -0.0687909091272762 0.00247570623346125 0.080375885657015
v -0.0591906959954576 0.00417790728233013 0.0816998910523975
v -0.0589612926553992 0.00433200947892846 0.0821071993833661
v -0.0589282493357123 0.00412711761380917 0.0814369526184286
v -0.0601963454020091 0.0038647133292343 0.080926781574038
v -0.0596329921916001 0.00399208470955155 0.0812442880590791
v -0.0589195992130164 0.00407438241273956 0.0803758782064345
v -0.0611329242121329 0.0037065724529341 0.0807841104093765
v -0.0606735922661676 0.00378824942972495 0.0808079001126907
v -0.0630013395385853 0.00365316972651541 0.0820415970226765
v -0.0631699237989134 0.00474796322024162 0.0835670065082533
v -0.06919563205145 0.00497423498864141 0.0841930117265952
v -0.0696381890178718 0.00770689890029763 0.0837766956438862
v -0.069488834703003 0.00678466198987847 0.0841941963688836
v -0.063166451828908 0.00876788841674525 0.0838007088646134
v -0.0629101444465972 0.00749933460547593 0.0842473190073523
v -0.0628801931173658 0.00661239155538691 0.0842636134267535
v -0.0629522700225858 0.00593268218065825 0.0841266345055408
v -0.0632255572753738 0.00418577230022065 0.0830071996970355
v -0.0689385796111981 0.00338727647530083 0.0831926371933675
v -0.0631740290681688 0.00387085400365244 0.0825439151552934
v -0.06277569129055 0.00356815931393005 0.0816808995228804
v -0.0688081423174534 0.00258173193659718 0.0817581322396219
v -0.0624871862293155 0.00354348718587242 0.0813558083469612
v -0.0615941895834552 0.00364028930452839 0.0808681008025683
v -0.069944325875282 3.57714497918138e-07 0.0107506418060368
v -0.0690194183978053 5.22516048511445e-07 0.0117664315901749
v -0.0498161683645714 -0.115354981535409 0.0118986933626527
v -0.068473454839741 5.55033207407217e-07 0.0130183917354407
v -0.0497078928192841 -0.115346979613122 0.0129243002178304
v -0.0683899859986019 2.82836953239088e-09 0.0139308997110076
v -0.0505411060159521 -0.115459952748728 0.0104277457573769
v -0.0518521583978418 -0.115662131671619 0.00933638939254605
v -0.0535907660045097 -0.115940082987118 0.00889118368421829
v -0.0713477840683141 1.17324115729741e-07 0.0100620302916609
v -0.0723713893712456 -5.32906921982935e-17 0.00993688009820401
v -0.0593859049013102 0.0100000000471327 0.0846810918000096
v -0.0595375539946375 2.59090165819468e-08 0.0846015792056565
v -0.0598555000204138 0.00999903054048691 0.0809090417420333
v -0.0593308488447541 0.00655528845213773 0.081477640238159
v -0.0592186058659305 0.00999998887126362 0.0814631041557393
v -0.0591099875939902 0.00525071900565783 0.0818089004946745
v -0.0603242643999131 -9.63474391206141e-09 0.0850531067314794
v -0.0609997749074825 6.66870896697933e-09 0.0851552318374388
v -0.0609999946995751 0.00999999818448789 0.0853245984317824
v -0.06020316268217 0.010000009360357 0.0852130706933199
v -0.0588138494141493 0.0100000047037449 0.083867801341389
v -0.059006603354086 -6.58872673666162e-09 0.0838381927347587
v -0.0586797427100447 0.0100000121543243 0.0826305877574401
v -0.0589466336404085 0.00432443130834526 0.082100620520846
v -0.0588295403343884 5.48901281417226e-09 0.0828852187942292
v -0.0591026636744294 1.51189685571353e-08 0.081965280727328
v -0.0595207380369073 0.00400821335133107 0.0813061353272318
v -0.0609984747813753 2.04978188430932e-08 0.0808182787712303
v -0.0609977446245931 0.00373446043732992 0.0807396900488505
v -0.0597825961008791 1.20592299155141e-08 0.0811931323738441
v -0.0632250878888709 0.0190063964119764 0.0145922998430066
v -0.0715149899714512 0.0192944972792779 0.014606199832122
v -0.0631325889454859 0.0215547963189345 0.0146139000069968
v -0.071657489753262 0.0201740977833575 0.0146139000069968
v -0.0586952585416677 0.0100000084290346 0.00657202987211876
v -0.059120131557858 3.47743800572308e-09 0.00586426990037553
v -0.0587932299356299 0.0100000242615158 0.00784631614730545
v -0.0598248185344001 0.0100000373000298 0.00906444413815936
v -0.0591841208591276 -1.50697985635594e-09 0.00821464211013968
v -0.0588347445641069 -2.2665032906007e-09 0.00709900430368622
v -0.0599937492466708 2.07067130450803e-09 0.00891218500780645
v -0.0609982736157313 5.84389012960904e-08 0.00918114723605333
v -0.0609996109947355 0.00999997769539451 0.00933240053804813
v -0.0593091564827996 0.0100000363687074 0.00533129495759394
v -0.0599928551771415 1.33744050081357e-09 0.00508813036408729
v -0.0609958633532919 0.00999996465688054 0.00460672787338358
v -0.0609983294950768 5.84709574265109e-08 0.00481827918846281
v 0.0632866743782806 0.0113654137190485 0.013497008640386
v 0.0633330020810569 0.0110296896794756 0.0135560563529419
v 0.0703071765431671 0.0116105619960467 0.0134919403830482
v 0.0701580978997365 0.0108694584499895 0.0137691355026706
v 0.0634486425240919 0.0106049153834625 0.0138299229257571
v 0.0701058916898051 0.0105970969316933 0.0143848542634058
v 0.0635363954483922 0.0103685513395896 0.0143832840535801
v 0.0838076264355283 -0.0186059203180667 0.00749999966472388
v 0.0817677099469084 -0.0149993826039304 0.00749999966472388
v 0.0821029264157589 -0.0192416465942274 0.00749999966472388
v 0.0829706879491548 -0.0189644980786598 0.00749999966472388
v 0.0830925198236801 -0.0140926573341833 0.00749999966472388
v 0.0824726912213373 -0.0146066895715378 0.00749999966472388
v 0.0843310147379778 -0.0116047123598868 0.00749999966472388
v 0.0834955961698042 -0.00324519974670213 0.00749999966472388
v 0.0846250071509484 -0.00386091190392055 0.00749999966472388
v 0.0876235971429347 -0.00722883852599972 0.00749999966472388
v 0.0841476187257811 -0.00961095034807196 0.00749999966472388
v 0.0830933319368359 -0.00790788852445053 0.00749999966472388
v 0.0869655917716909 -0.00611867239147358 0.00749999966472388
v 0.0863529827807971 -0.00535335911894337 0.00749999966472388
v 0.0834869833000053 -0.00836728845695289 0.00749999966472388
v 0.0880967312872585 -0.00839685980663434 0.00749999966472388
v 0.0838212460946912 -0.00887196742317951 0.00749999966472388
v 0.0883824684582419 -0.00956658773561523 0.00749999966472388
v 0.0842951849015913 -0.010196698137545 0.00749999966472388
v 0.0885002844704648 -0.0106993281944337 0.00749999966472388
v 0.0843693107161493 -0.0107952711681513 0.00749999966472388
v 0.0821283850456056 -0.00717844466950996 0.00749999966472388
v 0.0813905318148163 -0.00685283386016482 0.00749999966472388
v 0.0836088673285865 -0.0134707490888624 0.00749999966472388
v 0.0857983243965604 -0.0172235677538605 0.00749999966472388
v 0.0789988287687363 -0.00674296668485081 0.00749999966472388
v 0.0797974265734618 -0.00663104128697456 0.00749999966472388
v 0.077675278039885 -0.00281918562770894 0.00749999966472388
v 0.0782320970921508 -0.00700065801228713 0.00749999966472388
v 0.0769076075902937 -0.00790721983494841 0.00749999966472388
v 0.0793962352239287 -0.0153316840335865 0.00749999966472388
v 0.0796953610861133 -0.0194999656329791 0.00749999966472388
v 0.0802022687069062 -0.0153689546257665 0.00749999966472388
v 0.073667790188724 -0.00533000900306994 0.00749999966472388
v 0.0763911483266962 -0.00852914856936271 0.00749999966472388
v 0.0784870931724852 -0.0193692768821792 0.00749999966472388
v 0.078610512020425 -0.0151475234056777 0.00749999966472388
v 0.0778722192054505 -0.0148218865193046 0.00749999966472388
v 0.0756689040597725 -0.0103957636495651 0.00749999966472388
v 0.0759989721782501 -0.0127671051934378 0.00749999966472388
v 0.0717592125139576 -0.013102818988464 0.00749999966472388
v 0.0756306602356569 -0.0112046367346205 0.00749999966472388
v 0.071543987626518 -0.01190885059937 0.00749999966472388
v 0.0757418750345218 -0.0120013551306896 0.00749999966472388
v 0.076906743323082 -0.0140921972609047 0.00749999966472388
v 0.0756581379725239 -0.0183133267513805 0.00749999966472388
v 0.0760884908898708 -0.00905384817378856 0.00749999966472388
v 0.0856624034763693 -0.0046523750803684 0.00749999966472388
v 0.0826333853180693 -0.00751333890080094 0.00749999966472388
v 0.0823223906828833 -0.00281709736999845 0.00749999966472388
v 0.0806040561027921 -0.00666830955084857 0.00749999966472388
v 0.0811448936622218 -0.00257158960254363 0.00749999966472388
v 0.078843081856733 -0.0025747872980945 0.00749999966472388
v 0.0799885488365075 -0.0024944830905601 0.00749999966472388
v 0.0765037638344903 -0.00324646727652439 0.00749999966472388
v 0.0775268699486013 -0.00739361088363674 0.00749999966472388
v 0.0753828316127156 -0.00385662409546964 0.00749999966472388
v 0.0743521035558673 -0.00463975985244228 0.00749999966472388
v 0.0723913420229077 -0.00719663060252928 0.00749999966472388
v 0.0730543541835156 -0.00608919603667962 0.00749999966472388
v 0.0719141398622257 -0.00835938804881017 0.00749999966472388
v 0.0758530525804897 -0.00961158271599945 0.00749999966472388
v 0.0716213097396432 -0.0095351788867866 0.00749999966472388
v 0.0714993810075856 -0.0107052020449766 0.00749999966472388
v 0.0720355917572011 -0.0139690978565571 0.00749999966472388
v 0.0728491875782805 -0.0155937972799031 0.00749999966472388
v 0.0763916475155167 -0.0134719970609137 0.00749999966472388
v 0.0723932642723957 -0.0148038589110978 0.00749999966472388
v 0.0742020637876927 -0.0172222676277534 0.00749999966472388
v 0.0733766438970884 -0.0163347192180872 0.00749999966472388
v 0.0749048918446719 -0.0178033979206366 0.00749999966472388
v 0.0773665856337369 -0.0144866979901269 0.00749999966472388
v 0.0767440971745443 -0.0188564516386893 0.00749999966472388
v 0.0776039908960825 -0.0191543965840373 0.00749999966472388
v 0.080908173853182 -0.0194566498269296 0.00749999966472388
v 0.0810009037645287 -0.0152571260854226 0.00749999966472388
v 0.0848524956920982 -0.0179855142958195 0.00749999966472388
v 0.0866245787520588 -0.0163360044430356 0.00749999966472388
v 0.0839114875125148 -0.0129461984960248 0.00749999966472388
v 0.0841465160400283 -0.012389392482273 0.00749999966472388
v 0.0880699613554355 -0.0136873821358107 0.00749999966472388
v 0.0873160521260159 -0.0153398480059758 0.00749999966472388
v 0.0877327853841999 -0.0145307979696594 0.00749999966472388
v 0.0883708604555199 -0.0125096187569353 0.00749999966472388
v 0.088478886406397 -0.0116068981736215 0.00749999966472388
v -0.0812133197835305 -0.00254962762274667 0.00976795401942832
v -0.0842866241858483 -0.00358777180007594 0.00970742457268928
v -0.0818117354206468 -0.0026775105319066 0.00750000013038515
v -0.0858156991477464 -0.00475740822662845 0.00750000152736898
v -0.0838119999256424 -0.00337762657798021 0.0074999991990626
v -0.0865846585475758 -0.00558303766477875 0.00964846533577594
v -0.0872036899379217 -0.00646019810410138 0.00749999966472388
v -0.0878445589765207 -0.0076585632663701 0.00960505080360805
v -0.0881916218666343 -0.0085953423108155 0.00749999687075622
v -0.0883719780424315 -0.00949017366185569 0.00957604290002488
v -0.0885106109735281 -0.0109995930639457 0.00955671981967866
v -0.0885175251112214 -0.0109993304310215 0.00750000152736898
v -0.0782702217069958 -0.00263428878942215 0.00981363725333726
v -0.0793909825654441 -0.00248474285496412 0.00750000013038515
v -0.0773141931593202 -0.00292919622667661 0.00749999826774005
v -0.0755729182452232 -0.00371339578669075 0.00750000245869154
v -0.0757223545164655 -0.00362418930091348 0.00984284166597928
v -0.0724143792144459 -0.00710642178099065 0.00985594816827889
v -0.072623300911704 -0.00672536236268674 0.0074999991990626
v -0.0739260347216816 -0.00503494463798664 0.00749999966472388
v -0.0738184558055691 -0.00512724940064577 0.0098560487511147
v -0.0718350594123595 -0.00859968879257927 0.00749999966472388
v -0.0716243272243046 -0.00940380188871362 0.00984252408498844
v -0.0714518239592064 -0.0109980172664003 0.00750000245869154
v -0.0714999845045178 -0.0109999991205236 0.00982644945770987
v -0.0412905411253027 -0.129554787514744 0.00911920590432273
v -0.0431560171981777 -0.130077147637235 0.0089296771080119
v -0.0423192947786071 -0.129822978571215 0.00897556988949545
v -0.0447981696037934 -0.13095148803225 0.00749999407678855
v -0.0429756833741188 -0.130025261802218 0.00750001456588474
v -0.0454265104931132 -0.131423199115907 0.00887969209522697
v -0.0463880301178145 -0.132370108154383 0.00750000013038515
v -0.0470606162729652 -0.133219816933867 0.00883347987010747
v -0.0482233574211037 -0.135686897491846 0.00878718103199047
v -0.0483607870836255 -0.136438064908042 0.00750000013038515
v -0.0477321332699705 -0.134366505808665 0.00750000432133665
v -0.048510525103334 -0.137999587143274 0.00875645856358576
v -0.0485175025709522 -0.137999318922416 0.00750000385567537
v -0.0409765327307451 -0.129529723765606 0.00749996567145066
v -0.0389802133075475 -0.129569465156183 0.00952721645249687
v -0.0375516243101627 -0.129848742674817 0.00968590729640631
v -0.0381669639384106 -0.129650035721931 0.00749996334314428
v -0.036321172296339 -0.130347991099976 0.00964408346316031
v -0.0351040866219782 -0.130975106368983 0.00749991398304893
v -0.0336600190458676 -0.132285290758371 0.00917363518833439
v -0.0354031305277893 -0.130843156607617 0.00953525749142637
v -0.0328940361525129 -0.133327209585494 0.00906302480258737
v -0.033003250470806 -0.133128636743038 0.00749999873340132
v -0.0319650047793323 -0.135120668357784 0.00905144660059854
v -0.0314539658122561 -0.137998097027392 0.00902686527311358
v -0.0314644525027768 -0.137998544062157 0.00749998616054685
v -0.0318936170527077 -0.135345601350196 0.00749999500811111
v -0.0424050099694386 -0.147137335360486 0.00846360604918883
v -0.0370251365666783 -0.149007773519248 0.00820553843217629
v -0.0362525822622832 -0.148768580117844 0.00860763508213382
v -0.0260889395516166 -0.151394700743926 0.00802847445692551
v -0.0499433572056931 -0.144814036083976 0.00770831789355759
v -0.0484540459861104 -0.145016855756697 0.00830669123738949
v -0.0543929400873524 -0.142111204292281 0.00833699181667733
v -0.0488593165278709 -0.144262588899465 0.00863006971113228
v -0.056772446534937 -0.139727942752673 0.00860611423240346
v -0.0548431935023056 -0.14083797477677 0.00862405988669261
v -0.0493357922570604 -0.143554575239216 0.00867884214195216
v -0.0525044827022849 -0.142073593767415 0.00864537134069119
v -0.0425799607498732 -0.147601595864731 0.00780898547972026
v -0.0460582562972236 -0.14489111977856 0.0087169360283702
v -0.0427743426414112 -0.146058849089614 0.00875658149816286
v -0.0321766422127856 -0.150085261412479 0.00835398752196161
v -0.0395410556726951 -0.147059715224184 0.00879704001254498
v -0.0361470299037705 -0.147970369743248 0.00884130204823683
v -0.0392289173735695 -0.147569081536182 0.00876155103530993
v -0.0326907247415511 -0.148766836682262 0.00888616944358864
v -0.0222782736567507 -0.150497114541148 0.0090309044190294
v -0.0257886495363991 -0.150015509088035 0.0089808057848929
v -0.029242646881646 -0.149443930437956 0.00893266572208704
v -0.0207678810227251 -0.152108630164227 0.00801056605553851
v -0.0233539566471188 -0.151436781616438 0.00857368837504785
v -0.0173023296914569 -0.151729187055994 0.00894057637585901
v -0.0187712971039584 -0.15088858288455 0.00908202005739465
v -0.0174878286296923 -0.15218598207967 0.00853222775759784
v -0.0150585504489988 -0.151214024193214 0.0091375501646649
v -0.0262043993181009 -0.150434321057874 0.0089275080577841
v -0.0113926623505986 -0.151452696054059 0.0091931156621922
v -0.00821342654154055 -0.152612542652097 0.00886487847868624
v -0.0032252289342527 -0.151729038044406 0.00933014487482283
v -0.00791697916265413 -0.151609664861086 0.00924656333223216
v -0.0080254735687117 -0.152091791854759 0.00918160824071746
v -0.060241704529462 -0.137550749338409 0.00857559944892824
v -0.0655326589922442 -0.134790875910745 0.00815606564679595
v -0.0683924968438633 -0.126335466657133 0.00847587715515769
v -0.070605363632346 -0.116930659871522 0.00838793516037013
v -0.0691330322832405 -0.124918686828115 0.00822184589009331
v -0.0685604105520444 -0.12283482682213 0.00860992054768084
v -0.0563289880484064 -0.140551142370613 0.00854378919578069
v -0.0624641155101699 -0.136645116509868 0.00849637835853446
v -0.0566022790264841 -0.141442574394797 0.00769491849031481
v -0.0622807381244217 -0.136210032474596 0.00855838302019872
v -0.062700187118801 -0.137463458350032 0.00784578808741745
v -0.0639558928715376 -0.136777736823381 0.00740033557861293
v -0.0644470052639796 -0.134487786340314 0.00854244995394833
v -0.0635677772888705 -0.135257207676067 0.00854852776493442
v -0.0655376657816083 -0.133140200042283 0.00854011885359617
v -0.0649686724825853 -0.134670340437037 0.00846993531726445
v -0.063851122823863 -0.136266656878118 0.00818380043244808
v -0.0592905412101417 -0.139325790278396 0.00820485856671202
v -0.0651372939958104 -0.135739424076692 0.00761383149518449
v -0.0661833478945066 -0.132684403396248 0.00850766226259628
v -0.0650333882153474 -0.133840971739345 0.00854152980726518
v -0.0666976539406544 -0.132803329544804 0.00828674882754499
v -0.0668077064491313 -0.133694389040017 0.00767634000235036
v -0.0660865350656428 -0.132111498543035 0.00854360851920526
v -0.0674190115886282 -0.129338005456207 0.00853333323746919
v -0.0665297402324733 -0.131015235189689 0.00854974500351224
v -0.0673626181530679 -0.128231832832245 0.00856797377985774
v -0.0669126553107117 -0.129850217889541 0.00855695250875609
v -0.0683979283162538 -0.12916208237516 0.00792565924095379
v -0.0673340153787099 -0.132348814398427 0.00788348802439522
v -0.0676874783165374 -0.13041382441965 0.00825220141741183
v -0.067900162556398 -0.125957573269418 0.00858510266426721
v -0.069758277456815 -0.11676768589749 0.0086798312065043
v -0.0698849149550603 -0.123332048689689 0.00764985179193649
v -0.0711260324733106 -0.117026466872165 0.00770944898479918
v -0.0926739723965423 -0.00502913644567471 0.00911779867594394
v -0.0703431851934595 -0.116881180573655 0.00854790657279104
v -0.0916181731399768 -0.00481473484725996 0.00963467989933461
v -0.0930748731734784 -0.00510525389324146 0.00824299529396753
v -0.0710320806669405 -0.117010068146882 0.00790796876904438
v -0.0711953899170457 -0.117036979639714 0.00731979992643446
v -0.0697555877976477 -0.116766978092446 0.00865950974838041
v -0.0684608931628544 4.45871919013208e-07 0.0131855995241046
v -0.0684270898840676 0 0.0134182997773968
v -0.0684888849897008 -1.38008898232045e-06 0.0130601317496568
v -0.0685510898772015 6.30324918499223e-07 0.0128147003170542
v -0.0685079882753101 0 0.0129898997845523
v -0.0686126316631347 -1.30362368218948e-06 0.0126324255921149
v -0.0686775932650174 6.88204867888499e-07 0.0124509993020222
v -0.0686320925765557 0 0.0125823996011376
v -0.0687853956985122 -1.00206859733244e-06 0.0122157537441905
v -0.0688398892363228 6.44375870440265e-07 0.0120988001205295
v -0.0687988886978251 0 0.0121897996472612
v -0.0689976925082434 0 0.011831099834343
v -0.0690421873684847 4.4949491900265e-07 0.0117567998523235
v -0.0690020287454605 -2.09445085682433e-07 0.011823508624207
v -0.069269504546308 -2.21140333034073e-07 0.0114472999472775
v -0.0706946066725285 5.4595066506942e-06 0.0103303946108283
v -0.0704768932915657 8.25498826660152e-08 0.0104397002136774
v -0.0701758377293136 7.88351337183159e-06 0.010619365372821
v -0.0723846886554939 -6.25314058237531e-07 0.00993987523153703
v -0.0923697503380407 -2.18744865841129e-12 0.00965449471798923
v -0.0923734458254285 -9.9525576187647e-14 0.00961338241517434
v -0.092737808960934 0 0.00952390466949556
v -0.0927419365819276 0 0.00956188400323948
v -0.0931187272838903 0 0.00934514754984198
v -0.0934176966839073 0 0.00902983432941509
v -0.0931087807603769 0 0.00931500343274317
v -0.0935725495263813 0 0.00872609744833192
v -0.0934063494514647 0 0.00901041346020072
v -0.0515893168573878 -0.12186822590227 0.00888948960849293
v -0.0500270421136352 -0.115384292114811 0.0113201222646209
v -0.0533110973304564 -0.117369797021994 0.00892030241518536
v -0.0527664525249479 -0.119204263783361 0.00890144033950328
v -0.0535929900024639 -0.115940984507227 0.00892508009988635
v -0.0496867927783927 -0.115344520921916 0.0129219504910271
v -0.0471277459934565 -0.121626938888052 0.0127305087581908
v -0.048381518320836 -0.119563933053838 0.0127980855226945
v -0.0453208277494607 -0.123732666344607 0.0126629580707187
v -0.0422286398536263 -0.126022765839262 0.0125931992174715
v -0.0424599579925932 -0.126291225116592 0.0112461305503667
v -0.0411521093598502 -0.127123350528666 0.0108534048679455
v -0.0409662099529714 -0.12665669093785 0.0125772251730287
v -0.0481281725438411 -0.126469562185369 0.00889191290977791
v -0.04231976416511 -0.129823574617568 0.00898357088155513
v -0.0442769866728495 -0.129375377562532 0.00892215667838998
v -0.0429859912507336 -0.130041980902416 0.00893397981821045
v -0.0496751512480633 -0.116855610185117 0.0114035743533766
v -0.0487665083854404 -0.118943731922524 0.0119814357836224
v -0.0493682767832915 -0.116844039435292 0.0128789857876527
v -0.0492098811903077 -0.119125168432336 0.0108123614829996
v -0.0504488715681362 -0.119647543455986 0.00946733613757782
v -0.051490302382308 -0.120168003680727 0.00898957232409181
v -0.0506781370724755 -0.115482639763034 0.0103301543296094
v -0.0516637928491781 -0.115633446940887 0.00948450600017966
v -0.0528389801902223 -0.115819599667466 0.00900820436310311
v -0.0478751769440784 -0.121053475241382 0.0113232831733685
v -0.0479289067974993 -0.122143152282529 0.0102951505714249
v -0.0481259895240737 -0.122932146290394 0.00973254420461034
v -0.0497669610128528 -0.119339491799667 0.01007196750331
v -0.0497283930885329 -0.124682875989763 0.00886453575198645
v -0.0488169078298647 -0.123614388396461 0.0091704621723936
v -0.0522250934249595 -0.120553980947103 0.00889466962453716
v -0.0505960689402656 -0.123512673086345 0.00888649447515991
v -0.0453687945797074 -0.126308584966619 0.00944191568847189
v -0.0465616211675066 -0.122898022636692 0.0112874440188532
v -0.0465078652370578 -0.123929994940302 0.0102349787525465
v -0.0491174940056138 -0.12541797250617 0.00888898948828154
v -0.045895546818761 -0.12833888275722 0.00890804714169992
v -0.0460288712120274 -0.127228627215741 0.00899205709266535
v -0.0470383949198726 -0.127446973895953 0.00889903938995958
v -0.0443708080940799 -0.125028828743544 0.0112430376281655
v -0.0447834584347468 -0.12555050341273 0.010223917434575
v -0.0417192996186558 -0.128444055136182 0.00950954181307088
v -0.0420382402967834 -0.129178816376516 0.00914346406288152
v -0.0437398557766767 -0.125040749670602 0.012622143791121
v -0.0427708520449572 -0.126883412069321 0.0102310420521116
v 0.042944092917417 -0.141227982806607 0.00749999966472388
v 0.0424729145501886 -0.141606263624452 0.00749999966472388
v 0.0438221399756895 -0.140125714286257 0.00749999966472388
v 0.0413943500482334 -0.133853578119708 0.00749999966472388
v 0.0446215871464679 -0.130858698516268 0.00749999966472388
v 0.0440022651835249 -0.136236184008327 0.00749999966472388
v 0.0480970179460348 -0.135397844813025 0.00749999966472388
v 0.0476244947492228 -0.134230711548324 0.00749999966472388
v 0.0430946132479636 -0.134909742454665 0.00749999966472388
v 0.0469697750834991 -0.133124553825521 0.00749999966472388
v 0.0463529937681353 -0.132352971821739 0.00749999966472388
v 0.0436087889089717 -0.135528125644602 0.00749999966472388
v 0.0483823676868889 -0.136565797641461 0.00749999966472388
v 0.0442581478828093 -0.136999331956216 0.00749999966472388
v 0.0443693179781978 -0.137794621703684 0.00749999966472388
v 0.0485002880072235 -0.137698837054778 0.00749999966472388
v 0.0484788936684454 -0.138606973278001 0.00749999966472388
v 0.0421322815101065 -0.134181075788289 0.00749999966472388
v 0.0434901309812754 -0.13024261010479 0.00749999966472388
v 0.0423134311726108 -0.129814708428069 0.00749999966472388
v 0.0457960927594959 -0.144225365804729 0.00749999966472388
v 0.046424694419095 -0.143566973003356 0.00749999966472388
v 0.0399991955259546 -0.133630984609231 0.00749999966472388
v 0.0443387035473988 -0.145315206758623 0.00749999966472388
v 0.0393935491015202 -0.133668922959591 0.00749999966472388
v 0.0376797183966828 -0.129817897276057 0.00749999966472388
v 0.0419479914283804 -0.141909979043554 0.00749999966472388
v 0.0413946890495966 -0.142144493481088 0.00749999966472388
v 0.0380519940475226 -0.134089970103254 0.00749999966472388
v 0.0364988313623894 -0.130248645074112 0.00749999966472388
v 0.0420950695912393 -0.146243504249731 0.00749999966472388
v 0.0399999927379515 -0.14649996809421 0.00749999966472388
v 0.0370559931413081 -0.134771981241359 0.00749999966472388
v 0.0400007936752382 -0.142368979438735 0.00749999966472388
v 0.0338932333572946 -0.13207843287161 0.00749999966472388
v 0.0366311089492487 -0.13521076076402 0.00749999966472388
v 0.0393901888902059 -0.142330787768676 0.00749999966472388
v 0.0379045210039551 -0.146242178046596 0.00749999966472388
v 0.038605113887111 -0.14214623691667 0.00749999966472388
v 0.0378675214266011 -0.141818769050407 0.00749999966472388
v 0.0373665928957853 -0.141486979848085 0.00749999966472388
v 0.0333732387937667 -0.143330432008222 0.00749999966472388
v 0.0323955178841365 -0.14180848725082 0.00749999966472388
v 0.0356306674977053 -0.138205312541965 0.00749999966472388
v 0.0356690268058018 -0.137394793810183 0.00749999966472388
v 0.0354034956061805 -0.14514996780845 0.00749999966472388
v 0.035853201403547 -0.136611037559643 0.00749999966472388
v 0.0476067809966736 -0.141807310059273 0.00749999966472388
v 0.0409051114765132 -0.146456456710451 0.00749999966472388
v 0.0426333925801177 -0.134512984199881 0.00749999966472388
v 0.045654807422129 -0.131645569109001 0.00749999966472388
v 0.041144461340085 -0.129571089382495 0.00749999966472388
v 0.0406095767936046 -0.133669131575814 0.00749999966472388
v 0.038852730168539 -0.129573473567906 0.00749999966472388
v 0.0399899046534293 -0.129494482524993 0.00749999966472388
v 0.0386053970091286 -0.133855425863402 0.00749999966472388
v 0.0375268883865189 -0.134393804731626 0.00749999966472388
v 0.0346125942499863 -0.131425985632606 0.00749999966472388
v 0.0353798996211865 -0.130858981638286 0.00749999966472388
v 0.0361778827531106 -0.135874175255916 0.00749999966472388
v 0.033055639219933 -0.133087226422672 0.00749999966472388
v 0.0319139310574713 -0.1353599660673 0.00749999966472388
v 0.0323920123865238 -0.134195425604234 0.00749999966472388
v 0.0316212760235049 -0.136535533387894 0.00749999966472388
v 0.0314993957202134 -0.137705050838007 0.00749999966472388
v 0.0317589776321752 -0.140101827728666 0.00749999966472388
v 0.035741822691935 -0.139000542684797 0.00749999966472388
v 0.031544013515015 -0.138909362493968 0.00749999966472388
v 0.0359977240176679 -0.13976376513848 0.00749999966472388
v 0.0320355952939598 -0.140968970863971 0.00749999966472388
v 0.032849194840329 -0.142593972035783 0.00749999966472388
v 0.0363912338198284 -0.140471883106841 0.00749999966472388
v 0.0346601811006831 -0.144619471653243 0.00749999966472388
v 0.0369053759532292 -0.141090236494461 0.00749999966472388
v 0.0339889956544616 -0.144008971176322 0.00749999966472388
v 0.0361823866283644 -0.145599342055033 0.00749999966472388
v 0.0370284930527029 -0.145962975033756 0.00749999966472388
v 0.0390874532222967 -0.146455994774527 0.00749999966472388
v 0.0406065891112609 -0.142330996384899 0.00749999966472388
v 0.0432463554735336 -0.145862287903599 0.00749999966472388
v 0.0450942928824755 -0.144804976179413 0.00749999966472388
v 0.0433691708245411 -0.140788830754976 0.00749999966472388
v 0.0469862259628382 -0.142852700856402 0.00749999966472388
v 0.0441467579953282 -0.139389000994117 0.00749999966472388
v 0.0480707099501353 -0.140684939875672 0.00749999966472388
v 0.0483706516507654 -0.139510981880231 0.00749999966472388
v 0.0443309549448116 -0.138605244743578 0.00749999966472388
v -0.0786094540381487 -0.00685283060053633 0.00749999966472388
v -0.0758530078770132 -0.012388241367754 0.00749999966472388
v -0.0756689115103519 -0.01160426066851 0.00749999966472388
v -0.0714993437546885 -0.0112922518232017 0.00749999966472388
v -0.0769066017620732 -0.0079079229833803 0.00749999966472388
v -0.0723934952403575 -0.00719564805736948 0.00749999966472388
v -0.0761786950547973 -0.00887203634103905 0.00749999966472388
v -0.0758523894789221 -0.00961087025434329 0.00749999966472388
v -0.0765129876518009 -0.00836728845695289 0.00749999966472388
v -0.073013100325318 -0.00615114294786825 0.00749999966472388
v -0.0717591603599018 -0.00889740370128796 0.00749999966472388
v -0.0720355917572011 -0.00803086871952754 0.00749999966472388
v -0.0715439950770974 -0.0100911150453922 0.00749999966472388
v -0.0757047860502149 -0.010196698137545 0.00749999966472388
v -0.0756576983883386 -0.00368694669544364 0.00749999966472388
v -0.0773665856337369 -0.00751333890080094 0.00749999966472388
v -0.0767443877471414 -0.00314346581013742 0.00749999966472388
v -0.0793959222995934 -0.00666830861952615 0.00749999966472388
v -0.0778967241611326 -0.00275955188859675 0.00749999966472388
v -0.0799999854759031 -0.00249999954612197 0.00749999966472388
v -0.0802025518289238 -0.00663104128697456 0.00749999966472388
v -0.0743325830378111 -0.0173429651515634 0.00749999966472388
v -0.0736496927313352 -0.0166498973536124 0.00749999966472388
v -0.0829706879491548 -0.00303548945217951 0.00749999966472388
v -0.0810011421830699 -0.00674296575352838 0.00749999966472388
v -0.076485837740428 -0.0187454715330758 0.00749999966472388
v -0.0824731084537842 -0.00739360808966946 0.00749999966472388
v -0.079984749041008 -0.0195053877921453 0.00749999966472388
v -0.0806037431784569 -0.015331683102264 0.00749999966472388
v -0.0862251010357902 -0.00520303064081661 0.00749999966472388
v -0.0823074448205852 -0.0191871176661646 0.00749999966472388
v -0.0873158509603718 -0.00665982287523846 0.00749999966472388
v -0.0821277666475145 -0.0148218837253374 0.00749999966472388
v -0.0834772900961918 -0.0187629785320463 0.00749999966472388
v -0.0826333853180693 -0.0144866979901269 0.00749999966472388
v -0.0830931978264065 -0.0140922307885121 0.00749999966472388
v -0.0869515027260251 -0.0159015350805642 0.00749999966472388
v -0.0842951849015913 -0.0118032982408573 0.00749999966472388
v -0.0843693107161493 -0.0112047261415734 0.00749999966472388
v -0.0883809932435185 -0.0124422915960896 0.00749999966472388
v -0.0880918958612208 -0.0136183115393829 0.00749999966472388
v -0.0841477006821546 -0.0123887768781491 0.00749999966472388
v -0.083821223742953 -0.0131281174308533 0.00749999966472388
v -0.0843310221885572 -0.0103953119581883 0.00749999966472388
v -0.0841464787871312 -0.00961043253280291 0.00749999966472388
v -0.0834869833000053 -0.0136326976769027 0.00749999966472388
v -0.0877327853841999 -0.00746917885097195 0.00749999966472388
v -0.072381425301712 -0.0147835076534372 0.00749999966472388
v -0.0730394977281705 -0.0158896476811142 0.00749999966472388
v -0.0735753881028713 -0.00543571922073394 0.00749999966472388
v -0.0742027417904191 -0.00477707170267718 0.00749999966472388
v -0.0749048918446719 -0.00419664921483799 0.00749999966472388
v -0.0778716008073594 -0.00717844187554268 0.00749999966472388
v -0.0790906124564979 -0.00254356657639599 0.00749999966472388
v -0.0809077491701556 -0.00254328461853141 0.00749999966472388
v -0.0821029711192354 -0.00275840636201234 0.00749999966472388
v -0.0817678440573378 -0.00700064590509559 0.00749999966472388
v -0.0848521306137071 -0.00401426135916778 0.00749999966472388
v -0.0838070974443901 -0.0033938318210293 0.00749999966472388
v -0.0830923112074566 -0.00790716209295798 0.00749999966472388
v -0.0855668870483229 -0.00457596938851069 0.00749999966472388
v -0.0868056874363764 -0.00590593879152442 0.00749999966472388
v -0.08360882262511 -0.00852914205010573 0.00749999966472388
v -0.0839114875125148 -0.00905384817378856 0.00749999966472388
v -0.0880699762565943 -0.00831266825929235 0.00749999966472388
v -0.0883708679060993 -0.00949040183585015 0.00749999966472388
v -0.088478886406397 -0.0103930982047809 0.00749999966472388
v -0.0885002397669883 -0.0113032004496459 0.00749999966472388
v -0.0876141945117183 -0.0147901954797808 0.00749999966472388
v -0.0863350864890524 -0.0166667971303609 0.00749999966472388
v -0.084603072645163 -0.0181532473274499 0.00749999966472388
v -0.0856423316154366 -0.0173655329565987 0.00749999966472388
v -0.0813894812831194 -0.0151475206117104 0.00749999966472388
v -0.0811372940712228 -0.0194293862942206 0.00749999966472388
v -0.0788370990414662 -0.0194242584329411 0.00749999966472388
v -0.0797977022449 -0.0153689536944441 0.00749999966472388
v -0.0776626642089425 -0.0191773294674637 0.00749999966472388
v -0.0782322237520007 -0.0149993704967389 0.00749999966472388
v -0.0789990671872774 -0.0152571251541002 0.00749999966472388
v -0.0753632961935005 -0.0181307428523396 0.00749999966472388
v -0.0775272871810483 -0.0146066867775705 0.00749999966472388
v -0.0763911110737991 -0.0134707425696054 0.00749999966472388
v -0.0769073989740702 -0.0140926005235153 0.00749999966472388
v -0.0760884908898708 -0.0129461984960248 0.00749999966472388
v -0.0719086711369382 -0.0136237635008668 0.00749999966472388
v -0.071619745117967 -0.0124554791216467 0.00749999966472388
v -0.0756306602356569 -0.0107953605751043 0.00749999966472388
v -0.0380519940475226 -0.141909979043554 0.00749999966472388
v -0.0386053076021757 -0.142144493481088 0.00749999966472388
v -0.038267893212399 -0.146326518605526 0.00749999966472388
v -0.0370559931413081 -0.141227982806607 0.00749999966472388
v -0.0343302582685039 -0.144340730576326 0.00749999966472388
v -0.0323801808664194 -0.141780696589618 0.00749999966472388
v -0.0354034956061805 -0.130849981338358 0.00749999966472388
v -0.0378675735806569 -0.134181165195242 0.00749999966472388
v -0.0358532274805749 -0.139389000994117 0.00749999966472388
v -0.0373665928957853 -0.134512984199881 0.00749999966472388
v -0.0315440097897253 -0.137090616455157 0.00749999966472388
v -0.0369053312497527 -0.134909787158141 0.00749999966472388
v -0.0323954769059498 -0.134191551302941 0.00749999966472388
v -0.032849194840329 -0.133405977111025 0.00749999966472388
v -0.0333733505524578 -0.132669397929315 0.00749999966472388
v -0.0363911965669314 -0.135528125644602 0.00749999966472388
v -0.0359977240176679 -0.136236184008327 0.00749999966472388
v -0.0317589739068855 -0.13589815122046 0.00749999966472388
v -0.0320355952939598 -0.135030978282837 0.00749999966472388
v -0.0356306674977053 -0.137794651506001 0.00749999966472388
v -0.0357418301425144 -0.136999361758534 0.00749999966472388
v -0.0386051995687742 -0.133853697328979 0.00749999966472388
v -0.033649796850916 -0.143649972457992 0.00749999966472388
v -0.0420950695912393 -0.129756444897076 0.00749999966472388
v -0.0406064512755418 -0.133668922959591 0.00749999966472388
v -0.0419479914283804 -0.134089970103254 0.00749999966472388
v -0.0413945996426436 -0.133855425863402 0.00749999966472388
v -0.0393934075405113 -0.142330996384899 0.00749999966472388
v -0.0394467611396721 -0.146486795469811 0.00749999966472388
v -0.0450942928824755 -0.131194972967395 0.00749999966472388
v -0.042472884747871 -0.134393670621197 0.00749999966472388
v -0.0405756654814163 -0.146486005708394 0.00749999966472388
v -0.0399991955259546 -0.142368979438735 0.00749999966472388
v -0.0433690702417191 -0.13521101408372 0.00749999966472388
v -0.042944092917417 -0.134771981241359 0.00749999966472388
v -0.0417427503173513 -0.146325311611662 0.00749999966472388
v -0.0406097965856972 -0.142330787768676 0.00749999966472388
v -0.0413944357298966 -0.1421463710271 0.00749999966472388
v -0.0421323299388726 -0.141818843556201 0.00749999966472388
v -0.0463350937511008 -0.143666974680208 0.00749999966472388
v -0.0440022651835249 -0.13976376513848 0.00749999966472388
v -0.0442581590586784 -0.139000587388274 0.00749999966472388
v -0.0484788936684454 -0.137392975868806 0.00749999966472388
v -0.044330962395391 -0.137394764007865 0.00749999966472388
v -0.0430945722697769 -0.141090266296778 0.00749999966472388
v -0.0441467840723561 -0.136611037559643 0.00749999966472388
v -0.0438221176239513 -0.135874190157075 0.00749999966472388
v -0.0476067847219633 -0.134192668889852 0.00749999966472388
v -0.0400007936752382 -0.133630984609231 0.00749999966472388
v -0.0390874532222967 -0.129543954372281 0.00749999966472388
v -0.0361778604013724 -0.140125729187416 0.00749999966472388
v -0.0339889956544616 -0.131990977970486 0.00749999966472388
v -0.0346600693419919 -0.131380581801677 0.00749999966472388
v -0.0361823866283644 -0.130400607091775 0.00749999966472388
v -0.0370284930527029 -0.130036974113052 0.00749999966472388
v -0.0393904086822985 -0.133669131575814 0.00749999966472388
v -0.0379046998178609 -0.129757741297894 0.00749999966472388
v -0.0409051114765132 -0.129543492436357 0.00749999966472388
v -0.0399999927379515 -0.129499981052598 0.00749999966472388
v -0.0443387035473988 -0.130684742388185 0.00749999966472388
v -0.0432463554735336 -0.130137661243209 0.00749999966472388
v -0.0457962492216636 -0.131774747254826 0.00749999966472388
v -0.046424694419095 -0.132432976143452 0.00749999966472388
v -0.0469863637985573 -0.133147442005471 0.00749999966472388
v -0.0480706950489765 -0.1353149496665 0.00749999966472388
v -0.0483706516507654 -0.136488967266577 0.00749999966472388
v -0.048380773262895 -0.139443762752787 0.00749999966472388
v -0.0443693179781978 -0.138205327443124 0.00749999966472388
v -0.0485002395784574 -0.138303302562376 0.00749999966472388
v -0.0480924842684633 -0.140616320039299 0.00749999966472388
v -0.0469536222273365 -0.142898477216302 0.00749999966472388
v -0.0436087553813644 -0.140471883106841 0.00749999966472388
v -0.0476128271418655 -0.141793004946804 0.00749999966472388
v -0.0456375556055033 -0.144369832539505 0.00749999966472388
v -0.0426333925801177 -0.141486979848085 0.00749999966472388
v -0.0440559801357871 -0.145476794924884 0.00749999966472388
v -0.0448710921497766 -0.14496598320048 0.00749999966472388
v -0.0429054542125926 -0.145994580391617 0.00749999966472388
v -0.0370872557725158 -0.145990557078735 0.00749999966472388
v -0.0351086948053438 -0.144951976111188 0.00749999966472388
v -0.0359424742460471 -0.145475155797414 0.00749999966472388
v -0.037526862309491 -0.141606129514023 0.00749999966472388
v -0.0366310083664266 -0.140789069173517 0.00749999966472388
v -0.0330393895062381 -0.142889700433756 0.00749999966472388
v -0.0319091030820131 -0.140625365042703 0.00749999966472388
v -0.0316196070937169 -0.139454387279026 0.00749999966472388
v -0.0314993547420267 -0.13829275254193 0.00749999966472388
v -0.0356690305310915 -0.13860521494126 0.00749999966472388
v 0.0549098910891911 -0.0801010898385076 0.0505174983177148
v 0.0548026921526285 -0.0807627906971391 0.0505174983177148
v 0.0552533926023464 -0.0801690912767899 0.0505052011347144
v 0.0551496917128172 -0.0808099826671271 0.0505052011347144
v 0.0548042232466974 -0.0807541405744432 0.0505140039954929
v 0.0551517704244728 -0.0807966908334583 0.0504998553432556
v 0.0550670424354133 -0.0813209583042783 0.0496762868089314
v 0.0547374399781488 -0.0811653306015456 0.0497982341841258
v 0.0546143042522266 -0.0819265786516848 0.0492697384371667
v 0.054961091470902 -0.0819742847116521 0.0492696006014287
v 0.0546135927218928 -0.0819303858977637 0.0492775987995207
v 0.0546135927218928 -0.0819303858977637 0.0483961988598958
v 0.054961091470902 -0.0819742847116521 0.0484143000450514
v 0.054961091470902 -0.0819742847116521 0.0492696006014287
v 0.054961091470902 -0.0819742847116521 0.0484143000450514
v 0.0551328273263209 -0.0809114074046463 0.0490818273481318
v 0.0546172733081218 -0.0819066930552374 0.0483458292108961
v 0.0547796922139874 -0.0809047912901295 0.0490928989106514
v 0.0551271909629966 -0.0809486901040179 0.0454948012792736
v 0.0547796922139874 -0.0809047912901295 0.0490928989106514
v 0.0547796922139874 -0.0809047912901295 0.045482500370983
v 0.0551271909629966 -0.0809486901040179 0.0491233010040976
v 0.0547796922139874 -0.0809047912901295 0.045482500370983
v 0.0549098910891911 -0.0801010898385076 0.045482500370983
v 0.0551271909629966 -0.0809486901040179 0.0454948012792736
v 0.0552533926023464 -0.0801690912767899 0.0454948012792736
v 0.0549098910891911 -0.0801010898385076 0.0505174983177148
v 0.0552533926023464 -0.0801690912767899 0.0454948012792736
v 0.0549098910891911 -0.0801010898385076 0.045482500370983
v 0.0552533926023464 -0.0801690912767899 0.0505052011347144
v 0.0540731910213587 -0.085267284349056 0.045482500370983
v 0.0544174934718007 -0.0853302864485537 0.0454948012792736
v 0.0542374911985256 -0.0842527911047439 0.0473018985844724
v 0.054582989466963 -0.0843086853514837 0.0473267984242708
v 0.054582989466963 -0.0843086853514837 0.0473267984242708
v 0.0542374911985256 -0.0842527911047439 0.0473018985844724
v 0.0544015902100484 -0.0832391844793816 0.045482500370983
v 0.0547482917470606 -0.0832880900826341 0.0454948012792736
v 0.0544015902100484 -0.0832391844793816 0.045482500370983
v 0.054548493284291 -0.0823322850523408 0.045482500370983
v 0.0547482917470606 -0.0832880900826341 0.0454948012792736
v 0.0548906909460494 -0.0824088844592632 0.0454948012792736
v 0.0546541909291023 -0.0838690862650879 0.0481146004472389
v 0.0548906909460494 -0.0824088844592632 0.0454948012792736
v 0.054548493284291 -0.0823322850523408 0.045482500370983
v 0.054310890581591 -0.0837992892371676 0.0481146004472389
v 0.0546541909291023 -0.0838690862650879 0.0481146004472389
v 0.054310890581591 -0.0837992892371676 0.0481146004472389
v 0.0545277918493981 -0.0824604871722624 0.0505174983177148
v 0.0548698926536242 -0.0825370865791848 0.0505052011347144
v 0.0548698926536242 -0.0825370865791848 0.0505052011347144
v 0.0545277918493981 -0.0824604871722624 0.0505174983177148
v 0.0543808925004452 -0.0833673865993032 0.0505174983177148
v 0.0547274934546354 -0.0834162847519763 0.0505052011347144
v 0.0542374911985256 -0.0842527911047439 0.048928401270619
v 0.0543808925004452 -0.0833673865993032 0.0505174983177148
v 0.054582989466963 -0.0843086853514837 0.0489034977055304
v 0.0547274934546354 -0.0834162847519763 0.0505052011347144
v 0.054582989466963 -0.0843086853514837 0.0489034977055304
v 0.0542374911985256 -0.0842527911047439 0.048928401270619
v 0.0544382917642259 -0.0852020843286321 0.0505052011347144
v 0.0540938924562516 -0.0851390896797139 0.0505174983177148
v 0.0540938924562516 -0.0851390896797139 0.0505174983177148
v 0.0544382917642259 -0.0852020843286321 0.0505052011347144
v 0.0539471905476531 -0.0860449832785342 0.0505174983177148
v 0.0542959894227695 -0.0860802841237826 0.0505052011347144
v 0.0539471905476531 -0.0860449832785342 0.0505174983177148
v 0.0541639912326381 -0.0847061886642084 0.0481146004472389
v 0.0542959894227695 -0.0860802841237826 0.0505052011347144
v 0.0545117917301134 -0.0847482844378794 0.0481146004472389
v 0.0542752917131663 -0.0862084862437041 0.0454948012792736
v 0.0539263922552278 -0.0861731853984558 0.045482500370983
v 0.0541639912326381 -0.0847061886642084 0.0481146004472389
v 0.0545117917301134 -0.0847482844378794 0.0481146004472389
v 0.0539263922552278 -0.0861731853984558 0.045482500370983
v 0.0542752917131663 -0.0862084862437041 0.0454948012792736
v 0.0540731910213587 -0.085267284349056 0.045482500370983
v 0.0544174934718007 -0.0853302864485537 0.0454948012792736
v 0.0618175356024526 -0.0374520584922066 0.0621670060865505
v 0.0621616890413064 -0.0375164948282408 0.0621746988108449
v 0.0620530744946558 -0.0381874306800521 0.0613676333121739
v 0.0617120838267619 -0.0381024270195543 0.0613743984392047
v 0.0621633132676179 -0.0375059857859819 0.062165474992272
v 0.0618175914817982 -0.0374514959734611 0.0621664994470812
v 0.0619141249139342 -0.0368556209839239 0.0629036114460912
v 0.0622926292491614 -0.0367074885640785 0.0633259252460466
v 0.0623120901625824 -0.036587694423022 0.0641099945282192
v 0.0619746236187498 -0.0364806221463094 0.0641067907786341
v 0.0619697583903946 -0.0365125814066921 0.0641103596066603
v 0.0622732763691418 -0.0368271001659394 0.0650053978337631
v 0.06231439611691 -0.0365727075825372 0.0641108140920665
v 0.0619334032881596 -0.0367362068224174 0.0649956450239797
v 0.0621734497809063 -0.037443505227043 0.0654533565315599
v 0.0620985900842763 -0.0379058956358564 0.0655051976701945
v 0.0617536021805286 -0.0378453634034333 0.0655778333788104
v 0.0619810311170431 -0.0386319061706722 0.06535433831764
v 0.0620983963692116 -0.0379065438362651 0.0655193239706905
v 0.0617530918158389 -0.0378498933557151 0.0655174985784851
v 0.0616469024327866 -0.0385056486519769 0.0654218554775002
v 0.0615576742937629 -0.0390562054922479 0.0648794159692656
v 0.0618971971975128 -0.0391488646230902 0.0648082778273162
v 0.0618742903911143 -0.0392906938527541 0.0641319960922301
v 0.0615248544914583 -0.0392585669543348 0.0641233459683505
v 0.061526590476461 -0.0392480951649729 0.064121900555747
v 0.0618742903911143 -0.0392906938527541 0.0641319960922301
v 0.0616567893516647 -0.038444393713351 0.0639861956837878
v 0.0620005926132861 -0.0385111956083482 0.0640003964900882
v 0.0616722195016245 -0.0383496409696942 0.0644528627890453
v 0.0620179487380236 -0.0384039556935989 0.0644810930382961
v 0.0620002014578671 -0.0385136803765817 0.0640006572604032
v 0.0616565025043574 -0.0384462414570449 0.0639863819482986
v 0.0617498135608982 -0.037869924238461 0.0647368416621497
v 0.0620956173030914 -0.03792532302167 0.0647441134286497
v 0.0618103010898447 -0.0374971344976419 0.0645811021794132
v 0.0617503872555128 -0.0378661467946998 0.0647149816591669
v 0.0620960196343796 -0.0379223018117189 0.0647241533236767
v 0.0621865478995105 -0.0373631693545461 0.0640605375753223
v 0.0621667852376233 -0.0374845430184376 0.0645486772533801
v 0.0618424801423199 -0.0372976191568899 0.0640622661099821
v 0.0621594911203802 -0.0375307701383919 0.063445223939898
v 0.0621873339356383 -0.0373574994636145 0.0640594646917403
v 0.0618394142288924 -0.0373175308303653 0.0640597999678597
v 0.0618128417374238 -0.0374803930457058 0.063448979032435
v 0.0621568908681658 -0.0375457942317738 0.063453099203413
v 0.062053894058391 -0.0381826176057527 0.0626506567898991
v 0.0617057918124495 -0.0381421944871594 0.0626645968258843
v 0.0618109306638049 -0.0374933458780115 0.0634539709213233
v 0.0617039030905689 -0.0381539664026285 0.0626750425396477
v 0.0620512751797281 -0.0381976454244243 0.0626640082300303
v 0.0618957704115557 -0.03915771963672 0.0613583536142479
v 0.0618638893822569 -0.0393549923530693 0.0604947978147537
v 0.061542713530306 -0.0391484213136153 0.0612832890164117
v 0.0615161894676036 -0.0393125948309322 0.0604825006317533
v 0.0615161894676036 -0.0393125948309322 0.0604825006317533
v 0.0618638893822569 -0.0393549923530693 0.0604947978147537
v 0.0619685923747168 -0.0365196929847397 0.0604825006317533
v 0.0623120901625824 -0.036587694423022 0.0604947978147537
v 0.0619685923747168 -0.0365196929847397 0.0604825006317533
v 0.0623120901625824 -0.036587694423022 0.0604947978147537
v 0.0619685923747168 -0.0365196929847397 0.0613615983420253
v 0.0623120901625824 -0.036587694423022 0.0613493980165705
v 0.0623120901625824 -0.036587694423022 0.0613493980165705
v 0.0619685923747168 -0.0365196929847397 0.0613615983420253
v 0.0617155893243747 -0.0380815951995217 0.0613615983420253
v 0.0620577907114228 -0.0381576954176236 0.0613493980165705
v 0.0610279902517112 -0.0423268943696061 0.0604825006317533
v 0.0613723895596855 -0.0423898927438141 0.0604947978147537
v 0.0611922904288781 -0.0413122930918926 0.0623018988452427
v 0.0615377924226052 -0.0413682953720338 0.0623267986850411
v 0.0615377924226052 -0.0413682953720338 0.0623267986850411
v 0.0611922904288781 -0.0413122930918926 0.0623018988452427
v 0.0613564900232229 -0.0402987944999318 0.0604825006317533
v 0.0617030909774131 -0.0403476926526048 0.0604947978147537
v 0.0613564900232229 -0.0402987944999318 0.0604825006317533
v 0.0617030909774131 -0.0403476926526048 0.0604947978147537
v 0.0615033893721758 -0.039391895072891 0.0604825006317533
v 0.0618454901764019 -0.0394684944798133 0.0604947978147537
v 0.0616089901594547 -0.0409286925603484 0.0631147012908451
v 0.0618454901764019 -0.0394684944798133 0.0604947978147537
v 0.0615033893721758 -0.039391895072891 0.0604825006317533
v 0.0612657903947656 -0.040858895532428 0.0631147012908451
v 0.0616089901594547 -0.0409286925603484 0.0631147012908451
v 0.0612657903947656 -0.040858895532428 0.0631147012908451
v 0.0614825910797506 -0.0395200934675228 0.0655174985784851
v 0.0618247924667987 -0.0395966928744452 0.0655051976701945
v 0.0618247924667987 -0.0395966928744452 0.0655051976701945
v 0.0614825910797506 -0.0395200934675228 0.0655174985784851
v 0.0613356917307976 -0.0404269928945636 0.0655174985784851
v 0.0616822926849878 -0.0404758947725264 0.0655051976701945
v 0.0615377924226052 -0.0413682953720338 0.0639035016915909
v 0.0611922904288781 -0.0413122930918926 0.0639284015313893
v 0.0613356917307976 -0.0404269928945636 0.0655174985784851
v 0.0616822926849878 -0.0404758947725264 0.0655051976701945
v 0.0613930909945784 -0.0422616943491823 0.0655051976701945
v 0.0615377924226052 -0.0413682953720338 0.0639035016915909
v 0.0611922904288781 -0.0413122930918926 0.0639284015313893
v 0.0610487922694262 -0.0421986922496846 0.0655174985784851
v 0.0613930909945784 -0.0422616943491823 0.0655051976701945
v 0.0610487922694262 -0.0421986922496846 0.0655174985784851
v 0.0609019897780055 -0.0431045932990844 0.0655174985784851
v 0.061250889235944 -0.0431398941443327 0.0655051976701945
v 0.061250889235944 -0.0431398941443327 0.0655051976701945
v 0.0609019897780055 -0.0431045932990844 0.0655174985784851
v 0.0611188910458126 -0.0417657949594689 0.0631147012908451
v 0.0614665909604659 -0.0418078944584296 0.0631147012908451
v 0.0611188910458126 -0.0417657949594689 0.0631147012908451
v 0.0608812920684024 -0.0432327954190059 0.0604825006317533
v 0.0612300909435187 -0.0432680925389646 0.0604947978147537
v 0.0614665909604659 -0.0418078944584296 0.0631147012908451
v 0.0608812920684024 -0.0432327954190059 0.0604825006317533
v 0.0610279902517112 -0.0423268943696061 0.0604825006317533
v 0.0612300909435187 -0.0432680925389646 0.0604947978147537
v 0.0613723895596855 -0.0423898927438141 0.0604947978147537
v 0.0622561288606279 -0.0369324439082286 0.0308652606413082
v 0.0618560699991652 -0.0372139416995273 0.0305920199172492
v 0.0620962133494443 -0.0379195972513928 0.030402857130702
v 0.0617507113557172 -0.0378649845043117 0.0304048315345161
v 0.0619415318702968 -0.0366860308953754 0.0311970759660659
v 0.06197108086824 -0.036503603458502 0.0320323325984403
v 0.0623155323302702 -0.0365667880971953 0.0320320867292861
v 0.0623184529573992 -0.0365483665396021 0.0320350744120387
v 0.0619698775996651 -0.036511266379426 0.0320334129326028
v 0.0622000707011411 -0.0372788734990923 0.0332544326799862
v 0.0622742598456241 -0.0368209422620563 0.0329009287155957
v 0.0619354261204696 -0.0367236861237175 0.0329202964994245
v 0.0618577910830091 -0.0372033954043713 0.0332401983460739
v 0.062280153253938 -0.0367847063690919 0.0338004819944393
v 0.0622006592969145 -0.0372746080423797 0.0332203984285802
v 0.0618577910830091 -0.0372033954043713 0.0332401983460739
v 0.0619142925519709 -0.0368544326165079 0.0335527650962897
v 0.0622912918701571 -0.0367158928176538 0.0342550009283051
v 0.0619510946889705 -0.036626653502761 0.034253425130544
v 0.0619495300672943 -0.0366375015463831 0.0342557869645405
v 0.0622922306431629 -0.0367094480664635 0.0342554889413232
v 0.0622651664134532 -0.0368773356976166 0.0349197342637241
v 0.0621694748967906 -0.0374684609427794 0.035436975908943
v 0.0619241906467181 -0.0367933266894702 0.0348765134466474
v 0.062091892013386 -0.0379469930318863 0.0355052008739441
v 0.061831553867614 -0.0373651623845385 0.0354416064446805
v 0.0617463900196589 -0.0378909944770348 0.0355174980569445
v 0.0620191371054396 -0.0383959984747882 0.0354498058084442
v 0.0616653500674077 -0.0383912673568623 0.0354442066972507
v 0.0615798956468556 -0.038919219139201 0.0350036613269822
v 0.062091892013386 -0.0379469930318863 0.0355052008739441
v 0.0617463900196589 -0.0378909944770348 0.0355174980569445
v 0.061917920984144 -0.0390211542414098 0.0349346615016163
v 0.0618845908171498 -0.0392269951240815 0.0341970987424903
v 0.0615349910047467 -0.0391958703285929 0.0341895177769024
v 0.0615367903196744 -0.0391850930654752 0.0341873012292243
v 0.0618845908171498 -0.0392269951240815 0.0341970987424903
v 0.0616566924941324 -0.0384448929021715 0.0340508997279949
v 0.0620004920304641 -0.0385113930487026 0.0340652979746767
v 0.0616564615261706 -0.0384467033929683 0.0340511418718589
v 0.0616749128860815 -0.0383327803084876 0.0344875968734712
v 0.0619982754830894 -0.0385255156219757 0.034067346884295
v 0.0620883902410629 -0.0379689945928864 0.0347154989529662
v 0.0620392983733252 -0.0382722518013543 0.0346425950234548
v 0.0617425380701035 -0.0379146984954302 0.0347230910944248
v 0.0620889341333599 -0.03796629375785 0.0347467131596793
v 0.0617428919726256 -0.0379128954552128 0.0347032986275114
v 0.0621588131176538 -0.0375337205678386 0.0344770952803546
v 0.0618227174804328 -0.0374195888671343 0.0342141084176129
v 0.0617823129882881 -0.0376699469617856 0.0346582971217119
v 0.0621650902308074 -0.0374953947873495 0.0342115007144622
v 0.0618175914817982 -0.0374514959734611 0.0342115007144622
v 0.061796286549973 -0.0375852599509128 0.0337423674670823
v 0.0621683647604584 -0.0374749988262124 0.0342100553018587
v 0.0621374038777169 -0.0376665867504713 0.0337627783321713
v 0.0617070844879773 -0.0381342782465355 0.0336139865156862
v 0.0617900206126885 -0.0376215032944566 0.0337724529108602
v 0.0620543299172865 -0.0381791046575605 0.0335990071237309
v 0.0621366327427479 -0.0376713104178178 0.0337654828928675
v 0.0620403898832089 -0.0382653935430066 0.0327578999230735
v 0.0616925893857336 -0.038223394626868 0.0327398993207537
v 0.0617068907729126 -0.0381349935021589 0.033634099357558
v 0.0620541920815674 -0.0381799912765104 0.0336221001977749
v 0.0616925893857336 -0.038223394626868 0.0327398993207537
v 0.0617487108751454 -0.0378766074081925 0.0328370846918877
v 0.0620943432540122 -0.0379322371593632 0.0328470759202448
v 0.0620403898832089 -0.0382653935430066 0.0327578999230735
v 0.0620944922656004 -0.0379310934954237 0.032832398276797
v 0.0617489902718733 -0.0378752961062162 0.0328201979513422
v 0.0617891749719254 -0.0376275866925455 0.0327532284091436
v 0.0621304860147339 -0.0377091519106452 0.0327829040709979
v 0.0618333569078314 -0.0373548917608207 0.032055574684093
v 0.0621756626029913 -0.0374300830082344 0.0320534363675094
v 0.0621692662805671 -0.0374694444192617 0.0324129529503073
v 0.0621702348558905 -0.0374635919891345 0.0316765711081794
v 0.0618302760932451 -0.0373734958576094 0.0320527807164316
v 0.0621755135914031 -0.0374310739352961 0.0320533916640268
v 0.0618108449821417 -0.0374934315596747 0.031496233534152
v 0.0617490200741909 -0.0378756090305515 0.0311929446192172
v 0.0621288766895812 -0.0377190500053924 0.0312683091029158
v 0.0620935907454917 -0.037936994354317 0.0312195003505163
v 0.061686766757924 -0.0382598279601868 0.031431022328935
v 0.0620319409261571 -0.0383171676193323 0.0314384244805926
v 0.0620932405682594 -0.0379397063652225 0.031194827753421
v 0.0617479360148867 -0.0378818824184154 0.031223356025889
v 0.0616670487995134 -0.0383814400426195 0.0319486998331092
v 0.0620097605512511 -0.0384541092689027 0.0319338508263114
v 0.0615369914853185 -0.0391838935221901 0.0318131998521119
v 0.0616671903605222 -0.0383805944018564 0.031948800415945
v 0.0618846913999718 -0.0392265927927933 0.0318031005903385
v 0.0620108893140319 -0.0384471951312095 0.0319347001924805
v 0.0615764199515604 -0.0389403080042232 0.0309904229419584
v 0.0618846913999718 -0.0392265927927933 0.0318031005903385
v 0.0615343390790483 -0.0391998042345218 0.0318110242826262
v 0.0616724579201656 -0.0383482663377929 0.0304856293539935
v 0.062019017896169 -0.0383964902130293 0.0305025272704096
v 0.0619118971906903 -0.0390584220396226 0.0310829069968408
v 0.062095989832062 -0.037921895755141 0.0304298002921834
v 0.0617504915636246 -0.0378659940578218 0.0304175999667287
v 0.0610279902517112 -0.0423268943696061 0.0304825001102127
v 0.0613723895596855 -0.0423898927438141 0.0304947991558582
v 0.0611922904288781 -0.0413122930918926 0.0323018983237021
v 0.0615377924226052 -0.0413682953720338 0.0323267981635005
v 0.0615377924226052 -0.0413682953720338 0.0323267981635005
v 0.0611922904288781 -0.0413122930918926 0.0323018983237021
v 0.0613564900232229 -0.0402987944999318 0.0304825001102127
v 0.0617030909774131 -0.0403476926526048 0.0304947991558582
v 0.0613564900232229 -0.0402987944999318 0.0304825001102127
v 0.0615033893721758 -0.039391895072891 0.0304825001102127
v 0.0617030909774131 -0.0403476926526048 0.0304947991558582
v 0.0618454901764019 -0.0394684944798133 0.0304947991558582
v 0.0616089901594547 -0.0409286925603484 0.0331146001864686
v 0.0618454901764019 -0.0394684944798133 0.0304947991558582
v 0.0615033893721758 -0.039391895072891 0.0304825001102127
v 0.0612657903947656 -0.040858895532428 0.0331146001864686
v 0.0612657903947656 -0.040858895532428 0.0331146001864686
v 0.0614825910797506 -0.0395200934675228 0.0355174980569445
v 0.0616089901594547 -0.0409286925603484 0.0331146001864686
v 0.0618247924667987 -0.0395966928744452 0.0355052008739441
v 0.0618247924667987 -0.0395966928744452 0.0355052008739441
v 0.0614825910797506 -0.0395200934675228 0.0355174980569445
v 0.0613356917307976 -0.0404269928945636 0.0355174980569445
v 0.0616822926849878 -0.0404758947725264 0.0355052008739441
v 0.0615377924226052 -0.0413682953720338 0.0339035011700503
v 0.0613356917307976 -0.0404269928945636 0.0355174980569445
v 0.0611922904288781 -0.0413122930918926 0.0339284010098487
v 0.0616822926849878 -0.0404758947725264 0.0355052008739441
v 0.0613930909945784 -0.0422616943491823 0.0355052008739441
v 0.0615377924226052 -0.0413682953720338 0.0339035011700503
v 0.0611922904288781 -0.0413122930918926 0.0339284010098487
v 0.0610487922694262 -0.0421986922496846 0.0355174980569445
v 0.0610487922694262 -0.0421986922496846 0.0355174980569445
v 0.0609019897780055 -0.0431045932990844 0.0355174980569445
v 0.0613930909945784 -0.0422616943491823 0.0355052008739441
v 0.061250889235944 -0.0431398941443327 0.0355052008739441
v 0.061250889235944 -0.0431398941443327 0.0355052008739441
v 0.0609019897780055 -0.0431045932990844 0.0355174980569445
v 0.0611188910458126 -0.0417657949594689 0.0331146001864686
v 0.0614665909604659 -0.0418078944584296 0.0331146001864686
v 0.0611188910458126 -0.0417657949594689 0.0331146001864686
v 0.0608812920684024 -0.0432327954190059 0.0304825001102127
v 0.0612300909435187 -0.0432680925389646 0.0304947991558582
v 0.0614665909604659 -0.0418078944584296 0.0331146001864686
v 0.0608812920684024 -0.0432327954190059 0.0304825001102127
v 0.0612300909435187 -0.0432680925389646 0.0304947991558582
v 0.0610279902517112 -0.0423268943696061 0.0304825001102127
v 0.0613723895596855 -0.0423898927438141 0.0304947991558582
v 0.0626616899749854 -0.0207999967452754 0.0830759909061493
v 0.0625664492183772 -0.00499999955790516 0.083600601175414
v 0.0623934877426453 -0.0207999967452754 0.0839323084667554
v 0.061771882177113 -0.0207999967452754 0.0844676773741615
v 0.0618343701866313 -0.00499999955790516 0.0844652782872629
v 0.0610013060015515 -0.0207999967452754 0.0846739466933769
v 0.0610002666457236 -0.00499999955790516 0.0846555586608747
v 0.0626359035196447 -0.00499999955790516 0.0826960634582624
v 0.0624729071938747 -0.0207999967452754 0.0821977835402388
v 0.062200640670466 -0.00499999955790516 0.0818159561943421
v 0.0610029041508351 -0.00500000002356637 0.0813012030429869
v 0.0610023714344072 -0.0207999967452754 0.0813085940187738
v 0.0619017867544299 -0.0207999967452754 0.0816081818578798
v -0.0713986864268487 0.0182954975148505 0.0134999991171062
v -0.0629164923402552 0.0179992978677295 0.0134999991171062
v -0.0703074894675024 0.0116111980892639 0.0134999991171062
v -0.0632894906972978 0.0113660982410318 0.0134999991171062
v -0.0609794907050366 -0.0426263927607613 0.0394999972097576
v -0.0608533896485089 -0.0434046951871718 0.0409025987781003
v -0.0622154896752317 -0.0349946934897792 0.0343828007344275
v -0.0607842408209973 -0.0438317176955221 0.0407099677463628
v -0.0607078500302985 -0.0443032797675902 0.0403008526496398
v -0.0606557481284788 -0.044625252831538 0.0397678381256497
v -0.060914730268798 -0.043026008312749 0.0330104149950203
v -0.0608533896485089 -0.0434048926275262 0.0330974005215451
v -0.0606786139566905 -0.0444839525930123 0.0339510656755179
v -0.0607840769082503 -0.0438326750949764 0.0332906201491366
v -0.060725988465874 -0.0441915918569327 0.033585800969918
v -0.0606478914924901 -0.0446736927735773 0.0343829981748089
v -0.0620099877939232 -0.0362636948014744 0.0330974005215451
v -0.0620792148525186 -0.0358367430736285 0.0332899905750902
v -0.0620072906841764 -0.0362804958580458 0.0344999983645976
v -0.0621846666282092 -0.0351852532340794 0.0339496239882046
v -0.0621374895593801 -0.0354767944064239 0.033585800969918
v -0.0619864923917512 -0.0364086942526776 0.0394999972097576
v -0.0608963906675783 -0.0431391937898681 0.0355390004320666
v -0.0609794907050366 -0.0426263927607613 0.0355390004320666
v -0.0606339626342816 -0.0447596054047632 0.0392335160247941
v -0.0619487030529797 -0.0366423928517663 0.0409895843046251
v -0.0620099877939232 -0.0362634936358303 0.0409025987781003
v -0.0620793154353406 -0.0358357521465669 0.0407094015022501
v -0.0621374895593801 -0.0354767944064239 0.0404141983297274
v -0.0609794907050366 -0.0426263927607613 0.0344999983645976
v -0.0618669888232918 -0.0371468939354095 0.0344999983645976
v -0.061087792327352 -0.0419572934767748 0.0394999972097576
v -0.0609148383021995 -0.0430256134320402 0.0409895954804958
v -0.0617712898560498 -0.03773779566319 0.0371147013355486
v -0.0606339514584125 -0.0447596128553426 0.0347668669797435
v -0.0608963906675783 -0.0431391937898681 0.0363830990407668
v -0.0609794907050366 -0.0426263927607613 0.0363830990407668
v -0.0613739914342588 -0.0401905934604385 0.0355390004320666
v -0.0621847858374798 -0.0351844597473722 0.0400489820529003
v -0.0611040904698131 -0.0418571949423908 0.0344999983645976
v -0.0611040904698131 -0.0418571949423908 0.0355390004320666
v -0.0615351921703908 -0.0391949948855122 0.0344999983645976
v -0.0617009899140192 -0.0381713933078703 0.0363374977632426
v -0.0613947897266841 -0.0400623950658067 0.0344999983645976
v -0.0616307905548107 -0.0386050952606624 0.0371147013355486
v -0.0613739914342588 -0.0401905934604385 0.0363801001821436
v -0.061555990462816 -0.0390667927655906 0.0394999972097576
v -0.061415491161577 -0.0399341929458851 0.0394999972097576
v -0.0618461905308665 -0.037274995472509 0.0394999972097576
v -0.0617009899140192 -0.0381713933078703 0.037892899560342
v -0.0622294222587299 -0.0349087771333037 0.0392331546716432
v -0.0622154896752317 -0.0349946934897792 0.0396169973995462
v -0.0619486695253723 -0.0366426200944384 0.0330104112697301
v -0.0622294222587299 -0.0349087883091728 0.0347664646484003
v -0.05438892422505 -0.083317415563195 0.0407098112841738
v -0.0544581922618322 -0.0828901844386212 0.0409025987781003
v -0.055820292288555 -0.074480089608986 0.0343828007344275
v -0.0557894580656634 -0.0746708095407435 0.0339495681088514
v -0.0543306904963752 -0.0836770848336717 0.0404141983297274
v -0.0542835208781255 -0.0839685887531191 0.0400502710033147
v -0.0545426930082197 -0.0823681893945214 0.0394350989289187
v -0.0546240347089371 -0.0818655658568898 0.0377148604903774
v -0.0545694852917809 -0.0822023543979959 0.0373974508628819
v -0.0546674045316873 -0.0815984178815363 0.0345013953484283
v -0.054812992578664 -0.0806995874319974 0.03768790056509
v -0.054775676351685 -0.0809297730828939 0.0378168812882107
v -0.0544580916790101 -0.0828902887467329 0.0330974005215451
v -0.055375991886551 -0.0772231917823967 0.0371147013355486
v -0.0556147904072464 -0.0757490871953915 0.0330974005215451
v -0.0557421915898813 -0.0749621868003409 0.033585800969918
v -0.0556838982565712 -0.0753220646870411 0.0332900315532826
v -0.0556119927146776 -0.0757659851094951 0.0344999983645976
v -0.0558342248720531 -0.0743942589341736 0.0392336203329201
v -0.0555912912797848 -0.0758940903718844 0.0394999972097576
v -0.0554509894189001 -0.0767604884492481 0.0394999972097576
v -0.05555341625935 -0.0761277554433657 0.0409895805793349
v -0.0556147904072464 -0.0757489903378591 0.0409025987781003
v -0.0556840435428697 -0.0753215803993794 0.0407096361955336
v -0.0557895213955884 -0.0746701911426524 0.0400494216371457
v -0.0557421915898813 -0.0749621868003409 0.0404141983297274
v -0.0542525935229913 -0.0841590851674943 0.0396171985652179
v -0.0551399910584243 -0.0786804878622512 0.0344999983645976
v -0.055471690853793 -0.0766322863293265 0.0344999983645976
v -0.0553057925273425 -0.0776568900098991 0.0363374977632426
v -0.0542834202953034 -0.0839691475465749 0.0339506558935943
v -0.0543306904963752 -0.0836770848336717 0.033585800969918
v -0.0545194919039345 -0.0825115310918057 0.0330104187203105
v -0.0550202900496105 -0.0794195853398021 0.0394999972097576
v -0.0551607930761393 -0.0785522857423297 0.0394999972097576
v -0.0553057925273425 -0.0776568900098991 0.037892899560342
v -0.055820292288555 -0.074480089608986 0.0396169973995462
v -0.0555533603800044 -0.0761281726758127 0.0330104038191496
v -0.055834213696184 -0.074394266384753 0.0347659989871234
v -0.0543889093238912 -0.0833179445543332 0.0332905493686225
v -0.0546168709768336 -0.081910023464234 0.0346681579649115
v -0.0546638990340745 -0.0816199500560335 0.0355554401377862
v -0.0548115993203141 -0.0807082971593286 0.0354797608670646
v -0.0546930196237016 -0.081438953130407 0.0353178001496687
v -0.0545780609086828 -0.0821501034845881 0.0349167018774889
v -0.0542387652476048 -0.0842450052492596 0.0347661889769244
v -0.0545395265119701 -0.0823878738253248 0.0353302947730505
v -0.0542525935229913 -0.0841590851674943 0.0343829981748089
v -0.0548289219174442 -0.0806011652779808 0.0357445805725921
v -0.0545184599986861 -0.0825177448750343 0.0357549592311317
v -0.0546654822821993 -0.081609675707026 0.0368005327105403
v -0.0545114750804885 -0.0825606527618611 0.0361167594168314
v -0.0545151295896895 -0.0825383531776846 0.0365670389704323
v -0.0545338789727767 -0.0824220496330821 0.0370105608475828
v -0.0545195254315418 -0.0825111138593587 0.0409895917552056
v -0.0547701889999489 -0.0809657146779716 0.0370826414879566
v -0.0546829911438147 -0.0815018062183165 0.0378555311741934
v -0.0547906929944874 -0.0808367898518472 0.0385908997373827
v -0.0548852930012663 -0.0802528879434231 0.0394350989289187
v -0.0547307717095761 -0.0812071581543578 0.0378763778982376
v -0.0552354925853119 -0.0780905882374015 0.0371147013355486
v -0.0542387577970254 -0.0842449977986802 0.0392341940276132
v -0.0545426930082197 -0.0823681893945214 0.0385908997373827
v -0.0549579920298671 -0.0798041916995668 0.0357986978635483
v -0.0549475910210097 -0.0798682890342379 0.0369025982118562
v -0.0547020161983402 -0.0813887660274959 0.0370335905916931
v -0.0547370301962812 -0.0811614712014108 0.037097501670625
v -0.054812776511861 -0.0807023068934823 0.0369672655247018
v -0.0548440912971246 -0.0805072879774047 0.0367727010673426
v -0.0547801392487521 -0.0809013938259182 0.0352871521870683
v -0.0547221513891978 -0.0812551100834457 0.0352268993431278
v -0.054751789794094 -0.0810771976976953 0.0352166510697458
v -0.0546504395623689 -0.081702971862408 0.0358356713689341
v -0.0546463231172445 -0.0817284304922547 0.0361538782085356
v -0.0546496982297176 -0.0817073006490457 0.0364927045294783
v -0.0548333922650907 -0.0805733895179373 0.0359285987333521
v -0.0549994917571853 -0.0795477874597237 0.0344999983645976
v -0.054949926777655 -0.0798546097704396 0.03550184066217
v -0.0548931682637035 -0.0802041611540765 0.0348262518310639
v -0.0549278134579637 -0.0799906275481631 0.0351307235256421
v -0.0548438864061908 -0.0805080404859252 0.0345891147571255
v -0.0547235707245756 -0.081251034616508 0.0344352118424651
v -0.0547862449985792 -0.0808638876091642 0.0344597093509202
v -0.0538147043445703 -0.0680994059510015 0.045355661689736
v -0.0542985934002735 -0.0651116938049549 0.0474161010813094
v -0.0542852680389973 -0.0651946485561147 0.0475787137244929
v -0.0544559608132986 -0.0641391324215667 0.0478937428915409
v -0.0544988463483872 -0.0638747933146511 0.0481932785765839
v -0.0536494318667903 -0.0691191742055364 0.0438360599316047
v -0.0535925802205963 -0.069470752146773 0.0436287885093214
v -0.0535267319997637 -0.0698768832304555 0.0425972109452513
v -0.0549032377217772 -0.0613784431554568 0.048688693746432
v -0.0551348501586309 -0.0599480958213311 0.0488226440066998
v -0.0534251023713107 -0.0705045051388621 0.0416780700904562
v -0.0534293864544719 -0.0704780853842714 0.0412733433856068
v -0.055367367840883 -0.0585127752254488 0.048776998025693
v -0.0554289021762368 -0.0581334625023555 0.0489144873116652
v -0.055774352015908 -0.0559991769749184 0.0484413531025941
v -0.0557654932769886 -0.0560542926361098 0.0482662011325463
v -0.0533588853467973 -0.0709137058612618 0.0398872336770467
v -0.053281563233672 -0.0713910123300555 0.0381074613755764
v -0.0563773907375486 -0.0522762938066705 0.0462109994990155
v -0.0533339221804814 -0.0710680669654946 0.0348272613847123
v -0.0568295924790178 -0.0494848932522292 0.0429124002997786
v -0.054052791334932 -0.066629324676878 0.0275624332376771
v -0.0570819920324276 -0.0479259936209497 0.036636400148949
v -0.05495669190376 -0.0610483154323439 0.0250855213012057
v -0.0553091899915538 -0.0588719900105814 0.0251995002806298
v -0.0554825239962562 -0.0578014348814928 0.0253113781963726
v -0.0559296034643804 -0.0550416396849121 0.0261057162410233
v -0.0558865465659655 -0.0553068095314321 0.0258067374868675
v -0.0557105005503575 -0.0563946947082302 0.0256231868500295
v -0.0565710834504911 -0.0510813065508421 0.0286453061853653
v -0.0562848917941636 -0.0528478910831976 0.0273494993742667
v -0.0565497934198247 -0.0512121908793516 0.0287689988590255
v -0.0563019722474629 -0.0527422381418628 0.0272026968627565
v -0.0564229994594118 -0.0519942931012616 0.0280164622958795
v -0.0567684902772698 -0.0498620937360596 0.0304691002413086
v -0.0566662161736978 -0.0504931913397613 0.0295848914328614
v -0.0567929654306343 -0.0497109512821322 0.0303712033397435
v -0.0556614198584889 -0.05669729626571 0.0253583038145683
v -0.0570695383889424 -0.0480035467020367 0.0355455792945866
v -0.0544024917301571 -0.0644698934439296 0.0262602003009572
v -0.0570801480140234 -0.0479370763578233 0.0377280442924489
v -0.0570514968108992 -0.0481141729051282 0.0391737660950325
v -0.0570894649635766 -0.0478794573019499 0.0388406878968919
v -0.0542469236320597 -0.0654301688218693 0.0267574110606891
v -0.0541328925141774 -0.0661344869947306 0.0269965001867004
v -0.0570390394421243 -0.0481918898989622 0.0402868418331405
v -0.0568553267803026 -0.0493265758903293 0.0430031446441305
v -0.0536607418463359 -0.0690503979069954 0.0297663465939534
v -0.0535847533869252 -0.0695192479681579 0.0307753693884156
v -0.0566278903932087 -0.0507299893798849 0.0446926978671693
v -0.0533820790005031 -0.0707692465770658 0.0330101691258661
v -0.0533906248150873 -0.0707170627188726 0.0334131598454752
v -0.0533177655990291 -0.071167882377861 0.0344311810784523
v -0.0565086215180007 -0.0514658421301024 0.0454931435251278
v -0.0532813955956353 -0.0713922267744995 0.0358949966156111
v -0.0533014935335959 -0.0712667888195394 0.0370008974447646
v -0.0533105906910565 -0.0712115874766848 0.0359095997532546
v -0.0561009109114831 -0.0539832439014219 0.0475767318700984
v -0.0562368690845713 -0.0531440739665149 0.0468605150239054
v -0.0560866914806776 -0.054071391706431 0.0474156987499662
v -0.055929786003576 -0.0550411293202225 0.0478923533582906
v -0.0570265671721907 -0.0482676101375141 0.0341134920541906
v -0.0553111308674903 -0.0588603596561212 0.0250172646712378
v -0.0551336915935325 -0.0599551924982199 0.0250056995077647
v -0.0551338294292516 -0.0599539594273274 0.0251776402776471
v -0.0547874668936026 -0.0620928866657374 0.0254466937755042
v -0.0546110185467064 -0.0631823439147912 0.0255585977682785
v -0.0545641804792404 -0.0634713071866595 0.0258442399834639
v -0.0554871917842571 -0.05777289171177 0.0251424996150471
v -0.0561002440846259 -0.053987099576267 0.0264212539101857
v -0.0561383947764989 -0.0537526819962651 0.0267557272295119
v -0.056441093191511 -0.0518830932035555 0.0278888990456857
v -0.0566874913032054 -0.0503617929212725 0.0294788994756587
v -0.0568829907816549 -0.0491546910233222 0.0313246988209032
v -0.0568585491558978 -0.0493054982011761 0.0314016186132665
v -0.0569604097523125 -0.0486778017869754 0.032320349686138
v -0.0569561852737866 -0.0487030629764677 0.0327271402017666
v -0.0570209904135017 -0.0483025943331375 0.0333635985844523
v -0.0570677800522015 -0.0480137651716986 0.0344337664298616
v -0.0571040531980629 -0.0477906836482703 0.0358925900781321
v -0.0571112243807458 -0.0477450041459027 0.0373744993498661
v -0.0569947718245551 -0.0484649275573399 0.0405851705241538
v -0.0569606407202742 -0.0486756150419184 0.0416785581034744
v -0.0569103269575131 -0.0489852834739692 0.041947118000378
v -0.0567361137844402 -0.0500624770693129 0.0438350690044075
v -0.0567248447830814 -0.0501320952833274 0.0442347702927566
v -0.0566107913134609 -0.0508354933096315 0.0450843003745906
v -0.0564860797899933 -0.0516057491102783 0.0458725829599965
v -0.0563019163681173 -0.0527423089223672 0.0467989993065819
v -0.0559405930690114 -0.0549732917946872 0.0480509985673949
v -0.0555969760718752 -0.0570953136684141 0.0485544901664296
v -0.0556031935803935 -0.0570568910303926 0.0487224001722991
v -0.055251790727773 -0.0592264923042368 0.0489942979292356
v -0.0550745414435902 -0.0603212953440179 0.0489827383536978
v -0.0548982905370484 -0.061408789365397 0.0488574978219532
v -0.0547244498929461 -0.0624826749034822 0.0486421983992562
v -0.0546755480149833 -0.0627840955441254 0.0483772594844417
v -0.054148236982474 -0.0660399838454841 0.0468600530879187
v -0.0540835547773192 -0.0664394466605939 0.0467973080248242
v -0.0539623971802305 -0.0671874624816995 0.045982344910897
v -0.0539443928550843 -0.0672985878736115 0.0461110983913146
v -0.0537951987276728 -0.0682198967212328 0.0449680675945863
v -0.0536979910181002 -0.0688198918811842 0.0445210998239867
v -0.0535024915396506 -0.0700269900538448 0.0426753004787422
v -0.0533644919078039 -0.0708790904693192 0.0406364007151931
v -0.0533176426644688 -0.0711678972790199 0.0395662589468153
v -0.0533160184381573 -0.071178201430345 0.0384547031271151
v -0.053274190885345 -0.071436490666779 0.0369999996498227
v -0.0534749504728586 -0.0701976679269873 0.0320554852771278
v -0.053449592425834 -0.0703530870134965 0.0319844998720772
v -0.0535303231790397 -0.0698552020443701 0.0309969720021567
v -0.0537194859397003 -0.0686876664483808 0.0295849920156972
v -0.0538144100466836 -0.0681009631220983 0.0286431213026541
v -0.0538760673165976 -0.0677201863601508 0.0285097838526267
v -0.0539893869041461 -0.0670214263195299 0.0276461926628755
v -0.0542844894534489 -0.0651984558021936 0.0264232841933529
v -0.0544448929775839 -0.0642083930077695 0.0259489988696054
v -0.0547822924662018 -0.0621246894639523 0.0252775991273463
v -0.0549603911164374 -0.0610252894166748 0.0252669988140389
v -0.0558779634984842 -0.0691203290453451 0.0264730801476595
v -0.0536090646275427 -0.0693685972524716 0.0264132352229975
v -0.0557069615251373 -0.0701761208513313 0.0262018324538656
v -0.0534397576610117 -0.0704137347299003 0.0250006908550704
v -0.0556120597698923 -0.0707620567679344 0.025000510178495
v -0.0556306005367561 -0.0706476009670258 0.0255628092088667
v -0.0534810748491343 -0.0701587461001453 0.025863527673553
v -0.0537743780835094 -0.0683480988411544 0.0263530159066688
v -0.0560808241493916 -0.0678678866463904 0.025001186318669
v -0.0560311846640672 -0.0681743960327711 0.0259207276421623
v -0.0539065327358084 -0.0675322678462517 0.0250002531334701
v -0.0538867924256595 -0.0676536750377506 0.0256178578223767
v -0.0566468781948371 -0.0506130041072663 0.0504132386204621
v -0.0587829034325665 -0.051184657263139 0.0503266516999903
v -0.0565188884164288 -0.0514031008008841 0.0498636167526927
v -0.058650983473519 -0.0519991769560653 0.0490001466348734
v -0.0586740057638984 -0.0518570683296735 0.0496941495755132
v -0.0564775749535959 -0.0516581639364332 0.0490006905272448
v -0.058937067096445 -0.0502328680951481 0.0504484202612544
v -0.0568120649909539 -0.0495925764764535 0.0503530491064552
v -0.0590815524576689 -0.0493407953211348 0.0498111050618193
v -0.0569246320699819 -0.0488980781672556 0.0496178370054549
v -0.0591167378189364 -0.0491234060403763 0.0490005228891852
v -0.0569442010168043 -0.0487766560745979 0.0490002546682897
v -0.0674794879417056 -0.0034846194594559 0.0295072005054235
v -0.067067187778271 -0.00603003890181912 0.0339501008253522
v -0.064059388870133 -0.0034846194594559 0.0295072005054235
v -0.0639704885566034 -0.00603003890181912 0.0339501008253522
v -0.0653691113235979 -0.000200765946699528 0.0344966381528235
v -0.0652381450387149 -2.00286381133566e-05 0.0344990409650123
v -0.0667181877375106 -0.00142072980025936 0.034475199107635
v -0.0680851902454857 -1.57674972956301e-10 0.0344999983645976
v -0.0668033925636524 -0.00129846753835776 0.0344777658325933
v -0.0670589921409192 -2.38257251380715e-05 0.034494864914681
v -0.0669241813570602 -0.00015408284255416 0.0344898357728905
v -0.066596877403544 -0.00149116839291614 0.0344739623112836
v -0.0641899900766248 3.52108919609869e-16 0.0344999983645976
v -0.0639882879908158 -0.00577496924701297 0.0343991994619548
v -0.0654762879084222 -0.00129633702189218 0.0344774678093761
v -0.0671498892097309 -0.00577496924701297 0.0343991994619548
v -0.0656812160951161 -0.00149122403943112 0.0344740070147662
v -0.0655626922778492 -0.00142160978353696 0.034475199107635
v -0.0639882879908158 0.00577496924701297 0.0343991994619548
v -0.0670549464762991 -2.70201228616786e-05 0.0344975545742164
v -0.0680851902454857 -1.57674972956301e-10 0.0344999983645976
v -0.0690221900133461 0.00577496924701297 0.0343991994619548
v -0.0641899900766248 3.52108919609869e-16 0.0344999983645976
v -0.0655237928027454 -0.00081556283225154 0.0345141991708979
v -0.0654307872199604 -0.000822782851154162 0.0345144003365695
v -0.0656667023664239 -0.000994039075523424 0.0345175035033188
v -0.0655585497556967 -0.00091950743721814 0.0345154769454417
v -0.0669182953993257 -0.0001714422269201 0.0344990931190753
v -0.0653691113235979 -0.000200649429532844 0.0345034479833368
v -0.0666128067423243 -0.00099407108973183 0.0345175146791894
v -0.0667214212889749 -0.000919581710181641 0.0345154732201515
v -0.0667560888349733 -0.00081556283225154 0.0345141991708979
v -0.0668491912752906 -0.000822782851154162 0.0345144003365695
v -0.0652381524892943 -2.00159524832758e-05 0.0345010339952774
v -0.0691048914448059 0.00603003890181912 0.0339501008253522
v -0.0639704885566034 0.00603003890181912 0.0339501008253522
v -0.0686925912813713 0.0034846194594559 0.0295072005054235
v -0.064059388870133 0.0034846194594559 0.0295072005054235
v -0.0656672164564032 -0.00099408168352443 0.0292824760984821
v -0.0655237928027454 -0.00081556283225154 0.029285799057354
v -0.0641899900766248 -1.11004983894476e-19 0.0292999980010093
v -0.0668907133543469 -3.64615385639902e-05 0.029303231552916
v -0.0653252795649242 -4.13602472328712e-06 0.0293001097597157
v -0.0640771883043454 0.00322954957181915 0.0293563988948673
v -0.0669844788962318 -2.48005295896957e-06 0.0292999477095914
v -0.0686099867074439 0.00322954957181915 0.0293563988948673
v -0.0680860917655944 -1.58247972845876e-10 0.0292999980010093
v -0.0654370233549273 -8.63033718754296e-05 0.0292984035767972
v -0.066613291029986 -0.000994032323435833 0.0292824369829348
v -0.0668071476556755 -0.000170796485784643 0.0292922121444595
v -0.0668491912752906 -0.000822782851154162 0.0292855997543275
v -0.0667214883441896 -0.000919423094330904 0.0292837222080591
v -0.0668972922159667 -0.000273562953329998 0.0292951998272121
v -0.0667560888349733 -0.00081556283225154 0.029285799057354
v -0.0654684871517791 -0.000182568968778303 0.0292967998393595
v -0.0655584901510615 -0.000919619603362863 0.0292836942683825
v -0.0654307872199604 -0.000822782851154162 0.0292855997543275
v -0.0653826937298637 -0.000273562953329998 0.0292951998272121
v -0.0654595688082243 -0.00014708303774963 0.0293021940595911
v -0.065409612673275 -5.47750190999864e-05 0.0293012441105862
v -0.0654255867155317 -0.000227926961182018 0.0293039989627004
v -0.0654067143978841 -0.000547441916000786 0.029309601799184
v -0.0653095960952644 -1.88390474271556e-06 0.0292998638905615
v -0.0640771883043454 -0.00322954957181915 0.0293563988948673
v -0.0641899900766248 -1.11004983894476e-19 0.0292999980010093
v -0.0654819950522508 -0.00130862686904559 0.0293229066731876
v -0.0655616939002081 -0.00142072980025936 0.0293247991206169
v -0.0656831457951835 -0.00149117526141904 0.0293259558232287
v -0.0675620925156331 -0.00322954957181915 0.0293563988948673
v -0.0667172936679813 -0.00142160978353696 0.0293247991206169
v -0.0668035937292965 -0.00129629127067799 0.0293225117924248
v -0.0665986133885467 -0.00149123696152978 0.0293259558232287
v -0.0668972922159667 -0.000273395955577423 0.0293047999000966
v -0.0680860917655944 -1.58247972845876e-10 0.0292999980010093
v -0.0669562933543208 -3.95758234595456e-06 0.0292998843796577
v -0.066811491343472 -0.000182568968778303 0.0292967998393595
v -0.0668452573693617 -8.36350094326788e-05 0.0292896174798246
v -0.070002291383098 0.00995470797489451 0.0145246997954391
v -0.0667717872057918 0.0104778988369897 0.0145246997954391
v -0.0701057873816933 0.0105936985361595 0.0145302998379551
v -0.0701057873816933 0.0105936985361595 0.0145302998379551
v -0.0701083876339077 0.0106099976099431 0.0143875001507811
v -0.0667717872057918 0.0104778988369897 0.0145246997954391
v -0.0635271939828199 0.0103801984578535 0.0143875001507811
v -0.0665422870082011 0.00872725854457333 0.0299058996907048
v -0.0635887879228089 0.00862411831114484 0.0299058996907048
v -0.0596955621574919 -0.00500000235187244 0.0812639054373523
v -0.0589193868715032 -0.00500000235187244 0.0823040064654348
v -0.0609965301801491 -1.13843250021997e-09 0.0807889234843345
v -0.0595908479891629 1.59313470366328e-09 0.0813389998375103
v -0.0609970070172314 -0.00500000235187244 0.0807955843032393
v -0.0590395870691376 -1.51865928969333e-09 0.0839617159077141
v -0.0588542390051352 3.26984898171595e-09 0.082534750941364
v -0.0592661480131507 -0.00500000048922758 0.084306379758424
v -0.0588898900276159 -0.00499999955790516 0.0834636595071034
v -0.0597858445535022 -1.83717101149883e-09 0.0847905184747907
v -0.0601258331184654 -0.00499999816092152 0.084989791698982
v -0.0609996594235017 -0.00499999862658273 0.0851566921512031
v -0.0609968244780359 -3.21662667474523e-09 0.085201611700618
v -0.0714717095556539 0.018891279372145 0.0136623975561023
v -0.0713998859701338 0.0182962816883335 0.0134908442164024
v -0.0629164923402552 0.0179992978677295 0.0134999991171062
v -0.0629240025243013 0.0183030337759245 0.0135421153856341
v -0.0715143045181454 0.0192928320747795 0.0143083647420623
v -0.0631522435739716 0.0189594000196979 0.0140825432371525
v -0.0632280532194764 0.0190108108802773 0.0145920455919494
v -0.0715149899714512 0.0192944972792779 0.014606199832122
v -0.0601087824674838 -0.00499999955790516 0.00503119628806718
v -0.0591198745128683 3.15705272735065e-10 0.0058644398667416
v -0.0599932798601679 -7.21184802528264e-11 0.00508790125873905
v -0.0591799187323399 -0.00499999909224394 0.0057690300620564
v -0.0609989925966444 -0.00499999909224394 0.00482967904218258
v -0.0609983369456562 -1.79914743327099e-09 0.0048182573023828
v -0.0594367886333962 -0.00499999955790516 0.00854351911224009
v -0.0588234159581128 -0.00499999909224394 0.00720036153419997
v -0.0588350984666289 3.17986974976453e-10 0.00729612431013306
v -0.060996064518936 -0.00499999629827666 0.00921287273884849
v -0.0609967872251388 -3.43552864752767e-09 0.00920316463254769
v -0.0594960877949267 7.79849463532646e-11 0.00860020033418684
v 0.0550448620605073 -0.0814565663001342 0.0495869506242808
v 0.0551271909629966 -0.0809486901040179 0.0491233010040976
v 0.0551271909629966 -0.0809486901040179 0.0454948012792736
v 0.0552533926023464 -0.0801690912767899 0.0454948012792736
v 0.0551496917128172 -0.0808099826671271 0.0505052011347144
v 0.0552533926023464 -0.0801690912767899 0.0505052011347144
v 0.0550223911130044 -0.0815957878270043 0.0485967982874036
v 0.0550774918730369 -0.0812553857548839 0.0488331008963339
v 0.0551348911368177 -0.0809011852096947 0.0502719011096976
v 0.0551046306085407 -0.0810875912559733 0.0499605935075746
v 0.054961091470902 -0.0819742847116521 0.0484143000450514
v 0.0549616279126196 -0.0819707754887496 0.0492592405693403
v 0.0542752917131663 -0.0862084862437041 0.0454948012792736
v 0.0544174934718007 -0.0853302864485537 0.0454948012792736
v 0.0545117917301134 -0.0847482844378794 0.0481146004472389
v 0.0544382917642259 -0.0852020843286321 0.0505052011347144
v 0.0542959894227695 -0.0860802841237826 0.0505052011347144
v 0.0548698926536242 -0.0825370865791848 0.0505052011347144
v 0.0547274934546354 -0.0834162847519763 0.0505052011347144
v 0.054582989466963 -0.0843086853514837 0.0489034977055304
v 0.0548906909460494 -0.0824088844592632 0.0454948012792736
v 0.0546541909291023 -0.0838690862650879 0.0481146004472389
v 0.054582989466963 -0.0843086853514837 0.0473267984242708
v 0.0547482917470606 -0.0832880900826341 0.0454948012792736
v 0.0623120901625824 -0.036587694423022 0.0604947978147537
v 0.0623120901625824 -0.036587694423022 0.0613493980165705
v 0.0618638893822569 -0.0393549923530693 0.0604947978147537
v 0.0621752379199649 -0.0374325081718327 0.0644323811434422
v 0.0622145918804127 -0.0371895932060128 0.0653281867803293
v 0.0622530964748077 -0.036951785612379 0.0651233330713957
v 0.0621459385164319 -0.0376129947327695 0.0646346867538686
v 0.0621054148150166 -0.037863665751756 0.0647187442022842
v 0.0620658149854482 -0.0381083092519991 0.0646926373684562
v 0.0620561143310554 -0.0381682975921252 0.0654896408582559
v 0.0619574016044418 -0.0387777512626385 0.0652470648606032
v 0.0622974907522269 -0.0366780960283029 0.0634893015737242
v 0.061921094930973 -0.0390014921623447 0.0650180042158513
v 0.0620100958273246 -0.038452157217097 0.0643476158898856
v 0.0618802396787739 -0.0392539177927824 0.064391246488886
v 0.0618742903911143 -0.0392906938527541 0.0641319960922301
v 0.0620002312601847 -0.0385135797937596 0.0640011937021942
v 0.0618953196515013 -0.0391607780995681 0.0647198394376075
v 0.0622135413487158 -0.0371962130458193 0.0625464008179366
v 0.0621478272383126 -0.0376022323708106 0.0633590803289619
v 0.0620860917373147 -0.0379833369582522 0.0616364837817143
v 0.0621798274768819 -0.0374047659393966 0.0637561366612582
v 0.0620347833222023 -0.0382993272069331 0.0645929858551997
v 0.0620044408375518 -0.0384872680725704 0.0654086903018797
v 0.062112150138804 -0.0378221175956717 0.0655049443504599
v 0.0622911503091483 -0.0367171184379669 0.0647594318220146
v 0.0623094861850783 -0.0366036349376714 0.064357800833334
v 0.0621658464646176 -0.037490570537181 0.0654566720398514
v 0.0621858996991017 -0.0373671144363441 0.0641198292943873
v 0.0623116058749207 -0.0365905889731231 0.0639257416741756
v 0.0622695399035673 -0.0368498952136467 0.063060550472277
v 0.061995157415606 -0.0385444102913615 0.0622452148293283
v 0.0619234306876182 -0.0389875335018186 0.0616387189558434
v 0.0620577907114228 -0.0381576954176236 0.0613493980165705
v 0.0618792524770019 -0.0392600570702169 0.0610262104639513
v 0.0612300909435187 -0.0432680925389646 0.0604947978147537
v 0.0613723895596855 -0.0423898927438141 0.0604947978147537
v 0.061250889235944 -0.0431398941443327 0.0655051976701945
v 0.0618247924667987 -0.0395966928744452 0.0655051976701945
v 0.0616822926849878 -0.0404758947725264 0.0655051976701945
v 0.0616089901594547 -0.0409286925603484 0.0631147012908451
v 0.0614665909604659 -0.0418078944584296 0.0631147012908451
v 0.0613930909945784 -0.0422616943491823 0.0655051976701945
v 0.0615377924226052 -0.0413682953720338 0.0639035016915909
v 0.0615377924226052 -0.0413682953720338 0.0623267986850411
v 0.0617030909774131 -0.0403476926526048 0.0604947978147537
v 0.0618454901764019 -0.0394684944798133 0.0604947978147537
v 0.0623093036458827 -0.0366045550842286 0.0317399122177084
v 0.0620354911272463 -0.0382956950494703 0.0304832004647732
v 0.0620314827155233 -0.0383205427318054 0.0314616404892137
v 0.0619458010522992 -0.03884968288156 0.0308390699884503
v 0.0619121356092315 -0.0390572485733654 0.0311485689621738
v 0.0620174458239134 -0.0384071333657176 0.0316748761011315
v 0.0620107179507054 -0.0384485362355034 0.0319343164875883
v 0.0618918439562062 -0.0391825226155785 0.0315075509658258
v 0.0618846913999718 -0.0392265927927933 0.0318031005903385
v 0.0620563005955407 -0.0381669564878312 0.0312900312701606
v 0.0619939019929752 -0.0385524569171252 0.0305920906977633
v 0.0620783543105966 -0.0380307226433048 0.0312297448986081
v 0.0622738910419432 -0.0368235946683266 0.0311038990072034
v 0.0622461152818998 -0.0369949617200646 0.0330791652259417
v 0.0621758265157383 -0.0374294273572463 0.0321318015724763
v 0.0621675638231718 -0.0374803893204161 0.0324295528435062
v 0.0622005065600366 -0.0372765489183162 0.0332401424667207
v 0.0621262652614977 -0.0377342827149978 0.0337249405594556
v 0.0621512321531033 -0.0375804058984266 0.0326355315900848
v 0.0621521262226326 -0.0375754140102214 0.0345198243591228
v 0.0622121518156557 -0.0372047737615623 0.0352715432210667
v 0.0622892913895853 -0.0367281937242611 0.0344333007685847
v 0.0622909156158969 -0.0367157847842524 0.034162420015877
v 0.0622835916963361 -0.0367634945695094 0.0339095994701326
v 0.0622789835129705 -0.0367916167814955 0.0346944696897014
v 0.0621643079199692 -0.0375006139182267 0.0343373894467043
v 0.0621631903330576 -0.0375074088466494 0.0354375943071188
v 0.0621322108238675 -0.037698266614126 0.0346441112165724
v 0.0620460448729817 -0.0382301634782627 0.0354813664671473
v 0.0620209475962364 -0.0383854894325293 0.0344893365840017
v 0.0620432322792541 -0.0382482832873898 0.0346264235386307
v 0.0619459537891771 -0.0388484498106675 0.0351319454208326
v 0.062005070411512 -0.0384834869035194 0.0342554703148722
v 0.0618945075383455 -0.0391657960648013 0.034489548925544
v 0.0618845908171498 -0.0392269951240815 0.0341970987424903
v 0.0620004920304641 -0.0385113930487026 0.0340652979746767
v 0.0619141025621959 -0.0390447576769832 0.0348271347248449
v 0.0622326856125118 -0.0370777488331876 0.0333987802252446
v 0.0619917450502358 -0.0385654507276176 0.0353585809016545
v 0.0621075866589149 -0.0378502398076577 0.0355051226428496
v 0.0620710639186431 -0.0380759811879357 0.034709609269136
v 0.0621068676780017 -0.0378544158574175 0.034705749868473
v 0.0622521502512225 -0.0369579397909723 0.0350049018486238
v 0.0622676698081352 -0.0368619502511334 0.0336707487626951
v 0.0621628401558253 -0.0375092565903433 0.0340452894409309
v 0.0621500884891637 -0.0375874019924934 0.0338663600266048
v 0.0620541920815674 -0.0381799912765104 0.0336221001977749
v 0.06208817417426 -0.037970112179798 0.0336334325306095
v 0.0620403898832089 -0.0382653935430066 0.0327578999230735
v 0.0620850225791693 -0.0379897742588631 0.0328378148487699
v 0.0621239593071701 -0.0377492099508473 0.0327917926134513
v 0.0623112743241369 -0.0365924218156581 0.0322529144826625
v 0.0622954455681787 -0.0366903894843307 0.0326428331589065
v 0.0622751613657328 -0.0368152760964144 0.0328784093362448
v 0.0622948606976949 -0.036694166928092 0.0313684970579632
v 0.0621726898218064 -0.0374487131820511 0.0317920737313016
v 0.0621632536629826 -0.0375077403974332 0.0315703519082736
v 0.062246074303713 -0.0369957216791645 0.0308651488826018
v 0.062198655091053 -0.0372880190853191 0.0306104601038144
v 0.0621441429267939 -0.0376250944737326 0.0313724980196543
v 0.0621235569758819 -0.0377521752814528 0.0312668823167633
v 0.0621425075246133 -0.0376348659086299 0.0304599211262184
v 0.0621023526268788 -0.0378830149064858 0.0312215194578129
v 0.0620805149786257 -0.0380172966992066 0.0304294948183858
v 0.0615377924226052 -0.0413682953720338 0.0339035011700503
v 0.0612300909435187 -0.0432680925389646 0.0304947991558582
v 0.061250889235944 -0.0431398941443327 0.0355052008739441
v 0.0618247924667987 -0.0395966928744452 0.0355052008739441
v 0.0613930909945784 -0.0422616943491823 0.0355052008739441
v 0.0616822926849878 -0.0404758947725264 0.0355052008739441
v 0.0613723895596855 -0.0423898927438141 0.0304947991558582
v 0.0617030909774131 -0.0403476926526048 0.0304947991558582
v 0.0618454901764019 -0.0394684944798133 0.0304947991558582
v 0.0614665909604659 -0.0418078944584296 0.0331146001864686
v 0.0616089901594547 -0.0409286925603484 0.0331146001864686
v 0.0615377924226052 -0.0413682953720338 0.0323267981635005
v 0.0614400892495017 -0.0207992218850166 0.0814054292126276
v 0.0609999946995751 -0.0217913969187037 0.0830000024363398
v 0.0610006466252736 -0.0207996000019217 0.081345764964541
v 0.0626570706157507 -0.020798054006694 0.0830015596076497
v 0.0623806652954793 -0.0207992162970821 0.0820889529118921
v 0.0625733857078087 -0.0207992237476615 0.0824896823803406
v 0.0621414644434958 -0.0207997844037622 0.0818063672973282
v 0.0618490776303882 -0.0207992349235306 0.0815805849079657
v 0.0624557932129681 -0.0207992479620446 0.0837840940702536
v 0.0625915353192534 -0.0207997844037622 0.0834399815624956
v 0.0622435858101898 -0.0207997844037622 0.0840865056793427
v 0.0619725523576736 -0.0207992256103063 0.0843377392514555
v 0.0615816539835965 -0.0207992162970821 0.0845481436428097
v 0.0610034964718982 -0.0207973368884257 0.084661139145617
v -0.0701059959979169 0.0105973260370102 0.0143849315631777
v -0.0635362166344863 0.0103687711316822 0.0143833455208686
v -0.06344929817508 0.0106026941794756 0.013832077074824
v -0.0701571889290484 0.0108647664476055 0.013773659867637
v -0.0633329275752628 0.0110296282121955 0.0135564558903175
v -0.0632866222242247 0.0113654081311139 0.0134970775582549
v -0.070308189821967 0.0116105685153037 0.0134919897431435
v -0.0620464919077463 -0.0382273955880116 0.0363374977632426
v -0.0622124908170189 -0.0372027956327287 0.0344999983645976
v -0.0618669888232918 -0.0371468939354095 0.0344999983645976
v -0.0617009899140192 -0.0381713933078703 0.0363374977632426
v -0.0622124908170189 -0.0372027956327287 0.0344999983645976
v -0.0623527889526138 -0.0363364944128973 0.0344999983645976
v -0.0620072906841764 -0.0362804958580458 0.0344999983645976
v -0.0618669888232918 -0.0371468939354095 0.0344999983645976
v -0.0617712898560498 -0.03773779566319 0.0371147013355486
v -0.0621167918497769 -0.0377936936352195 0.0371147013355486
v -0.0620072906841764 -0.0362804958580458 0.0344999983645976
v -0.0623527889526138 -0.0363364944128973 0.0344999983645976
v -0.0623319906601886 -0.0364646928075292 0.0394999972097576
v -0.0621167918497769 -0.0377936936352195 0.0371147013355486
v -0.0619864923917512 -0.0364086942526776 0.0394999972097576
v -0.0617712898560498 -0.03773779566319 0.0371147013355486
v -0.0621916925245936 -0.0373309940273606 0.0394999972097576
v -0.0618461905308665 -0.037274995472509 0.0394999972097576
v -0.0619864923917512 -0.0364086942526776 0.0394999972097576
v -0.0623319906601886 -0.0364646928075292 0.0394999972097576
v -0.0621916925245936 -0.0373309940273606 0.0394999972097576
v -0.0620464919077463 -0.0382273955880116 0.037892899560342
v -0.0617009899140192 -0.0381713933078703 0.037892899560342
v -0.0618461905308665 -0.037274995472509 0.0394999972097576
v -0.0619014924565432 -0.0391227950457319 0.0394999972097576
v -0.061555990462816 -0.0390667927655906 0.0394999972097576
v -0.0617009899140192 -0.0381713933078703 0.037892899560342
v -0.0620464919077463 -0.0382273955880116 0.037892899560342
v -0.0617609894300144 -0.0399900946432043 0.0394999972097576
v -0.061415491161577 -0.0399341929458851 0.0394999972097576
v -0.061555990462816 -0.0390667927655906 0.0394999972097576
v -0.0619014924565432 -0.0391227950457319 0.0394999972097576
v -0.0617609894300144 -0.0399900946432043 0.0394999972097576
v -0.0619762925485378 -0.038661093815514 0.0371147013355486
v -0.0616307905548107 -0.0386050952606624 0.0371147013355486
v -0.061415491161577 -0.0399341929458851 0.0394999972097576
v -0.0619762925485378 -0.038661093815514 0.0371147013355486
v -0.0617402917204112 -0.0401182930378362 0.0344999983645976
v -0.0613947897266841 -0.0400623950658067 0.0344999983645976
v -0.0616307905548107 -0.0386050952606624 0.0371147013355486
v -0.0618806904388282 -0.0392509934403637 0.0344999983645976
v -0.0615351921703908 -0.0391949948855122 0.0344999983645976
v -0.0617402917204112 -0.0401182930378362 0.0344999983645976
v -0.0613947897266841 -0.0400623950658067 0.0344999983645976
v -0.0618806904388282 -0.0392509934403637 0.0344999983645976
v -0.0620464919077463 -0.0382273955880116 0.0363374977632426
v -0.0617009899140192 -0.0381713933078703 0.0363374977632426
v -0.0615351921703908 -0.0391949948855122 0.0344999983645976
v -0.0609794907050366 -0.0426263927607613 0.0355390004320666
v -0.061324988973474 -0.0426822944580805 0.0344999983645976
v -0.0609794907050366 -0.0426263927607613 0.0344999983645976
v -0.061324988973474 -0.0426822944580805 0.0355390004320666
v -0.0614495924635402 -0.0419130929144203 0.0344999983645976
v -0.061324988973474 -0.0426822944580805 0.0344999983645976
v -0.0611040904698131 -0.0418571949423908 0.0344999983645976
v -0.0609794907050366 -0.0426263927607613 0.0344999983645976
v -0.0611040904698131 -0.0418571949423908 0.0355390004320666
v -0.0614495924635402 -0.0419130929144203 0.0355390004320666
v -0.0611040904698131 -0.0418571949423908 0.0344999983645976
v -0.0614495924635402 -0.0419130929144203 0.0344999983645976
v -0.0617194897026962 -0.0402464951577577 0.0355390004320666
v -0.0614495924635402 -0.0419130929144203 0.0355390004320666
v -0.0613739914342588 -0.0401905934604385 0.0355390004320666
v -0.0611040904698131 -0.0418571949423908 0.0355390004320666
v -0.0617194897026962 -0.0402464951577577 0.0363801001821436
v -0.0613739914342588 -0.0401905934604385 0.0363801001821436
v -0.0613739914342588 -0.0401905934604385 0.0355390004320666
v -0.0617194897026962 -0.0402464951577577 0.0355390004320666
v -0.0614332905957894 -0.0420132920316264 0.0394999972097576
v -0.061087792327352 -0.0419572934767748 0.0394999972097576
v -0.0613739914342588 -0.0401905934604385 0.0363801001821436
v -0.0617194897026962 -0.0402464951577577 0.0363801001821436
v -0.0609794907050366 -0.0426263927607613 0.0394999972097576
v -0.061324988973474 -0.0426822944580805 0.0394999972097576
v -0.061087792327352 -0.0419572934767748 0.0394999972097576
v -0.0614332905957894 -0.0420132920316264 0.0394999972097576
v -0.061324988973474 -0.0426822944580805 0.0363830990407668
v -0.0609794907050366 -0.0426263927607613 0.0363830990407668
v -0.0609794907050366 -0.0426263927607613 0.0394999972097576
v -0.061324988973474 -0.0426822944580805 0.0394999972097576
v -0.0608963906675783 -0.0431391937898681 0.0363830990407668
v -0.0612418926613054 -0.0431950954871873 0.0363830990407668
v -0.0609794907050366 -0.0426263927607613 0.0363830990407668
v -0.061324988973474 -0.0426822944580805 0.0363830990407668
v -0.0612418926613054 -0.0431950954871873 0.0355390004320666
v -0.0608963906675783 -0.0431391937898681 0.0355390004320666
v -0.0608963906675783 -0.0431391937898681 0.0363830990407668
v -0.0612418926613054 -0.0431950954871873 0.0363830990407668
v -0.061324988973474 -0.0426822944580805 0.0355390004320666
v -0.0609794907050366 -0.0426263927607613 0.0355390004320666
v -0.0612418926613054 -0.0431950954871873 0.0355390004320666
v -0.0608963906675783 -0.0431391937898681 0.0355390004320666
v -0.0550058955301889 -0.0816975925440734 0.0345035224891412
v -0.0550841936692169 -0.0812142883588539 0.0344351000837587
v -0.0547381552337722 -0.0811615382566255 0.0343904301287883
v -0.0548968935534089 -0.0823704692718211 0.0351119182606358
v -0.0545658568596079 -0.0822252574791047 0.0349384165941533
v -0.0548550660005967 -0.0826287585082552 0.0362029402806698
v -0.0545089307076197 -0.0825767236616502 0.0362027502908688
v -0.0549604842486801 -0.0797887466484482 0.0357961870179432
v -0.0549155758812815 -0.0800659752577445 0.0349778078128887
v -0.0553034902983045 -0.0798601902544183 0.0357986978635483
v -0.0552725852949086 -0.0800509474390729 0.0350559979292155
v -0.0551594147189483 -0.0807494616105732 0.0344916574398058
v -0.0548220971867039 -0.0806430151825312 0.0345101721321753
v -0.0547386916754898 -0.0811582898040024 0.0344351000837587
v -0.0550841936692169 -0.0812142883588539 0.0344351000837587
v -0.0549579920298671 -0.0798041916995668 0.0357986978635483
v -0.0548333922650907 -0.0805733895179373 0.0359285987333521
v -0.0553034902983045 -0.0798601902544183 0.0357986978635483
v -0.0551788905335281 -0.0806293880727888 0.0359285987333521
v -0.0550868050973004 -0.0811981951073266 0.0352034747182546
v -0.0547412472242277 -0.0811424945756515 0.0352063431917203
v -0.0548001664062083 -0.0807784890679577 0.0353720962545552
v -0.0548355939113066 -0.0805598369139891 0.0359266317801185
v -0.0551792407107604 -0.0806271379978068 0.0359282932595545
v -0.0551553169002724 -0.080774868086364 0.0354313767977496
v -0.0549906069412379 -0.0817922894083846 0.0361840567845689
v -0.0546633812188055 -0.081623205959236 0.035491245936798
v -0.0546462672378989 -0.0817289371316546 0.0361842616755308
v -0.0550100380523413 -0.0816720147049561 0.0355202063429309
v -0.0550859855335652 -0.0812030379839436 0.0351793683652721
v -0.0547409044975748 -0.0811445360344101 0.0352008185863312
v -0.0550131598451144 -0.0816528518147116 0.0368928565779435
v -0.0550910370264057 -0.0811715294836154 0.0371026500217024
v -0.0547455238568095 -0.0811160375681638 0.0371081634512209
v -0.0546734506768792 -0.0815609936211559 0.0369090764915404
v -0.0546442257791403 -0.0817409847185619 0.0361847422379685
v -0.0549915904177201 -0.0817857105467649 0.0361843622583666
v -0.0547463992998903 -0.0811103974795498 0.0371478750449149
v -0.0551942759800114 -0.0805346539555806 0.036800614666925
v -0.0548450337954201 -0.0805015137783614 0.036778143716347
v -0.0550912828955263 -0.081170143675845 0.0371105401863782
v -0.0551895932908517 -0.0805632865322563 0.0367727010673426
v -0.0552930930147368 -0.0799242875890894 0.0369025982118562
v -0.0549475910210097 -0.0798682890342379 0.0369025982118562
v -0.0548440912971246 -0.0805072879774047 0.0367727010673426
v -0.0552930930147368 -0.0799242875890894 0.0369025982118562
v -0.0552307912697037 -0.0803088864982747 0.0394350989289187
v -0.0548852930012663 -0.0802528879434231 0.0394350989289187
v -0.0549475910210097 -0.0798682890342379 0.0369025982118562
v -0.0548881912766571 -0.082424187949373 0.0394350989289187
v -0.0545426930082197 -0.0823681893945214 0.0394350989289187
v -0.0548852930012663 -0.0802528879434231 0.0394350989289187
v -0.0552307912697037 -0.0803088864982747 0.0394350989289187
v -0.0545426930082197 -0.0823681893945214 0.0394350989289187
v -0.0548881912766571 -0.082424187949373 0.0385908997373827
v -0.0545426930082197 -0.0823681893945214 0.0385908997373827
v -0.0548881912766571 -0.082424187949373 0.0394350989289187
v -0.0551361912629248 -0.0808927884066987 0.0385908997373827
v -0.0547906929944874 -0.0808367898518472 0.0385908997373827
v -0.0548881912766571 -0.082424187949373 0.0385908997373827
v -0.0545426930082197 -0.0823681893945214 0.0385908997373827
v -0.0551361912629248 -0.0808927884066987 0.0385908997373827
v -0.0551584908471014 -0.0807555859868489 0.03768790056509
v -0.054812992578664 -0.0806995874319974 0.03768790056509
v -0.0547906929944874 -0.0808367898518472 0.0385908997373827
v -0.0550675900529999 -0.0813164879566318 0.0378766014156505
v -0.0551618510584156 -0.080734657309284 0.0377250230820844
v -0.0547227772378683 -0.0812562425715161 0.0379218189882825
v -0.054812992578664 -0.0806995874319974 0.03768790056509
v -0.0545813689659412 -0.0821293834232466 0.0375065608879947
v -0.0550673441838794 -0.0813177992586081 0.0378955407911045
v -0.0549236225070451 -0.0822054240367132 0.03752863695781
v -0.0547214435841538 -0.0812644307582886 0.0379263824687961
v -0.0548682498008641 -0.0825474503351452 0.0368495389033212
v -0.0548570925581965 -0.0826164874039656 0.036203499074202
v -0.0545083272106874 -0.0825804862042526 0.0362045011772699
v -0.0545744883558553 -0.0821716878131411 0.0375360055818556
v -0.054927809732674 -0.0821795109215225 0.0374984770082278
v -0.0558171928475201 -0.0766882923347575 0.0344999983645976
v -0.0556512907957799 -0.0777127917072183 0.0363374977632426
v -0.055471690853793 -0.0766322863293265 0.0344999983645976
v -0.0553057925273425 -0.0776568900098991 0.0363374977632426
v -0.055957490983115 -0.0758218868068143 0.0344999983645976
v -0.0556119927146776 -0.0757659851094951 0.0344999983645976
v -0.0558171928475201 -0.0766882923347575 0.0344999983645976
v -0.055471690853793 -0.0766322863293265 0.0344999983645976
v -0.0557214901549884 -0.0772791903372483 0.0371147013355486
v -0.055375991886551 -0.0772231917823967 0.0371147013355486
v -0.0556119927146776 -0.0757659851094951 0.0344999983645976
v -0.055957490983115 -0.0758218868068143 0.0344999983645976
v -0.0559367932735119 -0.0759500889267359 0.0394999972097576
v -0.0555912912797848 -0.0758940903718844 0.0394999972097576
v -0.0557214901549884 -0.0772791903372483 0.0371147013355486
v -0.055375991886551 -0.0772231917823967 0.0371147013355486
v -0.0557964914126272 -0.0768164870040996 0.0394999972097576
v -0.0554509894189001 -0.0767604884492481 0.0394999972097576
v -0.0555912912797848 -0.0758940903718844 0.0394999972097576
v -0.0559367932735119 -0.0759500889267359 0.0394999972097576
v -0.0557964914126272 -0.0768164870040996 0.0394999972097576
v -0.0556512907957799 -0.0777127917072183 0.037892899560342
v -0.0553057925273425 -0.0776568900098991 0.037892899560342
v -0.0554509894189001 -0.0767604884492481 0.0394999972097576
v -0.0551607930761393 -0.0785522857423297 0.0394999972097576
v -0.0553057925273425 -0.0776568900098991 0.037892899560342
v -0.0555062913445767 -0.0786081874396489 0.0394999972097576
v -0.0556512907957799 -0.0777127917072183 0.037892899560342
v -0.0550202900496105 -0.0794195853398021 0.0394999972097576
v -0.0551607930761393 -0.0785522857423297 0.0394999972097576
v -0.0553657920433376 -0.0794755913452331 0.0394999972097576
v -0.0555062913445767 -0.0786081874396489 0.0394999972097576
v -0.0553657920433376 -0.0794755913452331 0.0394999972097576
v -0.0555809908537493 -0.0781464899347207 0.0371147013355486
v -0.0552354925853119 -0.0780905882374015 0.0371147013355486
v -0.0550202900496105 -0.0794195853398021 0.0394999972097576
v -0.0553449900256227 -0.0796037860145752 0.0344999983645976
v -0.0549994917571853 -0.0795477874597237 0.0344999983645976
v -0.0555809908537493 -0.0781464899347207 0.0371147013355486
v -0.0552354925853119 -0.0780905882374015 0.0371147013355486
v -0.0553449900256227 -0.0796037860145752 0.0344999983645976
v -0.0554854930521515 -0.0787363895595704 0.0344999983645976
v -0.0551399910584243 -0.0786804878622512 0.0344999983645976
v -0.0549994917571853 -0.0795477874597237 0.0344999983645976
v -0.0554854930521515 -0.0787363895595704 0.0344999983645976
v -0.0556512907957799 -0.0777127917072183 0.0363374977632426
v -0.0553057925273425 -0.0776568900098991 0.0363374977632426
v -0.0551399910584243 -0.0786804878622512 0.0344999983645976
v -0.0571689700964692 -0.0630423996817182 0.0484160844590645
v -0.0576628839067696 -0.0599922181526019 0.0488375302663997
v -0.0567444360816421 -0.0656632154952596 0.04733699826888
v -0.0540434296819023 -0.0666867611935558 0.0464205880518126
v -0.0560785219203537 -0.0697749742052746 0.0434536551657247
v -0.0533435967578463 -0.071007568260679 0.0395221515106674
v -0.0534698803535696 -0.0702281631485157 0.0419301679298989
v -0.0557729475816891 -0.071661334252238 0.0366431652759798
v -0.0533717711238882 -0.0708339101557721 0.0337751984497488
v -0.0562151580961683 -0.068930994921358 0.0293911856548968
v -0.0541375155987018 -0.0661059512755873 0.0271581926832007
v -0.0537872415088621 -0.068268578807103 0.0290536352458529
v -0.05655048632371 -0.0668608439814891 0.027435350549921
v -0.0569511673085534 -0.064386923791611 0.0260419374098941
v -0.0546585979468237 -0.0628884334581942 0.0255924904586563
v -0.0576631931058152 -0.0599909888069991 0.0251992991149582
v -0.0551926256766719 -0.0595913471779834 0.0251597663351946
v -0.0573943203213281 -0.0616506612500993 0.0252924164691772
v -0.0559652060580949 -0.0704746283154248 0.0317933850334573
v -0.0535211589663644 -0.0699113272590716 0.0314217016528166
v -0.0532962967544569 -0.0712995415666292 0.0366386464989488
v -0.0558296166886876 -0.0713114699442659 0.0341558039004548
v -0.0558370076634631 -0.0712661257179718 0.0402060961677261
v -0.0537124749444748 -0.0687300602452282 0.0443963473052603
v -0.0563737809318241 -0.0679519366327236 0.0456506003666535
v -0.0544432314983753 -0.0642181756185358 0.0478831891443612
v -0.0551926927318866 -0.0595907921098173 0.0488224987203814
v -0.0548879863857233 -0.0614725700504431 0.0486953843676585
v -0.0535670545355349 -0.069627981724079 0.0262957470201906
v -0.0534652907966525 -0.0702562890857914 0.0276179996665269
v -0.0535250593446859 -0.0698875673613306 0.0277760600050674
v -0.0536952268531388 -0.0688370356644084 0.0279250101463867
v -0.053409165581951 -0.0706031731619992 0.0274149471354124
v -0.0538627047024244 -0.0678029771985636 0.0276794073504342
v -0.0537807259771674 -0.068308878991136 0.027850750211237
v -0.0533426430836817 -0.0710134318666753 0.0270694413691139
v -0.0532875423236492 -0.0713537370812633 0.0266538833829637
v -0.0538179304454552 -0.0680791627267423 0.0261465770867487
v -0.0534671757932435 -0.0702446810830694 0.0256663294360117
v -0.0534839172451795 -0.0701412968431652 0.024154252764115
v -0.0532536906160962 -0.0715630536592302 0.0237022614396603
v -0.0533215355922109 -0.0711439287650553 0.0230671609252581
v -0.0534136694572048 -0.0705752856432646 0.0225622891061986
v -0.0536434527768132 -0.069156836884458 0.022075036047212
v -0.0536959607352108 -0.0688320139738856 0.02355502493184
v -0.0541176151010956 -0.066228878385286 0.0240572834598135
v -0.0541410657997911 -0.0660838081535784 0.02478576582404
v -0.0541375491263092 -0.0661060332319608 0.0254053039385683
v -0.0540047239218632 -0.0669262749698747 0.0270718926100755
v -0.0539382163247528 -0.0673365783780272 0.0274166291039445
v -0.0541176672551515 -0.0662283866470449 0.0259313856974679
v -0.0538942094774629 -0.0676080104365419 0.0254761459199455
v -0.0539057243479423 -0.0675372373827187 0.0250702550619038
v -0.053862987824442 -0.0678007941787962 0.0258413212185803
v -0.0540827761917707 -0.0664437977989698 0.0264252567345219
v -0.0540469910588607 -0.0666648937429852 0.0267632001616835
v -0.053749940183042 -0.0684990028765406 0.0263745126938556
v -0.0536300678109017 -0.0692391136328914 0.0264253703558735
v -0.0536847736902255 -0.0689013267141442 0.0264526860463764
v -0.0536090758034118 -0.0693686494065275 0.0278998942397558
v -0.0535055686289473 -0.0700075216898444 0.0260037531851883
v -0.0534456436187463 -0.0703779644981491 0.0252755073768905
v -0.0532455694845385 -0.0716129129366473 0.0261823082078477
v -0.0532239926065648 -0.0717459877355035 0.0257994992479794
v -0.0532102537381313 -0.0718310584512159 0.0254062501622829
v -0.0532066253059583 -0.0718535144975601 0.024785817978103
v -0.0534420263624423 -0.0704000778178404 0.0249302214027147
v -0.0532221932916371 -0.0717572902644697 0.0242420001124889
v -0.0534506727598486 -0.0703464634484003 0.0245911026464901
v -0.0535391297639032 -0.0698006489019242 0.0238146720719038
v -0.0535876628381851 -0.0695012548188808 0.0236521693247817
v -0.0535232637550479 -0.0698987059775497 0.0222243605801978
v -0.0536407556670665 -0.0691729673888824 0.0235605141469721
v -0.0537653964100297 -0.0684037025152972 0.0221252063931851
v -0.0537604790276185 -0.0684336687456874 0.0236466503073279
v -0.0538813237003719 -0.0676877837902932 0.0223717311984659
v -0.0539829458782455 -0.0670601171784102 0.0227967942626001
v -0.0538347724802133 -0.0679751302864294 0.0239448970419564
v -0.0540636468291335 -0.0665620980988544 0.0233726254096785
v -0.0538749311032375 -0.0677272644105911 0.0242748143313494
v -0.0539003971836636 -0.067569997580388 0.0246564703138961
v -0.0571668764836548 -0.0474023445482208 0.0496898058871223
v -0.0565627276256819 -0.0511322759645914 0.0517758156707328
v -0.0564840495071039 -0.0516182958860061 0.0515586610535086
v -0.0565506576870364 -0.0512068711656523 0.0500547353166028
v -0.05664696760179 -0.0506123335551193 0.0518996107898739
v -0.0566895253113845 -0.0503496633779917 0.0504449743678054
v -0.0567417128948674 -0.0500268148709631 0.0519237320440173
v -0.0567978455601484 -0.0496803741042303 0.0503478076231224
v -0.0568556061770305 -0.0493235882079855 0.0501465935227291
v -0.0564126655057691 -0.0520588598224355 0.0512530792224464
v -0.05626786722021 -0.0529528734723854 0.0499312829241615
v -0.0569599515416787 -0.0486798693227619 0.0514859359379276
v -0.0567007160816595 -0.0502803506377331 0.0475473095279788
v -0.0566249474143414 -0.0507480905625634 0.0476460818727445
v -0.0565593636890779 -0.0511530481799887 0.0479006719313411
v -0.0563807658500217 -0.0522553837555541 0.0469280806125384
v -0.0570083989342974 -0.0483804864155876 0.0467319627091595
v -0.0567927977925975 -0.0497114355697939 0.0461143282179312
v -0.0569380952669772 -0.0488145124685841 0.0486560974570491
v -0.0568798578130127 -0.0491744760369476 0.0479958754480807
v -0.0569126738900275 -0.0489716898918343 0.0482747767506217
v -0.0565228036959091 -0.0513785772187534 0.0463205342072129
v -0.0564808383073778 -0.0516380808996314 0.0487924319030546
v -0.0569320118688883 -0.0488524061154674 0.0494761344162493
v -0.0562439918384881 -0.0531003912194294 0.049000001348555
v -0.0562479853490522 -0.0530756217681782 0.0494047615810164
v -0.0571254251851028 -0.047657988828964 0.0503749910658227
v -0.0570543354816547 -0.0480968465827084 0.0509987834617767
v -0.056900793941157 -0.0490452233853291 0.0498413506930764
v -0.0568508340809179 -0.0493531744588258 0.0517987001285247
v -0.0567447266542391 -0.0500087025124155 0.0504394832900282
v -0.0566249958431076 -0.050748045859087 0.0503533210526409
v -0.0565105623939372 -0.0514544203918656 0.0497251812430058
v -0.0563516378098152 -0.0524355089633895 0.0508719708575613
v -0.0564851112146699 -0.051611556836929 0.0493439760205751
v -0.0563027731847495 -0.0527371940996017 0.0504254724735288
v -0.0562479406455758 -0.0530756329440474 0.048594589190306
v -0.0562678225167335 -0.0529532944301221 0.0480686042889519
v -0.0565098247865755 -0.0514591813121091 0.0482701126872723
v -0.0563026726019275 -0.0527381626749251 0.0475753088092362
v -0.0563384912624449 -0.0525167910594715 0.0472367991379619
v -0.0564472697218425 -0.0518450915232707 0.0465833608824753
v -0.0566047041900823 -0.0508731001092074 0.0461493571218247
v -0.0566917120564416 -0.0503356264863818 0.0460741882158625
v -0.0567554666644597 -0.0499422731463889 0.0475746717846094
v -0.0569054170256814 -0.0490165125775696 0.046331598319152
v -0.0568184277857707 -0.0495538334635173 0.0477042001253918
v -0.0570730923153214 -0.0479810943809823 0.0471444007647544
v -0.057124676401872 -0.0476626119134884 0.0476157580103928
v -0.0571668951101033 -0.0474019049640356 0.0483063448599053
v -0.0569434038048074 -0.0487816144351957 0.049069902694153
v -0.0571800230310251 -0.0473205371862903 0.0490025680735133
v -0.0675618093936155 -0.00323002128662809 0.0293512151535329
v -0.0640590833963771 -0.00349001437744114 0.0295035441330773
v -0.0640768232259542 -0.00323183922800433 0.0293355707972742
v -0.0674755614863562 -0.00349159227046198 0.0294999604038903
v -0.0670675156037651 -0.00602674481439712 0.0342728152661141
v -0.0671494943290221 -0.0057755396819991 0.034405036991722
v -0.0639881017263305 -0.00577558066018586 0.0344055324553207
v -0.0639701234782122 -0.00603446501165034 0.0339480109375415
v -0.0670610783031542 -0.00604643809276349 0.033945839093346
v -0.0639690505947771 -0.00605674550371711 0.0342472038958846
v -0.0639701234782122 0.00603447805016431 0.033948003486961
v -0.0639696317399711 0.00605065791467728 0.0342681288510234
v -0.0690225625423166 0.00577552804046878 0.0344049587606275
v -0.0639882134850216 0.00577517879455889 0.034401486790147
v -0.0691045934216295 0.00602666565199088 0.0342729121236597
v -0.0691110009199228 0.00604640689346221 0.0339458502692166
v -0.0686103815881526 0.00323019241712393 0.0293500770773721
v -0.0640766295108896 0.00323398196807675 0.029323744863486
v -0.0640592920126006 0.00348590026062274 0.0295063213369327
v -0.0686965251873002 0.00349186747623897 0.0295000907890478
v -0.0625211422449802 -0.00499999955790516 0.0845226999106399
v -0.0621675787243306 -0.00499999955790516 0.0841682236455032
v -0.0619324160863877 -0.00499999955790516 0.0843633021929122
v -0.0607037112334358 -0.00499999955790516 0.0851314421341245
v -0.0607703045122094 -0.00499999955790516 0.084635933832021
v -0.0603158489704686 -0.00499999955790516 0.085040410942426
v -0.0604756713494095 -0.00499999955790516 0.0845664571695076
v -0.0625100706839757 -0.00499999955790516 0.0836682747974632
v -0.063073572905973 -0.00499999955790516 0.0835911836417499
v -0.0601267905179196 -0.00499999955790516 0.0844058077542675
v -0.0598314346489169 -0.00499999955790516 0.084167284872369
v -0.062654664078601 -0.00499999955790516 0.0830010082646979
v -0.0631314490068361 -0.00499999955790516 0.0827023815504674
v -0.0631500158507278 -0.00499999955790516 0.0830983724497622
v -0.0626080010997512 -0.00499999955790516 0.082622518778834
v -0.0592804754773577 -0.00499999955790516 0.0843002330295689
v -0.0589900965954014 -0.00499999955790516 0.0837789904226588
v -0.0594891438549158 -0.00499999955790516 0.0836675818934832
v -0.0623630819280699 -0.00499999955790516 0.082066914094979
v -0.0618714479950691 -0.00499999955790516 0.0815933477522429
v -0.0608992926682588 -0.00499999955790516 0.0808498915839964
v -0.0588499586472637 -0.00499999955790516 0.0829017292804629
v -0.0605073363119054 -0.00499999955790516 0.0809045266902925
v -0.0595198290662192 -0.00499999955790516 0.0822600331397347
v -0.0608446836464674 -0.00499999955790516 0.0813525300915718
v -0.0597842352283495 -0.00499999955790516 0.081223910721602
v -0.0604761109335948 -0.00499999955790516 0.0814334210433046
v -0.0597288625221685 -0.00499999955790516 0.0819450449508791
v -0.0601949074401828 -0.00499999955790516 0.0815575551638553
v -0.0601299607394589 -0.00499999955790516 0.081031357920959
v -0.0599464008145152 -0.00499999955790516 0.081727771124368
v -0.0594788471541701 -0.00499999955790516 0.0814772826102983
v -0.0591669286471372 -0.00499999955790516 0.0818643328130766
v -0.058926420218467 -0.00499999955790516 0.082408776527447
v -0.0593917759578859 -0.00499999955790516 0.0826222133050364
v -0.0593500527131854 -0.00499999955790516 0.0829217713418207
v -0.0588685292164451 -0.00499999955790516 0.08329758606931
v -0.0593731681358074 -0.00499999955790516 0.0833038073039694
v -0.0596368515917349 -0.00499999955790516 0.0839332695916309
v -0.0596259253170289 -0.00499999955790516 0.0846564974340089
v -0.0599529424232378 -0.00499999955790516 0.0848803650242008
v -0.0611012070955811 -0.00499999955790516 0.0851500834863614
v -0.0611517369251451 -0.00499999955790516 0.0846475269351707
v -0.0614937408718388 -0.00499999955790516 0.0850951578074285
v -0.0615981868193091 -0.00499999955790516 0.0845425706086478
v -0.0618700174838222 -0.00499999955790516 0.0849686395011401
v -0.062215776522539 -0.00499999955790516 0.0847760717993362
v -0.0623622660896244 -0.00499999955790516 0.083933530361946
v -0.0628330831037514 -0.00499999955790516 0.0841356199055399
v -0.0626075689661454 -0.00499999955790516 0.0833785440762666
v -0.0630098853531695 -0.00499999955790516 0.0822209920982794
v -0.0625115309975403 -0.00499999955790516 0.0823333766534914
v -0.0623740901591493 -0.00499999955790516 0.0813435223398315
v -0.0627194990206338 -0.00499999955790516 0.0816997494913693
v -0.0621685249479158 -0.00499999955790516 0.0818325262852193
v -0.0620470693276507 -0.00499999955790516 0.0811196547496396
v -0.061524593721179 -0.00499999955790516 0.0814336371101371
v -0.06168416278042 -0.00499999955790516 0.0809596088314143
v -0.0612963340450601 -0.00499999955790516 0.0808685552879745
v -0.0612273603061647 -0.00499999955790516 0.0813636836104761
v -0.0618712989834809 -0.00499999955790516 0.00559325177759114
v -0.0625216488843801 -0.00499999955790516 0.00547798850436534
v -0.0623628546853978 -0.00499999955790516 0.00606658854931767
v -0.0615243068738716 -0.00499999955790516 0.0085661018215246
v -0.0622159888640522 -0.00499999955790516 0.00877594090008867
v -0.0621676420542556 -0.00499999955790516 0.00816817563396299
v -0.0611008084895826 -0.00499999955790516 0.00915010439269011
v -0.0612280234077322 -0.00499999955790516 0.00863566882232571
v -0.0630735431036554 -0.00499999955790516 0.00759129022975362
v -0.0606220491578037 -0.00499999955790516 0.00860822833460059
v -0.060923227654616 -0.00499999955790516 0.00865007545091043
v -0.0607029512743359 -0.00499999955790516 0.00913134196852128
v -0.0631500158507278 -0.00499999955790516 0.0070983980127037
v -0.062654664078601 -0.00499999955790516 0.00700106269863852
v -0.062607978748013 -0.00499999955790516 0.0066223734440869
v -0.0630099449578048 -0.00499999955790516 0.00622115270299123
v -0.0589900332654764 -0.00499999955790516 0.00777883903431507
v -0.0594892891412144 -0.00499999955790516 0.00766789942604528
v -0.0621681226166276 -0.00499999955790516 0.00583211738618946
v -0.0593731942128353 -0.00499999955790516 0.00730397815322924
v -0.0588685366670245 -0.00499999955790516 0.00729766285499193
v -0.0593500527131854 -0.00499999955790516 0.00692182903539026
v -0.0588499586472637 -0.00499999955790516 0.00690168685685798
v -0.0609218045939486 -0.00499999955790516 0.00535005412213383
v -0.0608992293383338 -0.00499999955790516 0.0048498910699064
v -0.0593917424302785 -0.00499999955790516 0.00662233386287837
v -0.0627751324970942 -0.00499999955790516 0.00578368023148894
v -0.0603332796010001 -0.00499999955790516 0.00548880535016644
v -0.0600045935650032 -0.00499999955790516 0.00567791272302167
v -0.0601305754122603 -0.00499999955790516 0.00503109477390882
v -0.0596784332754265 -0.00499999955790516 0.00600390867880191
v -0.0605071276956819 -0.00499999955790516 0.00490461930845783
v -0.0606225669730728 -0.00499999955790516 0.00539167632404693
v -0.0597839930845187 -0.00499999955790516 0.00522405782213678
v -0.0594062896865781 -0.00499999955790516 0.00554772593719379
v -0.0591196286437477 -0.00499999955790516 0.00595232877614359
v -0.0589264500207846 -0.00499999955790516 0.00640866937692457
v -0.0594893263941114 -0.00499999955790516 0.0063319172226209
v -0.0592248643526355 -0.00499999955790516 0.00821634084247781
v -0.0596369335481084 -0.00499999955790516 0.00793340505063373
v -0.0594783330641908 -0.00499999955790516 0.00852201114918266
v -0.0598313675937022 -0.00499999955790516 0.00816725362463473
v -0.0600654536229203 -0.00499999955790516 0.00836235545510749
v -0.0597845295262362 -0.00499999955790516 0.00877617093675946
v -0.0603317857598283 -0.00499999955790516 0.00851056519499648
v -0.0602209621163824 -0.00499999955790516 0.00901021601981931
v -0.0614928617034684 -0.00499999955790516 0.00909537894810634
v -0.0618694102616003 -0.00499999955790516 0.00896890348265535
v -0.0618699765056355 -0.00499999955790516 0.00840749665929012
v -0.0625936736355443 -0.00499999955790516 0.00845229048016018
v -0.0628803570301129 -0.00499999955790516 0.00804765970153377
v -0.0623622623643347 -0.00499999955790516 0.00793357827662874
v -0.0625101898932463 -0.00499999955790516 0.00766797905412363
v -0.062607561515566 -0.00499999955790516 0.00737855986032128
v -0.0631314415562566 -0.00499999955790516 0.00670231258416967
v -0.062511471392905 -0.00499999955790516 0.00633325553313071
v -0.0622154561476244 -0.00499999955790516 0.00522383244207876
v -0.0615242174669187 -0.00499999955790516 0.00543352250903422
v -0.0617790198321885 -0.00499999955790516 0.00498978456505124
v -0.0612276918569485 -0.00499999955790516 0.00536375247991638
v -0.0612971536087953 -0.00499999955790516 0.00486868050242929
v -0.0619762925485378 -0.038661093815514 0.0371147013355486
v -0.0619014924565432 -0.0391227950457319 0.0394999972097576
v -0.0620464919077463 -0.0382273955880116 0.037892899560342
v -0.0621167918497769 -0.0377936936352195 0.0371147013355486
v -0.0623527889526138 -0.0363364944128973 0.0344999983645976
v -0.0622124908170189 -0.0372027956327287 0.0344999983645976
v -0.0621916925245936 -0.0373309940273606 0.0394999972097576
v -0.0623319906601886 -0.0364646928075292 0.0394999972097576
v -0.0617609894300144 -0.0399900946432043 0.0394999972097576
v -0.0618806904388282 -0.0392509934403637 0.0344999983645976
v -0.0617402917204112 -0.0401182930378362 0.0344999983645976
v -0.0620464919077463 -0.0382273955880116 0.0363374977632426
v -0.0614495924635402 -0.0419130929144203 0.0363830990407668
v -0.0614495924635402 -0.0419130929144203 0.0344999983645976
v -0.061324988973474 -0.0426822944580805 0.0394999972097576
v -0.0614495924635402 -0.0419130929144203 0.0380622996822975
v -0.0612418926613054 -0.0431950954871873 0.0363830990407668
v -0.061324988973474 -0.0426822944580805 0.0363830990407668
v -0.0614495924635402 -0.0419130929144203 0.0355390004320666
v -0.061324988973474 -0.0426822944580805 0.0355390004320666
v -0.0612418926613054 -0.0431950954871873 0.0355390004320666
v -0.061324988973474 -0.0426822944580805 0.0344999983645976
v -0.0617194897026962 -0.0402464951577577 0.0355390004320666
v -0.0616008913796352 -0.0409786933987742 0.0363830990407668
v -0.0614332905957894 -0.0420132920316264 0.0394999972097576
v -0.0617194897026962 -0.0402464951577577 0.0363801001821436
v -0.055189526235637 -0.0805636218083298 0.0345893196480873
v -0.0552387447632247 -0.0802600777525545 0.0348263598644802
v -0.0551744499881993 -0.0806569030625529 0.0357453517076667
v -0.0552733117264011 -0.0800463429809971 0.035131189186919
v -0.0552953803426159 -0.0799103922584883 0.0355021982900307
v -0.0553034902983045 -0.0798601902544183 0.0357986978635483
v -0.0551788905335281 -0.0806293880727888 0.0359285987333521
v -0.0551571087646207 -0.0807639455369478 0.0354801780995687
v -0.0551257455505909 -0.080957198665705 0.0352872080664215
v -0.0551318401245489 -0.0809196700972128 0.034459739153242
v -0.055021359207756 -0.081602240028774 0.0354327849574509
v -0.055012861821938 -0.0816545132939202 0.03450142515075
v -0.0550259524899627 -0.0815729219987926 0.0369296102912066
v -0.0549696298349068 -0.0819215271588443 0.0377148530397969
v -0.0550011904892909 -0.0817266796060931 0.0366538978370898
v -0.0549923205745024 -0.0817809645276802 0.0363210580575229
v -0.054887092316194 -0.0824307891627309 0.0371089010586835
v -0.0549150953189095 -0.0822579059180828 0.0373979500517707
v -0.0551361912629248 -0.0808927884066987 0.0385908997373827
v -0.0548881912766571 -0.082424187949373 0.0385908997373827
v -0.0551580326364676 -0.0807580819309515 0.0369671723924464
v -0.0551153296405746 -0.0810216983316643 0.0370826452132468
v -0.0551211969718606 -0.0809856300767366 0.0378168440353085
v -0.0551584908471014 -0.0807555859868489 0.03768790056509
v -0.0552307912697037 -0.0803088864982747 0.0394350989289187
v -0.0552930930147368 -0.0799242875890894 0.0369025982118562
v -0.0551895932908517 -0.0805632865322563 0.0367727010673426
v -0.0548881912766571 -0.082424187949373 0.0394350989289187
v -0.0550703355915128 -0.0812990908537076 0.0370912767106754
v -0.0550762289998268 -0.0812632163138446 0.0378763816235278
v -0.0550285043134109 -0.0815578047731681 0.0378555348994836
v -0.0548678921730524 -0.0825499164769301 0.0367903552176724
v -0.0548594320401314 -0.0826019140706381 0.0359304054991065
v -0.0548571558881214 -0.0826160850726774 0.0363313473090973
v -0.0549931401382376 -0.0817763675201837 0.0359814978544079
v -0.0548921140067169 -0.0824001374790349 0.0352429739704063
v -0.0548712561096564 -0.0825289207441505 0.0355734370148159
v -0.0550013618526174 -0.0817257929871432 0.0356885857353675
v -0.0549235032977746 -0.082206362809719 0.0349170259777376
v -0.0549623543441122 -0.0819662604376267 0.0346683814823244
v -0.0550972880625314 -0.0811333154618174 0.0352166361685849
v -0.0550691472240968 -0.0813070480725183 0.0344352118424651
v -0.0550580123331674 -0.0813758243710594 0.0352430782785323
v -0.0556512907957799 -0.0777127917072183 0.037892899560342
v -0.055957490983115 -0.0758218868068143 0.0344999983645976
v -0.0558171928475201 -0.0766882923347575 0.0344999983645976
v -0.0559367932735119 -0.0759500889267359 0.0394999972097576
v -0.0553657920433376 -0.0794755913452331 0.0394999972097576
v -0.0555062913445767 -0.0786081874396489 0.0394999972097576
v -0.0557214901549884 -0.0772791903372483 0.0371147013355486
v -0.0557964914126272 -0.0768164870040996 0.0394999972097576
v -0.0554854930521515 -0.0787363895595704 0.0344999983645976
v -0.0553449900256227 -0.0796037860145752 0.0344999983645976
v -0.0556512907957799 -0.0777127917072183 0.0363374977632426
v -0.0555809908537493 -0.0781464899347207 0.0371147013355486
v -0.0536093961783264 -0.0693680906130717 0.0278997303269864
v -0.0522774337453203 -0.0691385606131633 0.0267099750777339
v -0.0535253052138065 -0.0698874556026394 0.0277758569767507
v -0.0522178104835854 -0.069504793844101 0.0265766935070598
v -0.0521647772593394 -0.0698338561343581 0.0263700479335327
v -0.0533428666010641 -0.0710134020643576 0.0270691731482184
v -0.0534276728212074 -0.0704936496446605 0.0274925337547242
v -0.0532878813250124 -0.0713530218256399 0.0266545408966867
v -0.0521057351427985 -0.0702017880974014 0.0259668895758638
v -0.0532374893311675 -0.0716675852883637 0.0260602323101409
v -0.0520663998087992 -0.0704441852479523 0.0253905052231884
v -0.0532105666624666 -0.0718306337681895 0.0254075931294055
v -0.0532061931723524 -0.0718559880899245 0.0249999998137355
v -0.0520597911448619 -0.0704799852820211 0.0249999998137355
v -0.0537808638128865 -0.0683093111247418 0.0278506030622735
v -0.0536954615463902 -0.0688367897952879 0.0279247586892972
v -0.0523522822660812 -0.0686759913904441 0.0267525588701838
v -0.0524264751358539 -0.0682177137014655 0.0266687100380202
v -0.052494264232623 -0.0677992295571199 0.0264647615746089
v -0.0538628313622743 -0.0678034763873841 0.0276793533337261
v -0.0525420596995432 -0.0675029349151114 0.0262107489359956
v -0.0540342058645918 -0.0667452333407718 0.0268704400911084
v -0.0539571258952974 -0.0672246259718006 0.0273403556494335
v -0.0540829065769104 -0.0664443044383697 0.0264256497526396
v -0.0525878621364711 -0.0672248271374447 0.0258334720320968
v -0.054137690687318 -0.0661064802667255 0.0254064774049861
v -0.0526127284452546 -0.0670664874238064 0.0253895366477325
v -0.0541177976402912 -0.0662289603416595 0.0259322201624761
v -0.0526207564445698 -0.0670212922091006 0.0250004598870771
v -0.0541414904828175 -0.0660812898577376 0.0249999998137355
v -0.0567936471586504 -0.049712407870407 0.0461152967933871
v -0.0569055883890079 -0.0490179170117885 0.0463314567581238
v -0.0571258871210263 -0.0476583241050375 0.0503743130630036
v -0.0570545180208503 -0.0480973532221083 0.0509988765940321
v -0.0555770010684748 -0.0487700846635575 0.0502434287165829
v -0.0569843931674358 -0.0485291925300477 0.0513762000640586
v -0.0567956737162501 -0.0496998089406233 0.0518832642164097
v -0.0554919527045006 -0.0492950301371039 0.0506075832856986
v -0.0569064787332475 -0.0490135919504406 0.0516666236892352
v -0.0553791285804829 -0.049994382498788 0.0507631737568265
v -0.0567115902023096 -0.0502129936745698 0.0519249986426905
v -0.0556355141938775 -0.0484092717291413 0.0497095648264237
v -0.0571672266608871 -0.0474027170771913 0.0496891465107542
v -0.0556549639314294 -0.0482847464701589 0.0492412436923106
v -0.057180745737228 -0.0473216547732019 0.0490024041607438
v -0.0556568861809174 -0.0482765545580968 0.048773812902559
v -0.0571672452873356 -0.047402430229884 0.048306288980552
v -0.0571251904918514 -0.0476635320600456 0.0476158064391656
v -0.05562549316457 -0.0484718267938743 0.0481606040561064
v -0.0555754662491162 -0.0487758141591244 0.0477600235992665
v -0.0570730923153214 -0.0479810943809823 0.0471444007647544
v -0.0570090769370238 -0.0483809781538288 0.0467327152177829
v -0.0555226006629069 -0.049099914363494 0.0474981282465578
v -0.0554395229771869 -0.0496190819127074 0.0472843450169784
v -0.0553772920126582 -0.0499968933440494 0.0472499978411943
v -0.0567115902023096 -0.0502129936745698 0.0460750003291294
v -0.0593640486266086 -0.00499999955790516 0.0826961677663884
v -0.0594335439060628 -0.00499999955790516 0.0836006235271552
v -0.0593382696218472 -0.0207999967452754 0.0830756705311908
v -0.0601656117619396 -0.00499999955790516 0.0844652782872629
v -0.059606501656505 -0.0207999967452754 0.0839323159173358
v -0.0602281034967476 -0.0207999967452754 0.0844676848247419
v -0.0609986871228886 -0.0207999967452754 0.0846739466933769
v -0.0609997227534267 -0.00499999955790516 0.0846555586608747
v -0.0597993785310019 -0.00499999955790516 0.0818159487437617
v -0.0595575252727481 -0.0207999967452754 0.0821280088545082
v -0.0602275894067683 -0.0207999967452754 0.0815324988618679
v -0.0609970852483152 -0.00500000002356637 0.0813012030429869
v -0.0609987281010753 -0.0207999967452754 0.0813256260456377
v -0.0593382696218472 -0.0207999967452754 0.00707563416118247
v -0.0596065277335329 -0.0207999967452754 0.00793235917540581
v -0.0594335364554834 -0.00499999955790516 0.00760059367640479
v -0.0609986796723091 -0.0207999967452754 0.008673922896223
v -0.0601654254974543 -0.00499999909224394 0.00846516042653112
v -0.0602278650782065 -0.0207999967452754 0.00846754740623651
v -0.0609997227534267 -0.00499999955790516 0.00865558329249359
v -0.0595574917451408 -0.0207999967452754 0.00612809867870587
v -0.0593640523518983 -0.00499999955790516 0.00669615421378267
v -0.0602274143181521 -0.0207999967452754 0.00553256959395327
v -0.0597994828391137 -0.00499999955790516 0.00581584159323927
v -0.0609970740724461 -0.00500000002356637 0.00530119275001005
v -0.0609987206504959 -0.0207999967452754 0.00532564602064387
v -0.0614495924635402 -0.0419130929144203 0.0363830990407668
v -0.0611040904698131 -0.0418571949423908 0.0363830990407668
v -0.0612553893859081 -0.0409226948439227 0.0363830990407668
v -0.0616008913796352 -0.0409786933987742 0.0363830990407668
v -0.0614495924635402 -0.0419130929144203 0.0380622996822975
v -0.0616008913796352 -0.0409786933987742 0.0363830990407668
v -0.0612553893859081 -0.0409226948439227 0.0363830990407668
v -0.0611040904698131 -0.0418571949423908 0.0380622996822975
v -0.0611040904698131 -0.0418571949423908 0.0380622996822975
v -0.0614495924635402 -0.0419130929144203 0.0380622996822975
v -0.0611040904698131 -0.0418571949423908 0.0363830990407668
v -0.0614495924635402 -0.0419130929144203 0.0363830990407668
v -0.0515413984559073 -0.0677491765646382 0.026566605421157
v -0.0524513861481139 -0.0680619891412004 0.0266199888299408
v -0.0525796031691942 -0.0672707003548769 0.0259703000790559
v -0.0516842335137916 -0.066867571854697 0.0250002754852114
v -0.0516613639602902 -0.0670086187735228 0.025731667301096
v -0.0526213748426609 -0.0670128209003105 0.0250006014481052
v -0.0523266671740669 -0.0688322896453237 0.0267624588289307
v -0.0513647377674979 -0.0688399413903786 0.0267545779774805
v -0.0512025610054631 -0.0698411577021807 0.0262723298458979
v -0.0520799188851401 -0.0703557319691873 0.0256748510373789
v -0.0521699703131887 -0.0697995909196479 0.026438397695756
v -0.051115500985048 -0.0703789256228931 0.0250031793489341
v -0.0520578837965327 -0.0704919583631343 0.025000614486621
v -0.0556042627385389 -0.0485955473902802 0.0501053173071447
v -0.054570457592394 -0.0490471791624244 0.050568776937527
v -0.0547282757654735 -0.0480728780687438 0.0490027208104121
v -0.0546687717130092 -0.0484402661394902 0.0500431608399042
v -0.05565976210457 -0.0482530889582425 0.0490008507147241
v -0.0552578815764414 -0.050734452276952 0.0506253603706056
v -0.0554379546302209 -0.0496223191894614 0.0507301825866807
v -0.0544060270300875 -0.0500624919704717 0.0507750537073227
v -0.0542142342148948 -0.051246668435575 0.0501053508347567
v -0.0551431836317019 -0.0514423877061172 0.0499750662600607
v -0.0550902919684646 -0.0517693601088497 0.0490026947333806
v -0.054158719947705 -0.0515891417687716 0.0490008358135632
v -0.0601509043181827 -0.0207992349235306 0.0815805923585461
v -0.0605598926990692 -0.0207992218850166 0.0814054292126276
v -0.0609993427738767 -0.0207996000019217 0.081345764964541
v -0.059426763878799 -0.0207992311982409 0.0824892055431931
v -0.059581944546767 -0.0207997769531827 0.0821530055518521
v -0.0598042437593572 -0.020799229335596 0.0818572547616678
v -0.0593429076075305 -0.0207980335176006 0.0830009859129566
v -0.0597563961383811 -0.0207997825411173 0.0840865056793427
v -0.0595441999114719 -0.0207992460993997 0.0837841164219949
v -0.0594084578051866 -0.0207997825411173 0.0834400188153978
v -0.0600274295908973 -0.0207992256103063 0.0843377392514555
v -0.0604183279649744 -0.0207992162970821 0.0845481436428097
v -0.0609999946995751 -0.0217913969187037 0.0830000024363398
v -0.0609964929272521 -0.0207973368884257 0.084661139145617
v -0.0606323868367362 -0.0207997788158276 0.00538967398055626
v -0.0609993502244561 -0.0207996074525011 0.00534578493954722
v -0.0594268421098828 -0.0207992274729512 0.00648896754185183
v -0.0595820600307479 -0.0207997769531827 0.00615283739970243
v -0.059804284737544 -0.0207992330608858 0.00585724679699733
v -0.0602141746385392 -0.0207980595946286 0.00554100458232303
v -0.0593429038822407 -0.0207980316549558 0.0070009402297227
v -0.0598050894001203 -0.0207992125717924 0.0081434536767724
v -0.0595442408896587 -0.0207992460993997 0.00778419460466069
v -0.0594084615304763 -0.0207997825411173 0.00744001876696902
v -0.0609999946995751 -0.0217913969187037 0.00700000005960464
v -0.0606312431727967 -0.020798104298105 0.00861525609459155
v -0.0601528414688295 -0.0207992200223718 0.00842049699081859
v -0.0609999946995751 -0.0207999967452754 0.00865000001378357
v -0.0611040904698131 -0.0418571949423908 0.0363830990407668
v -0.0611040904698131 -0.0418571949423908 0.0380622996822975
v -0.0612553893859081 -0.0409226948439227 0.0363830990407668
v -0.0515622451770987 -0.0676227625837752 0.0235557737151733
v -0.0515050433536723 -0.0679740648535736 0.0233643701665617
v -0.0516761719868691 -0.0669170735043023 0.0254001630380713
v -0.0513509802726159 -0.0689187759711243 0.0232749166352693
v -0.0516347579412142 -0.0671740216364424 0.0240103410778118
v -0.0516014054224818 -0.0673775267624689 0.0237618642204583
v -0.0516664936842145 -0.066985969012114 0.0243657561160827
v -0.0514294535002601 -0.06844071699381 0.0232526058721705
v -0.0516801431456951 -0.0668883589712531 0.0247575560638855
v -0.05127834457394 -0.0693730601495387 0.0234287524947058
v -0.0516832761143373 -0.0668732938996845 0.0250813657399707
v -0.0512153163974144 -0.0697679185065726 0.0237028463102241
v -0.0516596950305022 -0.0670186994074656 0.0257071157759328
v -0.0516346126549157 -0.0671739396800689 0.0259897572698498
v -0.05117237870827 -0.0700278021670006 0.024010188340913
v -0.0515929154872432 -0.0674342480235233 0.0262973135047261
v -0.0511472628050762 -0.0701827667681657 0.0242921983981386
v -0.0511307597716813 -0.0702844075724878 0.0245983185336369
v -0.0515394277776531 -0.0677592646491604 0.0265306563705804
v -0.0511236146660263 -0.0703284777497026 0.024917451107857
v -0.0514919266086196 -0.0680509250307754 0.0266610415281122
v -0.0514293082139615 -0.0684423039672245 0.0267475558054248
v -0.0513646371846758 -0.0688410142738138 0.0267347780599867
v -0.0512242012133618 -0.0697061084997807 0.0263472100418684
v -0.0511809543251718 -0.0699837245392063 0.0260573806004812
v -0.0512676641683546 -0.0694418513492386 0.0265303099185904
v -0.0511259057191951 -0.0703133158206016 0.0252421492656585
v -0.0511424869836739 -0.0702161826168231 0.025634118714166
v -0.0513142712678589 -0.0691516289294498 0.0266602536292317
v -0.0546396473980924 -0.0486219932218989 0.0477618899696643
v -0.054597834746439 -0.0488665510404788 0.047555933574827
v -0.0545414524867478 -0.0492182183886683 0.0473643791519616
v -0.0544802049987014 -0.049605100900443 0.0472652342781744
v -0.0544154929912289 -0.0500039862956485 0.0472524416315755
v -0.0546724485739484 -0.048418417315368 0.0480103519258569
v -0.0547023142215166 -0.0482302343058998 0.0483655471720051
v -0.0547187576502762 -0.0481328179801037 0.0487585690149984
v -0.0543518091637151 -0.0503954173861534 0.0473390211014668
v -0.0547209667470715 -0.0481177007544792 0.049081190323505
v -0.0542941044261785 -0.0507579290526754 0.0475079555621455
v -0.0547139855541636 -0.0481614542820691 0.0494000937923768
v -0.0542430791330837 -0.0510684878289659 0.0477616478258003
v -0.0546722883864911 -0.0484183837877607 0.0499898184093128
v -0.0546974676196099 -0.0482632403726897 0.0497074302351304
v -0.0542101289456395 -0.051271996680282 0.0480098937151605
v -0.0541850204930251 -0.0514268346215972 0.0482912835115652
v -0.0546306545487436 -0.0486785840978136 0.0502972554349022
v -0.0541685919654243 -0.0515288889330765 0.0485986013278678
v -0.0545771444874152 -0.0490036826798242 0.0505306560427549
v -0.0541614356839002 -0.0515728957803664 0.0489176612589286
v -0.0545305560143595 -0.049295421292523 0.050661030024416
v -0.0544795903259 -0.0496065723898766 0.0507350291892507
v -0.054163600077219 -0.0515576965983684 0.0492422383447981
v -0.0544156978821627 -0.050005573269063 0.0507473897021847
v -0.0542837853736946 -0.0508242019565344 0.0504438977589332
v -0.0541801329129316 -0.0514605820210384 0.0496340978972443
v -0.0542099389558645 -0.0512721754941879 0.0499896358700923
v -0.0542428071869352 -0.0510682233333968 0.0502385336852401
v -0.0543388265290918 -0.050471975814889 0.050635563940505
f 1 3 2
f 2 3 4
f 3 8 5
f 3 6 7
f 3 5 6
f 7 4 3
f 8 3 9
f 3 12 10
f 3 11 12
f 3 10 9
f 13 14 3
f 3 14 11
f 15 17 16
f 18 16 17
f 17 22 21
f 20 18 17
f 17 19 20
f 17 21 19
f 22 17 23
f 17 26 24
f 17 25 26
f 17 24 23
f 28 25 17
f 27 28 17
f 33 29 31
f 33 31 30
f 30 31 32
f 39 35 29
f 29 33 39
f 34 35 40
f 40 38 34
f 36 37 38
f 37 34 38
f 39 40 35
f 52 41 51
f 52 42 43
f 44 43 42
f 44 45 46
f 47 45 48
f 47 48 49
f 49 48 50
f 46 45 47
f 44 46 43
f 42 52 51
f 52 53 41
f 62 54 65
f 54 62 56
f 63 55 56
f 60 57 55
f 57 60 58
f 60 59 58
f 60 61 59
f 55 57 56
f 56 62 63
f 65 54 64
f 65 64 66
f 75 76 79
f 76 75 74
f 67 68 74
f 69 68 71
f 69 71 70
f 71 72 70
f 72 73 70
f 68 69 74
f 74 75 67
f 79 76 77
f 77 78 79
f 80 81 82
f 88 85 83
f 100 99 105
f 83 85 92
f 84 87 85
f 84 86 87
f 84 85 88
f 89 87 90
f 87 86 90
f 91 83 92
f 93 92 95
f 92 93 91
f 94 93 95
f 94 96 93
f 81 80 94
f 96 94 80
f 108 82 81
f 98 97 108
f 104 107 98
f 99 106 105
f 103 99 100
f 102 100 101
f 100 102 103
f 104 105 107
f 106 107 105
f 104 98 108
f 108 97 82
f 132 109 110
f 111 127 130
f 112 113 129
f 112 128 113
f 114 115 116
f 126 123 114
f 117 118 124
f 124 118 119
f 118 121 119
f 120 121 122
f 118 122 121
f 114 123 115
f 116 117 124
f 116 115 117
f 129 123 125
f 123 126 125
f 127 128 130
f 125 112 129
f 128 127 113
f 111 130 131
f 109 131 110
f 111 131 109
f 132 133 109
f 134 135 147
f 134 136 135
f 135 136 137
f 137 136 138
f 137 138 139
f 140 139 138
f 140 142 141
f 140 141 139
f 143 141 142
f 143 142 146
f 144 145 146
f 146 145 143
f 147 135 148
f 150 149 147
f 147 148 150
f 150 151 149
f 153 151 150
f 153 154 151
f 152 154 153
f 157 154 155
f 152 155 154
f 157 155 158
f 156 157 158
f 159 168 160
f 164 160 168
f 168 161 162
f 163 164 168
f 168 165 163
f 168 162 165
f 161 168 169
f 168 166 167
f 168 170 166
f 168 167 169
f 172 170 168
f 171 172 168
f 183 182 179
f 173 178 174
f 173 174 177
f 174 175 177
f 175 176 177
f 178 173 179
f 178 179 180
f 182 180 179
f 181 182 183
f 181 183 184
f 184 185 181
f 196 194 191
f 186 192 187
f 186 187 188
f 187 189 188
f 189 190 188
f 192 186 191
f 192 191 193
f 194 193 191
f 195 194 196
f 195 196 197
f 197 198 195
f 199 200 211
f 210 209 208
f 201 202 206
f 202 201 204
f 203 202 204
f 202 207 206
f 207 205 206
f 205 207 208
f 208 209 205
f 210 211 209
f 210 199 211
f 224 212 223
f 213 222 220
f 218 215 214
f 219 214 215
f 216 218 217
f 218 216 215
f 219 221 214
f 221 219 220
f 220 222 221
f 222 213 223
f 213 224 223
f 225 226 237
f 226 227 234
f 227 232 234
f 232 229 233
f 233 229 228
f 230 228 229
f 230 231 228
f 232 233 234
f 225 227 226
f 237 226 235
f 235 236 237
f 256 238 258
f 251 250 252
f 239 246 240
f 240 243 245
f 245 243 241
f 241 243 242
f 243 244 242
f 245 239 240
f 246 239 247
f 246 247 248
f 249 248 247
f 251 248 249
f 249 250 251
f 252 250 253
f 252 253 254
f 254 253 255
f 255 256 254
f 255 238 256
f 238 257 258
f 257 259 258
f 264 261 260
f 261 264 262
f 263 262 282
f 264 282 262
f 280 281 283
f 283 278 280
f 267 265 266
f 279 267 266
f 270 276 268
f 270 272 269
f 276 270 269
f 269 272 271
f 271 272 273
f 273 275 271
f 273 274 275
f 276 265 268
f 265 267 268
f 266 277 279
f 277 278 279
f 280 278 277
f 281 263 283
f 282 283 263
f 293 292 285
f 292 284 285
f 286 287 290
f 284 290 287
f 286 289 288
f 289 286 290
f 284 287 285
f 291 292 293
f 293 294 291
f 291 294 295
f 321 300 301
f 296 321 301
f 305 298 301
f 303 297 298
f 297 302 299
f 300 304 301
f 302 297 303
f 297 301 298
f 301 304 305
f 300 306 307
f 307 304 300
f 306 300 320
f 318 319 313
f 315 314 316
f 308 314 311
f 309 311 310
f 314 310 311
f 315 312 313
f 314 308 316
f 315 316 317
f 312 315 317
f 318 313 312
f 313 319 300
f 319 320 300
f 321 296 322
f 321 322 323
f 324 348 352
f 349 325 326
f 341 327 342
f 340 328 337
f 337 328 338
f 331 329 330
f 330 338 331
f 329 331 332
f 335 332 333
f 331 333 332
f 333 334 335
f 336 334 333
f 330 337 338
f 339 340 341
f 339 328 340
f 339 341 342
f 342 327 344
f 344 343 342
f 345 343 344
f 343 345 347
f 346 325 347
f 343 347 325
f 346 326 325
f 349 351 348
f 349 326 351
f 348 324 350
f 351 352 348
f 353 354 380
f 379 376 377
f 355 356 366
f 365 355 357
f 360 364 358
f 357 358 364
f 360 358 359
f 363 360 359
f 361 362 363
f 363 359 361
f 364 365 357
f 356 355 365
f 367 355 366
f 367 369 368
f 367 366 369
f 370 368 369
f 370 371 368
f 373 371 370
f 373 372 371
f 372 373 374
f 375 372 374
f 375 376 372
f 375 377 376
f 354 378 380
f 379 378 376
f 379 380 378
f 407 406 381
f 382 403 404
f 397 399 383
f 397 395 384
f 385 394 396
f 385 386 393
f 388 393 386
f 387 388 386
f 389 392 388
f 388 387 389
f 392 391 390
f 391 392 389
f 393 394 385
f 394 384 395
f 394 395 396
f 397 384 399
f 398 383 399
f 383 400 401
f 383 398 400
f 402 401 400
f 382 401 402
f 382 402 403
f 404 405 382
f 405 404 406
f 405 406 407
f 408 409 418
f 412 413 411
f 410 411 413
f 412 415 413
f 415 412 416
f 416 414 415
f 414 416 408
f 408 417 414
f 417 408 418
f 428 430 419
f 422 420 421
f 422 421 424
f 423 424 421
f 425 423 426
f 423 425 424
f 422 427 420
f 420 427 419
f 427 428 419
f 428 429 430
f 439 431 440
f 436 434 432
f 433 432 434
f 436 435 434
f 435 436 438
f 438 437 435
f 437 438 439
f 437 439 440
f 440 431 441
f 442 445 446
f 445 442 443
f 444 445 443
f 445 447 446
f 447 448 446
f 447 450 448
f 448 450 449
f 450 451 449
f 449 451 453
f 451 452 453
f 454 457 455
f 456 455 468
f 468 455 457
f 465 467 456
f 462 463 464
f 458 459 463
f 459 458 460
f 461 459 460
f 458 463 462
f 463 466 464
f 465 464 466
f 465 466 467
f 468 465 456
f 472 471 470
f 469 470 471
f 472 473 474
f 474 471 472
f 469 477 470
f 477 469 475
f 475 476 477
f 476 478 477
f 476 479 478
f 479 476 481
f 480 479 481
f 482 480 481
f 480 482 483
f 482 484 483
f 483 484 485
f 486 488 487
f 504 487 488
f 487 492 489
f 490 489 491
f 491 489 492
f 491 503 490
f 502 503 493
f 493 501 496
f 494 495 496
f 494 497 498
f 498 495 494
f 497 499 498
f 498 499 500
f 494 496 501
f 502 493 496
f 503 502 490
f 504 492 487
f 505 506 507
f 523 507 506
f 507 509 508
f 511 508 510
f 510 508 509
f 510 522 511
f 512 522 513
f 513 514 515
f 516 518 515
f 516 519 517
f 517 518 516
f 519 520 517
f 517 520 521
f 516 515 514
f 512 513 515
f 522 512 511
f 523 509 507
f 524 525 526
f 528 527 532
f 534 532 527
f 528 530 527
f 528 531 530
f 529 530 531
f 534 533 532
f 533 534 535
f 535 538 533
f 538 536 533
f 539 537 541
f 537 536 538
f 537 539 536
f 540 539 541
f 541 526 540
f 540 526 525
f 525 524 542
f 543 545 565
f 544 545 543
f 546 547 548
f 550 549 564
f 547 550 564
f 549 551 562
f 559 553 560
f 552 555 553
f 553 559 552
f 554 558 555
f 555 552 554
f 556 558 557
f 554 557 558
f 559 560 563
f 560 561 563
f 561 562 563
f 549 562 561
f 551 549 550
f 548 547 564
f 548 566 546
f 565 546 566
f 543 565 566
f 572 567 569
f 567 572 574
f 569 567 570
f 568 571 570
f 569 570 571
f 572 573 574
f 574 573 575
f 578 575 573
f 578 576 575
f 577 579 578
f 579 576 578
f 583 580 581
f 583 581 582
f 582 590 583
f 589 584 586
f 588 584 589
f 585 586 587
f 584 587 586
f 588 589 590
f 588 590 582
f 581 580 591
f 591 580 592
f 592 593 591
f 592 594 593
f 595 593 594
f 594 596 595
f 603 595 596
f 599 603 596
f 601 598 597
f 597 598 599
f 600 601 597
f 602 601 600
f 598 603 599
f 604 611 605
f 610 605 611
f 607 604 605
f 606 607 608
f 607 609 608
f 606 604 607
f 610 612 613
f 612 610 611
f 612 615 613
f 612 614 615
f 616 615 614
f 619 616 614
f 617 618 620
f 618 619 620
f 618 616 619
f 621 622 630
f 625 627 629
f 623 624 625
f 625 626 623
f 629 626 625
f 627 630 629
f 630 628 629
f 628 630 622
f 622 621 631
f 622 631 632
f 656 655 653
f 633 650 634
f 645 635 636
f 646 637 643
f 638 640 639
f 644 639 640
f 642 638 639
f 641 642 639
f 643 637 644
f 640 643 644
f 635 645 646
f 646 645 637
f 648 645 636
f 634 648 647
f 648 636 647
f 647 633 634
f 652 634 650
f 649 652 650
f 651 652 649
f 651 649 654
f 655 654 653
f 651 654 655
f 655 656 657
f 658 681 685
f 684 659 660
f 683 684 660
f 677 661 662
f 674 672 663
f 673 672 665
f 665 664 673
f 665 666 664
f 664 666 667
f 667 666 670
f 669 667 670
f 671 668 669
f 669 670 671
f 663 672 673
f 676 674 675
f 676 672 674
f 676 675 661
f 662 661 675
f 677 678 661
f 678 677 679
f 680 659 679
f 678 679 659
f 680 660 659
f 681 682 685
f 683 682 684
f 683 685 682
f 709 686 708
f 700 687 688
f 699 689 701
f 690 693 691
f 696 693 692
f 690 692 693
f 694 692 695
f 692 694 696
f 690 698 697
f 691 698 690
f 699 697 698
f 689 699 698
f 688 699 701
f 700 688 701
f 703 704 702
f 700 703 687
f 703 702 687
f 702 704 705
f 705 706 702
f 706 705 707
f 707 708 686
f 706 707 686
f 709 710 686
f 711 712 736
f 734 713 732
f 714 715 726
f 716 725 718
f 717 720 718
f 717 719 720
f 720 719 722
f 719 721 722
f 722 721 723
f 718 725 717
f 724 725 716
f 724 716 714
f 724 714 726
f 726 715 727
f 727 715 728
f 728 730 727
f 729 730 728
f 730 729 731
f 732 713 731
f 730 731 713
f 732 733 734
f 712 737 736
f 735 737 734
f 734 733 735
f 735 736 737
f 738 739 740
f 741 764 763
f 764 741 762
f 760 761 762
f 743 759 757
f 742 743 757
f 758 755 744
f 742 758 744
f 747 745 746
f 748 750 747
f 747 746 748
f 751 750 749
f 748 749 750
f 751 749 752
f 753 751 752
f 745 754 746
f 755 754 756
f 756 754 745
f 756 744 755
f 742 757 758
f 759 743 761
f 760 759 761
f 760 762 741
f 738 763 764
f 763 738 740
f 769 765 766
f 767 768 769
f 769 770 767
f 802 767 770
f 800 771 801
f 800 774 771
f 774 773 771
f 772 799 773
f 774 772 773
f 796 799 772
f 797 795 798
f 797 775 793
f 775 792 794
f 781 776 778
f 777 778 776
f 779 780 790
f 776 781 779
f 782 789 790
f 783 788 787
f 786 788 783
f 784 786 783
f 785 786 784
f 787 788 789
f 787 789 782
f 782 790 791
f 790 780 791
f 779 781 780
f 778 777 792
f 793 775 794
f 777 794 792
f 795 797 793
f 796 797 798
f 796 798 799
f 800 801 802
f 801 767 802
f 769 768 765
f 828 803 804
f 821 828 822
f 821 829 828
f 825 824 823
f 820 805 824
f 817 806 820
f 808 817 807
f 808 807 809
f 811 809 807
f 807 814 811
f 814 810 811
f 812 814 813
f 810 814 812
f 815 817 808
f 804 803 816
f 818 817 815
f 817 818 806
f 819 820 806
f 819 805 820
f 827 821 822
f 805 823 824
f 826 824 825
f 822 826 827
f 822 824 826
f 828 829 803
f 855 844 830
f 831 832 835
f 837 832 831
f 832 833 835
f 834 835 836
f 835 833 836
f 831 838 837
f 838 831 839
f 831 841 839
f 840 831 843
f 831 840 841
f 840 843 842
f 844 842 843
f 844 843 830
f 854 847 855
f 845 846 847
f 848 853 849
f 853 848 850
f 850 851 853
f 852 851 850
f 853 846 849
f 846 845 849
f 854 845 847
f 854 855 856
f 855 830 856
f 858 859 857
f 857 863 858
f 859 861 857
f 859 860 861
f 857 862 863
f 862 867 863
f 866 868 864
f 865 866 864
f 864 863 867
f 864 868 863
f 869 867 862
f 869 870 867
f 870 869 873
f 872 870 873
f 871 874 873
f 872 873 874
f 912 875 876
f 905 907 877
f 879 878 906
f 878 879 880
f 903 904 880
f 902 881 903
f 882 883 902
f 882 884 900
f 898 899 897
f 899 884 897
f 885 886 893
f 885 887 888
f 889 888 887
f 888 889 890
f 890 889 891
f 891 892 890
f 893 887 885
f 895 893 886
f 895 894 893
f 894 895 898
f 896 894 898
f 897 896 898
f 884 899 900
f 882 900 901
f 882 901 883
f 902 883 881
f 903 881 904
f 878 880 904
f 905 879 906
f 905 906 907
f 877 907 909
f 907 908 909
f 908 875 909
f 876 875 908
f 912 876 910
f 910 911 912
f 913 951 950
f 948 947 949
f 914 942 944
f 940 915 941
f 916 939 930
f 917 930 938
f 937 936 917
f 918 935 936
f 919 920 921
f 921 922 919
f 923 924 925
f 925 931 923
f 928 926 924
f 925 924 926
f 929 928 927
f 928 929 926
f 938 930 939
f 932 931 934
f 931 932 923
f 933 932 934
f 920 933 934
f 919 933 920
f 922 921 935
f 922 935 918
f 918 936 937
f 937 917 938
f 915 939 916
f 915 916 941
f 914 940 941
f 914 941 942
f 944 942 943
f 944 943 946
f 943 945 946
f 945 947 946
f 949 947 945
f 948 949 950
f 950 951 948
f 957 956 952
f 953 988 991
f 955 989 954
f 956 955 954
f 956 957 985
f 984 952 958
f 959 958 960
f 982 983 961
f 960 983 959
f 981 962 963
f 982 964 981
f 980 965 979
f 966 967 963
f 970 968 971
f 969 970 971
f 970 969 974
f 972 969 973
f 974 969 972
f 975 971 968
f 975 968 976
f 976 977 978
f 978 975 976
f 980 978 977
f 979 978 980
f 967 965 980
f 967 966 965
f 966 963 962
f 964 962 981
f 964 982 961
f 960 961 983
f 984 958 959
f 957 952 984
f 985 955 956
f 986 989 955
f 986 987 989
f 987 988 989
f 988 953 989
f 988 990 991
f 1009 992 993
f 994 1004 1003
f 1001 995 1003
f 996 997 998
f 998 995 996
f 999 998 997
f 1000 999 997
f 996 995 1001
f 1001 1003 1002
f 1002 1003 1004
f 1003 1007 994
f 994 1007 1005
f 1006 1005 1007
f 1009 1006 1007
f 1008 1006 1009
f 1008 1009 1010
f 993 1010 1009
f 1012 992 1009
f 1011 992 1012
f 1011 1012 1013
f 1014 1012 1015
f 1012 1014 1013
f 1016 1014 1015
f 1014 1016 1017
f 1017 1016 1018
f 1019 1020 1045
f 1019 1021 1044
f 1019 1045 1021
f 1022 1044 1021
f 1042 1041 1022
f 1023 1040 1024
f 1028 1029 1025
f 1026 1027 1028
f 1028 1027 1029
f 1038 1033 1030
f 1030 1031 1038
f 1033 1032 1030
f 1032 1033 1034
f 1034 1033 1035
f 1036 1034 1035
f 1035 1037 1036
f 1026 1038 1031
f 1038 1026 1028
f 1040 1028 1025
f 1025 1024 1040
f 1039 1042 1023
f 1023 1042 1040
f 1039 1041 1042
f 1041 1043 1022
f 1022 1043 1044
f 1045 1020 1046
f 1057 1047 1058
f 1053 1048 1049
f 1054 1050 1052
f 1051 1052 1050
f 1054 1052 1053
f 1054 1053 1049
f 1048 1047 1049
f 1058 1047 1048
f 1055 1056 1058
f 1057 1058 1056
f 1059 1060 1067
f 1060 1061 1067
f 1061 1062 1066
f 1066 1062 1065
f 1063 1065 1062
f 1063 1064 1065
f 1061 1066 1067
f 1069 1060 1059
f 1070 1068 1069
f 1069 1059 1070
f 1071 1077 1081
f 1074 1072 1073
f 1078 1073 1072
f 1076 1074 1075
f 1074 1076 1072
f 1071 1078 1077
f 1071 1073 1078
f 1079 1071 1081
f 1080 1079 1081
f 1083 1079 1080
f 1080 1082 1083
f 1084 1087 1085
f 1084 1086 1087
f 1087 1088 1090
f 1089 1087 1090
f 1087 1089 1091
f 1091 1085 1087
f 1088 1087 1092
f 1092 1087 1093
f 1087 1095 1093
f 1094 1095 1087
f 1087 1096 1094
f 1097 1104 1098
f 1098 1104 1099
f 1104 1102 1100
f 1104 1100 1101
f 1101 1099 1104
f 1102 1104 1103
f 1104 1105 1106
f 1104 1109 1105
f 1104 1106 1103
f 1107 1108 1104
f 1104 1108 1109
f 1110 1111 1112
f 1111 1110 1113
f 1114 1112 1111
f 1115 1112 1114
f 1115 1114 1116
f 1114 1117 1116
f 1113 1110 1118
f 1110 1120 1118
f 1120 1119 1118
f 1119 1120 1121
f 1122 1119 1121
f 1123 1124 1177
f 1171 1170 1125
f 1130 1126 1127
f 1169 1128 1170
f 1128 1168 1126
f 1129 1167 1130
f 1173 1132 1172
f 1166 1167 1131
f 1132 1133 1137
f 1134 1165 1166
f 1165 1164 1135
f 1136 1139 1137
f 1138 1174 1139
f 1159 1163 1162
f 1158 1160 1159
f 1158 1140 1143
f 1141 1142 1149
f 1140 1157 1143
f 1155 1144 1157
f 1145 1150 1142
f 1152 1146 1153
f 1146 1147 1153
f 1148 1150 1145
f 1176 1174 1175
f 1147 1155 1154
f 1142 1141 1145
f 1181 1141 1149
f 1150 1152 1151
f 1148 1152 1150
f 1151 1152 1153
f 1153 1147 1154
f 1155 1147 1156
f 1155 1156 1144
f 1157 1144 1143
f 1158 1143 1160
f 1159 1160 1161
f 1159 1161 1163
f 1162 1163 1135
f 1162 1135 1164
f 1164 1165 1134
f 1134 1166 1131
f 1131 1167 1129
f 1129 1130 1127
f 1127 1126 1168
f 1168 1128 1169
f 1169 1170 1171
f 1171 1125 1172
f 1172 1125 1173
f 1132 1173 1133
f 1137 1133 1136
f 1139 1136 1138
f 1174 1138 1175
f 1123 1177 1176
f 1176 1175 1123
f 1178 1177 1124
f 1179 1178 1124
f 1179 1180 1178
f 1179 1181 1180
f 1180 1181 1149
f 1182 1183 1184
f 1182 1184 1185
f 1184 1187 1185
f 1184 1186 1187
f 1188 1187 1186
f 1188 1189 1187
f 1192 1183 1190
f 1182 1190 1183
f 1192 1190 1191
f 1191 1194 1192
f 1193 1194 1191
f 1195 1193 1191
f 1196 1204 1197
f 1196 1197 1201
f 1198 1201 1202
f 1199 1198 1200
f 1198 1202 1200
f 1201 1197 1202
f 1196 1203 1204
f 1204 1203 1205
f 1205 1203 1206
f 1207 1205 1206
f 1227 1208 1228
f 1209 1210 1215
f 1221 1211 1267
f 1212 1223 1254
f 1260 1217 1261
f 1258 1213 1257
f 1265 1264 1263
f 1214 1215 1260
f 1210 1259 1258
f 1222 1218 1216
f 1262 1217 1264
f 1218 1257 1219
f 1265 1220 1221
f 1255 1254 1222
f 1267 1266 1269
f 1269 1266 1270
f 1223 1212 1225
f 1253 1224 1225
f 1271 1226 1272
f 1252 1253 1243
f 1273 1227 1228
f 1232 1229 1275
f 1251 1230 1231
f 1232 1233 1229
f 1234 1231 1235
f 1235 1236 1234
f 1248 1237 1249
f 1238 1242 1246
f 1246 1239 1238
f 1237 1247 1245
f 1240 1241 1242
f 1242 1238 1240
f 1241 1233 1242
f 1243 1230 1244
f 1245 1247 1239
f 1245 1239 1246
f 1237 1248 1247
f 1249 1250 1248
f 1249 1236 1250
f 1249 1234 1236
f 1234 1251 1231
f 1251 1244 1230
f 1244 1252 1243
f 1252 1224 1253
f 1224 1223 1225
f 1254 1255 1212
f 1222 1256 1255
f 1222 1216 1256
f 1218 1219 1216
f 1257 1213 1219
f 1258 1259 1213
f 1210 1209 1259
f 1215 1214 1209
f 1260 1261 1214
f 1217 1262 1261
f 1217 1263 1264
f 1263 1220 1265
f 1220 1211 1221
f 1211 1266 1267
f 1270 1268 1269
f 1270 1272 1268
f 1268 1272 1226
f 1271 1272 1273
f 1228 1271 1273
f 1274 1208 1227
f 1274 1275 1208
f 1274 1232 1275
f 1229 1233 1241
f 1294 1295 1298
f 1294 1278 1276
f 1294 1277 1278
f 1277 1281 1280
f 1279 1280 1281
f 1283 1279 1281
f 1283 1282 1279
f 1281 1277 1294
f 1284 1282 1283
f 1286 1284 1283
f 1286 1285 1284
f 1288 1287 1286
f 1285 1286 1287
f 1288 1293 1287
f 1293 1288 1290
f 1289 1292 1290
f 1291 1290 1292
f 1293 1290 1291
f 1294 1276 1295
f 1298 1295 1296
f 1296 1299 1298
f 1297 1298 1299
f 1300 1297 1299
f 1300 1302 1297
f 1300 1301 1302
f 1504 1496 1442
f 1868 1311 1305
f 2180 1516 1303
f 1516 1515 1303
f 1414 1304 1412
f 1515 1606 1303
f 1306 1305 1311
f 1307 1305 1306
f 1307 1392 1411
f 1465 1411 1420
f 1392 1306 1309
f 1383 1308 1637
f 1306 1310 1309
f 1309 1310 1708
f 1309 1708 1390
f 1311 1310 1306
f 1504 1503 1494
f 1305 1304 1312
f 1312 1868 1305
f 1313 1378 1314
f 1382 1361 1701
f 1396 1398 1385
f 1370 1315 2152
f 1702 1830 1399
f 1316 1317 1401
f 1920 1409 1386
f 1333 1386 1318
f 1948 1319 1333
f 1389 1320 1948
f 1321 1322 1405
f 1335 1322 1980
f 1323 1352 1324
f 1351 1356 1357
f 1325 1357 1326
f 1327 1357 1520
f 1350 1353 1352
f 1352 1348 1324
f 1343 1328 1491
f 1454 1342 1329
f 1330 1360 1508
f 1473 1360 1331
f 1321 1980 1322
f 1980 1321 1981
f 1403 1389 1402
f 1435 1472 1388
f 1318 1332 1402
f 1389 1948 1333
f 1319 1386 1333
f 1319 1920 1386
f 1409 1920 1400
f 1334 1514 1360
f 1338 1322 1335
f 1339 1320 1403
f 1419 1410 1435
f 1491 1346 1347
f 1403 1338 1339
f 1451 1329 1336
f 1452 1451 1337
f 1418 1451 1450
f 1338 1335 1339
f 1404 1406 1405
f 1340 1451 1341
f 1329 1342 1419
f 1329 1451 1454
f 1343 1340 1344
f 1343 1345 1328
f 1491 1328 1346
f 1492 1491 1347
f 1490 1352 1491
f 1349 1348 1352
f 1349 1352 1490
f 1350 1352 1323
f 1351 1327 1352
f 1351 1353 1354
f 1355 1351 1354
f 1352 1353 1351
f 1355 1356 1351
f 1351 1357 1327
f 1356 1326 1357
f 1357 1325 1358
f 1357 1358 1359
f 1360 1473 1499
f 1334 1360 1499
f 1330 1331 1360
f 1408 1428 1361
f 1363 1701 1361
f 1375 1374 1362
f 1701 1363 1364
f 1470 1484 1461
f 1397 1396 1428
f 1363 1396 1364
f 1372 1373 1315
f 1365 1315 1366
f 1369 1370 2152
f 1385 1398 1830
f 1398 1399 1830
f 1401 1400 1702
f 1368 1470 1367
f 1470 1368 1369
f 1369 2152 1470
f 1315 1370 1371
f 1315 1371 1366
f 1372 1315 1365
f 1373 1362 1374
f 1373 1374 1315
f 1374 1375 1377
f 1378 1377 1376
f 1374 1377 1378
f 1376 1379 1378
f 1378 1379 1512
f 1313 1380 1494
f 1378 1313 1494
f 1381 1494 1380
f 1312 1872 1868
f 1872 1312 1395
f 1382 1872 1395
f 1308 1391 1637
f 1391 1390 1636
f 1383 1438 1308
f 1395 1312 1414
f 1455 1481 1384
f 1394 1382 1395
f 1427 1426 1416
f 1394 1361 1382
f 1457 1428 1426
f 1364 1396 1385
f 1386 1409 1317
f 1387 1388 1474
f 1389 1403 1320
f 1405 1322 1338
f 1309 1390 1391
f 1309 1391 1308
f 1392 1309 1308
f 1307 1306 1392
f 1304 1305 1307
f 1407 1421 1393
f 1312 1304 1414
f 1407 1394 1395
f 1407 1395 1414
f 1361 1396 1363
f 1396 1397 1398
f 1399 1398 1430
f 1399 1430 1702
f 1702 1430 1401
f 1400 1401 1409
f 1318 1386 1317
f 1389 1333 1318
f 1389 1318 1402
f 1435 1402 1332
f 1403 1402 1410
f 1410 1338 1403
f 1338 1410 1404
f 1405 1338 1404
f 1405 1406 1321
f 1412 1415 1414
f 1393 1408 1394
f 1393 1394 1407
f 1394 1408 1361
f 1425 1458 1426
f 1396 1361 1428
f 1398 1397 1445
f 1430 1398 1445
f 1401 1317 1409
f 1318 1317 1431
f 1431 1332 1318
f 1410 1402 1435
f 1451 1388 1437
f 1404 1410 1419
f 1419 1336 1329
f 1419 1342 1406
f 1392 1420 1411
f 1304 1307 1413
f 1307 1411 1413
f 1412 1304 1413
f 1407 1415 1421
f 1414 1415 1407
f 1426 1424 1416
f 1397 1457 1445
f 1428 1457 1397
f 1430 1448 1401
f 1448 1462 1449
f 1401 1448 1316
f 1316 1449 1432
f 1432 1449 1463
f 1317 1316 1431
f 1417 1474 1471
f 1435 1336 1419
f 1453 1451 1418
f 1404 1419 1406
f 1438 1420 1308
f 1420 1392 1308
f 1415 1412 1441
f 1393 1421 1456
f 1408 1456 1422
f 1455 1423 1424
f 1393 1456 1408
f 1428 1422 1426
f 1425 1426 1427
f 1422 1428 1408
f 1457 1469 1429
f 1444 1445 1457
f 1445 1461 1430
f 1432 1431 1316
f 1433 1332 1431
f 1433 1431 1432
f 1472 1435 1332
f 1433 1472 1332
f 1388 1387 1434
f 1388 1336 1435
f 1436 1437 1388
f 1451 1336 1388
f 1438 1439 1420
f 1440 1413 1411
f 1465 1420 1439
f 1467 1412 1413
f 1440 1411 1465
f 1413 1440 1467
f 1441 1421 1415
f 1479 1421 1442
f 1441 1412 1467
f 1456 1421 1479
f 1443 1444 1457
f 1445 1444 1446
f 1460 1470 1482
f 1470 1459 1447
f 1461 1448 1430
f 1448 1449 1316
f 1449 1485 1507
f 1472 1433 1463
f 1434 1464 1388
f 1337 1451 1437
f 1450 1451 1452
f 1453 1341 1451
f 1340 1343 1451
f 1454 1451 1343
f 1439 1438 1602
f 1442 1441 1468
f 1442 1421 1441
f 1455 1422 1456
f 1479 1455 1456
f 1422 1455 1426
f 1457 1426 1458
f 1459 1470 1460
f 1445 1470 1461
f 1448 1461 1462
f 1432 1463 1433
f 1472 1463 1474
f 1471 1474 1473
f 1436 1388 1464
f 1345 1343 1344
f 1439 1602 1477
f 1477 1466 1465
f 1477 1465 1439
f 1440 1465 1466
f 1468 1467 1466
f 1466 1467 1440
f 1441 1467 1468
f 1479 1496 1455
f 1455 1384 1423
f 1426 1455 1424
f 1458 1469 1457
f 1429 1443 1457
f 1446 1470 1445
f 1470 1447 1483
f 1462 1461 1484
f 1449 1486 1463
f 1463 1499 1474
f 1489 1471 1473
f 1472 1474 1388
f 1499 1473 1474
f 1387 1474 1417
f 1603 1477 1602
f 1475 1477 1603
f 1476 1477 1475
f 1476 1466 1477
f 1466 1476 1468
f 1468 1504 1442
f 1496 1495 1478
f 1497 1496 1478
f 1442 1496 1479
f 1481 1496 1480
f 1496 1481 1455
f 1470 1446 1482
f 1483 1367 1470
f 1462 1484 1485
f 1449 1462 1485
f 1449 1507 1486
f 1463 1513 1499
f 1486 1513 1463
f 1473 1487 1488
f 1473 1488 1489
f 1490 1491 1492
f 1501 1476 1475
f 1503 1476 1501
f 1468 1503 1504
f 1503 1468 1476
f 1493 1495 1494
f 1494 1495 1496
f 1480 1496 1497
f 1486 1498 1513
f 1486 1507 1498
f 1499 1513 1334
f 1500 1473 1331
f 1500 1487 1473
f 1606 1475 1603
f 1502 1501 1475
f 1475 1509 1502
f 1502 1503 1501
f 1494 1503 1518
f 1494 1381 1493
f 1504 1494 1496
f 1484 1470 2152
f 1505 1485 1484
f 1506 1527 1498
f 1505 1507 1485
f 1498 1507 1505
f 1519 1334 1513
f 1508 1360 1357
f 1359 1508 1357
f 1606 1509 1475
f 1510 1502 1509
f 1515 1510 1509
f 1502 1511 1503
f 1502 1510 1511
f 1511 1518 1503
f 1378 1494 1518
f 1512 1314 1378
f 1513 1498 1519
f 1519 1514 1334
f 1360 1514 1357
f 1606 1515 1509
f 1510 1515 1521
f 1515 1516 1521
f 1517 1511 1510
f 1517 1510 1521
f 1511 1517 1518
f 1374 1378 1526
f 1315 1374 2152
f 1484 2152 1505
f 1506 1498 1505
f 1514 1519 1527
f 3122 1514 2151
f 1357 1514 1520
f 2635 2180 1303
f 2180 1522 1516
f 1516 1522 1521
f 1522 1523 1521
f 1523 1517 1521
f 1517 1523 2176
f 2176 1524 1517
f 1517 1524 1518
f 1524 2172 1518
f 1525 1518 2172
f 1518 1525 1378
f 1525 1526 1378
f 2167 1374 1526
f 1506 1505 2152
f 1527 1519 1498
f 1514 1527 2151
f 3122 1520 1514
f 1529 1549 1528
f 1528 1548 1529
f 1547 1548 1530
f 1547 1530 1531
f 1532 1547 1535
f 1534 1532 1535
f 1533 1534 1535
f 1538 1533 1535
f 1536 1533 1538
f 1537 1538 1542
f 1538 1537 1536
f 1539 1537 1542
f 1542 1540 1539
f 1543 1542 1541
f 1542 1543 1540
f 1543 1541 1545
f 1544 1545 1541
f 1544 1541 1546
f 1535 1547 1531
f 1530 1548 1528
f 1549 1529 1550
f 1550 1551 1549
f 1550 1552 1551
f 1554 1552 1550
f 1554 1553 1552
f 1553 1554 1556
f 1555 1553 1556
f 1633 1557 1568
f 1566 1604 1594
f 1584 1558 1559
f 1560 1581 1580
f 1562 1561 1580
f 1582 1562 1580
f 1561 1563 1580
f 1679 1564 1580
f 1564 1685 1580
f 1684 1685 1564
f 1630 1565 1642
f 1608 2645 1566
f 1592 1604 1579
f 1599 2632 2643
f 1568 1626 1632
f 1567 1633 1568
f 1567 1641 1569
f 1670 1657 1570
f 2477 1641 1658
f 1658 1647 2477
f 1572 2344 1666
f 2484 1647 2485
f 2485 1666 2344
f 1571 2344 1572
f 1573 2344 1571
f 2345 2344 1573
f 1574 1666 1570
f 1575 1599 2643
f 1605 1599 1598
f 1601 1575 2644
f 1597 1601 2644
f 1579 1576 2641
f 1577 1579 2641
f 1579 1577 1595
f 1577 1578 1595
f 1578 1303 1595
f 1606 1600 1303
f 1576 1579 1566
f 1566 2645 1576
f 1608 1596 2645
f 2645 1596 2644
f 1580 1563 1679
f 1580 1581 1582
f 1584 1560 1580
f 1560 1584 1583
f 1583 1584 1585
f 1586 1585 1584
f 1584 1559 1586
f 1692 2350 1587
f 1591 1588 1558
f 1589 1591 1590
f 1591 1692 1587
f 1588 1591 1589
f 2490 2489 1590
f 2635 1303 1578
f 1600 1592 1595
f 1604 1593 1594
f 1579 1595 1592
f 1604 1566 1579
f 1597 1596 1608
f 1601 1598 1575
f 2644 1596 1597
f 1601 1609 1598
f 1575 1598 1599
f 1599 3847 2632
f 1600 1595 1303
f 1606 1593 1600
f 1592 1600 1604
f 1594 1593 1611
f 1608 1566 1594
f 1597 1609 1601
f 1599 1605 3847
f 1602 1607 1603
f 1604 1600 1593
f 1616 1611 1607
f 1611 1608 1594
f 1605 1598 1610
f 2480 3847 1605
f 1606 1603 1593
f 1607 1593 1603
f 1608 1611 1616
f 1616 1615 1608
f 1608 1615 1597
f 1613 1620 1610
f 1615 1610 1609
f 1605 1610 1618
f 1609 1610 1598
f 1605 1618 2480
f 1602 1614 1607
f 1611 1593 1607
f 1621 1612 1614
f 1610 1615 1613
f 1615 1609 1597
f 1620 1618 1610
f 1617 1618 1620
f 1607 1614 1616
f 1612 1615 1616
f 1616 1614 1612
f 1613 1615 1619
f 1612 1619 1615
f 1625 1626 1617
f 1623 1620 1613
f 1617 2483 1618
f 2480 1618 2483
f 1438 1614 1602
f 1621 1637 1628
f 1623 1613 1619
f 1623 1625 1620
f 2483 1617 1627
f 1620 1625 1617
f 1438 1621 1614
f 1612 1621 1628
f 1619 1612 1622
f 1612 1628 1622
f 1619 1622 1629
f 1623 1624 1625
f 1619 1629 1623
f 1624 1623 1629
f 1617 1626 1557
f 1626 1625 1624
f 1383 1637 1621
f 1629 1622 1630
f 1557 1626 1568
f 1617 1557 1627
f 1635 1627 1557
f 1383 1621 1438
f 1638 1628 1637
f 1565 1622 1628
f 1628 1638 1565
f 1630 1622 1565
f 1629 1630 1634
f 1626 1624 1632
f 1632 1644 1631
f 1624 1634 1632
f 1557 1633 1635
f 1634 1624 1629
f 1634 1640 1644
f 1567 1635 1633
f 1567 1569 1635
f 1391 1636 1637
f 1636 1639 1638
f 1636 1638 1637
f 1565 1638 1639
f 1651 1640 1642
f 1642 1565 1639
f 1640 1653 1644
f 1630 1642 1640
f 1634 1644 1632
f 1654 1646 1645
f 1631 1567 1568
f 1631 1568 1632
f 1640 1634 1630
f 1569 1641 2477
f 1636 1390 1649
f 1649 1650 1639
f 1649 1639 1636
f 1642 1639 1650
f 1642 1650 1651
f 1640 1651 1653
f 1653 1643 1644
f 1644 1643 1631
f 1631 1643 1654
f 1567 1654 1658
f 1631 1654 1567
f 1658 1641 1567
f 1645 1646 1661
f 2484 2477 1647
f 1648 1650 1649
f 1648 1665 1650
f 1651 1650 1665
f 1671 1653 1651
f 1651 1665 1671
f 1652 1643 1659
f 1643 1653 1659
f 1646 1654 1652
f 1670 1655 1656
f 1657 1670 1656
f 1654 1670 1658
f 1647 1658 1670
f 1649 1710 1648
f 1671 1659 1653
f 1660 1661 1662
f 1643 1652 1654
f 1670 1663 1655
f 1645 1670 1654
f 1664 1570 1657
f 1665 1648 1680
f 1662 1661 1669
f 1570 1647 1670
f 1666 2485 1647
f 1570 1666 1647
f 1652 1659 1673
f 1667 1663 1670
f 1661 1670 1645
f 1570 1664 1574
f 1668 1671 1682
f 1673 1659 1668
f 1659 1671 1668
f 1669 1564 1675
f 1564 1661 1646
f 1667 1670 1661
f 1648 1710 1688
f 1682 1671 1665
f 1673 1564 1652
f 1652 1564 1646
f 1564 1669 1661
f 1661 1660 1667
f 1672 1673 1668
f 1672 1684 1564
f 1672 1564 1673
f 1564 1674 1676
f 1675 1564 1676
f 1688 1677 1648
f 1680 1681 1665
f 1674 1564 1678
f 1679 1678 1564
f 1648 1677 1680
f 1681 1680 1677
f 1681 1682 1665
f 1690 1668 1693
f 1690 1672 1668
f 1690 1683 1672
f 1686 1684 1683
f 1683 1684 1672
f 1682 1693 1668
f 1685 1684 1686
f 1685 1687 1580
f 1584 1580 1687
f 1590 1591 2490
f 1685 1696 1687
f 1685 1686 1696
f 1584 1691 1558
f 1584 1687 1691
f 1558 1691 1591
f 1687 1696 1698
f 1691 1687 1698
f 1591 1691 1692
f 2490 1591 1587
f 1677 1688 1681
f 1681 1688 1689
f 1681 1689 1682
f 1690 1693 1694
f 1690 1694 1683
f 1698 1699 1691
f 1691 1699 1692
f 1682 1689 1693
f 1686 1694 1695
f 1694 1686 1683
f 1695 1696 1686
f 1696 1695 1697
f 1697 1698 1696
f 1698 1697 1699
f 1703 1830 1702
f 1844 1830 1815
f 1877 1755 1839
f 1364 1842 1839
f 1842 1762 1839
f 1841 1700 1762
f 1842 1385 1830
f 1845 1881 1815
f 1364 1839 1701
f 1752 1874 1751
f 1400 1703 1702
f 1704 1703 1400
f 1703 1704 1814
f 1741 1740 1706
f 1711 1704 1705
f 1740 1744 1706
f 1711 1814 1704
f 1707 1897 1740
f 1708 1649 1390
f 1710 1867 1688
f 1709 1688 1867
f 1710 1649 1708
f 1869 1866 1310
f 1869 1311 1868
f 1711 1961 1816
f 1961 1711 1705
f 1712 1961 1713
f 1962 1713 1961
f 1851 1832 1817
f 1713 1962 1714
f 1714 1962 1715
f 1716 1714 1715
f 1820 1852 1817
f 1716 1817 1714
f 1853 1855 1717
f 1884 1719 1718
f 1771 1718 1719
f 1833 1819 1823
f 1819 1963 1823
f 1823 1963 1964
f 1964 1822 1823
f 1857 1835 1827
f 1824 1964 1956
f 1827 1836 1859
f 1956 1966 1824
f 1721 1824 1966
f 1720 1836 1721
f 1966 1722 1721
f 1720 1721 1722
f 1967 1720 1722
f 1720 1967 1828
f 1837 1838 2729
f 1915 1795 1800
f 1795 1723 1731
f 1775 1795 1793
f 1785 1889 1773
f 2994 1724 2979
f 2979 1725 2978
f 1725 2963 2978
f 1726 1725 2979
f 1728 2670 1725
f 1725 2670 2963
f 1727 2670 1728
f 1772 2725 1785
f 1772 1729 1730
f 1795 1731 1732
f 1800 1913 1733
f 1838 2681 2729
f 1828 1838 1860
f 1828 1967 1734
f 1828 1734 2681
f 1735 1736 1875
f 1737 1767 1739
f 1739 1767 1740
f 1738 1739 1740
f 1740 1741 1738
f 1742 1743 1751
f 1744 1740 1745
f 1751 1748 1872
f 1740 1895 1707
f 1707 1895 1746
f 1896 1746 1747
f 1746 1895 1747
f 1748 1749 1872
f 1751 1750 1748
f 1873 1750 1751
f 1751 1872 1382
f 1751 1875 1752
f 1701 1875 1382
f 1735 1875 1753
f 1753 1875 1754
f 1754 1875 1839
f 1760 1765 1767
f 1839 1755 1876
f 1756 1767 1766
f 1756 1757 1767
f 1757 1758 1767
f 1700 1759 1762
f 1839 1762 1759
f 1760 1767 1758
f 1385 1842 1364
f 1761 1762 1898
f 1762 1843 1765
f 1763 1879 1765
f 1763 1765 1764
f 1760 1764 1765
f 1765 1880 1767
f 1766 1767 1768
f 1769 1768 1767
f 1737 1769 1767
f 1955 1818 1716
f 1719 1770 1771
f 1955 1819 1818
f 1810 1811 1772
f 1792 1775 1793
f 1772 1811 2725
f 1772 1773 1729
f 1773 1772 1785
f 1775 1774 1776
f 1785 2725 2721
f 1775 1776 1789
f 1785 1777 1778
f 1785 1779 1777
f 1780 1788 1775
f 1781 1775 1788
f 1785 2721 1782
f 1779 1785 1783
f 1783 1782 1784
f 1786 1781 1787
f 1783 1785 1782
f 1890 1786 1787
f 1784 1782 1891
f 1787 1781 1788
f 1789 1790 1775
f 1774 1775 1791
f 1791 1775 1792
f 1795 1794 1793
f 1794 1795 1732
f 1796 1797 1810
f 1863 1861 1801
f 1798 1723 1795
f 1799 1915 1800
f 1733 1799 1800
f 1797 1801 1861
f 1913 1804 1733
f 1805 2678 1861
f 1802 1803 1913
f 1913 1803 1804
f 1805 1806 2727
f 1807 1913 1861
f 1810 1797 1861
f 1810 1808 1888
f 1809 1808 1810
f 1810 2678 1811
f 1772 1812 1813
f 1810 1772 1813
f 1703 1814 1815
f 1815 1830 1703
f 1814 1711 1846
f 1846 1815 1814
f 1883 1831 1848
f 1816 1846 1711
f 1712 1816 1961
f 1713 1714 1832
f 1713 1832 1712
f 1818 1817 1716
f 1817 1832 1714
f 1819 1820 1818
f 1963 1819 1955
f 1818 1820 1817
f 1906 1834 1856
f 1819 1833 1820
f 1858 1908 1821
f 1822 1833 1823
f 1964 1824 1835
f 1964 1835 1822
f 1721 1827 1824
f 1827 1835 1824
f 1885 1825 1826
f 1836 1827 1721
f 1828 1860 1720
f 1860 1836 1720
f 1911 1829 1838
f 2681 1838 1828
f 1844 1842 1830
f 1712 1831 1816
f 1831 1846 1816
f 1712 1832 1847
f 1831 1712 1847
f 1851 1847 1832
f 1852 1851 1817
f 1833 1854 1820
f 1820 1854 1852
f 1835 1834 1822
f 1834 1833 1822
f 1857 1834 1835
f 1859 1857 1827
f 1860 1825 1836
f 1825 1859 1836
f 1806 1837 2727
f 1837 1806 1838
f 1751 1382 1875
f 1839 1875 1701
f 1759 1878 1839
f 1762 1840 1841
f 1842 1844 1843
f 1843 1844 1881
f 1844 1815 1881
f 1815 1846 1845
f 1845 1846 1883
f 1846 1831 1883
f 1831 1847 1848
f 1848 1847 1849
f 1847 1851 1849
f 1849 1851 1850
f 1850 1851 1852
f 1850 1852 1853
f 1854 1853 1852
f 1853 1854 1855
f 1906 1855 1833
f 1833 1855 1854
f 1833 1834 1906
f 1834 1857 1856
f 1856 1857 1858
f 1858 1857 1859
f 1858 1859 1885
f 1859 1825 1885
f 1825 1860 1826
f 1826 1860 1829
f 1860 1838 1829
f 1914 1910 1912
f 1838 1806 1911
f 1911 1806 1862
f 1807 1802 1913
f 1862 1806 1805
f 1805 1861 1862
f 1861 1863 1864
f 1865 1796 1810
f 1861 2678 1810
f 1810 1813 1809
f 1310 1867 1708
f 1310 1866 1867
f 1311 1869 1310
f 1870 1866 1869
f 1868 1870 1869
f 1895 1870 1747
f 1868 1747 1870
f 1868 1872 1747
f 1871 1747 1872
f 1749 1871 1872
f 1873 1751 1743
f 1742 1751 1874
f 1752 1875 1736
f 1754 1839 1876
f 1877 1839 1878
f 1761 1840 1762
f 1765 1879 1898
f 1843 1880 1765
f 1842 1843 1762
f 1881 1882 1843
f 1845 1883 1899
f 1903 1848 1849
f 1903 1850 1902
f 1849 1850 1903
f 1850 1717 1904
f 1850 1853 1717
f 1718 1855 1884
f 1906 1770 1855
f 1821 1906 1856
f 1858 1821 1856
f 1908 1885 1886
f 1858 1885 1908
f 1887 1826 1829
f 1911 1862 1912
f 1913 1912 1862
f 1862 1861 1913
f 1861 1864 1807
f 1888 1865 1810
f 1730 1812 1772
f 1785 1778 1889
f 1890 1891 1786
f 1782 1786 1891
f 2722 1786 1782
f 1786 1892 1781
f 2722 1892 1786
f 1892 2722 1727
f 1893 1892 1728
f 1728 1892 1727
f 1726 1893 1728
f 1725 1726 1728
f 1708 1867 1710
f 1867 1866 1709
f 1709 1866 1894
f 1894 1870 1895
f 1894 1866 1870
f 1747 1871 1896
f 1745 1740 1897
f 1898 1762 1765
f 1880 1843 1882
f 1882 1881 1899
f 1899 1881 1845
f 1899 1883 1901
f 1901 1848 1900
f 1901 1883 1848
f 1902 1900 1848
f 1902 1848 1903
f 1902 1850 1904
f 1904 1855 1718
f 1855 1904 1717
f 1855 1770 1884
f 1905 1771 1770
f 1905 1770 1906
f 1905 1906 1821
f 1907 1905 1821
f 1907 1821 1908
f 1907 1908 1886
f 1886 1885 1909
f 1909 1885 1826
f 1887 1909 1826
f 1887 1829 1910
f 1910 1829 1911
f 1910 1911 1912
f 1914 1912 1913
f 1800 1914 1913
f 1915 1798 1795
f 1780 1775 1790
f 1781 1892 1916
f 1916 1892 1893
f 1916 1726 1724
f 1916 1893 1726
f 1726 2979 1724
f 1941 1917 1918
f 1920 1319 1919
f 1400 1920 1704
f 1920 1919 1704
f 1949 1918 1950
f 1952 1921 1951
f 1940 1918 2037
f 1922 1923 1939
f 1925 1923 2027
f 1923 1925 1938
f 1924 1925 1937
f 1955 1954 1924
f 1937 1926 1944
f 1934 1935 1944
f 1965 1927 1945
f 1931 1947 1932
f 2038 2704 1928
f 1928 1929 2038
f 1960 1959 1928
f 1930 1960 1734
f 1929 1931 2038
f 1931 1929 1947
f 1932 2031 1931
f 1933 2031 1932
f 1934 1933 1935
f 1933 1932 1935
f 1934 1944 1926
f 1944 1924 1937
f 1955 1943 1936
f 1925 2027 1937
f 1938 1939 1923
f 1962 1942 1715
f 1922 1939 2023
f 2037 1918 1917
f 1939 1940 2023
f 2037 2023 1940
f 1320 1941 1948
f 1320 1917 1941
f 1319 1941 1949
f 1941 1918 1949
f 1918 1940 1950
f 1951 1950 1940
f 1940 1939 1951
f 1942 1951 1939
f 1942 1939 1938
f 1953 1942 1938
f 1955 1716 1954
f 1938 1925 1953
f 1953 1925 1924
f 1943 1924 1944
f 1943 1935 1946
f 1944 1935 1943
f 1945 1946 1932
f 1935 1932 1946
f 1957 1722 1966
f 1958 1945 1947
f 1932 1947 1945
f 1959 1958 1929
f 1947 1929 1958
f 1929 1928 1959
f 1948 1941 1319
f 1319 1949 1919
f 1921 1919 1950
f 1949 1950 1919
f 1921 1952 1961
f 1950 1951 1921
f 1962 1952 1942
f 1942 1952 1951
f 1942 1953 1715
f 1954 1715 1953
f 1924 1954 1953
f 1955 1936 1963
f 1924 1943 1955
f 1927 1936 1946
f 1946 1936 1943
f 1927 1965 1956
f 1946 1945 1927
f 1957 1965 1958
f 1958 1965 1945
f 1957 1959 1722
f 1958 1959 1957
f 1930 1959 1960
f 1704 1919 1705
f 1705 1919 1921
f 1705 1921 1961
f 1961 1952 1962
f 1716 1715 1954
f 1964 1963 1936
f 1964 1936 1927
f 1964 1927 1956
f 1956 1965 1966
f 1966 1965 1957
f 1722 1959 1967
f 1967 1959 1930
f 1734 1967 1930
f 2009 1968 1982
f 1982 1984 2009
f 1984 2018 2009
f 1968 2009 1969
f 2009 1970 1969
f 2015 2018 2016
f 1969 1970 1971
f 1973 1971 1970
f 1973 1970 2008
f 2008 1970 1972
f 2008 1974 1973
f 1974 2008 1975
f 2021 2014 1972
f 1975 2013 1978
f 2021 2022 1976
f 2013 2014 2036
f 2013 1977 1978
f 2013 1980 1977
f 1979 1980 1981
f 1982 1983 1984
f 1985 1984 1983
f 1985 1983 1986
f 1990 1985 1986
f 1986 1991 1990
f 1987 1988 1989
f 1990 1991 2010
f 2010 1991 1992
f 1995 1988 2010
f 1993 2010 1992
f 1995 2010 1993
f 1995 1993 1998
f 2011 1994 2030
f 1995 1997 1996
f 1997 1995 1998
f 2003 1994 1996
f 1997 2000 1996
f 2003 1996 1999
f 1996 2000 1999
f 1999 2001 2003
f 2002 2020 2004
f 2004 2001 2005
f 2003 2001 2004
f 2034 2707 2662
f 2004 2005 2002
f 2659 2707 2002
f 2006 2002 2005
f 2007 2002 2006
f 2007 2660 2659
f 2007 2659 2002
f 1980 1979 1977
f 1975 2008 2014
f 2014 2013 1975
f 1972 2014 2008
f 2009 2015 1970
f 2015 1972 1970
f 2018 2015 2009
f 1990 2026 1985
f 1985 2018 1984
f 1990 2010 1987
f 1988 1987 2010
f 1995 1996 2011
f 1988 1995 2011
f 2012 2033 2020
f 1994 2011 1996
f 1994 2003 2004
f 2020 2002 2034
f 1980 2013 1335
f 2013 2036 1339
f 2021 2036 2014
f 2015 2017 1972
f 2021 1972 2017
f 2023 2016 1922
f 2016 2017 2015
f 1985 2024 2018
f 2016 2018 2024
f 2025 2026 2027
f 2026 2024 1985
f 1987 2019 1990
f 2026 1990 2019
f 2019 1987 1989
f 2011 2029 1988
f 2029 1989 1988
f 2029 2011 2030
f 2004 2032 1994
f 2032 2030 1994
f 2004 2020 2032
f 2002 2707 2034
f 1339 1335 2013
f 2037 1917 1976
f 2027 1923 2025
f 1976 1320 2036
f 2021 1976 2036
f 1976 2022 2037
f 2021 2017 2022
f 2023 2022 2017
f 2016 2023 2017
f 2016 2024 1922
f 2025 1922 2024
f 2026 2025 2024
f 2028 2027 2019
f 2026 2019 2027
f 2019 1989 2028
f 1926 2028 1989
f 1989 2029 1926
f 1933 1926 2029
f 2029 2030 1933
f 2031 1933 2030
f 2030 2032 2031
f 2033 2031 2032
f 2020 2033 2032
f 1931 2033 2012
f 2020 2034 2012
f 2034 2035 2012
f 2662 2035 2034
f 1320 1339 2036
f 1917 1320 1976
f 2037 2022 2023
f 1923 1922 2025
f 1937 2027 2028
f 1926 1937 2028
f 1934 1926 1933
f 1931 2031 2033
f 1931 2012 2038
f 2038 2012 2035
f 2038 2035 2704
f 2067 2040 2039
f 2044 2039 2041
f 2040 2041 2039
f 2044 2041 2042
f 2042 2043 2044
f 2042 2045 2043
f 2045 2042 2047
f 2047 2046 2045
f 2060 2046 2047
f 2050 2048 2051
f 2049 2050 2051
f 2048 2050 2052
f 2052 2053 2048
f 2054 2053 2052
f 2055 2053 2054
f 2055 2054 2057
f 2055 2057 2056
f 2057 2058 2056
f 2056 2058 2059
f 2059 2058 2042
f 2042 2041 2059
f 2060 2061 2062
f 2064 2063 2061
f 2062 2061 2063
f 2064 2065 2063
f 2066 2060 2062
f 2066 2046 2060
f 2067 2068 2040
f 2067 2069 2068
f 2073 2072 2069
f 2068 2069 2072
f 2073 2070 2071
f 2071 2072 2073
f 2074 2077 2070
f 2071 2070 2077
f 2076 2074 2075
f 2074 2076 2077
f 2079 2078 2076
f 2076 2075 2079
f 2080 2078 2079
f 2080 2079 2081
f 2080 2081 2082
f 2081 2085 2084
f 2084 2082 2081
f 2083 2084 2086
f 2085 2086 2084
f 2083 2088 2087
f 2088 2083 2086
f 2090 2089 2087
f 2087 2088 2090
f 2093 2089 2091
f 2090 2091 2089
f 2093 2092 2095
f 2092 2093 2091
f 2096 2094 2095
f 2095 2092 2096
f 2097 2094 2098
f 2096 2098 2094
f 2097 2098 2099
f 2100 2101 2102
f 2100 2102 2124
f 2103 2105 2121
f 2104 2105 2103
f 2106 2107 2109
f 2107 2108 2109
f 2110 2116 2115
f 2110 2115 2111
f 2112 2113 2114
f 2116 2112 2114
f 2115 2116 2114
f 2111 2117 2110
f 2111 2118 2117
f 2117 2118 2106
f 2106 2118 2107
f 2119 2109 2108
f 2120 2119 2108
f 2120 2121 2119
f 2120 2103 2121
f 2105 2104 2122
f 2122 2104 2123
f 2101 2122 2123
f 2102 2101 2123
f 2124 2099 2100
f 2124 2097 2099
f 3122 2125 1520
f 1520 2125 2140
f 2128 2126 3128
f 2127 2128 3128
f 2138 2139 2137
f 2129 2130 2136
f 2136 2133 2131
f 2133 2136 2132
f 2134 2131 3149
f 2133 3149 2131
f 2134 3149 2135
f 3154 2134 2135
f 2134 3154 3157
f 2136 2130 2132
f 2129 2137 2130
f 2138 2137 2129
f 2139 2138 2128
f 2139 2128 2127
f 2140 3128 2126
f 2140 2126 1520
f 2141 2143 2144
f 2142 3123 3113
f 2145 2144 2143
f 2145 2143 2142
f 2145 2151 2144
f 2146 2151 2145
f 3113 2146 2145
f 2151 2146 3122
f 3113 2145 2142
f 2633 2149 2179
f 2147 2179 2149
f 2633 2148 2149
f 2172 2153 1525
f 2164 2152 2167
f 2158 2150 2144
f 2155 2144 2151
f 2167 2170 2164
f 2152 2164 2161
f 2167 1526 2170
f 1526 1525 2153
f 1524 2178 2172
f 2176 2178 1524
f 2179 2176 1522
f 2141 2144 2154
f 1527 2155 2151
f 2144 2155 2158
f 2156 2144 2150
f 2156 2154 2144
f 2155 1527 2158
f 2156 2150 2157
f 1506 2158 1527
f 2157 2150 2160
f 2150 2158 2161
f 1506 2161 2158
f 2160 2150 2164
f 2164 2159 2160
f 2161 2164 2150
f 2162 2159 2164
f 2163 2162 2164
f 2152 2161 1506
f 2163 2164 2165
f 2166 2165 2164
f 1374 2167 2152
f 2169 2164 2170
f 2169 2166 2164
f 1526 2153 2170
f 2168 2169 2170
f 2168 2170 2171
f 2172 2178 2153
f 2171 2170 2173
f 2153 2173 2170
f 2175 2173 2153
f 2178 2176 2179
f 2174 2153 2178
f 2174 2175 2153
f 2178 2177 2174
f 1523 1522 2176
f 2177 2178 2179
f 2177 2179 2181
f 1522 2180 2179
f 2181 2179 2182
f 2180 2633 2179
f 2147 2182 2179
f 2180 2635 2633
f 2199 2183 2194
f 2195 2184 2194
f 2194 2185 2186
f 2187 2188 2189
f 2188 2190 2191
f 2191 2189 2188
f 2190 2195 2186
f 2191 2190 2186
f 2192 2195 2190
f 2193 2194 2196
f 2195 2194 2186
f 2196 2194 2184
f 2193 2196 2197
f 2198 2199 2193
f 2193 2199 2194
f 2244 2200 2201
f 2202 2235 2203
f 2204 2200 2244
f 2201 2205 2244
f 2213 2234 2210
f 2209 2211 2208
f 2208 2206 2207
f 2206 2208 2202
f 2208 2207 2209
f 2210 2234 2211
f 2208 2211 2234
f 2212 2234 2213
f 2214 2233 2232
f 2215 2223 2226
f 2227 2215 2228
f 2223 2233 2216
f 2221 2216 2217
f 2223 2224 2225
f 2221 2218 2222
f 2221 2219 2220
f 2221 2222 2219
f 2220 2224 2221
f 2223 2221 2224
f 2225 2226 2223
f 2227 2228 2229
f 2228 2230 2229
f 2227 2223 2215
f 2221 2223 2216
f 2216 2233 2231
f 2233 2214 2231
f 2233 2212 2232
f 2212 2233 2234
f 2208 2236 2235
f 2235 2202 2208
f 2236 2208 2237
f 2208 2239 2237
f 2208 2238 2239
f 2241 2238 2208
f 2238 2241 2240
f 2241 2243 2240
f 2241 2242 2243
f 2244 2242 2241
f 2242 2244 2205
f 2245 2200 2204
f 2279 2278 2246
f 2293 2247 2248
f 2251 2249 2292
f 2290 2289 2250
f 2290 2250 2251
f 2287 2288 2291
f 2252 2254 2253
f 2256 2254 2255
f 2256 2285 2257
f 2284 2258 2286
f 2257 2286 2258
f 2284 2259 2260
f 2260 2258 2284
f 2265 2261 2262
f 2262 2259 2263
f 2283 2269 2264
f 2264 2261 2265
f 2265 2283 2264
f 2266 2267 2268
f 2267 2266 2269
f 2270 2281 2272
f 2281 2271 2272
f 2273 2274 2277
f 2274 2275 2277
f 2275 2274 2276
f 2273 2277 2278
f 2278 2279 2273
f 2279 2246 2271
f 2280 2271 2281
f 2279 2271 2280
f 2281 2270 2282
f 2270 2268 2282
f 2282 2268 2267
f 2267 2269 2283
f 2262 2263 2265
f 2259 2284 2263
f 2257 2285 2286
f 2256 2255 2285
f 2254 2252 2255
f 2253 2287 2252
f 2253 2288 2287
f 2288 2289 2291
f 2290 2291 2289
f 2250 2249 2251
f 2248 2292 2249
f 2247 2292 2248
f 2293 2248 2294
f 2328 2331 2324
f 2317 2295 2318
f 2296 2317 2318
f 2315 2314 2296
f 2297 2298 2299
f 2295 2320 2319
f 2299 2298 2307
f 2301 2321 2300
f 2301 2322 2302
f 2303 2304 2302
f 2307 2305 2299
f 2306 2305 2307
f 2306 2311 2305
f 2308 2311 2306
f 2304 2303 2323
f 2309 2311 2308
f 2309 2310 2311
f 2325 2312 2313
f 2316 2298 2297
f 2314 2316 2297
f 2314 2315 2316
f 2296 2314 2317
f 2318 2295 2319
f 2319 2320 2321
f 2320 2300 2321
f 2300 2322 2301
f 2322 2303 2302
f 2304 2323 2312
f 2312 2323 2313
f 2324 2325 2326
f 2313 2326 2325
f 2327 2324 2326
f 2328 2324 2327
f 2331 2328 2329
f 2330 2331 2329
f 2330 2333 2331
f 2330 2332 2333
f 3677 2353 3676
f 3673 3674 2354
f 2362 3686 2363
f 3678 2357 3677
f 2357 3678 2334
f 2335 2357 2334
f 3856 2335 2334
f 2365 2357 2335
f 2353 3677 2357
f 2370 2369 2371
f 2420 2419 2336
f 2352 2359 2364
f 2461 2337 2444
f 2461 2460 2337
f 3674 3676 2338
f 2339 2340 3686
f 2340 2339 3673
f 2363 3686 2340
f 2413 2390 2341
f 2486 2470 2485
f 2338 2354 3674
f 2375 2385 2367
f 2416 2402 2342
f 2343 2344 2345
f 2346 2435 2466
f 2467 2486 2343
f 2458 2347 2471
f 2348 2349 2490
f 2471 2488 2458
f 2479 1587 2350
f 3856 2351 2335
f 2364 2370 2352
f 3676 2353 2358
f 2340 3673 2354
f 2375 2363 2361
f 2356 2355 3661
f 2355 2376 3662
f 2356 3661 2362
f 3670 3662 2376
f 3843 2365 2335
f 2359 2357 2365
f 2353 2357 2359
f 2358 2353 2352
f 2358 2338 3676
f 2353 2359 2352
f 2338 2360 2354
f 2354 2373 2340
f 2338 2358 2360
f 2340 2361 2363
f 2360 2373 2354
f 2361 2340 2373
f 2363 2356 2362
f 2375 2356 2363
f 3661 2355 3662
f 2351 3843 2335
f 2364 2365 2381
f 2364 2359 2365
f 2358 2366 2360
f 2358 2352 2366
f 2367 2379 2356
f 2375 2367 2356
f 2379 2355 2356
f 2355 2379 2387
f 3843 3845 2365
f 2381 3845 2368
f 3845 2381 2365
f 2377 2383 2369
f 2364 2381 2370
f 2366 2352 2371
f 2352 2370 2371
f 2372 2373 2360
f 2360 2366 2372
f 2361 2386 2375
f 2373 2372 2374
f 2374 2386 2361
f 2375 2386 2385
f 2355 2387 2376
f 2393 2376 2387
f 2377 2381 2380
f 2377 2370 2381
f 2369 2370 2377
f 2366 2388 2372
f 2366 2371 2388
f 2374 2361 2373
f 2403 2379 2378
f 2385 2378 2367
f 2367 2378 2379
f 2393 2387 2404
f 2403 2404 2387
f 2380 2381 2368
f 2394 2383 2377
f 2396 2382 2383
f 2369 2382 2371
f 2382 2369 2383
f 2384 2388 2371
f 2371 2382 2384
f 2372 2401 2374
f 2374 2401 2386
f 2372 2388 2401
f 2386 2391 2385
f 2391 2386 2401
f 2378 2385 2391
f 2378 2402 2403
f 2379 2403 2387
f 2394 2377 2380
f 3830 2395 2394
f 2399 2395 3830
f 2395 2396 2383
f 2384 2382 2397
f 2384 2397 2388
f 2397 2382 2396
f 2388 2397 2408
f 2391 2401 2409
f 2401 2408 2389
f 2401 2389 2409
f 2391 2390 2378
f 2390 2413 2415
f 2409 2341 2391
f 2403 2402 2392
f 2390 2391 2341
f 2392 2405 2404
f 2393 2404 2405
f 2395 2383 2394
f 3831 2399 3830
f 3831 2410 2399
f 2395 2399 2396
f 2397 2396 2398
f 2399 2398 2396
f 2397 2400 2408
f 2397 2398 2400
f 2408 2401 2388
f 2390 2402 2378
f 2403 2392 2404
f 2405 2418 2393
f 2406 2410 3831
f 2410 2398 2399
f 2410 2411 2398
f 2411 2421 2412
f 2400 2411 2412
f 2412 2407 2408
f 2412 2408 2400
f 2389 2407 2414
f 2407 2389 2408
f 2409 2414 2413
f 2414 2409 2389
f 2413 2341 2409
f 2392 2417 2405
f 2406 2420 2410
f 2420 2411 2410
f 2411 2400 2398
f 2407 2412 2421
f 2428 2413 2423
f 2413 2414 2423
f 2415 2413 2428
f 2342 2390 2415
f 2342 2402 2390
f 2416 2392 2402
f 2405 2417 2418
f 2392 2416 2417
f 2430 2418 2417
f 2406 2419 2420
f 2420 2421 2411
f 2422 2421 2336
f 2336 2421 2420
f 2424 2414 2422
f 2422 2407 2421
f 2414 2407 2422
f 2423 2414 2424
f 2342 2427 2429
f 2431 2434 2419
f 2432 2448 2446
f 2336 2419 2434
f 2336 2434 2433
f 2433 2422 2336
f 2433 2425 2422
f 2439 2424 2425
f 2425 2424 2422
f 2426 2423 2439
f 2439 2423 2424
f 2441 2428 2426
f 2426 2428 2423
f 2415 2441 2427
f 2441 2415 2428
f 2415 2427 2342
f 2429 2416 2342
f 2430 2417 2442
f 2431 2419 2406
f 2436 2448 2432
f 2432 2434 2436
f 2437 2433 2432
f 2432 2433 2434
f 2437 2425 2433
f 2429 2435 2346
f 2429 2442 2416
f 2416 2442 2417
f 2431 2436 2434
f 2446 2448 2449
f 2445 2437 2446
f 2446 2437 2432
f 2425 2445 2438
f 2445 2425 2437
f 2439 2438 2453
f 2438 2439 2425
f 2447 2426 2453
f 2453 2426 2439
f 2440 2441 2447
f 2447 2441 2426
f 2427 2440 2435
f 2440 2427 2441
f 2427 2435 2429
f 2346 2442 2429
f 2346 2457 2442
f 2443 2442 2457
f 2442 2443 2430
f 2474 2475 2444
f 2449 2450 2445
f 2449 2445 2446
f 2438 2445 2450
f 2453 2455 2447
f 2440 2447 2455
f 2449 2459 2460
f 2449 2448 2459
f 2450 2449 2460
f 2460 2451 2450
f 2450 2451 2438
f 2438 2452 2453
f 2451 2452 2438
f 2453 2454 2455
f 2452 2454 2453
f 2455 2464 2456
f 2435 2440 2456
f 2455 2456 2440
f 2456 2466 2435
f 2346 2466 2469
f 2469 2471 2347
f 2457 2469 2347
f 2458 2443 2457
f 2459 2337 2460
f 2460 2461 2451
f 2461 2463 2451
f 2451 2463 2452
f 2454 2464 2455
f 2466 2470 2469
f 2490 2462 2348
f 2346 2469 2457
f 2457 2347 2458
f 2461 2444 2475
f 2461 2475 2463
f 2463 2475 2476
f 2452 2463 2476
f 2454 2452 2473
f 2452 2476 2473
f 2473 2464 2454
f 2464 2465 2456
f 2478 2466 2456
f 2465 2478 2456
f 2467 2468 2486
f 2478 2470 2466
f 2487 2462 2490
f 2469 2470 2471
f 2475 2474 2482
f 2472 2475 2482
f 1635 2476 2472
f 1569 2473 1635
f 2473 2477 2465
f 2465 2464 2473
f 2482 2474 2481
f 2483 2481 2480
f 2472 2482 2483
f 2476 2475 2472
f 1635 2472 1627
f 2473 2476 1635
f 1569 2477 2473
f 2485 2478 2484
f 2470 2486 2471
f 2471 2486 2488
f 2491 2488 2479
f 2488 2491 2458
f 3844 2480 2481
f 2482 2481 2483
f 2472 2483 1627
f 2477 2484 2465
f 2478 2465 2484
f 2470 2478 2485
f 2344 2486 2485
f 2490 2468 2487
f 2490 2486 2468
f 2490 2479 2488
f 3847 2480 3844
f 2486 2344 2343
f 2488 2486 2490
f 2349 2489 2490
f 2479 2490 1587
f 2350 2491 2479
f 2492 2629 2493
f 2498 2497 2494
f 2494 2495 2498
f 2603 2495 2496
f 2498 2495 2603
f 2610 2497 2498
f 2609 2605 2499
f 2500 2596 2597
f 2501 2609 2602
f 2502 2600 2609
f 2503 2609 2505
f 2504 2619 2599
f 2609 2506 2505
f 2506 2609 2592
f 2609 2588 2591
f 2613 2507 2508
f 2612 2509 2613
f 2587 2609 2585
f 2509 2584 2510
f 2609 2511 2586
f 2583 2609 2581
f 2579 2629 2509
f 2578 2512 2629
f 2609 2567 2569
f 2515 2629 2513
f 2568 2513 2629
f 2514 2609 2564
f 2515 2516 2629
f 2517 2629 2518
f 2518 2629 2519
f 2562 2520 2629
f 2521 2522 2629
f 2523 2629 2524
f 2525 2629 2526
f 2526 2629 2550
f 2527 2629 2551
f 2528 2543 2629
f 2529 2530 2629
f 2531 2629 2532
f 2527 2528 2629
f 2535 2629 2544
f 2629 2533 2534
f 2539 2629 2538
f 2535 2536 2629
f 2629 2537 2538
f 2545 2629 2536
f 2532 2629 2539
f 2540 2541 2629
f 2629 2534 2540
f 2629 2541 2542
f 2629 2531 2533
f 2629 2530 2546
f 2629 2542 2529
f 2543 2544 2629
f 2545 2537 2629
f 2546 2548 2629
f 2547 2629 2548
f 2629 2547 2549
f 2549 2550 2629
f 2551 2629 2552
f 2493 2629 2525
f 2629 2553 2552
f 2629 2554 2553
f 2629 2556 2554
f 2492 2555 2629
f 2523 2556 2629
f 2557 2629 2555
f 2629 2558 2524
f 2557 2521 2629
f 2558 2629 2559
f 2561 2609 2522
f 2520 2559 2629
f 2560 2609 2561
f 2628 2609 2560
f 2562 2629 2517
f 2609 2627 2626
f 2563 2565 2609
f 2519 2629 2516
f 2564 2609 2565
f 2566 2609 2514
f 2625 2567 2609
f 2629 2571 2568
f 2570 2609 2569
f 2609 2570 2623
f 2571 2629 2574
f 2609 2624 2572
f 2629 2573 2574
f 2629 2512 2573
f 2609 2575 2577
f 2576 2609 2577
f 2578 2629 2579
f 2580 2609 2622
f 2581 2609 2580
f 2579 2509 2582
f 2582 2509 2510
f 2609 2583 2511
f 2509 2612 2584
f 2585 2609 2586
f 2609 2587 2589
f 2588 2609 2589
f 2615 2590 2611
f 2609 2591 2592
f 2594 2593 2616
f 2594 2620 2593
f 2503 2595 2609
f 2595 2502 2609
f 2596 2599 2597
f 2598 2599 2596
f 2600 2601 2609
f 2601 2602 2609
f 2604 2597 2603
f 2604 2500 2597
f 2621 2604 2603
f 2605 2609 2501
f 2609 2499 2608
f 2606 2609 2607
f 2609 2608 2607
f 2498 2609 2606
f 2498 2606 2610
f 2613 2611 2614
f 2508 2612 2613
f 2614 2507 2613
f 2590 2614 2611
f 2616 2615 2611
f 2616 2617 2615
f 2609 2630 2629
f 2593 2618 2616
f 2617 2616 2618
f 2620 2619 2504
f 2619 2620 2594
f 2504 2599 2598
f 2621 2603 2496
f 2609 2572 2575
f 2576 2622 2609
f 2623 2624 2609
f 2566 2625 2609
f 2626 2563 2609
f 2627 2609 2628
f 2522 2609 2629
f 2630 2609 2631
f 2643 5415 2648
f 5416 2643 2632
f 2637 2645 2644
f 2637 2636 1578
f 2633 2636 2634
f 1578 2636 2633
f 2148 2633 2634
f 2635 1578 2633
f 2634 2636 2638
f 1577 2641 1578
f 1578 2641 2637
f 2640 2638 2636
f 2636 2639 2640
f 2637 2641 2645
f 2636 2642 2639
f 2637 2643 2636
f 2643 2637 2644
f 2641 1576 2645
f 2636 2646 2642
f 2646 2636 2643
f 2646 2643 2647
f 2643 2648 2647
f 2643 2644 1575
f 2649 2650 2651
f 2879 2689 2693
f 2652 2690 2653
f 2650 2653 2654
f 2695 2694 2655
f 2656 2689 2657
f 2654 2651 2650
f 2707 2658 2742
f 2707 2659 2658
f 2659 2660 2658
f 2660 2661 2658
f 2035 2662 2704
f 2689 2656 2697
f 2687 2686 2839
f 2682 1960 1928
f 2663 2717 2863
f 2863 2717 2795
f 2664 2665 2862
f 2720 2663 2666
f 2671 2852 2667
f 2849 2858 2904
f 2904 2858 2865
f 2787 2765 2786
f 2668 2732 2669
f 2669 2732 2670
f 2960 2963 2954
f 2941 2933 2766
f 2954 2766 2933
f 2669 2670 1727
f 1727 2733 2669
f 2722 2733 1727
f 2671 2672 2673
f 2853 2671 2673
f 2862 2674 2675
f 2862 2860 2674
f 2666 2862 2676
f 2677 2663 2719
f 1811 2678 2680
f 2678 1805 2679
f 2678 2679 2680
f 2681 2748 2749
f 1734 2748 2681
f 1734 1960 2748
f 1960 2682 2748
f 2684 2683 2682
f 2756 2776 2683
f 1928 2684 2682
f 2750 2756 2685
f 2704 2684 1928
f 2686 2687 2848
f 2694 2698 2688
f 2694 2689 2698
f 2650 2652 2653
f 2690 2652 2691
f 2692 2691 2652
f 2695 2692 2652
f 2652 2693 2694
f 2652 2694 2695
f 2696 2655 2694
f 2694 2688 2696
f 2689 2694 2693
f 2697 2698 2689
f 2657 2689 2699
f 2700 2686 2702
f 2686 2847 2702
f 2700 2839 2686
f 2703 2702 2847
f 2701 2702 2703
f 2757 2779 2820
f 2685 2704 2662
f 2710 2757 2760
f 2758 2780 2705
f 2782 2758 2706
f 2763 2706 2758
f 2742 2662 2707
f 2661 2708 2743
f 2764 2743 2708
f 2712 2709 2758
f 2705 2710 2783
f 2705 2713 2758
f 2713 2711 2712
f 2809 2713 2714
f 2713 2650 2714
f 2714 2650 2715
f 2650 2649 2715
f 2663 2716 2717
f 2716 2663 2718
f 2663 2677 2718
f 2721 2734 1782
f 2719 2663 2720
f 2862 2666 2663
f 2665 2676 2862
f 2738 2734 2721
f 1782 2734 2722
f 2675 2664 2862
f 2734 2733 2722
f 2723 2672 2671
f 2803 2724 2833
f 2768 2735 2804
f 2725 1811 2739
f 2741 2771 2739
f 2739 1811 2680
f 2679 1805 2726
f 1805 2727 2726
f 2727 1837 2726
f 2728 2726 1837
f 2728 1837 2729
f 2681 2749 2729
f 2845 2795 2817
f 2730 2731 2795
f 2732 2963 2670
f 2941 2766 2931
f 2734 2745 2733
f 2738 2752 2734
f 2754 2721 2725
f 2735 2736 2737
f 2754 2738 2721
f 2754 2725 2739
f 2740 2736 2741
f 2815 2740 2726
f 2756 2684 2704
f 2778 2823 2779
f 2704 2685 2756
f 2759 2758 2781
f 2662 2742 2760
f 2742 2743 2760
f 2742 2658 2743
f 2743 2658 2661
f 2732 2954 2963
f 2732 2766 2954
f 2766 2732 2668
f 2733 2744 2669
f 2668 2669 2744
f 2745 2744 2733
f 2746 2770 2789
f 2734 2752 2745
f 2746 2738 2754
f 2746 2752 2738
f 2739 2680 2755
f 2679 2755 2680
f 2679 2726 2755
f 2728 2747 2726
f 2728 2729 2747
f 2749 2747 2729
f 2682 2683 2748
f 2683 2749 2748
f 2684 2756 2683
f 2757 2750 2685
f 2685 2662 2760
f 2743 2764 2760
f 2751 2752 2788
f 2770 2754 2771
f 2770 2746 2754
f 2736 2753 2813
f 2754 2739 2771
f 2755 2741 2739
f 2726 2740 2755
f 2747 2815 2726
f 2761 2776 2797
f 2776 2756 2750
f 2760 2757 2685
f 2758 2759 2779
f 2764 2710 2760
f 2710 2705 2780
f 2710 2708 2783
f 2786 2668 2744
f 2744 2745 2784
f 2668 2786 2765
f 2744 2784 2786
f 2751 2745 2752
f 2784 2745 2751
f 2746 2789 2788
f 2752 2746 2788
f 2741 2755 2740
f 2747 2749 2798
f 2761 2749 2683
f 2761 2798 2749
f 2683 2776 2761
f 2762 2800 2779
f 2757 2710 2780
f 2801 2763 2758
f 2764 2708 2710
f 2931 2766 2765
f 2765 2766 2668
f 2767 2768 2769
f 2770 2791 2789
f 2771 2772 2791
f 2770 2771 2791
f 2741 2736 2772
f 2772 2771 2741
f 2773 2794 2774
f 2740 2815 2794
f 2795 2775 2815
f 2747 2817 2815
f 2777 2776 2750
f 2777 2797 2776
f 2820 2750 2757
f 2777 2750 2820
f 2823 2702 2701
f 2779 2799 2778
f 2779 2757 2780
f 2758 2779 2780
f 2781 2758 2782
f 2705 2783 2713
f 2810 2931 2765
f 2784 2812 2786
f 2765 2787 2810
f 2785 2784 2751
f 2786 2812 2787
f 2803 2751 2788
f 2784 2785 2812
f 2803 2788 2790
f 2803 2785 2751
f 2789 2790 2788
f 2791 2790 2789
f 2790 2791 2768
f 2794 2736 2740
f 2792 2794 2793
f 2794 2814 2793
f 2808 2826 2815
f 2795 2796 2775
f 2817 2747 2798
f 2761 2797 2798
f 2847 2854 2838
f 2820 2701 2777
f 2799 2779 2800
f 2762 2779 2759
f 2801 2758 2709
f 2712 2758 2713
f 2810 2802 2931
f 2790 2724 2803
f 2768 2804 2805
f 2768 2791 2772
f 2772 2735 2768
f 2772 2736 2735
f 2794 2773 2736
f 2806 2807 2794
f 2775 2808 2815
f 2817 2795 2815
f 2798 2818 2817
f 2798 2797 2818
f 2797 2827 2819
f 2827 2797 2777
f 2777 2701 2827
f 2701 2820 2823
f 2822 2700 2823
f 2809 2711 2713
f 2810 2824 2802
f 2824 2787 2811
f 2824 2810 2787
f 2811 2787 2812
f 2811 2785 2833
f 2811 2812 2785
f 2785 2803 2833
f 2805 2769 2768
f 2790 2768 2844
f 2813 2737 2736
f 2773 2753 2736
f 2807 2774 2794
f 2792 2806 2794
f 2814 2794 2815
f 2795 2816 2796
f 2818 2845 2817
f 2818 2797 2819
f 2828 2846 2864
f 2820 2779 2823
f 2702 2823 2700
f 2823 2821 2822
f 2778 2821 2823
f 2922 2802 2824
f 2842 2922 2824
f 2831 2842 2824
f 2831 2824 2811
f 2831 2811 2833
f 2667 2724 2844
f 2667 2833 2724
f 2844 2825 2834
f 2836 2825 2768
f 2724 2790 2844
f 2815 2826 2814
f 2731 2816 2795
f 2845 2818 2864
f 2818 2819 2864
f 4086 2846 2837
f 2819 2827 2828
f 2700 2830 2841
f 2700 2829 2830
f 2829 2700 2822
f 2842 2831 2832
f 2831 2852 2832
f 2667 2852 2833
f 2852 2831 2833
f 2834 2835 2671
f 2671 2844 2834
f 2768 2825 2844
f 2767 2836 2768
f 2819 2828 2864
f 2827 2838 2837
f 2827 2837 2828
f 2701 2703 2838
f 2701 2838 2827
f 2840 2839 2700
f 2840 2700 2841
f 2849 2922 2842
f 2832 2843 2842
f 2856 2842 2843
f 2852 2851 2843
f 2832 2852 2843
f 2671 2835 2723
f 2667 2844 2671
f 2717 2730 2795
f 2863 2795 2845
f 2837 2846 2828
f 2854 2837 2838
f 2854 2847 2689
f 2848 2699 2686
f 2699 2689 2686
f 2849 2842 2856
f 2843 2850 2856
f 2856 2850 2858
f 2850 2843 2851
f 2671 2872 2852
f 2852 2872 2851
f 2671 2860 2872
f 2674 2860 2853
f 2671 2853 2860
f 2845 2864 2863
f 2854 2855 2837
f 2838 2703 2847
f 2686 2689 2847
f 2849 2856 2858
f 2850 2857 2858
f 2858 2857 2865
f 2851 2859 2850
f 2850 2859 2857
f 2851 2872 2859
f 2860 2861 2872
f 2860 2862 2861
f 2862 2663 2876
f 2862 2876 2875
f 2663 2863 2877
f 2864 2846 2863
f 2837 2855 4086
f 5777 4080 2854
f 2689 2879 2854
f 2906 2904 2865
f 2865 2857 2866
f 2866 2857 2867
f 2867 2857 2868
f 2857 2859 2868
f 2868 2859 2869
f 2869 2859 2871
f 2872 2870 2871
f 2871 2859 2872
f 2873 2870 2872
f 2872 2861 2873
f 2874 2861 2862
f 2862 2875 2874
f 2876 2663 2877
f 2878 2863 2846
f 2878 2846 4086
f 2854 4080 2855
f 5777 2854 2879
f 2881 3011 2880
f 3011 2881 3012
f 3011 2882 2880
f 3012 3018 2883
f 3013 2882 3011
f 3013 2884 2882
f 2888 2884 3013
f 2885 2886 2892
f 2892 2887 2885
f 2964 2945 2946
f 3812 3814 3006
f 2896 3666 2985
f 2948 2940 2959
f 2892 2893 2998
f 2888 3013 2889
f 2889 3013 2890
f 2892 2890 3013
f 2890 2892 2891
f 2891 2892 2886
f 3004 2887 2892
f 2998 3004 2892
f 3009 2998 2893
f 2894 2953 2959
f 4200 4196 2914
f 2971 2959 2953
f 2952 2991 2895
f 2969 2971 2962
f 2916 2914 4196
f 2992 2991 2896
f 4196 4202 2916
f 3806 2897 3798
f 3666 2896 3806
f 2898 2985 3666
f 2899 3666 2900
f 2899 2993 3666
f 4202 3682 5461
f 4200 2913 2909
f 2923 2919 4199
f 4184 4199 2920
f 4184 2920 2903
f 2902 4184 2903
f 2901 2902 2903
f 2906 2908 2904
f 2902 2901 2911
f 2911 2905 2902
f 4181 2908 2906
f 2905 2911 2908
f 2904 2908 2907
f 2849 2904 2907
f 2905 2908 4181
f 2907 2908 2911
f 2911 2901 2903
f 2909 2913 2923
f 4199 2919 2920
f 4199 2909 2923
f 4200 2914 2926
f 2916 4202 5461
f 2849 2907 2910
f 2911 2912 2907
f 2912 2918 2910
f 2912 2911 2903
f 2920 2912 2903
f 2913 4200 2926
f 2916 2921 2914
f 2915 2921 2916
f 5461 2915 2916
f 2802 2922 2925
f 2912 2910 2907
f 2917 2925 2918
f 2918 2912 2920
f 2919 2923 2920
f 2918 2920 2923
f 2921 2924 2914
f 2849 2910 2922
f 2925 2922 2910
f 2923 2917 2918
f 2917 2923 2929
f 2923 2913 2929
f 2928 2924 2935
f 2929 2926 2924
f 2921 2927 2924
f 2926 2914 2924
f 2802 2925 2936
f 2918 2925 2910
f 2932 2936 2938
f 2924 2928 2929
f 2929 2913 2926
f 2935 2924 2927
f 2944 2935 2927
f 2925 2917 2936
f 2938 2917 2929
f 2917 2938 2936
f 2928 2930 2929
f 2938 2929 2930
f 2939 2944 2940
f 2934 2928 2935
f 2944 2927 3804
f 2921 3804 2927
f 2931 2802 2936
f 2932 2942 2933
f 2934 2930 2928
f 2934 2935 2939
f 3804 3803 2944
f 2935 2944 2939
f 2931 2936 2932
f 2938 2937 2932
f 2930 2943 2938
f 2938 2943 2937
f 2930 2950 2943
f 2934 2939 2947
f 2930 2934 2950
f 2947 2950 2934
f 2944 2894 2940
f 2940 2947 2939
f 2941 2932 2933
f 2942 2932 2937
f 2937 2943 2942
f 2950 2946 2943
f 2894 2959 2940
f 2944 3803 2894
f 2949 2894 3803
f 2941 2931 2932
f 2945 2942 2943
f 2946 2945 2943
f 2950 2958 2946
f 2940 2948 2947
f 2948 2966 2965
f 2947 2948 2958
f 2894 2949 2953
f 2942 2961 2933
f 2945 2961 2942
f 2958 2950 2947
f 2958 2965 2957
f 2972 2968 2951
f 2990 2984 2952
f 2971 2953 2949
f 2971 2949 2962
f 2954 2933 2961
f 2945 2955 2961
f 2974 2964 2957
f 2964 2955 2945
f 2957 2965 2956
f 2946 2957 2964
f 2958 2948 2965
f 2966 2959 2971
f 2966 2948 2959
f 2960 2961 2955
f 2957 2946 2958
f 2962 2973 2969
f 2960 2954 2961
f 2960 2978 2963
f 2978 2955 2975
f 2978 2960 2955
f 2964 2975 2955
f 2964 2974 2975
f 2957 2956 2974
f 2956 2965 2967
f 2965 2966 2967
f 2966 2968 2967
f 2971 2970 2968
f 2966 2971 2968
f 2970 2969 2973
f 2970 2971 2969
f 2951 2983 2972
f 3798 2897 2973
f 2970 2973 2897
f 3798 2973 2962
f 3000 2978 2975
f 3000 2975 2987
f 2974 2987 2975
f 2988 2974 2956
f 2974 2988 2987
f 2976 2977 2967
f 2967 2977 2956
f 2972 2976 2968
f 2968 2970 2951
f 2978 3000 2979
f 2988 2956 2977
f 2980 2995 2983
f 2980 2983 2981
f 2967 2968 2976
f 2983 2984 2982
f 2970 2952 2951
f 2897 2952 2970
f 2987 3001 3000
f 2982 2981 2983
f 2897 2896 2952
f 2896 2897 3806
f 2976 2996 2977
f 2983 2951 2984
f 2896 2985 2986
f 2987 3008 3001
f 2988 3008 2987
f 3007 3008 2988
f 2996 3007 2977
f 2977 3007 2988
f 2995 2989 2998
f 2998 2972 2983
f 2952 2984 2951
f 2895 2990 2952
f 2896 2991 2952
f 2896 2986 2992
f 2993 2898 3666
f 3000 2994 2979
f 2996 2976 2998
f 2976 2972 2998
f 2998 2983 2995
f 2994 3000 3020
f 2997 3007 2996
f 2997 2998 3009
f 2997 2996 2998
f 2998 2999 3002
f 2989 2999 2998
f 3000 3001 3020
f 3001 3008 3022
f 3002 3003 2998
f 3004 2998 3003
f 3022 3020 3001
f 3005 3007 2997
f 3005 2997 3010
f 3018 3006 3814
f 3007 3023 3008
f 3022 3008 3023
f 3023 3007 3005
f 3009 2893 3017
f 2997 3009 3010
f 3010 3009 3017
f 2892 3016 2893
f 3013 3016 2892
f 3011 3012 2883
f 2893 3016 3017
f 3013 3011 3025
f 3013 3025 3016
f 3011 2883 3025
f 3010 3014 3005
f 3017 3015 3010
f 3010 3015 3014
f 3016 3027 3017
f 3025 3027 3016
f 3018 3019 2883
f 3020 3022 2994
f 3023 3005 3014
f 3024 3015 3027
f 3015 3017 3027
f 3021 3026 2883
f 3026 3025 2883
f 3022 3023 2994
f 3027 3026 3024
f 3025 3026 3027
f 3021 2883 3813
f 3019 3813 2883
f 3032 3028 3029
f 3029 3028 3030
f 3028 3032 3031
f 3031 3032 3033
f 3034 3031 3033
f 3036 3034 3033
f 3036 3038 3035
f 3035 3034 3036
f 3037 3035 3038
f 3039 3040 3037
f 3042 3040 3039
f 3057 3041 3039
f 3042 3039 3041
f 3043 3046 3044
f 3045 3056 3043
f 3054 3044 3046
f 3053 3047 3048
f 3053 3048 3049
f 3049 3051 3050
f 3051 3049 3048
f 3053 3052 3047
f 3052 3053 3055
f 3054 3052 3055
f 3044 3054 3055
f 3046 3043 3056
f 3045 3057 3056
f 3041 3057 3045
f 3040 3035 3037
f 3029 3030 3059
f 3058 3059 3030
f 3060 3059 3058
f 3058 3061 3060
f 3060 3061 3063
f 3061 3062 3063
f 3065 3067 3064
f 3065 3066 3067
f 3071 3068 3069
f 3069 3070 3071
f 3072 3075 3073
f 3072 3074 3075
f 3076 3078 3107
f 3107 3078 3077
f 3078 3080 3077
f 3080 3104 3077
f 3079 3104 3080
f 3079 3105 3104
f 3102 3105 3081
f 3103 3102 3081
f 3099 3082 3083
f 3083 3082 3100
f 3083 3084 3099
f 3084 3098 3097
f 3086 3087 3085
f 3086 3098 3087
f 3088 3089 3094
f 3089 3088 3090
f 3091 3094 3089
f 3091 3092 3093
f 3093 3094 3091
f 3092 3095 3093
f 3095 3096 3093
f 3096 3095 3085
f 3087 3096 3085
f 3086 3097 3098
f 3097 3099 3084
f 3082 3103 3100
f 3101 3105 3102
f 3100 3103 3081
f 3104 3105 3101
f 3106 3107 3108
f 3107 3106 3076
f 3108 3109 3110
f 3110 3106 3108
f 2140 3115 3114
f 3119 3120 3111
f 3112 3121 3113
f 3116 3114 3115
f 3117 3116 3111
f 3116 3115 3119
f 3116 3117 3118
f 3116 3119 3111
f 3115 3120 3119
f 3120 3115 2125
f 2140 2125 3115
f 3111 3120 3121
f 3122 2146 2125
f 3120 2125 2146
f 2146 3113 3120
f 3121 3120 3113
f 3113 3123 3112
f 3118 3129 3116
f 3118 3124 3129
f 3116 3129 3132
f 3137 3132 3129
f 3143 3141 3146
f 3125 4558 4562
f 3139 3145 2137
f 3130 3137 3138
f 3137 3134 3141
f 3116 3132 3114
f 3114 3126 2140
f 3126 3128 2140
f 3129 3127 3133
f 3127 3129 3124
f 3126 2127 3128
f 3132 3126 3114
f 3137 3129 3133
f 3130 3131 3126
f 3130 3132 3137
f 3132 3130 3126
f 3131 2139 2127
f 3136 3137 3133
f 3137 3135 3134
f 3126 3131 2127
f 3134 3142 3141
f 3135 3137 3136
f 3131 3130 3139
f 2137 3131 3139
f 3131 2137 2139
f 3141 3138 3137
f 3138 3139 3130
f 3138 3145 3139
f 3140 3141 3142
f 3143 3144 3148
f 2133 2132 3147
f 3147 2130 3145
f 3146 3141 3140
f 3143 3147 3145
f 3138 3141 3143
f 3138 3143 3145
f 3145 2130 2137
f 3147 2132 2130
f 3144 3143 3146
f 3149 2133 3150
f 3150 2133 3147
f 3143 3150 3147
f 3143 4562 3150
f 3148 4562 3143
f 4562 3148 3125
f 3149 3150 2135
f 4562 4561 3150
f 4561 3154 2135
f 4561 2135 3150
f 3153 3152 3151
f 3152 3153 3156
f 3152 3156 3154
f 3156 3155 3157
f 3156 3157 3154
f 3206 3207 3205
f 3158 3159 3204
f 3203 3160 3159
f 3204 3159 3160
f 3203 3164 3161
f 3164 3162 3163
f 3162 3164 3165
f 3165 3202 3166
f 3166 3162 3165
f 3167 3166 3169
f 3168 3167 3201
f 3167 3169 3201
f 3172 3171 3170
f 3172 3168 3171
f 3170 3173 3172
f 3173 3174 3200
f 3175 3200 3176
f 3199 3176 3177
f 3198 3177 3178
f 3179 3197 3180
f 3181 3180 3197
f 3182 3179 3183
f 3184 3191 3193
f 3185 3191 3184
f 3185 3184 3188
f 3188 3186 3190
f 3187 3185 3188
f 3189 3187 3190
f 3190 3187 3188
f 3191 3192 3193
f 3193 3192 3194
f 3195 3193 3194
f 3195 3194 3196
f 3183 3195 3196
f 3182 3183 3196
f 3179 3180 3183
f 3181 3197 3198
f 3178 3181 3198
f 3199 3177 3198
f 3175 3176 3199
f 3173 3200 3175
f 3173 3170 3174
f 3201 3171 3168
f 3202 3169 3166
f 3161 3164 3163
f 3161 3160 3203
f 3204 3205 3158
f 3205 3207 3158
f 3206 3209 3207
f 3466 3209 3208
f 3206 3208 3209
f 3477 3466 3208
f 3210 3213 3472
f 3211 3213 3212
f 3213 3211 3471
f 3212 3214 3211
f 3492 3318 3317
f 3215 3315 3312
f 3216 3217 3304
f 3528 3218 3307
f 3219 3304 3220
f 3221 3222 3223
f 3224 3310 3222
f 3310 3223 3222
f 3310 3224 3311
f 3309 3302 3225
f 3226 3309 3225
f 3228 3227 3230
f 3228 3308 3227
f 3228 3230 3229
f 3420 3230 3231
f 3419 3231 3421
f 3421 3232 3233
f 3417 3232 3421
f 3417 3234 3232
f 3417 3235 3234
f 3417 3275 3235
f 3425 3418 3236
f 3237 3238 3379
f 3411 3239 3412
f 3266 3239 3265
f 3240 3243 3241
f 3241 3242 3327
f 3243 3244 3242
f 3243 3242 3241
f 3404 3263 3267
f 3245 3551 3550
f 3387 3386 3246
f 3384 3386 3240
f 3414 3556 3247
f 3545 3388 3390
f 3255 3401 3248
f 3249 3250 3543
f 3548 3254 3251
f 3546 3252 3253
f 3254 3255 3256
f 3248 3256 3255
f 3257 3258 3404
f 3258 3257 3259
f 3263 3260 3264
f 3261 3398 3400
f 3250 3262 3543
f 3263 3404 3260
f 3263 3264 3401
f 3245 3413 3403
f 3265 3416 3266
f 3267 3549 3257
f 3367 3268 3326
f 3269 3271 3368
f 3270 3412 3406
f 3272 3271 3269
f 3269 3366 3272
f 3273 3268 3375
f 3424 3426 3428
f 3405 3274 3417
f 3379 3370 3363
f 3346 3365 3277
f 3274 3275 3417
f 3276 3375 3328
f 3276 3273 3375
f 3277 3282 3329
f 3362 3371 3278
f 3286 3279 3280
f 3359 3276 3445
f 3281 3282 3283
f 3331 3281 3283
f 3372 3284 3373
f 3280 3289 3286
f 3289 3285 3286
f 3287 3289 3288
f 3288 3289 3290
f 3290 3525 3321
f 3291 3292 3448
f 3434 3293 3291
f 3359 3381 3294
f 3295 3296 3434
f 3297 3298 3514
f 3334 3339 3396
f 3469 3299 3300
f 3469 3300 3301
f 3303 3302 3311
f 3304 3221 3223
f 3303 3225 3302
f 3305 3308 3226
f 3304 3219 3221
f 3304 3217 3220
f 3312 3227 3305
f 3218 3528 3306
f 3218 3306 3527
f 3530 3215 3312
f 3529 3313 3307
f 3226 3308 3309
f 3310 3311 3302
f 3227 3308 3305
f 3312 3305 3313
f 3314 3307 3313
f 3312 3315 3532
f 3318 3492 3316
f 3526 3317 3318
f 3319 3212 3531
f 3320 3321 3322
f 3319 3323 3212
f 3524 3456 3454
f 3454 3456 3453
f 3324 3325 3292
f 3325 3324 3489
f 3324 3485 3489
f 3321 3288 3290
f 3367 3326 3327
f 3285 3289 3287
f 3328 3445 3276
f 3281 3329 3282
f 3330 3280 3279
f 3499 3331 3283
f 3382 3373 3284
f 3283 3381 3499
f 3332 3292 3291
f 3297 3514 3434
f 3486 3333 3452
f 3339 3397 3396
f 3339 3334 3335
f 3338 3298 3336
f 3337 3338 3341
f 3339 3340 3394
f 3337 3341 3342
f 3344 3342 3343
f 3344 3345 3342
f 3337 3342 3345
f 3336 3341 3338
f 3297 3336 3298
f 3329 3346 3277
f 3347 3348 3513
f 3349 3352 3350
f 3352 3351 3355
f 3349 3351 3352
f 3355 3353 3352
f 3353 3355 3354
f 3499 3354 3355
f 3350 3356 3349
f 3519 3497 3500
f 3500 3498 3357
f 3357 3358 3500
f 3381 3359 3360
f 3361 3362 3363
f 3370 3361 3363
f 3364 3277 3365
f 3364 3365 3366
f 3366 3269 3364
f 3240 3241 3383
f 3327 3242 3367
f 3368 3271 3369
f 3238 3370 3379
f 3374 3278 3371
f 3371 3372 3374
f 3372 3373 3374
f 3278 3363 3362
f 3375 3268 3367
f 3376 3389 3387
f 3378 3377 3250
f 3250 3249 3378
f 3379 3380 3237
f 3381 3382 3294
f 3382 3284 3294
f 3385 3240 3383
f 3384 3240 3385
f 3386 3387 3240
f 3388 3387 3389
f 3377 3390 3250
f 3544 3391 3253
f 3377 3545 3390
f 3388 3389 3393
f 3391 3547 3253
f 3397 3388 3393
f 3543 3542 3557
f 3340 3339 3335
f 3392 3397 3393
f 3394 3395 3339
f 3396 3397 3392
f 3546 3548 3252
f 3398 3399 3400
f 3255 3254 3548
f 3255 3263 3401
f 3413 3402 3403
f 3267 3257 3404
f 3415 3555 3413
f 3414 3266 3415
f 3239 3266 3412
f 3405 3550 3552
f 3550 3405 3554
f 3409 3406 3412
f 3554 3407 3550
f 3412 3408 3409
f 3553 3407 3410
f 3270 3411 3412
f 3415 3413 3414
f 3413 3245 3550
f 3415 3266 3416
f 3417 3554 3405
f 3428 3427 3429
f 3422 3418 3420
f 3421 3233 3419
f 3420 3229 3230
f 3421 3231 3230
f 3420 3418 3229
f 3236 3418 3422
f 3423 3424 3425
f 3423 3425 3236
f 3426 3424 3423
f 3428 3426 3427
f 3430 3428 3429
f 3430 3429 3432
f 3431 3430 3432
f 3296 3433 3434
f 3469 3435 3437
f 3436 3469 3438
f 3469 3437 3438
f 3439 3469 3436
f 3439 3440 3469
f 3440 3441 3469
f 3441 3442 3469
f 3442 3443 3469
f 3299 3443 3444
f 3443 3299 3469
f 3299 3444 3445
f 3445 3444 3446
f 3502 3358 3503
f 3447 3509 3350
f 3447 3348 3510
f 3510 3348 3347
f 3325 3448 3292
f 3449 3450 3451
f 3451 3458 3449
f 3452 3489 3485
f 3453 3488 3487
f 3454 3453 3487
f 3468 3455 3478
f 3461 3456 3457
f 3449 3458 3459
f 3457 3460 3461
f 3458 3462 3459
f 3459 3463 3464
f 3459 3462 3463
f 3479 3465 3466
f 3467 3469 3468
f 3467 3468 3478
f 3435 3469 3467
f 3468 3469 3466
f 3212 3323 3214
f 3460 3470 3491
f 3213 3471 3472
f 3472 3473 3210
f 3473 3474 3210
f 3477 3474 3475
f 3477 3210 3474
f 3463 3455 3464
f 3476 3466 3475
f 3477 3475 3466
f 3478 3455 3463
f 3479 3466 3476
f 3466 3465 3480
f 3466 3480 3468
f 3482 3451 3481
f 3450 3481 3451
f 3482 3484 3483
f 3484 3482 3481
f 3486 3483 3333
f 3484 3333 3483
f 3452 3485 3486
f 3489 3487 3488
f 3489 3488 3325
f 3490 3470 3460
f 3461 3460 3491
f 3492 3493 3316
f 3494 3495 3496
f 3496 3320 3494
f 3318 3495 3526
f 3500 3520 3519
f 3500 3497 3498
f 3360 3354 3499
f 3358 3502 3500
f 3499 3381 3360
f 3501 3507 3446
f 3502 3503 3504
f 3505 3504 3503
f 3507 3501 3505
f 3507 3505 3503
f 3445 3507 3506
f 3446 3507 3445
f 3359 3506 3360
f 3506 3359 3445
f 3350 3508 3356
f 3508 3350 3509
f 3510 3509 3447
f 3293 3511 3332
f 3513 3433 3512
f 3513 3512 3347
f 3512 3433 3296
f 3291 3293 3332
f 3514 3295 3434
f 3297 3434 3291
f 3515 3511 3293
f 3520 3516 3515
f 3515 3516 3511
f 3517 3520 3515
f 3520 3517 3518
f 3520 3518 3521
f 3519 3520 3522
f 3520 3521 3522
f 3460 3538 3523
f 3523 3490 3460
f 3321 3525 3322
f 3456 3524 3457
f 3456 3322 3525
f 3456 3525 3453
f 3494 3320 3322
f 3495 3494 3526
f 3493 3492 3218
f 3527 3493 3218
f 3529 3312 3313
f 3307 3314 3528
f 3312 3529 3530
f 3531 3536 3319
f 3532 3315 3533
f 3533 3531 3212
f 3533 3212 3532
f 3534 3536 3531
f 3538 3535 3534
f 3534 3535 3536
f 3537 3538 3534
f 3538 3537 3539
f 3538 3539 3540
f 3523 3538 3541
f 3538 3540 3541
f 3262 3542 3543
f 3391 3544 3243
f 3387 3388 3545
f 3243 3544 3244
f 3376 3387 3246
f 3546 3253 3547
f 3252 3548 3251
f 3267 3553 3549
f 3550 3551 3552
f 3549 3553 3410
f 3554 3410 3407
f 3402 3413 3555
f 3556 3414 3413
f 3556 3261 3247
f 3261 3400 3247
f 3559 3558 3400
f 3400 3399 3559
f 3559 3557 3558
f 3543 3557 3559
f 3562 3560 3561
f 3563 3560 3562
f 3562 3564 3563
f 3562 3565 3564
f 3565 3562 3575
f 3567 3566 3575
f 3567 3568 3566
f 3573 3574 3570
f 3569 3572 3570
f 3569 3570 3571
f 3570 3572 3573
f 3570 3574 3575
f 3574 3565 3575
f 3576 3566 3568
f 3567 3575 3562
f 3562 3561 3579
f 3577 3579 3561
f 3577 3578 3579
f 3579 3578 3580
f 3580 3578 3581
f 3580 3581 3583
f 3583 3582 3580
f 3583 3584 3582
f 3582 3584 3586
f 3584 3585 3586
f 3608 3602 3603
f 3587 3611 3588
f 3609 3588 3610
f 3589 3609 3590
f 3595 3589 3590
f 3590 3594 3595
f 3591 3594 3592
f 3593 3592 3594
f 3596 3598 3593
f 3593 3594 3596
f 3594 3591 3595
f 3596 3597 3598
f 3597 3596 3599
f 3602 3600 3601
f 3600 3602 3596
f 3603 3602 3604
f 3607 3603 3604
f 3604 3605 3606
f 3606 3607 3604
f 3599 3602 3608
f 3599 3602 3596
f 3590 3609 3610
f 3611 3610 3588
f 3587 3612 3611
f 3613 3611 3612
f 3617 3614 3615
f 3616 3617 3615
f 3618 3656 3660
f 3633 3635 3634
f 3632 3634 3619
f 3632 3619 3631
f 3631 3629 3621
f 3628 3630 3620
f 3621 3630 3628
f 3622 3625 3624
f 3623 3624 3625
f 3626 3627 3623
f 3624 3623 3627
f 3622 3620 3625
f 3622 3628 3620
f 3621 3629 3630
f 3631 3619 3629
f 3632 3633 3634
f 3633 3636 3635
f 3635 3636 3638
f 3637 3638 3639
f 3636 3639 3638
f 3641 3637 3639
f 3642 3641 3639
f 3642 3640 3641
f 3642 3643 3640
f 3643 3645 3640
f 3643 3644 3645
f 3644 3646 3645
f 3647 3646 3644
f 3646 3647 3649
f 3649 3647 3648
f 3649 3648 3650
f 3650 3648 3651
f 3654 3652 3650
f 3651 3654 3650
f 3657 3652 3653
f 3654 3653 3652
f 3655 3657 3653
f 3618 3655 3656
f 3655 3618 3657
f 3658 3660 3659
f 3656 3659 3660
f 3661 3662 3663
f 3664 3741 3739
f 3750 3742 3743
f 3810 3667 3665
f 2900 3666 3810
f 3784 3791 3776
f 3799 3667 3806
f 3780 3802 3668
f 3802 3801 3668
f 3813 3019 3808
f 3782 3814 3811
f 3717 3669 3709
f 3663 3671 3661
f 3662 3670 3663
f 3661 3671 2362
f 2339 3686 3672
f 2339 3674 3673
f 3676 3674 3675
f 3676 3675 3677
f 3678 3683 2334
f 3683 3684 3690
f 3678 3677 3684
f 3691 3711 3703
f 3679 3684 3688
f 3762 3737 3747
f 3680 3681 3772
f 3681 3680 5470
f 3682 5462 5461
f 3856 2334 5480
f 3683 5473 2334
f 3684 3683 3678
f 3679 3691 3703
f 3684 3677 3688
f 3674 2339 3685
f 3675 3674 3699
f 3699 3674 3685
f 3686 2362 3671
f 3672 3685 2339
f 3669 3672 3686
f 3663 3670 3700
f 3695 3671 3663
f 5480 2334 5473
f 3687 3683 3690
f 3688 3677 3675
f 3699 3693 3675
f 3675 3693 3688
f 3669 3686 3671
f 3669 3671 3695
f 5473 3683 3687
f 3679 3689 3690
f 3679 3690 3684
f 3688 3693 3691
f 3688 3691 3679
f 3685 3672 3705
f 3699 3692 3693
f 3672 3669 3694
f 3685 3705 3692
f 3694 3705 3672
f 3709 3695 3696
f 3669 3695 3709
f 3696 3695 3663
f 3663 3710 3696
f 3687 3690 3697
f 3689 5475 3697
f 3697 3690 3689
f 3701 3711 3698
f 3679 3703 3689
f 3693 3692 3704
f 3692 3699 3685
f 3704 3691 3693
f 3669 3717 3694
f 3663 3700 3710
f 3721 3710 3700
f 3701 3702 3689
f 3701 3689 3703
f 3711 3701 3703
f 3691 3714 3711
f 3692 3705 3706
f 3706 3704 3692
f 3708 3705 3694
f 3705 3708 3706
f 3707 3694 3717
f 3707 3708 3694
f 3715 3718 3696
f 3717 3709 3718
f 3709 3696 3718
f 3721 3719 3710
f 3715 3710 3719
f 3702 5475 3689
f 5478 3701 3698
f 3725 3698 3712
f 3711 3714 3712
f 3712 3698 3711
f 3714 3691 3704
f 3706 3713 3704
f 3704 3713 3714
f 3718 3715 3742
f 3696 3710 3715
f 5478 3702 3701
f 3723 5478 3722
f 3731 3723 3722
f 3722 3698 3725
f 3714 3728 3712
f 3714 3713 3728
f 3728 3725 3712
f 3708 3734 3706
f 3713 3726 3728
f 3707 3716 3708
f 3706 3734 3726
f 3707 3717 3664
f 3708 3716 3734
f 3717 3718 3741
f 3741 3740 3739
f 3716 3707 3664
f 3715 3729 3742
f 3741 3664 3717
f 3729 3719 3720
f 3721 3720 3719
f 3722 5478 3698
f 3724 3723 3731
f 3724 3731 3730
f 3722 3725 3731
f 3728 3738 3725
f 3731 3725 3738
f 3728 3726 3727
f 3728 3727 3738
f 3726 3713 3706
f 3741 3718 3742
f 3715 3719 3729
f 3720 3721 3745
f 5463 3724 3730
f 3730 3731 3738
f 3730 3738 3746
f 3746 3733 3732
f 3727 3733 3746
f 3733 3726 3749
f 3733 3727 3726
f 3734 3735 3749
f 3749 3726 3734
f 3716 3739 3735
f 3735 3734 3716
f 3739 3716 3664
f 3729 3720 3736
f 5463 3730 3737
f 3737 3730 3746
f 3746 3738 3727
f 3749 3732 3733
f 3758 3755 3739
f 3739 3755 3735
f 3740 3758 3739
f 3750 3740 3741
f 3750 3741 3742
f 3743 3742 3729
f 3720 3745 3736
f 3729 3736 3743
f 3744 3736 3745
f 5463 3737 3762
f 3737 3746 3732
f 3754 3747 3732
f 3747 3737 3732
f 3748 3754 3735
f 3754 3732 3749
f 3735 3754 3749
f 3755 3748 3735
f 3750 3760 3759
f 5458 3762 3764
f 3763 3751 5465
f 3747 3764 3762
f 3747 3752 3764
f 3752 3747 3754
f 3752 3754 3753
f 3756 3753 3748
f 3753 3754 3748
f 3757 3756 3755
f 3756 3748 3755
f 3767 3757 3758
f 3757 3755 3758
f 3740 3759 3767
f 3767 3758 3740
f 3740 3750 3759
f 3760 3750 3743
f 3744 3761 3736
f 5458 5463 3762
f 5469 3763 5465
f 3763 5469 3764
f 3765 3763 3752
f 3763 3764 3752
f 3765 3752 3753
f 3760 3784 3776
f 3760 3743 3761
f 3743 3736 3761
f 5458 3764 5469
f 3751 3769 5465
f 3770 3751 3765
f 3751 3763 3765
f 3753 3774 3770
f 3770 3765 3753
f 3756 3771 3774
f 3774 3753 3756
f 3766 3771 3757
f 3771 3756 3757
f 3777 3766 3767
f 3766 3757 3767
f 3759 3776 3777
f 3777 3767 3759
f 3759 3760 3776
f 3784 3760 3761
f 3784 3761 3779
f 3768 3779 3761
f 3761 3744 3768
f 5472 5470 3794
f 3769 3770 3773
f 3769 3751 3770
f 3774 3773 3770
f 3771 3766 3778
f 3777 3778 3766
f 3769 3772 5468
f 3769 5468 5465
f 3773 3772 3769
f 3772 3773 3781
f 3773 3774 3781
f 3774 3771 3786
f 3781 3774 3786
f 3771 3778 3775
f 3786 3771 3775
f 3778 3789 3788
f 3776 3789 3777
f 3778 3777 3789
f 3789 3776 3791
f 3784 3793 3791
f 3793 3780 3668
f 3779 3780 3793
f 3802 3779 3768
f 5468 3772 3681
f 3772 3781 3680
f 3680 3781 3785
f 3781 3786 3785
f 3775 3778 3788
f 3791 3793 3799
f 3814 3782 3783
f 3784 3779 3793
f 3779 3802 3780
f 3680 3794 5470
f 3680 3785 3794
f 3785 3795 3794
f 3786 3795 3785
f 3775 3787 3786
f 3786 3787 3795
f 3787 3775 3788
f 3788 3789 3805
f 3790 3789 3791
f 3805 3789 3790
f 3665 3667 3807
f 3790 3791 3799
f 3792 3814 3783
f 3793 3668 3799
f 3794 3797 5472
f 3796 3797 3794
f 2949 3796 3795
f 2962 2949 3787
f 3787 3805 2962
f 3805 3787 3788
f 3797 5471 5472
f 3804 2921 5471
f 3796 3804 3797
f 3795 3796 3794
f 2949 3803 3796
f 3787 2949 3795
f 3806 3798 3790
f 3799 3668 3667
f 3668 3801 3667
f 3800 3808 3801
f 3801 3802 3800
f 3809 5471 2921
f 3797 3804 5471
f 3796 3803 3804
f 2962 3805 3798
f 3790 3798 3805
f 3799 3806 3790
f 3666 3806 3667
f 3814 3792 3807
f 3814 3807 3667
f 3814 3801 3808
f 2915 3809 2921
f 3667 3810 3666
f 3801 3814 3667
f 3811 3814 3812
f 3808 3019 3814
f 3813 3808 3800
f 3019 3018 3814
f 4032 3815 5413
f 3816 4007 4004
f 3992 3981 3816
f 3817 3981 3818
f 3958 3818 3819
f 3963 3958 3819
f 3820 3821 3835
f 3922 3933 3934
f 3962 3818 3958
f 3835 3953 3934
f 3904 3822 3823
f 3919 3909 3924
f 3882 3824 3829
f 3880 3882 3825
f 3851 2448 2436
f 2474 3826 3842
f 2632 3847 3827
f 3827 3847 5416
f 2431 3828 2436
f 3829 3830 3825
f 3852 3831 3829
f 3825 2394 3848
f 3867 3874 3832
f 3848 3875 3883
f 3881 3880 3883
f 3904 3924 3883
f 3833 3922 3822
f 3834 3822 3934
f 3951 3835 3933
f 3819 3981 3836
f 4007 4015 4012
f 4020 3837 4029
f 4036 4022 3838
f 3856 3865 2351
f 3852 3853 2406
f 3841 2406 3853
f 2406 3831 3852
f 2448 3851 3839
f 2448 3840 2459
f 3828 2431 3841
f 2337 2459 3846
f 3828 3851 2436
f 2448 3839 3840
f 2459 3840 3846
f 3844 2481 3842
f 2444 3826 2474
f 3842 2481 2474
f 3843 2351 3850
f 3841 2431 2406
f 3846 2444 2337
f 3859 3847 3844
f 3865 3850 2351
f 3843 3876 3845
f 3849 2368 3877
f 2394 2380 3849
f 3876 3877 3845
f 3877 2368 3845
f 2380 2368 3849
f 3857 3826 2444
f 3857 2444 3846
f 5369 3847 3859
f 3847 5369 5416
f 3831 3830 3829
f 3876 3843 3888
f 3848 2394 3849
f 3825 3830 2394
f 3859 3844 3860
f 3888 3843 3850
f 3842 3860 3844
f 3863 3839 3855
f 3869 3840 3839
f 3828 3855 3851
f 5369 3859 3885
f 3855 3839 3851
f 3824 3832 3852
f 3832 3854 3853
f 3869 3839 3863
f 3858 3860 3842
f 3828 3841 3870
f 3852 3829 3824
f 3853 3852 3832
f 3859 3861 3885
f 3854 3870 3841
f 3846 3840 3871
f 3870 3855 3828
f 3866 3858 3826
f 3840 3869 3871
f 3857 3866 3826
f 3921 3873 5565
f 3825 3882 3829
f 3854 3841 3853
f 3871 3857 3846
f 3826 3858 3842
f 3865 3856 3864
f 3879 3866 3857
f 3879 3857 3871
f 3891 3855 3870
f 3848 3880 3825
f 3860 3858 3886
f 3859 3860 3861
f 3886 3861 3860
f 3863 3890 3898
f 3870 3854 3895
f 3879 3871 3862
f 3855 3891 3863
f 3864 3873 3865
f 3866 3879 3894
f 3868 3867 3824
f 3824 3882 3868
f 3891 3890 3863
f 3832 3824 3867
f 3869 3863 3898
f 3874 3895 3854
f 3895 3891 3870
f 3872 3866 3894
f 3862 3871 3869
f 3886 3858 3872
f 3873 3850 3865
f 3889 3850 3873
f 3888 3850 3889
f 3874 3854 3832
f 3898 3862 3869
f 3866 3872 3858
f 3901 3876 3888
f 3875 3877 3900
f 3848 3849 3875
f 3876 3901 3900
f 3900 3877 3876
f 3877 3875 3849
f 3894 3879 3878
f 3878 3879 3862
f 3882 3880 3881
f 3888 3887 3901
f 3868 3882 3881
f 3848 3883 3880
f 3886 3872 3884
f 3861 5389 3885
f 3884 3861 3886
f 3887 3888 3889
f 3891 3905 3890
f 3884 3907 3861
f 3906 3890 3905
f 3906 3898 3890
f 3895 3905 3891
f 3861 3907 5389
f 5565 3873 3864
f 3909 3896 3868
f 3896 3892 3867
f 3893 3894 3878
f 3895 3874 3897
f 3868 3881 3909
f 3867 3868 3896
f 3892 3897 3874
f 3897 3905 3895
f 3911 3878 3862
f 3893 3899 3894
f 3911 3862 3898
f 3872 3899 3884
f 3892 3874 3867
f 3906 3911 3898
f 3894 3899 3872
f 3900 3901 3833
f 3833 3875 3900
f 3883 3924 3881
f 3893 3878 3902
f 3911 3902 3878
f 3903 3905 3910
f 3909 3881 3924
f 3833 3904 3875
f 3875 3904 3883
f 3905 3903 3906
f 3884 3899 3927
f 3927 3907 3884
f 3910 3905 3897
f 3927 5399 3907
f 3901 3923 3833
f 3901 3887 3923
f 3915 3887 3889
f 3915 3923 3887
f 3912 3893 3902
f 3921 3889 3873
f 3897 3892 3908
f 3909 3919 3896
f 3908 3892 3919
f 3897 3908 3910
f 3913 3902 3911
f 3913 3911 3906
f 3927 3899 3912
f 3919 3892 3896
f 3903 3913 3906
f 3893 3912 3899
f 3912 3902 3913
f 5399 3927 3914
f 3916 3922 3915
f 3913 3920 3912
f 3889 3916 3915
f 3833 3822 3904
f 3908 3919 3918
f 3904 3823 3924
f 3910 3908 3917
f 3930 3919 3823
f 3903 3910 3935
f 3930 3918 3919
f 3935 3910 3917
f 3903 3925 3913
f 3927 3912 3920
f 3916 3889 3921
f 3915 3922 3923
f 3923 3922 3833
f 3823 3919 3924
f 3932 3926 3920
f 3917 3908 3918
f 3935 3925 3903
f 3920 3926 3927
f 3926 3914 3927
f 3921 5565 3949
f 3925 3920 3913
f 3928 3921 3949
f 3822 3922 3934
f 3925 3931 3920
f 3921 3928 3938
f 3944 3917 3930
f 3944 3929 3943
f 3823 3822 3834
f 3834 3930 3823
f 3918 3930 3917
f 3935 3931 3925
f 3931 3932 3920
f 3926 3932 3914
f 3938 3916 3921
f 3820 3951 3959
f 3933 3922 3916
f 3934 3933 3835
f 3945 3946 3943
f 3935 3917 3946
f 3947 3940 3948
f 3946 3931 3935
f 3946 3917 3944
f 3936 3914 3932
f 5574 3937 3950
f 3950 3959 3951
f 3938 3933 3916
f 3956 3929 3939
f 3930 3834 3939
f 3945 3943 3966
f 3953 3834 3934
f 3953 3939 3834
f 3930 3939 3929
f 3930 3929 3944
f 3936 3932 3947
f 3950 3928 3949
f 3821 3955 3953
f 3933 3938 3951
f 3940 3941 3948
f 3942 3931 3945
f 3943 3946 3944
f 3942 3947 3931
f 3945 3931 3946
f 3931 3947 3932
f 3948 3936 3947
f 5574 3950 3949
f 3938 3950 3951
f 3958 3821 3820
f 3835 3951 3820
f 3821 3953 3835
f 3952 3966 3970
f 3955 3956 3939
f 3929 3956 3943
f 3947 3942 3940
f 3950 3938 3928
f 3955 3939 3953
f 3943 3956 3966
f 3941 3969 3954
f 3942 3945 3952
f 3952 3945 3966
f 3950 3937 3959
f 3965 3955 3963
f 3956 3955 3965
f 3963 3955 3821
f 3956 3960 3966
f 3940 3942 3941
f 5596 3937 5574
f 3957 3937 5596
f 3958 3959 3962
f 3965 3836 3964
f 3959 3958 3820
f 3965 3960 3956
f 3963 3821 3958
f 3961 3952 3970
f 3941 3942 3961
f 3948 3941 3954
f 3962 3959 3937
f 3937 3957 3962
f 3971 3979 3818
f 3836 3965 3963
f 3964 3960 3965
f 3960 3970 3966
f 3970 3973 3961
f 3941 3961 3969
f 3952 3961 3942
f 3967 3957 5596
f 3971 3818 3962
f 3981 3819 3818
f 3964 3972 3960
f 3836 3963 3819
f 3978 3973 3970
f 3969 3961 3973
f 3954 3969 5405
f 3971 3962 3957
f 3960 3972 3977
f 3976 3978 3970
f 3968 3969 3984
f 3977 3970 3960
f 3977 3976 3970
f 3971 3957 3967
f 3964 3836 3982
f 3964 3982 3972
f 3971 3967 3980
f 3971 3980 3979
f 3818 3979 3817
f 3977 3972 3975
f 3969 3973 3984
f 3968 5405 3969
f 3986 3980 3967
f 3987 3817 3979
f 3992 3982 3836
f 3974 3975 3972
f 3975 3976 3977
f 3996 3978 3995
f 3999 3976 3975
f 3976 3995 3978
f 3984 3973 3996
f 3987 3979 3980
f 3998 3997 3985
f 3992 3836 3981
f 3816 3981 3817
f 3982 3974 3972
f 3996 3983 3984
f 3999 3995 3976
f 3978 3996 3973
f 3997 3980 3986
f 3984 3983 3968
f 3985 3997 3986
f 3989 3980 3997
f 3980 3989 3987
f 3816 3817 3990
f 3817 3987 3990
f 3982 3992 3991
f 4001 3975 3974
f 3982 3991 3974
f 3983 3988 3968
f 3990 3989 4008
f 3987 3989 3990
f 4004 3991 3992
f 3993 3995 3999
f 3999 3975 4001
f 3983 3996 3994
f 3816 3990 4008
f 4007 3816 4008
f 3991 4001 3974
f 4004 3992 3816
f 3994 3995 3993
f 3995 3994 3996
f 3998 3989 3997
f 3991 4011 4001
f 3983 5407 3988
f 3989 3998 4000
f 4004 4011 3991
f 4005 3993 3999
f 4005 3999 4001
f 4003 3998 3985
f 4008 3989 4000
f 4010 4001 4011
f 4006 3993 4005
f 3994 4002 3983
f 4014 3994 4006
f 4002 5407 3983
f 4014 4002 3994
f 5640 4003 3985
f 4012 4011 4004
f 4010 4005 4001
f 3993 4006 3994
f 4000 3998 4003
f 4018 4008 4000
f 4008 4018 4015
f 4012 4004 4007
f 4015 4007 4008
f 4009 4000 4003
f 4013 4010 4011
f 4009 4003 5640
f 5664 4020 4009
f 4011 4012 4016
f 4011 4016 4013
f 4005 4024 4006
f 4014 4006 4024
f 5664 4009 5640
f 4018 4000 4009
f 4025 4012 4015
f 4012 4025 4016
f 4015 4021 4025
f 4016 4025 4023
f 4018 4021 4015
f 4013 4016 4023
f 4017 4005 4010
f 4018 4009 4020
f 4023 4026 4013
f 4024 4005 4017
f 4021 4018 4019
f 4026 4017 4010
f 4013 4026 4010
f 4014 4024 5412
f 4014 5412 4002
f 4019 4018 4020
f 4025 4021 4027
f 4021 4019 4027
f 4019 4020 4022
f 4024 5413 5412
f 3837 4020 5664
f 4026 4023 4030
f 5413 4024 4034
f 4028 4025 4027
f 4025 4028 4023
f 4034 4017 4031
f 4031 4026 4030
f 4026 4031 4017
f 4017 4034 4024
f 4019 4036 4027
f 4019 4022 4036
f 4030 4023 4028
f 4036 4028 4027
f 4022 4020 4029
f 4030 4028 4038
f 5444 4029 3837
f 4037 4031 4030
f 4031 4032 4034
f 4031 4037 4033
f 4031 4033 4032
f 4032 5413 4034
f 4029 4035 4022
f 4022 4035 3838
f 3838 4028 4036
f 4028 3838 4038
f 4037 4030 4038
f 4029 5444 4035
f 4039 4042 4040
f 4039 4041 4042
f 4045 4043 4044
f 4045 4044 4046
f 4047 4049 4048
f 4048 4049 4050
f 4051 4054 4052
f 4051 4053 4054
f 4054 4055 4052
f 4052 4055 4056
f 5759 5811 4067
f 5808 4058 4065
f 4057 4065 4058
f 4057 4061 4059
f 4060 4061 4062
f 5789 5781 4063
f 4063 5781 2879
f 5777 2879 5781
f 4064 5789 4063
f 4064 5794 5789
f 5794 4064 4062
f 4062 4064 4060
f 4060 4059 4061
f 4065 4057 4059
f 4066 5808 4065
f 4066 5809 5808
f 4066 4067 5809
f 5809 4067 5811
f 5779 4071 4080
f 4071 5771 4070
f 5771 5770 4070
f 4081 4080 4071
f 4069 4068 4081
f 4081 4071 4069
f 4069 4071 4070
f 5779 4080 5777
f 5779 5771 4071
f 4090 4072 4099
f 4084 4072 2878
f 4073 4085 4081
f 4082 4080 4081
f 4084 4074 4082
f 4085 4093 4096
f 4096 4091 4075
f 4075 4098 4076
f 4104 4075 4103
f 4076 4116 4107
f 4121 4188 4077
f 4077 4078 4116
f 4079 4081 4068
f 4080 4074 2855
f 4082 4074 4080
f 4073 4081 4079
f 2855 4074 4086
f 4085 4082 4081
f 4082 4085 4084
f 4074 4087 4086
f 4085 4073 4083
f 4084 4087 4074
f 4088 4085 4083
f 4086 4087 2878
f 4084 2878 4087
f 4089 4085 4088
f 4093 4085 4089
f 4096 4084 4085
f 4084 4096 4072
f 2863 2878 4090
f 2878 4072 4090
f 4096 4095 4091
f 4092 4096 4093
f 4094 4075 4091
f 4095 4096 4092
f 4096 4099 4072
f 4097 4090 4099
f 4101 4098 4075
f 4100 4099 4104
f 4099 4075 4104
f 4099 4100 4097
f 4102 4075 4094
f 4096 4075 4099
f 4104 4106 4100
f 4101 4075 4102
f 4105 4104 4103
f 4104 4105 4106
f 4108 4103 4107
f 4103 4076 4107
f 4103 4108 4105
f 4109 4076 4098
f 4077 4114 4111
f 4075 4076 4103
f 4116 4117 4107
f 4108 4107 4110
f 4113 4076 4109
f 4111 4121 4077
f 4112 4107 4117
f 4110 4107 4112
f 4114 4076 4113
f 4076 4114 4077
f 4112 4117 4118
f 4115 4117 4078
f 4116 4078 4117
f 4115 4118 4117
f 4076 4077 4116
f 4119 4078 4120
f 4077 4120 4078
f 4122 4188 4121
f 4188 4124 4077
f 4124 4120 4077
f 4188 4122 4123
f 2906 4120 4124
f 4132 4125 4127
f 4125 4126 4127
f 4129 4127 4126
f 4128 4129 4126
f 4136 4132 4127
f 4129 4128 4130
f 4131 4129 4130
f 4137 4129 4131
f 4132 4136 4135
f 4137 4131 4133
f 4134 4135 4136
f 4138 4137 4133
f 4138 4141 4137
f 4138 4139 4141
f 4141 4139 4142
f 4143 4142 4140
f 4143 4141 4142
f 4143 4140 4146
f 4144 4143 4146
f 4145 4144 4146
f 4147 4144 4145
f 4148 4147 4145
f 4148 4150 4147
f 4149 4151 4148
f 4150 4148 4151
f 4155 4152 4157
f 4155 4153 4154
f 4155 4157 4153
f 4154 4153 4160
f 4157 4152 4158
f 4160 4153 4156
f 4157 4158 4163
f 4159 4163 4158
f 4161 4160 4156
f 4168 4161 4156
f 4163 4159 4162
f 4162 4165 4163
f 4164 4165 4162
f 4167 4161 4168
f 4166 4167 4168
f 4164 4170 4165
f 4169 4165 4170
f 4169 4171 4165
f 4165 4171 4173
f 4171 4172 4173
f 4173 4172 4174
f 4173 4174 4175
f 4176 4173 4175
f 4175 4177 4176
f 4180 4177 4178
f 4177 4180 4176
f 4178 4179 4180
f 4190 4194 4181
f 4191 4198 4196
f 4182 4196 4197
f 4182 4183 4196
f 4199 4184 4194
f 4199 4194 4191
f 4192 4185 4191
f 4191 4190 4193
f 4124 4181 2906
f 4181 4124 4190
f 4124 4188 4190
f 4186 4187 4190
f 4190 4189 4186
f 4190 4188 4189
f 4188 4123 4189
f 4193 4190 4187
f 4194 4190 4191
f 4192 4191 4193
f 4194 2905 4181
f 4184 2902 2905
f 4194 4184 2905
f 4195 4191 4185
f 4198 4191 4195
f 4191 4196 4199
f 4197 4196 4198
f 4199 4200 2909
f 4196 4200 4199
f 4201 4202 4196
f 4221 4203 4210
f 4210 4203 4205
f 4209 4204 4214
f 4208 4205 4203
f 4204 4206 4207
f 4208 4207 4206
f 4207 4208 4203
f 4209 4206 4204
f 4221 4210 4211
f 4225 4222 4212
f 4213 4214 4204
f 4215 4226 4216
f 4217 4228 4227
f 4217 4230 4229
f 4229 4231 4218
f 4218 4232 4220
f 4219 4220 4232
f 4211 4223 4221
f 4222 4223 4224
f 4211 4224 4223
f 4212 4222 4224
f 4215 4225 4212
f 4216 4225 4215
f 4228 4226 4227
f 4228 4216 4226
f 4217 4227 4230
f 4229 4230 4231
f 4218 4231 4232
f 4220 4219 4233
f 4234 4233 4219
f 4235 4233 4234
f 4235 4234 4236
f 4235 4236 4237
f 4237 4236 4238
f 4238 4236 4239
f 4283 4240 4241
f 4281 4242 4243
f 4242 4282 4243
f 4244 4278 4279
f 4276 4279 4278
f 4277 4246 4245
f 4245 4246 4275
f 4272 4247 4270
f 4248 4249 4250
f 4249 4251 4250
f 4252 4253 4251
f 4255 4269 4252
f 4254 4268 4255
f 4266 4267 4254
f 4262 4256 4263
f 4257 4265 4264
f 4258 4259 4260
f 4260 4261 4258
f 4258 4261 4257
f 4257 4261 4265
f 4262 4263 4264
f 4265 4262 4264
f 4266 4263 4256
f 4267 4266 4256
f 4268 4254 4267
f 4269 4255 4268
f 4253 4252 4269
f 4250 4251 4253
f 4249 4248 4271
f 4270 4271 4248
f 4270 4247 4271
f 4247 4272 4273
f 4274 4273 4272
f 4274 4275 4273
f 4245 4275 4274
f 4245 4276 4277
f 4278 4277 4276
f 4280 4244 4279
f 4281 4244 4280
f 4242 4281 4280
f 4282 4241 4243
f 4282 4283 4241
f 4284 4285 4286
f 4287 4325 4323
f 4311 4313 4312
f 4311 4309 4310
f 4288 4308 4289
f 4308 4290 4306
f 4307 4291 4292
f 4303 4305 4293
f 4292 4305 4303
f 4304 4293 4302
f 4301 4300 4298
f 4299 4298 4300
f 4294 4295 4296
f 4295 4297 4296
f 4299 4296 4297
f 4297 4298 4299
f 4302 4300 4301
f 4301 4304 4302
f 4303 4293 4304
f 4305 4292 4291
f 4291 4307 4306
f 4306 4307 4308
f 4288 4290 4308
f 4288 4289 4309
f 4309 4289 4310
f 4313 4311 4310
f 4312 4313 4315
f 4314 4312 4315
f 4316 4314 4315
f 4314 4316 4319
f 4319 4316 4318
f 4317 4320 4318
f 4318 4320 4319
f 4320 4317 4322
f 4322 4317 4321
f 4321 4287 4324
f 4322 4321 4324
f 4323 4324 4287
f 4323 4325 4326
f 4327 4326 4325
f 4328 4327 4329
f 4327 4328 4326
f 4328 4329 4330
f 4332 4331 4333
f 4351 4332 4333
f 4334 4340 4342
f 4340 4334 4335
f 4337 4335 4339
f 4334 4339 4335
f 4339 4336 4337
f 4338 4336 4339
f 4341 4342 4340
f 4343 4342 4341
f 4348 4342 4346
f 4343 4346 4342
f 4348 4344 4345
f 4344 4348 4349
f 4346 4347 4348
f 4349 4348 4352
f 4350 4332 4351
f 4346 4332 4350
f 4348 4347 4352
f 4346 4350 4347
f 4353 4499 4520
f 4502 4356 4354
f 4503 4499 4355
f 4356 4357 4508
f 4357 4359 4509
f 4361 4358 4359
f 4358 4361 4360
f 4361 4364 4362
f 4363 4362 4364
f 4519 4363 4364
f 4517 4366 4518
f 4365 4366 4369
f 4369 4367 4368
f 4516 4369 4368
f 4413 4407 4370
f 4371 4444 4436
f 4388 4447 4389
f 4372 4373 4456
f 4376 4375 4374
f 4373 4374 4375
f 4376 4377 4380
f 4378 4386 4379
f 4380 4377 4379
f 4378 4382 4386
f 4381 4382 4378
f 4377 4376 4374
f 4383 4384 4394
f 4398 4415 4399
f 4381 4385 4382
f 4379 4386 4380
f 4375 4456 4373
f 4387 4388 4389
f 4389 4390 4387
f 4395 4387 4390
f 4447 4388 4445
f 4390 4391 4395
f 4393 4395 4391
f 4394 4393 4392
f 4393 4394 4395
f 4434 4435 4394
f 4396 4431 4384
f 4428 4426 4429
f 4431 4397 4433
f 4418 4399 4419
f 4419 4422 4421
f 4418 4398 4399
f 4415 4400 4408
f 4400 4415 4416
f 4401 6612 4402
f 4404 4403 4409
f 4403 4404 4406
f 4370 4402 4413
f 4405 4406 4407
f 4406 4405 4403
f 4409 4403 4415
f 4408 4410 4409
f 4409 4410 4411
f 4411 4412 4409
f 6612 4413 4402
f 4406 4370 4407
f 4409 4415 4408
f 6612 4401 4414
f 6612 4414 6614
f 4415 4398 4416
f 4419 4420 4417
f 4418 4419 4417
f 4420 4419 4421
f 4424 4421 4422
f 4422 4423 4424
f 4427 4425 4423
f 4423 4422 4427
f 4426 4427 4429
f 4427 4426 4425
f 4432 4428 4429
f 4430 4432 4431
f 4429 4431 4432
f 4433 4430 4431
f 4397 4431 4396
f 4383 4396 4384
f 4434 4394 4392
f 4435 4383 4394
f 4436 4442 4371
f 4441 4437 4443
f 4437 4438 4439
f 4439 4438 4440
f 4441 4438 4437
f 4371 4442 4443
f 4442 4441 4443
f 4436 4444 4445
f 4445 4444 4446
f 4446 4447 4445
f 4448 4447 4446
f 4446 4453 4448
f 4449 4446 4462
f 4463 4446 4451
f 4446 4450 4451
f 4452 4456 4453
f 4454 4452 4455
f 4456 4452 4372
f 4457 4458 4454
f 4459 4464 4460
f 4458 4457 4461
f 4446 4449 4452
f 4462 4446 4463
f 4453 4446 4452
f 4454 4372 4452
f 4455 4457 4454
f 4459 4458 4464
f 4461 4464 4458
f 4465 4470 4466
f 4466 4460 4467
f 4460 4466 4459
f 4465 4466 4468
f 4466 4467 4468
f 4530 4469 4492
f 4534 4506 4470
f 4488 4487 4471
f 4472 4471 4529
f 4473 4474 4475
f 4472 4476 4471
f 4477 4551 4549
f 4481 4446 4476
f 4550 4478 4551
f 4480 4479 4553
f 4478 4479 4480
f 4450 4446 4481
f 4544 4543 4490
f 4521 4522 4482
f 4483 4526 4485
f 4483 4484 4552
f 4483 4485 4484
f 4488 4486 4487
f 4486 4488 4492
f 4489 4544 4490
f 4490 4491 4489
f 4489 4491 4496
f 4492 4488 4530
f 4491 4493 4496
f 4494 4496 4493
f 4496 4494 4495
f 4495 4542 4496
f 4497 4496 4498
f 4497 4498 4500
f 4499 4353 4355
f 4497 4500 4501
f 4502 4505 4503
f 4531 4504 4532
f 4505 4502 4354
f 4470 4506 4507
f 4356 4508 4354
f 4508 4357 4509
f 4466 4507 4511
f 4359 4358 4509
f 4466 4510 4538
f 4511 4510 4466
f 4466 4512 4513
f 4514 4466 4535
f 4466 4514 4367
f 4369 4466 4367
f 4515 4369 4516
f 4369 4515 4365
f 4366 4365 4518
f 4517 4518 4519
f 4517 4519 4364
f 4360 4361 4362
f 4499 4503 4505
f 4353 4520 4521
f 4520 4522 4521
f 4522 4523 4482
f 4524 4483 4523
f 4523 4522 4524
f 4524 4525 4483
f 4483 4525 4528
f 4526 4483 4527
f 4483 4528 4527
f 4487 4529 4471
f 4531 4469 4504
f 4530 4504 4469
f 4501 4533 4497
f 4534 4531 4532
f 4533 4536 4497
f 4534 4470 4531
f 4536 4533 4537
f 4470 4507 4466
f 4535 4536 4537
f 4539 4466 4538
f 4466 4539 4540
f 4535 4466 4536
f 4466 4540 4512
f 4466 4513 4541
f 4466 4541 4536
f 4542 4498 4496
f 4545 4543 4544
f 4473 4545 4474
f 4544 4474 4545
f 4546 4548 4473
f 4473 4475 4546
f 4546 4547 4548
f 4549 4548 4547
f 4550 4551 4477
f 4549 4551 4548
f 4446 4483 4553
f 4478 4480 4551
f 4552 4553 4483
f 4553 4552 4480
f 4554 4476 4446
f 4446 4553 4554
f 4481 4476 4472
f 4555 4556 4558
f 4559 3154 4561
f 4556 4563 4557
f 4556 4562 4558
f 4559 3152 3154
f 4559 4561 4560
f 4560 4561 4562
f 4564 3152 4559
f 4563 4556 4555
f 4556 4560 4562
f 4564 4559 4560
f 4556 3151 4560
f 3151 4564 4560
f 3151 3152 4564
f 4565 4566 4567
f 4568 4567 4566
f 4847 4571 4569
f 4569 4570 4847
f 4847 4848 4571
f 4572 4576 4849
f 4849 4576 4573
f 4695 4576 4572
f 4696 4849 4573
f 4574 4575 4576
f 4574 4694 4575
f 4694 4574 4678
f 4686 4576 4575
f 4577 4850 4697
f 4678 4627 4578
f 4798 4579 4625
f 4580 4794 4581
f 4746 4762 4582
f 4808 4807 4806
f 4587 4583 4917
f 4584 4583 4587
f 4587 4585 4586
f 4586 4584 4587
f 4917 4583 4588
f 4589 4878 4590
f 4610 4591 4729
f 4592 4593 4877
f 4594 4894 4607
f 4734 4877 4876
f 4597 4901 4900
f 4595 4596 4597
f 4905 4601 4598
f 4873 4741 4743
f 4599 4742 4600
f 4601 4737 4602
f 4603 4599 4604
f 4603 4604 4605
f 4603 4742 4599
f 4602 4606 4601
f 4738 4737 4600
f 4607 4872 4594
f 4873 4743 4608
f 4609 4593 4592
f 4610 4730 4592
f 4592 4730 4609
f 4888 4611 4615
f 4590 4883 4612
f 4883 4881 4613
f 4738 4600 4741
f 4615 4614 4887
f 4742 4743 4741
f 4615 4641 4643
f 4614 4615 4643
f 4616 4642 4641
f 4735 4654 4620
f 4616 4617 4618
f 4618 4642 4616
f 4618 4617 4621
f 4619 4735 4620
f 4621 4617 4622
f 4621 4622 4624
f 4624 4622 4623
f 4799 4624 4623
f 4798 4625 4796
f 4797 4580 4581
f 4678 4626 4627
f 4786 4871 4628
f 4629 4788 4778
f 4630 4632 4631
f 4842 4632 4633
f 4699 4844 4841
f 4686 4634 4690
f 4692 4634 4686
f 4578 4639 4678
f 4635 4636 4686
f 4637 4686 4636
f 4698 4638 4774
f 4639 4693 4678
f 4635 4686 4575
f 4842 4640 4850
f 4641 4642 4643
f 4652 4654 4656
f 4646 4644 4608
f 4645 4646 4647
f 4654 4648 4620
f 4654 4649 4648
f 4654 4650 4649
f 4654 4651 4650
f 4654 4653 4651
f 4654 4652 4653
f 4907 4656 4654
f 4655 4656 4907
f 4657 4655 4907
f 4935 4658 4659
f 4660 4931 4932
f 4660 4932 4933
f 4720 4925 4661
f 4661 4924 4720
f 4662 4930 4720
f 4664 4662 4720
f 4663 4664 4720
f 4665 4663 4720
f 4678 4666 4709
f 4677 4674 4667
f 4704 4726 4686
f 4672 4667 4668
f 4669 4678 4670
f 4619 4712 4735
f 4668 4671 4672
f 4673 4676 4675
f 4706 4676 4673
f 4667 4674 4708
f 4675 4676 4680
f 4674 4677 4679
f 4678 4710 4679
f 4678 4679 4677
f 4675 4680 4681
f 4681 4682 4683
f 4703 4683 4682
f 4685 4684 4703
f 4703 4702 4685
f 4684 4685 4686
f 4687 4686 4685
f 4687 4688 4686
f 4686 4688 4689
f 4691 4684 4686
f 4686 4690 4691
f 4692 4686 4637
f 4693 4694 4678
f 4574 4576 4695
f 4849 4696 4848
f 4640 4697 4850
f 4577 4697 4698
f 4774 4577 4698
f 4844 4773 4846
f 4699 4700 4775
f 4701 4631 4782
f 4860 4864 4859
f 4682 4702 4703
f 4678 4677 4670
f 4686 4689 4704
f 4675 4681 4683
f 4705 4706 4707
f 4673 4707 4706
f 4672 4671 4705
f 4705 4707 4672
f 4668 4667 4708
f 4678 4709 4710
f 4666 4678 4711
f 4735 4712 4713
f 4711 4828 4715
f 4714 4735 4736
f 4714 4720 4735
f 4714 4718 4720
f 4724 4715 4828
f 4720 4717 4716
f 4717 4720 4718
f 4828 4760 4719
f 4716 4665 4720
f 4826 4721 4722
f 4723 4828 4827
f 4724 4828 4719
f 4823 4822 4726
f 4725 4726 4817
f 4727 4726 4814
f 4728 4823 4726
f 4704 4728 4726
f 4678 4669 4626
f 4678 4828 4711
f 4891 4894 4892
f 4729 4730 4610
f 4731 4733 4732
f 4732 4733 4893
f 4734 4875 4874
f 4735 4740 4736
f 4606 4598 4601
f 4737 4738 4602
f 4735 4739 4740
f 4741 4600 4742
f 4743 4744 4608
f 4646 4608 4744
f 4644 4646 4645
f 4647 4745 4645
f 4654 4745 4647
f 4745 4654 4735
f 4713 4739 4735
f 4758 4762 4746
f 4750 4747 4748
f 4907 4749 4940
f 4907 4752 4749
f 4748 4753 4750
f 4907 4751 4752
f 4753 4915 4750
f 4751 4907 4909
f 4754 4908 4907
f 4755 4754 4756
f 4759 4757 4758
f 4758 4757 4916
f 4758 4746 4759
f 4760 4828 4723
f 4815 4726 4822
f 4761 4763 4801
f 4810 4762 4811
f 4761 4769 4763
f 4809 4582 4765
f 4764 4765 4762
f 4582 4762 4765
f 4726 4725 4766
f 4767 4764 4762
f 4768 4769 4838
f 4769 4768 4763
f 4836 4839 4770
f 4837 4768 4839
f 4770 4771 4835
f 4772 4821 4824
f 4773 4844 4774
f 4777 4775 4776
f 4775 4777 4779
f 4778 4779 4781
f 4782 4780 4701
f 4778 4781 4629
f 4852 4780 4782
f 4783 4784 4785
f 4778 4788 4786
f 4860 4787 4858
f 4788 4871 4786
f 4791 4789 4790
f 4791 4792 4789
f 4869 4870 4793
f 4870 4628 4793
f 4628 4870 4795
f 4870 4794 4795
f 4794 4580 4795
f 4796 4580 4797
f 4796 4797 4798
f 4625 4579 4623
f 4579 4799 4623
f 4800 4761 4801
f 4800 4801 4802
f 4800 4802 4803
f 4805 4803 4804
f 4802 4804 4803
f 4804 4807 4805
f 4806 4807 4804
f 4809 4807 4808
f 4808 4582 4809
f 4767 4762 4810
f 4812 4810 4811
f 4812 4813 4810
f 4813 4812 4726
f 4766 4813 4726
f 4827 4828 4830
f 4814 4726 4815
f 4726 4816 4817
f 4726 4818 4816
f 4820 4819 4726
f 4726 4819 4818
f 4726 4727 4820
f 4822 4824 4821
f 4824 4822 4823
f 4824 4825 4772
f 4772 4825 4722
f 4826 4722 4825
f 4826 4827 4721
f 4721 4827 4830
f 4829 4828 4832
f 4828 4829 4830
f 4828 4831 4832
f 4833 4831 4828
f 4833 4828 4834
f 4771 4834 4828
f 4771 4828 4835
f 4770 4835 4836
f 4836 4837 4839
f 4768 4838 4839
f 4783 4854 4784
f 4840 4781 4779
f 4777 4840 4779
f 4775 4700 4776
f 4841 4700 4699
f 4845 4632 4842
f 4843 4841 4844
f 4845 4842 4847
f 4846 4843 4844
f 4842 4848 4847
f 4773 4774 4638
f 4848 4842 4849
f 4849 4842 4850
f 4630 4633 4632
f 4630 4631 4851
f 4851 4631 4701
f 4780 4852 4853
f 4852 4783 4785
f 4853 4852 4785
f 4855 4854 4857
f 4783 4857 4854
f 4855 4857 4856
f 4856 4857 4858
f 4857 4860 4858
f 4859 4787 4860
f 4864 4861 4859
f 4864 4862 4861
f 4862 4867 4863
f 4867 4862 4864
f 4865 4866 4867
f 4866 4863 4867
f 4868 4866 4865
f 4792 4868 4865
f 4792 4865 4789
f 4791 4790 4869
f 4790 4870 4869
f 4871 4793 4628
f 4895 4897 4872
f 4873 4608 4874
f 4873 4874 4875
f 4875 4734 4876
f 4876 4877 4593
f 4879 4591 4878
f 4610 4878 4591
f 4879 4878 4589
f 4880 4589 4590
f 4612 4880 4590
f 4885 4881 4611
f 4612 4883 4882
f 4882 4883 4613
f 4881 4884 4613
f 4881 4885 4884
f 4885 4611 4886
f 4611 4888 4886
f 4888 4615 4887
f 4888 4887 4889
f 4889 4890 4731
f 4889 4887 4890
f 4890 4733 4731
f 4891 4892 4893
f 4733 4891 4893
f 4891 4607 4894
f 4607 4895 4872
f 4896 4897 4895
f 4896 4899 4898
f 4899 4896 4895
f 4596 4898 4899
f 4596 4899 4597
f 4597 4900 4595
f 4901 4597 4903
f 4903 4902 4901
f 4902 4903 4904
f 4903 4905 4904
f 4905 4598 4904
f 4906 4927 4720
f 4907 4908 4909
f 4910 4916 4753
f 4754 4907 4756
f 4911 4755 4756
f 4916 4910 4758
f 4758 4913 4911
f 4755 4911 4913
f 4912 4913 4758
f 4914 4758 4910
f 4914 4912 4758
f 4915 4753 4916
f 4748 4747 4588
f 4588 4747 4917
f 4586 4585 4920
f 4585 4918 4920
f 4919 4918 4922
f 4918 4919 4920
f 4919 4922 4921
f 4924 4921 4923
f 4922 4923 4921
f 4924 4923 4720
f 4926 4925 4720
f 4926 4720 4927
f 4720 4930 4928
f 4720 4928 4906
f 4930 4929 4928
f 4931 4929 4930
f 4660 4929 4931
f 4933 4932 4934
f 4935 4933 4934
f 4935 4659 4933
f 4658 4936 4659
f 4907 4936 4657
f 4658 4657 4936
f 4937 4938 4907
f 4907 4938 4936
f 4939 4937 4907
f 4941 4939 4907
f 4907 4940 4941
f 4942 4943 4944
f 4943 4942 4945
f 4946 4947 4952
f 4947 4946 4948
f 4948 4946 4949
f 4952 4947 4950
f 4951 4952 4950
f 4951 4950 4953
f 4956 4954 4955
f 4956 4955 4957
f 4961 4959 4962
f 4958 4962 4959
f 4958 4959 4960
f 4961 4962 4964
f 4963 4961 4964
f 4963 4964 4965
f 4966 4967 4968
f 4966 4968 4969
f 4974 4970 4971
f 4970 4972 4971
f 4972 4970 4973
f 4974 4971 4975
f 4976 4974 4975
f 4976 4975 4977
f 4978 4979 4980
f 4978 4980 4981
f 4982 4983 4984
f 4983 4985 4984
f 4985 4983 4986
f 4982 4984 4988
f 4987 4982 4988
f 4987 4988 4989
f 4992 4990 4991
f 4990 4992 4993
f 4994 4995 4996
f 4995 4994 4997
f 4997 4994 4998
f 4996 4995 5000
f 4999 4996 5000
f 4999 5000 5001
f 5002 5003 5004
f 5002 5004 5005
f 5006 5007 5012
f 5006 5009 5007
f 5008 5007 5009
f 5008 5009 5010
f 5011 5006 5012
f 5011 5012 5013
f 5014 5015 5016
f 5014 5016 5017
f 5018 5021 5019
f 5021 5020 5019
f 5020 5021 5022
f 5018 5019 5024
f 5023 5018 5024
f 5023 5024 5025
f 5028 5026 5027
f 5028 5027 5029
f 5033 5031 5034
f 5031 5030 5034
f 5030 5031 5032
f 5033 5034 5035
f 5036 5033 5035
f 5036 5035 5037
f 5040 5039 5038
f 5039 5040 5041
f 5045 5042 5043
f 5042 5045 5044
f 5044 5045 5046
f 5043 5042 5047
f 5048 5043 5047
f 5048 5047 5049
f 5051 5050 5052
f 5051 5052 5053
f 5055 5058 5054
f 5055 5056 5058
f 5057 5058 5056
f 5057 5056 5059
f 5060 5055 5054
f 5060 5054 5061
f 5063 5062 5064
f 5063 5064 5065
f 5070 5066 5067
f 5066 5068 5067
f 5068 5066 5069
f 5070 5067 5072
f 5071 5070 5072
f 5071 5072 5073
f 5074 5075 5076
f 5074 5076 5077
f 5082 5078 5079
f 5078 5080 5079
f 5080 5078 5081
f 5082 5079 5083
f 5084 5082 5083
f 5084 5083 5085
f 5088 5086 5087
f 5086 5088 5089
f 5091 5104 5090
f 5104 5091 5105
f 5105 5092 5103
f 5102 5095 5093
f 5095 5102 5101
f 5094 5095 5101
f 5100 5096 5098
f 5096 5100 5094
f 5097 5098 5099
f 5098 5097 5100
f 5101 5096 5094
f 5102 5093 5092
f 5103 5092 5093
f 5103 5104 5105
f 5108 5106 5107
f 5108 5107 5109
f 5110 5111 5112
f 5111 5110 5125
f 5122 5113 5124
f 5123 5114 5122
f 5114 5123 5115
f 5116 5114 5115
f 5115 5119 5117
f 5120 5118 5119
f 5117 5119 5118
f 5118 5120 5121
f 5115 5117 5116
f 5122 5124 5123
f 5113 5125 5124
f 5113 5111 5125
f 5126 5127 5128
f 5126 5128 5129
f 5130 5145 5131
f 5145 5130 5143
f 5132 5144 5142
f 5133 5135 5132
f 5135 5133 5134
f 5141 5135 5134
f 5134 5136 5140
f 5138 5137 5136
f 5140 5136 5137
f 5137 5138 5139
f 5134 5140 5141
f 5132 5142 5133
f 5144 5143 5142
f 5144 5145 5143
f 5148 5146 5147
f 5146 5148 5149
f 5152 5150 5151
f 5150 5152 5153
f 5153 5163 5164
f 5154 5155 5162
f 5155 5154 5157
f 5156 5155 5157
f 5157 5159 5156
f 5159 5158 5156
f 5161 5158 5159
f 5160 5158 5161
f 5154 5162 5163
f 5164 5163 5162
f 5164 5150 5153
f 5169 5168 5165
f 5166 5165 5168
f 5167 5168 5169
f 5167 5169 5170
f 5171 5167 5170
f 5173 5171 5170
f 5171 5173 5172
f 5173 5174 5172
f 5174 5175 5172
f 5175 5174 5177
f 5176 5175 5177
f 5176 5177 5178
f 5176 5178 5179
f 5180 5165 5166
f 5181 5180 5166
f 5180 5181 5182
f 5182 5181 5183
f 5183 5185 5182
f 5183 5184 5185
f 5186 5185 5184
f 5190 5186 5187
f 5186 5190 5185
f 5187 5188 5189
f 5189 5190 5187
f 5189 5188 5191
f 5188 5192 5191
f 5218 5216 5193
f 5194 5207 5206
f 5206 5195 5194
f 5203 5196 5195
f 5194 5195 5196
f 5197 5203 5198
f 5201 5198 5202
f 5203 5202 5198
f 5199 5201 5200
f 5200 5201 5202
f 5203 5197 5196
f 5204 5205 5206
f 5206 5207 5204
f 5209 5204 5208
f 5204 5209 5205
f 5210 5209 5208
f 5213 5209 5210
f 5213 5210 5211
f 5212 5213 5214
f 5211 5214 5213
f 5214 5215 5216
f 5216 5212 5214
f 5193 5216 5215
f 5193 5217 5218
f 5232 5219 5221
f 5233 5232 5221
f 5219 5224 5220
f 5224 5225 5220
f 5220 5221 5219
f 5222 5223 5224
f 5224 5223 5225
f 5227 5222 5228
f 5226 5222 5227
f 5226 5223 5222
f 5230 5227 5228
f 5229 5230 5228
f 5235 5231 5232
f 5232 5233 5235
f 5234 5231 5235
f 5236 5231 5234
f 5236 5234 5237
f 5238 5236 5237
f 5239 5238 5237
f 5239 5240 5238
f 5241 5240 5239
f 5241 5242 5243
f 5243 5240 5241
f 5243 5242 5245
f 5244 5243 5245
f 5244 5245 5246
f 5247 5248 5259
f 5251 5248 5247
f 5249 5250 5251
f 5250 5248 5251
f 5249 5252 5250
f 5253 5254 5255
f 5255 5252 5253
f 5249 5253 5252
f 5255 5254 5256
f 5257 5258 5256
f 5257 5256 5254
f 5259 5260 5247
f 5261 5260 5259
f 5260 5261 5265
f 5265 5261 5262
f 5263 5265 5262
f 5263 5264 5266
f 5266 5265 5263
f 5266 5264 5267
f 5267 5268 5266
f 5266 5268 5269
f 5272 5269 5268
f 5272 5270 5271
f 5271 5269 5272
f 5274 5276 5275
f 5277 5276 5274
f 5273 5274 5275
f 5276 5277 5278
f 5279 5273 5275
f 5273 5279 5280
f 5283 5281 5279
f 5282 5281 5283
f 5281 5280 5279
f 5287 5284 5285
f 5283 5286 5282
f 5286 5285 5282
f 5286 5287 5285
f 5278 5289 5276
f 5278 5288 5289
f 5289 5288 5290
f 5288 5291 5290
f 5293 5294 5290
f 5290 5291 5293
f 5292 5294 5293
f 5292 5296 5294
f 5292 5295 5296
f 5296 5295 5297
f 5297 5295 5298
f 5297 5300 5299
f 5300 5297 5298
f 5299 5300 5301
f 5302 5303 5304
f 5304 5326 5305
f 5307 5327 5306
f 5339 5306 5327
f 5307 5308 5327
f 5310 5327 5308
f 5309 5327 5310
f 5309 5314 5327
f 5309 5311 5314
f 5311 5312 5314
f 5312 5313 5314
f 5315 5317 5316
f 5321 5318 5317
f 5316 5317 5318
f 5339 5327 5319
f 5338 5320 5319
f 5322 5318 5321
f 5322 5321 5323
f 5323 5324 5326
f 5326 5322 5323
f 5326 5324 5325
f 5325 5305 5326
f 5319 5327 5302
f 5302 5328 5319
f 5305 5328 5304
f 5304 5328 5302
f 5333 5329 5330
f 5332 5331 5329
f 5332 5329 5333
f 5335 5330 5334
f 5334 5330 5329
f 5335 5334 5336
f 5335 5336 5338
f 5336 5337 5338
f 5320 5338 5337
f 5319 5320 5339
f 5356 5376 5340
f 5376 5341 5340
f 5341 5376 5378
f 5341 5378 5342
f 5378 5343 5342
f 5378 5344 5343
f 5378 5345 5344
f 5347 5345 5378
f 5378 5373 5346
f 5347 5378 5346
f 5373 5348 5346
f 5348 5373 5349
f 5350 5349 5373
f 5351 5350 5373
f 5373 5354 5351
f 5354 5353 5351
f 5352 5353 5354
f 5355 5376 5356
f 5355 5390 5376
f 5390 5355 5357
f 5357 5358 5390
f 5390 5358 5359
f 5360 5390 5359
f 5361 5390 5360
f 5390 5361 5362
f 5362 5363 5367
f 5367 5390 5362
f 5367 5363 5364
f 5367 5364 5366
f 5365 5367 5366
f 5367 5365 5369
f 5369 5365 5368
f 5369 5368 5371
f 5370 5369 5371
f 5380 5372 5378
f 5372 5373 5378
f 5374 5373 5372
f 5374 5354 5373
f 5388 5390 5367
f 5388 5375 5390
f 5377 5378 5376
f 5377 5380 5378
f 5379 5372 5380
f 5379 5383 5372
f 5374 5372 5383
f 5383 5384 5374
f 5367 5369 3885
f 3885 5388 5367
f 5390 5400 5376
f 5380 5391 5379
f 5377 5391 5380
f 5383 5379 5381
f 5381 5382 5383
f 5384 5383 5382
f 5382 5385 5384
f 5398 5375 5388
f 5375 5398 5390
f 5376 5386 5377
f 5400 5386 5376
f 5386 5387 5377
f 5391 5393 5379
f 5379 5393 5381
f 5393 5395 5381
f 5381 5395 5382
f 5395 5397 5382
f 5382 5397 5385
f 5388 3885 5389
f 5388 5389 5399
f 5398 5388 5399
f 5390 3936 5400
f 5398 3936 5390
f 5377 5406 5391
f 5387 5406 5377
f 5391 5406 5392
f 5393 5391 5392
f 5392 5394 5393
f 5393 5394 5395
f 5394 5402 5395
f 5395 5402 5396
f 5397 5395 5396
f 5396 5404 5397
f 5398 5399 3914
f 5386 5400 3948
f 5401 5402 5394
f 5402 5401 5408
f 5396 5402 5408
f 5396 5408 5403
f 5404 5396 5403
f 5403 5410 5404
f 5399 5389 3907
f 3914 3936 5398
f 3936 3948 5400
f 3948 3954 5386
f 5387 5386 3954
f 3954 5405 5387
f 5406 5387 5405
f 5405 3968 5406
f 5392 5406 3968
f 3968 3988 5392
f 5394 5392 3988
f 3988 5407 5394
f 5401 5394 5407
f 5407 5411 5408
f 5408 5401 5407
f 5411 5409 5403
f 5403 5408 5411
f 5410 5403 5409
f 5409 5414 5410
f 5407 4002 5411
f 4002 5412 5411
f 5412 5409 5411
f 5412 5413 5409
f 5413 5414 5409
f 5413 3815 5414
f 5369 5370 5415
f 2643 5369 5415
f 5369 2643 5416
f 5424 5423 5417
f 5423 5418 5417
f 5419 5417 5418
f 5419 5418 5420
f 5419 5420 5421
f 5420 5422 5421
f 5424 5425 5423
f 5424 5428 5425
f 5425 5428 5427
f 5429 5426 5427
f 5427 5428 5429
f 5435 5437 5430
f 5430 5431 5434
f 5432 5431 5433
f 5431 5432 5434
f 5430 5434 5435
f 5435 5436 5437
f 5518 5517 5511
f 5517 5438 5439
f 5525 5529 5526
f 5533 5456 5525
f 5440 5447 5624
f 5651 5638 5643
f 5678 7306 5676
f 5670 5441 5672
f 5654 5651 5650
f 5654 5660 5655
f 5442 5679 5443
f 5668 5443 5679
f 5680 5444 3837
f 5662 5675 5673
f 5638 5445 5630
f 5445 5622 5440
f 5624 5630 5445
f 5623 5440 5622
f 5447 5449 5446
f 5447 5446 5586
f 5581 5448 5585
f 5448 5451 5586
f 5449 5450 5446
f 5577 5576 5451
f 5454 5452 5581
f 5453 5577 5452
f 5453 5454 5538
f 5455 5566 5453
f 5538 5515 5549
f 5549 5515 5514
f 5518 5455 5549
f 5516 5518 5514
f 5456 5511 5439
f 5500 5457 5507
f 5478 5438 5516
f 5476 3724 5457
f 5438 3723 5476
f 5458 5469 5466
f 5469 5465 5482
f 5471 3809 5459
f 5460 7331 2915
f 2915 5461 5460
f 5461 5462 5460
f 5457 5463 5464
f 5490 5464 5463
f 5463 5457 3724
f 5465 5483 5482
f 5465 5468 5485
f 5466 5490 5458
f 3681 5467 5468
f 5466 5469 5482
f 5465 5485 5483
f 5459 5488 5472
f 5468 5467 5485
f 5470 5472 5488
f 5471 5459 5472
f 5480 5473 5481
f 3687 5481 5473
f 5490 5463 5458
f 5467 3681 5470
f 3687 3697 5510
f 5478 5474 3702
f 5475 5510 3697
f 3702 5474 5475
f 5487 5470 5488
f 5487 5467 5470
f 3724 5476 3723
f 2915 5479 5499
f 5491 3856 5480
f 5510 5477 3687
f 5516 5474 5478
f 5438 5478 3723
f 2915 5493 3809
f 5477 5481 3687
f 2915 7331 5479
f 5459 3809 5493
f 5491 5480 5481
f 5501 5483 5485
f 5466 5482 5484
f 5484 5482 5483
f 5507 5464 5489
f 5501 5496 5483
f 5505 5459 5493
f 2915 5499 5493
f 5466 5502 5490
f 5476 5457 5500
f 5484 5483 5496
f 5464 5507 5457
f 5489 5490 5502
f 5467 5486 5485
f 5502 5466 5484
f 5508 5488 5505
f 5485 5486 5501
f 5487 5488 5508
f 5438 5476 5439
f 5489 5464 5490
f 5486 5467 5487
f 5488 5459 5505
f 5491 3864 3856
f 5474 5492 5475
f 5492 5510 5475
f 5495 5487 5508
f 5495 5486 5487
f 5500 5439 5476
f 5516 5438 5517
f 5493 5504 5505
f 5504 5493 5499
f 5502 5523 5489
f 5520 5494 5496
f 5502 5484 5494
f 5495 5512 5486
f 5494 5484 5496
f 5528 5520 5496
f 5508 5497 5495
f 5498 5499 5479
f 5456 5500 5529
f 5529 5507 5522
f 5500 5456 5439
f 5507 5529 5500
f 5501 5528 5496
f 5523 5522 5489
f 5523 5502 5494
f 5499 5498 5503
f 5509 5497 5508
f 5512 5501 5486
f 5504 5509 5505
f 5506 5491 5481
f 5477 5506 5481
f 5522 5507 5489
f 5528 5501 5512
f 5508 5505 5509
f 5534 5477 5510
f 5515 5474 5516
f 5510 5492 5534
f 5492 5474 5515
f 5439 5511 5517
f 5497 5532 5495
f 5532 5512 5495
f 3864 5491 5519
f 5504 5499 5503
f 5477 5534 5513
f 5494 5524 5523
f 5514 5515 5516
f 5516 5517 5518
f 5504 5521 5509
f 5503 5521 5504
f 5519 5491 5506
f 5513 5506 5477
f 5520 5524 5494
f 5521 5503 5540
f 5515 5534 5492
f 5565 3864 5519
f 5542 5522 5523
f 5536 5532 5497
f 5456 5533 5511
f 5524 5520 5527
f 5529 5525 5456
f 5528 5530 5520
f 5526 5522 5542
f 5542 5523 5524
f 5531 5512 5532
f 5520 5530 5527
f 5545 5536 5497
f 5531 5528 5512
f 5521 5545 5509
f 5526 5529 5522
f 5530 5528 5531
f 5497 5509 5545
f 5535 5513 5534
f 5536 5556 5532
f 5556 5531 5532
f 5540 5503 7333
f 5518 5511 5455
f 5455 5511 5533
f 5514 5518 5549
f 5521 5557 5545
f 5557 5521 5540
f 5534 5515 5535
f 5556 5536 5559
f 5537 5557 5540
f 5515 5538 5535
f 5548 5525 5526
f 5533 5525 5548
f 5527 5539 5524
f 5540 7333 5537
f 5546 5513 5535
f 5543 5533 5548
f 5524 5539 5542
f 5527 5530 5541
f 5568 5519 5506
f 5506 5513 5568
f 5542 5539 5526
f 5533 5543 5455
f 5527 5541 5539
f 5539 5548 5526
f 5544 5531 5556
f 5544 5530 5531
f 5557 5559 5545
f 5565 5519 5568
f 5538 5546 5535
f 5549 5455 5453
f 5541 5530 5544
f 5536 5545 5559
f 5554 5539 5541
f 5547 5539 5554
f 5569 5546 5454
f 5560 5543 5548
f 5547 5548 5539
f 5555 5544 5556
f 5513 5546 5569
f 5453 5538 5549
f 5455 5543 5566
f 5550 5551 5552
f 5547 5560 5548
f 5559 5550 5552
f 5553 5554 5541
f 5555 5556 5552
f 5541 5544 5571
f 5557 5537 5559
f 5569 5568 5513
f 5454 5546 5538
f 5553 5541 5571
f 5558 5559 5537
f 5556 5559 5552
f 5569 5584 5567
f 5453 5452 5454
f 5560 5566 5543
f 5552 5580 5561
f 5571 5544 5555
f 5562 5566 5560
f 5563 5562 5554
f 5554 5562 5547
f 5559 5564 5550
f 5558 5564 5559
f 5567 5565 5568
f 5560 5547 5562
f 5453 5566 5577
f 5562 5577 5566
f 5563 5578 5562
f 5573 5571 5555
f 3949 5565 5567
f 5567 5568 5569
f 5597 5585 5586
f 5578 5587 5576
f 5581 5569 5454
f 5452 5448 5581
f 5587 5578 5570
f 5572 5571 5573
f 5554 5553 5571
f 5571 5572 5554
f 5552 5561 5555
f 5561 5573 5555
f 5580 5552 5551
f 5574 5575 5595
f 5575 5585 5597
f 5584 5569 5581
f 5448 5452 5577
f 5562 5576 5577
f 5570 5578 5563
f 5576 5562 5578
f 5561 5582 5601
f 5563 5554 5572
f 5572 5573 5583
f 5579 5561 5580
f 5575 3949 5567
f 5581 5585 5584
f 5599 5586 5451
f 5577 5451 5448
f 5582 5602 5601
f 5570 5563 5588
f 5583 5588 5572
f 5588 5563 5572
f 5561 5583 5573
f 5574 3949 5575
f 5585 5575 5584
f 5451 5591 5599
f 5585 5448 5586
f 5593 5591 5587
f 5591 5576 5587
f 5605 5570 5588
f 5587 5570 5593
f 5579 5589 5561
f 5575 5567 5584
f 5590 5598 5591
f 5591 5451 5576
f 5570 5594 5593
f 5592 5588 5609
f 5592 5605 5588
f 5583 5561 5601
f 5583 5601 5609
f 5561 5589 5582
f 5575 5597 5595
f 5599 5598 5447
f 5611 5590 5610
f 5594 5590 5593
f 5591 5593 5590
f 5600 5609 5607
f 5594 5570 5605
f 5588 5583 5609
f 5596 5574 5595
f 5603 5596 5595
f 5446 5450 5597
f 5446 5597 5586
f 5598 5599 5591
f 5599 5447 5586
f 5609 5600 5592
f 5600 5605 5592
f 5601 5614 5609
f 5614 5601 5602
f 5450 5595 5597
f 5619 3967 5603
f 5595 5450 5603
f 5604 5449 5623
f 5590 5594 5610
f 5613 5598 5590
f 7296 5616 5614
f 5610 5594 5605
f 5600 5610 5605
f 5449 5604 5450
f 5440 5449 5447
f 5606 5611 5617
f 5613 5447 5598
f 5611 5610 5617
f 5607 5608 5600
f 5614 5607 5609
f 5602 7296 5614
f 3967 5596 5603
f 5604 5603 5450
f 5617 5610 5612
f 5613 5590 5611
f 5608 5612 5610
f 5608 5610 5600
f 5624 5447 5613
f 5606 5613 5611
f 5614 5615 5607
f 5616 5615 5614
f 3986 3967 5619
f 5604 5619 5603
f 5604 5623 5619
f 5440 5623 5449
f 5606 5617 5618
f 5607 5636 5628
f 5620 3986 5619
f 5630 5624 5606
f 5606 5624 5613
f 5636 5607 5615
f 5621 5619 5623
f 5641 3985 5620
f 5621 5622 5626
f 5618 5630 5606
f 5633 5618 5612
f 5628 5634 5608
f 5634 5612 5608
f 5608 5607 5628
f 5616 5625 5615
f 5620 5619 5621
f 5622 5621 5623
f 5624 5445 5440
f 5633 5612 5634
f 5612 5618 5617
f 5615 5625 5636
f 3985 3986 5620
f 5641 5620 5621
f 5637 5630 5618
f 5634 5628 5627
f 5638 5626 5445
f 5636 5635 5628
f 5635 5627 5628
f 5636 5625 5629
f 5626 5641 5621
f 5445 5626 5622
f 5643 5638 5630
f 5642 5637 5631
f 5637 5618 5631
f 5627 5632 5634
f 5632 5633 5634
f 5635 5636 5629
f 5642 5643 5637
f 5643 5630 5637
f 5647 5632 5646
f 5632 5647 5633
f 5645 5641 5626
f 5626 5638 5639
f 5631 5618 5633
f 5647 5631 5633
f 5640 3985 5641
f 5626 5639 5645
f 5659 5632 5627
f 5635 5659 5627
f 5656 5642 5648
f 5631 5648 5642
f 5629 5649 5635
f 5645 5640 5641
f 5655 5645 5639
f 5656 5650 5642
f 5638 5651 5639
f 5643 5642 5650
f 5644 5640 5645
f 5639 5651 5655
f 5646 5653 5657
f 5663 5647 5646
f 5648 5631 5647
f 5663 5648 5647
f 5635 5649 5659
f 5659 5653 5632
f 5664 5640 5644
f 5655 5644 5645
f 5650 5651 5643
f 5652 5659 5649
f 5646 5632 5653
f 5651 5654 5655
f 5650 5656 5661
f 5663 5646 5657
f 5665 5664 5644
f 5655 5658 5644
f 5653 5659 5667
f 5660 5658 5655
f 5661 5654 5650
f 5659 5652 5667
f 5665 5644 5658
f 5666 5661 5656
f 5648 5662 5656
f 5662 5648 5663
f 5657 5675 5663
f 5675 5662 5663
f 5653 5670 5657
f 5670 5653 5667
f 5665 5658 5668
f 3837 5664 5665
f 5668 5658 5660
f 5669 5654 5661
f 5666 5669 5661
f 5662 5666 5656
f 5667 5671 5670
f 5673 5666 5662
f 5675 5657 5670
f 5660 5443 5668
f 5654 5669 5442
f 5654 5442 5660
f 5670 5671 5441
f 5443 5660 5442
f 5668 3837 5665
f 5670 5676 5675
f 5676 5670 5672
f 5666 5674 5669
f 5442 5669 5681
f 5674 5673 5677
f 5666 5673 5674
f 5677 5673 5675
f 5675 5676 5677
f 5676 5672 5678
f 3837 5668 5680
f 5668 5679 5680
f 5669 5674 5681
f 5681 5679 5442
f 5730 5710 5682
f 5725 5720 5723
f 5684 5720 5725
f 5683 5684 5734
f 5715 5714 5703
f 5714 5700 5703
f 5685 5700 5697
f 5686 5695 5699
f 5698 5688 5699
f 5686 5688 5687
f 5707 5686 5687
f 5686 5699 5688
f 5698 5689 5690
f 5698 5690 5691
f 5694 5692 5691
f 5691 5692 5693
f 5694 5691 5690
f 5700 5685 5698
f 5700 5704 5701
f 5695 5706 5716
f 5696 5713 5709
f 5689 5698 5685
f 5702 5697 5700
f 5698 5699 5700
f 5700 5701 5702
f 5700 5699 5695
f 5695 5716 5703
f 5706 5686 5707
f 5686 5706 5695
f 5704 5718 5708
f 5718 5704 5714
f 5700 5714 5704
f 5716 5706 5705
f 5700 5695 5703
f 5705 5706 5707
f 5713 5708 5718
f 5682 5709 5713
f 5710 5711 5682
f 5705 5719 5722
f 5715 5716 5723
f 5712 5714 5727
f 5716 5705 5722
f 5682 5713 5718
f 5714 5715 5727
f 5703 5716 5715
f 5716 5722 5723
f 5711 5717 5682
f 5712 5682 5718
f 5720 5683 5721
f 5723 5727 5715
f 5724 5725 5722
f 5724 5722 5719
f 5718 5714 5712
f 5723 5720 5721
f 5722 5725 5723
f 5723 5721 5727
f 5724 5684 5725
f 5682 5712 5730
f 5726 5710 5730
f 5728 5727 5731
f 5712 5727 5728
f 5721 5731 5727
f 5720 5684 5683
f 5712 5728 5730
f 5729 5730 5728
f 5728 5731 5732
f 5731 5721 5732
f 5732 5721 5733
f 5733 5721 5683
f 5733 5734 5735
f 5733 5683 5734
f 5738 5739 5736
f 5737 5739 5738
f 5739 5737 5740
f 5743 5742 5741
f 5742 5743 5744
f 5745 5744 5743
f 5745 5746 5748
f 5746 5745 5743
f 5746 5747 5748
f 5746 5749 5747
f 5747 5749 5750
f 5750 5749 5751
f 5752 5750 5751
f 5753 5752 5751
f 5754 5755 5757
f 5756 5757 5755
f 5754 5758 5755
f 5811 5759 5761
f 5761 5759 5760
f 5764 5762 5761
f 5811 5761 5762
f 5763 5762 5764
f 5781 5773 5776
f 5776 5774 5775
f 5765 5766 5774
f 5767 5768 5772
f 5767 5769 5768
f 5771 5768 5769
f 5769 5770 5771
f 5772 5774 5766
f 5774 5776 5773
f 5772 5775 5774
f 5775 5768 5778
f 5768 5775 5772
f 5775 5778 5776
f 5778 5777 5776
f 5776 5777 5781
f 5778 5768 5779
f 5777 5778 5779
f 5768 5771 5779
f 5789 5780 5781
f 5781 5780 5773
f 5782 5783 5784
f 5802 5785 5799
f 5803 5785 4057
f 5802 5795 5785
f 5786 5780 5787
f 5792 5773 5780
f 5774 5788 5765
f 5780 5789 5794
f 5774 5792 5793
f 5773 5792 5774
f 5793 5788 5774
f 5791 5788 5793
f 5786 5798 5792
f 5793 5790 5791
f 5787 5794 4062
f 5792 5798 5793
f 5780 5786 5792
f 5794 5787 5780
f 5790 5793 5797
f 5795 5786 5787
f 5798 5795 5802
f 4061 5795 5787
f 5802 5793 5798
f 5796 5793 5802
f 5796 5797 5793
f 4061 5787 4062
f 5786 5795 5798
f 5802 5801 5796
f 5785 5795 4061
f 5799 5806 5802
f 5800 5801 5802
f 4061 4057 5785
f 4057 4058 5803
f 5803 5799 5785
f 5804 5802 5806
f 5800 5802 5804
f 5804 5806 5805
f 5799 5803 5808
f 5806 5799 5808
f 5807 5806 5784
f 5807 5805 5806
f 5808 5803 4058
f 5809 5810 5808
f 5806 5808 5810
f 5810 5784 5806
f 5784 5783 5807
f 5809 5811 5810
f 5811 5812 5810
f 5812 5784 5810
f 5812 5813 5784
f 5784 5813 5782
f 5993 5814 6059
f 5815 5940 5816
f 5877 5933 5932
f 5815 6102 5940
f 6048 5964 5992
f 5817 6015 5961
f 5818 5966 6026
f 5819 5820 6016
f 5820 5819 5821
f 5826 5822 5954
f 5823 5950 5824
f 5984 6010 6008
f 5854 5834 5825
f 5856 5987 5828
f 6053 5826 5827
f 5856 5828 5857
f 5830 5843 5845
f 5829 5843 5830
f 5848 5831 5832
f 6011 5833 5832
f 5855 5825 5833
f 5827 5826 5956
f 5854 5820 5834
f 5820 5837 5834
f 5835 5837 6052
f 5840 5837 5836
f 5836 5837 5835
f 5838 5837 5841
f 5841 5840 5839
f 5837 5840 5841
f 5833 6012 5855
f 5842 5843 5829
f 5842 5829 5844
f 6011 5832 5831
f 5850 5831 5848
f 5844 5857 5842
f 5844 5858 5857
f 5845 5843 5949
f 5846 5949 5847
f 5848 5849 5850
f 5848 5851 5849
f 5847 5849 5852
f 5853 5854 5855
f 5856 5857 5858
f 5851 5848 5859
f 5860 5851 5859
f 5860 5859 5901
f 6081 5861 6042
f 5862 5863 6074
f 5864 5895 5865
f 6071 6069 6068
f 5947 5866 5913
f 5919 5868 6111
f 5869 5867 5890
f 5923 5922 5868
f 5869 5870 5871
f 5887 5870 5888
f 5872 5931 5927
f 5929 5888 5930
f 5873 5874 5934
f 5878 5880 5875
f 5933 5877 5876
f 5882 5884 5883
f 5876 5879 5878
f 5877 5879 5876
f 5878 5879 5880
f 5881 5882 5883
f 5884 5875 5880
f 5936 5885 5934
f 5885 5935 5881
f 5886 5874 5873
f 5929 5928 5886
f 5887 5888 5929
f 5871 5870 5887
f 5867 5869 5871
f 5921 5920 5922
f 5889 5923 5868
f 5890 5891 5869
f 5890 5897 5891
f 5914 5918 5892
f 5891 5897 5896
f 5893 5868 5914
f 5893 5894 5868
f 5895 5896 5897
f 5868 6110 5898
f 5864 5896 5895
f 5902 5899 5900
f 5902 5900 5860
f 5860 5901 5902
f 5903 5864 5865
f 5904 5864 5903
f 5905 5904 5903
f 5904 5905 5907
f 5909 5906 5907
f 5907 5905 5910
f 5908 5909 5910
f 5907 5910 5909
f 5940 5911 5816
f 5955 5899 5902
f 6112 5912 5955
f 5915 5983 5913
f 5918 5914 5868
f 5915 5913 5866
f 6115 5916 6114
f 5917 6109 6118
f 5918 5948 5892
f 5889 5868 5919
f 5872 5920 5921
f 5921 5922 5923
f 5927 5924 5925
f 5926 5925 5924
f 5927 5920 5872
f 5928 5929 5930
f 5874 5886 5928
f 5924 5927 5931
f 5932 5933 5926
f 5934 5885 5873
f 5935 5885 5936
f 5882 5881 5935
f 5880 5883 5884
f 5926 5933 5925
f 6113 5912 6112
f 6055 6021 5937
f 6031 6029 6002
f 6097 6099 6028
f 5938 5939 6102
f 5939 5941 6102
f 6102 5941 5940
f 5942 5940 5941
f 5940 5942 5943
f 5944 5940 5943
f 5868 5940 5944
f 5868 5944 5945
f 5868 5945 5946
f 5868 5946 5918
f 5947 5948 5918
f 5947 5913 5948
f 5849 5851 5852
f 5846 5847 5852
f 5949 5846 5845
f 5854 5825 5855
f 5950 5823 5953
f 5951 5952 5953
f 6013 5954 5822
f 6018 6017 6014
f 5899 5955 5912
f 5853 5956 5854
f 5957 6010 6009
f 6022 5988 6019
f 5958 6025 6023
f 5862 6007 5863
f 5959 5960 5961
f 5959 5962 6054
f 5973 5861 6081
f 5963 5964 6063
f 6005 5965 5966
f 6056 5971 5967
f 6043 5968 6044
f 6058 5969 5970
f 5967 5971 5972
f 5967 5972 6059
f 5973 5974 5975
f 5976 6117 5977
f 5978 6077 5979
f 5980 6090 5981
f 6077 6076 5982
f 5983 5915 6105
f 6117 6116 6072
f 5916 6115 6072
f 5966 5953 5952
f 5984 6007 5862
f 5985 5986 5970
f 6009 5828 5987
f 6022 6024 5988
f 5989 6006 5984
f 5988 5990 6019
f 6010 5991 6008
f 5991 6010 5957
f 5992 6049 6048
f 6059 6058 5993
f 6059 5814 5994
f 5994 5814 5995
f 5996 5994 5995
f 5994 5996 6000
f 5996 5998 6000
f 5997 6000 5998
f 6000 5997 5999
f 6033 6102 5999
f 6000 5999 6102
f 6032 6035 6030
f 6001 6002 6029
f 6001 5824 6003
f 6001 6003 6002
f 5824 5950 6003
f 6103 6102 6004
f 6032 6034 6035
f 5952 6005 5966
f 6073 6109 6068
f 5958 5818 6026
f 5984 6006 6007
f 5989 5984 6008
f 6009 6010 5828
f 5956 5826 5854
f 5833 6011 6012
f 6013 5822 6051
f 6014 6051 6018
f 6015 5819 6016
f 6065 6017 6018
f 5961 6015 6016
f 6019 5990 6060
f 6065 6046 6020
f 5937 6021 5962
f 6054 5962 6021
f 6062 6060 6063
f 6057 5970 5986
f 6061 6060 5990
f 5970 6061 5985
f 6022 6023 6024
f 6024 6023 6025
f 5958 6023 5818
f 5965 6026 5966
f 5951 5953 5823
f 6027 6103 6028
f 6030 6029 6031
f 6030 6031 6032
f 6004 6102 6034
f 6033 6034 6102
f 6034 6033 6035
f 6041 6036 6037
f 6037 6096 6098
f 6094 6083 6040
f 6041 6040 6038
f 6039 6084 6040
f 6087 6040 6083
f 6039 6040 6041
f 6081 6042 6043
f 6085 6044 5968
f 6088 5938 6102
f 6095 6045 6082
f 5975 5974 6080
f 5960 5817 5961
f 6018 6046 6065
f 6047 6048 6049
f 5821 6050 5820
f 6014 6013 6051
f 5820 6050 6052
f 5820 6052 5837
f 5822 5826 6053
f 6054 5960 5959
f 5937 6056 6055
f 5967 6055 6056
f 5970 6057 6058
f 5969 6058 6059
f 5969 6059 5972
f 6060 6061 5970
f 6060 6062 6019
f 6060 5963 6063
f 5964 6048 6063
f 6064 6047 6066
f 6066 6047 6049
f 6020 6064 6066
f 6065 6020 6066
f 6078 6067 5978
f 5912 6113 6114
f 6068 6069 6070
f 6071 6068 6109
f 6117 6072 6115
f 6074 5863 6073
f 6074 6073 6068
f 6074 6075 5862
f 6076 6077 6075
f 6076 6075 6074
f 5979 6077 5982
f 6078 5978 5979
f 6067 6078 6079
f 6080 6067 6079
f 6079 5975 6080
f 5975 5861 5973
f 6043 6044 6081
f 6094 6082 6083
f 5968 6084 6085
f 6086 6084 6039
f 6085 6084 6086
f 6040 6087 6038
f 6101 6088 6102
f 6089 6090 6104
f 6091 6082 6045
f 6091 6092 6082
f 6108 6092 6093
f 6090 6089 5981
f 6090 5980 6107
f 6094 6095 6082
f 6041 6038 6036
f 6096 6037 6036
f 6098 6096 6099
f 6097 6098 6099
f 6100 6101 6102
f 6103 6027 6102
f 6099 6027 6028
f 6100 6102 6027
f 6090 5938 6104
f 6088 6104 5938
f 5980 5983 6107
f 6106 5983 6105
f 5983 6106 6107
f 6108 6120 6119
f 6070 6069 6108
f 6071 6109 5917
f 5894 6110 5868
f 5898 6111 5868
f 5898 6112 6111
f 6112 5898 6113
f 6114 6113 6115
f 5977 5917 6118
f 5976 6116 6117
f 6118 5976 5977
f 6108 6119 6070
f 6120 6108 6121
f 6108 6093 6121
f 6092 6108 6082
f 6122 6155 6123
f 6122 6124 6154
f 6124 6152 6154
f 6153 6152 6125
f 6157 6156 6123
f 6126 6153 6125
f 6126 6127 6128
f 6150 6128 6127
f 6151 6150 6127
f 6129 6159 6130
f 6150 6149 6132
f 6131 6130 6159
f 6132 6149 6133
f 6133 6134 6148
f 6134 6135 6148
f 6135 6136 6137
f 6137 6136 6138
f 6138 6139 6147
f 6147 6139 6140
f 6145 6140 6143
f 6147 6140 6145
f 6144 6141 6142
f 6143 6144 6145
f 6142 6145 6144
f 6161 6163 6146
f 6138 6147 6137
f 6135 6137 6148
f 6133 6148 6132
f 6149 6150 6151
f 6126 6128 6153
f 6152 6153 6154
f 6122 6154 6155
f 6123 6155 6157
f 6156 6158 6129
f 6157 6158 6156
f 6158 6159 6129
f 6130 6131 6160
f 6160 6131 6146
f 6131 6161 6146
f 6161 6164 6163
f 6164 6162 6163
f 6165 6162 6164
f 6162 6165 6166
f 6162 6166 6167
f 6208 6186 6168
f 6169 6170 6171
f 6171 6213 6169
f 6181 6171 6182
f 6172 6173 6181
f 6174 6181 6175
f 6173 6175 6181
f 6176 6174 6175
f 6176 6177 6174
f 6177 6178 6174
f 6178 6179 6174
f 6179 6178 6180
f 6181 6182 6172
f 6182 6171 6184
f 6171 6170 6183
f 6183 6184 6171
f 6185 6171 6212
f 6208 6209 6186
f 6187 6195 6196
f 6196 6191 6190
f 6188 6192 6191
f 6188 6189 6192
f 6190 6191 6192
f 6196 6190 6193
f 6193 6187 6196
f 6194 6196 6195
f 6196 6203 6205
f 6203 6196 6194
f 6194 6197 6203
f 6197 6198 6203
f 6198 6199 6203
f 6207 6200 6204
f 6205 6201 6204
f 6202 6205 6203
f 6204 6196 6205
f 6206 6207 6204
f 6201 6206 6204
f 6208 6204 6200
f 6208 6200 6209
f 6210 6171 6185
f 6168 6171 6208
f 6168 6211 6171
f 6211 6212 6171
f 6210 6213 6171
f 6169 6213 6214
f 6227 6224 6215
f 6215 6223 6216
f 6224 6223 6215
f 6217 6224 6222
f 6222 6221 6217
f 6221 6219 6218
f 6219 6221 6220
f 6220 6221 6222
f 6223 6224 6217
f 6222 6224 6225
f 6229 6226 6215
f 6215 6226 6227
f 6229 6228 6226
f 6231 6229 6215
f 6230 6229 6231
f 6231 6215 6232
f 6279 6278 6236
f 6286 6287 6233
f 6234 6270 6235
f 6281 6236 6237
f 6276 6274 6239
f 6237 6282 6238
f 6278 6280 6276
f 6272 6239 6275
f 6241 6285 6286
f 6284 6240 6241
f 6242 6235 6272
f 6233 6243 6289
f 6270 6234 6271
f 6269 6268 6271
f 6244 6269 6258
f 6291 6245 6294
f 6245 6295 6294
f 6266 6246 6248
f 6299 6249 6247
f 6265 6248 6264
f 6249 6250 6247
f 6264 6263 6251
f 6259 6252 6261
f 6253 6255 6254
f 6257 6256 6254
f 6254 6255 6257
f 6252 6260 6253
f 6256 6257 6250
f 6250 6249 6256
f 6258 6246 6267
f 6253 6260 6255
f 6252 6259 6260
f 6261 6262 6259
f 6261 6263 6262
f 6261 6251 6263
f 6251 6265 6264
f 6265 6266 6248
f 6266 6267 6246
f 6267 6244 6258
f 6244 6268 6269
f 6268 6270 6271
f 6235 6242 6234
f 6272 6273 6242
f 6272 6275 6273
f 6239 6274 6275
f 6276 6277 6274
f 6276 6280 6277
f 6278 6279 6280
f 6236 6281 6279
f 6237 6238 6281
f 6282 6283 6238
f 6282 6284 6283
f 6282 6240 6284
f 6240 6285 6241
f 6285 6287 6286
f 6287 6243 6233
f 6243 6288 6289
f 6243 6290 6288
f 6291 6292 6290
f 6288 6290 6292
f 6294 6292 6291
f 6293 6294 6295
f 6298 6293 6295
f 6298 6296 6297
f 6298 6297 6293
f 6298 6299 6296
f 6296 6299 6247
f 6307 6309 6300
f 6301 6302 6303
f 6301 6303 6306
f 6303 6304 6306
f 6305 6304 6308
f 6304 6305 6306
f 6308 6309 6307
f 6307 6305 6308
f 6309 6310 6300
f 6344 6311 6300
f 6343 6344 6341
f 6312 6338 6340
f 6313 6314 6336
f 6335 6315 6333
f 6316 6317 6319
f 6317 6318 6319
f 6320 6321 6332
f 6330 6322 6321
f 6331 6329 6322
f 6328 6327 6329
f 6325 6324 6326
f 6323 6324 6325
f 6326 6324 6327
f 6327 6328 6326
f 6331 6328 6329
f 6330 6331 6322
f 6320 6330 6321
f 6320 6332 6318
f 6332 6319 6318
f 6317 6316 6315
f 6315 6316 6333
f 6333 6334 6335
f 6335 6334 6336
f 6336 6334 6313
f 6312 6314 6337
f 6337 6314 6313
f 6338 6312 6337
f 6340 6338 6339
f 6340 6339 6342
f 6341 6342 6343
f 6342 6339 6343
f 6311 6344 6343
f 6300 6310 6344
f 6345 6346 6347
f 6345 6348 6346
f 6361 6368 6367
f 6361 6360 6349
f 6373 6368 6350
f 6381 6373 6350
f 6352 6351 6380
f 6372 6352 6353
f 6353 6352 6389
f 6354 6377 6383
f 6375 6377 6354
f 6392 6383 6394
f 6369 6377 6375
f 6369 6368 6355
f 6355 6361 6349
f 6356 6363 6369
f 6349 6360 6357
f 6349 6357 6358
f 6367 6359 6360
f 6367 6360 6361
f 6369 6363 6377
f 6368 6361 6355
f 6362 6377 6363
f 6362 6363 6364
f 6359 6357 6360
f 6365 6380 6379
f 6371 6350 6369
f 6355 6356 6369
f 6377 6362 6366
f 6367 6373 6365
f 6367 6368 6373
f 6369 6350 6368
f 6369 6375 6371
f 6377 6366 6370
f 6365 6359 6367
f 6371 6374 6350
f 6352 6372 6351
f 6373 6381 6380
f 6374 6381 6350
f 6371 6375 6386
f 6371 6386 6374
f 6376 6383 6377
f 6375 6354 6386
f 6377 6378 6376
f 6365 6373 6380
f 6351 6379 6380
f 6374 6385 6381
f 6386 6387 6374
f 6383 6376 6384
f 6382 6383 6384
f 6352 6381 6385
f 6354 6387 6386
f 6385 6374 6387
f 6354 6383 6388
f 6354 6388 6387
f 6380 6381 6352
f 6385 6389 6352
f 6387 6390 6385
f 6388 6391 6387
f 6392 6388 6383
f 6389 6385 6390
f 6390 6387 6391
f 6391 6388 6392
f 6393 6394 6383
f 6398 6397 6396
f 6395 6396 6397
f 6397 6398 6399
f 6400 6397 6399
f 6399 6401 6400
f 6400 6401 6402
f 6395 6403 6404
f 6404 6396 6395
f 6405 6404 6403
f 6405 6406 6404
f 6406 6405 6408
f 6407 6406 6408
f 6409 6420 6410
f 6420 6409 6419
f 6409 6410 6411
f 6413 6409 6411
f 6411 6412 6413
f 6413 6412 6414
f 6414 6417 6416
f 6417 6414 6412
f 6417 6415 6416
f 6417 6418 6415
f 6424 6419 6421
f 6419 6424 6420
f 6421 6422 6424
f 6422 6423 6424
f 6425 6422 6427
f 6422 6425 6423
f 6427 6429 6426
f 6426 6425 6427
f 6426 6428 6431
f 6428 6426 6429
f 6432 6430 6431
f 6431 6428 6432
f 6439 6434 6440
f 6434 6439 6433
f 6433 6435 6434
f 6437 6435 6433
f 6436 6435 6437
f 6438 6439 6440
f 6438 6440 6441
f 6438 6441 6443
f 6443 6441 6444
f 6444 6442 6443
f 6444 6445 6442
f 6449 6446 6447
f 6448 6446 6449
f 6450 6449 6451
f 6447 6451 6449
f 6450 6451 6452
f 6458 6453 6459
f 6483 6722 6474
f 6479 6454 6455
f 6456 6475 6454
f 6454 6457 6456
f 6456 6457 6468
f 6727 6468 6458
f 6453 6486 6459
f 6487 6501 6460
f 6486 6461 6459
f 6501 6453 6460
f 6462 6487 6460
f 6725 6459 6461
f 6459 6727 6458
f 6453 6458 6460
f 6463 6462 6460
f 6725 6727 6459
f 6460 6469 6464
f 6469 6460 6458
f 6463 6460 6464
f 6465 6468 6727
f 6465 6456 6468
f 6457 6471 6469
f 6458 6468 6469
f 6467 6464 6469
f 6729 6456 6465
f 6466 6469 6471
f 6467 6469 6466
f 6468 6457 6469
f 6466 6471 6470
f 6457 6479 6471
f 6472 6470 6471
f 6729 6475 6456
f 6454 6479 6457
f 6473 6471 6479
f 6473 6472 6471
f 6474 6454 6475
f 6475 6476 6724
f 6473 6479 6477
f 6475 6724 6474
f 6454 6474 6455
f 6478 6477 6479
f 6724 6483 6474
f 6455 6474 6481
f 6480 6478 6479
f 6480 6479 6482
f 6722 6481 6474
f 6479 6455 6482
f 6724 6722 6483
f 6481 6482 6455
f 6517 6518 6736
f 6509 6484 6493
f 6509 6489 6485
f 6500 6486 6453
f 6486 6500 6502
f 6487 6497 6501
f 6500 6453 6501
f 6488 6489 6490
f 6489 6504 6490
f 6513 6491 6492
f 6509 6493 6513
f 6494 6518 6484
f 6521 6494 6520
f 6494 6514 6519
f 8072 6519 6495
f 6496 6490 6497
f 6497 6490 6501
f 6489 6488 6499
f 6498 6490 6496
f 6499 6485 6489
f 6490 6500 6501
f 6504 6741 6502
f 6504 6500 6490
f 6734 6741 6504
f 6500 6504 6502
f 6488 6490 6498
f 6485 6503 6509
f 6505 6734 6504
f 6505 6506 6734
f 6489 6505 6504
f 6492 6506 6505
f 6509 6510 6508
f 6513 6492 6505
f 6489 6513 6505
f 6507 6509 6503
f 6511 6494 6508
f 6509 6513 6489
f 6510 6509 6507
f 6511 6512 6494
f 6493 6491 6513
f 6494 6509 6508
f 6738 6491 6518
f 6493 6518 6491
f 6484 6509 6494
f 6519 6514 6515
f 6484 6518 6493
f 6519 6515 6516
f 6514 6494 6512
f 6518 6517 6738
f 6736 6521 6522
f 6521 6736 6518
f 6494 6521 6518
f 6519 6520 6494
f 6519 6516 6495
f 6519 6523 6520
f 6520 6523 6521
f 6523 6748 6522
f 6523 6522 6521
f 6524 6537 6527
f 6537 6525 6526
f 6527 6530 6528
f 6528 6524 6527
f 6530 6541 6529
f 6527 6541 6530
f 6535 6534 6531
f 6531 6534 6532
f 6533 6532 6534
f 6534 6535 6536
f 6537 6524 6525
f 6526 6538 6537
f 6538 6539 6540
f 6537 6538 6540
f 6544 6540 6539
f 6541 6536 6529
f 6542 6540 6544
f 6541 6534 6536
f 6534 6543 6603
f 6534 6541 6543
f 6542 6544 6545
f 6545 6546 6542
f 6546 6547 6542
f 6546 6548 6547
f 6548 6550 6547
f 6549 6552 6547
f 6549 6547 6550
f 6551 6602 6552
f 6595 6553 6597
f 6601 6554 6555
f 6556 6586 6557
f 6584 6576 6558
f 6575 6576 6573
f 6571 6573 6559
f 6559 6572 6571
f 6560 6570 6561
f 6572 6561 6570
f 6563 6562 6561
f 6560 6561 6562
f 6563 6565 6562
f 6566 6565 6563
f 6568 6566 6564
f 6568 6565 6566
f 6567 6568 6564
f 6567 6564 6569
f 6578 6622 6580
f 6570 6571 6572
f 6576 6574 6559
f 6573 6576 6559
f 6583 6574 6576
f 6577 6576 6575
f 6576 6577 6582
f 6578 6579 6622
f 6580 6622 6581
f 6658 6649 6657
f 6582 6637 6576
f 6592 6583 6576
f 6558 6585 6584
f 6558 6557 6585
f 6585 6557 6586
f 6586 6587 6588
f 6589 6588 6587
f 6588 6589 6590
f 6590 6589 6591
f 6556 6587 6586
f 6592 6576 6593
f 6584 6593 6576
f 6593 6596 6594
f 6594 6592 6593
f 6596 6595 6594
f 6553 6595 6596
f 6553 6598 6597
f 6601 6598 6553
f 6601 6599 6598
f 6555 6599 6601
f 6601 6602 6600
f 6600 6554 6601
f 6602 6551 6600
f 6604 6543 6605
f 6543 6604 6603
f 6606 6608 6604
f 6604 6605 6606
f 6611 6608 6607
f 6606 6607 6608
f 6609 6611 6607
f 6610 6609 6612
f 6609 6610 6611
f 6612 6613 6610
f 6613 6612 6614
f 6679 6637 6659
f 6615 6618 6616
f 6619 6617 6670
f 6619 6618 6617
f 6669 6668 6666
f 6669 6619 6671
f 6667 6666 6620
f 6579 6621 6622
f 6628 6625 6664
f 6623 6624 6664
f 6628 6627 6625
f 6626 6628 6631
f 6627 6628 6626
f 6630 6638 6622
f 6629 6626 6631
f 6635 6630 6622
f 6631 6633 6632
f 6629 6631 6632
f 6634 6633 6631
f 6634 6631 6661
f 6631 6635 6661
f 6691 6637 6690
f 6635 6622 6636
f 6636 6660 6635
f 6679 6674 6637
f 6576 6636 6622
f 6622 6638 6581
f 6639 6621 6579
f 6641 6621 6639
f 6640 6646 6641
f 6641 6639 6642
f 6641 6642 6643
f 6641 6643 6644
f 6641 6644 6645
f 6641 6645 6640
f 6641 6646 6647
f 6641 6647 6649
f 6649 6647 6648
f 6649 6648 6650
f 6649 6650 6651
f 6649 6651 6652
f 6649 6652 6653
f 6649 6653 6654
f 6649 6654 6655
f 6649 6655 6656
f 6649 6656 6657
f 6637 6649 6658
f 6659 6637 6658
f 6660 6661 6635
f 6576 6662 6663
f 6576 6663 6636
f 6664 6624 6628
f 6623 6665 6624
f 6666 6667 6665
f 6665 6667 6624
f 6620 6666 6668
f 6671 6668 6669
f 6619 6670 6671
f 6615 6616 6672
f 6619 6616 6618
f 6672 6616 6673
f 6673 6616 6675
f 6616 6674 6676
f 6616 6676 6675
f 6674 6678 6677
f 6676 6674 6677
f 6678 6674 6679
f 6637 6674 6680
f 6682 6637 6680
f 6681 6637 6682
f 6683 6637 6681
f 6637 6683 6684
f 6637 6684 6685
f 6637 6685 6686
f 6637 6686 6687
f 6637 6687 6688
f 6637 6688 6689
f 6637 6689 6690
f 6662 6576 6691
f 6637 6691 6576
f 6707 6692 6695
f 6694 6692 6693
f 6692 6694 6695
f 6697 6694 6693
f 6697 6696 6694
f 6697 6698 6696
f 6699 6700 6696
f 6696 6698 6699
f 6700 6699 6701
f 6701 6699 6702
f 6704 6701 6702
f 6704 6703 6701
f 6703 6704 6706
f 6705 6703 6706
f 6708 6695 6710
f 6695 6708 6707
f 6708 6710 6709
f 6709 6710 6711
f 6711 6710 6715
f 6712 6711 6715
f 6713 6712 6714
f 6713 6714 6716
f 6714 6712 6715
f 6716 6717 6713
f 6717 6716 6718
f 6719 6717 6718
f 6718 6720 6719
f 6719 6720 6721
f 6724 6732 6722
f 6723 6724 6476
f 6476 6731 6723
f 6475 6730 6731
f 6465 6728 6729
f 6728 6727 6726
f 6725 6461 6726
f 6726 6461 6743
f 6461 6486 6743
f 6727 6725 6726
f 6727 6728 6465
f 6729 6728 6730
f 6729 6730 6475
f 6475 6731 6476
f 6723 6732 6724
f 6502 6743 6486
f 6734 6733 6742
f 6733 6734 6506
f 6492 6735 6506
f 6735 6492 6740
f 6738 6740 6491
f 6739 6517 6737
f 6737 6517 6736
f 6747 6737 6522
f 6736 6522 6737
f 6748 6747 6522
f 6738 6517 6739
f 6739 6740 6738
f 6492 6491 6740
f 6735 6733 6506
f 6741 6734 6742
f 6741 6742 6502
f 6742 6743 6502
f 8044 6758 6744
f 6754 6744 6758
f 6756 6755 6753
f 6749 6746 6745
f 6745 6750 6749
f 6748 6746 6747
f 6746 6748 6745
f 8063 6751 6750
f 6749 6750 6751
f 8043 6751 8063
f 8043 6752 6751
f 8043 6753 6752
f 6753 6755 6752
f 6756 6754 6755
f 6756 8052 6754
f 6754 8052 6744
f 6757 6758 8044
f 6757 6763 6758
f 6757 8083 6763
f 6763 8083 6759
f 6760 6768 6761
f 8097 6761 6766
f 8086 6764 6762
f 8086 6762 6759
f 6762 6763 6759
f 8093 6764 8086
f 6766 6764 6765
f 6765 6764 8093
f 8097 6766 6765
f 8097 6767 6761
f 6767 6760 6761
f 6768 6760 8108
f 8108 6769 6768
f 8108 8109 6769
f 6770 6771 6772
f 6770 6772 6773
f 6775 6774 6778
f 6775 6783 6774
f 6775 6776 6783
f 6774 6777 6778
f 6779 6776 6780
f 6779 6780 6782
f 6780 6781 6782
f 6783 6776 6779
f 6785 6784 6777
f 6778 6777 6784
f 6785 6787 6784
f 6785 6786 6787
f 6788 6790 6787
f 6787 6786 6788
f 6789 6790 6791
f 6788 6791 6790
f 6801 6792 6794
f 6792 6793 6794
f 6793 6795 6794
f 6795 6793 6796
f 6795 6796 6797
f 6797 6796 6798
f 6800 6797 6798
f 6798 6799 6800
f 6792 6801 6803
f 6802 6803 6801
f 6802 6805 6803
f 6804 6807 6805
f 6805 6802 6804
f 6806 6807 6804
f 6808 6806 6804
f 6806 6808 6809
f 6809 6808 6810
f 6820 6812 6811
f 6812 6813 6811
f 6813 6814 6811
f 6814 6813 6815
f 6814 6815 6818
f 6818 6815 6816
f 6817 6818 6816
f 6816 6819 6817
f 6812 6820 6821
f 6824 6821 6820
f 6824 6823 6821
f 6827 6822 6823
f 6823 6824 6827
f 6826 6822 6827
f 6825 6826 6827
f 6826 6825 6828
f 6828 6825 6829
f 6830 6834 6831
f 6832 6833 6830
f 6832 6840 6833
f 6832 6836 6840
f 6833 6834 6830
f 6835 6836 6837
f 6835 6837 6839
f 6837 6838 6839
f 6840 6836 6835
f 6841 6831 6834
f 6831 6841 6842
f 6841 6845 6842
f 6845 6844 6842
f 6846 6843 6844
f 6844 6845 6846
f 6847 6843 6848
f 6846 6848 6843
f 6849 6854 6853
f 6850 6849 6853
f 6850 6852 6849
f 6850 6851 6852
f 6853 6854 6855
f 6854 6856 6855
f 6856 6857 6855
f 6858 6857 6856
f 6859 6857 6858
f 6859 6858 6860
f 6859 6860 6861
f 6862 6863 6864
f 6865 6862 6866
f 6866 6862 6864
f 6868 6865 6866
f 6866 6867 6868
f 6864 6863 6869
f 6869 6871 6872
f 6871 6869 6863
f 6870 6873 6871
f 6872 6871 6873
f 6882 6881 6874
f 6875 6879 6878
f 6875 6876 6880
f 6880 6876 6877
f 6878 6879 6881
f 6879 6875 6880
f 6878 6881 6882
f 6874 6883 6882
f 6884 6885 6886
f 6886 6885 6887
f 6901 6888 6889
f 6889 6890 6900
f 6898 6891 6892
f 6893 6897 6894
f 6893 6894 6896
f 6895 6893 6896
f 6893 6899 6897
f 6899 6898 6897
f 6891 6898 6899
f 6898 6892 6890
f 6900 6890 6892
f 6900 6901 6889
f 6902 6903 6904
f 6902 6904 6905
f 6906 6907 6916
f 6908 6906 6914
f 6908 6915 6909
f 6913 6909 6912
f 6910 6912 6911
f 6912 6910 6913
f 6909 6913 6908
f 6908 6914 6915
f 6916 6914 6906
f 6907 6917 6916
f 6917 6907 6918
f 6918 6919 6917
f 6920 6921 6922
f 6920 6922 6923
f 6929 6930 6928
f 6924 6926 6925
f 6925 6926 6927
f 6924 6929 6926
f 6928 6926 6929
f 6930 6931 6928
f 6931 6932 6928
f 6933 6935 6942
f 6933 6934 6935
f 6935 6934 6936
f 6937 6935 6936
f 6938 6937 6936
f 6937 6938 6939
f 6938 6941 6939
f 6938 6940 6941
f 6942 6943 6933
f 6933 6943 6944
f 6943 6947 6944
f 6945 6947 6943
f 6945 6946 6947
f 6947 6946 6948
f 6946 6949 6948
f 6978 6951 6950
f 6950 6951 6952
f 6953 6950 6954
f 6950 6952 6954
f 6955 6956 6950
f 6955 6950 6953
f 6974 6971 6981
f 6957 6958 6971
f 6971 6958 6981
f 6957 6971 6973
f 6974 6959 6960
f 6993 6996 6961
f 6962 6964 6996
f 6963 6962 6996
f 6964 6965 6996
f 6965 6966 6996
f 6987 6991 6978
f 6979 6978 6950
f 6991 6992 6995
f 6995 6988 6967
f 6968 6987 6969
f 6982 6999 6969
f 7001 6981 6963
f 6977 6970 6971
f 6971 6972 6973
f 6959 6974 6981
f 6970 6975 6971
f 6972 6971 6975
f 6976 6978 6979
f 6970 6977 6956
f 6956 6977 6950
f 6978 6976 6987
f 6979 6980 6976
f 6994 6984 6995
f 6996 6993 6995
f 6981 7001 6959
f 6987 6982 6969
f 7000 6983 6997
f 6995 6984 6985
f 6968 6986 6987
f 6988 6995 6985
f 6986 6989 6987
f 6995 6967 6991
f 6987 6989 6990
f 6991 6987 6992
f 6987 6990 6992
f 6993 6994 6995
f 6996 7000 6963
f 6966 6961 6996
f 6998 7000 6997
f 6963 7000 7001
f 6998 6999 7000
f 6982 7001 6999
f 7000 6999 7001
f 7029 7002 7003
f 7003 7002 7005
f 7007 7003 7004
f 7003 7005 7004
f 7006 7031 7003
f 7006 7003 7007
f 7045 7008 7038
f 7026 7024 7011
f 7009 7010 7024
f 7024 7010 7011
f 7009 7024 7025
f 7026 7036 7012
f 7049 7013 7015
f 7046 7015 7047
f 7013 7014 7015
f 7038 7015 7043
f 7016 7019 7029
f 7017 7029 7003
f 7019 7016 7069
f 7069 7018 7019
f 7020 7019 7018
f 7020 7034 7021
f 7071 7034 7020
f 7039 7011 7022
f 7023 7030 7024
f 7024 7027 7025
f 7036 7026 7011
f 7030 7028 7024
f 7027 7024 7028
f 7032 7029 7017
f 7030 7023 7031
f 7031 7023 7003
f 7029 7032 7016
f 7017 7033 7032
f 7034 7071 7035
f 7011 7039 7036
f 7043 7037 7038
f 7039 7040 7041
f 7075 7076 7042
f 7037 7043 7042
f 7075 7042 7043
f 7065 7062 7044
f 7038 7037 7045
f 7046 7043 7015
f 7014 7047 7015
f 7038 7008 7048
f 7022 7049 7015
f 7039 7022 7040
f 7022 7015 7040
f 7060 7039 7041
f 7060 7041 7050
f 7060 7050 7065
f 7057 7062 7051
f 7053 7056 7052
f 7056 7053 7055
f 7053 7054 7055
f 7055 7057 7056
f 7057 7059 7056
f 7016 7068 7058
f 7051 7059 7057
f 7016 7060 7061
f 7051 7062 7064
f 7062 7063 7064
f 7065 7063 7062
f 7060 7044 7061
f 7060 7065 7044
f 7016 7061 7066
f 7016 7066 7067
f 7016 7067 7068
f 7016 7058 7069
f 7020 7021 7019
f 7035 7071 7070
f 7072 7070 7071
f 7072 7073 7075
f 7073 7072 7071
f 7075 7073 7074
f 7075 7074 7076
f 7099 7077 7083
f 7078 7110 7095
f 7083 7077 7080
f 7084 7083 7079
f 7083 7080 7079
f 7082 7081 7083
f 7082 7083 7084
f 7085 7087 7108
f 7086 7088 7087
f 7087 7088 7108
f 7086 7087 7103
f 7085 7089 7090
f 7109 7110 7078
f 7091 7114 7093
f 7093 7114 7092
f 7078 7091 7094
f 7091 7093 7094
f 7078 7095 7096
f 7091 7078 7096
f 7097 7098 7099
f 7106 7099 7083
f 7152 7145 7098
f 7141 7155 7154
f 7123 7108 7116
f 7100 7101 7087
f 7087 7102 7103
f 7089 7085 7108
f 7101 7104 7087
f 7102 7087 7104
f 7105 7099 7106
f 7101 7100 7081
f 7081 7100 7083
f 7099 7105 7097
f 7106 7107 7105
f 7108 7123 7089
f 7109 7175 7110
f 7109 7174 7170
f 7111 7122 7116
f 7092 7114 7113
f 7112 7113 7114
f 7115 7112 7116
f 7115 7113 7112
f 7117 7119 7118
f 7119 7117 7120
f 7116 7112 7121
f 7116 7121 7111
f 7126 7123 7122
f 7116 7122 7123
f 7123 7124 7125
f 7124 7123 7126
f 7123 7125 7127
f 7161 7123 7127
f 7161 7127 7139
f 7128 7131 7130
f 7129 7117 7118
f 7129 7118 7128
f 7129 7128 7130
f 7138 7130 7131
f 7131 7132 7138
f 7133 7138 7132
f 7134 7137 7133
f 7137 7134 7136
f 7135 7136 7134
f 7159 7160 7137
f 7133 7137 7138
f 7161 7139 7137
f 7138 7137 7139
f 7140 7155 7141
f 7142 7150 7143
f 7167 7144 7150
f 7144 7098 7151
f 7141 7154 7153
f 7151 7098 7145
f 7148 7153 7146
f 7147 7153 7148
f 7109 7143 7172
f 7153 7147 7149
f 7150 7142 7166
f 7151 7150 7144
f 7152 7098 7097
f 7153 7154 7146
f 7140 7157 7155
f 7140 7156 7157
f 7140 7158 7156
f 7159 7158 7140
f 7159 7140 7160
f 7161 7160 7162
f 7161 7137 7160
f 7161 7162 7097
f 7097 7162 7163
f 7097 7163 7164
f 7097 7164 7165
f 7165 7152 7097
f 7150 7166 7167
f 7168 7142 7143
f 7143 7109 7168
f 7169 7175 7170
f 7173 7109 7171
f 7109 7172 7171
f 7173 7174 7109
f 7175 7109 7170
f 7169 7177 7176
f 7170 7177 7169
f 7178 7176 7177
f 7179 7180 7183
f 7180 7181 7183
f 7182 7183 7181
f 7182 7185 7183
f 7182 7184 7185
f 7184 7186 7185
f 7187 7180 7179
f 7187 7179 7189
f 7189 7188 7187
f 7188 7189 7190
f 7188 7190 7191
f 7193 7192 7197
f 7197 7195 7193
f 7195 7194 7193
f 7194 7195 7196
f 7198 7197 7192
f 7199 7197 7198
f 7198 7201 7199
f 7199 7201 7200
f 7200 7201 7202
f 7203 7200 7202
f 7204 7205 7206
f 7205 7207 7206
f 7207 7210 7206
f 7207 7208 7210
f 7208 7209 7210
f 7204 7211 7205
f 7211 7204 7213
f 7213 7212 7211
f 7212 7213 7214
f 7214 7213 7215
f 7216 7221 7220
f 7220 7218 7216
f 7218 7217 7216
f 7217 7218 7219
f 7222 7220 7221
f 7222 7221 7223
f 7222 7223 7225
f 7226 7225 7223
f 7224 7225 7226
f 7227 7230 7228
f 7232 7231 7229
f 7228 7230 7231
f 7232 7228 7231
f 7233 7234 7235
f 7252 7266 7253
f 7286 7236 7237
f 7242 7238 7239
f 7285 7241 7236
f 7240 7238 7241
f 7283 7243 7242
f 7243 7282 7244
f 7245 7246 7287
f 7246 7247 7288
f 7281 7280 7244
f 7280 7279 7278
f 7289 7290 7288
f 7248 7291 7290
f 7276 7249 7250
f 7251 7252 7253
f 7254 7292 7255
f 7275 7249 7256
f 7257 7256 7258
f 7259 7254 7255
f 7260 7261 7294
f 7262 7274 7258
f 7260 7265 7261
f 7273 7263 7264
f 7268 7265 7260
f 7252 7291 7266
f 7267 7271 7270
f 7268 7269 7265
f 7272 7271 7273
f 7262 7264 7263
f 7268 7267 7269
f 7269 7267 7270
f 7270 7271 7272
f 7272 7273 7264
f 7262 7263 7274
f 7258 7274 7257
f 7256 7257 7275
f 7249 7275 7250
f 7276 7250 7277
f 7276 7277 7278
f 7276 7278 7279
f 7279 7280 7281
f 7281 7244 7282
f 7282 7243 7283
f 7283 7242 7284
f 7284 7242 7239
f 7239 7238 7240
f 7240 7241 7285
f 7285 7236 7286
f 7286 7237 7287
f 7287 7237 7245
f 7246 7245 7247
f 7288 7247 7289
f 7290 7289 7248
f 7291 7248 7266
f 7292 7252 7251
f 7255 7292 7251
f 7259 7293 7254
f 7259 7295 7293
f 7293 7295 7294
f 7260 7294 7295
f 7331 4196 4183
f 4201 4196 7331
f 4202 4201 5462
f 7343 7331 4183
f 7319 7296 7317
f 7327 7297 7298
f 7297 7327 7299
f 7321 7299 7327
f 7321 7322 7300
f 7299 7321 7300
f 7300 7322 7301
f 7301 7322 5667
f 7302 5667 7322
f 5667 7302 7303
f 7304 7303 7302
f 7304 7302 7305
f 7306 7305 7307
f 7324 7307 7302
f 7307 7305 7302
f 7310 7317 7308
f 7308 7309 7310
f 7311 7325 7312
f 7325 7311 5558
f 7325 5558 5537
f 5503 5498 7332
f 5503 7332 7333
f 5537 7333 7325
f 7316 7314 7312
f 7313 7314 7316
f 7315 7313 7341
f 7341 7309 7315
f 7341 7313 7316
f 7310 7309 7341
f 7317 7320 7319
f 7317 7310 7320
f 7318 7298 7319
f 7319 7320 7318
f 7327 7298 7318
f 7321 7327 7326
f 7322 7321 7326
f 7323 7322 7326
f 7302 7322 7323
f 7324 7302 7323
f 7333 7344 7325
f 7344 7316 7325
f 7316 7312 7325
f 7337 7327 7318
f 7327 7337 7328
f 7328 7326 7327
f 7328 7335 7326
f 7335 7323 7326
f 7323 7335 7329
f 7329 7324 7323
f 7330 7329 7340
f 7331 7343 5479
f 7332 7344 7333
f 7341 7342 7310
f 7342 7320 7310
f 7320 7336 7318
f 7336 7337 7318
f 7334 7328 7337
f 7334 7335 7328
f 7340 7335 7334
f 7340 7329 7335
f 7356 5498 5479
f 7356 7332 5498
f 7345 7337 7336
f 7345 7334 7337
f 7338 7334 7345
f 7340 7338 7339
f 7334 7338 7340
f 7340 7339 7330
f 7332 7356 7344
f 7341 7365 7366
f 7365 7341 7316
f 7341 7366 7342
f 7342 7372 7320
f 7372 7336 7320
f 7345 7336 7372
f 7338 7345 7346
f 7338 7346 7347
f 7338 7347 7339
f 5479 7343 7356
f 7344 7356 7365
f 7344 7365 7316
f 7372 7342 7366
f 7376 7345 7372
f 7345 7376 7350
f 7350 7346 7345
f 7350 7349 7346
f 7347 7346 7349
f 7350 7376 7348
f 7349 7350 7351
f 7350 7348 7351
f 7343 7352 7356
f 7352 7353 7356
f 7353 7354 7356
f 7354 7355 7356
f 7355 7357 7356
f 7357 7358 7356
f 7358 7359 7356
f 7356 7359 7365
f 7359 7360 7365
f 7360 7361 7365
f 7361 7362 7365
f 7362 7363 7365
f 7363 7364 7365
f 7364 7367 7366
f 7364 7366 7365
f 7367 7368 7366
f 7369 7366 7368
f 7369 7370 7366
f 7366 7370 7372
f 7370 7371 7372
f 7371 7373 7372
f 7373 7374 7372
f 7372 7374 7376
f 7374 7375 7376
f 7375 7377 7376
f 7377 7378 7376
f 7378 7380 7376
f 7348 7380 7379
f 7380 7348 7376
f 7379 7381 7348
f 7381 7382 7348
f 7382 7351 7348
f 7382 7383 7351
f 7351 7383 7384
f 7351 7384 7385
f 7386 7387 7412
f 7387 7386 7388
f 7388 7386 7415
f 7409 7391 7389
f 7429 7418 7390
f 7416 7391 7395
f 7420 7392 7393
f 7420 7433 7392
f 7433 7394 7423
f 7424 7395 7425
f 7435 7437 7396
f 7409 7414 7417
f 7397 7419 7398
f 7410 7404 7411
f 7399 7397 7400
f 7407 7401 7402
f 7403 7409 7411
f 7401 7405 7404
f 7409 7389 7410
f 7411 7404 7405
f 7405 7401 7406
f 7406 7401 7407
f 7408 7402 7401
f 7409 7410 7411
f 7386 7412 7410
f 7412 7404 7410
f 7410 7389 7386
f 7403 7413 7409
f 7414 7409 7413
f 7415 7386 7389
f 7415 7389 7416
f 7416 7389 7391
f 7417 7419 7418
f 7409 7417 7418
f 7419 7417 7398
f 7421 7415 7416
f 7395 7424 7416
f 7391 7409 7418
f 7394 7433 7420
f 7421 7416 7424
f 7430 7397 7399
f 7422 7421 7424
f 7423 7394 7422
f 7395 7391 7418
f 7419 7397 7430
f 7423 7422 7424
f 7395 7429 7425
f 7418 7429 7395
f 7419 7430 7390
f 7423 7424 7425
f 7418 7419 7390
f 7426 7427 7430
f 7428 7425 7429
f 7425 7428 7423
f 7390 7430 7437
f 7431 7430 7427
f 7433 7423 7428
f 7437 7430 7431
f 7432 7433 7428
f 7392 7433 7432
f 7439 7428 7429
f 7432 7428 7439
f 7434 7439 7435
f 7435 7429 7390
f 7439 7429 7435
f 7435 7390 7437
f 7431 7436 7437
f 7393 7392 7438
f 7438 7392 7432
f 7438 7439 7434
f 7438 7432 7439
f 7442 7440 7446
f 7440 7441 7446
f 5811 7445 7442
f 7445 5811 5762
f 7443 7444 7442
f 7442 7445 7440
f 7440 7445 7447
f 7445 5762 7447
f 7443 7442 7446
f 5763 7447 5762
f 7448 7449 7450
f 7451 7452 7469
f 7452 7453 7454
f 7454 7453 7457
f 7454 7455 7456
f 7455 7454 7457
f 7453 7452 7458
f 7452 7451 7458
f 7451 7469 7459
f 7459 7469 7460
f 7468 7463 7460
f 7461 7462 7463
f 7448 7467 7469
f 7463 7464 7461
f 7465 7466 7469
f 7463 7468 7464
f 7465 7469 7467
f 7466 7468 7460
f 7469 7466 7460
f 7469 7449 7448
f 7470 7473 7471
f 7471 7472 7475
f 7472 7471 7473
f 7474 7476 7475
f 7475 7472 7474
f 7478 7477 7474
f 7476 7474 7477
f 7478 7479 7477
f 7479 7481 7477
f 7479 7480 7481
f 7480 7479 7482
f 7484 7482 7479
f 7479 7483 7484
f 7487 7485 7486
f 7487 7486 7488
f 7489 7490 7491
f 7490 7489 7504
f 7504 7492 7493
f 7494 7503 7502
f 7495 7496 7502
f 7497 7498 7500
f 7498 7497 7495
f 7499 7500 7501
f 7500 7499 7497
f 7502 7498 7495
f 7502 7496 7494
f 7503 7494 7492
f 7493 7492 7494
f 7493 7490 7504
f 7505 7506 7507
f 7505 7507 7508
f 7509 7524 7510
f 7524 7509 7511
f 7512 7522 7523
f 7513 7516 7512
f 7516 7513 7514
f 7515 7516 7514
f 7514 7517 7521
f 7519 7518 7517
f 7521 7517 7518
f 7518 7519 7520
f 7514 7521 7515
f 7512 7523 7513
f 7522 7511 7523
f 7522 7524 7511
f 7526 7528 7525
f 7526 7527 7528
f 7529 7530 7531
f 7530 7529 7533
f 7532 7530 7533
f 7535 7529 7531
f 7534 7535 7531
f 7534 7536 7535
f 7537 7538 7539
f 7539 7540 7537
f 7542 7545 7541
f 7545 7542 7543
f 7543 7542 7544
f 7545 7546 7541
f 7541 7546 7547
f 7546 7548 7547
f 7550 7552 7549
f 7550 7551 7552
f 7553 7557 7554
f 7557 7553 7555
f 7556 7557 7555
f 7558 7553 7554
f 7559 7558 7554
f 7559 7560 7558
f 7564 7561 7562
f 7562 7563 7564
f 7565 7567 7566
f 7567 7565 7568
f 7568 7565 7569
f 7566 7567 7570
f 7566 7570 7572
f 7570 7571 7572
f 7573 7574 7575
f 7573 7576 7574
f 7581 7577 7582
f 7577 7581 7578
f 7579 7577 7578
f 7580 7581 7582
f 7583 7580 7582
f 7583 7584 7580
f 7585 7586 7587
f 7587 7588 7585
f 7589 7592 7595
f 7592 7589 7590
f 7591 7592 7590
f 7594 7589 7595
f 7593 7594 7595
f 7593 7596 7594
f 7597 7598 7599
f 7597 7600 7598
f 7602 7601 7605
f 7601 7602 7603
f 7603 7602 7604
f 7601 7606 7605
f 7605 7606 7608
f 7606 7607 7608
f 7609 7610 7611
f 7611 7612 7609
f 7613 7618 7614
f 7613 7614 7615
f 7616 7613 7615
f 7620 7614 7618
f 7617 7620 7618
f 7617 7619 7620
f 7621 7622 7623
f 7622 7621 7624
f 7621 7625 7624
f 7627 7624 7625
f 7627 7626 7624
f 7629 7626 7627
f 7632 7626 7629
f 7628 7632 7629
f 7630 7632 7628
f 7630 7631 7632
f 7633 7631 7630
f 7634 7631 7633
f 7634 7633 7635
f 7636 7623 7622
f 7637 7623 7636
f 7637 7636 7638
f 7637 7638 7640
f 7638 7641 7640
f 7639 7640 7641
f 7642 7639 7641
f 7644 7643 7642
f 7639 7642 7643
f 7643 7644 7648
f 7648 7644 7645
f 7645 7646 7647
f 7647 7648 7645
f 7652 7663 7649
f 7649 7650 7652
f 7651 7650 7654
f 7650 7649 7654
f 7663 7652 7662
f 7654 7657 7653
f 7651 7654 7653
f 7655 7656 7657
f 7656 7653 7657
f 7658 7659 7661
f 7657 7660 7655
f 7660 7661 7655
f 7660 7658 7661
f 7662 7664 7663
f 7662 7666 7664
f 7664 7666 7665
f 7665 7666 7668
f 7667 7669 7665
f 7665 7668 7667
f 7671 7669 7667
f 7671 7670 7669
f 7671 7672 7670
f 7670 7672 7675
f 7675 7672 7673
f 7675 7674 7676
f 7674 7675 7673
f 7676 7674 7677
f 7704 7678 7679
f 7680 7681 7685
f 7685 7682 7680
f 7683 7682 7684
f 7682 7685 7684
f 7681 7680 7696
f 7687 7683 7684
f 7683 7687 7686
f 7691 7690 7687
f 7690 7686 7687
f 7688 7693 7689
f 7688 7692 7691
f 7692 7688 7689
f 7690 7691 7692
f 7693 7688 7694
f 7695 7681 7697
f 7696 7697 7681
f 7695 7697 7698
f 7699 7695 7698
f 7699 7698 7700
f 7699 7702 7701
f 7702 7699 7700
f 7703 7701 7702
f 7703 7704 7701
f 7703 7678 7704
f 7679 7705 7704
f 7706 7714 7707
f 7706 7709 7714
f 7708 7712 7709
f 7707 7711 7710
f 7707 7714 7711
f 7714 7712 7713
f 7709 7712 7714
f 7713 7711 7714
f 7718 7717 7715
f 7716 7717 7718
f 7732 7734 7719
f 7727 7734 7733
f 7725 7726 7719
f 7732 7719 7729
f 7728 7729 7720
f 7721 7722 7723
f 7719 7724 7725
f 7726 7729 7719
f 7729 7722 7721
f 7729 7726 7722
f 7734 7727 7724
f 7719 7734 7724
f 7728 7732 7729
f 7732 7731 7734
f 7730 7731 7732
f 7728 7730 7732
f 7731 7733 7734
f 7739 7735 7736
f 7737 7738 7739
f 7736 7737 7739
f 7740 7742 7741
f 7742 7740 7743
f 7742 7743 7744
f 7757 7745 7752
f 7748 7750 7746
f 7756 7747 7758
f 7749 7750 7748
f 7749 7751 7750
f 7753 7751 7749
f 7755 7752 7748
f 7752 7749 7748
f 7749 7752 7753
f 7754 7756 7755
f 7752 7755 7756
f 7756 7757 7752
f 7752 7745 7753
f 7758 7757 7756
f 7762 7759 7761
f 7759 7760 7761
f 7763 7759 7762
f 7763 7762 7764
f 7767 7765 7766
f 7765 7767 7771
f 7768 7771 7769
f 7770 7766 7765
f 7771 7768 7765
f 7765 7768 7772
f 7770 7765 7772
f 7770 7772 7773
f 7777 7775 7774
f 7775 7777 7776
f 7776 7777 7778
f 7782 7779 7780
f 7781 7779 7783
f 7779 7782 7783
f 7818 7816 7820
f 7784 7785 7786
f 7785 7784 7787
f 7785 7787 7788
f 7785 7788 7789
f 7789 7790 7794
f 7790 7791 7794
f 7789 7794 7785
f 7791 7792 7794
f 7793 7794 7792
f 7793 7807 7794
f 7796 7821 7794
f 7795 7799 7798
f 7806 7796 7797
f 7798 7799 7800
f 7800 7801 7798
f 7803 7798 7801
f 7801 7805 7802
f 7802 7803 7801
f 7805 7804 7802
f 7804 7805 7806
f 7805 7796 7806
f 7796 7807 7797
f 7808 7821 7796
f 7796 7794 7807
f 7812 7814 7813
f 7812 7811 7809
f 7810 7809 7811
f 7812 7813 7811
f 7813 7814 7815
f 7815 7814 7817
f 7816 7815 7817
f 7817 7820 7816
f 7820 7808 7818
f 7819 7821 7820
f 7820 7821 7808
f 7824 7826 7828
f 7845 7822 7823
f 7826 7824 7825
f 7826 7829 7827
f 7827 7828 7826
f 7829 7831 7827
f 7829 7823 7830
f 7831 7829 7830
f 7822 7845 7846
f 7832 7845 7843
f 7842 7834 7833
f 7840 7833 7834
f 7835 7837 7836
f 7836 7837 7838
f 7834 7836 7838
f 7838 7839 7834
f 7840 7834 7839
f 7841 7842 7833
f 7842 7841 7843
f 7845 7842 7843
f 7832 7844 7845
f 7845 7844 7846
f 7847 7823 7822
f 7823 7847 7830
f 7848 7854 7849
f 7849 7854 7850
f 7851 7849 7850
f 7850 7852 7851
f 7851 7852 7853
f 7854 7848 7855
f 7848 7857 7855
f 7855 7857 7856
f 7857 7858 7856
f 7869 7870 7860
f 7859 7869 7860
f 7868 7859 7860
f 7871 7863 7872
f 7861 7862 7863
f 7862 7864 7863
f 7872 7863 7864
f 7865 7868 7860
f 7866 7868 7865
f 7866 7867 7868
f 7869 7873 7870
f 7873 7869 7871
f 7874 7871 7872
f 7871 7874 7873
f 7878 7874 7875
f 7872 7875 7874
f 7876 7878 7877
f 7875 7877 7878
f 7880 7879 7881
f 7880 7881 7882
f 7883 7884 7888
f 7888 7885 7883
f 7886 7885 7887
f 7887 7885 7888
f 7886 7889 7890
f 7890 7891 7886
f 7886 7887 7889
f 7883 7892 7884
f 7893 7884 7892
f 7893 7892 7894
f 7893 7894 7895
f 7896 7897 7898
f 7897 7899 7898
f 7900 7899 7897
f 7899 7900 7902
f 7901 7899 7902
f 7903 7908 7904
f 7978 7905 7906
f 7907 7908 7927
f 7986 7909 7982
f 7982 7981 7985
f 7924 7910 7925
f 7950 7951 7914
f 7911 7924 7951
f 7920 7913 7921
f 7912 7913 7918
f 7915 7914 7917
f 7914 7915 7916
f 7919 7913 7912
f 7917 7919 7915
f 7920 7918 7913
f 7919 7912 7915
f 7920 7921 7923
f 7923 7922 7920
f 7922 7923 7987
f 7924 7911 7910
f 7952 7953 7925
f 7984 7926 7980
f 7927 7980 7907
f 7929 7953 7956
f 7928 7929 7955
f 7928 7955 7930
f 7930 7931 7928
f 7931 7957 7958
f 7960 7932 7958
f 7933 7934 7935
f 7932 7936 7937
f 7933 7939 7938
f 7975 7976 7939
f 7939 7940 7975
f 7936 7962 7937
f 7961 7949 7937
f 7947 7971 7974
f 7940 7974 7948
f 7968 7972 7969
f 7944 7941 7966
f 7969 7942 7970
f 7946 7943 7942
f 7943 7967 7942
f 7944 7945 7946
f 7969 7972 7947
f 7964 7965 7941
f 7973 7948 7974
f 7964 7949 7961
f 7950 7914 7916
f 7911 7951 7950
f 7952 7925 7910
f 7954 7953 7952
f 7956 7953 7954
f 7955 7929 7956
f 7957 7931 7930
f 7959 7958 7957
f 7960 7958 7959
f 7936 7932 7960
f 7961 7937 7962
f 7963 7964 7961
f 7965 7964 7963
f 7966 7941 7965
f 7945 7944 7966
f 7943 7946 7945
f 7970 7942 7967
f 7968 7969 7970
f 7971 7947 7972
f 7973 7974 7971
f 7975 7940 7948
f 7938 7939 7976
f 7934 7933 7938
f 7977 7935 7934
f 7977 7978 7935
f 7905 7978 7977
f 7904 7978 7906
f 7904 7906 7903
f 7908 7903 7979
f 7979 7927 7908
f 7980 7926 7907
f 7981 7926 7984
f 7982 7985 7983
f 7981 7984 7985
f 7983 7986 7982
f 7986 7987 7909
f 7923 7909 7987
f 8001 7988 7990
f 7988 7989 7990
f 7990 7989 7992
f 7989 7991 7992
f 7989 7993 7991
f 7994 7991 7993
f 7995 7994 7993
f 7996 7994 7995
f 7996 7995 7997
f 7997 7999 7996
f 7997 7998 7999
f 8000 7988 8001
f 8002 8000 8001
f 8000 8002 8004
f 8004 8002 8003
f 8003 8008 8004
f 8003 8007 8008
f 8005 8008 8006
f 8007 8006 8008
f 8005 8009 8010
f 8009 8005 8006
f 8010 8009 8011
f 8011 8012 8010
f 8026 8013 8015
f 8015 8014 8017
f 8017 8026 8015
f 8016 8017 8014
f 8016 8014 8018
f 8016 8018 8019
f 8018 8020 8019
f 8019 8020 8023
f 8021 8023 8020
f 8022 8023 8021
f 8021 8025 8022
f 8021 8024 8025
f 8013 8026 8029
f 8029 8027 8013
f 8027 8029 8028
f 8028 8029 8030
f 8030 8029 8031
f 8033 8030 8031
f 8031 8032 8033
f 8032 8031 8035
f 8034 8032 8035
f 8035 8036 8034
f 8035 8039 8036
f 8037 8036 8039
f 8038 8037 8039
f 8040 8045 8052
f 8041 8042 8040
f 8055 8043 8064
f 8045 8044 6744
f 8040 8042 8058
f 8045 6757 8044
f 8046 8092 8083
f 6757 8046 8083
f 8045 8047 8046
f 8092 8046 8081
f 8051 8081 8047
f 8051 8049 8081
f 8048 8081 8049
f 6757 8045 8046
f 8081 8046 8047
f 8052 8045 6744
f 8050 8051 8047
f 8053 8047 8058
f 8053 8050 8047
f 8041 8040 8052
f 8045 8040 8047
f 8047 8040 8058
f 8053 8058 8054
f 8052 6756 8041
f 8054 8058 8056
f 8041 6756 8055
f 8055 8069 8042
f 8056 8058 8057
f 8042 8069 8058
f 8055 8042 8041
f 8059 8058 8069
f 8059 8057 8058
f 6756 6753 8055
f 8055 6753 8043
f 8062 8059 8069
f 8061 8069 8060
f 8061 8062 8069
f 8064 8043 8063
f 8055 8064 8069
f 8065 8064 8067
f 8063 8067 8064
f 8071 8074 8065
f 8064 8065 8069
f 8066 8060 8069
f 8063 6750 8067
f 8067 8071 8065
f 8067 6750 8071
f 8068 8069 8074
f 8068 8066 8069
f 8065 8074 8069
f 8068 8074 8070
f 8071 6750 6745
f 8070 8074 8073
f 8072 8073 8074
f 6748 6523 6745
f 6745 6523 8071
f 6523 8074 8071
f 6523 6519 8074
f 8074 6519 8072
f 8105 8077 8079
f 8075 8081 8048
f 8092 8085 8083
f 8090 8082 8088
f 8089 8094 8090
f 8091 8092 8082
f 8090 8076 8091
f 8094 8100 8099
f 8076 8090 8096
f 8096 8099 8105
f 8105 8099 8077
f 8103 8079 8108
f 8077 8078 8079
f 8080 8107 8099
f 8082 8081 8075
f 8082 8092 8081
f 8085 6759 8083
f 8084 8082 8075
f 8084 8088 8082
f 8085 8086 6759
f 8087 8090 8088
f 8089 8090 8095
f 8091 8085 8092
f 8091 8093 8085
f 8089 8098 8094
f 8091 8082 8090
f 8093 8086 8085
f 8076 8093 8091
f 8093 8076 6765
f 8095 8090 8087
f 8097 6765 8076
f 8094 8096 8090
f 8096 8104 8097
f 8096 8097 8076
f 8104 6767 8097
f 8100 8094 8098
f 8102 8099 8100
f 8101 8106 8099
f 8099 8096 8094
f 8105 8103 8104
f 8105 8104 8096
f 8101 8099 8102
f 6760 6767 8103
f 8104 8103 6767
f 8079 8103 8105
f 8080 8099 8106
f 6760 8103 8108
f 8107 8077 8099
f 8109 8108 8079
f 8079 8078 8109
f 8077 8107 8078
f 8111 8110 8114
f 8110 8111 8112
f 8110 8113 8114
f 8114 8113 8115
f 8116 8112 8111
f 8144 8142 8141
f 8117 8118 8119
f 8120 8121 8122
f 8123 8124 8125
f 8126 8127 8128
f 8129 8130 8131
f 8132 8133 8134
f 8135 8136 8137
f 8139 8138 8137
f 8136 8139 8137
f 8139 8140 8138
f 8140 8142 8138
f 8141 8142 8140
f 8143 8144 8141
f 8175 8167 8145
f 8162 8146 8168
f 8170 8147 8148
f 8149 8147 8170
f 8150 8146 8162
f 8152 8164 8163
f 8151 8152 8163
f 8180 8171 8172
f 8190 8153 8186
f 8190 8155 8154
f 8154 8155 8156
f 8156 8157 8154
f 8162 8168 8165
f 8184 8175 8158
f 8184 8160 8159
f 8159 8160 8161
f 8162 8164 8150
f 8162 8163 8164
f 8174 8168 8166
f 8162 8165 8163
f 8166 8169 8167
f 8148 8177 8167
f 8168 8169 8166
f 8167 8170 8148
f 8165 8168 8174
f 8169 8170 8167
f 8171 8165 8172
f 8172 8165 8173
f 8163 8165 8171
f 8176 8173 8166
f 8173 8165 8174
f 8174 8166 8173
f 8175 8176 8167
f 8177 8145 8167
f 8171 8151 8163
f 8171 8180 8151
f 8166 8167 8176
f 8145 8178 8175
f 8172 8173 8181
f 8181 8180 8172
f 8179 8173 8176
f 8153 8151 8180
f 8180 8187 8186
f 8186 8153 8180
f 8181 8179 8187
f 8187 8180 8181
f 8179 8176 8184
f 8181 8173 8179
f 8175 8184 8176
f 8182 8158 8175
f 8183 8184 8185
f 8158 8185 8184
f 8191 8186 8187
f 8186 8191 8155
f 8188 8187 8179
f 8191 8187 8188
f 8179 8189 8188
f 8189 8179 8184
f 8184 8183 8160
f 8159 8189 8184
f 8190 8186 8155
f 8156 8155 8191
f 8156 8191 8188
f 8215 8193 8218
f 8219 8222 8271
f 8214 8246 8216
f 8192 8193 8212
f 8277 8278 8275
f 8275 8194 8239
f 8209 8210 8195
f 8242 8241 8200
f 8196 8209 8241
f 8199 8197 8198
f 8201 8200 8203
f 8203 8197 8199
f 8200 8201 8202
f 8204 8198 8205
f 8205 8198 8197
f 8203 8199 8201
f 8204 8205 8206
f 8206 8207 8204
f 8207 8206 8208
f 8209 8196 8210
f 8211 8244 8195
f 8212 8213 8273
f 8214 8244 8246
f 8193 8215 8272
f 8216 8217 8247
f 8216 8245 8217
f 8218 8219 8271
f 8220 8247 8221
f 8220 8221 8248
f 8219 8270 8222
f 8269 8223 8225
f 8249 8224 8248
f 8228 8269 8225
f 8226 8227 8224
f 8228 8230 8229
f 8268 8229 8230
f 8230 8231 8267
f 8226 8252 8227
f 8252 8251 8227
f 8265 8264 8232
f 8231 8232 8237
f 8262 8233 8263
f 8235 8236 8256
f 8263 8260 8234
f 8258 8257 8260
f 8257 8261 8260
f 8235 8259 8258
f 8263 8233 8265
f 8238 8255 8236
f 8264 8237 8232
f 8238 8251 8254
f 8239 8194 8274
f 8225 8240 8270
f 8242 8200 8202
f 8196 8241 8242
f 8211 8195 8210
f 8243 8244 8211
f 8246 8244 8243
f 8245 8216 8246
f 8221 8247 8217
f 8250 8248 8221
f 8249 8248 8250
f 8226 8224 8249
f 8254 8251 8252
f 8253 8238 8254
f 8255 8238 8253
f 8256 8236 8255
f 8259 8235 8256
f 8257 8258 8259
f 8234 8260 8261
f 8262 8263 8234
f 8266 8265 8233
f 8264 8265 8266
f 8267 8231 8237
f 8268 8230 8267
f 8269 8228 8229
f 8240 8225 8223
f 8222 8270 8240
f 8218 8271 8215
f 8272 8212 8193
f 8212 8273 8192
f 8194 8273 8274
f 8274 8273 8213
f 8275 8239 8276
f 8276 8277 8275
f 8277 8208 8278
f 8206 8278 8208
f 8304 8359 8356
f 8361 8359 8300
f 8297 8279 8295
f 8280 8362 8326
f 8294 8293 8331
f 8280 8364 8281
f 8329 8294 8283
f 8282 8291 8365
f 8328 8283 8287
f 8284 8285 8286
f 8288 8287 8285
f 8290 8284 8286
f 8284 8288 8285
f 8286 8289 8290
f 8292 8289 8286
f 8292 8291 8289
f 8365 8291 8292
f 8330 8293 8294
f 8279 8331 8295
f 8296 8279 8297
f 8299 8332 8298
f 8360 8301 8327
f 8299 8333 8303
f 8361 8300 8301
f 8334 8302 8303
f 8302 8335 8303
f 8304 8356 8355
f 8335 8337 8305
f 8306 8354 8307
f 8339 8338 8305
f 8308 8341 8338
f 8309 8307 8351
f 8340 8310 8341
f 8351 8311 8312
f 8342 8341 8310
f 8349 8312 8311
f 8349 8311 8313
f 8348 8314 8315
f 8321 8315 8324
f 8316 8317 8318
f 8319 8347 8320
f 8316 8318 8320
f 8320 8347 8321
f 8345 8317 8322
f 8322 8323 8344
f 8314 8324 8315
f 8313 8314 8350
f 8323 8342 8325
f 8299 8296 8332
f 8326 8360 8327
f 8357 8354 8353
f 8328 8287 8288
f 8329 8283 8328
f 8330 8294 8329
f 8295 8331 8293
f 8332 8296 8297
f 8333 8299 8298
f 8334 8303 8333
f 8337 8335 8302
f 8336 8305 8337
f 8339 8305 8336
f 8308 8338 8339
f 8340 8341 8308
f 8325 8342 8310
f 8343 8323 8325
f 8344 8323 8343
f 8345 8322 8344
f 8346 8317 8345
f 8318 8317 8346
f 8319 8320 8318
f 8315 8321 8347
f 8350 8314 8348
f 8349 8313 8350
f 8309 8351 8312
f 8352 8307 8309
f 8306 8307 8352
f 8353 8354 8306
f 8355 8357 8353
f 8356 8357 8355
f 8359 8304 8358
f 8358 8300 8359
f 8301 8360 8361
f 8362 8360 8326
f 8280 8326 8363
f 8363 8364 8280
f 8364 8282 8281
f 8365 8281 8282
f 8446 8447 8366
f 8367 8368 8444
f 8414 8423 8390
f 8369 8447 8370
f 8422 8387 8420
f 8374 8416 8371
f 8375 8372 8373
f 8374 8451 8453
f 8418 8375 8377
f 8452 8376 8385
f 8380 8377 8381
f 8384 8378 8382
f 8386 8383 8382
f 8378 8379 8381
f 8380 8381 8379
f 8382 8383 8384
f 8378 8381 8382
f 8386 8376 8383
f 8385 8376 8386
f 8418 8372 8375
f 8387 8373 8419
f 8421 8387 8422
f 8414 8415 8424
f 8448 8388 8449
f 8448 8370 8388
f 8389 8392 8390
f 8389 8426 8392
f 8391 8392 8426
f 8391 8425 8396
f 8368 8393 8394
f 8398 8394 8393
f 8425 8395 8396
f 8397 8398 8402
f 8427 8400 8396
f 8427 8399 8400
f 8402 8401 8397
f 8401 8402 8403
f 8412 8399 8429
f 8403 8404 8443
f 8442 8404 8440
f 8405 8410 8436
f 8407 8433 8432
f 8435 8406 8407
f 8435 8438 8406
f 8408 8433 8409
f 8406 8438 8437
f 8409 8411 8431
f 8410 8437 8436
f 8440 8410 8439
f 8411 8412 8413
f 8414 8421 8415
f 8371 8416 8449
f 8417 8377 8380
f 8418 8377 8417
f 8419 8373 8372
f 8420 8387 8419
f 8415 8421 8422
f 8423 8414 8424
f 8389 8390 8423
f 8425 8391 8426
f 8427 8396 8395
f 8428 8399 8427
f 8429 8399 8428
f 8413 8412 8429
f 8430 8411 8413
f 8431 8411 8430
f 8408 8409 8431
f 8434 8433 8408
f 8432 8433 8434
f 8435 8407 8432
f 8436 8437 8438
f 8439 8410 8405
f 8442 8440 8439
f 8441 8404 8442
f 8443 8404 8441
f 8401 8403 8443
f 8394 8398 8397
f 8367 8393 8368
f 8366 8367 8444
f 8366 8444 8446
f 8445 8370 8447
f 8446 8445 8447
f 8370 8448 8369
f 8416 8448 8449
f 8374 8371 8450
f 8450 8451 8374
f 8451 8452 8453
f 8385 8453 8452
f 8456 8454 8455
f 8456 8455 8457
f 8459 8461 8460
f 8458 8461 8459
f 8460 8461 8462
f 8460 8462 8463
f 8466 8464 8465
f 8464 8466 8467
f 8468 8470 8469
f 8469 8470 8471
f 8472 8473 8474
f 8473 8472 8475
f 8476 8477 8478
f 8478 8477 8479
f 8480 8481 8482
f 8481 8480 8483
f 8485 8484 8486
f 8485 8486 8487
f 8488 8489 8490
f 8488 8490 8491
f 8492 8493 8494
f 8494 8493 8495
f 8496 8497 8498
f 8496 8498 8499
f 8500 8501 8502
f 8500 8502 8503
f 8504 8505 8506
f 8504 8506 8507
f 8510 8509 8508
f 8509 8510 8511
f 8514 8512 8513
f 8514 8513 8515
f 8517 8516 8518
f 8517 8518 8519
f 8522 8520 8521
f 8522 8521 8523
f 8524 8526 8525
f 8526 8524 8527
f 8528 8530 8529
f 8529 8530 8531
f 8532 8533 8534
f 8534 8535 8532
f 8538 8539 8536
f 8536 8537 8538
f 8541 8539 8538
f 8540 8539 8541
f 8544 8542 8545
f 8543 8544 8545
f 8543 8545 8546
f 8545 8548 8546
f 8547 8546 8548
f 8554 8549 8552
f 8552 8549 8550
f 8551 8552 8550
f 8554 8552 8553
f 8556 8554 8553
f 8555 8554 8556
f 8557 8559 8558
f 8558 8559 8560
f 8561 8562 8563
f 8563 8564 8561
f 8561 8565 8562
f 8565 8566 8562
f 8571 8568 8567
f 8568 8571 8569
f 8567 8572 8571
f 8570 8571 8572
f 8576 8573 8574
f 8575 8576 8574
f 8577 8580 8578
f 8579 8578 8580
f 8585 8583 8581
f 8583 8582 8581
f 8584 8583 8585
f 8584 8585 8586
f 8587 8589 8588
f 8588 8589 8590
f 8593 8592 8591
f 8592 8593 8594
f 8595 8596 8597
f 8595 8597 8598
f 8600 8599 8601
f 8600 8601 8602
f 8603 8604 8605
f 8603 8605 8606
f 8607 8609 8608
f 8608 8609 8610
f 8611 8612 8613
f 8611 8613 8614
f 8615 8616 8617
f 8615 8617 8618
f 8619 8620 8621
f 8619 8621 8622
f 8623 8625 8624
f 8625 8623 8626
f 8627 8628 8629
f 8627 8629 8630
f 8631 8632 8633
f 8631 8633 8634
f 8635 8636 8637
f 8635 8637 8638
f 8641 8639 8640
f 8639 8641 8642
f 8643 8644 8645
f 8645 8644 8646
f 8651 8647 8648
f 8647 8649 8648
f 8648 8649 8650
f 8651 8652 8653
f 8653 8647 8651
f 8658 8657 8654
f 8655 8658 8654
f 8656 8657 8658
f 8656 8658 8659
f 8663 8660 8661
f 8661 8662 8663
f 8665 8660 8663
f 8664 8660 8665
f 8666 8670 8668
f 8668 8667 8666
f 8668 8672 8669
f 8672 8668 8670
f 8671 8669 8672
f 8671 8672 8673
f 8674 8675 8679
f 8675 8676 8679
f 8674 8678 8675
f 8674 8677 8678
f 8681 8679 8676
f 8680 8679 8681
f 8682 8684 8683
f 8683 8684 8685
f 8686 8687 8688
f 8687 8690 8688
f 8690 8687 8691
f 8689 8690 8691
f 8692 8693 8696
f 8694 8692 8696
f 8695 8694 8696
f 8694 8695 8697
f 8700 8698 8699
f 8700 8699 8701
f 8703 8702 8704
f 8703 8704 8705
f 8706 8708 8707
f 8708 8706 8709
f 8713 8710 8711
f 8712 8713 8711
f 8714 8715 8717
f 8715 8716 8717
f 8717 8716 8720
f 8718 8720 8716
f 8719 8720 8718
f 8724 8721 8722
f 8722 8721 8723
f 8724 8726 8721
f 8726 8724 8725
f 8726 8725 8727
f 8728 8729 8730
f 8730 8731 8728
f 8728 8733 8729
f 8728 8732 8733
f 8736 8735 8734
f 8735 8736 8737
f 8743 8740 8738
f 8739 8740 8743
f 8738 8741 8743
f 8741 8742 8743
f 8744 8742 8741
f 8744 8741 8745
f 8747 8746 8748
f 8747 8748 8749
f 8750 8751 8752
f 8750 8752 8753
f 8754 8755 8756
f 8756 8755 8757
f 8758 8759 8760
f 8758 8760 8761
f 8764 8762 8763
f 8764 8763 8765
f 8766 8767 8768
f 8766 8768 8769
f 8770 8771 8772
f 8771 8770 8773
f 8774 8775 8776
f 8774 8776 8777
f 8780 8778 8779
f 8780 8779 8781
f 8782 8783 8784
f 8782 8784 8785
f 8788 8786 8787
f 8786 8788 8789
f 8790 8792 8791
f 8791 8792 8793
f 8794 8795 8801
f 8795 8794 8796
f 8798 8795 8796
f 8796 8797 8798
f 8799 8798 8797
f 8799 8800 8798
f 8802 8794 8801
f 8801 8803 8802
f 8802 8803 8806
f 8804 8805 8806
f 8806 8803 8804
f 8808 8807 8809
f 8808 8809 8810
f 8839 8811 8812
f 8825 8813 8826
f 8811 8814 8812
f 8811 8815 8814
f 8816 8815 8811
f 8816 8811 8831
f 8817 8818 8836
f 8818 8820 8836
f 8819 8836 8821
f 8836 8820 8821
f 8819 8822 8836
f 8822 8841 8836
f 8840 8860 8825
f 8824 8823 8825
f 8823 8859 8825
f 8827 8824 8825
f 8825 8826 8827
f 8857 8840 8828
f 8836 8829 8830
f 8811 8839 8838
f 8811 8842 8831
f 8855 8832 8828
f 8832 8833 8828
f 8832 8855 8853
f 8833 8834 8828
f 8828 8835 8845
f 8834 8835 8828
f 8836 8841 8829
f 8859 8848 8837
f 8854 8838 8839
f 8857 8860 8840
f 8841 8842 8829
f 8842 8811 8843
f 8842 8841 8831
f 8851 8844 8852
f 8858 8828 8845
f 8844 8846 8847
f 8836 8846 8817
f 8850 8848 8859
f 8837 8848 8849
f 8851 8850 8844
f 8846 8844 8850
f 8846 8850 8817
f 8859 8817 8850
f 8839 8832 8854
f 8851 8852 8854
f 8852 8838 8854
f 8853 8854 8832
f 8853 8855 8856
f 8857 8828 8858
f 8859 8837 8825
f 8813 8825 8860
f 8861 8862 8867
f 8878 8863 8864
f 8867 8865 8861
f 8866 8865 8867
f 8922 8867 8923
f 8868 8869 8923
f 8870 8942 8893
f 8893 8873 8901
f 8901 8870 8893
f 8871 8872 8918
f 8873 8900 8901
f 8874 8899 8878
f 8877 8875 8878
f 8875 8898 8878
f 8876 8877 8878
f 8878 8864 8876
f 8879 8899 8874
f 8885 8897 8880
f 8881 8882 8880
f 8882 8883 8880
f 8882 8881 8895
f 8883 8884 8880
f 8880 8886 8885
f 8884 8886 8880
f 8867 8887 8866
f 8889 8898 8888
f 8879 8874 8880
f 8888 8898 8937
f 8889 8888 8890
f 8891 8901 8892
f 8898 8893 8937
f 8882 8894 8915
f 8895 8894 8882
f 8895 8881 8896
f 8879 8880 8897
f 8898 8889 8878
f 8863 8878 8899
f 8941 8937 8943
f 8900 8892 8901
f 8902 8903 8904
f 8891 8905 8901
f 8905 8891 8908
f 8930 8904 8903
f 8906 8907 8905
f 8905 8908 8906
f 8909 8902 8933
f 8907 8906 8910
f 8935 8911 8928
f 8910 8906 8912
f 8912 8906 8913
f 8922 8913 8906
f 8922 8914 8913
f 8922 8869 8914
f 8894 8919 8915
f 8916 8928 8926
f 8867 8922 8887
f 8928 8911 8926
f 8917 8918 8920
f 8918 8917 8923
f 8867 8915 8919
f 8920 8918 8872
f 8919 8894 8925
f 8894 8921 8925
f 8869 8922 8923
f 8917 8868 8923
f 8862 8915 8867
f 8921 8924 8925
f 8916 8926 8927
f 8928 8929 8935
f 8909 8903 8902
f 8930 8931 8904
f 8930 8932 8931
f 8938 8924 8921
f 8909 8933 8936
f 8934 8936 8933
f 8934 8935 8936
f 8929 8924 8936
f 8936 8935 8929
f 8929 8925 8924
f 8921 8937 8938
f 8937 8940 8938
f 8937 8939 8940
f 8937 8941 8939
f 8937 8893 8943
f 8942 8943 8893
f 8944 9043 9045
f 8946 8945 9041
f 9041 9043 9042
f 8946 8947 8945
f 8948 9040 8947
f 9045 8949 9046
f 8950 8949 8951
f 8952 9040 9039
f 8952 9037 8953
f 8956 8953 9036
f 8954 8951 8955
f 8955 8960 9048
f 8956 8957 9034
f 9034 8958 8959
f 8960 9050 9049
f 9004 9001 9003
f 8999 8961 9050
f 8962 9002 9032
f 9000 8963 8998
f 9030 8993 8997
f 8990 8964 9028
f 8992 9054 9052
f 9026 9025 9027
f 8965 9058 9057
f 8984 9024 8966
f 9062 8967 9009
f 9018 9020 9019
f 9008 9007 8967
f 8968 8969 9006
f 8970 8971 8972
f 8979 8973 8975
f 8974 8976 9014
f 8973 8977 8975
f 8976 8974 8977
f 8978 8980 8979
f 9014 9013 8970
f 8978 9018 8980
f 8981 8969 8972
f 8968 9006 9008
f 9022 9005 8982
f 9010 9009 9061
f 8983 9011 9060
f 8982 8966 9023
f 8984 8985 8986
f 8987 8983 9059
f 8987 8988 8965
f 8985 9025 8989
f 9057 9056 9055
f 8964 8990 9027
f 9055 8991 8992
f 9029 9028 8993
f 9052 8994 8995
f 8995 8996 8963
f 8997 8962 9031
f 8998 8999 9000
f 9001 9002 9003
f 9004 8959 8958
f 9005 9021 9020
f 9006 9007 9008
f 9009 9010 9011
f 9006 8969 9012
f 9012 8969 8981
f 8981 8972 8971
f 8971 8970 9013
f 9013 9014 8976
f 8976 8977 9015
f 9015 8977 8973
f 8973 8979 9016
f 9016 8979 8980
f 8980 9018 9017
f 9017 9018 9019
f 9019 9020 9021
f 9021 9005 9022
f 9022 8982 9023
f 9023 8966 9024
f 9024 8984 8986
f 8986 8985 8989
f 8989 9025 9026
f 9026 9027 8990
f 8990 9028 9029
f 9029 8993 9030
f 9030 8997 9031
f 9031 8962 9032
f 9032 9002 9001
f 9001 9004 9033
f 9033 9004 8958
f 8958 9034 9035
f 9035 9034 8957
f 8957 8956 9036
f 9036 8953 9037
f 9037 8952 9038
f 9038 8952 9039
f 9039 9040 8948
f 8948 8947 8946
f 8946 9041 9042
f 9042 9043 9044
f 9044 9043 8944
f 8944 9045 9046
f 9046 8949 8950
f 8950 8951 9047
f 9047 8951 8954
f 8954 8955 9048
f 9048 8960 9049
f 9049 9050 8961
f 8961 8999 9051
f 9051 8999 8998
f 8998 8963 8996
f 8996 8995 8994
f 8994 9052 9053
f 9053 9052 9054
f 9054 8992 8991
f 8991 9055 9056
f 9056 9057 9058
f 9058 8965 8988
f 8988 8987 9059
f 9059 8983 9060
f 9060 9011 9010
f 9061 9009 8967
f 8967 9062 9008
f 9064 9063 9070
f 9064 9065 9063
f 9064 9069 9065
f 9065 9069 9068
f 9066 9067 9068
f 9068 9069 9066
f 9070 9063 9072
f 9074 9070 9072
f 9071 9074 9072
f 9073 9074 9071
f 9075 9081 9082
f 9081 9075 9076
f 9075 9077 9076
f 9076 9077 9079
f 9079 9077 9080
f 9078 9079 9080
f 9081 9083 9082
f 9084 9082 9083
f 9084 9083 9085
f 9086 9084 9085
f 9089 9087 9088
f 9089 9088 9090
f 9091 9092 9101
f 9092 9099 9101
f 9102 9093 9098
f 9096 9095 9094
f 9095 9096 9097
f 9093 9102 9095
f 9094 9095 9102
f 9098 9103 9102
f 9099 9100 9101
f 9102 9103 9100
f 9100 9104 9101
f 9100 9103 9104
f 9106 9108 9105
f 9106 9107 9108
f 9106 9105 9120
f 9105 9109 9120
f 9110 9115 9111
f 9112 9110 9113
f 9114 9112 9116
f 9112 9115 9110
f 9116 9118 9114
f 9117 9118 9116
f 9118 9119 9114
f 9114 9115 9112
f 9115 9114 9120
f 9106 9120 9114
f 9121 9123 9122
f 9122 9123 9124
f 9125 9126 9141
f 9129 9128 9134
f 9127 9130 9129
f 9128 9129 9130
f 9132 9131 9130
f 9132 9133 9131
f 9141 9134 9136
f 9130 9131 9128
f 9128 9136 9134
f 9140 9135 9136
f 9139 9137 9140
f 9135 9140 9138
f 9139 9140 9136
f 9136 9135 9125
f 9125 9141 9136
f 9141 9126 9144
f 9142 9126 9125
f 9143 9144 9126
f 9145 9147 9146
f 9157 9160 9155
f 9146 9147 9149
f 9147 9148 9149
f 9149 9148 9151
f 9151 9148 9152
f 9150 9151 9152
f 9153 9150 9152
f 9150 9153 9154
f 9150 9154 9155
f 9155 9154 9158
f 9155 9156 9157
f 9155 9158 9156
f 9157 9159 9160
f 9160 9159 9161
f 9159 9162 9163
f 9159 9163 9161
f 9164 9165 9166
f 9168 9167 9169
f 9168 9169 9170
f 9169 9171 9172
f 9169 9172 9170
f 9176 9174 9179
f 9173 9174 9176
f 9175 9173 9176
f 9175 9177 9173
f 9179 9174 9181
f 9181 9178 9179
f 9180 9178 9181
f 9182 9178 9180
f 9182 9180 9183
f 9182 9183 9185
f 9183 9184 9185
f 9189 9186 9187
f 9188 9189 9187
f 9186 9189 9191
f 9190 9186 9191
f 9190 9191 9192
f 9192 9193 9190
f 9201 9195 9197
f 9195 9201 9202
f 9194 9197 9196
f 9195 9196 9197
f 9194 9199 9198
f 9199 9194 9196
f 9205 9202 9200
f 9201 9200 9202
f 9203 9204 9205
f 9205 9200 9203
f 9213 9215 9206
f 9209 9207 9208
f 9211 9207 9209
f 9214 9207 9210
f 9207 9211 9210
f 9206 9212 9213
f 9207 9214 9215
f 9217 9216 9212
f 9206 9217 9212
f 9213 9207 9215
f 9227 9225 9220
f 9218 9219 9220
f 9220 9221 9222
f 9223 9224 9227
f 9220 9225 9221
f 9224 9225 9227
f 9228 9220 9219
f 9227 9229 9226
f 9220 9228 9227
f 9227 9228 9229
f 9230 9231 9263
f 9230 9263 9232
f 9233 9258 9255
f 9234 9233 9235
f 9234 9236 9233
f 9257 9254 9236
f 9237 9254 9239
f 9237 9239 9238
f 9238 9239 9252
f 9243 9252 9240
f 9241 9251 9260
f 9240 9242 9243
f 9244 9245 9246
f 9247 9244 9246
f 9247 9243 9242
f 9246 9243 9247
f 9248 9249 9250
f 9263 9250 9261
f 9248 9251 9249
f 9253 9240 9252
f 9239 9253 9252
f 9237 9236 9254
f 9255 9258 9256
f 9257 9236 9234
f 9235 9233 9255
f 9256 9258 9259
f 9251 9241 9258
f 9241 9259 9258
f 9251 9248 9260
f 9249 9261 9250
f 9263 9261 9262
f 9263 9262 9264
f 9232 9263 9264
f 9270 9273 9271
f 9265 9266 9271
f 9271 9272 9267
f 9268 9269 9270
f 9271 9273 9272
f 9269 9273 9270
f 9274 9271 9266
f 9270 9275 9276
f 9271 9274 9270
f 9270 9274 9275
f 9291 9331 9277
f 9278 9286 9287
f 9287 9279 9280
f 9279 9282 9280
f 9282 9281 9280
f 9283 9281 9282
f 9281 9283 9284
f 9285 9284 9283
f 9286 9279 9287
f 9288 9286 9340
f 9278 9340 9286
f 9340 9339 9288
f 9338 9337 9339
f 9334 9289 9332
f 9330 9290 9291
f 9291 9290 9292
f 9292 9290 9293
f 9295 9292 9293
f 9293 9294 9327
f 9293 9327 9295
f 9296 9297 9303
f 9300 9298 9301
f 9299 9298 9300
f 9300 9301 9320
f 9319 9297 9302
f 9303 9304 9296
f 9297 9296 9302
f 9317 9316 9305
f 9315 9306 9307
f 9306 9308 9309
f 9310 9312 9309
f 9313 9310 9309
f 9311 9312 9310
f 9308 9313 9309
f 9321 9314 9320
f 9315 9308 9306
f 9305 9315 9307
f 9305 9307 9317
f 9316 9317 9318
f 9316 9318 9304
f 9303 9316 9304
f 9319 9302 9301
f 9320 9301 9302
f 9321 9320 9302
f 9314 9321 9293
f 9293 9321 9322
f 9293 9322 9294
f 9323 9326 9324
f 9325 9326 9323
f 9324 9326 9327
f 9327 9294 9324
f 9291 9328 9329
f 9329 9330 9291
f 9277 9328 9291
f 9331 9291 9332
f 9331 9332 9289
f 9333 9334 9332
f 9333 9335 9334
f 9335 9333 9336
f 9336 9338 9335
f 9336 9337 9338
f 9338 9339 9340
f 9351 9341 9350
f 9342 9347 9350
f 9350 9345 9343
f 9344 9346 9351
f 9350 9341 9345
f 9346 9341 9351
f 9352 9350 9347
f 9351 9348 9349
f 9350 9352 9351
f 9351 9352 9348
f 9353 9354 9360
f 9353 9355 9354
f 9359 9354 9357
f 9354 9356 9358
f 9357 9354 9358
f 9359 9360 9354
f 9356 9354 9362
f 9354 9363 9361
f 9361 9362 9354
f 9363 9354 9364
f 9364 9354 9365
f 9365 9354 9366
f 9368 9370 9367
f 9370 9368 9369
f 9371 9370 9369
f 9371 9372 9373
f 9373 9370 9371
f 9376 9374 9375
f 9374 9376 9377
f 9378 9379 9380
f 9378 9380 9381
f 9383 9382 9384
f 9383 9384 9385
f 9387 9386 9388
f 9387 9388 9389
f 9390 9391 9392
f 9390 9392 9393
f 9394 9395 9396
f 9394 9396 9397
f 9398 9399 9400
f 9398 9400 9401
f 9402 9403 9404
f 9402 9404 9405
f 9408 9406 9407
f 9406 9408 9409
f 9410 9411 9412
f 9410 9412 9413
f 9416 9414 9415
f 9416 9415 9417
f 9418 9419 9420
f 9418 9420 9421
f 9422 9423 9424
f 9423 9422 9425
f 9427 9426 9428
f 9427 9428 9429
f 9432 9431 9430
f 9431 9432 9433
f 9435 9434 9436
f 9435 9436 9437
f 9440 9438 9439
f 9438 9440 9441
f 9442 9443 9444
f 9442 9444 9445
f 9447 9446 9448
f 9447 9448 9449
f 9452 9450 9451
f 9450 9452 9453
f 9455 9454 9456
f 9455 9456 9457
f 9460 9458 9459
f 9458 9460 9461
f 9464 9462 9463
f 9464 9463 9465
f 9466 9470 9469
f 9466 9468 9470
f 9466 9467 9468
f 9472 9469 9470
f 9471 9469 9472
f 9473 9474 9476
f 9475 9473 9476
f 9476 9478 9477
f 9478 9476 9474
f 9478 9479 9477
f 9477 9479 9480
f 9483 9482 9481
f 9482 9483 9484
f 9487 9485 9486
f 9485 9487 9490
f 9488 9490 9487
f 9488 9489 9490
f 9494 9491 9492
f 9492 9491 9493
f 9494 9492 9495
f 9495 9492 9496
f 9500 9497 9499
f 9497 9498 9499
f 9501 9497 9500
f 9501 9502 9497
f 9503 9504 9505
f 9503 9506 9504
f 9507 9508 9509
f 9507 9509 9510
f 9511 9512 9513
f 9511 9513 9514
f 9515 9516 9517
f 9515 9517 9518
f 9519 9520 9521
f 9520 9519 9522
f 9525 9523 9524
f 9525 9524 9526
f 9529 9527 9528
f 9527 9529 9530
f 9531 9533 9532
f 9533 9534 9532
f 9538 9537 9535
f 9536 9537 9538
f 9542 9539 9541
f 9539 9540 9541
f 9542 9543 9539
f 9546 9545 9544
f 9545 9546 9547
f 9550 9548 9549
f 9550 9549 9551
f 9552 9553 9554
f 9552 9554 9555
f 9558 9556 9557
f 9558 9557 9559
f 9560 9561 9562
f 9560 9562 9563
f 9564 9565 9566
f 9564 9566 9567
f 9570 9568 9569
f 9570 9569 9571
f 9574 9572 9573
f 9574 9573 9575
f 9578 9576 9577
f 9576 9578 9579
f 9582 9580 9581
f 9582 9581 9583
f 9584 9585 9586
f 9584 9586 9587
f 9588 9589 9590
f 9588 9590 9591
f 9592 9619 9593
f 9595 9617 9594
f 9594 9616 9595
f 9615 9616 9596
f 9597 9598 9614
f 9614 9599 9612
f 9599 9613 9612
f 9610 9600 9613
f 9603 9611 9601
f 9604 9603 9601
f 9602 9603 9604
f 9604 9605 9602
f 9605 9606 9602
f 9606 9605 9609
f 9609 9608 9606
f 9607 9608 9609
f 9611 9610 9601
f 9610 9611 9600
f 9612 9613 9600
f 9597 9614 9612
f 9598 9596 9614
f 9598 9615 9596
f 9595 9616 9615
f 9594 9617 9592
f 9592 9617 9619
f 9618 9593 9619
f 9620 9622 9621
f 9649 9651 9622
f 9651 9650 9623
f 9624 9620 9621
f 9626 9623 9650
f 9627 9652 9624
f 9625 9626 9648
f 9652 9627 9628
f 9625 9629 9641
f 9628 9654 9630
f 9643 9642 9646
f 9633 9631 9632
f 9633 9634 9661
f 9663 9662 9634
f 9635 9665 9636
f 9663 9635 9664
f 9670 9637 9671
f 9644 9638 9639
f 9659 9660 9657
f 9653 9656 9657
f 9629 9645 9640
f 9629 9640 9641
f 9643 9639 9642
f 9639 9643 9644
f 9645 9646 9647
f 9645 9643 9646
f 9645 9647 9640
f 9648 9629 9625
f 9650 9648 9626
f 9649 9650 9651
f 9620 9649 9622
f 9652 9620 9624
f 9630 9652 9628
f 9653 9654 9655
f 9653 9630 9654
f 9653 9655 9656
f 9653 9657 9658
f 9658 9657 9660
f 9659 9632 9660
f 9660 9632 9631
f 9631 9633 9661
f 9661 9634 9662
f 9662 9663 9664
f 9664 9635 9636
f 9636 9665 9666
f 9665 9667 9666
f 9669 9667 9668
f 9667 9669 9666
f 9668 9670 9669
f 9671 9669 9670
f 9671 9637 9672
f 9637 9638 9672
f 9638 9644 9672
f 9673 9723 9724
f 9704 9674 9675
f 9675 9682 9676
f 9704 9677 9674
f 9677 9678 9679
f 9702 9679 9703
f 9703 9680 9702
f 9680 9681 9684
f 9682 9706 9676
f 9708 9683 9707
f 9700 9684 9681
f 9685 9686 9715
f 9687 9688 9714
f 9687 9711 9688
f 9692 9689 9720
f 9685 9716 9690
f 9721 9722 9691
f 9692 9721 9693
f 9686 9714 9694
f 9695 9710 9711
f 9696 9673 9699
f 9695 9707 9697
f 9683 9698 9707
f 9705 9706 9708
f 9696 9723 9673
f 9696 9699 9701
f 9701 9700 9681
f 9701 9699 9700
f 9680 9684 9702
f 9678 9703 9679
f 9704 9678 9677
f 9676 9704 9675
f 9705 9676 9706
f 9707 9705 9708
f 9707 9698 9697
f 9695 9697 9709
f 9695 9709 9710
f 9711 9710 9712
f 9711 9712 9713
f 9711 9713 9688
f 9686 9687 9714
f 9686 9694 9715
f 9685 9715 9716
f 9685 9690 9717
f 9717 9690 9719
f 9690 9718 9719
f 9689 9692 9719
f 9689 9719 9718
f 9692 9720 9721
f 9721 9691 9693
f 9722 9724 9691
f 9723 9691 9724
f 9725 9728 9727
f 9726 9727 9728
f 9729 9730 9731
f 9734 9732 9733
f 9729 9734 9733
f 9734 9729 9731
f 9740 9735 9736
f 9736 9737 9739
f 9736 9738 9737
f 9739 9740 9736
f 9744 9741 9742
f 9743 9744 9742
f 9799 9764 9797
f 9798 9796 9763
f 9745 9746 9792
f 9787 9789 9788
f 9791 9747 9746
f 9790 9789 9747
f 9748 9749 9787
f 9749 9750 9751
f 9752 9753 9793
f 9753 9794 9758
f 9785 9754 9751
f 9754 9784 9755
f 9756 9757 9758
f 9759 9795 9757
f 9760 9761 9762
f 9799 9798 9763
f 9800 9797 9764
f 9782 9761 9781
f 9780 9781 9766
f 9801 9800 9764
f 9769 9765 9803
f 9778 9779 9766
f 9769 9767 9765
f 9772 9768 9777
f 9771 9767 9769
f 9798 9795 9796
f 9773 9775 9770
f 9771 9774 9767
f 9776 9775 9772
f 9778 9777 9768
f 9771 9773 9774
f 9774 9773 9770
f 9770 9775 9776
f 9776 9772 9777
f 9778 9768 9779
f 9766 9779 9780
f 9781 9780 9782
f 9761 9782 9762
f 9760 9762 9783
f 9760 9783 9755
f 9760 9755 9784
f 9784 9754 9785
f 9785 9751 9750
f 9750 9749 9748
f 9748 9787 9786
f 9786 9787 9788
f 9788 9789 9790
f 9790 9747 9791
f 9791 9746 9745
f 9745 9792 9793
f 9793 9792 9752
f 9753 9752 9794
f 9758 9794 9756
f 9757 9756 9759
f 9795 9759 9796
f 9797 9798 9799
f 9801 9802 9800
f 9801 9804 9802
f 9802 9804 9803
f 9769 9803 9804
f 9823 9805 9806
f 9831 9860 9807
f 9854 9810 9856
f 9812 9808 9851
f 9809 9853 9810
f 9853 9852 9808
f 9811 9815 9812
f 9857 9813 9855
f 9814 9815 9816
f 9814 9850 9849
f 9813 9858 9817
f 9847 9849 9848
f 9847 9845 9846
f 9818 9859 9817
f 9819 9820 9859
f 9844 9845 9843
f 9843 9821 9822
f 9823 9806 9807
f 9824 9821 9825
f 9826 9825 9827
f 9862 9863 9805
f 9828 9829 9865
f 9841 9830 9827
f 9837 9836 9829
f 9831 9820 9860
f 9832 9833 9834
f 9832 9834 9836
f 9839 9833 9835
f 9836 9837 9832
f 9841 9840 9842
f 9829 9828 9837
f 9834 9833 9838
f 9838 9833 9839
f 9839 9835 9840
f 9840 9835 9842
f 9841 9842 9830
f 9827 9830 9826
f 9825 9826 9824
f 9821 9824 9822
f 9843 9822 9844
f 9845 9844 9846
f 9845 9847 9848
f 9848 9849 9850
f 9850 9814 9816
f 9816 9815 9811
f 9811 9812 9851
f 9851 9808 9852
f 9852 9853 9809
f 9809 9810 9854
f 9854 9856 9855
f 9855 9856 9857
f 9813 9857 9858
f 9817 9858 9818
f 9859 9818 9819
f 9820 9819 9860
f 9807 9806 9831
f 9861 9806 9805
f 9805 9863 9861
f 9862 9864 9863
f 9863 9864 9865
f 9828 9865 9864
f 9869 9866 9868
f 9867 9868 9866
f 9871 9869 9870
f 9877 9869 9871
f 9872 9873 9869
f 9874 9867 9866
f 9869 9868 9872
f 9875 9866 9877
f 9866 9875 9876
f 9869 9877 9866
f 9878 9884 9885
f 9888 9889 9891
f 9887 9884 9879
f 9883 9880 9881
f 9883 9878 9885
f 9882 9883 9886
f 9884 9878 9889
f 9883 9885 9886
f 9887 9885 9884
f 9888 9884 9889
f 9890 9891 9881
f 9880 9890 9881
f 9883 9881 9878
f 9891 9889 9881
f 9899 9892 9900
f 9901 9933 9932
f 9893 9899 9894
f 9895 9893 9894
f 9895 9894 9896
f 9894 9898 9896
f 9897 9896 9898
f 9892 9899 9893
f 9901 9900 9892
f 9901 9932 9900
f 9902 9931 9929
f 9934 9903 9902
f 9928 9924 9926
f 9907 9926 9924
f 9904 9905 9922
f 9904 9906 9905
f 9906 9908 9909
f 9906 9907 9908
f 9905 9906 9909
f 9910 9911 9919
f 9913 9920 9914
f 9912 9913 9914
f 9912 9914 9915
f 9918 9912 9915
f 9915 9910 9916
f 9915 9917 9918
f 9917 9915 9916
f 9910 9919 9916
f 9914 9920 9921
f 9921 9920 9922
f 9920 9904 9922
f 9925 9923 9907
f 9923 9908 9907
f 9924 9925 9907
f 9926 9927 9928
f 9927 9929 9930
f 9926 9929 9927
f 9929 9931 9930
f 9902 9903 9931
f 9933 9903 9934
f 9932 9933 9934
f 9941 9946 9935
f 9940 9935 9946
f 9937 9941 9936
f 9945 9941 9937
f 9942 9938 9941
f 9939 9940 9946
f 9941 9935 9942
f 9943 9946 9945
f 9946 9943 9944
f 9941 9945 9946
f 9962 9963 9947
f 9948 9947 9963
f 9950 9949 9948
f 9947 9948 9949
f 9950 9951 9953
f 9952 9953 9951
f 9949 9950 9953
f 9956 9954 9955
f 9955 9954 9952
f 9952 9951 9955
f 9957 9956 9955
f 9956 9957 9958
f 9958 9957 9959
f 9959 9957 9960
f 9964 9963 9961
f 9962 9961 9963
f 9964 9961 9966
f 9965 9964 9966
f 9969 9965 9966
f 9967 9965 9969
f 9968 9967 9969
f 9968 9971 9967
f 9968 9970 9971
f 9971 9970 9974
f 9973 9971 9974
f 9972 9973 9974
f 9975 9973 9972
f 9975 9972 9976
f 9977 10000 9978
f 9989 9988 9979
f 9988 9981 9979
f 9980 9979 9981
f 9982 9981 9984
f 9983 9985 9984
f 9986 9983 9984
f 9982 9984 9985
f 9986 9987 9983
f 9981 9982 9980
f 9988 9989 9990
f 9989 9991 9990
f 9990 9991 9992
f 9992 9991 9993
f 9993 9995 9992
f 9993 9994 9995
f 9997 9996 9995
f 9995 9994 9997
f 9997 9998 9996
f 9998 9999 9996
f 9998 9978 9999
f 9978 10000 9999
f 10002 10001 10000
f 10000 9977 10002
f 10005 10004 10003
f 10004 10005 10007
f 10006 10004 10007
f 10007 10008 10006
f 10009 10006 10008
f 10009 10010 10006
f 10012 10005 10003
f 10003 10011 10012
f 10011 10013 10012
f 10013 10011 10014
f 10015 10013 10014
f 10016 10018 10024
f 10018 10016 10017
f 10020 10018 10017
f 10017 10021 10020
f 10019 10020 10021
f 10019 10022 10020
f 10023 10016 10024
f 10024 10026 10023
f 10026 10025 10023
f 10025 10026 10027
f 10028 10025 10027
f 10029 10030 10031
f 10029 10031 10032
f 10035 10033 10034
f 10033 10035 10036
f 10039 10038 10037
f 10038 10039 10040
f 10041 10048 10047
f 10042 10041 10047
f 10042 10043 10041
f 10043 10045 10041
f 10046 10044 10045
f 10045 10043 10046
f 10051 10047 10048
f 10049 10051 10048
f 10049 10050 10051
f 10049 10052 10050
f 10053 10050 10052
f 10061 10060 10055
f 10060 10054 10055
f 10057 10055 10054
f 10054 10056 10057
f 10054 10058 10056
f 10061 10059 10060
f 10062 10059 10061
f 10059 10062 10063
f 10062 10064 10063
f 10065 10064 10062
f 10067 10078 10066
f 10067 10068 10078
f 10078 10072 10069
f 10070 10078 10069
f 10078 10070 10071
f 10071 10066 10078
f 10072 10078 10075
f 10078 10073 10074
f 10074 10075 10078
f 10073 10078 10076
f 10076 10078 10077
f 10077 10078 10079
f 10080 10090 10085
f 10080 10081 10090
f 10090 10086 10082
f 10083 10090 10082
f 10090 10083 10084
f 10084 10085 10090
f 10086 10090 10089
f 10090 10087 10088
f 10088 10089 10090
f 10090 10092 10087
f 10091 10092 10090
f 10090 10093 10091
f 10094 10095 10096
f 10102 10097 10098
f 10108 10099 10106
f 10107 10105 10100
f 10103 10101 10102
f 10103 10098 10104
f 10103 10102 10098
f 10104 10100 10105
f 10104 10105 10103
f 10106 10107 10100
f 10099 10108 10109
f 10099 10107 10106
f 10110 10109 10108
f 10110 10108 10111
f 10110 10111 10112
f 10113 10112 10111
f 10112 10113 10114
f 10112 10114 10115
f 10116 10117 10115
f 10115 10114 10116
f 10116 10118 10117
f 10119 10118 10125
f 10120 10125 10121
f 10120 10122 10125
f 10121 10125 10124
f 10118 10123 10124
f 10124 10125 10118
f 10118 10116 10123
f 10126 10127 10128
f 10130 10128 10129
f 10135 10133 10130
f 10132 10131 10126
f 10132 10128 10130
f 10132 10126 10128
f 10130 10133 10132
f 10134 10135 10130
f 10135 10134 10136
f 10137 10136 10140
f 10137 10135 10136
f 10138 10140 10136
f 10139 10140 10138
f 10139 10138 10141
f 10139 10141 10143
f 10142 10143 10141
f 10143 10142 10144
f 10143 10144 10145
f 10146 10147 10145
f 10145 10144 10146
f 10146 10148 10147
f 10148 10149 10150
f 10155 10154 10151
f 10154 10152 10153
f 10154 10155 10152
f 10150 10149 10152
f 10152 10155 10150
f 10148 10146 10149
