# Generated by BeeFoundrySim OpenUSD importer
v 0.0313498963872848 0.0308736738702272 0.0375761187981229
v 0.031400005289313 0.0308227174885782 0.0370000172927974
v 0.031400005289313 0.0308227174885782 0.0339000155620274
v 0.0339403340245441 0.0280281798884665 0.0234000118628147
v 0.0342797081212477 0.0275845164551598 0.039500016044824
v 0.0348587004468007 0.0268476950368778 0.0391029148196926
v 0.0371680834328436 0.0236161082561638 0.0233999988242928
v 0.0363765483003387 0.0247545457575553 0.0375003165566788
v 0.0375229174911424 0.0229791357904232 0.0340928143237582
v 0.0367764360394886 0.0241572308683651 0.0367806199462469
v 0.0371046901397195 0.0236499376162365 0.0359622179992069
v 0.0390545824525254 0.0202667445639446 0.0270000148341068
v 0.0401035501599876 0.0181752101979127 0.0234000081375227
v 0.0390569852658335 0.0202620767753563 0.0273000125981865
v 0.042099669620609 0.0128844571661686 0.0234000044122308
v 0.0403560094701907 0.0176193168101704 0.0440000197589392
v 0.0423246213750486 0.0121267359386863 0.0440000197589392
v 0.0433852976751117 0.00748844047261484 0.0234000062748767
v 0.0435167446015901 0.00668918645064069 0.0440000197589392
v 0.0439824433483401 0.0019745555979466 0.0234000062748767
v 0.0440127523236505 0.00114279236560526 0.0440000197589392
v 0.0430859034116223 -0.00905456270643298 0.0234000062748767
v 0.0438819983014749 -0.00356996536462307 0.0234000062748767
v 0.0438047953510897 -0.00442143142386558 0.0440000197589392
v 0.0428960401820658 -0.00991633687641837 0.0440000197589392
v 0.0416066309562332 -0.0143958921402283 0.0234000062748767
v 0.0413010676092737 -0.0152523018923627 0.0440000197589392
v 0.036719118697536 -0.0242515608035133 0.0234000062748767
v 0.0391634317580312 -0.0201497741777622 0.0234000062748767
v 0.0390457572358943 -0.0203431577159996 0.0440000197589392
v 0.0361615840536187 -0.025114507508581 0.0440000234842312
v 0.0335588678540902 -0.0284649403590802 0.0440000234842312
v 0.0342426079387113 -0.027672884063384 0.0234000062748767
v 0.0311204444801689 -0.0311201707331245 0.0234000062748767
v 0.0311254531351965 -0.0311250136103511 0.0440000234842312
v 0.0303721469486891 0.0318361472902363 0.0394367158833036
v 0.0307012075746273 0.0315188270731905 0.039065214864738
v 0.0299859757345014 0.032199977755108 0.0338000138238062
v 0.0274852133250781 0.0343593459299235 0.040157515180165
v 0.0279879675508611 0.033949649692426 0.0403916199794981
v 0.0280000151450295 0.0339411336790876 0.0402000133112046
v 0.0274847551141682 0.0343596663048785 0.0338423182396622
v 0.0280000151450295 0.0339411336790876 0.0338000138238062
v 0.0264482634094486 0.0351638037166099 0.0397979201948045
v 0.0267974163975227 0.0348983656158214 0.0401805151329208
v 0.0249513312075675 0.0362412768442992 0.0360288187694318
v 0.0255607442671894 0.0358140121383397 0.0349290157159339
v 0.0255593584585838 0.0358151185495215 0.0390688209473859
v 0.019161732052438 0.0396422395307224 0.0234000044122308
v 0.0214317740928362 0.0385040627996431 0.0394998670331444
v 0.016311328641695 0.0408649058429545 0.0370000172927974
v 0.0132533705899219 0.0419704937355892 0.0369999986663374
v 0.0139867147995118 0.0417505749554403 0.0234000025495848
v 0.0109999638407293 0.042602831940353 0.0350000197812929
v 0.00822700086773337 0.0432654120507516 0.0233999988242928
v 0.00105117913389641 0.0440027363832072 0.0425000160373728
v 0.00585042292813068 0.0436689205812697 0.0270000260099828
v 0.00205924616254027 0.0439798519256665 0.0234000249013367
v -0.008227783179043 0.0432648085537434 0.0233999988242928
v -0.00793171839523457 0.0432910867506328 0.0270000204220448
v -0.0109999750166052 0.042602831940353 0.0270000129714608
v -0.0133804896584767 0.0419298694462386 0.0369999986663374
v -0.0135283762983334 0.0418900982483379 0.0233999988242928
v -0.0182092233294538 0.04008293018247 0.0234000006869388
v -0.0236968763961078 0.0371255862258714 0.0234000044122308
v -0.0259783830224841 0.0355123455906063 0.034520213348657
v -0.0255614036438647 0.0358136433346125 0.0349284084933393
v -0.0264498876367391 0.0351626004478836 0.0342003150747584
v -0.0299859850477313 0.0321999740298178 0.0338000100985142
v -0.0280082424523025 0.0339453581581452 0.0337999504938423
v -0.0299859850477313 0.0321999740298178 0.0397597173254311
v -0.0311127182246632 0.03111269966368 0.0383677172692838
v -0.0308072908508598 0.0314150106866135 0.038917510762565
v -0.0304210861090447 0.0317891937328796 0.03938891666176
v -0.0311253972558172 0.0311258182730287 0.0425000160373728
v -0.0311684970210402 0.0311706521402763 0.0439999862313112
v -0.0284138801795782 0.0336025197034056 0.0425000123120808
v -0.0311216812770965 0.0311217763331896 0.0234000025495848
v -0.0273990622234275 0.0344279695002241 0.0403452140171593
v -0.0274748272111197 0.0343676160741104 0.033843312892624
v -0.0280879171338968 0.0338886592416926 0.0234000025495848
v -0.0269619495044608 0.0347714598807442 0.0339732138243694
v -0.0267989698442661 0.0348972517540593 0.040180012218502
v -0.0264473600261506 0.0351644295653592 0.0397974172803856
v -0.0259746446920116 0.0355149570190185 0.0394773178407195
v -0.0252059288353503 0.036064612408364 0.0385599125337119
v -0.025210410361567 0.036061684330287 0.035434310596376
v -0.0248169692401377 0.036333503853144 0.0366753096669377
v -0.0249520185239324 0.0362408782382505 0.0360276155001185
v -0.0249507034958738 0.0362417685826022 0.0379688130028284
v -0.0248168295416895 0.036333503853144 0.037324315136538
v -0.0222928529754757 0.0380065763738983 0.0394999862424881
v -0.0255591200398989 0.0358152228576464 0.0390687129139181
v -0.0279875167905351 0.0339515235133836 0.0403999162047633
v -0.0291489249849435 0.0329596761803503 0.0402000095859126
v -0.0285763681012354 0.0334572818153807 0.0403506156905471
v -0.0253881272767184 0.035970202379477 0.0440000160336472
v -0.0280000263209053 0.0339411336790876 0.0402000095859126
v -0.0269603886071335 0.0347725998195375 0.0400265152872821
v -0.0274835276304704 0.0343606199791631 0.0401576157630488
v -0.0262207039506436 0.0353338110590036 0.0398967112131284
v -0.0256956780669337 0.0357174153641205 0.039500012319532
v -0.0163190548972006 0.0408834168098306 0.039500016044824
v -0.0163113398175709 0.0408649058429545 0.0370000172927974
v -0.0149453907433203 0.0414141589009612 0.0425000160373728
v -0.0105310930078834 0.0427211285298375 0.0370000172927974
v -0.0108824550940842 0.0426330999230191 0.0360180154226563
v -0.0109999750166052 0.042602831940353 0.0350000197812929
v -0.00390426405635161 0.0438552968486892 0.0425000160373728
v -0.00950416878421615 0.0429906420980766 0.0425000160373728
v -0.00281555935814412 0.0439232386908879 0.0234000155881067
v -0.00203782526816258 0.0440036490792999 0.0270000036582309
v 0.0109999638407293 0.042602831940353 0.0270000129714608
v 0.0108825873419485 0.0426329546367023 0.0360145136481843
v 0.0105310836946535 0.0427211285298375 0.0370000172927974
v 0.0121364805656466 0.0423221797544927 0.0440000197589392
v 0.0115431207203631 0.0424887151264441 0.0425000160373728
v 0.016311328641695 0.0408649058429545 0.039500016044824
v 0.0174254666065418 0.0404323400490771 0.0440000197589392
v 0.0219837934420205 0.0381472507814597 0.0425000160373728
v 0.0262181949665148 0.0353355991982873 0.0398957165601667
v 0.0274116667487425 0.0344534877379179 0.0234000025495848
v 0.0264508282729567 0.0351617995104961 0.0342005125152339
v 0.0270729743804658 0.034719965194665 0.0440000197589392
v 0.0316262161924319 0.0306457382656233 0.0440000085830632
v 0.0304753058707403 0.0317575734698802 0.0425000160373728
v 0.0291489138090677 0.0329596761803503 0.0402000133112046
v 0.0285747960280322 0.0334585633152006 0.0403507162734309
v 0.0269633818792158 0.0347703013155 0.0339726140523588
v 0.0273967748941698 0.034428267523438 0.040335219058746
v 0.0269605171297058 0.0347725998195375 0.040026116681039
v 0.0259773492539678 0.0355129453623244 0.0345208131206676
v 0.0259746055764461 0.0355151283823665 0.0394769192344764
v 0.0256956668910578 0.0357174153641205 0.039500016044824
v 0.0252069719170965 0.0360639828343245 0.0385599162590039
v 0.0248168463055033 0.0363334777761128 0.0366759168895324
v 0.0249510629865471 0.0362415450651917 0.0379693159172473
v 0.0237188835583062 0.0370822499252739 0.0234000044122308
v 0.0248169580642618 0.0363335001278538 0.03732431886183
v 0.0252088159366121 0.0360625634987681 0.0354349178189706
v 0.0299859757345014 0.032199977755108 0.0397597210507231
v 0.0311263080896992 0.0311132808089472 0.0234000062748767
v 0.0309778980463235 0.0312469460830457 0.0386387210857932
v 0.0312063497125507 0.0310187776478059 0.0381302187289464
v 0.0344457294823201 0.0274513317434938 0.0425001054443806
v 0.0315713724443345 0.0306471091724074 0.0339000155620274
v 0.0315713724443345 0.0306471091724074 0.0295000135861335
v 0.0324879879793743 0.0296737802568305 0.0295000135861335
v 0.0324879879793743 0.0296737802568305 0.039500016044824
v 0.0362925094392241 0.0248749322348276 0.0412344151384989
v 0.0357049526674767 0.0257123793286523 0.0417528193214592
v 0.035407849458537 0.0261221873248551 0.0386490177928579
v 0.0359167429654546 0.0254167235366151 0.0381207192343679
v 0.0368448882790816 0.0240477725298191 0.0406231170744371
v 0.0373222620908049 0.0233032527993919 0.0399830150526967
v 0.0376476961450292 0.0227739244558824 0.028534067724476
v 0.0376884843665968 0.0227062079937393 0.0306919617370425
v 0.0373513938738589 0.0232572920318667 0.035056413251461
v 0.0377632621519221 0.0225813865585146 0.0392204179796901
v 0.0360095995926164 0.0253622262666555 0.0440000383853991
v 0.038141561824218 0.0219367884237872 0.0383839185641551
v 0.0376740972890834 0.022730375813745 0.0320816111339431
v 0.0376260820011316 0.022809782236455 0.0330950172155729
v 0.0385996833271403 0.0211320829053043 0.0440000197589392
v 0.0375857780675176 0.0228759676043365 0.0270000148341068
v 0.0390436896988617 0.0202876751067889 0.0342540151588166
v 0.0391595164761911 0.0200632394123037 0.0320065166979774
v 0.0391921127807592 0.0199995257744529 0.0273000125981865
v 0.039123593485911 0.0201330997789421 0.033134214737908
v 0.0384642875911942 0.021365444395047 0.037437619892461
v 0.0389103316976125 0.0205420919365967 0.0353665140074218
v 0.0387186356244163 0.0209010907001124 0.0364324169037966
v 0.0350924066373243 0.0265400270466736 0.0422010166515468
v 0.0224318305796324 0.0378847929128107 0.0440000160336472
v 0.0267025760523972 0.0350063543273937 0.0425000160373728
v 0.0169031844003535 0.040654333815853 0.0425000160373728
v 0.00664425796275365 0.0435233399665487 0.0440000234842312
v 0.00104744871966934 0.0440152421823222 0.0440000197589392
v 0.00599435377359723 0.0436186217133364 0.0425000160373728
v -0.00456669477252281 0.0437905215031387 0.0440000197589392
v -0.0101049866639849 0.0428526498994406 0.0440000197589392
v -0.0154796115788874 0.0412165993124384 0.0440000197589392
v -0.0206048896650116 0.0389084057951602 0.0440000197589392
v -0.0201402842914491 0.0391520323219782 0.0425000197626648
v -0.0250031183536194 0.0362398537834526 0.0425000123120808
v 0.0311127126367253 -0.0311126940757447 0.0234000062748767
v 0.0311127107740793 -0.0311126922130996 0.0440000234842312
v 0.0241020913027471 -0.0368588740758433 0.0440000234842312
v 0.0179312755717243 -0.0402238541844731 0.0440000197589392
v 0.013262570198394 -0.0419534207307204 0.0440000197589392
v 0.0150683272403376 -0.0413892776878871 0.0234000267639827
v 0.00749999989901241 -0.0433561042400446 0.0270000166967528
v -0.00756159387612435 -0.0433454312836953 0.0275078112481213
v -0.0189961949793192 -0.0397320227492129 0.0234000044122308
v -0.0174627418777999 -0.0404020869675717 0.0440000197589392
v -0.0122091228273612 -0.0422721826350636 0.0290353132125233
v -0.042029250426866 -0.0130693638066145 0.0234000044122308
v -0.0436880633278163 -0.00555560439933008 0.0440000197589392
v -0.0438420929740996 -0.00388849420549974 0.0234000025495848
v -0.044012640564892 0.000378211045370839 0.0440000197589392
v -0.0440070414510902 0.000793397400158902 0.0234000025495848
v -0.0436735868432961 0.00546546541562795 0.0234000025495848
v -0.0437231444021155 0.00505394192329993 0.0440000197589392
v -0.0429382365639908 0.00967318811806522 0.0440000197589392
v -0.0415311826183569 0.0145738883674008 0.0234000025495848
v -0.042845003682342 0.0100771464773718 0.0234000025495848
v -0.041666578354303 0.0141832563023701 0.0440000197589392
v -0.0398266976380916 0.0187550683773462 0.0440000085830632
v -0.0390159809773328 0.0203415558412247 0.0345467188011768
v -0.0391178751627668 0.0201446258267413 0.0332843142028317
v -0.0391598778295103 0.0200625986623937 0.0320065166979774
v -0.0378620531691612 0.0224162742474099 0.0390209174176665
v -0.0385987184765251 0.0211229764334732 0.0369449202242423
v -0.0368243991733531 0.0240829672087407 0.0406585110736489
v -0.0369890086487762 0.0239069137203941 0.0440000011324792
v -0.0362111937665255 0.0249978314203224 0.0413144157840174
v -0.0355433979314531 0.0259330506174164 0.0418772179969331
v -0.03344959014001 0.0286142555772009 0.0439999713301433
v -0.0344326313558217 0.0274417018683932 0.0425001203455486
v -0.0348350113152865 0.0268798722307582 0.0423709160434056
v -0.0311127219499552 0.0311127033889701 0.0440000160336472
v -0.0311127182246632 0.03111269966368 0.0425000123120808
v -0.0373781787229841 0.0232150938074174 0.0398966143555366
v -0.0388461337414271 0.0206645571257862 0.0357749177684556
v -0.03827047555217 0.0217119951014453 0.0380332195760704
v -0.0397957181102301 0.0187978402964823 0.0234000267639827
v -0.0391921202313431 0.0199995257744529 0.0273000107355405
v -0.0311127182246632 0.03111269966368 0.0383677172692838
v -0.0369891651110381 0.0238282635315894 0.0362774112293201
v -0.0374464856761911 0.0231033704924455 0.0345793113808109
v -0.0390545899031093 0.0202667408386545 0.0270000129714608
v -0.0390569927164174 0.0202620730500661 0.0273000107355405
v -0.0366572751258633 0.0243350873971561 0.0370133128599152
v -0.0362673227403458 0.0249132747839464 0.0376653134642767
v -0.0376801136355837 0.0227202616509218 0.0317626106554145
v -0.037686055476245 0.0227117679893245 0.0303652759811353
v -0.0376454907721944 0.0227770648754994 0.0284512731099638
v -0.0376478712337509 0.0227735742786061 0.0327149144977989
v -0.0375747549286356 0.0228940687892934 0.0336580094183802
v -0.0375857855181015 0.0228759638790463 0.0270000129714608
v -0.037243833519368 0.0234275005399298 0.035451513994793
v -0.0353416025917787 0.026209372153449 0.0387121130633188
v -0.0324879954299582 0.0296737765315403 0.039500012319532
v -0.0342797230224155 0.0275845052792893 0.039500012319532
v -0.0315713798949184 0.0306471054471173 0.0295000117234875
v -0.0311127182246632 0.03111269966368 0.0234000025495848
v -0.0342139716194867 0.0277397306702715 0.0234000304892747
v -0.0348235076137429 0.0268932162201625 0.0391292116558609
v -0.0324879954299582 0.0296737765315403 0.0295000117234875
v -0.0315713798949184 0.0306471054471173 0.0339000118367354
v -0.0314000127398969 0.0308227156259331 0.0370000135675054
v -0.0313256447366862 0.030898357642922 0.0377029165616394
v -0.0314000127398969 0.0308227156259331 0.0339000118367354
v -0.0358248996177035 0.0255449182220927 0.038227415322298
v -0.0375838111133676 0.0229112535528673 0.0233999652966648
v -0.0431803172108195 -0.00852799107765246 0.0234000025495848
v -0.0422479287896607 -0.0124343676073113 0.0440000197589392
v -0.0404020950569122 -0.0174627745291116 0.0234000044122308
v -0.036204287075249 -0.0250747009204237 0.0440000197589392
v -0.0397320603213775 -0.01899614494304 0.0440000197589392
v -0.0343853611262599 -0.0274759130707088 0.0234000044122308
v -0.0377936195560279 -0.0226095106366854 0.0234000044122308
v -0.0317548095452761 -0.0305145633480063 0.0440000197589392
v -0.0305145853490679 -0.0317547869528299 0.0234000044122308
v -0.0250746905252211 -0.0362042809875784 0.0234000044122308
v -0.0274760211671899 -0.0343852702242464 0.0440000197589392
v -0.0226094897527586 -0.037793616435795 0.0440000197589392
v -0.01328786213677 -0.041964674832337 0.0234000081375227
v -0.0109335027696839 -0.0426196516254899 0.0280752179219386
v -0.00750639436264569 -0.0433937147696442 0.026999964542665
v -0.00750000362430436 -0.0433561079653348 0.0272000127226113
v -0.0077365317234806 -0.0433144554958961 0.0277679111349715
v 0.00830002310922689 -0.0432100207111502 0.0280000117272131
v 0.00799695757052021 -0.043267151761263 0.0279378142521222
v 0.00977921919613101 -0.0429205842910589 0.0234000044122308
v 0.0103999906709104 -0.0427532256299791 0.0410000197663904
v 0.00653174902356778 -0.0435308985803123 0.0410000234916824
v 0.0109331488669486 -0.0426197261312934 0.0409249178798407
v 0.0206307953452363 -0.0388799371276483 0.0234000062748767
v 0.0246464700781406 -0.0364668841425442 0.0234000062748767
v 0.028382414501117 -0.0336409348956828 0.0234000062748767
v 0.0286981180927663 -0.0333714734815062 0.0440000234842312
v 0.00756194219092174 -0.0433453530526016 0.0275086159111915
v 0.00749999989901241 -0.0433561042400446 0.0272000127226113
v 0.0052076792157649 -0.0437071308825873 0.0234000025495848
v 0.00773652799818865 -0.0433144554958961 0.0277679111349715
v 0.000461740624052393 -0.0440135732523242 0.0234000062748767
v 0.00383142831228636 -0.0438499138043874 0.0270000148341068
v -0.00113944026419092 -0.0440019093687885 0.0270000166967528
v -0.0041063888515329 -0.0438180811998481 0.0440000011324792
v -0.00884719026564547 -0.0431159571342494 0.0233999895110628
v -0.00428259795476731 -0.0438065290750176 0.0234000100001687
v -0.00652332893243634 -0.0435372166724479 0.0410000309422664
v -0.00799561460277201 -0.0432673678280931 0.0279398110086296
v -0.00830002497187287 -0.0432100207111502 0.0280000117272131
v -0.0103999925335564 -0.0427532256299791 0.0280000117272131
v -0.0114417015096528 -0.0424863681936343 0.0282769126809452
v -0.0122105375069794 -0.0422717579519838 0.0399633157086454
v -0.0118749455129287 -0.0423672185126999 0.0403948162800268
v -0.0118750162934758 -0.0423672892932132 0.0286052152135767
v -0.0124264889560663 -0.0422088266250695 0.0295506105019627
v -0.012500027150495 -0.0421870485787107 0.0389000130660807
v -0.012500027150495 -0.0421870485787107 0.0301000091142928
v -0.0124267720782545 -0.0422086850640429 0.039447116898544
v -0.011443045408724 -0.0424858727300411 0.0407219192686371
v -0.01305025742822 -0.0420312494930416 0.0440000085830632
v -0.0109352015028134 -0.0426195175150436 0.0409303195532285
v -0.00867547013921159 -0.0431566596546937 0.0440000197589392
v -0.0103999925335564 -0.0427532256299791 0.0410000197663904
v 0.000455673171203156 -0.044014083617078 0.0440000234842312
v 0.000134553659894156 -0.0440479539553427 0.0410000085905144
v 0.0052591622848613 -0.043701524320875 0.0440000309348151
v 0.0118749436502827 -0.0423672185126999 0.0403948162800268
v 0.00998515054119362 -0.0428674430267227 0.0440000085830632
v 0.0114412041831773 -0.0424864352488574 0.0407233199784259
v 0.012208837842527 -0.0422723204708001 0.0399652156075611
v 0.0124264153815503 -0.0422088936802927 0.0394497171523541
v 0.012500025287849 -0.0421870485787107 0.0389000130660807
v 0.012500025287849 -0.0421870485787107 0.0301000109769388
v 0.0122108886157458 -0.0422716871714705 0.029037214974085
v 0.0124267702156086 -0.0422086850640429 0.0295532126184188
v 0.0114435371472614 -0.0424857982242376 0.0282784176989098
v 0.0118750144308298 -0.042367285567923 0.0286052152135767
v 0.0103999906709104 -0.0427532256299791 0.0280000117272131
v 0.0109354790370637 -0.0426193685034366 0.028069711940375
v -0.00728475998068813 -0.0431900792328472 0.0234000062748767
v -0.0235676534689239 -0.0369191194685419 0.0234000044122308
v -0.0389341661155128 0.0204981763533771 0.0234000025495848
v -0.0418014152964565 -0.0137363257895806 0.0234000044122308
v -0.0432587606834242 -0.00804241906120759 0.0234000025495848
v -0.0395974319955731 -0.0191850767595191 0.0234000044122308
v -0.04394501161482 -0.00220447585089086 0.0234000025495848
v -0.0429658819555565 0.00948407096839992 0.0234000025495848
v -0.0429224636778718 0.00872393109627196 0.0234000025495848
v -0.0438468650730884 0.00367271329141199 0.0234000025495848
v -0.0242924257817354 -0.0366862106015553 0.0234000044122308
v -0.0331218166024407 -0.028965140658717 0.0234000044122308
v -0.0361106406861937 0.0247883862934985 0.0234000025495848
v -0.0191862202590755 -0.0395969884309753 0.0234000044122308
v -0.0278421670744968 0.0340714070764824 0.0234000025495848
v -0.0137371817061359 -0.0418009669556279 0.0234000044122308
v -0.00220518470753748 -0.0439449832096352 0.0234000062748767
v -0.00146293705018553 -0.0437756352436023 0.0234000062748767
v -0.0129770498534519 0.0418339245977998 0.0234000025495848
v -0.0123316728253385 0.0422370456981398 0.0234000025495848
v 0.0101539872916577 -0.0426069260342545 0.0234000062748767
v -0.00659194135958329 0.0435037561161025 0.0234000025495848
v 0.0255041142416017 -0.0358545172184047 0.0234000062748767
v -0.000734834326370171 0.043993926071945 0.0234000025495848
v 0.0101534191846352 0.0426070750458615 0.0234000025495848
v 0.0164984314299161 0.0407898077183311 0.0234000044122308
v 0.0157419661958345 0.040873529889708 0.0234000044122308
v 0.0217880144488463 0.0382271135522161 0.0234000044122308
v 0.0311127107740793 0.0311127033889701 0.0234000044122308
v 0.037477662644526 -0.0230529486899365 0.0234000062748767
v 0.0343746322854421 -0.0271452246498726 0.0234000062748767
v 0.0426253343918884 0.0109137013641998 0.0234000062748767
v 0.0434094412922438 0.005838440536555 0.0234000062748767
v 0.043409653633885 -0.00583765636297331 0.0234000062748767
v 0.0439939395992998 -0.000735810001999689 0.0234000062748767
v 0.0376860480256611 -0.0223210223029435 0.0234000062748767
v 0.0402159384928465 -0.0178518252084632 0.0234000062748767
v 0.0422367752655605 -0.0123326439024897 0.0234000062748767
v 0.0266886583616696 0.0349820952377787 0.0234000044122308
v 0.0259809329848243 0.0352625797855811 0.0234000044122308
v 0.0407902481264175 0.0164974400862487 0.0234000044122308
v 0.0382277613546639 0.0217870950887139 0.0234000044122308
v 0.0438000493291446 3.72529017428678e-09 0.0234000062748767
v 0.0435034155069907 -0.0065931265838678 0.0234000062748767
v 0.0403247617213087 -0.0170985454581912 0.0234000062748767
v 0.0422441997724181 -0.0115712998303129 0.0234000062748767
v 0.0340706447369776 -0.0278429267960345 0.0234000062748767
v 0.0300554077258775 -0.0321354855316108 0.0234000062748767
v 0.0304497354667911 -0.0314842005010205 0.0234000062748767
v 0.0210501533227663 -0.0384104574334338 0.0234000062748767
v 0.0259819686159866 -0.0352619651127023 0.0234000062748767
v 0.0204981134844762 -0.0389342146054876 0.0234000062748767
v 0.0151253027867537 -0.0413187877472093 0.0234000062748767
v 0.0157423238238618 -0.0408733100975877 0.0234000062748767
v 0.00948287035881134 -0.0429660663587968 0.0234000062748767
v 0.00367158069129918 -0.0438469782757301 0.0234000062748767
v 0.00438469842824308 -0.0435804710166616 0.0234000062748767
v -0.00804256445722597 -0.0432587400560495 0.0234000062748767
v -0.0129769734849669 -0.041833991653023 0.0234000044122308
v -0.0184367567112152 -0.0397308418322276 0.0234000044122308
v -0.028965553076611 -0.0331215437637132 0.0234000044122308
v -0.0324842589621317 -0.0293808066737188 0.0234000044122308
v -0.028278331706662 -0.0334487099226896 0.0234000044122308
v -0.0366868949221629 -0.0242916076728869 0.0234000044122308
v -0.0390926288592173 -0.0197547928364531 0.0234000044122308
v -0.0361105736309386 -0.0247885874591679 0.0234000044122308
v -0.0413765867276971 -0.0143680549094009 0.0234000044122308
v -0.0437026143181755 -0.00292586525462588 0.0234000025495848
v -0.0429223221167776 -0.00872491829816815 0.0234000025495848
v -0.0437026143181755 0.0029254424341911 0.0234000025495848
v -0.0413770821915265 0.0143669950643463 0.0234000025495848
v -0.0413185355032302 0.0151260043109064 0.0234000025495848
v -0.0390929157066975 0.0197539471955835 0.0234000025495848
v -0.0358540798295529 0.025504847138333 0.0234000025495848
v -0.0324848140306323 0.0293804006170898 0.0234000025495848
v -0.0321346701148994 0.0300562371725736 0.0234000025495848
v -0.0282792108755624 0.0334479760405253 0.0234000025495848
v -0.0230525424497406 0.0374779316211358 0.0234000025495848
v -0.0235686108689552 0.0369184451910203 0.0234000025495848
v -0.0178514872687254 0.0402161316579418 0.0234000025495848
v -0.0184374682419778 0.0397305624354646 0.0234000025495848
v -0.0072856149351908 0.0431899413971107 0.0234000025495848
v 0.00438363672003714 0.0435805455224651 0.0234000025495848
v -0.00146414031948559 0.0437757097494058 0.0234000025495848
v 0.00513529260221045 0.0436997659839128 0.0234000025495848
v 0.0109142653620508 0.0426251725055282 0.0234000025495848
v 0.0210493002309096 0.0384110311281206 0.0234000044122308
v 0.0304491207936192 0.0314849567349259 0.0234000044122308
v 0.0343744236690928 0.0271454369914126 0.0234000044122308
v 0.0349825850306193 0.0266880309626529 0.0234000044122308
v 0.0376857649034728 0.0223215959976304 0.0234000044122308
v 0.0403243333127344 0.0170995401106678 0.0234000044122308
v 0.0422439874307769 0.0115725124122646 0.0234000062748767
v 0.043699783096293 0.0051350126193953 0.0234000062748767
v 0.00554861467545734 0.0434527531683263 0.0233999708846028
v 0.00278197189308637 0.0437170289785804 0.0233999746098948
v 0.00418200436188557 0.0438062347770939 0.0231999823093284
v 0.00695041689076384 0.0434529543339957 0.0231999934852043
v 0.00829328405608818 0.0430133142140773 0.0233999466702049
v 0.0110032886637953 0.0424010404221922 0.0233999205931609
v 0.00969420617117135 0.0429243319329743 0.0231999469190544
v 0.0130053937372584 0.041824801362163 0.0234000044122308
v 0.0117256693391745 0.0424087294211119 0.0232000065237263
v 0.0176400732252345 0.040314799693498 0.0231999953478503
v 0.0157039272397265 0.0411017858692669 0.0232000083863723
v 0.0175637904219611 0.0401304797862546 0.0233999913737088
v 0.0200733780480156 0.0389355184570486 0.023399896378763
v 0.0201626397684449 0.0391144664958607 0.0231998630999846
v 0.0225037287142798 0.0375836106527999 0.0233999503954969
v 0.0249527375052789 0.036246466173512 0.0232000027984343
v 0.0226055819215024 0.0377551900676472 0.0232000009357883
v 0.0248409712961757 0.0360815960062686 0.0233999597087269
v 0.0149845249352618 0.0411631413984374 0.0233999746098948
v 0.0137324300962529 0.0418076911043925 0.0232000102490183
v 0.028160064863105 0.033555312826317 0.0233999541207889
v 0.0265264964030581 0.0348543438618319 0.0234000044122308
v 0.0313604054358776 0.0308702968946842 0.0231999003529045
v 0.0340000169268854 0.0276209609689348 0.0233999392196209
v 0.0293405502775927 0.0327959534024806 0.0231999674081604
v 0.0297194739362903 0.0321748655740431 0.0234000044122308
v 0.0327924151122889 0.0293366899248298 0.0232000083863723
v 0.0341540614743364 0.0277483975578619 0.0231999655455144
v 0.0326431724661622 0.029203937346824 0.0234000044122308
v 0.031223009218154 0.0307255060414802 0.0233999708846028
v 0.0354326934305558 0.0260868827498734 0.0232000083863723
v 0.0352713696626332 0.0259687612490271 0.0234000044122308
v 0.0366373597150952 0.0243758606981136 0.0231999264299485
v 0.0364734505945588 0.0242611720521629 0.0233999559834349
v 0.0379377883545178 0.0219007592798666 0.0233999503954969
v 0.0381088388597235 0.0220042608794239 0.0231999208420105
v 0.0413970758334256 0.0143259684436569 0.0233999466702049
v 0.0411068830410544 0.015705778671311 0.0231999916225583
v 0.0403089888351897 0.0176397034606492 0.0232000083863723
v 0.0392505551608809 0.0194507458282983 0.0233999671593108
v 0.0404054105667482 0.0169218866101913 0.0233999746098948
v 0.042019814262355 0.0130687360952201 0.0231999431937624
v 0.0394279498382786 0.0195422315043985 0.0231999729960984
v 0.0422220082082681 0.0116722514687459 0.023399890790825
v 0.0425899776459849 0.0110496055376931 0.0232000102490183
v 0.0430721682602003 0.00901389930153555 0.0231999059408425
v 0.0428777378227123 0.00896803539155482 0.0233999503954969
v 0.0435576520325001 0.00626115899151803 0.0232000586778142
v 0.0272011505006116 0.0345910925063757 0.0231999767213904
v 0.0438008279151623 0.00418218583829253 0.0232000102490183
v 0.0440000192757632 3.72529017428678e-09 0.0232000102490183
v 0.0439553083217716 0.00209597002247632 0.0232000214248943
v 0.0438125253318873 5.61615972325632e-07 0.023397700319134
v 0.0436682186975952 0.00346581859137372 0.0234000062748767
v 0.0433604797801365 0.00623063582647501 0.0234000006869388
v 2.20581189354299e-06 0.0438054189385457 0.0233999503954969
v 0.00139509284808802 0.0439833909513321 0.0231999525069924
v -0.000697922271077219 0.0439944885907613 0.0232000065237263
v -0.00208427476934142 0.0437503964026715 0.0234000025495848
v -0.00416260397272961 0.043607069588506 0.0233999578460809
v -0.00487671263733238 0.0437289722588792 0.0232000065237263
v -0.00279254101201184 0.0439167678618551 0.0231999580949304
v -0.00691964365094406 0.0432552643603169 0.0233999299063909
v -0.00695304415291203 0.043452768069487 0.0231999562322844
v -0.00901166190526638 0.0430673271963143 0.0232000065237263
v -0.0096486216362173 0.0427295812132429 0.0233999541207889
v -0.0116723632053297 0.0422159717316238 0.0234000025495848
v -0.011055086985723 0.042594282399403 0.0232000009357883
v -0.0136684975671189 0.0416180850103918 0.023399913142577
v -0.0130647991053493 0.0420158603193317 0.0232000065237263
v -0.0156325171183246 0.0409149662923166 0.0234000025495848
v -0.0150545930202385 0.0413504415378202 0.0231999152540725
v -0.0175596423093741 0.0401315973733069 0.0233999503954969
v -0.0176461882919714 0.0403125794205541 0.0231998649626306
v -0.0201649848397279 0.0391134979204153 0.0232000754416281
v -0.0200709007288684 0.0389369489684755 0.0234000193133987
v -0.0248377973474337 0.0360827992749949 0.0233999559834349
v -0.0237948236347201 0.0370178918122229 0.0231999562322844
v -0.0225010576799512 0.0375844749201204 0.023399909417285
v -0.0220008627297383 0.0381049240344995 0.0232000065237263
v -0.0265265411065615 0.0348531741207172 0.0234000025495848
v -0.0260910097740279 0.0354370500256036 0.0232000139743103
v -0.0281573174602914 0.0335564564904005 0.023399913142577
v -0.0302283823443758 0.0317038175326653 0.0233999448075589
v -0.0282867415532406 0.033710214117054 0.0231999543696384
v -0.0303677790438769 0.0318481464498877 0.0231999897599123
v -0.0321782374042621 0.0297230062411935 0.0233999243184529
v -0.0323256397561652 0.0298588489473989 0.0231999878972663
v -0.033553592840688 0.0281529454443386 0.0234000025495848
v -0.0348588867113982 0.026528685400738 0.0233999634340188
v -0.0337066129328527 0.0282820658644245 0.0232000065237263
v -0.0350208251524927 0.0266462983994755 0.0231999450564084
v -0.0366407199284347 0.024370973117405 0.0231999487817004
v -0.0364714985415767 0.0242641951251394 0.0233999764725408
v -0.0381127019874763 0.021997978177545 0.0231999543696384
v -0.0379371327031345 0.0219017837346645 0.0233999764725408
v -0.0392491619016914 0.0194524426979727 0.0233999373569749
v -0.0394290786017397 0.0195409034384513 0.0231999897599123
v -0.0404033765573432 0.0169248444905897 0.0233999280437449
v -0.0411585863680374 0.0149793508126152 0.0234000025495848
v -0.0403092794079619 0.0176405453762286 0.0232000065237263
v -0.041109554075383 0.0157008706015064 0.0231999245673025
v -0.0418290718638981 0.0130085642770025 0.0233999466702049
v -0.0427651147964605 0.0103752972825032 0.0232000400513542
v -0.0420223549114653 0.0130627476912649 0.0231998835890906
v -0.0425696487278102 0.0103318697122965 0.0234000118628147
v -0.043139439582245 0.00760761576491918 0.023399913142577
v -0.0433375282564286 0.00763940459729891 0.0231998910396746
v -0.043535773392874 0.00485274365759941 0.023399903829347
v -0.0436463288820933 0.0055700240662722 0.0232000065237263
v -0.0438000530544366 0 0.0234000025495848
v -0.0438674063329042 0.00348307902490437 0.0231999264299485
v -0.0440134489532453 5.77370239024606e-07 0.0231985238575137
v -0.04375556189267 0.0020853983474536 0.0233999429449129
v 0.0440134415026614 -5.7361101333039e-07 0.0231985275828057
v 0.0438000493291446 3.72529017428678e-09 0.0234000062748767
v 0.0437555544420861 -0.00208540766067903 0.0233999466702049
v 0.0425696375519344 -0.0103318678496514 0.0234000155881067
v 0.0420223511861734 -0.0130627327901042 0.0231998873143826
v 0.0427650812688329 -0.0103753848268223 0.0232000456392922
v 0.0411585826427454 -0.0149793470873251 0.0234000062748767
v 0.0404034249861385 -0.0169247141054336 0.0233999317690369
v 0.0381126870863085 -0.0219979800401901 0.0231999580949304
v 0.0379370842743391 -0.0219018601031131 0.0233999820604788
v 0.0335535853901041 -0.0281529417190484 0.0234000062748767
v 0.0323256211297055 -0.0298588563979792 0.0231999934852043
v 0.0337066054822688 -0.0282820602764892 0.0232000102490183
v 0.0302283320529345 -0.0317038585108572 0.0233999522581429
v 0.0321781554478392 -0.0297230881975773 0.0233999299063909
v 0.0265265355186236 -0.034853170395427 0.0234000062748767
v 0.0201648730809694 -0.0391135500744778 0.0232000810295661
v 0.0248378029353717 -0.0360827880991243 0.0233999597087269
v 0.00901165445468248 -0.0430673197457339 0.0232000102490183
v 0.00691966414004979 -0.0432552569097365 0.0233999354943289
v -0.00418204347745106 -0.0438062273265135 0.0231999860346203
v -0.00695056403979589 -0.0434529319822547 0.0232000027984343
v -0.00829331478974677 -0.0430133067634969 0.0233999522581429
v -0.0117256739957894 -0.0424087256958218 0.0232000102490183
v -0.00969422200366214 -0.0429243319329743 0.0231999525069924
v -0.0176400601867126 -0.0403148071440783 0.0231999972104963
v -0.020162481443537 -0.0391145447269543 0.0231998612373386
v -0.0248409265926723 -0.03608162580859 0.0233999597087269
v -0.0249527915220122 -0.0362464289206102 0.0232000046610803
v -0.0225037976321809 -0.037583569674608 0.0233999522581429
v -0.0265265019909961 -0.0348543364112515 0.0234000044122308
v -0.0272012194185127 -0.0345910403523133 0.0231999767213904
v -0.0281601002533785 -0.0335552830239956 0.0233999541207889
v -0.0312230874492849 -0.0307254315356767 0.0233999727472488
v -0.0327924188375808 -0.0293366861995396 0.0232000083863723
v -0.0313604054358776 -0.030870293169394 0.0231999003529045
v -0.0326431761914542 -0.0292039317588887 0.0234000044122308
v -0.0341540428478767 -0.0277484254975382 0.0231999674081604
v -0.0339999386957544 -0.0276210596891245 0.0233999392196209
v -0.0354327008811397 -0.0260868790245832 0.0232000083863723
v -0.0352713733879252 -0.0259687556610918 0.0234000044122308
v -0.0366373671656791 -0.0243758513848882 0.0231999264299485
v -0.0364735586280254 -0.0242610211779109 0.0233999559834349
v -0.0381088463103074 -0.0220042534288436 0.0231999189793645
v -0.0379377846292258 -0.0219007630051568 0.0233999503954969
v -0.0394279312118189 -0.0195422706199453 0.0231999767213904
v -0.039250547710297 -0.0194507681800394 0.0233999690219568
v -0.0403089962857736 -0.0176396960100688 0.0232000083863723
v -0.0411069240192659 -0.0157056743631861 0.0231999916225583
v -0.0404053733138287 -0.0169219816050907 0.0233999727472488
v -0.0422220007576842 -0.0116722831337124 0.023399888928179
v -0.0425899813712768 -0.0110496018124029 0.0232000065237263
v -0.0420198291635228 -0.0130687146748016 0.0231999450564084
v -0.0413971056357612 -0.0143259013884338 0.0233999485328509
v -0.0430721794360762 -0.00901388160640723 0.0231999022155505
v -0.0435576706589599 -0.00626105514905442 0.0232000586778142
v -0.0428777191962526 -0.00896812759248664 0.0233999448075589
v -0.0439553120470635 -0.00209592229219596 0.0232000214248943
v -0.0438008316404543 -0.00418218211300236 0.0232000065237263
v -0.0433604909560123 -0.00623057249654205 0.0233999969616468
v -0.0440000230010552 0 0.0232000065237263
v -0.0438125290571793 -5.57804564374642e-07 0.023397694731196
v -0.0436682224228872 -0.0034658742378957 0.0234000025495848
v -0.0297194776615823 -0.032174861848753 0.0234000044122308
v -0.02934060243168 -0.0327959086989985 0.0231999674081604
v -0.020073419026227 -0.0389354961053076 0.023399900104055
v -0.0226054366351163 -0.0377552757493213 0.0231999972104963
v -0.0175638183616508 -0.0401304648850939 0.0233999913737088
v -0.0149843358766954 -0.0411632047283704 0.0233999727472488
v -0.0157039309650184 -0.0411017821439767 0.0232000083863723
v -0.0110032271964781 -0.0424010553233529 0.0233999261810989
v -0.0130053974625503 -0.0418247976368728 0.0234000044122308
v -0.0137321646692014 -0.0418077730607763 0.0232000065237263
v -0.00554887777420135 -0.0434527196407148 0.0233999783351868
v -0.00278189505893989 -0.0437170364291608 0.0233999783351868
v -0.00209381710467299 -0.0439501464618168 0.0232000102490183
v 1.25633481514912e-06 -0.0440054968232263 0.0231999413311164
v -2.27801670993987e-06 -0.0438054152132555 0.0233999522581429
v 0.00208426545611154 -0.0437503889520912 0.0234000062748767
v 0.0027925363553969 -0.0439167604112748 0.0231999618202224
v 0.00487670518674847 -0.0437289648082988 0.0232000102490183
v 0.00416260397272961 -0.0436070621379256 0.0233999615713728
v 0.0110550795351391 -0.0425942749488226 0.0232000046610803
v 0.00964877809847922 -0.0427295327844706 0.0233999578460809
v 0.00695304135894307 -0.0434527606189067 0.0231999618202224
v 0.0116723557547458 -0.0422159642810435 0.0234000062748767
v 0.0136686456474739 -0.0416180291310392 0.023399916867869
v 0.0130647916547654 -0.0420158528687513 0.0232000102490183
v 0.0175595361385535 -0.0401316383514988 0.0233999578460809
v 0.0156325115303867 -0.0409149588417363 0.0234000062748767
v 0.0150547168861959 -0.0413503856584676 0.0231999133914265
v 0.0200708802397627 -0.0389369564190559 0.0234000230386907
v 0.017646219956953 -0.040312557068813 0.0231998668252766
v 0.0225010371908455 -0.0375844786454106 0.023399913142577
v 0.0220008590044464 -0.0381049165839191 0.0232000102490183
v 0.0237949391187706 -0.0370178061305489 0.0231999580949304
v 0.026090998598152 -0.0354370500256036 0.0232000176996023
v 0.0282867843940981 -0.0337101656882818 0.0231999580949304
v 0.0281572820700178 -0.0335564751168514 0.023399916867869
v 0.0303678218847344 -0.0318480942958252 0.0231999916225583
v 0.0348588643596465 -0.0265286947139634 0.0233999652966648
v 0.0364714985415767 -0.024264187674559 0.0233999820604788
v 0.0350206724155227 -0.0266464958398547 0.0231999506443464
v 0.0433375357070125 -0.00763930028917403 0.0231998929023206
v 0.0366407162031427 -0.0243709656668246 0.0231999525069924
v 0.0411095093718796 -0.015700969321696 0.0231999301552405
v 0.040309271957378 -0.0176405416509384 0.0232000102490183
v 0.0392491693522753 -0.0194524222088768 0.0233999392196209
v 0.0394291009534914 -0.0195408438338086 0.0231999953478503
v 0.0418290644133142 -0.0130085456505516 0.0233999503954969
v 0.0431394023293255 -0.00760776803615505 0.0233999205931609
v 0.0436463214315094 -0.00557001661569185 0.0232000102490183
v 0.0438673988823203 -0.00348306528789685 0.0231999301552405
v 0.0435357622169982 -0.00485275669611502 0.023399909417285
v -0.0251319594383784 0.0275623565665581 0.0270000129714608
v -0.00750000362430436 -0.0433561079653348 0.0270000166967528
v -0.00251171663040424 -0.0439285099764845 0.0270000166967528
v -0.0361878361859949 0.0090407167341777 0.0270000129714608
v -0.0371205077293419 0.00365538882945646 0.0270000129714608
v -0.0372562722691912 -0.00180658692060072 0.0270000129714608
v -0.0344782624569251 0.0142320799553943 0.0270000129714608
v -0.0351427278809936 -0.0125014330749965 0.0270000148341068
v -0.0365922985836602 -0.00723179126267007 0.0270000148341068
v -0.0300278573292566 -0.0221276462152865 0.0270000148341068
v -0.0329391729886845 -0.0175018807627162 0.0270000148341068
v -0.0320282049962419 0.0191179749702547 0.0270000129714608
v -0.0288901419916542 0.0235937416139574 0.0270000129714608
v -0.0264713453183748 -0.026278690490367 0.0270000148341068
v -0.0208351965266302 0.0309384678422286 0.0270000129714608
v -0.0223467486367717 -0.0298651744901148 0.0270000148341068
v -0.0160904374554816 0.0336510006297338 0.0270000129714608
v -0.017742380918075 -0.0328101057798527 0.0270000148341068
v -0.00750000269298137 -0.0365381824711898 0.0270000148341068
v -0.0127573442414018 -0.0350505735217624 0.0270000148341068
v 0.0109999638407293 0.042602831940353 0.0270000129714608
v -0.0109999750166052 0.042602831940353 0.0270000129714608
v -0.00554421976227857 0.0436493516319841 0.0270000129714608
v 0.00554421044904869 0.043649347906694 0.0270000129714608
v -3.72529195064356e-09 0.0440000020202192 0.0270000129714608
v -0.0110000476597982 0.0356411549489626 0.0270000129714608
v 0.0288897322095396 0.023594289231613 0.0270000148341068
v 0.026471863133956 -0.0262783030601889 0.0270000166967528
v 0.0300282298584516 -0.0221271283999522 0.0270000166967528
v 0.0223473614472975 -0.0298646995156176 0.0270000166967528
v 0.0351434282358803 -0.0124995909190053 0.0270000166967528
v 0.0372562685438992 -0.00180658319531055 0.0270000166967528
v 0.0344779718841529 0.01423278869185 0.0270000148341068
v 0.0361874040521286 0.00904255423355617 0.0270000148341068
v 0.0365926487611036 -0.00722973769646149 0.0270000166967528
v 0.0371202916624088 0.0036574414643425 0.0270000166967528
v 0.0329395231661279 -0.0175011003144247 0.0270000166967528
v 0.0320278883464261 0.0191185728793277 0.0270000148341068
v 0.0208336393545949 0.0309395928798612 0.0270000148341068
v 0.0251313876060639 0.0275629246733096 0.0270000148341068
v 0.0160887312717682 0.0336518499958935 0.0270000148341068
v 0.0127591100297864 -0.0350499327718525 0.0270000166967528
v 0.0177440032827195 -0.0328091856331797 0.0270000166967528
v 0.00750000269298137 -0.0365381824711898 0.0270000166967528
v 0.00251235179268182 -0.0439284391959712 0.0270000166967528
v 0.00749999989901241 -0.0433561042400446 0.0270000166967528
v 0.0110000374152454 0.0356411512236725 0.0270000148341068
v -0.00750000362430436 -0.0404999615163207 0.0353000100947886
v -0.00750000548695034 -0.0367423954279639 0.0353000100947886
v -0.00750000362430436 -0.0433561079653348 0.0272000127226113
v -0.00750000362430436 -0.0433561079653348 0.0270000166967528
v -0.00750000362430436 -0.0404999615163207 0.0272000127226113
v -0.00750000362430436 -0.0362318667613189 0.0273000125981865
v -0.00750000362430436 -0.0362318667613189 0.0285000111050892
v -0.00750000548695034 -0.0367423954279639 0.0295722097449298
v -0.00750000269298137 -0.0365381824711898 0.0270000148341068
v 0.0322652155207258 0.0268879579730815 0.0460000247210277
v 0.030582206848556 0.0287876194060417 0.0460000247210277
v 0.0206808986593265 0.0365555833015939 0.0460000247210277
v 0.0184142727116471 0.0381247835564186 0.0459741115899344
v 0.0184839151820184 0.0377139660065786 0.0460000247210277
v 0.0287859343999188 0.0305837494371232 0.0460000247210277
v 0.022821175742562 0.0352587427367016 0.0460000247210277
v 0.0183091915389493 0.0384992795270593 0.0459492378153068
v 0.0248939356344839 0.0338270503927902 0.0460000247210277
v 0.027267695390726 0.0327200506151795 0.0459418095830757
v 0.0268862031432284 0.0322664034042057 0.0460000247210277
v 0.0240920423277102 0.0363547603588785 0.0452318955894136
v 0.0202438269185713 0.0386502171090509 0.0451906417058991
v 0.0338262655850154 0.0248955703423931 0.0460000247210277
v 0.0352582566349669 0.0228223774425343 0.0460000247210277
v 0.0135976667286153 0.0397379906640721 0.0460000247210277
v 0.00488258043781613 0.0429136962295267 0.0456404073839152
v 0.00460552628449333 0.0417461716624543 0.0460000247210277
v 0.0140919133189061 0.0400749953143988 0.045949621520382
v 0.0118377447475096 0.0402970971145897 0.0460000247210277
v 0.00643601553969715 0.0415034243041175 0.0460000247210277
v -0.000923699177683898 0.0419892058681346 0.0460000247210277
v 0.000922272390866802 0.0419892058681346 0.0460000247210277
v 0.00276641111577779 0.0419081733562635 0.0460000247210277
v -0.0139414478456966 0.0399823249960232 0.0459785707644483
v -0.0100566267865276 0.0407778607127421 0.0460000247210277
v -0.00643694313739286 0.0415032119625775 0.0460000247210277
v -0.00460737589194682 0.0417458922656913 0.0460000247210277
v -0.0118380381142507 0.0402969555535631 0.0460000247210277
v -0.00814761303361918 0.041970381976884 0.0458639770574962
v -0.00276826258587726 0.0419080317952369 0.0460000247210277
v -0.00483703920938101 0.0422991611865058 0.0459444992438936
v -0.0158608383993336 0.040395403796999 0.0454425384997839
v -0.0198752297691608 0.0369971009677602 0.0460000247210277
v -0.0184839263578942 0.0377139660065786 0.0460000247210277
v -0.0212036726040523 0.0362547102406677 0.0460000247210277
v -0.0259645361123035 0.0336563203441026 0.0459630400221355
v -0.0183738328048769 0.0382962810148821 0.0459469877389439
v -0.0296985061305461 0.0296984882439114 0.0460000247210277
v -0.0274440022828741 0.0317983802984494 0.0460000098198597
v -0.0288278141320279 0.0305465486894427 0.0460000247210277
v -0.0302664548281114 0.0302663416757583 0.0458969980457093
v -0.0254187324127389 0.0334407079993953 0.0460000880509915
v -0.0231366595419861 0.0350590485569089 0.0460000656992396
v -0.0295800418465157 0.0324766997598344 0.0446049177713594
v 0.0382980315367289 0.0183736266031756 0.0459485970650843
v 0.0377139765394151 0.0184839138187853 0.0460000247210277
v 0.0328947190798375 0.0270874453992694 0.0459298551210748
v 0.040311607715431 0.016253137419264 0.0453603175802384
v 0.0403892465249744 0.0158546114643541 0.04543632098745
v -0.0135976751105222 0.0397379906640721 0.0460000247210277
v 0.0100551301504865 0.0407783561763353 0.0460000247210277
v 0.00925390553361789 0.0414348826902008 0.0459574744359002
v 0.00825342156957032 0.0411806986910288 0.0460000247210277
v 0.0415044238462754 0.00643672772648072 0.0460000247210277
v 0.0417471750456552 0.00460694714925489 0.0460000247210277
v 0.041909385433062 0.00276790363801069 0.0460000247210277
v 0.0419905595446666 0.000923203273636837 0.0460000247210277
v 0.0397380021620387 0.013597667695326 0.0460000247210277
v 0.0402970380986121 0.0118378182652519 0.0460000247210277
v 0.0419905632699585 -0.000922910838358156 0.0460000247210277
v 0.0419095269941562 -0.00276704309598043 0.0460000247210277
v 0.0365555932820705 0.0206808962484906 0.0460000247210277
v 0.0417473873872964 -0.00460615738773794 0.0460000247210277
v 0.0416544450784198 -0.00890521396070074 0.0459379725323244
v 0.0402975335624415 -0.0118380212935664 0.0460000247210277
v 0.0415045654073695 -0.00643671655061019 0.0460000247210277
v 0.0411813479018558 0.00825462462805058 0.0460000247210277
v 0.037576006626731 0.022660694261035 0.0447679514500777
v 0.0401797994356334 0.0166427524800771 0.0453331229487
v 0.0411816272987521 -0.00825404907071865 0.0460000247210277
v 0.0407790051953105 -0.0100556170941321 0.0460000247210277
v 0.0400689943518534 -0.0140840806960277 0.0459417611542798
v 0.0397380021620387 -0.0135976565194555 0.0460000247210277
v 0.0397769761664264 -0.0173485478191425 0.0454410744600312
v 0.0399972973829713 -0.0170119212857685 0.0453604218884141
v 0.0342549051274404 -0.0243143058659188 0.0460000843256995
v 0.0403109706905075 -0.0162533367222883 0.0453611222433085
v 0.0419527254796158 -0.0121760205963696 0.0451181773260795
v 0.0401796578745392 -0.0166431659872864 0.0453331229487
v 0.0366222871838629 -0.0205730006691728 0.0459999017863919
v 0.0377139765394151 -0.0184839026429148 0.0460000247210277
v 0.0328355167401578 -0.0278548179222708 0.0457221104878739
v 0.0338319503805321 -0.0257226927944998 0.045966370433176
v 0.0326089333078438 -0.0264796810711403 0.0460001029521595
v 0.0296994262776579 -0.0296994344676157 0.0460172541964886
v 0.0309281113820491 -0.0284238224687815 0.0460001141280355
v 0.0311249446328452 -0.0311245125588226 0.0440002209247067
v 0.038562042977271 -0.0182810363785388 0.0459179677143297
v 0.0354867809443872 -0.0224693912973599 0.0460000247210277
v 0.0424796009707793 -0.00287722274383641 0.0459449239271806
v 0.0427529442676577 0.00050778132334908 0.0458641335197598
v 0.0407782973898398 0.0100564767048398 0.0460000247210277
v 0.0418631545599546 0.00745741439339829 0.0459566287946181
v 0.0400748691372596 0.0140921897214146 0.0459473341910991
v -0.00825470307000134 0.041180274007949 0.0460000247210277
v 0.0381230322220555 -0.0184144874484523 0.0459726959789776
v 0.0403541915277188 -0.0148604097479306 0.0457320160392794
v 0.0404034063596788 -0.0158636601941874 0.0454394912109348
v 0.0433281554218807 -0.000627155511224128 0.0455332940632821
v 0.0428939093150701 0.00505218591464402 0.0456405340438429
v 0.0390421995820814 0.0180269212972351 0.0457319340828556
v 0.0364725527991987 0.0217303738205202 0.0459612891348995
v 0.0346277435217366 0.0255743759541459 0.045722967305032
v 0.0375514495021924 0.0213564310554704 0.0456357842965537
v 0.0258298630829958 0.0345670420330105 0.045666059744569
v 0.0158548201901873 0.0403963760977345 0.0454331172363373
v 0.0122450989030515 0.0419314154416609 0.0451329816364539
v 0.0118586063824332 0.0413968139499097 0.0457126892244273
v 0.00246487900037029 0.0424487539387445 0.0459553025906691
v -0.0176496826158211 0.0395078943911671 0.0455449206995877
v 0.0378602687543168 -0.0210299373113704 0.0455412252099321
v 0.0404165417390967 -0.0154560734022511 0.0455448238419959
v 0.0428838547520953 -0.00605079744331131 0.0455322286297725
v 0.0413447652838547 0.0119410143910149 0.0457287713099548
v 0.0403535284257516 0.0148590919265314 0.0457310809909896
v 0.0395079095047072 0.0176496723371556 0.0455448238419959
v 0.0328611579246541 0.0290784509473032 0.0447692404011068
v 0.0310792110862132 0.0309669104327093 0.0447800139455463
v 0.0313287218278374 0.0297825903948861 0.0456138646784754
v 0.0286885329165773 0.032428341768082 0.0455312935814826
v 0.0211350322372157 0.0374901356717467 0.0457290469815622
v 0.0180273154608579 0.0390409329931104 0.04573089472639
v 0.0148607586294626 0.0403544665832738 0.0457323624914347
v 0.000885643457762099 0.0431325085984938 0.0456713012304011
v -0.0143586842694606 0.0402025306235155 0.0459150135577804
v -0.0180262854176335 0.0390440138080846 0.045732191128003
v -0.0210546534754426 0.0379767181731514 0.0454454516781213
v -0.0228595741893432 0.0361193816245064 0.0458810686971534
v 0.0395085465296308 -0.017651005991038 0.0455431176582638
v 0.0390419425369368 -0.0180269920777484 0.0457311368703694
v 0.040417882844199 0.0154555891145284 0.0455431176582638
v -0.0154555992782966 0.0404178710220401 0.0455431176582638
v -0.0198945938367203 0.0381472843090713 0.0457311405956614
v -0.0173525998959872 0.0397835025341313 0.0454378111042466
v 0.0310405947098528 -0.0310405892217763 0.0447199957662704
v 0.0304699004721199 -0.03046986172856 0.0457142389458958
v 0.0393620345225039 -0.0190447208642676 0.0450370032135836
v 0.0357850911479189 -0.0241286057386659 0.0456610753038843
v 0.0418081245472597 -0.0108786119247257 0.0456390439270463
v 0.0421245173179198 0.00964485169835451 0.0456249436968583
v 0.0415605565453877 0.013303362320977 0.0451781209995155
v 0.0410093064689912 0.0156055171428828 0.0447763706099786
v 0.039996943480236 0.0170112954370193 0.0453611222433085
v 0.0397816998366198 0.0173529045460014 0.0454368723306647
v 0.0392690065319125 0.019280256060827 0.0450198147163345
v 0.0291958450370619 0.0327567708004274 0.0447692664781507
v 0.0173485691300966 0.0397753627751005 0.0454399866747697
v 0.0176510162703395 0.0395085351410771 0.0455431176582638
v 0.0154560835662502 0.0404165299175774 0.0455448238419959
v 0.0162533444724832 0.0403108173583016 0.0453611222433085
v 0.00736480858846206 0.0431124739879365 0.0450325477643617
v 0.00939360118779806 0.0421954938115358 0.0456131941259169
v -0.00186115294815719 0.0436948374250122 0.0450326781495814
v -0.0122061742587823 0.0422381483840313 0.0444469728415016
v -0.00618211314452461 0.0432942085437989 0.0450324918849818
v -0.0102430534342597 0.0425158017113013 0.0450322385651264
v -0.00614722252577637 0.0428704344347327 0.0455319715846251
v -0.00186908793642743 0.0432695061446532 0.0455321615745167
v -0.015802310337497 0.0410230630373039 0.0444592290521538
v -0.0140445760340892 0.0414112121964333 0.0450387988043235
v -0.0112227512005456 0.0418330268028678 0.0455464890475162
v -0.0148582999367752 0.0403531850834538 0.0457310996174495
v -0.0166463981635497 0.040187130273935 0.0453396310338093
v -0.0176678005732231 0.0400249944696795 0.0449932943626467
v -0.0170112364933819 0.0399968610782833 0.0453611222433085
v -0.022118105118009 0.0377225826027517 0.0450318958382631
v -0.0246135086949613 0.0356283213243122 0.0455315282748781
v -0.0279511672543266 0.0327531684448289 0.0457222036201737
v 0.040917314109562 -0.0158759219867961 0.0447663756515653
v 0.0170119331229767 0.0399972857613631 0.0453603175802384
v 0.0166431757860124 0.0401796461659748 0.0453331229487
v -0.0162531470320099 0.0403115959439481 0.0453604218884141
v -0.0192755806997416 0.0394885638604527 0.0445639991641242
v -0.0282509899263903 0.0331547510003268 0.0452989806475975
v -0.0268698323477513 0.0347801398068503 0.0445649416629981
v 0.0324967796683778 -0.0295584527236149 0.0446041056577052
v 0.033196590662474 -0.0282022105442485 0.045298753404786
v 0.0378261115524214 -0.0222523279521297 0.0447708720789991
v 0.0435497916664843 -0.00400578729494352 0.0450330320523206
v 0.0429564681427972 -0.00820223121571686 0.0450328606888889
v 0.0431632553736855 -0.00836429996474921 0.044451204773204
v 0.0437706716768218 -0.00414882772742688 0.0444530525180318
v 0.0434428161828296 0.00505568303079513 0.0450332518445481
v 0.0426266345187792 0.00979409799860696 0.0450329985246926
v 0.0409954930864382 0.0160463540122697 0.0439999527036833
v 0.042254623139296 0.012149010379961 0.0444676333108867
v 0.0359621878019605 0.0254308796392774 0.0440010032360249
v 0.0354143761700345 0.0254541869172529 0.0452320967551811
v 0.0255684965997387 0.0358637484874566 0.0440010814671568
v 0.0160538886161538 0.0409929850444367 0.0439999489783913
v 0.0193811219459953 0.039471684570673 0.0444510445856484
v 0.0146762831033897 0.0414442406191186 0.0444705353133482
v 0.0168230198428676 0.0403569811541414 0.0450595151530885
v 0.00990362997743769 0.0428428225839609 0.0444466077628864
v 0.00267304598626478 0.0436539709918003 0.0450327303036692
v 0.00512533955344131 0.0436658099639741 0.0444654428391957
v -0.00319065108840903 0.0439090565111944 0.0439997589884998
v -0.00824767251276749 0.0431857802479861 0.0444514469171834
v -0.0228577264445357 0.0375639522965502 0.0444595531525571
v -0.0248360334216951 0.0359903003199673 0.0450317654530434
v -0.0310166597090699 0.0310166076662793 0.0448046381256105
v 0.0412117760865087 -0.0154910520143425 0.0439999750554353
v 0.0422056131983933 -0.0123185129455361 0.0444459483862039
v 0.043054454496975 -0.00930269683436188 0.0440003252328825
v 0.0439086155124622 -0.0031944316678382 0.0439997627137917
v 0.0438875936899847 0.00263312054402927 0.0444603168374153
v 0.0439548352096939 0.00258211550077739 0.0440002358258747
v 0.0395274635621562 0.0192676720306183 0.0444499642509708
v 0.027154705423217 0.0344677295222542 0.0447692441263988
v 0.0339395181856069 -0.0280192187029522 0.0439997999667117
v 0.0368063799361878 -0.0241651359341149 0.0440001352429909
v 0.0343503918107192 -0.0273819146863861 0.0446066537574275
v 0.0361145708692016 -0.0249349075439885 0.0447684282874526
v 0.0392693343576041 -0.0198727057210496 0.0439999527036833
v 0.0395294863956854 -0.0192440294765272 0.0444447488421826
v 0.0438747824109665 -4.8543492285607e-05 0.0448094810051995
v 0.0433543069713743 0.00735120031693284 0.0444432214724661
v 0.0434131926612381 0.0072449531785171 0.0439997738896677
v 0.042551245785574 0.0112539302531723 0.044000109165947
v 0.0386400841183451 0.0211027071296349 0.0439999638795593
v 0.0345663842380176 0.0270295189997044 0.0447687523878559
v 0.0301649145454127 0.0320798445975676 0.0440003326834665
v 0.033038008709427 0.0290735186631124 0.0439999899566032
v 0.0210953951308609 0.0386443460517362 0.0439999638795593
v 0.0228003904761234 0.0374913016875713 0.0447680222306255
v 0.0112461721110393 0.0425536655606327 0.044000105440655
v 0.00724161551196175 0.0434147328568076 0.0439997738896677
v 0.00258788814058054 0.0439552277576145 0.0440002470017506
v 0.000455781553915845 0.0439700022584457 0.0444399134131776
v -0.00930439720939393 0.0430541955484499 0.0440003215075905
v -0.00402894422283247 0.0437819794127691 0.0444532648596753
v -0.015492400506154 0.0412118793697876 0.0439999750554353
v -0.0211714506913252 0.0386215435505794 0.0439999191760554
v -0.0263895434950766 0.0352381083544262 0.0439998111425876
v -0.0311472479557537 0.0311484885263843 0.0440003624858024
v -0.0397380096126226 0.0135976639700359 0.0460000247210277
v -0.0397769836170103 0.0173485552697229 0.0454410744600312
v -0.0399973048335552 0.0170119287363489 0.0453604218884141
v -0.041181634749336 0.008254056521299 0.0460000247210277
v -0.0419905669952505 -0.000923199548346663 0.0460000247210277
v -0.041909392883646 -0.00276789805007543 0.0460000247210277
v -0.0410093139195751 -0.0156055022417221 0.0447763706099786
v -0.037713980264707 -0.0184839100934952 0.0460000247210277
v -0.0382980464378967 -0.0183736191525952 0.0459485970650843
v -0.0365555970073625 -0.0206808906605554 0.0460000247210277
v -0.0184839207699563 -0.0377139585559982 0.0460000247210277
v -0.0184142727116471 -0.0381247835564186 0.0459741115899344
v -0.0183091952642413 -0.0384992758017691 0.0459492378153068
v -0.0228211813304999 -0.0352587352861212 0.0460000247210277
v -0.0287859418505027 -0.0305837419865428 0.0460000247210277
v -0.0268862087311663 -0.0322663996789155 0.0460000247210277
v -0.0193811033195355 -0.0394716882959632 0.0444510483109403
v -0.0202438343691552 -0.0386502059331803 0.0451906454311911
v -0.0135976713852303 -0.0397379832134917 0.0460000247210277
v -0.00460553000978528 -0.0417461679371642 0.0460000247210277
v -0.00276641670371571 -0.0419081659056832 0.0460000247210277
v -0.00246492929181162 -0.0424487539387445 0.0459553025906691
v -0.000922277978804728 -0.0419891984175543 0.0460000247210277
v 0.00276825327264738 -0.0419080206193664 0.0460000247210277
v 0.0100566174732978 -0.0407778532621618 0.0460000247210277
v 0.00643693568680896 -0.0415032045119972 0.0460000247210277
v 0.00460736844136292 -0.0417458848151109 0.0460000247210277
v 0.0158608290861037 -0.0403953963464187 0.0454425384997839
v 0.016253139581426 -0.0403115884933677 0.0453604218884141
v 0.0140444717259146 -0.0414112308228842 0.0450388099801995
v 0.0184839189073103 -0.0377139585559982 0.0460000247210277
v 0.0231366502287562 -0.0350590448316188 0.0460000656992396
v 0.0212036651534684 -0.0362547027900873 0.0460000247210277
v 0.0259644113150232 -0.0336563799487454 0.0459630400221355
v 0.0198752223185769 -0.0369970935171799 0.0460000247210277
v 0.0288278029561521 -0.0305465375135722 0.0460000247210277
v 0.0302664548281114 -0.0302663416757583 0.0458969980457093
v 0.0296984968173163 -0.029698478930686 0.0460000247210277
v 0.0274438867988236 -0.0317984659801234 0.0460000098198597
v 0.0254186858465895 -0.0334407303511363 0.0460000880509915
v 0.0228595071340881 -0.0361194077015376 0.0458810686971534
v 0.00814759254451345 -0.0419703857021741 0.0458639770574962
v 0.0139414403951127 -0.0399823175454429 0.0459785707644483
v 0.00483708670685338 -0.0422991388347648 0.0459444992438936
v 0.000923693589745972 -0.0419891984175543 0.0460000247210277
v -0.00643602112763508 -0.0415034205788273 0.0460000247210277
v -0.00925385337953059 -0.0414348826902008 0.0459574744359002
v -0.00825342715750824 -0.0411806912404485 0.0460000247210277
v -0.0118377503354475 -0.0402970896640094 0.0460000247210277
v -0.0140919235634589 -0.0400749915891086 0.045949621520382
v -0.00267306926933947 -0.0436539635412199 0.0450327340289612
v -0.00488253107769779 -0.042913703680107 0.0456403999333312
v -0.0228004035146452 -0.0374912942369909 0.0447680147800415
v 0.0210545864201875 -0.0379767367996023 0.0454454554034133
v 0.0135976676599383 -0.0397379832134917 0.0460000247210277
v 0.0118380306636668 -0.0402969481029828 0.0460000247210277
v -0.0100551348071014 -0.0407783524510452 0.0460000247210277
v -0.0248939412224219 -0.0338270466675 0.0460000247210277
v -0.0305822124364939 -0.0287876138181064 0.0460000247210277
v -0.0322652192460177 -0.0268879523851462 0.0460000247210277
v -0.0338262730355993 -0.0248955647544579 0.0460000247210277
v -0.0352582640855508 -0.022822371854599 0.0460000247210277
v -0.0364725527991987 -0.0217303719578751 0.0459612891348995
v -0.0272677214677696 -0.0327200282634384 0.0459418095830757
v -0.0328947079039616 -0.0270874603004301 0.0459298551210748
v -0.040311611440723 -0.0162531318313288 0.0453603175802384
v -0.0417471787709471 -0.00460694156131962 0.0460000247210277
v -0.0407783011151318 -0.0100564720482271 0.0460000247210277
v -0.040297041823904 -0.0118378126773166 0.0460000247210277
v -0.0400748765878435 -0.0140921915840597 0.0459473341910991
v -0.0397380058873307 -0.0135976621073908 0.0460000247210277
v -0.0411813516271478 -0.0082546209027604 0.0460000247210277
v -0.0415044312968593 -0.00643672213854546 0.0460000247210277
v -0.03596222505488 -0.0254308312105052 0.0440010032360249
v -0.039996947205528 -0.0170112917117291 0.0453611222433085
v -0.0419905669952505 0.00092291456364833 0.0460000247210277
v -0.0419095344447401 0.00276705054656078 0.0460000247210277
v -0.0417473948378803 0.00460616483831828 0.0460000247210277
v -0.0415045728579534 0.00643672586383563 0.0460000247210277
v -0.0424796009707793 0.00287725720277052 0.0459449239271806
v -0.0407790126458944 0.0100556245447124 0.0460000247210277
v -0.0402975447383173 0.0118380306067918 0.0460000247210277
v -0.0304699097853498 0.0304698710417854 0.0457142314953118
v -0.0342549125780243 0.0243143170417893 0.0460000843256995
v -0.0354867883949711 0.0224694006105854 0.0460000247210277
v -0.040917314109562 0.0158759499264724 0.0447663831021492
v -0.0419527180290319 0.0121761221105269 0.0451181624249115
v -0.0403109781410914 0.0162533441728687 0.0453611222433085
v -0.0401796653251231 0.0166431734378668 0.0453331229487
v -0.037713983989999 0.0184839100934952 0.0460000247210277
v -0.0366223020850307 0.0205729913559473 0.0459999017863919
v -0.0381230620243911 0.0184144911737424 0.0459726922536856
v -0.0326089333078438 0.0264797015602363 0.0460001029521595
v -0.0309281113820491 0.0284238466831677 0.0460001141280355
v -0.0296994355908878 0.0296994437808411 0.0460172579217806
v -0.0310406096110206 0.031040604122937 0.0447199734145185
v -0.0338319168529045 0.0257227803388189 0.045966366707884
v -0.0206809023846185 -0.0365555795763038 0.0460000247210277
v 0.00825469561941744 -0.0411802665573686 0.0460000247210277
v -0.038562046702563 0.0182810456917642 0.0459179714396217
v -0.0400690018024373 0.0140840844213179 0.0459417611542798
v -0.0418081357231355 0.010878607268113 0.0456390439270463
v -0.0404034138102627 0.0158636695074129 0.0454394912109348
v -0.0427529442676577 -0.000507766538603701 0.0458641372450518
v -0.0421245433949634 -0.00964476881064813 0.0456249399715663
v -0.0211350937045329 -0.037490098418845 0.0457290469815622
v -0.0158548276407712 -0.0403963686471541 0.0454331172363373
v -0.00939353133857399 -0.0421955012621161 0.0456131978512089
v -0.000885631583394007 -0.0431324974226232 0.0456713049556931
v 0.0143586777501997 -0.0402025231729351 0.0459150135577804
v 0.0180262779670496 -0.0390440063575042 0.045732191128003
v 0.0183738141784171 -0.0382963070919133 0.0459469840136519
v 0.0173525905827573 -0.039783495083551 0.0454378073789546
v 0.0198946012873042 -0.0381472694079106 0.0457311405956614
v 0.0176496751652372 -0.0395078869405867 0.0455449206995877
v -0.0390419499875207 0.0180269995283287 0.0457311368703694
v -0.0403542064288866 0.0148604404815745 0.0457320123139874
v -0.0404165491896807 0.0154560808528314 0.0455448238419959
v -0.0416544488037117 0.00890522420524872 0.0459379725323244
v -0.0433281554218807 0.0006271764077737 0.0455332940632821
v -0.0418631657358304 -0.00745735665140059 0.0459566287946181
v -0.0413447876356064 -0.011940952923727 0.0457287713099548
v -0.0390421958567895 -0.01802691943459 0.0457319378081476
v -0.0328611504740702 -0.0290784621231737 0.0447692366758148
v -0.0286885049768877 -0.032428364119823 0.0455312935814826
v -0.0148607595607856 -0.0403544554074032 0.0457323624914347
v -0.0118586631931354 -0.0413967804222982 0.0457126966750113
v 0.00186909853022642 -0.043269502419363 0.0455321578492247
v -0.0357851060490867 0.0241286001507306 0.0456610753038843
v -0.0328355241907417 0.027854821647561 0.0457221030372899
v -0.0395085539802147 0.0176510134416183 0.0455431176582638
v -0.0404178865694909 -0.0154555844579157 0.0455431176582638
v -0.0403535321510436 -0.0148590686434679 0.0457310847162816
v -0.0395079132299992 -0.0176496686118654 0.0455448238419959
v -0.0397816923860359 -0.0173529157218719 0.0454368797812487
v -0.0375514569527763 -0.0213564087037293 0.0456357880218457
v -0.0354143575435747 -0.025454211131639 0.0452320967551811
v -0.0346277584229044 -0.0255743405638892 0.0457229747556159
v -0.0180273303620257 -0.0390409143666595 0.045730902176974
v -0.0162533519230671 -0.0403108099077213 0.0453611222433085
v 0.0112227716896514 -0.0418330119017071 0.0455464890475162
v 0.0279511616663887 -0.0327531572689584 0.0457222110707577
v 0.0246135850634463 -0.0356282617196694 0.0455315245495861
v -0.0361145522427419 0.0249349578354058 0.0447684096609927
v -0.037826141354757 0.0222523037377435 0.0447708683537071
v -0.0378603060072363 0.0210299037837589 0.0455412177593481
v -0.0428838584773872 0.00605085891059919 0.0455322249044805
v -0.042893916765654 -0.00505222270188449 0.0456405265932589
v -0.0426266456946551 -0.00979403280602891 0.0450330134258606
v -0.0403892502502663 -0.0158546058764188 0.04543632098745
v -0.0392690139824964 -0.0192802467476016 0.0450198147163345
v -0.0313287665313408 -0.029782545691404 0.0456138646784754
v -0.0291958618008757 -0.0327567484486864 0.0447692776540267
v -0.0271546979726331 -0.0344677332475444 0.0447692404011068
v -0.0240920665421079 -0.0363547342818473 0.0452319030399976
v -0.0258298891600395 -0.0345670196812695 0.045666056019277
v -0.0173485505036368 -0.0397753776762612 0.0454399792241857
v -0.0176510218582774 -0.0395085276904967 0.0455431176582638
v -0.0166431813739503 -0.0401796424406847 0.0453331229487
v -0.0168230719969549 -0.0403569550771102 0.0450595226036725
v -0.0154560891541881 -0.040416522466997 0.0455448238419959
v 0.00824764550440085 -0.0431857727974057 0.0444514394665995
v 0.0122061770527512 -0.042238140933451 0.0444469765667936
v 0.00614718853248733 -0.0428704344347327 0.0455319678593331
v 0.0154555918277127 -0.0404178635714598 0.0455431176582638
v 0.0148582924861913 -0.0403531776328735 0.0457310996174495
v 0.017011227180152 -0.0399968536277029 0.0453611222433085
v 0.0248359812676078 -0.0359903263969985 0.0450317729036274
v 0.0282509191458432 -0.0331547994290991 0.0452989880981814
v -0.0401798068862173 -0.0166427450294967 0.0453331229487
v -0.0210953560152954 -0.0386443609528969 0.0439999638795593
v -0.016053873714986 -0.0409929887697269 0.0439999489783913
v -0.0170119368482686 -0.039997282036073 0.0453603175802384
v 0.0166463907129658 -0.0401871228233546 0.0453396310338093
v 0.019275623540599 -0.0394885340581313 0.0445639917135402
v 0.0176678490020185 -0.0400249497661974 0.0449933092638146
v 0.029579939400987 -0.0324767705403477 0.0446049289472354
v -0.0324967275142905 0.0295585421305791 0.0446040833059533
v -0.0343504178877629 0.0273818923346451 0.0446066574827195
v -0.0331965422336786 0.0282022925006323 0.04529874222891
v -0.0395294975715612 0.0192440294765272 0.0444447451168906
v -0.0393620643248395 0.0190446985125265 0.0450369957629996
v -0.042956483043965 0.00820220141339547 0.0450328644141809
v -0.0431632665495614 0.00836430275871684 0.044451193597328
v -0.0435497953917762 0.0040057942798626 0.0450330395029045
v -0.0438875862394008 -0.00263324953220155 0.0444603280132913
v -0.0434428273587055 -0.00505560526536274 0.0450332555698401
v -0.0409955191634819 -0.016046296270272 0.0439999527036833
v -0.0422546268645879 -0.0121489815089621 0.0444676482120547
v -0.0415605565453877 -0.013303352076429 0.0451781284500995
v -0.0345663954138934 -0.0270295078238339 0.0447687449372719
v -0.025568470522695 -0.0358637633886173 0.0440010814671568
v -0.0122451110102504 -0.0419314079910806 0.0451329741858699
v -0.0073648211613224 -0.0431124516361954 0.0450325738414056
v -0.00990364767257445 -0.0428428076828002 0.0444466263893464
v 0.00402896704024567 -0.0437819645116084 0.0444532760355513
v -0.000455756117156744 -0.0439699948078654 0.0444399096878856
v 0.00186116761649424 -0.0436948262491417 0.0450326818748734
v 0.00618206704403672 -0.0432942085437989 0.0450324844343978
v 0.0102430748546884 -0.0425157868101406 0.0450322385651264
v 0.0158023233760188 -0.041023044410853 0.0444592402280298
v 0.0221179859086665 -0.0377226459326847 0.0450318809370952
v 0.031016648533194 -0.0310165964904088 0.0448046493014865
v -0.0422056131983933 0.0123185418165349 0.0444459483862039
v -0.0430544619475589 0.00930271359816766 0.0440003252328825
v -0.0439086229630461 0.00319443306482201 0.0439997627137917
v -0.0439548352096939 -0.00258217883071035 0.0440002358258747
v -0.0310792110862132 -0.0309669141579994 0.0447800102202543
v -0.0146763240816012 -0.0414442219926677 0.0444705241374722
v -0.00512536656180796 -0.0436658136892643 0.0444654204874438
v -0.0311249539460751 0.031124520009403 0.0440002134741227
v -0.0339396001420298 0.0280191386092135 0.0439997925161277
v -0.0368063240568086 0.0241652458301751 0.0440001277924069
v -0.039269341808188 0.01987271317163 0.0439999527036833
v -0.0412117835370926 0.015491061327568 0.0439999750554353
v -0.0437706791274057 0.00414882772742688 0.0444530525180318
v -0.0438747861362584 4.86741430141511e-05 0.0448094884557835
v -0.0433543218725421 -0.0073511053220334 0.0444432326483421
v -0.0434132075624059 -0.0072449019557772 0.0439997738896677
v -0.042551249510866 -0.0112539060387862 0.044000105440655
v -0.0395274561115723 -0.0192676906570692 0.0444499605256788
v -0.037576010352023 -0.0226606905357448 0.0447679477247857
v -0.0386401101953887 -0.0211026568382176 0.0439999638795593
v -0.0330380049841351 -0.0290735279763378 0.0439999899566032
v -0.0301649108201207 -0.0320798445975676 0.0440003326834665
v -0.0112461609351635 -0.0425536618353426 0.044000105440655
v -0.00724165369620424 -0.043414721680937 0.0439997738896677
v -0.00258784623104609 -0.0439552277576145 0.0440002470017506
v 0.00930443166834447 -0.043054176921999 0.0440003215075905
v 0.00319064107668691 -0.043909049060614 0.0439997589884998
v 0.0211715363730401 -0.0386214839459366 0.0439999191760554
v 0.0154923902616011 -0.0412118719192073 0.0439999750554353
v 0.0228577376204116 -0.0375639336700994 0.0444595457019731
v 0.0263895341818467 -0.0352381009038459 0.0439998185931716
v 0.0311472386425239 -0.0311484792131589 0.0440003699363864
v 0.0268697820563099 -0.0347801584333011 0.044564967740042
v -0.036009927418308 -0.0181642187292535 0.0460000247210277
v -0.0382619036553916 -0.0183950190820014 0.0420000222474346
v -0.0387960695429024 -0.018186950449897 0.0458233229459924
v -0.0396834340855457 -0.0174718381601056 0.0454708954224236
v -0.0402212172315406 -0.0166091913408969 0.0420000222474346
v -0.0401885017176301 -0.0166464945340571 0.045323422288354
v -0.0404137105172143 -0.0157037577013914 0.045469412756211
v -0.0404333353552103 -0.0154982772146356 0.0420000222474346
v -0.040222848909415 -0.0143915298254342 0.0420000222474346
v -0.0395384606239945 -0.0133773251634199 0.0460000247210277
v -0.0395552207124804 -0.0133622396008591 0.0420000296980186
v -0.0399338072322565 -0.0138551271558837 0.045987962225559
v -0.0402963302931414 -0.0145719409719622 0.0458224437770824
v -0.0403253801197726 -0.0162426786670997 0.0453501549836854
v -0.040002378681192 -0.0170222701418727 0.0453511272848952
v -0.0394619729296638 -0.0177396548586704 0.0420000259727266
v -0.0370348222891852 -0.0184885983711795 0.0460000247210277
v -0.0380383414348496 -0.0184399032406663 0.0459878839944272
v -0.0371493563902077 -0.0185022329332174 0.0420000222474346
v -0.0360945511502589 -0.0182087378094813 0.0420000222474346
v -0.0352890163706034 -0.0176274491186209 0.0420000222474346
v -0.035291914647741 -0.0176242584075866 0.0460000247210277
v -0.0347532150799262 -0.0140648945203076 0.0460000247210277
v -0.0349463863687349 -0.0137536800538575 0.0420000222474346
v -0.0344502743384999 -0.0149459461356224 0.0420000222474346
v -0.0343720506581203 -0.0156846711771835 0.0460000284463197
v -0.0345290866150077 -0.0164657024766088 0.0420000259727266
v -0.0348559325548813 -0.0170864811059618 0.0460000247210277
v -0.0352958150284133 -0.0176199668733058 0.0460000247210277
v -0.0352884091480154 -0.0176266668076843 0.0420000222474346
v -0.0356722073512305 -0.0130278733872983 0.0460000247210277
v -0.0359833251084885 -0.0128347776277269 0.0420000222474346
v -0.0368645540952891 -0.0125318007091747 0.0460000247210277
v -0.0383799879596431 -0.012627009812804 0.0420000222474346
v -0.0383840224508256 -0.0126106557889389 0.0460000209957357
v -0.0371381879649397 -0.0124984342164062 0.0420000222474346
v -0.0395451177207103 -0.0133699593334227 0.0460000247210277
v -0.039553287285958 -0.0133608444796888 0.0420000222474346
v -0.0404059395582052 -0.0152371576564817 0.0420000222474346
v -0.0401361762668913 -0.0142307341943189 0.0420000222474346
v -0.039138166828022 -0.0179566213463561 0.0420000222474346
v -0.0386849813369342 -0.0127796815173717 0.0420000222474346
v -0.0380933453705008 -0.0140485851999246 0.0420000222474346
v -0.0370029896694669 -0.0139529830781819 0.0420000222474346
v -0.0364992445160251 -0.0141877424830625 0.0420000222474346
v -0.0356961088243858 -0.0130408131827187 0.0420000222474346
v -0.0389628061600293 -0.0159127986342314 0.0420000222474346
v -0.0352958150284133 -0.0176199668733058 0.0420000222474346
v -0.0359670046044527 -0.0161749268147 0.0420000222474346
v -0.0346981738913555 -0.0167666314168877 0.0420000222474346
v -0.0361062336658161 -0.0145807522145469 0.0420000222474346
v -0.0358714024371234 -0.0150845669769752 0.0420000222474346
v -0.0344282690389474 -0.0157602051607573 0.0420000222474346
v -0.0358231077522752 -0.0156381609293575 0.0420000222474346
v -0.0345189202932744 -0.0147221726114657 0.0420000222474346
v -0.0349592349006727 -0.0137776895490308 0.0420000222474346
v -0.0366405932685083 -0.0126004997166013 0.0420000222474346
v -0.0375566537350474 -0.0139046167045266 0.0420000222474346
v -0.0376786272440954 -0.0125098485055002 0.0420000222474346
v -0.0385485089916143 -0.0143672744611094 0.0420000222474346
v -0.0395384606239945 -0.0133773251634199 0.0420000222474346
v -0.038867200267408 -0.0148224397278292 0.0420000222474346
v -0.0390111716254245 -0.0153591339013358 0.0420000222474346
v -0.0403153590844253 -0.0162752637802542 0.0420000222474346
v -0.0398750444770271 -0.0172197440487215 0.0420000222474346
v -0.0387280457118837 -0.0164165416848239 0.0420000222474346
v -0.0383350348616747 -0.0168095523476308 0.0420000222474346
v -0.0378312189276857 -0.0170443834643473 0.0420000222474346
v -0.0372776256426523 -0.0170926781261667 0.0420000222474346
v -0.0381937568897385 -0.0183968668259279 0.0420000222474346
v -0.0371555776277653 -0.0184875161743839 0.0420000222474346
v -0.0361492272602185 -0.0182176840938349 0.0420000222474346
v -0.0362857666607934 -0.0166300157129712 0.0420000222474346
v -0.0367408595013599 -0.0169487813426046 0.0420000222474346
v -0.0170711652649919 0.0348432201453715 0.0420000222474346
v -0.0184633329439911 0.0378967995230424 0.0459952079184826
v -0.0183435405933802 0.0383741060519131 0.045929758263483
v -0.0185208458637711 0.0375616537925127 0.0420000222474346
v -0.0176273308641173 0.0395451286664591 0.0420000222474346
v -0.0182022737973199 0.0387496600049633 0.0420000222474346
v -0.0181064890906849 0.0389126377247982 0.0457803852304978
v -0.0176241327009777 0.0395422117642526 0.0455305224460404
v -0.0184560835258551 0.0367199282029228 0.0460000247210277
v -0.018160220839135 0.0359247650152213 0.0420000185221427
v -0.0176288973493825 0.0352510053090096 0.0460000247210277
v -0.0164109522616851 0.0345423023809631 0.0460000247210277
v -0.0160305831897106 0.0344480488142635 0.0420000222474346
v -0.0149147995771446 0.0344581369000554 0.0420000222474346
v -0.0148661165306106 0.0344316463616261 0.0460000247210277
v -0.0138787288304156 0.034872836202257 0.0420000222474346
v -0.0133577784160996 0.0352741505368624 0.0460000247210277
v -0.0133773399241325 0.0352958019233554 0.0420000222474346
v -0.0124833313232952 0.0373789581117853 0.0420000222474346
v -0.0126499291732969 0.0363639543750286 0.0460000247210277
v -0.0124958073260379 0.0375988433643226 0.0460000247210277
v -0.0126743205223438 0.0384721594145905 0.0420000222474346
v -0.0133695596518935 0.0352887685755063 0.0460000247210277
v -0.0133613304819746 0.0352813999515416 0.0420000259727266
v -0.0127008557769082 0.0362925442876777 0.0420000222474346
v -0.0132464573793845 0.0394224287839886 0.0420000222474346
v -0.0127520804038755 0.0386861624339426 0.0460000247210277
v -0.0136870085428217 0.0398381115627962 0.0459991045739057
v -0.0142475653298338 0.0401721248051129 0.0420000222474346
v -0.0143330086260138 0.0401966893685222 0.0458924978929835
v -0.0154926650018825 0.0404267744655567 0.0455315059231261
v -0.0162241437715281 0.0403320775893263 0.0453488511314884
v -0.0157827395162343 0.04044501348625 0.0420000147968507
v -0.0168376658281716 0.0401040972812403 0.0453289170940416
v -0.0170882718056293 0.0399776758338857 0.0420000185221427
v -0.0172781108207881 0.0398360477520397 0.0454084520780612
v -0.0176199827257446 0.0395384454958864 0.0455310179098753
v -0.0176199827257446 0.0395384454958864 0.0420000222474346
v -0.0184875324405025 0.0376786800580477 0.0420000222474346
v -0.0170926955898207 0.0375566395519381 0.0420000222474346
v -0.0182177020939334 0.0386850373963099 0.0420000222474346
v -0.0162752789914886 0.0345189075586686 0.0420000222474346
v -0.0164165588260708 0.0361062201743206 0.0420000222474346
v -0.0176199827257446 0.0395384454958864 0.0420000222474346
v -0.0166300348186565 0.0385484943355518 0.0420000222474346
v -0.0157602201263927 0.0404059910716743 0.0420000222474346
v -0.0167665760818774 0.0401361645790606 0.0420000222474346
v -0.0169487968749972 0.0380934017119904 0.0420000222474346
v -0.0156381758367976 0.0390111567487473 0.0420000222474346
v -0.0150845797577952 0.0389628583616377 0.0420000222474346
v -0.013777705431975 0.0398750254631332 0.0420000222474346
v -0.0145807656864523 0.0387280272449212 0.0420000222474346
v -0.0168095678136338 0.0364992271118373 0.0420000222474346
v -0.0170443990423266 0.0370030390802981 0.0420000222474346
v -0.0126005150382176 0.0381936716223215 0.0420000222474346
v -0.0139529962507436 0.0378312753941669 0.0420000222474346
v -0.0143672915565126 0.03628575308369 0.0420000222474346
v -0.0142308201425157 0.0346981573459847 0.0420000222474346
v -0.0127796931991367 0.0361491392424186 0.0420000222474346
v -0.0140485993493959 0.0367409202130549 0.0420000222474346
v -0.0133773399241325 0.0352958019233554 0.0420000222474346
v -0.0130408315082619 0.0391381518907888 0.0420000222474346
v -0.0139046307853484 0.0372776115925939 0.0420000222474346
v -0.0125098619212447 0.0371556344164172 0.0420000222474346
v -0.0141877566988892 0.0383350203074045 0.0420000222474346
v -0.0147221172329045 0.0403152690800599 0.0420000222474346
v -0.016174940115444 0.038867256239895 0.0420000222474346
v -0.0183969519667226 0.0366405795222105 0.0420000222474346
v -0.0179566373593243 0.035696095528453 0.0420000222474346
v -0.0172197634356111 0.0349592219561086 0.0420000222474346
v -0.0153591496070484 0.0358230906704945 0.0420000222474346
v -0.0159128155352749 0.0358714561128272 0.0420000222474346
v -0.0152371742353545 0.0344283234027906 0.0420000222474346
v -0.0148224570402721 0.0359670619598601 0.0420000222474346
v 0.00784221918744334 -0.0432950802616996 0.0278776656876266
v 0.00757268407026142 -0.040500009945093 0.0275759468386468
v 0.00753785771279933 -0.0433491528485794 0.0274738961898302
v 0.00749999989901241 -0.0433561042400446 0.0272000127226113
v 0.00750000176165839 -0.0404999615163207 0.0272000127226113
v 0.00829393784482552 -0.0405000024945126 0.0280608271189752
v 0.00829966734384561 -0.043210508724163 0.0280046143254687
v -0.00753817436261514 -0.0433491155956777 0.0274748964307299
v -0.00750000362430436 -0.0433561079653348 0.0272000127226113
v -0.00750000362430436 -0.0404999615163207 0.0272000127226113
v -0.00757258069340979 -0.0405000136703831 0.0275757121452513
v -0.00780739189865827 -0.0433017746081428 0.0278446167597235
v -0.0082988375350636 -0.0432107806703457 0.0280149147578253
v -0.00829393318821058 -0.0405000062198028 0.0280608178057452
v -0.0104030193332663 -0.0404999615163207 0.0410459749683982
v -0.0104052964179711 -0.0427518994266771 0.0410741269999783
v -0.011852433573671 -0.0423745685102137 0.0404451971289206
v -0.0116578131462935 -0.0404999801427716 0.040605526245653
v -0.012500028081818 -0.040500032296834 0.0389000130660807
v -0.0123705350709676 -0.0404999801427716 0.0397052572818066
v -0.0124152376430524 -0.0422121235068738 0.0395626046755741
v -0.012500027150495 -0.0421870485787107 0.0389000130660807
v 0.012500026219172 -0.0405000285715438 0.0389000130660807
v 0.012500026219172 -0.0405000285715438 0.0301000109769388
v 0.012500025287849 -0.0421870485787107 0.0301000109769388
v 0.012500025287849 -0.0421870485787107 0.0389000130660807
v 0.0123986079397847 -0.0422163144583199 0.039616021637441
v 0.012500025287849 -0.0421870485787107 0.0389000130660807
v 0.012500026219172 -0.0405000285715438 0.0389000130660807
v 0.0123088125712834 -0.0404999838680618 0.0398872936749738
v 0.0117200515989129 -0.0424127564597903 0.0405731385570785
v 0.0104030295778191 -0.0427527785951582 0.0410369262341507
v 0.011220609157674 -0.0404999913186421 0.0408654473184876
v 0.0103999906709104 -0.0404999615163207 0.0410000197663904
v -0.00523789645576105 -0.0436871037226104 0.0410000197663904
v -0.0103999925335564 -0.0427532256299791 0.0410000197663904
v -0.0103999925335564 -0.0404999615163207 0.0410000197663904
v 0.0103999906709104 -0.0427532256299791 0.0410000197663904
v 0.00523605616153743 -0.0436873868446636 0.0410000197663904
v 0.0103999906709104 -0.0404999615163207 0.0410000197663904
v -1.41561094124455e-06 -0.0439999982949291 0.0410000197663904
v 0.00830002124658092 -0.0404999615163207 0.0280000117272131
v 0.0103999906709104 -0.0404999615163207 0.0280000117272131
v 0.0103999906709104 -0.0427532256299791 0.0280000117272131
v 0.00830002310922689 -0.0432100207111502 0.0280000117272131
v 0.0112219390869004 -0.0405000024945126 0.0281355657895557
v 0.0103999906709104 -0.0404999615163207 0.0280000117272131
v 0.0104027920904573 -0.0427528791779929 0.0279611681076172
v 0.0117222802548224 -0.0424120263029162 0.0284300929623458
v 0.0122143224036013 -0.0404999801427716 0.028981659694615
v 0.0123932872915562 -0.042216809921913 0.0293811916727709
v 0.012500025287849 -0.0421870485787107 0.0301000109769388
v 0.0125177772353168 -0.0405000546485751 0.030098636344194
v -0.012500027150495 -0.0421870485787107 0.0389000130660807
v -0.012500028081818 -0.040500032296834 0.0389000130660807
v -0.012500027150495 -0.0421870485787107 0.0301000091142928
v -0.012500028081818 -0.040500032296834 0.0301000091142928
v 0.0123397250438898 -0.0404999615163207 0.039704616531584
v -0.0111981726555783 -0.0404999615163207 0.0300639110348947
v -0.0118849171881576 -0.0404999615163207 0.0403849219044973
v -0.00977858496517641 -0.0404999615163207 0.0397559212528917
v -0.0111981726555783 -0.0404999615163207 0.0380639159820807
v -0.00750000362430436 -0.0404999615163207 0.0272000127226113
v -0.0103999925335564 -0.0404999615163207 0.0280000098645671
v 0.0109767738983366 -0.0405000285715438 0.0393196150548411
v -0.00830002310922689 -0.0404999615163207 0.0280000117272131
v -0.00756074078426765 -0.040500032296834 0.027505717634022
v -0.00872499696437241 -0.0404999615163207 0.0305000104792397
v -0.0106375795469696 -0.0404999652416109 0.029395712860954
v -0.0123397287691818 -0.0404999652416109 0.0292954130993735
v -0.00977851418462935 -0.040500032296834 0.0292441176912958
v -0.0112750356730729 -0.040500032296834 0.0305000086165938
v -0.0093623813786057 -0.0404999615163207 0.03739571780814
v -0.00902318423326972 -0.0405000360221242 0.0376804195233024
v -0.0093623813786057 -0.0404999615163207 0.0396043167700035
v -0.0093623813786057 -0.0404999615163207 0.0316043118228175
v -0.00977858496517641 -0.0404999615163207 0.0317559163057057
v 0.00329999958303627 -0.0405000285715438 0.039500016044824
v 0.00718109814422354 -0.0404999615163207 0.0369054172279639
v 0.0111981707929323 -0.0404999577910305 0.0300639128975407
v 0.0109767738983366 -0.0405000285715438 0.0296804164387624
v 0.00936237765331374 -0.0404999577910305 0.0293957147236
v 0.00977858310253043 -0.0404999615163207 0.0292441176912958
v 0.0103999906709104 -0.0404999615163207 0.0280000117272131
v 0.00880185346260614 -0.0405000285715438 0.0300639128975407
v 0.00872499510172644 -0.0404999615163207 0.0305000104792397
v 0.00756109282435699 -0.0404999615163207 0.0275066117041
v 0.00750000176165839 -0.0404999615163207 0.0353000100947886
v 0.00750000176165839 -0.0404999615163207 0.0272000127226113
v 0.012500026219172 -0.0405000285715438 0.0389000130660807
v 0.0106375758216776 -0.0404999615163207 0.0396043167700035
v -0.0103999925335564 -0.0404999615163207 0.0410000197663904
v -0.00329999958303627 -0.0405000285715438 0.039500016044824
v 0.0103999906709104 -0.0404999615163207 0.0410000197663904
v -0.0109767776236285 -0.040500032296834 0.0393196150548411
v -0.0106376503275166 -0.0405000360221242 0.0396043167700035
v -0.00977851418462935 -0.040500032296834 0.0372441133252518
v -0.0106376503275166 -0.0405000360221242 0.0316043118228175
v -0.00717919079474481 -0.0405000360221242 0.0369099173806897
v -0.00880185532525211 -0.040500032296834 0.0380639159820807
v -0.00626985075488467 -0.0405000360221242 0.0382698203210378
v -0.00872499696437241 -0.0404999615163207 0.0385000135637798
v -0.00490541414916611 -0.0405000360221242 0.0391811161491792
v -0.00902318423326972 -0.0405000360221242 0.0393196150548411
v -0.00880185532525211 -0.040500032296834 0.0389361185960628
v -0.0112046798092931 -0.0404999615163207 0.0408397204519939
v -0.0102214467409459 -0.0405000360221242 0.0397559212528917
v -0.0123405753417776 -0.0404999615163207 0.0397026197750766
v -0.0112750356730729 -0.040500032296834 0.0385000135637798
v -0.0111981726555783 -0.0404999615163207 0.0389361185960628
v -0.0102214467409459 -0.0405000360221242 0.0372441133252518
v -0.0109767776236285 -0.040500032296834 0.0296804145761164
v -0.012500028081818 -0.040500032296834 0.0301000091142928
v -0.0102214467409459 -0.0405000360221242 0.0292441176912958
v -0.0118849171881576 -0.0404999615163207 0.0286151151770442
v -0.0112026271734283 -0.040500032296834 0.0281595119664774
v -0.00750000362430436 -0.0404999615163207 0.0353000100947886
v -0.00902318423326972 -0.0405000360221242 0.0296804164387624
v -0.0093623813786057 -0.0404999615163207 0.0293957147236
v -0.00880185532525211 -0.040500032296834 0.0300639128975407
v -0.00799342226845905 -0.0404999615163207 0.0279389169385517
v -0.00773434125181362 -0.0404999615163207 0.0277657132126964
v -0.00880185532525211 -0.040500032296834 0.0309361155115228
v -0.012500028081818 -0.040500032296834 0.0389000130660807
v -0.00902318423326972 -0.0405000360221242 0.0313196175582391
v -0.0106375795469696 -0.0404999652416109 0.03739571780814
v -0.0109767776236285 -0.040500032296834 0.0376804195233024
v -0.0102214467409459 -0.0405000360221242 0.0317559163057057
v -0.0109767776236285 -0.040500032296834 0.0313196175582391
v -0.0111981726555783 -0.0404999615163207 0.0309361136488768
v 0.00880185346260614 -0.0405000285715438 0.0380639159820807
v 0.00902318050797777 -0.0405000285715438 0.0393196150548411
v 0.00902318050797777 -0.0405000285715438 0.0376804195233024
v 0.00626984702959272 -0.0405000285715438 0.0382698203210378
v 0.00936237765331374 -0.0404999577910305 0.03739571780814
v 0.00977858310253043 -0.0404999615163207 0.0372441133252518
v 0.0111981707929323 -0.0404999577910305 0.0309361155115228
v 0.0109767738983366 -0.0405000285715438 0.0376804195233024
v 0.0109767738983366 -0.0405000285715438 0.0313196175582391
v 0.011275031947781 -0.0405000285715438 0.0385000135637798
v 0.0111981707929323 -0.0404999577910305 0.0380639159820807
v 0.0111981707929323 -0.0404999577910305 0.0389361185960628
v 0.0112026234481363 -0.0405000285715438 0.0408405176644801
v 0.010221443015654 -0.0405000285715438 0.0397559212528917
v 0.0118849153255116 -0.0404999615163207 0.0403849219044973
v 0.00936237765331374 -0.0404999577910305 0.0396043167700035
v 0.00977851232198337 -0.040500032296834 0.0397559212528917
v 0.0049098677356931 -0.0404999577910305 0.0391792162502635
v 0.00872499510172644 -0.0404999615163207 0.0385000135637798
v 0.00880185346260614 -0.0405000285715438 0.0389361185960628
v 0.00773433752652167 -0.0404999615163207 0.0277657132126964
v 0.011275031947781 -0.0405000285715438 0.0305000104792397
v 0.00799426977237782 -0.0404999615163207 0.0279393118195028
v 0.00902318050797777 -0.0405000285715438 0.0296804164387624
v 0.00830002124658092 -0.0404999615163207 0.0280000117272131
v 0.0112046760840011 -0.0404999577910305 0.0281603110416096
v 0.0118849153255116 -0.0404999615163207 0.0286151170396902
v 0.010221443015654 -0.0405000285715438 0.0292441176912958
v 0.0106376484648707 -0.040500032296834 0.0293957147236
v 0.0123405734791316 -0.0404999615163207 0.0292974117185269
v 0.012500026219172 -0.0405000285715438 0.0301000109769388
v 0.0106376484648707 -0.040500032296834 0.03739571780814
v 0.0106375758216776 -0.0404999615163207 0.0316043118228175
v 0.010221443015654 -0.0405000285715438 0.0372441133252518
v 0.010221443015654 -0.0405000285715438 0.0317559163057057
v 0.00977851232198337 -0.040500032296834 0.0317559163057057
v 0.00902318050797777 -0.0405000285715438 0.0313196175582391
v 0.00936237765331374 -0.0404999577910305 0.0316043118228175
v 0.00880185346260614 -0.0405000285715438 0.0309361155115228
v -0.034956798559737 0.0232815250444504 0.0460000247210277
v -0.0350083118968305 0.0172869222064344 0.0460000247210277
v -0.0389614576043432 -0.0129266172063936 0.0460000247210277
v -0.0380048175325857 -0.0125567294196985 0.0460000247210277
v -0.0262930919611825 -0.0191031725297472 0.0460000247210277
v 0.0147543512528304 0.0289581482890598 0.0460000247210277
v 0.0172869248615433 0.0350082952035745 0.0460000247210277
v 0.0163703745191127 0.0345464113760253 0.0460000247210277
v -0.0125309340351635 0.0369782957029604 0.0460000247210277
v -0.0128524574641626 0.0360036890128537 0.0460000247210277
v 0.0360036987301666 0.0128524485416686 0.0460000247210277
v 0.0419089607497797 -0.00276845498095648 0.0460000247210277
v 0.0325000542000024 5.69969396665878e-07 0.0460000247210277
v 0.0321001850873123 -0.00508345646602826 0.0460000247210277
v 0.0380043146181724 -0.0125566530512499 0.0460000247210277
v 0.0389610291957689 -0.0129263275650825 0.0460000247210277
v 0.0397380021620387 -0.0135976565194555 0.0460000247210277
v 0.0411807108769323 -0.00825581858355143 0.0460000247210277
v 0.0411807853827713 0.00825561741788202 0.0460000247210277
v 0.0309095557028429 0.0100433962797153 0.0460000247210277
v 0.0380048100820018 0.0125567350076337 0.0460000247210277
v 0.0389614538790512 0.0129266227943289 0.0460000247210277
v 0.0397380021620387 0.013597667695326 0.0460000247210277
v 0.0349568954173277 0.0232814244616157 0.0460000247210277
v 0.0346454870872975 0.0143506643235448 0.0460000247210277
v 0.0351949117706382 0.0134831867343026 0.0460000247210277
v 0.03697830215971 0.0125309252659837 0.0460000247210277
v 0.034546353343199 0.0163698805627458 0.0460000247210277
v 0.0289576591829676 0.0147554133756909 0.0460000247210277
v 0.0344206284651567 0.0153520707511653 0.0460000247210277
v 0.0320999690203791 0.00508438592592674 0.0460000247210277
v 0.0232815324206547 0.0349567818910444 0.0460000247210277
v 0.0184839151820184 0.0377139660065786 0.0460000247210277
v 0.0184093869912538 0.0366903568495193 0.0460000247210277
v 0.0179945291664003 0.0357523846629865 0.0460000247210277
v 0.0153524925103326 0.03442061577742 0.0460000247210277
v 0.0315916603842977 0.0276764882816277 0.0460000247210277
v 0.0357519695771857 0.0179942449144713 0.0460000247210277
v 0.0377139765394151 0.0184839138187853 0.0460000247210277
v 0.0366898751557234 0.0184093148830453 0.0460000247210277
v 0.00276839297109553 0.0419088811613967 0.0460000247210277
v -2.16066933137327e-07 0.0324999716475532 0.0460000247210277
v 0.012852657698605 0.0360031935492605 0.0460000247210277
v 0.0134835396157384 0.0351945448111281 0.0460000247210277
v -0.00825562507975912 0.0411807731968323 0.0460000247210277
v -0.0125567437891206 0.0380047994104852 0.0460000247210277
v 0.0125309237906106 0.0369782919776703 0.0460000247210277
v 0.0100423998965681 0.0309098315366588 0.0460000247210277
v -0.0135976751105222 0.0397379906640721 0.0460000247210277
v 0.00508360045110332 0.0321001735060487 0.0460000247210277
v -0.0100437521775462 0.0309093360730657 0.0460000247210277
v -0.0129266317521919 0.0389614427513715 0.0460000247210277
v 0.0129263365228048 0.0389610217935818 0.0460000247210277
v 0.0125566599700517 0.038004303946892 0.0460000247210277
v 0.0135976667286153 0.0397379906640721 0.0460000247210277
v 0.00825582624552446 0.0411806986910288 0.0460000247210277
v -0.0184839263578942 0.0377139660065786 0.0460000247210277
v -0.0147554194802973 0.0289576491001765 0.0460000247210277
v -0.0153520808655721 0.0344206195027102 0.0460000247210277
v -0.0163698902311591 0.034546340595512 0.0460000247210277
v -0.013483196888879 0.0351949024389848 0.0460000247210277
v -0.0289582291526361 0.0147541374638062 0.0460000247210277
v -0.00508445913089794 0.0320998941092856 0.0460000247210277
v -0.0366903780701367 0.0184093838009135 0.0460000247210277
v -0.03575239798576 0.0179945261738795 0.0460000247210277
v -0.036003210716921 0.0128526571579184 0.0460000247210277
v -0.0369783096102939 0.0125309215406936 0.0460000247210277
v -0.0315913325586061 0.0276768272830335 0.0460000247210277
v -0.037713983989999 0.0184839100934952 0.0460000247210277
v -0.0276765052040976 0.0315916527708077 0.0460000247210277
v -0.0191034796622058 0.0262929341373484 0.0460000247210277
v -0.023281435563064 0.0349568861991693 0.0460000247210277
v -0.0179942553574419 0.0357519599799066 0.0460000247210277
v -0.0184093273865826 0.0366898651112163 0.0460000247210277
v -0.0346454945378814 0.0143506633922222 0.0460000247210277
v -0.0309098462756151 0.0100426856806146 0.0460000247210277
v -0.0346454908125895 -0.0143506587356095 0.0460000247210277
v -0.0325000579252943 -4.2282043478155e-07 0.0460000247210277
v -0.0419089011451085 0.00276839537631369 0.0460000247210277
v -0.0320998349098689 -0.00508480222710372 0.0460000247210277
v -0.0344206321904486 0.0153524898463099 0.0460000247210277
v -0.034546427849038 0.0163703704384037 0.0460000247210277
v -0.0262934961553592 0.0191026305000269 0.0460000247210277
v -0.0397380096126226 0.0135976639700359 0.0460000247210277
v -0.0309093489491397 -0.010043741800379 0.0460000247210277
v -0.0411807183275162 0.00825582603413178 0.0460000247210277
v -0.0397380058873307 -0.0135976621073908 0.0460000247210277
v -0.0411807891080632 -0.00825561182994676 0.0460000247210277
v -0.0380043220687563 0.0125566605018303 0.0460000247210277
v -0.0389610403716447 0.012926336878308 0.0460000247210277
v -0.0344206321904486 -0.0153520651632301 0.0460000247210277
v -0.0128526623552199 -0.0360031860986802 0.0460000247210277
v -0.0366898788810154 -0.0184093111577551 0.0460000247210277
v -0.0163703782444047 -0.0345464076507352 0.0460000247210277
v -0.0232815380085926 -0.0349567744404641 0.0460000247210277
v -0.019102479421317 -0.0262935022441 0.0460000247210277
v -0.0172869304494812 -0.0350082877529941 0.0460000247210277
v -0.0351949154959301 -0.0134831811463673 0.0460000247210277
v -0.0369783096102939 -0.0125309196780485 0.0460000247210277
v -0.0360037024554585 -0.0128524429537334 0.0460000247210277
v -0.0147543577720913 -0.0289581408384795 0.0460000247210277
v -0.0179945347543382 -0.0357523772124061 0.0460000247210277
v -0.0184093907165458 -0.0366903531242291 0.0460000247210277
v -0.0350083081715385 -0.0172869184811442 0.0460000247210277
v -0.0357519733024777 -0.017994239326536 0.0460000247210277
v -0.0349569028679116 -0.0232814188736804 0.0460000247210277
v -0.037713980264707 -0.0184839100934952 0.0460000247210277
v -0.0184839207699563 -0.0377139585559982 0.0460000247210277
v 0.0153520715523422 -0.0344206083268397 0.0460000247210277
v 0.00508473573382527 -0.0320998829334151 0.0460000247210277
v 0.0143506665098598 -0.0346454705670498 0.0460000247210277
v 0.010043393618196 -0.0309095409640252 0.0460000247210277
v 0.0125567363385366 -0.0380047919599048 0.0460000247210277
v 0.012926622438962 -0.0389614353007911 0.0460000247210277
v 0.0134831894382951 -0.0351948949884045 0.0460000247210277
v 0.0360032032663371 -0.012852649707338 0.0460000247210277
v 0.0309097699071301 -0.010042609312166 0.0460000247210277
v -0.0143506693038288 -0.0346454705670498 0.0460000247210277
v -0.0153524990295936 -0.0344206120521298 0.0460000247210277
v -0.0276768386177272 -0.0315913100441116 0.0460000247210277
v -0.0100430425094296 -0.0309097551682103 0.0460000247210277
v -0.0134835461349993 -0.0351945410858379 0.0460000247210277
v -0.0125309284472256 -0.0369782882523801 0.0460000247210277
v -0.00276839855903345 -0.0419088737108163 0.0460000247210277
v -0.0129263421107427 -0.0389610143430014 0.0460000247210277
v -0.0135976713852303 -0.0397379832134917 0.0460000247210277
v 0.0135976676599383 -0.0397379832134917 0.0460000247210277
v 0.00825561576652925 -0.0411807620209618 0.0460000247210277
v -0.00825583183346238 -0.0411806949657387 0.0460000247210277
v -0.0125566646266666 -0.0380043002216018 0.0460000247210277
v 0.0125309247219336 -0.0369782845270899 0.0460000247210277
v 0.0351945541426109 -0.0134835303923211 0.0460000247210277
v 0.0344206247398647 -0.0153524823957296 0.0460000247210277
v 0.0184839189073103 -0.0377139585559982 0.0460000247210277
v 0.0128524481509328 -0.0360036815622734 0.0460000247210277
v 0.0163698827805752 -0.0345463331449317 0.0460000247210277
v 0.00276797015045913 -0.0419088699855261 0.0460000247210277
v 0.0345464203984541 -0.0163703629878234 0.0460000247210277
v 0.017994247906858 -0.0357519525293263 0.0460000247210277
v 0.0184093199359987 -0.0366898576606359 0.0460000247210277
v 0.0289580130857029 -0.0147547679691682 0.0460000247210277
v 0.0350083044462466 -0.017286914755854 0.0460000247210277
v 0.0357523905351761 -0.0179945187232991 0.0460000247210277
v 0.0349567911091531 -0.0232815175938701 0.0460000247210277
v 0.0366903706195528 -0.0184093763503331 0.0460000247210277
v 0.0377139765394151 -0.0184839026429148 0.0460000247210277
v -0.0172869360374192 0.0350082952035745 0.0460000247210277
v -0.0345463570684909 -0.0163698749748106 0.0460000247210277
v -0.0143506739604437 0.0346454780176301 0.0460000247210277
v -0.00276797760104303 0.0419088774361065 0.0460000247210277
v 0.0262928107016402 0.0191037369112086 0.0460000247210277
v 0.0350083007209546 0.0172869259317246 0.0460000247210277
v 0.0143506637158909 0.0346454780176301 0.0460000247210277
v 0.0276768330297893 0.0315913137694018 0.0460000247210277
v 0.022980659216261 0.0229812890081439 0.0460000247210277
v 0.019103086643905 0.0262931744185647 0.0460000247210277
v 0.03697830215971 -0.0125309140901132 0.0460000247210277
v 0.0419089607497797 0.0027679017753656 0.0460000247210277
v 0.014754989209077 -0.0289579266342945 0.0460000247210277
v 0.0232814281124801 -0.0349568787485889 0.0460000247210277
v 0.0191036417124056 -0.0262927571860652 0.0460000247210277
v 0.0172869285868353 -0.0350082877529941 0.0460000247210277
v 0.0346454870872975 -0.0143506559416419 0.0460000247210277
v 0.0276764940282218 -0.0315916415949372 0.0460000247210277
v 0.0262934104736443 -0.0191027012805402 0.0460000247210277
v 0.0229815532863291 -0.0229805253236582 0.0460000247210277
v 0.0315913213827302 -0.027676816107163 0.0460000247210277
v -0.00508367495694233 -0.0321000990002452 0.0460000247210277
v 7.05942824646955e-07 -0.0325000349774861 0.0460000247210277
v -0.0289578771125467 -0.0147551945148931 0.0460000247210277
v -0.0229806089248196 -0.0229814808605879 0.0460000247210277
v -0.0315916678348816 -0.0276764826936924 0.0460000247210277
v -0.0321001180320572 0.0050839575175567 0.0460000247210277
v -0.0419088936945246 -0.00276796696794365 0.0460000247210277
v -0.0351945615931948 0.0134835378429015 0.0460000247210277
v -0.0229809870419526 0.0229809723584791 0.0460000247210277
v 0.0246344485610159 0.0211988103029061 0.0460000247210277
v 0.027573750476223 0.0152408503503669 0.0469999601468161
v 0.0249951555420749 0.0191791908010437 0.0469999638721081
v 0.0263578822387881 0.0172586882322035 0.0469999601468161
v 0.0281462011891106 0.0162492240019359 0.0460000247210277
v 0.0271935471797404 0.0178075836623534 0.0459999651163558
v 0.0234910838181703 0.0209942993229181 0.0469999601468161
v 0.0257871526107817 0.0197894324471387 0.0459999651163558
v 0.0290167031977394 0.0146503285278095 0.0459999241381439
v 0.0314124514897201 -0.00235473170478054 0.0470000272020719
v 0.0299281070493401 0.00984489698674608 0.0469999601468161
v 0.0308755363367496 0.0101627368817711 0.0459999539404798
v 0.0315491212755133 0.00782634198655098 0.0459999464898958
v 0.03042702608706 0.00815230860209125 0.0470000272020719
v 0.0322276049731921 0.0042406519392716 0.0459999539404798
v 0.0308423793757429 0.00643015026101674 0.0469999564215241
v 0.0319335900312795 0.00604074521343727 0.0460000247210277
v 0.0312368319139368 0.0041075710700692 0.0469999564215241
v 0.0324540580202878 0.0018219695750529 0.0459999576657718
v 0.0314564918911606 0.00176358147233685 0.0469999601468161
v 0.0324994879556259 -1.26659865925751e-06 0.0460000247210277
v 0.0324538866568581 -0.00182260159381403 0.0459999539404798
v 0.031500465237346 -0.000590273275853602 0.0469999638721081
v 0.0322949209987402 -0.00363996892210255 0.0460000247210277
v 0.0312362544936845 -0.00411340906543358 0.0469999638721081
v 0.0320458703306719 -0.00544383032727951 0.0459999427646038
v 0.0308413381566427 -0.00643757150470519 0.0469999564215241
v 0.0316844052527009 -0.00723292095691542 0.0460000247210277
v 0.0300306214958839 0.0124397338878074 0.0459999539404798
v 0.0283809411481506 0.0136670335296938 0.0470000272020719
v 0.0291087644750696 0.0120537183886252 0.0469999601468161
v 0.0218586217698329 0.0226890269554555 0.0469999564215241
v 0.0295385551327073 -0.0109589468760116 0.0469999638721081
v 0.0302735347454636 -0.00872556556733593 0.0469999601468161
v 0.028871888061096 -0.0125972447443115 0.0470000272020719
v 0.0295454003566666 -0.0135524985519628 0.0459999651163558
v 0.0284508127239768 -0.0157211212788938 0.0459999278634359
v 0.028123832673593 -0.0142004764562008 0.0469999601468161
v 0.0269836530553653 -0.0162630913946097 0.0469999601468161
v 0.025693008895251 -0.0182341927172422 0.0469999564215241
v 0.027195534622996 -0.0178042383517769 0.0459999725669398
v 0.0242577190992772 -0.0201036383215988 0.0469999601468161
v 0.0257887731127802 -0.0197876461705001 0.0459999613910638
v 0.0312347550636744 -0.00899843282805446 0.0459999390393119
v 0.0304754418438965 -0.0113063367040217 0.0459999762922318
v 0.0222833758327533 -0.0222824227088026 0.0469980155443965
v 0.0229809758660768 -0.0229809611826086 0.0460000247210277
v 0.0242389287266781 -0.0216579895697887 0.0459999613910638
v 0.0234093136598537 0.0225525509499205 0.0459999539404798
v 0.0205465422798346 0.0238764613358644 0.0470000272020719
v 0.0216607528878744 0.024236892473452 0.0459999800175238
v 0.0202634219542317 0.025409602644447 0.0460000247210277
v 0.0188089152397305 0.0265112063392402 0.0459999464898958
v 0.0191797401137274 0.0249943072958175 0.0469999601468161
v 0.0172582289376475 0.0263577187961244 0.0469999601468161
v 0.0172907935772341 0.0275188526279027 0.0460000247210277
v 0.0157226989858658 0.0284502198749565 0.0459999837428158
v 0.0141998583097909 0.0281238285763364 0.0469999601468161
v 0.0157492640427658 0.027280169561146 0.0470000272020719
v 0.0141009136242588 0.0292819300219129 0.0460000247210277
v 0.0120575900580078 0.0291064036621259 0.0469999601468161
v 0.0124367065005639 0.0300327268662837 0.0459999353140199
v 0.00985015154884022 0.0299255148777128 0.0469999564215241
v 0.00758475261919702 0.0305785973608121 0.0469999601468161
v 0.010159250197861 0.0308775612105241 0.0459999353140199
v 0.00841110479593417 0.0313929271664603 0.0460000247210277
v 0.00663673380433633 0.0318209890845171 0.0459999800175238
v 0.00585491283625419 0.0309509866798593 0.0470000272020719
v 0.00484318500977658 0.032137370528439 0.0460000247210277
v 0.00411023707811792 0.0312359788287726 0.0469999638721081
v 0.00303294388047824 0.0323642034471513 0.0459999539404798
v 0.000589152651894497 0.0314994257619629 0.0469999601468161
v 0.00235254049329116 0.031411665376037 0.0470000272020719
v 0.000607155474492102 0.0325004894628874 0.0459999576657718
v -0.00182297825172371 0.0324550297468906 0.0459999613910638
v -0.00117931939810718 0.0314774241981935 0.0470000272020719
v -0.00544689604440651 0.0320465405034095 0.0459999502151878
v -0.00527725043992765 0.0310597018230155 0.0469999601468161
v -0.00294191450901829 0.0313672040378069 0.0469999601468161
v -0.00363991105310377 0.0322961125933457 0.0460000247210277
v -0.00701040526704506 0.0307095059201817 0.0470000272020719
v -0.00723300170564887 0.0316854555773962 0.0460000247210277
v -0.00900046833427769 0.0312352263201574 0.0459999539404798
v -0.00872203628859464 0.0302734588426363 0.0469999601468161
v -0.0104046603243705 0.0297315799965296 0.0470000272020719
v -0.011308165625713 0.0304757979784527 0.0459999613910638
v -0.012055012155978 0.0291075398756291 0.0469999601468161
v -0.0135532305149051 0.0295457066432836 0.0459999837428158
v -0.0136681017548492 0.028380014918977 0.0470000272020719
v -0.0152391374642125 0.0275744600343343 0.0469999601468161
v -0.0178070277719405 0.0271946611131305 0.0459999390393119
v -0.0157233937528146 0.0284499479287738 0.0459999837428158
v -0.0192994337441016 0.0261495886967321 0.0460000247210277
v -0.019181051416494 0.0249934970452046 0.0469999601468161
v -0.017258417064891 0.0263574841028434 0.0469999601468161
v -0.0207417922815517 0.0250278404953213 0.0459999427646038
v -0.0209917258438124 0.0234929930038389 0.0469999601468161
v -0.0229899594076158 0.0229909188832445 0.0459981397232799
v -0.0222738800635711 0.0222738657172723 0.0470000272020719
v 0.0229899500943859 -0.022990909570019 0.0459981397232799
v 0.0222738707503412 -0.0222738564040469 0.0470000272020719
v 0.0152391057992309 -0.0275744693475597 0.0469999601468161
v 0.0113081078836877 -0.0304758128796134 0.0459999651163558
v 0.0135532994328062 -0.0295456675277368 0.0459999837428158
v -0.00235254701255208 -0.0314116579254567 0.0470000272020719
v -0.010159244609923 -0.0308775556225888 0.0459999353140199
v -0.0084111103838721 -0.0313929234411702 0.0460000247210277
v -0.0141009192121968 -0.0292819244339776 0.0460000247210277
v -0.0157492714933497 -0.0272801621105657 0.0470000272020719
v -0.0141998704169897 -0.0281238192631109 0.0469999601468161
v -0.0205465478677725 -0.0238764557479291 0.0470000272020719
v -0.0202634275421696 -0.0254095970565117 0.0460000247210277
v -0.0234910670543566 -0.0209943198120141 0.0469999601468161
v -0.0218586180445409 -0.0226890325433908 0.0469999564215241
v -0.0216607603384583 -0.0242368850228717 0.0459999800175238
v -0.0246344541489538 -0.0211988047149708 0.0460000247210277
v -0.0281462067770486 -0.0162492184140007 0.0460000247210277
v -0.026357891552018 -0.017258678918978 0.0469999601468161
v -0.0290166957471554 -0.0146503471542604 0.0459999204128519
v -0.0275737448882851 -0.0152408652515276 0.0469999601468161
v -0.0315491138249294 -0.00782637365151746 0.0459999464898958
v -0.0304270316749979 -0.00815230394547853 0.0470000272020719
v -0.0324994954062098 1.27404923960608e-06 0.0460000247210277
v -0.0315004726879299 0.000590278630958228 0.0469999638721081
v -0.031412458940304 0.0023547372927158 0.0470000272020719
v -0.032453894107442 0.00182261079062415 0.0459999539404798
v -0.0322949284493241 0.0036399763726829 0.0460000247210277
v -0.0320458777812558 0.00544384150315003 0.0459999427646038
v -0.0312362619442684 0.00411341977564283 0.0469999638721081
v -0.0316844127032848 0.00723292654485068 0.0460000247210277
v -0.0308413530578105 0.00643754123672253 0.0469999601468161
v -0.0302735272948797 0.00872561120214057 0.0469999601468161
v -0.0312347681021962 0.00899841047631341 0.0459999390393119
v -0.0304754250800827 0.0113064037592448 0.0459999762922318
v -0.0295454301590022 0.0135524445352553 0.0459999651163558
v -0.028871891786388 0.0125972503322467 0.0470000272020719
v -0.0295385290556637 0.0109590390769434 0.0469999638721081
v -0.0281238606132826 0.0142004317527187 0.0469999601468161
v -0.0284508108613309 0.0157211417679897 0.0459999278634359
v -0.0269836269783216 0.0162631472739623 0.0469999601468161
v -0.0271955420735799 0.0178042439397122 0.0459999725669398
v -0.0256930144831889 0.0182341945798873 0.0469999564215241
v -0.0257888122283457 0.0197876089175984 0.0459999613910638
v -0.0242390255842689 0.0216579020254696 0.0459999613910638
v -0.0242577526269047 0.0201036252830831 0.0469999601468161
v -0.0222833851459832 0.0222824320220281 0.0469980155443965
v -0.0229809870419526 0.0229809723584791 0.0460000247210277
v -0.0314565030670364 -0.00176344014414086 0.0469999601468161
v -0.0324540617455797 -0.00182202254402256 0.0459999576657718
v -0.0308424054527866 -0.00643004688421441 0.0469999564215241
v -0.0312368412271667 -0.00410755244361833 0.0469999564215241
v -0.0322275975226082 -0.00424070595597913 0.0459999539404798
v -0.0319335937565714 -0.00604074055682456 0.0460000247210277
v -0.0308755400620416 -0.0101627434010289 0.0459999539404798
v -0.0299280977361103 -0.00984494262155071 0.0469999601468161
v -0.0300306028694242 -0.0124397916298051 0.0459999539404798
v -0.0283809467360885 -0.0136670279417585 0.0470000272020719
v -0.0291087588871317 -0.0120537388777212 0.0469999601468161
v -0.0249951853444105 -0.0191791516854969 0.0469999638721081
v -0.0271935639435541 -0.0178075613106124 0.0459999651163558
v -0.0257871563360737 -0.0197894305844936 0.0459999651163558
v -0.0234093211104376 -0.0225525434993402 0.0459999539404798
v -0.0172582084485418 -0.02635773183464 0.0469999601468161
v -0.0191797475643113 -0.0249943017078822 0.0469999601468161
v -0.017290801027818 -0.0275188451773224 0.0460000247210277
v -0.0188089338661902 -0.0265111895754345 0.0459999464898958
v -0.0157226878099899 -0.0284502236002467 0.0459999837428158
v -0.0124366850801352 -0.030032732454219 0.0459999353140199
v -0.0120576282422503 -0.02910638317303 0.0469999601468161
v -0.00985013199105748 -0.0299255148777128 0.0469999564215241
v -0.00663668071892604 -0.0318209928098073 0.0459999800175238
v -0.00758479778836192 -0.0305785824596514 0.0469999601468161
v -0.00585491842419212 -0.030950981091924 0.0470000272020719
v -0.00484319059771451 -0.0321373630778586 0.0460000247210277
v -0.00303303142483908 -0.0323641922712807 0.0459999539404798
v -0.00411028131595983 -0.031235967652902 0.0469999638721081
v -0.000589258415261283 -0.0314994183113825 0.0469999601468161
v 0.00182298942759957 -0.03245501857102 0.0459999613910638
v 0.00117931381016926 -0.0314774204729033 0.0470000272020719
v -0.000607025729558384 -0.0325004857375972 0.0459999539404798
v 0.00363990360251987 -0.0322961051427653 0.0460000247210277
v 0.00294197388085875 -0.0313671891366462 0.0469999601468161
v 0.00527722808817594 -0.0310596962350802 0.0469999601468161
v 0.00872201393684293 -0.0302734569799912 0.0469999601468161
v 0.0104046547364326 -0.0297315744085944 0.0470000272020719
v 0.00544688440286916 -0.0320465330528291 0.0459999502151878
v 0.00723299611771095 -0.0316854481268159 0.0460000247210277
v 0.00701039967910713 -0.0307095003322464 0.0470000272020719
v 0.00900042549342025 -0.0312352337707377 0.0459999502151878
v 0.0120550447522826 -0.0291075156612429 0.0469999601468161
v 0.0136680961669112 -0.0283800093310417 0.0470000272020719
v 0.0178070203213566 -0.0271946536625502 0.0459999390393119
v 0.0172583518722819 -0.026357517630455 0.0469999601468161
v 0.0157233192469756 -0.0284499795937403 0.0459999837428158
v 0.0192994262935177 -0.0261495812461517 0.0460000247210277
v 0.020741695423961 -0.0250279056878994 0.0459999427646038
v 0.0209916308488676 -0.023493060059062 0.0469999601468161
v 0.0191809117180459 -0.0249935901774589 0.0469999601468161
v -0.0393361809963665 0.013127001496191 0.0420000222474346
v -0.039706810292536 0.0135398483978535 0.0460005462619065
v -0.0402283362644583 0.0144418668775917 0.0458604417553962
v -0.0402756027687281 0.0145077979944187 0.0420000222474346
v -0.0403889485016183 0.0161786707313251 0.0420000185221427
v -0.0403194084767757 0.0162623891774119 0.0453490820995918
v -0.0401214688142702 0.0168031821014327 0.0453242195008402
v -0.0395594973476397 0.0176388764462305 0.0420000222474346
v -0.0395384643492864 0.017619970598596 0.0455310179098753
v -0.0398443406207699 0.0172644419428777 0.0454034341097486
v -0.0404467799338601 0.015614862033285 0.0454958958569789
v -0.0399739025495213 0.0139254429392459 0.0459755048491393
v -0.0379356351357703 0.012527543633828 0.0420000222474346
v -0.0388069548459822 0.0128229777710998 0.0460000247210277
v -0.0377408843231746 0.0125004700874864 0.0460000247210277
v -0.0368249765936054 0.0125416308186221 0.0420000222474346
v -0.0363649477412044 0.0126500358313713 0.0460000209957357
v -0.0358288894053826 0.0129377567553373 0.0420000222474346
v -0.0352958224789972 0.01337732888871 0.0420000222474346
v -0.0352891318546539 0.0133699239431661 0.0460000247210277
v -0.0351792469179857 0.0175207996488663 0.0420000222474346
v -0.0347625543868465 0.0169310862142767 0.0460000247210277
v -0.0345982429347795 0.016569243191713 0.0420000222474346
v -0.0344216678216109 0.0158570925076102 0.0460000247210277
v -0.0345614929296864 0.0144607093952932 0.0460000247210277
v -0.0344013351781443 0.0154710425494939 0.0420000222474346
v -0.0346171785937646 0.0143786403214311 0.0420000222474346
v -0.0352796025578441 0.0133627359957748 0.0420000259727266
v -0.0352878540795148 0.0133701269714806 0.0460000247210277
v -0.0354723230863268 0.017804048361978 0.0460000247210277
v -0.0364546080678725 0.0183569112261636 0.0460000247210277
v -0.0363171187178501 0.0183305901884371 0.0420000259727266
v -0.0378417801303658 0.0184965835306681 0.0459993206408413
v -0.0377000104198921 0.0185014264078947 0.0420000222474346
v -0.0383809453596744 0.0183420510436583 0.0459282644213944
v -0.0389055521480399 0.0181098239047736 0.0457810334313043
v -0.0387546852746227 0.018200223658788 0.0420000222474346
v -0.0395456094592477 0.0176277974332522 0.0420000185221427
v -0.0395428899961238 0.0176248190637578 0.0455309247775755
v -0.0383350348616747 0.0141877434143851 0.0420000222474346
v -0.0386850558427732 0.0182176896817701 0.0420000222474346
v -0.0385485127169063 0.0166300194382614 0.0420000222474346
v -0.0401361092116362 0.0167666351421779 0.0420000222474346
v -0.038867278498539 0.0161749268147 0.0420000222474346
v -0.0395384643492864 0.017619970598596 0.0420000222474346
v -0.0375566537350474 0.0170926818514569 0.0420000222474346
v -0.0366405262132532 0.0183968668259279 0.0420000222474346
v -0.0361062336658161 0.016416545410114 0.0420000222474346
v -0.0364992445160251 0.0168095523476308 0.0420000222474346
v -0.0358714769429624 0.0159128023595215 0.0420000222474346
v -0.0352958224789972 0.01337732888871 0.0420000222474346
v -0.0359670753849998 0.0148224434531194 0.0420000222474346
v -0.0346981031108084 0.014230736056964 0.0420000222474346
v -0.0358231077522752 0.0153591385579485 0.0420000222474346
v -0.0344283398194945 0.0152371623130944 0.0420000222474346
v -0.0345189202932744 0.0162752656428993 0.0420000222474346
v -0.0349592386259646 0.0172197477740117 0.0420000222474346
v -0.0356961125496778 0.0179566250716463 0.0420000222474346
v -0.0376786980246425 0.0184875198996741 0.0420000222474346
v -0.0370030567247221 0.0170443853269924 0.0420000222474346
v -0.0380934198763398 0.0169487850678947 0.0420000222474346
v -0.0390111753507165 0.0156381627920026 0.0420000222474346
v -0.0404060103387523 0.0157602088860475 0.0420000222474346
v -0.0403153628097173 0.0147221763367559 0.0420000222474346
v -0.0398750444770271 0.0137776942056435 0.0420000222474346
v -0.0389628769405764 0.0150845679082978 0.0420000222474346
v -0.0391381705533139 0.013040818770654 0.0420000222474346
v -0.0387280457118837 0.0145807522145469 0.0420000222474346
v -0.0378312934335247 0.013952984940827 0.0420000222474346
v -0.0372776293679442 0.0139046194984942 0.0420000222474346
v -0.0371556521336043 0.0125098512994678 0.0420000222474346
v -0.0381936861091914 0.0126005025105689 0.0420000222474346
v -0.0367409340071989 0.0140485861312471 0.0420000222474346
v -0.0362857741113773 0.0143672800490447 0.0420000222474346
v -0.0361492980407655 0.0127796824486943 0.0420000222474346
v -0.039023893497436 0.0158510631254631 0.0270000129714608
v -0.0389486835782444 0.016012267607175 0.0420000222474346
v -0.0385573081312018 0.0166379375425268 0.0420000222474346
v -0.0385524503504981 0.0166335826783131 0.0270000129714608
v -0.0389739447829617 0.0149772031828298 0.0420000222474346
v -0.0380831008176365 0.0139910685822787 0.0420000222474346
v -0.0388260320660614 0.0146855064429253 0.0270000129714608
v -0.038181791251993 0.0140779144094668 0.0270000129714608
v -0.0373180711373604 0.0138746113548178 0.0270000129714608
v -0.0362581696980231 0.0143360295210951 0.0270000129714608
v -0.036901240770419 0.0139584694992861 0.0420000222474346
v -0.0362821866552289 0.0143633135463316 0.0420000222474346
v -0.0359095196243623 0.0161646822667207 0.0270000129714608
v -0.035894603555392 0.0160881107898333 0.0420000222474346
v -0.0358347641907888 0.0152024873121521 0.0420000222474346
v -0.0362545226372034 0.0143396747175306 0.0420000222474346
v -0.0362818066754499 0.0143636925946068 0.0270000129714608
v -0.0358769009680425 0.0149828702805074 0.0270000129714608
v -0.0364862432471173 0.0168162522820092 0.0420000222474346
v -0.0368954591173116 0.0170554270870689 0.0270000129714608
v -0.0379309300920367 0.0170301360920757 0.0270000129714608
v -0.0372688674812763 0.0171136347460422 0.0420000222474346
v -0.0380674881190714 0.0169731018995074 0.0420000222474346
v -0.0385520740960111 0.0166339570699756 0.0420000222474346
v -0.0385564289623014 0.0166388148483628 0.0270000129714608
v -0.000487889990757658 0.0440410100144578 0.00639999809041393
v 0.00048792226691995 0.0440410100144578 0.0232000065237263
v 0.0102049073760081 0.0428148344788815 0.0232000065237263
v 0.00576880364413805 0.0436473362499999 0.00639999809041393
v 0.00609048306973762 0.0435908310486363 0.0232000065237263
v 0.0112476175243162 0.0425660372493015 0.00639999855607543
v 0.0142315828960426 0.0416501187806005 0.0232000083863723
v 0.0165465808283782 0.0407990762402847 0.00639999855607543
v 0.0181244263714273 0.0401094095450288 0.0232000083863723
v 0.0209373905980663 0.0387152308731725 0.00639999902173693
v 0.0265409505358266 0.0351123723604637 0.0232000102490183
v 0.0255594515908825 0.0358150254172671 0.020568909158579
v 0.0255609137679731 0.0358139860613085 0.0164288059037677
v 0.0269605320308736 0.0347725849183768 0.0215261080346403
v 0.0264491556168708 0.0351630512079947 0.0157007050346028
v 0.0274839560390447 0.0343594725897894 0.0216521123109625
v 0.0256421139566213 0.0357961866248558 0.00639999715909094
v 0.0308600167704833 0.0314158600527733 0.0231999990731423
v 0.0378959645017879 0.0224440537362395 0.00639999995305993
v 0.0338755735492741 0.0281474562292668 0.00639999948739843
v 0.0349146543318993 0.0268207705021431 0.0232000083863723
v 0.0376738812221503 0.0227581515772845 0.0232000083863723
v 0.0406837643813003 0.016828068902442 0.00640000041872143
v 0.0399671150675872 0.0184670885457132 0.0232000083863723
v 0.0426841306747454 0.0108581526310885 0.00640000088438293
v 0.0419827438821541 0.0132614891280955 0.0232000083863723
v 0.0436824753898904 0.00539260432775416 0.00640000088438293
v 0.0430477303450041 0.00912964220460556 0.0232000102490183
v 0.0440377229555957 6.74807472722282e-07 0.00640000135004443
v 0.0437331952397984 0.00508014514872459 0.0232000102490183
v 0.0440178671494987 3.07323223284215e-07 0.0232000102490183
v -0.0102048934061632 0.0428148382041716 0.00639999762475244
v -0.00576880830075299 0.04364733997529 0.0232000065237263
v -0.00609050309318185 0.0435908310486363 0.00639999809041393
v -0.0142316043164713 0.0416501113300202 0.00639999762475244
v -0.0164711213146259 0.0408058450925314 0.0232000065237263
v -0.0119369315770184 0.0423951097602348 0.0232000065237263
v -0.0203506980940514 0.0390413017968377 0.0232000065237263
v -0.0181243388270664 0.0401094467979306 0.00639999762475244
v -0.025210253899305 0.0360616955061575 0.0169345049783909
v -0.0255612769839383 0.0358137699944784 0.0164286028753541
v -0.0232002558635215 0.0374447318351025 0.00640000228136743
v -0.0269635159897261 0.0347703124913705 0.0154729015666734
v -0.0264493009032569 0.0351630474827045 0.015700606314365
v -0.028163832995913 0.0338414560898942 0.00639999762475244
v -0.0280000244582593 0.0339411336790876 0.0153000033147615
v -0.0274852487153516 0.0343584667614424 0.0153477019534213
v -0.0347070140091544 0.0270678019441804 0.0232000065237263
v -0.0317466921341157 0.0304858394981175 0.00639999855607543
v -0.0349146133536879 0.0268208263814957 0.00639999762475244
v -0.0376738625956905 0.0227582000060568 0.00639999762475244
v -0.0378959533259121 0.0224440816759158 0.0232000065237263
v -0.039967133694047 0.0184670606060369 0.00639999762475244
v -0.0406837979089279 0.0168280055725091 0.0232000065237263
v -0.04198275505803 0.0132614639823868 0.00639999762475244
v -0.0426841455759132 0.0108581228287671 0.0232000065237263
v -0.0430477787737995 0.00912947363522517 0.00639999809041393
v -0.0437332026903823 0.00508012139999973 0.00639999809041393
v -0.0440377266808876 6.70976567479272e-07 0.0232000065237263
v -0.0436824902910582 0.00539250327925819 0.0232000065237263
v -0.0440178708747907 3.0357110301712e-07 0.00639999809041393
v 0.0299859757345014 0.032199977755108 0.0153000051774075
v 0.0280000170076754 0.0339411336790876 0.0217000046648059
v 0.0299859757345014 0.032199977755108 0.0217000046648059
v 0.0269636296111305 0.0347701970073751 0.0154725085483683
v 0.0274847905044417 0.0343596290519768 0.0153422052850878
v 0.0264483211514739 0.0351637441119671 0.0212980084059975
v 0.0259746633184714 0.0355150687777237 0.0209769105880777
v 0.0259774759138941 0.0355129602634851 0.0160206033085014
v 0.0249510853382988 0.0362415227134507 0.0194694115790243
v 0.0252071134781907 0.0360639828343245 0.0200601087783728
v 0.0226941730893806 0.0377369845745655 0.0232000009357883
v 0.0248169655148457 0.0363334964025637 0.018824407073023
v 0.0248168537560872 0.0363334666002423 0.0181759082431337
v 0.0249513740484249 0.0362412321408171 0.0175286089572656
v 0.0252088531895316 0.0360625262458664 0.0169348048643962
v 0.0299643299256222 0.0322418164890554 0.00640000181570593
v 0.0280000170076754 0.0339411336790876 0.0153000051774075
v -0.0299859850477313 0.0321999740298178 0.0217000028021599
v -0.0318143620623991 0.0304224853507685 0.0231999990731423
v -0.0299859850477313 0.0321999740298178 0.0153000033147615
v -0.0269603792939036 0.0347726072701178 0.0215265085035294
v -0.027483481064321 0.0343606572320649 0.0216576089792961
v -0.0255589989679105 0.0358153420669319 0.0205685049643979
v -0.0259782284228681 0.0355125020527936 0.016020303422496
v -0.0259746204776139 0.0355149756454694 0.0209773110569668
v -0.026447179349491 0.0351644593676806 0.0212974104966329
v -0.0281568965023009 0.0338462356371878 0.0232000102490183
v -0.025205876681263 0.0360646608371363 0.0200598088923675
v -0.0249519812710129 0.0362409117658621 0.0175277055739576
v -0.0248169655148457 0.0363335001278538 0.0181754071913608
v -0.0248168202284597 0.0363335075784342 0.0188242040446095
v -0.0249505824238854 0.0362417462308612 0.0194686050533082
v -0.0244537011208626 0.0365904929958172 0.0231999990731423
v -0.0280000244582593 0.0339411336790876 0.0217000028021599
v 0.0436824753898904 -0.00539255031104664 0.0232000102490183
v 0.0437331952397984 -0.00508011767470955 0.00640000088438293
v 0.0440377155050118 -6.67360587195811e-07 0.0232000102490183
v 0.0426841418506213 -0.0108580995457035 0.0232000102490183
v 0.0419827699591978 -0.0132613987898088 0.00640000181570593
v 0.0406837718318842 -0.0168280484133461 0.0232000102490183
v 0.0399671262434631 -0.0184670568807467 0.00640000135004443
v 0.0276099714898592 -0.0343157376831433 0.00640000135004443
v 0.022449749233915 -0.0378737101745422 0.00640000135004443
v 0.0268416803164803 -0.0349188733382309 0.0232000102490183
v 0.00576887489034661 -0.0436473213488392 0.0232000102490183
v 0.00676080698105999 -0.0435049407583779 0.00640000088438293
v 0.0112475756147817 -0.0425660409745917 0.0232000102490183
v 0.000487824245175498 -0.0440410062891676 0.00640000088438293
v -0.0181244245087813 -0.0401094058197387 0.0232000083863723
v -0.0221571927438011 -0.0380301723618622 0.00639999995305993
v -0.0310005794863649 -0.0312439155594889 0.00639999948739843
v -0.0317333295118887 -0.030500129711226 0.0232000083863723
v -0.0338287578053304 -0.0281576486231836 0.00639999948739843
v -0.0349146357054396 -0.0268207909912391 0.0232000083863723
v -0.0367647311721796 -0.0242226842167273 0.00639999902173693
v -0.0376738663209825 -0.0227581757916706 0.0232000083863723
v -0.0388468340963138 -0.0206724994444378 0.00639999902173693
v -0.0399671038917114 -0.0184671146227444 0.0232000083863723
v -0.0406837718318842 -0.0168280540012814 0.00639999855607543
v -0.041982751332738 -0.0132614807461926 0.0232000083863723
v -0.0426841194988696 -0.0108582057164735 0.00639999902173693
v -0.0430477638726317 -0.00912949412432113 0.0232000065237263
v -0.0436824753898904 -0.00539259594585127 0.00639999855607543
v -0.0437331840639225 -0.00508024666288184 0.0232000065237263
v -0.0440178708747907 -3.03576247346356e-07 0.0232000065237263
v -0.0440377229555957 -6.71061491544219e-07 0.00639999855607543
v -0.0276100348198223 -0.0343156929796612 0.0232000083863723
v -0.0268417510970273 -0.0349188249094586 0.00639999995305993
v -0.0224497306074553 -0.0378737250757029 0.0232000083863723
v -0.0128796986615517 -0.042118592646468 0.0232000083863723
v -0.0172112381049821 -0.0405412340061616 0.00640000041872143
v -0.0112476445326828 -0.0425660297987212 0.00640000041872143
v -0.00676082467619675 -0.0435049407583779 0.0232000102490183
v -0.000487911294771001 -0.0440410025638774 0.0232000102490183
v -0.00576882972118171 -0.0436473325247097 0.00640000041872143
v 0.0128796623399552 -0.0421186038223385 0.00640000135004443
v 0.0181244096076135 -0.0401094095450288 0.00640000135004443
v 0.0172112138905844 -0.0405412451820321 0.0232000102490183
v 0.0221571908811551 -0.0380301723618622 0.0232000102490183
v 0.0317332848083853 -0.0305001651014827 0.00640000135004443
v 0.0338287689812062 -0.0281576318593779 0.0232000102490183
v 0.0310006148766385 -0.031243874581297 0.0232000102490183
v 0.0349145835513523 -0.026820854321172 0.00640000135004443
v 0.0367647125457199 -0.0242227102937585 0.0232000102490183
v 0.0376738625956905 -0.0227581813796059 0.00640000135004443
v 0.0388467595904748 -0.0206726279669488 0.0232000102490183
v 0.0430477750485075 -0.00912943265703325 0.00640000088438293
v 0.0440178634242068 -2.99884722161747e-07 0.00640000088438293
v -2.21667672206897e-06 0.0438054189385457 0.00620005095901286
v -0.00209382082996494 0.0439501539123971 0.00639999809041393
v -0.00278205734197049 0.0437170289785804 0.00620002348498443
v -0.00418227770518245 0.0438062124253528 0.00640001764819689
v -0.00554879442079396 0.0434527308165853 0.00620002767593792
v -0.00695041642510235 0.0434529580592859 0.00640000926628991
v -0.00829341444130645 0.0430132918623362 0.00620005282165886
v -0.0130053993251963 0.0418247976368728 0.00619999787360198
v -0.0117256777210814 0.0424087294211119 0.00639999762475244
v -0.00969420803381732 0.0429243356582645 0.0064000553667783
v -0.0110033436118516 0.0424010292463217 0.0062000779673798
v -0.0157039328276644 0.0411017821439767 0.00639999762475244
v -0.0200734395153328 0.0389354923800174 0.00620010451008524
v -0.0176400694999425 0.0403148034187881 0.0064000120602589
v -0.0175638835542599 0.0401304350827725 0.00620001324043145
v -0.020162632317861 0.0391144702211508 0.0064001438424631
v -0.0226054459483462 0.0377552720240311 0.00640000786930541
v -0.0225037752804292 0.0375835883010589 0.00620005142467436
v -0.0149845808146411 0.0411631264972767 0.00620002627895342
v -0.0137324394094827 0.0418076911043925 0.00639999762475244
v -0.0293406527231213 0.0327958677208066 0.00640003627465685
v -0.0281601021160245 0.033555290474576 0.00620004769938237
v -0.0248409135541504 0.0360816369844605 0.00620004537107488
v -0.026526505716288 0.0348543401365417 0.00619999787360198
v -0.0313604277876293 0.0308702819935235 0.00640010472689719
v -0.0341539906937894 0.0277484944154065 0.00640004093127184
v -0.0297194795242283 0.032174861848753 0.00619999787360198
v -0.0312229701025885 0.0307255507449623 0.00620003279821441
v -0.0326431799167461 0.0292039354841789 0.00619999787360198
v -0.0327924225628728 0.0293366880621847 0.00639999762475244
v -0.0366374044185986 0.0243758104066963 0.00640007725286876
v -0.0352713733879252 0.0259687575237369 0.00619999787360198
v -0.0354327008811397 0.0260868808872283 0.00639999762475244
v -0.0381088649367672 0.0220042329397476 0.00640008330646824
v -0.03647335746226 0.0242613210637699 0.00620004956202837
v -0.0379376765957593 0.0219009585828909 0.00620005421864336
v -0.0394279684647384 0.0195422110153025 0.00640003115238036
v -0.041106916568682 0.0157057041655075 0.00640001718253539
v -0.0404053397862012 0.0169220691494098 0.00620002953858391
v -0.0403090000110656 0.017639699735359 0.00639999762475244
v -0.0392505067320856 0.0194508557243585 0.0062000346608604
v -0.0420198403393986 0.0130686718339646 0.00640006048905479
v -0.0413970870093015 0.0143259591304315 0.00620005328732036
v -0.0339999945751337 0.0276209963591915 0.00620006306621184
v -0.0422219784059325 0.0116723632274511 0.00620011382331522
v -0.0427637364384387 0.0103795497012372 0.00640015222437009
v -0.0433360008867288 0.00764518112537541 0.00640005396979381
v -0.0428777378227123 0.00896805401800569 0.00620005654695085
v -0.0249528418134535 0.0362463991182888 0.00640000088438293
v -0.0272012399076184 0.0345910254511526 0.00640002835841137
v -0.0440000230010552 0 0.00639999809041393
v -0.0439553232229394 0.00209579213987049 0.00639998365490747
v -0.043668233598763 0.0034657140504182 0.00619999787360198
v -0.0438125327824712 5.56125978271635e-07 0.00620230476066775
v -0.0433604984065962 0.00623055759538135 0.00620000392720147
v -0.0437349349511393 0.00487300737350245 0.00639997480733899
v 1.2518221278112e-06 0.0440055005485165 0.00640006607699278
v 0.00416259885045318 0.043607069588506 0.00620004257710588
v 0.00208426545611154 0.0437503964026715 0.00619999833926348
v 0.0048767033241025 0.043728968533589 0.00639999809041393
v 0.00279231120806463 0.0439167827630158 0.00640004698487132
v 0.00695313123161138 0.0434527494430362 0.00640005024450182
v 0.00691964737623601 0.0432552643603169 0.00620006958547282
v 0.00901165259203651 0.0430673271963143 0.00639999855607543
v 0.00964876412863441 0.0427295439603412 0.00620004676805937
v 0.0116723538920998 0.0422159717316238 0.00619999880492498
v 0.0110549314547841 0.0425943196523047 0.00640000181570593
v 0.0136686530980579 0.0416180328563294 0.00620009054024027
v 0.0150545781190707 0.0413504452631104 0.00640009168837522
v 0.0130647888607965 0.0420158603193317 0.00639999855607543
v 0.0156325096677407 0.0409149662923166 0.00619999880492498
v 0.0175596441720201 0.0401315936480167 0.00620005002768987
v 0.0176462143690151 0.0403125645193934 0.00640014151415561
v 0.0200708616133029 0.0389369638696362 0.00619998250677252
v 0.0201650202300014 0.0391134755686743 0.00639993010383509
v 0.0220008552791544 0.0381049240344995 0.00639999902173693
v 0.0225011228725604 0.0375844339419285 0.00620009240288627
v 0.0260910824172209 0.0354369904209609 0.00639999343379895
v 0.0248379463591118 0.0360826912415798 0.00620004583673638
v 0.0237947807938627 0.0370179104386738 0.00640005164148631
v 0.0265265336559776 0.0348531741207172 0.00619999927058648
v 0.0281572839326638 0.0335564751168514 0.00620009007457878
v 0.0282866521462338 0.0337102848975674 0.00640005024450182
v 0.0302283748937919 0.0317038249832456 0.00620005514996635
v 0.0303678274726723 0.0318480942958252 0.00640001811385839
v 0.0321783044595173 0.0297229261474548 0.00620007703605681
v 0.0323257105367123 0.029858766991015 0.00640001811385839
v 0.0335535853901041 0.0281529491696288 0.00619999973624798
v 0.0348588829861062 0.0265286798128027 0.00620004071445989
v 0.0337066017569768 0.0282820658644245 0.00639999948739843
v 0.0350207320201939 0.0266464194714062 0.00640006142037779
v 0.0366407311043105 0.0243709451777287 0.0064000567637628
v 0.0364715842232915 0.0242640572894029 0.00620002814159942
v 0.0379371289778425 0.0219017781467293 0.00620002534763042
v 0.0381127206139361 0.0219979241608375 0.00640005303847081
v 0.0394290152717765 0.0195410226477369 0.0064000148542279
v 0.0392490836705604 0.0194525935722248 0.00620006632584233
v 0.0404034287114305 0.0169247085174983 0.00620007610473381
v 0.040309271957378 0.0176405491015187 0.00640000041872143
v 0.0411585826427454 0.0149793526752603 0.00620000066757098
v 0.0411095354489233 0.0157008985411827 0.00640008097816075
v 0.0418290606880223 0.0130085633456799 0.00620005887525835
v 0.0420223176585458 0.0130628492054222 0.00640012288769565
v 0.0425695853978471 0.0103321071995451 0.0061999899573565
v 0.0427651036205846 0.0103753010077934 0.0063999696850625
v 0.0431394135052014 0.00760773963081747 0.00620008634928678
v 0.043535777118166 0.0048526514566676 0.00620010218177775
v 0.0433375431575964 0.00763926908986882 0.00640011683409617
v 0.0436463251568013 0.00557002592891729 0.00640000088438293
v 0.0438000493291446 3.72529017428678e-09 0.00620000113323248
v 0.0437555544420861 0.00208533688016572 0.00620006213488884
v 0.0438674063329042 0.00348295236503844 0.00640008516911424
v 0.0440134415026614 5.8095825234692e-07 0.00640148261927257
v -0.0440131323034295 -5.71563001860521e-07 0.0064017783143244
v -0.0438000530544366 -1.86264508714339e-09 0.00619999833926348
v -0.0436463251568013 -0.00557002220362711 0.00639999809041393
v -0.0393815513270334 -0.0191710063385308 0.00619999927058648
v -0.0322179005876607 -0.0296717760507167 0.00619999973624798
v -0.0291901174006878 -0.0326551523350532 0.00619999973624798
v -0.0275720554683855 -0.0340396638789073 0.0062001245335297
v -0.0260892942770846 -0.0354383203495531 0.00639998086093847
v -0.0198571956308278 -0.0390397185485136 0.00620000020190948
v -0.0237928157023587 -0.0370192776201678 0.00639996689109351
v -0.0176440443864538 -0.0403136709305751 0.00640000181570593
v -0.0153182151677718 -0.0410398156672176 0.0062001217395607
v -0.0110515507523389 -0.0425952062713662 0.00639999157115295
v -0.0126329930647663 -0.0419444353308201 0.0062001240678682
v 0.00700418309816449 -0.0432421327124525 0.00620007563907231
v 0.00419461261249253 -0.0436044022807412 0.00620008541796379
v 0.00556857618671337 -0.0436516240589905 0.00639999855607543
v 0.00998309790532882 -0.0426584318962042 0.00619712753612249
v 0.0110548392538083 -0.0425960109340439 0.00639836361855264
v 0.0201679408588907 -0.039117059297822 0.0063955165641481
v 0.0156177305032495 -0.0409209677347874 0.00620000159889398
v 0.017643880473608 -0.0403152355524483 0.00639814149801764
v 0.0226031642070264 -0.0377604948808554 0.00639681482840715
v 0.0243943050660016 -0.036383690962372 0.00620009705950126
v 0.0303698763832451 -0.0318451773936188 0.00640010426123569
v 0.0302307721191621 -0.0316946793958678 0.00620000159889398
v 0.0316824681008866 -0.0302511331786218 0.00620002627895342
v 0.032327766897869 -0.0298558668526144 0.00640008936006773
v 0.035192210933974 -0.026085826630109 0.00620002814159942
v 0.0341548437856461 -0.0277474103559657 0.0064000558324398
v 0.0366382537851633 -0.0243745512586174 0.00640006421434678
v 0.0354326971558478 -0.026086875299293 0.00640000135004443
v 0.0367450430042205 -0.0238486725338093 0.00620002301932293
v 0.0378141757170115 -0.0221039421939075 0.00620000159889398
v 0.0377518813850129 -0.0226006835616174 0.00640000135004443
v 0.0387889616858606 -0.0207816932873814 0.00640008936006773
v 0.0400293013661193 -0.0182786745445683 0.00640008703176023
v 0.0399982510577107 -0.0178631445026578 0.00620001510307745
v 0.0388092086476123 -0.0203173321418664 0.00620001789704644
v 0.041032112706313 -0.0153400818360619 0.006199989491695
v 0.0411072853725851 -0.0157045381496829 0.00640008144382225
v 0.0427639599559558 -0.0103786835712716 0.00640013825452512
v 0.0420201942421339 -0.0130674639086256 0.00640008190948374
v 0.041906293440743 -0.0127599840455752 0.00619998576640301
v 0.0426181036002122 -0.0101311883306076 0.00620001230910845
v 0.043039206877021 -0.00812988514920967 0.00620000113323248
v 0.0437347635877096 -0.00487266557812896 0.00640017271347604
v 0.0433764203043933 -0.00611436300087771 0.00620006586018083
v 0.0433363287124205 -0.00764348053041085 0.00640002090782738
v 0.043955353025275 -0.00209476954771765 0.00639999948739843
v 0.0436096235805036 -0.0040827597061859 0.00620000113323248
v 0.0335004664521799 -0.0282254414537753 0.00619999647661749
v 0.0440000192757632 3.72529017428678e-09 0.00640000088438293
v 0.0437582180258308 -0.00204030301140195 0.00619992942136164
v 0.0438000493291446 3.72529017428678e-09 0.00620000113323248
v 0.0180671500076861 -0.0399000482372339 0.00620000159889398
v 0.0282868067458498 -0.0337089586942653 0.00640009029139073
v 0.0287239362286302 -0.0330737892689691 0.00620000532418597
v 0.0266087322228686 -0.0347987103783691 0.00619993547496113
v 0.0083287646679491 -0.0432100058099895 0.00639998784586096
v 0.0266476764249206 -0.035012325967543 0.00640000135004443
v 0.0249537321582297 -0.0362455385762586 0.006400191339936
v 0.0226670958048374 -0.0374785649204654 0.00620000159889398
v 0.0204199792111034 -0.0387487398582902 0.00620000159889398
v 0.0157039272397265 -0.0411017784186866 0.00640000135004443
v 0.0137332915700165 -0.0418083840083649 0.00639909237879849
v 0.0130823284666231 -0.0418006130530614 0.00620000159889398
v 0.00348752146660179 -0.0438614733797982 0.00640000088438293
v 0.00139757878197284 -0.0439822845401503 0.006401071440169
v 0.00206984298832463 -0.0437510930319341 0.00620000113323248
v -0.000697914820493318 -0.0439944848654711 0.00640000088438293
v -0.00278810232665265 -0.0439171254897119 0.00639997154770849
v -0.00218092933164684 -0.0437456503829895 0.00620000113323248
v -5.75445411058261e-05 -0.043805489719059 0.00620011941125321
v -0.00556906932223533 -0.0436517656200171 0.00640003720597985
v -0.00430301674561028 -0.0435936436427179 0.00620011615162272
v -0.0098934999773009 -0.0426736497065662 0.00620007237944182
v -0.00711264031669254 -0.043224102308009 0.00620010264743925
v -0.00832820773680248 -0.0432102963826231 0.00640002742708837
v -0.0130647916547654 -0.0420158565940415 0.00640000041872143
v -0.015051840029487 -0.0413515740260332 0.00639997247903149
v -0.0179408383961616 -0.0399627821237689 0.0062001249991912
v -0.0201623640968406 -0.0391148464754584 0.00639993056949659
v -0.0220008590044464 -0.0381049203092093 0.00639999995305993
v -0.021733016101133 -0.0380338045197822 0.00620014222866666
v -0.0253174286860791 -0.0357484582071428 0.00620010916670023
v -0.0235480453947417 -0.0369312303868985 0.00620000020190948
v -0.0303666800827515 -0.0318491932564266 0.0064000125259204
v -0.0282854842672073 -0.0337112348465618 0.00640007026794627
v -0.030745005832091 -0.0312034253805846 0.00620007284510331
v -0.0323248686207314 -0.0298596908629783 0.00640000833496691
v -0.0337066054822688 -0.0282820621391343 0.00639999948739843
v -0.0336236693075716 -0.0280774934171486 0.00620011987691471
v -0.0353686184090048 -0.0258449121145378 0.00620010218177775
v -0.0350200875446864 -0.0266473899094966 0.00639998784586096
v -0.0433419650791418 -0.00635464514844176 0.00620015014491214
v -0.043337647465771 -0.00763876617569529 0.00640010426123569
v -0.0362422627013938 -0.0249499204633909 0.00639999902173693
v -0.0373916829063051 -0.0232024483099208 0.00639999669342944
v -0.0369667165017435 -0.0235023416195313 0.00620012686183719
v -0.0384088366205089 -0.0210636232477714 0.00620010451008524
v -0.0405889780529081 -0.0170015556658586 0.0063999687537395
v -0.0384498669860533 -0.0213920280657308 0.00639999902173693
v -0.0422182531139819 -0.0123957233096884 0.00639999855607543
v -0.0402702048206916 -0.0172405460690547 0.00620009892214726
v -0.03942875450134 -0.0195416969252585 0.00639994919595655
v -0.0415859816629508 -0.0143918967665163 0.00640004558788683
v -0.0413005386178167 -0.0146000417670694 0.00620013338109818
v -0.0421584957058016 -0.0118982387465887 0.00620013244977518
v -0.0427651036205846 -0.0103754947228825 0.00639991985928211
v -0.0428400117911282 -0.00914686328975874 0.00620002395064593
v -0.0435937165838743 -0.00424532764410161 0.00619999833926348
v -0.0437536247408557 -0.00212893884051875 0.00620009147156327
v -0.0438675180916627 -0.00348241080097935 0.00640001578555089
v -0.0387280457118837 0.0145807522145469 0.0270000129714608
v -0.0370030567247221 0.0170443853269924 0.0270000129714608
v -0.0390111753507165 0.0156381627920026 0.0270000129714608
v -0.038867278498539 0.0161749268147 0.0270000129714608
v -0.0389628769405764 0.0150845679082978 0.0270000129714608
v -0.0383350348616747 0.0141877434143851 0.0270000129714608
v -0.0385485127169063 0.0166300194382614 0.0270000129714608
v -0.0375566537350474 0.0170926818514569 0.0270000129714608
v -0.0380934198763398 0.0169487850678947 0.0270000129714608
v -0.0372776293679442 0.0139046194984942 0.0270000129714608
v -0.0378312934335247 0.013952984940827 0.0270000129714608
v -0.0364992445160251 0.0168095523476308 0.0270000129714608
v -0.0367409340071989 0.0140485861312471 0.0270000129714608
v -0.0358231077522752 0.0153591385579485 0.0270000129714608
v -0.0362857741113773 0.0143672800490447 0.0270000129714608
v -0.0359670753849998 0.0148224434531194 0.0270000129714608
v -0.0358714769429624 0.0159128023595215 0.0270000129714608
v -0.0361062336658161 0.016416545410114 0.0270000129714608
v 0.0176199752751607 -0.0395384380453061 0.0455309210522835
v 0.0157642210899476 -0.0404105359256869 0.0454520156426104
v 0.0148427514994962 -0.0403692075564934 0.0420000147968507
v 0.013122038216171 -0.0392621407236596 0.0460000247210277
v 0.0135370636791623 -0.0397239016166329 0.0420000185221427
v 0.0125682242075894 -0.036728760865926 0.0420000222474346
v 0.0126321567367234 -0.0363685476578135 0.0460000247210277
v 0.0133293125289818 -0.0352553713490938 0.0420000371486026
v 0.0133773324735486 -0.035295794472775 0.0460000247210277
v 0.0125604206522758 -0.0382467570073051 0.0420000259727266
v 0.0125622730536983 -0.0381576964951084 0.0460000247210277
v 0.0138085163903758 -0.0398985506705838 0.0459897801680509
v 0.0144709375604864 -0.0402581939092997 0.0458529054896973
v 0.0164487621123382 -0.0402625040700313 0.0453248416246028
v 0.0171097052728673 -0.0399516248796969 0.0453652684932951
v 0.0165624766491315 -0.0402790816113069 0.0419999775439307
v 0.0176199752751607 -0.0395384380453061 0.0420000222474346
v 0.0184085786029005 -0.036585251512542 0.0460000247210277
v 0.0185208738034607 -0.03756202259624 0.0420000222474346
v 0.0181880320061925 -0.0387836011237412 0.0420000222474346
v 0.0183449375778617 -0.0383706750596626 0.0459308311475766
v 0.0184772599479486 -0.0378660845055554 0.0459980614921481
v 0.0176199752751607 -0.0395384380453061 0.0455309210522835
v 0.0176246579671427 -0.0395426737002342 0.0420000222474346
v 0.0180961663066897 -0.0389454091024614 0.0457703194915366
v 0.0176288898987986 -0.0352509978584292 0.0460000247210277
v 0.0181602133885511 -0.0359247612899311 0.0420000185221427
v 0.0164109466737472 -0.0345422949303827 0.0460000247210277
v 0.0170711540891161 -0.0348432089695009 0.0420000222474346
v 0.016030555250021 -0.0344480376383929 0.0420000222474346
v 0.0149147939892067 -0.0344581294494751 0.0420000222474346
v 0.0148661044234118 -0.0344316389110457 0.0460000247210277
v 0.0133577700341927 -0.0352741430862821 0.0460000247210277
v 0.0133773324735486 -0.035295794472775 0.0420000222474346
v 0.0138787074099868 -0.034872836202257 0.0420000222474346
v 0.0147221097823206 -0.0403152616294796 0.0420000222474346
v 0.0137776979813911 -0.0398750180125529 0.0420000222474346
v 0.0148224495896882 -0.0359670545092798 0.0420000222474346
v 0.0127796857485528 -0.0361491317918382 0.0420000222474346
v 0.0153591421564645 -0.0358230832199141 0.0420000222474346
v 0.015912808084691 -0.0358714486622469 0.0420000222474346
v 0.0164165495128409 -0.0361062089984501 0.0420000222474346
v 0.013040822195032 -0.0391381444402084 0.0420000222474346
v 0.0141877473856594 -0.0383350091315339 0.0420000222474346
v 0.0139529888001597 -0.0378312679435865 0.0420000222474346
v 0.0183969445161387 -0.0366405720716301 0.0420000222474346
v 0.0170443915917427 -0.0370030316297177 0.0420000222474346
v 0.0176199752751607 -0.0395384380453061 0.0420000222474346
v 0.0182176946433495 -0.0386850299457296 0.0420000222474346
v 0.0166300236427806 -0.0385484868849714 0.0420000222474346
v 0.0169487894244133 -0.03809339426141 0.0420000222474346
v 0.0161749326648601 -0.0388672487893146 0.0420000222474346
v 0.0156381683862137 -0.0390111455728768 0.0420000222474346
v 0.016809558500404 -0.0364992159359668 0.0420000222474346
v 0.0184875249899186 -0.0376786726074674 0.0420000222474346
v 0.0170926862765908 -0.0375566283760676 0.0420000222474346
v 0.0179566299087404 -0.0356960880778727 0.0420000222474346
v 0.0172197541223813 -0.034959210780238 0.0420000222474346
v 0.0162752715409047 -0.0345189001080882 0.0420000222474346
v 0.0152371667847706 -0.0344283159522103 0.0420000222474346
v 0.0142308108292858 -0.0346981498954044 0.0420000222474346
v 0.0143672841059287 -0.0362857456331097 0.0420000222474346
v 0.0133773324735486 -0.035295794472775 0.0420000222474346
v 0.014048591898812 -0.0367409127624745 0.0420000222474346
v 0.0139046233347645 -0.0372776041420135 0.0420000222474346
v 0.0125098544706608 -0.0371556269658368 0.0420000222474346
v 0.0126005075876337 -0.0381936641717412 0.0420000222474346
v 0.0145807563732224 -0.0387280197943408 0.0420000222474346
v 0.0150845723072113 -0.0389628509110574 0.0420000222474346
v 0.0157602126758088 -0.040405983621094 0.0420000222474346
v 0.0167665686312935 -0.0401361571284802 0.0420000222474346
v 0.0166379398881757 -0.0385572822950729 0.0270000166967528
v 0.015851068821193 -0.039023867438822 0.0420000222474346
v 0.0141924691932068 -0.0383748138570462 0.0420000222474346
v 0.0148262568380617 -0.0388833159658363 0.0420000222474346
v 0.01395847522388 -0.0369012119986741 0.0270000166967528
v 0.0143633194639702 -0.036282161903962 0.0270000166967528
v 0.0140010301651552 -0.0367811421710667 0.0420000222474346
v 0.0143672841059287 -0.0362857456331097 0.0420000222474346
v 0.0139910715284481 -0.0380830752076273 0.0270000166967528
v 0.0139023537006435 -0.0376399146884941 0.0420000222474346
v 0.0149772140498087 -0.0389739187481652 0.0270000166967528
v 0.0160122826930031 -0.0389486538302032 0.0270000166967528
v 0.0166335850218854 -0.0385524245166857 0.0420000222474346
v 0.0170554333570844 -0.036895437798904 0.0420000222474346
v 0.0170389172752212 -0.0379329646400544 0.0270000166967528
v 0.0170062650912738 -0.0367510530023289 0.0270000166967528
v 0.0166339612763724 -0.0385520482623781 0.0270000166967528
v 0.0166388190570761 -0.0385564031265918 0.0420000222474346
v 0.0170301423500314 -0.0379309008292978 0.0420000222474346
v 0.0161646899746418 -0.035909498776087 0.0420000222474346
v 0.0160201691360626 -0.0358602839675945 0.0270000166967528
v 0.0149828653176978 -0.0358768838606112 0.0420000222474346
v 0.0148626017176552 -0.035919523531946 0.0270000166967528
v 0.0143636985124262 -0.0362817819243642 0.0420000222474346
v 0.0143672841059287 -0.0362857456331097 0.0270000166967528
v 0.0363171149925581 -0.0183305846005019 0.0420000259727266
v 0.0351792469179857 -0.0175208015115114 0.0420000222474346
v 0.0347625469362626 -0.0169310731757611 0.0460000247210277
v 0.0345982317589036 -0.0165692301531973 0.0420000222474346
v 0.0344013277275604 -0.0154710323049459 0.0420000222474346
v 0.0345614854791025 -0.0144607066013256 0.0460000247210277
v 0.0346171711431807 -0.0143786226263028 0.0420000222474346
v 0.0352878466289309 -0.0133701185895777 0.0460000247210277
v 0.0352795951072602 -0.0133627276138719 0.0420000259727266
v 0.0344216566457351 -0.0158570850570298 0.0460000247210277
v 0.0364546080678725 -0.0183569075008734 0.0460000247210277
v 0.0354722970092831 -0.0178040278728821 0.0460000247210277
v 0.037652241001209 -0.0185064872145964 0.0460005909654104
v 0.0377084593820362 -0.0185012475939663 0.0420000222474346
v 0.0387889467846928 -0.0181848959523659 0.0420000259727266
v 0.038131522162411 -0.018413969633118 0.045972539516714
v 0.0386658519627677 -0.0182270606492035 0.045855252423652
v 0.0395607266939835 -0.0176447065253532 0.0455323068609043
v 0.0395429570513789 -0.0176249159213023 0.0420000222474346
v 0.0404082753162583 -0.0157789508209143 0.0454500449631469
v 0.0403711974854735 -0.0148436906456284 0.0420000222474346
v 0.040319386125024 -0.0162569428031771 0.0453527179845756
v 0.0402731999554199 -0.0165764441776198 0.0420000036209747
v 0.0401847540739277 -0.0166566012463 0.0453231242649947
v 0.0402478456184038 -0.0144362370328158 0.0458632469002658
v 0.0397159521589829 -0.0135295582150695 0.0420000259727266
v 0.0398860042859458 -0.0137902605407239 0.0459916837922586
v 0.0392614628157124 -0.0131208938829503 0.0460000247210277
v 0.0399296460811476 -0.0171440480150251 0.0453709905417942
v 0.0395384531734106 -0.0176199612853705 0.0420000222474346
v 0.0395384531734106 -0.0176199612853705 0.0455310179098753
v 0.0382459780323026 -0.0125601427168207 0.0420000222474346
v 0.0381567461142088 -0.0125615369066684 0.0460000247210277
v 0.0367284840814999 -0.0125683132094954 0.0420000222474346
v 0.0363685277467689 -0.0126327923944771 0.0460000284463197
v 0.0352958150284133 -0.0133773214381297 0.0460000247210277
v 0.0352553546325374 -0.0133292596069461 0.0420000296980186
v 0.0383799879596431 0.0126270154007393 0.0420000222474346
v 0.0344502706132079 0.0149459405476871 0.0420000222474346
v 0.0345290866150077 0.0164657192404146 0.0420000259727266
v 0.0343720469328283 0.0156846804904089 0.0460000284463197
v 0.0348559139284216 0.0170864606168658 0.0460000247210277
v 0.0352884054227235 0.0176266705329744 0.0420000222474346
v 0.0352958113031214 0.017619970598596 0.0460000247210277
v 0.0347532113546343 0.0140649010395654 0.0460000247210277
v 0.0356721961753546 0.0130278845631689 0.0460000247210277
v 0.034946382643443 0.0137536800538575 0.0420000222474346
v 0.0359833251084885 0.012834779490372 0.0420000222474346
v 0.0371381879649397 0.0124984388730189 0.0420000222474346
v 0.036864557820581 0.0125318053657874 0.0460000247210277
v 0.0383840187255337 0.0126106604455516 0.0460000209957357
v 0.0395451102701264 0.0133699639900355 0.0460000247210277
v 0.0395532798353741 0.0133608491363015 0.0420000222474346
v 0.0402212060556648 0.0166092081047027 0.0420000222474346
v 0.0404137067919223 0.015703768877262 0.045469412756211
v 0.0404333316299183 0.0154982548628945 0.0420000222474346
v 0.0401884979923381 0.0166465001219924 0.045323422288354
v 0.0403253763944806 0.0162426786670997 0.0453501549836854
v 0.0400023749559001 0.0170222701418727 0.0453511272848952
v 0.0394619692043719 0.0177396567213155 0.0420000259727266
v 0.0402963265678495 0.01457194749122 0.0458224437770824
v 0.0402228377335391 0.0143915167869186 0.0420000222474346
v 0.0399338035069646 0.0138551336751415 0.045987962225559
v 0.0395552132618965 0.0133622442574718 0.0420000296980186
v 0.0395384531734106 0.0133773307513551 0.0460000247210277
v 0.0396834154590859 0.0174718567865565 0.0454708991477156
v 0.0382618999300996 0.0183950246699367 0.0420000222474346
v 0.0387960658176105 0.0181869560378322 0.0458233192207004
v 0.0380383451601415 0.0184399051033114 0.0459878839944272
v 0.0371493601154997 0.0185022366585076 0.0420000222474346
v 0.0370348297397691 0.0184886058217599 0.0460000247210277
v 0.0360945660514267 0.018208752710642 0.0420000222474346
v 0.0360099348688919 0.0181642336304142 0.0460000247210277
v 0.0352890163706034 0.017627452843911 0.0420000222474346
v 0.0352919109224491 0.0176242621328768 0.0460000247210277
v 0.0149459597816658 0.034450261636627 0.0460000247210277
v 0.0130278814621184 0.0356721866161144 0.0420000222474346
v 0.0124984364508321 0.0371381851572408 0.0460000247210277
v 0.01253180575348 0.0368645365169082 0.0420000222474346
v 0.0126270121085396 0.0383799771092278 0.0460000247210277
v 0.013360847125344 0.0395532721507801 0.0460000247210277
v 0.0126106580768762 0.0383840041479062 0.0420000259727266
v 0.0133699629147472 0.0395450988641377 0.0420000222474346
v 0.0128347762972419 0.0359833191261807 0.0460000247210277
v 0.0137536819555083 0.0349463734302975 0.0460000247210277
v 0.0140648919137421 0.0347532096841803 0.0420000222474346
v 0.0164657252292354 0.0345290813261345 0.0460000209957357
v 0.0156846712056336 0.0343720379935473 0.0420000185221427
v 0.0170864855281389 0.0348559196595756 0.0420000222474346
v 0.0176199715498688 0.0352958019233554 0.0420000222474346
v 0.017626671487442 0.0352883960464889 0.0460000247210277
v 0.0170281046153344 0.0399997295517175 0.0453500432249257
v 0.0174747708455085 0.0396806062942274 0.0454699342970898
v 0.0183024319967049 0.0385277668210221 0.0420000222474346
v 0.0184407576747702 0.0380335847276619 0.0459880479072748
v 0.01819109233353 0.0387885930125747 0.0458247720845771
v 0.0185140192662715 0.0374299647848517 0.0420000222474346
v 0.0183184433015087 0.0363492022259385 0.0420000222474346
v 0.0176403507594848 0.0352773021323499 0.0420000259727266
v 0.0176354389620479 0.0352817315023671 0.0460000247210277
v 0.0184426389472053 0.0366244788180772 0.0460000247210277
v 0.0175417199297995 0.0396598303509254 0.0420000296980186
v 0.016338500921183 0.0403150306614888 0.0420000222474346
v 0.0166467092254276 0.0401884154990451 0.045323422288354
v 0.0162447148336796 0.0403244966238216 0.0453514327588385
v 0.0157081591713824 0.040413423025572 0.045470735234868
v 0.0152178399701307 0.0404204861757425 0.0420000222474346
v 0.0145690226349008 0.0402953611293685 0.0458233341218684
v 0.0141312281875072 0.0401062095207691 0.0420000222474346
v 0.0133773296795796 0.0395384417705962 0.0460000247210277
v 0.0133727410512194 0.0395434858134922 0.0420000222474346
v 0.0138597680257098 0.0399368913570576 0.0459877424333315
v -0.0362778504153983 -0.0166388111230727 0.0270000148341068
v -0.0369033492856631 -0.0170301342294306 0.0270000148341068
v -0.039030610198823 -0.0155725278357444 0.0270000148341068
v -0.0385797604657883 -0.014339671923563 0.0420000222474346
v -0.038891731314903 -0.0148487225813313 0.0270000148341068
v -0.0385524764275418 -0.0143636879379941 0.0270000148341068
v -0.039061477967926 -0.0155502934413391 0.0420000222474346
v -0.0387810752428011 -0.0163717152681567 0.0270000148341068
v -0.0385841414091222 -0.0166323123543636 0.0420000222474346
v -0.0379387941833445 -0.0170554308123591 0.0270000148341068
v -0.0376411284553202 -0.0171126643079518 0.0420000222474346
v -0.0367667838080444 -0.016973094448927 0.0420000222474346
v -0.0362822052816886 -0.0166339533446854 0.0420000222474346
v -0.0359784859542446 -0.0147553910239498 0.0270000148341068
v -0.0361207585791316 -0.0145468101644464 0.0420000222474346
v -0.0364651618199686 -0.0142023893927053 0.0270000148341068
v -0.0358271534193336 -0.0152008630856361 0.0420000222474346
v -0.0358103896055557 -0.0158510631254631 0.0270000148341068
v -0.0362818290272016 -0.0166335770903778 0.0270000148341068
v -0.036276971246498 -0.0166379319545915 0.0420000222474346
v -0.0358856107006231 -0.0160122936842062 0.0420000222474346
v -0.0366738750267954 -0.0140600106648891 0.0420000222474346
v -0.0371195615051865 -0.0139086204601414 0.0270000148341068
v -0.0375438834342406 -0.013884064278635 0.0420000222474346
v -0.0380531196680178 -0.0140010272142371 0.0270000148341068
v -0.0385801404455673 -0.0143313179603472 0.0420000222474346
v -0.0385485089916143 -0.0143672744611094 0.0270000148341068
v -0.0133773343361945 -0.0395384380453061 0.0460000247210277
v -0.0133727475704803 -0.039543482088202 0.0420000222474346
v -0.0138597736136477 -0.0399368876317674 0.0459877424333315
v -0.0141312086297244 -0.0401061908943182 0.0420000222474346
v -0.0181910848829461 -0.0387886116390256 0.0458247646339931
v -0.0184407651253541 -0.0380335772770815 0.0459880479072748
v -0.0185140248542095 -0.037429972235432 0.0420000222474346
v -0.0183184526147386 -0.0363491985006483 0.0420000222474346
v -0.0184426426724972 -0.0366244639169165 0.0460000247210277
v -0.0176403582100687 -0.0352772946817695 0.0420000259727266
v -0.0176354445499858 -0.0352817277770769 0.0460000247210277
v -0.0183024413099347 -0.0385277519198614 0.0420000222474346
v -0.0170281083406264 -0.0399997295517175 0.0453500432249257
v -0.0175417236550915 -0.0396598266256352 0.0420000296980186
v -0.0174747857466764 -0.0396805876677765 0.0454699380223818
v -0.0166467148133655 -0.0401884080484648 0.045323422288354
v -0.0152178381074847 -0.0404204824504523 0.0420000222474346
v -0.0162447185589715 -0.0403244928985314 0.0453514327588385
v -0.0163384822947233 -0.0403150343867789 0.0420000222474346
v -0.0157081796604881 -0.0404134155749917 0.045470731509576
v -0.0145690272915158 -0.0402953536787882 0.0458233341218684
v -0.0130278861187334 -0.0356721828908243 0.0420000222474346
v -0.0128347837478258 -0.0359833116756004 0.0460000247210277
v -0.0125318094787719 -0.0368645365169082 0.0420000222474346
v -0.012498443901416 -0.0371381628054998 0.0460000247210277
v -0.0126106627334912 -0.038384000422616 0.0420000259727266
v -0.0133699685026851 -0.0395450951388475 0.0420000222474346
v -0.0126270176964775 -0.0383799659333572 0.0460000247210277
v -0.0133608527132819 -0.0395532647001997 0.0460000247210277
v -0.0137536866121232 -0.0349463697050073 0.0460000247210277
v -0.01406489750168 -0.0347532022336 0.0420000222474346
v -0.0149459635069577 -0.0344502541860466 0.0460000247210277
v -0.0156846693429876 -0.034372030542967 0.0420000185221427
v -0.0170865097425366 -0.0348559271101559 0.0420000222474346
v -0.0164657159160055 -0.034529070150264 0.0460000209957357
v -0.0176266770753799 -0.0352883923211987 0.0460000247210277
v -0.0176199771378067 -0.0352957981980652 0.0420000222474346
v -0.0184875268525645 -0.0371555599106137 0.0420000222474346
v -0.0164165532381329 -0.038728023519631 0.0420000222474346
v -0.0172197559850272 -0.0398750217378431 0.0420000222474346
v -0.0166300273680726 -0.0362857456331097 0.0420000222474346
v -0.0157602164011007 -0.0344282488969871 0.0420000222474346
v -0.0167665704939395 -0.0346980828401812 0.0420000222474346
v -0.0176199771378067 -0.0352957981980652 0.0420000222474346
v -0.0170443934543886 -0.0378312008883634 0.0420000222474346
v -0.0156381702488597 -0.0358230906704945 0.0420000222474346
v -0.0147221125762896 -0.0345189708886015 0.0420000222474346
v -0.0141877520422743 -0.0364992233865472 0.0420000222474346
v -0.0145807619611603 -0.0361062127237403 0.0420000222474346
v -0.0168095640883419 -0.0383350128568241 0.0420000222474346
v -0.0133773343361945 -0.0395384380453061 0.0420000222474346
v -0.014048594692781 -0.0380933272061869 0.0420000222474346
v -0.0127796894738447 -0.0386851044515331 0.0420000222474346
v -0.0139046261287334 -0.0375566321013578 0.0420000222474346
v -0.0153591440191105 -0.039011149298167 0.0420000222474346
v -0.0139529925254516 -0.0370029682997847 0.0420000222474346
v -0.013040822195032 -0.0356960880778727 0.0420000222474346
v -0.0125098572646297 -0.0376786055522443 0.0420000222474346
v -0.0126005085189567 -0.0366405720716301 0.0420000222474346
v -0.0137776989127141 -0.0349592145055282 0.0420000222474346
v -0.0150845769638263 -0.0358713853323139 0.0420000222474346
v -0.0161749363901521 -0.0359669837287665 0.0420000222474346
v -0.0169487912870593 -0.0367408382566711 0.0420000222474346
v -0.0182176946433495 -0.0361492062976417 0.0420000222474346
v -0.0183969482414306 -0.0381936641717412 0.0420000222474346
v -0.0170926881392368 -0.0372776078673037 0.0420000222474346
v -0.0179566336340323 -0.0391381444402084 0.0420000222474346
v -0.0162752752661967 -0.040315336135283 0.0420000222474346
v -0.0152371677160936 -0.0404059165658708 0.0420000222474346
v -0.015912808084691 -0.0389627838558342 0.0420000222474346
v -0.0148224495896882 -0.0388671817340915 0.0420000222474346
v -0.0143672841059287 -0.0385484868849714 0.0420000222474346
v -0.0142308145545778 -0.0401360826226767 0.0420000222474346
v -0.0157309281557847 0.0358286115505327 0.0270000129714608
v -0.0164760275241249 0.0361198621869388 0.0270000129714608
v -0.016795895992175 0.0364397044254326 0.0420000222474346
v -0.0170243700101539 0.037982566878725 0.0420000222474346
v -0.0170614646047525 0.0377840647917881 0.0270000129714608
v -0.0166555307167667 0.038569959457536 0.0270000129714608
v -0.0166300348186565 0.0385484943355518 0.0420000222474346
v -0.0170668271625154 0.0369804265689401 0.0270000129714608
v -0.0170871653939199 0.0371845352175893 0.0420000222474346
v -0.0159353982550797 0.0358490000636566 0.0420000222474346
v -0.014933640241185 0.0358913193600365 0.0270000129714608
v -0.0151314811834538 0.0358543719320879 0.0420000222474346
v -0.0143672896938666 0.03628575308369 0.0270000129714608
v -0.0143458832349952 0.0362603093517996 0.0420000222474346
v -0.0140779276416004 0.038181776770795 0.0420000222474346
v -0.0138746235586859 0.0373180533427259 0.0420000222474346
v -0.013991082704324 0.0380830863834978 0.0270000129714608
v -0.0139584817431409 0.0369012194492544 0.0270000129714608
v -0.0143633241205851 0.0362821656292522 0.0270000129714608
v -0.0143360419449846 0.0362581524087887 0.0420000222474346
v -0.0146855302093342 0.0388260210029558 0.0420000222474346
v -0.0158510781344229 0.0390238748894024 0.0420000222474346
v -0.0149772168437777 0.0389739261987455 0.0270000129714608
v -0.0166335961977613 0.038552431967266 0.0420000222474346
v -0.0166379492014056 0.0385572860203631 0.0270000129714608
v -0.0160122938688789 0.0389486612807835 0.0270000129714608
v 0.0125098516766918 0.0376786130028246 0.0420000222474346
v 0.0133773296795796 0.0395384417705962 0.0420000222474346
v 0.0143672785179908 0.0385484943355518 0.0420000222474346
v 0.0139529869375137 0.0370029720250749 0.0420000222474346
v 0.016809556637758 0.0383350203074045 0.0420000222474346
v 0.016416547650195 0.0387280272449212 0.0420000222474346
v 0.0130408175384171 0.035696095528453 0.0420000222474346
v 0.0145807563732224 0.0361062201743206 0.0420000222474346
v 0.0167665667686476 0.0346980865654714 0.0420000222474346
v 0.0169487856991213 0.0367408457072514 0.0420000222474346
v 0.0166300217801346 0.0362857493583998 0.0420000222474346
v 0.0176199715498688 0.0352958019233554 0.0420000222474346
v 0.0170926825512988 0.0372776115925939 0.0420000222474346
v 0.0161749308022141 0.0359669911793468 0.0420000222474346
v 0.0156381646609218 0.0358230943957846 0.0420000222474346
v 0.0184875212646266 0.0371555636359039 0.0420000222474346
v 0.0183969445161387 0.0381936678970313 0.0420000222474346
v 0.0182176909180576 0.0361492100229319 0.0420000222474346
v 0.0170443878664507 0.0378312046136536 0.0420000222474346
v 0.0179566261834484 0.0391381518907888 0.0420000222474346
v 0.0172197522597353 0.0398750254631332 0.0420000222474346
v 0.0162752678156128 0.0403153435858634 0.0420000222474346
v 0.0159128043593991 0.0389627875811244 0.0420000222474346
v 0.0153591393624956 0.0390111530234572 0.0420000222474346
v 0.0152371621281557 0.040405920291161 0.0420000222474346
v 0.0148224440017503 0.0388671854593817 0.0420000222474346
v 0.0142308089666398 0.0401360900732571 0.0420000222474346
v 0.0140485891048431 0.0380933309314771 0.0420000222474346
v 0.0127796848172298 0.0386851081768232 0.0420000222474346
v 0.0139046214721185 0.0375566358266479 0.0420000222474346
v 0.0126005029310188 0.0366405795222105 0.0420000222474346
v 0.0137776933247762 0.0349592182308184 0.0420000222474346
v 0.0141877464543364 0.0364992308371275 0.0420000222474346
v 0.0150845713758883 0.0358713890576041 0.0420000222474346
v 0.0157602126758088 0.0344282526222773 0.0420000222474346
v 0.0147221069883516 0.0345189746138917 0.0420000222474346
v 0.015266647813945 0.0358285966493721 0.0270000148341068
v 0.0139305914136294 0.0369802850079135 0.0270000148341068
v 0.0142013791602298 0.0364399353934234 0.0420000222474346
v 0.0139101153464227 0.0371854330125213 0.0420000222474346
v 0.0139728455375796 0.037982138470355 0.0420000222474346
v 0.0139358915727522 0.0377842771333281 0.0270000148341068
v 0.0143418291860299 0.0385699073034736 0.0270000148341068
v 0.0143672785179908 0.0385484943355518 0.0420000222474346
v 0.0145214180603866 0.0361198696375192 0.0270000148341068
v 0.0150618657214492 0.0358490224153977 0.0420000222474346
v 0.0158656030477384 0.0358543235033157 0.0420000222474346
v 0.0166514887750002 0.036260253472447 0.0420000222474346
v 0.0166300236427806 0.0362857493583998 0.0270000148341068
v 0.0160640977787446 0.0358914199428712 0.0270000148341068
v 0.0170554333570844 0.0379387835433066 0.0420000222474346
v 0.0163717249374448 0.0387810567505522 0.0420000222474346
v 0.017112668742614 0.0376411142319302 0.0270000148341068
v 0.0166323128346843 0.0385841267360688 0.0270000148341068
v 0.016973111855559 0.0367667960786055 0.0270000148341068
v 0.0166339612763724 0.0362821879809932 0.0270000148341068
v 0.0170301423500314 0.0369033428646538 0.0420000222474346
v 0.0166388171944301 0.0362778331167795 0.0420000222474346
v 0.01555029247439 0.0390614630672609 0.0270000148341068
v 0.0155725157035216 0.0390305953128768 0.0420000222474346
v 0.0148487371123379 0.0388917202204695 0.0420000222474346
v 0.0143636910618423 0.0385524617695874 0.0420000222474346
v 0.0143396768986054 0.0385797420695337 0.0270000148341068
v -0.0109855590680792 -0.0405008406848018 0.0313182652772462
v -0.0105726728539905 -0.040501678875091 0.0316491382613518
v -0.00980531859153722 -0.0402508588129465 0.0315113210841244
v -0.00902714421861326 -0.040250847637076 0.0308378087811577
v -0.00878499837917545 -0.0405008295089313 0.030906041229275
v -0.0089717938308106 -0.0402498604351798 0.0305003774205009
v -0.00872193104909703 -0.0405005650133289 0.0305004183987128
v -0.00922141633119334 -0.0402508252853349 0.0311742175491628
v -0.0090501693168372 -0.040501742205024 0.03136421302867
v -0.00948522194935518 -0.0402503596240631 0.0313892618920212
v -0.00948203589341439 -0.0405008853882839 0.0316717023549446
v -0.0100004270321602 -0.0405017273038633 0.0317841353925417
v -0.0101464622019174 -0.0402503447229024 0.0315172703754349
v -0.0104724159343688 -0.040250847637076 0.0314154320682618
v -0.0108119483559804 -0.0402518236631016 0.0311377730176095
v -0.0112143674310107 -0.0405007773548689 0.0309072202841903
v -0.0110250033905756 -0.0402500019962064 0.0305000086165938
v -0.011001274212173 -0.0402508513623661 0.0307419011388352
v -0.0112778436118807 -0.040500758728418 0.0305003867337309
v -0.00877067370030224 -0.0405002781659855 0.0301500863518893
v -0.00999852061400448 -0.0405002930671462 0.0292217286864266
v -0.0103496610453342 -0.0405003228694676 0.0292704257033401
v -0.0101952272048743 -0.0402508774393974 0.0294888004572389
v -0.0105997799408694 -0.0402517305308473 0.0296597727331912
v -0.0107737398990886 -0.0405017608314749 0.0294750429539141
v -0.0108641946442652 -0.0402503633493533 0.0299437983078571
v -0.0110250033905756 -0.0402500019962064 0.0305000086165938
v -0.0112472999431774 -0.0405008406848018 0.0302077706357325
v -0.0110872763021455 -0.0405003005177266 0.0298276548794365
v -0.0110004937635093 -0.0402508401864956 0.0302562199207286
v -0.0112750356730729 -0.040500032296834 0.0305000086165938
v -0.00985305634523874 -0.0402503596240631 0.0294828157756545
v -0.00959309709101594 -0.0405007214755163 0.0292856211693737
v -0.00957207713118443 -0.0402503186458712 0.029565480004947
v -0.00922848786663865 -0.0405003154188873 0.0294809866572866
v -0.00928914027621007 -0.0402508513623661 0.029754680134614
v -0.00894277939445301 -0.0405008034319001 0.029776713374098
v -0.00904139904826239 -0.0402518385642623 0.0301164469652056
v -0.00872216946778187 -0.0405007102996457 0.0304996249115186
v -0.00897171094306469 -0.0402498492593093 0.0304996230488726
v 0.00957209110102925 -0.0402503149205811 0.0314345577173464
v 0.0104718692477751 -0.0402507992083037 0.0314151899242824
v 0.010146115749766 -0.0402503409976123 0.0315172852766028
v 0.010773710096753 -0.0405017571061847 0.0315250040816093
v 0.0110872781647915 -0.0405003005177266 0.031172364216397
v 0.0110005002827702 -0.0402508401864956 0.030743771235415
v 0.011275031947781 -0.0405000285715438 0.0305000104792397
v 0.0112472971492084 -0.0405008406848018 0.030792246597455
v 0.0110250015279296 -0.0402499982709162 0.0305000104792397
v 0.0108115665135554 -0.0402517901354901 0.0311382759320283
v 0.0103495828142033 -0.0405003228694676 0.0317296231948293
v 0.00999852340797344 -0.0405002856165659 0.0317782978599909
v 0.00959304959354357 -0.0405007177502261 0.0317143904758758
v 0.00985307869699044 -0.040250355898773 0.031517214496055
v 0.00894276728725417 -0.0405007959813197 0.0312233001337975
v 0.00922847017150189 -0.0405003116935971 0.0315190324385469
v 0.00928913934488708 -0.040250847637076 0.0312453519997415
v 0.00904139439164746 -0.0402518348389722 0.0308835814438579
v 0.00897170721777274 -0.0402498492593093 0.0305003979096069
v 0.00877067463162523 -0.0405002744406953 0.0308499569583422
v 0.00872216946778187 -0.0405007140249359 0.0305003960469609
v 0.0100004652164027 -0.0405017273038633 0.0292158986044598
v 0.00980527761332576 -0.0402508588129465 0.0294887185008151
v 0.00942684383051963 -0.0405019284695327 0.0293508510321457
v 0.00922141726251633 -0.0402508252853349 0.0298258108599007
v 0.00948520611686439 -0.040250355898773 0.0296107739676263
v 0.00878498999726856 -0.0405008295089313 0.0300940151194784
v 0.00901338205882459 -0.0405008257836411 0.0296829757143606
v 0.00904628663130164 -0.0402503298217417 0.03011712869364
v 0.00896649367168782 -0.0402505086356701 0.0304980640141742
v 0.00872193291174301 -0.0405005650133289 0.0304996025597667
v 0.0105726579528227 -0.040501678875091 0.0293508882850657
v 0.0101464864163151 -0.0402503409976123 0.0294827636215666
v 0.0105162113978636 -0.0402517566078785 0.029605605124988
v 0.0109855683813091 -0.0405008369595117 0.0296817761703393
v 0.0109538596275482 -0.0402503484481926 0.0301173112329476
v 0.0108077164243244 -0.0402503447229024 0.0298645203689849
v 0.0110336395486402 -0.0402505049103799 0.0304979913709803
v 0.0111918219641254 -0.0405003116935971 0.030038213970737
v 0.0112833244476631 -0.040502233943327 0.0304978796122206
v 0.00937660361195027 -0.0363088461574804 0.0313241698650528
v 0.00988341840595947 -0.0361740875107158 0.031535736647837
v 0.0106158275672698 -0.035966994904637 0.0313487381657371
v 0.00990135661802481 -0.0402500019962064 0.0315658444577127
v 0.0109413743115756 -0.0358683268690808 0.0309185936006405
v 0.0108251023618581 -0.0402500131720769 0.0311667315749058
v 0.0110326393077514 -0.0402499982709162 0.0305003923216689
v 0.0110340055585743 -0.0358400332902071 0.030500779752036
v 0.00916063446772664 -0.0402499982709162 0.0311182431743438
v 0.0090527053093326 -0.0363897035807133 0.0309214881525179
v 0.00895938395200001 -0.0402499945456261 0.0305008952360877
v 0.00897149301348558 -0.0364109451852871 0.0305002246835293
v 0.00954991630069304 -0.0362642134559023 0.029569879574789
v 0.00922647807163128 -0.0402500131720769 0.0297962990967436
v 0.00911283710935391 -0.0363768327031611 0.0299646115142139
v 0.00896557724986796 -0.0364122639380088 0.0304990698430119
v 0.00895320276133091 -0.0402499982709162 0.03049813106943
v 0.00983563222346259 -0.0402499833697555 0.0294732529511122
v 0.00995301524150438 -0.0361030611282528 0.0294690862120196
v 0.010422063025718 -0.0360181319628594 0.0295676220478422
v 0.0104946959742026 -0.0402499945456261 0.0295810927036836
v 0.0109537050279322 -0.0402499982709162 0.0300833440205686
v 0.0108733560684948 -0.0358886483269816 0.0299205524858298
v 0.0110250015279296 -0.0402499982709162 0.0305000104792397
v 0.0110294094796302 -0.0358406703148269 0.0304994963889449
v -0.0109855627933711 -0.0405008406848018 0.0393182627738482
v -0.0100004270321602 -0.0405017273038633 0.0397841403397277
v -0.00905017490477512 -0.040501742205024 0.039364221701148
v -0.00922141726251633 -0.0402508252853349 0.0391742243589948
v -0.00902714421861326 -0.040250847637076 0.0388378118656977
v -0.00878499185991454 -0.0405008295089313 0.0389060219620631
v -0.0089717938308106 -0.0402498604351798 0.0385003823676869
v -0.00872193104909703 -0.0405005650133289 0.0385004233458989
v -0.00948522101803219 -0.0402503596240631 0.0393892668392072
v -0.00980529437713954 -0.0402508588129465 0.0395113185807264
v -0.00948206476442701 -0.0405008816629938 0.0396717222032986
v -0.0101464622019174 -0.0402503447229024 0.0395172753226209
v -0.0104724159343688 -0.040250847637076 0.0394154370154478
v -0.0105726737853135 -0.040501678875091 0.0396491432085378
v -0.0108119455620114 -0.0402518273883918 0.0391377761021495
v -0.011001274212173 -0.0402508513623661 0.0387419079486672
v -0.0110250033905756 -0.0402500019962064 0.0385000135637798
v -0.0112778436118807 -0.040500758728418 0.0385003898182709
v -0.0112143674310107 -0.0405007773548689 0.0389072252313763
v -0.0103496470754894 -0.0405003265947578 0.0372704250625882
v -0.0105997734216085 -0.0402517342561375 0.0376597739550852
v -0.0101951918146008 -0.0402508774393974 0.0374888016791329
v -0.0107737575942254 -0.0405017608314749 0.0374750628022681
v -0.010864204888818 -0.0402503633493533 0.0379438200188571
v -0.0112472999431774 -0.0405008406848018 0.0382077755829185
v -0.0110004937635093 -0.0402508401864956 0.0382562267305606
v -0.0110872763021455 -0.0405003005177266 0.0378276616892685
v -0.0110250033905756 -0.0402500019962064 0.0385000135637798
v -0.0112750356730729 -0.040500032296834 0.0385000135637798
v -0.00959312037409063 -0.0405007214755163 0.0372856130780377
v -0.00985308521625135 -0.0402503596240631 0.0374828151349025
v -0.0099984889490229 -0.040500289341856 0.0372217317709666
v -0.00922848786663865 -0.0405003154188873 0.0374809897418267
v -0.00928916449060775 -0.0402508513623661 0.0377546571421101
v -0.00957207713118443 -0.0402503186458712 0.0375654793641951
v -0.00894277846313002 -0.0405007997066099 0.037776714595992
v -0.00904140463620032 -0.0402518385642623 0.0381164314232856
v -0.00872216946778187 -0.0405007102996457 0.0384996298587046
v -0.00897171094306469 -0.0402498492593093 0.0384996261334127
v -0.00877067090633328 -0.0405002781659855 0.0381500968870133
v -0.00949593588900523 -0.036276626122763 0.0393987067291138
v -0.00911723295385567 -0.0363753314112209 0.0390507942594387
v -0.00896730951062501 -0.0402500019962064 0.0385003935435629
v -0.00896562009072539 -0.0364123496196828 0.0385006878416303
v -0.0092012671583553 -0.0402499908203359 0.0392097003146304
v -0.00999067514915642 -0.0361451382807714 0.0395423092848041
v -0.0106933928022971 -0.0359436596869852 0.0392846122112885
v -0.010097583577556 -0.0402500019962064 0.0395511531279921
v -0.01097583978138 -0.0358581791786461 0.0388303128529187
v -0.0107789124669621 -0.0402499796444654 0.0391926235761411
v -0.0110283878183128 -0.0358417767260087 0.0385002445318833
v -0.0110516811375571 -0.0402500019962064 0.0385016787693
v 0.010146114818443 -0.0402503409976123 0.0395172864984969
v 0.0103495828142033 -0.0405003191441774 0.0397296281420153
v 0.0110872614009777 -0.0405002967924364 0.039172395240627
v 0.0110005002827702 -0.0402508401864956 0.038743774319955
v 0.0112472943552395 -0.0405008406848018 0.038792262720517
v 0.011275031947781 -0.0405000285715438 0.0385000135637798
v 0.0110250015279296 -0.0402499982709162 0.0385000135637798
v 0.0108115665135554 -0.0402517901354901 0.0391382790165684
v 0.0107737296545357 -0.0405017533808945 0.0395249941276274
v 0.0104718692477751 -0.0402507992083037 0.0394151948714684
v 0.00985307869699044 -0.040250355898773 0.039517219443241
v 0.00999852433929643 -0.0405002856165659 0.0397783028071769
v 0.00957209110102925 -0.0402503149205811 0.0394345626645325
v 0.00959304959354357 -0.0405007177502261 0.0397143954230619
v 0.00922850835574438 -0.0405003116935971 0.0395190597374848
v 0.00894278125709898 -0.0405007959813197 0.0392233274327355
v 0.00928915890266982 -0.040250847637076 0.0392453737107415
v 0.00904139904826239 -0.0402518348389722 0.0388835994295659
v 0.00877067463162523 -0.0405002744406953 0.0388499600428822
v 0.00872216946778187 -0.0405007140249359 0.0385003972688549
v 0.00897170721777274 -0.0402498492593093 0.0385004009941469
v 0.00948525454565975 -0.040250355898773 0.0376107491124764
v 0.0098053120722763 -0.0402508588129465 0.0374887159974171
v 0.00942684476184262 -0.0405019247442426 0.0373508503913938
v 0.00922142657574621 -0.0402508252853349 0.0378257990432727
v 0.00904628663130164 -0.0402503298217417 0.0381171317781801
v 0.00901338112750161 -0.0405008257836411 0.0376829787989006
v 0.00896649367168782 -0.0402505086356701 0.0384980652360682
v 0.00878498999726856 -0.0405008295089313 0.0380940163413725
v 0.00872193291174301 -0.0405005650133289 0.0384996075069527
v 0.0101464566139795 -0.0402503409976123 0.0374827629808146
v 0.0100004195815763 -0.0405017235785731 0.0372158979637078
v 0.010572636532394 -0.040501678875091 0.0373508801937297
v 0.0105162030159567 -0.0402517566078785 0.0376056007589441
v 0.0109855674499861 -0.0405008406848018 0.0376817792548793
v 0.0108077397073991 -0.0402503447229024 0.0378645532558608
v 0.0109538614901942 -0.0402503484481926 0.0381173143174876
v 0.0111918201014794 -0.0405003116935971 0.038038211467339
v 0.0110336386173172 -0.0402505049103799 0.0384979944555204
v 0.0112833253789861 -0.040502233943327 0.0384978826967606
v 0.0249115078366151 0.0193227839734567 0.0540000296682137
v 0.0285869665568349 0.0132946926394189 0.0540000296682137
v 0.0258083755990245 0.0181068287714735 0.0470000272020719
v 0.0269317113096974 0.0163478939001372 0.0540000296682137
v 0.0284948438121875 0.0135285747384635 0.0470000272020719
v 0.0302479568909305 0.00888944853268316 0.0540000296682137
v 0.0305146114261115 0.00798917628271414 0.0470000272020719
v 0.0314040137034518 0.00277801570535815 0.0470000272020719
v 0.0313253616144979 0.00370583298370648 0.0540000296682137
v 0.0314669376097902 -0.00193550012142065 0.0470000272020719
v 0.030862224005964 -0.00633458632349831 0.0540000296682137
v 0.0309357091149824 -0.00600728465709183 0.0470000272020719
v 0.0314684985071175 -0.00218091827998185 0.0540000296682137
v 0.0299987795629358 -0.00969799668798088 0.0540000296682137
v 0.0297128932080595 -0.0105879740985533 0.0470000272020719
v 0.0279709075763731 -0.0145818204415044 0.0540000296682137
v 0.0251159965623699 -0.0190564052368992 0.0540000296682137
v 0.0275131828170435 -0.0153934708321947 0.0470000272020719
v 0.0222866634028997 -0.0222861461363318 0.0540000296682137
v 0.0223009312710707 -0.0222998049127559 0.0470000272020719
v 0.025266716286755 -0.0188340482543313 0.0470000272020719
v 0.0228206579269808 0.0217523455819681 0.0470000272020719
v 0.0193227838740482 0.0249115052711136 0.0470000272020719
v 0.021752339190481 0.0228206638090541 0.0540000296682137
v 0.0181068299548984 0.0258083726058633 0.0540000296682137
v 0.0163479408109859 0.026931679841212 0.0470000272020719
v 0.0135286007471734 0.0284948227742133 0.0540000296682137
v 0.0132947101546982 0.0285869510628684 0.0470000272020719
v 0.00370584662515344 0.0313253504026988 0.0470000272020719
v 0.00798916705372843 0.0305146080514884 0.0540000296682137
v 0.00888945742811747 0.0302479461928777 0.0470000272020719
v 0.00277804333989367 0.0314040024541485 0.0540000296682137
v -0.0021809062814029 0.0314684909523556 0.0470000272020719
v -0.00193547275540327 0.0314669300557726 0.0540000296682137
v -0.00600724235242347 0.0309357111274996 0.0540000296682137
v -0.0063345101816105 0.030862233504102 0.0470000272020719
v -0.00969804880981844 0.0299987578078295 0.0470000272020719
v -0.0105880042930134 0.0297128790398547 0.0540000296682137
v -0.015393453026653 0.0275131901868378 0.0540000296682137
v -0.0190565391209817 0.0251159026297513 0.0470000272020719
v -0.0145818180814283 0.027970907277327 0.0470000272020719
v -0.01883416154328 0.0252666371834284 0.0540000296682137
v -0.0222861698017163 0.0222866583637308 0.0470000272020719
v -0.0222998285846533 0.0223009262250983 0.0540000296682137
v 0.0188340721362732 -0.0252666912001359 0.0540000296682137
v 0.0222998174087774 -0.0223009169118729 0.0540000296682137
v 0.0019354498215747 -0.0314669226051922 0.0540000296682137
v -0.0156160783362694 -0.0274065425797283 0.0540000296682137
v -0.0163479035580664 -0.026931700330308 0.0470000272020719
v -0.0258083867749004 -0.018106817595603 0.0470000272020719
v -0.0285869721447729 -0.0132946870514837 0.0540000296682137
v -0.0314040174287438 -0.0027780108159148 0.0470000272020719
v -0.0313253616144979 -0.00370588443927701 0.0540000296682137
v -0.0308622314565479 0.00633460029333646 0.0540000296682137
v -0.0314685059577014 0.00218089243578126 0.0540000296682137
v -0.0309357240161502 0.00600725112948026 0.0470000272020719
v -0.0299987702497059 0.00969805629262367 0.0540000296682137
v -0.0297129006586434 0.0105879750298758 0.0470000272020719
v -0.0279709075763731 0.0145818325486974 0.0540000296682137
v -0.0275131921302734 0.015393466175582 0.0470000272020719
v -0.0252666548194378 0.0188341469745209 0.0470000272020719
v -0.0222866727161296 0.0222861554495573 0.0540000296682137
v -0.025115910880655 0.0190565337594102 0.0540000296682137
v -0.0223009405843006 0.0222998142259813 0.0470000272020719
v -0.031466948785666 0.0019354381884715 0.0470000272020719
v -0.0305146207393414 -0.00798916417552108 0.0470000272020719
v -0.0302479662041603 -0.00888943921945772 0.0540000296682137
v -0.0284948400868955 -0.0135285859143341 0.0470000272020719
v -0.0269317168976354 -0.0163478920374921 0.0540000296682137
v -0.0228206691028567 -0.0217523344060976 0.0470000272020719
v -0.0226180802759968 -0.0219315078249652 0.0540000296682137
v -0.0249115115619071 -0.0193227821108116 0.0540000296682137
v -0.0199860255397109 -0.024382301724825 0.0540000296682137
v -0.01932279691257 -0.0249114940952431 0.0470000272020719
v -0.0132947203992511 -0.0285869436122881 0.0470000272020719
v -0.0119597890371046 -0.029146290344022 0.0540000296682137
v -0.00888946581002436 -0.0302479424675875 0.0470000272020719
v -0.00798916612240544 -0.0305146043261982 0.0540000296682137
v -0.00370587107238187 -0.0313253429521184 0.0470000272020719
v -0.00277800748395865 -0.0314039987288583 0.0540000296682137
v 0.00218092327804742 -0.0314684835017752 0.0470000272020719
v 0.00633462380301499 -0.0308622018391355 0.0470000272020719
v 0.00600721674104131 -0.0309357055395643 0.0540000296682137
v 0.00969805439775636 -0.029998748494604 0.0470000272020719
v 0.0105879884605226 -0.0297128734519195 0.0540000296682137
v 0.0153934688591437 -0.027513173423032 0.0540000296682137
v 0.0190564236369312 -0.0251159752729097 0.0470000272020719
v 0.0145818283259812 -0.0279708942388114 0.0470000272020719
v 0.0222861586258404 -0.0222866490505054 0.0470000272020719
v 0.0226890023841531 0.0218586616382521 0.0539999700635418
v 0.0238764652704644 0.0205465399330648 0.0540000296682137
v 0.0238457111227659 0.0190167066821569 0.0550000321492579
v 0.0227472622249692 0.0203255762090221 0.0549999688192941
v 0.0248802414612734 0.0176508066880136 0.0549999688192941
v 0.0249942726478826 0.0191798091992126 0.0539999737888338
v 0.0263577481282779 0.0172582151203513 0.0539999737888338
v 0.0266994114168852 0.0147552280425047 0.0549999688192941
v 0.0272801732561147 0.0157492658461605 0.0540000296682137
v 0.0258252008801196 0.0162270156845619 0.0550000321492579
v 0.0281237842447976 0.0141998962422561 0.0539999365359139
v 0.0286003552561055 0.0106119435468572 0.0549999688192941
v 0.0291063765629293 0.0120576923419187 0.0539999700635418
v 0.0277281712781611 0.0127176954828392 0.0549999688192941
v 0.0299255198340804 0.00985012729415078 0.0539999514370819
v 0.0309509921252099 0.00585491842631841 0.0540000296682137
v 0.0305786156671156 0.00758461442639931 0.0539999365359139
v 0.0291455368319144 0.00898945301608934 0.0550000321492579
v 0.0296095871369762 0.00733855155980732 0.0549999650940021
v 0.0300743862257201 0.00510932720930486 0.0549999688192941
v 0.0312359546076825 0.00411033476971725 0.0539999477117899
v 0.0303086567979742 0.00341426756028067 0.0550000321492579
v 0.0314994370567676 0.000589341662271735 0.0539999663382498
v 0.0305005670754576 -7.72997711164507e-07 0.0550000321492579
v 0.0314774354825071 -0.00117930859121616 0.0540000296682137
v 0.0304578864055791 0.00170814123830184 0.0549999688192941
v 0.0304577616082987 -0.00171185442128306 0.0549999688192941
v 0.0302445519740876 -0.00398442927505179 0.0549999650940021
v 0.0313672115442714 -0.00294189820504411 0.0539999626129578
v 0.0307095149756773 -0.00701039261099949 0.0540000296682137
v 0.0314116729037024 0.00235254775341587 0.0540000296682137
v 0.0310597073202056 -0.00527732010103687 0.0539999737888338
v 0.0298619421390048 -0.00623451059391754 0.0549999650940021
v 0.0293128359681259 -0.00844771852497693 0.0549999650940021
v 0.0302734844540222 -0.00872200139596168 0.0539999737888338
v 0.0297315885857138 -0.0104046469811413 0.0540000296682137
v 0.0285996306868211 -0.0106141591631883 0.0549999688192941
v 0.0291074736614087 -0.012055167526503 0.0539999588876659
v 0.0275744824960913 -0.0152390659363734 0.0539999477117899
v 0.0283800228636847 -0.013668085924168 0.0540000296682137
v 0.027727202702254 -0.012719817966916 0.0549999650940021
v 0.0258251263742806 -0.0162275111481551 0.0550000321492579
v 0.0266987371390421 -0.0147564573882622 0.0549999688192941
v 0.0248793697429569 -0.0176524998323978 0.0549999688192941
v 0.0249935238642005 -0.0191810124679389 0.0539999700635418
v 0.0234883103383131 -0.0194646486112288 0.0549999688192941
v 0.0234931290034513 -0.02099156123464 0.0539999700635418
v 0.0215759726936617 -0.0215750478467033 0.0549980875468384
v 0.0222738707503412 -0.0222738564040469 0.0540000296682137
v 0.0263576140177677 -0.0172582765876392 0.0539999924152938
v 0.020327249243868 0.0227457761633255 0.0549999688192941
v 0.0215664713365416 0.0215670496486991 0.0550000321492579
v 0.0190157658005819 0.0238462250181648 0.0550000321492579
v 0.0209942944326123 0.0234911117323009 0.0539999812394178
v 0.0176523760019015 0.0248786910526134 0.0549999688192941
v 0.0191791291658475 0.0249951864642986 0.0539999551623739
v 0.017258724401477 0.0263578566318608 0.0539999663382498
v 0.015240757034888 0.0275738230097145 0.0539999849647098
v 0.0157418246347404 0.0261296602569447 0.0549999688192941
v 0.0127214631606562 0.0277257906344393 0.0549999650940021
v 0.0142508622132102 0.0269658295762397 0.0550000321492579
v 0.0136670325960593 0.02838093506565 0.0540000296682137
v 0.012053656149708 0.0291087766719669 0.0539999551623739
v 0.0111416711525629 0.0283916843904479 0.0550000321492579
v 0.00984493986540127 0.0299280704267724 0.0539999514370819
v 0.00953391617176503 0.0289765996512931 0.0549999688192941
v 0.00815230503883101 0.0304270190289106 0.0540000296682137
v 0.0056692983021674 0.0299684618854871 0.0550000321492579
v 0.0073423515972606 0.0296081443692497 0.0549999650940021
v 0.00410746220127618 0.0312368077058363 0.0539999290853299
v 0.00643007090506691 0.0308424112350846 0.0539999812394178
v 0.00176349535099405 0.0314564768915435 0.0539999514370819
v 0.00227801323384958 0.0304145057792151 0.0550000321492579
v 0.00398479299395643 0.0302436695597576 0.0549999650940021
v -0.00059031383703705 0.0315004576673411 0.0539999663382498
v 0.000569641318887628 0.0304994647469299 0.0549999688192941
v -0.00114177031789067 0.0304780722681041 0.0550000321492579
v -0.00235474307215698 0.0314124439616834 0.0540000296682137
v -0.00284737381706411 0.0303714675018316 0.0549999650940021
v -0.00411340916421389 0.031236265676116 0.0539999812394178
v -0.0051090679438624 0.0300738466192275 0.0549999650940021
v -0.00643750705346189 0.0308413364888693 0.0539999514370819
v -0.00734250154026161 0.029607892912163 0.0549999650940021
v -0.0106126890088014 0.028599253833669 0.0549999688192941
v -0.00872562840135804 0.0302735147219889 0.0539999663382498
v -0.0089912966654952 0.0291441147745602 0.0550000321492579
v -0.0109589697967815 0.0295385559487941 0.0539999775141258
v -0.0125972591330528 0.0288718798818488 0.0540000296682137
v -0.0142005130298512 0.0281238360269167 0.0539999849647098
v -0.014252456638165 0.0269649541330487 0.0550000321492579
v -0.0127189048164091 0.0277270348813575 0.0549999688192941
v -0.0176533781054362 0.0248779925607057 0.0549999688192941
v -0.0157433296526884 0.026128470026734 0.0549999688192941
v -0.0162632388479042 0.0269835470563086 0.0539999477117899
v -0.0182340225979692 0.0256931102652258 0.0539999439864979
v -0.0190167027115075 0.0238455786803195 0.0550000321492579
v -0.0203252282729848 0.0227472551035247 0.0549999688192941
v -0.0201037149630156 0.0242576553782384 0.0539999514370819
v -0.0222825767576299 0.0222835067682434 0.0539982042751378
v -0.0215667693598976 0.0215667553507753 0.0550000321492579
v 0.0222825674444 -0.022283499317663 0.0539982005498458
v 0.0215667637719597 -0.0215667497628401 0.0550000321492579
v 0.0203252226850469 -0.0227472495155895 0.0549999688192941
v 0.0182340151473853 -0.0256931084025807 0.0539999439864979
v 0.0162631531661893 -0.0269835917597907 0.0539999477117899
v 0.0142005409695409 -0.0281238136751757 0.0539999849647098
v 0.0167089793430285 -0.0255217152522422 0.0549999650940021
v 0.0125972516824689 -0.0288718724312684 0.0540000296682137
v 0.00734265148326262 -0.0296078482086809 0.0549999650940021
v 0.0089912892149113 -0.0291441073239799 0.0550000321492579
v -0.000569648420225409 -0.0304994572963496 0.0549999688192941
v 0.000590305455130161 -0.0315004502167608 0.0539999663382498
v 0.00114176286730677 -0.0304780648175237 0.0550000321492579
v -0.00815231155809193 -0.0304270134409753 0.0540000296682137
v -0.00734237301768931 -0.0296081331933792 0.0549999688192941
v -0.0136670381839972 -0.0283809294777148 0.0540000296682137
v -0.0152407859059006 -0.0275738043832636 0.0539999886900018
v -0.0137469289325248 -0.0272320593011902 0.0549999688192941
v -0.0185721058810119 -0.0241999208311173 0.0549999650940021
v -0.020327249243868 -0.0227457743006804 0.0549999688192941
v -0.0227472696755531 -0.0203255668957966 0.0549999650940021
v -0.020994316784364 -0.0234910912432049 0.0539999812394178
v -0.0248802526371492 -0.0176507917868529 0.0549999688192941
v -0.0238457185733498 -0.0190166992315766 0.0550000321492579
v -0.0263577481282779 -0.0172582169829964 0.0539999737888338
v -0.0281237674809839 -0.0141999362891255 0.0539999365359139
v -0.0291455442824983 -0.00898944649683154 0.0550000321492579
v -0.0299255272846643 -0.00985012077489297 0.0539999514370819
v -0.0286003589813975 -0.0106119426155346 0.0549999688192941
v -0.0303086623859122 -0.00341426104102286 0.0550000321492579
v -0.0312359639209123 -0.00411031102099239 0.0539999477117899
v -0.0314116766289943 -0.00235254123415806 0.0540000296682137
v -0.030457893856163 -0.00170814077264057 0.0549999688192941
v -0.0304577653335907 0.00171183381577179 0.0549999688192941
v -0.031477439207799 0.00117931417915142 0.0540000296682137
v -0.0313672189948553 0.00294186374610999 0.0539999626129578
v -0.0303087350291052 0.00341575022577003 0.0550000321492579
v -0.0300747401284554 0.00511041452837448 0.0549999688192941
v -0.0310597222213734 0.00527727865718368 0.0539999737888338
v -0.0307095224262612 0.00701040006157984 0.0540000296682137
v -0.0302734919046061 0.00872200884654203 0.0539999737888338
v -0.029608473274683 0.00734477000043075 0.0549999688192941
v -0.0291453319408571 0.00899079412055208 0.0550000321492579
v -0.0297315960362977 0.0104046544317217 0.0540000296682137
v -0.0285996083350694 0.0106142429822172 0.0549999688192941
v -0.0291075127769742 0.0120550939520221 0.0539999588876659
v -0.0283800303142686 0.0136680933747484 0.0540000296682137
v -0.0266988079195892 0.014756345629557 0.0549999688192941
v -0.0277272567189872 0.0127197164527588 0.0549999650940021
v -0.0258251319622185 0.0162275167360904 0.0550000321492579
v -0.0275744675949235 0.0152391087772104 0.0539999477117899
v -0.0263575786274941 0.0172583436428623 0.0539999924152938
v -0.0248793902320627 0.0176524830685921 0.0549999688192941
v -0.024993410242796 0.0191811819686419 0.0539999700635418
v -0.0234930805746559 0.0209916394657337 0.0539999700635418
v -0.0234882935744993 0.0194646802761953 0.0549999688192941
v -0.0215759782815996 0.0215750534346386 0.0549980875468384
v -0.0222738800635711 0.0222738657172723 0.0540000296682137
v -0.0314994445073515 -0.000589296260297736 0.0539999663382498
v -0.0305005745260415 7.79516968969509e-07 0.0550000321492579
v -0.030074393676304 -0.00510932115570833 0.0549999688192941
v -0.0305786231176995 -0.00758460697581897 0.0539999365359139
v -0.0296095852743302 -0.00733857717117727 0.0549999650940021
v -0.0309509995757938 -0.00585491190706061 0.0540000296682137
v -0.0291063653870534 -0.0120577249382077 0.0539999700635418
v -0.0266994170048231 -0.0147552243172145 0.0549999688192941
v -0.0277281917672669 -0.0127176610239051 0.0549999688192941
v -0.0272801788440526 -0.0157492602582253 0.0540000296682137
v -0.00398486703413395 -0.0302436546585969 0.0549999650940021
v -0.0258252083307035 -0.0162270082339816 0.0550000321492579
v -0.0249942763731745 -0.0191798054739225 0.0539999737888338
v -0.0238764708584023 -0.0205465343451295 0.0540000296682137
v -0.0226890210106129 -0.0218586411491561 0.0539999700635418
v -0.0215664769244795 -0.0215670440607638 0.0550000321492579
v -0.0191791198526176 -0.024995193914879 0.0539999551623739
v -0.0167109500224704 -0.0255205939398997 0.0549999650940021
v -0.0152493820170768 -0.0264140619473654 0.0550000321492579
v -0.0172587635170424 -0.0263578286921845 0.0539999663382498
v -0.0116727497043696 -0.0281832301908105 0.0549999688192941
v -0.00984500785197937 -0.0299280462123863 0.0539999514370819
v -0.0120536887460125 -0.0291087599081611 0.0539999551623739
v -0.00953396460056039 -0.0289765810248422 0.0549999688192941
v -0.00566930482142831 -0.0299684544349067 0.0550000321492579
v -0.00643000617811927 -0.0308424186856649 0.0539999812394178
v -0.00227802068443348 -0.0304144983286348 0.0550000321492579
v -0.00410743938386299 -0.0312368039805462 0.0539999290853299
v -0.00176350431497781 -0.0314564694409632 0.0539999514370819
v 0.00411344967676386 -0.0312362507749553 0.0539999812394178
v 0.00643752195462969 -0.0308413234503537 0.0539999514370819
v 0.00510921229892548 -0.0300738168169061 0.0549999650940021
v 0.00284736939327992 -0.0303714619138963 0.0549999650940021
v 0.00235473562157308 -0.0314124365111031 0.0540000296682137
v 0.0109589623461976 -0.0295385484982137 0.0539999775141258
v 0.00872562095077414 -0.0302735054087635 0.0539999663382498
v 0.0106126657257267 -0.028599253833669 0.0549999688192941
v 0.0127189765282791 -0.0277269939031656 0.0549999650940021
v 0.0185713589599758 -0.0242006565759267 0.0549999688192941
v 0.0147529766201006 -0.0267003262828732 0.0549999650940021
v 0.0201037578038731 -0.0242575994988858 0.0539999514370819
v 0.030139908523194 -0.0317895848883479 0.00619992988702314
v -0.0180946109973003 0.0398945906871286 0.00620002860726091
v -0.0232287152313785 0.0373754190861198 0.00600006098675389
v -0.020689086851034 0.0386123942379113 0.00619981766260189
v -0.0194594722863012 0.0394693413631534 0.00600011919444126
v -0.0213677195603908 0.0384631442123687 0.00600000184774352
v -0.0255980828684107 0.0355487155985779 0.00619993826893012
v -0.0256207121543649 0.0357780072088052 0.00599997437371509
v -0.0279027328710304 0.0340284991842549 0.00599986214929384
v -0.0168376211246682 0.0406555557110301 0.00599842837753859
v -0.0231922092329081 0.0371633569429485 0.0061999466508371
v -0.0278896570962836 0.0337806519036695 0.00619987866425825
v -0.0300654362118087 0.0321334589737559 0.00600000091642053
v -0.0295221340457889 0.0323560897651517 0.00619999787360198
v -0.0330633257935236 0.0287369554596714 0.00619994245988361
v -0.0380920936724054 0.0220332827525267 0.00599998089297607
v -0.0344415646059193 0.0270601986269347 0.00619999787360198
v -0.035750743956134 0.0256584911436362 0.00599994876233264
v -0.0357457706913799 0.0253224513434646 0.00619991219188618
v -0.0339999871245498 0.0279370015488057 0.00599999579414404
v -0.036961098761482 0.0238713167101337 0.00600000184774352
v -0.0369504854047146 0.023518902397001 0.00619999787360198
v -0.0436893224764956 0.00311508764373861 0.00619999833926348
v -0.0439072334291485 0.00293921203799781 0.00600000464171252
v -0.0394494484981258 0.0194991354850172 0.00599998182429907
v -0.0394232857727564 0.019099791828914 0.00619991312320918
v -0.0380760637411418 0.0216610834232784 0.00619989682505671
v -0.0406387665798285 0.0168808655774371 0.00600000464171252
v -0.0416546387936012 0.0141906230636898 0.00599996086953162
v -0.0405983769644996 0.0164550816743219 0.00619992755871564
v -0.0434872030364215 0.00527544441743411 0.0061999042756407
v -0.0431664181465516 0.007423700517321 0.00619999833926348
v -0.0436216115700007 0.00580094828491843 0.00599994224307166
v -0.0424930082965096 0.0114385547028875 0.00600002187118798
v -0.0431497549156564 0.0086371430110816 0.00599993712079517
v -0.0422200934082055 0.0116593424069695 0.00619999787360198
v -0.0427515174808406 0.00955404775035627 0.0061999014816717
v -0.0415965018874194 0.0137377153228156 0.00619991777982417
v -0.0321012505208101 0.030099698270392 0.00599997297673059
v -0.0310937658018643 0.0308573440607482 0.00619992150511616
v -0.0440055178066824 6.55173040275156e-05 0.0059999673887926
v -0.0439158612053062 -0.00281064226236583 0.00599997483937659
v -0.0437628262119738 -0.00194748507840323 0.00619992290210065
v -0.0437959366068311 0.000947478312150352 0.00619991498585517
v -0.0436388373199805 -0.00567069444529704 0.00599995248762464
v -0.0431242292152106 -0.00769817291244337 0.00619990893225569
v -0.0435383885478234 -0.00483386528397994 0.00619987912991975
v -0.0431749602409944 -0.00851028570477662 0.00599997996165307
v -0.0425216185386906 -0.0105297608516448 0.00619991777982417
v -0.0426997955273979 -0.0106169261224653 0.00600000277906652
v -0.042133782119001 -0.0126984543590891 0.00599996133519312
v -0.0412141453721893 -0.0154242724626783 0.00599997530503808
v -0.0417334436195251 -0.0133143211933472 0.00619990893225569
v -0.040763340342658 -0.0160407828408141 0.00619991777982417
v -0.0401182836896524 -0.0180842162601156 0.00600000603869701
v -0.0396149706700768 -0.018697801354142 0.00619993081834614
v -0.0388511032808893 -0.0206667289699578 0.00599995667857813
v -0.0368061489680869 -0.0237538899759049 0.00619992243643916
v -0.0382935388346364 -0.0212729305388588 0.00619989635939521
v -0.0355780654983458 -0.0255468069442111 0.00619999927058648
v -0.0349701984348834 -0.0267133461720323 0.00599998275562207
v -0.0374195294636362 -0.0231583483248376 0.00599997670202258
v -0.0362339925532634 -0.0249621561789683 0.00600000324472802
v -0.0342720079427858 -0.027283332332504 0.00619993268099213
v -0.0323973329997553 -0.0294845653182981 0.00619988285521175
v -0.0331502927341114 -0.0289412131199275 0.00599994783100965
v -0.0271080144765536 -0.0344105463180789 0.00619992662739265
v -0.0290946102283032 -0.0330157753250849 0.00599992873888819
v -0.0308917171423373 -0.0310501427284283 0.00619999973624798
v -0.0311906978984201 -0.0310432695680567 0.00600000045075903
v -0.0293195843344945 -0.0325465452253121 0.00619990660394819
v -0.0253644772607697 -0.0357082027215194 0.00620000020190948
v -0.0235659975766518 -0.036926923951457 0.00619994385686811
v -0.0268758859471711 -0.0348455745287616 0.00599993665513367
v -0.0158329862540646 -0.0408440665697196 0.00619987587028926
v -0.0137877395058441 -0.0415729270428991 0.00620000066757098
v -0.0245427840272784 -0.0365262429161813 0.00599998834356005
v -0.0221044742747616 -0.0380515778792037 0.00599998415260656
v -0.0197984366008903 -0.0390762375680921 0.00619990008468721
v -0.021705998421261 -0.038043121470508 0.00620000020190948
v -0.0202113814883272 -0.0390836285437979 0.00600000417605102
v -0.0142634611505872 -0.0416305572818953 0.00599996412916211
v -0.0162881424245942 -0.0408746586526308 0.00600000464171252
v -0.0182752783436766 -0.0400320985980419 0.00600003258140245
v -0.0178343732775042 -0.0400044234173371 0.00620000020190948
v -0.011513987074663 -0.0424732588975109 0.00599996133519312
v -0.0117127537519816 -0.0422106557425451 0.00619992150511616
v -0.00960590743871122 -0.042733429437993 0.00620000066757098
v -0.0074810255901233 -0.0431621358312499 0.00619989822204121
v -0.00871547604946955 -0.0431344308482237 0.00599995062497864
v -0.00659292483665826 -0.0435034692687591 0.00600000464171252
v -0.0044546948013497 -0.0437799528549143 0.0060000544674929
v -0.00461575640185129 -0.0435621276878434 0.00619996713994305
v -0.00158401357878101 -0.0439775459710486 0.00599998834356005
v 0.00116831884380768 -0.0437898658520681 0.00619985165589132
v -0.00172490167563151 -0.0437715746773123 0.00619988471785774
v 0.00057240042144626 -0.0439966753360936 0.00600000510737402
v 0.0027313316712938 -0.0439213313423186 0.00599998974054455
v 0.00549554835728191 -0.0434596784827603 0.0061999452538526
v 0.00333690791303727 -0.0436725378380289 0.00620000113323248
v 0.00843458437977609 -0.0431901053098784 0.00599985609569435
v 0.00559311654743823 -0.0436491653674754 0.00600003490970995
v 0.00835388524289527 -0.0430015758247381 0.00619986376309029
v 0.0105358222660148 -0.042719921535821 0.00600000557303552
v 0.0104733137297289 -0.0425294250974687 0.00620000159889398
v -0.0127809812188286 0.0421090894312334 0.00600002652780297
v -0.0148258461246242 0.0414273352523077 0.00600000184774352
v -0.0133659535692853 0.0417106025918702 0.00619999787360198
v -0.0154184236585981 0.0410031886142241 0.00620057389687618
v -0.0100030747834141 0.0428541400155104 0.00599987425649281
v -0.00846600349208782 0.042979686019674 0.00619991917680866
v -0.0112875098131696 0.0423264414864521 0.00619984886192232
v -0.00560789198663747 0.0434453435661697 0.00619994991046759
v -0.0071804071025667 0.0434162080717166 0.00599995574725513
v -0.00433126004653408 0.0437923617964848 0.00600000976398901
v -0.00128070566326679 0.0437868632681876 0.00619993221533063
v -2.03414910349953e-05 0.0440062493318415 0.00599997809900708
v -0.00217810369770228 0.0439464733257049 0.00600000231340502
v -0.00344870951241401 0.0436638430107621 0.00619999833926348
v 0.000889256990954223 0.0437905587560405 0.00619999833926348
v 0.00428541660378946 0.043797089189716 0.00599998228996057
v 0.00213454199627743 0.0439485967411043 0.00600000231340502
v 0.00306159323822466 0.0436982833184234 0.00619992243643916
v 0.00521852121232575 0.0434875622797149 0.00619999833926348
v 0.00736710616227262 0.0431815073401562 0.00619992942136164
v 0.00713559835966137 0.0434238598177346 0.00599999951943603
v 0.0099576252902933 0.0428648874776632 0.00599996552614661
v 0.0129917321603524 0.041834483391326 0.00619989635939521
v 0.0102032607969659 0.0426005520627663 0.00619990753527119
v 0.0154600007107363 0.0412012399410498 0.00600000184774352
v 0.0127377417551575 0.0421225116517313 0.006000011626635
v 0.0150487918093484 0.0411331118343425 0.00619999880492498
v 0.0194229439360792 0.0394880683968595 0.00600001814589599
v 0.017461229409268 0.0403874652036376 0.00600000277906652
v 0.0170697422034668 0.040342694666323 0.00619987866425825
v 0.0213312266004423 0.0384839350568314 0.00600000324472802
v 0.0209804139948042 0.0384544903632938 0.00619990800093269
v 0.0190456426420261 0.039441994007984 0.00619999927058648
v 0.0231921235511933 0.0373986313691957 0.00599996459482361
v 0.0234750557495527 0.0369847553561227 0.00619995223877509
v 0.0258659499861217 0.0353540133076188 0.00619995177311359
v 0.025587344714363 0.0358023668812549 0.00600000790134301
v 0.0273082600947765 0.0345003779653417 0.00600000371038952
v 0.0289693007203134 0.0331257123634183 0.00599994969365564
v 0.028143153900295 0.0335691969827966 0.0061999014816717
v 0.0302973021081087 0.0316385653499725 0.00619989077145723
v 0.0305548185021348 0.0316611182566876 0.00600000371038952
v 0.0320752442577027 0.0301282935977698 0.00599999905377453
v 0.0335075743092217 0.0285175842971781 0.00600000371038952
v 0.0348696639810114 0.0268444447212007 0.00599996366350061
v 0.0337422714274042 0.0279266471047663 0.00619999973624798
v 0.0323196681131683 0.0295698372103875 0.00619988611484224
v 0.0365489846141501 0.0245090044315877 0.0059999669231311
v 0.0350902720450366 0.0262225671312463 0.00619992383342365
v 0.038071369873284 0.0220701947902186 0.00599997297673059
v 0.0367441228571087 0.0238497193403482 0.00619990800093269
v 0.0394318986477463 0.0195356247022744 0.00600001674891149
v 0.0389250615019854 0.0200946156687966 0.00619993500929963
v 0.0378756244077374 0.0219969611733274 0.00620000020190948
v 0.040166846595521 0.0174808608129078 0.0061999042756407
v 0.0403367757878496 0.017576837326313 0.00600000464171252
v 0.0411552038029462 0.0155807560704168 0.0059999706484231
v 0.0412332039658088 0.0147914145799352 0.00619991545151667
v 0.0420851894107968 0.0128584397395914 0.00599999346583654
v 0.0421196632625081 0.0120375022004966 0.00619991824548567
v 0.0428351651863004 0.0100818906344088 0.00600002885611046
v 0.0428229611298701 0.00922866600537336 0.00619995084179059
v 0.0437003493406695 0.00512596202691687 0.00600000510737402
v 0.0434022589293629 0.00726303061474909 0.00599996599180811
v 0.0439047896376289 0.00297848102021687 0.00600000929832751
v 0.0436658345107468 0.00350343703721494 0.00619993221533063
v 0.0433385601622989 0.00638204931428635 0.00619990893225569
v 0.0438019268762877 0.00061158490424113 0.00619991405453217
v 0.0440054283996755 0.000102941219872447 0.00599998508392956
v 0.0439179287423388 -0.00277321473764604 0.00599998089297607
v 0.0437469080394687 -0.00227925336772868 0.00619995922369757
v 0.0435740619435427 -0.00444586001418346 0.00620000113323248
v 0.0433062097269995 -0.00659897296113507 0.00619994013157612
v 0.0436434231543718 -0.00563428858140755 0.00599999672546704
v 0.0427096228475637 -0.0105775367668074 0.00600000557303552
v 0.0431824555283991 -0.00847240229767175 0.0059999259449192
v 0.0427756685485567 -0.00944453912039293 0.00619989542807222
v 0.0422495790939948 -0.0115515045696493 0.00620000159889398
v 0.0421451256329907 -0.0126604126271518 0.00600002140552648
v 0.0416321827337227 -0.0136289592014675 0.00619994292554511
v 0.0408991458607187 -0.0156760564436554 0.00620000159889398
v 0.0401348984917522 -0.0180465107356166 0.00599997204540759
v 0.0412281748216754 -0.0153861515683248 0.00600002559647997
v 0.0388224893134164 -0.0202931661845058 0.00619992057379316
v 0.0400780915147969 -0.0176843585139683 0.00619990800093269
v 0.0391972089801477 -0.0199887727243648 0.00600000557303552
v 0.0373965183352571 -0.0228142674858249 0.00619990986357868
v 0.0381744002727629 -0.0218905314956931 0.00599993991476416
v 0.0370521411714637 -0.0237300611573051 0.00600000557303552
v 0.0358092310397591 -0.0252326550864585 0.00619994106289911
v 0.0358483652317006 -0.0255224118815047 0.00600002699346447
v 0.0340662004636805 -0.027539827874229 0.00619983396075436
v 0.0345513228826611 -0.0272434568264784 0.00600000557303552
v 0.0331770217038572 -0.0289099206824635 0.00599996180085462
v 0.0321734057006022 -0.0297295627519003 0.00619990893225569
v 0.0312166296556885 -0.0310161755326191 0.00599999765679003
v 0.0291227585342822 -0.0329902198344893 0.00599996040387012
v 0.0256862847432801 -0.0354848864767317 0.00619987261065877
v 0.0269084897023231 -0.0348199296312018 0.00599989195162977
v 0.0279754822348885 -0.0337098415880366 0.00619990613828669
v 0.0238931974192607 -0.0367093930823099 0.00620000159889398
v 0.0227576725533253 -0.0376575278604381 0.00600000557303552
v 0.0226670958048374 -0.0374785649204654 0.00620000159889398
v 0.0245755163050027 -0.0365040364614523 0.0060001019649658
v -0.0190390600511493 0.0397006520806552 0.00600000138208203
v -0.00794669313755317 0.0433062561322225 0.00600000277906652
v -0.0136119979267495 0.0418725446810367 0.00600000231340502
v -0.00609345678403722 0.043606171793574 0.00039999734861647
v -0.0125123355150999 0.0422336072553089 0.000399996912058815
v -0.000257002245529287 0.0440293163286007 0.000399998716497124
v -0.0021372803186919 0.0439776428285932 0.00600000138208203
v 0.0048289716240004 0.0437503516991894 0.000399998309043312
v 0.0044292813253239 0.0438242167527652 0.00600000231340502
v 0.0109162146210639 0.0426545352426819 0.00600000231340502
v 0.0147826383259346 0.0414594025501279 0.00039999845456253
v 0.00989903669246254 0.0429029599432444 0.000399998279939468
v 0.0164728107345255 0.0408317060569213 0.00600000277906652
v 0.0239927744731014 0.036940111478674 0.000399999444093216
v 0.0188354598075248 0.0397822396607623 0.000399998745600967
v 0.0223703800262606 0.037944326775086 0.00600000138208203
v 0.0277730759473342 0.0341648373540535 0.00600000371038952
v 0.0292034874734986 0.0329514656408062 0.000399999327677841
v 0.0333146675161416 0.0287880794793782 0.000399999531404747
v 0.0320570648329836 0.0301819713038911 0.00600000324472802
v 0.0357734533358651 0.0256682197389263 0.00600000417605102
v 0.0385102316168215 0.0213151101368572 0.00600000417605102
v 0.0387313276940922 0.0209786307524451 0.000399999618716278
v 0.0359488624326531 0.0253806981179847 0.000399999706027809
v 0.0407274806823411 0.0167299428966062 0.00600000510737402
v 0.0414026712219355 0.0149807524530433 0.000400000026170089
v 0.0431930092804953 0.0086357748982651 0.000400001510466117
v 0.0427797030397392 0.0104937698919484 0.00600000464171252
v 0.0439906911447188 -0.00185639544721475 0.00600000464171252
v 0.0439785355170839 0.00211452708981825 0.000400000608246963
v 0.0438491933805575 0.00398630961526726 0.00600000510737402
v 0.0438199125858255 -0.00447432588772773 0.000400002499996802
v 0.043459464512557 -0.00697597977735324 0.00600000557303552
v 0.0425500946703613 -0.0112648854002524 0.00600000603869701
v 0.0429827128245895 -0.00943152761313669 0.000400001248531524
v 0.0409780922477368 -0.016107597782735 0.00600000557303552
v 0.0416073946410831 -0.0144569468522172 0.000400001306739211
v 0.0367480828424522 -0.0242520264647851 0.000400001364946899
v 0.0388089068989643 -0.0207672615132462 0.00600000557303552
v 0.0393119554228114 -0.0197964210915057 0.00040000145225843
v 0.0361619640333977 -0.0251190206976272 0.00600000510737402
v 0.0327324192854238 -0.029475285620474 0.000400002936554458
v 0.0329768133385538 -0.0291531430152976 0.00600000603869701
v 0.0274057211827893 -0.0344836625883296 0.000400002645516021
v 0.0293958447860161 -0.0327800426881462 0.00600000464171252
v 0.0259086883980255 -0.035570221698754 0.00600000603869701
v 0.022764035351977 -0.0376676457485515 0.000400002441789115
v 0.0227680698431596 -0.0376740606982316 0.00600000510737402
v -0.0231787478904445 0.0374178650423656 0.000399997785174126
v -0.0186662365580208 0.0398769067346712 0.00039999679564344
v -0.0273589110267835 0.0344976734046751 0.000399997726966438
v -0.0228198066977701 0.0376267867659199 0.00600000184774352
v -0.0265255017501073 0.0351429718939553 0.00600000231340502
v -0.0298214575287312 0.0323603552224012 0.00600000184774352
v -0.0316857053795917 0.0305712566765237 0.000399997610551064
v -0.0346020092049416 0.0271873874840652 0.000399997726966438
v -0.0329619121707512 0.0291918431922732 0.00600000184774352
v -0.0361010182570852 0.0251818253646755 0.00600000184774352
v -0.0405213528281281 0.0172222269546226 0.00039999758144722
v -0.0391651193152849 0.0201582212732324 0.00600000184774352
v -0.0375120359133546 0.023087286552118 0.000399997756070282
v -0.0424468109510297 0.0116994637821465 0.000399998250835625
v -0.0414489356226706 0.0148116103092925 0.00600000184774352
v -0.0427175651700025 0.0106106797421655 0.00600000231340502
v -0.0440131099516778 0.000484157774058624 0.00600000277906652
v -0.0436771221453573 0.0055631713949966 0.00600000231340502
v -0.0437320851027971 0.0052620808702564 0.000399997465031845
v -0.0440096491554556 -0.00132659236203867 0.000399998570977905
v -0.0437160514462415 -0.00539745139593218 0.00600000184774352
v -0.0434459789556957 -0.00714467069533166 0.000399998250835625
v -0.0421159193440977 -0.0128399129402322 0.00039999868739328
v -0.0424096250867784 -0.0118339057792464 0.00600000277906652
v -0.0400423398879466 -0.018309320644187 0.000399998629185593
v -0.0404674888318138 -0.017349114063249 0.00600000324472802
v -0.0381790494371173 -0.0219024729133468 0.00600000324472802
v -0.0372633689503572 -0.0234533782681255 0.000399998832912498
v -0.035379090204678 -0.0262091747130698 0.00600000371038952
v -0.0338251554480141 -0.028186767353831 0.000399999298573997
v -0.0315912953056866 -0.0306686897783871 0.00600000417605102
v -0.0297940226161606 -0.0324182350558391 0.000400000229896995
v -0.0242973748320918 -0.0367013017520513 0.00600000417605102
v -0.0278303150581558 -0.0341003563064268 0.00600000324472802
v -0.0246485804560307 -0.0365060965469187 0.000399999531404747
v -0.0189176192588502 -0.0397590460041372 0.00040000011348162
v -0.0198581213658775 -0.0392966965153162 0.00600000417605102
v -0.0109967330812852 -0.0426192455688609 0.00600000464171252
v -0.0151830839275541 -0.0413134568569699 0.00600000464171252
v -0.0128000006968826 -0.0421475791293141 0.000400000142585464
v 0.000226475035049383 -0.0440151788523893 0.000400000579143119
v -0.000878554110764651 -0.0440066032344081 0.00600000510737402
v -0.00595099603190668 -0.0436254576208063 0.00600000464171252
v -0.00565625745203268 -0.0436835609716546 0.000400001568673805
v 0.00530253911867309 -0.0437094070348838 0.000400000695558494
v 0.00426486603074374 -0.043822417437611 0.00600000417605102
v 0.0105401771323051 -0.0427390322744151 0.000400001539569961
v 0.0105449957974432 -0.0427603260330513 0.00600000324472802
v 0.0227576725533253 -0.0376575278604381 0.00600000557303552
v 0.0105358222660148 -0.042719921535821 0.00600000557303552
v 0.0105358222660148 -0.042719921535821 0.000400001161219993
v 0.0175705481015596 -0.0398060740672974 0.00520000284314172
v 0.0227576725533253 -0.0376575278604381 0.000400001364946899
v 0.0166467837312666 -0.0401887619510313 0.00219999912530096
v 0.0157228777998794 -0.0405714498347653 0.00520000284314172
v 0.0159098353017144 -0.0410228655969246 0.00520000284314172
v 0.0177576490271347 -0.0402574898294567 0.00520000284314172
v 0.0175705481015596 -0.0398060740672974 0.00520000284314172
v 0.0157228777998794 -0.0405714498347653 0.00520000284314172
v 0.0159098353017144 -0.0410228655969246 0.00520000284314172
v 0.0157228777998794 -0.0405714498347653 0.00520000284314172
v 0.0166467837312666 -0.0401887619510313 0.00219999912530096
v 0.0168380569838264 -0.0406507165590937 0.00219999912530096
v -0.0181610664804078 0.0400826805880283 0.000401108940822137
v -0.0127798673565354 0.0421090559036218 0.000400086988455017
v -0.010004066642396 0.0428533390781229 0.000400014636299619
v -0.0147363273590502 0.0412468821962652 0.000199994294179761
v -0.0155054008437388 0.0411835336368515 0.000399950054870484
v -0.00504436381363316 0.0437098056409325 0.000399997988901031
v -0.00560453829255891 0.0434458874585351 0.000200145124849653
v -0.0098772949573156 0.0426781498570967 0.000200052574626738
v -0.00775216118585952 0.0431087635989229 0.000199994454250901
v -0.00718110978576089 0.0434157014322529 0.000399947610147614
v -0.0126731377421494 0.0419327267438023 0.000200124854022527
v -2.52188004175321e-05 0.0440054632956147 0.000400025957694812
v 0.0102058116906291 0.0426008053824982 0.000200082813520326
v 0.0113522479366879 0.0425158277883325 0.000400035649274759
v 0.0123002667515486 0.0420377836520073 0.000199995109087384
v -0.000557275736126647 0.0437968507711449 0.000199994657977807
v 0.00285129235853469 0.0439129308129756 0.000400014578091931
v 0.00161604620011086 0.0437764920603424 0.000200061494954827
v 0.00377969797693674 0.0436370432732483 0.000199994788945103
v 0.00807961434832109 0.0430487342730544 0.000199994949016244
v 0.00855066913357308 0.0431666173553295 0.000400017983241642
v 0.00571271192323721 0.0436329529046369 0.000400050521338881
v 0.00593965577754743 0.0434017017917779 0.000200073427530738
v 0.0292378551543893 0.0326209541712533 0.000200059239406942
v 0.0275810483231544 0.0340256418866913 0.000199995822131554
v 0.0141049490467644 0.0416835309081737 0.000400025928590968
v 0.0143703844801546 0.0413821512077837 0.00020006088377411
v 0.0164002141076374 0.040614234792417 0.000199995283710446
v 0.0161309462801529 0.0409359694783192 0.000399998745600967
v 0.0181215672098551 0.0401009345098823 0.000400005235758109
v 0.0183961882818727 0.0397564904550776 0.000200085825768147
v 0.0209797676566508 0.0384556675549889 0.000200074417061423
v 0.0207011865992897 0.0388322534134174 0.000399985648871309
v 0.0234727963599846 0.0369865472206965 0.000200087484687237
v 0.0225767965905997 0.0377660083103134 0.000399999036639404
v 0.0244025621756102 0.0366198855352923 0.00040005762267674
v 0.025865245905943 0.0353546503322386 0.000200113488971569
v 0.0267413824186471 0.0349484558675049 0.000400072465637019
v 0.0289683619467418 0.0331258054956726 0.000400020922729854
v 0.0308131917133097 0.0311289512420653 0.000199996011306538
v 0.0310699537357158 0.0311632239116687 0.000399996766539597
v -0.00290047110172887 0.0439099207785148 0.000400030352375208
v -0.00272520845548068 0.0437214099198254 0.000200042199106465
v 0.0330395696067543 0.0290669211742137 0.000400033582901857
v 0.0337425247472569 0.0279265353460611 0.000199996200481522
v 0.0323223503233728 0.0295675144919639 0.000200089900306263
v 0.0414666642870637 0.0141050131015171 0.000199996869869927
v 0.0348677119280293 0.0268467842034302 0.000400087628739578
v 0.0389236794186717 0.0200972494489499 0.000200075872253607
v 0.0365462353486905 0.0245128340298869 0.000399968855953504
v 0.0363407370688171 0.0244499492690998 0.000199996389656506
v 0.0387722053226666 0.020814067921641 0.000400003052969832
v 0.0377006139171881 0.0226860374100907 0.000399999967962402
v 0.0375130827203927 0.0226213123559575 0.000200104204845433
v 0.0397406880975351 0.0188859732114256 0.000400000142585464
v 0.0406241820618417 0.0169171722554757 0.000400010125203848
v 0.039867120781048 0.0181398348424177 0.000199996695246865
v 0.0407221833171873 0.0161449140144108 0.000200072307032756
v 0.0350900969563149 0.0262228986820718 0.000200089041742874
v 0.0421200991216663 0.0120349820416937 0.000200072932765395
v 0.0428227152606013 0.00922751861599968 0.00020010488878576
v 0.0424832331304311 0.0114762127299368 0.000400031545632799
v 0.0436167053605017 0.00583977605308248 0.000400036231351632
v 0.0435262254696045 0.00494158903428852 0.000200063634087338
v 0.0431418014173418 0.00867812027167622 0.000400062279291729
v 0.0432217759849382 0.00709313316841548 0.000199997146356442
v 0.0416426247270604 0.0142273395236476 0.000400019438433827
v 0.0437974975041584 -0.000835215703218017 0.000200105456310712
v 0.0437573053293029 0.00205737741325452 0.000200106300322179
v 0.0439053223543779 0.0029755906607029 0.0004000587286228
v 0.0440060244463877 0.00010238634081137 0.000400062948680134
v 0.0439188824170782 -0.00276967315084347 0.000400025084579501
v 0.0436964601358731 -0.00300442231117616 0.000199997466498722
v 0.0431848657922912 -0.00731416581032644 0.000199997582914097
v 0.0437244594301741 -0.00491884148116179 0.000400001015700775
v 0.0434361739872816 -0.00705886375844095 0.000399984251886813
v 0.0435001335247822 -0.00516378582937895 0.000200112484888961
v 0.0427754040528282 -0.00944537731068215 0.000200061698681733
v 0.0430326987919833 -0.00917583673408926 0.000400001103012306
v 0.0425367320481343 -0.0112764812972424 0.00039999094577086
v 0.0422490128496183 -0.0115520708137558 0.00019999768477755
v 0.0406397165292759 -0.0163507791373772 0.000200082115028077
v 0.0416300928449384 -0.0136332805380697 0.000200101556395658
v 0.0417092478483057 -0.0140316090526004 0.000400049968365851
v 0.040704391322831 -0.0167244089780523 0.000400012744549779
v 0.0394711930272417 -0.0189987153932602 0.000200099839268881
v 0.0381307622028531 -0.0215631641710473 0.000200095226309657
v 0.0385240412740825 -0.0212588768816763 0.000400001335843055
v 0.0395249564406734 -0.0193476595985955 0.00040003297172114
v 0.0358499857336991 -0.0255209459798212 0.000400063909106976
v 0.0358093390732256 -0.0252314071142502 0.000200115497136783
v 0.0370094940292128 -0.0234246674567523 0.000199997888504456
v 0.0374401154269555 -0.0231255415569178 0.000400008291661696
v 0.0341059120758744 -0.0278084585486969 0.000399930293360622
v 0.0340658353850693 -0.0275405710696188 0.00020001521984337
v 0.0322174461020427 -0.0299761508844068 0.000400025288306407
v 0.0321711071954686 -0.0297312074675122 0.000200126658460836
v 0.03013674016239 -0.031791425181694 0.000200130543823967
v 0.0268454875648538 -0.0346160035217712 0.000200050159007712
v 0.0307055643035636 -0.0315150310025029 0.000400001423154586
v 0.0285215690566414 -0.0332406822687771 0.000199997932160221
v 0.029127307115754 -0.0329870049090689 0.000400031371009737
v 0.0245738157092272 -0.0365055452039729 0.000400183409489142
v 0.0269103001942111 -0.0348190728144617 0.000399969350718846
v 0.024499792295522 -0.0363137188370284 0.000200112033779384
v 0.0227576725533253 -0.0376575278604381 0.000400001364946899
v 0.0226670958048374 -0.0374785649204654 0.000199997888504456
v -0.019403861128062 0.0392737226508114 0.000200021011508263
v -0.020739504952294 0.0388123715397572 0.000399957243519874
v -0.0167635641833353 0.0404726625899235 0.000199010642470929
v -0.0213184339478838 0.0382616916956138 0.000199994177764386
v -0.0244367845701147 0.0365975114425055 0.000400116179610232
v -0.0226136415906376 0.0377445804412309 0.000399997639654907
v -0.0255961028757389 0.0355496171188001 0.000200055630530325
v -0.0231908029351968 0.037163304788886 0.000200128026341489
v -0.027889554650755 0.0337805326943839 0.000200041340543076
v -0.0290002988746347 0.0330987896913287 0.00039997016562647
v -0.0267759754797008 0.034922423539767 0.000399992080820764
v -0.0305849542513696 0.0316322547084172 0.00039999758144722
v -0.0300595055470232 0.0318645973312973 0.000200081969508859
v -0.0321008630904473 0.0301012144634929 0.000400064171041569
v -0.0335347465887097 0.0284861707877835 0.00039999758144722
v -0.0339929947515584 0.0276294956087241 0.000200099271743929
v -0.0320962698054721 0.0298118134336583 0.000200072685382724
v -0.0365696488086003 0.0244786861575043 0.000400042488678024
v -0.034893096067381 0.0268145418169717 0.000400071592521708
v -0.0353157192633056 0.02590758639643 0.00019999413410862
v -0.0365613302316745 0.0241285647604739 0.00020004800532328
v -0.0377223994245155 0.0226508222420731 0.000399997639654907
v -0.0387919046665016 0.0207781989651979 0.000400042284951119
v -0.0390955308616468 0.0197469473753461 0.00019999420686823
v -0.0380737652360082 0.0216634322187333 0.000200069993277183
v -0.0406389453938421 0.0168827468489751 0.00040004158645887
v -0.0397586551806131 0.0188490630363788 0.000399997697862595
v -0.0414130722370617 0.0148661429695088 0.000399997756070282
v -0.0400316445747563 0.0177870181979463 0.00020009106446001
v -0.0420968160469748 0.0128222383010003 0.000399997843381813
v -0.0411185171278163 0.0151055282534634 0.000200122336540049
v -0.0424117745802339 0.0109623750742945 0.000200128957664487
v -0.041810963219726 0.0130482404800037 0.000199994323283604
v -0.0426693896944967 0.0107403859641313 0.000399997843381813
v -0.0428972918801613 0.00884626031237011 0.000199994425147057
v -0.0436217047022995 0.00580286354972929 0.000400006807365668
v -0.0431499523561298 0.00863777165379851 0.000399938326021479
v -0.0438482136287745 0.00365454132594181 0.000399998047108719
v -0.0436371348615591 0.00383731384077903 0.000200109167050782
v -0.0432888573170934 0.00670963224010099 0.000200080776251268
v -0.0439804987459418 0.00150200440198341 0.000400006836469511
v -0.0437952027243168 0.000950683575099371 0.000200098209453634
v -0.0437827267215741 -0.00122322510575828 0.000199994716185494
v -0.0436742387693875 -0.00339209509882458 0.000200093072625224
v -0.0438584581816388 -0.00352846260528325 0.000399998250835625
v -0.0439846561717588 -0.00137364801562922 0.000399993536012948
v -0.0436384871425372 -0.00567475594290956 0.000399967633592069
v -0.043302249741656 -0.00780532669335528 0.000399998396354843
v -0.0428461063687594 -0.009118494273759 0.000200087892141049
v -0.0433551265356034 -0.0062678933848306 0.000200048951198199
v -0.0423299746195817 -0.0120072388744432 0.000399998570977905
v -0.0428732711976635 -0.00991970733270356 0.000400049851950476
v -0.0421505682845306 -0.011928222675879 0.000200065482181412
v -0.0412713621312592 -0.0146843692980996 0.000200065234798741
v -0.041696164622975 -0.0140692205135225 0.000400004828304297
v -0.0401175907853496 -0.0180855592272234 0.00040002776213312
v -0.0402112334491129 -0.0173786164987843 0.000200054553688108
v -0.0409511174087222 -0.0160937490165121 0.000399998745600967
v -0.0388517142287692 -0.0206650544520245 0.000400017866826268
v -0.0389762023098838 -0.0199955583404173 0.000200076614401621
v -0.037932263746555 -0.0218997329624236 0.000199995531093117
v -0.0368054262614485 -0.0237556073346752 0.000200046782961845
v -0.0374192016379445 -0.0231581266700722 0.000400011987849843
v -0.0351561910861032 -0.0261343746116603 0.000200084457887494
v -0.0358257564348521 -0.0255542519366244 0.000400060125607297
v -0.0345253613230571 -0.0272762114403358 0.000399999269470154
v -0.0331523006664728 -0.0289382068107569 0.000400013093795903
v -0.033354036401476 -0.0283985817652056 0.000200085258243195
v -0.0314056044031148 -0.0305396904302319 0.000200087164544956
v -0.0316889128559612 -0.0305251822876481 0.000399999473197059
v -0.0301573987689023 -0.0320470098899715 0.000400022698064319
v -0.0293203703710961 -0.0325469252049099 0.000200073543946112
v -0.0279984412091803 -0.0339494820543681 0.000400033932147981
v -0.0257203823405043 -0.0357065971214543 0.00040005264591947
v -0.0271068037566696 -0.0344121183905325 0.000200086291429646
v -0.0253651403627369 -0.0357079643029483 0.00019999634600074
v -0.0235688753646837 -0.036925128361593 0.000200098602355524
v -0.0210783873104602 -0.0384016359463011 0.000200053986163157
v -0.0208480692729657 -0.0387537503735746 0.000399985270521342
v -0.0233346271441812 -0.0373095112523563 0.000400093100262191
v -0.0182730953225935 -0.0400322997637113 0.000399998192627937
v -0.0184969816435353 -0.0397096412058458 0.000200072408896209
v -0.0158335189708135 -0.0408446812425983 0.000200104146637746
v -0.0156192923318998 -0.0411403202708297 0.000400018739941578
v -0.0117157162904053 -0.0422106445666746 0.000200067068340893
v -0.0135823958255867 -0.0418508187887402 0.000400000375416214
v -0.013788799351404 -0.0415734225064923 0.000199996884421849
v -0.00890267010734342 -0.0428920560189043 0.000200072510759662
v -0.0087158271582359 -0.0431338161753449 0.000400042867027992
v -0.0115155312081766 -0.0424720779805257 0.000400024531606471
v -0.005877720936222 -0.0436114654309116 0.000400083728824525
v -0.00605216844202525 -0.0433860630236262 0.000200048369121326
v -0.00302135193608157 -0.0439018555252875 0.000400018798149266
v -0.000281692752982068 -0.0438052997292601 0.000200059748724206
v -0.00316957059258332 -0.0436910152772934 0.000200145939757276
v 0.0026105455990551 -0.0437284507182548 0.000200024373002208
v -0.000145061471573579 -0.044005254679365 0.000400006574534918
v 0.00273395125002735 -0.0439205564819624 0.00040009278011991
v 0.00835342610066236 -0.0430024698943799 0.000200003010780944
v 0.00549060675750939 -0.0434605427500808 0.000200082886279935
v 0.00559405392402531 -0.0436485320681458 0.000400144992415479
v 0.0105358222660148 -0.042719921535821 0.000400001161219993
v 0.0104733137297289 -0.0425294250974687 0.000199997670225628
v 0.00843588264402089 -0.0431894831864193 0.000399962016550238
v 0.0177576490271347 -0.0402574898294567 0.00520000284314172
v 0.0168380569838264 -0.0406507165590937 0.00219999912530096
v 0.0166467837312666 -0.0401887619510313 0.00219999912530096
v 0.0175705481015596 -0.0398060740672974 0.00520000284314172
v -0.0167629699992692 0.0404653163176998 0.000199994250523995
v -0.0409538070695105 0.0155324483700818 0.000199994279627839
v -0.0437556438490929 -0.00198003643111552 0.000199994730737416
v -0.0436000868331099 -1.86264508714339e-09 0.000199994672529729
v -0.0434353246207169 -0.000997159596821866 0.000199994716185494
v -0.0384698792544121 0.0209413908892178 0.000199994192316308
v -0.031711495575766 0.0290410173689868 0.000199994148660542
v 0.00188832627538354 0.042958504019743 0.00019999475984126
v -0.0314185013638479 0.0300083075891913 0.00019999413410862
v -0.0393829669379746 -0.0191688847857765 0.000199995400125821
v -0.0317114918504741 -0.0290410173689868 0.000199995938546929
v -0.029041031216823 -0.0317114767292636 0.000199996113169991
v -0.0185821362295891 -0.039663242716725 0.000199996680694943
v -0.0237877455800139 -0.0367779346962266 0.000199996433312272
v -0.029041034942115 0.0317114767292636 0.000199994148660542
v -0.022088967747017 0.0378225060610966 0.000199994177764386
v -0.0130360137744467 -0.0418151081571295 0.000199996913525692
v -0.00528011518943769 0.0434809834172671 0.000199994512458588
v -0.0111259103736427 0.0423636198823915 0.00019999436693937
v 0.000997158209658639 0.04343530390915 0.000199994716185494
v 0.0232207915353995 0.0371381330031784 0.000199995589300805
v 0.017975152060319 0.039941987554016 0.000199995341918133
v 0.0360457162980779 0.0248831464996619 0.000199996375104584
v 0.0290410293541771 -0.0317114730039734 0.000199997903056378
v 0.0226670958048374 -0.0374785649204654 0.000199997888504456
v 0.0318990640254809 -0.0300154973992276 0.000199997946712143
v 0.0434353246207169 0.000997161459466953 0.000199997335531426
v 0.042958520778662 0.0018883309628951 0.00019999729187566
v 0.04118601569267 -0.0149056664356129 0.000199997757537159
v 0.039083289552297 0.0197720483805404 0.000199996622487255
v 0.0414020379223039 0.0142946620363547 0.000199996869869927
v 0.0308298679827267 -0.0308298495566169 0.000199997932160221
v 0.0280370538602487 0.0336508106399349 0.000199995851235398
v 0.0300083200356214 0.0314184863823461 0.000199995982202694
v 0.0104733137297289 -0.0425294250974687 0.000199997670225628
v -0.0314364498204661 0.0304991928007472 0.000199994105004777
v -0.0300083256235593 0.031418482657056 0.00019999413410862
v -0.0308298735706646 0.0308298551445522 0.000199994119556699
v -0.027012578084716 0.0344790022503216 0.000199994119556699
v -0.0352782428262821 0.0259593474407567 0.00019999413410862
v -0.0434353320713008 0.000997161459466953 0.000199994657977807
v -0.0436200991014688 0.00396764823980044 0.000199994556114354
v -0.042958524503954 0.00188832910025001 0.000199994643425885
v -0.0426805655703487 0.00983967412992173 0.000199994396043214
v -0.0416164359246473 -0.0136571317084105 0.000199995167295071
v -0.0430831168932433 -0.00789350244913556 0.000199994934464322
v -0.042958524503954 -0.00188832910025001 0.00019999475984126
v -0.0314184976385559 -0.0300083075891913 0.000199995982202694
v -0.0327870544171719 -0.0290423715119652 0.000199995909443085
v -0.0364212145508269 -0.024330447548244 0.000199995647508492
v -0.0308298698453727 -0.0308298551445522 0.00019999602585846
v -0.0300083218982674 -0.031418482657056 0.000199996069514225
v -0.0285508796537091 -0.0332157600775111 0.000199996171377678
v -0.00725166448699861 -0.0431955963875953 0.00019999713180452
v -0.00133134111202905 -0.0437802322516774 0.000199997335531426
v -0.000997160072304614 -0.04343530390915 0.000199997335531426
v 1.86264597532178e-09 -0.043600058592398 0.000199997379187191
v 0.000997160072304614 -0.0434353001838598 0.000199997393739113
v 0.00461599249222866 -0.0435563609386536 0.000199997510154488
v 0.00188833000067549 -0.0429584965691627 0.000199997408291035
v -0.00188833000067549 -0.042958504019743 0.00019999729187566
v -0.00188833372596744 0.042958504019743 0.000199994643425885
v 0.0275360002302412 -0.0340620565981449 0.000199997932160221
v 0.0300083200356214 -0.0314184789317658 0.000199997917608299
v 0.031418493913264 -0.030008302001256 0.000199997917608299
v 0.0290410274915311 0.0317114804545538 0.000199995938546929
v 0.0387857430336152 -0.0203497514796081 0.000199997859400612
v 0.0356728853543655 -0.0254145014010262 0.000199997917608299
v 0.0428265038825151 -0.00918474762818615 0.000199997626569863
v 0.042958524503954 -0.00188832537495984 0.000199997408291035
v 0.0317114881251821 -0.0290410117810516 0.000199997903056378
v 0.043600079382526 5.58793526143017e-09 0.000199997379187191
v 0.0436758816231377 -0.003296244779624 0.000199997481050644
v 0.0434353246207169 -0.000997155871531691 0.000199997393739113
v 0.0429578166984834 0.00855012395790044 0.000199997088148754
v 0.0437200784868402 0.00264818771296981 0.00019999729187566
v 0.0323396878321111 0.0295402286040823 0.000199996113169991
v 0.031418493913264 0.0300083113144814 0.000199996069514225
v 0.0308298661200807 0.0308298588698423 0.00019999602585846
v 0.0317114881251821 0.029041021094277 0.000199996113169991
v 0.00658669987380873 0.0433019459714909 0.000199994890808556
v 0.0123940314186233 0.0420102053288471 0.000199995109087384
v 0.0006617776259261 0.0437951520388254 0.00019999468708165
v -3.72529195064356e-09 0.0436000623176882 0.000199994672529729
v -0.00099716566024254 0.04343530390915 0.000199994657977807
v 0.0291735473020913 -0.0315895591577297 0.000299999655829521
v 0.0303010180868294 -0.0311858420109619 0.00360000110864611
v 0.0313457911155552 -0.0299790472975173 0.00360000110864611
v 0.0311858587441762 -0.0303009999128948 0.000299999655829521
v 0.0315895779460973 -0.0291735315284215 0.00360000110864611
v 0.0315895779460973 -0.0291735315284215 0.000299999655829521
v 0.0299790615926411 -0.0313457724434342 0.000299999655829521
v 0.0291735473020913 -0.0315895591577297 0.00360000110864611
v 0.0145807563732224 -0.0387280197943408 0.0270000166967528
v 0.0143672841059287 -0.0362857456331097 0.0270000166967528
v 0.0156381683862137 -0.0390111455728768 0.0270000166967528
v 0.0139046233347645 -0.0372776041420135 0.0270000166967528
v 0.0141877473856594 -0.0383350091315339 0.0270000166967528
v 0.014048591898812 -0.0367409127624745 0.0270000166967528
v 0.0139529888001597 -0.0378312679435865 0.0270000166967528
v 0.0150845723072113 -0.0389628509110574 0.0270000166967528
v 0.0148224495896882 -0.0359670545092798 0.0270000166967528
v 0.0153591421564645 -0.0358230832199141 0.0270000166967528
v 0.015912808084691 -0.0358714486622469 0.0270000166967528
v 0.0161749326648601 -0.0388672487893146 0.0270000166967528
v 0.0166300236427806 -0.0385484868849714 0.0270000166967528
v 0.016809558500404 -0.0364992159359668 0.0270000166967528
v 0.0164165495128409 -0.0361062089984501 0.0270000166967528
v 0.0170926862765908 -0.0375566283760676 0.0270000166967528
v 0.0169487894244133 -0.03809339426141 0.0270000166967528
v 0.0170443915917427 -0.0370030316297177 0.0270000166967528
v -0.0385485089916143 -0.0143672744611094 0.0270000148341068
v -0.0370029896694669 -0.0139529830781819 0.0270000148341068
v -0.0390111716254245 -0.0153591339013358 0.0270000148341068
v -0.0389628061600293 -0.0159127986342314 0.0270000148341068
v -0.038867200267408 -0.0148224397278292 0.0270000148341068
v -0.0387280457118837 -0.0164165416848239 0.0270000148341068
v -0.0383350348616747 -0.0168095523476308 0.0270000148341068
v -0.0378312189276857 -0.0170443834643473 0.0270000148341068
v -0.0375566537350474 -0.0139046167045266 0.0270000148341068
v -0.0380933453705008 -0.0140485851999246 0.0270000148341068
v -0.0372776256426523 -0.0170926781261667 0.0270000148341068
v -0.0367408595013599 -0.0169487813426046 0.0270000148341068
v -0.0364992445160251 -0.0141877424830625 0.0270000148341068
v -0.0362857666607934 -0.0166300157129712 0.0270000148341068
v -0.0358231077522752 -0.0156381609293575 0.0270000148341068
v -0.0359670046044527 -0.0161749268147 0.0270000148341068
v -0.0358714024371234 -0.0150845669769752 0.0270000148341068
v -0.0361062336658161 -0.0145807522145469 0.0270000148341068
v -0.0168095640883419 0.0364992233865472 0.0270000129714608
v -0.0170926918645287 0.0375566321013578 0.0270000129714608
v -0.0169487968749972 0.0380933979867002 0.0270000129714608
v -0.0170443953170346 0.0370030390802981 0.0270000129714608
v -0.0164165551007789 0.0361062127237403 0.0270000129714608
v -0.015912811809983 0.0358714561128272 0.0270000129714608
v -0.0166300310933645 0.0385484906102616 0.0270000129714608
v -0.0156381758367976 0.0390111567487473 0.0270000129714608
v -0.016174940115444 0.038867256239895 0.0270000129714608
v -0.0153591477444025 0.0358230906704945 0.0270000129714608
v -0.0150845797577952 0.0389628583616377 0.0270000129714608
v -0.0145807656864523 0.0387280272449212 0.0270000129714608
v -0.0148224533149801 0.0359670582345699 0.0270000129714608
v -0.0143672896938666 0.03628575308369 0.0270000129714608
v -0.0139529962507436 0.0378312753941669 0.0270000129714608
v -0.0140485993493959 0.0367409202130549 0.0270000129714608
v -0.0139046307853484 0.0372776115925939 0.0270000129714608
v -0.0141877566988892 0.0383350203074045 0.0270000129714608
v 0.0141877473856594 0.0364992271118373 0.0270000148341068
v 0.0161749308022141 0.0359669911793468 0.0270000148341068
v 0.0139046224034415 0.0375566358266479 0.0270000148341068
v 0.0140485900361661 0.0380933309314771 0.0270000148341068
v 0.0139529888001597 0.0370029720250749 0.0270000148341068
v 0.0145807573045454 0.0361062201743206 0.0270000148341068
v 0.0143672785179908 0.0385484943355518 0.0270000148341068
v 0.0153591393624956 0.0390111530234572 0.0270000148341068
v 0.0148224440017503 0.0388671854593817 0.0270000148341068
v 0.0159128043593991 0.0389627875811244 0.0270000148341068
v 0.0156381646609218 0.0358230943957846 0.0270000148341068
v 0.0150845723072113 0.0358713890576041 0.0270000148341068
v 0.016416547650195 0.0387280272449212 0.0270000148341068
v 0.0166300236427806 0.0362857493583998 0.0270000148341068
v 0.0170926825512988 0.0372776115925939 0.0270000148341068
v 0.0169487856991213 0.0367408457072514 0.0270000148341068
v 0.0170443878664507 0.0378312046136536 0.0270000148341068
v 0.016809558500404 0.0383350165821143 0.0270000148341068
v 0.0346980956602245 -0.0142307286063836 0.0420000222474346
v 0.0361492905901816 -0.0127796749981139 0.0420000222474346
v 0.0352958150284133 -0.0133773214381297 0.0420000222474346
v 0.0358714694923785 -0.0159127949089412 0.0420000222474346
v 0.0381936786586075 -0.0126004950599886 0.0420000222474346
v 0.0387280382612998 -0.0145807447639665 0.0420000222474346
v 0.03913816310273 -0.0130408113200736 0.0420000222474346
v 0.0383350274110908 -0.0141877359638047 0.0420000222474346
v 0.0349592311753807 -0.0172197403234313 0.0420000222474346
v 0.0390111679001326 -0.0156381553414222 0.0420000222474346
v 0.0364992370654412 -0.0168095448970504 0.0420000222474346
v 0.0395384531734106 -0.0176199612853705 0.0420000222474346
v 0.0401361017610523 -0.0167666258289525 0.0420000222474346
v 0.0388672673226631 -0.0161749193641196 0.0420000222474346
v 0.0385485052663224 -0.016630011987681 0.0420000222474346
v 0.0389628657647005 -0.0150845585950724 0.0420000222474346
v 0.0404060028881684 -0.0157602014354671 0.0420000222474346
v 0.0403153516338414 -0.0147221670235305 0.0420000222474346
v 0.0398750370264432 -0.0137776848924181 0.0420000222474346
v 0.0371556446830204 -0.0125098419862424 0.0420000222474346
v 0.0378312859829408 -0.0139529774902466 0.0420000222474346
v 0.0372776181920684 -0.0139046101852688 0.0420000222474346
v 0.036740926556615 -0.0140485786806668 0.0420000222474346
v 0.0362857629355015 -0.0143672707358192 0.0420000222474346
v 0.0359670679344159 -0.014822436002539 0.0420000222474346
v 0.0344283323689106 -0.0152371529998689 0.0420000222474346
v 0.0358231003016913 -0.0153591292447231 0.0420000222474346
v 0.0345189128426905 -0.0162752581923189 0.0420000222474346
v 0.0356961050990939 -0.0179566138957757 0.0420000222474346
v 0.0361062262152322 -0.0164165379595337 0.0420000222474346
v 0.0366405187626693 -0.0183968593753475 0.0420000222474346
v 0.0375566462844635 -0.0170926744008766 0.0420000222474346
v 0.0370030492741382 -0.0170443760137669 0.0420000222474346
v 0.0376786905740586 -0.0184875124490937 0.0420000222474346
v 0.0386850483921893 -0.0182176785058996 0.0420000222474346
v 0.0380934124257559 -0.0169487757546693 0.0420000222474346
v -0.0167690440877947 -0.03840332350275 0.0270000148341068
v -0.017112674330552 -0.0376411030560597 0.0270000148341068
v -0.0170301404873855 -0.0369033279634931 0.0420000222474346
v -0.016638824645014 -0.0362778256661991 0.0420000222474346
v -0.016973113718205 -0.036766784902735 0.0270000148341068
v -0.0166339650016644 -0.036282184255703 0.0270000148341068
v -0.0170554408076683 -0.0379387760927263 0.0420000222474346
v -0.016020139333727 -0.0389739597263571 0.0270000148341068
v -0.0163717361133207 -0.0387810455746816 0.0420000222474346
v -0.0148626035803012 -0.0389147127114252 0.0270000148341068
v -0.0155725324673353 -0.0390305878622964 0.0420000222474346
v -0.0148487315244 -0.038891709044599 0.0420000222474346
v -0.0143636966497802 -0.0385524543190071 0.0420000222474346
v -0.0143672841059287 -0.0385484868849714 0.0270000148341068
v -0.0142023952336093 -0.0364651444320328 0.0420000222474346
v -0.0138840727617188 -0.0375438655319305 0.0270000148341068
v -0.0140600257511315 -0.0366738426381767 0.0270000148341068
v -0.0140010366844161 -0.038053101522885 0.0420000222474346
v -0.0139086289549344 -0.0371195438052087 0.0420000222474346
v -0.0143313275880211 -0.0385801183238413 0.0270000148341068
v -0.0143672841059287 -0.0385484868849714 0.0420000222474346
v -0.0145468366586888 -0.0361207227289691 0.0270000148341068
v -0.0147554120297134 -0.0359784576225033 0.0420000222474346
v -0.015851070683839 -0.0358103688045493 0.0420000222474346
v -0.0152008796472024 -0.0358271326103336 0.0270000148341068
v -0.0166335887471774 -0.0362818080013954 0.0420000222474346
v -0.0166379454761137 -0.0362769502230082 0.0270000148341068
v -0.0160123031821088 -0.0358855898637485 0.0270000148341068
v 0.0344282615883635 0.0157602126113377 0.0420000222474346
v 0.0366405895432164 0.012600504373214 0.0420000222474346
v 0.0364992407907331 0.0141877471396752 0.0420000222474346
v 0.0361492198096346 0.0182176896817701 0.0420000222474346
v 0.0352958113031214 0.017619970598596 0.0420000222474346
v 0.036740855776068 0.0169487850678947 0.0420000222474346
v 0.0346981664407716 0.016766637004823 0.0420000222474346
v 0.0359670008791608 0.0161749305399901 0.0420000222474346
v 0.0358713987118314 0.0150845725649105 0.0420000222474346
v 0.0378312152023938 0.0170443871896374 0.0420000222474346
v 0.0383350274110908 0.016809557935566 0.0420000222474346
v 0.0381937494391546 0.0183968724138631 0.0420000222474346
v 0.0349592274500888 0.0137776942056435 0.0420000222474346
v 0.0385485015410304 0.0143672800490447 0.0420000222474346
v 0.0395384531734106 0.0133773307513551 0.0420000222474346
v 0.038867196542116 0.0148224443844419 0.0420000222474346
v 0.0380933416452089 0.0140485898565373 0.0420000222474346
v 0.0375566462844635 0.0139046222924618 0.0420000222474346
v 0.0387280382612998 0.0164165472727591 0.0420000222474346
v 0.0389627987094454 0.0159128042221666 0.0420000222474346
v 0.0403153553591334 0.0162752675055444 0.0420000222474346
v 0.0390111641748406 0.015359139489271 0.0420000222474346
v 0.0401361725415994 0.0142307388509316 0.0420000222474346
v 0.0404059321076213 0.0152371623130944 0.0420000222474346
v 0.0398750370264432 0.0172197514993018 0.0420000222474346
v 0.03913816310273 0.0179566250716463 0.0420000222474346
v 0.0371555739024734 0.0184875198996741 0.0420000222474346
v 0.0372776219173603 0.0170926818514569 0.0420000222474346
v 0.0362857592102095 0.0166300213009064 0.0420000222474346
v 0.0358231040269833 0.0156381646546477 0.0420000222474346
v 0.0345189128426905 0.014722178199401 0.0420000222474346
v 0.0356961050990939 0.013040818770654 0.0420000222474346
v 0.0361062299405241 0.0145807578024822 0.0420000222474346
v 0.037002982218883 0.0139529886661171 0.0420000222474346
v 0.0376786235188035 0.0125098531621129 0.0420000222474346
v 0.0386849776116423 0.012779687105307 0.0420000222474346
v 0.0371854358427497 0.0139101152328238 0.0270000148341068
v 0.0358286062831944 0.0152666461221788 0.0420000222474346
v 0.0358543331494055 0.0158655917571428 0.0270000148341068
v 0.0362602633120993 0.0166514882855358 0.0270000148341068
v 0.0362857592102095 0.0166300213009064 0.0420000222474346
v 0.0358914258813581 0.0160640882561444 0.0420000222474346
v 0.0358490320589597 0.0150618641273306 0.0270000148341068
v 0.0361198794102313 0.0145214185866185 0.0420000222474346
v 0.0364399453187547 0.0142013798390681 0.0270000148341068
v 0.0369802989161956 0.0139305903589442 0.0420000222474346
v 0.037982149131066 0.0139728453940686 0.0270000148341068
v 0.0377842914249835 0.0139358923781848 0.0420000222474346
v 0.0385699145191627 0.014341830729219 0.0420000222474346
v 0.0385485015410304 0.0143672800490447 0.0270000148341068
v 0.0390305990229471 0.0155725343550022 0.0270000148341068
v 0.038891727589611 0.0148487263066215 0.0270000148341068
v 0.0390614705173421 0.0155502999605969 0.0420000222474346
v 0.0385524689769579 0.0143636907319617 0.0270000148341068
v 0.0385797530152044 0.0143396756488532 0.0420000222474346
v 0.0387810715175091 0.0163717208560919 0.0270000148341068
v 0.0379387904580525 0.0170554345376493 0.0270000148341068
v 0.0385841339585383 0.0166323142170087 0.0420000222474346
v 0.0376411247300283 0.017112668033242 0.0420000222474346
v 0.0369033492856631 0.0170301398173659 0.0270000148341068
v 0.0367667987092122 0.0169731056247976 0.0420000222474346
v 0.0362821978311047 0.0166339589326207 0.0420000222474346
v 0.0362778429648144 0.0166388148483628 0.0270000148341068
v 0.00999086420772292 -0.0361450861267089 0.0374577066668795
v 0.00965831763984183 -0.0402499945456261 0.0375203176493815
v 0.00912788635751152 -0.0402499833697555 0.0379190393765293
v 0.00949591260593054 -0.0362766298480532 0.0376013464754897
v 0.00911719197564421 -0.0363753388618012 0.0379493036486687
v 0.00896561729675643 -0.0364123421691024 0.0384993392859293
v 0.00896730764797903 -0.0402499982709162 0.0384996335839966
v 0.010331638082877 -0.0402499982709162 0.0375046192689291
v 0.0106934505443223 -0.0359436373352442 0.0377154856968189
v 0.0108319298906806 -0.0402499684685948 0.0378866181603268
v 0.0109758937981133 -0.035858156826905 0.0381698893633644
v 0.0110283859556668 -0.0358417730007185 0.0384997825956763
v 0.0110516764809422 -0.0402499982709162 0.0384983483582596
v 0.0299262537165947 0.00131995971571399 0.0550000321492579
v 0.0189878149350762 0.0148680410048526 0.0550000321492579
v 0.024555490998122 0.00508063642136632 0.0550000321492579
v 0.0148680257427353 0.0189878282327259 0.0550000321492579
v 0.00508063046209567 0.0245554886023825 0.0550000321492579
v 0.00462221466110922 0.0228446416392609 0.0550000321492579
v 0.0243910193585011 -0.00665139571012891 0.0550000321492579
v 0.00292522776221762 0.0291777038534167 0.0550000321492579
v 0.00417765601485618 0.0279252761979822 0.0550000321492579
v 0.00492619941560472 0.0263200020957548 0.0550000321492579
v 0.00529403800244173 -0.0204488870390811 0.0550000321492579
v -0.00131995941379684 -0.0299262394466517 0.0550000321492579
v -0.0153865603052213 -0.00661945646915839 0.0550000321492579
v -0.0164498871505072 -0.00315663440806861 0.0550000321492579
v -0.00569758351262565 0.0183693723217965 0.0550000321492579
v -0.00529404452170264 0.0204488944896615 0.0550000321492579
v 0.015899300176078 0.0151378833299496 0.0550000321492579
v 0.01513780486654 0.015899238577997 0.0550000321492579
v -0.000614336964257642 -0.0304938358334766 0.0550000321492579
v 0.00428499564579904 -0.0301977683968751 0.0550000321492579
v 0.00044448600306 -0.0300806005703135 0.0550000321492579
v -0.0303459283439404 -0.00306572941157439 0.0550000321492579
v -0.0265783189393835 -0.0123483450692518 0.0550000321492579
v 0.0304938485114246 0.000614197904260097 0.0550000321492579
v 0.0203778331206198 0.00215540632871515 0.0550000321492579
v 0.0247468797347323 -0.017828307451593 0.0550000321492579
v 0.025888722695816 -0.0143503243908164 0.0550000321492579
v 0.00417772865804922 -0.0220747377815862 0.0550000321492579
v -0.0021553384385919 0.0296221887132068 0.0550000321492579
v 0.0174074585452524 0.0207661308876783 0.0550000321492579
v 0.0236800231753231 -0.00492626691580168 0.0550000321492579
v 0.0225374798593527 -0.00562474578496484 0.0550000321492579
v 0.0208223219176488 -0.00292529621655176 0.0550000321492579
v 0.0215667637719597 -0.0215667497628401 0.0550000321492579
v 0.0188951091822385 -0.0227845936869416 0.0550000321492579
v 0.0057770421272869 -0.0157222556297518 0.0550000321492579
v -0.0143503377528452 -0.0258887103511169 0.0550000321492579
v -0.0188939822814234 -0.022785586476773 0.0550000321492579
v -0.0188103941806349 -0.0240091692103881 0.0550000321492579
v 0.00977120516182219 0.0136046172241462 0.0550000321492579
v -0.0254444741801179 0.00508063455872123 0.0550000321492579
v 0.0184801489118563 0.020672503169728 0.0550000321492579
v 0.0194560450177066 0.020217462700229 0.0550000321492579
v 0.0207661612788469 0.0174074297556373 0.0550000321492579
v 0.0287304648027737 0.0102383453711485 0.0550000321492579
v 0.0267160727851344 0.0147144575355148 0.0550000321492579
v 0.0291777103158462 0.00292523381794134 0.0550000321492579
v 0.0300005695657181 0.00549733527306897 0.0550000321492579
v 0.0263200071955259 0.00492620451719126 0.0550000321492579
v 0.0279252820632076 0.00417766147337586 0.0550000321492579
v 0.030197499674105 -0.00428583831210189 0.0550000321492579
v 0.0300806149138616 -0.000444482065822484 0.0550000321492579
v 0.0286062970967668 -0.00360624014486456 0.0550000321492579
v 0.0296221991128751 -0.00215532716629895 0.0550000321492579
v 0.0179478885111782 0.0145892151425003 0.0550000321492579
v -0.0102300055992025 0.0265416792128659 0.0550000321492579
v -0.0204457917590295 0.0052940387376778 0.0550000321492579
v -0.0208223275055867 0.00292530273580957 0.0550000321492579
v -0.0225374854472906 0.00562475230422265 0.0550000321492579
v -0.0227856029297253 0.0188939714094298 0.0550000321492579
v -0.0188951129075304 0.0227846011375219 0.0550000321492579
v -0.0143503386841682 0.0258887140764071 0.0550000321492579
v -0.00360625210900672 0.0286062890441632 0.0550000321492579
v -0.00670083536859255 0.0297547717905097 0.0550000321492579
v -0.00184138200886751 0.0304445539697609 0.0550000321492579
v 0.00306636603570568 0.0303457033949862 0.0550000321492579
v -0.000444492522320913 0.0300806061582487 0.0550000321492579
v 0.00131995289453593 0.0299262468972321 0.0550000321492579
v 0.00789470482573596 0.0294607569887942 0.0550000321492579
v 0.00360624279577685 0.0213938013038537 0.0550000321492579
v 0.00215540083723207 0.0203778289916517 0.0550000321492579
v 0.00315612694525644 0.0164499649882676 0.0550000321492579
v -0.0136036691052708 -0.00977272135226436 0.0550000321492579
v -0.0152184257722899 -0.00843571750268046 0.0550000321492579
v -0.0225411604477999 -0.00562602169684954 0.0550000321492579
v -0.025445215513216 -0.0168164441344532 0.0550000321492579
v -0.0279252876511455 -0.00417765495411806 0.0550000321492579
v -0.0278133500786126 -0.0125169181749284 0.0550000321492579
v -0.0299262611671786 -0.00131995319645618 0.0550000321492579
v -0.0291777159037841 -0.00292522729868354 0.0550000321492579
v -0.0300806223644455 0.000444488585080289 0.0550000321492579
v -0.0297547170607894 0.00670202985417781 0.0550000321492579
v -0.0304445684868555 0.00184180115729571 0.0550000321492579
v -0.0296222028381671 0.00215533275423421 0.0550000321492579
v -0.0286063045473507 0.00360624573279982 0.0550000321492579
v -0.024391024946439 0.00665140222938671 0.0550000321492579
v -0.023680030625907 0.00492627343505949 0.0550000321492579
v -0.00665388365149262 0.0243940550153248 0.0550000321492579
v -0.00492627857805868 0.0236800193343939 0.0550000321492579
v -0.0204489023778082 -0.00529403408106508 0.0550000321492579
v -0.00462222024904715 -0.0228446379139707 0.0550000321492579
v -0.00360624838371477 -0.0213937957159185 0.0550000321492579
v 0.00215533285065397 -0.0296221831252715 0.0550000321492579
v 0.0036062465210688 -0.0286062834562279 0.0550000321492579
v -0.00292523428147854 -0.0291776982654814 0.0550000321492579
v -0.0041776625341171 -0.0279252706100469 0.0550000321492579
v -0.00549839773996266 -0.0300003466440888 0.0550000321492579
v -0.00665140540102245 -0.0243910095906074 0.0550000321492579
v -0.0130555762138025 0.0104937773425288 0.0550000321492579
v -0.0133933111820479 0.0111076660477044 0.0550000321492579
v -0.0203778387085578 -0.00215540074077989 0.0550000321492579
v -0.0213938115052131 -0.00360624200750964 0.0550000321492579
v 0.00292530040541066 -0.0208223101261516 0.0550000321492579
v 0.00569757699336473 -0.0183693648712162 0.0550000321492579
v 0.00462214667453112 -0.0271553704776623 0.0550000321492579
v 0.0143503330962303 -0.0258887084884718 0.0550000321492579
v 0.0257813337047548 -0.00824988140233616 0.0550000321492579
v 0.025444466729534 -0.00508062803946343 0.0550000321492579
v 0.0227855973417873 -0.0188939658214945 0.0550000321492579
v 0.0066538771322317 -0.0243940494273896 0.0550000321492579
v 0.0178275038391472 -0.0247473969257109 0.0550000321492579
v 0.00562602437954574 -0.022541145974052 0.0550000321492579
v 0.00492627205879776 -0.0236800118838135 0.0550000321492579
v 0.0136267798852096 -0.0272868452811383 0.0550000321492579
v 0.00907331362440356 -0.0291195017823787 0.0550000321492579
v 0.0102299981486186 -0.0265416717622856 0.0550000321492579
v 0.0123483500260786 -0.0265783006779242 0.0550000321492579
v 0.00508063325606463 -0.0254444545966725 0.0550000321492579
v 0.00825250328510448 -0.0257829475004238 0.0550000321492579
v -0.0104943625605731 0.0130551294728585 0.0550000321492579
v -0.00843572711308195 -0.0152184129276472 0.0550000321492579
v -0.00824329436340249 -0.0145814078656176 0.0550000321492579
v -0.00744297638946242 0.0150056904767925 0.0550000321492579
v 0.0200737766542543 -0.00132002211432441 0.0550000321492579
v 0.0165969318743831 -0.00226047487845201 0.0550000321492579
v 0.0160123441603203 0.00491675066205147 0.0550000321492579
v 0.0199193446764404 0.000444491379047919 0.0550000321492579
v 0.0166948679371195 0.00135984127533609 0.0550000321492579
v 0.0220747501702874 -0.00417772387198628 0.0550000321492579
v 0.0204457861710915 -0.00529403221841999 0.0550000321492579
v 0.0272863479275228 -0.0136281284617586 0.0550000321492579
v 0.0291189494232627 -0.00907457962186197 0.0550000321492579
v 0.0265410492560633 -0.0102272346932037 0.0550000321492579
v 0.027155385288998 -0.00462213981390817 0.0550000321492579
v 0.0265785256930868 -0.0123464330640698 0.0550000321492579
v -0.0102396894956282 -0.0287298159410523 0.0550000321492579
v -0.0102272460891901 -0.0265410384629559 0.0550000321492579
v -0.0123464454705688 -0.0265785148821093 0.0550000321492579
v -0.0224179277900726 -0.0206808068415264 0.0550000321492579
v -0.0228446525324349 -0.00462221338838911 0.0550000321492579
v -0.0227846101394204 -0.0188950983097075 0.0550000321492579
v -0.0243940666473167 -0.00665387302809481 0.0550000321492579
v -0.0245554965860599 -0.00508062990210852 0.0550000321492579
v -0.0263200146461098 -0.00492619799793346 0.0550000321492579
v -0.0294610541589661 -0.00789343166862225 0.0550000321492579
v -0.025888726421108 -0.014350327184784 0.0550000321492579
v -0.0265416918689248 -0.0102299942019003 0.0550000321492579
v -0.0257829635199832 -0.00825249935000615 0.0550000321492579
v -0.00569848736158517 -0.0183666211950028 0.0550000321492579
v -0.00215540642516999 -0.0203778252663615 0.0550000321492579
v -0.000444488797028963 -0.0199193351781612 0.0550000321492579
v 0.00132002553772897 -0.0200737670823362 0.0550000321492579
v -0.00135870850368295 -0.0166948581137448 0.0550000321492579
v -0.00529404172773368 -0.0204457764217856 0.0550000321492579
v -0.00508063698135658 -0.0245554811518021 0.0550000321492579
v -0.00824989185544708 -0.0257813232739078 0.0550000321492579
v -0.00492620593486564 -0.0263199946451745 0.0550000321492579
v -0.00562475684895953 -0.0225374691126499 0.0550000321492579
v -0.014715665027246 -0.0267154248839496 0.0550000321492579
v -0.0133952418146013 -0.0111051654466749 0.0550000321492579
v -0.00417773517731014 0.0220747433695214 0.0550000321492579
v -0.0265410567066472 0.010227242143784 0.0550000321492579
v -0.028294186549204 0.011388240002471 0.0550000321492579
v -0.0258887282837539 0.0143503299787516 0.0550000321492579
v -0.0183693792183499 -0.00569757381088833 0.0550000321492579
v -0.0165522488600811 -0.00678878813704678 0.0550000321492579
v -0.0232323399404464 0.0197617479532085 0.0550000321492579
v -0.026101114628444 0.0157792805090947 0.0550000321492579
v -0.0200737841048382 0.00132002863358221 0.0550000321492579
v -0.0199193521270243 -0.000444485791112658 0.0550000321492579
v -0.0167439449332773 0.000452904015584003 0.0550000321492579
v -0.0220747557582253 0.00417773039124409 0.0550000321492579
v -0.0271553890142899 0.00462214540184343 0.0550000321492579
v -0.0257813411553387 0.00824988699027143 0.0550000321492579
v -0.0265785331436707 0.0123464405146502 0.0550000321492579
v -0.0197613140666021 0.0232326306109129 0.0550000321492579
v -0.0123483574766625 0.0265783081285046 0.0550000321492579
v -0.0157782635779556 0.0261018435152133 0.0550000321492579
v -0.00462215226246905 0.0271553760655976 0.0550000321492579
v -0.0113869024650588 0.0282948082194656 0.0550000321492579
v -0.00508063977532554 0.0254444620472529 0.0550000321492579
v -0.00825250887304241 0.0257829530883591 0.0550000321492579
v -0.00562603089880665 0.0225411515619872 0.0550000321492579
v -0.00292530692467157 0.0208223157140869 0.0550000321492579
v -0.00132003112566689 0.0200737726702715 0.0550000321492579
v -0.00404343979947392 0.0162547746842956 0.0550000321492579
v 0.0168173909267302 0.0254445477289269 0.0550000321492579
v 0.0125183388230784 0.0278127761600089 0.0550000321492579
v 0.022844646944497 0.00462221897632437 0.0550000321492579
v 0.0145891857775837 0.0179479153432188 0.0550000321492579
v 0.000444483209091037 0.0199193407660964 0.0550000321492579
v -0.000454532184127898 0.0167438661686326 0.0550000321492579
v 0.0066185613645396 0.0153868873131342 0.0550000321492579
v 0.0154856418952325 0.0198697049998142 0.0550000321492579
v 0.0163675321213544 0.0204873040940035 0.0550000321492579
v 0.020681012280731 0.0224177215226426 0.0550000321492579
v 0.0202175412585676 0.0194561046582141 0.0550000321492579
v 0.0240095680892149 0.0188097146589129 0.0550000321492579
v 0.0204873287642791 0.0163675094155499 0.0550000321492579
v 0.0206725204777295 0.0184801326492584 0.0550000321492579
v 0.019869705161198 0.0154856428930095 0.0550000321492579
v 0.0118440423535521 -0.0118440348432302 0.0550000321492579
v -0.00491651086256409 -0.0160124371078779 0.0550000321492579
v 0.0111051726046764 -0.01339522983932 0.0550000321492579
v 0.00902144638457475 -0.0141129638020715 0.0550000321492579
v 0.00843572245646701 -0.0152184119963246 0.0550000321492579
v 0.00678879183985472 -0.0165522353794222 0.0550000321492579
v 0.00226224547000698 -0.0165965700577864 0.0550000321492579
v -0.0067899629785117 -0.0165507843788994 0.0550000321492579
v -0.0111076722755753 -0.0133932982763647 0.0550000321492579
v -0.0111848240031961 -0.0124686114059159 0.0550000321492579
v -0.0183666355408282 0.00569848417867468 0.0550000321492579
v -0.0162551642776011 0.00404149839221551 0.0550000321492579
v -0.0165507978588663 0.00678995880948405 0.0550000321492579
v -0.0152184257722899 0.00843572122797064 0.0550000321492579
v -0.0150063076486202 0.00744137422523036 0.0550000321492579
v -0.0111051772612914 0.0133952344959327 0.0550000321492579
v 0.0165507941335743 -0.00678995322154879 0.0550000321492579
v 0.0157229485804265 -0.00577522096531354 0.0550000321492579
v -0.00678879742779264 0.0165522409673575 0.0550000321492579
v -0.00843572711308195 0.0152184166529374 0.0550000321492579
v 0.0146828265787011 0.0168752124495977 0.0550000321492579
v 0.0168751981445743 0.0146828419291281 0.0550000321492579
v 0.0124672324741305 0.0111862035464813 0.0550000321492579
v 0.0145805524134881 0.00824443782206899 0.0550000321492579
v 0.0213938040546292 0.0036062475954449 0.0550000321492579
v 0.0183666299528903 -0.00569847765941687 0.0550000321492579
v 0.0133933055941099 -0.0111076604597692 0.0550000321492579
v 0.014113728628569 -0.00902040272685732 0.0550000321492579
v 0.015218421115675 -0.00843571657135792 0.0550000321492579
v 0.0118440423535521 -0.0118440348432302 0.0550000321492579
v 0.00984565791542476 -0.0135506647778745 0.0550000321492579
v 0.00823368124752386 -0.0134331355981659 0.0540001600534334
v 0.00475804485922911 -0.0160651443759088 0.0550001774356456
v 0.00600369075221003 -0.0156363206360114 0.0550000321492579
v 0.00087815375829533 -0.0167262529966886 0.0550000321492579
v -0.00174910280195812 -0.0166575940361314 0.0550000321492579
v -0.00205540655069289 -0.0156213393815755 0.0540001563281414
v -0.0036781306858714 -0.0153205091614862 0.0540001526028494
v -0.00475885045361343 -0.0160651387879736 0.0550001774356456
v -0.00912155615516439 -0.014047931411499 0.0550000321492579
v -0.0115340943379666 -0.0121538402186719 0.0550001662597696
v -0.0114274327101588 -0.0108462559169169 0.0540001600534334
v -0.0134318763356439 -0.00823383098962025 0.0540001600534334
v -0.0147255016606417 -0.00799487132006808 0.0550001588091857
v -0.0151060597911826 -0.00447470027939025 0.0540001600534334
v -0.015663053336444 -0.00164494751126096 0.0540000296682137
v -0.0154909057327588 -0.00287004131570292 0.0540001563281414
v -0.0157276200965326 0.000825620228843939 0.0540000296682137
v -0.0166585966320421 0.00175150571140626 0.0550000321492579
v -0.0156194962916341 0.00205848289311374 0.0540001563281414
v -0.0151059461697781 0.00447396360325828 0.0540001600534334
v -0.016475418438891 0.00305358147314668 0.0550001513586017
v -0.0154048831536805 0.00327575894329432 0.0540000296682137
v -0.0147027950748795 0.00564520321595694 0.0540000296682137
v -0.0157946455493085 0.00559434927978775 0.0550001550838937
v -0.016179546438941 0.00433589550183505 0.0550000321492579
v -0.0153023240036333 0.00681344257308148 0.0550000321492579
v -0.0142192708061457 0.0067837110322005 0.0540001563281414
v -0.0134327452599914 0.00823285496359459 0.0540001563281414
v -0.0127414856735679 0.0092578899754681 0.0540000296682137
v -0.014047993989454 0.00912305868554505 0.0550000321492579
v -0.0147251263374776 0.00799629251826957 0.0550001699850616
v -0.013290727817603 0.0102035148393414 0.0550002035126896
v -0.0118542598980498 0.0118528730941687 0.0550019879275535
v -0.0119805417072387 0.0102312589379144 0.0540001526028494
v -0.0111369400317855 0.0111369328586362 0.0540000296682137
v -0.0167502853801773 0.000442280186498844 0.0550001625344776
v -0.0157489529808879 -0.000412387497713994 0.0540001563281414
v -0.0167277529518138 -0.00087610442996333 0.0550000321492579
v -0.0166130549379454 -0.00218627757555883 0.0550001588091857
v -0.0163847280689985 -0.0034822936871695 0.0550000321492579
v -0.0160662472722001 -0.00475846261688475 0.0550001737103536
v -0.0154800520946606 -0.00641261112921493 0.0550001066550978
v -0.0142196833822292 -0.00678374688811842 0.0540001600534334
v -0.0147042097544977 -0.00564307700658997 0.0540000296682137
v -0.0138089392110122 -0.00949045984104882 0.0550001662597696
v -0.0127422009296224 -0.0108805015781666 0.0550001588091857
v -0.0124984839483044 -0.00959214722429124 0.0540001600534334
v -0.0105389673437441 -0.0117043541568228 0.0540000296682137
v -0.00959009450570372 -0.0125003024494286 0.0540001600534334
v -0.010200305709126 -0.0132927117163687 0.0550001848862296
v -0.00857813757377115 -0.0132092391394335 0.0540000296682137
v -0.00751766383645788 -0.0138463112566863 0.0540001600534334
v -0.000437971602488215 -0.0167490853001668 0.0550001625344776
v -0.00799408723307224 -0.0147250951016074 0.0550001327321417
v -0.00602825812130154 -0.0145565229272533 0.0540001563281414
v -0.00641389848138618 -0.0154793126936808 0.0550002184138575
v -0.00305187092472573 -0.016474555628708 0.0550001588091857
v -0.00486683036911031 -0.0149795380084465 0.0540000296682137
v -0.000411320107173384 -0.0157505119557238 0.0540001600534334
v 0.0020586706049339 -0.0156206259885071 0.0540001600534334
v 0.000825120502085969 -0.015728949976195 0.0540000296682137
v 0.0021875931804543 -0.0166115028834501 0.0550001737103536
v 0.00348391445267058 -0.0163830960296391 0.0550000321492579
v 0.00327533908164599 -0.0154061340248197 0.0540000296682137
v 0.0071511901034593 -0.0140337250174194 0.0540000296682137
v 0.00875311081140093 -0.0142870996973009 0.0550001848862296
v 0.00602997827485975 -0.0145563832288718 0.0540001563281414
v 0.00447604165554987 -0.015106555502229 0.0540001600534334
v 0.00721369677709914 -0.0151224969502073 0.0550001588091857
v 0.0108814855868541 -0.0127408528178852 0.0550001327321417
v 0.011145058374269 -0.0111463401476488 0.0540021456340649
v 0.00959436927821709 -0.0124973045221608 0.0540001563281414
v -0.0098456625720397 0.0135506694344872 0.0550000321492579
v -0.00959437486615501 0.0124973101100961 0.0540001563281414
v 0.0127421841658086 0.01088052113594 0.0550001588091857
v 0.0138089410736582 0.0094904551844361 0.0550001662597696
v 0.0147254932787348 0.00799488063329352 0.0550001588091857
v 0.0124984830169814 0.0095921462929687 0.0540001600534334
v 0.013431866091091 0.00823384402813586 0.0540001600534334
v 0.0151060607225056 0.00447468351558446 0.0540001600534334
v 0.0154800446440767 0.00641261904545655 0.0550001066550978
v 0.0147042032352368 0.00564308352584777 0.0540000296682137
v 0.0142196768629683 0.00678375247605369 0.0540001600534334
v 0.016066254722784 0.00475842769228937 0.0550001737103536
v 0.0163847206184146 0.00348229974076603 0.0550000321492579
v 0.0154909001448209 0.00287004667080755 0.0540001563281414
v 0.0166130437620696 0.00218633485189526 0.0550001588091857
v 0.0156630477485061 0.0016449535648575 0.0540000296682137
v 0.01574894739295 0.000412375594247734 0.0540001600534334
v 0.0167502779295934 -0.000442301868851812 0.0550001625344776
v 0.0157276145085946 -0.000825613709586134 0.0540000296682137
v 0.0156194907036962 -0.00205847451121085 0.0540001563281414
v 0.0167277473638759 0.000876110017898591 0.0550000321492579
v 0.0166585929067501 -0.001751500123471 0.0550000321492579
v 0.0164754109883071 -0.00305358007616287 0.0550001513586017
v 0.0154048775657426 -0.00327575242403652 0.0540000296682137
v 0.0151059415131632 -0.00447395661833921 0.0540001563281414
v 0.0157946231975568 -0.00559438420438313 0.0550001550838937
v 0.0161795408510031 -0.00433588991389979 0.0550000321492579
v 0.0153023184156954 -0.00681343791646876 0.0550000321492579
v 0.0147027894869416 -0.00564519762802168 0.0540000296682137
v 0.0142192689434997 -0.00678369659670107 0.0540001563281414
v 0.0147251188868937 -0.0079962887929794 0.0550001699850616
v 0.0134327331527926 -0.00823285775756222 0.0540001600534334
v 0.0132907380621559 -0.0102034906249553 0.0550002035126896
v 0.014047988401516 -0.00912305309760979 0.0550000321492579
v 0.01274148008563 -0.00925788438753284 0.0540000296682137
v 0.0119805379819467 -0.0102312505560115 0.0540001526028494
v 0.0118542552414348 -0.011852868437556 0.0550019879275535
v 0.0111369353751706 -0.0111369282020234 0.0540000296682137
v 0.0102003001211881 0.013292717304304 0.0550001848862296
v 0.0105389608244832 0.0117043606760806 0.0540000296682137
v 0.0114274084957611 0.010846280131303 0.0540001600534334
v 0.0115340952692896 0.0121538392873494 0.0550001662597696
v 0.00959008519247385 0.0125003108313315 0.0540001600534334
v 0.00912154963590348 0.0140479379307568 0.0550000321492579
v 0.00857813105451024 0.0132092456586913 0.0540000296682137
v 0.00751764940095157 0.0138463215012342 0.0540001600534334
v 0.00799409934027108 0.0147250913763173 0.0550001327321417
v 0.00641387380132701 0.0154793285261641 0.0550002184138575
v 0.00475881133804795 0.0160651555517793 0.0550001737103536
v 0.00602828466400668 0.0145565164079955 0.0540001563281414
v 0.00486682384984939 0.0149795445277043 0.0540000296682137
v 0.00205543565453626 0.0156213393815755 0.0540001563281414
v 0.00305184484768207 0.0164745686672236 0.0550001588091857
v 0.00367810321184327 0.0153205203373568 0.0540001526028494
v 0.0017490967483587 0.0166575996240667 0.0550000321492579
v 0.000437917643962618 0.0167490908881021 0.0550001625344776
v 0.000411318215423565 0.0157505194063042 0.0540001600534334
v -0.000878160277556244 0.0167262585846239 0.0550000321492579
v -0.000825127021346882 0.0157289574267754 0.0540000296682137
v -0.00218767071309302 0.016611501020805 0.0550001737103536
v -0.00205870320123847 0.0156206287824748 0.0540001600534334
v -0.0034839200406085 0.0163830997549293 0.0550000321492579
v -0.00327534560090691 0.0154061405440775 0.0540000296682137
v -0.0047579549865608 0.0160651779035204 0.0550001774356456
v -0.00602997641221377 0.0145563925420972 0.0540001563281414
v -0.00447605283142572 0.0151065592275191 0.0540001600534334
v -0.00600369634014796 0.0156363243613016 0.0550000321492579
v -0.00721370981562097 0.0151224978815298 0.0550001588091857
v -0.00715119662272021 0.0140337306053546 0.0540000296682137
v -0.00823369149207672 0.0134331383921336 0.0540001600534334
v -0.00875312198727678 0.0142871006286235 0.0550001848862296
v -0.0108815032819908 0.0127408472299499 0.0550001327321417
v -0.0118440479414901 0.0118440404311655 0.0550000321492579
v -0.0111450630308839 0.0111463448042615 0.0540021456340649
v 0.019869705161198 0.0154856428930095 0.0550000321492579
v 0.0198028045057024 0.0155512638794295 0.0549022953885676
v 0.0195474320171938 0.0152016919626999 0.0550001774356456
v 0.0175391532036455 0.0146733089115721 0.0549010436904584
v 0.015587730727171 0.0153840598178919 0.0550002631173614
v 0.0147260846688319 0.0182304413500367 0.0549002613791402
v 0.0146747669095658 0.0176774574139205 0.0549002017744683
v 0.0146273774706617 0.0182483525451947 0.0550002295897335
v 0.0149261775500849 0.0188921218028583 0.0549006823371352
v 0.0147841815281252 0.0187989932737913 0.0550002407656095
v 0.0150395167637143 0.0193119191646634 0.0550004084037491
v 0.0154790891066914 0.0198748105099981 0.0550006915259404
v 0.0155563525930707 0.019798993404371 0.0549000229604527
v 0.0152815871659901 0.01948690349473 0.0549003060826441
v 0.0145727013607021 0.0175340188410497 0.0550006319212686
v 0.0146926660060657 0.0168287431799636 0.0550003189967413
v 0.0147263342633926 0.0171262318147665 0.0549002762803082
v 0.0148993126071828 0.0162954511277087 0.0550003935025811
v 0.0152015623069523 0.0158073561584933 0.0550001364574337
v 0.0149268294761763 0.0164637280728165 0.0549009952616625
v 0.0152806400105116 0.0158690413758442 0.0549002502032642
v 0.0160958260902882 0.0151250925461362 0.0549002874561841
v 0.0156538798050156 0.015459374940668 0.054900332159688
v 0.0160446610679921 0.015039504004382 0.0550002519414854
v 0.0167216620994745 0.0148253380035848 0.0549006972383032
v 0.0165581981513262 0.0147842340831242 0.0550000992045138
v 0.0171093271557343 0.0146275940131984 0.0550001699850616
v 0.0182488604358086 0.0146276936647105 0.0550002519414854
v 0.0176782798194803 0.0145747787117524 0.0550003487990772
v 0.0182304221032989 0.0147259174594134 0.0549002613791402
v 0.018762680641331 0.0148775162804109 0.0549002613791402
v 0.0189315164604721 0.0148344360935129 0.0550011199345195
v 0.0192590720684623 0.0151242562184921 0.0549001607962564
v 0.020153801513292 0.0195479665886218 0.0550001327321417
v 0.0197676414749803 0.0199712619979006 0.0550002631173614
v 0.0200747303289937 0.0194862701954003 0.0549002539285562
v 0.0204560307239558 0.0190599032843729 0.0550003935025811
v 0.0204285138549624 0.0188916282019102 0.0549009915363705
v 0.020703352856559 0.0183889580348879 0.0550010417033877
v 0.020629010930392 0.0182291319105404 0.0549002725550162
v 0.0206805801468647 0.0176778783717102 0.0549002017744683
v 0.0206622871007411 0.0168280297868952 0.0550002258644415
v 0.0207822824797633 0.0175324393180158 0.055000881515832
v 0.0206292586623067 0.0171248888476587 0.0549002613791402
v 0.0197989953946829 0.0155563535571302 0.0549000229604527
v 0.0204291546051779 0.0164632028069019 0.0549006860624272
v 0.020454883334035 0.0162930371396757 0.0550003003702813
v 0.0200737598904405 0.0158684416041261 0.0549003023573521
v 0.0201536022101727 0.0158066781556815 0.0550004717337129
v 0.019869705161198 0.0154856428930095 0.0550000321492579
v 0.0193106804005006 0.0203158457510868 0.0550002519414854
v 0.0197014970537506 0.0198959459438019 0.054900332159688
v 0.0187971209654147 0.02057112498557 0.0550000992045138
v 0.0192595228287884 0.0202302534840424 0.0549002874561841
v 0.018633688682248 0.0205300052326262 0.0549006972383032
v 0.0176770337093228 0.0207805682497488 0.0550003450737852
v 0.017816197578077 0.020682038049929 0.0549010399651664
v 0.0182459900983607 0.0207277585362381 0.0550001699850616
v 0.0171064642688702 0.0207276486401779 0.0550002482161935
v 0.0171249268157776 0.0206294276394427 0.0549002613791402
v 0.0164237952056849 0.0205208987607952 0.0550011162092275
v 0.0165926813162674 0.0204778344063804 0.0549002613791402
v 0.0160962638120924 0.0202310860863964 0.0549001570709644
v 0.0155525444133742 0.0198040840133942 0.0549022953885676
v 0.0158079038633609 0.0201536503421886 0.0550001774356456
v 0.0154856418952325 0.0198697049998142 0.0550000321492579
v 0.0162434277453106 0.0150139643462696 0.0470000272020719
v 0.0152069276586842 0.0159326525682152 0.0470000272020719
v 0.0150139668488708 0.0162434218624895 0.0549000229604527
v 0.0147107737189148 0.017125088150683 0.0470000272020719
v 0.0147896614325846 0.0186447662605758 0.0470000272020719
v 0.0146325956733616 0.017863619477155 0.0549000229604527
v 0.0151164980592283 0.0192655001864467 0.0549000229604527
v 0.0155489737210395 0.0198056653990732 0.0470000272020719
v 0.0155563525930707 0.019798993404371 0.0549000229604527
v 0.015932656440204 0.0152069250640722 0.0549000229604527
v 0.0171250851406855 0.0147107750861775 0.0549000229604527
v 0.0186447658378633 0.0147896618309082 0.0549000229604527
v 0.0178636205446087 0.0146325970779024 0.0470000272020719
v 0.0192655019223691 0.0151164992330267 0.0470000272020719
v 0.0198056655299205 0.0155489746886174 0.0549000229604527
v 0.0197989953946829 0.0155563535571302 0.0470000272020719
v 0.0203413792762368 0.0191119250990117 0.0549000229604527
v 0.020722750451746 0.0174917256217011 0.0549000229604527
v 0.0206445733375158 0.0182302681240436 0.0470000272020719
v 0.0202388573791091 0.0160898598135701 0.0549000229604527
v 0.020565684692523 0.0167105769756352 0.0470000272020719
v 0.0197989953946829 0.0155563535571302 0.0549000229604527
v 0.0198063751980371 0.0155496824937506 0.0470000272020719
v 0.0201484221917153 0.0194226925306409 0.0470000272020719
v 0.0194226962041645 0.0201484163094937 0.0549000229604527
v 0.0191119248990579 0.0203413788899414 0.0470000272020719
v 0.0174917265118219 0.0207227498835987 0.0470000272020719
v 0.018230261915745 0.0206445728066462 0.0549000229604527
v 0.0167105849438593 0.0205656860619155 0.0549000229604527
v 0.0155496815265101 0.0198063732042063 0.0549000229604527
v 0.0160898432714155 0.0202388458658294 0.0470000272020719
v 0.0155563535243937 0.019798993404371 0.0470000272020719
v 0.0177583884975869 -0.0402592071882271 0.00520000377446472
v 0.0159131563994884 -0.0410312400492364 0.00520000191181872
v 0.0168380569838264 -0.0406507165590937 0.00219999912530096
v 0.0226670958048374 -0.0374785649204654 0.000199997888504456
v 0.0227576725533253 -0.0376575278604381 0.000400001364946899
v 0.0105358222660148 -0.042719921535821 0.000400001161219993
v 0.0104733137297289 -0.0425294250974687 0.000199997670225628
v 0.0163524297877865 -0.024673058760283 0.0550000321492579
v 0.0182668163430107 -0.0232912666782562 0.0550000321492579
v 0.0246730723879602 -0.0163524201276989 0.0550000321492579
v 0.0213861914205281 -0.019734335405461 0.0545000234581518
v 0.025888722695816 -0.0143503243908164 0.0550000321492579
v 0.0242562401583728 -0.0160761470204386 0.0545000234581518
v 0.0254514330254817 -0.0141079421109166 0.0545000234581518
v 0.0232912796470436 -0.018266805770073 0.0550000321492579
v 0.0228978385256143 -0.0179582306717114 0.0545000234581518
v 0.0217535741247626 -0.0200733498498367 0.0550000321492579
v 0.0197343466781714 -0.0213861793601571 0.0545000234581518
v 0.0200733612842018 -0.02175356188921 0.0550000321492579
v 0.0141079507007536 -0.0254514190266534 0.0545000234581518
v 0.0143503330962303 -0.0258887084884718 0.0550000321492579
v 0.017958241097509 -0.0228978257444341 0.0545000234581518
v 0.0160761565487888 -0.0242562267294566 0.0545000234581518
v 0.00682297372180934 -0.0173175068387653 0.0545000234581518
v 0.00556344599403584 -0.0187375669641074 0.0550004084037491
v 0.00642554700365435 -0.0179571279858198 0.0545004183391029
v 0.00626742652114779 -0.0228219061933272 0.054500407163227
v 0.00561009130587283 -0.022512183705592 0.0550004121290411
v 0.00634044131205742 -0.0239811382644716 0.0550004866348809
v 0.00675368515417334 -0.0236987147031335 0.0545004295149789
v 0.0079555891347313 -0.0249752207716095 0.0545000234581518
v 0.00685115928070791 -0.0246245666580843 0.0550000321492579
v 0.00997091061271228 -0.0259754872604368 0.054500399712643
v 0.0109615495614573 -0.0261423877108252 0.054500407163227
v 0.0109227543710833 -0.02664083712408 0.0550004195796251
v 0.0117444802008792 -0.0266433554202378 0.0550000321492579
v 0.012557464633113 -0.0265465630682844 0.0550005127119249
v 0.0129518715364805 -0.0259385584589391 0.0545003624597231
v 0.0119651460069296 -0.0261296509437193 0.0545004146138109
v 0.0143503330962303 -0.0258887084884718 0.0550000321492579
v 0.0141124089438955 -0.0254627643978791 0.0545030819228769
v 0.0136095681050747 -0.026241862271704 0.0550003525243692
v 0.00984162621821118 -0.0264586518081065 0.0550005387889688
v 0.00738977642643826 -0.0244773953444589 0.054500384811475
v 0.00925645456463512 -0.0257303389525826 0.0545000234581518
v 0.0085785790208673 -0.0254017739471457 0.054500392262059
v 0.00832845826268616 -0.0258333115609351 0.0550003897772891
v 0.00906737271506527 -0.0261923624785132 0.0550000321492579
v 0.00743470065339406 -0.0252007777784372 0.0550004121290411
v 0.00731941311207451 -0.0160047294825073 0.0550005350636768
v 0.00593085943192897 -0.0232691123775897 0.0550000321492579
v 0.00594501274737245 -0.021868043781556 0.054500388536767
v 0.00529670717412436 -0.0209029086417174 0.0550005015360489
v 0.00540477090869013 -0.021718143692878 0.0550000321492579
v 0.00533265158483313 -0.0198082079096171 0.055000434480793
v 0.005798281413682 -0.020873104457678 0.0545004257896869
v 0.00583080228108813 -0.0198679485254971 0.0545004146138109
v 0.00604133203340232 -0.0188872491233103 0.054500392262059
v 0.00657231046798788 -0.0168062591911167 0.0550004009531651
v 0.00598083515476984 -0.0177261879346903 0.055000453107253
v 0.00729408857739403 -0.016731347331002 0.054500377360891
v 0.00796852893632186 -0.0155045841309006 0.0550000321492579
v 0.0086781039206207 -0.015655699595498 0.0545000234581518
v 0.00843572245646701 -0.0152184119963246 0.0550000321492579
v 0.00804178866517725 -0.016061579273212 0.054500410888519
v 0.0141079507007536 -0.0254514190266534 0.0455000160299216
v 0.0237293330022278 -0.0168805507904174 0.0545000234581518
v 0.0254514330254817 -0.0141079421109166 0.0545000234581518
v 0.0254514330254817 -0.0141079421109166 0.0455000160299216
v 0.0234888225659563 -0.0172136122210946 0.0455000160299216
v 0.0204452329652369 -0.0207376082034589 0.0455000160299216
v 0.020737621817213 -0.0204452194909045 0.0545000234581518
v 0.0168805569770453 -0.0237293235498505 0.0455000160299216
v 0.0141079507007536 -0.0254514190266534 0.0545000234581518
v 0.0172136148412466 -0.0234888150909084 0.0545000234581518
v 0.0254886114391491 -0.0141260637849694 0.0545000271834438
v 0.0217562432964453 -0.00587540519397063 0.0455000197552135
v 0.0200182400018541 -0.00578505293740602 0.0545000234581518
v 0.0178085104381368 -0.00648985688362385 0.0455000160299216
v 0.019511041502774 -0.00586585168731867 0.0455000160299216
v 0.0180338477602933 -0.00636473137158864 0.0545000234581518
v 0.0156399062349087 -0.00866826967313286 0.0545000234581518
v 0.0166229400001365 -0.00738405039135098 0.0545000234581518
v 0.0156557089233633 -0.00867809885125771 0.0455000160299216
v 0.0163865292476567 -0.00761454201067572 0.0455000160299216
v 0.0240889894509567 -0.00699046137724451 0.0455000197552135
v 0.0245961171694897 -0.00744989070423005 0.0545000197328598
v 0.0224138318315729 -0.00606187505930583 0.0545000197328598
v 0.0255930388231095 -0.00887532223234226 0.0455000160299216
v 0.026152970692397 -0.0108650732889098 0.0455000160299216
v 0.0257936532452356 -0.00934910091141788 0.0545000234581518
v 0.0262018278963297 -0.0116435034044709 0.0545000234581518
v 0.0260362628835212 -0.0126022729547242 0.0455000160299216
v 0.0254681204707746 -0.0141161237794619 0.0455000160299216
v 0.00704087442990937 -0.0240776176920504 0.0455000160299216
v 0.0122696066674718 -0.0260845712073202 0.0455000160299216
v 0.00616484781331786 -0.018546833969829 0.0455000160299216
v 0.00716669150892742 -0.0168794611430414 0.0455000160299216
v 0.0114243453744547 -0.0137801929440279 0.0455000160299216
v 0.00579382130789409 -0.0204563823229118 0.0455000160299216
v 0.0086781039206207 -0.015655699595498 0.0455000160299216
v 0.00609823121133346 -0.0223770990959371 0.0455000160299216
v 0.0185463510751112 -0.00616505628390814 0.0455000160299216
v 0.0168791953828373 -0.00716696236607332 0.0455000160299216
v 0.0204558276955445 -0.00579381668254103 0.0455000160299216
v 0.0156557089233633 -0.00867809885125771 0.0455000160299216
v 0.0223768974245282 -0.00609815566031321 0.0455000160299216
v 0.0137781431537792 -0.011426820970161 0.0455000160299216
v 0.0240774894747051 -0.00704072951153379 0.0455000160299216
v 0.0224006629245273 -0.0185747643329108 0.0455000160299216
v 0.0260506723127863 -0.0103243213430808 0.0455000160299216
v 0.0254514330254817 -0.0141079421109166 0.0455000160299216
v 0.0260846693271279 -0.012269232013143 0.0455000160299216
v 0.00850875959912834 -0.0253537326050581 0.0455000160299216
v 0.0253534652977636 -0.00850832899611257 0.0455000160299216
v 0.0103248915791544 -0.0260507977266001 0.0455000160299216
v 0.0141079507007536 -0.0254514190266534 0.0455000160299216
v 0.0185758926402798 -0.0223996743543932 0.0455000160299216
v 0.00578505895556468 -0.0200182211431925 0.0455000160299216
v 0.00587540985822812 -0.0217562366475552 0.0545000197328598
v 0.00934910723206257 -0.0257936428085142 0.0455000160299216
v 0.00744989937889119 -0.0245961073037978 0.0455000197552135
v 0.00699046703886372 -0.0240889779644369 0.0545000197328598
v 0.011643512681818 -0.0262018172649756 0.0455000160299216
v 0.00887532925839466 -0.0255930247567583 0.0545000234581518
v 0.0108650905769793 -0.0261529582216947 0.0545000234581518
v 0.0141161314418772 -0.0254681064639891 0.0545000234581518
v 0.0141260723834475 -0.0254885955599477 0.0455000123046296
v 0.0126022882771861 -0.0260362467431794 0.0545000234581518
v 0.0060618784154946 -0.0224138155558948 0.0455000197552135
v 0.0058658558813592 -0.0195110284738987 0.0545000234581518
v 0.00648986463484371 -0.017808494495801 0.0545000234581518
v 0.00636473720049802 -0.0180338335731535 0.0455000160299216
v 0.00738405298101759 -0.0166229339363499 0.0455000160299216
v 0.00866827473780892 -0.0156398969145787 0.0455000160299216
v 0.0086781039206207 -0.015655699595498 0.0545000234581518
v 0.00761454936686424 -0.0163865195713093 0.0545000234581518
v 0.026133196842723 -0.0138600594400745 0.0550000321492579
v 0.0254514330254817 -0.0141079421109166 0.0545000234581518
v 0.0261421133290068 -0.0109624691378714 0.0545004220643949
v 0.0260880369910513 -0.00881358486092889 0.055000456832545
v 0.0236985602280695 -0.00675332663421647 0.054500399712643
v 0.0230223340573128 -0.00580887383976423 0.0550005015360489
v 0.0228211496655183 -0.00626721351937379 0.0545004295149789
v 0.0218692407145382 -0.00594408510928505 0.054500395987351
v 0.0188863007294212 -0.00604141297170102 0.054500395987351
v 0.017726904192666 -0.00598140692889615 0.055000430755501
v 0.0171128438313357 -0.00696791219581955 0.0545004146138109
v 0.0179574103574041 -0.00642498607751264 0.054500403437935
v 0.0170284305783801 -0.00641484863162586 0.0550000321492579
v 0.0163904855077083 -0.00692750257631525 0.0550005015360489
v 0.0163772923862651 -0.0076531118024952 0.0545003587344311
v 0.015218421115675 -0.00843571657135792 0.0550000321492579
v 0.0156459169934711 -0.00867084757393346 0.054503040944665
v 0.0156593764732887 -0.00774372715767836 0.0550003338979093
v 0.0187408373919784 -0.00556289758616879 0.0550005611407207
v 0.0219855927580326 -0.00545850377961475 0.055000427030209
v 0.0198692339117663 -0.00582927771971007 0.054500407163227
v 0.01980827137164 -0.00533368700100273 0.055000441931377
v 0.0208740792613651 -0.00579620319655894 0.054500395987351
v 0.020902158649443 -0.00529848580282335 0.0550003674255372
v 0.0266275561230952 -0.0120156468543666 0.0550004084037491
v 0.0244196556777257 -0.00666728174441588 0.0550004121290411
v 0.0237467021759477 -0.00619559435011185 0.0550000321492579
v 0.0250147598909651 -0.007232142371269 0.0550000321492579
v 0.0244770754652069 -0.00739119084129254 0.054500388536767
v 0.0251286569670641 -0.00815709280599757 0.0545004257896869
v 0.0255385229007038 -0.00786637674873149 0.0550005201625088
v 0.0256333520699534 -0.00902556504771633 0.054500407163227
v 0.0264596683907555 -0.00984394610642909 0.0550004195796251
v 0.0259748626215907 -0.00996941481082161 0.054500388536767
v 0.0266416023363951 -0.0109220590527058 0.055000441931377
v 0.0261440784205108 -0.0117155514477642 0.0545000234581518
v 0.0260548725794607 -0.012463685640983 0.054500377360891
v 0.025888722695816 -0.0143503243908164 0.0550000321492579
v 0.0257757867450403 -0.0134269506851541 0.0545004146138109
v 0.0264188038007029 -0.0130916382478891 0.0550005536901368
v 0.015218421115675 -0.00843571657135792 0.0550000321492579
v 0.0129753371504776 -0.0115930881212198 0.0550000321492579
v 0.0119262222939833 -0.0133481784930962 0.0545000234581518
v 0.0086781039206207 -0.015655699595498 0.0545000234581518
v 0.0115930955118809 -0.0129753291007126 0.0550000321492579
v 0.010069577763994 -0.0141902654358331 0.0550000321492579
v 0.00843572245646701 -0.0152184119963246 0.0550000321492579
v 0.0103589034946638 -0.0145980031020215 0.0545000234581518
v 0.0156557089233633 -0.00867809885125771 0.0545000234581518
v 0.0141902731336019 -0.0100695720311249 0.0550000321492579
v 0.0133481857893267 -0.0119262156757976 0.0545000234581518
v 0.0145980109942148 -0.0103588976238335 0.0545000234581518
v 0.00360624279577685 0.0213938013038537 0.0550000321492579
v 0.00354121689345537 0.0214567624330893 0.05490475035599
v 0.000940173233597258 0.0199823503241043 0.0550003860519971
v 0.00162216999800085 0.0201650590433473 0.0550000321492579
v 0.000920904743059422 0.0200804688793598 0.0549005072484116
v 1.77058585759776e-06 0.019995040525083 0.0549004550943238
v -0.00337227816312415 0.0213020455442159 0.0549005146989956
v -0.00399457561061882 0.0219848204526494 0.0549002911814761
v -0.00343891432289128 0.021227256618677 0.0550004791842969
v -0.00457061005436293 0.022725629794063 0.0550007101524004
v -0.00501851215014167 0.0240618857916444 0.0550005164372168
v -0.00510522483955381 0.0250013387810215 0.0550003040955733
v -0.00491927782316043 0.0259210179301534 0.0549004662701997
v -0.00491038648259723 0.0263975179337014 0.0550002035126896
v -0.00505122393876027 0.0257051019742969 0.0550000321492579
v -0.00474016858014245 0.0265904693382785 0.0549000229604527
v -0.00447907869981263 0.027231992245967 0.05490033588498
v -0.00456866964291814 0.0272784559276658 0.0550005313383848
v -0.00407285843000815 0.0280782999424713 0.0550009709228398
v -0.00399338863947105 0.0280154058684589 0.0549005258748716
v -0.00360625210900672 0.0286062890441632 0.0550000321492579
v -0.00353554234249156 0.028535579311365 0.0549000229604527
v -0.00500494230854996 0.0249999976765587 0.0549002613791402
v -0.00466622246624516 0.0231942042427651 0.0549006115565874
v -0.00491889039279756 0.0240810822119125 0.0549004699954917
v -0.00483626434865528 0.0233791462734676 0.0550000321492579
v -0.00436815720065923 0.0225687988030157 0.0549000229604527
v -0.00407435366906484 0.0219240609699068 0.0550002035126896
v -0.00268866217729113 0.0206614371952652 0.0550006840753565
v -0.00263419095838882 0.0207440734445564 0.0549002278515123
v -0.00201992593883198 0.0204256300525231 0.0549000229604527
v -0.000936254401088242 0.0199824732586801 0.0550004046784571
v -0.00137053933242596 0.0201856915629776 0.054900358236732
v -0.00184358191017974 0.0202406507689189 0.0550002891944054
v -0.000690494038927636 0.0200475391768642 0.0549000229604527
v 9.70049061863873e-07 0.0198953517600191 0.0550006281959766
v 0.00180741735799976 0.0203327678817035 0.0549004662701997
v 0.0022748411477536 0.0204307225241913 0.0550005611407207
v 0.00263571972507307 0.0207442038297125 0.0549001533456724
v 0.0030753423594915 0.0209260520069252 0.0550002333150255
v 0.00457063194045314 0.0272743357567331 0.0550006468224365
v 0.00343957998599671 0.0287721426880126 0.0550004791842969
v 0.00399404335953137 0.0280159702499203 0.0549002427526802
v 0.00447977626073039 0.0272294404221976 0.0549004215666958
v 0.00407457159864395 0.0280755860685794 0.0550003152714493
v 0.00474008755504252 0.0265874295014963 0.0549000229604527
v 0.00491896536429807 0.0259177154604139 0.0549005668530835
v 0.00483618425487834 0.0266208751566811 0.0550000321492579
v 0.00337320040571268 0.0286970650524851 0.0549005445013316
v 0.00501848886706698 0.0259385659095194 0.055000434480793
v 0.00510526628342677 0.0249992917340707 0.0550003115461573
v 0.00501796360090194 0.0240602597024833 0.055000427030209
v 0.00500487199366439 0.0250000237535899 0.0549003247091041
v 0.00491937747472011 0.0240791376104415 0.0549003843137759
v 0.00353553209793869 0.0214645110366519 0.0549000229604527
v 0.00361768968661819 0.0213847991401475 0.0550002482161935
v 0.00434050668681707 0.022312033177753 0.0550007362294443
v 0.00399338957079403 0.0219845410558863 0.0549005407760396
v 0.00474015926691257 0.0234096228723834 0.0549000229604527
v 0.00447955879681277 0.0227689083526628 0.0549002874561841
v 0.00476005372291349 0.0231546789140159 0.0550003450737852
v 0.00268800419760035 0.0293391206766685 0.0550005760418887
v 0.00184368191098554 0.0297593557600691 0.0550002109632735
v 0.00263514952257387 0.029255214103428 0.054900343335564
v 0.00201998833747215 0.0295743895149805 0.0549000229604527
v 0.000936582576026019 0.0300175165065021 0.0550003003702813
v 0.000690415807796673 0.0299524803906394 0.0549000229604527
v 0.00136889298621452 0.0298148830727619 0.0549002762803082
v -1.04778390692806e-07 0.0301046119281318 0.0550006542730205
v -4.29862913840569e-07 0.0300048765969407 0.0549005072484116
v -0.000939830273907052 0.0300177549250733 0.0550002929196974
v -0.000920181861797937 0.0299197723429092 0.0549004886219517
v -0.00162225009177779 0.0298349586615112 0.0550000321492579
v -0.00263536279553805 0.0292559777879137 0.0549001384445045
v -0.0022752376585156 0.0295692206748637 0.0550004978107569
v -0.0018082369222289 0.0296669909154878 0.0549004252919878
v -0.00354124902409845 0.028543359579894 0.054904739180114
v -0.00307615843125944 0.0290733882779563 0.0550002109632735
v -0.00360625210900672 0.0286062890441632 0.0550000321492579
v -0.0164165532381329 -0.038728023519631 0.0270000148341068
v -0.0168095622256959 -0.0383350165821143 0.0270000148341068
v -0.0150845769638263 -0.0358713853323139 0.0270000148341068
v -0.0153591440191105 -0.039011149298167 0.0270000148341068
v -0.0170926881392368 -0.0372776078673037 0.0270000148341068
v -0.0170443915917427 -0.0378312008883634 0.0270000148341068
v -0.0169487912870593 -0.0367408382566711 0.0270000148341068
v -0.0161749363901521 -0.0359669837287665 0.0270000148341068
v -0.0166300273680726 -0.0362857456331097 0.0270000148341068
v -0.015912808084691 -0.0389627838558342 0.0270000148341068
v -0.0156381702488597 -0.0358230906704945 0.0270000148341068
v -0.0145807619611603 -0.0361062127237403 0.0270000148341068
v -0.0143672841059287 -0.0385484868849714 0.0270000148341068
v -0.0148224495896882 -0.0388671817340915 0.0270000148341068
v -0.0139529925254516 -0.0370029682997847 0.0270000148341068
v -0.0139046261287334 -0.0375566321013578 0.0270000148341068
v -0.0141877520422743 -0.0364992233865472 0.0270000148341068
v -0.014048594692781 -0.0380933272061869 0.0270000148341068
v 0.0378312152023938 0.0170443871896374 0.0270000148341068
v 0.0375566500097555 0.0139046213611393 0.0270000148341068
v 0.0359670008791608 0.0161749305399901 0.0270000148341068
v 0.0358231040269833 0.0156381646546477 0.0270000148341068
v 0.0361062299405241 0.0145807568711596 0.0270000148341068
v 0.0358713987118314 0.015084571633588 0.0270000148341068
v 0.0364992407907331 0.0141877462083527 0.0270000148341068
v 0.036740855776068 0.0169487850678947 0.0270000148341068
v 0.0362857592102095 0.0166300213009064 0.0270000148341068
v 0.037002982218883 0.0139529877347946 0.0270000148341068
v 0.0372776219173603 0.0170926818514569 0.0270000148341068
v 0.0383350311363827 0.0168095560729209 0.0270000148341068
v 0.0380933453705008 0.0140485889252148 0.0270000148341068
v 0.0385485015410304 0.0143672800490447 0.0270000148341068
v 0.0390111641748406 0.015359139489271 0.0270000148341068
v 0.0387280382612998 0.0164165472727591 0.0270000148341068
v 0.038867196542116 0.0148224443844419 0.0270000148341068
v 0.0389627987094454 0.0159128042221666 0.0270000148341068
v 0.0036062465210688 -0.0286062834562279 0.0550000321492579
v 0.000920164341284232 -0.0299197704802641 0.0549004848966597
v 0.000939791158341571 -0.0300177530624282 0.0550002929196974
v -0.00483619077413925 -0.0266208695687458 0.0550000321492579
v -0.00447977626073039 -0.0272294515980682 0.0549004178414038
v -0.00457063845971406 -0.0272743283061527 0.0550006468224365
v -0.00500487990990979 -0.0250000274788801 0.0549003247091041
v -0.00501849585198939 -0.0259385528710038 0.055000434480793
v -0.00510527233702619 -0.0249992842834903 0.0550003115461573
v -0.00491938352831953 -0.0240791301598612 0.0549003843137759
v -0.00501797058582435 -0.024060252251903 0.055000427030209
v -0.00447955833115128 -0.0227688934515021 0.0549002874561841
v -0.00474016578617349 -0.0234096154218031 0.0549000229604527
v -0.00476006163915889 -0.0231546770513709 0.0550003450737852
v -0.00361769457606387 -0.0213847935522123 0.0550002482161935
v -0.00399340214365437 -0.0219845410558863 0.0549005407760396
v -0.00353553768587662 -0.0214645073113617 0.0549000229604527
v -0.00434052158798488 -0.0223120387656882 0.0550007325041524
v -0.00491897188355898 -0.0259177061471885 0.0549005668530835
v -0.00474009500562642 -0.026587422050916 0.0549000229604527
v -0.00407458603415026 -0.0280755655794834 0.0550003152714493
v -0.00399404429085436 -0.0280159721125653 0.0549002427526802
v -0.00343958580676539 -0.0287721352374322 0.0550004791842969
v -0.00268801979726039 -0.0293391076381529 0.0550005760418887
v -0.00337319924155894 -0.0286970669151302 0.0549005445013316
v -0.00184367876777045 -0.0297593520347789 0.0550002109632735
v -0.00201999485673306 -0.0295743820644002 0.0549000229604527
v -0.00263515813731151 -0.0292552066528476 0.054900343335564
v -0.000936589560948426 -0.0300175090559218 0.0550003003702813
v 6.77178649282599e-08 -0.0301046044775515 0.0550006579983125
v -0.000690422327057586 -0.0299524729400591 0.0549000229604527
v -0.00136889054149168 -0.0298148812101169 0.0549002725550162
v 4.18115050832673e-07 -0.0300048691463604 0.0549005072484116
v 0.00162224450383986 -0.0298349512109308 0.0550000321492579
v 0.00180823599090591 -0.0296669816022624 0.0549004252919878
v 0.00227524417777651 -0.0295692076363481 0.0550004978107569
v 0.00263535720760012 -0.0292559721999784 0.0549001384445045
v 0.00307617449658098 -0.0290733677888603 0.0550002072379815
v 0.00354124203917604 -0.0285433521293137 0.054904739180114
v 0.00399457048834239 -0.0219848130020691 0.0549002911814761
v 0.00436815068139832 -0.0225687932150804 0.0549000229604527
v 0.00407435273774185 -0.0219240609699068 0.0550002035126896
v 0.00457060027547156 -0.0227256148929023 0.0550007101524004
v 0.00483625689807137 -0.0233791388228872 0.0550000321492579
v 0.00491888340787515 -0.0240810728986871 0.0549004699954917
v 0.00466621548132275 -0.0231941930668946 0.0549006115565874
v 0.00343890244852319 -0.0212272454428064 0.0550004791842969
v 0.00501850563088076 -0.0240618820663542 0.0550005164372168
v 0.00500493578928905 -0.0249999939512685 0.0549002613791402
v 0.00491926711294607 -0.0259210253807338 0.0549004662701997
v 0.00505121741949936 -0.0257050945237165 0.0550000321492579
v 0.0051052187859544 -0.0250013331930862 0.0550003040955733
v 0.00474016112955855 -0.0265904618876982 0.0549000229604527
v 0.00407288916366674 -0.0280782515136991 0.0550009671975478
v 0.0049103813603208 -0.0263975048951858 0.0550001997873976
v 0.00447906193599885 -0.0272319996965474 0.054900339610272
v 0.00399338305153312 -0.0280153984178785 0.0549005296001636
v 0.00456868640673192 -0.0272784112241837 0.0550005276130928
v 0.00353553489190766 -0.0285355718607847 0.0549000229604527
v 0.0036062465210688 -0.0286062834562279 0.0550000321492579
v 0.0033722704797095 -0.0213020362309905 0.0549005146989956
v 0.00268864098969316 -0.0206614222941045 0.0550006840753565
v 0.00263415580094604 -0.0207440492301702 0.0549002278515123
v 0.00201991941957106 -0.0204256244645878 0.0549000229604527
v 0.000936230303105936 -0.0199824620828096 0.0550004046784571
v 0.00184356340013536 -0.0202406414556934 0.0550002891944054
v -9.84132820940704e-07 -0.0198953461720839 0.0550006244706846
v 0.00137055504850137 -0.0201856915629776 0.054900358236732
v -1.77948617669664e-06 -0.0199950312118576 0.0549004550943238
v 0.00069048845098971 -0.0200475335889289 0.0549000229604527
v -0.000940183419942436 -0.0199823447361691 0.0550003897772891
v -0.00180746462264138 -0.0203327753322839 0.0549004625449077
v -0.000920926920188066 -0.0200804651540696 0.0549005072484116
v -0.00162217558593878 -0.0201650553180571 0.0550000321492579
v -0.00227484743418377 -0.0204307132109659 0.0550005574154288
v -0.0035412189889321 -0.0214567605704442 0.054904754081282
v -0.00263571856091933 -0.020744194516487 0.0549001533456724
v -0.00307533560739984 -0.0209260371057645 0.0550002333150255
v -0.00360624838371477 -0.0213937957159185 0.0550000321492579
v -0.0213938115052131 -0.00360624200750964 0.0550000321492579
v -0.0214588234376898 -0.00354329414962027 0.0549047280042381
v -0.0240800040467717 -0.00491966197632267 0.0549005482266235
v -0.0283731795023714 -0.00369709159031252 0.0549005482266235
v -0.0299190210622725 -0.000917926458312619 0.0549005296001636
v -0.0298362450751292 -0.001620827188705 0.0550000321492579
v -0.0295707733201425 -0.0022740672981448 0.0550006617236045
v -0.0301052539948231 4.4075504442509e-07 0.0550003040955733
v -0.0300185087091064 -0.000938388953371046 0.055000434480793
v -0.0299191905630563 0.000921449011210702 0.0549004886219517
v -0.0300512074592032 0.000705128512124263 0.0550000321492579
v -0.0297402200871635 0.00159042602691519 0.0549000229604527
v -0.029910383972885 0.00139756437854814 0.0550001811609376
v -0.0294788293895086 0.00223245068462403 0.054900358236732
v -0.0295686871566501 0.00227848176700133 0.0550005015360489
v -0.0289933195401652 0.00301548525884061 0.0549005333254556
v -0.0290728172703919 0.00307834813354788 0.0550009820987158
v -0.0286063045473507 0.00360624573279982 0.0550000321492579
v -0.0285355947808356 0.00353553600000168 0.0549000229604527
v -0.0300049300199463 -5.45280538531598e-07 0.0549002949067681
v -0.0297400785260693 -0.00158745045138848 0.0549000229604527
v -0.0294798314930434 -0.00222934099865104 0.0549004141161119
v -0.0290745737455466 -0.00307561586603568 0.0550003003702813
v -0.0284395306773043 -0.00377220019231458 0.0550004829095889
v -0.0289941763573138 -0.00301580819493259 0.0549002539285562
v -0.027687727646099 -0.00433934139524627 0.0550005425142608
v -0.0268432989558328 -0.00475956018050235 0.0550001550838937
v -0.0276354096459441 -0.0042550059479744 0.0549003768631919
v -0.027019978377176 -0.00457441139619521 0.0549000229604527
v -0.0259365330927106 -0.00501752069258847 0.0550003227220333
v -0.0263692406539456 -0.00481476059898239 0.0549002911814761
v -0.0256904756967246 -0.00495243242266333 0.0549000229604527
v -0.0240597999258774 -0.00501767808609833 0.0550003338979093
v -0.0249994228640043 -0.00500494690692771 0.0549004774460757
v -0.0249999201904798 -0.00510466454299047 0.0550006281959766
v -0.0233778125911191 -0.00483491162485765 0.0550000321492579
v -0.0231931666329395 -0.00466743096052461 0.0549004960725357
v -0.0223645592575877 -0.00425593727051797 0.0549001794227164
v -0.0227252345736651 -0.00456926071686798 0.0550005872177647
v -0.0219247941307521 -0.00407402576337229 0.0550002556667774
v -0.0204295364476028 0.00227464704642818 0.0550006952512324
v -0.0209256447525459 0.00307590038507274 0.0550002184138575
v -0.0206318328390446 0.00243117652180199 0.0549000229604527
v -0.0203336884110047 0.00180562195403027 0.0549006003807114
v -0.0201637983342416 0.00162090355715357 0.0550000321492579
v -0.0210055708913469 0.00301536022878913 0.0549002800056002
v -0.0215610640752752 0.00377270753027019 0.0550004754590049
v -0.0200811713587763 0.000918720352573355 0.0549005072484116
v -0.0199815104858667 0.00093827870806495 0.0550005164372168
v -0.019894763337504 -1.60295582304718e-06 0.0550003115461573
v -0.0199951152520705 -5.14311392317242e-07 0.0549002949067681
v -0.0199820525158455 -0.000939723305745348 0.055000456832545
v -0.0200805436470826 -0.000920460819784314 0.054900369412608
v -0.0214645212717283 -0.00353553134338896 0.0549000229604527
v -0.0202598941027544 -0.00159042323294756 0.0549000229604527
v -0.0202398762464576 -0.00184527126509306 0.0550003040955733
v -0.0210065301540242 -0.00301536535106312 0.0549005333254556
v -0.0206594782306103 -0.0026879628689913 0.0550007287788604
v -0.0213823860348005 -0.00361522601042621 0.0550002705679454
v -0.0205201914272217 -0.0022306315788658 0.0549002613791402
v -0.0223110659278224 0.00433833696388302 0.0550007213282764
v -0.0216277207241481 0.00369794444893179 0.0549005109737036
v -0.0223661052537472 0.00425615659697699 0.0549001943238843
v -0.0231560515492352 0.00475914713895427 0.0550003450737852
v -0.0236297987892445 0.00481442904815687 0.054900339610272
v -0.0229800631695489 0.00457434620361716 0.0549000229604527
v -0.0250009912119156 0.00510459096850953 0.0550006579983125
v -0.0240637319715313 0.00501752814316882 0.0550003786014132
v -0.0243095677126462 0.00495250785978936 0.0549000229604527
v -0.0250016729403425 0.00500489195889763 0.0549004811713677
v -0.0259397666461237 0.00501772884317696 0.0550003525243692
v -0.0266222308182517 0.00483498519933859 0.0550000321492579
v -0.0272753266512869 0.00456923557115931 0.055000468008421
v -0.0268088716702709 0.00466677344680884 0.0549003917643599
v -0.0259210954828671 0.00491964288421053 0.0549004401931558
v -0.0276356350261071 0.00425584041297344 0.0549001123674605
v -0.0280763184374085 0.00407329327819177 0.0550001848862296
v -0.0285412888895821 0.0035433027643538 0.054904761531866
v -0.0286063045473507 0.00360624573279982 0.0550000321492579
v 0.0286062970967668 -0.00360624014486456 0.0550000321492579
v 0.0280762904977189 -0.00407330119443339 0.0550001848862296
v 0.0259397517449559 -0.00501772372090297 0.0550003525243692
v 0.0223110528893006 -0.00433832625367377 0.0550007213282764
v 0.0199815030352828 -0.000938272829091394 0.0550005127119249
v 0.0199951115267785 5.31135963714269e-07 0.0549002949067681
v 0.0198947577495661 1.59471773399996e-06 0.0550003115461573
v 0.0200805324712068 0.00092045139014356 0.054900369412608
v 0.0202598885148165 0.00159042882088282 0.0549000229604527
v 0.0199820487905536 0.000939741175496653 0.055000456832545
v 0.0202398725211657 0.00184528139322572 0.0550003078208653
v 0.0205201970151597 0.0022306555604213 0.0549002651044322
v 0.0206594894064862 0.0026879926713127 0.0550007287788604
v 0.0210065264287323 0.00301537210315156 0.0549005370507476
v 0.0214645156837904 0.00353553693132422 0.0549000229604527
v 0.0213823823095086 0.00361522927005511 0.0550002742932374
v 0.0200811620455464 -0.000918712727370029 0.0549005072484116
v 0.0203336884110047 -0.00180562579573576 0.0549006003807114
v 0.0201637927463037 -0.00162089796921831 0.0550000321492579
v 0.0204295271343729 -0.00227463959584783 0.0550006989765244
v 0.0206318253884607 -0.00243117000254419 0.0549000229604527
v 0.021005565303409 -0.00301535650349896 0.0549002800056002
v 0.0209256466151919 -0.003075905973008 0.0550002184138575
v 0.0215610454488155 -0.0037726868083436 0.0550004791842969
v 0.0223660940778714 -0.00425614774941282 0.0549001943238843
v 0.021627728174732 -0.00369795143385087 0.0549005109737036
v 0.0231560496865892 -0.0047591434136641 0.0550003450737852
v 0.0236297876133687 -0.00481442066625398 0.054900339610272
v 0.0229800575816109 -0.00457433968435935 0.0549000229604527
v 0.0240637245209474 -0.00501752115824974 0.0550003786014132
v 0.0243095602620623 -0.00495250134053155 0.0549000229604527
v 0.0250016673524046 -0.00500488543963983 0.0549004811713677
v 0.0250009818986857 -0.00510458444925172 0.0550006579983125
v 0.0266222252303138 -0.00483497961140333 0.0550000321492579
v 0.0259210768564073 -0.00491963776193654 0.0549004401931558
v 0.0268088362799974 -0.00466677717209902 0.0549003954896519
v 0.0272752949863053 -0.00456923789946567 0.0550004717337129
v 0.0285412777137063 -0.00354329158848327 0.05490476898245
v 0.0276356368887531 -0.00425582690879656 0.0549001123674605
v 0.0290745532564409 0.00307564008042181 0.0550003003702813
v 0.0295707621442666 0.0022740821993055 0.0550006617236045
v 0.0289941595935 0.00301582775270601 0.0549002539285562
v 0.0294798147292296 0.00222937103380307 0.0549004141161119
v 0.0297400710754854 0.00158745790196883 0.0549000229604527
v 0.0299190136116886 0.000917948926468983 0.0549005258748716
v 0.0298362394871913 0.00162083370796281 0.0550000321492579
v 0.0283731720517875 0.00369709857523159 0.0549005482266235
v 0.0300185049838145 0.000938383423643443 0.055000434480793
v 0.0301052465442392 -4.46755577628568e-07 0.0550003040955733
v 0.0300049244320084 5.52686894701772e-07 0.0549002911814761
v 0.0300512000086193 -0.000705121992866458 0.0550000321492579
v 0.0299103765223011 -0.00139755134003253 0.0550001848862296
v 0.0299191793871804 -0.000921458964720386 0.0549004886219517
v 0.0294788405653845 -0.00223241319889165 0.054900361962024
v 0.0290727949186402 -0.00307835930941841 0.0550009858240078
v 0.029568698332526 -0.00227844428126895 0.0550005015360489
v 0.0289933120895813 -0.00301547990373598 0.0549005333254556
v 0.0297402126365796 -0.00159041857633484 0.0549000229604527
v 0.0285355873302517 -0.00353552854942133 0.0549000229604527
v 0.0286062970967668 -0.00360624014486456 0.0550000321492579
v 0.0284395213640744 0.0037722081085562 0.0550004829095889
v 0.0276877146075771 0.00433935303677806 0.0550005387889688
v 0.0276354021953602 0.00425501293289348 0.0549003768631919
v 0.0268432933678949 0.00475956623409888 0.0550001550838937
v 0.0270199709265921 0.00457441791545301 0.0549000229604527
v 0.0263692369286537 0.00481476572125638 0.0549002911814761
v 0.0259365368180025 0.00501752534920119 0.0550003227220333
v 0.0249999127398959 0.00510467106224828 0.0550006281959766
v 0.0256904701087867 0.00495243894192113 0.0549000229604527
v 0.0249994154134204 0.00500495342618551 0.0549004774460757
v 0.0240597906126475 0.00501768460535614 0.0550003338979093
v 0.0231931703582314 0.00466744213639513 0.0549004923472437
v 0.0240800003214798 0.00491966849558048 0.0549005519519155
v 0.0233778051405352 0.00483491814411545 0.0550000321492579
v 0.0219247941307521 0.00407403693924281 0.0550002556667774
v 0.0227252122219134 0.00456925978554544 0.0550005872177647
v 0.0223645518070038 0.00425594425543705 0.0549001794227164
v 0.0214588197123978 0.00354329880623299 0.0549047280042381
v 0.0213938040546292 0.0036062475954449 0.0550000321492579
v 0.0371845603991413 -0.0170871460702579 0.0270000166967528
v 0.0369804404772897 -0.0170668078485514 0.0420000222474346
v 0.0358490171577919 -0.0159354018323638 0.0270000166967528
v 0.0358286249096541 -0.0157309355558579 0.0420000222474346
v 0.035854370402325 -0.015131510289784 0.0270000166967528
v 0.0362603191914786 -0.0143458614931876 0.0270000166967528
v 0.0362857629355015 -0.0143672707358192 0.0420000222474346
v 0.0358913252984754 -0.0149336396395316 0.0420000222474346
v 0.0364397329771135 -0.0167958898459166 0.0270000166967528
v 0.0361198756849393 -0.0164760029039407 0.0420000222474346
v 0.037784097709802 -0.0170614397054102 0.0420000222474346
v 0.0379825812649323 -0.017024350716435 0.0270000166967528
v 0.0385485089916143 -0.0166300138503261 0.0270000166967528
v 0.0385699778491259 -0.0166555097362789 0.0420000222474346
v 0.0388260208901856 -0.0146854943357322 0.0270000166967528
v 0.0389739336070859 -0.0149771957322494 0.0420000222474346
v 0.0389486761276605 -0.0160122527060143 0.0420000222474346
v 0.0385524466252062 -0.0166335733650876 0.0270000166967528
v 0.0385573044059098 -0.0166379282293014 0.0420000222474346
v 0.0390238860468521 -0.0158510519495926 0.0270000166967528
v 0.0380830933670526 -0.0139910611316983 0.0420000222474346
v 0.038181787526701 -0.0140779088215315 0.0270000166967528
v 0.0373180562361926 -0.0138746039042374 0.0270000166967528
v 0.0369012370451271 -0.0139584601860606 0.0420000222474346
v 0.036282179204645 -0.0143633070270738 0.0420000222474346
v 0.0362581622474392 -0.0143360211391922 0.0270000166967528
v -0.0254514386134196 -0.0141079439735617 0.0545000234581518
v -0.0228978403882602 -0.0179582325343565 0.0545000234581518
v -0.0182668200683027 -0.0232912666782562 0.0550000321492579
v -0.0163524335130784 -0.024673058760283 0.0550000321492579
v -0.0143503377528452 -0.0258887103511169 0.0550000321492579
v -0.0160761602740808 -0.0242562267294566 0.0545000234581518
v -0.017958244822801 -0.0228978257444341 0.0545000234581518
v -0.0141079553573685 -0.0254514208892984 0.0545000234581518
v -0.0200733668721397 -0.0217535637518551 0.0550000321492579
v -0.0197343504034634 -0.0213861793601571 0.0545000234581518
v -0.0217535797127006 -0.0200733517124818 0.0550000321492579
v -0.02138619514582 -0.019734335405461 0.0545000234581518
v -0.025888726421108 -0.014350327184784 0.0550000321492579
v -0.0246730761132521 -0.0163524201276989 0.0550000321492579
v -0.0242562438836647 -0.0160761470204386 0.0545000234581518
v -0.0232912833723355 -0.018266805770073 0.0550000321492579
v -0.000921548811113076 0.0200553268959735 0.0549000266857447
v -0.00443964834716105 0.0226099353197652 0.0549000155098688
v -0.00500039978067764 0.0245351783203523 0.0549000229604527
v -0.0049447760495781 0.0240787147900067 0.0525000147707713
v -0.00488380838717536 0.0261493968442881 0.0549000229604527
v -0.00493577248459489 0.0259249928147694 0.0525000184960633
v -0.00440805368046614 0.0273871096035342 0.0525000184960633
v -0.00354783557309793 0.0285466899893098 0.0525000222213553
v -0.00426870215012991 0.0276462165736714 0.0549000229604527
v -0.00353554234249156 0.028535579311365 0.0549000229604527
v -0.00290820713612588 0.0208819576097772 0.0549000155098688
v -0.00238985162048433 0.0205602266491651 0.0525000259466473
v -0.00411805972555278 0.0220918089238098 0.0525000259466473
v -0.000464192710167374 0.0199995574394194 0.0525000184960633
v 0.000924113325374974 0.0200640980916889 0.0549000229604527
v 0.00114987189656033 0.0201163471490283 0.0525000184960633
v 0.00238699385589669 0.0205918916156466 0.0549000229604527
v 0.00264656195446467 0.0207314931396378 0.0525000184960633
v 0.00353553209793869 0.0214645110366519 0.0525000184960633
v 0.00354667328200933 0.0214521896394004 0.0549000192351607
v 0.00416968202743583 0.0277837915398078 0.0549000229604527
v 0.00290867652291166 0.0291177061925147 0.0549000155098688
v 0.00490275009975991 0.0261548990978755 0.0549000229604527
v 0.00494495952020667 0.0240741848371548 0.0549000229604527
v 0.00494481330249761 0.0259209471496401 0.0525000147707713
v 0.00440798103727311 0.022612772128233 0.0525000184960633
v 0.00493580508089946 0.0240753620288499 0.0525000184960633
v 0.00354784907728125 0.0214533742816758 0.0525000222213553
v 0.00353553209793869 0.0214645110366519 0.0549000229604527
v 0.00426850564097952 0.0223534323274598 0.0549000229604527
v 0.0041176955782646 0.027908685618191 0.0525000259466473
v 0.00238975778969332 0.0294398096821442 0.0525000259466473
v -0.000925518866386414 0.0299356700187279 0.0549000229604527
v 0.000465240186593902 0.030000393210216 0.0525000147707713
v 0.00092068075988089 0.0299449106010053 0.0549000266857447
v -0.00114944453572437 0.0298838139795019 0.0525000184960633
v -0.00238737034321445 0.0294079100223818 0.0549000229604527
v -0.0035466493004424 0.02854786904365 0.0549000192351607
v -0.00353554234249156 0.028535579311365 0.0525000184960633
v -0.00264624320917214 0.0292686847526982 0.0525000184960633
v -0.0294398181322015 -0.00238976573056335 0.0549000155098688
v -0.0299449230172054 -0.000920690157960668 0.0525000147707713
v -0.0298838300918608 0.00114943560572387 0.0549000229604527
v -0.0300004037902263 -0.000465259435212126 0.0549000266857447
v -0.0299356861558137 0.000925510159577264 0.0525000184960633
v -0.0292687042970326 0.00264623403110403 0.0549000229604527
v -0.0294079203198741 0.00238737618974718 0.0525000184960633
v -0.0285478845189807 0.00354664295265632 0.0525000222213553
v -0.0285355947808356 0.00353553600000168 0.0549000229604527
v -0.0279086970634433 -0.0041176950117791 0.0549000155098688
v -0.027783808513444 -0.00416967724520982 0.0525000184960633
v -0.029117720076919 -0.00290867560160854 0.0525000259466473
v -0.0261549171574412 -0.00490274869327014 0.0525000184960633
v -0.0259209650976488 -0.00494481094462801 0.0549000266857447
v -0.0240741981792667 -0.00494495902491244 0.0525000184960633
v -0.0240753735088771 -0.00493580272732531 0.0549000229604527
v -0.022612782910843 -0.00440798033236877 0.0549000229604527
v -0.0214533845114418 -0.0035478480840277 0.0549000192351607
v -0.0214645212717283 -0.00353553134338896 0.0525000184960633
v -0.022353439261115 -0.00426850267427584 0.0525000184960633
v -0.0220918213206512 0.004118056364926 0.0549000155098688
v -0.0208819638417786 0.00290819876446624 0.0525000259466473
v -0.0200553383217446 0.000921552795466651 0.0525000147707713
v -0.0205602364530452 0.00238985048091482 0.0549000155098688
v -0.0199995669759515 0.000464180759979864 0.0549000229604527
v -0.0200641095216424 -0.000924115213029971 0.0525000184960633
v -0.0201163586038961 -0.0011498794973312 0.0549000229604527
v -0.0205919014346257 -0.00238699085504478 0.0525000184960633
v -0.02073150488783 -0.00264656395211509 0.0549000229604527
v -0.0214645212717283 -0.00353553134338896 0.0549000229604527
v -0.0214521998686015 -0.00354667252214707 0.0525000222213553
v -0.0226099516889605 0.00443964762715657 0.0525000259466473
v -0.0240787244089867 0.00494477043209736 0.0549000266857447
v -0.0261494074506462 0.0048838037300888 0.0525000184960633
v -0.0245351937449289 0.00500039460233473 0.0525000184960633
v -0.0259250051767693 0.00493576733706866 0.0549000229604527
v -0.0273871394265395 0.00440804040267283 0.0549000229604527
v -0.0285467054640784 0.00354782922474619 0.0549000192351607
v -0.0276462316190607 0.00426869545804236 0.0525000184960633
v -0.0285355947808356 0.00353553600000168 0.0525000184960633
v -0.0155045980433234 -0.00796852420531044 0.0550000321492579
v -0.0160615962451997 -0.00804178110526524 0.054500410888519
v -0.0156557145113012 -0.00867809885125771 0.0545000234581518
v -0.0187375721735837 -0.00556344566948568 0.0550004084037491
v -0.022512172088486 -0.00561007931754868 0.0550004121290411
v -0.0217181614994798 -0.00540476740017321 0.0550000321492579
v -0.0228219226635981 -0.00626742353260736 0.054500407163227
v -0.0252007935203964 -0.0074346924516415 0.0550004121290411
v -0.0244774107414825 -0.00738977197139741 0.054500384811475
v -0.0257303568097022 -0.00925644921949319 0.0545000234581518
v -0.0264586774630967 -0.0098416550529719 0.0550005387889688
v -0.0266408591406509 -0.0109227826903222 0.0550004195796251
v -0.0266433718500716 -0.0117444746006773 0.0550000321492579
v -0.0265465757266721 -0.0125574847222813 0.0550005089866329
v -0.0261296708538917 -0.0119651216750553 0.0545004146138109
v -0.026142400176487 -0.0109614912492007 0.054500410888519
v -0.0259385671021156 -0.0129518970255163 0.0545003587344311
v -0.025888726421108 -0.014350327184784 0.0550000321492579
v -0.026241882235383 -0.013609551370982 0.0550003487990772
v -0.0254627839900553 -0.0141124012832552 0.0545030819228769
v -0.0259755089597442 -0.00997091424011676 0.054500399712643
v -0.0236987129650395 -0.0067536693609125 0.0545004295149789
v -0.0261923805559428 -0.00906736932272964 0.0550000321492579
v -0.0254017804717175 -0.00857855816647823 0.054500392262059
v -0.0249752364060148 -0.00795558440989005 0.0545000234581518
v -0.0258333425056777 -0.00832847198649801 0.0550003860519971
v -0.0246245821252846 -0.0068511550824996 0.0550000321492579
v -0.0239811627380913 -0.00634044154832974 0.0550004866348809
v -0.0232691271984591 -0.00593085474123107 0.0550000321492579
v -0.0160047482900329 -0.00731940124000513 0.0550005350636768
v -0.0218680653849277 -0.00594501084389337 0.054500388536767
v -0.0208731218613338 -0.00579827818318601 0.0545004257896869
v -0.0209029241969389 -0.00529670371713623 0.0550005015360489
v -0.0198082210801986 -0.00533264857636665 0.055000434480793
v -0.0198679598619192 -0.00583079950074627 0.0545004146138109
v -0.0188872674426824 -0.00604132729002701 0.054500392262059
v -0.0179571346857997 -0.00642554813066768 0.0545004183391029
v -0.0177261982498414 -0.00598083323420931 0.055000453107253
v -0.0168062672049656 -0.00657231199068024 0.0550004009531651
v -0.0173175225469799 -0.00682296953704095 0.0545000234581518
v -0.0167313459959002 -0.0072940986034801 0.054500377360891
v -0.0152184257722899 -0.00843571750268046 0.0550000321492579
v -0.0261332024306609 0.0138600650280097 0.0550000321492579
v -0.0254514386134196 0.0141079476988519 0.0545000234581518
v -0.0264596665281096 0.00984392468601059 0.0550004195796251
v -0.026641606061687 0.0109220795418018 0.055000441931377
v -0.0236985695412994 0.00675333501611936 0.054500399712643
v -0.0244196649909556 0.00666729012631877 0.0550004158543331
v -0.0244770885037288 0.00739120387980815 0.054500388536767
v -0.0230223396452507 0.00580888035902203 0.0550005015360489
v -0.0228211627040401 0.00626722283259922 0.0545004295149789
v -0.0198692506755801 0.00582928330764533 0.054500407163227
v -0.0188863025920671 0.00604141902529755 0.054500395987351
v -0.0177269116432499 0.00598140972286378 0.055000430755501
v -0.017028436166318 0.00641485421956112 0.0550000321492579
v -0.0171128624577955 0.0069679047452392 0.0545004146138109
v -0.0179574289838638 0.00642498374920628 0.054500403437935
v -0.0163904892330002 0.00692751095821814 0.0550005015360489
v -0.0152184257722899 0.00843572122797064 0.0550000321492579
v -0.0156593988250404 0.00774370946255004 0.0550003376232013
v -0.0163773166006627 0.00765309922964086 0.0545003587344311
v -0.015645920718763 0.00867085316186873 0.054503044669957
v -0.0187408541557922 0.00556290038013642 0.0550005611407207
v -0.0219855964833246 0.00545851029887256 0.055000427030209
v -0.0198082788222239 0.00533369305459926 0.055000441931377
v -0.020874084849303 0.00579620971581674 0.054500395987351
v -0.0209021679626729 0.00529849232208116 0.0550003674255372
v -0.0218692463024761 0.00594409116288159 0.054500395987351
v -0.0237467096265316 0.00619560086936966 0.0550000321492579
v -0.0250147654789031 0.00723214795920426 0.0550000321492579
v -0.025128662555002 0.0081570955999652 0.0545004257896869
v -0.0255385284886417 0.00786638047402167 0.0550005201625088
v -0.0260880314031134 0.00881356902844565 0.055000456832545
v -0.0256333483446615 0.00902555666581344 0.054500407163227
v -0.0261421170542988 0.0109624309536471 0.0545004220643949
v -0.0259748533083609 0.00996936917601698 0.054500388536767
v -0.0266275598483871 0.0120156710687527 0.0550004084037491
v -0.0261440858710947 0.0117155588983445 0.0545000234581518
v -0.0260548781673986 0.0124636940228858 0.054500377360891
v -0.0258887282837539 0.0143503299787516 0.0550000321492579
v -0.0257758016462081 0.0134269301960581 0.0545004146138109
v -0.0264188075259949 0.0130916596683076 0.0550005536901368
v -0.0258887282837539 0.0143503299787516 0.0550000321492579
v -0.0232912852349815 0.0182668113580083 0.0550000321492579
v -0.0182668219309487 0.0232912722661914 0.0550000321492579
v -0.017958246685447 0.0228978313323694 0.0545000234581518
v -0.0143503386841682 0.0258887140764071 0.0550000321492579
v -0.0141079562886915 0.0254514246145886 0.0545000234581518
v -0.0163524335130784 0.0246730624855731 0.0550000321492579
v -0.0160761621367267 0.0242562323173918 0.0545000234581518
v -0.0200733668721397 0.0217535674771453 0.0550000321492579
v -0.0197343504034634 0.0213861830854473 0.0545000234581518
v -0.02138619514582 0.0197343391307512 0.0545000234581518
v -0.0217535797127006 0.020073355437772 0.0550000321492579
v -0.0246730761132521 0.0163524238529891 0.0550000321492579
v -0.0254514386134196 0.0141079476988519 0.0545000234581518
v -0.0242562457463107 0.0160761526083738 0.0545000234581518
v -0.0228978422509062 0.0179582381222917 0.0545000234581518
v -0.00867810950855862 0.0156557070460784 0.0545000234581518
v -0.0129753427384155 0.011593093709155 0.0550000321492579
v -0.0119262269505983 0.013348183149709 0.0545000234581518
v -0.0156557145113012 0.00867810443919297 0.0545000234581518
v -0.0152184257722899 0.00843572122797064 0.0550000321492579
v -0.0145980165821527 0.0103589032117687 0.0545000234581518
v -0.0133481904459417 0.0119262203324103 0.0545000234581518
v -0.0141902777902168 0.0100695766877377 0.0550000321492579
v -0.010069582420609 0.0141902700924458 0.0550000321492579
v -0.00843572711308195 0.0152184166529374 0.0550000321492579
v -0.0115931010998189 0.0129753346886478 0.0550000321492579
v -0.0103589090826017 0.0145980086899567 0.0545000234581518
v -0.0141079553573685 -0.0254514208892984 0.0545000234581518
v -0.0109220987197 -0.0266415914953403 0.055000441931377
v -0.00984395918229527 -0.0264596557738085 0.0550004195796251
v -0.0109624399062335 -0.0261421008634817 0.0545004220643949
v -0.00739120880119329 -0.0244770712442137 0.054500388536767
v -0.00723215327040711 -0.0250147479630038 0.0550000321492579
v -0.00626721231686063 -0.0228211127065201 0.0545004295149789
v -0.00579621294532641 -0.0208740711704783 0.054500395987351
v -0.0053336960635638 -0.0198082656516148 0.055000441931377
v -0.00598142002560609 -0.017726886426598 0.055000430755501
v -0.00604142795967005 -0.0188862712346395 0.054500395987351
v -0.0069275203151122 -0.016390468378894 0.0550005015360489
v -0.00696790620514913 -0.0171128542977507 0.0545004146138109
v -0.00642499333213819 -0.0179574055199378 0.054500403437935
v -0.00641485820972497 -0.0170284224585955 0.0550000321492579
v -0.00765311452046029 -0.0163772920275476 0.0545003587344311
v -0.00774373038451372 -0.015659374594255 0.0550003376232013
v -0.00843572711308195 -0.0152184129276472 0.0550000321492579
v -0.00867085729645371 -0.01564590953292 0.054503040944665
v -0.00582928794991019 -0.0198692281626719 0.054500407163227
v -0.00594409539422961 -0.0218692302864765 0.054500395987351
v -0.00556290955199494 -0.0187408228677198 0.0550005611407207
v -0.00529849531426067 -0.0209021430945866 0.0550003674255372
v -0.00545851523000057 -0.0219855878624253 0.055000427030209
v -0.00580888406023503 -0.0230223193541235 0.0550005015360489
v -0.00675333544239148 -0.0236985489277208 0.054500399712643
v -0.00619560382366237 -0.0237466927152882 0.0550000321492579
v -0.0130916565976675 -0.0264187912032416 0.0550005536901368
v -0.00666730774103676 -0.0244196607973378 0.0550004158543331
v -0.0088135704371139 -0.0260880133754413 0.055000456832545
v -0.00786638329368119 -0.0255385088603478 0.0550005201625088
v -0.00815710694015539 -0.0251286487100826 0.0545004257896869
v -0.00902556842011814 -0.0256333361217343 0.054500407163227
v -0.00996940652608721 -0.0259748465105268 0.054500388536767
v -0.0120156656223953 -0.026627541563448 0.0550004084037491
v -0.0117155654160813 -0.0261440678166938 0.0545000234581518
v -0.0124636999660383 -0.0260548601555352 0.054500377360891
v -0.0134269542936541 -0.0257757781794834 0.0545004146138109
v -0.0138600716370037 -0.0261331862440947 0.0550000321492579
v -0.0143503377528452 -0.0258887103511169 0.0550000321492579
v -0.00843572711308195 -0.0152184129276472 0.0550000321492579
v -0.0156557145113012 -0.00867809885125771 0.0545000234581518
v -0.0145980156508297 -0.010358898555156 0.0545000234581518
v -0.0129753418070925 -0.0115930890525423 0.0550000321492579
v -0.0141902777902168 -0.0100695729624475 0.0550000321492579
v -0.0152184257722899 -0.00843571750268046 0.0550000321492579
v -0.0133481904459417 -0.011926214744475 0.0545000234581518
v -0.0115931001684959 -0.0129753300320351 0.0550000321492579
v -0.00867810857723563 -0.0156557014581431 0.0545000234581518
v -0.010069583351932 -0.0141902654358331 0.0550000321492579
v -0.0119262260192753 -0.0133481784930962 0.0545000234581518
v -0.0103589090826017 -0.0145980031020215 0.0545000234581518
v -0.00796853452425979 0.0155045897188359 0.0550000321492579
v -0.00804179145914621 0.0160615848611473 0.054500410888519
v -0.00604133622435576 0.0188872547112456 0.054500392262059
v -0.00598083701741582 0.0177261991105609 0.055000453107253
v -0.00626743210908572 0.0228219117812625 0.054500407163227
v -0.00561009503116478 0.0225121818429469 0.0550004121290411
v -0.00540477835927403 0.0217181511434583 0.0550000321492579
v -0.00634045109094879 0.0239811513029872 0.0550004866348809
v -0.00795559472266923 0.0249752244968997 0.0545000234581518
v -0.00685116486864583 0.0246245703833744 0.0550000321492579
v -0.00832847409517695 0.0258333245994507 0.0550003860519971
v -0.00925646015257305 0.0257303445405178 0.0545000234581518
v -0.00984166905906861 0.0264586685719123 0.0550005350636768
v -0.0109615188277987 0.0261423895734702 0.054500407163227
v -0.0109227646156362 0.0266408464373054 0.0550004195796251
v -0.0119651376250227 0.0261296602569447 0.0545004146138109
v -0.0117444857888172 0.0266433610081731 0.0550000321492579
v -0.012557466495759 0.0265465686562197 0.0550005127119249
v -0.0143503386841682 0.0258887140764071 0.0550000321492579
v -0.0141124145318335 0.0254627718484595 0.0545030819228769
v -0.013609541096708 0.0262418808981549 0.0550003525243692
v -0.012951905995431 0.0259385547336489 0.0545003624597231
v -0.00997089757419046 0.0259754891230818 0.054500399712643
v -0.00738979505289802 0.0244774158335549 0.054500384811475
v -0.00675368934512679 0.0236987165657786 0.0545004295149789
v -0.00857856598234548 0.0254017664965654 0.054500392262059
v -0.00906738016564917 0.0261923699290936 0.0550000321492579
v -0.00743470205037854 0.0252007815037273 0.0550004121290411
v -0.00731942382228887 0.0160047294825073 0.0550005350636768
v -0.00593086595118989 0.0232691179655249 0.0550000321492579
v -0.00594501786964889 0.021868043781556 0.054500388536767
v -0.00579828746728142 0.0208731081829682 0.0545004257896869
v -0.00533265856975554 0.0198082116349073 0.055000434480793
v -0.00529671369338528 0.0209029179549429 0.0550005015360489
v -0.00583081112865651 0.0198679448002069 0.0545004146138109
v -0.00642557028672904 0.0179571000461435 0.0545004183391029
v -0.00556345437594273 0.0187375669641074 0.0550004084037491
v -0.00682297930974727 0.0173175142893456 0.0545000234581518
v -0.00657231605592581 0.0168062647790519 0.0550004009531651
v -0.00729409695930092 0.016731349193647 0.054500377360891
v -0.00867810950855862 0.0156557070460784 0.0545000234581518
v -0.00843572711308195 0.0152184166529374 0.0550000321492579
v -0.00494481842477404 -0.0259209434243499 0.0525000147707713
v -0.00494496603946759 -0.0240741792492195 0.0549000229604527
v -0.0049358092718529 -0.0240753527156244 0.0525000184960633
v -0.00440797964028862 -0.022612751639137 0.0525000184960633
v -0.00354785489804993 -0.0214533705563856 0.0525000222213553
v -0.00426850470965653 -0.0223534137010089 0.0549000229604527
v -0.00353553768587662 -0.0214645073113617 0.0549000229604527
v -0.00490275615335932 -0.0261548935099402 0.0549000229604527
v -0.0041696918063272 -0.0277837803639373 0.0549000229604527
v -0.00290868164518809 -0.0291177006045794 0.0549000155098688
v -0.0023897666372617 -0.0294398003689188 0.0525000259466473
v -0.00411770489149448 -0.0279086744423204 0.0525000259466473
v -0.000465260471972727 -0.0300003838969906 0.0525000147707713
v 0.000925501927949576 -0.0299356644307927 0.0549000229604527
v -0.000920689665656959 -0.02994490501307 0.0549000266857447
v 0.00114943708514047 -0.0298838065289215 0.0525000184960633
v 0.00238737709530611 -0.0294078951212211 0.0549000229604527
v 0.00354664347967373 -0.0285478634557147 0.0549000192351607
v 0.00353553489190766 -0.0285355718607847 0.0525000184960633
v 0.00264624111369542 -0.0292686735768277 0.0525000184960633
v 0.00411805134364589 -0.0220917996105844 0.0525000259466473
v 0.00494476906465569 -0.0240787073394264 0.0525000147707713
v 0.00443964089657714 -0.0226099278691849 0.0549000155098688
v 0.00500039186443225 -0.0245351652818367 0.0549000229604527
v 0.00488380000526847 -0.0261494024322233 0.0549000229604527
v 0.00493576549967248 -0.0259249872268341 0.0525000184960633
v 0.00440803365702191 -0.0273871300926301 0.0525000184960633
v 0.00426868911160809 -0.0276462184363165 0.0549000229604527
v 0.00353553489190766 -0.0285355718607847 0.0549000229604527
v 0.00354782928666777 -0.0285466844013746 0.0525000222213553
v 0.000921547181297848 -0.0200553213080383 0.0549000266857447
v 0.00290819689157301 -0.0208819482965518 0.0549000155098688
v 0.000464163286181733 -0.019999549988839 0.0525000184960633
v 0.00238984975783835 -0.020560222923875 0.0525000259466473
v -0.0011498746905293 -0.020116339698448 0.0525000184960633
v -0.000924120252089695 -0.0200640925037536 0.0549000229604527
v -0.00238701364651018 -0.0205918934782917 0.0549000229604527
v -0.00354667817145502 -0.0214521877767553 0.0549000192351607
v -0.00353553768587662 -0.0214645073113617 0.0525000184960633
v -0.00264656730957185 -0.0207314875517025 0.0525000184960633
v 0.0240787188210488 -0.00494476391283956 0.0549000266857447
v 0.0226099386504387 -0.00443963691694732 0.0525000259466473
v 0.0220918138700673 -0.00411804938000692 0.0549000155098688
v 0.0205602308651073 -0.0023898432631651 0.0549000155098688
v 0.0199995576627216 -0.000464150753931663 0.0549000229604527
v 0.0200553308711607 -0.000921538243551908 0.0525000147707713
v 0.0200641020710585 0.000924113233969566 0.0525000184960633
v 0.0201163492906662 0.00114986785579941 0.0549000229604527
v 0.0205918939840417 0.00238699527882686 0.0525000184960633
v 0.0214521942806636 0.00354667857574361 0.0525000222213553
v 0.0207314955746002 0.00264656511626827 0.0549000229604527
v 0.0214645156837904 0.00353553693132422 0.0549000229604527
v 0.0208819545285487 -0.00290818898557953 0.0525000259466473
v 0.0259249884129555 -0.00493576268045594 0.0549000229604527
v 0.024535190019637 -0.00500038854873819 0.0525000184960633
v 0.0261494111759381 -0.00488379581384718 0.0525000184960633
v 0.0273871282506636 -0.00440803621172139 0.0549000229604527
v 0.0285466980134945 -0.00354782200699648 0.0549000192351607
v 0.0276462465202285 -0.00426867450328513 0.0525000184960633
v 0.0285355873302517 -0.00353552854942133 0.0525000184960633
v 0.0299449137039755 0.000920702381569052 0.0525000147707713
v 0.0294398144069095 0.00238976456641017 0.0549000155098688
v 0.0299356787052298 -0.000925503174658188 0.0525000184960633
v 0.0298838226412769 -0.00114943793403023 0.0549000229604527
v 0.0300003982022884 0.000465243864663351 0.0549000266857447
v 0.0294079203198741 -0.00238735639914313 0.0525000184960633
v 0.0292686819452809 -0.00264624823377282 0.0549000229604527
v 0.0285355873302517 -0.00353552854942133 0.0549000229604527
v 0.0285478770683968 -0.00354663550207597 0.0525000222213553
v 0.0291177089010431 0.00290868794163225 0.0525000259466473
v 0.0277838029255061 0.00416968469579017 0.0525000184960633
v 0.0279086896128594 0.00411770246235944 0.0549000155098688
v 0.0240741851407448 0.00494496368152516 0.0525000184960633
v 0.0261549059815653 0.00490275521252794 0.0525000184960633
v 0.0259209557844189 0.00494481792954709 0.0549000266857447
v 0.0240753641956472 0.00493580924658312 0.0549000229604527
v 0.0223534318105311 0.00426850872787238 0.0525000184960633
v 0.0226127642843832 0.00440797940104623 0.0549000229604527
v 0.0214533789235039 0.00354785413762423 0.0549000192351607
v 0.0214645156837904 0.00353553693132422 0.0525000184960633
v -0.0111645090548663 0.0111628953371833 0.047500024717302
v -0.0130988501364242 0.00879503012189331 0.0540000296682137
v -0.00758007318684552 -0.0138562996909661 0.0475000209920101
v -0.00406018591811505 -0.0152464159338873 0.0475000209920101
v -0.00543898911224127 -0.0148099078516829 0.0540000296682137
v 0.000758377531213684 -0.0157749405460417 0.0540000296682137
v -0.000748061033648618 -0.0157602070234024 0.0475000209920101
v 0.00488107588552957 -0.0150200589209948 0.0540000296682137
v 0.00259971617535458 -0.0155620588390321 0.0475000209920101
v 0.00879503710965945 -0.0130988327145382 0.0475000209920101
v 0.00829330827048586 -0.0134213357415389 0.0540000296682137
v 0.00583183046166651 -0.0146605851829819 0.0475000209920101
v 0.0111628978660976 -0.0111644981432808 0.0540000259429217
v 0.0111493471166272 -0.011150073819726 0.0475000209920101
v -0.00260906176870501 -0.0155461136657636 0.0540000296682137
v -0.00844597818520713 -0.0133256498007672 0.0540000296682137
v -0.011373525872987 -0.0109586935562798 0.0540000296682137
v -0.0125908851585252 -0.00948548471602106 0.0475000209920101
v -0.0106357569478827 -0.0116534508605588 0.0475000209920101
v -0.0143487731302259 -0.0065994032321502 0.0475000209920101
v -0.0138563100234566 -0.00758006445011269 0.0540000296682137
v -0.0152464297232059 -0.00406017653148811 0.0540000296682137
v -0.015486365533194 -0.00301235135848149 0.0475000209920101
v -0.0157749555187034 0.000758371465240691 0.0475000209920101
v -0.0157602219890386 -0.000748043796724388 0.0540000296682137
v -0.0155620709162149 0.00259972820706014 0.0540000296682137
v -0.0146605940363396 0.00583184165067252 0.0540000296682137
v -0.0134213440039765 0.00829331549180072 0.0475000209920101
v -0.0150200726023779 0.00488107495503614 0.0475000209920101
v -0.0111500856557564 0.0111493455254969 0.0540000296682137
v 0.0119319331665437 0.0103024874173693 0.0540000296682137
v 0.00758006154530817 0.0138563071415464 0.0475000209920101
v 0.0109586978504691 0.0113735213809924 0.0475000209920101
v 0.00981518037065356 0.0123522873575787 0.0540000296682137
v 0.00659939892840698 0.0143487700134912 0.0540000296682137
v 0.00301235023374434 0.0154863590800455 0.0540000296682137
v 0.00074805049805732 0.0157602126113377 0.0475000209920101
v 0.00406017241393173 0.0152464243157902 0.0475000209920101
v -0.000758372641767999 0.015774947996622 0.0540000296682137
v -0.00259972199612325 0.0155620644269673 0.0475000209920101
v -0.0048810884583899 0.0150200626462849 0.0540000296682137
v -0.00583182813335904 0.0146605944962073 0.0475000209920101
v -0.00829332130900769 0.0134213366728614 0.0540000296682137
v -0.0087950333843675 0.0130988438904087 0.0475000209920101
v -0.0111629025227126 0.011164501868571 0.0540000259429217
v -0.0111493517732421 0.0111500775450161 0.0475000209920101
v 0.0133256496356713 0.00844598347107825 0.0475000209920101
v 0.0138563062981646 0.00758006538143524 0.0540000296682137
v 0.0148099102569823 0.00543899862592346 0.0475000209920101
v 0.0152464297232059 0.00406015837069851 0.0540000296682137
v 0.0155461229413742 0.00260904771892303 0.0475000209920101
v 0.0157602164011007 0.00074804426238566 0.0540000296682137
v 0.0157749499307655 -0.000758375306946183 0.0475000209920101
v 0.015562068122246 -0.00259970795079482 0.0540000296682137
v 0.0146605931050166 -0.00583182488686674 0.0540000296682137
v 0.015020065151794 -0.00488107635201995 0.0475000209920101
v 0.0130988426858403 -0.00879502825924823 0.0540000296682137
v 0.0134213402786845 -0.00829330617857528 0.0475000209920101
v 0.0111500800678185 -0.0111493399375616 0.0540000296682137
v 0.0111645043982513 -0.0111628906805706 0.047500024717302
v 0.0197989953946829 0.0155563535571302 0.0470000272020719
v 0.0194872722774829 0.0152817233028367 0.047000422083023
v 0.0190165667383513 0.0149900600905438 0.047000433258899
v 0.0182308039457239 0.014726089754084 0.047000440709483
v 0.0157616487758557 0.0153694380539579 0.0470000272020719
v 0.016096373708205 0.0151251270050703 0.047000444434775
v 0.0171267242691438 0.01472616519121 0.047000436984191
v 0.0176779836587702 0.014674770156643 0.047000448160067
v 0.0165941025151465 0.014877773325433 0.047000429533607
v 0.0154594502988506 0.0156535910812594 0.047000436984191
v 0.0151250652993918 0.0160956880300478 0.047000436984191
v 0.0149329957656776 0.016465663361062 0.0470000272020719
v 0.0147888483876164 0.0168560551448764 0.047000444434775
v 0.0147061832279086 0.0172633932736936 0.0470000272020719
v 0.0176776744595383 0.0176776734807506 0.0457574188053698
v 0.0186319340697393 0.0148335960405786 0.0470000272020719
v 0.0147257829201839 0.0182300520572135 0.047000440709483
v 0.0148773892640533 0.018762543172081 0.047000429533607
v 0.0155495176136643 0.0198038046166311 0.0470007685351782
v 0.0151241078993605 0.0192587499606509 0.047000444434775
v 0.0146746309364096 0.017678109339701 0.047000433258899
v 0.0155563535243937 0.019798993404371 0.0470000272020719
v 0.0158680803668856 0.0200736292465998 0.047000425808315
v 0.0163387989445391 0.0203652971155054 0.047000433258899
v 0.0176773596723684 0.0206805758735356 0.047000448160067
v 0.0171245449733527 0.0206292581387397 0.047000440709483
v 0.0176776744595383 0.0176776734807506 0.0457574188053698
v 0.0182286656281442 0.0206291743197108 0.047000436984191
v 0.0192589863867475 0.0202302106432054 0.047000444434775
v 0.018761248266576 0.0204775699107781 0.047000429533607
v 0.0195936964179289 0.0199859042509306 0.0470000272020719
v 0.0198958548480456 0.0197017987210788 0.047000436984191
v 0.0202302761691008 0.0192596645193887 0.047000433258899
v 0.0205665042567521 0.0184992694648838 0.047000444434775
v 0.02042235035943 0.0188896817377941 0.0470000272020719
v 0.020649162897199 0.0180919536878076 0.0470000272020719
v 0.0167234129866913 0.0205217481269549 0.0470000272020719
v 0.0206295604109547 0.0171252762778368 0.047000440709483
v 0.0204779522044394 0.0165927888882595 0.047000429533607
v 0.0202312577835298 0.0160966286658168 0.047000444434775
v 0.0198058331680583 0.0155515414135475 0.0470007722604702
v 0.0206807161200209 0.0176772227206395 0.047000433258899
v 0.00959832181297672 -0.012517155662177 0.0474998980573743
v 0.00869338972481717 -0.0131042502177741 0.0473051733196839
v 0.00701080852989871 -0.014124109870273 0.0475003711694573
v 0.010172156471824 -0.0119961114326926 0.0473124488149434
v -0.0100179088959616 -0.0121954079377591 0.0475006431157726
v -0.0116405231350276 -0.0105124438402696 0.0472370787073703
v -0.0107833856112718 0.0107833786067102 0.0470000272020719
v -0.0119875797150564 0.0101776576002417 0.0473068646022481
v -0.0134564166963688 0.00824703807461064 0.0475001998060256
v -0.0130843391929534 0.00872207031382991 0.0473037241810992
v -0.0140933326551393 0.00697602774046424 0.0473018317327675
v -0.0147359101263517 0.00559437721946406 0.0474993131865317
v -0.0154165880209894 -0.0029761790237198 0.047235916416269
v -0.00724978181757905 -0.0139300669556747 0.0472359573944809
v -0.00728765127290332 -0.013997199478583 0.0475002333336536
v 0.0107833809546569 -0.0107833739500975 0.0470000272020719
v 0.00987842372077665 -0.0116263195722195 0.0469963726906282
v -0.0153031566063843 0.00382800387497222 0.0474998347274105
v -0.0157775837121746 -9.61554437489212e-05 0.0475002072566096
v -0.0156451104677637 0.00189246335743624 0.0475003823453332
v -0.0155022920876059 0.00240414628195864 0.0472239209760562
v -0.0155975040306035 -0.00226407420725228 0.047500475477633
v -0.0151710577538145 -0.00432252031312555 0.0474998757056224
v -0.0140185343807083 -0.00724805774221609 0.0475002333336536
v -0.013114111726223 -0.00863937073460583 0.0472357823057573
v -0.0122270889791162 -0.00998032059780684 0.0475006207640207
v -0.00441314103228624 -0.0151446912977431 0.0474999911896741
v 0.00111986629971313 -0.0157254295769803 0.047499164174852
v -0.00161049074207409 -0.0156907583013283 0.0474999427608782
v -0.00439363819760163 -0.0150749771487441 0.0472359797462328
v -0.00151536320022231 -0.0156270707405086 0.0472362591431322
v 0.00694626039626991 -0.0141094536474048 0.0473042829748979
v -0.0111556605551605 0.01115507688443 0.047501369547711
v -0.0109862044749096 0.0109860995847695 0.0470456247760485
v -0.0147037068400844 0.00474265807332034 0.0470285592134352
v -0.0148976008355315 0.00485871809171643 0.0472048810086874
v 0.00305980346827313 -0.0154623654173554 0.047499182801312
v 0.00492301661929439 -0.0149833210406185 0.0475001811795657
v -0.0156874931142862 -0.000239852400417842 0.0472234143363453
v -0.0138343242816869 0.0070142380417819 0.0470544797951124
v 0.011165056672783 -0.0111651519317064 0.0474961578642148
v 0.0109879236971449 -0.0109883217203584 0.0470534180868948
v 0.0086355573612524 -0.012857575472271 0.0470425588607395
v -0.0152634151918548 0.00240643384295629 0.0470287231262828
v -0.0150305192523305 -0.00372268479947114 0.0470283133441638
v -0.0145667166791834 -0.00586456459956346 0.0472358083828012
v -0.0084324702765941 -0.0129552013579009 0.0470280935519363
v -0.00990145999487644 -0.012189805101337 0.047235882888641
v -0.00284960293863508 -0.0151897524076913 0.0470279594414246
v 0.00123373392272262 -0.015649798735862 0.0472364007042279
v 0.00480639402647203 -0.0149319772287914 0.0472250944430335
v -0.00856221381332813 -0.0126266968884294 0.0469965403287678
v -9.02062199547407e-07 -0.015256541272581 0.0469961342719407
v -0.0116270794877007 0.00987558033926659 0.0470003475771832
v -0.0134778604081597 0.00714677781258649 0.046995154520147
v -0.0136741199639954 -0.00720682017697055 0.0470279296390886
v -0.0119459048740046 -0.00981059730878887 0.0470280674748923
v -0.0126263667017091 -0.00856173941266387 0.046996462097636
v -0.00564688089219291 -0.0141727062805966 0.046992066253086
v 0.00690339858407029 -0.0139015116751663 0.0470649106126888
v -0.0124399065263495 0.00928410949903727 0.0470485901084738
v -0.0126265846312882 0.00856124394907068 0.0470004556106509
v -0.0141709556321918 0.00564754269818639 0.0469998185857204
v -0.0146985389288259 0.00408172873213017 0.0470011224379174
v -0.0150539969735264 0.002469258067778 0.0469949682555474
v -0.0152320892118419 0.000828460413355878 0.0470016439787962
v -0.0154530940194598 -0.000194546992924958 0.0470288497862106
v -0.0152321637176809 -0.000823903277527205 0.0470031937002647
v -0.015109806503562 -0.0020571969695117 0.0470000272020719
v -0.0148984744164939 -0.00327784766692892 0.0470015843741244
v -0.0144570068312369 -0.00486909861278708 0.0470055853377233
v -0.0140092509531673 -0.00602492902834107 0.0470000272020719
v -0.0134792117578148 -0.00714420503405987 0.0469941114383893
v -0.0116275675009462 -0.00987579920006433 0.0469985892393632
v -0.0107833856112718 -0.01078337488142 0.0470000272020719
v -0.0101773960949526 -0.0113621247870267 0.0469625582152209
v -0.00955458222886123 -0.0118857469173117 0.0470000272020719
v -0.00714656422217958 -0.0134789650492126 0.046993798513862
v -0.00569697163342275 -0.0143707343243588 0.0470292409418697
v -0.00408092135877382 -0.0147003424110444 0.0469965403287678
v -0.00287338147715603 -0.01497752914572 0.0470000272020719
v -0.00164968384019457 -0.0151671277891403 0.0469970730455226
v -6.23690051847739e-05 -0.0154546168137929 0.0470290658531461
v 0.00123823349332213 -0.0152002959102071 0.0470000272020719
v 0.00299700133241544 -0.0152513556686584 0.0470594903128411
v 0.00246773699778867 -0.0150555935326447 0.0469952476524468
v 0.00368097867156767 -0.0147996772735417 0.0470000272020719
v 0.00486877124621659 -0.0146627942800552 0.0470287380274508
v 0.00487112376808342 -0.0144578269520209 0.0469984178759316
v 0.00602674891240003 -0.0140094007352264 0.0470000272020719
v 0.00714459168009172 -0.0134802158153886 0.0469959517326332
v 0.00855779002913674 -0.0126295113451561 0.0470000272020719
v 0.0154165787077596 0.00297619229506605 0.047235916416269
v 0.0151710549598455 0.00432251565651283 0.0474998757056224
v 0.0140933289298473 -0.00697602028988389 0.0473018317327675
v 0.0130843289484006 -0.00872207217647499 0.0473037204558072
v 0.0107833809546569 -0.0107833739500975 0.0470000272020719
v 0.0134564194903377 -0.00824701944815977 0.0475001998060256
v 0.00161046117256923 0.0156907657519086 0.0474999427608782
v -0.00701080713291423 0.0141241173208533 0.0475003711694573
v -0.00492303058913921 0.0149833247659087 0.0475001811795657
v -0.0107833856112718 0.0107833786067102 0.0470000272020719
v -0.00959830132387099 0.0125171789452406 0.0474998980573743
v -0.0101721639224079 0.0119961170206279 0.0473124488149434
v 0.0156451048798258 -0.00189246650064983 0.0475003823453332
v 0.0155022827743761 -0.00240412905249158 0.0472239172507642
v 0.0157775781242367 9.61960726948845e-05 0.0475002072566096
v 0.0155974956486966 0.00226409655899332 0.047500475477633
v 0.0145667157478604 0.00586456133993456 0.0472358121080932
v 0.0140185297240933 0.00724806193316754 0.0475002333336536
v 0.0131141061382851 0.00863937632254109 0.0472357860310493
v 0.0122270824598552 0.00998032804838718 0.0475006207640207
v 0.0100179088959616 0.0121954098004042 0.0475006431157726
v 0.00441313032207188 0.0151446968856784 0.0474999911896741
v 0.00990145440693851 0.0121898106892723 0.047235882888641
v 0.00728763450908954 0.0139972106544535 0.0475002333336536
v -0.00111988678881886 0.0157254370275607 0.047499164174852
v -0.00123375522673596 0.0156498005985071 0.0472363969789359
v 0.0111556540358996 -0.0111550712964948 0.047501369547711
v 0.0119875741271185 -0.0101776520123064 0.0473068646022481
v 0.0153031510184464 -0.00382799712288378 0.0474998347274105
v 0.0147359036070908 -0.00559437442549643 0.0474993131865317
v -0.00480640194271742 0.0149319837480492 0.0472250981683255
v -0.00305980998753404 0.0154623710052907 0.047499182801312
v -0.00694627110648427 0.0141094592353401 0.0473042904254819
v 0.0109861988869717 -0.0109860939968342 0.0470456247760485
v 0.0156874893889943 0.000239864958720265 0.0472234180616373
v 0.0116405184784126 0.0105124475655598 0.0472370787073703
v -0.00690339718708581 0.0139015209883917 0.0470649106126888
v -0.00869338972481717 0.0131042595309995 0.0473051733196839
v -0.011165062260721 0.0111651575196416 0.0474961578642148
v -0.00863557785035812 0.0128575717469808 0.0470425588607395
v -0.0109879302164058 0.0109883291709388 0.0470534218121868
v 0.0148975999042085 -0.00485869806828174 0.0472048810086874
v 0.0136741143760575 0.007206824367922 0.0470279296390886
v 0.0119458974234207 0.00981060475936922 0.0470280674748923
v 0.0101773718805549 0.0113621462074452 0.0469625582152209
v 0.00843246561997916 0.0129552060145136 0.0470280935519363
v 0.0072497785579486 0.0139300716122875 0.0472359611197729
v 0.00439364797649301 0.0150749799427117 0.0472359797462328
v 0.00569697070209977 0.0143707389809715 0.0470292409418697
v 6.236300251708e-05 0.0154546214704057 0.0470290658531461
v 0.00151535528397691 0.0156270744657988 0.0472362591431322
v -0.00486876938357062 0.0146628035932806 0.0470287380274508
v 0.0085622156759741 0.0126266968884294 0.0469965403287678
v 8.78576819038436e-07 0.0152565477918388 0.0469961342719407
v 0.0138343298696248 -0.00701421056776686 0.0470544797951124
v 0.00564687856388544 0.0141727100058867 0.046992069978378
v 0.00714655677159568 0.0134789715684704 0.046993798513862
v -0.00714459028310724 0.013480225128614 0.0469959517326332
v -0.00987842465209963 0.0116263260914773 0.0469963726906282
v 0.011627057135949 -0.00987559430910474 0.0470003475771832
v 0.0126265809059963 -0.00856123929245797 0.047000451885359
v 0.0124399055950265 -0.00928409832316675 0.0470485901084738
v 0.0132742787909949 -0.00750631674317743 0.0470000272020719
v 0.0138446032935017 -0.00640688349557196 0.0469960597661009
v 0.0144559115954035 -0.00487228327022482 0.0469985035576474
v 0.0147036956642086 -0.00474266552390069 0.0470285592134352
v 0.014798087111654 -0.00368186632937021 0.0470000272020719
v 0.0150539941795574 -0.00246923385339187 0.0469949645302554
v 0.0152634096039169 -0.00240643361012565 0.0470287231262828
v 0.0152320836239039 -0.000828452613529576 0.0470016439787962
v 0.015232156267097 0.000823935117116664 0.0470031937002647
v 0.0154530884315218 0.000194552755483196 0.0470288497862106
v 0.0150305127330696 0.0037226929485434 0.0470283133441638
v 0.0151097999843011 0.00205720302310824 0.0470000272020719
v 0.014898466034587 0.00327786070544453 0.0470015843741244
v 0.014457004968591 0.00486909302485182 0.0470055853377233
v 0.0140092444339064 0.0060249350819376 0.0470000272020719
v 0.0134792164144297 0.0071441929268668 0.0469941114383893
v 0.0126263639077402 0.00856174127530895 0.046996462097636
v 0.0116275581877163 0.00987581037593485 0.0469985892393632
v 0.0107833790920109 0.0107833814006778 0.0470000272020719
v 0.00955457570960031 0.0118857534365695 0.0470000272020719
v 0.00408092834369623 0.014700345205012 0.0469965403287678
v 0.00287337542355661 0.0149775347336553 0.0470000272020719
v 0.00164965438710508 0.0151671361710432 0.0469970730455226
v 0.00284959199558997 0.0151897598582717 0.0470279594414246
v -0.00123824001258304 0.0152003014981424 0.0470000272020719
v -0.00299701274112204 0.0152513612565937 0.0470594903128411
v -0.00246774165440361 0.0150556009832251 0.0469952476524468
v -0.00368098519082858 0.0147996837927996 0.0470000272020719
v -0.0048711405318972 0.014457828814666 0.0469984178759316
v -0.00602675450033796 0.0140094063231616 0.0470000272020719
v -0.00855779934236661 0.0126295150704462 0.0470000272020719
v -0.00578506361217962 0.0200182341817081 0.0455000160299216
v -0.00587541591182754 0.0217562385102003 0.0545000197328598
v -0.00744990962344406 0.0245961203423134 0.0455000197552135
v -0.00887532832707167 0.0255930284820485 0.0545000234581518
v -0.00934912865249128 0.0257936539843847 0.0455000160299216
v -0.0126022817579252 0.0260362560564048 0.0545000234581518
v -0.0116435294456317 0.0262018209902657 0.0455000160299216
v -0.010865111997408 0.0261529675349201 0.0545000234581518
v -0.0141161379611381 0.0254681120519243 0.0545000234581518
v -0.0141260779713854 0.0254886011478829 0.0455000123046296
v -0.00606188540041701 0.0224138248691203 0.0455000197552135
v -0.00699047169547866 0.0240889816897271 0.0545000197328598
v -0.00648987627638105 0.0178084907705108 0.0545000234581518
v -0.00586586333194311 0.0195110284738987 0.0545000234581518
v -0.0063647385974825 0.0180338484743141 0.0455000160299216
v -0.00738406089726299 0.0166229357989949 0.0455000160299216
v -0.00761455169517171 0.0163865251592445 0.0545000234581518
v -0.00866828032574685 0.0156399043651591 0.0455000160299216
v -0.00867810950855862 0.0156557070460784 0.0545000234581518
v -0.0260506779007243 0.0103243269310161 0.0455000160299216
v -0.0253534690230556 0.00850833458404783 0.0455000160299216
v -0.0141079562886915 0.0254514246145886 0.0455000160299216
v -0.0103248971670923 0.0260508051771805 0.0455000160299216
v -0.0122696122554098 0.0260845767952555 0.0455000160299216
v -0.00716669709686534 0.0168794685936218 0.0455000160299216
v -0.0060982358679484 0.0223771028212272 0.0455000160299216
v -0.0114243509623926 0.0137801985319632 0.0455000160299216
v -0.00867810950855862 0.0156557070460784 0.0455000160299216
v -0.00616485340125578 0.0185468395577643 0.0455000160299216
v -0.0070408800178473 0.0240776232799857 0.0455000160299216
v -0.00579382689583202 0.0204563879108471 0.0455000160299216
v -0.0168792009707753 0.00716696795400858 0.0455000160299216
v -0.0185758982282177 0.0223996799423285 0.0455000160299216
v -0.0185463548004031 0.00616506094052085 0.0455000160299216
v -0.0156557145113012 0.00867810443919297 0.0455000160299216
v -0.024077495062643 0.00704073509946905 0.0455000160299216
v -0.0204558332834824 0.00579382227047629 0.0455000160299216
v -0.0223769011498202 0.00609816124824847 0.0455000160299216
v -0.0224006685124653 0.018574769920846 0.0455000160299216
v -0.0254514386134196 0.0141079476988519 0.0455000160299216
v -0.0137781487417171 0.0114268265580963 0.0455000160299216
v -0.0260846749150658 0.0122692376010783 0.0455000160299216
v -0.00850876518706627 0.0253537400556385 0.0455000160299216
v -0.0262018353469136 0.0116435164429865 0.0545000234581518
v -0.0255930406857555 0.00887532223234226 0.0455000160299216
v -0.0217562470217372 0.00587541031624462 0.0455000197552135
v -0.0224138392821568 0.00606188250988618 0.0545000197328598
v -0.0180338552108772 0.00636473602820135 0.0545000234581518
v -0.0195110433654199 0.00586585820657648 0.0455000160299216
v -0.020018245589792 0.0057850599223251 0.0545000234581518
v -0.0166229344121985 0.00738406529251167 0.0545000234581518
v -0.017808499262261 0.00648987178478455 0.0455000160299216
v -0.0156399118228466 0.00866827526106812 0.0545000234581518
v -0.0163865348355946 0.00761454666728844 0.0455000160299216
v -0.0156557145113012 0.00867810443919297 0.0455000160299216
v -0.0240889969015406 0.00699046836216359 0.0455000197552135
v -0.0245961302080116 0.00744990188010057 0.0545000197328598
v -0.0257936606958195 0.00934910836199823 0.0545000234581518
v -0.0261529781429809 0.0108651030912312 0.0455000160299216
v -0.0260362647461672 0.01260228971853 0.0455000160299216
v -0.0254681260587125 0.0141161284360746 0.0455000160299216
v -0.025488615164441 0.0141260693729047 0.0545000271834438
v -0.0200182362765621 -0.00578505619703493 0.0455000160299216
v -0.022413824380989 -0.00606187412798328 0.0455000197552135
v -0.0249922907925648 -0.00793329506745475 0.0545000234581518
v -0.0261529762803349 -0.0108650742202323 0.0545000234581518
v -0.0257936588331735 -0.00934910370538551 0.0455000160299216
v -0.0262018334842676 -0.0116435127176964 0.0455000160299216
v -0.0254681241960665 -0.0141161247107844 0.0545000234581518
v -0.0260362647461672 -0.01260228971853 0.0545000234581518
v -0.025488615164441 -0.0141260656476145 0.0455000123046296
v -0.0257792736183061 -0.00936046956570726 0.0545000234581518
v -0.0245961264827196 -0.00744989629216531 0.0455000197552135
v -0.023444841769187 -0.00656329073486194 0.0545000234581518
v -0.0215026757118868 -0.00584411135952281 0.0545000234581518
v -0.019511041502774 -0.00586585354996376 0.0545000234581518
v -0.0180338552108772 -0.00636473183724991 0.0455000160299216
v -0.0178085085754909 -0.00648986200589784 0.0545000234581518
v -0.0166229511760123 -0.00738404526907699 0.0455000160299216
v -0.0156557145113012 -0.00867809885125771 0.0545000234581518
v -0.0163865329729486 -0.00761454433898208 0.0545000234581518
v -0.0156399118228466 -0.00866826967313286 0.0455000160299216
v -0.0156557145113012 -0.00867809885125771 0.0455000160299216
v -0.00867810857723563 -0.0156557014581431 0.0455000160299216
v -0.00867810857723563 -0.0156557014581431 0.0545000234581518
v -0.0110400582266711 -0.0141222304613801 0.0545000234581518
v -0.0113181913176751 -0.0139002841920539 0.0455000160299216
v -0.0156557145113012 -0.00867809885125771 0.0545000234581518
v -0.0141222399893533 -0.011040050168396 0.0455000160299216
v -0.0139002917515489 -0.011318184989421 0.0545000234581518
v -0.0254514386134196 -0.0141079439735617 0.0455000160299216
v -0.0254514386134196 -0.0141079439735617 0.0545000234581518
v -0.0141079553573685 -0.0254514208892984 0.0455000160299216
v -0.0141079553573685 -0.0254514208892984 0.0545000234581518
v -0.0168805700155671 -0.0237293160992702 0.0545000234581518
v -0.0172136297424144 -0.023488805777683 0.0455000160299216
v -0.0204452348278828 -0.020737610066104 0.0545000234581518
v -0.020737623679859 -0.0204452213535496 0.0455000160299216
v -0.0234888262912483 -0.0172136103584495 0.0545000234581518
v -0.0237293367275197 -0.0168805489277723 0.0455000160299216
v 0.0086781039206207 -0.015655699595498 0.0545000234581518
v 0.0086781039206207 -0.015655699595498 0.0455000160299216
v 0.0156557089233633 -0.00867809885125771 0.0455000160299216
v 0.0156557089233633 -0.00867809885125771 0.0545000234581518
v 0.0141222334700924 -0.0110400538936862 0.0545000234581518
v 0.0113181931803211 -0.0139002786041186 0.0545000234581518
v 0.0139002861636109 -0.0113181877833886 0.0455000160299216
v 0.0110400600893171 -0.0141222248734448 0.0455000160299216
v -0.00887532832707167 -0.0255930228941133 0.0455000160299216
v -0.00606188353777103 -0.0224138155558948 0.0545000197328598
v -0.00578506361217962 -0.0200182230058376 0.0545000234581518
v -0.00586586007231265 -0.0195110321991888 0.0455000160299216
v -0.00636473673483653 -0.0180338466116691 0.0545000234581518
v -0.00738405670630954 -0.0166229357989949 0.0545000234581518
v -0.0076145600770786 -0.016386513983374 0.0455000160299216
v -0.00648986742881267 -0.0178084982210912 0.0455000160299216
v -0.00866827939442386 -0.0156398987772238 0.0545000234581518
v -0.00867810857723563 -0.0156557014581431 0.0455000160299216
v -0.00587541404918157 -0.0217562347849101 0.0455000197552135
v -0.00699046797018671 -0.0240889761017918 0.0455000197552135
v -0.00744990776079808 -0.0245961147543782 0.0545000197328598
v -0.0093491118886775 -0.0257936428085142 0.0545000234581518
v -0.0116435238576938 -0.0262018172649756 0.0545000234581518
v -0.0108650943022712 -0.0261529600843398 0.0455000160299216
v -0.0126022938651241 -0.0260362486058245 0.0455000160299216
v -0.0141161360984921 -0.0254681083266342 0.0455000160299216
v -0.0141260770400624 -0.0254885992852378 0.0545000271834438
v -0.0141079562886915 0.0254514246145886 0.0455000160299216
v -0.0141079562886915 0.0254514246145886 0.0545000234581518
v -0.0237293385901657 0.0168805563783527 0.0545000234581518
v -0.0254514386134196 0.0141079476988519 0.0545000234581518
v -0.0254514386134196 0.0141079476988519 0.0455000160299216
v -0.0234888244286023 0.0172136233969651 0.0455000160299216
v -0.0207376292677969 0.0204452176282595 0.0545000234581518
v -0.0204452497290506 0.0207375988902334 0.0455000160299216
v -0.0172136241544765 0.0234888188161986 0.0545000234581518
v -0.0168805607023372 0.0237293291377858 0.0455000160299216
v -0.00867810950855862 0.0156557070460784 0.0455000160299216
v -0.0156557145113012 0.00867810443919297 0.0545000234581518
v -0.0139002954768408 0.0113181868520661 0.0455000160299216
v -0.0156557145113012 0.00867810443919297 0.0455000160299216
v -0.0141222437146452 0.0110400510997186 0.0545000234581518
v -0.0113181959742901 0.013900286054699 0.0545000234581518
v -0.00867810950855862 0.0156557070460784 0.0545000234581518
v -0.0110400628832861 0.0141222313927026 0.0455000160299216
v 0.0364992370654412 -0.0168095486223406 0.0270000166967528
v 0.0362857666607934 -0.0143672744611094 0.0270000166967528
v 0.0361062299405241 -0.0164165379595337 0.0270000166967528
v 0.0378312859829408 -0.0139529774902466 0.0270000166967528
v 0.0358231040269833 -0.0153591329700132 0.0270000166967528
v 0.0358714694923785 -0.0159127967715863 0.0270000166967528
v 0.0359670753849998 -0.0148224397278292 0.0270000166967528
v 0.0370030529994301 -0.0170443797390571 0.0270000166967528
v 0.036740926556615 -0.0140485786806668 0.0270000166967528
v 0.0372776181920684 -0.0139046101852688 0.0270000166967528
v 0.0375566500097555 -0.0170926762635216 0.0270000166967528
v 0.0385485089916143 -0.0166300138503261 0.0270000166967528
v 0.0383350274110908 -0.0141877359638047 0.0270000166967528
v 0.0380934124257559 -0.0169487794799595 0.0270000166967528
v 0.0389628657647005 -0.0150845585950724 0.0270000166967528
v 0.0390111679001326 -0.0156381553414222 0.0270000166967528
v 0.0388672673226631 -0.0161749193641196 0.0270000166967528
v 0.0387280382612998 -0.0145807447639665 0.0270000166967528
v 0.0141729253803107 0.00562974652136255 0.0470000272020719
v 0.0144756537800959 -0.00479781471964083 0.0470000272020719
v 0.0151919734054714 -0.00133000076971751 0.0470000272020719
v 0.0150891097128072 0.00221012245947253 0.0470000272020719
v 0.0129791956216155 -0.00800645976647774 0.0470000272020719
v 0.0124927330288556 0.00874621391944946 0.0470000272020719
v 0.0107833809546569 -0.0107833739500975 0.0470000272020719
v -0.00644464797246978 0.0138213229415197 0.0470000272020719
v -0.0113925732907307 -0.010137843561504 0.0470000272020719
v -0.0138209895991495 0.00644540718692553 0.0470000272020719
v -0.0152436059519073 -0.000442575648575792 0.0470000272020719
v -0.0147306705032232 -0.0039460066321942 0.0470000272020719
v -0.0149348686562057 0.00308420312554868 0.0470000272020719
v -0.0119616945239374 0.00945940768480105 0.0470000272020719
v -0.0134233212026793 -0.00723735498354537 0.0470000272020719
v -0.00563131243146967 -0.0141722061603907 0.0470000272020719
v -0.00945792114729489 0.0119628986081438 0.0470000272020719
v -0.00874792893029758 -0.0124915824764531 0.0470000272020719
v 0.0013285671665103 -0.0151921282115 0.0470000272020719
v 0.000444554920961087 0.0152435977518705 0.0470000272020719
v -0.00221044062881835 -0.0150890680588283 0.0470000272020719
v -0.00308316011748067 0.014935058975088 0.0470000272020719
v 0.00394781062377791 0.0147302741862722 0.0470000272020719
v 0.0101387378090577 0.0113916784453019 0.0470000272020719
v 0.00479585238157469 -0.0144763388502194 0.0470000272020719
v 0.00800508615755652 -0.0129800024772362 0.0470000272020719
v 0.00723793771748348 0.0134231602024017 0.0470000272020719
v -0.0260508175991724 -0.0103248875871873 0.0455000160299216
v -0.026084589233351 -0.0122696026795153 0.0455000160299216
v -0.00609816322475536 -0.0223768867543971 0.0455000160299216
v -0.0114268329381548 -0.0137781356525292 0.0455000160299216
v -0.00704073845675317 -0.0240774779936689 0.0455000160299216
v -0.0185747806406325 -0.022400652243064 0.0455000160299216
v -0.0137802051028739 -0.0114243399269049 0.0455000160299216
v -0.0223996924859742 -0.0185758837826081 0.0455000160299216
v -0.0185468484015866 -0.00616484533935202 0.0455000160299216
v -0.0156557145113012 -0.00867809885125771 0.0455000160299216
v -0.0168794766423796 -0.00716668762592296 0.0455000160299216
v -0.0204563976652129 -0.00579381901084739 0.0455000160299216
v -0.0223771134914614 -0.00609822923479415 0.0455000160299216
v -0.0240776347610911 -0.00704087200388296 0.0455000160299216
v -0.0061650634145895 -0.018546340368881 0.0455000160299216
v -0.0071669718371467 -0.0168791873342136 0.0455000160299216
v -0.00867810857723563 -0.0156557014581431 0.0455000160299216
v -0.00850833957246091 -0.0253534532082951 0.0455000160299216
v -0.00579382503318604 -0.0204558179414504 0.0455000160299216
v -0.0122692425201837 -0.0260846568889942 0.0455000160299216
v -0.0103243309227158 -0.0260506598908637 0.0455000160299216
v -0.0141079553573685 -0.0254514208892984 0.0455000160299216
v -0.0253537502825979 -0.00850875461051498 0.0455000160299216
v -0.0254514386134196 -0.0141079439735617 0.0455000160299216
v -0.02199485010853 -0.00300520182814513 0.052053020709997
v -0.0219684843547493 -0.00401303950359031 0.0525003537723426
v -0.0214468447614225 -0.0035532087765885 0.0525000184960633
v -0.0235141377874069 -0.00398665792989856 0.0520535422508758
v -0.0227569908248984 -0.00450159920275496 0.0525004320034744
v -0.0283879595981856 -0.00371789570612146 0.0525005176851902
v -0.0287338790328465 -0.00203782010550079 0.0520535273497079
v -0.029503483371638 -0.00224162374601694 0.0525004953334383
v -0.0299772417875232 -0.00069395171027886 0.0525000184960633
v -0.0299768878847879 0.00069473402121546 0.0525000184960633
v -0.0292434319164394 0.000305136364492448 0.0520535310749999
v -0.0291089283879155 0.001103280191787 0.0520535422508758
v -0.0288262010806133 0.00185917311670096 0.0520535198991239
v -0.0298380779187689 0.00137701404813232 0.0525004208275984
v -0.0295024347019539 0.00224347498240292 0.0525004804322703
v -0.0284055969929259 0.00254893736799328 0.0520535236244159
v -0.0285532712911414 0.00355321250187867 0.0525000184960633
v -0.0290135106225376 0.00303332427650145 0.052500599641614
v -0.0280052622187419 0.00300520462211276 0.052053020709997
v -0.0291568021147732 -0.000902618309663931 0.0520535236244159
v -0.0292389522528688 -0.000301861194145001 0.052053020709997
v -0.0300301874993717 1.23870377556292e-06 0.0525004469046424
v -0.0290141122571877 -0.00303112635529862 0.0525004245528904
v -0.0289815643814149 -0.00148357818545884 0.052053020709997
v -0.029838375942125 -0.00137752255024111 0.0525004953334383
v -0.0282804905133474 -0.00270898677692053 0.0520535310749999
v -0.0259041398165537 -0.00415783641039085 0.0520535348002918
v -0.0277090251401808 -0.00328030915241158 0.0520535348002918
v -0.0266755844495689 -0.00391117842869352 0.0520535236244159
v -0.0272123822558428 -0.00362894113186412 0.052053020709997
v -0.0276471443155887 -0.00427646827599101 0.0525004580805183
v -0.0268149159564609 -0.00468995033962817 0.0525004208275984
v -0.025922539033498 -0.00494385820166594 0.0525004171023064
v -0.025100739629186 -0.00425336402633009 0.0520535459761678
v -0.0252308547637921 -0.00501946529405945 0.0525000184960633
v -0.024294942216448 -0.00419581155276626 0.0520535310749999
v -0.0245338340133669 -0.00500824844534467 0.0525004469046424
v -0.0236209810231973 -0.00483724179386166 0.0525004990587302
v -0.0227855377371161 -0.00363335746336573 0.0520535236244159
v -0.0222940283050862 -0.00327793311577229 0.052053020709997
v -0.0207232161132399 0.00264789155240095 0.0525004580805183
v -0.0217200017937034 0.00270953858552759 0.0520535385255838
v -0.0222912622758128 0.00328059297295673 0.0520535348002918
v -0.020402731109372 0.00203010526238047 0.0525000184960633
v -0.0212657955726212 0.00203715746951103 0.0520535273497079
v -0.0210184771653099 0.00148351206155825 0.052053020709997
v -0.0201613042512806 0.00137632265755904 0.0525005102346062
v -0.0208433493280642 0.000902709986726814 0.0520535310749999
v -0.0207468866182942 0.000100265806691145 0.0520535348002918
v -0.0200228016218477 0.000693885586378266 0.0525000184960633
v -0.0209524351896089 -0.00129541750404579 0.052053020709997
v -0.0199698838496888 4.32690739914388e-08 0.0525004133770144
v -0.0208047050120142 -0.000706669792726216 0.0520535385255838
v -0.0203090456047512 -0.00181608419865411 0.0525004133770144
v -0.0200553029314711 -0.000923937039385854 0.0525004543552263
v -0.0207231974867801 -0.00264894441253646 0.0525005586634021
v -0.0211736691026818 -0.0018590242215093 0.0520535161738319
v -0.0215953367612211 -0.00255013272047796 0.0520535348002918
v -0.0211333130149805 -0.00321026321975637 0.0525000184960633
v -0.02199485010853 -0.00300520182814513 0.052053020709997
v -0.0214468447614225 -0.0035532087765885 0.0525000184960633
v -0.0212836471716487 0.00338962290313267 0.0525004059264305
v -0.022787661153528 0.00362887407664098 0.052053020709997
v -0.0219703507260166 0.00401499900622199 0.0525005027840222
v -0.02332460797148 0.00391119286419294 0.0520535236244159
v -0.0227591421809999 0.00450217895103833 0.0525004096517224
v -0.024094547586547 0.00415751231014569 0.0520535273497079
v -0.0234046831219591 0.00476378000294727 0.0525000184960633
v -0.0240787821510119 0.00494405051977118 0.0525004506299344
v -0.0248982793248984 0.00425340453886073 0.0520535385255838
v -0.0250012203173705 0.00502989470956363 0.0525005102346062
v -0.0255052150653731 0.00422001522868987 0.052053020709997
v -0.0261017442027837 0.00410951986249162 0.0520535348002918
v -0.0259264040238968 0.00494389638589022 0.0525004841575623
v -0.0265984019882895 0.00476377907162473 0.0525000184960633
v -0.0268594238820412 0.00382693960613555 0.0520535348002918
v -0.0280311008437116 0.00401332867924009 0.0525003388711746
v -0.0272428178910796 0.00450167510554226 0.0525004543552263
v -0.0275506294517314 0.00340607308605041 0.0520535385255838
v -0.0280052622187419 0.00300520462211276 0.052053020709997
v -0.0285532712911414 0.00355321250187867 0.0525000184960633
v 0.00300520232981404 0.0219948414832182 0.052053020709997
v 0.00303143327459225 0.0209868878581164 0.0525003537723426
v 0.00355321047089047 0.0214468345347749 0.0525000184960633
v 0.0022428241260838 0.0204982825241471 0.0525004357287664
v 0.000927054792616127 0.0200562489052917 0.0525004990587302
v 6.07395733085541e-07 0.0199701220591072 0.0525005139598982
v 0.00110204089414467 0.0208906356732382 0.0520535348002918
v -0.00224104180671616 0.0204979286215805 0.0525004022011385
v -0.00221232981749882 0.0213711031108218 0.052053020709997
v -0.00159530784906775 0.0202361953218704 0.0525000184960633
v -0.00167585750860904 0.0210890129629543 0.0520535198991239
v -0.00371634729183932 0.0216103542843301 0.0525004059264305
v -0.00405198655053168 0.023706612318303 0.0520535310749999
v -0.0045973315735249 0.0229699417742731 0.0525000184960633
v -0.00422414439876976 0.024497146832963 0.0520535348002918
v -0.00497719028050215 0.0243060916010845 0.0525000184960633
v -0.00424349635913037 0.0253041098772915 0.0520535236244159
v -0.0049769071583139 0.0256947084147106 0.0525000184960633
v -0.00410912042185571 0.026102521518025 0.0520535385255838
v -0.0048380892760496 0.0263769859969058 0.0525004320034744
v -0.00382630952831543 0.0268589714902354 0.0520535198991239
v -0.00450245816643338 0.0272434382000275 0.0525004804322703
v -0.00340561859475942 0.0275489064063838 0.0520535236244159
v -0.00401354200326253 0.02803327794807 0.052500595916322
v -0.00355321885279736 0.028553255813242 0.0525000184960633
v -0.00300521071172093 0.0280052488647987 0.052053020709997
v -0.00503018954342246 0.0250000814955876 0.0525004245528904
v -0.00373441449213845 0.0229631729220264 0.0520535273497079
v -0.00427671432179276 0.0223519925028075 0.0525004618058103
v -0.00483872909494212 0.0236238028430188 0.0525005027840222
v -0.00327997381049409 0.0222904209068068 0.0520535385255838
v -0.00302977086305928 0.0209850885429622 0.0525005065093142
v -0.00270873172201373 0.0217193879397962 0.0520535348002918
v 0.00159841194858562 0.0202361971845155 0.0525000184960633
v -0.000905396643707326 0.0208424397316084 0.0520535273497079
v -0.000921179366925409 0.0200559154918211 0.0525004431793504
v -0.000101823193884076 0.0207466625212275 0.0520535422508758
v 0.00050522409434628 0.0207799610274503 0.052053020709997
v 0.00186041743582768 0.0211735565608146 0.0520535385255838
v 0.00255084989102276 0.0215941995634893 0.0520535385255838
v 0.00338801822010786 0.0287178279572715 0.0525005176851902
v 0.00328050955404274 0.0277089541854966 0.0520535310749999
v 0.00401412035483787 0.0280311061038984 0.0525004208275984
v 0.00373367222771728 0.0270381504970382 0.0520535273497079
v 0.00398157527303406 0.0264835553729216 0.052053020709997
v 0.00450326050118725 0.0272420132765359 0.0525004990587302
v 0.00415671056086369 0.0259027472444936 0.0520535236244159
v 0.00497725267914232 0.0256939298290642 0.0525000184960633
v 0.00503011690022942 0.0249988782268613 0.0525004357287664
v 0.00425310714670153 0.0251011337168553 0.0520535273497079
v 0.00483834771817867 0.0263776416479765 0.0525005027840222
v 0.00404762004270403 0.023704624875995 0.052053020709997
v 0.00382623944626061 0.0231408022081167 0.0520535161738319
v 0.00469094303796814 0.0231839168539488 0.0525004171023064
v 0.00419547781154806 0.0242942638047811 0.0520535348002918
v 0.00494461260239377 0.0240757550469633 0.0525004655311023
v 0.00427680419446107 0.0223510555923286 0.0525005586634021
v 0.00300520232981404 0.0219948414832182 0.052053020709997
v 0.00340463814448416 0.0224498297986547 0.0520535310749999
v 0.00386667050546244 0.0217897102424162 0.0525000184960633
v 0.00355321047089047 0.0214468345347749 0.0525000184960633
v 0.00264713541659432 0.0292764873729682 0.0525004618058103
v 0.00221239314746198 0.0286289183193269 0.052053020709997
v 0.0027090362646307 0.0282802870383662 0.0520535348002918
v 0.00167513165875554 0.0289113809962118 0.0520535236244159
v 0.00181519239154687 0.0296898511586424 0.0525004096517224
v 0.000904207809913577 0.0291577865894998 0.0520535348002918
v 0.000922532695641853 0.0299438339921449 0.0525004245528904
v 0.000100616788644896 0.0292534334147247 0.0520535459761678
v -0.000925525152816581 0.0299440817239415 0.0525004618058103
v -0.000706030718253916 0.0291956541641215 0.0520535385255838
v -6.4857765723531e-08 0.0300299198601374 0.0525004841575623
v -0.00224298803892962 0.0295015675426536 0.0525004543552263
v -0.00185942406344597 0.0288269230800255 0.0520535310749999
v -0.00129422416567881 0.0290483003112776 0.052053020709997
v -0.00159834954994545 0.0297638223829881 0.0525000184960633
v -0.00255070902842088 0.0284060044058779 0.0520535385255838
v -0.00300521071172093 0.0280052488647987 0.052053020709997
v -0.00303119159627696 0.0290132509186728 0.0525003388711746
v -0.00355321885279736 0.028553255813242 0.0525000184960633
v -0.00425032528493739 0.0246046624326831 0.052053020709997
v -0.0042030224590711 0.0242168969784415 0.0425000160373728
v -0.00406818411993308 0.0263642231527687 0.052053020709997
v -0.00419549317837736 0.0257856855887019 0.0425000160373728
v -0.00302852498573254 0.0280262259737701 0.052053020709997
v -0.0037470038834549 0.0270288167825065 0.0425000160373728
v -0.00301565573185829 0.0280146868874552 0.0425000160373728
v -0.00377385951312709 0.0229687981101896 0.052053020709997
v -0.00247253400966737 0.0215000707940105 0.052053020709997
v -0.00349989805061556 0.0225274201424048 0.0425000160373728
v -0.00203126619319123 0.0212261688339461 0.0425000160373728
v 0.000977107989888034 0.0208487857634203 0.0425000160373728
v 0.000786376476268601 0.0208046429375001 0.052053020709997
v -0.000783180408605696 0.0207969949167723 0.052053020709997
v -0.000395556679803452 0.0207497060832999 0.0425000160373728
v 0.00202895464953586 0.021253121308357 0.052053020709997
v 0.00301468436198216 0.0219843566540227 0.052053020709997
v 0.00300520232981404 0.0219948414832182 0.0425000160373728
v 0.0022497447872051 0.0213718947349838 0.0425000160373728
v 0.00350011132357973 0.0274722846380791 0.0425000160373728
v 0.00377381876774638 0.0270314412494343 0.052053020709997
v 0.0042503848896086 0.0253950069575441 0.052053020709997
v 0.00420315703524282 0.0257823346901902 0.0425000160373728
v 0.00374679875956687 0.0229709215255889 0.0425000160373728
v 0.004195293875258 0.0242133318757448 0.0425000160373728
v 0.00415114357770495 0.0240226268211427 0.052053020709997
v 0.0030156850685324 0.0219853624823698 0.0425000160373728
v 0.00300520232981404 0.0219948414832182 0.052053020709997
v 0.00362818592951987 0.0227503713087555 0.052053020709997
v 0.00247232539331813 0.0285000828839393 0.052053020709997
v 0.000782252927325359 0.0292031717996932 0.052053020709997
v 0.00203137865044199 0.0287738451456222 0.0425000160373728
v 0.000394778937797225 0.0292504103417482 0.0425000160373728
v -0.0013644114599979 0.0290681225802949 0.0425000160373728
v -0.000785980431168098 0.0291954250587758 0.052053020709997
v -0.00202893416043013 0.0287469261988228 0.052053020709997
v -0.00301464850604714 0.0280156908531572 0.052053020709997
v -0.00302617618915766 0.0280285505548388 0.0425000160373728
v 0.00300520326113703 -0.0280052414142183 0.052053020709997
v 0.00355321140221346 -0.0285532483626617 0.0525000184960633
v 0.00255068877214589 -0.0284060099938132 0.0520535385255838
v 0.00224295171733311 -0.029501576855879 0.0525004543552263
v 0.000706036306191841 -0.029195644850896 0.0520535385255838
v 7.0770777095278e-08 -0.030029912409557 0.0525004841575623
v 0.00129421764641789 -0.0290482928606972 0.052053020709997
v -0.00401412501145281 -0.0280311005159631 0.0525004245528904
v -0.00398158179229497 -0.0264835497849863 0.052053020709997
v -0.00415671708012461 -0.0259027360686231 0.0520535236244159
v -0.00503012202250585 -0.0249988819521515 0.0525004357287664
v -0.00419547967419404 -0.024294239590395 0.0520535348002918
v -0.00404762563064196 -0.0237046211507049 0.052053020709997
v -0.00494461632768572 -0.0240757382831575 0.0525004655311023
v -0.00469094676326009 -0.0231839019527881 0.0525004171023064
v -0.00340463814448416 -0.0224498167601391 0.0520535348002918
v -0.00382624340438331 -0.0231407928948913 0.0520535161738319
v -0.00427679488123119 -0.0223510257900072 0.0525005586634021
v -0.0035532160588284 -0.0214468270841945 0.0525000184960633
v -0.00386667702472335 -0.0217897027918359 0.0525000184960633
v -0.00300520791775196 -0.021994835895283 0.052053020709997
v -0.00497725826708025 -0.0256939242411289 0.0525000184960633
v -0.00425311273463946 -0.0251011150904045 0.0520535273497079
v -0.00373368363642388 -0.0270381355958775 0.0520535273497079
v -0.00483834958082465 -0.0263776490985568 0.0525005027840222
v -0.0045032642264792 -0.0272420114138908 0.0525004953334383
v -0.00264712284373399 -0.0292764929609035 0.0525004618058103
v -0.00328052049708784 -0.0277089430096261 0.0520535310749999
v -0.00338802450653802 -0.0287178205066911 0.0525005176851902
v -0.000904223758819741 -0.0291577810015646 0.0520535348002918
v -0.00221239966672289 -0.0286289108687465 0.052053020709997
v -0.00270904581069132 -0.0282802777251408 0.0520535348002918
v -0.00167516227599875 -0.028911364232406 0.0520535273497079
v -0.00181518808417805 -0.0296898474333522 0.0525004096517224
v -0.000922536537349177 -0.0299438284042096 0.0525004245528904
v -0.000100595186317158 -0.0292534278267894 0.0520535459761678
v 0.00159834396200752 -0.0297638167950528 0.0525000184960633
v 0.000925505886072274 -0.0299440761360062 0.0525004618058103
v 0.00185943686913705 -0.0288269063162197 0.0520535310749999
v 0.00303117459963243 -0.0290132527813179 0.0525003388711746
v 0.00327997427615558 -0.0222904227694519 0.0520535385255838
v 0.0042767036115784 -0.0223519794642918 0.0525004580805183
v 0.00371634077257841 -0.0216103468337497 0.0525004059264305
v 0.00405198003127077 -0.0237066048677227 0.0520535310749999
v 0.00459732505426398 -0.0229699361863378 0.0525000184960633
v 0.0037344142593077 -0.0229631785099616 0.0520535273497079
v 0.00422413648252436 -0.0244971337944474 0.0520535348002918
v 0.00483872350700419 -0.0236238009803737 0.0525005027840222
v 0.00497718376124123 -0.0243060841505041 0.0525000184960633
v 0.00483807577186628 -0.0263770064860017 0.0525004320034744
v 0.00424349030553095 -0.025304098701421 0.0520535236244159
v 0.00497689970773 -0.0256947009641302 0.0525000184960633
v 0.00410911297127181 -0.0261025196553799 0.0520535385255838
v 0.00503018348982304 -0.0250000796329426 0.0525004245528904
v 0.00382629555847061 -0.0268589808034608 0.0520535198991239
v 0.00450244652489603 -0.0272434382000275 0.0525004804322703
v 0.00340559996829966 -0.0275489175822543 0.0520535236244159
v 0.00401351220092693 -0.0280333040251012 0.052500599641614
v 0.00300520326113703 -0.0280052414142183 0.052053020709997
v 0.00355321140221346 -0.0285532483626617 0.0525000184960633
v 0.00270871612235369 -0.0217193730386355 0.0520535348002918
v 0.00302976457662911 -0.0209850810923818 0.0525005065093142
v 0.00224103808142421 -0.0204979230336453 0.0525004022011385
v 0.0022123232982379 -0.0213710956602414 0.052053020709997
v 0.00159530226112982 -0.0202361897339351 0.0525000184960633
v 0.000905353919265268 -0.0208424266930928 0.0520535273497079
v 0.00167584807896379 -0.0210890055123739 0.0520535198991239
v 0.000101822153421676 -0.0207466569332922 0.0520535422508758
v 0.000921154861489296 -0.0200559061785956 0.0525004431793504
v -6.235122705658e-07 -0.019970116471172 0.0525005139598982
v -0.000505230613607194 -0.0207799554395151 0.052053020709997
v -0.000927023302257607 -0.020056235866776 0.0525004990587302
v -0.00110203600469899 -0.0208906244973677 0.0520535385255838
v -0.00159841846784653 -0.0202361897339351 0.0525000184960633
v -0.00224285579106538 -0.0204982918373725 0.0525004357287664
v -0.00186043699361042 -0.0211735546981695 0.0520535385255838
v -0.0030314484085908 -0.0209868878581164 0.0525003537723426
v -0.00255088667828077 -0.0215942181899402 0.0520535385255838
v -0.00300520791775196 -0.021994835895283 0.052053020709997
v -0.0035532160588284 -0.0214468270841945 0.0525000184960633
v 0.0280311045690036 -0.00401331331241812 0.0525003388711746
v 0.0285532638405575 -0.00355320505129832 0.0525000184960633
v 0.0275506220011475 -0.00340606773094579 0.0520535385255838
v 0.0255052076147892 -0.00422000870943207 0.052053020709997
v 0.0261017330269078 -0.00410951474021763 0.0520535348002918
v 0.0259264058865427 -0.00494388800398733 0.0525004841575623
v 0.0234046756713752 -0.00476377348368947 0.0525000184960633
v 0.0200227960339097 -0.000693879998443004 0.0525000184960633
v 0.0201612874874669 -0.001376277604831 0.0525005102346062
v 0.0207468828930023 -0.000100302979557357 0.0520535348002918
v 0.0208046938361384 0.000706659024309306 0.0520535385255838
v 0.0200553010688251 0.000923970858035717 0.0525004543552263
v 0.0199698763991049 -2.71519171421973e-08 0.0525004133770144
v 0.0203090307035834 0.00181606475729602 0.0525004133770144
v 0.020952427739025 0.00129542402330359 0.052053020709997
v 0.0207231807229663 0.00264893603063357 0.0525005586634021
v 0.0211736653773899 0.001859036561533 0.0520535161738319
v 0.0215953516623889 0.00255016485110571 0.0520535348002918
v 0.0214468373108386 0.0035532152958463 0.0525000184960633
v 0.0211333074270426 0.00321026880769163 0.0525000184960633
v 0.021994846383238 0.00300520741608039 0.052053020709997
v 0.0212657955726212 -0.00203716212612375 0.0520535273497079
v 0.02072320680001 -0.00264788480031251 0.0525004580805183
v 0.021018471577372 -0.00148350554230044 0.052053020709997
v 0.0208433400148343 -0.00090269095282233 0.0520535310749999
v 0.0204027236587881 -0.00203009874312267 0.0525000184960633
v 0.0217199831672437 -0.00270951646661718 0.0520535385255838
v 0.0212836397210648 -0.00338961638387487 0.0525004059264305
v 0.023324604246188 -0.0039111886732415 0.0520535236244159
v 0.0219703320995568 -0.00401498317373875 0.0525005027840222
v 0.0227876555655901 -0.00362886755738317 0.052053020709997
v 0.0222912417867071 -0.00328057597632031 0.0520535348002918
v 0.022759127279832 -0.00450216824082908 0.0525004096517224
v 0.0272428085778497 -0.00450167184591336 0.0525004543552263
v 0.0248982718743145 -0.00425339801960293 0.0520535385255838
v 0.0240945345480252 -0.0041575039282428 0.0520535273497079
v 0.0240787858763039 -0.00494404539749719 0.0525004506299344
v 0.0250012054162027 -0.00502988819030583 0.0525005102346062
v 0.0265983945377056 -0.00476377348368947 0.0525000184960633
v 0.0268594071182274 -0.00382693727782919 0.0520535348002918
v 0.028005254768158 -0.00300519810285495 0.052053020709997
v 0.0281450500738979 0.00285848313727593 0.052053020709997
v 0.0290141029439578 0.00303113497003215 0.0525004245528904
v 0.0295034610198863 0.00224166262873313 0.0525004953334383
v 0.0285232286742054 0.00238415893602041 0.0520535310749999
v 0.029838374079479 0.00137752068759603 0.0525004953334383
v 0.0289103647390082 0.00167376728737179 0.0520535422508758
v 0.0292389448022849 0.000301867713402806 0.052053020709997
v 0.0300301819114338 -1.202263507309e-06 0.0525004469046424
v 0.0299772343369393 0.000693959160859208 0.0525000184960633
v 0.0291567909388973 0.000902641185273908 0.0520535273497079
v 0.0291089190746856 -0.00110327250837602 0.0520535422508758
v 0.0299768822968499 -0.000694727501957655 0.0525000184960633
v 0.0292434244658555 -0.000305147394843824 0.0520535273497079
v 0.0298380686055391 -0.00137701870474504 0.0525004208275984
v 0.0288261954926754 -0.00185916485121338 0.0520535198991239
v 0.0295024421525378 -0.0022434423861139 0.0525004804322703
v 0.0284055727785282 -0.00254895599444415 0.0520535273497079
v 0.028005254768158 -0.00300519810285495 0.052053020709997
v 0.0290135031719537 -0.00303331705875174 0.052500595916322
v 0.0285532638405575 -0.00355320505129832 0.0525000184960633
v 0.0283879521476017 0.00371790222537926 0.0525005176851902
v 0.0276471275517749 0.00427648131450662 0.0525004580805183
v 0.0272123748052589 0.00362894765112192 0.052053020709997
v 0.0277090214148888 0.00328031520600811 0.0520535385255838
v 0.0268149103685229 0.00468995685888597 0.0525004208275984
v 0.0259041360912618 0.00415784106700357 0.0520535348002918
v 0.0266755825869229 0.00391118261964496 0.0520535236244159
v 0.0259225241323302 0.00494386425526247 0.0525004171023064
v 0.0252308510385001 0.00501946995067216 0.0525000184960633
v 0.0251007265906642 0.00425336961426535 0.0520535459761678
v 0.0236209884737812 0.00483725064142583 0.0525004990587302
v 0.0242949273152802 0.00419581481239516 0.0520535310749999
v 0.024533832150721 0.00500825403327993 0.0525004469046424
v 0.0235141415126989 0.00398666677746272 0.0520535422508758
v 0.0227569908248984 0.00450160851598039 0.0525004320034744
v 0.0219684899426872 0.00401305673305737 0.0525003537723426
v 0.021994846383238 0.00300520741608039 0.052053020709997
v 0.0222940227171482 0.00327793870370755 0.052053020709997
v 0.0227855340118242 0.00363336444828481 0.0520535236244159
v 0.0214468373108386 0.0035532152958463 0.0525000184960633
v -0.027031450413738 -0.00377382069354039 0.0425000160373728
v -0.0292031857248506 -0.000782244056000064 0.0425000160373728
v -0.0292504242894308 -0.000394786462066862 0.052053020709997
v -0.0291954389802393 0.000785978310153833 0.0425000160373728
v -0.0287469380437795 0.00202893784957211 0.0425000160373728
v -0.0290681383037019 0.0013644099944889 0.052053020709997
v -0.0280285657825392 0.00302617102087491 0.052053020709997
v -0.0280157042120796 0.00301464241193868 0.0425000160373728
v -0.0287738532781229 -0.00203138466672471 0.052053020709997
v -0.0274722958752392 -0.00350011151724248 0.052053020709997
v -0.0285000927485459 -0.00247232863820416 0.0425000160373728
v -0.0257823525721033 -0.00420315549668359 0.052053020709997
v -0.0253950060283053 -0.0042503847255132 0.0425000160373728
v -0.0242133396962692 -0.00419529234044822 0.052053020709997
v -0.0240226345507318 -0.00415114206394766 0.0425000160373728
v -0.0229709250283939 -0.00374679394615658 0.052053020709997
v -0.0227503672558101 -0.00362817907719284 0.0425000160373728
v -0.0219853711031616 -0.00301568456186493 0.052053020709997
v -0.02199485010853 -0.00300520182814513 0.0425000160373728
v -0.0225274327469618 0.0034998949847511 0.052053020709997
v -0.0207970048335522 0.000783184575353753 0.0425000160373728
v -0.0212261770927261 0.00203125917101196 0.052053020709997
v -0.0207497178401767 0.000395562282849487 0.052053020709997
v -0.0208046509952809 -0.000786373074496989 0.0425000160373728
v -0.0208487957048961 -0.000977102285277552 0.052053020709997
v -0.0213719012006054 -0.00224974161896798 0.052053020709997
v -0.021253131442635 -0.00202895903715997 0.0425000160373728
v -0.02199485010853 -0.00300520182814513 0.052053020709997
v -0.0219843634116889 -0.00301468571843695 0.0425000160373728
v -0.0215000810460432 0.00247253096802675 0.0425000160373728
v -0.0229688146505039 0.00377385701511959 0.0425000160373728
v -0.0246046704398084 0.00425032092991897 0.0425000160373728
v -0.0242169103886039 0.0042030199892535 0.052053020709997
v -0.0257857034722129 0.00419548931516618 0.052053020709997
v -0.0280147039711908 0.00301565080142273 0.052053020709997
v -0.028026239337716 0.00302852051482171 0.0425000160373728
v -0.026364231998918 0.00406818031742756 0.0425000160373728
v -0.0270288240829128 0.00374700302806761 0.052053020709997
v -0.00300457275547438 0.0280058821641283 0.0425000160373728
v 0.000369105651761715 0.0207657471827904 0.0425000160373728
v -0.00423416124316355 0.0253715581185421 0.0425000160373728
v -0.00410610433236017 0.0239009886463719 0.0425000160373728
v -0.00348271863395442 0.0225628606904779 0.0425000160373728
v -0.00385147410827277 0.026797085107215 0.0425000160373728
v -0.00179541935678047 0.0288522904434673 0.0425000160373728
v -0.00243916936363442 0.0215187438110091 0.0425000160373728
v -0.000369678415399126 0.0292341997415548 0.0425000160373728
v 0.00110089175799327 0.0291055766477072 0.0425000160373728
v -0.00110139467240661 0.0208945826181779 0.0425000160373728
v 0.00243873722976814 0.0284816277964159 0.0425000160373728
v 0.00179491830501311 0.0211475875630097 0.0425000160373728
v 0.00423422457312671 0.0246290258304229 0.0425000160373728
v 0.00300520232981404 0.0219948414832182 0.0425000160373728
v 0.00385167899933006 0.02320349884175 0.0425000160373728
v 0.00410595438935916 0.0260996660831064 0.0425000160373728
v 0.00348242712985928 0.0274376543406189 0.0425000160373728
v 0.00202894533630598 -0.0287469094350171 0.052053020709997
v 0.00302616990272749 -0.0280285449669036 0.0425000160373728
v -0.000782252578079239 -0.0292031662117579 0.052053020709997
v -0.00203138726517963 -0.0287738358323968 0.0425000160373728
v -0.00425039047754653 -0.0253949901937383 0.052053020709997
v -0.0037738248213458 -0.027031435661499 0.052053020709997
v -0.00420316122619627 -0.0257823365528353 0.0425000160373728
v -0.00419529992885742 -0.0242133262878095 0.0425000160373728
v -0.00415114776865839 -0.024022611919982 0.052053020709997
v -0.00374679619842865 -0.022970902899138 0.0425000160373728
v -0.00362818290272016 -0.0227503489570145 0.052053020709997
v -0.00301568995797809 -0.0219853568944345 0.0425000160373728
v -0.00300520791775196 -0.021994835895283 0.052053020709997
v -0.00247233587070174 -0.0285000717080688 0.052053020709997
v -0.0035001141175487 -0.027472282775434 0.0425000160373728
v -0.000394787377911801 -0.0292504066164581 0.0425000160373728
v 0.00136441239132088 -0.0290681151297146 0.0425000160373728
v 0.000785985611652217 -0.0291954176081954 0.052053020709997
v 0.00301464105546323 -0.0280156834025768 0.052053020709997
v 0.00349989548947734 -0.0225274164171146 0.0425000160373728
v 0.00377385602066589 -0.0229687962475445 0.052053020709997
v 0.00247253051720616 -0.0215000652060752 0.052053020709997
v 0.00420301780245617 -0.0242168969784415 0.0425000160373728
v 0.00419548712477794 -0.0257856855887019 0.0425000160373728
v 0.00406817666934918 -0.0263642175648334 0.052053020709997
v 0.00425031830001498 -0.0246046512568125 0.052053020709997
v 0.00374699713136324 -0.0270288130572163 0.0425000160373728
v 0.00301564921259738 -0.028014683162165 0.0425000160373728
v 0.00302851869930237 -0.0280262185231897 0.052053020709997
v 0.0003955799337743 -0.0207497042206548 0.0425000160373728
v 0.0020312650290375 -0.0212261651086559 0.0425000160373728
v -0.000786377698630022 -0.0208046354869197 0.052053020709997
v -0.000977090643997389 -0.0208487764501949 0.0425000160373728
v 0.000783183493613092 -0.0207969911914821 0.052053020709997
v -0.00202898724584042 -0.0212531287589374 0.052053020709997
v -0.00301469134690457 -0.0219843492034424 0.052053020709997
v -0.00300520698642898 -0.021994835895283 0.0425000160373728
v -0.00224975736006544 -0.0213718928723387 0.0425000160373728
v -0.0232050652154298 -0.00385238589916292 0.0425000160373728
v -0.0288514585600387 0.00179711257636497 0.0425000160373728
v -0.0292341429009605 0.000371587450337127 0.0425000160373728
v -0.0291061567707042 -0.0010990546649915 0.0425000160373728
v -0.0280045544132713 0.00300591149592333 0.0425000160373728
v -0.0284827701409754 -0.00243718355220803 0.0425000160373728
v -0.0274392208706554 -0.00348129670638661 0.0425000160373728
v -0.0267954736577704 0.00385224806342647 0.0425000160373728
v -0.0246309449239363 -0.00423429426592791 0.0425000160373728
v -0.025369662867165 0.00423422814202732 0.0425000160373728
v -0.0261014443167817 -0.00410545883054038 0.0425000160373728
v -0.0238991634743197 0.00410553519898895 0.0425000160373728
v -0.02199485010853 -0.00300520182814513 0.0425000160373728
v -0.0225613161398989 0.00348158355373003 0.0425000160373728
v -0.0207658278652173 -0.000371017480940461 0.0425000160373728
v -0.021148372507691 -0.00179654353829085 0.0425000160373728
v -0.0215176253084847 0.00243761196057807 0.0425000160373728
v -0.0208940971176619 0.00109962277174308 0.0425000160373728
v 0.0280262337497781 -0.00302851469405581 0.0425000160373728
v 0.02636422641098 -0.00406817426383103 0.0425000160373728
v 0.0207970011082603 -0.000783179744118059 0.0425000160373728
v 0.0207497141148848 -0.000395574710184678 0.052053020709997
v 0.020804647269989 0.000786380001208407 0.0425000160373728
v 0.0213719030632514 0.00224975814994313 0.052053020709997
v 0.0208487882543122 0.000977102285277552 0.052053020709997
v 0.021253133305281 0.00202897533530449 0.0425000160373728
v 0.021984359686397 0.00301469084071094 0.0425000160373728
v 0.021994846383238 0.00300520741608039 0.052053020709997
v 0.0212261733674342 -0.00203125381590733 0.052053020709997
v 0.0225274234337319 -0.00349988706850948 0.052053020709997
v 0.02296880719992 -0.0037738511943537 0.0425000160373728
v 0.0215000810460432 -0.00247253469331693 0.0425000160373728
v 0.0242169048006659 -0.0042030134699957 0.052053020709997
v 0.025785694158983 -0.00419548279590838 0.052053020709997
v 0.0246046574012866 -0.00425031487632243 0.0425000160373728
v 0.0270288203576208 -0.0037469958103179 0.052053020709997
v 0.0280146965206069 -0.00301564521348747 0.052053020709997
v 0.0287738495528309 0.00203138513238598 0.052053020709997
v 0.0274722921499473 0.00350011431121011 0.052053020709997
v 0.0292031801369127 0.000782254882624633 0.0425000160373728
v 0.029068130853118 -0.00136440941241231 0.052053020709997
v 0.0292504168388469 0.000394794465619971 0.052053020709997
v 0.0291954333923014 -0.00078597167448071 0.0425000160373728
v 0.0280156986241417 -0.00301463728966469 0.0425000160373728
v 0.0287469305931956 -0.00202893063182239 0.0425000160373728
v 0.0280285583319553 -0.00302616543293965 0.052053020709997
v 0.0285000834353161 0.00247233702010705 0.0425000160373728
v 0.0257823451215194 0.00420316108461885 0.052053020709997
v 0.0253950078909512 0.00425038938212592 0.0425000160373728
v 0.0270314429631541 0.00377382651430629 0.0425000160373728
v 0.0242133359709772 0.00419529839404475 0.052053020709997
v 0.0229709268910399 0.00374680395787392 0.052053020709997
v 0.0240226289627939 0.00415114811754419 0.0425000160373728
v 0.0227503653931641 0.00362818536362001 0.0425000160373728
v 0.0219853655152236 0.0030156908482921 0.052053020709997
v 0.021994846383238 0.00300520741608039 0.0425000160373728
v -0.00243916656966545 -0.0284813390864274 0.0425000160373728
v -0.00300449918095835 -0.0219941280901499 0.0425000160373728
v -0.00348271677130844 -0.0274372240696038 0.0425000160373728
v 0.000369108445730678 -0.0292343375772913 0.0425000160373728
v -0.00423408859997051 -0.0246284558610262 0.0425000160373728
v -0.00385147317694979 -0.02320285809184 0.0425000160373728
v -0.0041061024697142 -0.0260990961137098 0.0425000160373728
v -0.00179541842545748 -0.0211477943166143 0.0425000160373728
v -0.000369677484076139 -0.0207657434575002 0.0425000160373728
v -0.00110139094711466 -0.0291055021419037 0.0425000160373728
v 0.00110082377141517 -0.020894435469216 0.0425000160373728
v 0.00243866831186705 -0.0215183861831524 0.0425000160373728
v 0.00179499001688316 -0.0288524282792037 0.0425000160373728
v 0.00300520326113703 -0.0280052414142183 0.0425000160373728
v 0.00410595625200514 -0.0239004186769752 0.0425000160373728
v 0.00423415565522562 -0.0253709862865003 0.0425000160373728
v 0.00385161101275196 -0.0267965132751733 0.0425000160373728
v 0.00348236007460417 -0.0225623596389494 0.0425000160373728
v 0.0211485084808472 0.00179711630165514 0.0425000160373728
v 0.0207658949204724 0.000371518532468903 0.0425000160373728
v 0.0208939518312758 -0.00109905187102387 0.0425000160373728
v 0.0215173384610045 -0.0024371807582404 0.0425000160373728
v 0.0225608858686786 -0.00348129484374152 0.0425000160373728
v 0.0219954815455156 0.00300584350937765 0.0425000160373728
v 0.0232046349442095 0.00385224992607156 0.0425000160373728
v 0.0246303041737208 0.00423422907334986 0.0425000160373728
v 0.0253691636780436 -0.00423429426592791 0.0425000160373728
v 0.0238986605599064 -0.00410545883054038 0.0425000160373728
v 0.027438721681534 0.00348165619688843 0.0425000160373728
v 0.0261008743471132 0.00410560597950226 0.0425000160373728
v 0.0267949744686491 -0.00385245481703115 0.0425000160373728
v 0.028005256630804 -0.0030051990341775 0.0425000160373728
v 0.0292342080935696 -0.000370945769104606 0.0425000160373728
v 0.0288516653137419 -0.00179647089513245 0.0425000160373728
v 0.0291060096216721 0.00109962370306562 0.0425000160373728
v 0.0284824106503022 0.00243768274109139 0.0425000160373728
v -0.00540848176513446 -0.0420000278360909 0.0357328927494989
v -0.00551072938764228 -0.0430000000269944 0.0353736069633737
v -0.00437353279694401 -0.0419999384291268 0.0376313499771897
v -0.00454073460990325 -0.0429999739499632 0.0374309516197961
v -0.00282700135953978 -0.0430000149281551 0.0389257585590343
v -0.00161389065305592 -0.0420000278360909 0.0394305467997656
v -0.0029821811897128 -0.0419999831326088 0.0388128598599383
v -9.48704519145507e-07 -0.0420000166602204 0.0396692150817883
v -0.00110529516949431 -0.0430000074775747 0.0395564244161601
v 0 -0.0430000074775747 0.0396500112015719
v -0.00565144856578589 -0.0419999458797071 0.0342126159889145
v -0.0055107205400739 -0.041999986857899 0.0326265095935474
v -0.00565144437483245 -0.0429999180706106 0.0337877129096501
v -0.00481325461726063 -0.0419999794073187 0.0310183271178383
v -0.00540853717885223 -0.0430000223787354 0.0322672387085901
v -0.00437400078674531 -0.0429999851258337 0.0303691316583465
v -0.00368445250631164 -0.0419999831326088 0.0296781514612315
v -0.00298224219136849 -0.0429999515982221 0.0291870965094271
v -0.00163562132874238 -0.0420000203855106 0.0285426042310746
v -0.00161376864974453 -0.0429999329717713 0.0285694188828298
v -9.4851648103252e-07 -0.0430000074775747 0.0283308213813549
v 0 -0.0420000166602204 0.0283500103604034
v -0.00550430884696535 -0.0444999918409611 0.0322365013243678
v -0.00535146943146032 -0.0429999888511239 0.0318542304866547
v -0.0033287914331998 -0.0444999918409611 0.0292749612463398
v -0.0046408816334124 -0.0444999918409611 0.0305787147231453
v -0.00321071620934743 -0.0430000149281551 0.0292233417378589
v -0.00439718001892371 -0.0429999739499632 0.0302489090351952
v -6.02871790745699e-07 -0.0429999627740926 0.0282377971150339
v -1.86264597532178e-09 -0.0445000663467646 0.0282500086221822
v -0.00139808134714005 -0.0444999806650906 0.0283918118618406
v -0.00176395356190398 -0.0430000112028649 0.0284959673006324
v -0.00576964323181143 -0.0430000112028649 0.0336566869397232
v -0.00576962367402869 -0.0444999918409611 0.0343439027292808
v -0.00449564879840909 -0.0430000112028649 0.037632530894751
v -0.00550427578499928 -0.0429999851258337 0.0357633246597779
v -0.00515369601010812 -0.0444999918409611 0.0366569328015434
v -0.00363259038875927 -0.044499988115671 0.0384957294779895
v -0.00176396590193357 -0.0444999918409611 0.0395040803383868
v -0.00139744688335471 -0.0429999963017042 0.0396083065577265
v -0.00309219977122966 -0.0429999627740926 0.0388662581953452
v 0 -0.0430000074775747 0.0397500129397931
v -6.0355095621546e-07 -0.0445000402697334 0.0397622020951895
v 0.000324916238643181 -0.0516000521864557 0.0300635180165896
v -0.000327535118884483 -0.0515999814059424 0.0300637117317732
v -0.000970402115130756 -0.0516092387520255 0.030169619920447
v 1.82202446784494e-05 -0.0515826327296007 0.0299730604764507
v 2.93187070355161e-06 -0.0514985752821081 0.0299277441620195
v 0.0026806679335958 -0.0516203773696466 0.0310936264448636
v -0.00389723070514879 -0.0516090413116463 0.0333501065846945
v -0.000939455707442952 -0.0514987838983579 0.0300509581946401
v -0.0015795872334514 -0.0516207014698918 0.0303744700017704
v 0.000968099360836077 -0.0516090301357757 0.0301694541449534
v 0.00158583990315981 -0.0516090934657087 0.0303812369946731
v 0.00180906254005746 -0.0514991154491834 0.0303492069341297
v 0.0039008605364932 -0.0516203885455171 0.0333532321046754
v 0.00373798658145762 -0.0516092164002845 0.032718397645811
v -0.0040553062513212 -0.0515006390928647 0.0340000135749566
v -0.00401574365080536 -0.0514992495596297 0.0334071482556691
v -0.00395249424708286 -0.0516160970112364 0.0340003749282798
v -0.00385047060775357 -0.0514985156774653 0.0327121130782213
v -0.00373719379276437 -0.0516090934657087 0.0327179841383999
v 0.0034829463424249 -0.0516205971617669 0.0321269591133562
v 0.00395226653861237 -0.0516140220246093 0.0340004233570757
v -0.00356367807561029 -0.0514987838983579 0.0320610549727337
v -0.00347798076108544 -0.0516204481501599 0.0321201865325156
v -0.00267333190242199 -0.0516205003042224 0.0310866042694595
v -0.00311842559373144 -0.0516203959960975 0.0315694728921125
v -0.00185066834679285 -0.0514992942631118 0.0303710892992881
v -0.0030278334784142 -0.0514998940348298 0.0312824093418275
v -0.00215446532329096 -0.0516206381399588 0.0306839616724906
v 0.000936285483992955 -0.0514990185916389 0.0300483020614501
v 0.00300074734630256 -0.0515000989257894 0.0312507890634032
v 0.00216141625240937 -0.0516204257984189 0.0306895514731239
v 0.00312591273205999 -0.0516204854030617 0.0315781863500807
v 0.00356405130329759 -0.0514993277907233 0.0320600975726919
v 0.00391282826971539 -0.0514996928691604 0.0329010822397847
v 0.00405648297791611 -0.0515007657527306 0.0339999502449928
v -1.48500200715991e-06 -0.0445000216432825 0.0299206698325275
v -0.00110311994824125 -0.0511000102116514 0.0300894143838689
v -0.00257411480491602 -0.0511000549151335 0.03082974166135
v -0.00370338397434332 -0.05109998040933 0.0356748936784824
v -0.00229395748339833 -0.0514999648153431 0.037344126239349
v -0.00121208171099786 -0.0510000047969226 0.037885653309701
v -3.93231321599552e-07 -0.0509999600934405 0.0380582386370856
v -0.00133191934718901 -0.0514999946176645 0.0378470704605445
v -6.41955637585664e-07 -0.0514999983429547 0.0380633907159099
v -0.00207090655917653 -0.0510000047969226 0.0374805203550357
v -0.00207087559268719 -0.0444999955662513 0.0374805278056197
v -0.0037131149025799 -0.0511000735415843 0.0323022229256828
v -0.00393212993863466 -0.0514998865842495 0.032899644277076
v -0.00403117893234136 -0.0514998642325084 0.0345641457171133
v -0.0033846561441224 -0.0514997673749639 0.0363154650870138
v -0.00259426234793884 -0.0510998239471427 0.0371759963611863
v -0.00256234660764394 -0.0444999955662513 0.0371364151337761
v -0.00408084731859631 -0.0511000511898433 0.0341279959813264
v -0.00166831449090123 -0.0515000169694056 0.0302871081792766
v -0.00303023210076892 -0.05149989776012 0.0312623747214969
v -2.63465088642551e-06 -0.0514999797165038 0.0298993704755658
v -0.00110001363683128 -0.0444999955662513 0.0301022163497978
v -0.00203491488382614 -0.0477579257364328 0.0385102767432165
v -0.00201837249208856 -0.0508999435028413 0.0384650181708111
v 7.24499423807409e-07 -0.0477577543730848 0.0389159126123006
v 0.00203494515182324 -0.0477579182858524 0.0385103773261003
v -0.000377573269469371 -0.0509000701627072 0.0389555757961347
v 0.00202749317093747 -0.0508999360522609 0.0384898993960227
v 0.00137062396640246 -0.0476094393953759 0.0386509921976134
v 0.000678207443997546 -0.04760910039397 0.0387998362391359
v -2.40653860011574e-06 -0.0476164243144527 0.0388411161996942
v 0.00201191679396884 -0.0477543643590261 0.0384618330461584
v 0.00202189848091984 -0.0476164243144527 0.0383990134473048
v -0.00202190220621179 -0.0476164243144527 0.0383990134473048
v -0.000801577122619395 -0.047756882655184 0.0388536257302019
v 0.000777848700916711 -0.0477574265475494 0.0388603498822466
v -0.00067959371826468 -0.0476065299437498 0.0388007377597978
v -0.00201222739018522 -0.0477544947441823 0.0384631555248154
v -0.00136845060779538 -0.0476085676774751 0.0386525381937899
v 0.0020708339159835 -0.0468250311204075 0.0374805203550357
v 0.00201823582044012 -0.0476789384088674 0.0384542446263716
v 0.00201600180942347 -0.0509388578840019 0.0384595047386636
v 0.00207090283388458 -0.0510000047969226 0.0374805203550357
v 0.00201962046489202 -0.0509958809006997 0.0383928741661027
v 0.00202427172472315 -0.0510054064676754 0.0383529427612453
v -1.37538397274432e-06 -0.0510146898907897 0.0388022316018864
v 0.00137317229892745 -0.0510049594328544 0.0385999854996651
v 0.00201162459138146 -0.0509034713526363 0.0384557235672922
v -0.000693478812687716 -0.051004478870422 0.0387502153498084
v -0.00201208210379915 -0.050903314890449 0.0384572174093808
v -0.00202418767282351 -0.0510060770199067 0.038353095498217
v -0.000984341575533197 -0.0509014485200717 0.0388233093039746
v -0.000147397491561223 -0.0508999360522609 0.0389066925146215
v 0.000694329634444631 -0.0510146414620174 0.038751701741313
v 0.00109756064849716 -0.0509031174500698 0.038792724656724
v -0.00137449594172366 -0.0510143806917052 0.0386013117036141
v -0.00202206681754986 -0.0509957505155436 0.0383934366851935
v -0.00207083950392142 -0.0468250273951174 0.0374805203550357
v -0.00207090655917653 -0.0510000047969226 0.0374805203550357
v -0.00201966377141095 -0.047678673913265 0.0384542446263716
v -0.00201805025433483 -0.0509387796529082 0.0384596276732994
v -0.000704564466625217 -0.0476164280397428 0.0387891185740762
v -0.00138211311602437 -0.0476164243144527 0.0386402186531738
v 0.00153194622092523 -0.0468249603398942 0.0377491139076266
v 0.000317700348134784 -0.0468249603398942 0.0380375185630286
v 0.000700600755989732 -0.0476164243144527 0.0387906161414568
v 0.0020708339159835 -0.0468250311204075 0.0374805203550357
v 0.00202189848091984 -0.0476164243144527 0.0383990134473048
v 0.00138210939073242 -0.0476164243144527 0.0386402186531738
v 0.000941582441692963 -0.0468250311204075 0.037939014392188
v -2.40653860011574e-06 -0.0476164243144527 0.0388411161996942
v -0.00031770593607271 -0.0468249603398942 0.0380375185630286
v -0.000941588029630889 -0.0468250273951174 0.037939014392188
v -0.00202190220621179 -0.0476164243144527 0.0383990134473048
v -0.00207083950392142 -0.0468250273951174 0.0374805203550357
v -0.00153195180886315 -0.0468249603398942 0.0377491139076266
v 2.69704952659879e-06 -0.0514999946176645 0.0298981429918546
v 0.00110000898021634 -0.0444999918409611 0.0301022163497978
v 0.00259432102128706 -0.0509997999059631 0.0371763726156775
v 0.00256234334801348 -0.0444999918409611 0.0371364151337761
v 0.00299110931753401 -0.0515000244199859 0.0367458741478417
v 0.00230119921811963 -0.051499961090053 0.0373373275814645
v 0.00132997905215959 -0.0514999685406333 0.0378466271507975
v 0.00207090283388458 -0.0510000047969226 0.0374805203550357
v 0.00207087303154898 -0.0444999918409611 0.0374805315309117
v 0.00121231919835972 -0.0510000047969226 0.0378855490015252
v 6.3820686929262e-07 -0.0514999908923744 0.0380634652217498
v 3.88767945949368e-07 -0.0509999600934405 0.0380582237359176
v 0.00370459772102699 -0.0509999787198914 0.0356740592130763
v 0.00372131217468654 -0.0515000840246287 0.0356602160280357
v 0.00408095022978644 -0.0510000010716325 0.0341269528995688
v 0.00404295364887436 -0.05149989776012 0.0343634567869444
v 0.00393191340604003 -0.05149989776012 0.0328963138660355
v 0.0030311541105267 -0.0514999275624414 0.0312630862522673
v 0.00371322107340049 -0.0510000010716325 0.0323020403863752
v 0.0025728412207304 -0.0510000569509851 0.030829747249288
v 0.0016697830708374 -0.0515000169694056 0.0302875421757936
v 0.00110312134522573 -0.0510001128303377 0.0300895484943806
v 1.47579655245326e-06 -0.0445000216432825 0.0299208169815612
v -0.000899564640950907 -0.0510000047969226 0.0379529507095284
v -0.00137299173868322 -0.0510000047969226 0.0385994192552824
v -0.000180604380211217 -0.0509999712693111 0.0380500094670763
v -0.00202437952535897 -0.0510000010716325 0.0383522163293069
v -0.0015880614577315 -0.0510000010716325 0.0377300106102939
v -0.000692896852235801 -0.0510000010716325 0.0387497198859735
v 1.62236464450527e-06 -0.0510000047969226 0.0387999144702677
v -0.00207090655917653 -0.0510000047969226 0.0374805203550357
v 0.000542584174203983 -0.0509999936210521 0.03801750629445
v 0.000695720623534389 -0.0510000010716325 0.0387492206968466
v 0.00124725265796538 -0.0509999898957619 0.0378573410905652
v 0.00137298615074529 -0.0510000010716325 0.0385994192552824
v 0.00202437393742105 -0.0509999973463423 0.0383522163293069
v 0.00206798173933379 -0.0510000085222128 0.0374944603976681
v 0.00138218017127948 -0.0460335671458491 0.0386402186531738
v 0.000941582441692963 -0.0468250311204075 0.037939014392188
v -0.00031770593607271 -0.0468249603398942 0.0380375185630286
v -0.00202190220621179 -0.0460336379263624 0.0383990134473048
v -0.00207083950392142 -0.0468250273951174 0.0374805203550357
v -0.00153195180886315 -0.0468249603398942 0.0377491139076266
v -0.0013821857592174 -0.0460335671458491 0.0386402186531738
v -0.000704635247172279 -0.0460335671458491 0.0387891185740762
v -0.000941588029630889 -0.0468250273951174 0.037939014392188
v 0.000317700348134784 -0.0468249603398942 0.0380375185630286
v -2.33575805305351e-06 -0.0460335671458491 0.0388411161996942
v 0.000700669673890819 -0.0460335671458491 0.0387906161414568
v 0.00202190034356582 -0.0460336342010722 0.0383990134473048
v 0.0020708339159835 -0.0468250311204075 0.0374805203550357
v 0.00153194622092523 -0.0468249603398942 0.0377491139076266
v -0.00109988208745927 -0.0445624575066036 0.0292204583618574
v -0.00110232972068622 -0.0445048533446386 0.0291612038674398
v -0.00110004891068944 -0.0444999955662513 0.0301022163497978
v -0.00109997999278835 -0.0468250273951174 0.0301022163497978
v -0.0010998613655228 -0.0459706618959661 0.0292347038784331
v -0.0011011968826871 -0.0510626455512033 0.0300976435538782
v -0.00110164345205969 -0.0509378520556548 0.0292297417895004
v -0.0010987459898297 -0.0509955344487135 0.0292895140995048
v -0.00109917113877357 -0.0476793481907865 0.0292346796640352
v -0.00110055426982562 -0.0510043969140381 0.0300374707749847
v -0.00109997999278835 -0.0468250273951174 0.0301022163497978
v -0.00313859735115194 -0.0510981885447561 0.0365573892742372
v -0.00257021465707445 -0.0510966052964321 0.0371497628549818
v -0.00307275211743207 -0.0509863925866258 0.0367869007885447
v -0.00414428484956232 -0.0510000047969226 0.0342145121625382
v -0.00388754657589235 -0.051096880967905 0.0328482575993445
v -0.00367109267805365 -0.0510000010716325 0.0320646163518776
v -0.00211989787361945 -0.0509911795844998 0.0304340020304414
v -0.00185671193449053 -0.0510992092742639 0.0303966075494302
v -0.00110049000853947 -0.0509998073565434 0.0299997484682782
v -0.00110427746629954 -0.0510964935377268 0.0301003201761741
v -0.00267625066866532 -0.0509944056857907 0.0371711646574733
v -0.00162458305586188 -0.0510000047969226 0.0301810137260031
v -0.00413471364321813 -0.0509931986917742 0.0336574878775014
v -0.00405207269790804 -0.0509957356143829 0.0331060813327878
v -0.00342469977296136 -0.050995631306258 0.0363434234034104
v -0.00371058193688421 -0.0509909746935402 0.0358559726716078
v -0.00353720498685528 -0.0510991757466523 0.0359680816088016
v -0.00407512713280609 -0.0509926883270203 0.034776405404208
v -0.00405539519266652 -0.0510986430301574 0.0341058789227726
v -0.00396469411255972 -0.0511004982246642 0.0348457256375868
v -0.00389692895650079 -0.0509913397719772 0.032575514071475
v -0.00337386956127931 -0.0509951954473076 0.0315849254032934
v -0.00331542229171193 -0.0510985610737736 0.0316648664441401
v -0.00258527508110791 -0.0509916377951912 0.0307555766857362
v -0.00247901066255431 -0.0510978942468324 0.0308029307348868
v -0.0039266402552839 -0.050980391144155 0.0353297155731292
v -0.00300050333967979 -0.0509819371395773 0.0311392389200081
v -0.00256786865446853 -0.0510566664604735 0.0371417907301199
v -0.00256234707330543 -0.0468249603398942 0.0371364151337761
v -0.00264049764483051 -0.0510029924796424 0.037160242101354
v -0.00349567636351249 -0.0476791842780189 0.0374191349935989
v -0.00343741791968086 -0.05099588835128 0.0373992419343641
v -0.00350104381072113 -0.0509387237735556 0.0374195037975061
v -0.0035568200459599 -0.0445085190301701 0.0374492390781827
v -0.00350820289052728 -0.0445719756229989 0.0374244547105629
v -0.00256234521065946 -0.0444999955662513 0.0371364151337761
v -0.00349554900509393 -0.0459706358189349 0.0374197161391496
v -0.00256234707330543 -0.0468249603398942 0.0371364151337761
v -0.00207090469653056 -0.0444999955662513 0.0374805203550357
v -0.00207083950392142 -0.0468250273951174 0.0374805203550357
v -0.00201631124148612 -0.0459707960064123 0.0384541775711157
v -0.00201230701830067 -0.0445042014188581 0.0385369908120879
v -0.00201751753758589 -0.0445612542378773 0.038470367690111
v 0.0020708339159835 -0.0468250311204075 0.0374805203550357
v 0.00207090283388458 -0.0444999918409611 0.0374805203550357
v 0.00202485100762147 -0.0445085898106834 0.038521959258902
v 0.00201807656420923 -0.0445720538540925 0.0384678084145128
v 0.0020164069349231 -0.0459707922811222 0.0384541850216997
v 0.00349554644395571 -0.045970639544225 0.0374197049632736
v 0.00256234334801348 -0.0468249603398942 0.0371364151337761
v 0.00357516920429354 -0.0445041641659563 0.0374425223767219
v 0.00351074819625255 -0.0445612728643282 0.0374247899868421
v 0.00256234148536751 -0.0444999918409611 0.0371364151337761
v 0.00349567217255905 -0.0476791842780189 0.0374191349935989
v 0.00256234334801348 -0.0468249603398942 0.0371364151337761
v 0.00256233962272153 -0.0510000047969226 0.0371364151337761
v 0.00350064497165166 -0.0509387461252967 0.037420893331419
v 0.00343720883767013 -0.0509957505155436 0.0374006947982408
v 0.00356982992960528 -0.0510000047969226 0.0320873108306902
v 0.00444508541076301 -0.0510000010716325 0.0358092128065298
v 0.00416676512383848 -0.0510000010716325 0.0363814176564322
v 0.00381590036411309 -0.0509999973463423 0.036911116924711
v 0.00385436772879544 -0.0510000047969226 0.0352431174354936
v 0.00359015977910293 -0.051000012247503 0.0358885354489059
v 0.00339743459400535 -0.0509999973463423 0.0373908153238792
v 0.00256233962272153 -0.0510000047969226 0.0371364151337761
v 0.00306683775079893 -0.0509999153899585 0.0366552005407673
v 0.00440166899572423 -0.0509999973463423 0.0320858132633096
v 0.00282693965939184 -0.0509999973463423 0.0301199189373417
v 0.00331562345747727 -0.0509999302911192 0.0305285164135591
v 0.00401690268226351 -0.0509999824451816 0.034565602306282
v 0.00464561973911213 -0.0509999973463423 0.0352049182914122
v 0.00476441371148023 -0.0510000010716325 0.0345792182485111
v 0.00404025234654865 -0.0509999936210521 0.0336362052843537
v 0.00479934391145543 -0.0509999973463423 0.0339431171903697
v 0.00461627561441691 -0.0509999302911192 0.0326847135556234
v 0.00474970812150506 -0.0509999973463423 0.0333079176528901
v 0.00385122940315777 -0.0509998706864764 0.032725904109174
v 0.00410991530602568 -0.0510000047969226 0.031520313938992
v 0.00374575497932845 -0.0510000010716325 0.0309981192714302
v 0.00319510700324349 -0.0510000420498244 0.0315007524307443
v 0.0027143687872273 -0.0510000047969226 0.0309943194735988
v 0.00170928688158964 -0.0510000010716325 0.0295140150960837
v 0.00228826616862073 -0.0509999973463423 0.0297797178220892
v 0.00216245258206389 -0.0510000010716325 0.0305679262775377
v 0.00110004332275151 -0.0510000047969226 0.0293277132435862
v 0.00154014558850859 -0.0510000047969226 0.0302544168794047
v 0.00110004332275151 -0.0510000047969226 0.0301022163497978
v 0.00109997440485043 -0.0468250311204075 0.0301022163497978
v 0.00109916415385116 -0.0476793407402062 0.0292346833893272
v 0.00110200270990218 -0.0509375689336016 0.0292296318933866
v 0.00109858778133717 -0.0509956164050973 0.0292893464613652
v 0.00110004332275151 -0.0510000047969226 0.0301022163497978
v 0.00109997440485043 -0.0468250311204075 0.0301022163497978
v 0.00110004518539749 -0.0444999918409611 0.0301022163497978
v 0.0011032105194018 -0.0445076696640103 0.029172165539125
v 0.00109986904893745 -0.0445728734179309 0.0292225612891867
v 0.00109982050372671 -0.0459706656212562 0.0292347038784331
v 0.00152726609008148 -0.0516226311702021 0.0376501030970752
v 0.00192566836906605 -0.0516264719443717 0.0374578594038511
v 0.00361807315885836 -0.0515986440267698 0.0355948930329638
v 0.00326858652432396 -0.0515801740380857 0.036354167145514
v 0.00245121858761803 -0.0515797717067469 0.0372000617474517
v -0.000202406607696594 -0.0516177882929755 0.0379518219460549
v -0.00252766763204465 -0.051606448509685 0.037041621353759
v -0.00326162651480642 -0.0516085495733433 0.0362369880859197
v -0.00353539891875146 -0.0515999814059424 0.0357616184760458
v -0.00374922555444197 -0.0515994710411885 0.0352562081115519
v -0.00291823725187224 -0.0515999814059424 0.0366618129340524
v -0.00247084575392148 -0.0515791495832878 0.0371870567531092
v -0.00142652232136799 -0.0515999814059424 0.0376834146580636
v -0.000902482650494309 -0.051590887972627 0.0378487840948606
v -0.00192691284940831 -0.0516272170024066 0.0374573564894323
v -0.00139689949826871 -0.0515794885846936 0.0377832711098972
v 0.00291957090639057 -0.0516000521864557 0.0366605165324393
v 0.00326426867812241 -0.0516083744847051 0.0362331100569565
v 0.00252676937102305 -0.0516054538572084 0.0370422472028136
v 0.00379942712310734 -0.0515999776806522 0.0350797186781601
v 0.00391624901904907 -0.0516024289215869 0.0345476762012187
v 0.00398754412206198 -0.0515769777391162 0.0345837407529889
v 0.00395251194221962 -0.05161574683396 0.0339998049586051
v 0.00105771073483963 -0.051620727546923 0.0378098808705928
v 0.00142792920115622 -0.051498765271907 0.0378152974451485
v -0.00395050773515018 -0.0516038743341745 0.0339999688714527
v -0.00391607625863486 -0.0516008121456513 0.0345476016953788
v 0.000523022957209588 -0.051619978763598 0.0379225262498334
v -0.00407465495205135 -0.0514991117238932 0.0340003525765279
v 0.00375393548762131 -0.0515793209466358 0.0354568299864649
v 1.81249223154701e-05 -0.0514999350130217 0.0380694890189001
v -0.00239052124171246 -0.0514995848357454 0.0372928624962533
v -0.00376127012181064 -0.051578449228735 0.0354423311500338
v 0.00406690029119459 -0.051499406021817 0.0340005760940474
v 0.00380836712529665 -0.0514993166148528 0.0354125101876415
v 0.00330748136625764 -0.0515005310594496 0.0363513918029803
v 0.00241540432929678 -0.0514993873953661 0.0372760167258675
v -0.0014315824319907 -0.0514993911206563 0.0378158934918672
v -0.00328039057753107 -0.0515790303740022 0.0363414229216109
v -0.00328510283901788 -0.0515003112673294 0.0363805273116462
v -0.0038063892281016 -0.0514992681860806 0.0354168576033956
v -0.00399060212109196 -0.0515759607348986 0.0345695362146251
v -0.00137205203378867 -0.0460406116695687 0.0386506680972101
v -0.000681297049801425 -0.0460412822218 0.0387987596297503
v -2.33575805305351e-06 -0.0460335671458491 0.0388411161996942
v 0.00202256367836378 -0.0460367485436579 0.0384027201128364
v -0.000777207659662766 -0.0458925313851408 0.0388604206627945
v -0.00202256554100975 -0.0460367522689481 0.0384027201128364
v -0.00201540180458867 -0.0458935521146485 0.0384660277249409
v 0.000798898695914569 -0.0458931125304079 0.0388539461053131
v 0.000676566685724035 -0.0460430070311507 0.0388018180944754
v 0.00201560576432296 -0.0458936005434208 0.0384666796510394
v 0.00136865247205296 -0.0460414349586972 0.0386526015237538
v -0.00439077670772205 -0.0477578475053391 0.0317579205127971
v -0.00457073485164328 -0.0508999844810332 0.0321097855172752
v -0.00343789568837353 -0.0477578475053391 0.030497259351104
v -0.00225130987548587 -0.0477578512306293 0.0296274893527924
v -0.00110888460470412 -0.0508999733051627 0.0291956758568836
v -0.00109997813014238 -0.0477578475053391 0.0292251187021389
v -0.00311046976710935 -0.0508999956569037 0.0301534093123457
v -0.00491960285488312 -0.0508999695798725 0.0342057241987301
v -0.00489492465835608 -0.0477578363294686 0.0335156287584631
v -0.00469559872158346 -0.0477578437800489 0.0355563884149392
v -0.00441963095652576 -0.0508999956569037 0.0362018772088994
v -0.00352871155403856 -0.0477578400547588 0.0374437703495391
v -0.0035054159064867 -0.0508999435028413 0.0374238139603403
v -0.00414428484956232 -0.0510000047969226 0.0342145121625382
v -0.00476541022707702 -0.0510000047969226 0.0345769160180604
v -0.00479963262158161 -0.0510000010716325 0.033941217291454
v -0.00405278795396256 -0.0509999973463423 0.0331069157981939
v -0.00374364087614646 -0.0509999973463423 0.0309966142534656
v -0.00337240808268092 -0.0510000047969226 0.0315811107042941
v -0.0046162085591618 -0.0510000047969226 0.0326847135556234
v -0.00440124990037979 -0.0510000010716325 0.0320848148850558
v -0.00389807285396039 -0.0509999973463423 0.0325747131336969
v -0.00410864870676246 -0.0509999973463423 0.0315188163716114
v -0.00367109267805365 -0.0510000010716325 0.0320646163518776
v -0.00393087963752373 -0.0510000010716325 0.0353302147622561
v -0.00228586708060452 -0.0510000047969226 0.0297801127030403
v -0.00258751887101593 -0.0509999973463423 0.0307557145215399
v -0.00282411961338521 -0.0510000047969226 0.0301197177715742
v -0.00110004891068944 -0.0510000010716325 0.0299984148137452
v -0.00110004891068944 -0.0510000010716325 0.0293277132435862
v -0.00170858652670292 -0.0510000010716325 0.0295149166167457
v -0.00162458305586188 -0.0510000047969226 0.0301810137260031
v -0.00212224294490238 -0.0510000010716325 0.0304340132063174
v -0.00300824775598369 -0.0510000010716325 0.0311412151874097
v -0.00331287046672574 -0.0510000047969226 0.0305275180353054
v -0.003711748651757 -0.0509999302911192 0.0358562185408792
v -0.00413594392088483 -0.0509999973463423 0.0336577151203129
v -0.00474957028570289 -0.0509999973463423 0.0333068149664606
v -0.0046474637586277 -0.0509999973463423 0.0352027129185532
v -0.00407611945744944 -0.0509999973463423 0.0347791174167778
v -0.00444749567465508 -0.0510000010716325 0.0358075140733817
v -0.0041690356892824 -0.0510000047969226 0.0363805161357703
v -0.00339744018194327 -0.0510000010716325 0.0373908153238792
v -0.00381696579761097 -0.0509999302911192 0.0369115192562461
v -0.00267689793814175 -0.0510000010716325 0.0371713136691529
v -0.00342445041123142 -0.0509999973463423 0.0363447160797314
v -0.00307697939247306 -0.0510000010716325 0.0367852169565645
v 0.00438053634581122 -0.0477578214283079 0.0317625920289545
v 0.00425691020412165 -0.0477578624064998 0.0364630350786751
v 0.00357041037665734 -0.0508999844810332 0.0374790302382391
v 0.00485248613245435 -0.0509000329098055 0.0349605093344305
v 0.00350541031854878 -0.0477578475053391 0.0374238139603403
v 0.00478528372831072 -0.0477577990765668 0.0350907343665792
v 0.00490621881222745 -0.0477578437800489 0.033514809194225
v 0.00385571837995829 -0.0509000031074841 0.0309026921917746
v 0.00478422434841225 -0.0509000180086448 0.0328346304812394
v 0.00311024927639202 -0.0477578586812096 0.0301532304983302
v 0.00225122256395578 -0.0509000291845153 0.0296274502372265
v 0.00110880940037287 -0.0477578400547588 0.0291956665436537
v 0.00110004518539749 -0.0509000142833546 0.0292251187021389
v 0.00405359587665436 -0.0509756712015042 0.036725016237981
v 0.00475711446756443 -0.0510216599087058 0.0333332682648926
v 0.00437477983842449 -0.0509058816153791 0.0317548173445682
v 0.00374575497932845 -0.0510000010716325 0.0309981192714302
v 0.00410991530602568 -0.0510000047969226 0.031520313938992
v 0.00331562345747727 -0.0509999302911192 0.0305285164135591
v 0.00109941665879619 -0.0510188584904947 0.0293240494189125
v 0.00170974881779152 -0.0510043782875872 0.0295136518801146
v 0.00440166899572423 -0.0509999973463423 0.0320858132633096
v 0.00490865841279363 -0.0508998764476182 0.0343764692318709
v 0.00476441371148023 -0.0510000010716325 0.0345792182485111
v 0.00479934391145543 -0.0509999973463423 0.0339431171903697
v 0.00464804630115648 -0.0510107820613969 0.0351999152242676
v 0.00444640835506698 -0.0510096421226035 0.0358089259590465
v 0.00416676512383848 -0.0510000010716325 0.0363814176564322
v 0.00349973763023093 -0.050903035493686 0.0374145640603253
v 0.00339812842963116 -0.0510052127525863 0.0373909829620188
v 0.00229150763827929 -0.0510087704047027 0.0297799897684046
v 0.00110923548063973 -0.0509035458584398 0.0291865935950082
v 0.00282804444128596 -0.0510091429337202 0.0301191198622095
v 0.00481888819001299 -0.0508959425411941 0.0329510048777635
v 0.00461780624374713 -0.0510092844947468 0.0326857305603371
v 0.00471527105705182 -0.0508961623333144 0.0354164254695246
v 0.00381617999384014 -0.0510045198486139 0.0369116757185097
v 0.0033613786573688 -0.0509032105823241 0.0304445036285656
v 0.00263817911625273 -0.0508970377765054 0.0298449216078173
v 0.00377214285203008 -0.0509727580245879 0.0308847157952693
v 0.00418420042149048 -0.0509002228996044 0.0365546437340394
v -0.0014743215423867 -0.0515999814059424 0.0309361155115228
v -0.00211948436621293 -0.0515999776806522 0.0313411124930303
v -0.00158787961691816 -0.0515999814059424 0.0303833119823124
v -0.000970932154326108 -0.0516000521864557 0.0301713130656571
v -0.00267605043422298 -0.0516000521864557 0.0310948129503629
v -3.72529195064356e-09 -0.0515999814059424 0.030600012217461
v 0.000324916238643181 -0.0516000521864557 0.0300635180165896
v -0.00389609286128862 -0.0516000521864557 0.0333497154290353
v 0.000757593997542628 -0.0515999814059424 0.0306853139534835
v 0.000968452972532955 -0.0515999814059424 0.0301706127107627
v 0.00395003881402589 -0.0515999814059424 0.0340000173002486
v 0.0034000497489547 -0.0515999851312326 0.0340000173002486
v 0.00379942712310734 -0.0515999776806522 0.0350797186781601
v 0.0036181984218002 -0.0515999888565227 0.0355949265605918
v 0.00265829383014023 -0.0515999814059424 0.0361204162489201
v 0.00306318463637983 -0.0515999814059424 0.0354764175717565
v 0.00279735990998074 -0.0515999590542014 0.0367946531211791
v 0.000755895264413135 -0.0515999814059424 0.0373153185563784
v 0.0012567917336665 -0.0515999776806522 0.0377490468523708
v -0.00212040265067876 -0.0516000521864557 0.0366583186101643
v 0.00147431595444877 -0.0515999776806522 0.0370639135010365
v 0.00326339905528269 -0.0515999851312326 0.0362327785059693
v -3.72529195064356e-09 -0.0515999814059424 0.0374000167950983
v 0.00054688700282235 -0.0515999888565227 0.0379161634511118
v 0.00331470517301143 -0.0516000521864557 0.0347576150314026
v 0.00391598405765908 -0.0516000000323933 0.0345476613000507
v -0.00159491890530503 -0.0516000074829736 0.0376182257735034
v 0.00373585687861559 -0.0516000521864557 0.0327171161453659
v 0.00389608913599667 -0.0516000521864557 0.0333497154290353
v -0.00315157650113872 -0.0515999776806522 0.0363811196330729
v -0.00374931635843326 -0.0515999851312326 0.0352560889022082
v -0.0030638961671424 -0.0515999814059424 0.0354743165070733
v -0.00331534219793499 -0.0515999814059424 0.0347559162982544
v 0.00347358887470638 -0.0515999814059424 0.0321195122546651
v 0.00265893085506379 -0.0516000521864557 0.0318805124216551
v -0.0034000571995386 -0.0515999851312326 0.0340000173002486
v -0.00391599150824298 -0.0515999851312326 0.0345475718930429
v -0.00395004253931784 -0.0515999814059424 0.0340000173002486
v 0.00215957409553978 -0.0516000521864557 0.0306927123833787
v 0.0014763667276676 -0.0516000521864557 0.0309368158664172
v -0.00331470889830338 -0.0516000521864557 0.0332424121185107
v -0.0037360748081947 -0.0515999776806522 0.0327180102154439
v -0.000903569038759415 -0.0515999851312326 0.0378495403291349
v -0.000757597722834579 -0.0515999814059424 0.0373148193672515
v -0.000182178548891111 -0.0515999851312326 0.037950011454147
v 0.002119478778275 -0.0515999814059424 0.0366589146568829
v 0.00223609974128214 -0.0516000000323933 0.0372611751625731
v 0.00176161233232838 -0.0516000521864557 0.0375354162578232
v 0.00331533847264304 -0.0515999814059424 0.0332441183022428
v 0.0030638887165585 -0.0515999814059424 0.032525718093424
v 0.00311664257587157 -0.0515999814059424 0.0315733173934478
v 0.00267455845479674 -0.0515999814059424 0.0310933153829823
v 0.00212039892538681 -0.0516000521864557 0.031341715990333
v 0.00158561463941217 -0.0515999814059424 0.0303823136040587
v -0.000327535118884483 -0.0515999814059424 0.0300637117317732
v -0.000755902714997036 -0.0515999814059424 0.0306846135985891
v -0.00216148889560241 -0.0515999814059424 0.0306940162355758
v -0.00311763722882239 -0.0515999814059424 0.0315747106526526
v -0.00265830128072413 -0.0515999814059424 0.0318796109009932
v -0.00347422962492189 -0.0516000521864557 0.0321208161068622
v -0.00306318836167178 -0.0515999814059424 0.0325236170287407
v -0.00345474658085077 -0.0515999590542014 0.0359235047648306
v -0.00265893458035574 -0.0516000521864557 0.0361195147282581
v -0.00279390679717325 -0.0515999665047817 0.0367980692139354
v -0.0014763741782515 -0.0516000521864557 0.0370632131461421
v -0.00223197211780082 -0.0515999814059424 0.0372639989339027
v 0.000909030666005179 -0.0445999711786586 0.0388312702529606
v 0.00201836504150466 -0.0446000456844621 0.0384650181708111
v -0.00201836690415063 -0.0446000494097523 0.0384650181708111
v -0.00201843954734367 -0.0458921476802528 0.0384650181708111
v -0.00090903421667407 -0.0458921476802528 0.0388312702529606
v -0.000761510327121116 -0.0445999674533685 0.038856673019051
v 0.00201843768469769 -0.0458921439549626 0.0384650181708111
v 0.000761445250927353 -0.045892151405543 0.0388566804696349
v -0.00455829517049709 -0.0476164280397428 0.0323694122920424
v -0.00482812039478967 -0.0477603807026576 0.0329937675045345
v -0.00110006695507232 -0.0476149192972222 0.0292833282521529
v -0.00110677771927529 -0.0477560742672161 0.0291918704711143
v -0.0016795103901974 -0.0476149155719321 0.0294579289625049
v -0.00346818999534691 -0.0477589427406504 0.0305222523350753
v -0.00364612763404641 -0.0476164280397428 0.0308161164058909
v -0.0032210178057447 -0.0476164243144527 0.0303868137567844
v -0.00472602271528287 -0.0476164280397428 0.0329497159267344
v -0.00465248358953119 -0.0476164243144527 0.0353405189199047
v -0.00478287439574164 -0.0476164280397428 0.0347514161455286
v -0.00475960482523344 -0.0477597287768771 0.0352472003555163
v -0.00224033935635272 -0.047608757667274 0.0296999537326121
v -0.00350762803141314 -0.0477563201363677 0.0374212807617861
v -0.0034446945790142 -0.0476142226679597 0.0374057090412614
v -0.00277491199917841 -0.0476063958333035 0.030022767047494
v -0.00261111487023131 -0.0477592519397348 0.0298356046525464
v -0.00420447113197841 -0.0476008898544259 0.031537047950618
v -0.00421249587650159 -0.0477543531831556 0.0314790041760976
v -0.00487202249476652 -0.0476011021959658 0.0338598904419864
v -0.00489842922675865 -0.0477595425123684 0.0344443701290009
v -0.00418731104026927 -0.0476095250770499 0.036446323418801
v -0.00447520719015293 -0.0476053900049564 0.0358766592180369
v -0.0041642649872781 -0.0477576277132188 0.0366023200209473
v -0.00385081496442826 -0.0476060233042861 0.0369557570986458
v -0.00410864870676246 -0.0509999973463423 0.0315188163716114
v -0.00476541022707702 -0.0510000047969226 0.0345769160180604
v -0.00479963262158161 -0.0510000010716325 0.033941217291454
v -0.0046474637586277 -0.0509999973463423 0.0352027129185532
v -0.0044497508732697 -0.0510094260557734 0.0358050553806673
v -0.00339815124704435 -0.0510052202031666 0.0373909345332229
v -0.00464987448818126 -0.0508981479129773 0.0355867718964223
v -0.00485170661511368 -0.0509720688459057 0.0346332126306367
v -0.00475546835418374 -0.051021622655804 0.0333219955313262
v -0.00440124990037979 -0.0510000010716325 0.0320848148850558
v -0.00449122315157173 -0.0509001521190911 0.0319838408456248
v -0.00417492397887188 -0.0510199611763863 0.0363778674531643
v -0.00484539364224182 -0.0508949106358158 0.0330753402232736
v -0.00461701834449957 -0.0510093590005503 0.0326830818777311
v -0.00381588220331483 -0.0508950521968425 0.0308752442403808
v -0.00331663440858037 -0.0510104877634731 0.0305296097867586
v -0.00305908308994217 -0.0508991500160342 0.0301582261148908
v -0.00228443610283398 -0.0510093366488092 0.0297778626266774
v -0.00282457945411036 -0.0510095042868671 0.0301186169477906
v -0.00207067233144514 -0.0508997833153638 0.0295362867542552
v -0.00109967510092527 -0.0509011020680855 0.0292216001638529
v -0.00109942678693368 -0.0510187951605617 0.0293241500017963
v -0.00170564727135386 -0.051020639179198 0.0295097142464795
v -0.00349848360382805 -0.0509035458584398 0.0374137742984231
v -0.00406180781709806 -0.0509019179066337 0.0367570053203125
v -0.00381980656555409 -0.0510150512439366 0.0369117837519775
v -0.00377372237581716 -0.0510247146466487 0.0310285493190632
v -0.00489832259027656 -0.0508924705707517 0.0345501535203931
v 0.00465106797858994 -0.0476164243144527 0.0353423145106446
v 0.00479617881028187 -0.0477586819703381 0.0350547107930208
v 0.00478230442607319 -0.0476164205891625 0.0347525188319581
v 0.00350761406156833 -0.0477563238616578 0.0374212733112021
v 0.00344463567283523 -0.0476144685371112 0.0374056084583776
v 0.00384813368554678 -0.0476062728987277 0.0369576681734374
v 0.00446863577515199 -0.0476062170193751 0.035885428555385
v 0.00471193412678703 -0.0477588421578156 0.0326201691465778
v 0.00463774773155892 -0.047645757249285 0.0326697192553574
v 0.00487215287998479 -0.0476013219880861 0.0338566233609098
v 0.00421006931445724 -0.0476021639036655 0.031542807252037
v 0.00347754047814302 -0.0477586819703381 0.0305314612568784
v 0.0036481057640722 -0.0476164205891625 0.0308163175716584
v 0.00322383971439731 -0.0476164280397428 0.0303871192307278
v 0.00277298253077872 -0.0476082584783906 0.0300206194166609
v 0.00490460156985937 -0.0477531387385588 0.0337252211364918
v 0.00110009233362374 -0.0476148522419991 0.0292832109054551
v 0.00418820371335294 -0.0476085341498635 0.0364435704280193
v 0.00417738919082022 -0.0477533659812594 0.0314147652409953
v 0.00109904703998546 -0.0477567299182868 0.0292199014307047
v 0.00168607563518354 -0.0476071855948204 0.029448617595172
v 0.0022389179246428 -0.0476098640784557 0.0296981860815621
v 0.00242370381410132 -0.0477589166636191 0.0297020231323134
v 0.00434251135954801 -0.0477584845299589 0.0363330372893379
v 0.00201249654252866 -0.0444947466323957 0.0385764155772345
v 0.00202523680816911 -0.0445970431005817 0.0384734894847999
v 0.000412893053491856 -0.0444854445828305 0.0389808630781733
v -0.000414157440862979 -0.0444955177674618 0.0389823569202619
v -0.0020124932828982 -0.044493576891281 0.0385761063779992
v -0.00202423167783468 -0.0445979930495761 0.0384718540816156
v -0.000816334284605002 -0.0445982985233704 0.0388378491186177
v -0.00123023761981157 -0.0444847218765367 0.0388436270464965
v 0.0012277839329852 -0.0444856271220491 0.0388447818870139
v 0.000826157646648102 -0.0445994049345522 0.0388428372845943
v -0.00109997813014238 -0.0476164243144527 0.0292852151125466
v -0.00109997999278835 -0.0468250273951174 0.0301022163497978
v -0.00261011067121986 -0.0468258506842459 0.0308955042408769
v -0.00473587937212278 -0.047616431765033 0.0350505682683262
v -0.00389305116041092 -0.0468250348456977 0.0351185138689602
v -0.00403560085388678 -0.046827541965985 0.0343963324887699
v -0.0043287529250513 -0.0476177654189154 0.0361876428681996
v -0.00383987634310743 -0.0476164280397428 0.0369495172345599
v -0.00309352667365633 -0.0468259251900494 0.0366252305666953
v -0.00256234707330543 -0.0468249603398942 0.0371364151337761
v -0.00344219956473026 -0.0476164243144527 0.0374045169478241
v -0.00363317409544178 -0.0468257836290227 0.035806061209505
v -0.00401425912196303 -0.0468258469589557 0.0334167818607593
v -0.00484712310902991 -0.047617798946527 0.0338469636787757
v -0.00465887386221102 -0.0476177281660137 0.0326542443924245
v -0.00375675902608915 -0.0468259065635985 0.0324696561742431
v -0.00178826935737345 -0.0468258134313441 0.0303595148170704
v -0.00327891745739533 -0.0468258730359869 0.031612447860527
v -0.00364612763404641 -0.0476164280397428 0.0308161164058909
v -0.00418178131003003 -0.0476177430671744 0.031545422407015
v -0.00299414333499706 -0.0476176909131119 0.030186389322347
v -0.00196004280204837 -0.0476177244407235 0.0295650758107659
v 0.00404677347010825 -0.0468250311204075 0.0341528138765741
v 0.00484699086116566 -0.0476177430671744 0.0338482340033448
v 0.00250010512822483 -0.0476176648360807 0.0298435432497804
v 0.00261120031911543 -0.0468258432336655 0.0308948560400703
v 0.00344815770354382 -0.0476177095395628 0.0305891529913056
v 0.0016789555545275 -0.0476164243144527 0.029458314530226
v 0.00178946634024334 -0.0468258432336655 0.0303588032863
v 0.00109997440485043 -0.0476164243144527 0.0292852151125466
v 0.00109997440485043 -0.0468250311204075 0.0301022163497978
v 0.00328015262450772 -0.0468258655854066 0.0316128725438141
v 0.00375728708622316 -0.0468258730359869 0.0324711053128278
v 0.00401452687732199 -0.0468258581348262 0.033417765337845
v 0.00465968131924133 -0.0476177095395628 0.0326572320766017
v 0.00309167823035657 -0.0468258693106967 0.036625357226623
v 0.00418316851562015 -0.0476177654189154 0.0315462419712532
v 0.00395686401454096 -0.0468273855037977 0.0348836118571409
v 0.00478230442607319 -0.0476164205891625 0.0347525188319581
v 0.00363126185651737 -0.0468257910796031 0.0358064225628282
v 0.00456705798848799 -0.0476162529511046 0.03563364352026
v 0.00402066010485723 -0.0476177505177547 0.0367104019174982
v 0.00256234334801348 -0.0468249603398942 0.0371364151337761
v 0.00344219770208428 -0.0476164205891625 0.0374045169478241
v -0.00439064026890435 -0.0444999918409611 0.0363937185705883
v 0.00289765128855298 -0.0444999918409611 0.0299243187560333
v -0.00475033862716771 -0.0444999620386397 0.0307494187780742
v -0.00385840221997798 -0.0445000663467646 0.0308208177243842
v -0.0042437054411411 -0.0444999918409611 0.0313565128501234
v -0.00425035322462702 -0.0444999955662513 0.0301273173672369
v -0.00455511377117124 -0.0444999918409611 0.0319385152179636
v -0.00105691561783891 -0.0444999992915415 0.0283480136038959
v -0.00526734535429238 -0.0444999918409611 0.0316787804097286
v -0.00560417181696326 -0.0444999992915415 0.0326863340576397
v -0.00478718642117451 -0.0444999955662513 0.0325566156652019
v -0.00499790569771669 -0.0444999992915415 0.0338550140347695
v -0.00497372110237311 -0.0444999918409611 0.0345141150456668
v 0.00325240758138231 -0.0444999918409611 0.0292505736223172
v -0.00570067969589813 -0.0444999918409611 0.0347964288486626
v -0.00575001699683096 -0.0444999992915415 0.0337373953907202
v 0.0040701752884807 -0.0444999918409611 0.029929733467943
v -0.00545758064738245 -0.0444999918409611 0.0358295715272637
v 0.00424497576569626 -0.0444999918409611 0.0313581147256798
v 0.00455567815290177 -0.0444999918409611 0.0319396179043931
v 0.00526640984035127 -0.0444999918409611 0.0316748427760935
v -0.00458778271893241 -0.0444999918409611 0.0374663195419639
v -0.00406670983564361 -0.044499988115671 0.0380736017412588
v -0.00403708771103658 -0.0444999955662513 0.0369510148019405
v 0.00478704486008039 -0.0444999918409611 0.0325566156652019
v 0.00572537512190044 -0.0444999918409611 0.0334699157004348
v -0.00207090469653056 -0.0444999955662513 0.0374805203550357
v -0.00256234521065946 -0.0444999955662513 0.0371364151337761
v 0.00499776041133061 -0.0444999918409611 0.0338570107912769
v -0.00232189763868965 -0.0444999955662513 0.0392670139319204
v 0.00560246516758837 -0.0444999918409611 0.0353180889368236
v 0.00486128992865671 -0.0444999918409611 0.0351667191473308
v 0.00406924862210798 -0.0444999918409611 0.0380708822781049
v 0.00361282166136168 -0.0444999918409611 0.0374565145734422
v 0.00325074167738813 -0.0444999918409611 0.0387501073163406
v 0.00256121085926049 -0.0444999918409611 0.0391478194893587
v 0.000794216527801791 -0.044499988115671 0.0397001573570702
v 0.00123015473206567 -0.0444999918409611 0.0388463167073144
v 0.00474606338899285 -0.0444999918409611 0.0372550321560791
v 0.00438837529139836 -0.0444999918409611 0.0363948138064338
v -0.00157126295217232 -0.0444999918409611 0.0395310179247777
v -0.0017323408508262 -0.0444999918409611 0.0293102118218099
v -0.00280140301590093 -0.0445000439950236 0.0289716516976797
v -0.00183039670498193 -0.0444999918409611 0.0285427364789403
v -0.0028946840935143 -0.0444999918409611 0.0299241175902657
v -0.00233317270043977 -0.0445000663467646 0.0295786116592172
v -0.00367712997932116 -0.0444999955662513 0.0295716136982111
v -0.00340606609545499 -0.0444999992915415 0.0303406126855052
v -0.00493525560033674 -0.0444999955662513 0.0331988113010416
v -0.00486299052443218 -0.0444999918409611 0.0351644169168801
v -0.00466754308224167 -0.0444999918409611 0.0357947139700987
v -0.00502840931953154 -0.0444999918409611 0.0368014033502678
v -0.00361282352400766 -0.0444999918409611 0.0374565145734422
v -0.00325040966074303 -0.0444999918409611 0.0387505357249197
v 0.000413585637652399 -0.0444999918409611 0.0389829157140607
v -0.000414155607320847 -0.0444999955662513 0.0389829157140607
v -1.86264597532178e-09 -0.0445000663467646 0.0397500129397931
v -0.00201235800823424 -0.0444999955662513 0.0385771196574209
v -0.00123029629315979 -0.0444999955662513 0.0388463167073144
v -0.000796890065060931 -0.0444999918409611 0.0397006155679851
v 0.00201235614558827 -0.0444999918409611 0.0385771196574209
v 0.00182762345795542 -0.0444999918409611 0.0394574992873244
v 0.00256234148536751 -0.0444999918409611 0.0371364151337761
v 0.00207090283388458 -0.0444999918409611 0.0374805203550357
v 0.00340889359204553 -0.0444999918409611 0.0303414173485754
v 0.00403609492073173 -0.0444999918409611 0.0369506199209894
v 0.00526342867546777 -0.0444999918409611 0.0363265254789367
v 0.00466527996738165 -0.0444999918409611 0.0357964127032469
v 0.00497272831206826 -0.0444999918409611 0.0345165141337093
v 0.00574973806559615 -0.0444999918409611 0.0342668003609316
v 0.00493553685987901 -0.0444999918409611 0.0331999139874711
v 0.00560327588424913 -0.0444999918409611 0.0326823181928728
v 0.00386059082899899 -0.0444999918409611 0.0308222184341731
v 0.00474883780017309 -0.0444999918409611 0.0307461982631475
v 0.00233564629429499 -0.0444999918409611 0.0295782167782661
v 0.00232521431267946 -0.044499988115671 0.0287343282460659
v 0.00173290709520269 -0.0444999918409611 0.0293093177517319
v 0.00131793797725212 -0.0445000253685727 0.028396040068251
v 0.000531107422819351 -0.0444999918409611 0.0282738132380082
v -1.86264597532178e-09 -0.0445000663467646 0.029950015820191
v 0.00110004518539749 -0.0444999918409611 0.0291225167101076
v 0.00110004518539749 -0.0444999918409611 0.0301022163497978
v 0.000555051212962932 -0.0445000179179924 0.0299837911800324
v -0.000268212347501014 -0.0445000812479253 0.0282502954696655
v -0.000555050165224571 -0.0444999806650906 0.0299837911800324
v -0.00110004891068944 -0.0444999955662513 0.0301022163497978
v -0.00110004891068944 -0.0444999955662513 0.0291225167101076
v -0.00383994526100852 -0.0460335671458491 0.0369496140921517
v -0.00338804336582852 -0.0468241333254755 0.0362323948008942
v -0.00382288994313548 -0.0468225314507006 0.0353539970263301
v -0.00391424062102618 -0.0468241146990247 0.0329352617938072
v -0.00327891862154907 -0.0468241892048281 0.031612447860527
v -0.00418233079059275 -0.0460322446678372 0.0315457837603382
v -0.00365079542486057 -0.0468250348456977 0.032247014098368
v -0.00299421714234383 -0.0460323378000916 0.0301862254094993
v -0.00195955246049537 -0.0460323228989309 0.0295646883803988
v -0.0017890463135759 -0.0468241631277969 0.0303599152859594
v -0.00110005077333541 -0.0460335671458491 0.0292852151125466
v -0.00109997999278835 -0.0468250273951174 0.0301022163497978
v -0.00260946503155867 -0.0468241482266362 0.0308949584856001
v -0.00364648153678172 -0.0460335671458491 0.0308160120977151
v -0.00292346383647899 -0.0468250311204075 0.0368036198990028
v -0.00344219956473026 -0.0460336379263624 0.0374045169478241
v -0.00465903032447295 -0.0460322968218996 0.0326544232064401
v -0.00405537889451424 -0.0468242003806987 0.0339059611280459
v -0.0048201403537699 -0.0460335671458491 0.0335466120119568
v -0.00482861539295762 -0.0460322334919667 0.0344517797347721
v -0.00399953863082006 -0.0468250348456977 0.0346390166355595
v -0.00465269593117238 -0.0460335671458491 0.0353406157774965
v -0.00432864582290772 -0.0460322632942881 0.0361881197055746
v -0.00256234707330543 -0.0468249603398942 0.0371364151337761
v 0.00110004332275151 -0.0460335671458491 0.0292852151125466
v 0.00418283370500609 -0.0460322744701586 0.0315461823665813
v 0.0032797083834426 -0.0468241407760559 0.0316122280682995
v 0.00478202316653092 -0.0460336379263624 0.0347526156895499
v 0.0045655101296825 -0.0460322632942881 0.0356329990447454
v 0.00363124788667255 -0.0468240923472836 0.0358064411892881
v 0.00344219583943831 -0.0460336342010722 0.0374045169478241
v 0.00402081656711915 -0.0460322558437077 0.0367101336964748
v 0.00256234334801348 -0.0468249603398942 0.0371364151337761
v 0.00309169220020138 -0.0468242376336004 0.036625368402499
v 0.00395727938459346 -0.0468226581105665 0.0348820099815845
v 0.00405530857962867 -0.0468242003806987 0.0339072016502791
v 0.00465963382176896 -0.0460322670195783 0.0326566956345549
v 0.00484686652954681 -0.0460322595689979 0.0338484314438204
v 0.00396524359312244 -0.0468249603398942 0.0331758113482857
v 0.00375715739949713 -0.0468241892048281 0.0324708184653445
v 0.00261222919818604 -0.0468241631277969 0.0308957333463343
v 0.00344832557451234 -0.0460322521184176 0.0305896130648666
v 0.00249874562949359 -0.0460322334919667 0.0298429527909998
v 0.00109997440485043 -0.0468250311204075 0.0301022163497978
v 0.00167888104868848 -0.0460335671458491 0.0294584188384018
v 0.00179068998223375 -0.0468241184243148 0.0303594235474166
v -0.00497372110237311 -0.0444999918409611 0.0345141150456668
v -0.00478643763749243 -0.0444956518779081 0.0325559525632274
v -0.0042437054411411 -0.0444999918409611 0.0313565128501234
v -0.00361250408022289 -0.0444979429313653 0.0374565406504861
v -0.00469302594183004 -0.0445892199912157 0.0326519011837618
v -0.00229978081320943 -0.0445971101558048 0.0296888635383532
v -0.00289189664381223 -0.0444919414888945 0.0299237301598986
v -0.00233224324009808 -0.0444958083400954 0.029578704791517
v -0.00439065796404112 -0.0444908797811948 0.0363911406685302
v -0.00499723235119661 -0.0444963112542689 0.0338617568132742
v -0.00466648789329665 -0.0444908127259717 0.0357940471428322
v -0.00453595831996103 -0.0445962347126138 0.0358310281164324
v -0.00486161822000986 -0.0444915279816852 0.0351639177277532
v -0.00493384464601043 -0.044493062801237 0.0331979470332995
v -0.00476465771810299 -0.0445910938121733 0.0350974734197919
v -0.00490647539171055 -0.0445937760210988 0.0338131119504485
v -0.00455404368105842 -0.0444915689598771 0.0319394837938814
v -0.00422004145534762 -0.0445935376025276 0.0314913386178817
v -0.00386154706487657 -0.0444962665507868 0.0308261020510743
v -0.00358981961338169 -0.044595746699601 0.030676729018089
v -0.00340519065184659 -0.0444933980773526 0.0303416483166789
v -0.00307906485747318 -0.0445950910485303 0.0301928005498644
v -0.00415951849967149 -0.0445995576714493 0.0365968922705156
v -0.0011054899324141 -0.0445994906162262 0.0292091390621411
v -0.0017323403851647 -0.044478914149155 0.02931456110021
v -0.00110054716848784 -0.0444813914671209 0.0291263891511328
v -0.00351032351297018 -0.0445946477389996 0.0374327323093681
v -0.00403441341707751 -0.0444796592071899 0.0369482059317789
v 0.00110167185741081 -0.0445973783766973 0.0292298908011801
v 0.0034090314278477 -0.0444919601153454 0.0303436376226024
v 0.00386059082899899 -0.0444999918409611 0.0308222184341731
v 0.00478656522874174 -0.044495543844493 0.0325569062379772
v 0.00499776041133061 -0.0444999918409611 0.0338570107912769
v 0.0040329721947541 -0.0444792792275921 0.0369473416640368
v 0.00414269880651433 -0.0445986300741959 0.0366264003083807
v 0.00110029757392714 -0.044494731731235 0.0291233213731777
v 0.00173343422401371 -0.0444953575799843 0.0293101186895101
v 0.00464738459617375 -0.0445923529602522 0.0324948652251499
v 0.00466440359245026 -0.044495927549381 0.0357972620698209
v 0.00282781417167726 -0.0445964805817653 0.0300091455173269
v 0.00424198202795243 -0.0444951675901854 0.0313553431084381
v 0.0028970012251076 -0.0444909915399001 0.0299255313385765
v 0.00422095554886001 -0.0445947296953834 0.0314896175329816
v 0.00343223766839274 -0.0445904567875535 0.0305185810598176
v 0.00455554264540706 -0.0444922544132691 0.0319423373675469
v 0.00493417619699404 -0.0444920532475997 0.0332006478699934
v 0.00497194506943564 -0.0444950632820606 0.0345128856993096
v 0.00481767840145202 -0.0445994533633244 0.0330832713699236
v 0.00454807948864544 -0.0445933587885993 0.0357835194676641
v 0.00485955580525369 -0.0444926343928669 0.0351682018135435
v 0.00476830617590715 -0.0445914886929318 0.0350818718969313
v 0.00490900812457549 -0.0445944987273926 0.033874165760898
v 0.00361172060475952 -0.0444934427808347 0.0374562649788787
v 0.00438742767025842 -0.0444912374090516 0.0363940054180717
v 0.0020705773365004 -0.0445976242458488 0.0295488279497448
v 0.0023096893913059 -0.0444816298856921 0.0295693580339102
v 0.00351041897357642 -0.0445979967748663 0.0374324491871767
v 0.00209301523558062 -0.0430000149281551 0.0285997390343491
v 0.00544199775115291 -0.0444999918409611 0.0321247351140373
v 0.00556296356872823 -0.044499988115671 0.03551190842856
v 0.00476955508003361 -0.0444999992915415 0.0372724776984755
v 0.00444170703662527 -0.042999970224673 0.0376906044716073
v 0.00326119507943239 -0.0444999918409611 0.0387658951038008
v 0.00287646601889117 -0.0429999664993828 0.0390132284149959
v 0.00164303349557043 -0.0444999918409611 0.0395257131089818
v 0.00112384828756225 -0.0429999888511239 0.0396548876087888
v 0 -0.0430000074775747 0.0397500129397931
v 9.66770559383628e-07 -0.0445000365444432 0.0397692876005574
v 0.00576973450146422 -0.0444999918409611 0.033658970543714
v 0.00573469254273049 -0.0429999888511239 0.0332791211457954
v 0.00555355487824538 -0.0429999851258337 0.0356660014064986
v 0.00505502094258097 -0.0429999814005435 0.0311863266107814
v 0.00462384540766062 -0.0444999955662513 0.0305113409548321
v 0.00288022926225356 -0.0444999769398004 0.0289887302988149
v 0.0038353163529291 -0.0430000149281551 0.029695153693881
v 0.00112267097889047 -0.0445000030168317 0.0283437965733615
v -1.86264597532178e-09 -0.0445000663467646 0.0282500086221822
v 9.5831702975515e-07 -0.042999970224673 0.0282306222026581
v -0.00478308673738283 -0.0460335671458491 0.0347514161455286
v -0.00465269593117238 -0.0460335671458491 0.0353406157774965
v -0.00344465546344872 -0.0460355005714495 0.0374056196342536
v -0.00412730217488232 -0.0458927064737789 0.0366617309776285
v -0.0041906973306524 -0.0460405446143455 0.036441052130633
v -0.00471068801662954 -0.0458911418519057 0.032616093677139
v -0.00463671116907366 -0.0460048339827348 0.0326638668216387
v -0.00322129720264099 -0.0460336379263624 0.0303867168991927
v -0.00364648153678172 -0.0460335671458491 0.0308160120977151
v -0.00487638155201026 -0.0458924978575292 0.0334353524413371
v -0.00447553035922964 -0.046044467344899 0.0358760929736542
v -0.00487220363708762 -0.0460485167353185 0.0338562843593386
v -0.00490034868343622 -0.0458904862008351 0.0344195932119651
v -0.00420939270830671 -0.0460487179009879 0.0315425949103934
v -0.00417851003803587 -0.0458966888089753 0.0314173803959734
v -0.00346872806720303 -0.045891126950745 0.0305230718993134
v -0.00264520641385613 -0.04589059050896 0.0298568481301283
v -0.0027696439706987 -0.0460429846794097 0.0300196098625312
v -0.00110496198869547 -0.045892557462172 0.0292088224123218
v -0.00109984110924782 -0.0460425376445888 0.0292698035795775
v -0.00168240668827365 -0.0460436626822214 0.0294475540243085
v -0.00223495095437686 -0.0460410400779387 0.0296972361321042
v -0.0035074426981386 -0.0458937011262555 0.0374211429259824
v -0.00384833391998913 -0.0460427239090975 0.0369579512956288
v -0.00475957222892887 -0.0458902477822639 0.0352474462247878
v 0.00455928423550999 -0.0460336342010722 0.0323716176649014
v 0.00482870014334949 -0.045889480372488 0.0329970643879471
v 0.00110522881273144 -0.045892002393936 0.0292078147208381
v 0.00109984693001649 -0.0460423774571113 0.0292697029966938
v 0.00347695164918408 -0.045891339292285 0.030530768352568
v 0.0032237726591422 -0.0460335671458491 0.0303873129459113
v 0.00364803312087917 -0.0460335634205589 0.030816518737426
v 0.00472651445382035 -0.0460335671458491 0.0329520107066012
v 0.00446543761201236 -0.0460432529003022 0.0358910872739202
v 0.00474484102757154 -0.0458904116950316 0.0352991346511706
v 0.00478202316653092 -0.0460336379263624 0.0347526156895499
v 0.00465085377430278 -0.0460335671458491 0.0353424188188204
v 0.00422686479321672 -0.0458947740098257 0.0315193304619062
v 0.00433102907843314 -0.0460411704630948 0.0318137253868306
v 0.00402025823898805 -0.0460412188918671 0.0312840521955957
v 0.00350708204331163 -0.0458936787745144 0.037420856078499
v 0.00384868921970892 -0.0460447318405014 0.0369582046154842
v 0.00344456791908788 -0.0460356980118288 0.0374056196342536
v 0.00277806895127583 -0.0460423849076916 0.030023674156094
v 0.00224450260293831 -0.046040276393453 0.0297009465229278
v 0.00260063422698967 -0.0458912424347405 0.0298272208829195
v 0.00487157173444049 -0.0460493288485765 0.0338610527330878
v 0.00489696937797549 -0.0458898342750546 0.034465511161053
v 0.00417611700361908 -0.0458923264941812 0.0365810001748796
v 0.00418473639786988 -0.0460412412436081 0.0364489236726111
v 0.00168381310240039 -0.0460427835137403 0.0294477831297659
v -0.00493497434079447 -0.0445999860798193 0.0338219371671765
v -0.0042490563573667 -0.045892151405543 0.0314838135280587
v -0.00110870055199869 -0.0458921327790921 0.0291964563055559
v -0.00252997056096239 -0.04460000098098 0.0297578056545949
v -0.0010999762674964 -0.0445999041234355 0.0292251187021389
v -0.00284406622347343 -0.0458921365043823 0.0299811760250543
v -0.00426306438642411 -0.0445999972556899 0.031475327312902
v -0.00495135305251696 -0.0458921439549626 0.0338215758138533
v -0.00442086682213038 -0.045892151405543 0.0362030730276287
v -0.00456467380163958 -0.0445999711786586 0.0358448079715091
v -0.00350534512593964 -0.0458921476802528 0.0374238139603403
v -0.00352814367984683 -0.0445999525522078 0.0374432227316163
v 0.00424904285318338 -0.0445999972556899 0.0314838135280587
v 0.00495134606759456 -0.0445999823545292 0.0338216689461531
v 0.0044209785808889 -0.0446000233327211 0.0362027675536853
v 0.00352811271335749 -0.0458921216032216 0.0374432599845362
v 0.00350541031854878 -0.0445999078487257 0.0374238139603403
v 0.00456467287031659 -0.0458921365043823 0.0358448228726771
v 0.00489344478612869 -0.0458921849331545 0.0343797772911594
v 0.00385509299657208 -0.0458921551308332 0.0309008109193188
v 0.00478443389608448 -0.0458921439549626 0.0328353271108418
v 0.00225233246812632 -0.0458921402296725 0.0296262600064352
v 0.00284396773606749 -0.0445999674533685 0.0299811126950905
v 0.0011086974087836 -0.0445999898051095 0.0291964544429099
v 0.00110004332275151 -0.0458921476802528 0.0292251187021389
v -0.00400177613429792 -0.0429999664993828 0.0300030770166727
v -0.00502873109162378 -0.0430000112028649 0.0311993334677699
v -0.00275304989053531 -0.042999713179651 0.0290592873291349
v -0.00517611155743664 -0.0429998696418383 0.031720071546163
v -0.00545729705953271 -0.042999821213066 0.0321698185977191
v -0.00232161568065514 -0.0429996759267492 0.028732953613321
v -0.00565005064998141 -0.0429996312232671 0.0337420222033737
v -0.00570046828557993 -0.0430000223787354 0.0332024956148212
v -0.00575011804537512 -0.0429996573002984 0.0342618494478749
v -0.00526729645983553 -0.0430004284353644 0.036321105179089
v -0.00494125564868474 -0.0430001453133112 0.0367520469566717
v 0.00494164168206313 -0.0430001527638915 0.0312471475904814
v -0.00154389882014887 -0.0430000074775747 0.0394348159843879
v 0.000780854313028639 -0.0430002198191147 0.0396009342048752
v 0.00536309886160724 -0.0430002719731771 0.0322019194388103
v 0.00560160183117881 -0.042999884542999 0.0332185031945089
v 0.00458771007573937 -0.0430000037522846 0.0374662152337882
v 0.00466440731774221 -0.0429999814005435 0.0371971597449903
v 0.00399892628595568 -0.0430003725560118 0.0379995801893866
v 0.00324902990573681 -0.0429995902450752 0.0387513701903258
v 0.00517204912656446 -0.0429995529921735 0.0362857409822132
v 0.00232156259524484 -0.0429998286636464 0.0392671033389282
v 0 -0.0430000074775747 0.0397500129397931
v 0.00399946272799657 -0.0430000037522846 0.0300006220492502
v -0.00227966866046014 -0.0430000186534453 0.0391761875878744
v -0.0031916380579452 -0.0430003055007887 0.0386694361182636
v 0.00346623887368776 -0.0430000074775747 0.0294123146247144
v -0.00407246494604586 -0.0429997280808117 0.038067764208708
v 0.0028009105788712 -0.0429999329717713 0.0289714691583721
v -0.00450794971243012 -0.0430000074775747 0.0374061188233805
v -0.00475091139080512 -0.0430001900167933 0.0372497422414511
v -0.000263191643482221 -0.0429997392566822 0.0283502916199488
v 0 -0.0430000074775747 0.0282500086221822
v -0.00560135875587903 -0.0429995492668833 0.0347835914924597
v -0.00536252376966236 -0.0430004582376858 0.035798096535227
v -0.00179866769494606 -0.0429996535750082 0.028637716523557
v -0.00103845865886945 -0.0430000074775747 0.028446316608969
v 0.000796954792008574 -0.0430003464789806 0.0282994357963261
v 0.000521846347030051 -0.0430000074775747 0.0283734126446943
v 0.00129475781375074 -0.0430001490386014 0.0284934154756182
v 0.00183017120840354 -0.0429998659165481 0.0285427718692143
v 0.00228525869386283 -0.0429998435648071 0.0288261306166137
v 0.00319691633097777 -0.0429999366970614 0.0293338990909382
v 0.00407241837989648 -0.0430001639397621 0.0299322238256393
v 0.00450886613424998 -0.0429999366970614 0.0305945136864814
v 0.00475090300889823 -0.0430001564891817 0.0307502774578782
v 0.00526729226888208 -0.0430002384455655 0.0316789219708243
v 0.00560421372649771 -0.0429998882682892 0.0326867214880068
v 0.00575011571706765 -0.0429998249383562 0.0337381963284984
v 0.00564986019443043 -0.0429998733671285 0.0342620468883504
v 0.00570046735425694 -0.0429998435648071 0.0347975240845081
v 0.00550487555700334 -0.0429998435648071 0.0352953758315511
v 0.00545730451011661 -0.0429995343657226 0.0358301862004423
v 0.00502873202294677 -0.0429999851258337 0.0368006918194974
v 0.00406788889054599 -0.0429995343657226 0.0380723016143537
v 0.00319468604525307 -0.0430002496214361 0.0386672344706966
v 0.00251673459866175 -0.0430000037522846 0.0390583156239697
v 0.00179687559668705 -0.0429998770924186 0.0393622733734364
v 0.00157161499226165 -0.0430000074775747 0.0395309210671859
v 0.000796572076468332 -0.042999798861325 0.039700652820905
v -0.00078363710611577 -0.0429998547406776 0.0396013812399142
v 0 -0.0430000074775747 0.0396500112015719
v -0.000797011311672388 -0.0430002198191147 0.0397005894909412
v -0.00183024571424255 -0.0430000186534453 0.039457234791593
v -0.00280092641136199 -0.0430002756984673 0.0390285617168332
v -0.00346624073633373 -0.0430000112028649 0.0385877143878449
v -0.00399661241399283 -0.0430001080604094 0.0380022325972846
v -0.00560421512348219 -0.0429995753439145 0.0353133131124904
v -0.00550660781776039 -0.0430000149281551 0.0327091067675841
v -0.00466836264647081 -0.0430000186534453 0.0308067323953642
v -0.00458771380103132 -0.0430000112028649 0.0305338137787711
v -0.00406784651535005 -0.04300011923628 0.0299276882826396
v -0.00340606609545499 -0.0429999366970614 0.0294921178297574
v -0.00324904457407387 -0.042999735531392 0.0292486644101715
v -0.0015716187175536 -0.0430000112028649 0.0284691153959573
v -0.000796539072709957 -0.0429997914107446 0.0282993780543002
v 0.00561418027945016 -0.0429999851258337 0.0349671478047594
v 0.00436716161638542 -0.042999970224673 0.0303763028454303
v 0.00496689031392011 -0.0419999682314482 0.0312348913798292
v 0.0037685002149946 -0.0419999309785464 0.0297699407932574
v 0.00283034620604996 -0.0429999739499632 0.029076013890177
v 0.00205645033093131 -0.0420000054843499 0.0286935474746343
v 0 -0.0430000074775747 0.0283500103604034
v 9.41278946359611e-07 -0.0420000241108008 0.0283309890194945
v 0.00110339236021514 -0.042999992576414 0.0284422020239643
v 0.00545752849329514 -0.0429999963017042 0.0323631910544165
v 0.00563489895629516 -0.0419999347038366 0.0332915226428353
v 0.00551040668422706 -0.041999986857899 0.0353744377034878
v 0.00454083984940086 -0.0420000129349302 0.0374305418376771
v 0.00282645700125349 -0.0419999235279661 0.0389260267800577
v 0.00468692158530742 -0.0430000372798961 0.0372151119270976
v 0.00320458856975012 -0.0429999553235123 0.0386829626534849
v 0.0016149468897393 -0.0430000074775747 0.039429473915672
v 9.50571144161914e-07 -0.042999992576414 0.039668902157261
v 0 -0.0420000166602204 0.0396500112015719
v 0.00110403590439962 -0.0420000203855106 0.0395566330325116
v -0.00105366157532003 -0.0419999458797071 0.0378585182828345
v -0.000783024295589889 -0.0420000315613811 0.03960142966871
v 0.00319385157985612 -0.0419999570555776 0.0386677932644953
v 0.00494130128351114 -0.0419999831326088 0.0367518942197001
v 0.00536241014825786 -0.0419999272532562 0.0357983014262866
v 0.00321210318210681 -0.0420000166602204 0.036384613956961
v 0.00450794784978414 -0.0420000166602204 0.0374059176576129
v 0.00247091350766884 -0.0420000166602204 0.0371464138174814
v 0.00399679681594439 -0.0420000166602204 0.0380018228151656
v 0.00350003658490997 -0.0420000166602204 0.0359365134844651
v 0.00203102172090697 -0.0419999458797071 0.0374465158897368
v 0.00550644017962261 -0.0419999272532562 0.0327083468080178
v 0.00350003658490997 -0.0420000166602204 0.0320635136654481
v 0.00275238585724511 -0.0419999905831892 0.0290590246960495
v 0.000530613821635891 -0.0420000166602204 0.0379646145987539
v -0.00340592453436086 -0.0419999496049973 0.0385079186333859
v 0.00155690753964051 -0.0420000166602204 0.0303159139996012
v -0.00517543169165564 -0.0420000203855106 0.0362813451376632
v -0.000783048801026002 -0.0420000166602204 0.0283985881679732
v 0 -0.0420000166602204 0.0300000166893016
v 0 -0.0420000166602204 0.0283500103604034
v -0.00350003844755595 -0.0420000166602204 0.0359365134844651
v -0.00550644250793008 -0.0419999309785464 0.0352916877924794
v -0.00536240642296591 -0.0419999309785464 0.0322017145477507
v -0.00560138064196924 -0.0420000390119615 0.0332166479990971
v -0.00450794971243012 -0.0420000166602204 0.0305941188055303
v -0.00494128126006691 -0.041999986857899 0.0312480956772933
v -0.00247091723296079 -0.0420000166602204 0.0308536151950779
v -0.00350003844755595 -0.0420000166602204 0.0320635136654481
v -0.00565004739035095 -0.0419999756820285 0.0342583849263227
v -0.00228158695298398 -0.0419999943084794 0.028824672164799
v 0.00105366157532003 -0.0419999458797071 0.0301415181803087
v 0.000531602886648787 -0.0420000166602204 0.0300355187219811
v 0.000783054039717808 -0.0420000315613811 0.0283986030691412
v 0.00179738246922308 -0.0420000054843499 0.0286372843896859
v -0.00275237840666121 -0.0419999905831892 0.0389410099044477
v -0.00179745744072359 -0.0420000017590597 0.0393627241337674
v 0 -0.0420000166602204 0.0396500112015719
v 0.00466801293468894 -0.0419999421544169 0.0308064194708369
v 0.00105217518383172 -0.0420000166602204 0.0378591143295532
v -0.00321154066302226 -0.0420000203855106 0.0363839136020666
v -0.00321210504475278 -0.0420000166602204 0.0316154131929523
v -0.00286703683930259 -0.0420000203855106 0.0312097158565503
v -0.00399682568695701 -0.0420000203855106 0.0299982322744377
v -0.003193823174505 -0.041999964506158 0.029332211533666
v -0.00203102172090697 -0.0419999458797071 0.0305535131228224
v -0.00155521253180297 -0.0420000166602204 0.0303145132898124
v -0.00105217518383172 -0.0420000166602204 0.0301409146830061
v -0.00154432164078526 -0.0420000166602204 0.0285653173363471
v -0.000530613821635891 -0.0420000166602204 0.0300354144138053
v 0.00203236655130115 -0.0420000166602204 0.0305555173299139
v 0.00247169209368652 -0.0419999421544169 0.0308559174255286
v 0.00340592267171489 -0.0419999458797071 0.0294921178297574
v 0.00400152467709125 -0.0419999570555776 0.030002922417055
v 0.00286717840039672 -0.0420000166602204 0.0312118169212336
v 0.00321153880037628 -0.0420000166602204 0.0316161135478467
v 0.00517543821091656 -0.0420000203855106 0.0317187006387101
v 0.00560137365704683 -0.0420000352866713 0.0347834164037361
v 0.00565004645902797 -0.0419999682314482 0.0337416645753425
v 0.00286703497665662 -0.0420000166602204 0.0367903131560089
v 0.00228160837341269 -0.0419999905831892 0.0391753568477603
v 0.00155521253180297 -0.0420000166602204 0.0376855157227469
v 0.00154432164078526 -0.0420000166602204 0.0394347191267961
v 0.000784229660366669 -0.0420000166602204 0.0396013402617022
v 0 -0.0420000166602204 0.0380000123232577
v -0.000531602886648787 -0.0420000166602204 0.0379645177411621
v -0.00155690753964051 -0.0420000166602204 0.037684115012958
v -0.00203236655130115 -0.0420000166602204 0.0374445191332294
v -0.0024716939563325 -0.0419999458797071 0.0371441190376146
v -0.00286718026304269 -0.0420000166602204 0.0367882195419097
v -0.0040015284023832 -0.0419999607808678 0.0379971065955042
v -0.00466803714908662 -0.0419999496049973 0.0371935834646784
v -0.00178976215170729 -0.0419999794073187 0.0303753268189285
v 0.000265660173268703 -0.0420000017590597 0.0299663679893879
v -0.00356380031175242 -0.0420000017590597 0.0320221666496339
v -0.00240987716019576 -0.037449999395409 0.0307562211612507
v -0.00351364018695999 -0.0374500031206992 0.032054736877516
v -0.000513947680356326 -0.0374499956701188 0.0299921209329255
v 0.00151206678250748 -0.037449999395409 0.0302534520287789
v 0.00224761811116278 -0.0419999905831892 0.0306413368815233
v 0.00352264701157366 -0.0420000129349302 0.0320489440484692
v 0.00351350840475723 -0.0374500031206992 0.0320547927568959
v 0.00276534870907961 -0.037449999395409 0.031100060024133
v -0.00350003844755595 -0.0420000166602204 0.0320635136654481
v -0.00349970922487981 -0.037174353999543 0.032752338781146
v -0.00349996766700889 -0.0374499956701188 0.0320635136654481
v -0.00349996766700889 -0.0369999955182257 0.033406317515555
v -0.00349970922487981 -0.0371743577248331 0.0352476995446432
v -0.00350003844755595 -0.0420000166602204 0.0359365134844651
v -0.00349996766700889 -0.0369999955182257 0.0345937170849423
v -0.00349996766700889 -0.0374499956701188 0.0359365134844651
v 0.00178975784433848 -0.0419999794073187 0.0376247077815687
v 0.000513977424484244 -0.0374499956701188 0.0380079099422797
v 0.00240987879001099 -0.037449999395409 0.0372438190271845
v 0.00356379868193719 -0.0420000017590597 0.0359778605002794
v 0.00351364018695999 -0.0374500031206992 0.0359452865471052
v -0.000265698153784293 -0.0420000017590597 0.0380336628858173
v -0.00276538363369165 -0.037449999395409 0.0368999410487363
v -0.00224765163879034 -0.0419999905831892 0.037358677229868
v -0.00151204396509429 -0.037449999395409 0.0377465918849483
v -0.00352264910705038 -0.0420000129349302 0.0359510831014441
v -0.00351351213004919 -0.0374500031206992 0.0359452343930174
v 0.00349970922487981 -0.0371743577248331 0.0352476995446432
v 0.00349996766700889 -0.0374499956701188 0.0359365134844651
v 0.00349996766700889 -0.0369999955182257 0.0345937170849423
v 0.00349970922487981 -0.037174353999543 0.032752338781146
v 0.00350003658490997 -0.0420000166602204 0.0359365134844651
v 0.00350003658490997 -0.0420000166602204 0.0320635136654481
v 0.00349996766700889 -0.0369999955182257 0.033406317515555
v 0.00349996766700889 -0.0374499956701188 0.0320635136654481
v -0.00269782662832046 -0.0369999955182257 0.0316939125457983
v -0.00323070170217039 -0.037449999395409 0.0316406110679832
v -0.00336010460752168 -0.0370009976212825 0.0328439027330064
v -0.00303625240539191 -0.0370011727099207 0.0321545784281816
v -0.00349996766700889 -0.0374499956701188 0.0320635136654481
v -0.00349948803567024 -0.0371703604884761 0.032765138884429
v -0.00349996766700889 -0.0369999955182257 0.033406317515555
v 0 -0.037000066298739 0.0304500096101291
v -0.00049956665644236 -0.0374511691365237 0.0300246464573038
v 0.000573080403642626 -0.0370003196184708 0.0304917887598144
v 0.00165888216809758 -0.0370014036779115 0.0308567127753688
v 0.00235047994118096 -0.0374512101147156 0.0307560646989871
v 0.00269839101005098 -0.0369999917929355 0.0316923106702419
v 0.00308212565047213 -0.0374511840376844 0.0314407566032204
v 0.00229449276128549 -0.0370003270690512 0.0312841267014356
v 0.00303737930620697 -0.0370012807433358 0.032153945128543
v 0.00349996766700889 -0.0374499956701188 0.0320635136654481
v 0.00336151742449397 -0.0370008970384478 0.0328433290380397
v 0.00349956067886328 -0.0371702114768692 0.0327653363249046
v 0.00349996766700889 -0.0369999955182257 0.033406317515555
v 0.000501642226135736 -0.0374512585434879 0.0300251363332006
v -0.000573107703047702 -0.0370003121678905 0.0304918874800522
v -0.0012329822286562 -0.0374499956701188 0.0301946184923563
v 0.00112889570890925 -0.0369999917929355 0.0306340166827599
v 0.00147213677507302 -0.0374509791467248 0.0302738442771406
v -0.00182412459390615 -0.0369999917929355 0.030955412524039
v -0.00131095317126004 -0.0370006846969079 0.0306968418695514
v -0.00273696524404616 -0.0374512287411665 0.0310730386186723
v -0.0019257703489332 -0.0374512101147156 0.0304861561183232
v -0.00229490207773856 -0.0370003419702119 0.0312864177560104
v 0.00257265029951793 -0.0370003345196315 0.0364519597855842
v 0.00336009366447658 -0.0370009976212825 0.0351561579445348
v 0.00349996766700889 -0.0374499956701188 0.0359365134844651
v 0.00349948803567024 -0.0371703642137663 0.0352348957160682
v 0.00349996766700889 -0.0369999955182257 0.0345937170849423
v -0.00057313069508396 -0.0370003196184708 0.0375082402527449
v -0.00165894235484565 -0.0370013999526214 0.0371432882975005
v -0.00235042382897096 -0.0374512101147156 0.0372440090170761
v -0.00229450207451536 -0.0370003270690512 0.0367158929978937
v -0.00269839101005098 -0.0369999917929355 0.0363077164796713
v -0.00308212681462586 -0.0374511840376844 0.0365592742719849
v -0.00349996766700889 -0.0374499956701188 0.0359365134844651
v -0.00303726661612547 -0.037001284468626 0.0358462533848018
v -0.00349955578941759 -0.0371702189274495 0.0352346982755927
v -0.00349996766700889 -0.0369999955182257 0.0345937170849423
v -0.00336139658533632 -0.0370009044890282 0.0351571004434087
v 0.000573007120165034 -0.0370003084426003 0.037508165746905
v 0.0012329822286562 -0.0374499956701188 0.0378054179707869
v -0.00112889570890925 -0.0369999917929355 0.0373660123297994
v -0.0014720793822939 -0.037450982872015 0.0377262108124626
v 0 -0.037000066298739 0.0375500119518461
v -0.000501706429214198 -0.0374512585434879 0.0379748889540666
v 0.00049954442110603 -0.0374511654112335 0.0379753993190695
v 0.00323070170217039 -0.037449999395409 0.0363594160819301
v 0.00303622493136377 -0.0370011727099207 0.0358454971505275
v 0.00198751287206167 -0.0370003307943413 0.0369462725052353
v 0.00192576906836409 -0.0374512101147156 0.0375138803448201
v 0.00131095340409079 -0.0370006846969079 0.0373031890056539
v 0.00273697059915334 -0.0374512287411665 0.036926994119179
v -0.0038507888873846 -0.052712557942944 0.0329950899831915
v -0.00386297827547785 -0.0527539235650393 0.0340000545531685
v -0.00330000330832822 -0.0524679553901003 0.0340000173002486
v 0.00249114347277606 -0.0520311129631028 0.031832482232008
v 0.00192542319828954 -0.052026393020452 0.0313191816990761
v -0.000594104612635263 -0.0520306547524113 0.0307518737454966
v -2.65821431298319e-06 -0.0520376657485193 0.0306835314012656
v -0.00249102170229542 -0.052030583971898 0.0318340319534765
v -0.00292622520913741 -0.0518707168693587 0.0322115865715283
v -0.00286582355828042 -0.0520300363542424 0.0323639584645668
v -0.00137854905936596 -0.052032420539954 0.0309904544831575
v 4.40434427921398e-05 -0.0517647435397708 0.0300805053480711
v 0.000365022295226159 -0.0519619380498564 0.0298485612180931
v 0.00109036978729405 -0.0523608383964289 0.0298826830300897
v 0.00120510004822086 -0.051867859571795 0.0300701825639625
v 0.00203639545454577 -0.0519604814613983 0.0303494639792771
v 0.00303721050391546 -0.0525389445196616 0.0311312071904744
v 0.00352405424060801 -0.052719889314007 0.033999849662109
v 0.00286336975503868 -0.0520297122539972 0.0323603002278311
v 0.00283577232660682 -0.0517922883353194 0.0319090295318505
v 0.00123216196593482 -0.0520328377724535 0.0309325634456088
v 0.00189553599587715 -0.0518588033913813 0.0311037853161245
v 0.00328388536704226 -0.0520216879789618 0.0340000098496646
v -0.00326430453405744 -0.0520287474038421 0.0335326719693244
v -0.00311318597060286 -0.0520302375199118 0.0329042934414814
v 0.00326559162242639 -0.0520292503180156 0.0335300903419743
v 0.0036637068211 -0.051759233835603 0.0339996894745534
v 0.00310707882011128 -0.0520272833648036 0.0329002477743786
v -0.00115567508651182 -0.0518723224694238 0.0307802437066582
v -0.0020411142352935 -0.0520280880274813 0.0314101868571377
v -0.00328298640752842 -0.0520218220894081 0.0340000359267086
v 0.000590406270843575 -0.0520290118994445 0.0307536134568566
v -0.00177094220960339 -0.0517456700540784 0.0306694535228295
v -0.00226581755932616 -0.0518012066799967 0.0312849015621698
v 0.000292371040423998 -0.0517758486297803 0.030408630929333
v 0.00310580826272536 -0.0518347268409849 0.0324480457554001
v 0.00395748055035879 -0.0517683086424675 0.0340000433772926
v 0.00150694438965998 -0.0517417361476544 0.0305618335624855
v -0.0015905939577657 -0.0517875274144767 0.0303429409929999
v -0.00360824025075463 -0.051761372152163 0.0340000135749566
v -0.00343608589497776 -0.0517883209012838 0.0330772922762771
v -0.00371526835415812 -0.0517541748915463 0.0328375399342848
v -0.00275154370843351 -0.0517895502470413 0.0311336025532249
v -0.00345729025676082 -0.0518854243149668 0.0317574287742542
v -0.00394743530061388 -0.0518501905204984 0.032952565775108
v 0.00342215400157459 -0.0519889277771692 0.0315725350821295
v 0.00317280391316573 -0.0517589730652908 0.0316806840339363
v 0.00262133194906744 -0.0517694821088724 0.0310526035294526
v -0.000708200293361358 -0.0519597215022027 0.0298792203711835
v -0.00202262374869648 -0.0519601983393451 0.030342032021754
v 0.00421234686482357 -0.0520975646892317 0.0333886149280111
v 0.00385249041448306 -0.051792001487976 0.0329286941040261
v 0.00399410855214051 -0.0521392208839606 0.0324998533911266
v -0.00422281586652786 -0.0521415268385785 0.0333982857860212
v -0.00399946226233508 -0.0517981929202457 0.0340000247508326
v 0.00348634078188418 -0.0522493739891241 0.0315431462536082
v 0.0023709730050322 -0.0523608570228798 0.0304616511476027
v 0.00423760201594146 -0.0521047395981074 0.0340000284761246
v 0.00289242796357669 -0.0521392804886034 0.0308734467869949
v -0.00306581841778894 -0.0520252009275962 0.0311076838341937
v 0.00365531071153549 -0.0525860657150761 0.032026949924551
v -0.0039090387164786 -0.052538162208725 0.0325350797521987
v -0.0039922300736744 -0.0521390755976438 0.0324949360056978
v -0.0030122810830125 -0.0524546561041781 0.0310164793730105
v -0.00428849555758667 -0.0523045418113151 0.0340000582784605
v -0.00069446648071613 -0.0527484287620322 0.0301346189395404
v -0.00109460241744222 -0.0523608607481699 0.0298838136562091
v 0.0017664640594326 -0.0523607750664959 0.0301243259577677
v 0.00164473874796084 -0.0526972022968456 0.0303244672700138
v -0.00177020460179716 -0.0523608234952682 0.0301260377294378
v -0.00237478351303621 -0.0523608719240405 0.030464199247325
v 0.000367613323089362 -0.0523606297801791 0.0297565669950077
v -0.000371628343800698 -0.0523606074284381 0.0297569246230389
v -0.00353777891464642 -0.0523525794281125 0.0316166909681054
v 0.00422431855616845 -0.0524595958389492 0.0339996000675456
v 0.00404490989280994 -0.0525383372973631 0.032972857440586
v 0.00376780428389207 -0.0527403746846754 0.0329822824293246
v 0.00401972133128566 -0.0526954663116244 0.0340000322014166
v -0.00321093809704924 -0.0527624097760563 0.0318506095028389
v -0.00412711078800836 -0.0525420141587652 0.0334051403232857
v -0.00214218000892998 -0.0527033900038251 0.0306135666923722
v 0.00289299071549198 -0.052749363809866 0.0314041258070674
v 0.0011557181602 -0.0526276436787113 0.0307802846848702
v 0.000291215792465491 -0.052750049263258 0.0301131333179791
v 0.00226583059784798 -0.052698856325683 0.0312846631434824
v -0.000292458992238645 -0.0527239908584889 0.0304091245305219
v -0.0034327729462799 -0.0526879412254723 0.033292118689554
v -0.00342644018279455 -0.0526374970712223 0.0339998161344811
v 0.00330427784801083 -0.0527382587198564 0.0324341168886437
v -0.00189536975472385 -0.0526410249210174 0.0311038970748843
v 0.00059316799274811 -0.0524693821762371 0.030751698656773
v 0.00292625524430376 -0.0526293312351603 0.0322115530439004
v 0.00340969150301521 -0.0526633356838712 0.0333297813915885
v 0.00326416320579406 -0.0524711665902306 0.033532407473593
v 0.00137774102025879 -0.0524675493334713 0.0309900838166044
v -0.00326520116526381 -0.0524707866106328 0.0335280488819629
v 0.00248914927742873 -0.0524693821762371 0.0318319122623333
v 0.00204030887373992 -0.0524719414505868 0.0314095535574991
v 7.40102835518038e-07 -0.0524623302019372 0.0306834978736376
v -0.00123073040608741 -0.0524671321009718 0.0309319506350762
v -0.000591976481400771 -0.0524709467981103 0.030753911480216
v -0.00192427394572277 -0.0524736476334867 0.031318324881918
v -0.00286357627591119 -0.0524702762458789 0.0323606802076142
v -0.00296806675700405 -0.0526566189856869 0.032204217943969
v -0.00310704226568401 -0.0524727759155859 0.0329001658179548
v 0.00329999585774432 -0.0524679553901003 0.0340000173002486
v 0.00286528082980936 -0.0524700378273078 0.0323630159656929
v 0.00311329377123868 -0.0524697919581563 0.0329045504866289
v -0.00249033345460754 -0.052468823382711 0.0318315248319662
v -0.00036502671901035 -0.0519619566763073 0.0381514864209261
v -0.00109037362900138 -0.0523608458470093 0.0381173478451156
v -0.00303719606840915 -0.0525389594208222 0.0368688348606069
v -0.000308714332769121 -0.0520341043711127 0.0372987559081839
v 4.00770109473004e-05 -0.0518104416743387 0.037484815616702
v -0.00211492437603459 -0.0520335269511357 0.0365416834432008
v -0.00333881968630019 -0.0518595037459341 0.0348759228544703
v -0.0029621116449902 -0.0520294216813637 0.0354650107276784
v -0.00162124274955126 -0.0520298202874123 0.0368756260679075
v -0.00114374309280928 -0.0518703629667921 0.0372269434544628
v 0.00044977536465689 -0.0520336536110016 0.0372758565383119
v 0.00116532976267878 -0.0520293583514307 0.037091033626735
v -0.00104221421881719 -0.0520338734031219 0.0371392910591936
v 0.00288915389761357 -0.0520311986447768 0.0355986518525833
v 0.00296513704771561 -0.0518018064517147 0.035900430306235
v 0.00201677946411816 -0.0520263371410993 0.0366099866718659
v 0.00218726256079368 -0.0518282820889834 0.0367010141816795
v 0.0025287884792603 -0.0520242658797624 0.03610457258208
v 0.00311898694866225 -0.0520278198065887 0.0350671756200246
v -0.00320935368381648 -0.0520298463644435 0.0347680644754389
v -0.0032966721988321 -0.0520248656514805 0.0340004941376235
v -0.00238938176803705 -0.0517762584116995 0.0366824771287295
v -0.00249621964872031 -0.0520251599494043 0.036146474666401
v 0.00348235844478894 -0.0517832694078075 0.0346991353977192
v 0.00326565169275909 -0.0520290156247347 0.0344598971460217
v 0.00328281644108318 -0.0520218928699214 0.0339999949484967
v -0.00308414894966282 -0.0518241768192113 0.0356114370546983
v 0.00115234921570751 -0.051874442159533 0.0372177755108716
v 0.00241303527644692 -0.0517472570276927 0.0370673742972966
v -0.00421233010100979 -0.0520976429203254 0.0346116282888376
v -0.00329197064755964 -0.0517461431659305 0.0358003577874659
v -0.00419209617777987 -0.0519771372337675 0.0339999688714527
v -0.00372017083836516 -0.0517378916481945 0.0340000582784605
v 0.00399922011835828 -0.0517981668432144 0.0340000098496646
v 0.00360833058908443 -0.0517610815795294 0.0340000210255406
v -0.00385214792045435 -0.0517919679603644 0.0350722122147972
v -0.000315216160480572 -0.051744101706915 0.0378698692475328
v 0.00345728862694559 -0.0518854168643864 0.0362425797491991
v 0.00371545811121685 -0.0517541860674168 0.0351620401805895
v 0.00394790235909219 -0.051850268751592 0.0350463177101639
v -0.00120519574165785 -0.0518678781982459 0.0379298464485968
v 0.000708194356177312 -0.0519597401286536 0.0381208272678357
v 0.00159075612438093 -0.0517875423156374 0.0376570321401794
v -0.00262133683851313 -0.0517694783835823 0.0369474236204607
v 0.00306579350489901 -0.0520251897517257 0.0368923638048255
v 0.00399223240198186 -0.052139079322934 0.0355050799683395
v 0.00428844107519189 -0.0523055588155327 0.0339999800473287
v 0.000371626073700915 -0.0523606223295988 0.0382431062521664
v 0.00202259185088416 -0.0519601797128942 0.0376580007160972
v -0.00203637566393228 -0.0519604777361081 0.0376505799344501
v -0.0023709804556161 -0.0523608346711387 0.0375383890408325
v -0.00176648117249249 -0.0523607527147549 0.0378757067800835
v 0.00177020611519702 -0.052360819769978 0.0378739968710594
v -0.00338213994224049 -0.0519146082381921 0.0364147925473845
v -0.000367610558224242 -0.05236064840663 0.0382434601549056
v 0.00237477722660605 -0.0523608570228798 0.0375358409411103
v -0.00289242563526922 -0.0521392804886034 0.0371265989893783
v -0.00348634986228331 -0.0522493777144142 0.0364568846215971
v -0.00365531886061164 -0.0525860694403663 0.0359730735000702
v 0.00345736569392282 -0.0525477026768613 0.0363438816143253
v 0.00348571376868274 -0.0522485842276071 0.0364576036029514
v 0.00288163951808762 -0.0524319169329543 0.0371115339085645
v 0.00422280701895948 -0.0521414709592259 0.0346017264627241
v -0.00399412624727727 -0.0521392208839606 0.0355001439564507
v 0.000720746436366572 -0.052733717591134 0.0378826768013997
v 0.00299489118735615 -0.0527449791433308 0.0365069152930436
v 0.00412689937769016 -0.0525419955323143 0.0345960938212329
v -0.000347382106516874 -0.0527527091204425 0.037876381057934
v 0.00109459356987384 -0.0523608681987503 0.0381162228069341
v 0.00198805629902497 -0.0527287964828137 0.0374215452575175
v -0.00404489638862662 -0.0525383223962024 0.0350272665669191
v 0.00385032369155227 -0.0527126063717163 0.0350060286772752
v 0.00390902241832632 -0.0525381733845955 0.0354649511230065
v 0.00390105681281285 -0.0527410564127773 0.0339999874979127
v -0.00420590676636389 -0.0525199641662236 0.0340001253337164
v -0.00376784130398083 -0.0527403560582245 0.0350177745229246
v -0.00164477995900304 -0.0526971911209751 0.0376755729184214
v -4.0058278986115e-05 -0.0526895431002473 0.037484789539658
v 0.00114207171729255 -0.0526921396274987 0.0372974259789429
v -0.00380536174601547 -0.0527636465723942 0.0340000322014166
v -0.00325621529541736 -0.0524961111332376 0.0339998049586051
v -0.0020175841271795 -0.0524735656771028 0.0366094427792351
v -0.00289300724647501 -0.052749363809866 0.0365958976175538
v -0.00218709352567142 -0.0526718628730801 0.0367014649420104
v 0.00308449516898349 -0.0526758452082764 0.0356109266896955
v 0.00362442757560317 -0.0527309347993738 0.0340002482683521
v 0.00249583687497238 -0.0524747316929274 0.0361468620967681
v 0.00333897661422361 -0.0526404363251698 0.0348753826871315
v -0.00252800360681245 -0.052475685367212 0.03610548900391
v -0.00116706842628137 -0.0524706934783784 0.0370902140624968
v -0.00115247191751114 -0.0526255314391825 0.0372177270820757
v 0.00211686641729461 -0.0524665323292538 0.0365399288306728
v 0.0016202657917372 -0.0524701048825309 0.0368762072134582
v 0.00247070326150437 -0.052721364528916 0.0366129706307511
v -0.00326582259052733 -0.0524709989521727 0.0344582952704654
v -0.00342779199811114 -0.0527049807027295 0.0349067198433645
v 0.00104119255749973 -0.0524661560749462 0.0371396226101808
v 0.00320914832709771 -0.0524701980147853 0.0347690740295686
v 0.00329663028929766 -0.0524752122553599 0.0340004904123316
v -0.00312586639874136 -0.0524717067573058 0.0350488769857621
v -0.0028888081439544 -0.0524687004481352 0.035599236723426
v -0.00296877805493587 -0.0526466016804083 0.0357498800809804
v 0.000309247078621907 -0.0524656866883842 0.0372988937439876
v -0.000449668728174802 -0.0524663348888745 0.0372758751647718
v 0.00296126553805591 -0.0524705370161911 0.035466966505974
v -0.00405490717942099 -0.0529995207703595 0.0340000210255406
v -0.0034584390436661 -0.0530003105318764 0.0318366396578706
v -0.00385147364261128 -0.0530020278906468 0.0327114425256628
v -0.000939633008056729 -0.0530023110127 0.0300526625157262
v 0.00357969846081328 -0.0530009810841078 0.0320865843987518
v 0.0037403432942779 -0.0528847408547996 0.0327216125727997
v 0.0038526270861315 -0.0530026127612042 0.0327317192899728
v 0.00401252453289851 -0.0530011897003576 0.0333912077312373
v 0.00405571277380531 -0.0529994499898462 0.0339999688714527
v -0.00247110815417326 -0.0529997554636405 0.0307572996332823
v -0.00311775061739613 -0.0528925714147459 0.0315735073833393
v -0.00160737907555694 -0.0530012753820316 0.0302716873330775
v -0.00267517429212233 -0.0528924559307505 0.0310927752156435
v -0.00158610998682623 -0.0528922994685632 0.0303812556211331
v -0.00215903369537619 -0.0528923441720453 0.0306911477607423
v 0.000939796047787256 -0.0530021992539948 0.0300511873000976
v -0.000967416177216941 -0.0528847147777683 0.0301676641421514
v -0.000327292130896234 -0.0528924820077817 0.030062892167535
v 0.000324672581266534 -0.0528925341618442 0.0300628232496332
v -9.7905138083879e-06 -0.0530024451231463 0.0299245962902866
v 0.00158511649802915 -0.0528924410295898 0.0303813599293088
v 0.000967859486959068 -0.0528924745572014 0.0301697801080026
v 0.00160423504556597 -0.0530015957569866 0.030271046582855
v 0.00216018434492744 -0.0528924596560407 0.0306922746615697
v 0.00220728623785914 -0.0530002807295551 0.0305919898011572
v 0.00311888869408706 -0.0528924484801701 0.0315745765421409
v 0.00267637825991463 -0.0528925267112638 0.0310937773191892
v 0.00300359835879854 -0.0530001540696891 0.0312432919132702
v 0.00347601171145878 -0.052892381424947 0.0321214754835447
v 0.00395216223043776 -0.052885113383817 0.0340004270823677
v 0.00389705491793487 -0.0528924149525586 0.0333500395294386
v -0.00401468007995345 -0.0530011077439737 0.0334011393596867
v -0.00395226607295088 -0.0528837760046444 0.0340003898294478
v -0.00389685095820057 -0.0528925378871343 0.0333503748057178
v -0.0037369313925126 -0.0528924522054603 0.0327183305905552
v -0.00347663546502976 -0.0528848041847325 0.0321210545255496
v -0.00392097827718041 -0.0534000006399659 0.0329082683280364
v -0.00396424195524921 -0.0529999789810509 0.0330728331017632
v -0.00405696121227027 -0.0533999969146757 0.0341802841797198
v -0.00337046883538987 -0.0529999938822116 0.0317162941000835
v -0.00327746645618056 -0.0533999782882248 0.0315868402033771
v -0.00221156799529491 -0.0534000006399659 0.0305826784338243
v -0.000970764399772956 -0.0529999864316313 0.0300463090302346
v -0.00232666251992527 -0.0530000348604035 0.030659086035217
v -1.86264597532178e-09 -0.0530000534868544 0.029950015820191
v -3.72529195064356e-09 -0.0533999931893855 0.029950015820191
v -0.000858350339116456 -0.0534000416181578 0.0300218338618501
v -0.00380686583264054 -0.0533999931893855 0.0354430277796362
v -0.00404408520630437 -0.0529999864316313 0.0343686051404768
v -0.0037296028119227 -0.0530000572121446 0.0356318926330239
v -0.00304886019033736 -0.0534000006399659 0.0366973931978637
v -0.00289644056866902 -0.0529999901569215 0.0368605609870936
v -0.00189618966819911 -0.0533999857388052 0.0376019201704564
v -1.87271988416695e-06 -0.0530001130914972 0.0380879552913022
v -0.00167959805097361 -0.0529999640798902 0.0377072565268095
v -3.13650801170267e-06 -0.0533999745629346 0.0381100127451842
v -0.000540875429352372 -0.0535000209558553 0.0318192462695621
v -0.000528251520877689 -0.0528000091297854 0.0318611260021311
v -0.000953510651895863 -0.0528000091297854 0.0315743381234534
v -0.000954340402470183 -0.0534999762523732 0.0315839046732877
v -0.000649750462655761 -0.0527999905033345 0.0323403587398003
v -0.000647141070267395 -0.0534999837029535 0.0323422251110881
v -0.00095479116279621 -0.0528000128550756 0.0324495507733647
v -0.000954865028350669 -0.053499950175342 0.0324481835912038
v -0.00214493416383524 -0.0528000128550756 0.0339366463581803
v -0.00214465709524641 -0.0535000023294044 0.033941641974741
v -0.00214493160269703 -0.0528000128550756 0.0330834129310192
v -0.00214485011193561 -0.0534999874282437 0.0330819116383467
v -0.00189175226340903 -0.0527999495251426 0.0331511201129657
v -0.00171292067105674 -0.0535000060546946 0.033570792882274
v -0.00183779688102651 -0.0534999613512125 0.0331872591705758
v -0.00187594759589305 -0.0535000246811455 0.033850368595656
v -0.00191084415182533 -0.0527999979539149 0.0338781704497889
v -0.00169952580177134 -0.052799979327464 0.0335318151521664
v -0.00128579394640988 -0.052799956975723 0.0353274245185544
v -0.00146655745188469 -0.0528000165803657 0.0350112254596035
v -0.00171996147284346 -0.0528000128550756 0.0349434139694812
v -0.0017192867293389 -0.0535000060546946 0.0349339293760707
v -0.00131951866519293 -0.0535000060546946 0.0351522910914476
v -0.00141475831504935 -0.052800001679205 0.0356903834425833
v -0.00139485803827976 -0.0535000172305651 0.0356800979113946
v -0.00171981222833469 -0.053500035857016 0.0357981822169428
v -0.00171981071493483 -0.0527999383492721 0.0357995605749797
v 1.12244087844786e-06 -0.0534999762523732 0.0344420790744261
v 5.77511611133063e-06 -0.0528000054044952 0.0344751224143912
v 0.000419311091238261 -0.0534999874282437 0.0341792671750061
v 1.15977076397757e-06 -0.0534999986041142 0.0335581082630428
v 0.000268576261958442 -0.0528000463826871 0.0336561542229684
v 2.3619781148133e-07 -0.0527999420745623 0.0335705544635865
v 0.000342014601100551 -0.053500035857016 0.0337291960230468
v 0.000447793043677653 -0.0528000240309461 0.0340438602616972
v 0.00131204572953994 -0.0535000023294044 0.0322757659019588
v 0.00140423576227326 -0.0527999756021738 0.0319011021104924
v 0.00122701757058173 -0.0535000060546946 0.0316752786352565
v 0.000956528196583571 -0.0527999532504328 0.0315743381234534
v 0.00095517766183609 -0.0535000321317258 0.0315919140510696
v 0.00138242592413285 -0.0534999986041142 0.0319601293620986
v 0.00122371742757495 -0.0528000128550756 0.0323637721999672
v 0.000956143676605041 -0.0535000023294044 0.0324620714797483
v 0.000955246579737177 -0.0527999867780444 0.0324495582239487
v 0.00214613813162754 -0.0534999799776634 0.0339520802429013
v 0.00245022090786749 -0.052800001679205 0.0338303861294133
v 0.00258084338067113 -0.053500035857016 0.0334897417044138
v 0.00214508666797447 -0.0528000128550756 0.0330834129310192
v 0.00214516792590514 -0.0534999762523732 0.0330819153636386
v 0.00241695847453244 -0.0535000135052749 0.0331652166178617
v 0.00239823376020402 -0.0527999495251426 0.0331510977612138
v 0.00257918772122981 -0.052799979327464 0.03346758739294
v 0.00247227696452277 -0.0534999911535339 0.0337948729208578
v 0.00214523591248324 -0.0528000128550756 0.0339395409100578
v 0.00199231221224783 -0.0534999948788241 0.0357145158841046
v 0.00172154600249159 -0.0528000501079773 0.0349243553756525
v 0.00207612895282984 -0.0527999979539149 0.0351181040868411
v 0.00172182132484982 -0.0534999762523732 0.0349212112292116
v 0.00216421115269534 -0.0535000209558553 0.0352496851252747
v 0.00172354240973102 -0.0527999905033345 0.0358323282433374
v 0.0021427443906605 -0.052800001679205 0.0355047148897243
v 0.00172012014699748 -0.0534999464500518 0.0357981822169428
v 0.000394326314825222 -0.0534999874282437 0.0360091157000885
v 0.00030997106582944 -0.0528000165803657 0.0358740068101389
v 2.83895554674187e-06 -0.0534999427247616 0.0357433384682432
v 7.84194390828613e-08 -0.0527999457998524 0.035773416475783
v 0.000426379396156957 -0.0528000128550756 0.0363058612842596
v 5.77511611133063e-06 -0.0528000054044952 0.0366751234023382
v 0.000348868934562831 -0.0534999874282437 0.036502757867181
v 3.83025550175e-08 -0.0534999799776634 0.0366259085698378
v -0.00360191540351468 -0.053699610827523 0.0350580300281853
v -0.00373661986497323 -0.0536996182781034 0.0343573808357062
v -0.00386221808308918 -0.0533992891095426 0.0352533731643463
v -0.00305463322870713 -0.0537000131588619 0.0361759156490102
v -0.00271611268952169 -0.0536996257286837 0.0365912074749365
v -0.00279989753229137 -0.0533998292766178 0.0369317252400083
v -0.0033892110120243 -0.053399318911864 0.0362365075232528
v -0.00223237025837805 -0.0533998143754571 0.0373841135235864
v -0.00217721568123354 -0.0536996033769427 0.0370581579249095
v -0.00155868357257798 -0.0536995735746213 0.0374150259965323
v -0.000885170636722801 -0.053699610827523 0.0376484863203508
v -0.00159241213306836 -0.0533998069248768 0.0377280920849183
v -0.00333738661305292 -0.0536995400470097 0.0357194109177815
v -1.16250140934385e-06 -0.0533977989934728 0.0380587676285484
v -0.000901941726461538 -0.0533998218260375 0.0379528762036885
v -1.41325944165022e-06 -0.0537005235236157 0.0377620108685014
v -0.0040367915503265 -0.053398935206976 0.0336383175249129
v -0.0040375314864402 -0.0533998292766178 0.0343615419868608
v -0.00373738750794581 -0.0537001696210492 0.0336429443375664
v -0.00360044740565538 -0.053699610827523 0.032940220157448
v -0.00340974295861027 -0.0537000206094422 0.0324414147356551
v -0.00390713835192228 -0.0533997994742964 0.0329213888064307
v -0.00365138611646549 -0.0533998292766178 0.0322413293027889
v -0.00315715349601959 -0.0536995810252016 0.0319708172248223
v -0.00283309942963223 -0.0536999461036387 0.0315436119151071
v -0.00317226002054094 -0.0533992667578015 0.0314666175802257
v -0.0018755622610069 -0.0536995512228803 0.0307484222624664
v -0.00245779349508016 -0.0536996033769427 0.0311628423700666
v -0.00252599148349761 -0.0533998479030687 0.0308294604018046
v -0.00191929497661536 -0.0533997659466849 0.030429349140744
v -0.00125074733106121 -0.053399833001908 0.0301444481224601
v -0.00122758055532777 -0.0536996331792641 0.0304529879810764
v -0.000542084053759609 -0.0533998926065508 0.0299831560177478
v -0.000534883471872822 -0.0536995437722999 0.0302851151480611
v -1.86264597532178e-09 -0.0536999461036387 0.0302500135842707
v -3.72529195064356e-09 -0.0533999931893855 0.029950015820191
v -0.00095502143240491 -0.0536999461036387 0.0326450168441614
v -0.000798153812147501 -0.0537007880192181 0.0326283945912951
v -0.000949424472287501 -0.0535036419379047 0.0324516555633399
v -0.000548067338293837 -0.0535005238700288 0.0318877283122428
v -0.00037470630806723 -0.0537029747645504 0.0317709851118115
v -0.000949591179102293 -0.0535034146952041 0.0315883079684218
v -0.000950281289436149 -0.0537033100406661 0.0313862891090119
v -0.00059494187200117 -0.0537010934930124 0.0315025666479442
v -0.000672483300084636 -0.0535019655573263 0.0316959875334376
v -0.000329788542164659 -0.0537004415672319 0.0320850123255314
v -0.000536062643190575 -0.053502025161969 0.0321159098973093
v -0.000420382607439408 -0.0537010525148205 0.0323540976166651
v -0.000672224916163247 -0.0535019730079066 0.0323438158107685
v -0.0005977606374387 -0.0537002962809151 0.0325351691592065
v -0.00214501379195069 -0.0537000206094422 0.0341350144314385
v -0.00198753033436769 -0.0537006986122539 0.0341182394416005
v -0.00214432717407803 -0.0535005089688681 0.0339378757045375
v -0.00170949049207781 -0.0537024606745064 0.0339680356685012
v -0.00197670486878986 -0.0535002146709443 0.03390239602361
v -0.00152545594743959 -0.0537003335338169 0.0334143715968407
v -0.00172114925889885 -0.0535007622886 0.0335674475700656
v -0.00190805076493921 -0.0535032172548248 0.0331503266257715
v -0.00178463673206008 -0.0537010674159812 0.0329927654009888
v -0.00159587607250559 -0.053700720963995 0.0332046711853443
v -0.0021403255120308 -0.0537032988647956 0.0328762419927851
v -0.00214435883905961 -0.0535004381883548 0.0330821649582021
v -0.00174344059102388 -0.053500870322015 0.0333590174831382
v -0.00180890107193447 -0.0535019543814557 0.0337780867551439
v -0.00153445404090025 -0.05370104133895 0.0336672108895993
v -0.00172003993680517 -0.0537000206094422 0.0359950154699005
v -0.0015631616063334 -0.0537007172387048 0.0359784304699541
v -0.00110955713631659 -0.0537010450642401 0.0355275472043406
v -0.00131813460281789 -0.053500870322015 0.0355205250289365
v -0.00129814643244134 -0.0535012279498717 0.0352935355373073
v -0.00142240680508552 -0.0535031427490213 0.0350584956896843
v -0.0017145256898106 -0.0535034035193335 0.0349382879677009
v -0.00171537715185207 -0.0537032318095724 0.0347361908771592
v -0.00135987812894008 -0.0537010748665615 0.034852673307151
v -0.00117091723494325 -0.0537007060628343 0.0350646275203024
v -0.00110049093986246 -0.053700337259107 0.0352743428329668
v -0.00171984051727044 -0.0535001736927524 0.0357959917452518
v -0.00158789312110148 -0.0535001587915917 0.0357760241801771
v -0.00143835023972666 -0.0535006803322161 0.0356919964940156
v -0.00128477391490764 -0.0537024234216046 0.0358282974774026
v -1.86264597532178e-09 -0.0536999461036387 0.0346250169882553
v 5.54174921705093e-06 -0.0535035599815208 0.0344317078615217
v 0.000217168062499097 -0.053700743315736 0.0334104227873297
v 0.000281402704079098 -0.0535007660138901 0.0336778950270311
v 1.21012672262028e-07 -0.0535001662421721 0.0335740599633506
v 0.000131914901727836 -0.0535001327145605 0.0335940349790093
v 2.62347188418416e-07 -0.0536999572795092 0.0333729314487267
v 0.000415174649292409 -0.0535032247054052 0.0338858445512915
v 0.000479428775895542 -0.0537024085204439 0.0335882682270064
v 0.000406979821908607 -0.053500441913645 0.0341324700570083
v 0.00062302777934006 -0.053701127020624 0.0339042214166859
v 0.000612952610844171 -0.0537000727635046 0.0341262786217183
v 0.000534646159134029 -0.0537010599654008 0.0343340456066711
v 0.000282796865487783 -0.0535019096779736 0.0343238569330742
v 0.000357104099873536 -0.0537003335338169 0.0345152549850162
v 0.00015639824802355 -0.0537007507663164 0.0346085400217767
v 0.000955015844466984 -0.0536999461036387 0.0326450168441614
v 0.000955145181946895 -0.0535001736927524 0.0324459931195128
v 0.00125258972076155 -0.053503135298441 0.0317085007892372
v 0.00128960142761418 -0.0537022110800647 0.0314836160875832
v 0.000960447552961769 -0.0535033886181728 0.0315882520890419
v 0.000956455378767474 -0.053700720963995 0.0313895226624606
v 0.00148641186099714 -0.0537002702038839 0.031687434263025
v 0.00137686185135844 -0.0535012167740012 0.0319436523956199
v 0.00134296635122252 -0.0535033774423023 0.032206903879495
v 0.00157800421720313 -0.0537011679988159 0.031924202646132
v 0.00156794581252102 -0.0537001211922769 0.0321462076970766
v 0.00148961724188992 -0.0537010860424321 0.0323540901660812
v 0.00111140965415442 -0.0537007395904458 0.0326285510535588
v 0.00114174051555507 -0.0535016116547597 0.0324075630073279
v 0.00131201441380448 -0.0537003596108481 0.0325353218961782
v 0.00214567247013371 -0.0535004791665467 0.0339378906057055
v 0.0026407744805886 -0.0537000504117636 0.0338940588201329
v 0.00234861543255967 -0.0535009448278185 0.0338877109225793
v 0.00252361032344891 -0.0535020139860985 0.0337135088184704
v 0.0023643308094842 -0.0537028928081666 0.0329177678226149
v 0.00262251519492326 -0.0537004899960042 0.0331013129590387
v 0.00214500634136679 -0.0535000470328865 0.0330850110812836
v 0.00229682921783078 -0.0535016414570811 0.0331075453725405
v 0.00214500634136679 -0.0537000206094422 0.0328850150554252
v 0.00275508040747916 -0.053701555428994 0.0333531166206236
v 0.00247937993211892 -0.0535007026839572 0.0332433508920926
v 0.00275536259834442 -0.0537009519319858 0.0336679782997496
v 0.00257094132183557 -0.0535019767331968 0.0334523360475266
v 0.00214960009200342 -0.0537032131831216 0.0341437278894067
v 0.00247743928784338 -0.0537007544916065 0.0340432120608907
v 0.00172003621151322 -0.0537000206094422 0.0359950154699005
v 0.00187719906115772 -0.0537007470410262 0.0359783000847344
v 0.00172556780439843 -0.053503627036744 0.0358016690902469
v 0.00208780285364942 -0.0535012801039342 0.0351499739598288
v 0.00210706563983396 -0.0537022855858682 0.0348702753118111
v 0.00195471307342073 -0.0535001662421721 0.0350133600519146
v 0.00172539492756885 -0.0535033737170121 0.0349382693412409
v 0.00172477198890548 -0.0537033472935678 0.034736257932415
v 0.00232271859990327 -0.0537028928081666 0.0351815495347492
v 0.00214729856007017 -0.0535006617057653 0.0353503723172224
v 0.00211996236773634 -0.0535001364398507 0.0355196160576906
v 0.0020027760916757 -0.0535019581067459 0.0356938218870915
v 0.0023303356577886 -0.053700955657276 0.0355279607117516
v 0.00215533983557638 -0.0537024085204439 0.0358281410151389
v -1.86264597532178e-09 -0.0536999461036387 0.0368250179762022
v 0.000282796865487783 -0.0535019096779736 0.0365238579210212
v 5.54174921705093e-06 -0.0535035599815208 0.0366317088494686
v 0.000406979821908607 -0.053500441913645 0.0363324710449552
v 0.000217168062499097 -0.053700743315736 0.0356104237752766
v 1.21012672262028e-07 -0.0535001662421721 0.0357740609512975
v 2.62347188418416e-07 -0.0536999572795092 0.0355729324366737
v 0.000186955682844788 -0.0535016042041793 0.0358126139981181
v 0.000479472402556746 -0.0537023861687029 0.0357883437207932
v 0.000421849121002697 -0.0535011944222602 0.036123534318317
v 0.0003446058617945 -0.0535004046607432 0.0359484120670862
v 0.000623028768870734 -0.053701127020624 0.0361042298552168
v 0.000612952610844171 -0.0537000727635046 0.0363262796096653
v 0.000534646159134029 -0.0537010599654008 0.0365340465946181
v 0.000357104099873536 -0.0537003335338169 0.0367152559729632
v 0.00015639824802355 -0.0537007507663164 0.0368085410097236
v 0.000590006151205001 -0.0534999799776634 0.0305000104792397
v 0.000350017255806617 -0.0534999762523732 0.0307400161410875
v 0.000590006151205001 -0.0534999799776634 0.0313400098066008
v -0.000390039929878356 -0.0534999799776634 0.0305000104792397
v -0.000390039929878356 -0.0534999799776634 0.0307400161410875
v -9.00142294034004e-05 -0.0535000470328865 0.0313400098066008
v 0.000350017255806617 -0.0534999762523732 0.0311000134579831
v -9.00142294034004e-05 -0.0535000470328865 0.0311000134579831
v 0.000350015393160642 -0.0536999461036387 0.0307400161410875
v -0.000389971011977269 -0.053700016884152 0.0307400161410875
v -0.000390039929878356 -0.0534999799776634 0.0307400161410875
v 0.000350017255806617 -0.0534999762523732 0.0307400161410875
v 0.000350017255806617 -0.0534999762523732 0.0307400161410875
v 0.000350015393160642 -0.0536999461036387 0.0311000134579831
v 0.000350015393160642 -0.0536999461036387 0.0307400161410875
v 0.000350017255806617 -0.0534999762523732 0.0311000134579831
v 0.000350017255806617 -0.0534999762523732 0.0311000134579831
v -9.00142294034004e-05 -0.0535000470328865 0.0311000134579831
v -9.0017954695351e-05 -0.053700016884152 0.0311000134579831
v 0.000350015393160642 -0.0536999461036387 0.0311000134579831
v -9.0017954695351e-05 -0.053700016884152 0.0313400098066008
v -9.0017954695351e-05 -0.053700016884152 0.0311000134579831
v -9.00142294034004e-05 -0.0535000470328865 0.0311000134579831
v -9.00142294034004e-05 -0.0535000470328865 0.0313400098066008
v 0.000590006151205001 -0.0534999799776634 0.0313400098066008
v 0.000590006151205001 -0.0536999461036387 0.0313400098066008
v -9.0017954695351e-05 -0.053700016884152 0.0313400098066008
v -9.00142294034004e-05 -0.0535000470328865 0.0313400098066008
v 0.000590006151205001 -0.0534999799776634 0.0313400098066008
v 0.000590006151205001 -0.0536999461036387 0.0313400098066008
v 0.000590006151205001 -0.0534999799776634 0.0305000104792397
v 0.000590006151205001 -0.0536999461036387 0.0305000104792397
v 0.000590006151205001 -0.0534999799776634 0.0305000104792397
v -0.000390039929878356 -0.0534999799776634 0.0305000104792397
v -0.000389971011977269 -0.053700016884152 0.0305000104792397
v 0.000590006151205001 -0.0536999461036387 0.0305000104792397
v -0.000390039929878356 -0.0534999799776634 0.0305000104792397
v -0.000389971011977269 -0.053700016884152 0.0307400161410875
v -0.000389971011977269 -0.053700016884152 0.0305000104792397
v -0.000390039929878356 -0.0534999799776634 0.0307400161410875
v -0.00140984861308915 -0.0536999721806699 0.0315883079684218
v -0.00187631116110436 -0.0537000094335717 0.0307483794216085
v -0.00373710927520324 -0.0537000429611833 0.0343564271609564
v -0.00153286112934523 -0.0537000243347324 0.0317719983912332
v -0.000389971011977269 -0.053700016884152 0.0308000156939034
v -0.00101779178686564 -0.0536999684553798 0.0313961276051616
v -0.00161298366088131 -0.0536999461036387 0.0331778639841731
v -0.00104947283376765 -0.0536999274771879 0.0326387732547836
v -0.00220764246890192 -0.0537000243347324 0.0328861289177306
v -0.0037371507190762 -0.0536998902242861 0.033643104525122
v -0.00271201277289926 -0.0537000206094422 0.0337880034824254
v 0.00184051739188884 -0.0536999051254468 0.0340582845922885
v 0.00165726969875981 -0.053699994532411 0.0347461336814846
v -0.000566893217581787 -0.0536999796312503 0.0342782295567617
v -0.00117050419319823 -0.0537000280600226 0.0356762198824314
v -0.000626298934918845 -0.0537000541370538 0.0362316311160359
v -0.00133576710811253 -0.0537000876646654 0.0358680910464563
v 0.000357312803534302 -0.0537000280600226 0.0345155194807476
v 0.00201923582849812 -0.053700016884152 0.0341245277344823
v -9.0017954695351e-05 -0.053700016884152 0.0311000134579831
v 0.00108187332767762 -0.0536999461036387 0.0314057127814558
v 0.000590006151205001 -0.0536999461036387 0.0313400098066008
v -1.86264597532178e-09 -0.0536999461036387 0.0302500135842707
v 0.000590006151205001 -0.0536999461036387 0.0305000104792397
v -0.000389971011977269 -0.053700016884152 0.0305000104792397
v -0.000594275976064993 -0.0537001472693081 0.0315017433584141
v -0.000827981060642569 -0.053700057862344 0.0314057314079158
v -0.000533264308651087 -0.0536999684553798 0.0302844464581486
v -0.00122726751438854 -0.053699994532411 0.0304524664401976
v -0.00123184426838066 -0.053699994532411 0.0314552293626076
v -0.00245821678137806 -0.053699994532411 0.031162669143989
v -0.00283309942963223 -0.0536999461036387 0.0315436119151071
v -0.0015775477525238 -0.0536999572795092 0.0319562923113473
v -0.00157111475540191 -0.0537000727635046 0.0321467180620794
v -0.0014543892513894 -0.0537000653129243 0.0324064193426865
v -0.00215337055311897 -0.0536998939495763 0.0349141629767636
v -0.000495389963881135 -0.0536999572795092 0.0336155448149685
v -0.00178274428374915 -0.0537000317853127 0.0347461336814846
v -0.0015931224996772 -0.0537000019829913 0.0347557151324869
v -0.00178405104631621 -0.0536999461036387 0.0329918676056188
v -0.00123199886799661 -0.0537000057082815 0.0325847341691541
v -0.00201827679865158 -0.0537000206094422 0.0328956917422729
v -0.00315698050277463 -0.0537000094335717 0.0319698262971526
v -0.00340974295861027 -0.0537000206094422 0.0324414147356551
v -0.00245096689758061 -0.0537000094335717 0.0329576992274723
v -0.00274167703987149 -0.0537000206094422 0.0333217682885147
v -0.00360106138033499 -0.053700016884152 0.0329408758088385
v -0.00266077859987131 -0.0537000094335717 0.0331502260428877
v -0.00277398719545166 -0.0536999498289289 0.0335094410484651
v -0.00252991002496819 -0.0536998343449335 0.0340075163130276
v -0.00236202694924348 -0.0537000094335717 0.0340970090025407
v -0.00155935400871373 -0.0537000206094422 0.037415145205876
v -0.000495389905673448 -0.0536999870818306 0.0358155458029155
v 0.000495836358630658 -0.0536999982577012 0.0343841023551616
v 0.00126258724020334 -0.0536999461036387 0.0349348532484847
v 0.00032871874309027 -0.0537000615876341 0.0320516299839951
v -0.000335022402732253 -0.0536999796312503 0.0319248955504425
v -6.27141040074673e-05 -0.0537000280600226 0.0333761277492554
v -0.000335276683011728 -0.0537000466864734 0.0321165320210719
v 0.000367002200586396 -0.0536999572795092 0.0322383341680277
v -0.00154453503016481 -0.0537000317853127 0.0336974937881987
v -0.00152085532829592 -0.0536999200266075 0.0334141592551972
v -0.00178736015330674 -0.0536999647300896 0.0340253008569953
v -0.00196740863555778 -0.0536999870818306 0.0347937391878447
v -0.00195817549945811 -0.0536999535542191 0.0341086952435182
v -0.00217759333270504 -0.0536999982577012 0.0341382256331352
v -0.00364450340675593 -0.0537000206094422 0.0348838130229084
v -0.00348578361790681 -0.0537000317853127 0.0353952881627645
v -0.00229785902822439 -0.0536999349277682 0.0351220044675562
v -0.00235061125772222 -0.0537000206094422 0.0354012821575789
v -0.00315802148904409 -0.0537000206094422 0.0360308863064871
v -0.00225601491921953 -0.0537000131588619 0.0357038429225488
v -0.00184588844797405 -0.0537000243347324 0.0359845138717763
v -0.00205287661179691 -0.0537000057082815 0.0359037085631875
v -0.00271641909478463 -0.053699994532411 0.0365914384430399
v -0.00217739775487763 -0.0537000206094422 0.0370585192782327
v -0.00159297779536799 -0.0537001249175671 0.0359884887583313
v 0.00250283809553212 -0.0537000094335717 0.0340251630211916
v 0.00207754246829437 -0.0536999349277682 0.0358853391483772
v 0.00184716855142059 -0.0536999759059601 0.0359884626812873
v 0.00114186042338973 -0.0536999684553798 0.0326186939309491
v 0.000361016500433169 -0.0537000243347324 0.0334819111406476
v 0.00092241121619965 -0.0537000355106029 0.0326482280458581
v -0.000597313602404622 -0.0536999647300896 0.0325352585662143
v -0.000419586791946452 -0.0537000690382145 0.0323546862127998
v -0.000306023827969299 -0.0537000131588619 0.0334477166854571
v -0.000827814004581657 -0.0536999498289289 0.0326384528796723
v -0.00164861817386594 -0.0537000429611833 0.0338934813998742
v -0.000626298934918845 -0.0537000280600226 0.0340316301280889
v -0.000600095289545705 -0.0536999721806699 0.0338118975052592
v -0.00141408217456031 -0.0536999833565405 0.0348224425626396
v -0.00121999201920894 -0.0536999870818306 0.0349845039401481
v -0.000384945214785887 -0.0537000317853127 0.0344974704410485
v 0.000186853819393012 -0.0537000429611833 0.034598690349751
v 0.00324724386107723 -0.053700016884152 0.0321233120524965
v 0.00360374987696962 -0.053699994532411 0.0350537086894751
v 0.00226986671884576 -0.0537000541370538 0.0350644710580387
v 0.0026803622268251 -0.0536999051254468 0.0338447769323767
v 0.00371230930819557 -0.0536999461036387 0.0345342167212532
v 0.00276475638765946 -0.0536999386530584 0.033606492355429
v 0.00276492868241218 -0.0537000243347324 0.0334146211914042
v 0.00158065010581107 -0.0537000243347324 0.0320851240842911
v 0.00148697088762048 -0.0536999833565405 0.0316877285610923
v 0.00156250316098113 -0.0537000541370538 0.0318639497734607
v 0.00187939744907009 -0.0536999796312503 0.0307495305368339
v 0.0024550358477137 -0.0536999982577012 0.0311595231349021
v 0.00122438518615711 -0.0536999796312503 0.0304509055428531
v 0.00131565891348594 -0.0537000206094422 0.0315016874790342
v 0.0008923071319465 -0.0537001249175671 0.0313961201545776
v 0.000350015393160642 -0.0536999461036387 0.0307400161410875
v 0.000477974136700346 -0.0536999274771879 0.0316101232783243
v -0.00040541496645859 -0.0537000392358931 0.0317092160452996
v 0.000354926579416855 -0.0536999721806699 0.0318318899105814
v 0.000477944392572428 -0.053699908850737 0.032430007891577
v 0.000126857279483735 -0.0536999833565405 0.0333857054749657
v 0.000678131948627859 -0.0537000131588619 0.032584790048534
v 0.00333682409396838 -0.0536999461036387 0.0357207892758184
v 0.00233135242966038 -0.0536999535542191 0.0355279905140876
v 0.00375421255621014 -0.0536999833565405 0.0339984415017362
v 0.00269471274991122 -0.0537000243347324 0.0332042763043932
v 0.00368689373669305 -0.0537000466864734 0.0332881773306269
v 0.00295171016420251 -0.0536999908071208 0.0316795850727988
v 0.00250600692199763 -0.0537000317853127 0.0329919272102907
v 0.00348467278241328 -0.0537000280600226 0.032603315925608
v 0.00227182715373478 -0.0537000392358931 0.0328957066434409
v 0.00208224495088981 -0.0536999386530584 0.0328861363683146
v 0.00149057243002914 -0.053700016884152 0.0323545260252442
v 0.000532070003334786 -0.0536999610047994 0.0336678702662818
v 0.00131246342789991 -0.0537000243347324 0.032535403852602
v 0.001868281061474 -0.0536999461036387 0.0329451449934608
v 0.00166806070538709 -0.0536999721806699 0.0331000240080096
v 0.00154500104090476 -0.0537000019829913 0.033321660255047
v 0.00152085381489606 -0.0536999796312503 0.0336056504394389
v 0.00164579277275212 -0.0536999796312503 0.033896655348651
v 0.000616328074597574 -0.053700016884152 0.0338739794962984
v 0.0030557601295222 -0.053700016884152 0.0361748129625807
v 0.00272016464301026 -0.0536999982577012 0.0365874859082369
v 0.00221613799719536 -0.0536999647300896 0.0357537953628635
v 0.00234001839006057 -0.0537000541370538 0.0352751735730809
v 0.00227210864610781 -0.0536999349277682 0.0341284690934093
v 0.00184686179691153 -0.0537000280600226 0.0347557076819029
v 0.00208079022438309 -0.053700016884152 0.034851794138241
v 0.000611273086251298 -0.0537000876646654 0.0341582900558017
v 0.00147261337961195 -0.0537000690382145 0.0347937503637206
v 0.00112002334405192 -0.053699994532411 0.0351816873705529
v 0.000360790829231722 -0.0537000690382145 0.0356817891939588
v 0.00115295911584906 -0.0536999759059601 0.0356478778609597
v 0.00128916137750251 -0.0537000131588619 0.0358239612375244
v 0.000616325862705479 -0.0537000764887948 0.0360739730336614
v -0.00111253771912322 -0.0536999051254468 0.0352139148715718
v -0.000217306334858921 -0.0536999647300896 0.0345869147017657
v 0.000186854066775681 -0.0537000057082815 0.0367986913376979
v 0.00156358861792325 -0.0536999982577012 0.0374132006034564
v 0.000495836242215285 -0.0536999647300896 0.0365841070684006
v 0.00144298042837518 -0.0537000541370538 0.0359347290696012
v 0.00217814071779104 -0.053699994532411 0.0370586161358245
v 0.00162544115357964 -0.0537000094335717 0.0359887681552306
v 0.000357312774430459 -0.0536999759059601 0.0367155204686946
v 0.000884537860960372 -0.0537000504117636 0.0376491456970333
v 0.000611273202666671 -0.0537000355106029 0.0363582910437487
v 0.000532040724868361 -0.0536999498289289 0.0358678861553968
v 0.00109364629798002 -0.0537000206094422 0.0354013752898787
v 0.00012685714851644 -0.0537000094335717 0.0355857064629127
v -0.000306023624242396 -0.0537000280600226 0.0356477176734041
v -6.2713980316133e-05 -0.053699994532411 0.0355761287372024
v -3.25805884927144e-05 -0.0536999870818306 0.034628228189952
v -0.00109429834048675 -0.0536999833565405 0.0354348842913427
v -0.000600095173130332 -0.0537000094335717 0.0360118984932062
v -0.000884870634305401 -0.0537000504117636 0.0376489817841857
v -0.000566893217581787 -0.0536999200266075 0.0364782305447087
v -0.000384945127474357 -0.0537000019829913 0.0366974714289955
v -0.000217306320307 -0.0536999721806699 0.0367869156897126
v -0.000356806600386665 -0.0536999461036387 0.03773351983535
v -3.25806066826165e-05 -0.0536999684553798 0.036828229177899
v 0.000183263380100598 -0.0537000057082815 0.0377498813177769
v -0.000149978391286934 -0.0537000206094422 0.0317000145740804
v 0.000350015393160642 -0.0536999461036387 0.0311000134579831
v 0.000289982313376021 -0.0537000206094422 0.0310400139051672
v 0.000537068879471055 -0.0536999423783486 0.030283811295864
v 0.000678250866931846 -0.0537001174669867 0.0314551958349796
v -0.000149978391286934 -0.0537000206094422 0.0310400139051672
v -9.0017954695351e-05 -0.053700016884152 0.0313400098066008
v -0.000389971011977269 -0.053700016884152 0.0307400161410875
v 0.000289982313376021 -0.0537000206094422 0.0308000156939034
v -0.000149978391286934 -0.0537000206094422 0.0310400139051672
v -0.000150051034479972 -0.0534999762523732 0.0310400139051672
v 0.000289980450730046 -0.0535000470328865 0.0310400139051672
v 0.000289982313376021 -0.0537000206094422 0.0310400139051672
v -0.000149978391286934 -0.0537000206094422 0.0317000145740804
v -0.000150051034479972 -0.0534999762523732 0.0317000145740804
v -0.000150051034479972 -0.0534999762523732 0.0310400139051672
v -0.000149978391286934 -0.0537000206094422 0.0310400139051672
v -0.000390039929878356 -0.0534999799776634 0.0317000145740804
v -0.000150051034479972 -0.0534999762523732 0.0317000145740804
v -0.000389971011977269 -0.053700016884152 0.0317000145740804
v -0.000149978391286934 -0.0537000206094422 0.0317000145740804
v -0.000390039929878356 -0.0534999799776634 0.0308000156939034
v -0.000390039929878356 -0.0534999799776634 0.0317000145740804
v -0.000389971011977269 -0.053700016884152 0.0308000156939034
v -0.000389971011977269 -0.053700016884152 0.0317000145740804
v 0.000289980450730046 -0.0535000470328865 0.0308000156939034
v -0.000390039929878356 -0.0534999799776634 0.0308000156939034
v -0.000389971011977269 -0.053700016884152 0.0308000156939034
v 0.000289982313376021 -0.0537000206094422 0.0308000156939034
v 0.000289980450730046 -0.0535000470328865 0.0310400139051672
v 0.000289980450730046 -0.0535000470328865 0.0308000156939034
v 0.000289982313376021 -0.0537000206094422 0.0310400139051672
v 0.000289982313376021 -0.0537000206094422 0.0308000156939034
v -0.000406988145607809 -0.0535004381883548 0.0363324859461232
v -0.000532505629662264 -0.0537003074567856 0.0365307683376655
v -0.000384927053987628 -0.0537004713695533 0.0366969461628247
v -0.000187998109754492 -0.0537002739291741 0.0367980282357234
v -5.55511106438806e-06 -0.0535035599815208 0.0366317125747606
v -0.000282829170753918 -0.0535018873262326 0.0365238579210212
v -2.8547405732563e-07 -0.0537000355106029 0.0368271376673454
v -0.00061540554097061 -0.0537007656674771 0.0363263652913811
v -0.000421855843990514 -0.05350119069697 0.036123526867733
v -0.000494958470299414 -0.0537000764887948 0.0358151099437525
v -0.000610198164900477 -0.0537010301630794 0.0360421813918055
v -0.000344605745379127 -0.0535004009354531 0.0359484008912102
v -0.000331765129686752 -0.0537007582168967 0.0356664633427055
v -4.57030612656466e-06 -0.0537031275014476 0.0355662827904687
v -0.000186958025704178 -0.0535016228306302 0.0358126326245781
v -1.28145998691093e-07 -0.0535001662421721 0.0357740609512975
v 0.00143834954123441 -0.0535006840575063 0.0356919890434317
v 0.0012041349647749 -0.0537003931384596 0.0357292941174351
v 0.00141387006574987 -0.0537015144508021 0.0359205245312374
v 0.00158786203819677 -0.0535001587915917 0.0357760167295931
v 0.00171858998332876 -0.0537008364479904 0.036000536352632
v 0.00171983446367102 -0.0535001699674622 0.0357959880199598
v 0.00110463718980352 -0.0537007693927672 0.0354968396224542
v 0.00130483973433829 -0.053503243331856 0.0354846690935178
v 0.00111687721858423 -0.0537021850030335 0.035181206807886
v 0.00130953721107268 -0.0537011456470748 0.0348918112248143
v 0.00133236335542338 -0.053503369991722 0.0351828310351943
v 0.00148571790895596 -0.0535001923192033 0.0350130918308912
v 0.00171452184810328 -0.053503455673396 0.0349383438470807
v 0.00156135740087556 -0.0537007358651557 0.0347622679211
v 0.00172003621151322 -0.0537000206094422 0.0347450160938872
v 0.00151554713651237 -0.0537011456470748 0.0334778356712088
v 0.00156728655226113 -0.053700806645669 0.0337570686577276
v 0.00169016868329893 -0.0537001360934376 0.033941649425325
v 0.00186807093172491 -0.0537007656674771 0.0340738898404411
v 0.00180890014061149 -0.0535019469308754 0.0337781053816039
v 0.00197673164432576 -0.0535002221215247 0.033902399748902
v 0.00214432158614011 -0.0535005089688681 0.0339378831551215
v 0.00214357978738044 -0.0537008252721199 0.0341404608083301
v 0.00172113819943837 -0.0535007585633098 0.0335674587459416
v 0.00173352921895845 -0.0535001476157212 0.0333963002053897
v 0.0018341687959127 -0.0535019022273933 0.0332130568176172
v 0.00162673452837875 -0.0537022967617387 0.0331484677050677
v 0.00186905848333795 -0.0537007470410262 0.0329455883032078
v 0.00199473132370828 -0.0535000954616588 0.0331113451703719
v 0.00214364428149733 -0.053700743315736 0.0328795984808694
v 0.00214435394961393 -0.0535004605400958 0.033082183584662
v 0.000949589141833257 -0.0535034072446237 0.0315883042431298
v 0.000954747623446537 -0.0537000206094422 0.0313929573816768
v 0.000529984887580786 -0.0535003413308103 0.0320580784644324
v 0.000678441322482823 -0.053700743315736 0.0325841492983115
v 0.000456563079421709 -0.0537011195700436 0.0324057785924639
v 0.000734548002759152 -0.0535020475137101 0.0323889514485381
v 0.000953559837391149 -0.0537007954697985 0.0326505228257249
v 0.000954347678431024 -0.0535004121113236 0.0324479190954724
v 0.000578070956079693 -0.0535004679906762 0.0322228742062627
v 0.000339596333651559 -0.0537007544916065 0.0321463567087563
v 0.000344832435215092 -0.0537010376136598 0.0318621765344727
v 0.000548055114679624 -0.0535005201447386 0.0318877432134107
v 0.000498646276499804 -0.0537012052517176 0.0315854245924203
v 0.00067249994748304 -0.0535019841837771 0.0316959912587296
v 0.000736623397829468 -0.0537007135134146 0.0314310298658304
v -0.000384927053987628 -0.0537004713695533 0.0344969451748777
v -0.000187998109754492 -0.0537002739291741 0.0345980272477765
v -0.000282829170753918 -0.0535018873262326 0.0343238569330742
v -5.55511106438806e-06 -0.0535035599815208 0.0344317115868137
v -2.8547405732563e-07 -0.0537000355106029 0.0346271366793985
v -0.000406988145607809 -0.0535004381883548 0.0341324849581762
v -0.000532505629662264 -0.0537003074567856 0.0343307673497186
v -0.00061540554097061 -0.0537007656674771 0.0341263643034341
v -0.000494949855561778 -0.0537000839393752 0.0336151089558055
v -0.00034473327842075 -0.0535004083860334 0.0337485749919868
v -0.000421878457676808 -0.0535011832463897 0.0339236525397138
v -0.000610190656108889 -0.0537010376136598 0.0338421878544425
v -0.000331765129686752 -0.0537007582168967 0.0334664623547586
v -4.57030612656466e-06 -0.0537031275014476 0.0333662818025218
v -1.28145998691093e-07 -0.0535001662421721 0.0335740599633506
v -0.000186958025704178 -0.0535016228306302 0.0336126316366311
v -0.00211995747829066 -0.0535001401651409 0.0355196384094425
v -0.00200276794259955 -0.0535019618320361 0.0356938293376755
v -0.0022971370200782 -0.0537007358651557 0.0356185188347743
v -0.00217370342941633 -0.053700080214085 0.0358028239307643
v -0.00172557001629053 -0.0535036233114538 0.0358016728155389
v -0.00172148441875903 -0.0537008178215395 0.036000525176756
v -0.00199642097643864 -0.0537007172387048 0.0359342298804743
v -0.0021472918079785 -0.0535006728816358 0.0353503723172224
v -0.00234867457156938 -0.0537023638169618 0.0353057358685796
v -0.00206824437241631 -0.053503157650182 0.0351165469147886
v -0.00223499379523429 -0.0537004043143302 0.0350098061233547
v -0.00199831249342658 -0.0537027549724301 0.0348030859454515
v -0.00172030350121068 -0.053700057862344 0.0347429597327078
v -0.00171996915625811 -0.0534999799776634 0.0349450121197456
v -0.0018530988669599 -0.053500870322015 0.0349621819905347
v -0.00257093992485109 -0.0535019841837771 0.0334523472234026
v -0.00272527411375131 -0.0537028332035238 0.0337594565698942
v -0.00252361451440235 -0.0535020065355182 0.0337135199943463
v -0.00234861869219012 -0.0535009448278185 0.0338877146478713
v -0.00230239014739011 -0.0537007731180574 0.0341183400244843
v -0.00252969558785028 -0.0537003521602677 0.0340071512344124
v -0.00214567735957939 -0.0535004754412565 0.0339378943309975
v -0.00214501379195069 -0.0537000206094422 0.0341350144314385
v -0.00277112896520253 -0.0537001100164064 0.0334774072626298
v -0.00249014742284076 -0.0535004121113236 0.0332591312289688
v -0.00269714699537022 -0.0537022297065156 0.033202577571245
v -0.00234773114138288 -0.0535009299266578 0.0331318454522014
v -0.00247651075882468 -0.053700743315736 0.0329763256874301
v -0.002149537926194 -0.0537031498531886 0.0328763202239169
v -0.00214564476327483 -0.0535004307377744 0.0330821724087861
v -0.00147083187515193 -0.0537003931384596 0.032379295491696
v -0.00114173236647892 -0.053501596753599 0.0324075890843718
v -0.00126110981269879 -0.0537015032749316 0.0325705408066663
v -0.000955150711677134 -0.0535001736927524 0.0324459931195128
v -0.000956475984288576 -0.0537008140962493 0.0326505191004329
v -0.00157031963840119 -0.0537007991950886 0.0321468372714232
v -0.00134294772476277 -0.0535033997940434 0.032206900154203
v -0.00157082895566007 -0.0537003409843972 0.0318942922767319
v -0.0013768633647583 -0.0535012167740012 0.0319436486703279
v -0.00143415870420531 -0.0537024047951538 0.0316081078953569
v -0.00114379536331197 -0.0537014622967397 0.0314191424590854
v -0.00096044825145401 -0.0535034221457844 0.0315882856166698
v -0.00125253651893588 -0.0535031874525034 0.0317085305915731
v -0.00095502143240491 -0.0536999461036387 0.0313950100175641
v 1.1565039712468e-06 -0.0533978250705041 0.0380587974308843
v -1.86264597532178e-09 -0.0536999461036387 0.0377500154282886
v 0.00223242846606478 -0.0533998851559704 0.0373841619523822
v 0.00156366894453093 -0.0536996033769427 0.0374127200407895
v 0.00333661501195765 -0.0536995549481704 0.0357202863613995
v 0.00373351692960909 -0.0533990357898107 0.035596152181657
v 0.00327915191795748 -0.053399918683582 0.0363842824059737
v 0.00403758503751199 -0.0533996877155912 0.0336387906369958
v 0.00402182239594583 -0.0533979144774683 0.0345450684968246
v 0.00371230930819557 -0.0536999461036387 0.0345342167212532
v 0.00375451314070441 -0.0537002739291741 0.0339990412737468
v 0.0036513970595106 -0.0533997808478456 0.0322414745891765
v 0.00390721658305324 -0.0533998814306803 0.0329213664546787
v 0.00295077185629244 -0.0536995586734606 0.031679041180168
v 0.00245406168386861 -0.0536995437722999 0.0311592400127108
v 0.00252608391730413 -0.0533998777053901 0.0308294995173705
v 0.00187861420643747 -0.053699588475782 0.0307495286741879
v 0.00122532861634361 -0.0536995512228803 0.0304516822662333
v 0.00191921360226932 -0.053399747320234 0.03042933237693
v 0.00125090286200015 -0.0533998404524884 0.030144489100672
v 0.000536984361909925 -0.0536996145528132 0.0302841614733112
v 0.000541802968840396 -0.0533999000571311 0.0299831113142439
v -1.86264597532178e-09 -0.0536999461036387 0.0302500135842707
v -3.72529195064356e-09 -0.0533999931893855 0.029950015820191
v 0.00324724386107723 -0.053700016884152 0.0321233120524965
v 0.00317206490837502 -0.0533992704830917 0.0314663791615383
v 0.00368642970501445 -0.0536996406298444 0.033287700493252
v 0.00348418430350625 -0.0536996033769427 0.0326032004415562
v 0.00360294079012409 -0.0536995512228803 0.0350549417611243
v 0.0030557601295222 -0.053700016884152 0.0361748129625807
v 0.0027200254102236 -0.0536996294539739 0.0365870686755339
v 0.00217878402914476 -0.0536995847504918 0.0370576959887026
v 0.0027998162743607 -0.0533997324190733 0.0369316581847524
v 0.00105577940379397 -0.0537000206094422 0.0375987164193437
v 0.00159236649824197 -0.0533997398696536 0.0377280362055384
v 0.000537278485350966 -0.0536996220033936 0.0377157762695942
v 0.000902016290508238 -0.0533998553536491 0.0379528948301485
v -0.000150051034479972 -0.0534999762523732 0.0310400139051672
v -0.000150051034479972 -0.0534999762523732 0.0317000145740804
v 0.000289980450730046 -0.0535000470328865 0.0308000156939034
v 0.000289980450730046 -0.0535000470328865 0.0310400139051672
v -0.000390039929878356 -0.0534999799776634 0.0317000145740804
v -0.000390039929878356 -0.0534999799776634 0.0308000156939034
v -0.000426328086081105 -0.0528000128550756 0.0360940747092478
v -0.000431081558610127 -0.0535000135052749 0.0360388211784291
v -0.000322744538955172 -0.0528000277562363 0.0365078130884136
v -1.12826096499941e-06 -0.0534999762523732 0.0366420614359131
v -0.000327605375562365 -0.0534999911535339 0.0364844704087945
v -2.28255091252136e-07 -0.0527999420745623 0.0366294848501497
v -5.91584046995836e-06 -0.0528000054044952 0.035724909448761
v -1.16962230126953e-06 -0.0535000023294044 0.0357580831739458
v 0.00127567651913342 -0.0534999688017928 0.0352498378622463
v 0.00146648643850688 -0.0528000203056559 0.0357287353236363
v 0.00144771236406012 -0.0535000060546946 0.0357146090164044
v 0.0017199621713357 -0.0528000128550756 0.0357966101437224
v 0.00171980582548915 -0.0535000321317258 0.0357982008434028
v 0.00128577031408906 -0.0527999532504328 0.0354125064623495
v 0.00171809323893021 -0.0534999799776634 0.0349211851521676
v 0.00141485424131708 -0.052800001679205 0.0350495438130286
v 0.00171979534810554 -0.0527999420745623 0.0349404821646839
v 0.00170670688408307 -0.0528000128550756 0.0336493592903758
v 0.00214354625975288 -0.052800001679205 0.033955749655513
v 0.0018759175607267 -0.0535000246811455 0.033850383496824
v 0.00214465197296998 -0.0535000060546946 0.033941634524157
v 0.00169622891839502 -0.0534999948788241 0.0334890674265633
v 0.00188772277808754 -0.0528000054044952 0.0331456141314022
v 0.00190891887437909 -0.0534999799776634 0.0331460462652732
v 0.0021448466194744 -0.0534999911535339 0.0330819526165586
v 0.00214500634136679 -0.0528000128550756 0.0330850110812836
v 0.000705162492398669 -0.0527999718768837 0.0323745569202828
v 0.00062744585917815 -0.0534999948788241 0.0323045512331775
v 0.000953889933182588 -0.0534999986041142 0.0324620565785803
v 0.000954790231473223 -0.0528000128550756 0.0324494688169409
v 0.000520464787585543 -0.0528000165803657 0.0320839319908538
v 0.000519187303484906 -0.0534999837029535 0.0319996994136328
v 0.000649898543010799 -0.0527999905033345 0.0316995079343696
v 0.000954773525867132 -0.0528000128550756 0.0315904798136528
v 0.000682924012853182 -0.0534999986041142 0.0316753494158044
v 0.000954855191251612 -0.0534999762523732 0.0315919252269456
v -0.000322744538955172 -0.0528000277562363 0.0343078121004666
v -0.000327605375562365 -0.0534999911535339 0.0342844694208476
v -0.000437850530499819 -0.0534999576259223 0.0339383897948324
v -1.12826096499941e-06 -0.0534999762523732 0.0344420604479662
v -2.28255091252136e-07 -0.0527999420745623 0.0344294838622027
v -5.91584046995836e-06 -0.0528000054044952 0.0335249084608141
v -0.000426325233904456 -0.0528000128550756 0.0338940513695489
v -0.000220205645182962 -0.0535000023294044 0.0336233455763988
v -4.5844369093806e-08 -0.0535000209558553 0.0335741754474023
v -0.00199220813690396 -0.0534999986041142 0.0357146313681563
v -0.00195398012222944 -0.052799979327464 0.0357382795217187
v -0.00172012643342765 -0.053499950175342 0.0357982008434028
v -0.00172011770227464 -0.0528000128550756 0.0357966101437224
v -0.00215452609211591 -0.0528000128550756 0.0354339455177608
v -0.00202513901925541 -0.0527999607010131 0.0350495400877366
v -0.00216425352789128 -0.0535000246811455 0.0352497000264427
v -0.00172182935751059 -0.0534999762523732 0.0349211888774596
v -0.00172028336135107 -0.052800042657397 0.0349404858899759
v -0.00248634133862093 -0.052800001679205 0.0337775205107612
v -0.00214614045993501 -0.0534999762523732 0.0339520467152734
v -0.00247224134141849 -0.0534999911535339 0.0337949064484858
v -0.00214647154525712 -0.052800001679205 0.033955745930221
v -0.00258085432371623 -0.053500035857016 0.0334898348367136
v -0.00215092536461486 -0.0528000463826871 0.0330349208051652
v -0.00257909063080835 -0.0527999830527542 0.0334242436206183
v -0.00238731632648117 -0.0535000060546946 0.0331360922850718
v -0.00214501192930471 -0.0535000470328865 0.0330850110812836
v -0.00138244082530065 -0.0534999986041142 0.0319602522967343
v -0.0012083337180494 -0.0528000575585577 0.0323788298301971
v -0.000956146761612438 -0.0535000023294044 0.0324620454027044
v -0.00131195632253312 -0.0535000023294044 0.0322758627595506
v -0.000955097393436091 -0.0527999346239819 0.0324466115179834
v -0.00122366096611883 -0.0528000128550756 0.0316761913317945
v -0.00122706693070008 -0.0535000023294044 0.0316753568663884
v -0.00139749973593426 -0.0528000091297854 0.032019905397395
v -0.000955264042043195 -0.0527999867780444 0.0315904760883608
v -0.000955182493074088 -0.0535000321317258 0.0315919326775295
v 0.00348236985349554 -0.0533999969146757 0.0318939309234087
v 0.00251231803222352 -0.0534000229917069 0.0307973204451475
v 0.00399414254542956 -0.0530000609374348 0.0347379976437751
v 0.00408132182765852 -0.0533999894640953 0.033628121400732
v 0.00380675453954351 -0.0533999857388052 0.035443132087812
v 0.00262191099913502 -0.0529999678051804 0.0371143651304781
v 0.00189611562802159 -0.0534000006399659 0.03760209525918
v 3.11500891165987e-06 -0.0533999335847427 0.0381097407988688
v 0.00133312867008849 -0.0530000795638856 0.0378466420519655
v 6.17545982676097e-07 -0.0530000311351134 0.0380634205182459
v 0.00356439705695676 -0.0529999789810509 0.0359674147815351
v 0.00304927928568181 -0.0533999969146757 0.0366968753822768
v 0.00403240408773163 -0.0529999678051804 0.0334413091832316
v 0.0026232672382358 -0.0530000162339527 0.0308871092953739
v 0.00356326317121928 -0.0529999864316313 0.0320328209847297
v 6.53999740202337e-07 -0.0530000348604035 0.0299366215328354
v 3.94759699702014e-07 -0.0533999596617739 0.0299418630186675
v 0.00133343321270545 -0.0530000199592429 0.0301541301563461
v 0.00121666242311267 -0.053400004365256 0.0301163109920479
v 0.00393314927164466 -0.0528978054474408 0.0343660905683825
v 0.00384936768850543 -0.0529004243264333 0.0349041568424743
v -0.00376066057091521 -0.0530005526757378 0.0355236468236254
v -0.00395012728970972 -0.0528981332729761 0.0340000023990807
v -0.0014391693382943 -0.0530015734052455 0.0378077686300336
v 0.00376530484582393 -0.0530009624576569 0.0355153766754042
v 0.00238411513654183 -0.0530011114692639 0.0372954105959755
v 0.00134839666273283 -0.0529197064283754 0.0378007762569655
v 1.58300988181086e-05 -0.0530008395230812 0.0380684422118505
v 0.00148193231384186 -0.0530011375462951 0.0377920031943254
v -0.00320403839069516 -0.0529997219360289 0.0364856662275238
v -0.00410342538178617 -0.0529982578969904 0.0340028671486222
v -0.00235885113785555 -0.0530014877235715 0.0373074060361883
v 0.00319917548771509 -0.0529999044752475 0.0364923233243127
v -0.003345947799617 -0.0529189203921486 0.0362420768347802
v 0.00395016873358267 -0.0528975148748072 0.0340000061243727
v 0.00397528930852884 -0.0529169385377759 0.0346491829574045
v 0.00408416608806283 -0.0529994313633953 0.0340004866870396
v 0.00335896187421582 -0.0528925155353933 0.0360799595778918
v 0.00333794214721506 -0.0529196579996031 0.0362572275973098
v 0.0037949320927074 -0.0529206004980172 0.0353509422868971
v -0.00345288509902918 -0.0528945122909267 0.0359278410047088
v -0.0040452526196694 -0.0529364851353204 0.0340003563018199
v -0.00386458783443128 -0.0529165846352094 0.0351451534319917
v -0.00391633796039439 -0.052897768194539 0.034547109956836
v 0.00248001718987322 -0.0529220943393771 0.0371812900011063
v -9.91097461607317e-06 -0.0529249255599096 0.0380386957552979
v 0.00192509164730594 -0.0528696720560446 0.0374580605696187
v 0.000544043324494901 -0.0528974925230661 0.0379168079266263
v -0.00136963105968224 -0.0529201758149374 0.0377935603663778
v -0.00234269408100412 -0.0528836493447785 0.0371832159770659
v -0.00192644660583761 -0.0528664012512715 0.037458347417102
v 0.00361836722409171 -0.0529017244527041 0.0355941479745655
v 0.00304044335883638 -0.0529063214607792 0.0365272516620255
v 0.00252606971462857 -0.0528964457165272 0.0370424744456251
v 0.00125678218760588 -0.052887892450287 0.0377500564065005
v -0.000184505561239234 -0.0528997425983314 0.0379499928276871
v -0.00142659123926908 -0.0528999996433534 0.0376834146580636
v -0.000902347783284158 -0.0529109370953051 0.0378489778100442
v -0.00304073043914733 -0.0529054981716507 0.03652701696863
v -0.00267732238859337 -0.0528775882976649 0.0369108226266437
v -0.00374859085782587 -0.0529005100081073 0.0352581452633875
v -0.00345376007697609 -0.0528999996433534 0.0359252705532346
v -0.003041528350117 -0.0528999996433534 0.0365266444394309
v -0.00277066167389347 -0.0528999996433534 0.0359715163280178
v -0.00374865418778904 -0.0528999996433534 0.0352580595816717
v 0.00267463109798978 -0.0528999996433534 0.0310933153829823
v 0.00210229586915266 -0.0528999996433534 0.0313274108690854
v -0.00336576216184098 -0.0528999921927731 0.0335155132744114
v -0.00321302705451057 -0.0528999959180633 0.032887712166827
v -0.00394997362141675 -0.0528999996433534 0.0340000173002486
v -0.000970932154326108 -0.0528999996433534 0.0301713130656571
v -0.00095678908343549 -0.0528999959180633 0.0307372147215098
v -0.000322090604698618 -0.0528999996433534 0.0306152188593705
v -0.002676048571577 -0.0528999959180633 0.0310948129503629
v -0.00216141625240937 -0.0528999996433534 0.0306940162355758
v -0.00347423148756787 -0.0528999921927731 0.0321208161068622
v -0.00311770987201542 -0.0528999996433534 0.0315747106526526
v -0.000327466200983396 -0.0528999996433534 0.0300637117317732
v -0.00391610699229345 -0.0528999959180633 0.0345474862113271
v 0.00294502768893529 -0.0528999996433534 0.0322996152212887
v -0.00234724499078332 -0.0528999996433534 0.0364601181750457
v -0.00266049361503709 -0.0528999996433534 0.0369196180410357
v 0.00389608727335069 -0.0528999996433534 0.0333497154290353
v 0.00373585501596961 -0.0528999996433534 0.0327171161453659
v 0.00394996617083285 -0.0528999996433534 0.0340000173002486
v -0.00159524067739726 -0.0528999996433534 0.0376181214653277
v 0.00391614983315088 -0.0528999959180633 0.0345471174074199
v 0.00330409740418197 -0.0528999996433534 0.0348027134162523
v 0.00125674283920965 -0.0528999921927731 0.0377490654788307
v 0.000643253611701525 -0.0528999959180633 0.0373391157216204
v 0.00238118240045369 -0.0528999996433534 0.0371516143251016
v -0.00223243265701822 -0.0528999996433534 0.0372636524817475
v 0.00183784111886842 -0.0528999996433534 0.0368612203637761
v 0.00326436250891342 -0.0528999996433534 0.0362313926973484
v 0.0027692404750143 -0.0528999959180633 0.0359733193693417
v 0.000546659177936493 -0.0529000145445141 0.0379161895281557
v -1.86264597532178e-09 -0.0528999251375499 0.0374000167950983
v -0.000182336771935562 -0.0528999586651615 0.0379500077288551
v 0.00126324463781726 -0.0528999921927731 0.03715671797513
v 0.00192346357830813 -0.0528999921927731 0.0374547897632501
v 0.002345684093456 -0.0528999996433534 0.0364615188848346
v 0.00279764792161468 -0.0528999735663222 0.0367943662736957
v 0.00309253062372102 -0.0528999996433534 0.0354136165993629
v 0.00361844033294624 -0.0528999996433534 0.0355942411068653
v 0.00379949604100843 -0.0528999959180633 0.0350797186781601
v 0.0033963058305443 -0.0528999996433534 0.0341628125602794
v 0.00336575657390305 -0.0528999959180633 0.0335169139842002
v 0.00321316116502079 -0.0528999996433534 0.0328884125217215
v 0.00347366151789942 -0.0528999996433534 0.0321195122546651
v 0.00311664071322559 -0.0528999251375499 0.0315733173934478
v 0.0025699801965123 -0.0528999996433534 0.0317735145850738
v 0.0021595722328938 -0.0528999996433534 0.0306927123833787
v 0.00155895458756739 -0.0528999996433534 0.030977913287668
v 0.00158568728260521 -0.0528999996433534 0.0303823136040587
v 0.000958765350815306 -0.0528999921927731 0.0307379150764042
v 0.000968521890434042 -0.0528999921927731 0.0301706127107627
v 0.000324348131620708 -0.0528999996433534 0.0306152188593705
v 0.00032491251335123 -0.0528999959180633 0.0300635180165896
v -0.00158781256166305 -0.0528999959180633 0.0303833119823124
v -0.0015572633050218 -0.0528999996433534 0.0309773172409493
v -0.00210131239207769 -0.0528999996433534 0.0313266136565992
v -0.00256941767742775 -0.0528999921927731 0.0317730153959469
v -0.00294503513951919 -0.0528999996433534 0.0322997120788805
v -0.00373614558874176 -0.0528999996433534 0.0327180102154439
v -0.00389609472393459 -0.0528999996433534 0.0333497154290353
v -0.00339616799474213 -0.0528999996433534 0.0341611138271313
v -0.00330480893494455 -0.0528999996433534 0.0348008135173366
v -0.0030932421544836 -0.0528999996433534 0.0354115155346797
v -0.00183925672980967 -0.0528999996433534 0.0368601176773466
v -0.00126452241295633 -0.0528999996433534 0.0371563156435949
v -0.000903902918050492 -0.0528999921927731 0.0378494620980031
v -0.000643965142464098 -0.0528999959180633 0.0373389145558529
f 1 2 3
f 142 148 4
f 149 5 4
f 160 145 125
f 152 4 6
f 4 5 6
f 152 7 4
f 10 7 8
f 153 8 7
f 9 163 165
f 7 10 11
f 12 13 7
f 13 14 168
f 13 16 15
f 16 17 15
f 18 15 17
f 18 17 19
f 19 20 18
f 21 20 19
f 20 21 23
f 21 24 23
f 22 23 24
f 22 24 25
f 25 26 22
f 27 26 25
f 26 27 29
f 27 30 29
f 31 28 29
f 29 30 31
f 33 28 31
f 32 33 31
f 35 34 33
f 33 32 35
f 38 142 122
f 36 37 142
f 122 43 38
f 39 40 41
f 122 42 43
f 131 44 45
f 131 130 39
f 46 140 138
f 132 122 47
f 120 174 175
f 48 134 133
f 50 139 138
f 50 138 49
f 50 49 118
f 51 49 53
f 53 52 51
f 53 54 52
f 53 55 113
f 113 55 57
f 179 56 178
f 57 58 112
f 56 109 178
f 112 59 60
f 60 59 61
f 104 62 63
f 64 104 63
f 103 64 92
f 92 64 65
f 88 92 65
f 65 68 66
f 66 67 65
f 81 82 68
f 69 70 81
f 78 74 71
f 78 72 73
f 78 73 74
f 75 76 77
f 69 78 71
f 81 78 69
f 79 100 94
f 81 70 80
f 99 79 83
f 81 80 82
f 83 101 84
f 65 81 68
f 102 93 85
f 86 102 92
f 65 67 87
f 92 90 86
f 88 65 89
f 65 87 89
f 90 92 91
f 91 92 88
f 86 93 102
f 77 97 185
f 94 98 96
f 98 95 96
f 76 97 77
f 100 98 94
f 99 100 79
f 84 99 83
f 85 84 101
f 101 102 85
f 184 185 183
f 182 105 184
f 64 103 104
f 181 110 105
f 61 59 63
f 62 106 107
f 63 62 108
f 62 107 108
f 63 108 61
f 180 109 110
f 111 59 112
f 58 111 112
f 55 58 57
f 179 177 117
f 54 53 113
f 114 115 52
f 52 54 114
f 116 176 117
f 51 118 49
f 119 120 176
f 119 174 120
f 133 121 44
f 129 122 123
f 175 124 126
f 124 125 126
f 40 128 41
f 127 41 128
f 129 42 122
f 130 40 39
f 45 130 131
f 132 123 122
f 121 45 44
f 134 121 133
f 50 134 135
f 134 48 135
f 140 47 122
f 136 46 138
f 139 50 137
f 50 135 137
f 136 138 139
f 122 138 140
f 38 141 36
f 38 36 142
f 144 142 143
f 142 37 143
f 3 142 144
f 144 1 3
f 126 125 145
f 3 146 147
f 3 147 142
f 147 148 142
f 4 148 149
f 173 160 151
f 150 151 160
f 7 152 153
f 160 154 150
f 154 160 155
f 155 160 159
f 156 162 157
f 7 11 158
f 164 159 160
f 159 164 161
f 162 156 163
f 165 158 9
f 165 163 156
f 161 164 170
f 158 165 7
f 171 164 166
f 165 12 7
f 164 16 169
f 13 12 14
f 16 13 168
f 16 167 169
f 16 168 167
f 164 169 166
f 164 172 170
f 164 171 172
f 173 145 160
f 174 124 175
f 116 119 176
f 177 116 117
f 178 177 179
f 180 178 109
f 181 180 110
f 182 181 105
f 183 182 184
f 97 183 185
f 282 186 187
f 188 281 282
f 279 189 191
f 188 189 279
f 190 191 189
f 192 288 285
f 291 193 272
f 194 268 195
f 300 196 268
f 197 258 257
f 198 200 199
f 200 203 201
f 204 202 203
f 206 204 207
f 205 206 207
f 208 205 207
f 211 227 208
f 209 208 224
f 210 211 208
f 212 225 215
f 208 215 213
f 215 214 223
f 215 216 214
f 215 220 217
f 216 215 217
f 220 218 219
f 218 220 215
f 218 221 222
f 222 219 218
f 223 212 215
f 226 205 208
f 208 213 224
f 213 215 225
f 210 208 209
f 226 208 227
f 228 246 252
f 234 247 255
f 226 227 231
f 229 255 241
f 230 240 239
f 202 204 206
f 203 202 201
f 226 231 255
f 240 255 231
f 201 199 200
f 227 232 231
f 256 198 199
f 242 248 247
f 255 233 234
f 235 238 236
f 239 237 238
f 237 236 238
f 237 239 240
f 240 230 241
f 229 233 255
f 242 247 254
f 243 247 244
f 243 249 247
f 245 246 247
f 248 244 247
f 249 245 247
f 252 246 253
f 250 253 245
f 253 251 252
f 245 253 246
f 254 247 234
f 241 255 240
f 257 198 256
f 256 197 257
f 257 258 260
f 260 258 262
f 259 260 262
f 261 259 262
f 261 263 259
f 261 264 263
f 263 264 266
f 266 264 265
f 267 266 265
f 194 267 265
f 194 195 267
f 196 301 268
f 268 306 195
f 299 305 306
f 291 296 269
f 270 271 193
f 294 291 272
f 292 289 270
f 289 287 288
f 293 311 290
f 273 274 275
f 312 311 277
f 276 314 277
f 315 314 278
f 280 188 279
f 280 281 188
f 186 282 281
f 276 278 314
f 324 273 275
f 283 284 192
f 274 286 275
f 275 192 285
f 192 286 283
f 286 192 275
f 287 285 288
f 292 287 289
f 308 293 290
f 291 292 270
f 309 293 308
f 270 193 291
f 294 295 291
f 296 291 295
f 297 268 269
f 291 269 268
f 298 299 306
f 268 297 300
f 268 303 306
f 301 303 268
f 302 304 306
f 302 306 303
f 306 304 298
f 305 307 306
f 306 307 308
f 308 307 309
f 310 290 311
f 312 310 311
f 314 312 277
f 275 322 325
f 190 314 313
f 314 315 313
f 320 323 191
f 317 190 316
f 190 313 316
f 190 318 319
f 190 317 318
f 319 191 190
f 191 321 320
f 191 319 321
f 322 275 323
f 191 323 275
f 324 275 325
f 383 326 342
f 345 347 407
f 327 339 336
f 402 401 340
f 337 389 391
f 397 328 398
f 329 392 331
f 329 330 394
f 393 330 332
f 389 331 390
f 332 335 395
f 397 396 333
f 333 334 335
f 388 336 386
f 387 386 337
f 399 401 400
f 399 338 328
f 339 385 341
f 404 340 403
f 341 384 383
f 342 343 381
f 403 405 406
f 382 380 381
f 344 405 345
f 378 380 346
f 378 379 377
f 349 409 347
f 348 377 375
f 349 410 408
f 376 373 348
f 410 411 350
f 373 374 372
f 411 351 352
f 412 351 353
f 354 413 364
f 355 372 356
f 357 358 418
f 363 371 369
f 369 359 360
f 419 360 368
f 415 414 354
f 416 415 367
f 355 361 362
f 370 363 362
f 353 364 365
f 366 417 367
f 360 359 368
f 366 357 418
f 369 371 359
f 363 370 371
f 362 361 370
f 355 356 361
f 372 374 356
f 373 376 374
f 348 375 376
f 377 379 375
f 378 346 379
f 380 382 346
f 381 343 382
f 342 326 343
f 383 384 326
f 341 385 384
f 339 327 385
f 336 388 327
f 386 387 388
f 337 391 387
f 389 390 391
f 331 392 390
f 329 394 392
f 330 393 394
f 332 395 393
f 335 334 395
f 333 396 334
f 397 398 396
f 328 338 398
f 399 400 338
f 401 402 400
f 340 404 402
f 403 406 404
f 405 344 406
f 345 407 344
f 347 409 407
f 349 408 409
f 410 350 408
f 411 352 350
f 351 412 352
f 353 365 412
f 364 413 365
f 354 414 413
f 415 416 414
f 367 417 416
f 366 418 417
f 357 419 358
f 368 358 419
f 421 476 475
f 421 420 422
f 476 421 422
f 423 422 420
f 424 423 420
f 423 424 426
f 424 425 426
f 425 427 439
f 427 438 439
f 428 425 439
f 428 426 425
f 431 429 438
f 429 430 438
f 433 431 432
f 429 431 433
f 436 433 432
f 432 434 436
f 435 436 434
f 437 435 434
f 438 430 439
f 444 468 440
f 437 441 468
f 468 441 440
f 444 440 445
f 449 442 445
f 443 447 448
f 444 445 442
f 446 442 449
f 447 446 448
f 449 448 446
f 443 451 450
f 452 451 453
f 451 452 450
f 455 453 454
f 455 452 453
f 455 454 462
f 462 459 458
f 460 456 457
f 457 458 460
f 458 459 460
f 457 456 461
f 463 461 456
f 462 454 459
f 447 443 450
f 463 464 461
f 463 465 464
f 465 463 466
f 465 466 467
f 435 437 468
f 469 467 474
f 469 474 473
f 470 471 472
f 473 472 471
f 466 474 467
f 473 471 469
f 478 475 477
f 476 477 475
f 481 479 478
f 478 477 481
f 482 479 480
f 481 480 479
f 482 480 483
f 482 483 485
f 483 484 485
f 487 486 485
f 485 484 487
f 486 487 488
f 487 489 488
f 491 490 488
f 488 489 491
f 490 491 492
f 491 493 492
f 493 495 492
f 494 495 493
f 498 495 494
f 498 494 499
f 498 497 496
f 497 498 499
f 501 500 496
f 496 497 501
f 500 501 502
f 501 504 502
f 504 503 502
f 505 503 504
f 506 503 505
f 506 505 507
f 506 507 508
f 509 508 510
f 507 510 508
f 509 510 511
f 509 511 513
f 511 512 513
f 512 515 513
f 514 515 512
f 516 515 514
f 516 514 517
f 516 517 518
f 517 520 518
f 521 519 518
f 518 520 521
f 519 521 522
f 521 524 522
f 524 525 522
f 523 525 524
f 526 525 523
f 526 523 527
f 526 527 528
f 527 529 528
f 531 533 528
f 528 529 531
f 530 533 532
f 531 532 533
f 534 535 536
f 537 538 539
f 537 539 644
f 639 540 541
f 538 643 639
f 641 542 642
f 641 642 541
f 542 543 638
f 544 545 546
f 633 547 631
f 545 548 633
f 551 630 549
f 628 627 550
f 551 627 629
f 626 550 625
f 621 620 616
f 617 618 552
f 617 616 619
f 618 553 614
f 612 610 613
f 607 554 608
f 554 609 608
f 558 555 556
f 557 604 606
f 556 604 558
f 601 560 559
f 601 559 602
f 599 600 560
f 561 562 563
f 564 565 561
f 565 564 566
f 598 566 597
f 567 568 569
f 568 570 571
f 570 568 567
f 570 572 571
f 572 573 571
f 573 574 575
f 574 573 572
f 574 576 575
f 576 577 575
f 578 577 576
f 579 577 578
f 579 578 580
f 579 580 581
f 582 581 583
f 580 583 581
f 582 587 586
f 587 582 583
f 584 585 586
f 586 587 584
f 585 584 588
f 584 590 588
f 590 589 588
f 593 589 590
f 592 589 593
f 596 591 592
f 592 593 596
f 594 591 595
f 596 595 591
f 567 569 597
f 597 569 598
f 561 565 562
f 566 598 565
f 563 562 600
f 599 563 600
f 601 599 560
f 602 559 603
f 602 603 606
f 604 605 606
f 606 605 602
f 604 557 558
f 555 607 556
f 607 555 554
f 608 609 611
f 610 611 609
f 610 612 611
f 615 612 613
f 615 614 553
f 613 614 615
f 552 616 617
f 617 553 618
f 616 620 619
f 624 620 621
f 624 622 623
f 620 624 623
f 622 624 626
f 625 622 626
f 550 627 625
f 628 629 627
f 630 631 632
f 551 629 630
f 632 549 630
f 631 547 632
f 548 547 633
f 548 545 544
f 546 636 634
f 634 544 546
f 636 638 635
f 636 635 634
f 647 637 645
f 543 635 638
f 639 541 640
f 641 543 542
f 640 541 642
f 540 639 643
f 537 643 538
f 644 539 637
f 647 644 637
f 645 646 647
f 647 646 536
f 536 646 534
f 650 691 666
f 648 661 663
f 649 650 666
f 666 691 694
f 654 651 655
f 651 652 656
f 656 652 653
f 658 654 655
f 655 651 656
f 658 657 659
f 659 654 658
f 661 660 657
f 659 657 660
f 661 648 660
f 663 665 662
f 662 648 663
f 667 664 665
f 662 665 664
f 673 667 666
f 667 673 664
f 694 668 671
f 672 670 673
f 669 673 670
f 694 672 673
f 694 671 672
f 666 694 673
f 674 675 676
f 686 677 687
f 682 681 678
f 684 680 685
f 679 683 682
f 680 678 681
f 681 682 683
f 676 684 685
f 684 678 680
f 675 674 687
f 676 685 674
f 677 686 690
f 675 687 677
f 686 688 690
f 688 694 689
f 689 690 688
f 691 692 693
f 689 694 691
f 650 692 691
f 695 702 696
f 699 698 703
f 697 698 699
f 695 699 702
f 701 703 700
f 703 701 702
f 702 699 703
f 751 704 717
f 704 751 705
f 751 717 806
f 706 707 708
f 713 709 705
f 711 706 710
f 713 711 712
f 714 709 713
f 713 712 714
f 897 716 895
f 716 825 715
f 715 929 716
f 874 851 897
f 897 851 716
f 806 717 718
f 719 722 723
f 899 720 855
f 720 813 756
f 721 724 813
f 755 723 756
f 722 756 723
f 724 757 756
f 721 813 727
f 725 726 813
f 813 735 725
f 813 726 727
f 728 729 735
f 730 731 735
f 729 728 732
f 861 865 733
f 734 735 731
f 735 734 725
f 736 865 864
f 736 864 876
f 741 737 738
f 740 747 739
f 739 737 740
f 737 741 740
f 724 756 813
f 744 745 742
f 746 740 743
f 744 743 745
f 740 745 743
f 871 872 832
f 740 746 747
f 748 939 905
f 766 749 806
f 766 750 749
f 806 807 751
f 808 849 772
f 752 753 845
f 844 888 845
f 846 752 845
f 845 818 844
f 838 869 868
f 831 838 868
f 754 732 728
f 755 756 757
f 759 797 758
f 759 760 797
f 763 796 797
f 764 794 761
f 798 762 763
f 764 765 794
f 765 767 794
f 713 705 751
f 812 811 856
f 713 751 823
f 718 766 806
f 794 770 768
f 770 794 767
f 768 775 769
f 769 777 768
f 770 774 768
f 797 771 758
f 892 772 891
f 760 761 794
f 847 773 849
f 795 804 797
f 774 775 768
f 776 768 777
f 873 783 779
f 841 778 815
f 779 778 841
f 780 788 787
f 786 842 787
f 787 793 780
f 802 781 873
f 873 782 802
f 873 781 783
f 784 800 785
f 840 786 787
f 788 790 787
f 787 789 840
f 790 789 787
f 880 791 914
f 839 880 881
f 787 842 792
f 793 787 784
f 784 787 800
f 803 794 817
f 794 797 760
f 795 797 794
f 771 797 796
f 763 797 798
f 712 711 710
f 706 711 707
f 799 735 729
f 730 735 799
f 740 741 832
f 787 792 800
f 776 801 843
f 776 843 768
f 802 843 816
f 803 920 887
f 795 803 804
f 818 797 844
f 805 808 749
f 806 749 808
f 807 806 808
f 825 713 809
f 827 812 722
f 810 811 853
f 856 756 812
f 856 720 756
f 720 828 813
f 735 813 828
f 733 829 735
f 735 829 728
f 830 837 741
f 832 741 837
f 838 837 814
f 872 745 740
f 840 881 786
f 834 792 815
f 815 792 842
f 843 801 816
f 768 843 817
f 768 817 794
f 794 803 795
f 804 844 797
f 797 818 798
f 798 818 819
f 820 808 805
f 925 821 892
f 821 822 823
f 822 850 823
f 807 823 751
f 713 824 809
f 824 713 823
f 713 825 711
f 711 825 826
f 827 853 812
f 722 812 756
f 735 862 861
f 828 862 735
f 861 733 735
f 829 865 866
f 865 829 733
f 814 837 830
f 832 831 871
f 832 837 831
f 832 872 740
f 881 842 786
f 778 833 815
f 833 834 815
f 843 802 782
f 845 835 818
f 835 819 818
f 820 848 808
f 892 823 807
f 808 892 807
f 852 825 716
f 715 825 809
f 852 826 825
f 854 811 810
f 857 899 933
f 736 836 865
f 831 837 838
f 872 871 878
f 839 881 840
f 917 882 842
f 917 842 881
f 882 841 815
f 815 842 882
f 782 884 843
f 884 883 817
f 817 843 884
f 803 883 920
f 883 803 817
f 887 888 804
f 804 803 887
f 844 804 888
f 753 835 845
f 773 846 849
f 849 848 847
f 772 892 808
f 808 848 849
f 823 892 821
f 824 850 913
f 913 715 809
f 824 823 850
f 824 913 809
f 851 852 716
f 854 875 897
f 811 812 853
f 854 897 811
f 811 855 856
f 720 856 855
f 899 857 828
f 828 720 899
f 857 859 862
f 857 862 828
f 902 934 858
f 859 860 861
f 859 861 862
f 858 936 863
f 860 864 865
f 865 861 860
f 865 836 866
f 867 868 869
f 903 904 870
f 870 904 831
f 871 904 878
f 904 871 831
f 905 745 878
f 745 872 878
f 881 916 917
f 841 873 779
f 752 846 773
f 895 928 894
f 874 897 875
f 864 867 876
f 868 867 864
f 831 877 870
f 877 831 868
f 878 879 748
f 878 904 879
f 880 916 881
f 919 841 882
f 919 873 841
f 907 782 873
f 885 884 782
f 907 885 782
f 886 883 884
f 885 886 884
f 886 920 883
f 910 887 920
f 921 887 910
f 921 888 887
f 889 890 923
f 921 890 888
f 890 845 888
f 890 846 845
f 912 849 846
f 912 772 849
f 891 925 892
f 893 715 913
f 929 715 893
f 895 716 929
f 930 896 894
f 895 896 897
f 896 811 897
f 898 811 896
f 898 855 811
f 898 900 855
f 900 899 855
f 900 933 899
f 901 935 933
f 933 935 857
f 935 859 857
f 935 902 859
f 902 860 859
f 902 858 860
f 858 864 860
f 864 858 863
f 863 868 864
f 863 877 868
f 903 870 877
f 903 879 904
f 748 905 878
f 907 873 906
f 907 908 885
f 885 908 886
f 920 886 909
f 910 911 921
f 846 890 889
f 846 889 912
f 850 822 926
f 850 926 913
f 896 930 898
f 900 932 933
f 839 791 880
f 880 914 916
f 914 915 916
f 916 915 917
f 915 882 917
f 915 918 882
f 918 919 882
f 918 906 919
f 906 873 919
f 906 908 907
f 908 909 886
f 909 911 920
f 911 910 920
f 911 922 921
f 923 921 922
f 923 890 921
f 889 924 912
f 924 772 912
f 891 772 924
f 927 925 891
f 927 821 925
f 926 821 927
f 926 822 821
f 926 893 913
f 893 928 929
f 928 895 929
f 894 896 895
f 930 931 898
f 931 900 898
f 932 900 931
f 932 901 933
f 934 935 901
f 934 902 935
f 934 936 858
f 936 937 877
f 936 877 863
f 877 937 903
f 937 938 903
f 938 879 903
f 938 939 879
f 879 939 748
f 940 1040 1058
f 1150 1151 1117
f 941 1085 1121
f 941 1121 942
f 1025 1028 942
f 1018 943 1058
f 1017 1018 1019
f 1019 944 1015
f 945 1060 1006
f 946 1005 1129
f 1075 1090 1161
f 949 947 948
f 1002 949 948
f 950 1037 951
f 999 1000 1004
f 952 1037 953
f 954 1003 955
f 957 1045 1094
f 957 956 1099
f 1099 1096 957
f 989 988 958
f 985 961 959
f 959 961 960
f 960 961 962
f 984 962 961
f 984 983 963
f 982 995 964
f 965 966 983
f 1080 969 967
f 968 967 969
f 1051 974 970
f 1051 973 974
f 971 972 973
f 974 973 972
f 975 976 977
f 975 978 976
f 973 976 978
f 978 979 973
f 971 973 979
f 980 1082 1081
f 1174 1142 1116
f 1080 981 1103
f 983 982 964
f 963 983 966
f 983 984 961
f 961 985 986
f 987 986 985
f 961 986 991
f 996 988 986
f 986 988 989
f 1133 990 991
f 1096 1099 1112
f 1094 992 957
f 1052 1106 1115
f 993 1052 1115
f 994 995 982
f 996 986 987
f 952 997 1003
f 997 955 1003
f 954 998 1003
f 1000 1002 1004
f 1004 998 999
f 1000 1001 1002
f 1077 1004 1002
f 1003 998 1004
f 1066 1132 1047
f 1003 1004 1091
f 1001 949 1002
f 1129 1044 1088
f 1005 1089 1129
f 1044 1129 1061
f 1012 1006 1060
f 1007 1060 1008
f 1009 1010 1008
f 1060 1011 1012
f 1076 1161 1013
f 945 944 1019
f 1014 1109 1090
f 1043 1087 1060
f 1015 1016 1019
f 1016 1017 1019
f 1018 1058 1019
f 943 1020 1058
f 1058 1020 1021
f 1058 1021 940
f 1036 1022 1069
f 1032 1036 1023
f 1036 1024 1023
f 1042 1027 1025
f 1068 1036 1069
f 1025 1026 1042
f 1025 1027 1028
f 1029 1030 1031
f 1033 1034 1036
f 1032 1033 1036
f 1034 1022 1036
f 1035 1117 1119
f 1036 1068 1039
f 1024 1036 1030
f 1030 1036 1031
f 1059 1019 1086
f 1019 1060 945
f 1043 1060 1019
f 1011 1060 1007
f 1008 1060 1009
f 997 952 953
f 1037 952 951
f 1038 983 964
f 965 983 1038
f 973 1051 980
f 1036 1039 1031
f 1040 1056 1041
f 1040 1041 1058
f 1042 1041 1057
f 1059 1156 1126
f 1043 1059 1087
f 1061 1060 1044
f 1062 1075 948
f 1002 948 1075
f 1077 1002 1075
f 1045 1003 1095
f 1065 1066 989
f 1046 1132 1100
f 1047 986 1066
f 1047 991 986
f 991 1048 961
f 983 961 1048
f 981 1049 983
f 983 1049 982
f 1050 1053 1051
f 980 1051 1053
f 1052 1053 1054
f 1081 976 973
f 1022 1119 1069
f 1055 1039 1085
f 1085 1039 1068
f 1041 1056 1057
f 1058 1041 1086
f 1058 1086 1019
f 1019 1059 1043
f 1087 1044 1060
f 1060 1061 1009
f 1009 1061 1072
f 1073 1075 1062
f 1130 1063 1076
f 1063 1147 1091
f 1147 1092 1091
f 1077 1091 1004
f 1003 1064 1095
f 1064 1003 1091
f 1003 1045 952
f 952 1045 1078
f 1065 1100 1066
f 989 1066 986
f 983 1067 1103
f 1048 1067 983
f 1103 981 983
f 1049 1080 1105
f 1080 1049 981
f 1054 1053 1050
f 980 993 1082
f 980 1053 993
f 980 1081 973
f 1119 1068 1069
f 941 1070 1085
f 1070 1055 1085
f 1041 1042 1026
f 1129 1071 1061
f 1071 1072 1061
f 1073 1074 1075
f 1076 1091 1077
f 1075 1076 1077
f 1097 1045 957
f 1094 1045 1095
f 1097 1078 1045
f 1079 1132 1046
f 1137 990 1136
f 967 1104 1080
f 993 1053 1052
f 1081 1082 1108
f 1035 1119 1022
f 1083 1084 1068
f 1083 1068 1119
f 1084 1121 1085
f 1085 1068 1084
f 1026 1122 1041
f 1122 1124 1086
f 1086 1041 1122
f 1059 1124 1156
f 1124 1059 1086
f 1126 1088 1087
f 1087 1059 1126
f 1044 1087 1088
f 1089 1071 1129
f 1109 946 1090
f 1090 1074 1014
f 1161 1076 1075
f 1075 1074 1090
f 1091 1076 1063
f 1064 1092 1093
f 1093 1094 1095
f 1064 1091 1092
f 1064 1093 1095
f 1096 1097 957
f 1079 1098 1099
f 1132 1066 1100
f 1079 1099 1132
f 1132 1133 1047
f 991 1047 1133
f 990 1137 1048
f 1048 991 990
f 1137 1138 1067
f 1137 1067 1048
f 1101 1168 1102
f 1138 1139 1103
f 1138 1103 1067
f 1102 1171 1140
f 1139 969 1080
f 1080 1103 1139
f 1080 1104 1105
f 1113 1115 1106
f 1172 1107 1141
f 1141 1107 993
f 1082 1107 1108
f 1107 1082 993
f 1142 976 1108
f 976 1081 1108
f 1119 1118 1083
f 1121 1025 942
f 1005 946 1109
f 956 1110 1111
f 1112 1099 1098
f 969 1113 968
f 1115 1113 969
f 993 1114 1141
f 1114 993 1115
f 1108 1175 1116
f 1108 1107 1175
f 1117 1118 1119
f 1120 1121 1084
f 1120 1025 1121
f 1143 1026 1025
f 1123 1122 1026
f 1143 1123 1026
f 1155 1124 1122
f 1123 1155 1122
f 1155 1156 1124
f 1125 1126 1156
f 1157 1126 1125
f 1157 1088 1126
f 1127 1128 1159
f 1157 1128 1088
f 1128 1129 1088
f 1128 946 1129
f 1160 1090 946
f 1160 1161 1090
f 1013 1130 1076
f 1131 1094 1093
f 992 1094 1131
f 956 957 992
f 1165 1148 1111
f 956 1148 1099
f 1148 1132 1099
f 1134 1132 1148
f 1134 1133 1132
f 1134 1149 1133
f 1149 990 1133
f 1149 1136 990
f 1169 1135 1136
f 1136 1135 1137
f 1135 1138 1137
f 1135 1101 1138
f 1101 1139 1138
f 1101 1102 1139
f 1102 969 1139
f 969 1102 1140
f 1140 1115 969
f 1140 1114 1115
f 1172 1141 1114
f 1172 1175 1107
f 1116 1142 1108
f 1143 1025 1154
f 1143 1144 1123
f 1123 1144 1155
f 1156 1155 1145
f 1125 1146 1157
f 946 1128 1127
f 946 1127 1160
f 1092 1147 1164
f 1092 1164 1093
f 1148 1165 1134
f 1149 1167 1136
f 1035 1150 1117
f 1117 1151 1118
f 1151 1152 1118
f 1118 1152 1083
f 1152 1084 1083
f 1152 1153 1084
f 1153 1120 1084
f 1153 1154 1120
f 1154 1025 1120
f 1154 1144 1143
f 1144 1145 1155
f 1145 1146 1156
f 1146 1125 1156
f 1146 1158 1157
f 1159 1157 1158
f 1159 1128 1157
f 1127 1162 1160
f 1162 1161 1160
f 1013 1161 1162
f 1163 1130 1013
f 1163 1063 1130
f 1164 1063 1163
f 1164 1147 1063
f 1164 1131 1093
f 1131 1110 992
f 1110 956 992
f 1111 1148 956
f 1165 1166 1134
f 1166 1149 1134
f 1167 1149 1166
f 1167 1169 1136
f 1168 1135 1169
f 1168 1101 1135
f 1168 1171 1102
f 1171 1170 1114
f 1171 1114 1140
f 1114 1170 1172
f 1170 1173 1172
f 1173 1175 1172
f 1173 1174 1175
f 1175 1174 1116
f 1176 1195 1192
f 1193 1177 1178
f 1191 1178 1177
f 1191 1190 1179
f 1180 1181 1190
f 1182 1189 1183
f 1183 1184 1188
f 1185 1187 1186
f 1184 1186 1187
f 1184 1187 1188
f 1188 1182 1183
f 1189 1180 1183
f 1181 1180 1189
f 1190 1191 1180
f 1191 1179 1178
f 1192 1194 1193
f 1177 1193 1194
f 1195 1194 1192
f 1195 1176 1196
f 1176 1197 1196
f 1199 1198 1206
f 1198 1199 1200
f 1198 1200 1201
f 1201 1200 1202
f 1202 1203 1201
f 1205 1203 1202
f 1204 1203 1205
f 1199 1206 1207
f 1208 1207 1206
f 1211 1207 1208
f 1211 1210 1209
f 1210 1211 1208
f 1210 1212 1213
f 1213 1209 1210
f 1214 1238 1215
f 1245 1242 1216
f 1217 1236 1235
f 1234 1217 1218
f 1215 1237 1236
f 1222 1238 1239
f 1233 1219 1234
f 1220 1232 1219
f 1226 1221 1220
f 1240 1241 1222
f 1230 1227 1229
f 1216 1242 1241
f 1223 1248 1247
f 1223 1225 1224
f 1224 1248 1223
f 1224 1225 1229
f 1249 1244 1246
f 1226 1227 1231
f 1228 1230 1229
f 1229 1225 1228
f 1230 1231 1227
f 1231 1221 1226
f 1221 1232 1220
f 1232 1234 1219
f 1233 1234 1218
f 1218 1217 1235
f 1235 1236 1237
f 1237 1215 1238
f 1214 1239 1238
f 1239 1240 1222
f 1240 1216 1241
f 1242 1245 1243
f 1244 1243 1246
f 1245 1246 1243
f 1246 1247 1249
f 1248 1249 1247
f 1259 1260 1250
f 1258 1253 1251
f 1252 1251 1253
f 1255 1252 1253
f 1255 1254 1256
f 1252 1255 1256
f 1256 1254 1257
f 1259 1253 1258
f 1259 1258 1260
f 1261 1250 1260
f 1262 1250 1261
f 1261 1264 1262
f 1264 1263 1262
f 1263 1264 1265
f 1264 1266 1265
f 1266 1267 1265
f 1276 1277 1275
f 1274 1269 1268
f 1268 1269 1270
f 1271 1270 1276
f 1270 1271 1268
f 1272 1269 1273
f 1274 1273 1269
f 1275 1271 1276
f 1277 1278 1275
f 1279 1278 1277
f 1278 1279 1282
f 1282 1279 1280
f 1280 1281 1282
f 1281 1283 1282
f 1282 1283 1284
f 1285 1284 1283
f 1285 1287 1284
f 1285 1286 1287
f 1288 1289 1290
f 1291 1292 1319
f 1296 1293 1294
f 1295 1296 1316
f 1290 1297 1293
f 1303 1289 1317
f 1298 1299 1295
f 1301 1315 1299
f 1314 1300 1301
f 1318 1302 1303
f 1304 1305 1312
f 1319 1292 1302
f 1310 1306 1307
f 1310 1308 1309
f 1309 1306 1310
f 1309 1308 1312
f 1323 1320 1322
f 1314 1305 1311
f 1313 1304 1312
f 1312 1308 1313
f 1304 1311 1305
f 1311 1300 1314
f 1300 1315 1301
f 1315 1295 1299
f 1298 1295 1316
f 1316 1296 1294
f 1294 1293 1297
f 1297 1290 1289
f 1288 1317 1289
f 1317 1318 1303
f 1318 1319 1302
f 1292 1291 1321
f 1320 1321 1322
f 1291 1322 1321
f 1322 1307 1323
f 1306 1323 1307
f 1324 1325 1326
f 1328 1326 1325
f 1327 1326 1328
f 1324 1329 1325
f 1329 1324 1330
f 1334 1331 1333
f 1331 1332 1333
f 1334 1335 1331
f 1337 1335 1334
f 1336 1335 1337
f 1341 1338 1339
f 1339 1340 1341
f 1341 1340 1343
f 1343 1340 1344
f 1344 1342 1343
f 1344 1345 1342
f 1348 1346 1347
f 1348 1349 1346
f 1354 1353 1350
f 1350 1352 1351
f 1352 1350 1353
f 1356 1353 1354
f 1356 1354 1355
f 1356 1355 1357
f 1360 1358 1359
f 1360 1364 1358
f 1363 1364 1360
f 1361 1362 1363
f 1364 1363 1362
f 1365 1367 1366
f 1367 1365 1368
f 1373 1369 1372
f 1369 1371 1372
f 1370 1371 1369
f 1372 1374 1373
f 1376 1373 1374
f 1374 1375 1376
f 1377 1380 1378
f 1377 1379 1380
f 1381 1468 1414
f 1435 1382 1436
f 1430 1429 1383
f 1415 1430 1384
f 1432 1447 1385
f 1390 1386 1440
f 1387 1394 1437
f 1413 1381 1388
f 1483 1482 1480
f 1389 1444 1441
f 1390 1391 1445
f 1392 1393 1438
f 1389 1394 1387
f 1436 1382 1395
f 1438 1437 1392
f 1396 1422 1397
f 1415 1398 1426
f 1399 1440 1400
f 1425 1424 1428
f 1415 1426 1416
f 1417 1415 1401
f 1456 1454 1402
f 1413 1465 1463
f 1403 1404 1483
f 1405 1478 1406
f 1481 1406 1407
f 1479 1480 1481
f 1410 1409 1411
f 1474 1409 1410
f 1408 1409 1474
f 1410 1411 1412
f 1413 1461 1484
f 1402 1411 1459
f 1381 1414 1388
f 1415 1416 1401
f 1417 1401 1471
f 1418 1419 1431
f 1440 1422 1420
f 1447 1452 1450
f 1385 1447 1450
f 1451 1400 1440
f 1449 1421 1451
f 1440 1420 1434
f 1422 1396 1420
f 1424 1423 1422
f 1397 1422 1423
f 1431 1419 1383
f 1424 1426 1428
f 1424 1425 1423
f 1426 1398 1427
f 1426 1427 1428
f 1415 1384 1398
f 1415 1429 1430
f 1383 1419 1430
f 1418 1431 1433
f 1432 1433 1447
f 1431 1447 1433
f 1440 1434 1451
f 1435 1393 1392
f 1435 1436 1393
f 1439 1387 1437
f 1437 1438 1439
f 1440 1391 1390
f 1389 1441 1442
f 1394 1389 1442
f 1441 1444 1443
f 1445 1391 1443
f 1444 1445 1443
f 1448 1446 1440
f 1440 1446 1391
f 1447 1436 1452
f 1440 1399 1448
f 1449 1450 1421
f 1434 1449 1451
f 1450 1452 1421
f 1395 1453 1436
f 1436 1453 1452
f 1457 1454 1472
f 1469 1471 1455
f 1456 1402 1458
f 1457 1402 1454
f 1459 1411 1487
f 1458 1402 1459
f 1475 1484 1460
f 1484 1461 1462
f 1462 1460 1484
f 1463 1464 1413
f 1413 1464 1461
f 1465 1413 1388
f 1414 1468 1467
f 1417 1467 1466
f 1467 1468 1466
f 1469 1417 1471
f 1417 1469 1470
f 1417 1470 1467
f 1455 1471 1473
f 1472 1473 1457
f 1471 1457 1473
f 1408 1474 1476
f 1484 1475 1403
f 1478 1477 1476
f 1408 1476 1477
f 1478 1405 1477
f 1478 1407 1406
f 1407 1479 1481
f 1480 1482 1481
f 1483 1404 1482
f 1483 1484 1403
f 1462 1461 1485
f 1485 1487 1486
f 1462 1485 1486
f 1411 1488 1487
f 1486 1487 1488
f 1491 1489 1411
f 1411 1489 1488
f 1492 1490 1411
f 1411 1490 1491
f 1409 1492 1411
f 1510 1504 1506
f 1493 1557 1494
f 1495 1496 1580
f 1497 1598 1664
f 1498 1499 1500
f 1501 1502 1543
f 1499 1498 1648
f 1523 1511 1519
f 1503 1512 1523
f 1504 1505 1506
f 1510 1507 1508
f 1507 1510 1649
f 1508 1509 1510
f 1513 1511 1514
f 1512 1503 1518
f 1513 1519 1511
f 1514 1511 1515
f 1522 1521 1517
f 1530 1532 1516
f 1517 1512 1518
f 1519 1503 1523
f 1520 1521 1522
f 1650 1511 1523
f 1524 1525 1526
f 1527 1524 1526
f 1500 1528 1498
f 1516 1529 1643
f 1529 1647 1643
f 1644 1530 1516
f 1531 1516 1532
f 1499 1524 1527
f 1524 1499 1648
f 1528 1645 1498
f 1646 1524 1648
f 1533 1534 1542
f 1540 1536 1535
f 1645 1536 1540
f 1537 1538 1501
f 1539 1540 1535
f 1537 1501 1555
f 1544 1537 1541
f 1533 1542 1548
f 1553 1543 1502
f 1538 1537 1544
f 1548 1546 1545
f 1539 1546 1548
f 1545 1547 1548
f 1555 1501 1543
f 1566 1549 1564
f 1550 1551 1552
f 1543 1553 1641
f 1574 1554 1494
f 1550 1641 1551
f 1555 1642 1537
f 1556 1557 1493
f 1558 1559 1665
f 1668 1562 1560
f 1493 1561 1556
f 1668 1563 1562
f 1493 1575 1560
f 1563 1564 1562
f 1565 1564 1639
f 1566 1564 1565
f 1567 1568 1554
f 1564 1563 1639
f 1583 1662 1569
f 1639 1563 1550
f 1570 1665 1571
f 1496 1591 1580
f 1577 1572 1592
f 1573 1554 1574
f 1575 1494 1554
f 1576 1578 1582
f 1592 1590 1577
f 1580 1591 1572
f 1578 1559 1581
f 1578 1571 1665
f 1579 1495 1580
f 1578 1581 1582
f 1640 1662 1583
f 1613 1614 1584
f 1615 1613 1584
f 1597 1585 1598
f 1589 1586 1593
f 1497 1664 1663
f 1588 1587 1589
f 1593 1588 1589
f 1590 1569 1577
f 1572 1591 1592
f 1572 1666 1580
f 1611 1593 1586
f 1594 1587 1595
f 1596 1597 1598
f 1599 1598 1585
f 1595 1587 1600
f 1594 1589 1587
f 1623 1604 1602
f 1651 1603 1601
f 1602 1620 1623
f 1603 1604 1607
f 1605 1620 1606
f 1616 1661 1660
f 1607 1604 1627
f 1608 1506 1609
f 1610 1593 1611
f 1612 1587 1588
f 1613 1610 1614
f 1615 1622 1621
f 1616 1660 1621
f 1621 1617 1618
f 1619 1606 1620
f 1621 1622 1617
f 1605 1623 1620
f 1608 1609 1624
f 1655 1624 1609
f 1633 1625 1655
f 1659 1636 1657
f 1626 1652 1632
f 1631 1652 1654
f 1653 1652 1656
f 1520 1644 1521
f 1604 1623 1627
f 1651 1601 1628
f 1629 1620 1602
f 1540 1539 1542
f 1636 1634 1657
f 1658 1653 1656
f 1625 1633 1630
f 1652 1631 1632
f 1657 1634 1633
f 1633 1634 1630
f 1635 1636 1637
f 1635 1634 1636
f 1637 1636 1638
f 1628 1654 1651
f 1552 1639 1550
f 1640 1596 1662
f 1548 1542 1539
f 1550 1543 1641
f 1642 1534 1533
f 1555 1534 1642
f 1521 1644 1643
f 1643 1644 1516
f 1540 1498 1645
f 1646 1647 1529
f 1648 1647 1646
f 1649 1506 1608
f 1510 1506 1649
f 1521 1512 1517
f 1650 1505 1504
f 1523 1505 1650
f 1653 1651 1654
f 1652 1653 1654
f 1609 1633 1655
f 1659 1658 1656
f 1657 1658 1659
f 1660 1613 1615
f 1621 1660 1615
f 1651 1604 1603
f 1629 1661 1616
f 1602 1661 1629
f 1662 1596 1497
f 1497 1596 1598
f 1613 1593 1610
f 1612 1663 1664
f 1588 1663 1612
f 1568 1558 1665
f 1578 1665 1559
f 1662 1577 1569
f 1666 1570 1571
f 1572 1570 1666
f 1567 1667 1568
f 1568 1667 1558
f 1567 1554 1573
f 1493 1494 1575
f 1560 1575 1668
f 1669 1717 1675
f 1675 1676 1669
f 1670 1673 1672
f 1674 1671 1672
f 1672 1673 1674
f 1675 1671 1676
f 1674 1676 1671
f 1673 1670 1677
f 1670 1698 1677
f 1677 1698 1697
f 1692 1690 1678
f 1680 1699 1679
f 1680 1697 1699
f 1679 1681 1680
f 1681 1684 1685
f 1681 1679 1682
f 1684 1681 1682
f 1686 1683 1684
f 1684 1683 1685
f 1688 1687 1686
f 1687 1683 1686
f 1688 1691 1689
f 1695 1702 1712
f 1691 1690 1689
f 1689 1687 1688
f 1690 1691 1678
f 1692 1693 1694
f 1693 1695 1694
f 1693 1692 1678
f 1696 1694 1695
f 1695 1712 1696
f 1697 1698 1699
f 1717 1700 1675
f 1701 1713 1702
f 1703 1704 1701
f 1704 1713 1701
f 1706 1705 1704
f 1703 1706 1704
f 1709 1708 1711
f 1705 1706 1707
f 1707 1708 1709
f 1709 1705 1707
f 1708 1710 1711
f 1712 1702 1713
f 1710 1716 1711
f 1710 1714 1716
f 1715 1716 1714
f 1717 1719 1700
f 1719 1718 1700
f 1720 1722 1719
f 1718 1719 1722
f 1720 1721 1722
f 1721 1723 1722
f 1724 1723 1721
f 1724 1725 1727
f 1727 1723 1724
f 1725 1726 1727
f 1728 1726 1725
f 1728 1730 1729
f 1729 1726 1728
f 1733 1731 1730
f 1729 1730 1731
f 1732 1733 1734
f 1733 1732 1731
f 1735 1732 1734
f 1736 1732 1735
f 1738 1735 1737
f 1735 1738 1736
f 1739 1738 1737
f 1741 1738 1739
f 1740 1739 1742
f 1739 1740 1741
f 1742 1743 1744
f 1744 1740 1742
f 1743 1747 1744
f 1748 1747 1743
f 1748 1745 1746
f 1746 1747 1748
f 1750 1749 1745
f 1746 1745 1749
f 1750 1751 1752
f 1752 1749 1750
f 1754 1753 1751
f 1752 1751 1753
f 1755 1753 1754
f 1755 1754 1756
f 1755 1756 1757
f 1756 1760 1758
f 1758 1757 1756
f 1759 1763 1760
f 1758 1760 1763
f 1762 1759 1761
f 1759 1762 1763
f 1764 1762 1761
f 1765 1762 1764
f 1765 1764 1766
f 1765 1766 1767
f 1768 1769 1865
f 1859 1772 1770
f 1770 1862 1861
f 1771 1858 1853
f 1772 1858 1771
f 1851 1854 1856
f 1854 1851 1849
f 1773 1843 1845
f 1845 1848 1847
f 1774 1775 1840
f 1776 1778 1835
f 1777 1835 1778
f 1783 1832 1779
f 1834 1832 1780
f 1782 1781 1830
f 1782 1830 1783
f 1829 1784 1781
f 1785 1828 1786
f 1787 1788 1825
f 1824 1826 1822
f 1823 1790 1789
f 1818 1820 1821
f 1818 1789 1790
f 1819 1817 1820
f 1816 1791 1817
f 1794 1791 1792
f 1794 1792 1793
f 1797 1795 1793
f 1794 1793 1795
f 1796 1795 1797
f 1796 1797 1799
f 1796 1799 1798
f 1799 1800 1801
f 1801 1798 1799
f 1805 1802 1800
f 1801 1800 1802
f 1803 1805 1804
f 1805 1803 1802
f 1806 1803 1804
f 1807 1803 1806
f 1807 1806 1808
f 1807 1808 1809
f 1808 1810 1809
f 1810 1811 1809
f 1813 1811 1810
f 1812 1811 1813
f 1812 1813 1814
f 1812 1814 1815
f 1791 1816 1792
f 1819 1816 1817
f 1818 1819 1820
f 1789 1818 1821
f 1823 1789 1822
f 1822 1826 1823
f 1788 1785 1786
f 1824 1825 1826
f 1824 1787 1825
f 1785 1788 1787
f 1844 1839 1842
f 1786 1828 1827
f 1827 1828 1829
f 1781 1827 1829
f 1830 1781 1784
f 1833 1777 1831
f 1783 1779 1782
f 1783 1780 1832
f 1834 1831 1832
f 1833 1831 1834
f 1777 1833 1835
f 1776 1836 1837
f 1837 1778 1776
f 1774 1838 1836
f 1837 1836 1838
f 1840 1838 1774
f 1839 1840 1775
f 1844 1841 1839
f 1839 1841 1840
f 1773 1844 1843
f 1842 1843 1844
f 1845 1843 1848
f 1846 1850 1847
f 1846 1847 1848
f 1849 1850 1846
f 1850 1849 1851
f 1852 1857 1853
f 1854 1855 1856
f 1852 1856 1855
f 1857 1852 1855
f 1857 1771 1853
f 1862 1770 1772
f 1858 1772 1859
f 1866 1860 1863
f 1860 1866 1861
f 1860 1861 1862
f 1864 1866 1863
f 1864 1768 1865
f 1866 1864 1865
f 1868 1880 1867
f 1867 1878 1868
f 1877 1869 1870
f 1872 1877 1871
f 1872 1871 1873
f 1873 1871 1874
f 1876 1873 1874
f 1874 1875 1876
f 1871 1877 1870
f 1870 1869 1878
f 1870 1878 1867
f 1879 1880 1881
f 1879 1867 1880
f 1882 1881 1883
f 1881 1882 1879
f 1882 1883 1884
f 1883 1886 1884
f 1885 1884 1886
f 1887 1888 1896
f 1887 1889 1888
f 1888 1889 1890
f 1892 1890 1889
f 1891 1890 1892
f 1893 1891 1892
f 1891 1893 1894
f 1895 1891 1894
f 1896 1898 1887
f 1896 1897 1898
f 1899 1898 1897
f 1899 1900 1898
f 1900 1899 1901
f 1903 1900 1901
f 1902 1903 1901
f 1903 1902 1904
f 1904 1902 1905
f 1929 1928 1909
f 1938 1906 1933
f 1907 1911 1908
f 1925 1907 1927
f 1909 1910 1911
f 1932 1928 1930
f 1912 1926 1925
f 1915 1913 1926
f 1914 1924 1915
f 1931 1934 1932
f 1922 1916 1920
f 1933 1906 1934
f 1917 1940 1941
f 1917 1919 1918
f 1918 1940 1917
f 1918 1919 1920
f 1939 1936 1937
f 1914 1916 1923
f 1921 1922 1920
f 1920 1919 1921
f 1922 1923 1916
f 1923 1924 1914
f 1924 1913 1915
f 1913 1925 1926
f 1912 1925 1927
f 1927 1907 1908
f 1908 1911 1910
f 1910 1909 1928
f 1929 1930 1928
f 1930 1931 1932
f 1931 1933 1934
f 1906 1938 1935
f 1936 1935 1937
f 1938 1937 1935
f 1937 1941 1939
f 1940 1939 1941
f 1943 1946 1942
f 1943 1942 1944
f 1944 1942 1945
f 1948 1942 1946
f 1946 1947 1948
f 1947 1949 1948
f 1949 1947 1950
f 1947 1952 1950
f 1950 1952 1951
f 1952 1953 1951
f 1954 1955 1960
f 1955 1954 1956
f 1956 1954 1959
f 1959 1957 1956
f 1958 1957 1959
f 1954 1960 1961
f 1963 1961 1960
f 1961 1963 1962
f 1963 1964 1962
f 1964 1965 1966
f 1966 1962 1964
f 1970 1967 1968
f 1970 1968 1971
f 1969 1972 1970
f 1970 1971 1969
f 1972 1969 1973
f 1972 1973 1974
f 1974 1973 1975
f 1976 1974 1975
f 1976 1975 2038
f 1983 1976 2038
f 2038 2040 1983
f 2037 1977 1978
f 2035 1983 1979
f 1980 2033 1977
f 1981 2031 1983
f 1977 2029 1982
f 2044 1983 2032
f 2044 2028 2043
f 2043 1984 1986
f 1986 1984 1987
f 1987 1985 1986
f 1988 1985 1987
f 1990 1985 1988
f 1989 1985 1990
f 1990 1992 1989
f 1992 1991 1989
f 1991 1992 1994
f 1993 1991 1996
f 1994 1996 1991
f 1995 1993 1996
f 1995 1996 1997
f 1967 1999 1968
f 2000 1999 1967
f 1999 1998 2003
f 1998 1999 2000
f 2001 2003 1998
f 2001 2002 2003
f 2005 2002 2001
f 2004 2002 2005
f 2008 2004 2005
f 2008 2060 2004
f 2006 2008 2007
f 2006 2056 2008
f 2009 2010 2011
f 2011 2010 2051
f 2011 2012 2013
f 2009 2011 2013
f 2045 2054 2061
f 2047 2011 2015
f 2046 2016 2014
f 2016 2046 2015
f 2014 2016 2018
f 2016 2017 2018
f 2017 2019 2018
f 2019 2020 2018
f 2020 2019 2021
f 2020 2021 2022
f 2023 2022 2021
f 2024 2026 2022
f 2022 2023 2024
f 2024 2025 2026
f 2027 2025 2024
f 2043 2028 1984
f 1984 2028 2030
f 1977 1984 2029
f 2029 1984 2030
f 1977 1982 1980
f 2031 2032 1983
f 1977 2033 2034
f 2035 1981 1983
f 2042 1979 1983
f 1977 2034 1978
f 2038 1977 2036
f 1977 2037 2036
f 2038 2039 2040
f 2038 2036 2039
f 1983 2040 2041
f 1983 2041 2042
f 2043 1983 2044
f 2046 2045 2047
f 2046 2054 2045
f 2046 2047 2015
f 2012 2011 2047
f 2053 2048 2054
f 2048 2049 2054
f 2050 2052 2060
f 2011 2051 2008
f 2052 2053 2054
f 2055 2050 2060
f 2008 2051 2007
f 2057 2058 2060
f 2060 2008 2057
f 2008 2056 2057
f 2060 2058 2059
f 2060 2059 2055
f 2054 2060 2052
f 2049 2061 2054
f 2062 2063 2064
f 2062 2065 2063
f 2067 2066 2065
f 2066 2067 2068
f 2112 2111 2110
f 2109 2071 2069
f 2106 2070 2071
f 2072 2073 2074
f 2073 2072 2075
f 2076 2096 2098
f 2095 2077 2096
f 2094 2078 2095
f 2078 2079 2080
f 2079 2081 2080
f 2080 2081 2082
f 2082 2081 2083
f 2084 2082 2083
f 2084 2083 2085
f 2084 2085 2086
f 2087 2086 2085
f 2088 2086 2087
f 2087 2089 2088
f 2088 2091 2090
f 2091 2088 2089
f 2090 2091 2093
f 2091 2092 2093
f 2094 2079 2078
f 2094 2095 2096
f 2096 2077 2098
f 2097 2076 2098
f 2099 2097 2098
f 2099 2102 2100
f 2099 2100 2097
f 2102 2101 2100
f 2101 2102 2075
f 2075 2072 2101
f 2074 2073 2103
f 2103 2105 2074
f 2103 2104 2105
f 2105 2104 2070
f 2106 2105 2070
f 2070 2069 2071
f 2107 2109 2069
f 2110 2108 2107
f 2109 2107 2108
f 2111 2108 2110
f 2068 2113 2112
f 2111 2112 2113
f 2067 2113 2068
f 2065 2066 2114
f 2063 2065 2114
f 2063 2115 2064
f 2118 2117 2116
f 2116 2117 2172
f 2118 2120 2119
f 2117 2118 2119
f 2121 2119 2120
f 2122 2121 2120
f 2121 2122 2125
f 2122 2126 2125
f 2126 2123 2135
f 2123 2134 2135
f 2124 2126 2135
f 2124 2125 2126
f 2130 2129 2134
f 2129 2127 2134
f 2131 2130 2128
f 2129 2130 2131
f 2132 2131 2128
f 2128 2133 2132
f 2164 2132 2133
f 2138 2164 2133
f 2134 2127 2135
f 2136 2165 2137
f 2138 2139 2165
f 2165 2139 2137
f 2136 2137 2142
f 2143 2140 2142
f 2159 2141 2144
f 2136 2142 2140
f 2145 2140 2143
f 2141 2145 2144
f 2143 2144 2145
f 2159 2147 2148
f 2146 2147 2150
f 2147 2146 2148
f 2149 2150 2151
f 2149 2146 2150
f 2149 2151 2152
f 2152 2156 2155
f 2154 2158 2153
f 2153 2155 2154
f 2155 2156 2154
f 2153 2158 2157
f 2160 2157 2158
f 2152 2151 2156
f 2141 2159 2148
f 2160 2161 2157
f 2162 2161 2163
f 2161 2160 2163
f 2171 2162 2170
f 2164 2138 2165
f 2171 2170 2168
f 2166 2167 2169
f 2168 2169 2167
f 2163 2170 2162
f 2168 2167 2171
f 2174 2116 2172
f 2176 2173 2174
f 2174 2172 2176
f 2178 2173 2175
f 2176 2175 2173
f 2178 2175 2177
f 2178 2177 2180
f 2177 2179 2180
f 2182 2181 2180
f 2180 2179 2182
f 2181 2182 2183
f 2182 2185 2183
f 2184 2186 2183
f 2183 2185 2184
f 2186 2184 2187
f 2184 2188 2187
f 2188 2189 2187
f 2190 2189 2188
f 2192 2189 2190
f 2192 2190 2191
f 2192 2195 2194
f 2195 2192 2191
f 2193 2196 2194
f 2194 2195 2193
f 2196 2193 2197
f 2193 2198 2197
f 2198 2199 2197
f 2200 2199 2198
f 2201 2199 2200
f 2201 2200 2202
f 2201 2202 2203
f 2204 2203 2205
f 2202 2205 2203
f 2204 2205 2206
f 2204 2206 2208
f 2206 2207 2208
f 2207 2209 2208
f 2210 2209 2207
f 2212 2209 2210
f 2212 2210 2211
f 2212 2211 2213
f 2211 2214 2213
f 2216 2215 2213
f 2213 2214 2216
f 2215 2216 2217
f 2216 2218 2217
f 2218 2219 2217
f 2220 2219 2218
f 2221 2219 2220
f 2221 2220 2223
f 2221 2223 2222
f 2223 2224 2222
f 2227 2226 2222
f 2222 2224 2227
f 2225 2226 2228
f 2227 2228 2226
f 2229 2230 2341
f 2324 2231 2340
f 2232 2334 2333
f 2326 2322 2323
f 2233 2319 2321
f 2320 2323 2321
f 2234 2235 2317
f 2238 2236 2314
f 2236 2317 2235
f 2313 2237 2311
f 2315 2313 2238
f 2309 2239 2240
f 2242 2305 2241
f 2242 2308 2309
f 2303 2307 2306
f 2307 2241 2305
f 2243 2245 2244
f 2245 2296 2244
f 2247 2288 2246
f 2294 2295 2249
f 2246 2295 2247
f 2248 2250 2284
f 2293 2249 2250
f 2251 2252 2290
f 2285 2287 2286
f 2253 2286 2254
f 2254 2255 2253
f 2255 2280 2256
f 2257 2258 2280
f 2260 2258 2257
f 2259 2257 2261
f 2257 2259 2260
f 2261 2262 2263
f 2263 2259 2261
f 2264 2262 2267
f 2262 2264 2263
f 2267 2265 2264
f 2266 2265 2267
f 2269 2265 2266
f 2269 2266 2268
f 2269 2268 2271
f 2268 2272 2271
f 2272 2270 2271
f 2273 2270 2272
f 2277 2270 2273
f 2277 2273 2274
f 2277 2276 2275
f 2276 2277 2274
f 2279 2278 2275
f 2275 2276 2279
f 2282 2278 2279
f 2281 2278 2282
f 2256 2280 2258
f 2281 2282 2283
f 2248 2284 2292
f 2253 2255 2256
f 2285 2286 2253
f 2287 2285 2289
f 2246 2288 2243
f 2252 2287 2290
f 2289 2290 2287
f 2251 2291 2252
f 2292 2251 2248
f 2291 2251 2292
f 2284 2250 2249
f 2293 2294 2249
f 2294 2247 2295
f 2298 2244 2296
f 2243 2288 2245
f 2297 2298 2296
f 2299 2302 2297
f 2298 2297 2302
f 2302 2299 2300
f 2304 2301 2300
f 2300 2301 2302
f 2300 2303 2304
f 2304 2303 2306
f 2305 2306 2307
f 2242 2241 2308
f 2242 2309 2240
f 2240 2239 2310
f 2310 2239 2311
f 2237 2310 2311
f 2313 2311 2312
f 2312 2238 2313
f 2314 2315 2238
f 2235 2314 2236
f 2316 2318 2234
f 2316 2234 2317
f 2316 2319 2318
f 2318 2319 2233
f 2320 2321 2319
f 2329 2327 2331
f 2322 2321 2323
f 2328 2322 2326
f 2324 2325 2231
f 2326 2327 2328
f 2327 2329 2328
f 2333 2330 2336
f 2331 2334 2329
f 2232 2329 2334
f 2335 2332 2337
f 2330 2333 2334
f 2330 2335 2336
f 2335 2337 2336
f 2337 2332 2338
f 2338 2325 2339
f 2339 2337 2338
f 2325 2324 2339
f 2231 2342 2340
f 2340 2342 2341
f 2341 2342 2229
f 2348 2349 2343
f 2344 2352 2355
f 2346 2345 2347
f 2346 2343 2349
f 2343 2346 2347
f 2348 2353 2351
f 2348 2351 2349
f 2353 2350 2351
f 2350 2352 2344
f 2352 2350 2353
f 2354 2344 2355
f 2357 2360 2354
f 2354 2355 2357
f 2359 2358 2356
f 2357 2358 2360
f 2358 2359 2360
f 2377 2375 2361
f 2376 2362 2374
f 2373 2362 2363
f 2364 2365 2370
f 2370 2366 2367
f 2367 2366 2368
f 2367 2368 2369
f 2370 2367 2371
f 2364 2370 2371
f 2372 2365 2364
f 2372 2373 2365
f 2373 2363 2365
f 2376 2363 2362
f 2374 2375 2376
f 2377 2376 2375
f 2378 2387 2379
f 2382 2378 2379
f 2381 2379 2380
f 2381 2382 2379
f 2385 2384 2383
f 2384 2385 2380
f 2385 2381 2380
f 2378 2386 2387
f 2387 2386 2389
f 2386 2388 2389
f 2388 2390 2389
f 2392 2390 2388
f 2391 2390 2392
f 2391 2392 2395
f 2395 2392 2393
f 2393 2394 2395
f 2426 2425 2399
f 2396 2428 2397
f 2421 2423 2422
f 2420 2421 2398
f 2399 2424 2423
f 2405 2425 2427
f 2400 2401 2420
f 2402 2419 2401
f 2414 2418 2402
f 2403 2404 2405
f 2406 2407 2416
f 2397 2428 2404
f 2408 2410 2431
f 2408 2409 2411
f 2411 2410 2408
f 2411 2409 2416
f 2412 2413 2430
f 2414 2407 2417
f 2415 2406 2416
f 2416 2409 2415
f 2406 2417 2407
f 2417 2418 2414
f 2418 2419 2402
f 2419 2420 2401
f 2400 2420 2398
f 2398 2421 2422
f 2422 2423 2424
f 2424 2399 2425
f 2426 2427 2425
f 2427 2403 2405
f 2403 2397 2404
f 2428 2396 2429
f 2413 2429 2430
f 2396 2430 2429
f 2430 2431 2412
f 2410 2412 2431
f 2433 2432 2443
f 2433 2442 2435
f 2434 2435 2442
f 2441 2440 2436
f 2438 2441 2436
f 2438 2436 2437
f 2438 2437 2439
f 2440 2441 2434
f 2434 2442 2440
f 2443 2442 2433
f 2433 2444 2432
f 2447 2445 2451
f 2446 2450 2445
f 2445 2447 2446
f 2448 2449 2446
f 2450 2446 2449
f 2447 2451 2452
f 2452 2453 2454
f 2453 2452 2451
f 2453 2455 2454
f 2455 2456 2454
f 2457 2467 2469
f 2458 2459 2468
f 2459 2458 2460
f 2466 2459 2460
f 2462 2466 2461
f 2463 2462 2461
f 2462 2463 2465
f 2464 2462 2465
f 2460 2461 2466
f 2468 2457 2458
f 2467 2457 2468
f 2457 2469 2470
f 2472 2470 2469
f 2471 2472 2473
f 2471 2470 2472
f 2473 2474 2471
f 2474 2475 2471
f 2477 2476 2481
f 2479 2476 2477
f 2480 2478 2479
f 2479 2478 2476
f 2480 2479 2485
f 2482 2477 2481
f 2483 2482 2481
f 2482 2483 2484
f 2485 2479 2486
f 2487 2485 2486
f 2482 2484 2488
f 2488 2484 2489
f 2491 2490 2488
f 2488 2489 2491
f 2490 2491 2493
f 2491 2492 2493
f 2507 2509 2494
f 2506 2504 2502
f 2503 2495 2501
f 2497 2501 2495
f 2497 2495 2496
f 2496 2498 2497
f 2498 2496 2499
f 2498 2499 2500
f 2501 2502 2503
f 2502 2504 2503
f 2504 2506 2505
f 2494 2505 2507
f 2506 2507 2505
f 2507 2508 2509
f 2510 2512 2514
f 2515 2510 2513
f 2511 2512 2517
f 2513 2510 2514
f 2514 2512 2511
f 2515 2516 2510
f 2515 2522 2516
f 2517 2512 2518
f 2518 2520 2519
f 2519 2520 2521
f 2517 2518 2519
f 2516 2522 2524
f 2516 2524 2523
f 2524 2525 2523
f 2525 2526 2523
f 2525 2527 2526
f 2528 2526 2527
f 2529 2528 2527
f 2528 2529 2530
f 2530 2529 2531
f 2532 2542 2541
f 2533 2535 2540
f 2534 2540 2535
f 2534 2535 2538
f 2536 2534 2538
f 2536 2538 2537
f 2537 2538 2539
f 2540 2541 2533
f 2541 2542 2533
f 2542 2532 2544
f 2532 2543 2544
f 2544 2543 2545
f 2543 2547 2545
f 2546 2545 2547
f 2558 2549 2548
f 2552 2549 2558
f 2552 2558 2550
f 2550 2551 2552
f 2550 2553 2551
f 2557 2553 2554
f 2555 2557 2554
f 2555 2556 2557
f 2551 2553 2557
f 2560 2559 2548
f 2558 2548 2559
f 2559 2560 2561
f 2562 2559 2561
f 2562 2563 2559
f 2562 2564 2563
f 2565 2563 2564
f 2568 2565 2564
f 2566 2567 2568
f 2565 2568 2567
f 2580 2569 2570
f 2573 2575 2571
f 2573 2572 2575
f 2572 2573 2574
f 2575 2576 2571
f 2576 2575 2577
f 2577 2578 2576
f 2579 2578 2577
f 2570 2578 2579
f 2580 2570 2579
f 2580 2581 2569
f 2582 2583 2584
f 2582 2585 2583
f 2586 2585 2582
f 2586 2589 2585
f 2587 2588 2586
f 2589 2586 2588
f 2584 2583 2590
f 2584 2590 2591
f 2590 2592 2591
f 2591 2592 2593
f 2592 2594 2593
f 2594 2595 2593
f 2596 2597 2598
f 2616 2598 2599
f 2600 2607 2601
f 2604 2601 2602
f 2603 2604 2602
f 2604 2605 2606
f 2605 2604 2603
f 2601 2607 2602
f 2607 2600 2609
f 2610 2609 2600
f 2608 2609 2610
f 2614 2609 2608
f 2614 2611 2613
f 2614 2608 2611
f 2612 2614 2615
f 2613 2615 2614
f 2616 2612 2615
f 2599 2612 2616
f 2598 2597 2599
f 2617 2618 2625
f 2618 2617 2619
f 2618 2619 2620
f 2621 2623 2620
f 2620 2619 2621
f 2622 2624 2621
f 2623 2621 2624
f 2617 2625 2626
f 2627 2626 2625
f 2628 2626 2627
f 2630 2628 2627
f 2628 2630 2629
f 2630 2631 2629
f 2631 2632 2629
f 2633 2661 2659
f 2663 2634 2635
f 2638 2639 2636
f 2637 2638 2657
f 2659 2658 2639
f 2640 2661 2660
f 2641 2656 2637
f 2644 2642 2656
f 2643 2655 2644
f 2662 2645 2640
f 2654 2651 2649
f 2635 2634 2645
f 2646 2667 2668
f 2646 2648 2647
f 2647 2667 2646
f 2647 2648 2649
f 2666 2650 2664
f 2643 2651 2652
f 2653 2654 2649
f 2649 2648 2653
f 2654 2652 2651
f 2652 2655 2643
f 2655 2642 2644
f 2642 2637 2656
f 2641 2637 2657
f 2657 2638 2636
f 2636 2639 2658
f 2658 2659 2661
f 2633 2660 2661
f 2660 2662 2640
f 2662 2635 2645
f 2634 2663 2665
f 2650 2665 2664
f 2663 2664 2665
f 2664 2668 2666
f 2667 2666 2668
f 2679 2669 2678
f 2676 2671 2670
f 2671 2676 2677
f 2672 2676 2673
f 2674 2672 2673
f 2674 2675 2672
f 2676 2672 2677
f 2678 2670 2671
f 2669 2670 2678
f 2679 2678 2680
f 2680 2682 2679
f 2681 2679 2682
f 2685 2683 2689
f 2683 2685 2684
f 2684 2685 2686
f 2686 2688 2684
f 2687 2688 2686
f 2685 2689 2691
f 2689 2690 2691
f 2691 2690 2694
f 2690 2692 2693
f 2693 2694 2690
f 2695 2724 2723
f 2730 2702 2726
f 2721 2696 2697
f 2719 2721 2720
f 2723 2722 2696
f 2698 2724 2725
f 2718 2717 2719
f 2700 2716 2717
f 2699 2715 2700
f 2701 2727 2698
f 2711 2713 2707
f 2726 2702 2727
f 2706 2705 2703
f 2706 2712 2704
f 2704 2705 2706
f 2704 2712 2707
f 2708 2709 2729
f 2699 2713 2714
f 2710 2711 2707
f 2707 2712 2710
f 2711 2714 2713
f 2714 2715 2699
f 2715 2716 2700
f 2716 2719 2717
f 2718 2719 2720
f 2720 2721 2697
f 2697 2696 2722
f 2722 2723 2724
f 2695 2725 2724
f 2725 2701 2698
f 2701 2726 2727
f 2702 2730 2728
f 2709 2728 2729
f 2730 2729 2728
f 2729 2703 2708
f 2705 2708 2703
f 2744 2731 2740
f 2732 2733 2739
f 2733 2732 2734
f 2735 2732 2736
f 2737 2735 2736
f 2737 2738 2735
f 2732 2735 2734
f 2740 2739 2733
f 2731 2739 2740
f 2744 2740 2741
f 2741 2742 2744
f 2743 2744 2742
f 2748 2745 2746
f 2747 2745 2748
f 2747 2751 2745
f 2749 2751 2747
f 2750 2752 2749
f 2751 2749 2752
f 2748 2746 2753
f 2753 2746 2754
f 2754 2755 2753
f 2753 2755 2757
f 2755 2756 2757
f 2773 2772 2758
f 2759 2770 2769
f 2760 2767 2768
f 2768 2767 2766
f 2765 2761 2766
f 2766 2761 2762
f 2763 2762 2761
f 2763 2764 2762
f 2765 2766 2767
f 2760 2768 2769
f 2760 2769 2770
f 2770 2759 2771
f 2771 2759 2772
f 2759 2758 2772
f 2775 2772 2773
f 2774 2775 2776
f 2773 2776 2775
f 2797 2795 2777
f 2778 2780 2779
f 2779 2780 2781
f 2779 2781 2782
f 2780 2778 2789
f 2786 2782 2783
f 2782 2781 2783
f 2784 2785 2787
f 2785 2786 2787
f 2783 2787 2786
f 2785 2784 2788
f 2790 2789 2778
f 2791 2789 2790
f 2791 2790 2792
f 2793 2791 2792
f 2793 2792 2794
f 2793 2794 2795
f 2794 2777 2795
f 2796 2797 2777
f 2798 2813 2814
f 2799 2808 2800
f 2800 2808 2809
f 2807 2802 2801
f 2803 2802 2807
f 2803 2805 2802
f 2805 2803 2806
f 2804 2805 2806
f 2807 2801 2799
f 2799 2801 2808
f 2800 2809 2811
f 2809 2810 2811
f 2811 2810 2798
f 2798 2810 2813
f 2812 2814 2813
f 2814 2812 2815
f 2812 2817 2815
f 2816 2815 2817
f 2817 2818 2816
f 2819 2820 2821
f 2821 2820 2823
f 2820 2819 2830
f 2821 2822 2825
f 2823 2822 2821
f 2825 2822 2826
f 2826 2824 2825
f 2826 2827 2824
f 2827 2828 2824
f 2830 2819 2829
f 2831 2830 2829
f 2832 2831 2829
f 2832 2834 2831
f 2833 2832 2836
f 2832 2833 2834
f 2835 2836 2837
f 2836 2835 2833
f 2841 2838 2839
f 2839 2840 2841
f 2841 2840 2843
f 2840 2842 2843
f 2843 2845 2844
f 2845 2843 2842
f 2838 2841 2846
f 2847 2838 2846
f 2847 2846 2848
f 2847 2848 2849
f 2850 2855 2856
f 2850 2851 2855
f 2850 2852 2851
f 2852 2854 2851
f 2852 2853 2854
f 2856 2855 2858
f 2857 2856 2858
f 2860 2857 2858
f 2858 2859 2860
f 2861 2862 2859
f 2860 2859 2862
f 2881 2877 2863
f 2876 2874 2864
f 2872 2871 2873
f 2873 2871 2865
f 2866 2867 2865
f 2865 2867 2868
f 2869 2868 2867
f 2869 2870 2868
f 2866 2865 2871
f 2872 2873 2864
f 2872 2864 2874
f 2874 2876 2875
f 2875 2876 2877
f 2876 2863 2877
f 2878 2877 2881
f 2879 2878 2880
f 2881 2880 2878
f 2901 2899 2902
f 2894 2884 2882
f 2882 2884 2883
f 2882 2883 2885
f 2884 2894 2893
f 2889 2885 2886
f 2885 2883 2886
f 2890 2887 2888
f 2887 2889 2888
f 2886 2888 2889
f 2887 2890 2891
f 2892 2893 2894
f 2897 2893 2892
f 2897 2892 2895
f 2896 2897 2895
f 2896 2895 2898
f 2896 2898 2899
f 2898 2902 2899
f 2900 2901 2902
f 2907 2903 2904
f 2907 2906 2905
f 2906 2907 2904
f 2903 2907 2910
f 2903 2910 2908
f 2908 2910 2909
f 2909 2910 2912
f 2912 2911 2909
f 2914 2911 2912
f 2913 2911 2914
f 2927 2929 2931
f 2924 2916 2915
f 2915 2916 2926
f 2922 2917 2923
f 2918 2917 2922
f 2918 2919 2917
f 2919 2918 2921
f 2920 2919 2921
f 2922 2923 2924
f 2924 2923 2916
f 2915 2926 2925
f 2926 2928 2925
f 2925 2928 2927
f 2927 2928 2929
f 2930 2931 2929
f 2931 2930 2932
f 2930 2933 2932
f 2935 2932 2933
f 2933 2934 2935
f 2946 2937 2938
f 2938 2937 2936
f 2937 2946 2945
f 2938 2939 2941
f 2936 2939 2938
f 2941 2939 2940
f 2940 2943 2941
f 2940 2942 2943
f 2942 2944 2943
f 2945 2946 2947
f 2948 2945 2947
f 2949 2948 2947
f 2949 2950 2948
f 2951 2949 2952
f 2949 2951 2950
f 2953 2952 2954
f 2952 2953 2951
f 2955 2976 2978
f 2955 2957 2976
f 2955 2958 2957
f 2956 2959 2958
f 2957 2958 2959
f 2956 2960 2959
f 2960 2961 2959
f 2961 2960 2963
f 2962 2961 2963
f 2963 2967 2962
f 2967 2964 2962
f 2965 2966 2967
f 2964 2967 2966
f 2966 2965 2968
f 2966 2968 2969
f 2970 2969 2968
f 2970 2972 2969
f 2972 2970 2971
f 2972 2971 2975
f 2973 2974 2971
f 2975 2971 2974
f 2976 2977 2978
f 2978 2977 2979
f 2979 2977 2980
f 2980 2982 2981
f 2981 2979 2980
f 2981 2982 2985
f 2981 2985 2984
f 2983 2984 2985
f 2983 2986 2984
f 2986 2983 2987
f 2986 2987 2988
f 2987 2990 2989
f 2989 2988 2987
f 2991 2989 2990
f 2992 2989 2991
f 2991 2995 2992
f 2992 2995 2993
f 2994 2993 2995
f 2996 2993 2994
f 2994 2997 2998
f 2998 2996 2994
f 2999 3041 3000
f 2999 3040 3041
f 3001 3035 3037
f 3029 3002 3003
f 3028 3003 3002
f 3024 3027 3025
f 3023 3004 3026
f 3005 3021 3022
f 3009 3006 3007
f 3010 3009 3008
f 3009 3010 3019
f 3008 3011 3010
f 3011 3012 3010
f 3012 3011 3013
f 3014 3012 3013
f 3013 3017 3014
f 3017 3015 3014
f 3018 3017 3016
f 3017 3018 3015
f 3009 3019 3006
f 3007 3006 3020
f 3021 3007 3020
f 3022 3021 3020
f 3023 3005 3022
f 3022 3004 3023
f 3026 3004 3024
f 3025 3026 3024
f 3028 3027 3024
f 3027 3028 3002
f 3029 3030 3002
f 3032 3030 3031
f 3029 3031 3030
f 3033 3032 3031
f 3033 3034 3032
f 3034 3033 3035
f 3001 3034 3035
f 3035 3036 3037
f 3037 3036 3038
f 3039 3037 3038
f 3038 3042 3039
f 3039 3042 3040
f 3041 3040 3042
f 3041 3043 3000
f 3044 3095 3047
f 3045 3044 3047
f 3046 3049 3047
f 3049 3045 3047
f 3048 3049 3046
f 3048 3050 3049
f 3050 3053 3052
f 3052 3053 3051
f 3054 3052 3051
f 3048 3053 3050
f 3054 3051 3057
f 3056 3054 3057
f 3055 3056 3057
f 3058 3056 3055
f 3062 3059 3060
f 3055 3061 3058
f 3061 3060 3058
f 3060 3061 3062
f 3059 3062 3063
f 3064 3063 3065
f 3064 3059 3063
f 3074 3065 3069
f 3070 3068 3067
f 3069 3066 3074
f 3066 3067 3068
f 3066 3069 3067
f 3072 3068 3070
f 3071 3072 3070
f 3071 3075 3072
f 3076 3073 3075
f 3065 3074 3064
f 3075 3071 3076
f 3081 3080 3084
f 3076 3077 3078
f 3077 3080 3079
f 3079 3078 3077
f 3079 3080 3081
f 3073 3076 3078
f 3084 3082 3083
f 3083 3081 3084
f 3082 3084 3086
f 3085 3093 3086
f 3093 3085 3087
f 3088 3093 3087
f 3088 3087 3089
f 3088 3089 3090
f 3091 3090 3089
f 3090 3091 3092
f 3082 3086 3093
f 3044 3097 3094
f 3094 3095 3044
f 3099 3096 3097
f 3094 3097 3096
f 3098 3096 3099
f 3098 3099 3100
f 3098 3100 3102
f 3100 3101 3102
f 3101 3104 3102
f 3105 3103 3101
f 3104 3101 3103
f 3105 3106 3103
f 3106 3107 3103
f 3108 3109 3106
f 3107 3106 3109
f 3112 3108 3110
f 3108 3112 3109
f 3114 3112 3110
f 3111 3112 3114
f 3117 3114 3113
f 3114 3117 3111
f 3113 3115 3116
f 3116 3117 3113
f 3115 3119 3116
f 3118 3119 3115
f 3120 3119 3118
f 3122 3118 3121
f 3118 3122 3120
f 3123 3122 3121
f 3124 3122 3123
f 3124 3123 3125
f 3124 3125 3126
f 3125 3128 3126
f 3128 3129 3126
f 3130 3127 3128
f 3129 3128 3127
f 3134 3130 3131
f 3130 3134 3127
f 3132 3134 3131
f 3133 3134 3132
f 3136 3132 3137
f 3132 3136 3133
f 3137 3138 3135
f 3135 3136 3137
f 3141 3139 3138
f 3135 3138 3139
f 3140 3139 3141
f 3140 3141 3142
f 3140 3142 3143
f 3144 3145 3146
f 3147 3150 3148
f 3239 3149 3241
f 3241 3148 3150
f 3151 3239 3236
f 3233 3232 3152
f 3152 3237 3153
f 3235 3234 3155
f 3228 3230 3154
f 3154 3155 3156
f 3223 3157 3158
f 3159 3161 3160
f 3220 3160 3161
f 3165 3162 3163
f 3217 3164 3216
f 3163 3216 3165
f 3166 3214 3167
f 3214 3215 3164
f 3211 3168 3213
f 3169 3209 3210
f 3208 3172 3171
f 3170 3206 3205
f 3170 3171 3172
f 3204 3174 3207
f 3173 3175 3174
f 3202 3175 3176
f 3203 3177 3178
f 3178 3202 3203
f 3177 3179 3178
f 3180 3179 3177
f 3180 3181 3182
f 3182 3179 3180
f 3185 3183 3181
f 3182 3181 3183
f 3184 3183 3185
f 3184 3185 3186
f 3188 3187 3186
f 3184 3186 3187
f 3189 3187 3188
f 3189 3188 3192
f 3189 3192 3190
f 3192 3191 3194
f 3194 3190 3192
f 3193 3195 3191
f 3194 3191 3195
f 3193 3196 3195
f 3196 3197 3195
f 3199 3197 3196
f 3198 3197 3199
f 3198 3199 3200
f 3198 3200 3201
f 3202 3176 3203
f 3173 3176 3175
f 3173 3174 3204
f 3206 3204 3207
f 3205 3206 3207
f 3170 3205 3171
f 3208 3210 3172
f 3209 3211 3213
f 3208 3169 3210
f 3211 3209 3169
f 3212 3227 3229
f 3213 3168 3166
f 3166 3168 3214
f 3164 3167 3214
f 3216 3164 3215
f 3216 3163 3217
f 3221 3220 3219
f 3219 3218 3221
f 3165 3218 3162
f 3218 3219 3162
f 3220 3221 3160
f 3159 3224 3222
f 3222 3161 3159
f 3223 3225 3224
f 3222 3224 3225
f 3158 3225 3223
f 3227 3158 3157
f 3212 3226 3227
f 3227 3226 3158
f 3228 3212 3229
f 3228 3229 3230
f 3155 3154 3230
f 3155 3234 3156
f 3231 3232 3233
f 3231 3234 3235
f 3234 3231 3233
f 3153 3237 3238
f 3237 3152 3232
f 3238 3236 3239
f 3237 3236 3238
f 3239 3151 3149
f 3147 3240 3150
f 3148 3241 3149
f 3242 3240 3147
f 3242 3144 3146
f 3240 3242 3146
f 3444 3243 3447
f 3252 3244 3351
f 3246 3248 3245
f 3246 3244 3247
f 3247 3248 3246
f 3250 3251 3249
f 3249 3253 3250
f 3250 3253 3245
f 3251 3254 3249
f 3252 3247 3244
f 3245 3253 3246
f 3254 3251 3255
f 3254 3255 3256
f 3282 3256 3255
f 3281 3257 3282
f 3257 3281 3262
f 3269 3264 3258
f 3259 3260 3261
f 3262 3260 3259
f 3264 3263 3258
f 3263 3261 3260
f 3263 3264 3261
f 3257 3262 3259
f 3265 3273 3266
f 3267 3268 3269
f 3267 3269 3258
f 3270 3268 3267
f 3270 3272 3268
f 3270 3271 3272
f 3271 3280 3272
f 3273 3274 3275
f 3276 3278 3280
f 3279 3276 3277
f 3278 3276 3279
f 3277 3274 3279
f 3271 3276 3280
f 3277 3275 3274
f 3255 3281 3282
f 3273 3275 3266
f 3266 3286 3265
f 3283 3286 3266
f 3284 3285 3283
f 3283 3285 3286
f 3284 3289 3285
f 3287 3289 3284
f 3288 3287 3290
f 3295 3291 3293
f 3289 3287 3288
f 3290 3291 3288
f 3293 3291 3292
f 3292 3291 3290
f 3295 3294 3296
f 3293 3294 3295
f 3296 3294 3297
f 3296 3297 3298
f 3298 3297 3299
f 3304 3300 3301
f 3299 3304 3301
f 3303 3308 3306
f 3303 3302 3305
f 3305 3302 3300
f 3302 3303 3306
f 3300 3304 3305
f 3298 3299 3301
f 3308 3307 3306
f 3311 3307 3312
f 3307 3308 3312
f 3313 3312 3310
f 3316 3309 3310
f 3311 3312 3313
f 3313 3310 3309
f 3309 3316 3314
f 3314 3319 3315
f 3316 3319 3314
f 3317 3324 3318
f 3315 3319 3320
f 3315 3320 3322
f 3335 3331 3333
f 3321 3322 3320
f 3327 3321 3326
f 3321 3323 3326
f 3317 3326 3325
f 3324 3317 3325
f 3326 3317 3327
f 3329 3324 3328
f 3329 3318 3324
f 3328 3332 3330
f 3329 3328 3330
f 3331 3330 3332
f 3321 3320 3323
f 3332 3333 3331
f 3334 3335 3333
f 3334 3338 3335
f 3339 3337 3336
f 3334 3336 3338
f 3337 3338 3336
f 3337 3340 3342
f 3341 3340 3344
f 3339 3340 3337
f 3341 3342 3340
f 3343 3345 3344
f 3341 3344 3345
f 3345 3343 3347
f 3343 3346 3347
f 3252 3351 3349
f 3351 3348 3349
f 3350 3348 3351
f 3352 3348 3354
f 3350 3354 3348
f 3352 3353 3356
f 3353 3352 3354
f 3355 3357 3356
f 3356 3353 3355
f 3360 3357 3361
f 3355 3361 3357
f 3358 3359 3360
f 3360 3361 3358
f 3364 3359 3362
f 3358 3362 3359
f 3365 3363 3364
f 3364 3362 3365
f 3368 3363 3366
f 3365 3366 3363
f 3368 3366 3367
f 3368 3367 3369
f 3367 3371 3369
f 3371 3373 3369
f 3370 3373 3371
f 3372 3373 3370
f 3372 3370 3374
f 3372 3377 3376
f 3377 3372 3374
f 3375 3376 3377
f 3375 3377 3380
f 3375 3379 3378
f 3379 3375 3380
f 3381 3378 3379
f 3381 3379 3382
f 3381 3382 3384
f 3382 3383 3384
f 3383 3385 3384
f 3385 3387 3386
f 3387 3385 3383
f 3388 3389 3386
f 3386 3387 3388
f 3389 3388 3390
f 3388 3394 3390
f 3394 3391 3390
f 3391 3393 3392
f 3393 3391 3394
f 3393 3396 3392
f 3396 3395 3392
f 3398 3395 3396
f 3397 3395 3398
f 3397 3398 3401
f 3397 3400 3399
f 3400 3397 3401
f 3402 3403 3399
f 3399 3400 3402
f 3403 3402 3404
f 3402 3405 3404
f 3405 3406 3404
f 3407 3406 3405
f 3408 3406 3407
f 3408 3407 3409
f 3408 3409 3411
f 3409 3414 3411
f 3414 3410 3411
f 3410 3413 3412
f 3413 3410 3414
f 3415 3416 3412
f 3412 3413 3415
f 3417 3416 3418
f 3415 3418 3416
f 3417 3419 3421
f 3419 3417 3418
f 3419 3420 3421
f 3420 3423 3421
f 3424 3423 3420
f 3422 3423 3424
f 3425 3426 3422
f 3422 3424 3425
f 3427 3426 3425
f 3430 3426 3427
f 3430 3427 3428
f 3430 3432 3429
f 3432 3430 3428
f 3431 3433 3429
f 3429 3432 3431
f 3433 3431 3435
f 3431 3434 3435
f 3434 3436 3435
f 3436 3437 3438
f 3437 3436 3434
f 3439 3440 3438
f 3438 3437 3439
f 3440 3439 3441
f 3439 3442 3441
f 3442 3443 3441
f 3243 3443 3442
f 3444 3443 3243
f 3447 3446 3444
f 3445 3446 3447
f 3451 3446 3445
f 3451 3445 3448
f 3451 3450 3449
f 3450 3451 3448
f 3501 3452 3454
f 3501 3454 3456
f 3453 3456 3454
f 3453 3455 3456
f 3453 3458 3455
f 3455 3458 3457
f 3457 3458 3460
f 3459 3457 3460
f 3460 3461 3463
f 3463 3459 3460
f 3462 3461 3464
f 3461 3462 3463
f 3464 3466 3462
f 3467 3466 3464
f 3467 3465 3466
f 3465 3467 3468
f 3469 3465 3468
f 3471 3469 3468
f 3471 3470 3469
f 3471 3472 3470
f 3470 3472 3475
f 3474 3472 3473
f 3472 3474 3475
f 3474 3473 3476
f 3477 3474 3476
f 3479 3477 3476
f 3479 3478 3477
f 3478 3479 3482
f 3481 3478 3482
f 3480 3481 3482
f 3480 3483 3481
f 3480 3484 3483
f 3484 3485 3486
f 3486 3483 3484
f 3486 3485 3488
f 3485 3487 3488
f 3491 3487 3490
f 3487 3491 3488
f 3489 3490 3492
f 3490 3489 3491
f 3494 3493 3492
f 3489 3492 3493
f 3496 3493 3494
f 3496 3495 3493
f 3496 3497 3495
f 3499 3495 3497
f 3498 3495 3499
f 3500 3452 3501
f 3503 3452 3500
f 3502 3504 3500
f 3503 3500 3504
f 3502 3506 3505
f 3505 3504 3502
f 3505 3506 3508
f 3508 3506 3507
f 3507 3512 3509
f 3509 3508 3507
f 3511 3509 3512
f 3510 3511 3512
f 3511 3510 3514
f 3510 3513 3514
f 3514 3513 3515
f 3515 3513 3518
f 3515 3518 3517
f 3518 3519 3516
f 3516 3517 3518
f 3520 3516 3519
f 3520 3519 3521
f 3522 3523 3521
f 3520 3521 3523
f 3522 3524 3525
f 3525 3523 3522
f 3526 3524 3527
f 3524 3526 3525
f 3527 3528 3526
f 3529 3528 3527
f 3528 3529 3530
f 3529 3531 3530
f 3533 3530 3531
f 3533 3531 3534
f 3532 3533 3534
f 3534 3535 3536
f 3536 3532 3534
f 3538 3535 3539
f 3535 3538 3536
f 3539 3537 3538
f 3539 3543 3537
f 3543 3542 3537
f 3540 3541 3543
f 3542 3543 3541
f 3544 3545 3540
f 3541 3540 3545
f 3544 3546 3547
f 3547 3545 3544
f 3554 3551 3549
f 3549 3551 3548
f 3553 3549 3550
f 3548 3551 3553
f 3550 3552 3553
f 3548 3553 3552
f 3549 3553 3554
f 3555 3556 3557
f 3555 3557 3558
f 3561 3559 3560
f 3561 3562 3559
f 3672 3563 3567
f 3672 3567 3566
f 3573 3564 3565
f 3573 3566 3564
f 3566 3567 3564
f 3572 3568 3569
f 3571 3570 3572
f 3572 3570 3565
f 3571 3572 3569
f 3604 3569 3568
f 3565 3570 3573
f 3574 3605 3604
f 3575 3576 3577
f 3578 3605 3574
f 3574 3579 3580
f 3574 3580 3578
f 3581 3580 3579
f 3581 3579 3584
f 3575 3583 3576
f 3585 3583 3582
f 3585 3584 3583
f 3583 3575 3582
f 3581 3584 3585
f 3586 3587 3601
f 3588 3589 3577
f 3588 3577 3576
f 3591 3589 3588
f 3591 3590 3589
f 3592 3590 3591
f 3593 3590 3592
f 3594 3593 3595
f 3593 3592 3595
f 3597 3594 3595
f 3596 3597 3598
f 3594 3597 3596
f 3598 3599 3596
f 3598 3600 3599
f 3587 3599 3600
f 3587 3600 3601
f 3603 3586 3601
f 3602 3586 3603
f 3604 3605 3569
f 3606 3608 3603
f 3603 3608 3602
f 3606 3607 3608
f 3609 3620 3629
f 3610 3607 3606
f 3621 3610 3612
f 3611 3616 3614
f 3612 3616 3613
f 3614 3616 3615
f 3615 3616 3612
f 3612 3613 3621
f 3618 3619 3617
f 3611 3617 3619
f 3614 3617 3611
f 3618 3620 3619
f 3618 3629 3620
f 3607 3610 3621
f 3624 3622 3629
f 3624 3623 3622
f 3623 3624 3627
f 3625 3632 3626
f 3625 3628 3627
f 3627 3628 3623
f 3628 3625 3626
f 3609 3629 3622
f 3632 3631 3626
f 3630 3631 3633
f 3631 3632 3633
f 3630 3633 3634
f 3630 3634 3635
f 3637 3639 3634
f 3635 3634 3639
f 3639 3638 3636
f 3637 3638 3639
f 3636 3638 3640
f 3641 3640 3638
f 3640 3641 3642
f 3640 3642 3643
f 3657 3653 3652
f 3645 3643 3642
f 3644 3645 3646
f 3644 3646 3647
f 3651 3648 3647
f 3644 3647 3648
f 3649 3650 3655
f 3649 3651 3650
f 3649 3648 3651
f 3652 3653 3655
f 3649 3655 3654
f 3653 3654 3655
f 3645 3642 3646
f 3656 3657 3652
f 3656 3659 3657
f 3662 3660 3658
f 3656 3658 3659
f 3660 3659 3658
f 3660 3664 3663
f 3661 3664 3666
f 3662 3664 3660
f 3661 3663 3664
f 3665 3667 3666
f 3661 3666 3667
f 3667 3665 3669
f 3665 3668 3669
f 3670 3671 3563
f 3563 3672 3670
f 3675 3671 3673
f 3670 3673 3671
f 3677 3674 3675
f 3675 3673 3677
f 3680 3674 3676
f 3677 3676 3674
f 3680 3678 3679
f 3678 3680 3676
f 3682 3681 3679
f 3679 3678 3682
f 3681 3682 3683
f 3682 3686 3683
f 3686 3684 3683
f 3684 3685 3688
f 3685 3684 3686
f 3689 3687 3688
f 3688 3685 3689
f 3690 3687 3689
f 3691 3687 3690
f 3694 3692 3691
f 3691 3690 3694
f 3696 3692 3693
f 3694 3693 3692
f 3698 3695 3696
f 3696 3693 3698
f 3697 3695 3700
f 3698 3700 3695
f 3700 3699 3697
f 3702 3699 3700
f 3703 3699 3701
f 3702 3701 3699
f 3701 3706 3703
f 3704 3706 3701
f 3705 3706 3709
f 3704 3709 3706
f 3705 3708 3707
f 3708 3705 3709
f 3710 3707 3708
f 3710 3708 3711
f 3710 3711 3715
f 3711 3712 3715
f 3713 3714 3715
f 3715 3712 3713
f 3714 3713 3716
f 3713 3719 3716
f 3719 3717 3716
f 3717 3718 3721
f 3718 3717 3719
f 3722 3720 3721
f 3721 3718 3722
f 3720 3722 3724
f 3722 3723 3724
f 3723 3727 3724
f 3727 3726 3725
f 3726 3727 3723
f 3729 3728 3725
f 3725 3726 3729
f 3732 3728 3730
f 3729 3730 3728
f 3732 3730 3731
f 3732 3731 3734
f 3731 3733 3734
f 3733 3735 3734
f 3735 3737 3736
f 3737 3735 3733
f 3738 3739 3736
f 3736 3737 3738
f 3739 3738 3740
f 3738 3741 3740
f 3741 3742 3740
f 3744 3742 3741
f 3743 3742 3744
f 3743 3744 3745
f 3743 3746 3749
f 3746 3743 3745
f 3747 3748 3749
f 3749 3746 3747
f 3750 3748 3751
f 3747 3751 3748
f 3750 3752 3753
f 3752 3750 3751
f 3756 3755 3753
f 3753 3752 3756
f 3755 3754 3759
f 3754 3755 3756
f 3757 3758 3759
f 3759 3754 3757
f 3760 3758 3761
f 3757 3761 3758
f 3760 3764 3762
f 3764 3760 3761
f 3763 3766 3762
f 3762 3764 3763
f 3767 3766 3765
f 3763 3765 3766
f 3769 3770 3767
f 3767 3765 3769
f 3773 3770 3768
f 3769 3768 3770
f 3773 3772 3771
f 3772 3773 3768
f 3774 3775 3776
f 3774 3776 3777
f 3820 3821 3779
f 3796 3839 3778
f 3788 3784 3792
f 3779 3784 3820
f 3780 3781 3782
f 3784 3779 3783
f 3784 3824 3820
f 3838 3785 3837
f 3822 3824 3787
f 3813 3815 3786
f 3787 3824 3788
f 3793 3792 3816
f 3827 3787 3788
f 3789 3830 3829
f 3789 3790 3791
f 3778 3792 3793
f 3790 3789 3838
f 3838 3794 3790
f 3795 3839 3796
f 3831 3794 3838
f 3861 3860 3797
f 3792 3839 3789
f 3836 3835 3837
f 3843 3837 3785
f 3799 3798 3843
f 3785 3799 3843
f 3800 3807 3857
f 3801 3802 3812
f 3848 3845 3803
f 3849 3804 3853
f 3808 3852 3805
f 3846 3806 3847
f 3806 3844 3848
f 3848 3847 3806
f 3857 3807 3808
f 3805 3857 3808
f 3809 3842 3803
f 3810 3811 3843
f 3857 3854 3800
f 3837 3801 3812
f 3784 3788 3824
f 3813 3814 3815
f 3813 3816 3814
f 3816 3792 3814
f 3786 3784 3813
f 3783 3817 3784
f 3784 3817 3813
f 3818 3819 3820
f 3821 3820 3819
f 3780 3819 3781
f 3819 3818 3781
f 3780 3782 3824
f 3822 3823 3824
f 3824 3823 3780
f 3825 3826 3788
f 3827 3788 3826
f 3830 3826 3828
f 3826 3825 3828
f 3788 3792 3789
f 3830 3828 3829
f 3830 3789 3791
f 3833 3832 3838
f 3831 3838 3832
f 3836 3832 3834
f 3832 3833 3834
f 3789 3839 3838
f 3836 3834 3835
f 3836 3837 3812
f 3802 3801 3840
f 3785 3838 3839
f 3809 3840 3841
f 3840 3801 3841
f 3803 3840 3809
f 3803 3842 3848
f 3801 3837 3843
f 3844 3845 3848
f 3846 3847 3850
f 3848 3801 3857
f 3849 3850 3851
f 3850 3847 3851
f 3853 3850 3849
f 3852 3853 3805
f 3853 3804 3805
f 3805 3847 3848
f 3848 3857 3805
f 3856 3811 3810
f 3856 3854 3855
f 3854 3857 3855
f 3810 3854 3856
f 3810 3843 3798
f 3801 3843 3857
f 3860 3858 3785
f 3839 3792 3778
f 3858 3859 3785
f 3785 3859 3799
f 3860 3785 3797
f 3795 3860 3862
f 3860 3861 3862
f 3839 3795 3862
f 3870 3869 3863
f 3864 3865 3866
f 3866 3869 3864
f 3867 3868 3865
f 3866 3865 3868
f 3869 3870 3864
f 3871 3872 3875
f 3881 3873 3882
f 3876 3874 3877
f 3876 3875 3872
f 3875 3876 3877
f 3871 3878 3879
f 3871 3879 3872
f 3878 3880 3879
f 3880 3873 3881
f 3873 3880 3878
f 3885 3881 3882
f 3883 3884 3885
f 3885 3882 3883
f 3888 3887 3886
f 3883 3887 3884
f 3887 3888 3884
f 3895 3889 3894
f 3890 3899 3900
f 3893 3891 3892
f 3893 3894 3889
f 3894 3893 3892
f 3895 3896 3898
f 3895 3898 3889
f 3896 3897 3898
f 3897 3899 3890
f 3899 3897 3896
f 3901 3890 3900
f 3902 3906 3901
f 3901 3900 3902
f 3905 3904 3903
f 3902 3904 3906
f 3904 3905 3906
f 3911 3913 3907
f 3917 3916 3919
f 3909 3908 3910
f 3909 3907 3913
f 3907 3909 3910
f 3911 3912 3915
f 3911 3915 3913
f 3912 3914 3915
f 3914 3916 3917
f 3916 3914 3912
f 3918 3917 3919
f 3920 3924 3918
f 3918 3919 3920
f 3921 3922 3923
f 3920 3922 3924
f 3922 3921 3924
f 3930 3931 3925
f 3934 3935 3926
f 3928 3927 3929
f 3928 3925 3931
f 3925 3928 3929
f 3930 3936 3933
f 3930 3933 3931
f 3936 3932 3933
f 3932 3935 3934
f 3935 3932 3936
f 3937 3934 3926
f 3938 3942 3937
f 3937 3926 3938
f 3941 3940 3939
f 3938 3940 3942
f 3940 3941 3942
f 3968 3969 3943
f 3973 3953 3971
f 3944 3945 3966
f 3962 3944 3965
f 3943 3967 3945
f 3946 3969 3970
f 3964 3963 3962
f 3950 3947 3963
f 3948 3949 3950
f 3951 3972 3946
f 3960 3958 3952
f 3971 3953 3972
f 3954 3957 3977
f 3954 3955 3956
f 3956 3957 3954
f 3956 3955 3952
f 3978 3974 3976
f 3948 3958 3961
f 3959 3960 3952
f 3952 3955 3959
f 3960 3961 3958
f 3961 3949 3948
f 3949 3947 3950
f 3947 3962 3963
f 3964 3962 3965
f 3965 3944 3966
f 3966 3945 3967
f 3967 3943 3969
f 3968 3970 3969
f 3970 3951 3946
f 3951 3971 3972
f 3953 3973 3975
f 3974 3975 3976
f 3973 3976 3975
f 3976 3977 3978
f 3957 3978 3977
f 3985 3979 3980
f 3981 3985 3980
f 3983 3981 3980
f 3981 3983 3982
f 3982 3983 3984
f 3985 3987 3979
f 3987 3986 3979
f 3986 3987 3989
f 3988 3986 3989
f 3990 3988 3989
f 3990 3991 3988
f 3992 3988 3991
f 3995 3993 4000
f 3995 3997 3993
f 3994 3997 3995
f 3994 3996 3997
f 3998 3996 3994
f 3999 3996 3998
f 4000 3993 4001
f 4000 4001 4003
f 4001 4002 4003
f 4003 4002 4006
f 4002 4004 4005
f 4005 4006 4002
f 4007 4036 4013
f 4008 4009 4038
f 4010 4011 4035
f 4033 4010 4012
f 4013 4014 4011
f 4015 4036 4037
f 4034 4016 4033
f 4017 4018 4016
f 4025 4032 4017
f 4019 4039 4015
f 4027 4026 4028
f 4038 4009 4039
f 4021 4020 4042
f 4021 4029 4022
f 4022 4020 4021
f 4022 4029 4028
f 4023 4024 4041
f 4025 4026 4031
f 4030 4027 4028
f 4028 4029 4030
f 4027 4031 4026
f 4031 4032 4025
f 4032 4018 4017
f 4018 4033 4016
f 4034 4033 4012
f 4012 4010 4035
f 4035 4011 4014
f 4014 4013 4036
f 4007 4037 4036
f 4037 4019 4015
f 4019 4038 4039
f 4009 4008 4040
f 4024 4040 4041
f 4008 4041 4040
f 4041 4042 4023
f 4020 4023 4042
f 4053 4043 4052
f 4049 4050 4051
f 4050 4049 4044
f 4048 4049 4045
f 4046 4048 4045
f 4046 4047 4048
f 4049 4048 4044
f 4052 4051 4050
f 4043 4051 4052
f 4053 4052 4054
f 4054 4055 4053
f 4056 4053 4055
f 4062 4059 4064
f 4062 4057 4059
f 4058 4059 4057
f 4058 4061 4059
f 4060 4061 4058
f 4062 4064 4063
f 4064 4065 4063
f 4063 4065 4066
f 4065 4067 4066
f 4067 4068 4069
f 4069 4066 4067
f 4070 4071 4077
f 4073 4071 4070
f 4072 4073 4074
f 4073 4072 4071
f 4074 4075 4072
f 4072 4075 4076
f 4078 4070 4077
f 4079 4078 4077
f 4079 4080 4078
f 4079 4082 4080
f 4081 4080 4082
f 4142 4250 4246
f 4134 4106 4083
f 4131 4130 4127
f 4084 4085 4283
f 4085 4128 4283
f 4089 4189 4190
f 4086 4087 4088
f 4190 4113 4089
f 4267 4268 4274
f 4148 4090 4091
f 4087 4151 4092
f 4185 4093 4186
f 4113 4211 4114
f 4166 4165 4163
f 4174 4236 4240
f 4117 4188 4193
f 4290 4186 4118
f 4101 4103 4094
f 4248 4095 4096
f 4097 4266 4098
f 4306 4099 4100
f 4239 4179 4178
f 4101 4102 4103
f 4104 4227 4159
f 4229 4160 4105
f 4083 4106 4130
f 4210 4107 4208
f 4258 4249 4142
f 4164 4167 4255
f 4108 4109 4191
f 4185 4110 4093
f 4145 4111 4147
f 4124 4269 4112
f 4113 4114 4089
f 4115 4212 4211
f 4133 4216 4214
f 4216 4133 4135
f 4193 4116 4117
f 4289 4118 4186
f 4238 4179 4239
f 4119 4120 4121
f 4304 4122 4100
f 4256 4255 4123
f 4171 4265 4243
f 4275 4086 4088
f 4278 4124 4125
f 4280 4126 4281
f 4127 4085 4131
f 4128 4085 4127
f 4129 4130 4132
f 4130 4131 4132
f 4130 4129 4083
f 4136 4133 4134
f 4133 4106 4134
f 4135 4133 4136
f 4137 4307 4084
f 4262 4138 4146
f 4104 4163 4165
f 4120 4223 4221
f 4139 4254 4140
f 4254 4141 4169
f 4258 4142 4143
f 4144 4260 4143
f 4145 4146 4261
f 4264 4261 4146
f 4147 4146 4145
f 4148 4147 4149
f 4147 4111 4149
f 4090 4148 4150
f 4148 4149 4150
f 4148 4091 4151
f 4151 4087 4270
f 4151 4091 4092
f 4152 4153 4154
f 4273 4154 4153
f 4222 4157 4184
f 4155 4095 4156
f 4225 4224 4157
f 4158 4228 4160
f 4227 4226 4159
f 4229 4227 4160
f 4161 4104 4162
f 4104 4159 4162
f 4104 4161 4163
f 4164 4165 4167
f 4165 4166 4167
f 4168 4256 4123
f 4141 4168 4169
f 4263 4170 4171
f 4248 4156 4095
f 4292 4293 4242
f 4183 4172 4247
f 4177 4179 4094
f 4173 4174 4240
f 4187 4102 4197
f 4119 4121 4241
f 4102 4175 4103
f 4102 4176 4175
f 4101 4094 4179
f 4177 4178 4179
f 4237 4180 4239
f 4181 4182 4297
f 4183 4184 4172
f 4247 4096 4183
f 4185 4186 4290
f 4297 4296 4298
f 4110 4194 4093
f 4117 4116 4191
f 4200 4187 4201
f 4197 4201 4187
f 4199 4196 4188
f 4102 4187 4176
f 4108 4213 4109
f 4189 4216 4190
f 4116 4108 4191
f 4195 4200 4192
f 4193 4188 4196
f 4194 4110 4195
f 4196 4199 4197
f 4197 4198 4201
f 4197 4199 4198
f 4200 4201 4192
f 4195 4192 4194
f 4181 4202 4299
f 4312 4311 4310
f 4292 4203 4204
f 4302 4205 4268
f 4097 4302 4268
f 4115 4206 4207
f 4271 4208 4308
f 4206 4209 4207
f 4209 4107 4210
f 4115 4309 4212
f 4211 4212 4114
f 4213 4214 4217
f 4215 4214 4189
f 4216 4189 4214
f 4214 4215 4217
f 4109 4213 4217
f 4218 4219 4220
f 4221 4121 4120
f 4222 4225 4157
f 4158 4221 4223
f 4223 4228 4158
f 4224 4225 4226
f 4226 4227 4230
f 4160 4228 4105
f 4227 4229 4230
f 4226 4230 4224
f 4202 4303 4299
f 4184 4157 4172
f 4287 4286 4284
f 4203 4291 4204
f 4231 4236 4232
f 4233 4235 4232
f 4185 4290 4234
f 4288 4287 4118
f 4235 4233 4290
f 4232 4236 4174
f 4173 4240 4237
f 4218 4179 4238
f 4180 4238 4239
f 4237 4240 4180
f 4218 4220 4241
f 4218 4238 4219
f 4119 4241 4220
f 4155 4156 4242
f 4098 4243 4265
f 4164 4244 4245
f 4140 4251 4295
f 4250 4245 4246
f 4096 4247 4248
f 4142 4249 4250
f 4251 4252 4253
f 4253 4252 4096
f 4140 4294 4139
f 4254 4139 4141
f 4169 4168 4123
f 4255 4256 4164
f 4164 4256 4244
f 4245 4257 4246
f 4245 4244 4257
f 4260 4258 4143
f 4259 4262 4144
f 4262 4260 4144
f 4263 4261 4264
f 4138 4264 4146
f 4262 4259 4138
f 4263 4264 4170
f 4171 4170 4265
f 4243 4098 4266
f 4097 4268 4266
f 4267 4266 4268
f 4303 4202 4205
f 4271 4085 4084
f 4269 4270 4276
f 4305 4306 4307
f 4271 4084 4307
f 4272 4275 4122
f 4137 4305 4307
f 4273 4267 4274
f 4275 4088 4152
f 4152 4154 4275
f 4270 4086 4276
f 4087 4086 4270
f 4269 4277 4112
f 4269 4276 4277
f 4125 4279 4278
f 4269 4124 4278
f 4282 4280 4279
f 4278 4279 4280
f 4280 4281 4128
f 4280 4282 4126
f 4283 4128 4281
f 4310 4284 4286
f 4231 4285 4291
f 4286 4287 4288
f 4288 4118 4289
f 4235 4231 4232
f 4234 4290 4233
f 4231 4235 4285
f 4291 4285 4204
f 4292 4204 4293
f 4242 4293 4155
f 4294 4295 4296
f 4096 4252 4183
f 4295 4251 4253
f 4295 4294 4140
f 4296 4295 4298
f 4297 4298 4181
f 4299 4182 4181
f 4312 4300 4301
f 4207 4301 4309
f 4302 4303 4205
f 4274 4154 4273
f 4086 4275 4272
f 4122 4304 4272
f 4099 4306 4305
f 4122 4306 4100
f 4271 4307 4208
f 4308 4208 4107
f 4210 4207 4209
f 4309 4115 4207
f 4309 4301 4300
f 4310 4311 4284
f 4312 4301 4311
f 4313 4385 4384
f 4380 4314 4315
f 4315 4379 4380
f 4377 4316 4378
f 4316 4317 4382
f 4375 4373 4318
f 4371 4319 4320
f 4372 4369 4322
f 4371 4321 4322
f 4365 4363 4323
f 4324 4325 4360
f 4324 4362 4325
f 4326 4357 4327
f 4328 4355 4356
f 4329 4351 4353
f 4353 4330 4329
f 4351 4331 4350
f 4333 4350 4331
f 4333 4332 4350
f 4333 4336 4335
f 4335 4332 4333
f 4334 4335 4336
f 4334 4339 4335
f 4334 4337 4338
f 4338 4339 4334
f 4341 4338 4337
f 4341 4340 4338
f 4341 4342 4345
f 4345 4340 4341
f 4344 4342 4343
f 4342 4344 4345
f 4343 4348 4346
f 4346 4344 4343
f 4347 4348 4349
f 4348 4347 4346
f 4352 4351 4350
f 4351 4352 4353
f 4353 4354 4330
f 4355 4330 4354
f 4328 4330 4355
f 4356 4358 4328
f 4356 4327 4357
f 4357 4358 4356
f 4359 4326 4327
f 4326 4359 4361
f 4359 4360 4361
f 4360 4325 4361
f 4363 4362 4364
f 4364 4362 4324
f 4363 4364 4323
f 4365 4368 4366
f 4365 4323 4368
f 4367 4318 4373
f 4368 4370 4366
f 4370 4369 4366
f 4322 4369 4370
f 4320 4321 4371
f 4321 4372 4322
f 4319 4367 4320
f 4367 4373 4320
f 4374 4375 4376
f 4376 4375 4318
f 4376 4377 4374
f 4382 4378 4316
f 4374 4377 4378
f 4379 4383 4380
f 4317 4381 4382
f 4383 4381 4317
f 4379 4381 4383
f 4384 4386 4314
f 4315 4314 4386
f 4384 4385 4386
f 4387 4388 4456
f 4392 4389 4427
f 4427 4389 4428
f 4390 4393 4391
f 4391 4393 4397
f 4392 4393 4390
f 4396 4394 4395
f 4396 4395 4397
f 4391 4397 4395
f 4398 4395 4394
f 4400 4398 4394
f 4398 4400 4399
f 4401 4400 4402
f 4401 4399 4400
f 4390 4389 4392
f 4401 4402 4403
f 4407 4401 4403
f 4404 4403 4405
f 4404 4405 4406
f 4404 4407 4403
f 4408 4404 4406
f 4410 4409 4406
f 4406 4409 4408
f 4411 4409 4410
f 4411 4412 4413
f 4413 4409 4411
f 4412 4416 4414
f 4411 4415 4412
f 4416 4412 4415
f 4416 4418 4417
f 4414 4416 4417
f 4418 4420 4417
f 4420 4418 4421
f 4419 4420 4421
f 4421 4422 4419
f 4423 4419 4422
f 4423 4422 4424
f 4428 4425 4426
f 4426 4427 4428
f 4426 4425 4429
f 4429 4425 4430
f 4430 4433 4431
f 4431 4429 4430
f 4431 4433 4432
f 4432 4433 4434
f 4436 4432 4434
f 4435 4436 4434
f 4435 4437 4436
f 4435 4439 4440
f 4440 4437 4435
f 4438 4439 4441
f 4439 4438 4440
f 4441 4442 4438
f 4438 4442 4443
f 4443 4442 4444
f 4444 4446 4445
f 4445 4443 4444
f 4445 4446 4447
f 4447 4446 4448
f 4448 4450 4449
f 4449 4447 4448
f 4449 4450 4452
f 4452 4450 4453
f 4453 4454 4451
f 4451 4452 4453
f 4455 4454 4457
f 4454 4455 4451
f 4456 4455 4457
f 4387 4456 4457
f 4387 4458 4388
f 4458 4459 4460
f 4460 4388 4458
f 4461 4462 4463
f 4490 4464 4488
f 4492 4490 4488
f 4465 4483 4481
f 4465 4484 4483
f 4476 4477 4475
f 4466 4475 4467
f 4466 4468 4475
f 4466 4469 4468
f 4468 4469 4470
f 4469 4474 4471
f 4471 4470 4469
f 4472 4474 4473
f 4474 4472 4471
f 4475 4477 4467
f 4480 4476 4478
f 4480 4477 4476
f 4480 4478 4479
f 4480 4479 4481
f 4479 4465 4481
f 4484 4482 4483
f 4486 4482 4484
f 4485 4482 4486
f 4486 4487 4485
f 4487 4489 4464
f 4485 4487 4464
f 4488 4464 4489
f 4492 4491 4490
f 4491 4492 4493
f 4492 4463 4493
f 4463 4462 4493
f 4494 4498 4497
f 4494 4495 4496
f 4496 4498 4494
f 4499 4498 4500
f 4497 4498 4499
f 4496 4495 4512
f 4499 4501 4503
f 4500 4501 4499
f 4502 4503 4504
f 4502 4504 4506
f 4503 4501 4504
f 4505 4509 4508
f 4507 4502 4506
f 4509 4507 4508
f 4506 4508 4507
f 4509 4505 4510
f 4511 4512 4495
f 4511 4514 4512
f 4511 4513 4514
f 4514 4513 4515
f 4515 4513 4518
f 4516 4517 4518
f 4515 4518 4517
f 4516 4519 4517
f 4517 4519 4520
f 4520 4519 4521
f 4522 4520 4521
f 4523 4521 4525
f 4521 4523 4522
f 4524 4523 4525
f 4524 4525 4526
f 4537 4527 4536
f 4528 4530 4529
f 4532 4529 4530
f 4532 4530 4531
f 4531 4533 4532
f 4533 4531 4534
f 4533 4534 4535
f 4529 4536 4528
f 4536 4527 4528
f 4527 4537 4539
f 4537 4538 4539
f 4539 4538 4540
f 4538 4541 4540
f 4542 4540 4541
f 4550 4543 4551
f 4543 4550 4545
f 4543 4545 4544
f 4544 4545 4547
f 4547 4546 4544
f 4549 4546 4547
f 4548 4546 4549
f 4550 4551 4552
f 4554 4552 4551
f 4553 4552 4554
f 4555 4553 4554
f 4553 4555 4557
f 4555 4556 4557
f 4556 4558 4557
f 4559 4560 4561
f 4562 4563 4564
f 4562 4564 4565
f 4566 4581 4578
f 4580 4567 4577
f 4573 4568 4574
f 4569 4576 4575
f 4570 4571 4568
f 4574 4568 4571
f 4570 4572 4571
f 4569 4575 4573
f 4573 4574 4569
f 4575 4576 4577
f 4576 4580 4577
f 4578 4579 4566
f 4580 4581 4567
f 4581 4566 4567
f 4620 4623 4621
f 4582 4618 4584
f 4613 4616 4583
f 4583 4584 4618
f 4585 4610 4586
f 4586 4610 4612
f 4585 4587 4588
f 4602 4607 4589
f 4602 4590 4607
f 4604 4589 4605
f 4603 4604 4606
f 4601 4593 4591
f 4591 4593 4592
f 4592 4593 4594
f 4594 4595 4597
f 4597 4592 4594
f 4596 4595 4600
f 4595 4596 4597
f 4598 4599 4600
f 4596 4600 4599
f 4591 4603 4601
f 4590 4602 4588
f 4606 4601 4603
f 4604 4605 4606
f 4589 4607 4605
f 4590 4588 4587
f 4587 4585 4609
f 4617 4619 4608
f 4585 4586 4609
f 4612 4610 4614
f 4611 4612 4614
f 4611 4615 4613
f 4611 4614 4615
f 4615 4616 4613
f 4584 4583 4616
f 4582 4617 4618
f 4617 4582 4619
f 4619 4623 4608
f 4620 4621 4622
f 4623 4620 4608
f 4631 4624 4632
f 4630 4625 4628
f 4627 4625 4626
f 4625 4627 4628
f 4629 4630 4628
f 4630 4629 4633
f 4629 4631 4633
f 4632 4633 4631
f 4651 4634 4650
f 4647 4645 4644
f 4636 4638 4635
f 4646 4636 4635
f 4639 4637 4638
f 4638 4636 4639
f 4641 4637 4639
f 4641 4643 4637
f 4640 4643 4641
f 4642 4643 4640
f 4635 4644 4646
f 4644 4645 4646
f 4645 4647 4649
f 4650 4649 4648
f 4647 4648 4649
f 4650 4648 4651
f 4651 4652 4634
f 4657 4653 4672
f 4666 4657 4676
f 4675 4674 4654
f 4655 4659 4656
f 4660 4657 4658
f 4658 4657 4659
f 4659 4655 4658
f 4660 4653 4657
f 4676 4657 4672
f 4664 4661 4662
f 4668 4666 4676
f 4663 4664 4666
f 4664 4663 4661
f 4665 4666 4667
f 4665 4663 4666
f 4673 4667 4666
f 4669 4668 4670
f 4669 4673 4668
f 4669 4670 4671
f 4674 4676 4672
f 4673 4666 4668
f 4674 4675 4676
f 4677 4678 4688
f 4683 4679 4680
f 4681 4683 4680
f 4684 4682 4679
f 4679 4683 4684
f 4687 4682 4684
f 4685 4686 4687
f 4682 4687 4686
f 4680 4688 4681
f 4688 4678 4681
f 4678 4677 4689
f 4690 4689 4691
f 4677 4691 4689
f 4690 4691 4692
f 4690 4692 4695
f 4692 4693 4695
f 4694 4695 4693
f 4696 4734 4697
f 4731 4730 4698
f 4699 4729 4728
f 4728 4698 4730
f 4700 4724 4721
f 4721 4724 4723
f 4700 4701 4702
f 4703 4719 4718
f 4718 4717 4716
f 4714 4705 4704
f 4704 4705 4707
f 4707 4705 4708
f 4708 4709 4706
f 4706 4707 4708
f 4710 4709 4713
f 4709 4710 4706
f 4711 4712 4713
f 4710 4713 4712
f 4704 4716 4714
f 4715 4703 4702
f 4717 4714 4716
f 4719 4717 4718
f 4715 4719 4703
f 4715 4702 4701
f 4701 4700 4722
f 4720 4732 4735
f 4700 4721 4722
f 4723 4724 4725
f 4726 4723 4725
f 4726 4727 4699
f 4726 4725 4727
f 4727 4729 4699
f 4698 4728 4729
f 4731 4720 4730
f 4720 4731 4732
f 4732 4734 4735
f 4696 4697 4733
f 4734 4696 4735
f 4747 4736 4745
f 4737 4738 4746
f 4739 4743 4741
f 4741 4743 4740
f 4739 4741 4742
f 4740 4738 4737
f 4743 4738 4740
f 4736 4747 4744
f 4737 4746 4745
f 4745 4746 4747
f 4748 4749 4787
f 4752 4753 4750
f 4751 4752 4750
f 4782 4783 4753
f 4756 4754 4755
f 4756 4776 4754
f 4771 4757 4774
f 4772 4758 4773
f 4770 4759 4758
f 4760 4759 4770
f 4760 4762 4759
f 4760 4763 4761
f 4761 4762 4760
f 4764 4761 4763
f 4764 4765 4761
f 4764 4767 4765
f 4765 4767 4766
f 4766 4767 4769
f 4768 4766 4769
f 4758 4772 4770
f 4771 4773 4757
f 4771 4772 4773
f 4774 4757 4775
f 4774 4775 4755
f 4775 4756 4755
f 4776 4777 4754
f 4781 4777 4776
f 4778 4777 4781
f 4781 4779 4780
f 4780 4778 4781
f 4779 4783 4782
f 4780 4779 4782
f 4750 4753 4783
f 4751 4784 4752
f 4784 4751 4785
f 4784 4785 4786
f 4785 4787 4786
f 4787 4749 4786
f 4792 4791 4788
f 4792 4789 4790
f 4790 4791 4792
f 4788 4791 4793
f 4795 4793 4794
f 4788 4793 4795
f 4790 4789 4796
f 4794 4797 4795
f 4797 4800 4798
f 4794 4800 4797
f 4799 4798 4801
f 4799 4801 4806
f 4798 4800 4801
f 4802 4803 4805
f 4806 4808 4799
f 4808 4807 4804
f 4807 4805 4804
f 4805 4803 4804
f 4806 4807 4808
f 4809 4796 4789
f 4809 4811 4796
f 4809 4810 4811
f 4811 4810 4812
f 4815 4810 4813
f 4810 4815 4812
f 4816 4814 4813
f 4815 4813 4814
f 4816 4817 4814
f 4816 4818 4817
f 4817 4818 4819
f 4819 4818 4820
f 4820 4822 4823
f 4823 4819 4820
f 4821 4822 4825
f 4822 4821 4823
f 4824 4821 4825
f 4824 4825 4826
f 4827 4835 4828
f 4829 4830 4840
f 4833 4831 4832
f 4833 4828 4835
f 4828 4833 4832
f 4827 4836 4834
f 4827 4834 4835
f 4836 4837 4834
f 4837 4830 4829
f 4830 4837 4836
f 4838 4829 4840
f 4839 4843 4838
f 4838 4840 4839
f 4841 4844 4842
f 4839 4844 4843
f 4844 4841 4843
f 4851 4853 4849
f 4845 4846 4857
f 4847 4848 4850
f 4847 4849 4853
f 4849 4847 4850
f 4851 4854 4852
f 4851 4852 4853
f 4854 4855 4852
f 4855 4846 4845
f 4846 4855 4854
f 4856 4845 4857
f 4858 4860 4856
f 4856 4857 4858
f 4862 4861 4859
f 4858 4861 4860
f 4861 4862 4860
f 4863 4901 4900
f 4864 4895 4865
f 4896 4864 4865
f 4893 4892 4895
f 4885 4887 4884
f 4885 4886 4887
f 4881 4870 4866
f 4867 4882 4868
f 4869 4871 4870
f 4872 4871 4869
f 4872 4873 4871
f 4872 4875 4873
f 4874 4876 4875
f 4873 4875 4876
f 4874 4878 4880
f 4880 4876 4874
f 4877 4878 4879
f 4878 4877 4880
f 4870 4881 4869
f 4882 4866 4868
f 4882 4881 4866
f 4867 4868 4883
f 4867 4883 4884
f 4883 4885 4884
f 4886 4890 4887
f 4888 4890 4886
f 4889 4890 4888
f 4888 4891 4894
f 4894 4889 4888
f 4891 4892 4893
f 4894 4891 4893
f 4865 4895 4892
f 4896 4897 4864
f 4897 4896 4898
f 4897 4898 4899
f 4898 4900 4899
f 4900 4901 4899
f 4904 4903 4905
f 4904 4909 4902
f 4902 4903 4904
f 4908 4905 4903
f 4906 4908 4907
f 4905 4908 4906
f 4902 4909 4923
f 4907 4910 4906
f 4910 4911 4914
f 4907 4911 4910
f 4917 4913 4912
f 4913 4914 4912
f 4917 4912 4915
f 4914 4911 4912
f 4921 4916 4919
f 4920 4917 4918
f 4916 4920 4919
f 4918 4919 4920
f 4915 4918 4917
f 4916 4921 4922
f 4924 4923 4909
f 4924 4925 4923
f 4924 4928 4925
f 4925 4928 4926
f 4930 4928 4927
f 4928 4930 4926
f 4929 4932 4927
f 4930 4927 4932
f 4929 4931 4932
f 4929 4933 4931
f 4931 4933 4935
f 4935 4933 4936
f 4936 4937 4934
f 4934 4935 4936
f 4939 4937 4940
f 4937 4939 4934
f 4938 4939 4940
f 4938 4940 4941
f 4942 4943 4981
f 4944 4975 4974
f 4977 4944 4974
f 4973 4976 4975
f 4965 4945 4966
f 4965 4967 4945
f 4946 4950 4947
f 4963 4962 4948
f 4961 4949 4950
f 4951 4949 4961
f 4951 4952 4949
f 4951 4953 4954
f 4954 4952 4951
f 4955 4954 4953
f 4955 4956 4954
f 4955 4957 4956
f 4956 4957 4958
f 4958 4957 4960
f 4959 4958 4960
f 4950 4946 4961
f 4962 4947 4948
f 4962 4946 4947
f 4963 4948 4964
f 4963 4964 4966
f 4964 4965 4966
f 4967 4969 4945
f 4968 4969 4967
f 4970 4969 4968
f 4968 4971 4972
f 4972 4970 4968
f 4971 4976 4973
f 4972 4971 4973
f 4974 4975 4976
f 4977 4978 4944
f 4978 4977 4980
f 4978 4980 4979
f 4980 4981 4979
f 4981 4943 4979
f 4983 4984 4982
f 4983 4988 4987
f 4987 4984 4983
f 4985 4982 4984
f 4986 4985 4989
f 4982 4985 4986
f 4987 4988 5003
f 4989 4990 4986
f 4990 4992 4991
f 4989 4992 4990
f 4993 4991 4994
f 4993 4994 4996
f 4991 4992 4994
f 4995 5000 4998
f 4996 4997 4993
f 4997 5001 4999
f 5001 4998 4999
f 4998 5000 4999
f 4996 5001 4997
f 5002 5003 4988
f 5002 5004 5003
f 5002 5005 5004
f 5004 5005 5007
f 5006 5005 5009
f 5005 5006 5007
f 5008 5010 5009
f 5006 5009 5010
f 5008 5011 5010
f 5008 5012 5011
f 5011 5012 5016
f 5016 5012 5013
f 5013 5014 5015
f 5015 5016 5013
f 5017 5014 5018
f 5014 5017 5015
f 5019 5017 5018
f 5019 5018 5020
f 5021 5058 5022
f 5055 5052 5023
f 5054 5055 5023
f 5051 5053 5052
f 5044 5046 5042
f 5044 5024 5046
f 5038 5040 5041
f 5037 5025 5039
f 5026 5027 5025
f 5028 5027 5026
f 5028 5030 5027
f 5028 5029 5030
f 5032 5031 5029
f 5030 5029 5031
f 5032 5034 5033
f 5033 5031 5032
f 5036 5034 5035
f 5034 5036 5033
f 5025 5037 5026
f 5038 5039 5040
f 5038 5037 5039
f 5041 5040 5043
f 5041 5043 5042
f 5043 5044 5042
f 5024 5045 5046
f 5047 5045 5024
f 5049 5045 5047
f 5047 5050 5048
f 5048 5049 5047
f 5050 5053 5051
f 5048 5050 5051
f 5023 5052 5053
f 5054 5056 5055
f 5056 5054 5057
f 5056 5057 5059
f 5057 5022 5059
f 5022 5058 5059
f 5060 5063 5061
f 5060 5081 5062
f 5062 5063 5060
f 5061 5063 5064
f 5066 5064 5065
f 5061 5064 5066
f 5062 5081 5067
f 5065 5068 5066
f 5068 5070 5069
f 5065 5070 5068
f 5072 5071 5073
f 5071 5069 5073
f 5072 5073 5078
f 5069 5070 5073
f 5079 5075 5077
f 5076 5072 5074
f 5075 5076 5077
f 5074 5077 5076
f 5078 5074 5072
f 5075 5079 5080
f 5082 5067 5081
f 5082 5083 5067
f 5082 5084 5083
f 5083 5084 5085
f 5086 5084 5087
f 5084 5086 5085
f 5088 5089 5087
f 5086 5087 5089
f 5088 5090 5089
f 5088 5091 5090
f 5090 5091 5093
f 5093 5091 5094
f 5094 5096 5092
f 5092 5093 5094
f 5097 5096 5095
f 5096 5097 5092
f 5098 5097 5095
f 5098 5095 5099
f 5111 5100 5101
f 5102 5109 5108
f 5109 5102 5103
f 5107 5102 5104
f 5105 5107 5104
f 5105 5106 5107
f 5102 5107 5103
f 5101 5108 5109
f 5100 5108 5101
f 5111 5101 5110
f 5110 5113 5111
f 5112 5111 5113
f 5114 5115 5120
f 5119 5115 5114
f 5119 5116 5115
f 5117 5118 5119
f 5116 5119 5118
f 5114 5120 5121
f 5122 5121 5120
f 5123 5122 5120
f 5122 5123 5125
f 5123 5124 5125
f 5139 5140 5126
f 5127 5141 5136
f 5128 5129 5132
f 5135 5137 5134
f 5130 5131 5129
f 5132 5129 5131
f 5130 5133 5131
f 5135 5134 5128
f 5128 5132 5135
f 5134 5137 5136
f 5137 5127 5136
f 5126 5138 5139
f 5127 5140 5141
f 5140 5139 5141
f 5142 5153 5152
f 5154 5145 5143
f 5144 5143 5145
f 5144 5145 5147
f 5146 5144 5147
f 5148 5150 5146
f 5146 5147 5148
f 5150 5148 5149
f 5150 5149 5151
f 5143 5152 5154
f 5152 5153 5154
f 5153 5142 5155
f 5157 5155 5156
f 5142 5156 5155
f 5157 5156 5158
f 5157 5158 5159
f 5158 5161 5159
f 5160 5159 5161
f 5172 5162 5163
f 5164 5172 5166
f 5172 5164 5162
f 5164 5166 5165
f 5165 5166 5168
f 5167 5165 5168
f 5167 5171 5165
f 5169 5171 5167
f 5170 5171 5169
f 5172 5163 5173
f 5176 5173 5163
f 5175 5173 5176
f 5175 5174 5177
f 5174 5175 5176
f 5174 5178 5177
f 5177 5178 5181
f 5178 5179 5181
f 5179 5180 5181
f 5195 5194 5191
f 5193 5183 5182
f 5185 5182 5183
f 5185 5183 5186
f 5184 5185 5186
f 5188 5187 5184
f 5184 5186 5188
f 5187 5188 5189
f 5187 5189 5190
f 5182 5191 5193
f 5191 5192 5193
f 5194 5192 5191
f 5194 5195 5196
f 5195 5197 5196
f 5196 5197 5198
f 5196 5198 5201
f 5198 5199 5201
f 5200 5201 5199
f 5203 5205 5202
f 5205 5203 5204
f 5205 5204 5206
f 5207 5208 5206
f 5206 5204 5207
f 5209 5208 5207
f 5209 5210 5208
f 5212 5210 5209
f 5211 5210 5212
f 5203 5202 5213
f 5214 5213 5202
f 5216 5213 5214
f 5216 5217 5215
f 5217 5216 5214
f 5217 5218 5215
f 5215 5218 5220
f 5218 5219 5220
f 5219 5221 5220
f 5222 5223 5224
f 5261 5259 5258
f 5255 5257 5225
f 5225 5258 5259
f 5228 5252 5226
f 5226 5252 5227
f 5228 5249 5243
f 5230 5229 5246
f 5230 5248 5229
f 5245 5246 5247
f 5231 5245 5244
f 5232 5233 5242
f 5242 5233 5237
f 5237 5233 5234
f 5234 5235 5236
f 5236 5237 5234
f 5238 5235 5240
f 5235 5238 5236
f 5239 5241 5240
f 5238 5240 5241
f 5242 5231 5232
f 5248 5230 5243
f 5244 5232 5231
f 5245 5247 5244
f 5246 5229 5247
f 5248 5243 5249
f 5249 5228 5250
f 5260 5262 5251
f 5228 5226 5250
f 5227 5252 5253
f 5254 5227 5253
f 5254 5256 5255
f 5254 5253 5256
f 5256 5257 5255
f 5258 5225 5257
f 5261 5260 5259
f 5260 5261 5262
f 5262 5223 5251
f 5222 5224 5263
f 5223 5222 5251
f 5264 5302 5265
f 5299 5267 5296
f 5294 5297 5266
f 5266 5296 5267
f 5268 5270 5269
f 5269 5270 5291
f 5268 5271 5272
f 5289 5288 5287
f 5287 5286 5273
f 5284 5275 5274
f 5274 5275 5278
f 5278 5275 5276
f 5276 5279 5277
f 5277 5278 5276
f 5282 5279 5281
f 5279 5282 5277
f 5280 5283 5281
f 5282 5281 5283
f 5274 5273 5284
f 5285 5289 5272
f 5286 5284 5273
f 5288 5286 5287
f 5285 5288 5289
f 5285 5272 5271
f 5271 5268 5290
f 5298 5300 5303
f 5268 5269 5290
f 5291 5270 5292
f 5293 5291 5292
f 5293 5295 5294
f 5293 5292 5295
f 5295 5297 5294
f 5296 5266 5297
f 5299 5298 5267
f 5298 5299 5300
f 5300 5302 5303
f 5264 5265 5301
f 5302 5264 5303
f 5304 5318 5316
f 5312 5315 5313
f 5314 5305 5319
f 5310 5306 5311
f 5307 5311 5306
f 5310 5309 5308
f 5309 5310 5311
f 5312 5307 5306
f 5307 5312 5313
f 5314 5313 5315
f 5319 5305 5316
f 5315 5305 5314
f 5304 5317 5318
f 5316 5318 5319
f 5320 5331 5328
f 5325 5327 5326
f 5321 5330 5322
f 5325 5323 5324
f 5324 5327 5325
f 5326 5327 5321
f 5326 5321 5322
f 5320 5328 5329
f 5322 5330 5331
f 5331 5330 5328
f 5370 5369 5332
f 5367 5333 5335
f 5361 5365 5334
f 5334 5335 5333
f 5357 5336 5360
f 5360 5336 5337
f 5357 5356 5338
f 5352 5354 5339
f 5339 5340 5351
f 5353 5341 5342
f 5342 5341 5345
f 5345 5341 5346
f 5346 5343 5344
f 5344 5345 5346
f 5347 5343 5348
f 5343 5347 5344
f 5349 5350 5348
f 5347 5348 5350
f 5342 5351 5353
f 5355 5352 5338
f 5340 5353 5351
f 5354 5340 5339
f 5355 5354 5352
f 5355 5338 5356
f 5356 5357 5358
f 5366 5368 5359
f 5357 5360 5358
f 5337 5336 5363
f 5362 5337 5363
f 5362 5364 5361
f 5362 5363 5364
f 5364 5365 5361
f 5335 5334 5365
f 5367 5366 5333
f 5366 5367 5368
f 5368 5369 5359
f 5370 5332 5371
f 5369 5370 5359
f 5383 5372 5381
f 5379 5378 5382
f 5373 5374 5376
f 5376 5374 5375
f 5373 5376 5377
f 5375 5378 5379
f 5374 5378 5375
f 5372 5383 5380
f 5379 5382 5381
f 5381 5382 5383
f 5384 5385 5424
f 5421 5387 5419
f 5416 5386 5420
f 5420 5419 5387
f 5388 5414 5389
f 5389 5414 5390
f 5388 5391 5408
f 5407 5411 5392
f 5407 5393 5411
f 5409 5392 5394
f 5395 5409 5410
f 5396 5398 5406
f 5406 5398 5397
f 5397 5398 5400
f 5400 5401 5399
f 5399 5397 5400
f 5405 5401 5404
f 5401 5405 5399
f 5402 5403 5404
f 5405 5404 5403
f 5406 5395 5396
f 5393 5407 5408
f 5410 5396 5395
f 5409 5394 5410
f 5392 5411 5394
f 5393 5408 5391
f 5391 5388 5413
f 5422 5423 5412
f 5388 5389 5413
f 5390 5414 5415
f 5417 5390 5415
f 5417 5418 5416
f 5417 5415 5418
f 5418 5386 5416
f 5419 5420 5386
f 5421 5422 5387
f 5422 5421 5423
f 5423 5385 5412
f 5384 5424 5425
f 5385 5384 5412
f 5440 5436 5435
f 5437 5426 5433
f 5427 5426 5428
f 5429 5431 5427
f 5427 5428 5429
f 5431 5429 5430
f 5431 5430 5432
f 5433 5426 5427
f 5437 5433 5434
f 5434 5435 5437
f 5435 5436 5437
f 5436 5440 5438
f 5441 5438 5439
f 5440 5439 5438
f 5441 5439 5442
f 5441 5442 5445
f 5442 5443 5445
f 5444 5445 5443
f 5446 5448 5457
f 5448 5446 5447
f 5448 5447 5449
f 5451 5450 5449
f 5449 5447 5451
f 5452 5450 5451
f 5452 5453 5450
f 5455 5453 5452
f 5454 5453 5455
f 5446 5457 5459
f 5456 5459 5457
f 5458 5459 5456
f 5458 5461 5460
f 5461 5458 5456
f 5461 5462 5460
f 5460 5462 5465
f 5462 5463 5465
f 5463 5464 5465
f 5466 5467 5468
f 5478 5471 5469
f 5470 5469 5471
f 5470 5471 5472
f 5473 5470 5472
f 5474 5476 5473
f 5473 5472 5474
f 5476 5474 5475
f 5476 5475 5477
f 5469 5468 5478
f 5468 5467 5478
f 5467 5466 5480
f 5481 5480 5479
f 5466 5479 5480
f 5481 5479 5482
f 5481 5482 5484
f 5482 5483 5484
f 5485 5484 5483
f 5495 5487 5497
f 5487 5495 5486
f 5487 5486 5490
f 5488 5489 5490
f 5490 5486 5488
f 5491 5489 5488
f 5491 5492 5489
f 5494 5492 5491
f 5493 5492 5494
f 5495 5497 5496
f 5500 5499 5497
f 5496 5497 5499
f 5498 5499 5500
f 5501 5498 5500
f 5501 5503 5498
f 5498 5503 5502
f 5503 5504 5502
f 5504 5505 5502
f 5533 5506 5507
f 5528 5530 5527
f 5521 5508 5524
f 5508 5510 5509
f 5509 5510 5520
f 5511 5512 5520
f 5512 5511 5514
f 5513 5514 5511
f 5513 5517 5514
f 5515 5517 5516
f 5513 5516 5517
f 5515 5518 5519
f 5518 5515 5516
f 5512 5509 5520
f 5508 5521 5510
f 5521 5524 5522
f 5523 5522 5524
f 5526 5522 5523
f 5526 5523 5525
f 5525 5527 5526
f 5528 5527 5525
f 5528 5529 5530
f 5529 5531 5530
f 5531 5529 5534
f 5531 5534 5532
f 5532 5533 5507
f 5533 5532 5534
f 5507 5506 5535
f 5536 5539 5538
f 5537 5538 5539
f 5540 5537 5539
f 5540 5543 5537
f 5540 5541 5543
f 5542 5543 5541
f 5544 5542 5541
f 5542 5544 5545
f 5544 5546 5545
f 5546 5547 5545
f 5547 5546 5548
f 5549 5547 5548
f 5548 5550 5549
f 5549 5550 5551
f 5552 5536 5538
f 5552 5553 5536
f 5553 5552 5554
f 5553 5554 5555
f 5554 5556 5555
f 5556 5557 5555
f 5556 5558 5557
f 5559 5557 5558
f 5559 5558 5561
f 5559 5561 5560
f 5563 5560 5561
f 5563 5562 5560
f 5562 5563 5565
f 5564 5562 5565
f 5566 5580 5567
f 5568 5567 5580
f 5580 5581 5568
f 5573 5569 5580
f 5580 5570 5571
f 5572 5573 5580
f 5574 5572 5580
f 5571 5574 5580
f 5580 5575 5570
f 5575 5580 5576
f 5580 5577 5576
f 5578 5577 5580
f 5580 5579 5578
f 5579 5580 5586
f 5569 5581 5580
f 5582 5580 5583
f 5585 5580 5584
f 5585 5583 5580
f 5580 5582 5586
f 5587 5592 5588
f 5589 5588 5592
f 5592 5602 5589
f 5590 5591 5592
f 5592 5596 5594
f 5593 5590 5592
f 5595 5593 5592
f 5594 5595 5592
f 5592 5597 5596
f 5597 5592 5598
f 5592 5600 5598
f 5599 5600 5592
f 5592 5601 5599
f 5601 5592 5607
f 5591 5602 5592
f 5603 5592 5604
f 5605 5592 5606
f 5605 5604 5592
f 5592 5603 5607
f 5608 5609 5610
f 5609 5608 5611
f 5608 5648 5611
f 5637 5636 5638
f 5612 5655 5613
f 5618 5616 5619
f 5614 5641 5661
f 5618 5617 5616
f 5615 5616 5617
f 5615 5640 5616
f 5618 5619 5643
f 5630 5653 5620
f 5621 5655 5622
f 5650 5609 5611
f 5645 5610 5639
f 5649 5623 5624
f 5625 5627 5628
f 5646 5628 5626
f 5620 5646 5629
f 5627 5626 5628
f 5646 5626 5629
f 5620 5629 5630
f 5632 5653 5631
f 5653 5630 5631
f 5613 5632 5633
f 5631 5633 5632
f 5613 5633 5612
f 5637 5621 5634
f 5655 5612 5622
f 5622 5634 5621
f 5657 5638 5635
f 5634 5636 5637
f 5635 5638 5636
f 5644 5645 5658
f 5644 5657 5635
f 5639 5610 5609
f 5640 5615 5641
f 5628 5642 5643
f 5643 5625 5628
f 5625 5643 5619
f 5657 5644 5692
f 5658 5692 5644
f 5645 5639 5658
f 5668 5641 5615
f 5628 5646 5651
f 5632 5613 5664
f 5613 5655 5664
f 5637 5638 5656
f 5618 5668 5617
f 5643 5647 5618
f 5668 5618 5647
f 5609 5667 5639
f 5658 5639 5667
f 5609 5650 5667
f 5648 5649 5611
f 5650 5611 5649
f 5615 5617 5668
f 5642 5647 5643
f 5651 5642 5628
f 5646 5620 5674
f 5674 5651 5646
f 5620 5653 5652
f 5652 5674 5620
f 5653 5632 5663
f 5663 5652 5653
f 5664 5663 5632
f 5655 5621 5654
f 5683 5664 5655
f 5655 5654 5683
f 5621 5637 5686
f 5686 5654 5621
f 5656 5686 5637
f 5638 5657 5690
f 5690 5656 5638
f 5692 5690 5657
f 5658 5667 5695
f 5692 5658 5695
f 5659 5684 5654
f 5685 5659 5654
f 5660 5689 5690
f 5668 5661 5641
f 5668 5647 5662
f 5647 5642 5662
f 5652 5675 5674
f 5663 5678 5652
f 5664 5665 5663
f 5666 5685 5686
f 5656 5687 5686
f 5695 5667 5698
f 5650 5698 5667
f 5624 5699 5650
f 5649 5624 5650
f 5661 5668 5669
f 5669 5668 5662
f 5670 5662 5642
f 5671 5670 5642
f 5671 5651 5672
f 5671 5642 5651
f 5672 5651 5673
f 5673 5651 5674
f 5675 5673 5674
f 5675 5652 5676
f 5676 5652 5677
f 5678 5677 5652
f 5678 5663 5679
f 5679 5663 5680
f 5680 5663 5665
f 5665 5664 5681
f 5681 5664 5682
f 5682 5664 5683
f 5684 5683 5654
f 5685 5654 5686
f 5666 5686 5687
f 5687 5656 5688
f 5688 5656 5689
f 5689 5656 5690
f 5660 5690 5691
f 5691 5692 5693
f 5691 5690 5692
f 5693 5692 5694
f 5694 5695 5696
f 5694 5692 5695
f 5696 5695 5697
f 5695 5698 5697
f 5698 5650 5699
f 5716 5700 5701
f 5705 5729 5702
f 5741 5702 5729
f 5705 5702 5703
f 5733 5759 5704
f 5726 5705 5727
f 5722 5735 5720
f 5722 5723 5746
f 5706 5750 5747
f 5707 5732 5708
f 5737 5711 5739
f 5758 5740 5709
f 5737 5710 5711
f 5737 5707 5710
f 5710 5738 5711
f 5727 5705 5703
f 5728 5712 5713
f 5734 5713 5714
f 5700 5734 5715
f 5712 5714 5713
f 5734 5714 5715
f 5700 5715 5701
f 5718 5716 5717
f 5716 5701 5717
f 5735 5718 5719
f 5717 5719 5718
f 5735 5719 5720
f 5747 5746 5721
f 5722 5720 5723
f 5723 5721 5746
f 5725 5750 5724
f 5721 5706 5747
f 5724 5750 5706
f 5731 5708 5730
f 5731 5725 5724
f 5732 5707 5737
f 5726 5727 5733
f 5713 5765 5741
f 5741 5728 5713
f 5728 5741 5729
f 5725 5731 5787
f 5730 5787 5731
f 5708 5732 5730
f 5761 5733 5727
f 5713 5734 5768
f 5718 5735 5743
f 5735 5722 5743
f 5747 5750 5785
f 5702 5761 5703
f 5741 5754 5702
f 5761 5702 5754
f 5737 5736 5732
f 5730 5732 5736
f 5737 5739 5736
f 5738 5740 5711
f 5739 5711 5740
f 5727 5703 5761
f 5765 5754 5741
f 5768 5765 5713
f 5734 5700 5771
f 5771 5768 5734
f 5700 5716 5772
f 5772 5771 5700
f 5716 5718 5742
f 5742 5772 5716
f 5743 5742 5718
f 5722 5746 5745
f 5744 5743 5722
f 5722 5745 5744
f 5746 5747 5748
f 5748 5745 5746
f 5785 5748 5747
f 5750 5725 5749
f 5749 5785 5750
f 5787 5749 5725
f 5730 5736 5751
f 5787 5730 5751
f 5752 5781 5745
f 5756 5752 5745
f 5753 5784 5749
f 5761 5759 5733
f 5761 5754 5763
f 5754 5765 5763
f 5772 5770 5771
f 5742 5775 5772
f 5743 5778 5742
f 5755 5756 5748
f 5785 5782 5748
f 5751 5736 5757
f 5739 5757 5736
f 5758 5792 5739
f 5740 5758 5739
f 5759 5761 5760
f 5760 5761 5762
f 5761 5763 5762
f 5763 5765 5764
f 5764 5765 5766
f 5766 5768 5767
f 5766 5765 5768
f 5767 5768 5769
f 5769 5768 5771
f 5770 5769 5771
f 5770 5772 5773
f 5773 5772 5774
f 5775 5774 5772
f 5775 5742 5776
f 5776 5742 5777
f 5777 5742 5778
f 5778 5743 5779
f 5779 5743 5780
f 5780 5743 5744
f 5781 5744 5745
f 5756 5745 5748
f 5755 5748 5782
f 5782 5785 5783
f 5783 5785 5784
f 5784 5785 5749
f 5753 5749 5786
f 5786 5787 5788
f 5786 5749 5787
f 5788 5787 5789
f 5789 5751 5790
f 5789 5787 5751
f 5790 5751 5791
f 5751 5757 5791
f 5757 5739 5792
f 5793 5794 5803
f 5796 5797 5795
f 5804 5796 5795
f 5800 5799 5797
f 5797 5796 5800
f 5798 5799 5800
f 5801 5802 5798
f 5799 5798 5802
f 5795 5803 5804
f 5803 5794 5804
f 5794 5793 5806
f 5805 5806 5807
f 5793 5807 5806
f 5805 5807 5808
f 5805 5808 5809
f 5808 5810 5809
f 5811 5809 5810
f 5812 5813 5831
f 5825 5833 5819
f 5814 5815 5816
f 5817 5821 5820
f 5823 5818 5819
f 5820 5821 5823
f 5818 5822 5819
f 5820 5823 5819
f 5835 5819 5822
f 5825 5819 5835
f 5827 5826 5824
f 5831 5833 5825
f 5827 5829 5826
f 5833 5829 5827
f 5833 5828 5830
f 5829 5833 5830
f 5831 5832 5812
f 5828 5833 5813
f 5813 5833 5831
f 5834 5812 5832
f 5814 5825 5815
f 5835 5815 5825
f 5852 5854 5836
f 5837 5849 5848
f 5842 5841 5838
f 5839 5842 5838
f 5840 5844 5841
f 5841 5842 5840
f 5843 5844 5840
f 5843 5846 5844
f 5845 5846 5843
f 5847 5846 5845
f 5838 5848 5839
f 5848 5849 5839
f 5849 5837 5850
f 5836 5850 5851
f 5837 5851 5850
f 5836 5851 5852
f 5852 5853 5854
f 5855 5867 5856
f 5857 5859 5865
f 5858 5860 5859
f 5859 5864 5858
f 5862 5860 5858
f 5861 5863 5862
f 5860 5862 5863
f 5857 5864 5859
f 5857 5865 5866
f 5865 5856 5866
f 5856 5867 5866
f 5867 5855 5868
f 5870 5868 5869
f 5855 5869 5868
f 5870 5869 5871
f 5870 5871 5873
f 5871 5874 5873
f 5872 5873 5874
f 5881 5880 5875
f 5876 5877 5878
f 5878 5879 5876
f 5878 5882 5879
f 5879 5882 5881
f 5880 5881 5882
f 5892 5883 5884
f 5889 5887 5888
f 5885 5887 5886
f 5887 5885 5888
f 5890 5889 5888
f 5889 5890 5891
f 5890 5892 5891
f 5884 5891 5892
f 5900 5893 5894
f 5895 5896 5897
f 5897 5899 5895
f 5897 5898 5899
f 5899 5898 5900
f 5893 5900 5898
f 5917 5919 5915
f 5901 5913 5912
f 5903 5904 5911
f 5902 5903 5911
f 5905 5908 5904
f 5904 5903 5905
f 5906 5908 5905
f 5906 5907 5908
f 5909 5907 5906
f 5910 5907 5909
f 5911 5912 5902
f 5912 5913 5902
f 5913 5901 5914
f 5915 5914 5916
f 5901 5916 5914
f 5915 5916 5917
f 5917 5918 5919
f 5929 5920 5921
f 5926 5922 5925
f 5924 5922 5923
f 5922 5924 5925
f 5927 5926 5925
f 5926 5927 5928
f 5927 5929 5928
f 5921 5928 5929
f 5937 5936 5930
f 5933 5931 5934
f 5934 5932 5933
f 5934 5935 5932
f 5932 5935 5937
f 5936 5937 5935
f 5938 5939 5940
f 5941 5948 5951
f 5944 5942 5943
f 5944 5940 5939
f 5940 5944 5943
f 5938 5945 5946
f 5938 5946 5939
f 5945 5947 5946
f 5947 5948 5941
f 5948 5947 5945
f 5950 5941 5951
f 5949 5955 5950
f 5950 5951 5949
f 5952 5954 5953
f 5949 5954 5955
f 5954 5952 5955
f 5978 5974 5980
f 5956 5957 5959
f 5957 5958 5959
f 5956 5961 5960
f 5960 5957 5956
f 5962 5961 5979
f 5961 5962 5960
f 5975 5977 5976
f 5982 5981 5979
f 5963 5973 5971
f 5970 5965 5967
f 5972 5969 5964
f 5968 5967 5965
f 5966 5967 5968
f 5969 5970 5964
f 5969 5965 5970
f 5964 5973 5972
f 5977 5963 5971
f 5963 5972 5973
f 5974 5975 5976
f 5976 5977 5971
f 5980 5982 5978
f 5974 5978 5975
f 5979 5981 5962
f 5980 5981 5982
f 6006 5983 5984
f 5985 5986 5987
f 5988 5989 5990
f 5991 5992 5993
f 5995 5989 5994
f 5994 5989 5992
f 5992 5991 5994
f 5989 5995 5996
f 5997 5998 5999
f 6005 5990 5989
f 5989 5996 6005
f 6000 5988 6003
f 5999 6001 5997
f 6001 5999 5986
f 6000 5987 5986
f 6001 5986 5985
f 6000 5986 5988
f 6004 6003 5988
f 6002 6003 6004
f 5990 6005 5983
f 5989 5988 5986
f 5983 6006 5990
f 6007 6008 6009
f 6010 6011 6045
f 6045 6011 6008
f 6029 6012 6032
f 6013 6030 6014
f 6027 6028 6015
f 6031 6026 6015
f 6016 6017 6018
f 6017 6016 6028
f 6020 6016 6018
f 6019 6020 6018
f 6019 6021 6020
f 6019 6022 6021
f 6021 6022 6024
f 6024 6022 6025
f 6023 6024 6025
f 6015 6026 6027
f 6027 6017 6028
f 6013 6029 6032
f 6031 6030 6026
f 6030 6031 6014
f 6029 6013 6014
f 6012 6037 6034
f 6032 6012 6034
f 6033 6035 6038
f 6037 6036 6034
f 6037 6035 6036
f 6038 6035 6037
f 6010 6044 6011
f 6033 6038 6039
f 6041 6040 6039
f 6033 6039 6040
f 6041 6043 6040
f 6043 6042 6040
f 6044 6042 6043
f 6010 6042 6044
f 6046 6045 6008
f 6008 6007 6046
f 6048 6047 6068
f 6048 6068 6049
f 6050 6047 6051
f 6051 6052 6050
f 6052 6053 6050
f 6047 6048 6051
f 6052 6054 6053
f 6056 6055 6058
f 6056 6054 6055
f 6059 6058 6055
f 6056 6053 6054
f 6057 6063 6060
f 6061 6059 6057
f 6061 6058 6059
f 6057 6060 6061
f 6063 6062 6060
f 6065 6062 6064
f 6066 6065 6064
f 6062 6063 6064
f 6065 6066 6067
f 6068 6070 6049
f 6069 6070 6072
f 6070 6069 6049
f 6071 6069 6072
f 6074 6071 6072
f 6073 6074 6075
f 6074 6073 6071
f 6077 6076 6075
f 6073 6075 6076
f 6077 6080 6078
f 6078 6076 6077
f 6078 6080 6079
f 6079 6080 6081
f 6081 6084 6082
f 6082 6079 6081
f 6085 6084 6083
f 6084 6085 6082
f 6086 6085 6083
f 6086 6083 6087
f 6088 6089 6090
f 6127 6091 6089
f 6092 6125 6093
f 6121 6094 6092
f 6095 6096 6119
f 6097 6098 6095
f 6118 6116 6099
f 6115 6100 6101
f 6102 6114 6103
f 6117 6102 6103
f 6105 6104 6106
f 6104 6105 6114
f 6107 6105 6106
f 6108 6107 6106
f 6108 6109 6107
f 6108 6110 6109
f 6109 6110 6111
f 6111 6110 6113
f 6112 6111 6113
f 6102 6117 6100
f 6102 6104 6114
f 6115 6116 6118
f 6100 6117 6101
f 6115 6101 6116
f 6118 6099 6120
f 6099 6119 6120
f 6122 6098 6097
f 6119 6096 6120
f 6095 6098 6096
f 6126 6121 6091
f 6122 6097 6123
f 6093 6124 6123
f 6122 6123 6124
f 6093 6125 6124
f 6092 6094 6125
f 6121 6126 6094
f 6126 6091 6127
f 6089 6088 6127
f 6129 6128 6151
f 6129 6130 6128
f 6131 6133 6130
f 6131 6132 6133
f 6132 6138 6133
f 6130 6129 6131
f 6132 6134 6138
f 6135 6137 6136
f 6135 6134 6137
f 6142 6136 6137
f 6135 6138 6134
f 6139 6140 6141
f 6143 6142 6139
f 6143 6136 6142
f 6139 6141 6143
f 6140 6144 6141
f 6147 6144 6146
f 6145 6147 6146
f 6144 6140 6146
f 6147 6145 6148
f 6149 6151 6128
f 6149 6150 6151
f 6149 6153 6152
f 6152 6150 6149
f 6154 6153 6155
f 6153 6154 6152
f 6159 6156 6155
f 6154 6155 6156
f 6159 6157 6158
f 6158 6156 6159
f 6162 6157 6163
f 6157 6162 6158
f 6163 6160 6161
f 6161 6162 6163
f 6164 6160 6166
f 6160 6164 6161
f 6165 6164 6166
f 6165 6166 6167
f 6181 6178 6176
f 6177 6169 6175
f 6168 6175 6169
f 6168 6169 6171
f 6170 6168 6171
f 6170 6171 6173
f 6170 6173 6172
f 6172 6173 6174
f 6175 6176 6177
f 6176 6178 6177
f 6178 6181 6182
f 6179 6182 6180
f 6181 6180 6182
f 6179 6180 6183
f 6179 6183 6186
f 6183 6184 6186
f 6185 6186 6184
f 6187 6188 6197
f 6188 6187 6190
f 6188 6190 6189
f 6192 6193 6189
f 6189 6190 6192
f 6191 6193 6192
f 6191 6196 6193
f 6194 6196 6191
f 6195 6196 6194
f 6187 6197 6199
f 6198 6199 6197
f 6200 6199 6198
f 6200 6202 6201
f 6202 6200 6198
f 6202 6203 6201
f 6203 6204 6205
f 6205 6201 6203
f 6206 6245 6207
f 6208 6209 6245
f 6243 6210 6211
f 6242 6212 6243
f 6213 6234 6233
f 6229 6214 6231
f 6228 6216 6227
f 6230 6215 6227
f 6217 6216 6228
f 6217 6219 6216
f 6217 6218 6219
f 6222 6220 6218
f 6219 6218 6220
f 6222 6221 6223
f 6223 6220 6222
f 6225 6221 6226
f 6221 6225 6223
f 6224 6225 6226
f 6227 6215 6228
f 6229 6213 6233
f 6230 6214 6215
f 6214 6230 6231
f 6213 6229 6231
f 6234 6232 6237
f 6233 6234 6237
f 6235 6238 6239
f 6232 6236 6237
f 6232 6238 6236
f 6239 6238 6232
f 6244 6242 6209
f 6235 6239 6240
f 6211 6241 6240
f 6235 6240 6241
f 6211 6210 6241
f 6242 6244 6212
f 6212 6210 6243
f 6244 6209 6208
f 6245 6206 6208
f 6246 6247 6248
f 6246 6248 6266
f 6250 6247 6251
f 6251 6249 6250
f 6249 6253 6250
f 6247 6246 6251
f 6259 6252 6256
f 6252 6253 6249
f 6254 6252 6259
f 6254 6253 6252
f 6258 6260 6255
f 6257 6256 6258
f 6257 6258 6255
f 6257 6259 6256
f 6255 6260 6261
f 6262 6263 6261
f 6264 6263 6262
f 6261 6260 6262
f 6263 6264 6265
f 6248 6267 6266
f 6269 6267 6268
f 6267 6269 6266
f 6272 6269 6268
f 6270 6272 6268
f 6271 6270 6274
f 6270 6271 6272
f 6275 6273 6274
f 6271 6274 6273
f 6275 6277 6276
f 6276 6273 6275
f 6276 6277 6278
f 6278 6277 6279
f 6279 6280 6281
f 6281 6278 6279
f 6283 6280 6282
f 6280 6283 6281
f 6284 6283 6282
f 6284 6282 6285
f 6326 6286 6287
f 6288 6319 6286
f 6291 6289 6323
f 6324 6290 6291
f 6318 6316 6315
f 6292 6314 6318
f 6312 6308 6313
f 6307 6309 6311
f 6295 6298 6293
f 6294 6310 6293
f 6296 6298 6295
f 6296 6297 6298
f 6296 6300 6297
f 6302 6299 6300
f 6297 6300 6299
f 6302 6303 6301
f 6301 6299 6302
f 6305 6303 6306
f 6303 6305 6301
f 6304 6305 6306
f 6293 6310 6295
f 6307 6308 6312
f 6294 6309 6310
f 6309 6294 6311
f 6307 6311 6308
f 6312 6313 6317
f 6313 6315 6317
f 6321 6314 6292
f 6315 6316 6317
f 6318 6314 6316
f 6325 6324 6319
f 6321 6292 6322
f 6323 6320 6322
f 6321 6322 6320
f 6323 6289 6320
f 6291 6290 6289
f 6324 6325 6290
f 6325 6319 6288
f 6286 6326 6288
f 6327 6347 6350
f 6327 6328 6347
f 6328 6327 6330
f 6330 6329 6328
f 6332 6329 6330
f 6332 6331 6329
f 6332 6336 6331
f 6334 6333 6339
f 6335 6333 6334
f 6335 6336 6333
f 6335 6331 6336
f 6337 6341 6340
f 6338 6339 6337
f 6338 6337 6340
f 6338 6334 6339
f 6340 6341 6342
f 6343 6345 6342
f 6344 6345 6343
f 6342 6341 6343
f 6345 6344 6346
f 6348 6350 6347
f 6348 6349 6350
f 6348 6351 6353
f 6353 6349 6348
f 6352 6351 6354
f 6351 6352 6353
f 6355 6356 6354
f 6352 6354 6356
f 6356 6355 6359
f 6358 6356 6359
f 6357 6358 6359
f 6357 6360 6358
f 6357 6361 6360
f 6360 6361 6365
f 6365 6361 6362
f 6363 6364 6362
f 6364 6365 6362
f 6363 6362 6366
f 6378 6367 6376
f 6377 6368 6375
f 6369 6375 6368
f 6369 6368 6370
f 6372 6369 6370
f 6372 6370 6371
f 6372 6371 6373
f 6373 6371 6374
f 6375 6376 6377
f 6376 6367 6377
f 6367 6378 6379
f 6381 6379 6380
f 6378 6380 6379
f 6381 6380 6382
f 6381 6382 6383
f 6382 6384 6383
f 6385 6383 6384
f 6396 6388 6386
f 6388 6396 6387
f 6388 6387 6389
f 6390 6391 6389
f 6389 6387 6390
f 6393 6391 6390
f 6393 6392 6391
f 6395 6392 6393
f 6394 6392 6395
f 6396 6386 6397
f 6399 6397 6386
f 6398 6397 6399
f 6398 6400 6403
f 6400 6398 6399
f 6400 6404 6403
f 6404 6401 6402
f 6402 6403 6404
f 6412 6405 6409
f 6414 6406 6417
f 6410 6407 6408
f 6410 6409 6405
f 6409 6410 6408
f 6412 6415 6411
f 6412 6411 6405
f 6415 6413 6411
f 6413 6406 6414
f 6406 6413 6415
f 6416 6414 6417
f 6419 6422 6416
f 6416 6417 6419
f 6421 6420 6418
f 6419 6420 6422
f 6420 6421 6422
f 6423 6424 6439
f 6425 6426 6436
f 6437 6429 6428
f 6427 6428 6429
f 6427 6429 6430
f 6431 6427 6430
f 6432 6433 6431
f 6431 6430 6432
f 6433 6432 6434
f 6433 6434 6435
f 6428 6436 6437
f 6436 6426 6437
f 6426 6425 6438
f 6439 6438 6440
f 6425 6440 6438
f 6439 6440 6423
f 6423 6441 6424
f 6442 6443 6444
f 6443 6442 6445
f 6443 6445 6448
f 6446 6447 6448
f 6448 6445 6446
f 6449 6447 6446
f 6450 6451 6449
f 6447 6449 6451
f 6442 6444 6453
f 6456 6453 6444
f 6452 6453 6456
f 6452 6454 6455
f 6454 6452 6456
f 6454 6457 6455
f 6455 6457 6460
f 6457 6458 6460
f 6458 6459 6460
f 6467 6465 6466
f 6472 6469 6461
f 6462 6463 6464
f 6462 6466 6465
f 6466 6462 6464
f 6467 6471 6468
f 6467 6468 6465
f 6471 6470 6468
f 6470 6469 6472
f 6469 6470 6471
f 6474 6472 6461
f 6473 6477 6474
f 6474 6461 6473
f 6478 6476 6475
f 6473 6476 6477
f 6476 6478 6477
f 6496 6479 6480
f 6493 6491 6490
f 6492 6481 6489
f 6482 6489 6481
f 6482 6481 6483
f 6485 6482 6483
f 6486 6484 6485
f 6485 6483 6486
f 6484 6486 6487
f 6484 6487 6488
f 6489 6490 6492
f 6490 6491 6492
f 6491 6493 6495
f 6480 6495 6494
f 6493 6494 6495
f 6480 6494 6496
f 6496 6497 6479
f 6507 6498 6499
f 6498 6507 6500
f 6498 6500 6502
f 6503 6501 6502
f 6502 6500 6503
f 6505 6501 6503
f 6504 6506 6505
f 6501 6505 6506
f 6507 6499 6510
f 6508 6510 6499
f 6509 6510 6508
f 6509 6511 6513
f 6511 6509 6508
f 6511 6512 6513
f 6513 6512 6514
f 6512 6515 6514
f 6515 6516 6514
f 6517 6518 6519
f 6527 6520 6529
f 6522 6521 6523
f 6522 6519 6518
f 6519 6522 6523
f 6517 6526 6524
f 6517 6524 6518
f 6526 6525 6524
f 6525 6520 6527
f 6520 6525 6526
f 6528 6527 6529
f 6530 6534 6528
f 6528 6529 6530
f 6531 6533 6532
f 6530 6533 6534
f 6533 6531 6534
f 6539 6540 6538
f 6546 6543 6547
f 6535 6536 6537
f 6535 6538 6540
f 6538 6535 6537
f 6539 6544 6541
f 6539 6541 6540
f 6544 6542 6541
f 6542 6543 6546
f 6543 6542 6544
f 6545 6546 6547
f 6548 6552 6545
f 6545 6547 6548
f 6551 6550 6549
f 6548 6550 6552
f 6550 6551 6552
f 6563 6554 6553
f 6554 6563 6565
f 6555 6553 6556
f 6554 6556 6553
f 6557 6555 6556
f 6559 6555 6557
f 6557 6558 6559
f 6557 6561 6558
f 6561 6560 6558
f 6561 6562 6560
f 6567 6565 6564
f 6563 6564 6565
f 6566 6568 6567
f 6567 6564 6566
f 6568 6566 6569
f 6569 6570 6568
f 6571 6570 6569
f 6570 6571 6572
f 6572 6571 6573
f 6573 6571 6574
f 6586 6585 6575
f 6575 6585 6576
f 6578 6575 6576
f 6578 6576 6580
f 6577 6578 6580
f 6579 6577 6580
f 6584 6583 6577
f 6577 6579 6584
f 6583 6581 6582
f 6581 6583 6584
f 6588 6585 6586
f 6589 6588 6586
f 6589 6587 6588
f 6587 6589 6590
f 6587 6590 6593
f 6593 6591 6592
f 6591 6593 6590
f 6594 6592 6595
f 6591 6595 6592
f 6599 6605 6596
f 6599 6596 6597
f 6597 6598 6599
f 6618 6622 6620
f 6602 6612 6611
f 6603 6600 6599
f 6625 6601 6626
f 6614 6602 6613
f 6598 6603 6599
f 6603 6598 6604
f 6605 6624 6607
f 6606 6607 6626
f 6605 6599 6624
f 6607 6606 6605
f 6629 6608 6609
f 6611 6613 6602
f 6610 6611 6612
f 6613 6618 6614
f 6615 6629 6609
f 6630 6616 6608
f 6618 6613 6617
f 6617 6622 6618
f 6619 6620 6622
f 6623 6619 6621
f 6622 6621 6619
f 6604 6623 6621
f 6604 6621 6603
f 6600 6624 6599
f 6607 6625 6626
f 6627 6601 6625
f 6615 6627 6628
f 6625 6628 6627
f 6615 6628 6629
f 6630 6608 6629
f 6631 6651 6652
f 6632 6649 6633
f 6642 6633 6650
f 6645 6634 6644
f 6645 6646 6634
f 6641 6635 6640
f 6638 6636 6640
f 6637 6636 6639
f 6638 6639 6636
f 6635 6638 6640
f 6635 6641 6647
f 6648 6642 6643
f 6643 6644 6648
f 6645 6635 6646
f 6635 6647 6646
f 6644 6634 6648
f 6643 6642 6650
f 6649 6650 6633
f 6651 6632 6652
f 6651 6649 6632
f 6653 6657 6655
f 6653 6654 6657
f 6655 6657 6656
f 6656 6657 6658
f 6666 6662 6659
f 6660 6661 6667
f 6662 6663 6659
f 6664 6668 6669
f 6660 6667 6666
f 6665 6666 6667
f 6660 6666 6659
f 6669 6665 6667
f 6668 6665 6669
f 6670 6671 6674
f 6674 6671 6672
f 6673 6670 6674
f 6678 6677 6675
f 6683 6682 6676
f 6685 6677 6678
f 6679 6682 6686
f 6680 6681 6686
f 6685 6684 6677
f 6676 6682 6679
f 6683 6676 6684
f 6684 6685 6683
f 6682 6680 6686
f 6687 6688 6689
f 6688 6687 6690
f 6687 6691 6690
f 6701 6702 6692
f 6693 6703 6706
f 6694 6700 6699
f 6695 6696 6700
f 6698 6697 6694
f 6694 6699 6698
f 6696 6699 6700
f 6692 6703 6693
f 6701 6695 6702
f 6695 6701 6696
f 6703 6692 6702
f 6704 6706 6705
f 6693 6706 6704
f 6707 6708 6728
f 6707 6728 6727
f 6723 6725 6721
f 6720 6709 6711
f 6710 6712 6709
f 6711 6709 6712
f 6712 6714 6713
f 6714 6716 6713
f 6715 6712 6710
f 6714 6712 6715
f 6717 6713 6716
f 6717 6716 6718
f 6719 6709 6720
f 6719 6720 6721
f 6721 6720 6722
f 6721 6722 6723
f 6723 6724 6725
f 6725 6724 6726
f 6727 6726 6724
f 6727 6728 6726
f 6729 6708 6707
f 6733 6730 6731
f 6735 6731 6732
f 6733 6734 6730
f 6730 6732 6731
f 6735 6732 6736
f 6733 6737 6734
f 6732 6738 6739
f 6732 6739 6736
f 6738 6741 6739
f 6740 6742 6738
f 6741 6738 6742
f 6743 6742 6740
f 6754 6753 6755
f 6744 6745 6758
f 6749 6752 6750
f 6746 6751 6752
f 6747 6748 6749
f 6749 6750 6747
f 6751 6750 6752
f 6755 6745 6744
f 6754 6746 6753
f 6746 6754 6751
f 6745 6755 6753
f 6756 6758 6757
f 6744 6758 6756
f 6763 6759 6761
f 6759 6760 6761
f 6761 6762 6763
f 6764 6768 6769
f 6765 6767 6766
f 6767 6768 6766
f 6768 6767 6769
f 6770 6771 6772
f 6782 6787 6773
f 6790 6774 6783
f 6790 6775 6791
f 6776 6778 6777
f 6778 6779 6777
f 6771 6780 6772
f 6778 6776 6781
f 6770 6772 6784
f 6782 6783 6774
f 6795 6786 6785
f 6784 6785 6770
f 6770 6785 6786
f 6782 6789 6787
f 6782 6774 6788
f 6795 6787 6789
f 6788 6789 6782
f 6790 6791 6774
f 6796 6792 6791
f 6774 6791 6792
f 6776 6794 6793
f 6796 6793 6794
f 6776 6777 6794
f 6795 6789 6786
f 6794 6792 6796
f 6798 6799 6797
f 6798 6800 6799
f 6799 6800 6801
f 6801 6800 6802
f 6803 6804 6805
f 6805 6806 6807
f 6805 6804 6806
f 6808 6809 6810
f 6812 6811 6808
f 6810 6812 6808
f 6817 6813 6814
f 6814 6815 6816
f 6817 6814 6816
f 6818 6822 6819
f 6821 6820 6822
f 6818 6821 6822
f 6823 6824 6825
f 6827 6826 6823
f 6827 6823 6825
f 6838 6854 6853
f 6855 6852 6856
f 6828 6849 6848
f 6829 6832 6840
f 6832 6829 6830
f 6829 6840 6841
f 6830 6831 6833
f 6833 6832 6830
f 6833 6834 6836
f 6833 6831 6834
f 6834 6835 6836
f 6837 6847 6848
f 6850 6838 6839
f 6847 6845 6843
f 6849 6850 6839
f 6844 6840 6843
f 6840 6842 6841
f 6840 6844 6842
f 6843 6846 6844
f 6843 6845 6846
f 6847 6837 6845
f 6847 6828 6848
f 6828 6850 6849
f 6838 6851 6854
f 6850 6851 6838
f 6856 6852 6854
f 6853 6854 6852
f 6855 6856 6857
f 6862 6858 6859
f 6860 6861 6859
f 6862 6859 6861
f 6867 6863 6864
f 6864 6865 6866
f 6867 6864 6866
f 6872 6868 6869
f 6885 6870 6871
f 6884 6871 6872
f 6869 6886 6872
f 6881 6873 6883
f 6878 6874 6879
f 6878 6906 6875
f 6906 6876 6875
f 6909 6877 6900
f 6876 6900 6877
f 6906 6900 6876
f 6878 6879 6906
f 6883 6880 6881
f 6882 6883 6879
f 6874 6882 6879
f 6880 6883 6882
f 6871 6884 6885
f 6884 6872 6886
f 6897 6871 6870
f 6870 6887 6897
f 6887 6889 6897
f 6887 6888 6889
f 6888 6890 6889
f 6901 6889 6890
f 6891 6868 6892
f 6894 6909 6893
f 6877 6909 6894
f 6898 6895 6891
f 6896 6893 6909
f 6892 6868 6872
f 6897 6889 6902
f 6871 6897 6903
f 6872 6871 6904
f 6892 6898 6891
f 6873 6895 6898
f 6883 6873 6905
f 6898 6905 6873
f 6899 6906 6879
f 6906 6907 6900
f 6908 6909 6900
f 6901 6902 6889
f 6902 6903 6897
f 6903 6904 6871
f 6892 6872 6904
f 6899 6883 6905
f 6899 6879 6883
f 6907 6906 6899
f 6908 6900 6907
f 6908 6896 6909
f 6914 6916 6910
f 6911 6912 6918
f 6920 6913 6919
f 6911 6918 6914
f 6917 6914 6918
f 6911 6914 6910
f 6915 6910 6916
f 6920 6917 6918
f 6919 6917 6920
f 6921 6922 6929
f 6927 6922 6921
f 6923 6924 6927
f 6927 6924 6925
f 6925 6924 6926
f 6923 6927 6921
f 6928 6929 6922
f 6928 6930 6929
f 6928 6931 6930
f 6930 6931 6932
f 6933 6932 6931
f 6962 6945 6956
f 6934 6935 6936
f 6937 6957 6940
f 6944 6938 6939
f 6937 6941 6942
f 6940 6941 6937
f 6942 6941 6943
f 6943 6938 6944
f 6943 6944 6942
f 6961 6960 6945
f 6938 6955 6939
f 6946 6947 6948
f 6954 6955 6948
f 6951 6949 6952
f 6953 6946 6951
f 6950 6949 6951
f 6953 6951 6952
f 6953 6947 6946
f 6947 6954 6948
f 6954 6939 6955
f 6962 6956 6964
f 6960 6959 6934
f 6958 6957 6936
f 6957 6958 6940
f 6957 6934 6936
f 6935 6934 6959
f 6959 6960 6961
f 6961 6945 6962
f 6963 6964 6966
f 6956 6966 6964
f 6965 6963 6967
f 6963 6966 6967
f 6974 6976 6968
f 6973 6969 6971
f 6969 6970 6971
f 6970 6969 6972
f 6973 6971 6974
f 6974 6971 6976
f 6975 6968 6976
f 6975 6977 6968
f 6975 6978 6977
f 6977 6978 6979
f 6980 6979 6978
f 7007 6984 6986
f 6995 6981 7004
f 6990 6992 6982
f 6985 6983 6989
f 6984 7007 6985
f 6986 7000 7007
f 7000 7006 7007
f 6987 6999 6988
f 6983 6985 7007
f 6989 6983 7002
f 6990 6991 6992
f 6990 6993 6991
f 6994 6981 6995
f 6996 6997 7004
f 6998 6988 6999
f 7006 6998 6999
f 7006 7000 6998
f 7002 7001 6982
f 7001 7002 6983
f 7003 6981 6994
f 6990 7003 6993
f 6994 6993 7003
f 6981 6996 7004
f 6982 7001 6990
f 7008 6981 7003
f 7005 7007 7006
f 7005 6983 7007
f 6996 6981 7008
f 7039 7045 7041
f 7009 7010 7065
f 7009 7011 7064
f 7067 7013 7010
f 7063 7064 7012
f 7066 7013 7067
f 7014 7064 7063
f 7067 7069 7068
f 7014 7015 7017
f 7044 7046 7016
f 7017 7018 7062
f 7019 7034 7020
f 7033 7021 7022
f 7023 7024 7030
f 7054 7025 7055
f 7026 7029 7027
f 7072 7028 7074
f 7029 7056 7027
f 7032 7026 7027
f 7030 7025 7023
f 7022 7030 7024
f 7026 7032 7031
f 7031 7032 7053
f 7033 7020 7034
f 7034 7021 7033
f 7035 7073 7052
f 7074 7073 7035
f 7036 7057 7058
f 7057 7037 7020
f 7038 7070 7071
f 7071 7072 7038
f 7040 7070 7039
f 7058 7043 7042
f 7040 7039 7041
f 7042 7043 7059
f 7061 7060 7043
f 7044 7045 7046
f 7048 7047 7061
f 7049 7044 7016
f 7062 7047 7048
f 7069 7049 7050
f 7051 7052 7053
f 7051 7035 7052
f 7029 7054 7055
f 7029 7055 7056
f 7054 7023 7025
f 7024 7033 7022
f 7019 7020 7037
f 7037 7057 7036
f 7036 7058 7042
f 7059 7043 7060
f 7060 7061 7047
f 7048 7017 7062
f 7018 7017 7015
f 7015 7014 7063
f 7012 7064 7011
f 7011 7009 7065
f 7065 7010 7013
f 7066 7067 7068
f 7068 7069 7050
f 7050 7049 7016
f 7044 7041 7045
f 7040 7071 7070
f 7071 7028 7072
f 7028 7073 7074
f 7053 7052 7031
f 7075 7081 7076
f 7077 7078 7079
f 7079 7080 7077
f 7079 7082 7080
f 7080 7082 7075
f 7081 7075 7082
f 7091 7083 7084
f 7084 7083 7100
f 7099 7095 7086
f 7085 7086 7087
f 7088 7090 7098
f 7088 7089 7090
f 7088 7100 7089
f 7084 7102 7091
f 7092 7094 7105
f 7102 7094 7093
f 7094 7092 7093
f 7086 7095 7087
f 7106 7096 7107
f 7097 7107 7096
f 7098 7095 7099
f 7098 7099 7088
f 7100 7088 7101
f 7100 7101 7084
f 7102 7084 7103
f 7102 7103 7094
f 7104 7105 7106
f 7106 7107 7104
f 7094 7106 7105
f 7134 7108 7118
f 7111 7115 7109
f 7109 7115 7110
f 7111 7112 7115
f 7131 7133 7113
f 7112 7114 7115
f 7119 7133 7132
f 7115 7116 7110
f 7108 7117 7118
f 7121 7118 7117
f 7128 7130 7127
f 7114 7112 7119
f 7121 7120 7118
f 7120 7121 7116
f 7122 7124 7123
f 7124 7127 7126
f 7134 7122 7123
f 7126 7123 7124
f 7127 7130 7125
f 7126 7127 7125
f 7128 7129 7130
f 7131 7132 7133
f 7119 7132 7114
f 7116 7115 7120
f 7134 7118 7122
f 7114 7135 7115
f 7120 7115 7135
f 7145 7138 7137
f 7136 7137 7138
f 7139 7141 7140
f 7159 7153 7141
f 7137 7136 7142
f 7143 7144 7145
f 7144 7143 7146
f 7148 7146 7147
f 7147 7149 7148
f 7149 7147 7150
f 7145 7151 7143
f 7146 7154 7147
f 7152 7156 7155
f 7142 7153 7159
f 7142 7159 7137
f 7145 7137 7151
f 7146 7143 7154
f 7150 7147 7158
f 7157 7150 7158
f 7158 7155 7156
f 7156 7157 7158
f 7139 7159 7141
f 7168 7169 7161
f 7160 7168 7161
f 7162 7163 7166
f 7163 7167 7166
f 7167 7164 7165
f 7166 7167 7165
f 7168 7162 7169
f 7162 7166 7169
f 7170 7191 7171
f 7187 7172 7188
f 7189 7185 7187
f 7173 7175 7183
f 7176 7181 7173
f 7174 7175 7173
f 7178 7176 7177
f 7176 7178 7181
f 7180 7178 7177
f 7179 7178 7180
f 7173 7181 7174
f 7182 7183 7175
f 7182 7184 7183
f 7184 7182 7185
f 7189 7184 7185
f 7172 7186 7190
f 7187 7188 7189
f 7172 7190 7188
f 7190 7186 7191
f 7171 7191 7186
f 7192 7208 7193
f 7196 7201 7206
f 7201 7202 7206
f 7195 7194 7198
f 7194 7195 7196
f 7197 7200 7198
f 7198 7194 7197
f 7199 7200 7197
f 7195 7201 7196
f 7202 7203 7204
f 7211 7205 7213
f 7206 7202 7204
f 7193 7204 7203
f 7207 7208 7192
f 7192 7193 7203
f 7210 7207 7209
f 7207 7210 7208
f 7209 7211 7210
f 7209 7205 7211
f 7212 7213 7205
f 7265 7264 7214
f 7227 7278 7215
f 7226 7263 7228
f 7288 7290 7289
f 7222 7216 7218
f 7216 7219 7217
f 7218 7216 7217
f 7219 7261 7217
f 7260 7256 7258
f 7256 7255 7259
f 7261 7260 7258
f 7255 7257 7300
f 7220 7222 7218
f 7300 7221 7297
f 7224 7222 7220
f 7262 7223 7224
f 7293 7294 7296
f 7225 7226 7229
f 7289 7290 7291
f 7227 7215 7288
f 7228 7229 7226
f 7230 7286 7278
f 7264 7231 7263
f 7287 7232 7286
f 7234 7233 7232
f 7232 7287 7234
f 7237 7265 7214
f 7238 7233 7234
f 7237 7236 7235
f 7266 7236 7237
f 7285 7284 7238
f 7266 7267 7236
f 7239 7242 7284
f 7240 7267 7241
f 7282 7242 7283
f 7267 7271 7243
f 7282 7244 7245
f 7281 7280 7253
f 7272 7254 7243
f 7276 7247 7248
f 7279 7252 7246
f 7274 7248 7249
f 7247 7246 7248
f 7275 7274 7249
f 7275 7250 7251
f 7250 7268 7251
f 7270 7268 7250
f 7280 7252 7253
f 7272 7273 7254
f 7225 7229 7262
f 7255 7256 7257
f 7257 7221 7300
f 7258 7256 7259
f 7260 7261 7219
f 7224 7223 7222
f 7262 7229 7223
f 7263 7231 7228
f 7264 7265 7231
f 7237 7235 7265
f 7266 7241 7267
f 7271 7267 7240
f 7268 7270 7269
f 7270 7273 7269
f 7243 7271 7272
f 7272 7269 7273
f 7251 7274 7275
f 7274 7277 7248
f 7276 7248 7277
f 7278 7227 7230
f 7245 7244 7281
f 7246 7247 7279
f 7280 7281 7244
f 7279 7253 7252
f 7282 7283 7244
f 7242 7239 7283
f 7284 7285 7239
f 7238 7234 7285
f 7286 7230 7287
f 7288 7289 7227
f 7290 7294 7291
f 7291 7294 7292
f 7292 7294 7293
f 7293 7297 7292
f 7294 7295 7296
f 7297 7293 7298
f 7297 7298 7300
f 7299 7300 7298
f 7303 7302 7323
f 7301 7302 7315
f 7303 7322 7321
f 7319 7304 7318
f 7314 7305 7306
f 7305 7307 7306
f 7313 7314 7308
f 7313 7308 7310
f 7308 7309 7310
f 7309 7312 7310
f 7311 7312 7309
f 7313 7305 7314
f 7301 7315 7316
f 7317 7307 7304
f 7306 7307 7317
f 7320 7319 7318
f 7319 7317 7304
f 7321 7320 7318
f 7321 7322 7320
f 7303 7323 7322
f 7323 7302 7301
f 7324 7316 7315
f 7325 7345 7344
f 7327 7341 7342
f 7341 7343 7342
f 7326 7340 7327
f 7328 7336 7338
f 7336 7339 7338
f 7329 7332 7330
f 7332 7334 7330
f 7331 7334 7332
f 7333 7334 7331
f 7329 7330 7335
f 7329 7335 7328
f 7335 7336 7328
f 7339 7337 7338
f 7337 7339 7340
f 7326 7337 7340
f 7341 7346 7343
f 7327 7342 7326
f 7343 7346 7345
f 7344 7345 7346
f 7347 7356 7359
f 7351 7348 7363
f 7363 7349 7365
f 7371 7370 7352
f 7350 7374 7373
f 7360 7348 7351
f 7352 7354 7371
f 7353 7354 7352
f 7359 7358 7357
f 7374 7355 7369
f 7356 7361 7359
f 7369 7357 7358
f 7356 7360 7362
f 7358 7359 7361
f 7360 7351 7362
f 7361 7356 7362
f 7363 7365 7364
f 7365 7367 7364
f 7351 7363 7364
f 7353 7366 7367
f 7352 7368 7353
f 7366 7364 7367
f 7353 7368 7366
f 7355 7357 7369
f 7370 7371 7372
f 7373 7374 7369
f 7375 7402 7401
f 7375 7383 7402
f 7387 7376 7377
f 7392 7384 7378
f 7392 7379 7393
f 7385 7400 7395
f 7380 7381 7400
f 7382 7383 7375
f 7391 7378 7384
f 7396 7385 7395
f 7376 7386 7388
f 7387 7390 7376
f 7402 7388 7386
f 7387 7391 7389
f 7386 7376 7390
f 7391 7384 7389
f 7390 7387 7389
f 7392 7393 7394
f 7393 7396 7398
f 7384 7392 7394
f 7395 7397 7396
f 7394 7393 7398
f 7397 7398 7396
f 7380 7399 7403
f 7400 7381 7395
f 7386 7401 7402
f 7380 7403 7381
f 7420 7422 7404
f 7419 7421 7418
f 7405 7416 7415
f 7407 7417 7408
f 7406 7417 7407
f 7409 7408 7410
f 7408 7409 7407
f 7411 7409 7410
f 7412 7411 7410
f 7414 7411 7412
f 7413 7414 7412
f 7417 7415 7416
f 7406 7415 7417
f 7418 7416 7405
f 7419 7418 7405
f 7420 7421 7419
f 7404 7421 7420
f 7404 7422 7424
f 7423 7424 7422
f 7436 7425 7449
f 7426 7449 7425
f 7447 7448 7427
f 7428 7429 7448
f 7449 7426 7435
f 7430 7431 7436
f 7431 7430 7438
f 7433 7438 7440
f 7440 7432 7433
f 7432 7440 7442
f 7436 7434 7430
f 7438 7439 7440
f 7429 7428 7435
f 7436 7449 7437
f 7436 7437 7434
f 7438 7430 7439
f 7442 7440 7441
f 7446 7442 7441
f 7443 7444 7445
f 7445 7446 7441
f 7447 7428 7448
f 7428 7449 7435
f 7441 7443 7445
f 7457 7450 7451
f 7451 7450 7463
f 7470 7469 7475
f 7452 7475 7453
f 7454 7455 7468
f 7454 7456 7455
f 7454 7464 7456
f 7451 7471 7457
f 7461 7459 7458
f 7471 7459 7460
f 7459 7461 7460
f 7462 7463 7464
f 7473 7465 7466
f 7467 7466 7465
f 7468 7469 7470
f 7468 7470 7454
f 7471 7451 7472
f 7471 7472 7459
f 7474 7458 7473
f 7473 7458 7459
f 7473 7466 7474
f 7452 7470 7475
f 7454 7462 7464
f 7462 7451 7463
f 7482 7483 7476
f 7482 7481 7477
f 7481 7479 7478
f 7478 7479 7480
f 7479 7481 7482
f 7482 7477 7483
f 7483 7484 7485
f 7483 7485 7476
f 7485 7484 7487
f 7486 7487 7484
f 7489 7496 7488
f 7489 7493 7494
f 7493 7490 7491
f 7491 7490 7492
f 7490 7493 7489
f 7489 7494 7496
f 7495 7488 7496
f 7495 7498 7488
f 7495 7497 7498
f 7498 7497 7499
f 7500 7499 7497
f 7512 7515 7547
f 7573 7572 7501
f 7501 7571 7570
f 7504 7570 7502
f 7573 7503 7574
f 7569 7504 7505
f 7506 7503 7536
f 7507 7569 7508
f 7576 7575 7537
f 7507 7509 7534
f 7535 7510 7511
f 7546 7545 7512
f 7561 7513 7563
f 7558 7514 7559
f 7548 7515 7516
f 7517 7518 7519
f 7556 7557 7520
f 7554 7521 7518
f 7556 7555 7519
f 7552 7521 7553
f 7522 7557 7558
f 7550 7552 7551
f 7550 7549 7516
f 7523 7560 7514
f 7545 7544 7524
f 7525 7564 7513
f 7565 7525 7526
f 7566 7526 7567
f 7527 7543 7524
f 7528 7567 7530
f 7542 7543 7529
f 7530 7511 7531
f 7541 7540 7542
f 7538 7532 7539
f 7532 7538 7533
f 7533 7576 7532
f 7534 7568 7535
f 7536 7537 7575
f 7538 7539 7540
f 7538 7540 7541
f 7541 7542 7529
f 7529 7543 7527
f 7527 7524 7544
f 7544 7545 7546
f 7546 7512 7547
f 7547 7515 7548
f 7548 7516 7549
f 7549 7550 7551
f 7551 7552 7553
f 7553 7521 7554
f 7554 7518 7517
f 7517 7519 7555
f 7555 7556 7520
f 7520 7557 7522
f 7522 7558 7559
f 7559 7514 7560
f 7523 7514 7562
f 7563 7562 7561
f 7523 7562 7563
f 7563 7513 7564
f 7564 7525 7565
f 7565 7526 7566
f 7566 7567 7528
f 7528 7530 7531
f 7531 7511 7510
f 7510 7535 7568
f 7568 7534 7509
f 7509 7507 7508
f 7508 7569 7505
f 7505 7504 7502
f 7502 7570 7571
f 7571 7501 7572
f 7572 7573 7574
f 7574 7503 7506
f 7506 7536 7575
f 7576 7537 7532
f 7590 7596 7593
f 7591 7577 7588
f 7579 7587 7586
f 7579 7586 7578
f 7579 7578 7580
f 7580 7578 7581
f 7582 7580 7581
f 7585 7582 7581
f 7584 7582 7585
f 7583 7584 7585
f 7586 7587 7577
f 7577 7587 7588
f 7589 7591 7588
f 7590 7592 7589
f 7591 7589 7592
f 7590 7593 7592
f 7593 7596 7594
f 7595 7594 7596
f 7662 7597 7598
f 7604 7599 7605
f 7600 7601 7606
f 7600 7602 7603
f 7606 7602 7600
f 7601 7654 7606
f 7656 7604 7605
f 7606 7655 7609
f 7657 7607 7658
f 7655 7608 7609
f 7609 7635 7652
f 7653 7609 7608
f 7649 7610 7648
f 7661 7660 7611
f 7665 7667 7612
f 7610 7613 7647
f 7618 7614 7668
f 7615 7644 7646
f 7615 7616 7617
f 7643 7627 7642
f 7618 7626 7619
f 7621 7625 7620
f 7626 7625 7621
f 7638 7622 7623
f 7638 7640 7622
f 7623 7625 7638
f 7641 7640 7624
f 7623 7620 7625
f 7640 7639 7624
f 7625 7626 7618
f 7641 7624 7642
f 7645 7627 7644
f 7618 7619 7614
f 7628 7630 7629
f 7630 7616 7629
f 7613 7631 7628
f 7630 7628 7631
f 7632 7664 7665
f 7632 7633 7663
f 7598 7634 7661
f 7648 7651 7650
f 7652 7635 7650
f 7636 7611 7660
f 7659 7657 7636
f 7666 7637 7667
f 7638 7639 7640
f 7627 7641 7642
f 7627 7643 7644
f 7615 7645 7644
f 7615 7646 7616
f 7630 7617 7616
f 7610 7631 7613
f 7610 7647 7648
f 7650 7649 7648
f 7650 7651 7652
f 7653 7635 7609
f 7606 7654 7655
f 7602 7656 7605
f 7602 7605 7603
f 7657 7599 7607
f 7599 7604 7607
f 7657 7658 7636
f 7660 7659 7636
f 7660 7661 7634
f 7598 7661 7662
f 7633 7598 7597
f 7663 7633 7597
f 7664 7632 7663
f 7665 7612 7632
f 7665 7666 7667
f 7667 7637 7668
f 7668 7637 7618
f 7669 7674 7670
f 7669 7672 7674
f 7669 7671 7672
f 7672 7671 7673
f 7670 7674 7675
f 7676 7670 7675
f 7679 7676 7675
f 7677 7679 7678
f 7679 7677 7676
f 7680 7681 7682
f 7681 7680 7683
f 7683 7680 7686
f 7684 7686 7685
f 7680 7685 7686
f 7685 7687 7684
f 7688 7689 7693
f 7688 7690 7689
f 7688 7691 7690
f 7690 7691 7692
f 7693 7689 7696
f 7695 7693 7696
f 7694 7695 7696
f 7697 7694 7698
f 7694 7697 7695
f 7703 7699 7700
f 7699 7703 7701
f 7701 7703 7705
f 7702 7705 7704
f 7703 7704 7705
f 7704 7706 7702
f 7707 7734 7708
f 7712 7709 7710
f 7710 7711 7712
f 7712 7713 7709
f 7714 7715 7728
f 7731 7727 7716
f 7731 7717 7718
f 7730 7717 7731
f 7717 7721 7718
f 7719 7720 7721
f 7718 7721 7720
f 7722 7723 7720
f 7720 7719 7722
f 7723 7722 7725
f 7722 7724 7725
f 7726 7725 7724
f 7727 7714 7716
f 7733 7728 7729
f 7716 7730 7731
f 7714 7727 7715
f 7715 7729 7728
f 7708 7711 7710
f 7735 7732 7733
f 7735 7733 7729
f 7736 7735 7734
f 7735 7736 7732
f 7708 7710 7707
f 7736 7734 7707
f 7737 7765 7760
f 7740 7738 7761
f 7761 7739 7740
f 7740 7741 7738
f 7737 7762 7765
f 7757 7759 7753
f 7756 7758 7742
f 7756 7743 7744
f 7755 7743 7756
f 7743 7745 7744
f 7746 7747 7745
f 7744 7745 7747
f 7749 7748 7747
f 7747 7746 7749
f 7748 7749 7750
f 7749 7752 7750
f 7751 7750 7752
f 7758 7757 7742
f 7764 7753 7754
f 7742 7755 7756
f 7757 7758 7759
f 7759 7754 7753
f 7760 7739 7761
f 7763 7762 7764
f 7763 7764 7754
f 7762 7763 7765
f 7760 7761 7737
f 7775 7774 7790
f 7829 7846 7844
f 7766 7844 7767
f 7768 7853 7861
f 7787 7785 7803
f 7769 7787 7770
f 7797 7771 7772
f 7773 7774 7775
f 7771 7794 7776
f 7801 7784 7793
f 7787 7769 7785
f 7800 7777 7798
f 7803 7777 7800
f 7780 7778 7777
f 7778 7779 7837
f 7780 7833 7779
f 7781 7824 7822
f 7782 7822 7824
f 7826 7847 7782
f 7783 7859 7858
f 7784 7801 7769
f 7785 7769 7801
f 7787 7786 7770
f 7794 7795 7776
f 7797 7786 7787
f 7773 7795 7774
f 7788 7792 7791
f 7806 7789 7790
f 7774 7806 7790
f 7791 7792 7793
f 7793 7792 7801
f 7800 7797 7787
f 7771 7800 7794
f 7799 7795 7794
f 7795 7799 7774
f 7806 7796 7789
f 7800 7771 7797
f 7794 7800 7798
f 7796 7806 7805
f 7794 7798 7799
f 7803 7800 7787
f 7774 7799 7806
f 7801 7812 7785
f 7806 7799 7798
f 7792 7812 7801
f 7816 7817 7802
f 7803 7785 7813
f 7785 7812 7813
f 7798 7777 7804
f 7806 7798 7807
f 7792 7802 7812
f 7808 7807 7798
f 7807 7805 7806
f 7820 7805 7807
f 7802 7817 7812
f 7780 7803 7813
f 7798 7804 7808
f 7777 7803 7780
f 7807 7808 7809
f 7809 7810 7807
f 7820 7807 7810
f 7817 7811 7812
f 7780 7813 7781
f 7777 7814 7804
f 7804 7815 7808
f 7814 7777 7778
f 7814 7815 7804
f 7823 7816 7802
f 7816 7818 7817
f 7811 7813 7812
f 7811 7817 7818
f 7824 7781 7813
f 7824 7813 7811
f 7828 7810 7809
f 7809 7808 7825
f 7820 7810 7819
f 7815 7825 7808
f 7810 7828 7819
f 7830 7820 7819
f 7838 7832 7814
f 7818 7821 7811
f 7832 7815 7814
f 7781 7822 7833
f 7833 7780 7781
f 7815 7836 7825
f 7779 7778 7780
f 7838 7814 7837
f 7809 7825 7839
f 7832 7835 7815
f 7835 7836 7815
f 7828 7809 7839
f 7840 7816 7823
f 7821 7824 7811
f 7837 7814 7778
f 7839 7825 7829
f 7818 7841 7826
f 7826 7821 7818
f 7836 7829 7825
f 7840 7841 7816
f 7782 7824 7821
f 7826 7782 7821
f 7839 7827 7828
f 7827 7819 7828
f 7816 7841 7818
f 7779 7834 7837
f 7836 7846 7829
f 7845 7830 7819
f 7819 7827 7845
f 7837 7849 7838
f 7838 7831 7832
f 7842 7843 7783
f 7833 7822 7834
f 7779 7833 7834
f 7822 7782 7834
f 7835 7832 7831
f 7836 7835 7846
f 7849 7837 7834
f 7838 7849 7831
f 7839 7829 7844
f 7831 7846 7835
f 7827 7839 7844
f 7840 7843 7841
f 7842 7841 7843
f 7842 7826 7841
f 7847 7834 7782
f 7766 7827 7844
f 7766 7845 7827
f 7767 7845 7766
f 7767 7830 7845
f 7844 7846 7831
f 7826 7842 7847
f 7849 7834 7847
f 7842 7783 7854
f 7842 7854 7847
f 7848 7851 7849
f 7855 7844 7831
f 7849 7851 7831
f 7844 7869 7767
f 7854 7850 7847
f 7847 7850 7849
f 7850 7854 7857
f 7848 7849 7850
f 7855 7831 7851
f 7869 7844 7855
f 7767 7869 7852
f 7767 7852 7853
f 7857 7854 7858
f 7783 7858 7854
f 7869 7870 7852
f 7848 7850 7863
f 7863 7850 7857
f 7856 7851 7848
f 7855 7851 7866
f 7866 7851 7856
f 7857 7858 7873
f 7858 7859 7873
f 7848 7863 7860
f 7853 7852 7861
f 7870 7861 7852
f 7857 7872 7862
f 7863 7857 7862
f 7856 7864 7866
f 7865 7855 7866
f 7867 7855 7865
f 7874 7869 7855
f 7874 7868 7869
f 7870 7869 7868
f 7871 7859 7783
f 7872 7857 7873
f 7860 7856 7848
f 7867 7874 7855
f 7926 7876 7915
f 7875 7876 7929
f 7925 7931 7877
f 7933 7957 7877
f 7969 7970 7955
f 7925 7924 7931
f 7915 7875 7911
f 7879 7911 7903
f 7878 7887 7879
f 7885 7902 7886
f 7879 7885 7878
f 7883 7884 7887
f 7883 7880 7897
f 7882 7881 7901
f 7882 7894 7881
f 7882 7901 7897
f 7896 7883 7897
f 7883 7896 7884
f 7879 7902 7885
f 7886 7902 7890
f 7884 7879 7887
f 7888 7892 7889
f 7890 7891 7892
f 7893 7888 7889
f 7898 7899 7893
f 7895 7881 7894
f 7907 7881 7895
f 7896 7897 7901
f 7889 7892 7891
f 7891 7890 7902
f 7898 7900 7899
f 7902 7879 7903
f 7893 7889 7898
f 7900 7898 7909
f 7901 7881 7907
f 7901 7905 7896
f 7896 7911 7884
f 7902 7903 7891
f 7879 7884 7911
f 7905 7901 7907
f 7891 7903 7889
f 7904 7910 7906
f 7911 7896 7918
f 7896 7905 7918
f 7903 7911 7917
f 7889 7903 7913
f 7898 7889 7913
f 7906 7910 7907
f 7913 7909 7898
f 7908 7909 7913
f 7907 7910 7905
f 7910 7928 7905
f 7918 7905 7928
f 7915 7911 7918
f 7913 7903 7912
f 7906 7949 7904
f 7912 7914 7913
f 7908 7913 7914
f 7915 7918 7924
f 7911 7916 7917
f 7917 7923 7903
f 7916 7911 7875
f 7916 7923 7917
f 7904 7938 7910
f 7928 7910 7938
f 7931 7924 7918
f 7931 7918 7928
f 7920 7914 7912
f 7912 7903 7919
f 7908 7914 7937
f 7923 7919 7903
f 7914 7920 7937
f 7921 7908 7937
f 7922 7943 7916
f 7938 7932 7928
f 7943 7923 7916
f 7926 7924 7925
f 7926 7915 7924
f 7923 7930 7919
f 7915 7876 7875
f 7922 7916 7929
f 7912 7919 7935
f 7943 7927 7923
f 7927 7930 7923
f 7920 7912 7935
f 7932 7931 7928
f 7929 7916 7875
f 7935 7919 7936
f 7938 7945 7933
f 7933 7932 7938
f 7930 7936 7919
f 7920 7935 7934
f 7949 7945 7904
f 7877 7931 7932
f 7933 7877 7932
f 7934 7935 7936
f 7934 7947 7920
f 7947 7937 7920
f 7904 7945 7938
f 7943 7939 7927
f 7944 7940 7936
f 7941 7921 7937
f 7937 7947 7941
f 7925 7951 7926
f 7926 7951 7876
f 7951 7929 7876
f 7927 7944 7930
f 7922 7929 7942
f 7925 7877 7951
f 7943 7922 7939
f 7929 7951 7942
f 7936 7930 7944
f 7942 7939 7922
f 7927 7939 7944
f 7950 7945 7949
f 7950 7933 7945
f 7951 7877 7957
f 7946 7947 7934
f 7946 7941 7947
f 7940 7934 7936
f 7948 7941 7946
f 7948 7921 7941
f 7946 7934 7940
f 7949 7954 7950
f 7950 7957 7933
f 7942 7951 7957
f 7939 7942 7952
f 7953 7939 7952
f 7946 7940 7948
f 7950 7954 7970
f 7950 7970 7957
f 7953 7968 7944
f 7939 7953 7944
f 7968 7940 7944
f 7970 7954 7955
f 7956 7965 7958
f 7976 7958 7957
f 7957 7970 7976
f 7957 7958 7942
f 7959 7940 7968
f 7940 7959 7960
f 7948 7940 7960
f 7952 7942 7965
f 7942 7958 7965
f 7979 7959 7961
f 7959 7962 7960
f 7958 7976 7963
f 7956 7964 7965
f 7967 7966 7961
f 7967 7968 7953
f 7968 7961 7959
f 7967 7961 7968
f 7973 7960 7962
f 7969 7974 7970
f 7976 7970 7974
f 7963 7976 7975
f 7952 7965 7978
f 7967 7953 7971
f 7956 7958 7963
f 7971 7953 7952
f 7962 7959 7979
f 7962 7972 7973
f 7974 7975 7976
f 7964 7978 7965
f 7977 7952 7978
f 7977 7971 7952
f 7979 7972 7962
f 7980 8012 8011
f 8015 7981 7982
f 7991 7996 7983
f 7996 7999 7983
f 7987 7986 7985
f 7984 7985 7986
f 7985 7984 8008
f 7987 8009 7988
f 7982 8013 8014
f 7981 7990 7989
f 8015 7990 7981
f 7989 7994 7991
f 7990 7992 7989
f 7991 7993 7996
f 7992 7994 7989
f 7994 7993 7991
f 7999 7998 7995
f 7996 7997 7999
f 7995 8001 8002
f 7997 7998 7999
f 8002 8000 8004
f 7998 8001 7995
f 8004 8003 8007
f 8001 8000 8002
f 8000 8003 8004
f 8007 8005 7984
f 8006 8007 8003
f 8005 8007 8006
f 8008 7984 8005
f 8009 7987 8010
f 7982 8011 8013
f 8012 8013 8011
f 7982 8014 8015
f 8010 7987 7985
f 8017 8016 8018
f 8019 8016 8017
f 8019 8020 8016
f 8028 8017 8018
f 8023 8020 8019
f 8020 8023 8021
f 8022 8021 8023
f 8026 8021 8022
f 8022 8024 8026
f 8024 8025 8026
f 8027 8028 8018
f 8029 8028 8027
f 8027 8030 8029
f 8030 8031 8029
f 8031 8030 8032
f 8031 8032 8034
f 8035 8034 8032
f 8033 8034 8035
f 8037 8041 8040
f 8036 8037 8038
f 8036 8038 8039
f 8041 8037 8036
f 8040 8041 8042
f 8041 8043 8042
f 8045 8044 8052
f 8051 8045 8052
f 8048 8046 8047
f 8047 8050 8048
f 8053 8048 8050
f 8049 8053 8050
f 8051 8052 8053
f 8053 8049 8051
f 8058 8060 8054
f 8054 8060 8059
f 8058 8055 8057
f 8055 8056 8057
f 8054 8055 8058
f 8059 8060 8062
f 8060 8061 8062
f 8063 8064 8065
f 8066 8069 8067
f 8066 8067 8068
f 8070 8067 8069
f 8065 8070 8069
f 8070 8065 8064
f 8078 8077 8071
f 8076 8071 8072
f 8073 8072 8074
f 8075 8073 8074
f 8072 8073 8076
f 8077 8072 8071
f 8077 8078 8079
f 8080 8081 8088
f 8087 8082 8081
f 8086 8083 8084
f 8084 8085 8086
f 8087 8085 8082
f 8087 8086 8085
f 8088 8081 8082
f 8081 8080 8089
f 8090 8096 8094
f 8094 8096 8092
f 8093 8092 8091
f 8092 8093 8094
f 8090 8095 8096
f 8090 8097 8095
f 8098 8102 8099
f 8098 8099 8100
f 8099 8101 8100
f 8098 8104 8102
f 8102 8104 8103
f 8104 8105 8103
f 8108 8107 8106
f 8107 8108 8123
f 8112 8118 8109
f 8112 8109 8110
f 8112 8108 8118
f 8111 8112 8110
f 8114 8111 8110
f 8111 8114 8113
f 8115 8113 8114
f 8117 8113 8115
f 8116 8117 8115
f 8120 8117 8116
f 8106 8118 8108
f 8116 8121 8120
f 8119 8120 8121
f 8124 8123 8122
f 8123 8124 8107
f 8127 8125 8124
f 8124 8122 8127
f 8126 8125 8128
f 8127 8128 8125
f 8128 8129 8126
f 8131 8129 8128
f 8130 8129 8131
f 8131 8133 8130
f 8134 8133 8131
f 8132 8133 8134
f 8132 8134 8135
f 8132 8135 8137
f 8135 8136 8137
f 8136 8139 8137
f 8138 8139 8136
f 8140 8139 8138
f 8140 8138 8141
f 8142 8144 8143
f 8154 8143 8144
f 8145 8151 8152
f 8150 8149 8146
f 8147 8149 8150
f 8147 8148 8149
f 8145 8150 8146
f 8146 8151 8145
f 8151 8153 8152
f 8152 8153 8154
f 8154 8153 8155
f 8154 8155 8143
f 8156 8158 8157
f 8160 8157 8158
f 8159 8160 8169
f 8168 8161 8162
f 8163 8164 8165
f 8163 8166 8164
f 8163 8167 8166
f 8168 8163 8165
f 8168 8165 8161
f 8161 8170 8162
f 8169 8162 8170
f 8169 8170 8159
f 8160 8159 8157
f 8171 8182 8172
f 8173 8174 8175
f 8176 8179 8180
f 8177 8179 8176
f 8177 8178 8179
f 8180 8175 8176
f 8175 8180 8181
f 8181 8173 8175
f 8174 8173 8185
f 8174 8185 8184
f 8182 8183 8172
f 8183 8184 8185
f 8183 8185 8172
f 8186 8187 8201
f 8199 8201 8187
f 8196 8195 8193
f 8189 8191 8188
f 8188 8194 8189
f 8190 8192 8191
f 8188 8191 8192
f 8193 8189 8194
f 8193 8194 8196
f 8195 8196 8197
f 8197 8198 8195
f 8195 8198 8199
f 8199 8198 8200
f 8199 8200 8201
f 8202 8203 8214
f 8213 8215 8210
f 8211 8210 8209
f 8204 8205 8208
f 8206 8205 8204
f 8207 8205 8206
f 8209 8208 8211
f 8208 8209 8204
f 8210 8211 8212
f 8212 8213 8210
f 8215 8213 8216
f 8203 8215 8214
f 8215 8216 8214
f 8219 8230 8217
f 8218 8219 8220
f 8227 8222 8226
f 8224 8222 8227
f 8224 8221 8222
f 8225 8224 8223
f 8224 8225 8221
f 8226 8229 8227
f 8226 8228 8229
f 8228 8220 8229
f 8220 8228 8218
f 8219 8218 8231
f 8230 8219 8231
f 8232 8234 8233
f 8243 8233 8234
f 8240 8235 8236
f 8238 8236 8237
f 8238 8239 8236
f 8236 8235 8237
f 8235 8240 8241
f 8240 8244 8241
f 8244 8242 8241
f 8242 8245 8243
f 8242 8244 8245
f 8243 8245 8233
f 8246 8248 8261
f 8247 8261 8248
f 8257 8249 8255
f 8250 8254 8253
f 8251 8252 8253
f 8250 8253 8252
f 8254 8256 8253
f 8255 8254 8257
f 8254 8255 8256
f 8249 8257 8258
f 8258 8259 8249
f 8249 8259 8247
f 8247 8259 8260
f 8247 8260 8261
f 8262 8263 8265
f 8268 8263 8262
f 8268 8262 8264
f 8265 8263 8266
f 8268 8264 8267
f 8268 8267 8269
f 8271 8273 8270
f 8271 8272 8273
f 8274 8275 8276
f 8274 8277 8275
f 8278 8279 8280
f 8280 8281 8278
f 8284 8282 8283
f 8284 8285 8282
f 8288 8286 8287
f 8288 8289 8286
f 8290 8293 8291
f 8290 8292 8293
f 8294 8295 8296
f 8294 8296 8297
f 8298 8299 8300
f 8298 8301 8299
f 8388 8338 8363
f 8302 8303 8331
f 8368 8304 8351
f 8329 8324 8326
f 8348 8345 8349
f 8305 8332 8302
f 8330 8306 8307
f 8307 8331 8330
f 8308 8342 8309
f 8310 8346 8344
f 8478 8321 8479
f 8311 8350 8312
f 8403 8423 8426
f 8435 8313 8314
f 8389 8390 8315
f 8389 8392 8340
f 8469 8316 8354
f 8317 8471 8318
f 8378 8318 8471
f 8363 8338 8391
f 8349 8345 8346
f 8319 8446 8447
f 8320 8441 8443
f 8327 8306 8413
f 8482 8479 8321
f 8404 8409 8406
f 8408 8409 8322
f 8323 8410 8481
f 8324 8325 8326
f 8306 8327 8328
f 8306 8328 8307
f 8484 8330 8329
f 8330 8331 8303
f 8332 8303 8302
f 8334 8333 8332
f 8332 8305 8334
f 8333 8334 8335
f 8343 8335 8336
f 8335 8310 8333
f 8309 8363 8308
f 8388 8363 8309
f 8347 8350 8348
f 8370 8351 8337
f 8387 8338 8388
f 8469 8318 8316
f 8339 8364 8340
f 8308 8341 8342
f 8341 8336 8342
f 8336 8341 8343
f 8335 8343 8310
f 8344 8333 8310
f 8345 8344 8346
f 8347 8348 8349
f 8311 8348 8350
f 8311 8312 8304
f 8304 8312 8351
f 8337 8351 8352
f 8367 8366 8365
f 8377 8378 8353
f 8449 8461 8450
f 8465 8354 8468
f 8447 8395 8319
f 8454 8461 8456
f 8319 8355 8356
f 8357 8358 8477
f 8416 8359 8415
f 8386 8360 8361
f 8362 8363 8391
f 8340 8364 8389
f 8366 8364 8339
f 8339 8365 8366
f 8337 8352 8367
f 8367 8365 8337
f 8368 8351 8370
f 8369 8368 8370
f 8369 8370 8371
f 8372 8369 8371
f 8373 8372 8371
f 8373 8376 8372
f 8373 8375 8376
f 8377 8376 8374
f 8375 8374 8376
f 8377 8374 8378
f 8444 8435 8445
f 8394 8393 8315
f 8445 8435 8314
f 8398 8441 8379
f 8379 8397 8398
f 8380 8438 8381
f 8434 8436 8429
f 8382 8430 8432
f 8433 8384 8382
f 8383 8384 8429
f 8361 8360 8357
f 8385 8386 8359
f 8385 8359 8387
f 8385 8387 8388
f 8389 8362 8390
f 8390 8362 8391
f 8392 8389 8315
f 8392 8315 8393
f 8394 8451 8393
f 8394 8452 8451
f 8464 8467 8395
f 8396 8425 8424
f 8397 8440 8398
f 8399 8400 8379
f 8420 8399 8401
f 8401 8402 8422
f 8424 8426 8423
f 8405 8407 8423
f 8423 8403 8405
f 8404 8407 8405
f 8406 8407 8404
f 8410 8323 8325
f 8408 8406 8409
f 8322 8410 8408
f 8323 8412 8483
f 8485 8411 8479
f 8477 8483 8412
f 8358 8413 8477
f 8477 8414 8357
f 8358 8357 8360
f 8386 8361 8415
f 8386 8415 8359
f 8415 8417 8416
f 8417 8383 8416
f 8417 8384 8383
f 8418 8419 8440
f 8437 8419 8418
f 8400 8397 8379
f 8399 8420 8400
f 8422 8420 8401
f 8421 8425 8422
f 8422 8402 8421
f 8423 8396 8424
f 8424 8425 8421
f 8426 8427 8403
f 8427 8428 8403
f 8431 8428 8427
f 8429 8384 8433
f 8428 8431 8430
f 8431 8432 8430
f 8432 8433 8382
f 8434 8429 8433
f 8436 8434 8435
f 8444 8436 8435
f 8438 8457 8381
f 8438 8380 8439
f 8437 8439 8419
f 8437 8438 8439
f 8440 8397 8418
f 8398 8443 8441
f 8442 8320 8443
f 8320 8442 8313
f 8313 8442 8314
f 8356 8444 8445
f 8355 8444 8356
f 8356 8446 8319
f 8446 8463 8447
f 8448 8449 8450
f 8451 8452 8465
f 8453 8476 8475
f 8454 8455 8461
f 8454 8460 8455
f 8458 8454 8456
f 8454 8458 8457
f 8381 8457 8458
f 8460 8476 8453
f 8459 8460 8453
f 8459 8455 8460
f 8461 8449 8456
f 8450 8462 8448
f 8462 8463 8448
f 8463 8462 8447
f 8395 8447 8464
f 8465 8467 8466
f 8464 8466 8467
f 8467 8465 8452
f 8465 8468 8451
f 8354 8316 8468
f 8318 8469 8317
f 8353 8378 8471
f 8470 8471 8472
f 8471 8470 8353
f 8470 8472 8473
f 8470 8473 8474
f 8474 8475 8476
f 8474 8473 8475
f 8414 8477 8412
f 8478 8479 8411
f 8325 8324 8480
f 8480 8408 8325
f 8323 8481 8412
f 8482 8321 8483
f 8482 8483 8477
f 8325 8408 8410
f 8484 8411 8485
f 8329 8326 8484
f 8485 8306 8484
f 8484 8306 8330
f 8486 8487 8488
f 8486 8488 8489
f 8490 8491 8492
f 8490 8492 8493
f 8496 8494 8495
f 8496 8495 8497
f 8500 8498 8499
f 8500 8499 8501
f 8504 8502 8503
f 8502 8504 8505
f 8508 8506 8507
f 8508 8507 8509
f 8510 8515 8511
f 8512 8511 8515
f 8515 8513 8512
f 8514 8513 8515
f 8513 8514 8516
f 8517 8510 8511
f 8518 8510 8517
f 8517 8520 8518
f 8520 8519 8521
f 8521 8518 8520
f 8521 8519 8524
f 8524 8519 8522
f 8522 8523 8524
f 8525 8524 8523
f 8526 8527 8533
f 8528 8527 8526
f 8526 8529 8528
f 8529 8530 8528
f 8531 8530 8529
f 8532 8533 8527
f 8532 8534 8533
f 8534 8536 8533
f 8535 8536 8534
f 8536 8535 8537
f 8539 8538 8537
f 8537 8535 8539
f 8538 8539 8540
f 8541 8549 8542
f 8545 8542 8549
f 8542 8545 8543
f 8545 8546 8544
f 8545 8544 8543
f 8546 8548 8544
f 8546 8547 8548
f 8541 8550 8549
f 8552 8550 8541
f 8551 8550 8552
f 8552 8553 8551
f 8551 8553 8554
f 8554 8555 8556
f 8555 8554 8553
f 8557 8571 8558
f 8565 8566 8559
f 8561 8565 8562
f 8562 8560 8561
f 8562 8563 8560
f 8562 8564 8563
f 8566 8565 8561
f 8566 8567 8559
f 8567 8568 8559
f 8567 8569 8568
f 8568 8569 8570
f 8571 8570 8569
f 8571 8557 8570
f 8577 8574 8578
f 8572 8578 8574
f 8574 8573 8572
f 8575 8573 8574
f 8573 8575 8576
f 8579 8577 8578
f 8582 8577 8579
f 8579 8583 8582
f 8583 8580 8581
f 8581 8582 8583
f 8581 8580 8587
f 8587 8580 8584
f 8584 8585 8587
f 8586 8587 8585
f 8602 8599 8600
f 8588 8596 8595
f 8596 8588 8590
f 8588 8589 8590
f 8590 8589 8591
f 8589 8594 8591
f 8592 8594 8589
f 8592 8593 8594
f 8595 8596 8597
f 8597 8596 8598
f 8597 8598 8599
f 8602 8597 8599
f 8600 8601 8602
f 8605 8604 8603
f 8611 8603 8604
f 8608 8604 8605
f 8608 8605 8606
f 8606 8607 8608
f 8606 8609 8607
f 8610 8607 8609
f 8611 8613 8603
f 8612 8603 8613
f 8612 8613 8614
f 8614 8613 8615
f 8615 8616 8614
f 8614 8616 8617
f 8620 8618 8619
f 8618 8624 8619
f 8619 8622 8620
f 8621 8622 8619
f 8623 8624 8618
f 8626 8624 8623
f 8623 8625 8626
f 8626 8625 8627
f 8630 8626 8627
f 8628 8630 8627
f 8628 8629 8630
f 8629 8628 8631
f 8632 8633 8667
f 8635 8663 8634
f 8635 8666 8665
f 8638 8662 8661
f 8664 8663 8662
f 8636 8637 8638
f 8639 8640 8642
f 8640 8660 8641
f 8642 8658 8639
f 8659 8656 8643
f 8659 8643 8644
f 8645 8657 8656
f 8647 8657 8646
f 8647 8646 8648
f 8647 8648 8650
f 8648 8649 8650
f 8649 8651 8650
f 8652 8651 8649
f 8653 8651 8652
f 8653 8652 8654
f 8645 8646 8657
f 8653 8654 8655
f 8656 8657 8643
f 8658 8659 8644
f 8644 8639 8658
f 8640 8641 8642
f 8640 8637 8660
f 8660 8637 8636
f 8638 8661 8636
f 8638 8664 8662
f 8634 8663 8664
f 8665 8666 8668
f 8666 8635 8634
f 8665 8668 8667
f 8632 8667 8668
f 8669 8670 8673
f 8669 8671 8672
f 8674 8671 8669
f 8673 8674 8669
f 8677 8676 8675
f 8679 8676 8677
f 8677 8678 8679
f 8678 8677 8680
f 8676 8681 8675
f 8681 8676 8682
f 8684 8685 8688
f 8683 8688 8685
f 8684 8687 8685
f 8684 8686 8687
f 8688 8683 8690
f 8689 8690 8683
f 8689 8691 8690
f 8692 8694 8696
f 8694 8692 8693
f 8694 8693 8695
f 8696 8697 8692
f 8697 8696 8698
f 8697 8698 8699
f 8697 8699 8700
f 8702 8706 8705
f 8702 8705 8701
f 8701 8703 8702
f 8703 8701 8704
f 8705 8706 8707
f 8706 8709 8707
f 8708 8709 8710
f 8709 8708 8707
f 8711 8713 8717
f 8712 8713 8711
f 8711 8714 8712
f 8714 8711 8715
f 8718 8716 8717
f 8717 8713 8718
f 8718 8719 8716
f 8726 8724 8720
f 8720 8724 8721
f 8721 8722 8720
f 8721 8723 8722
f 8724 8726 8725
f 8727 8725 8726
f 8727 8728 8725
f 8733 8735 8729
f 8731 8733 8729
f 8732 8730 8731
f 8731 8729 8732
f 8733 8736 8735
f 8736 8734 8735
f 8736 8737 8734
f 8738 8745 8741
f 8739 8741 8745
f 8739 8740 8741
f 8739 8742 8740
f 8743 8745 8744
f 8738 8744 8745
f 8746 8744 8747
f 8744 8746 8743
f 8765 8761 8749
f 8748 8749 8761
f 8750 8751 8760
f 8752 8750 8758
f 8751 8750 8752
f 8752 8758 8759
f 8759 8753 8754
f 8753 8756 8754
f 8755 8754 8756
f 8755 8756 8757
f 8758 8753 8759
f 8762 8760 8751
f 8748 8762 8751
f 8761 8762 8748
f 8766 8765 8749
f 8763 8766 8764
f 8765 8766 8763
f 8783 8782 8767
f 8783 8767 8768
f 8775 8774 8793
f 8769 8790 8778
f 8769 8777 8781
f 8770 8789 8791
f 8796 8771 8793
f 8792 8773 8780
f 8772 8786 8780
f 8772 8784 8787
f 8784 8783 8787
f 8774 8776 8792
f 8792 8776 8773
f 8774 8775 8776
f 8775 8793 8771
f 8771 8796 8779
f 8779 8807 8777
f 8778 8790 8789
f 8796 8797 8779
f 8786 8772 8787
f 8780 8786 8792
f 8807 8781 8777
f 8779 8797 8807
f 8790 8769 8781
f 8782 8783 8784
f 8785 8786 8787
f 8781 8788 8790
f 8789 8790 8791
f 8792 8801 8794
f 8793 8774 8795
f 8800 8786 8785
f 8786 8801 8792
f 8774 8792 8794
f 8795 8803 8793
f 8796 8793 8803
f 8798 8796 8804
f 8797 8796 8798
f 8788 8781 8806
f 8768 8799 8783
f 8783 8799 8787
f 8799 8785 8787
f 8800 8801 8786
f 8794 8802 8774
f 8802 8795 8774
f 8805 8796 8803
f 8804 8796 8805
f 8806 8781 8807
f 8788 8808 8790
f 8808 8791 8790
f 8809 8810 8811
f 8824 8869 8821
f 8812 8809 8875
f 8859 8814 8813
f 8813 8814 8858
f 8872 8815 8816
f 8817 8815 8872
f 8863 8865 8864
f 8861 8863 8862
f 8818 8819 8820
f 8821 8868 8822
f 8819 8866 8867
f 8867 8822 8868
f 8823 8870 8824
f 8820 8865 8825
f 8816 8823 8871
f 8826 8873 8817
f 8860 8859 8861
f 8812 8874 8826
f 8858 8827 8857
f 8827 8855 8856
f 8828 8810 8829
f 8830 8831 8855
f 8839 8876 8828
f 8854 8832 8830
f 8876 8839 8833
f 8834 8832 8853
f 8835 8852 8834
f 8835 8834 8853
f 8851 8835 8850
f 8836 8837 8843
f 8841 8850 8842
f 8848 8838 8849
f 8839 8828 8829
f 8840 8847 8838
f 8837 8836 8846
f 8849 8841 8842
f 8843 8837 8844
f 8843 8844 8845
f 8878 8845 8879
f 8879 8877 8878
f 8846 8847 8840
f 8846 8836 8847
f 8840 8838 8848
f 8848 8849 8842
f 8850 8841 8851
f 8835 8851 8852
f 8853 8832 8854
f 8854 8830 8855
f 8831 8856 8855
f 8856 8857 8827
f 8857 8813 8858
f 8814 8859 8860
f 8860 8861 8862
f 8862 8863 8864
f 8864 8865 8820
f 8825 8818 8820
f 8818 8866 8819
f 8866 8822 8867
f 8868 8821 8869
f 8869 8824 8870
f 8870 8823 8816
f 8871 8872 8816
f 8815 8817 8873
f 8873 8826 8874
f 8874 8812 8875
f 8875 8809 8811
f 8811 8810 8828
f 8876 8833 8877
f 8833 8878 8877
f 8845 8844 8879
