# Generated by BeeFoundrySim OpenUSD importer
v -0.0207999989238844 0.0146500022554285 0.0979999952465296
v -0.0207997921702841 0.0146364459247707 0.0977789737780621
v -0.020799788444994 0.0145708994455388 0.0974909566903645
v -0.0207999989238844 0.0144868028842759 0.0972845011066384
v -0.0207999989238844 0.0139092031742128 0.096623500512015
v -0.0207997847197039 0.0140865279140852 0.0967564263174736
v -0.0217913992011529 0.0130000032855485 0.0979999952465296
v -0.020799786582349 0.0134400084746086 0.0964084618596331
v -0.0207997903076391 0.0137168589959974 0.0965126433257912
v -0.0207999989238844 0.0142429034851052 0.096914795855102
v -0.020799788444994 0.0143785021819395 0.0970905773991962
v -0.020799786582349 0.0128520338316292 0.0963551455060732
v -0.0207997828570589 0.0122828206808937 0.0965121292357415
v -0.0207997828570589 0.0125604637577503 0.0964079328684225
v -0.0207997828570589 0.0120291097989337 0.0966637708992413
v -0.020799786582349 0.0118063774980861 0.0968585216211112
v -0.0207997903076391 0.011545978789082 0.0972168200340087
v -0.0207999989238844 0.0116650027389586 0.0970301978953883
v -0.0207996040431343 0.0113457695921523 0.0979993470460322
v -0.0207997809944138 0.0113897522296659 0.0976319440238488
v -0.0207999989238844 0.0114551031311677 0.0974201985280171
v -0.0207997772691237 0.0131481515533923 0.0963551827589754
v -0.0207999989238844 -0.053849999654243 0.239999989271164
v -0.0207997903076391 -0.0538635597101909 0.239778990154438
v -0.020799786582349 -0.0539290987388426 0.23949096561616
v -0.0207999989238844 -0.0540132008880406 0.239284495131273
v -0.0207997772691237 -0.0553518317298287 0.23835518423419
v -0.0207997809944138 -0.0550599179979384 0.238408485686589
v -0.0207999989238844 -0.0545907996667813 0.238623494536649
v -0.0207997754064787 -0.0544134721329412 0.238756412891528
v -0.020799786582349 -0.0547830954162254 0.238512644801006
v -0.0207999989238844 -0.0542571030811789 0.238914797330317
v -0.020799786582349 -0.0541214987964094 0.239090586324991
v -0.0207999989238844 -0.05586710267998 0.238391289746956
v -0.0207999989238844 -0.0565289004654612 0.23870989146732
v -0.0207999989238844 -0.0568350001020354 0.239030191920023
v -0.0207997847197039 -0.0566936849475494 0.238858575250389
v -0.0207997809944138 -0.0563469759236432 0.238581935199009
v -0.0207997847197039 -0.056079697535155 0.238453397785424
v -0.020799788444994 -0.0569540119447192 0.239216784256321
v -0.0217913992011529 -0.0554999976928005 0.239999989271164
v -0.0207996040431343 -0.0571542351114867 0.239999333620086
v -0.0207997828570589 -0.0571102506113281 0.239631930597903
v -0.0207999989238844 -0.0570449015724713 0.239420200003232
v -0.020799788444994 -0.0556479215119161 0.238355139530708
v -0.00500000008160929 0.0146500022554285 0.0979999952465296
v -0.0207999989238844 0.0146739800851287 0.0979986839443739
v -0.00500000008160929 0.0139310836655892 0.0966277771451821
v -0.0207999989238844 0.0136553134783282 0.0964812838327597
v -0.00500000008160929 0.012335093951515 0.0964802631032408
v -0.0207999989238844 0.0115324233897467 0.0972277574860805
v -0.00500000008160929 0.0118345174081457 0.096819860559258
v -0.0207999989238844 0.0113256185667028 0.0979987286478565
v -0.00500000008160929 0.0113343934875229 0.0979992278367453
v -0.00500000008160929 0.011488863572659 0.0973164566461043
v -0.0207999989238844 0.0119013239667524 0.0967575960586012
v -0.0207999989238844 0.0124121059423386 0.0964490749735591
v -0.00500000008160929 0.0128492473146377 0.0963523515384118
v -0.00500000008160929 0.0133761616589829 0.0963848286185079
v -0.0207999989238844 0.0130759302856317 0.0963382401390767
v -0.0207999989238844 0.0140999333704942 0.096759011668883
v -0.00500000008160929 0.0143612894790529 0.0970526464942251
v -0.00500000008160929 0.0146100280300578 0.0976034679054438
v -0.0207999989238844 0.0144679547790373 0.0972285323464453
v -0.00500000008160929 -0.053849999654243 0.239999989271164
v -0.00500000008160929 -0.0550507724107537 0.238407859837833
v -0.0207999989238844 -0.0544000908909178 0.238758990792357
v -0.0207999989238844 -0.0570317848260448 0.23936442495813
v -0.0207999989238844 -0.0567070699148629 0.238862673069626
v -0.00500000008160929 -0.0570110908395638 0.239316324010871
v -0.00500000008160929 -0.0571656121474386 0.23999922931196
v -0.0207999989238844 -0.057161689416968 0.239999423027051
v -0.00500000008160929 -0.0561651035358865 0.23848033908426
v -0.00500000008160929 -0.0566656707660306 0.238820115354207
v -0.0207999989238844 -0.0554992116565903 0.238330314196714
v -0.0207999989238844 -0.0562256581263903 0.238508487377126
v -0.00500000008160929 -0.0555747717155991 0.238343099392732
v -0.0207999989238844 -0.0548446521097649 0.238481292758555
v -0.00500000008160929 -0.0545689731921112 0.238627741367495
v -0.0207999989238844 -0.0540320434053441 0.239228556173401
v -0.00500000008160929 -0.0541387282631015 0.239052618167118
v -0.00500000008160929 -0.0538899794675488 0.239603469380659
v -0.0207999989238844 -0.0538260274124779 0.239998677969008
v -0.0207999989238844 -0.0653499925310626 0.112500001955777
v -0.0207997903076391 -0.0653635525870105 0.112278973036729
v -0.020799786582349 -0.0654291102421126 0.111990911245549
v -0.0207999989238844 -0.0655131974901502 0.111784500365306
v -0.020799786582349 -0.0656215289261299 0.111590531954381
v -0.020799788444994 -0.066283088293045 0.111012657485619
v -0.0207999989238844 -0.0660907962688909 0.111123499770682
v -0.0207997791317688 -0.0659135097132419 0.111256388323239
v -0.0207999989238844 -0.0657570996832886 0.111414795113769
v -0.0207997847197039 -0.06655998910585 0.1109084611183
v -0.0217913992011529 -0.0669999980202002 0.112500001955777
v -0.0207999989238844 -0.0673670955567996 0.110891294980989
v -0.020799786582349 -0.0681936256703076 0.111358520879778
v -0.0207999989238844 -0.0677821003240283 0.111046900353277
v -0.0207997791317688 -0.067970912927233 0.111163785059069
v -0.0207997809944138 -0.0683783553555676 0.111590122172457
v -0.0207997828570589 -0.0675797202142954 0.110953425371198
v -0.0207997921702841 -0.0685184337137419 0.111850505057338
v -0.0207996059057793 -0.0686542354388865 0.11249935375528
v -0.0207997772691237 -0.0686101652570557 0.112131540951173
v -0.0207997772691237 -0.0668518506836789 0.110855174567062
v -0.0207997847197039 -0.0671480112462781 0.110855152215321
v -0.00500000008160929 -0.0658345782666966 0.111320031181275
v -0.00500000008160929 -0.066335078441619 0.11098099251879
v -0.0207999989238844 -0.0665522181507106 0.110891764367556
v -0.00500000008160929 -0.0669231899890094 0.110843171681989
v -0.00500000008160929 -0.0679306425412997 0.111126889784778
v -0.0207999989238844 -0.0685831196509617 0.112005879461634
v -0.0207999989238844 -0.0686534307762258 0.112499845493588
v -0.00500000008160929 -0.0686107836552115 0.112104167518672
v -0.00500000008160929 -0.0686499960587577 0.112500001955777
v -0.0207999989238844 -0.0683050267453261 0.111476627480761
v -0.00500000008160929 -0.0683610923612647 0.111552176366325
v -0.0207999989238844 -0.067298870593989 0.110868712271704
v -0.0207999989238844 -0.06785777586703 0.111080390712312
v -0.00500000008160929 -0.0674504749997191 0.110907850170705
v -0.0207999989238844 -0.0659001880758601 0.111258891718263
v -0.00500000008160929 -0.0654893854358592 0.111815613989183
v -0.00500000008160929 -0.0653346890393499 0.112499212194252
v -0.0207999989238844 -0.0653260165640073 0.112498690653622
v -0.0207999989238844 -0.0655320474580339 0.111728524154532
v -0.00500000008160929 0.0110107151383101 0.0966388487077016
v 1.41921111225225e-11 0.0107543732702201 0.0971304976091422
v 1.09441144626402e-10 0.0111639921992931 0.096435120036413
v 7.44963938823541e-10 0.010582517256208 0.0979990788251367
v -0.00500000008160929 0.0106938335808767 0.0973136701290234
v -0.00499999961594803 0.0105919468967624 0.0979995929151864
v 1.44987750014882e-10 0.011733083346778 0.0959556379328153
v -0.00500000054727056 0.0116343342882466 0.0960090436933403
v -1.60861745712071e-10 0.0124165679085506 0.0956592165903922
v -2.04586531010323e-10 0.0133008791340862 0.0956063696233994
v -0.00499999961594803 0.0125891475601638 0.0956152283635311
v -2.75239416951353e-11 0.0139511704297846 0.0957940422938605
v -8.67143462551658e-12 0.014541912963305 0.0961417608825468
v -0.00500000008160929 0.0135839080490985 0.0956591569857487
v -0.00500000008160929 0.0143620336057495 0.0960109808442522
v -0.00500000008160929 0.015039667599427 0.0966972836100172
v -1.43202343220338e-11 0.0150443689155276 0.0967330836489852
v 5.39901878500987e-11 0.0153070540213279 0.0973153912131028
v -2.52403251209806e-10 0.0154080522237544 0.0979995929151864
v -0.00500000008160929 0.0154000028031803 0.0979999952465296
v -0.00500000008160929 0.015360839759728 0.097531197275269
v 3.23474868150111e-10 -0.0543254062750815 0.23789020841069
v -1.66919052815614e-10 -0.0560834153746704 0.237659210615027
v 1.13383789233422e-10 -0.0573360255428613 0.238435128962208
v -0.00500000008160929 -0.0574892988785542 0.238638857633497
v 1.10790632782407e-11 -0.0577456323647414 0.239130506534938
v -0.00500000008160929 -0.0578061944058254 0.239313746110043
v 7.43334797645927e-10 -0.0579174874474311 0.239999065399191
v -0.00499999961594803 -0.0579080587381992 0.239999586939821
v -0.00500000054727056 -0.0568657225694537 0.238009074970877
v 1.43619955323032e-10 -0.0567669614037296 0.237955669210352
v -0.00499999961594803 -0.0559108487615725 0.237615237289326
v -1.9880687679233e-10 -0.0551990948359096 0.237606371098614
v -0.00499999961594803 -0.0548048697368341 0.237681711367926
v -0.00500000008160929 -0.0539607897816858 0.23814485434864
v -5.45271437172698e-11 -0.0537030593117126 0.238399336373821
v -0.00500000008160929 -0.053452403167631 0.238732228307451
v -9.06216163829896e-11 -0.0532459028870524 0.23912657262847
v -0.00500000008160929 -0.0530999981751686 0.239999989271164
v -0.00500000008160929 -0.0531528302393042 0.239449912917988
v -2.53834328610613e-10 -0.0530919552738522 0.239999586939821
v 5.6272025638898e-11 -0.0646929631169038 0.111815353218868
v -0.00500000008160929 -0.0649083817419712 0.111297649637662
v -8.76621123746517e-12 -0.0654580929990563 0.110641760141214
v -0.00500000054727056 -0.0683656968198228 0.110509057853168
v -0.00500000008160929 -0.0689892731289232 0.111138818164047
v 1.40235329594481e-10 -0.0684570111306459 0.110570949824804
v 1.28587314343659e-10 -0.0690924264116701 0.111299318567679
v -1.7791565862e-10 -0.0693603343741843 0.112031122028132
v -0.00500000008160929 -0.0693061910079351 0.111813728992334
v -0.00499999961594803 -0.0694080478897286 0.112499599624434
v 1.9999598760331e-14 -0.069399993812542 0.112500001955777
v -1.51503773491643e-10 -0.0675834306032306 0.110159215849059
v -2.04452041376001e-10 -0.0666991063391796 0.110106368882067
v -0.00499999961594803 -0.0663048961412645 0.110181701700798
v -0.00499999961594803 -0.0674108826165832 0.110115235072779
v -2.86888813041987e-11 -0.0660488569529948 0.110294034101947
v -0.00500000008160929 -0.0654607901090855 0.110644837230932
v -1.33697993306255e-11 -0.0649556258709635 0.111233090358233
v -2.51086970863493e-10 -0.0645919481506718 0.112499599624434
v -0.00500000008160929 -0.0646391699279235 0.112031159281034
v -0.00500000008160929 -0.0645999947772783 0.112500001955777
v 0.00999999923189607 0.0153246029316456 0.0979999952465296
v 0.0100000066824763 0.0152854473387735 0.0975440644276723
v 8.5814906059642e-09 0.0149014779633311 0.0969727315685287
v 0.0100000085451213 0.013713393544886 0.095775423293365
v 1.10626728415151e-08 0.0130293986183703 0.0958321743645033
v 8.22861467449923e-09 0.010903360659658 0.0974773519304986
v 0.0100000104077664 0.0107184707869239 0.0974945553207124
v 5.54619982245486e-20 0.0108500023982964 0.0979999952465296
v 0.00999999923189607 0.0106754036394513 0.0979999952465296
v 9.18460546448148e-09 0.0112324695505077 0.0967564486692149
v 0.0100000104077664 0.0111099317207484 0.0966134869319166
v 0.0100000094764438 0.0118369584044808 0.0959730499392811
v 4.66505519899322e-09 0.0116381834442379 0.0963338368460423
v 8.12905431996486e-09 0.0121530613762842 0.0960122548935058
v 0.0100000104077664 0.0127520666032367 0.0956691109612037
v 0.0100000085451213 0.0144711240695861 0.0961848773914975
v 6.32926254688586e-09 0.0144705177786231 0.0964233630204939
v 1.02947866842619e-08 0.0138980245099584 0.0960339658848799
v 0.0100000094764438 0.0150267864775989 0.0968374439290737
v 7.0272104305561e-08 0.0151830009298223 0.0979982145578068
v 0.00999999923189607 -0.0531754017719934 0.239999989271164
v 7.00579112095307e-08 -0.0533169963232366 0.239998201131861
v 0.0100000066824763 -0.0532143757569734 0.239544818411511
v 0.0100000094764438 -0.0534732275392653 0.238837430503128
v 1.24245655880875e-08 -0.057427246721432 0.239007229231136
v 0.0100000066824763 -0.0573763257311154 0.238616952927032
v 8.79278646414713e-09 -0.0568601942389519 0.238320851959567
v 0.0100000076137988 -0.0576834833500768 0.239183971900106
v -3.74475612331641e-08 -0.0576703554277799 0.239998946189904
v 0.0100000495233124 -0.057841759750368 0.239999125003834
v 0.0100000085451213 -0.0568448721207887 0.238088915390769
v 7.21654430215112e-09 -0.0562553039849709 0.237981299207032
v 1.11351073404106e-08 -0.0554706200551067 0.237832168389138
v 0.0100000094764438 -0.0560650347933388 0.23773267333807
v 0.0100000038885087 -0.0545769974669771 0.237864682722136
v 1.03557379249945e-08 -0.0546019606359076 0.238033974810675
v 0.0100000094764438 -0.0552074022328227 0.237681890181857
v 0.0100000085451213 -0.0540288582823123 0.238184893767873
v 6.34613793594115e-09 -0.0540294990322088 0.238423357045128
v 8.63037860805737e-09 -0.0535985202210502 0.238972733043744
v 0.00999999923189607 -0.064675394648813 0.112500001955777
v 0.0100000066824763 -0.064714562348878 0.112044048785179
v 0.0100000094764438 -0.064973224141375 0.11133743573716
v 1.03228957533578e-08 -0.0661020168426588 0.110533950242386
v 0.0100000085451213 -0.0662866273186358 0.110275422552032
v 6.82889263473505e-09 -0.0667772331230643 0.11035570255617
v 9.87969208152848e-09 -0.0674670003865831 0.110390206194143
v 0.0100000094764438 -0.0681629069281794 0.110472982142724
v 4.82119873302997e-09 -0.0688718743368509 0.111438219738642
v 7.88792899118078e-09 -0.0690967551987611 0.111977850378055
v 0.0100000104077664 -0.068890195313541 0.111113635202192
v 0.0100000104077664 -0.0692816189944646 0.111994681239247
v 3.4890696036557e-16 -0.0691499970448073 0.112500001955777
v 0.00999999923189607 -0.0693245939410073 0.112500001955777
v 4.63660995438378e-09 -0.068032097091763 0.110612106831101
v 9.12392867086563e-09 -0.0685090683344416 0.110953149699722
v 0.0100000104077664 -0.067247930977222 0.110169110219871
v 6.29666862110393e-09 -0.0655295068101887 0.110923347378
v 0.0100000085451213 -0.0655288586097121 0.110684899001906
v 7.03672814998328e-08 -0.0648170003759264 0.112498213816474
v 8.58473068066281e-09 -0.0650985354496104 0.111472701024874
v 0.0100000281028943 0.0159687745070395 0.0957765855839121
v 0.0376372056074271 0.0147936419909342 0.0942211502592008
v 0.00999998712470325 0.014018587935967 0.0944310405605053
v 0.0368269289346062 0.0151735945723309 0.0944401004663087
v 0.0100000299655394 0.012836492852673 0.094285620131665
v 0.0409038975910875 0.0121233037590007 0.0938533970597372
v 0.0410566978149383 0.0118496039017103 0.0939175987113058
v 0.00999999736925102 0.0116828897193525 0.0945318320125677
v 0.0411787979231112 0.0115680036354497 0.0940059998481124
v 0.0412673964974546 0.0112823046187614 0.0941182949963593
v 0.0413160972148742 0.0109976039798187 0.0942559966238737
v 0.0412035971792776 0.0102193042658557 0.094792095688162
v 0.0412827968467098 0.0104598043378143 0.0945976951435723
v 0.0413221992400508 0.0107217043387269 0.0944162958618336
v 0.0410848982609619 0.0100016039006047 0.0949978956208103
v 0.00999999364396092 0.0109055203965909 0.0949455701944477
v 0.0409374997077497 0.00980940407738056 0.0952055954514683
v 0.0405657977125922 0.00949573372000956 0.0956225969875768
v 0.0100000113390889 0.0102497790014827 0.0955102422346865
v 0.00999999830057354 0.00958737865032859 0.0965200119498369
v 0.0407601982509403 0.00964199419709747 0.0954162978660397
v 0.0402402259846883 0.00931358472946328 0.095928696633979
v 0.0392645687833638 0.00900379984966198 0.0966711991279304
v 0.0397671439448695 0.00913197869994843 0.0963124238778854
v 0.0387149692849816 0.00891290184000712 0.0970238201985399
v 0.0100000634931502 0.00927229454536631 0.0979992278367453
v 0.0380753332502791 0.00885234445553577 0.0973960586474226
v 0.036898711549458 0.0088186696957167 0.0979992427379062
v 0.0406547539147847 0.0124903836004721 0.093796042491584
v 0.0402366981349678 0.0129728040112381 0.093770889332051
v 0.0392697692883373 0.0138058068162872 0.0938658246278951
v 0.0397720128990244 0.0134085437431388 0.0937991121307213
v 0.0381925047996556 0.0144973920213727 0.094083910567673
v 0.0387368367378427 0.0141701951356646 0.0939635613419809
v 0.0356279741196621 0.0156367431261099 0.0947951504261385
v 0.0344193260998892 0.0160123361867723 0.0951765903418528
v 0.00999999923189607 0.0151250242400646 0.0949463525053929
v 0.0331361238494334 0.0163283711720314 0.0955982559413107
v 0.0319984426059815 0.0165530508682765 0.0959807463888657
v 0.0304220395359074 0.0167811243037987 0.0965199374440326
v 0.0100000076137988 0.0164564466455177 0.0966514178368877
v 0.0287212173645758 0.0169304506946353 0.0971116178383316
v 0.0262152761845606 0.0169980069678737 0.0979997195750537
v 0.0100000010945411 0.0166670745475223 0.0974751167563695
v 0.00999999923189607 0.0167000023866772 0.0979999952465296
v 0.0273398984235824 -0.00838530763021952 0.141970690891802
v 0.0298059640984145 -0.0061131605343295 0.144945096710061
v 0.0257831294949571 -0.00616106078003983 0.145122271512696
v 0.0306072702726853 -0.00606012590754493 0.145499941434712
v 0.0264574982718658 -0.00613491762547152 0.145500001039356
v 0.0284810050712772 -0.00641450250979042 0.143962707877993
v 0.02903452357484 -0.00624815526850709 0.144388672462359
v 0.0239894712317984 -0.00639587838761879 0.144173529501851
v 0.0281116257944943 -0.00656810134270538 0.143659379847511
v 0.0274583700992023 -0.00700765344335764 0.143024769208772
v 0.0277644548346162 -0.0067632143427843 0.143345859423
v 0.0224146402341447 -0.00682221455599569 0.143422242773572
v 0.0213800396302828 -0.00720090007309868 0.142959263705628
v 0.0272897988597319 -0.0072150673513322 0.142799597767004
v 0.0271976985126987 -0.00738376711331088 0.142638203293721
v 0.0200659994284157 -0.0078761973785637 0.142405089533215
v 0.0205637987680187 -0.00759203737234616 0.142611098082115
v 0.0271216988694586 -0.00776925733843472 0.142329391636042
v 0.0271521996821162 -0.00797751781858349 0.142192002932906
v 0.0271385986479772 -0.00756900716331398 0.142480101976988
v 0.0196306992807462 -0.00817006781907666 0.142230194608192
v 0.0272278994395036 -0.00818499785045725 0.142072301907711
v 0.0191715200235641 -0.00855055218563455 0.14205324332297
v 0.0188119717873434 -0.00895613662553398 0.141917314933598
v 0.0277231637191967 -0.00882635031257128 0.14179373960658
v 0.0281014799669189 -0.00914065490058106 0.141701978257999
v 0.0289461578311276 -0.00968674145040315 0.141603570991675
v 0.0295955951040716 -0.0100309629118481 0.141578760558841
v 0.0216868116817193 -0.0129205530923574 0.143092584391849
v 0.038258189114621 -0.0133246930510222 0.143149462122855
v 0.0390643977706576 -0.0136959973714621 0.143763807182823
v 0.0393633970043097 -0.0138264980088006 0.144058894871349
v 0.0238741250745688 -0.0135741291625976 0.144117992875323
v 0.025495779243434 -0.0138172071353022 0.144964661934271
v 0.0396396980454093 -0.0139364974434206 0.144381192079607
v 0.0387474985180963 -0.0135522970999924 0.143496092926798
v 0.0225771001352133 -0.0132288441308303 0.143496599566267
v 0.0398927979797936 -0.0140251975319191 0.144730698807596
v 0.0403088979823104 -0.0141068978003279 0.145500001039356
v 0.040115499546998 -0.0140813972583011 0.145103391741885
v 0.0264583271489121 -0.0138667590815087 0.145499956335873
v 0.037544367652955 -0.0129962379485844 0.142760780242962
v 0.0208098951570234 -0.0125378931563837 0.142714094905985
v 0.0368001440988189 -0.0126677204475374 0.142457169090424
v 0.0197695948593152 -0.0119306410684821 0.142286580600889
v 0.0360076184333034 -0.0123402199506865 0.142216083208857
v 0.0352264549025794 -0.0120406926571634 0.142038386865592
v 0.0201806936598786 -0.0121953732211899 0.142452013288766
v 0.0343743320461147 -0.0117405441715169 0.14189397971569
v 0.0189964351143616 -0.0112681513103657 0.141986486122314
v 0.0193660360459052 -0.0116218741241994 0.142127540511022
v 0.0336307380660048 -0.0114978806373354 0.14180048983245
v 0.0187735994367138 -0.0109866972617414 0.14190210084836
v 0.0321190153452153 -0.0110204455960398 0.141667988710076
v 0.0186382987630871 -0.0107673978157168 0.141851600814202
v 0.0185300995749058 -0.0105318980143891 0.141811501790326
v 0.0312056319557737 -0.0107051333170592 0.141614702158838
v 0.0184592985739941 -0.0102803980921008 0.141785201241407
v 0.0303953198926968 -0.0103899514232319 0.141585093552207
v 0.0184318990653411 -0.0100194974002564 0.141775098254343
v 0.0184518982852193 -0.0097577473422701 0.14178248923013
v 0.0285175240900842 -0.00942806010013312 0.141640555672931
v 0.0185170983124722 -0.00950449746495943 0.141806495000277
v 0.0186206986300305 -0.00926620742135012 0.141844597268598
v 0.0274830985748568 -0.00857437727844088 0.141887602018842
v -0.0370574014569499 -0.00865991366432566 0.149324085951058
v -0.0294761194627709 -0.00654551723716214 0.147351410671664
v -0.0339106526384971 -0.00663019773764746 0.147653293289543
v -0.0403088979823104 -0.0141068978003279 0.145500001039356
v -0.0287378992136239 -0.00634319952603834 0.146873679454468
v -0.0326673407943848 -0.00625706150580312 0.146866675908863
v -0.0279168601777167 -0.00620336238039775 0.146360915608088
v -0.0306066928527205 -0.00604153345033911 0.145501178231064
v -0.0264574982718658 -0.00613491762547152 0.145500001039356
v -0.0270574525164701 -0.00614053396595188 0.145846959668838
v -0.0347203295396127 -0.00698133752846115 0.148143735196954
v -0.0301724376489228 -0.0068253852435283 0.147819709454036
v -0.0308282172282546 -0.00719555241916646 0.148273583912695
v -0.0355301703534925 -0.00744082272509238 0.148605402962743
v -0.0312926975732427 -0.00756096752162644 0.148606505648646
v -0.031833099330379 -0.00815174777370908 0.149001192696366
v -0.0363235081322488 -0.00800858953194827 0.149014350421406
v -0.0315844995464301 -0.00785009799615402 0.14881880248743
v -0.0320371967988459 -0.00846473733431511 0.149152990822055
v -0.0377687493259924 -0.00941201993230404 0.14952094518719
v -0.0324430969570809 -0.00972256756525242 0.149459895131143
v -0.0321321991468636 -0.011356397844795 0.149224501493025
v -0.0300423356176245 -0.0132343193759483 0.14773131576781
v -0.0294998011319086 -0.0134455591568511 0.147367563530038
v -0.040679199268392 -0.0137296972769893 0.14723430244846
v -0.0406670995261615 -0.0138693975182189 0.146895196730751
v -0.0405474990876427 -0.0140519972688667 0.14619649619915
v -0.040622299187472 -0.0139769969346948 0.146546494665448
v -0.0286758638203071 -0.0136735748503767 0.146832149919149
v -0.0404433995812116 -0.0140945978237548 0.14584889681975
v -0.0275713153069654 -0.0138332175008105 0.146150913548077
v -0.026459297586982 -0.0138695809887561 0.145500135149804
v -0.0406077966331299 -0.0133701974695398 0.147856202396984
v -0.040659596791909 -0.0135628974129594 0.147554796616253
v -0.0405233964607242 -0.0131529972244842 0.148137506511714
v -0.030570315394937 -0.0129632318783375 0.14809345868021
v -0.0310535823778772 -0.0126379423411583 0.148433890601235
v -0.0404096000241743 -0.0129205977958385 0.148390096089465
v -0.0400819980131683 -0.0124028979565448 0.148825597416782
v -0.0402626969345449 -0.0126705973028137 0.148619097129574
v -0.0317960997491496 -0.0118964978534335 0.148974296101012
v -0.0315107350772474 -0.0122330293847986 0.148764517558414
v -0.0319752973786176 -0.0116368972878324 0.149107303862855
v -0.0396909654877048 -0.0118662838881133 0.149150979165338
v -0.0390999407634596 -0.0110704874178938 0.149446752307264
v -0.0384462603850968 -0.0102253410984556 0.149569448465792
v -0.0323631969351108 -0.0107374977060871 0.149398591755362
v -0.0322630983902423 -0.011055997902067 0.149322893858189
v -0.032455997636682 -0.0100639978530932 0.14946919345552
v -0.0324284975451963 -0.0104047976355853 0.149448197719868
v -0.0323916991296321 -0.00938629773551653 0.149421092508262
v -0.0323045981219072 -0.00906160797004278 0.149354797243592
v -0.0321849976833883 -0.0087533672229861 0.149264198185559
v 0.00999999923189607 -0.0517999985916718 0.239999989271164
v 0.026851399270703 -0.0515059018397855 0.239999989271164
v 0.0302271323581063 -0.0520029225937586 0.237948904083321
v 0.0329656992781405 -0.0544912003107856 0.236025596349859
v 0.0328410995003133 -0.0541829996105975 0.236118698802917
v 0.0100000448666997 -0.0536081053924662 0.236790115308982
v 0.0331378970875189 -0.0554996996695928 0.235896090360818
v 0.0331174973989555 -0.0551543019478002 0.235911393853022
v 0.0330589991685844 -0.0548162020693049 0.23595550128917
v 0.00999999643792849 -0.0562500289741956 0.236370871148164
v 0.032688899048168 -0.0571046999290857 0.236230993951164
v 0.0100000448666997 -0.0573952353036406 0.236791054082117
v 0.0324289259535573 -0.057490032760703 0.236423516949485
v 0.0320070964548736 -0.0579458704326694 0.236728454305341
v 0.0100000038885087 -0.0583247920400322 0.237601856046873
v 0.0315409173776018 -0.0583231529123901 0.237058544820729
v 0.0310282653063876 -0.0586393443598333 0.237412894425998
v 0.0305052029120013 -0.0588884954867163 0.237765619804733
v 0.0099999927126384 -0.0588854742764488 0.238470861945952
v 0.0299383162049305 -0.0590956774953824 0.238138342541344
v 0.0291176087198419 -0.0593098779505886 0.238660970956214
v 0.026853504059607 -0.0594990332804822 0.239999855160716
v 0.00999999923189607 -0.0592000005192192 0.239999989271164
v 0.00999999830057354 -0.0591644612517073 0.239453191173378
v 0.0279276933213147 -0.0594684076706063 0.239382649077863
v 0.0326876995047572 -0.05389470313539 0.23623248406725
v 0.032512197363064 -0.0536264002921256 0.236361692033074
v 0.0329667982387187 -0.0565076029819847 0.236024493663956
v 0.0328412000831459 -0.0568161017053805 0.236118192163448
v 0.0331181977534934 -0.055843599824767 0.235910887213553
v 0.0330604967352029 -0.0561816997032623 0.23595429429514
v 0.0100000020258636 -0.0550970852172221 0.23629809387852
v 0.0312953723315314 -0.0525152505647345 0.237228596868472
v 0.0307675080382118 -0.052228082852426 0.237589279467107
v 0.0322283414336505 -0.0532746136978191 0.236568177419122
v 0.0317733009737646 -0.052851953459444 0.23689428932456
v 0.0100000048198312 -0.052682538441767 0.237592930251518
v 0.00999999830057354 -0.0521183097291794 0.238460833464693
v 0.0296657758441824 -0.0518239075035053 0.238312969245472
v 0.0288141223742697 -0.0516348751081849 0.238849574949229
v 0.0276459980601567 -0.0515135498603518 0.239547649632074
v 0.0100000001632186 -0.0518371993385663 0.239437708867243
v 0.0332069974935019 -0.00703044523382371 0.235844681355848
v 0.0308433121037219 -0.007208717128703 0.235714564419212
v 0.03032353914049 -0.00690063656912043 0.236077497093137
v 0.0317376462222597 -0.00802431398144174 0.235069299450458
v 0.0345593001499408 -0.008498561105738 0.234785998580173
v 0.0343953985616053 -0.00821287140227496 0.234917799347986
v 0.0321562980484919 -0.00868993112059339 0.23475738835132
v 0.0346978995679472 -0.00880473152282406 0.234673792838891
v 0.0349211971815668 -0.01017660126549 0.234491104606738
v 0.0348076987682245 -0.0108686018404211 0.234584087850509
v 0.0348828974740941 -0.0105273010064112 0.234522605660797
v 0.0324358996966163 -0.0103447012557633 0.234545896175223
v 0.0317406301796263 -0.011972220893884 0.235067630520441
v 0.0313135405713275 -0.0124227137058858 0.23537903498011
v 0.0341292936394972 -0.0121569300900485 0.235130304803022
v 0.0308548996185642 -0.0127831923333078 0.235706637001634
v 0.0336882826221113 -0.0126075067210774 0.235475922328027
v 0.0284055902985821 -0.0137267691989742 0.237337271034629
v 0.0313298573419462 -0.0137377606674012 0.237206185522537
v 0.0321377423785258 -0.0134994007746026 0.236634010747805
v 0.0292441232967781 -0.0135262470776764 0.236799517941486
v 0.0272449538175612 -0.0138566924163479 0.238043615861752
v 0.0293725992389497 -0.0139160008973147 0.238499993715435
v 0.0264574982718658 -0.0138651013274161 0.238499993715435
v 0.0301483443352296 -0.0139024166269811 0.238002190634559
v 0.0349211003240243 -0.00982221162472919 0.234491194013703
v 0.0303322470060884 -0.0130935825727497 0.236071432320667
v 0.0298062602589771 -0.0133331382836689 0.236427882989618
v 0.0332095083390264 -0.0129688291267061 0.235842774007258
v 0.0326899086017839 -0.0132648704800223 0.236230874741877
v 0.0345598999216462 -0.011501101150623 0.234785104510521
v 0.0343963969393509 -0.0117867014471238 0.234916592353956
v 0.0319994000055361 -0.0115957011673104 0.234874690289616
v 0.0322818999293548 -0.011004901823116 0.234662795782176
v 0.0346985999224851 -0.0111947016281961 0.234672988176204
v 0.0321538989616704 -0.0113102014536422 0.234759101984819
v 0.0323772003005801 -0.0106808015847998 0.234590599657805
v 0.0324562993851797 -0.0100011009864418 0.234530294659802
v 0.0324364994683217 -0.0096566411064308 0.234545404436914
v 0.0348064992248137 -0.00912988136162462 0.234585190536413
v 0.0323773977409552 -0.00931915124418861 0.234590405942714
v 0.0348818990963484 -0.00947085157613861 0.234523395422323
v 0.0320005995489469 -0.00840424141713034 0.234873602504873
v 0.0322832969131406 -0.00899605124626316 0.234661797404398
v 0.0313159322075689 -0.00757898535283501 0.235376665695533
v 0.034124294300189 -0.00783808300427322 0.235134879459406
v 0.0336898584198217 -0.00739442330562931 0.235475072961858
v 0.0326978918984588 -0.00673935991331847 0.236224944079855
v 0.0297994075878462 -0.0066641677267066 0.236432547052967
v 0.0313181897333668 -0.00625962450538888 0.237214470567976
v 0.0292424376030099 -0.00647333182531867 0.236800561022746
v 0.0321498793736572 -0.00650568131318623 0.236624697522267
v 0.0284263662414452 -0.00627651077973092 0.23732464975138
v 0.0301926231333058 -0.00610144589396266 0.237972924754629
v 0.0293725992389497 -0.00608404133863608 0.238499993715435
v 0.0264574982718658 -0.00613492135076161 0.238499993715435
v 0.0272325560521231 -0.00614278823212097 0.238051796599065
v -0.0224063998924532 -0.0093048908337027 0.242229188034776
v -0.0186867983148416 -0.0091451112788579 0.242130303931304
v -0.0238539693925066 -0.00642933987457988 0.239892164471175
v -0.0257499129458198 -0.00676569957693932 0.24059974609465
v -0.0241893144189762 -0.00749811535845621 0.241395170061398
v -0.0206501211901137 -0.00754219997578613 0.24135347661331
v -0.0237154631067526 -0.00780605063172505 0.241624454223563
v -0.0233132230460365 -0.00811940853038928 0.241814756948916
v -0.0226731995811641 -0.00881438095549416 0.24210929329449
v -0.0229104800711575 -0.0085129183737664 0.242000589326011
v -0.0188929856710522 -0.00885026760630748 0.242052400662324
v -0.0223185985301903 -0.00957422092571097 0.242268392989001
v -0.0223166986322416 -0.010423901854518 0.242269197651687
v -0.0184834999211001 -0.01038520167836 0.242205703805259
v -0.0184367996844618 -0.00987072142103141 0.242222795436767
v -0.0184372988733347 -0.010130301497537 0.242222691128641
v -0.0188306001004664 -0.0110648016938854 0.242076600147562
v -0.0225248995077488 -0.0109492012856067 0.24217628891372
v -0.0224037996399665 -0.0106946009906364 0.242230499336932
v -0.0231080415181517 -0.0116942257771134 0.241910318093516
v -0.0190586008928317 -0.0113343478527193 0.241990173414569
v -0.0194259498865126 -0.011671001387335 0.241848821002644
v -0.0239540213712488 -0.0123557851440284 0.241509759988418
v -0.0202571831787663 -0.0122400701830793 0.241517016853757
v -0.0198277112474514 -0.0119704709388616 0.241690615377785
v -0.0239706436156553 -0.0135920058984438 0.239833424095062
v -0.0261074569759691 -0.0133564101708961 0.240409145346079
v -0.0255338926864019 -0.0138201212434795 0.239014426491832
v -0.0272836633069445 -0.0136805113405347 0.239758992796563
v -0.0264583196983319 -0.0138656368378674 0.238500008616596
v -0.0293734262533509 -0.0139174863567403 0.238500023517757
v -0.0285871777016465 -0.0138751568167067 0.238987067960492
v -0.0226203284014825 -0.0132428176939789 0.24048324881904
v -0.0217351901615456 -0.0129392354221867 0.240884954313525
v -0.0251547997156947 -0.0129994621871621 0.240910465100919
v -0.0208750150905393 -0.012569435187623 0.241258898945326
v -0.0243864865731555 -0.0126161056219405 0.24129791018446
v -0.0235107453774848 -0.0120430638043093 0.241721758803984
v -0.0227381574645609 -0.011281141396929 0.2420786416066
v -0.0186879997208974 -0.0108543013830667 0.242129901599961
v -0.0185693995227692 -0.0106281017684626 0.242173994134948
v -0.022270998635994 -0.0101425018226001 0.242289299317688
v -0.018568298699546 -0.00937227108698412 0.242174292158165
v -0.0184823990978769 -0.00961551110980794 0.242206091235442
v -0.0222710992188265 -0.00985628126529839 0.242289299317688
v -0.022526698822865 -0.00905117156983999 0.242175305437103
v -0.0192422446560288 -0.00848659174866088 0.241920048551558
v -0.0200266137988801 -0.00789919452564629 0.241610685550928
v -0.0196289390811761 -0.00817016002000652 0.241768861373465
v -0.0248254319171834 -0.00715371834271553 0.241077879643189
v -0.0215346391692496 -0.00713957714151268 0.240974331476368
v -0.0224188591251779 -0.00682057077174102 0.240575814830307
v -0.0267560523333514 -0.00645101407801727 0.240054736136167
v -0.0282465651149817 -0.00615359902397836 0.239194521921995
v -0.0293734839953474 -0.00608259406343394 0.238500023517757
v -0.0264583495006527 -0.00613438444332659 0.238500008616596
v -0.0255298973127744 -0.00618024881799968 0.239016393445066
v -0.035004800141892 -0.0424856892932849 0.0169999893680217
v -0.0324443002257818 -0.0425393893500128 0.017267003269486
v -0.0321234037369479 -0.0427826731449953 0.0183802093927515
v -0.0349631998273945 -0.0425292900885637 0.017585008943416
v -0.0324082990222981 -0.0425665914182908 0.0175300087586788
v -0.0340555738737957 -0.0432906462518494 0.0193867865341875
v -0.0343855488945925 -0.0430226116294719 0.0189867220300424
v -0.0315598045983864 -0.0432001515048474 0.0191792003248811
v -0.0346625279384896 -0.0427918708862413 0.0185261457742867
v -0.0312195421889906 -0.043446288872043 0.0195046416780805
v -0.0321962406088968 -0.0447156032410225 0.0205453927693056
v -0.0312832874904613 -0.0453638633222963 0.0207864712002917
v -0.0280498288197436 -0.0474330049253786 0.0207893378111123
v -0.0256973509652161 -0.0487314883158065 0.0201447862354341
v -0.0215261250187362 -0.0489775437266201 0.0198575775357132
v -0.0247241077518736 -0.0492224778251149 0.0197063829070393
v -0.0199816067065902 -0.0496286089513359 0.0190723310618326
v -0.0240378068707887 -0.0495536635651928 0.0193013563163275
v -0.0205960541923114 -0.0493764403394754 0.0194291691609658
v -0.0195827734236665 -0.0497870231873606 0.0187953948498801
v -0.0231783843083817 -0.0499477322020843 0.0186167001288377
v -0.0235834555895704 -0.0497651408333391 0.0189749929537998
v -0.0188319151278702 -0.050074850276016 0.0180735379143013
v -0.0227407986952386 -0.0501403893046677 0.0180889960060493
v -0.0229101988117553 -0.0500669899139143 0.0183189954239354
v -0.019180401115152 -0.0499436343829791 0.01845643814378
v -0.0224779981054454 -0.0502509894423156 0.0175749953633175
v -0.0225945996854373 -0.0502025904733937 0.0178409959858433
v -0.0223975988946024 -0.0502827922438616 0.0172940041729658
v -0.0186344989671896 -0.0501498887944114 0.0177620049321203
v -0.0185262997790083 -0.0501899878170003 0.0175210084575189
v -0.0184559998296145 -0.050215889759035 0.0172660048917084
v -0.018430999407783 -0.0502249906427385 0.0169999893680217
v -0.0223634994517125 -0.0502935918598487 0.0169999893680217
v -0.0223971704862414 -0.0485868688290057 0.0201720609477447
v -0.0266807660831647 -0.0482061330053664 0.0204763761801337
v -0.0237204084293545 -0.0479577790905639 0.0205393484859314
v -0.0263925087235032 -0.0465371136355808 0.0208656392052999
v -0.0254062176816009 -0.0470840160239339 0.0208082827745017
v -0.0293397850211427 -0.0466471028256531 0.0209166551921519
v -0.0302762018792453 -0.0460438218969934 0.0209094504808757
v -0.0271931964996182 -0.0460735050084751 0.0208569071250355
v -0.0281000699446177 -0.0455267590823061 0.0207728440886845
v -0.0289984720799399 -0.0449593862248778 0.0205972450838109
v -0.0328466501825558 -0.044232518797297 0.020268300095164
v -0.0298584310841207 -0.0443941740357049 0.020315300219164
v -0.0304547289564962 -0.0439861690885659 0.020028227492536
v -0.0332705844701435 -0.0439104935455641 0.0200293935083733
v -0.0308404473556384 -0.0437165959213789 0.0197926252381662
v -0.0336739775081442 -0.0435959971051144 0.0197391188948053
v -0.0318641496233257 -0.0429755202373735 0.0188063341645971
v -0.0323166792376872 -0.0426372862484348 0.0179100256135309
v -0.0348212998023635 -0.042654988826969 0.0181429978130088
v -0.034904098100028 -0.0425825915392513 0.0178689952671007
v -0.0324565974083874 -0.0425301916087668 0.0169999893680217
v -0.0349969993844318 -0.0424966900749372 0.0172950025507435
v -0.022264999056295 0.0502919043034354 0.0169999893680217
v -0.0184558992467819 0.0502158040773628 0.0172660048917084
v -0.018773098385196 0.0500983047024578 0.0179850008044019
v -0.0203804586159644 0.0494659516098922 0.0193134113554639
v -0.0243615904594467 0.0493105064300736 0.0196016519605744
v -0.0239070864413345 0.0495328391935585 0.0193247045727513
v -0.0234719315799788 0.0497403639289134 0.0190109960210846
v -0.0212699219177022 0.0490894961445727 0.0197503599580297
v -0.0260504600375066 0.0484400141681476 0.0203384827001732
v -0.027476674312087 0.0476490531244722 0.0207258942561024
v -0.0251081423198925 0.0472424488864091 0.0207719667828388
v -0.0236325567756753 0.0480027172649869 0.020521908539789
v -0.0308646133124885 0.0455242333356212 0.0208225208337041
v -0.0298519844696103 0.0461942938145344 0.0209161392394571
v -0.0280935562748856 0.0455307600438687 0.0207736785536927
v -0.0298582951110322 0.044394412454271 0.0203155311871574
v -0.0324899313041627 0.0443780509801712 0.0203574313888528
v -0.0333548728838463 0.0437315008070513 0.0198678537487718
v -0.029000072092036 0.0449590658499295 0.0205969489232388
v -0.0304520262585318 0.043988005656583 0.0200296580039786
v -0.0318651815286821 0.0429749167403781 0.0188057641951941
v -0.0315609519877359 0.0431992499846442 0.0191784291898065
v -0.034912398046361 0.0424983068508387 0.0172950025507435
v -0.0323181321008245 0.0426363623764911 0.0179075650593438
v -0.0348071995793517 0.0425844057555279 0.0178679968893231
v -0.0348721984409395 0.0425312048876728 0.017585008943416
v -0.0321257879226091 0.0427811159737353 0.0183765865480173
v -0.0346752945076471 0.0426930538411657 0.0182589083554095
v -0.0344207156330949 0.0428985408428383 0.0187517381738483
v -0.0324444976661569 0.0425394042511732 0.017267003269486
v -0.0324086976283383 0.0425665057366186 0.0175300087586788
v -0.0324565974083874 0.0425302065099272 0.0169999893680217
v -0.0349260996633326 0.0424871049035212 0.0169999893680217
v -0.0318159555453591 0.0448649501209546 0.0206091268969522
v -0.0341075640223697 0.0431471257256268 0.0191821377162157
v -0.0337433088821132 0.0434326058815219 0.0195571068028262
v -0.0308407323403307 0.0437166219984095 0.0197926718042939
v -0.0312200320646382 0.0434460951569581 0.019504477765311
v -0.0329264160940825 0.0440552918462895 0.02013822413672
v -0.0261744619062734 0.0466610428611908 0.0208608037786006
v -0.0271668642865775 0.046089561008787 0.0208588927047202
v -0.0288903827878165 0.0468019631349266 0.0208987775244092
v -0.0250525349146357 0.0489640619017642 0.019951384068622
v -0.0222344945183473 0.0486598621631387 0.0201186067584468
v -0.0197815865681329 0.0497086505343297 0.0189394965259843
v -0.0193701469035257 0.0498701455852635 0.0186251565376262
v -0.0230463339503634 0.0499384189768453 0.0186349447376666
v -0.0227785992138385 0.0500613051212285 0.0183290090040339
v -0.0189979028786593 0.0500130924168114 0.0182692106454996
v -0.0186354992075803 0.0501496056723642 0.0177620049321203
v -0.0226134999447372 0.0501362058038903 0.0180969979294315
v -0.0224708995651682 0.0502002062877325 0.0178470011536702
v -0.0223600982618552 0.0502498048000652 0.0175770070200337
v -0.018430999407783 0.0502250055438989 0.0169999893680217
v -0.0185264990820284 0.0501898052777857 0.0175220068352966
v -0.0222905992498319 0.0502807060814081 0.0172940041729658
v 0.0324443970833243 0.0425394042511732 0.017267003269486
v 0.0346733610820875 0.0426944657261119 0.0182632743955417
v 0.0348076987682245 0.0425839065666551 0.0178669985115454
v 0.0324085970455057 0.0425666063194512 0.0175300087586788
v 0.0318641421727455 0.0429755910178854 0.0188065018026567
v 0.0321242009490284 0.0427822372860541 0.0183789502446588
v 0.0344191063077736 0.0428997105839283 0.0187553032765842
v 0.0333456155379588 0.0437385080777211 0.0198750305203714
v 0.0308440292220653 0.043713094148689 0.0197885423200903
v 0.027190190190511 0.0460756805778909 0.0208575087594053
v 0.0295318311761505 0.0463992816273342 0.020920153239664
v 0.0263986126113249 0.0465336267640514 0.0208653691217593
v 0.0254148100632064 0.047079810171416 0.0208094804553059
v 0.0286719001116454 0.0469365913936911 0.0208836342196844
v 0.0228554072450294 0.0483739200712717 0.0203153207082602
v 0.0217370304548528 0.0488839905164496 0.0199400834007542
v 0.0258083050054231 0.0485700342430638 0.0202557738068154
v 0.0248026443176687 0.0490902598290423 0.0198340020365863
v 0.0208553772238004 0.0492674793294696 0.0195593959936635
v 0.0241553360480144 0.0494120578380794 0.0194815039005539
v 0.0236806782104851 0.0496414537515854 0.0191682833619054
v 0.0202258963298985 0.0495298142580009 0.0192219014639727
v 0.0197834715649212 0.0497080358614639 0.0189410723237454
v 0.0228515869600363 0.0500270436282193 0.0184196024741321
v 0.0232508654151265 0.0498439642464717 0.01882620672525
v 0.0189978656257583 0.050012768316573 0.018271052801511
v 0.019371366936032 0.0498697656056737 0.0186264361748151
v 0.0224733992348224 0.0501992041846968 0.0178470011536702
v 0.0187719994246178 0.0500986064509556 0.0179859991821796
v 0.0226140997164426 0.0501359040553926 0.0180969979294315
v 0.018526599664861 0.0501900027181607 0.0175210084575189
v 0.0186347988530423 0.0501499036955718 0.0177620049321203
v 0.0223632982860473 0.0502484040909893 0.0175790037755891
v 0.0222906998326645 0.0502806054985755 0.0172950025507435
v 0.018456098549802 0.0502159046601953 0.0172660048917084
v 0.018430999407783 0.0502250055438989 0.0169999893680217
v 0.022264999056295 0.0502919043034354 0.0169999893680217
v 0.0271756000918517 0.0478210795705063 0.0206609400959103
v 0.0241783676540304 0.0477262672122835 0.0206273323902339
v 0.0304381141626699 0.0458096613374551 0.0208756863130103
v 0.0313452576912014 0.0451948767129802 0.0207332181766655
v 0.028099924658304 0.0455267702581763 0.0207728683030709
v 0.0289994592818153 0.0449591776086324 0.0205969284341426
v 0.0298627617338568 0.0443915179038668 0.0203135195304412
v 0.032025897993986 0.0447138598052578 0.0205377261220427
v 0.0324827787471791 0.0443832552104348 0.0203606817045655
v 0.0304583126855681 0.0439832968899022 0.0200261022144682
v 0.0329211038304062 0.0440593114343027 0.0201426535067859
v 0.0337440092366512 0.0434319353293047 0.0195567156473536
v 0.0312162322687407 0.0434479838790365 0.0195059920957835
v 0.0315573086540224 0.0432019098417725 0.019182072523637
v 0.0341057125531922 0.0431485487864433 0.0191850266787776
v 0.0323175211532488 0.0426367609825313 0.0179079711159772
v 0.0348726976298123 0.0425307056988 0.0175839956644774
v 0.0349260996633326 0.0424871049035212 0.0169999893680217
v 0.0324565974083874 0.0425302065099272 0.0169999893680217
v 0.034912398046361 0.0424983068508387 0.0172950025507435
v 0.0193729781239983 -0.04986962031936 0.0186277977683887
v 0.0242486135867178 -0.0494541200885486 0.0194394267475733
v 0.0251639955942957 -0.049003494097426 0.0199199202674645
v 0.0211792725711613 -0.0491282130845361 0.019708698174908
v 0.0237346241363593 -0.0479508314245356 0.0205425820378382
v 0.0286749380857183 -0.0470575850907057 0.020865831057746
v 0.0277803227077783 -0.0457216737106874 0.0208117454317567
v 0.0324082878464278 -0.044559379475574 0.0204633525655414
v 0.029436601585437 -0.0446744611372068 0.0204699481918674
v 0.0312195384637005 -0.0434465459170596 0.0195049378386526
v 0.0318715368735852 -0.0429702973806595 0.018797453072724
v 0.0315694568250241 -0.0431934497079654 0.0191702130622369
v 0.0324443970833243 -0.0425393893500128 0.017267003269486
v 0.0324565974083874 -0.0425301916087668 0.0169999893680217
v 0.0324086976283383 -0.0425665914182908 0.0175300087586788
v 0.0349035989111552 -0.0425829901452916 0.0178700085460393
v 0.0323179942650909 -0.0426363921788118 0.0179075296690867
v 0.0349629986617294 -0.0425295918370614 0.0175860073211936
v 0.0348207968882006 -0.0426554917411319 0.0181429978130088
v 0.0321257804720289 -0.0427809520609711 0.0183760165786143
v 0.0349970999672644 -0.0424966900749372 0.0172950025507435
v 0.0346625763672608 -0.0427920869530668 0.0185254137547594
v 0.035004800141892 -0.0424856892932849 0.0169999893680217
v 0.0308400692386937 -0.0437166704271808 0.0197928673820302
v 0.0336853247417754 -0.0435871271893968 0.0197303700507349
v 0.0304529966966017 -0.0439869476741959 0.0200290321552225
v 0.0328515005102602 -0.0442293262236851 0.0202658823818144
v 0.0317221266637215 -0.0450563555260659 0.0206889226133617
v 0.0285698476521218 -0.0452332732779955 0.0206933314943314
v 0.0300426820696034 -0.0442685945065827 0.0202325820125807
v 0.0340589080084312 -0.0432882322638674 0.0193828526277202
v 0.0343846920778705 -0.0430233790392315 0.0189870163279694
v 0.0332720634103115 -0.0439094318378869 0.0200281529867317
v 0.0307051392314315 -0.0457590160186056 0.0208755391640468
v 0.0296158848965772 -0.0464729529642645 0.0209238915683949
v 0.0269623141953639 -0.0462096196579876 0.0208655106827875
v 0.0256854486633607 -0.0469337378214779 0.0208388152531054
v 0.0274948183374975 -0.0477537039738375 0.0206858194466124
v 0.0261453822917872 -0.0484960499817654 0.0203078198364119
v 0.0221357501164286 -0.0487061451672863 0.0200886498371813
v 0.01978303198069 -0.0497079054763105 0.0189403235404121
v 0.0203847538754446 -0.0494652512553542 0.0193162723783492
v 0.0235910142031744 -0.0497617359181918 0.0189816798497361
v 0.0231868332663185 -0.0499439175050264 0.0186267658629991
v 0.0190062959572446 -0.050009728479855 0.0182789057132846
v 0.0229092991541972 -0.0500672916624121 0.0183189954239354
v 0.0227383996084171 -0.0501412908248708 0.0180900092849878
v 0.018773098385196 -0.0500981892184649 0.0179859991821796
v 0.0225916995470979 -0.0502037900168045 0.0178409959858433
v 0.0186361995621183 -0.0501493896055386 0.0177620049321203
v 0.0223973995915823 -0.050282691661029 0.0172930057951881
v 0.0224751985499386 -0.0502520921281839 0.0175739969855399
v 0.0223634994517125 -0.0502935918598487 0.0169999893680217
v 0.018430999407783 -0.0502249906427385 0.0169999893680217
v 0.0184561991326346 -0.050215889759035 0.0172660048917084
v 0.0185270988537338 -0.0501898909594579 0.0175220068352966
v 0.00999996384164016 -0.0632659013388266 0.112498273421117
v 0.0316508991170939 -0.0629385004934858 0.112133999642715
v 0.0319359992933993 -0.0629170949765966 0.112500001955777
v 0.0313412977078298 -0.0629895965724369 0.111791399602784
v 0.0274460300757607 -0.0644402096344983 0.109419470069867
v 0.0247997479046194 -0.065681237875782 0.108763431561811
v 0.0219075053175621 -0.0671058037094951 0.108588737802459
v 0.023403619072851 -0.0663598441701744 0.108613257662656
v 0.0197029587327304 -0.0682593621393344 0.108840939950028
v 0.02062035612225 -0.0677686743785238 0.108687674059994
v 0.0177973983430354 -0.0694361961816909 0.109537002976157
v 0.0180682995761415 -0.069240596099932 0.109380496083636
v 0.00999997874280054 -0.0699631906197731 0.110265014091171
v 0.0173354996240835 -0.0698453000894081 0.109938999043278
v 0.0100000122704114 -0.0692257321924506 0.109532666738346
v 0.0171072995286981 -0.0702591947201883 0.110500094804911
v 0.0172219993480962 -0.0699866003427338 0.110108298582398
v 0.0171442991099274 -0.0701254940586577 0.110296097912727
v 0.00999999830057354 -0.0704715362556368 0.111190405982947
v 0.0171171994871271 -0.0703817940172341 0.110714298992284
v 0.0173956984493831 -0.0706495976716257 0.111341101422732
v 0.0172700984311653 -0.0705774984071157 0.111140494544644
v 0.0171740995680471 -0.0704884937761519 0.110930298769542
v 0.0176047580042574 -0.070727828763633 0.111607906707945
v 0.0179528472481441 -0.0708004421181762 0.111953263462634
v 0.0100000830509232 -0.0707267484295053 0.112499316502378
v 0.018648699773034 -0.0708509943047733 0.112500001955777
v 0.018332750469447 -0.070838939266024 0.112267633253314
v 0.0175493983307919 -0.0696378982886264 0.109721300533683
v 0.0184704558178304 -0.0689748711574137 0.109197077694601
v 0.0190819249341202 -0.0686079896876399 0.108991888709548
v 0.00999999364396092 -0.0681600161030652 0.108966057547195
v 0.00999999830057354 -0.0641149992597337 0.110151407640768
v 0.0099999889873483 -0.065819200269182 0.108988334782682
v 0.0100000318281844 -0.066823911007962 0.108786312294312
v 0.0100000020258636 -0.0650222042555518 0.109360051690935
v 0.0262500890205039 -0.0649892875922672 0.109052610940055
v 0.0282245300240663 -0.0640952552222271 0.109721799722572
v 0.0290122407521332 -0.0637616778459078 0.110094120127839
v 0.0297901576925389 -0.0634594674121934 0.110541773351838
v 0.0305151624750719 -0.0632076676040524 0.111049150428567
v 0.0310125985988906 -0.0630652944671792 0.111472000670314
v 0.0100000243776042 -0.0635401124921826 0.111163040001026
v -0.0317996946540918 -0.119930037285338 0.18608465374817
v -0.0413166113049074 -0.112211787550214 0.184320713930114
v -0.0440322248500176 -0.110003904968102 0.18868325228952
v 1.73144789762272e-05 -0.10960357784385 0.147483807485912
v -0.00517627242702979 -0.129096247675975 0.188772987080224
v -0.00437428592165528 -0.127453513953104 0.177465241161021
v -0.00349711211911215 -0.12816112535618 0.180366199157397
v -0.00524474046501911 -0.12658660914554 0.174590673120528
v -0.00489106794260169 -0.123034336423151 0.165559139127452
v -0.00497847582109825 -0.125560708956696 0.171450223666797
v -0.00326652574258989 -0.11227787419651 0.150172096114484
v -0.00264748218021328 -0.129324637761155 0.19042284361073
v -3.86989683491138e-05 -0.129332833399365 0.188984047122656
v -0.0145206285183439 -0.127453409644981 0.187577511647846
v -0.00857841828687207 -0.128162540966417 0.183381449057576
v -0.00602974244152532 -0.128161304170105 0.181452553388792
v -0.00243675090140861 -0.129098333838428 0.18637790859391
v -0.00907273634288083 -0.128717072748885 0.19199920761587
v -0.0208195604221764 -0.125675149868432 0.192659880384954
v -0.00644944573088703 -0.12871336235995 0.185507338072941
v -0.00873080127823208 -0.12871023311627 0.189294974745177
v -0.000430437509045346 -0.127442397687458 0.176754709107696
v -0.0026513129425847 -0.128710411930194 0.183254118638021
v -0.0237711953092277 -0.124491029158649 0.192812512975651
v -0.021004742730183 -0.12553709061749 0.189124490563769
v -0.0173946330164158 -0.126586564442058 0.186706121563029
v -0.0121997206347315 -0.128156491095301 0.191751848345581
v -0.0116195895900483 -0.12816111045502 0.188455637057372
v -0.0131496295622378 -0.127453856679792 0.184415425708545
v -0.0128404733251401 -0.126593329568872 0.179116751720382
v -0.0105216897882047 -0.128161289268944 0.185925196425799
v -0.0107200382027316 -0.12745689651651 0.181238855840887
v -0.0180958592722686 -0.126572184822289 0.19002417795306
v -0.0267386291515744 -0.123115488142594 0.192867304544136
v -0.0296766257515858 -0.121548124488937 0.19241068827188
v -0.0157527989511028 -0.12658739890704 0.182918753111688
v -0.00753895990472549 -0.127453916284434 0.178824495252419
v -0.00146281990638215 -0.126593120952627 0.173908140348461
v -0.0239135703087459 -0.124345139347925 0.188766221953193
v -0.022588039449579 -0.124382019719872 0.183729137843941
v -0.0165864816215943 -0.125557654218817 0.178897838766176
v -0.0174829186663911 -0.124371678314566 0.175497900497215
v -0.0135508777644659 -0.125563093142357 0.175768863206308
v -0.00903457447114163 -0.126587443610521 0.17622056209548
v -0.00943358284269983 -0.125562199072734 0.173076655572429
v -0.0295800438805676 -0.121541754242873 0.189618955784612
v -0.0198545221602693 -0.125561394410073 0.184727023883305
v -0.0183192351169802 -0.125554733591383 0.181471164938707
v -0.0190226984095355 -0.12155292266258 0.16924292960965
v -0.0119513955909272 -0.124371328137297 0.171139549364011
v -0.00822029311146789 -0.124382295391339 0.16939422109587
v -0.0105971818606692 -0.123035111283491 0.167287211851316
v -0.00775264161328587 -0.123034723853321 0.166252519944626
v -0.0233145585625358 -0.123035483812501 0.178604613722758
v -0.0247000926692724 -0.123035200690454 0.181373681544356
v -0.0259749446819789 -0.119931639160079 0.172725718332997
v -0.0280469026043735 -0.119931393290933 0.175888772847754
v -0.0235249927494553 -0.119931713665881 0.169801529426838
v -0.0208436481479344 -0.124371603808764 0.180020611434714
v -0.0148659461463994 -0.124375999651077 0.173096727436109
v -0.0195566256124856 -0.12303546146076 0.173545505697753
v -0.019303827426599 -0.124371596358184 0.177670355640269
v -0.0132341470812814 -0.121552527781829 0.165455456850183
v -0.0166284563277464 -0.123042122279451 0.170861136074488
v -0.00320044724536625 -0.124384262344509 0.168172594126181
v -0.0373545678478749 -0.116252319144271 0.189065034931934
v -0.0395500414886788 -0.114507534824521 0.192071537850688
v -0.0267157037163261 -0.123014696693767 0.188359032831512
v -0.0283911697006221 -0.121552416023127 0.183417733384272
v -0.0257380218198347 -0.123035111283491 0.184218715484022
v -0.0238193241946176 -0.121552907761419 0.174325626172298
v -0.0257185646296654 -0.12155292266258 0.177225705000184
v -0.0215722292089592 -0.121553108927084 0.171643849351022
v -0.0215916510088725 -0.123035647725265 0.175974976063334
v -0.0133676381952442 -0.123035297547996 0.168669071003741
v -0.0101294521313952 -0.121552095648178 0.164122398999578
v -0.00417619781177376 -0.119929098512234 0.159924429060718
v -0.00382843383227857 -0.121551261183197 0.162587147297252
v -0.032268347323987 -0.119912923302639 0.189435790715312
v -0.0291592872654313 -0.121552110549339 0.186574067475481
v -0.0297127349884823 -0.119931020761923 0.179218794869956
v -0.027245644858874 -0.121552803453297 0.180278759145466
v -0.0207439519343963 -0.119931549753117 0.167182695109039
v -0.016222388531457 -0.121552639540532 0.167168583709704
v -0.0114767303028177 -0.11430677149069 0.153910320537307
v -0.00724444778299357 -0.114305251572331 0.152883258024977
v -0.0069724732006787 -0.121551715668589 0.163170289326378
v -0.00760556064105441 -0.119929597701107 0.160560574519025
v -0.0342425871618843 -0.118661300336323 0.192050199388336
v -0.0365448648697287 -0.114308403167752 0.176286052697464
v -0.0309617800540517 -0.119930566276531 0.182641695827804
v -0.0302918108447459 -0.118177191437821 0.174602176816713
v -0.0280545897404858 -0.118177362801166 0.171185847270805
v -0.0261156991803056 -0.118168995799611 0.168804790776861
v -0.0176905737868994 -0.119931244279329 0.164921026715911
v -0.013775146747478 -0.11817598444383 0.159896996023573
v -0.0144334055073683 -0.119930670584654 0.163052868178795
v -0.0110471494067675 -0.119930193747522 0.161598857605483
v -0.000894369043132462 -0.119966120445204 0.159724559790092
v -0.0348617154746105 -0.118147158149071 0.189242075624121
v -0.0367836000855044 -0.116298035904324 0.185160900984088
v -0.0343436989856587 -0.118175664068882 0.185612778687191
v -0.0358144509659769 -0.116299004479749 0.181178372028953
v -0.0343703124581016 -0.116299503668622 0.177219282599853
v -0.0334391612975491 -0.118176230312977 0.18189499865707
v -0.0320896377075215 -0.118176990272156 0.17819732029295
v -0.0330000986068831 -0.110010990469864 0.162690188824605
v -0.0256501720288005 -0.116300546749848 0.164763104213109
v -0.0239496180783558 -0.118177310647104 0.166569273921044
v -0.0222662675175726 -0.116300092264457 0.161933060841268
v -0.0173708936052816 -0.11817675185359 0.161692019663184
v -0.0207885958109018 -0.118177273394203 0.16392629972265
v -0.0147531546068528 -0.11629866920364 0.157616701179369
v -0.0107942701958214 -0.116297685727055 0.156175565209041
v -0.0100768184389572 -0.118175425650316 0.15855116787811
v -0.00273699228647691 -0.118190624833906 0.157197531524356
v -5.01350436063764e-08 -0.116550118834512 0.154906269425759
v -0.0324446168754399 -0.116299928351692 0.173368301092797
v -0.0264142979452723 -0.114296996329479 0.162259888002428
v -0.0300478751239967 -0.116300323232443 0.169708471677263
v -0.0279708992358433 -0.116289989277717 0.167156990606554
v -0.0214156720300471 -0.107483202326083 0.150922414267307
v -0.0197832741245462 -0.114308693740379 0.157487701829798
v -0.0186049294770559 -0.116299585625004 0.159539532075684
v -0.0156869227836975 -0.11430755380161 0.155442487699334
v -0.00681169759639459 -0.116296806558592 0.155209746467849
v -0.00314785313413548 -0.114342474670966 0.152387928536804
v -2.03166894457161e-08 -0.114326895507786 0.152242910439307
v -0.00635927974073595 -0.118174531580693 0.157649513535585
v -0.00292226865805843 -0.116307423635365 0.154713582514668
v -0.039728739929274 -0.114243277646301 0.188889260838421
v -0.0419394649077293 -0.112162002773377 0.188661988332972
v -0.0391099431673663 -0.114306875798813 0.184728961034217
v -0.0380807498220781 -0.114307516548709 0.180496569413768
v -0.0364413949373237 -0.112215192465362 0.171072136512276
v -0.0351907927004944 -0.107861393776587 0.162349265165271
v -0.0354839395034063 -0.110013605623511 0.165723126402725
v -0.0364601741246956 -0.107834497182097 0.163894843372073
v -0.034496834485618 -0.114309043917648 0.172190528239521
v -0.0314179977056078 -0.112199993281772 0.164095398096098
v -0.0319484268611582 -0.114309759173347 0.168299492412072
v -0.0289367272592506 -0.114309774074507 0.164703648581274
v -0.0236762395273362 -0.114309178028092 0.160032790302497
v -0.0209031894595322 -0.112213151006389 0.155542057256206
v -0.0250125252990091 -0.112214581517786 0.158230062762721
v -0.0165737206403719 -0.11221241339895 0.153380733280314
v -0.0454650496518726 -0.108001971323634 0.185646321200289
v -0.043507942423125 -0.108029292601195 0.177423204986232
v -0.0422542034920352 -0.110065901245873 0.179372664257005
v -0.0402282566276112 -0.112213151006389 0.179847415242029
v -0.0383546331499057 -0.10999016609823 0.170082013977721
v -0.0386064404086268 -0.11221395566905 0.175400387300542
v -0.0337516051031561 -0.1122151403113 0.166963707649029
v -0.033508295231143 -0.107870237615274 0.160469453920362
v -0.0303259829307927 -0.110066430237066 0.159979026914112
v -0.0288138019993215 -0.112214857189253 0.161409210531208
v -0.0264219925319648 -0.110006028383457 0.156616252140337
v -0.0121268446472365 -0.112210938184073 0.151761617844665
v -0.00814521827149404 -0.109992326766485 0.148586746709345
v -0.0128279246854531 -0.110064053501985 0.149804201353992
v -0.00341121833820882 -0.11005760129954 0.148022246032456
v -0.00765393027331678 -0.112209835498204 0.150676664322391
v -0.042028935199955 -0.112203539757943 0.191937084676241
v -0.0450623942213109 -0.107787476570511 0.182374503112409
v -0.0434483005286947 -0.109988437563625 0.184022452294325
v -0.0444686798376167 -0.107797400743325 0.179959144146163
v -0.0417712531587531 -0.107835570065645 0.172638054803653
v -0.0406435556927574 -0.109992639690853 0.17470028605982
v -0.0378501692663216 -0.107868576135892 0.165837418306528
v -0.0220570440499341 -0.110004024177385 0.153740581413941
v -0.0234860820944069 -0.107951165817311 0.152507718968964
v -0.0150696664292442 -0.107500189648919 0.148197111155157
v -0.0174679690772375 -0.110007697313419 0.151443329048678
v -0.0127686497320972 -0.107400679699886 0.147403490228873
v -0.0188293130127384 -0.125602074577917 0.20138604488851
v -0.026311785412422 -0.123099573703305 0.196865628729784
v -0.0440859472584861 -0.110079386796019 0.192915345886752
v -0.034192847088528 -0.118289583440005 0.198328177668269
v -0.00552897404571604 -0.129102550866816 0.194590996326707
v -0.00139105754779517 -0.129325174202929 0.194695662080593
v -0.00274305659309126 -0.118261800226472 0.226702536045703
v -0.00285940950996927 -0.125578143314343 0.212897906909185
v -0.00322831730472449 -0.124394722959098 0.215797598306888
v -0.00774369998573394 -0.123100065441598 0.217612455391605
v -0.00764599121446182 -0.112383605380003 0.23314415887421
v -0.00276767982930057 -0.108130993020805 0.237706983736746
v -0.00414969982332385 -0.108127990436988 0.237604195529129
v -1.19834344627241e-06 -0.109973193676554 0.236180061783342
v -0.00138442990746917 -0.108132997226876 0.237769091775214
v -0.00272991772775476 -0.129325338115693 0.193356509655196
v -0.00278602874566639 -0.129340865124811 0.191999416232122
v -0.00646049354432675 -0.128720231794886 0.198417316412539
v -0.00305198093088048 -0.12909881067556 0.197233717205367
v -6.83738216193136e-05 -0.129106902005648 0.198011989935964
v -0.00972460436761218 -0.128173403912335 0.199180404860219
v -7.1304056728387e-07 -0.128725685619586 0.201017598785067
v 0.000644832465139889 -0.125686385343361 0.212790767562596
v -0.00269154374731074 -0.128717132353527 0.200687344356909
v -0.00751311244505852 -0.128174551301685 0.201482962038749
v -0.00938018453446967 -0.1274767597633 0.203849653813623
v -0.0128184047066138 -0.126622208017693 0.204776237798268
v -0.0111122246368023 -0.128173284703052 0.196755956185848
v -0.00870231677883869 -0.128717311167451 0.194638069093866
v -0.00604114415752412 -0.129104085686336 0.19192979800858
v -0.00224189494634628 -0.128173046284486 0.20387608847299
v 0.000206812753837295 -0.128174551301685 0.204112316576116
v -0.0115467871770328 -0.125602447106927 0.209587777936732
v -0.00903534374354636 -0.126616292257021 0.207674081452025
v -0.00480227425618958 -0.128173239999571 0.203092570533769
v -0.0121469127849815 -0.12747404775211 0.200976233162517
v -0.0118846924091206 -0.128173061185646 0.194195325802371
v -0.0152685456976098 -0.127435975287334 0.191546584854724
v -0.0148493890945696 -0.12747325799061 0.194747801242445
v 0.000426786608336355 -0.127469055863382 0.207142795462695
v -0.00196630450433237 -0.126602016945375 0.210002968981796
v -0.00279551379991102 -0.127473168583648 0.206840853240173
v -0.00599499945477134 -0.127473675223101 0.20586236851225
v -0.0165339792456322 -0.125597470119359 0.204999025054298
v -0.0204476535360636 -0.125600599363039 0.196952427991798
v -0.0157003841194579 -0.126616426367465 0.200988660730675
v -0.0138824825996796 -0.127473690124261 0.197947900043102
v -0.0173219004525895 -0.126615666408285 0.197217460038868
v -0.0179971986893771 -0.126623340505882 0.193452547636944
v -0.00362594103252029 -0.123080105337266 0.218584622027324
v -0.00526629452785092 -0.126615487594361 0.209307755321836
v -0.00723723934665861 -0.125601150705974 0.211755762731528
v -0.0144332266934437 -0.125594802811651 0.207287053600988
v -0.0105748710982868 -0.123100341113065 0.216579119490554
v -0.0174193801185208 -0.124422513623211 0.208396936765382
v -0.0133296644506548 -0.123100437970607 0.215201179343436
v -0.00823032159240521 -0.124433100897662 0.214475835536215
v -0.0119198712548158 -0.124422521073791 0.212741072191125
v -0.0183644489628704 -0.123100482674089 0.211461136978988
v -0.0226490075472833 -0.12163401477738 0.210929746681532
v -0.0148306732371294 -0.124426983971325 0.210779662189342
v -0.0159463184583433 -0.123100482674089 0.213487158414263
v -0.028810199643799 -0.12002755047888 0.206367145336409
v -0.0269513711557082 -0.120028124173555 0.209607864701572
v -0.0302576070937332 -0.120027073641748 0.202996949784526
v -0.0192281481583071 -0.124422401864508 0.206232960382857
v -0.0232617525754308 -0.124432005662374 0.197638119809967
v -0.0214189130324302 -0.124434382397455 0.202681313395173
v -0.00931287413037755 -0.120027483423658 0.222816566612946
v -0.0127190791594402 -0.120027781446866 0.221574107820374
v -0.0116640593092419 -0.121633634797791 0.219115535487632
v -0.0238616770177144 -0.118292288000615 0.217292899996946
v -0.0191831336154371 -0.120028519054305 0.217853243249955
v -0.0175909427659379 -0.121634081832602 0.215703586883018
v -0.014703705106124 -0.121633865765777 0.21759505083572
v -0.0247127325785667 -0.121633739105913 0.208143378612174
v -0.0210360035020201 -0.123107121141039 0.208546753036676
v -0.0264168832965987 -0.121633403829805 0.205171505991261
v -0.0232173433922013 -0.123100378365966 0.205301742137184
v -0.0332955178367533 -0.118290194387581 0.20203001345627
v -0.0245921020973364 -0.123100072892178 0.202546040656879
v -0.0277439731896706 -0.121633016399635 0.202080796612483
v -0.0319245216746148 -0.120026075264002 0.196157987501666
v -0.0286914802363878 -0.121632688574106 0.198938708031057
v -0.0256217517906613 -0.123099804671291 0.199714700884043
v -0.0147139096070183 -0.116432474173293 0.226216862509768
v -0.00539961846942065 -0.121633120707757 0.221019397206171
v -0.00854138238406426 -0.121633374027484 0.220254878247048
v -0.0220929800608412 -0.120028489251984 0.215415651751705
v -0.0202589396530463 -0.121634148887824 0.21346805512604
v -0.0312912782377163 -0.120026507397653 0.199571098396828
v -0.0292717388722567 -0.121632234088715 0.19581026891298
v -0.00255652968819077 -0.120009348711473 0.224117274043323
v -0.0137386584623142 -0.118291937823346 0.223942453624104
v -0.00588578279673269 -0.120026999135946 0.223650435574715
v -0.0197240848528624 -0.114461058105289 0.226346934742921
v -0.0160345556795474 -0.120028288086319 0.219915563913087
v -0.0279450606237403 -0.118292191143072 0.212692539110201
v -0.0247000051249551 -0.120028414746182 0.212647239581185
v -0.0301686359903803 -0.118291475887374 0.20929172167275
v -0.0346414539724188 -0.118306198233832 0.194723333536312
v -0.0321131331121544 -0.120069340783172 0.192885513762708
v -0.00635613326758896 -0.118290417904987 0.226186479042773
v -0.00680720443087805 -0.116431036211317 0.228619287268386
v -0.0121024458597555 -0.112384842176315 0.232060084520427
v -0.0185495027483687 -0.116433070219709 0.224298501961712
v -0.0100577812752462 -0.118291148061845 0.225285748572221
v -0.0173184191689952 -0.118292198593652 0.222152138751325
v -0.0207181971413205 -0.118292168791332 0.219926069231494
v -0.0278457984064984 -0.11642299703529 0.216731886191698
v -0.0259956982731014 -0.118283995504862 0.215088690480097
v -0.0384572499908787 -0.112384417493244 0.208505148995553
v -0.0342292170957312 -0.116431922830359 0.206686894446159
v -0.0319561419369461 -0.118290686125874 0.205711211136478
v -0.0356641131588794 -0.116431036211317 0.202744568823027
v -0.0369324477765637 -0.116675877177559 0.192039977191985
v -0.0109773998689853 -0.108110995663572 0.236474896152133
v -0.0123171995205409 -0.108107993079755 0.236123094645371
v -0.00723817253182755 -0.11445875587601 0.230940739118887
v -0.00292147633542123 -0.116384105006692 0.229189659002654
v -0.0107720786427219 -0.116431744016435 0.227654884137476
v -0.0114556926583254 -0.114459798957236 0.229914630280853
v -0.0156462649675942 -0.114460596169317 0.228385905286985
v -0.0277879986680203 -0.112371989925485 0.223286698238104
v -0.0334102977498885 -0.108063997403726 0.223398501648042
v -0.0352532993430082 -0.108050996141292 0.221330697357713
v -0.0255584553866472 -0.116433450199299 0.219093347659111
v -0.0221919833704215 -0.116433614112063 0.221912751602096
v -0.0299320744813753 -0.116432861603463 0.214167515616845
v -0.0318291579734578 -0.114461341227336 0.21557241196396
v -0.0323146340534247 -0.116432444370973 0.210523004594676
v -0.034362496799481 -0.114460454608293 0.211698318756409
v -0.036398654684057 -0.114459471131708 0.207619796523009
v -0.037924622914172 -0.114458189631915 0.203428904635558
v -0.0457516995488578 -0.107955993793275 0.196150939252579
v -0.0366257297418336 -0.116429911173708 0.198780204382981
v -0.00309506623914227 -0.114394397764318 0.231558541248175
v -0.0165307605949896 -0.112385952312763 0.230444545363384
v -0.0235969169253309 -0.114461460436619 0.22381081676906
v -0.0271779079090659 -0.114461594547062 0.220811660122611
v -0.0336294342144713 -0.112386570710919 0.2169067513144
v -0.0296112990644695 -0.114448995615959 0.218299890645596
v -0.0392891966761858 -0.108011992353991 0.215706790632603
v -0.0385526993737079 -0.108019994277117 0.216881285230489
v -0.0393532344129289 -0.110181876977129 0.211677144206826
v -0.0429554968031098 -0.107967996677963 0.208260889166723
v -0.0412499993927082 -0.110249111012774 0.207114513059381
v -0.0363059620158986 -0.112385527629692 0.212813983571217
v -0.0389474832662977 -0.11445721360591 0.199211458879453
v -0.0400698461168765 -0.112383061487649 0.204076449481924
v -0.0394407973566257 -0.114493713998267 0.195133264471592
v -0.0371187979630153 -0.116441228605018 0.194905127698813
v -0.00329959397861526 -0.110199780721328 0.235852102133957
v -0.00792236117342822 -0.11016983683954 0.235288480625559
v -0.0239625690493732 -0.110197612602493 0.228882620583118
v -0.0208390753543421 -0.112386697370782 0.228290180229615
v -0.0271863997078388 -0.108090990855758 0.22889148677383
v -0.0249309451712058 -0.112386764426004 0.225611279332386
v -0.030463488976156 -0.112387248713717 0.220691914393933
v -0.0336824152902107 -0.110200890857777 0.220280999982037
v -0.0411505788506372 -0.11238194390062 0.199620793768299
v -0.0435648350534648 -0.110226558106535 0.197817991722718
v -0.041652576592178 -0.112449535564115 0.195250298188993
v -0.00332006235221484 -0.112331905804057 0.233767087002834
v -0.00552715982943949 -0.108124995303751 0.237460399326822
v -0.00689969965866139 -0.108121992719934 0.237276399792513
v -0.00826598938242542 -0.108117991758371 0.237053001588888
v -0.00962602946639283 -0.108113990796809 0.236785197925898
v -0.0136459993217667 -0.108105996324263 0.235731983876258
v -0.0149190836843229 -0.110244342641452 0.233325878530907
v -0.0115098993545063 -0.110202991921391 0.234426195150028
v -0.0149628996151047 -0.108103992118192 0.235301697955242
v -0.0162667995773316 -0.108102993740446 0.234832400795093
v -0.0175529988236693 -0.108100996984955 0.234323585756341
v -0.0188221995713009 -0.108099991156629 0.233770097037328
v -0.0209975976237796 -0.108097145034996 0.232717017098136
v -0.0225359990095886 -0.108096996023393 0.231898988070361
v -0.0194661941954152 -0.110269935384408 0.231363246633934
v -0.0237332997957303 -0.108095990195067 0.231199095445891
v -0.0249064998175986 -0.108094991817321 0.230464393709651
v -0.0260573983903096 -0.10809299506183 0.229694793454674
v -0.028290499323724 -0.108087995722522 0.228054890899623
v -0.0293691980490924 -0.108083994760959 0.227185691285453
v -0.0304215980890311 -0.108079993799396 0.226284498878915
v -0.0281435142777125 -0.110199251730135 0.225799123366197
v -0.0314463993172966 -0.108074994460088 0.225352401464751
v -0.0310841986745278 -0.110202991921391 0.223084191462006
v -0.0324428995167059 -0.1080699876702 0.224390188804488
v -0.0343471970330585 -0.108057992236092 0.222378397977835
v -0.0369696969522295 -0.108035990672787 0.219156185854461
v -0.0361279974574522 -0.108043992595913 0.220256189549203
v -0.0377782972445074 -0.108027996200242 0.218031088604828
v -0.0399951987539411 -0.108003990430866 0.214516187879826
v -0.0367789062199839 -0.110197061259558 0.216123114165892
v -0.0412966996293465 -0.107987994035196 0.212074394254214
v -0.0406682990695723 -0.107995995958321 0.213308389187417
v -0.0424450985324034 -0.107973994395016 0.20954308935531
v -0.0418896987573423 -0.107980990489816 0.210817987975076
v -0.0434289960754193 -0.107962997338654 0.206960896992067
v -0.0438643968059213 -0.107958996377092 0.205644588046269
v -0.0442582978047585 -0.107955993793275 0.204316298567139
v -0.0446111982608036 -0.107953997037783 0.202976892822007
v -0.0449227964255589 -0.107952991209458 0.201626937054986
v -0.0451927980011069 -0.107951992831712 0.200267966085643
v -0.0427300236200743 -0.110182562430506 0.202476720456554
v -0.0456060965854718 -0.107954995415529 0.197529758568188
v -0.0454202977419543 -0.107952991209458 0.19890222998927
v -0.0458544989290456 -0.107957990548766 0.194769422826854
v 0.00495264791920428 -0.125600599363039 0.212447921653511
v 0.00521793746844262 -0.126615651507125 0.209322149843227
v 0.00486544213769541 -0.123099476845763 0.218312407620719
v 0.00537144037513762 -0.121632204286394 0.221026698774993
v 0.00234887154088432 -0.12164999627189 0.221391628204473
v 0.00721184683804456 -0.114457317914033 0.230947802269135
v 0.00415810454344076 -0.120025084336837 0.223924885155449
v 5.46380377829338e-09 -0.112382457990654 0.233847434062195
v 0.0116366830836519 -0.121633143059498 0.219128708113833
v 0.0215468469448929 -0.123121687025313 0.207776973967769
v 0.0231224062367603 -0.122335606111663 0.208198632116646
v 0.0222020993956761 -0.122793719935877 0.207982550383004
v 0.0321233329564361 -0.120004371723905 0.194562490405981
v 0.034655297150414 -0.116987996882928 0.203519488792431
v 0.0343721974548899 -0.116881990027968 0.20474078793658
v 0.0417435966050835 -0.112361343046392 0.195264320181363
v 0.039528885566226 -0.114416078952675 0.195148031522005
v 0.0438558025616708 -0.11019633855328 0.195301558182354
v 0.0286590273717201 -0.121757105812719 0.19812754843844
v 0.0294397438676326 -0.121622488729825 0.194362561530712
v 0.0267175961636947 -0.120526769154009 0.208464737047298
v 0.0273117575822003 -0.12022749424889 0.208427618255594
v 0.0287049806876942 -0.119508766580168 0.208242694849312
v 0.0278856981260672 -0.119928822840767 0.208367670885451
v 0.029914096231374 -0.116432474173293 0.214191387276544
v 0.0316011664943178 -0.118038133809133 0.207302550808283
v 0.0320158508865982 -0.117834844728617 0.207082460662369
v 0.0344738978744995 -0.117329993414863 0.202612797857535
v 0.032430863104407 -0.117635854632871 0.206829856183458
v 0.0332222525564434 -0.117276013961378 0.206229965249524
v 0.0335771087897887 -0.117128894804923 0.205888907479743
v 0.0339095425020486 -0.117003814464674 0.205500806745124
v 0.0363864208313831 -0.114460558916416 0.207646544106754
v 0.0341513883350542 -0.116461866712148 0.206772620824591
v 0.0355047154462693 -0.116558545440708 0.202723945616395
v 0.0344724003078811 -0.116872989727097 0.20449998517707
v 0.0345746967739059 -0.116883994234039 0.204169894661682
v 0.0346356983992211 -0.11692299057076 0.203842888686592
v 0.0343395974412635 -0.11748499528516 0.202340598352091
v 0.0341811981063991 -0.117649988383494 0.202096889866213
v 0.0345734003729526 -0.117192992146308 0.202902893657173
v 0.034633899084105 -0.117078990818803 0.203202690112531
v 0.0340097975091011 -0.117814996382988 0.201887647765406
v 0.0369288938498125 -0.116678551935848 0.192039619564124
v 0.0338211003898893 -0.11798499627121 0.201696167848345
v 0.0395335347282653 -0.114521944246611 0.192075590966442
v 0.0342486593847401 -0.118656651174284 0.192050527213875
v 0.0268475603592595 -0.123057455573485 0.191014971039855
v 0.0266348760971222 -0.123089731486873 0.19488584559666
v 0.0246320092674854 -0.123309151073503 0.201287414104773
v 0.0254064002208156 -0.122986213125697 0.201061721122375
v 0.0238804673809565 -0.123602942351601 0.20153699364803
v 0.00254176170692934 -0.129325651040061 0.19371665581204
v 0.0118763691797245 -0.128173031383326 0.194241862127739
v 0.00287036582097103 -0.129335798730281 0.191999013900779
v 0.00259106126473182 -0.129102550866816 0.197529043312467
v -4.86698983850816e-18 -0.129399992929208 0.191999997377396
v 2.75988917086903e-05 -0.129333101620252 0.19499076467028
v 0.00523376855436508 -0.12909881067556 0.195052082947222
v 0.0189462982976101 -0.124826990720629 0.204970891662593
v 0.0165325207945597 -0.125612684204109 0.20492825944137
v 0.0156741524892498 -0.126616307158182 0.201035748398995
v 0.00868742400035905 -0.128717132353527 0.19469178777877
v 0.00948288891975997 -0.128174551301685 0.199513460706618
v 0.00641747994789931 -0.128720216893726 0.198460559581357
v 0.00661405512434076 -0.128176458650214 0.202141533744152
v 0.0026381140069454 -0.128717311167451 0.200702439232861
v 0.00347861372548125 -0.12817319529609 0.203575308541015
v 0.00904649260547994 -0.128720932149424 0.191999148011227
v 0.0231348114527786 -0.123875603784278 0.201821158785645
v 0.0225734940544007 -0.124067620136965 0.202059026016466
v 0.0219750131620292 -0.124258913783373 0.202339495666187
v 0.0110926324048671 -0.128173254900731 0.196802567017021
v 0.0138625169074123 -0.127473675223101 0.197995166525353
v 0.0197518196376241 -0.12480831211609 0.203799332593396
v 0.0186933790397954 -0.125637375426863 0.201436142591324
v 0.0192075528920137 -0.124861360247051 0.204430158337277
v 0.0121153372261313 -0.12747401794979 0.201019401825531
v 0.0100075438756622 -0.127472527833751 0.203300337419651
v 0.0121595107847622 -0.128164969855559 0.191774185185711
v 0.0180023172379684 -0.126602255363941 0.193967680767901
v 0.0148410770410438 -0.127473168583648 0.194795619067648
v 0.0152032255297512 -0.127452813598566 0.191560726056381
v 0.0214056081588538 -0.12442793764559 0.202638278842607
v 0.019241900066695 -0.124376990578243 0.206372494853158
v 0.0182767109305391 -0.12444899298521 0.207328300014251
v 0.0127763564259824 -0.126622237820014 0.204818571996274
v 0.0089891315199106 -0.126616411466304 0.207700531012553
v 0.00938603882785489 -0.125602074577917 0.210829670485191
v 0.00750154961026308 -0.127473883839346 0.205109085028415
v 0.00435272813353337 -0.127473481508016 0.20646169320207
v 0.00146038752478037 -0.126624771017279 0.20999213583785
v 0.0173078747353796 -0.126615487594361 0.197266872288282
v 0.0202759698167183 -0.12471009856801 0.203361014946676
v 0.0208134136935186 -0.124585033128921 0.202990050547047
v 0.0190407995941099 -0.124850996490005 0.204728986217179
v 0.0188795001209061 -0.124728993239375 0.205476398643634
v 0.0189146985243743 -0.124655992454662 0.205724383762679
v 0.0189914991049849 -0.124570996235841 0.205958689616054
v 0.0191034999517088 -0.124476992265569 0.206174890558983
v 0.0194732089166652 -0.124227479785546 0.206629480273363
v 0.00771474796243355 -0.12309976741839 0.217622245454291
v 0.0204366546170563 -0.125600316240992 0.197002287276038
v 0.0232232815046137 -0.124448344784734 0.197629641049438
v 0.0194486983704813 -0.124845989700117 0.204117889610278
v 0.018889899268208 -0.124786996006163 0.205222289147475
v 0.0202393017863074 -0.123796620183671 0.207190583485575
v 0.0206593040301993 -0.123574347024828 0.207413177026514
v 0.0106813343012835 -0.124434382397455 0.213419313428864
v 0.0134838029849724 -0.125602834537097 0.208150799390283
v 0.0208929989284757 -0.125648968529641 0.192673887476164
v 0.0275559615238364 -0.12198905727523 0.200615788982456
v 0.02386910710881 -0.124449030238111 0.192835639577307
v 0.0221484775700402 -0.124416664917761 0.201069782650401
v 0.0198373895511197 -0.124014251631055 0.206930230403016
v 0.0210987671895506 -0.123347856837596 0.207608233222181
v 0.0175651581705413 -0.121633761457654 0.215723941868753
v 0.0165477851707264 -0.123107091338718 0.213035787350629
v 0.0163958343130175 -0.124422528524371 0.209420780626965
v 0.0201766610333501 -0.12300854251453 0.209877694922439
v 0.0142330296037069 -0.124422424216248 0.211228455352147
v 0.0133037010413336 -0.123100266607263 0.215216944771626
v 0.0289066660308243 -0.121278465640077 0.200478951622271
v 0.026788967133991 -0.122361683142332 0.200745548291231
v 0.0259606526065272 -0.123126924783187 0.198243613580384
v 0.0261513613823906 -0.122666456575632 0.200880523006308
v 0.0240646419979923 -0.121868730405143 0.20835259091066
v 0.0202359546131566 -0.121633731655333 0.213491315838144
v 0.0105468150072544 -0.123100057991018 0.216592292116755
v 0.000845751679078734 -0.120075636523434 0.224104280231052
v -0.00118119356309087 -0.121527545986448 0.22170282404789
v 0.00563836160143783 -0.124431983310634 0.215262110190195
v 0.000797100612791172 -0.124507219269404 0.215735415762616
v 0.0312022810573327 -0.119912416663186 0.200576241301531
v 0.031525531929507 -0.12007509263108 0.198162253242085
v 0.0300471654562335 -0.120628328012595 0.200466449548309
v 0.0294775946776488 -0.120958820848716 0.200459296991096
v 0.0283155369984564 -0.12159696304209 0.200524653482631
v 0.0259002637914327 -0.120941550403832 0.208479295481459
v 0.0246795719087808 -0.120027505775399 0.212672154322144
v 0.0226516096624151 -0.121601984733139 0.211012775949848
v 0.0206473532995727 -0.120027475973078 0.216700370236478
v 0.0185221907840329 -0.116431714214114 0.224315295570002
v 0.0143655120953762 -0.120026902278403 0.22081095976805
v 0.0109949701997211 -0.120026291330828 0.222258503237549
v 0.0146765840629056 -0.121633530489668 0.217611799740527
v 0.00329883471792766 -0.112423190312559 0.233675310753093
v 0.0085127898512581 -0.121632748178748 0.220265085542237
v 0.000882398754732815 -0.123140089958385 0.218688199996467
v 0.032289391487737 -0.119179264671214 0.200836296360873
v 0.0317588617493541 -0.119544931696416 0.200686331077971
v 0.0306228606117353 -0.120279283231799 0.2005036875493
v 0.0249837511583108 -0.121404350642987 0.208443279375659
v 0.0264146984139576 -0.120020993968312 0.210396687454059
v 0.0227614982696548 -0.120020993968312 0.214761490789916
v 0.011429039139014 -0.114458100224953 0.229925254808547
v 0.017607080722632 -0.120027326961474 0.21895206975299
v 0.0172911742598811 -0.118290686125874 0.222169215481671
v 0.00756907095890686 -0.120025769790214 0.22329182423744
v 0.00632832909929928 -0.118288674469222 0.226193214367482
v 1.30321502930764e-07 -0.11874262341911 0.226125101161187
v 0.0336097982103775 -0.11816699159354 0.201516325737916
v 0.0340683180912127 -0.118306108826869 0.198894019449636
v 0.0347090232841726 -0.118256338951192 0.194745402155547
v 0.0332880449048216 -0.118430786835788 0.201289634377741
v 0.0328097586347392 -0.118800954011427 0.201037432230172
v 0.0296099337456495 -0.119045683218966 0.208041365264922
v 0.0305160770337903 -0.118581906953806 0.207762862568434
v 0.0306507984248072 -0.118282989676536 0.208414192309658
v 0.0311728196006118 -0.118250907478233 0.207501630317383
v 0.0291426221801887 -0.118242980060909 0.211091141154815
v 0.0323057827641576 -0.116430544473024 0.210543642702468
v 0.0266564473894207 -0.118291595096657 0.21432807562512
v 0.0278461988751836 -0.116421991206965 0.216732199116076
v 0.0255369232098947 -0.116432161248925 0.219114864935394
v 0.0238376060557617 -0.118291528041435 0.217315743476545
v 0.0206928800698309 -0.118291110808944 0.21994557485106
v 0.0100307459137 -0.1182893971755 0.225295553536067
v 0.00678112926285398 -0.116428868092481 0.228626126901221
v 0.0137097427605923 -0.118290112431199 0.223956639529244
v 0.00273298201168901 -0.118309156114167 0.226635376513704
v 3.4266643477335e-07 -0.116777592498329 0.228801856291252
v 0.0389414371204726 -0.114458606864406 0.199238131957394
v 0.0379152836119024 -0.114459627593892 0.203456054550646
v 0.037195643247107 -0.116378278652983 0.194927762562161
v 0.0366194451774423 -0.116430238999236 0.198807741728252
v 0.0341981556269142 -0.116916486214253 0.20507609385827
v 0.0328306984903665 -0.117450052064064 0.206549684556953
v 0.0336100105519129 -0.112387211460816 0.216932843247067
v 0.0318104719183383 -0.1144615051401 0.215598220774571
v 0.0263002984804122 -0.114448995615959 0.221611584239939
v 0.0288125204995286 -0.114461236919213 0.219178254473695
v 0.0235738480664139 -0.114460991050067 0.223829249505045
v 0.0196988702268504 -0.114460119332185 0.22636317700826
v 0.0221664688585568 -0.116432250655888 0.221932912872741
v 0.0146866814617097 -0.116430872298552 0.226229930827843
v 0.0107458321113535 -0.116429896272547 0.227664361275784
v 0.00290902012949474 -0.116443903363307 0.229114214425216
v 2.25552377282285e-06 -0.11466648550232 0.231365973546371
v 0.0411445923094536 -0.112383545775362 0.199646826096322
v 0.0343470256697141 -0.114461154962831 0.211724678909972
v 0.0304417556337383 -0.112387353021839 0.220715592338541
v 0.0156203593002695 -0.114459396625906 0.228399092814346
v 0.012814008864301 -0.110232377009665 0.234038481845592
v 0.00762145505690849 -0.112381861944238 0.233151043210528
v 0.00307343673918602 -0.114469216490598 0.231475780200754
v 0.0400605328916376 -0.112384894330376 0.204102630821557
v 0.0362910757566767 -0.112386384446414 0.212839196335393
v 0.038445060841686 -0.11238583310348 0.208531196224737
v 0.0368245931777162 -0.110259608880263 0.215942020357951
v 0.0345335993735714 -0.110202991921391 0.219201693999729
v 0.0320966934069625 -0.110185587366064 0.222090656561613
v 0.0249092602575594 -0.112386376995834 0.225628564678984
v 0.027788298553873 -0.112371989925485 0.223287100569447
v 0.0282738510022868 -0.110193343420043 0.225698868355925
v 0.0208139184703266 -0.112385766048259 0.228306303285666
v 0.0219561725073708 -0.110241831795927 0.230061689837388
v 0.0193884473911203 -0.108121337068877 0.233507553484122
v 0.0174851240381277 -0.110168912967596 0.232388163379099
v 0.0120769965404675 -0.11238311364171 0.232070187507491
v 0.0165056223374246 -0.112384335536862 0.230457732890746
v 0.0434255986108521 -0.110202991921391 0.198834966149145
v 0.0447857243764918 -0.107719914709337 0.203040401569596
v 0.0427344343635475 -0.110235811727133 0.202240954289415
v 0.0440528778583076 -0.10775277921856 0.205602313452907
v 0.0413900665750122 -0.110179701407713 0.206928382659069
v 0.0422185450152402 -0.107807965666036 0.210437680547587
v 0.0393717267529634 -0.110194282193147 0.211615095773002
v 0.0399012581136007 -0.108025425750076 0.214704389541498
v 0.0350931751988296 -0.107835666923187 0.221798996140085
v 0.0328254495566218 -0.107894012416664 0.224229837412465
v 0.0296987297603679 -0.107841821102425 0.227167601276168
v 0.0251235985484991 -0.110202991921391 0.228073591856504
v 0.0253169858079413 -0.107811184316679 0.230465988133863
v 0.0160604985997731 -0.107850731996334 0.235130602826239
v 0.0107572026280477 -0.10784904071463 0.236747706605173
v 0.00533278629944454 -0.107870140757732 0.237696955255487
v 0.00815815527267349 -0.110176058073999 0.235239113079627
v 0.00284278610140961 -0.107842148927953 0.237935880468729
v 0.00339845758981702 -0.110250094489359 0.235801050756848
v 0.0344724003078811 -0.116872989727097 0.20449998517707
v 0.0325562712701849 -0.118987732606239 0.200932081022887
v 0.0330705065896897 -0.118603185810832 0.201166059050722
v 0.0320242402398935 -0.119364210423299 0.200755591673651
v 0.0314949398472421 -0.119721748865513 0.200629453346965
v 0.010000015064379 -0.119842597276214 0.200959245839136
v 0.0100000178583465 -0.121359095818906 0.200793425721077
v 0.0288326389286898 -0.121319726953176 0.200482721615969
v 0.027574614051345 -0.121981554540978 0.200607876466039
v 0.00999999457528345 -0.122493625466937 0.201107780610596
v 0.0099999927126384 -0.123228342080749 0.20153855826992
v 0.0254524280425916 -0.122974679627561 0.201036508358199
v 0.0236212244432046 -0.123700917481115 0.201630215310375
v 0.0224586824762998 -0.124106147087133 0.202108035934537
v 0.00999998805602578 -0.123842627516351 0.202122162235033
v 0.0100000197209916 -0.124291986908842 0.202801565763319
v 0.0211049772481399 -0.124508731737183 0.202810953494661
v 0.0216767776128468 -0.12434959479488 0.202491442803485
v 0.0205366916946382 -0.124651410347844 0.203173737156978
v 0.0200159147657255 -0.124759860993107 0.203567276815311
v 0.019535596349896 -0.12483558869017 0.204016412704816
v 0.00999998526205821 -0.124635011620843 0.203738684868693
v 0.00999999923189607 -0.124699988130691 0.20449998517707
v 0.0191607353087374 -0.124855504091021 0.204499195415545
v 0.0308140946535022 -0.120161429954335 0.200522761035202
v 0.0297861436924609 -0.120782927551562 0.200456540276336
v 0.00999999923189607 -0.118781768767434 0.20153162923012
v 0.034655297150414 -0.116987996882928 0.203519488792431
v 0.0100000355534745 -0.117405810518888 0.203521649460756
v 0.0335076768329871 -0.118254014370173 0.201436544922667
v 0.0339300651251852 -0.117890649574249 0.201799522300075
v 0.0343395974412635 -0.11748499528516 0.202340598352091
v 0.0100000159957015 -0.118033551702316 0.202263708362049
v 0.0341811981063991 -0.117649988383494 0.202096889866213
v 0.034633899084105 -0.117078990818803 0.203202690112531
v 0.0345734003729526 -0.117192992146308 0.202902893657173
v 0.0344738978744995 -0.117329993414863 0.202612797857535
v 0.0346356983992211 -0.11692299057076 0.203842888686592
v 0.0345746967739059 -0.116883994234039 0.204169894661682
v 0.00999999923189607 -0.117299989928433 0.20449998517707
v 0.00999999923189607 -0.118674994502715 0.20449998517707
v 2.25831501191058e-08 -0.118844904983974 0.204499746758496
v 5.96741468160288e-09 -0.118943021674512 0.203836972925731
v 8.63736768366138e-09 -0.119597078307174 0.20285610401207
v 0.0100000085451213 -0.121136994023407 0.202167446862889
v 0.0100000048198312 -0.120485321576406 0.202231045017442
v 1.04720066910504e-08 -0.122116514350561 0.202641408086388
v 7.95047717662503e-09 -0.122767173518656 0.203256200181182
v 8.90264791143219e-09 -0.123064928505416 0.203879977675975
v 0.0100000066824763 -0.122878030701321 0.203119094600102
v 0.0100000066824763 -0.123224192107583 0.203783209537345
v -2.07548544816449e-08 -0.123157591371254 0.204499612648049
v 0.0100000299655394 -0.123329915840496 0.204499746758496
v 0.0100000066824763 -0.122423671969522 0.202654282689371
v 0.0100000094764438 -0.118715488406054 0.204039494602989
v 9.33723536488125e-09 -0.121271275830193 0.202355931646617
v 0.0100000076137988 -0.121865727821326 0.202335621364363
v 1.21522394412969e-08 -0.120377593637422 0.20242332959719
v 0.0100000085451213 -0.119888582257154 0.202445398216425
v 0.0100000076137988 -0.119297833204376 0.202908272976243
v 3.09752340228486e-09 -0.119214304749853 0.203298951611691
v 0.0100000076137988 -0.118926153560959 0.203435878378841
v -0.00500000054727056 -0.118639887368854 0.2040282591277
v -7.32205423052814e-10 -0.121906296230467 0.202255795845632
v -1.84048197207152e-10 -0.122703210287715 0.202794428107267
v -0.00500000054727056 -0.122542717339817 0.202642615080417
v -2.08672984185669e-10 -0.123139248042823 0.203398103936059
v -0.00500000054727056 -0.123045504842858 0.203234340178199
v 2.31872231000412e-10 -0.12336009069027 0.204028214424218
v -0.00500000101293182 -0.123307415088318 0.203816960666695
v -0.00500000008160929 -0.12340762539189 0.204499582845727
v 1.9999598760331e-14 -0.123399988547194 0.20449998517707
v -0.00500000008160929 -0.121842973749422 0.202246691236346
v -0.00500000008160929 -0.121079579852454 0.202088887942831
v -1.37426243450554e-10 -0.12092040565725 0.202088887942831
v -0.00499999915028677 -0.120093704180397 0.202255795845632
v -8.91246611270462e-11 -0.120157026661442 0.202246691236346
v 4.64092294855496e-10 -0.119457253268727 0.202642629981578
v -0.00500000008160929 -0.119296790123149 0.202794428107267
v -0.00500000008160929 -0.118860737466881 0.20339811883722
v 3.99989936039286e-10 -0.118954480666846 0.20323435507936
v 1.05063141349552e-09 -0.118692585322546 0.203816945765534
v -0.00500000008160929 -0.11859998951193 0.20449998517707
v -9.17636264183962e-11 -0.118592360117814 0.204499582845727
v -0.0207999989238844 -0.1199550637842 0.203205551135416
v -0.00500000008160929 -0.119834476143806 0.203319932446183
v -0.0207999989238844 -0.119531677114256 0.203728522276986
v -0.0207999989238844 -0.120626651632052 0.202878917689348
v -0.00500000008160929 -0.120334961417568 0.202980990641244
v -0.00500000008160929 -0.122275755600987 0.203422303421297
v -0.0207999989238844 -0.122205906411695 0.203361536487306
v -0.0207999989238844 -0.122530043902912 0.203860129329708
v -0.0207999989238844 -0.122661241169498 0.204499404031797
v -0.00500000008160929 -0.122610152541127 0.204102377501822
v -0.00500000008160929 -0.122649990793409 0.20449998517707
v -0.0207999989238844 -0.121724442469161 0.203008602492319
v -0.00500000008160929 -0.121598028475057 0.202947239511894
v -0.00500000008160929 -0.120924205453147 0.202843140002121
v -0.0207999989238844 -0.121222638442705 0.202860693569615
v -0.00500000008160929 -0.119489037443822 0.20381618580633
v -0.00500000008160929 -0.119334482608336 0.204499269921349
v -0.0207999989238844 -0.11932525133948 0.20449876328188
v -0.020799788444994 -0.119481907238579 0.203848983261384
v -0.0207997809944138 -0.119389490241888 0.204131956306131
v -0.0207995649275883 -0.119345621225722 0.20449928482251
v -0.0207999989238844 -0.119756990109818 0.203414495213006
v -0.0207997791317688 -0.12015383036254 0.203081513872411
v -0.0207997809944138 -0.120422684548739 0.202952559226321
v -0.0207999989238844 -0.120632992075795 0.202891285652862
v -0.0207998014835094 -0.119918980624334 0.203251521216671
v -0.020799786582349 -0.119619452399488 0.203593145230566
v -0.0207997903076391 -0.121440232637188 0.202908630604104
v -0.0207999989238844 -0.122140989506489 0.203307788000082
v -0.0207997828570589 -0.121716000961804 0.203012208573247
v -0.0217913992011529 -0.121000000205432 0.20449998517707
v -0.0207997903076391 -0.121970408473012 0.203164125908223
v -0.0207998052087995 -0.122289054886628 0.203467811566566
v -0.0207999989238844 -0.122416996249671 0.203654090978486
v -0.0207997698185436 -0.122519419375559 0.203852425429543
v -0.0207996226695848 -0.122654088612515 0.204499374229475
v -0.0207998089340896 -0.122609958826042 0.204134772625533
v -0.0207997847197039 -0.120852366958944 0.202855120535453
v -0.0207997679558985 -0.121148862797652 0.202855224843579
v -0.0207998107967346 -0.122609951375462 0.20486525733325
v -0.0207996226695848 -0.122654088612515 0.204500596124665
v -0.0207997698185436 -0.12251944917788 0.205147500221114
v -0.0207998033461544 -0.121970415923592 0.205835844445917
v -0.0207997809944138 -0.12114878084127 0.206144760411722
v -0.0207997828570589 -0.121715874301941 0.205987836286697
v -0.0207999989238844 -0.122140989506489 0.205692197255219
v -0.0207997921702841 -0.121440381648792 0.206091309947715
v -0.0207998052087995 -0.122288987831406 0.205532263095701
v -0.0207999989238844 -0.122416996249671 0.205345894276815
v -0.0217913992011529 -0.121000000205432 0.20449998517707
v -0.0207999989238844 -0.120632992075795 0.206108684701278
v -0.0207998033461544 -0.119918921019693 0.205748419335147
v -0.0207999989238844 -0.119756990109818 0.205585490042295
v -0.0207997809944138 -0.120153964472984 0.205918560789856
v -0.0207997903076391 -0.120422908066144 0.206047500534784
v -0.0207997903076391 -0.119619474751229 0.205406869827057
v -0.0207995649275883 -0.119345613775142 0.204500685531631
v -0.0207997791317688 -0.119389475340727 0.204867954443366
v -0.0207997921702841 -0.119481892337419 0.205150957290434
v -0.0207997921702841 -0.120852344607203 0.206144864719848
v -0.00500000008160929 -0.120773927250691 0.206143016975902
v -0.0207999989238844 -0.121001557376692 0.206158454578553
v -0.0207999989238844 -0.120486141140227 0.206072758002443
v -0.0207999989238844 -0.120019116422104 0.205837409067808
v -0.0207999989238844 -0.119564131841569 0.20534061926587
v -0.00500000008160929 -0.120065168458265 0.205884243416393
v -0.00500000008160929 -0.11960117612628 0.205383638917275
v -0.0207999989238844 -0.119325236438319 0.204501207072261
v -0.00500000008160929 -0.119349987265714 0.20449998517707
v -0.00500000008160929 -0.119389795715676 0.204897607753479
v -0.0207999989238844 -0.121659421255832 0.206026668711901
v -0.00500000008160929 -0.121374935752393 0.206115360421344
v -0.00500000008160929 -0.121930503165508 0.205872724819048
v -0.0207999989238844 -0.122530207815676 0.205139423791928
v -0.0207999989238844 -0.122205504080364 0.205638940506303
v -0.00500000008160929 -0.122360304784996 0.205448563275146
v -0.00500000008160929 -0.122610115288226 0.204897399137227
v -0.00500000008160929 -0.122649990793409 0.20449998517707
v -0.0207999989238844 -0.122661263521239 0.204500566322344
v -0.00500000008160929 -0.119835183948924 0.20567091839751
v -0.00500000008160929 -0.119682990947359 0.205494294937827
v -0.00500000008160929 -0.119887993661319 0.203280995712854
v -0.00500000008160929 -0.120557994535591 0.20685949459241
v -0.00500000008160929 -0.120887533697446 0.206899951244147
v -0.00500000008160929 -0.121333331712605 0.206879655863054
v -0.00500000008160929 -0.121759385690257 0.206779534963231
v -0.00500000008160929 -0.121226579799626 0.206136028331458
v -0.00500000008160929 -0.122445993907775 0.206416185056801
v -0.00500000008160929 -0.122699544602261 0.206198061864121
v -0.00500000008160929 -0.123237990582097 0.205367396651937
v -0.00500000008160929 -0.122538992049721 0.20509549516971
v -0.00500000008160929 -0.118801013616068 0.203532870034884
v -0.00500000008160929 -0.119558543906426 0.20369380257218
v -0.00500000008160929 -0.119460993459983 0.203904490085591
v -0.00500000008160929 -0.120891244086382 0.20209995950535
v -0.00500000008160929 -0.120452524122404 0.202160637032375
v -0.00500000008160929 -0.120773405710078 0.202863956923843
v -0.00500000008160929 -0.121331506320458 0.202120627415464
v -0.00500000008160929 -0.122446992285521 0.202585484029677
v -0.00500000008160929 -0.121376582330615 0.202891822094653
v -0.00500000008160929 -0.120031186362013 0.202301125176971
v -0.00500000008160929 -0.120478154118262 0.202933306926489
v -0.00500000008160929 -0.120263994641247 0.203023488752019
v -0.00500000008160929 -0.119730629957101 0.203443075639537
v -0.00500000008160929 -0.12339983953559 0.204396094283549
v -0.00500000008160929 -0.123389989868577 0.204722697927295
v -0.00500000008160929 -0.123337314266626 0.205057020372368
v -0.00500000008160929 -0.12264299469861 0.204652289942228
v -0.00500000008160929 -0.122608289896079 0.204876120279518
v -0.00500000008160929 -0.119356990811094 0.204347695313073
v -0.00500000008160929 -0.118600011863671 0.20461284656943
v -0.00500000008160929 -0.119349994716294 0.204576621847377
v -0.00500000008160929 -0.122915991407395 0.205946098135126
v -0.00500000008160929 -0.123100773246716 0.205666075520231
v -0.00500000008160929 -0.118719742687343 0.205256099881468
v -0.00500000008160929 -0.119460993459983 0.205095986908019
v -0.00500000008160929 -0.122441352196316 0.20530634659589
v -0.00500000008160929 -0.122269363003183 0.205556894714604
v -0.00500000008160929 -0.122111991848385 0.205718989542447
v -0.00500000008160929 -0.121935718571642 0.205860952901968
v -0.00500000008160929 -0.121735990868457 0.205976496503282
v -0.00500000008160929 -0.122166470490743 0.206600557120132
v -0.00500000008160929 -0.12152175688564 0.206066693229973
v -0.00500000008160929 -0.120924652487959 0.206149990719184
v -0.00500000008160929 -0.120623485135471 0.206108178061809
v -0.00500000008160929 -0.120235250302869 0.206777657416962
v -0.00500000008160929 -0.120403991043039 0.206038798256841
v -0.00500000008160929 -0.120197334300276 0.205944041774928
v -0.00500000008160929 -0.120004990122061 0.205816696454211
v -0.00500000008160929 -0.119829759926545 0.206598485858772
v -0.00500000008160929 -0.11947064941191 0.206353108442878
v -0.00500000008160929 -0.119224996332427 0.206115792555009
v -0.00500000008160929 -0.119014882520456 0.205853979158685
v -0.00500000008160929 -0.119557366714755 0.205304275334531
v -0.00500000008160929 -0.11885099210799 0.205569486195531
v -0.00500000008160929 -0.118639991676976 0.204941089340871
v -0.00500000008160929 -0.119391360337516 0.204875002692453
v -0.00500000008160929 -0.118619554735512 0.20417436500994
v -0.00500000008160929 -0.119391673261884 0.204123999086231
v -0.00500000008160929 -0.118690990898385 0.203843291017936
v -0.00500000008160929 -0.118958995718442 0.20323678396858
v -0.00500000008160929 -0.119156197674942 0.202959711783535
v -0.00500000008160929 -0.119468116214645 0.202648903370301
v -0.00500000008160929 -0.120064326542704 0.203139002551012
v -0.00500000008160929 -0.119735994374839 0.202459196691382
v -0.00500000008160929 -0.121075333021745 0.202849994536117
v -0.00500000008160929 -0.121668168236977 0.202989037268109
v -0.00500000008160929 -0.121761687919536 0.202222089419765
v -0.00500000008160929 -0.122168616257838 0.202401439791886
v -0.00500000008160929 -0.121935189580448 0.203138048876716
v -0.00500000008160929 -0.122699283831954 0.202801982995823
v -0.00500000008160929 -0.122981571414237 0.203141148318176
v -0.00500000008160929 -0.122316994562345 0.203505690317474
v -0.00500000008160929 -0.122164250217846 0.203328441009035
v -0.00500000008160929 -0.123277381799568 0.203735987758577
v -0.00500000008160929 -0.122442566640887 0.203695575810323
v -0.00500000008160929 -0.123148993401713 0.203430990798079
v -0.00500000008160929 -0.122538992049721 0.203903998347282
v -0.00500000008160929 -0.123358995454982 0.204059596268991
v -0.00500000008160929 -0.122608602820447 0.204124863353561
v -0.00500000008160929 -0.122649975892249 0.204423229297476
v 1.21215453290513e-09 -0.11896164812499 0.205804537106949
v -0.00500000008160929 -0.119067178142818 0.205952729151709
v 2.71655516609076e-10 -0.119638183158089 0.206489498768236
v -0.00500000008160929 -0.119728588498129 0.206545676144682
v 6.42085627449627e-10 -0.118640163040321 0.204973678179673
v -0.00500000101293182 -0.118690126631083 0.205176482978989
v -0.00500000101293182 -0.118591697016177 0.204500387508413
v 1.9999598760331e-14 -0.11859998951193 0.20449998517707
v -0.00499999961594803 -0.120587886263318 0.206885005379803
v 5.38636494938687e-10 -0.120522261552994 0.206872548009324
v -0.00499999961594803 -0.121580959195839 0.206841792013307
v 2.11171318921927e-10 -0.121519745228988 0.206855441476655
v 1.95301153493964e-10 -0.122459092027751 0.206433917438226
v -0.00500000008160929 -0.122454703636019 0.206431086217662
v -8.06138653561039e-11 -0.123045884822448 0.205764825513255
v -0.00500000008160929 -0.123169333485635 0.205580095822064
v 7.40362231170527e-10 -0.123307579001083 0.205182205024759
v -1.21695563660251e-10 -0.12340764029305 0.204500387508413
v -0.00499999961594803 -0.12341738565194 0.204500938851365
v 5.89067906122524e-17 -0.119782612655095 0.20272524201739
v 3.6091360541692e-17 -0.122971714296645 0.20363719306207
v 2.00585285333282e-14 -0.123198971893636 0.203532870034884
v -3.01578206230531e-18 -0.122213744422056 0.202722530006114
v 1.9999598760331e-14 -0.122263991134865 0.202459196691382
v 2.01695000077705e-14 -0.122531869295059 0.202648903370301
v 2.00367750343615e-14 -0.121547461387299 0.202160637032375
v 2.00433886672534e-14 -0.121968799147691 0.202301125176971
v 2.00532599886832e-14 -0.121108748873903 0.20209995950535
v 2.00521029417402e-14 -0.122843787834762 0.202959711783535
v 1.9999598760331e-14 -0.123040989791262 0.20323678396858
v 6.23909016323653e-17 -0.12265469956009 0.203124384512207
v 2.00549709951434e-14 -0.120238297590168 0.202222089419765
v 4.67431632328014e-17 -0.120316521231595 0.20245916688906
v 1.9999598760331e-14 -0.119552993224183 0.202585484029677
v 5.25265748415214e-17 -0.119224817518503 0.203283290491627
v 2.00198428466679e-14 -0.123377852873446 0.204839701842374
v 3.48921968729787e-16 -0.123113990575975 0.204895298073546
v 1.27599286156768e-16 -0.11903064794814 0.203631292202369
v 3.59191613998709e-17 -0.118906133851985 0.204003508299511
v 2.00383759265446e-14 -0.122699268930794 0.2061980320618
v 2.00782982812405e-14 -0.122168802522343 0.206598426254129
v 2.00655606004733e-14 -0.12133158082626 0.206879342938676
v 3.99558416122224e-16 -0.119342320618698 0.205872262883061
v 2.01786225521156e-14 -0.119468116214645 0.206351081885001
v 3.4895097960665e-16 -0.119550996468692 0.206088389320186
v 3.63509675232092e-16 -0.119782836172501 0.20627438561005
v 2.00400530516888e-14 -0.120452613529367 0.206839378025248
v 3.88612421699197e-16 -0.120703757686451 0.206631596238205
v 2.00354977087466e-14 -0.120031119306792 0.20669884517717
v 4.0207320386611e-16 -0.121491619288767 0.206595371516152
v 1.9999598760331e-14 -0.119735994374839 0.206540788563919
v 2.0003308764438e-14 -0.118801028517228 0.205467174825061
v 3.48955982394723e-16 -0.118994996921926 0.205275992931217
v 3.90289758601652e-16 -0.122050591617029 0.20637858942795
v 1.9999598760331e-14 -0.122446992285521 0.206414486324463
v 3.99653310276928e-16 -0.118906647942019 0.204998816438046
v 2.02433409479591e-14 -0.118600123622373 0.204396332702123
v 3.48923980432927e-16 -0.122924991708266 0.205458293733188
v 1.99894784112284e-14 -0.123277374348988 0.205263997496724
v 2.00371070712587e-14 -0.11930070167775 0.202801982995823
v 5.04187136147357e-17 -0.119478882303022 0.202977369659155
v 1.9999598760331e-14 -0.123399988547194 0.20449998517707
v 4.80106877505912e-16 -0.123039954160616 0.205186228338192
v 4.06196533559014e-16 -0.122773662974003 0.205719123652895
v 1.9999598760331e-14 -0.123148993401713 0.205568994457223
v 3.97946962497609e-16 -0.12252102870088 0.206022958322846
v 2.00612356504802e-14 -0.122981541611917 0.205858881640608
v 3.48928956751221e-16 -0.122295991376786 0.206215794245546
v 3.48932980157501e-16 -0.121776991411249 0.206505085382497
v 2.00675663743832e-14 -0.121761635765475 0.206777910736697
v 4.01614164973257e-16 -0.121098213753512 0.206650014073029
v 2.00431006760671e-14 -0.120891385647405 0.206900025749951
v 3.48946982670148e-16 -0.120040991325545 0.206423888956966
v 3.86069496581126e-16 -0.120317929391251 0.206540848168563
v 2.00602412338542e-14 -0.119156182773781 0.206040258570606
v 3.76531694356222e-16 -0.119118050704363 0.205544243629033
v 1.9999598760331e-14 -0.118958995718442 0.20576318638556
v 1.9999598760331e-14 -0.118690990898385 0.205156694237366
v 2.00574578837411e-14 -0.118619554735512 0.204825635146522
v 5.65493934927949e-16 -0.118850083137207 0.204604308204256
v -1.5473999610652e-32 -0.118858994031116 0.204300890766809
v 1.9999598760331e-14 -0.118640990054722 0.204059596268991
v 1.9963172957451e-14 -0.118722626061877 0.203735928153934
v 1.9999598760331e-14 -0.11885099210799 0.203430990798079
v 2.00706868435909e-14 -0.119018414095466 0.203141148318176
v 2.00488892989134e-14 -0.119831369251866 0.202401439791886
v -1.55164996065915e-32 -0.120040991325545 0.202575693966991
v 5.20421084180223e-17 -0.120702587945361 0.20236844862174
v 2.00630584652834e-14 -0.120668479189246 0.202120627415464
v 5.36761473808516e-17 -0.121098012587847 0.202349971182272
v 6.46956583039956e-17 -0.121871569076196 0.202532137873795
v 5.81973410005585e-17 -0.121493660747739 0.202405030971653
v -1.55081991475588e-32 -0.122447990663266 0.202910895580555
v -1.54969996257413e-32 -0.122827992604757 0.203367794974868
v 5.24621639450909e-17 -0.123093277963044 0.203999976724387
v 1.9999598760331e-14 -0.123308994611319 0.203843291017936
v 2.00595907125862e-14 -0.123380423323612 0.204174305405297
v 4.01766577955903e-16 -0.123149969427718 0.204600031571089
v -1.5473999610652e-32 -0.123140991478588 0.204300890766809
v 0.0100000094764438 -0.120228492626636 0.206705804019292
v 0.0100000057511537 -0.119575881406531 0.206345479048517
v 9.6569751376686e-09 -0.120061137694382 0.206453631674045
v 7.55753018975908e-09 -0.119424008779914 0.205970774457512
v 0.0100000076137988 -0.119123281011657 0.205882544684055
v 1.10105314420477e-08 -0.11899010934132 0.205312709391578
v 0.0100000076137988 -0.118815966930512 0.20531498926919
v 0.0100000485919898 -0.118657984828138 0.204500864345561
v -2.05889036820319e-08 -0.11884241649019 0.204500357706092
v 0.0100000085451213 -0.121078492067746 0.206835310008333
v 8.66199864625513e-09 -0.121615947120417 0.206566135438543
v 9.6535920662522e-09 -0.12092819896413 0.206659923345001
v 0.0100000057511537 -0.121816270870017 0.206682647615314
v 7.59118859731905e-09 -0.122157328628848 0.206319103993793
v 7.46920617980043e-09 -0.122680202896085 0.205859343576595
v 0.0100000104077664 -0.122553863407783 0.206254403153336
v 0.0100000076137988 -0.123074182126014 0.205563481027704
v 4.61388546666409e-09 -0.123017863190349 0.205259542049627
v 0.0100000066824763 -0.12328486218208 0.204959536978017
v 4.5920679866972e-08 -0.123165921119908 0.204500789839757
v 0.00999999923189607 -0.123324991006989 0.20449998517707
v 0.00999999923189607 -0.124681994979529 0.204132194724704
v 0.00999999923189607 -0.119515285837836 0.206291760363614
v 0.00999999923189607 -0.120363996328573 0.206735993771195
v 0.00999999923189607 -0.120318994824218 0.20813759696176
v 0.00999999923189607 -0.120678611978306 0.206804658320442
v 0.00999999923189607 -0.122334995164087 0.207950587392958
v 0.00999999923189607 -0.121532694337361 0.206765021232552
v 0.00999999923189607 -0.118507989747729 0.207235286968158
v 0.00999999923189607 -0.123491995761975 0.20723549558441
v 0.00999999923189607 -0.122565992952334 0.206217388669758
v 0.00999999923189607 -0.123732992228838 0.206993783854087
v 0.00999999923189607 -0.117853992719708 0.206448297058456
v 0.00999999923189607 -0.118045994171235 0.2067287965105
v 0.00999999923189607 -0.11921262091873 0.205989982053861
v 0.00999999923189607 -0.121556990679364 0.200841467063692
v 0.00999999923189607 -0.121106573304487 0.202175478588593
v 0.00999999923189607 -0.121532835898384 0.202234725604175
v 0.00999999923189607 -0.124310993338909 0.206151391428305
v 0.00999999923189607 -0.124449991362956 0.205837185550395
v 0.00999999923189607 -0.117375993296963 0.203750188564877
v 0.00999999923189607 -0.117317990530175 0.204129497614589
v 0.00999999923189607 -0.12297698930742 0.203276495562274
v 0.00999999923189607 -0.118043989965164 0.202274884232695
v 0.00999999923189607 -0.119319991229865 0.201204057010917
v 0.00999999923189607 -0.119775996539885 0.202524493578274
v 0.00999999923189607 -0.118316994124529 0.201951976076842
v 0.00999999923189607 -0.120467291172343 0.202234964022749
v 0.00999999923189607 -0.122223996420399 0.20252339089237
v 0.00999999923189607 -0.120447994169648 0.200842137615931
v 0.00999999923189607 -0.120784991362275 0.202185492168691
v 0.00999999923189607 -0.120816991604196 0.200804065149932
v 0.00999999923189607 -0.122484714573029 0.202708254694009
v 0.00999999923189607 -0.123385996357595 0.201672057770072
v 0.00999999923189607 -0.12396299163934 0.202284897812793
v 0.00999999923189607 -0.123692990063792 0.20196319665097
v 0.00999999923189607 -0.11969199124823 0.20103963760198
v 0.00999999923189607 -0.120069988983649 0.200919027605972
v 0.00999999923189607 -0.12468399173502 0.204843293022142
v 0.00999999923189607 -0.124699988130691 0.20449998517707
v 0.00999999923189607 -0.123325274129037 0.204395915469618
v 0.00999999923189607 -0.123303093751807 0.204829315733254
v 0.00999999923189607 -0.124558993351153 0.20551199751693
v 0.00999999923189607 -0.124636993475174 0.205180789414477
v 0.00999999923189607 -0.123235993826606 0.205135787908678
v 0.00999999923189607 -0.117315993774684 0.20484309930705
v 0.00999999923189607 -0.118734934420353 0.205033595747495
v 0.00999999923189607 -0.124145992789995 0.206449086819982
v 0.00999999923189607 -0.12297698930742 0.20572319166981
v 0.00999999923189607 -0.123953991338469 0.206729288248808
v 0.00999999923189607 -0.117687993793049 0.206148888033281
v 0.00999999923189607 -0.117548995769002 0.205834592748405
v 0.00999999923189607 -0.123130866140108 0.205434884009476
v 0.00999999923189607 -0.122787409294455 0.20598926679814
v 0.00999999923189607 -0.123228990281226 0.207453991306111
v 0.00999999923189607 -0.12231484879525 0.2064192695971
v 0.00999999923189607 -0.122648992415664 0.207812185410883
v 0.00999999923189607 -0.122947991649316 0.207646395095146
v 0.00999999923189607 -0.121939861094228 0.206627975256116
v 0.00999999923189607 -0.122010991783313 0.20805969369278
v 0.00999999923189607 -0.121107616385713 0.206824476864387
v 0.00999999923189607 -0.121678993929995 0.208137686368726
v 0.00999999923189607 -0.121342995115113 0.208184386606863
v 0.00999999923189607 -0.120997995999361 0.208199988122285
v 0.00999999923189607 -0.120656990394591 0.208184386606863
v 0.00999999923189607 -0.120062381941274 0.206630016715154
v 0.00999999923189607 -0.119986989520319 0.20805899333822
v 0.00999999923189607 -0.119348996338549 0.207811395649357
v 0.00999999923189607 -0.11966199521238 0.207949693323306
v 0.00999999923189607 -0.119775996539885 0.206476594362931
v 0.00999999923189607 -0.118769989400152 0.207452888620208
v 0.00999999923189607 -0.119050995482642 0.207645799048711
v 0.00999999923189607 -0.118263990697049 0.206991191052097
v 0.00999999923189607 -0.119022996202284 0.205723489693027
v 0.00999999923189607 -0.118869156622497 0.205435778079127
v 0.00999999923189607 -0.117439993780806 0.205510999139152
v 0.00999999923189607 -0.117361993656784 0.205180089059917
v 0.00999999923189607 -0.118674711380667 0.204604114489165
v 0.00999999923189607 -0.117299989928433 0.20449998517707
v 0.00999999923189607 -0.118696891757896 0.204170699324369
v 0.00999999923189607 -0.118763991683098 0.203864197346623
v 0.00999999923189607 -0.117476993362035 0.20336938939908
v 0.00999999923189607 -0.117621996553716 0.202989484302935
v 0.00999999923189607 -0.118869119369596 0.203565101245826
v 0.00999999923189607 -0.117811993799171 0.202622185588877
v 0.00999999923189607 -0.119022996202284 0.203276793585491
v 0.00999999923189607 -0.119212576215248 0.203010718457161
v 0.00999999923189607 -0.118624993659052 0.201663266085164
v 0.00999999923189607 -0.119512998509717 0.202710609077425
v 0.00999999923189607 -0.118960992473933 0.201412807373416
v 0.00999999923189607 -0.120060124415476 0.202372024900346
v 0.00999999923189607 -0.121181995527762 0.200804154556897
v 0.00999999923189607 -0.121936992620855 0.200920338908128
v 0.00999999923189607 -0.122317992940091 0.201042200601648
v 0.00999999923189607 -0.121937752580034 0.202370028144791
v 0.00999999923189607 -0.122691989713947 0.201209108504449
v 0.00999999923189607 -0.123048991714387 0.201419512895804
v 0.00999999923189607 -0.124194995255913 0.202633897901314
v 0.00999999923189607 -0.122787364590974 0.20301000320144
v 0.00999999923189607 -0.124381989917551 0.203001092307245
v 0.00999999923189607 -0.123130828887207 0.203564207176174
v 0.00999999923189607 -0.12452499635374 0.203376795276028
v 0.00999999923189607 -0.124623992212741 0.203757788156916
v 0.00999999923189607 -0.123265065990512 0.203966464013611
v 0.0223799074919385 -0.122704074555017 0.208029340028107
v 0.0100000020258636 -0.122967191794469 0.207646693118363
v 0.0100000132017339 -0.121864885905764 0.208117629406207
v 0.0236087987380907 -0.122092009392312 0.208289246075841
v 0.0100000038885087 -0.118388549496685 0.207126672406643
v 0.0326369424272048 -0.117539011991546 0.206690679341018
v 0.0320511480102539 -0.117818073472607 0.207065309426219
v 0.0334056150602383 -0.117198416168687 0.206060881777237
v 0.0330273565545125 -0.117361911700402 0.206395368135079
v 0.0099999927126384 -0.11775780572944 0.206324468411703
v 0.0100000113390889 -0.117355161474749 0.20519624191829
v 0.033748989949509 -0.117062338772075 0.205698276928851
v 0.0340597461987027 -0.116955899783464 0.205293829620767
v 0.0312956629041588 -0.11818998408401 0.207448299062662
v 0.010000015064379 -0.119046301617122 0.20765408409415
v 0.0305218400575682 -0.118579261997838 0.207761014824487
v 0.00999999923189607 -0.117299989928433 0.20449998517707
v 0.0100000038885087 -0.119972289525602 0.208065594552481
v 0.0295385366983225 -0.119081572663747 0.208060975192614
v 0.0343219917202717 -0.11688909043089 0.204850296567746
v 0.0344724003078811 -0.116872989727097 0.20449998517707
v 0.0266208168523014 -0.120576091994875 0.208471889604511
v 0.0281960818462513 -0.119770661924468 0.208331461064559
v 0.00999998991867083 -0.120824352777425 0.208200405354789
v 0.0252123237827057 -0.12128909016743 0.208459789861892
v 0.0214829917473644 -0.123153106121979 0.207757066016859
v 0.0206190392322012 -0.123593837742608 0.207397098673945
v 0.0200398646557501 -0.123903066622862 0.207068364164195
v 0.0100000132017339 -0.123866625835147 0.206870014811977
v 0.0193009701290957 -0.124335021460026 0.206447656308539
v 0.0196437154443402 -0.124124967252696 0.206780518439847
v 0.0189914991049849 -0.124570996235841 0.205958689616054
v 0.0191034999517088 -0.124476992265569 0.206174890558983
v 0.0188795001209061 -0.124728993239375 0.205476398643634
v 0.0100000141330564 -0.124455340879533 0.20584991114177
v 0.0189146985243743 -0.124655992454662 0.205724383762679
v 0.018889899268208 -0.124786996006163 0.205222289147475
v 0.0190407995941099 -0.124850996490005 0.204728986217179
v 0.0189462982976101 -0.124826990720629 0.204970891662593
v 0.00999996011635006 -0.124733828665919 0.204501207072261
v 0.0191653993719371 -0.124859989340296 0.20449998517707
v 0.00483374271294953 -0.128161214763143 0.180854107867462
v 0.00294364227715124 -0.116245524215137 0.154637765408208
v 0.00275847487030501 -0.118140594187922 0.15712922460297
v 0.00317293504668781 -0.114266404247214 0.152303647570975
v 0.00796423250278011 -0.110040345755817 0.148600485579659
v 0.00530395581373353 -0.107565605742998 0.146031510546099
v 0.002460388565557 -0.107479551541789 0.145730209073494
v 2.07586006190632e-05 -0.107466080892804 0.145659234844314
v 0.00307084742973896 -0.129095815542324 0.18674197375606
v 0.00649735528982259 -0.12871336235995 0.18555527510743
v 0.00217528559528401 -0.129326679220127 0.189742024472161
v 0.0174116482789274 -0.126586668750181 0.186763967869491
v 0.0322555546777988 -0.119979687951732 0.191137592692578
v 0.0320764352794227 -0.119929016555852 0.187829907510506
v 0.0297042133873886 -0.121526957390613 0.190830971505546
v 0.0420139446326104 -0.112217941729452 0.191937546612228
v 0.0343527253635603 -0.11817441982199 0.185652147554186
v 0.0418497673728077 -0.112251961078605 0.188691924765141
v 0.0443202493790481 -0.109819503108371 0.19198397862947
v 0.0304072948377091 -0.11993010434056 0.180969636567616
v 0.0284049160210748 -0.12155175292149 0.183459367227717
v 0.0145368400495174 -0.127453499051943 0.187632750251157
v 0.0113651029164259 -0.127452470871877 0.18195040117315
v 0.0047789734979642 -0.129095234397069 0.188270341122068
v 0.0087469252650883 -0.128710397029034 0.189352523028422
v 0.00582648828560374 -0.129095726135361 0.190244506517548
v 0.00270878485553438 -0.12871024801743 0.183270271496394
v 6.9107623732615e-05 -0.12910347473876 0.185952972189643
v -4.70324326295627e-07 -0.128712945127459 0.182901497567411
v 0.00225597002364993 -0.128160991245737 0.180063869504693
v 0.0116353969272464 -0.12816112535618 0.188508327562176
v 0.00602169628058011 -0.129105844023261 0.192068676827803
v 0.000830128685532706 -0.124398843129943 0.168013405024706
v 0.00217804929487368 -0.123026416456408 0.165185909751372
v -0.000226040431212066 -0.128163196617473 0.179832320366077
v 0.00281320566823622 -0.127453156325254 0.177084486698706
v 0.00907412960137658 -0.127454005691396 0.179830234203557
v 0.00726639113864037 -0.128161348873586 0.182262625196666
v 0.00603397576805769 -0.127453662964707 0.178071032954655
v 0.0128934897911355 -0.126593329568872 0.17916987435885
v 0.0100049622496259 -0.128167428547022 0.185058202183436
v 0.00197406311944832 -0.126572155019969 0.173903565692077
v 0.00288059546757351 -0.125536256152508 0.170993637196862
v -0.000632382312809804 -0.12564038546126 0.171085666766338
v 0.0145171453721045 -0.125554793196024 0.176647241935568
v 0.011616947428048 -0.125562720613347 0.174332719124867
v 0.0183419761503688 -0.125554539876298 0.181510042067393
v 0.0131806109373177 -0.127453886482113 0.184469993759617
v 0.0180839253054474 -0.126595654149892 0.190541382345377
v -0.00097443612108035 -0.123026923095861 0.165090289002129
v 0.0106415286452896 -0.123035327350317 0.167306747273205
v 0.0053007804695883 -0.126586549540898 0.17460731771721
v 0.00909185453165138 -0.12658739890704 0.176253314847052
v 0.0157855964051043 -0.1265874138082 0.182976226889128
v -0.000434541818304331 -0.121469021679047 0.162185695122502
v 0.00951631594778768 -0.124371387741939 0.169922660963476
v 0.0166821340327337 -0.123042107378291 0.17090341066785
v 0.00728293002968099 -0.125561349706592 0.172148939099559
v 0.0119928245420802 -0.124371536753543 0.171163897860857
v 0.019334810664324 -0.124371462247741 0.177711765966301
v 0.0233400861129158 -0.123035200690454 0.178647991002023
v 0.0166258933281606 -0.125557564811855 0.178947668248094
v 0.0208690620769665 -0.124371372840779 0.180063839702371
v 0.0198757339620736 -0.125561528520517 0.18478665832907
v 0.0238249456573719 -0.124385417184439 0.188803102326324
v 0.0209355957580737 -0.125563763694574 0.189149211589637
v -1.75456951405069e-07 -0.118571245173552 0.15762796645698
v 0.00572490847226105 -0.124380708417758 0.168635975525469
v 0.00779296415328051 -0.123035021876529 0.166265305140645
v 0.0222166932196255 -0.119931534851956 0.168491896201106
v 0.0248327670133817 -0.119931199575848 0.171273719416401
v 0.0149185714569347 -0.124375984749917 0.173138227169106
v 0.0175187857594314 -0.124371551654703 0.175535540829549
v 0.0216234798874492 -0.123035319899737 0.176016848325353
v 0.0247190432199886 -0.12303507403059 0.181417237637552
v 0.0264425337815518 -0.123034418379533 0.187118928422356
v 0.00492615970964087 -0.123034776007383 0.165566500300918
v 0.0101203829126575 -0.118176163257755 0.158565443190214
v 0.0147919274261677 -0.12155293756374 0.166291590788403
v 0.0117371895477858 -0.121552743848655 0.164761196864519
v 0.0183983043992591 -0.12156266802147 0.168729748530766
v 0.0134114550573485 -0.123035491263081 0.168694686099261
v 0.0216107878240935 -0.121552997168382 0.171684633828298
v 0.019592768376993 -0.123035595571204 0.173584338122956
v 0.023851726767869 -0.121552974816641 0.174369614399159
v 0.0272658266179668 -0.121552229758622 0.180323581837336
v 0.0314425101144368 -0.119929448689503 0.184406485012029
v 0.0226099758203068 -0.124382228336117 0.18379127568473
v 0.0291677436739483 -0.121551425095961 0.186613302232028
v 0.00256629833014393 -0.11990908625384 0.15972591579573
v 0.00543306971183398 -0.121552065845858 0.162841942246811
v 0.00592343383806753 -0.119929985131276 0.160201680059693
v 0.0138202749116959 -0.118176781655911 0.159917574526722
v 0.00859465682639873 -0.121552401121966 0.163612496176083
v 0.016130021826182 -0.119931393290933 0.163963940054984
v 0.0248650988061213 -0.116289989277717 0.164048891573051
v 0.0254499078838419 -0.118177213789562 0.168070655284733
v 0.0300836081065936 -0.116300062462136 0.169756334205948
v 0.0324727465409517 -0.116299190744254 0.173415731487817
v 0.0303204974411269 -0.118177064777958 0.174651931792827
v 0.0343922097132834 -0.116298609598999 0.177267636866846
v 0.0257450421290198 -0.121552751299235 0.177271436662865
v 0.0289559348549835 -0.119930655683494 0.177584539854872
v 0.0257513006163804 -0.123034783457963 0.184260692054167
v 0.00238441825897642 -0.121539623376938 0.16241658861004
v 0.00639749516352027 -0.118175805629906 0.157658409528619
v 0.0157366367800231 -0.114308745894441 0.155465316277772
v 0.00937222917747054 -0.119930707837555 0.161042701578676
v 0.0127987538013596 -0.119931005860763 0.162294831224646
v 0.0208349719473018 -0.118177243591883 0.163960736305399
v 0.0192948997688849 -0.11993169131414 0.166040491326738
v 0.0270915445087799 -0.119931192125267 0.174328591503309
v 0.0391192750190557 -0.114305251572331 0.184769834918458
v 0.0413258761013751 -0.112209962158068 0.184360947064438
v 0.0334533658286835 -0.118175231935231 0.181937705384097
v 0.0108390407321901 -0.116299011930329 0.156190883602406
v 0.0148008196936258 -0.116299563273263 0.157638471775387
v 0.0174185866317304 -0.118177064777958 0.161719929537477
v 0.0186560106548466 -0.1163002263749 0.159569826135714
v 0.0223143014080651 -0.116300434991145 0.161969315365643
v 0.0337892044560909 -0.112214469759083 0.167013358317017
v 0.0232158998422893 -0.118168995799611 0.165902789699224
v 0.0280895068845517 -0.11817715418492 0.171232577311264
v 0.0321119782722247 -0.118176096202533 0.178246404716825
v 0.0347935054129603 -0.118197129190413 0.189267273487137
v 0.0372770855391768 -0.116315507514872 0.189090202992628
v 0.00685024736396499 -0.116298132761866 0.155218627559722
v 0.0115227041078873 -0.114307859275398 0.153925519721385
v 0.0198348880188205 -0.114309423897238 0.157518293913045
v 0.0237251730753868 -0.114309796426247 0.160069983600006
v 0.0319855009481894 -0.114309140775191 0.168348517231304
v 0.0272570144442457 -0.116300472244046 0.166371177888561
v 0.0386289895895754 -0.112212651817517 0.175449754846474
v 0.0365665795856958 -0.114307382438266 0.176333870522666
v 0.0358293931045503 -0.116297834738659 0.181223403337075
v 0.0396461353466945 -0.114318126174901 0.188914056370093
v 0.0367923098137479 -0.116297067328899 0.185201774868329
v 0.00728075259762012 -0.114306689534308 0.152891632477381
v 0.0166232409216125 -0.112214074878333 0.153403934387775
v 0.0209528140488955 -0.112214864639833 0.15557260463597
v 0.0250615352155067 -0.112214894442154 0.158266809025404
v 0.0264378995206729 -0.114296996329479 0.162280883738081
v 0.027929498224366 -0.112199993281772 0.160604190216865
v 0.0306140652018196 -0.112215207366522 0.163211476134997
v 0.0289798158271412 -0.11430950585362 0.164748948110291
v 0.0382973456388157 -0.110018359093673 0.170036178006913
v 0.0345255154940639 -0.114308313760789 0.172239031518123
v 0.0364728140339899 -0.112213508634239 0.17112360512189
v 0.0402439251977532 -0.112211266009601 0.179892997893102
v 0.0380952337499697 -0.11430638406052 0.180540468233664
v 8.08625229370772e-08 -0.111994379620236 0.149760928382853
v 0.00769201344830271 -0.112211914210078 0.150685888140964
v 0.00329039903133683 -0.11219017341708 0.150083762032902
v 0.0109836602189909 -0.107507468865766 0.147007506780159
v 0.0174256553696868 -0.109989950031404 0.151406806303409
v 0.0121704668629333 -0.112212808279701 0.151776742522938
v 0.020862999167336 -0.110010990469864 0.153105285321803
v 0.0240609092573165 -0.110068993236652 0.155042987576656
v 0.0282119385435432 -0.110012458234162 0.158034723444997
v 0.0321176146361394 -0.109983646840562 0.161658506952408
v 0.0404946483970566 -0.110066735710854 0.174533616575592
v 0.0434271855844329 -0.109994196862113 0.183935802043919
v 0.0439833155163527 -0.110053674843779 0.188610698537289
v 0.00344359157480074 -0.109941826733949 0.147917684586696
v 0.0126541073062056 -0.110007190673966 0.149694588414701
v 0.0139596976188134 -0.107424394896634 0.147773977791354
v 0.0160733024218316 -0.10743476610426 0.148514178055953
v 0.0252065086048665 -0.107823030739183 0.153457936194734
v 0.0291979073478523 -0.107900993610303 0.156461667497568
v 0.0312224050744291 -0.107910947585439 0.158238958755755
v 0.0380887778222341 -0.107913115704274 0.166238453248774
v 0.0354770663431799 -0.110033670035966 0.165745999684647
v 0.0450505962275781 -0.108005786020692 0.183203976231724
v 0.0440866401624439 -0.108041630761992 0.179253380464314
v 0.0422495245276751 -0.110003636747215 0.179149727989367
v -0.0462539617859954 -0.107375176363891 0.194687213122385
v -0.0458395977686632 -0.107957990548766 0.195004354528985
v -0.0455485967328464 -0.107953997037783 0.197996299013578
v -0.0458972466328924 -0.106722624748427 0.199903289975897
v -0.0452127990836301 -0.106970274583402 0.202875967259497
v -0.0290742984971906 -0.108083994760959 0.227426598353089
v -0.0338771958081486 -0.106642985496764 0.223960662842676
v -0.031759249179524 -0.107403786591825 0.225684041700869
v -0.0221737368995333 -0.106461765034774 0.233021343506395
v -0.01524945731116 -0.106456035538607 0.236080238906736
v -0.0175463808458145 -0.106448607310156 0.235212589013295
v -0.00746142963291738 -0.108119988513863 0.237190092268807
v -0.0106308314747802 -0.107361295932995 0.237084830468487
v -0.00370981756883686 -0.106495173436351 0.238479698334343
v -0.00269094490692787 -0.107371451073796 0.238234216610322
v -0.000414695859189007 -0.106736512629904 0.238560626538978
v -0.00149880993399563 -0.108132997226876 0.237766588380189
v -0.0132949047000954 -0.107358434910202 0.236373985490784
v -0.0207624051588848 -0.107380682342653 0.233393350987285
v -0.0197387829849346 -0.106466637714219 0.234250078329815
v -0.0215991984466062 -0.108097994401138 0.2324092932252
v -0.0254599345021342 -0.107376346104981 0.230681429117588
v -0.0262157232193721 -0.106536457101191 0.230531642648615
v -0.0284056033370975 -0.106533886651025 0.228944162377473
v -0.0354812237669266 -0.10738796901008 0.221758703401118
v -0.0411029398408948 -0.106416160033424 0.214064116461632
v -0.0422616726986768 -0.106584975279395 0.211642886438007
v -0.04253460235224 -0.107354039067889 0.21038838750746
v -0.043528908355783 -0.107362346464802 0.207892830493461
v -0.0465217617150969 -0.106640780125027 0.194491799298857
v -0.045718697203901 -0.107955993793275 0.196502249021033
v -0.0460214440793892 -0.107360833997023 0.197412993071683
v -0.045060099442612 -0.107951992831712 0.200962598600329
v -0.0446674389653767 -0.106932053107021 0.20499144036342
v -0.0371521579358213 -0.107371756547584 0.219658310271986
v -0.0363892967553369 -0.108040997462676 0.219921390266983
v -0.033658066794146 -0.107391597442633 0.223801354531913
v -0.0344757977724482 -0.108056993858346 0.222234095136059
v -0.0301159659763638 -0.106869110605566 0.227451140565027
v -0.0276639632716426 -0.10736656349319 0.229140857700835
v -0.0296699984605057 -0.107626991073193 0.22735839573983
v -0.0175342997300345 -0.108100996984955 0.234329695232294
v -0.00542540399613978 -0.107353092844205 0.238001907512503
v -0.045918860766027 -0.107964234134966 0.193411927072437
v -0.0463841047954848 -0.107288257895381 0.192002187848042
v -0.0453289983322917 -0.107952991209458 0.199483226251232
v -0.0456339580300967 -0.107376904898496 0.200010906159634
v -0.0447420975041823 -0.107952991209458 0.202431897764685
v -0.0443753985736232 -0.107954995415529 0.203889797540982
v -0.0449722980803491 -0.107565993173167 0.2026578887703
v -0.0434973998521545 -0.107961991510328 0.206764693407013
v -0.0439760735524068 -0.1079741508572 0.205361615001523
v -0.0429866998329504 -0.107966990849637 0.20817878377038
v -0.042429299577108 -0.107972996017271 0.209573696339718
v -0.0418251990846273 -0.10797999211207 0.210949893051016
v -0.0411766968594973 -0.107987994035196 0.212304289363974
v -0.0404833980209679 -0.107995995958321 0.213637287609936
v -0.0397473999073628 -0.108004996259192 0.214945996963695
v -0.0401354447501697 -0.107375869267849 0.215125898678767
v -0.0414076611201337 -0.107380071395077 0.212763572944025
v -0.0389686987933921 -0.108013996560063 0.216230596239181
v -0.0386927777318822 -0.107380756848454 0.217456157115337
v -0.0381489971366293 -0.108022996860934 0.217488596942531
v -0.0372887978512373 -0.108031997161805 0.218719388126148
v -0.0354513990944213 -0.108048991935221 0.221093187754753
v -0.0334640983894489 -0.108063997403726 0.223341787829806
v -0.0313351994079433 -0.108075992837834 0.225455398288621
v -0.0324162972201333 -0.1080699876702 0.224416295638316
v -0.0302201995932384 -0.108079993799396 0.226459587519029
v -0.0278971980965922 -0.108086997344776 0.228356594703572
v -0.0266913980610975 -0.108089992478013 0.229247684123046
v -0.025457198276559 -0.10809299506183 0.230099687797583
v -0.0229099976460901 -0.108095990195067 0.231681297011346
v -0.024196398058093 -0.108094991817321 0.230911100709935
v -0.0231183363573309 -0.107374550515155 0.232128108319757
v -0.0189097997678986 -0.108099991156629 0.233734498164032
v -0.0202656991919248 -0.108098992778884 0.233093792950501
v -0.0183961604948091 -0.107347177083533 0.234517941597448
v -0.0159049900900229 -0.107360349709311 0.235506022672965
v -0.0161387986096472 -0.108102993740446 0.234879697079665
v -0.0147271995794343 -0.108104990495938 0.235382998688899
v -0.0132988991424004 -0.108106994702009 0.235839898083212
v -0.0118571997682152 -0.108109989835246 0.236249396884827
v -0.0104021992457437 -0.108112992419063 0.236611390785618
v -0.00893670923768549 -0.10811599500288 0.236924896308968
v -0.00597841958553967 -0.108123996926005 0.23740669554308
v -0.0080148498819539 -0.10762299756221 0.237458491978232
v -0.00448933964361245 -0.108127990436988 0.237574899846876
v -0.00299524988499857 -0.108130993020805 0.237694794587162
v 0.00807016764590581 -0.107855217245609 0.23730456298654
v 0.0260416962925567 -0.106866830728028 0.230547437879128
v 0.0370729359166485 -0.107874618556427 0.219262952672028
v 0.0412633545577009 -0.107374148183825 0.213063935643495
v 0.0422690972018374 -0.106618108009506 0.211611027756087
v 0.0431999205368614 -0.107735091541186 0.20814157557171
v 0.0451629919550521 -0.106968955830708 0.203081186046872
v 0.0452902888429084 -0.10780459800379 0.200461547066386
v 0.0456611153948935 -0.107952015183452 0.197126667265743
v 0.0459921111451766 -0.107370199376324 0.197627182357896
v 0.0462980468689866 -0.106650369021733 0.197204823854458
v 0.0458861117407967 -0.107965657195783 0.194190840552952
v 0.0399696060109845 -0.107378447168595 0.215414757682053
v 0.0397512146044207 -0.106598237312136 0.216307471328062
v 0.0385921799981409 -0.107381092124563 0.217608685397908
v 0.000702423005296048 -0.1081292272333 0.23779498999279
v 0.044622165514845 -0.106930108505591 0.205148424093088
v 0.0438610589459957 -0.10689848824326 0.207529242168458
v 0.0384701059669986 -0.106586301482669 0.218284065612762
v 0.0370557139005366 -0.10687510832262 0.220128426995983
v 0.0317852777814219 -0.107389585785981 0.225672701917454
v 0.0301713237871843 -0.106855453692076 0.227410832924899
v 0.0272656682931377 -0.107896083677957 0.229040140754577
v 0.0220748006451747 -0.106477940244369 0.23307059184304
v 0.0210663813801046 -0.107378126793647 0.233244026454299
v 0.0230052868414451 -0.107835629670286 0.231870377841509
v 0.0186428510675839 -0.107362629586849 0.23440338147275
v 0.0130776914165244 -0.106810735309768 0.236677939370022
v 0.0134442106018365 -0.107847178069582 0.236016819566112
v 0.00825994696189038 -0.106829697036355 0.237801546503569
v 0.0462464292494221 -0.107376107686415 0.194807584699819
v 0.0458406632016305 -0.106901639838681 0.199968408048859
v 0.0410628221918554 -0.106602193570217 0.21402547775152
v 0.0196551930631247 -0.106484504205517 0.234284500011403
v 0.0152863935624577 -0.106447340711524 0.236067707030452
v -5.17489314928583e-06 -0.107580186528432 0.238190764825252
v 0.0443818507760687 -0.107373485082188 0.178727429090572
v 0.0400255039888687 -0.107866817798966 0.169297184736344
v 0.0359137336723144 -0.106886887689902 0.162334855742718
v 0.0340900961371115 -0.106902139027554 0.160244684809938
v 0.0229202552323683 -0.10781708517619 0.152048226772661
v 0.0276098739220998 -0.106995763018236 0.154474269871244
v 0.027411707115465 -0.107818612545129 0.154992129914638
v 0.0417500748845597 -0.106629708562863 0.171256299959355
v 0.0435268929738413 -0.107372963541575 0.176148276564145
v 0.0429291850791646 -0.106850133977819 0.174005951568351
v 0.0450817135757466 -0.107377329581567 0.181347380995436
v 0.0462235522429451 -0.106660010072501 0.186196546565073
v 0.0460273300377403 -0.10776874581191 0.189512680705353
v 0.0456370351197156 -0.107973912438634 0.186729874013442
v 0.0460105513311497 -0.107374796384302 0.186594362856574
v 0.0427446230319589 -0.108083301857001 0.175435524237852
v 0.0413634940807604 -0.107380406671186 0.171151932228686
v 0.0348251033235511 -0.107920283162418 0.161980193213071
v 0.0331015121791553 -0.107897864366623 0.160068106053737
v 0.0203649763103271 -0.107885719920911 0.150749724714092
v 0.018217624104333 -0.107502484427618 0.14941949808405
v 0.0461875696659119 -0.107631141046359 0.191996734023167
v 0.0456120458737544 -0.107389026992467 0.183948885263155
v 0.0419854685151197 -0.107871019926194 0.173174213472585
v 0.0389628426373618 -0.108138831031166 0.167941104592209
v 0.0359414312041751 -0.10815496153728 0.163646753944902
v 0.0372111628056453 -0.107381665819238 0.164401438137857
v -0.0462196369630547 -0.106677712651035 0.186195831309352
v -0.0439929193142191 -0.107365878039813 0.177475671973623
v -0.0433078049380297 -0.106928350168666 0.175018992088311
v -0.0272567648498093 -0.107217030348753 0.154364567524987
v -0.0295715725708902 -0.106948213415456 0.155987661570586
v -0.0457094920120748 -0.107376055532354 0.184464077998756
v -0.025592742956687 -0.10702747268753 0.153083380615338
v -0.0310705324478122 -0.107848936406508 0.158024262830073
v -0.0284605029372361 -0.107880705680443 0.155852299425327
v -0.0391840876161388 -0.10787552007663 0.167885135832016
v -0.0401826851538719 -0.107801289946185 0.169485133078282
v -0.0413917206038147 -0.107395345084469 0.171223055469474
v -0.0427767201314225 -0.107838237373353 0.174982156418663
v -0.0425355150483134 -0.106952892379816 0.173191513720344
v -0.0255732820412276 -0.107868389871387 0.153738256832847
v -0.045989089934909 -0.107807146102215 0.189264337958447
v -0.0460400891563176 -0.107375034802868 0.186867739553725
v -0.00822305355142872 -0.106850238285942 0.237798581172557
v -0.00268744127159297 -0.0971397555617595 0.240739295466111
v -0.00352168669371959 -0.0993276035337377 0.240194807048258
v -0.0034770558557294 -0.104968929534769 0.238864014174103
v -0.00362485511045743 -0.104881564031447 0.238873610521698
v -0.00582418605632467 -0.106354603339884 0.238296190538342
v -0.00332385330054836 -0.105010339859472 0.238867098714401
v -1.34777997010297e-19 -0.105069989204482 0.238967294120029
v -0.00149751597776399 -0.105043614150605 0.23895033659897
v -0.0182158601794727 -0.0977195373604962 0.237106988494687
v -0.0478687558331496 -0.0833955361726551 0.210996667794958
v -0.0515572959419442 -0.0820052802607224 0.191999326825157
v -0.0507220970783838 -0.0865257931318547 0.191999982476235
v -0.0489101979322721 -0.0958614967712605 0.192000340104095
v -0.0473093848988466 -0.103381367358214 0.19199782180791
v -0.0469102982961964 -0.105156997079955 0.191990222215871
v -0.0515325674662897 -0.0820421531820885 0.194793965038792
v -0.0527618386920317 -0.0748365927710802 0.191999416232122
v -0.0531361968190274 -0.0724687983863248 0.1920000718832
v -0.0545129969831349 -0.0630706961378178 0.192005287289501
v -0.0538472988189237 -0.0677681975413915 0.192001949429468
v -0.0523780965592853 -0.0771623956858783 0.191999595046052
v -0.046504383236801 -0.0850114552574182 0.213435421583755
v -0.00249798465886293 -0.0648876765796199 0.246878886665131
v -0.050287638846276 -0.0877051678220564 0.197493563648457
v -0.0470265571494995 -0.0927858376637019 0.207902426841056
v -0.0435289791362948 -0.0945134185937901 0.215110088547094
v -0.0415337994427703 -0.0903798590554666 0.220078463403617
v -0.0545854538754941 -0.0607699234471721 0.198481585119331
v -0.0547658324219224 -0.0601192642790767 0.196982647546023
v -0.0519062103375871 -0.0738331933344139 0.203310663924128
v -0.0532624543509471 -0.0682200081747646 0.200628410265705
v -0.0515635581545949 -0.0788295598611962 0.200402657678664
v -0.0535547145348162 -0.0696959308577355 0.194864030297159
v -0.0479314971689395 -0.100515993425971 0.192002649784029
v -0.0520070911933756 -0.0626525174234277 0.209686974964582
v -0.0529045731820442 -0.0626163299554392 0.206646676212996
v -0.0486234884306454 -0.0960769973527101 0.197372908948967
v -0.0516823539304531 -0.0800782622000768 0.197600628489242
v -0.0490007224815949 -0.0952388145317831 0.194719801961188
v -0.0462997940300414 -0.106655919703976 0.197176571253466
v -0.0534298539866824 -0.0693722404013298 0.197748060574798
v -0.0476018648748314 -0.0992083420966176 0.199948008359641
v -0.0494742254791945 -0.0901551272051602 0.200153018530763
v -0.0541748076976773 -0.061444342515497 0.20112826970678
v -0.0536356613633032 -0.0619366507774992 0.203838358733691
v -0.049533640130929 -0.0873190713059695 0.202903862232628
v -0.0469552401959096 -0.099917696935459 0.202522854450579
v -0.0504774982559976 -0.0736352686716353 0.208853106002813
v -0.0510801682370816 -0.0748612318397725 0.206052030487686
v -0.0482708710966475 -0.0904604668825549 0.205434884009476
v -0.0496696318458685 -0.0830437197760278 0.20573341386616
v -0.0464450207391278 -0.0993524437680951 0.205063174551803
v -0.0487085293529474 -0.0839604540639104 0.208351950160743
v -0.0440069338555587 -0.0980533457048014 0.212471912522497
v -0.0460823525724521 -0.0928908535914965 0.210410992568485
v -0.045346197996663 -0.100847045055605 0.207476283442759
v -0.0440185046065956 -0.106654004904867 0.207267980115086
v -0.0498262765690978 -0.0716747975059314 0.211681048310972
v -0.0445860413767881 -0.10017378827779 0.209944139198717
v -0.0431938371381353 -0.106591546691124 0.209496821250837
v -0.0486782948985316 -0.0719145646270636 0.214336897112349
v -0.0464787495156533 -0.0779196875576697 0.216474349428541
v -0.0449991797736788 -0.0865859640174786 0.215778554623308
v -0.0440180463959138 -0.0845414726589588 0.218350450284396
v -0.0418132483540007 -0.0967253989950075 0.217191050562462
v -0.0398263760573893 -0.106560850300736 0.216195027168206
v -0.0477016355941714 -0.0699705368918416 0.217082972442739
v -0.0444077601686835 -0.0724702661506224 0.221866513299945
v -0.0430059856597753 -0.0704891568777889 0.224443475355726
v -0.0410802490989226 -0.0713204851649401 0.226655582487831
v -0.0459721994696157 -0.0723097583015639 0.219428459865709
v -0.0401190311220086 -0.0981936028769003 0.219231272804038
v -0.0428675874074341 -0.0825027405989268 0.220891321728572
v -0.0385280901073364 -0.106610202943923 0.218189622055226
v -0.0454494034334712 -0.0639605934358518 0.222840900208632
v -0.0419069952792561 -0.0643177369973158 0.227495426815105
v -0.0395785921119714 -0.0819790989219306 0.225427205292272
v -0.0415616348103645 -0.0804687620090567 0.223394627346218
v -0.0399557777341496 -0.0904240856994814 0.222269902625608
v -0.0384575629152468 -0.0989617576946105 0.221245239200177
v -0.0369657965734994 -0.106600457585033 0.220352063618182
v -0.0354789885928692 -0.106510856907654 0.222222919265413
v -0.0375642942296763 -0.0947445877453817 0.223824883464913
v -0.0387666912126687 -0.0742796022971484 0.228494653958947
v -0.0363685208124738 -0.0771895157977742 0.230166772823778
v -0.0371877344562341 -0.0856050727835699 0.227052132180658
v -0.0354529041116199 -0.0968857801842027 0.225491533603708
v -0.0336413402416168 -0.0821816429444277 0.231369102790152
v -0.0339153278775671 -0.0948176183324156 0.227658296503314
v -0.0326279793792349 -0.0899315799971042 0.230201194505367
v -0.0351377706465639 -0.0863705975464725 0.228902439127063
v -0.0320489873419984 -0.10652279273712 0.225844855028878
v -0.0345871280669549 -0.0744322199817844 0.232461536695178
v -0.0325781051954351 -0.0723563169771786 0.234576264741057
v -0.0314541143930845 -0.0983603841144798 0.228851551662723
v -0.0317113344983146 -0.0801162601590518 0.233452717212154
v -0.0284893199187706 -0.0885810729304914 0.233745450517264
v -0.0306978488387144 -0.0885608222535317 0.23213231044712
v -0.0294409657627839 -0.0983552581153082 0.230492169473495
v -0.0275660104938693 -0.0745761502899175 0.237552965338089
v -0.0298600441347321 -0.0759403738746623 0.235769877528327
v -0.0272488616468715 -0.0990645831518289 0.2318854578163
v -0.0250697029140412 -0.0990877619068036 0.233297998458937
v -0.0252257646293706 -0.0724896451096997 0.23932201625432
v -0.0228852430934049 -0.0983974134980299 0.234734738586811
v -0.0263341222518351 -0.0872096446347017 0.235476756793035
v -0.0242279810675234 -0.10648341642081 0.231827939335377
v -0.0241355808346375 -0.0851199953096432 0.237227449479085
v -0.0206493779947396 -0.0648664349754949 0.242898414070195
v -0.0233022036379338 -0.0649831930176708 0.241726437768494
v -0.0222042190857405 -0.07813911459488 0.239699730879819
v -0.0188266773699958 -0.0893496077277913 0.238780910399983
v -0.0213190305543873 -0.089342581830671 0.237692320994459
v -0.0158418631867081 -0.0963361061800186 0.238328898586432
v -0.0204979896558351 -0.0991018509539452 0.235761309360832
v -0.017159246836436 -0.0739552338379454 0.242566803636399
v -0.0193586003668744 -0.0816647514930847 0.240219751591539
v -0.016517954910286 -0.0851719035018351 0.24056115208802
v -0.0199629169261807 -0.072536777479989 0.241780648191706
v -0.0141928020586096 -0.0781870739795706 0.242695415555788
v -0.0180487101381738 -0.0648755395844885 0.243878984960638
v -0.0149372854517299 -0.0651078412242692 0.244833076488232
v -0.0116707247845454 -0.0711726060493056 0.244613478080627
v -0.0136555090560582 -0.0893778454267158 0.240573847877074
v -0.00796042525630242 -0.103822925993244 0.238589966924713
v -0.0063616727739611 -0.100204372909475 0.239690313346155
v -0.0126718853218643 -0.106459693773481 0.236888343761377
v -0.0103127773822892 -0.106374027002443 0.237510288413384
v -0.0131306659730062 -0.0998169874430149 0.238370144999694
v -0.00928560966349047 -0.0648745412067429 0.246140847068857
v -0.0113345350485466 -0.0802948356650739 0.243022302321591
v -0.0109412096070292 -0.0907831813129555 0.240964973547347
v -0.00821142505839535 -0.0921785855758003 0.241212332817636
v -0.00627721532522025 -0.0995904152994013 0.239841738942823
v -0.00613624476006807 -0.0994643142296656 0.239888394477478
v -0.00639739970296157 -0.100086996469143 0.239711592203865
v -0.0106433437928887 -0.0984194597648156 0.239330778136906
v -0.00878657632154321 -0.0711701697095831 0.245178202274929
v -0.0085380948155549 -0.0803061083929031 0.243572766104949
v -0.00570595512757722 -0.0809949666856386 0.243828663740411
v -0.00600405982594507 -0.099401192914286 0.239921087624406
v -0.0058852025828003 -0.0993743857267581 0.239955688119925
v -0.00793092840932555 -0.0993649756439767 0.239646518834385
v -0.00637275970294683 -0.0997570251736363 0.239790851478483
v -0.0064103394981086 -0.0999420379809436 0.239743152862568
v -0.00293630136018725 -0.0712894683996042 0.245810220111678
v -0.00280780399759762 -0.0874659520438583 0.242804715570702
v -0.00556718201792018 -0.0886842485649788 0.242321470923987
v -0.00464628425269451 -0.103189201993923 0.239193344730287
v -0.00373298072415933 -0.104767436044079 0.238892907525012
v -0.00566144396453135 -0.0649247208643305 0.246634492725853
v -8.72632052390694e-08 -0.0813300788814773 0.244086036590799
v -0.00582759469676213 -0.0740004961126068 0.245101297383726
v -0.00288028743264873 -0.0791062371565955 0.244423130651791
v -1.25371961978987e-07 -0.0909756596016143 0.242163011979393
v -1.86156779845168e-09 -0.0992667993487976 0.240338990680747
v 0.0106957278908903 -0.0970383308136171 0.239639306672529
v 0.0026875376634742 -0.0971404335645569 0.240739161355663
v 0.00332297855586779 -0.105010377112373 0.238866934801632
v 0.00347380600578227 -0.104970799630397 0.238863567139277
v 0.00149681352775034 -0.105043629051766 0.238950366401292
v 0.00248829424800179 -0.106855975232689 0.238461936150597
v 0.0156264948530569 -0.0998012220153304 0.237580636793808
v 0.0403916143235928 -0.0967694095721968 0.219388584359245
v 0.041530398252913 -0.0981559476446141 0.217049966371433
v 0.0499210963779008 -0.0908461610673115 0.19199990797043
v 0.0472555991604465 -0.103610994239706 0.191997076749867
v 0.049001430286713 -0.0952388145317831 0.194709922491537
v 0.0510110976334193 -0.0849676979999554 0.192000027179717
v 0.0517280557893458 -0.0810193226322836 0.191999505639087
v 0.0515511715650271 -0.0808436752042766 0.197589825147618
v 0.0523780965592853 -0.077162499994001 0.191999595046052
v 0.0531361968190274 -0.0724688952438672 0.1920000718832
v 0.0547259978949303 -0.0614985976404492 0.192048828481536
v 0.0535402715851156 -0.0697882062934032 0.19487095933696
v 0.0504884319824282 -0.0820772826676899 0.203066627612711
v 0.0504774870801273 -0.0736350153519088 0.208853284816743
v 0.0389485673257155 -0.0728508119844669 0.228665808692594
v 0.0231380040263906 -0.0649003649176855 0.241809124310111
v 0.00586599172743862 -0.0652330035209007 0.246567050071797
v 0.00884055950031837 -0.0694177112922366 0.245470622655661
v 0.0494741584239728 -0.090155432678948 0.200153063234246
v 0.0421538292756997 -0.0867870551768385 0.220454643209547
v 0.0391049326521877 -0.0953996055028888 0.221679578236947
v 0.00352175072214311 -0.0993276035337377 0.240194807048258
v 0.0520233483593527 -0.0730826889411766 0.203333045467741
v 0.0515346759804838 -0.082028414312216 0.194799731788045
v 0.0483012657385374 -0.0975851959490691 0.197350914835537
v 0.0534294963588332 -0.0693744606742268 0.197748030772477
v 0.0515631669991349 -0.0788318248375743 0.200402672579825
v 0.0498493696424004 -0.0899859692324997 0.197460304257416
v 0.0465220299359838 -0.106636689756502 0.194503839436833
v 0.0546782694782256 -0.0608515967072277 0.197341556906516
v 0.0476015035216921 -0.0992099365207785 0.199948038161962
v 0.0531464003885993 -0.0689770914303107 0.200613374994396
v 0.0510804699855793 -0.0748595331074889 0.206052000685364
v 0.047983897099424 -0.0919356370569265 0.205372910081456
v 0.0488015908248253 -0.0910667354938712 0.20278755867211
v 0.0465941142993334 -0.101544963253853 0.202463100795527
v 0.0487788740058224 -0.0711940637202562 0.214386652088464
v 0.0496695163618755 -0.0830442636683818 0.205733458569643
v 0.0470260765870772 -0.0927883112563253 0.207902277829447
v 0.0453476098816092 -0.100840302280532 0.207476775181067
v 0.0461192441202687 -0.100830147139732 0.205001796670218
v 0.050945379790843 -0.0629819075736796 0.212536970990815
v 0.0521064297790645 -0.0625313858906796 0.209439377275719
v 0.0487585749000916 -0.0782722713640567 0.211301098511343
v 0.0487086783645513 -0.0839595972471884 0.208352024666547
v 0.0466555778606205 -0.0899747039552507 0.210592294992679
v 0.0445903217351079 -0.100173639266186 0.209943081216296
v 0.0429068631409119 -0.1069172041007 0.2099805427347
v 0.0501494343090198 -0.0694650150258704 0.211809272800179
v 0.047618256151252 -0.0784704046430806 0.2138970297449
v 0.0462361548993385 -0.0864621949793428 0.213333452939984
v 0.0455098723423027 -0.0837040945006924 0.216013694941691
v 0.0440061813469594 -0.0980556255823399 0.21247231485384
v 0.0499351034686602 -0.0629706050435296 0.214964101874141
v 0.0473926153301623 -0.0721290966330883 0.216918493429158
v 0.045644064742126 -0.0744658146478664 0.21924532459873
v 0.0440726256211043 -0.0916369507476425 0.215356956079074
v 0.0436510233651163 -0.0866920155759198 0.218151415478779
v 0.0425345390223084 -0.0995515754248647 0.214669476121601
v 0.0471881341568155 -0.0637176374663978 0.220124925223181
v 0.0408894620919671 -0.084737512324949 0.222921560192371
v 0.0434316447566773 -0.0789392771050915 0.221245432915268
v 0.0446090822960293 -0.0710405594165774 0.222000161811706
v 0.0410804055611066 -0.0713202020428928 0.226655478179705
v 0.0424086912722992 -0.0747658420615848 0.224003920912655
v 0.0354542265896038 -0.106885352870383 0.222110057873054
v 0.0397825815470256 -0.0805703581205436 0.225594351613648
v 0.037079034216535 -0.0975722170383761 0.223448852670591
v 0.0385896169985552 -0.0883803021460798 0.224639515028011
v 0.0373990366357459 -0.084183710699339 0.227241853760737
v 0.0354522819881739 -0.0968898332998267 0.225490937557274
v 0.0321387258551111 -0.106495985549592 0.225768665393397
v 0.033785780914493 -0.106900172074383 0.223962361575014
v 0.0369905399503143 -0.0722382997869504 0.230810711589216
v 0.0357180926123644 -0.082130017874283 0.22949772560229
v 0.0343382451609588 -0.0765502411162109 0.232173944290565
v 0.0331860986160657 -0.0857201544452027 0.230844492520887
v 0.0317605493057674 -0.0962462447323328 0.229204366448424
v 0.0342340525222753 -0.0927055129586608 0.227980608612732
v 0.0375186631512954 -0.0645397419352722 0.232118824896541
v 0.0317109060899536 -0.0801171542286748 0.233452836421441
v 0.0306982772470754 -0.0885557409578414 0.232133279022576
v 0.030216831930992 -0.0724240800040173 0.236290017449334
v 0.0334750805446507 -0.0647397304087638 0.23553500543084
v 0.0291134121805492 -0.0829699590321352 0.234667757868742
v 0.0325780828436946 -0.0723554825121972 0.234576473357309
v 0.0295321217487779 -0.097659977422448 0.230611497969668
v 0.0271611217518952 -0.0997739677929911 0.231756801193428
v 0.0281626212906128 -0.106844687603699 0.229034150487911
v 0.0281647447059672 -0.0913883099855026 0.233256707342192
v 0.0250701108333067 -0.0990823229832641 0.233299175650645
v 0.0240094779022568 -0.086523386594453 0.236967200704652
v 0.0263336659037984 -0.0872133401224766 0.235476175647761
v 0.0249316883665799 -0.0760079208346755 0.238765785721709
v 0.0240699170087676 -0.106824615740664 0.231827209178495
v 0.0281407873653625 -0.0648358577943903 0.239164436478218
v 0.0276314582529136 -0.0738707591597378 0.237664768748028
v 0.0229527956413533 -0.0977001136979378 0.234876210208024
v 0.0224693051410073 -0.0746223662388434 0.240282872908945
v 0.0189229612178063 -0.0879536968254934 0.239057878276902
v 0.0215446788260573 -0.0865364772638489 0.238222161571186
v 0.0204962071045244 -0.0991058370143474 0.235765645598643
v 0.00958736468049073 -0.0648201966748285 0.246087262494402
v 0.00721785712795253 -0.0639184529542905 0.24654234394709
v 0.0173170314984346 -0.0711431315540693 0.243023896745803
v 0.016183766586391 -0.0907621855779768 0.239473128926609
v 0.0197776489365018 -0.0753465253805247 0.241326892942334
v 0.00641037395704198 -0.0999421050361653 0.239743123060246
v 0.0181655296476363 -0.0984104967168456 0.236959481903326
v 0.0171853182791699 -0.106827439510557 0.235257009373821
v 0.0180886508359337 -0.0648826697897315 0.243862996015035
v 0.0168429436302899 -0.0795719803749261 0.241591969692886
v 0.0140957880539404 -0.0802843005446836 0.242313543506409
v 0.0131312666760341 -0.0998126512053436 0.238370979464703
v 0.0136224294113319 -0.0900764788806621 0.240430394401467
v 0.014455995666508 -0.0725617741765304 0.243660995878406
v 0.0115158747198196 -0.0753865796996324 0.243902275475064
v 0.00630456966473089 -0.0996302982551646 0.239829385880469
v 0.0110992848416553 -0.0865861428314032 0.241816828210276
v 0.00639738945841381 -0.100086996469143 0.239711592203865
v 0.00636160944402948 -0.100204477217598 0.239690283543834
v 0.0104974456002626 -0.106805654014078 0.237359235345738
v 0.00794225701650624 -0.103757770669472 0.238608980805971
v 0.00853820564293525 -0.0803072185293516 0.243572542587536
v 0.00558051902212364 -0.0879853021866644 0.242461839859295
v 0.00821178454888957 -0.0921703675858495 0.241214001747653
v 0.00588668012598446 -0.0993719940905168 0.239943230749445
v 0.00604848530731874 -0.0994171744087961 0.239913443328885
v 0.00793151607383813 -0.0993667712338028 0.239646012194916
v 0.0054093577747143 -0.0964318908389563 0.240667531475405
v 0.00621374848918425 -0.099523799661912 0.239867473247629
v 0.0063729571433219 -0.0997574126038063 0.239790836577322
v 0.00464625445037375 -0.103189254147984 0.239193329829127
v -1.4442003428251e-07 -0.0725391691162304 0.245681548587645
v 0.00288028557000369 -0.0791096793246438 0.244422489901874
v 0.00280776255374531 -0.0874652069858392 0.242804864582311
v 0.0037316514940871 -0.104769663767556 0.238892475391347
v 0.00362514987403624 -0.104881102095476 0.238873327399641
v 0.00576373949923367 -0.0775126996147268 0.244484687347307
v 0.00293614187120503 -0.0712955927765214 0.245809177030418
v 0.00567334533506423 -0.106811353707924 0.238196486871023
v 0.0549899943028442 -0.00248197499184652 0.0819630008497163
v 0.05499489678461 -0.00137069499571737 0.081255001993738
v 0.0549476750073584 -0.00310286955773937 0.0800643619880595
v 0.0535193354547784 -0.0133896006430027 0.0658283516952018
v 0.0532641083797495 -0.0150355315960983 0.0719660057433097
v -0.000825192443325421 -0.105173626774941 0.144087102768858
v 3.83019439200862e-06 -0.103254305163633 0.142712545185256
v 0.0276341497750076 -0.0683244504078845 0.116284010195344
v 0.0258128442714046 -0.0692099891165066 0.115806711111813
v 0.0501750345025567 -0.048802358234585 0.12893341193497
v 0.0496452423716127 -0.0580943195176884 0.143949609757596
v 0.0487306203232143 -0.079978811855685 0.170316617854313
v 0.0503247129333073 -0.0787440570029223 0.176274087065292
v 0.0540361449497393 -0.059870824682602 0.174285840072799
v 0.054035079516772 -0.065633770229384 0.188883583496133
v 0.0540344350415854 -0.0636131952332779 0.183684955901989
v 0.0537121229425152 -0.0687161795625959 0.192001547098125
v 0.0545125089701324 -0.0630769918780794 0.192005078673249
v 0.0469793763504389 -0.101899826937779 0.184144120272753
v 0.0488098460676771 -0.0922073373647581 0.182816680159792
v 0.0486590016211266 -0.0631211961703536 0.148731168760408
v 0.0471425328807554 -0.0660539084463644 0.14809484448817
v 0.0299420340444459 -0.0668344535789325 0.116546471792166
v 0.0304883068587728 -0.0663985424836874 0.116514270383546
v 0.0282198659608666 -0.0679901428747064 0.116395306965814
v 0.0310013631239623 -0.0659468808619182 0.116429549833472
v 0.0217914941960503 -0.0704926139469976 0.114251909086438
v 0.0123840526452738 -0.0741411332642954 0.114313726552269
v 0.00994942283091332 -0.0733060796870487 0.112064038692473
v 0.0211812246231713 -0.0706123671224104 0.113960695699736
v 0.0209777995695666 -0.0720014979967342 0.115990800053087
v 0.0193473686172362 -0.0708370021151743 0.112961885788398
v 0.0189340998351921 -0.0708509943047733 0.112695795758908
v 0.0120934185505313 -0.0687750540472666 0.105057185030195
v 0.0124423497099796 -0.0901618699802332 0.133743596067795
v 0.00981207976699172 -0.0680740140559185 0.1026707417666
v 0.04543298980531 -0.0491088900048103 0.114219022224418
v 0.0429938076864528 -0.0367543342065135 0.0700523837644074
v 0.0249153902224117 -0.0515668550363295 0.063563770125126
v 0.025732070668907 -0.0513660768013377 0.0660993591077769
v 0.0179300987641753 -0.0551967106502484 0.0682858809466835
v 0.0142192618628361 -0.0557946793152317 0.0628674761310039
v 0.00869650160099948 -0.0571960552180998 0.0643040374449483
v 0.00731020334413205 -0.0580901546433616 0.0699132143725481
v 0.00513109955933069 -0.0582254944325343 0.0688730015857592
v 0.0486017476376475 -0.0271741584045847 0.0652785882664042
v 0.0346526596450264 -0.0452483122741114 0.0671832024935662
v 0.0455944997574042 -0.0330401082225097 0.070298439183121
v 0.0448722442389618 -0.0335872453041388 0.0655838236454764
v 0.0478274013877985 -0.0294539111458661 0.0715615062811634
v 0.0510684298479904 -0.0220557625501412 0.0700914471576039
v 0.052987498139572 -0.0156709375638973 0.0673618450605457
v 0.0528816440215058 -0.0178895266297443 0.0781794098426533
v 0.0547930791936816 -0.00489249053775695 0.0697178676042437
v 0.0540124446541512 -0.0131679626461207 0.0801667106114318
v 0.0549654558169846 -0.00209392735507206 0.0645647779576902
v 0.0480041850292846 -0.042216663743742 0.108570565836789
v 0.0492681051782057 -0.03691632472103 0.102306386031813
v 0.0491363453928148 -0.041831852452738 0.111834553364637
v 0.0467958499338798 -0.0311176722686817 0.0704441501845982
v 0.0407160423874373 -0.0390088425194621 0.0652268886887977
v 0.0357929523168352 -0.0443876808550683 0.068438245316485
v 0.032381719077466 -0.0468534801716585 0.0646488279555255
v 0.0320560802943404 -0.0477184813559837 0.0702470003758296
v 0.0152529171743363 -0.0612767640658371 0.0899858305606432
v 0.0171171994871271 -0.0703817940172341 0.110714298992284
v 0.0171740995680471 -0.0704884937761519 0.110930298769542
v 0.0172700984311653 -0.0705774984071157 0.111140494544644
v 0.0177760505681426 -0.0707706248962511 0.111787271981226
v 0.0185516075372727 -0.0708492359678482 0.112431695034391
v 0.0191278335466132 -0.0719458794156071 0.114590605022223
v 0.018143500144656 -0.0708241796666653 0.112116818604242
v 0.0199530169677516 -0.0707887223555355 0.113317181617383
v 0.0205681871597513 -0.0707115566964955 0.113650311969586
v 0.0224119692011461 -0.0703500694467801 0.114531507018249
v 0.023819415464225 -0.0699538177898926 0.11511248837905
v 0.025814068029201 -0.0698194391255646 0.116752450538744
v 0.0245808498586027 -0.069694783468386 0.115396064920811
v 0.0251977485852068 -0.0694626531919497 0.11560965816059
v 0.0270318262459026 -0.068641316132835 0.116146420326536
v 0.0264266323807788 -0.068934936047589 0.115986791640815
v 0.029387811461055 -0.0672390498856341 0.116532837229978
v 0.0288141316874949 -0.0676232912072534 0.116481197257015
v 0.0314841625829955 -0.065472733389132 0.11627995707959
v 0.0360773484133126 -0.0614823926285334 0.116404106101302
v 0.0329202619148446 -0.0663761087867318 0.119692106849877
v 0.0318065976166389 -0.0651155972782482 0.116119002190553
v 0.0490793819819632 -0.0474501598862688 0.122456041221558
v 0.0490413132424764 -0.0528443650435193 0.132355657241739
v 0.0482170928088276 -0.0373245792626054 0.0989000179119404
v 0.0545719198965768 -0.00717863773948744 0.0676337390921919
v 0.0549846969403283 -0.00357064492181707 0.0827070009103342
v 0.0538384438043665 -0.0123270165912653 0.0724135770109241
v 0.0549187593056364 -0.00292113547137748 0.0723233430313316
v 0.0518890367502464 -0.0192169033701536 0.0643912688406273
v 0.0549791984121472 -0.0046349952267211 0.083484997969456
v 0.054973696158676 -0.00567236511810783 0.0842979978554398
v 0.0549681976304949 -0.00667812499171098 0.0851509999077543
v 0.0547345846886006 -0.0073595327042553 0.0809455719378835
v 0.0535202183485311 -0.0152789830291351 0.0785407257406251
v 0.0545215614250647 -0.00850483449425897 0.0771002677731156
v 0.0541842401321993 -0.0107470633197301 0.0753047598457762
v 0.0520805874416714 -0.0189228941625846 0.0685781076123243
v 0.0490932177093782 -0.0267233927150834 0.0701135008756779
v 0.0549630977083541 -0.00765183479763801 0.0860400031647085
v 0.0524884284760463 -0.0181926348583718 0.0729546605135203
v 0.0515975365255568 -0.0212427943552262 0.0740482790608343
v 0.0505976314110001 -0.0242023473463757 0.0752595422731442
v 0.0472520154313746 -0.0296761414638733 0.0648829773467113
v 0.0544240892097136 -0.0109910567824757 0.0818672832429271
v 0.0533535078914634 -0.0176663743024384 0.0834348630137399
v 0.0494955900178927 -0.0270767271674247 0.0765713808706839
v 0.0501659969487848 -0.0242460561750672 0.0696713089271342
v 0.0549580573908548 -0.00868448008986102 0.0870535130712349
v 0.0547840677169403 -0.00981284158881627 0.0857691298625812
v 0.0544077463620643 -0.0134655211238283 0.086614293904283
v 0.0539018184394726 -0.0162160257359738 0.0862061436577258
v 0.0525332101882853 -0.0220268673375148 0.0867862831029381
v 0.0517662511886959 -0.0239059390519851 0.0854092295748912
v 0.0521485106559843 -0.0204472586553134 0.0779972506017107
v 0.0512312511021982 -0.0234782738863666 0.079134447593962
v 0.041763962766036 -0.038158731319649 0.0688986241318593
v 0.0368573459282366 -0.0430297753623257 0.0646949097954874
v 0.0386106425358547 -0.0418996974359589 0.0702098368806428
v 0.0549308031685154 -0.012897330565224 0.0918205806951095
v 0.0485412787288159 -0.0287993851266515 0.0753624347888879
v 0.0409332454264606 -0.0400824636744303 0.0746119005692325
v 0.0442011481294021 -0.035247949826431 0.0710284396031102
v 0.0377571115197338 -0.0437170355056102 0.0757288766861958
v 0.036275537571688 -0.0449881380138355 0.075002087466372
v 0.033167520594359 -0.0474047523252937 0.0736805631142728
v 0.0538609035783528 -0.0206178005732444 0.0943711602455863
v 0.0531944529055422 -0.0213263973155513 0.0905902663486391
v 0.0447284256895315 -0.0357061977610892 0.0773655903928222
v 0.0396878511451849 -0.0441180033797586 0.0852422471662853
v 0.0385219508292589 -0.0443828119009134 0.0818532388988158
v 0.0472610641610168 -0.0315199849725547 0.0768332091681687
v 0.0456429881332884 -0.0352256725916594 0.0809837040085262
v 0.0461717446335858 -0.0331270937462417 0.0757508409973046
v 0.035512847754548 -0.0468850408293483 0.0804424342414192
v 0.0339364800747298 -0.0480723354862933 0.07979725867963
v 0.0347454491707272 -0.0462186572117595 0.0743224604206727
v 0.0399894469060336 -0.04053921031718 0.0710262789347854
v 0.0371981838949522 -0.043175661447759 0.0692242741013108
v 0.0297141301096231 -0.0491936664315156 0.0685903191136497
v 0.0298578387629955 -0.0496497946761095 0.0725449828979749
v 0.0225885274625815 -0.0535666652654429 0.0708419515749376
v 0.0197629563923648 -0.0540827073506441 0.0645602107518864
v 0.0225420898588949 -0.0528679796574352 0.0646464437697877
v 0.0544398248350774 -0.0159852048990061 0.0913208628150627
v 0.0480768840655 -0.030953219337412 0.0805393364904969
v 0.0486196364806865 -0.0326197539387038 0.089121026788927
v 0.0490869107932464 -0.0292791708259974 0.0816954803087827
v 0.042246868395837 -0.0386630499169194 0.0754815472182285
v 0.0429297103450681 -0.0392599941271264 0.0816860702256991
v 0.0416147947000285 -0.0406732835077202 0.0808079448161733
v 0.026702017000515 -0.0532942087237219 0.0804355499051015
v 0.0308328589397137 -0.0498569804100657 0.0772724059833793
v 0.0269383941076602 -0.0509525248972464 0.0687215908902528
v 0.0214660770676854 -0.0536311090588064 0.0673810228545735
v 0.0276022408026939 -0.0515271881473917 0.0748881382892697
v 0.0244921656025871 -0.0526641913880462 0.0711933432997761
v 0.0158188930479787 -0.0566290437138108 0.0731106235136697
v 0.0144268964942488 -0.0565109594683608 0.0697052165186729
v 0.0121534748834848 -0.0571300579787664 0.0697866811650988
v 0.00406533457551286 -0.0590594155215919 0.073420880583952
v 0.00340349674316319 -0.0581585397936463 0.0673273861260551
v 0.0514686265870891 -0.0286872743838699 0.0950285324075401
v 0.0500411513018113 -0.0274991527125237 0.0828203838433239
v 0.0435110344139044 -0.0372082459035004 0.0764104259816462
v 0.0452057657359296 -0.0374072285486661 0.0861436481890757
v 0.0441961338889334 -0.0378044562315586 0.0826064329756848
v 0.0402506120934748 -0.0420501917052404 0.0799857881668406
v 0.0323109683679706 -0.0492178323883657 0.0791988429606219
v 0.0391898580904968 -0.0424077003451338 0.0765064937657156
v 0.0289078879259756 -0.0513798901770122 0.078145353239506
v 0.0248853085048898 -0.0529924825777199 0.0742598010392531
v 0.0214523661374886 -0.0551325313524816 0.0766078291101494
v 5.41010449619913e-07 -0.0587631841784809 0.070540657552913
v 0.0545026183249286 -0.0184699156507666 0.0957383194028216
v 0.0531517648063369 -0.0263154697243265 0.0999455206108349
v 0.0495453002889282 -0.0321299080934548 0.0926833057548856
v 0.0508124316379117 -0.0268902354199495 0.0865479613867112
v 0.042451632691231 -0.0413999870225368 0.08686577334555
v 0.0410931125256226 -0.0427829488164623 0.0860405098041778
v 0.0252955635272466 -0.0533530310543312 0.0772662443533634
v 0.0189320621015098 -0.0567772171273628 0.0791875702324307
v 0.0205265589055782 -0.0568891285671243 0.0822010543450477
v 0.0200025037213814 -0.0551521971588962 0.0734748376874289
v 0.0179453501018267 -0.0559215477947271 0.073262689860254
v 0.00969808123345412 -0.0576949199906702 0.0699763878440174
v 0.00579937655561058 -0.0594534208285518 0.0762864781256062
v 0.0548778816974175 -0.0220897986630995 0.103625533648755
v 0.0465834636949502 -0.0347054693574214 0.0845037754363467
v 0.044712038138401 -0.0407368742096519 0.0936120206055338
v 0.0370404849146258 -0.0456574199071187 0.0811341908320592
v 0.0332767498252517 -0.0500614764845729 0.0851532872359465
v 0.0348917934668423 -0.0489060852120065 0.0857591758871262
v 0.0281352608975057 -0.0532646597226837 0.083591287949876
v 0.022936493771895 -0.0551385551465662 0.0797018316454776
v 0.00956943299661562 -0.0601675365881353 0.0817681458197203
v 0.0129845768592627 -0.0580098820923819 0.0759876055422215
v 0.0168320937228865 -0.0575129172177602 0.0790200662831947
v 0.014661773240808 -0.0581883532902813 0.0789173674825422
v 0.00252369242015132 -0.0605106022783281 0.0795284715400232
v 0.0459597979788874 -0.0392447912182464 0.0945195758077597
v 0.047536687199319 -0.0342401843497726 0.0880520324099354
v 0.0406771429082592 -0.0449799535514955 0.0911724919563719
v 0.0293241872315125 -0.0542939052220332 0.0893315578401485
v 0.029901504750851 -0.0522360735996811 0.0840528365063778
v 0.0316133183906096 -0.051172276034695 0.0845846738386599
v 0.0180682995761415 -0.069240596099932 0.109380496083636
v 0.0259793405242917 -0.0552247844364087 0.0858419741874492
v 0.0180716094963914 -0.0585974124945174 0.0847344901099542
v 0.0119087652337183 -0.0596419316832588 0.0817243513079505
v 0.0137352684483272 -0.0599519465997235 0.0845239441575718
v 0.00714254247242877 -0.060624126768701 0.0819001179508838
v 0.00151489596945901 -0.0621237050437789 0.0851417313856989
v 0.0106784928362631 -0.0585675766461418 0.0760064331589691
v 0.00828625402922289 -0.0590501991538955 0.0761019496000867
v 0.0539597765027798 -0.0259106908784102 0.103936863602619
v 0.0523405083822208 -0.0268958233550929 0.0962914653951347
v 0.0470586393478027 -0.0388992444848499 0.0979340725108815
v 0.0420692949928506 -0.0436324341675394 0.091981341869056
v 0.0364587920420701 -0.0477082740611218 0.0864080320356481
v 0.0379771867574208 -0.0464720216417406 0.087105950256304
v 0.0367947647799209 -0.0492532561718846 0.0918608957858183
v 0.0267644789395477 -0.0597617928920843 0.0991213076013034
v 0.0310657417247492 -0.0532578200900682 0.0898391360825493
v 0.0198007457350945 -0.0588168730593385 0.0876118297663667
v 0.0221455383161548 -0.0570123537129062 0.085175594273755
v 0.0244462625780293 -0.0551728687936366 0.0827853288623989
v 0.00462465056178691 -0.0610037114777009 0.0821152460102309
v 0.00372014477147372 -0.0627699311166605 0.0876730958892458
v 0.0504704686335872 -0.0316284132660769 0.0962217875669497
v 0.0513371722754861 -0.0335566867494847 0.104408254375869
v 0.0430402993068457 -0.0456981261519932 0.100214762235848
v 0.0435770763567189 -0.0410444453358139 0.0902144814234715
v 0.0416538767184213 -0.0470675800440321 0.099416007859647
v 0.0396459043787086 -0.0478831466287889 0.0957905032681561
v 0.0392371580988405 -0.0462865729754922 0.0904071310816601
v 0.0247703255634445 -0.0618763346055616 0.101249908627944
v 0.0250233211897061 -0.0595283028847632 0.0962485426012752
v 0.0270741604425488 -0.0574681764837122 0.0940762215686688
v 0.0130249124377726 -0.0619040917420638 0.0899362692996203
v 0.00870070279690478 -0.0619780946298127 0.087315952316315
v 0.0110650224173236 -0.0614761862952341 0.0872529502081956
v 0.0159388697407972 -0.0593037498483813 0.0845953132675145
v 0.00625179208296291 -0.0624142776712347 0.0874651650905944
v 2.90266586058068e-08 -0.0638615975768517 0.0901449898597972
v 0.0306568855488234 -0.0554652221097581 0.0949739122024049
v 0.0288912954838899 -0.0564881606929758 0.0945002713538645
v 0.0344039853552756 -0.05104386155981 0.0909598970943712
v 0.0327600930671848 -0.0521695771714748 0.0903720761007351
v 0.0275288730769063 -0.055294827340786 0.0888918543854686
v 0.023776274742273 -0.0571617117687086 0.0881663466654789
v 0.023278635590144 -0.059291460116356 0.0933781245340826
v 0.0174124622548133 -0.0605895896042248 0.0900965610869997
v 0.0080596213496452 -0.0639875868878844 0.0926617214233788
v 5.90176479965027e-08 -0.064990487135678 0.0931821891699242
v 0.0385298335431012 -0.0520621323545379 0.10289579399908
v 0.0236689863875201 -0.0662303754381924 0.108636585429983
v 0.0227507079668929 -0.0639592225290966 0.103385580255413
v 0.0254228883547786 -0.0573089799367673 0.0911171192426133
v 0.0211001641733364 -0.0612391535370321 0.0956621595696622
v 0.0215358331247253 -0.0590543267753214 0.0905046740806548
v 0.0125221668442451 -0.0640265385211239 0.0951473617148244
v 0.00763686145976006 -0.0661842861491298 0.0978073381377606
v 0.0522863650159715 -0.0318399389629944 0.105590199554186
v 0.0522747979902247 -0.0366914848373108 0.114540104988066
v 0.0503004501189147 -0.0364689136552598 0.105667983613879
v 0.0362345295783157 -0.053889789477754 0.101906491028372
v 0.0329628419806371 -0.0561774938507444 0.100734358264483
v 0.0332230236914932 -0.0538377471751186 0.0957301163137678
v 0.0364645662417183 -0.0515269758058563 0.0969309785157968
v 0.0295006002066341 -0.0582905640746339 0.0997322253942737
v 0.0192569148484253 -0.0609120432643187 0.0928735265238539
v 0.0100270541512153 -0.0656996408088542 0.09771471252185
v 0.0104401068664338 -0.0635008479345751 0.0925854423809325
v 0.0030226575427237 -0.0647635052101538 0.0930420363014481
v 0.00559894477259768 -0.0644096324533937 0.0928155461069446
v 0.0531925306558529 -0.0313487967167922 0.109139186684656
v 0.0532535695340691 -0.0364443751694002 0.118513045046187
v 0.054070544278482 -0.0308315345990847 0.1126686532944
v 0.0502304705444691 -0.0412697359796346 0.114818793949065
v 0.0360966044378167 -0.0563470914076361 0.106821638938301
v 0.0413659900251244 -0.0519839496913018 0.10928691679343
v 0.0310125985988906 -0.0630652944671792 0.111472000670314
v 0.0186869808540563 -0.0655483642286526 0.102925439858613
v 0.0229405692392596 -0.0615563545380912 0.0984417103579258
v 0.0208262547684781 -0.063567485923805 0.100679171815235
v 0.0169400135143106 -0.0627452547950673 0.0952899285713599
v 0.018889122545223 -0.0631570036587524 0.0979723833954546
v 0.0147653810089465 -0.063413542035895 0.0951850542012217
v 7.41397232087976e-08 -0.0669282638341196 0.0978136934828677
v 0.0548378981588216 -0.0333985183826062 0.12091140178789
v 0.0542203456438057 -0.0362075286757029 0.122727905450883
v 0.0455972639226551 -0.0440385317661495 0.104358834675874
v 0.04429850113547 -0.0454968114752276 0.1035075686088
v 0.0297751838889997 -0.0634632150540295 0.110531655463614
v 0.0257822447385594 -0.0652109796058556 0.108948153802421
v 0.0249915854433818 -0.0655893498702842 0.10879666115053
v 0.0243263585283677 -0.0659099185335898 0.108702523066792
v 0.0246550594999518 -0.0644149447170701 0.10626332969375
v 0.0228416907268974 -0.0666353964279649 0.108591449813736
v 0.0265722316188748 -0.0629366303978578 0.10558560999664
v 0.0206608723773296 -0.0661689305033558 0.105789413173733
v 0.0166479507708166 -0.0650523716547459 0.100315367423399
v 0.0143415994582527 -0.0681701861450262 0.105094646548599
v 0.00243357951538411 -0.0692698992318239 0.103013051233894
v 0.00517136109770002 -0.0666026883809256 0.0979665123380755
v 0.046689619561514 -0.0489687445914143 0.117635396473809
v 0.0467971351589628 -0.0437799593806147 0.107693036473698
v 0.0400263682561709 -0.0507927062268556 0.10360364384345
v 0.0197248764770077 -0.0682477019813352 0.108835687290824
v 0.0175493983307919 -0.0696378982886264 0.109721300533683
v 0.0173354996240835 -0.0698453000894081 0.109938999043278
v 0.0171072995286981 -0.0702591947201883 0.110500094804911
v 0.0144638681358025 -0.0657159873817937 0.100223501766693
v 0.00978911801016504 -0.0706101617506738 0.10744847117107
v 0.0122133300507732 -0.0663221442344071 0.100190763916282
v 0.00262219793784264 -0.0669218041810938 0.0981242336752064
v 0.0512651810443888 -0.0385568046433932 0.113732760092629
v 0.0336541626901258 -0.0607087914367035 0.111082387467867
v 0.0316508991170939 -0.0629385004934858 0.112133999642715
v 0.032812247128523 -0.0586166647937314 0.105653358124494
v 0.0293352792827721 -0.0607165810182933 0.10466083650304
v 0.0218635301306287 -0.067128326813413 0.108592694060668
v 0.0210381548570503 -0.0675516613292954 0.108645563379402
v 0.0190926630828207 -0.0686033256244402 0.108987716384507
v 0.0177973983430354 -0.0694361961816909 0.109537002976157
v 0.0171442991099274 -0.0701254940586577 0.110296097912727
v 0.00242036986953578 -0.0712420901601685 0.106706899999673
v 0.0533051499007326 -0.0416373327051068 0.128409263601692
v 0.0427766940543918 -0.0506422156828641 0.11007664851673
v 0.0360459591189672 -0.058875661862337 0.111645785458853
v 0.0326499958436998 -0.0632001946721207 0.114028495981652
v 0.0427426896063993 -0.0558278753752735 0.119832974974074
v 0.0391576939358115 -0.0551710955555511 0.11058040461137
v 0.0324478988560142 -0.0630067999620983 0.113395397810741
v 0.0319359992933993 -0.0629170949765966 0.112500001955777
v 0.0317276475436431 -0.0617584701522273 0.110096839589696
v 0.0306684991406963 -0.0631614963586077 0.111174901325072
v 0.0292093700654764 -0.0627383183049093 0.108428341706954
v 0.0303119981917738 -0.0632747973315749 0.110899296904371
v 0.0290062802879803 -0.0637648294413287 0.110090826971289
v 0.027422152828893 -0.0644507149525679 0.10941017174549
v 0.028219102276397 -0.0640970135591522 0.109719281426386
v 0.0266057424659296 -0.0648239517672448 0.10915396118565
v 0.0203713484190356 -0.0679008998251766 0.10872395838669
v 0.0177212087100004 -0.0687511451354331 0.108278629743785
v 0.0172219993480962 -0.0699866003427338 0.110108298582398
v 0.00742273364771073 -0.0685587413525762 0.102761840013522
v 0.00496107499106176 -0.0689791775927642 0.102916655624286
v 0.0542318046361398 -0.0412829719353443 0.132322993897133
v 0.0441183498317375 -0.0557826615293834 0.123116944958636
v 0.0326963980571304 -0.0633403996901582 0.11434039963021
v 0.0321293977287117 -0.0629231970017731 0.112787698668516
v 0.0323016998462128 -0.0629520978023347 0.113087197100657
v 0.0313412977078298 -0.0629895965724369 0.111791399602784
v 0.0184792661289065 -0.0689692459693694 0.10919291282014
v 0.0165254874468593 -0.0675083138537431 0.10518934342587
v 0.0121517379669778 -0.0713850742446174 0.109765281309963
v 0.00740832189731469 -0.0711020639560556 0.107531791012024
v 0.00249407799370582 -0.0732341592364632 0.110171472053867
v 3.20288347276617e-08 -0.0717788672100417 0.107451481205564
v 0.0466959041259053 -0.0543112203703975 0.127518025170609
v 0.0441134734270024 -0.0505372370079704 0.113356624990181
v 0.0479152474535425 -0.0474631238958014 0.118591715724951
v 0.0326695983201828 -0.0637025947449918 0.114928496295322
v 0.0406151131028776 -0.0564665242081007 0.11612588652687
v 0.0383904816164955 -0.0596916978336458 0.117482331749447
v 0.03270339787722 -0.0635089988693043 0.114643198669481
v 0.0325659980026245 -0.0630887935971022 0.113710996947192
v 0.0175418993218295 -0.0707076972959565 0.111531597863176
v 0.0173956984493831 -0.0706495976716257 0.111341101422732
v 0.0154159172424687 -0.0705385542244564 0.109945674763344
v 0.00758361635408508 -0.0738112588263311 0.112133105573063
v 0.00515026710819501 -0.0742544863913239 0.112261628085487
v 0.0049573995267212 -0.0715310162094021 0.107676533438045
v 0.0324929003603689 -0.0641427005168845 0.115429801149
v 0.0325986985990835 -0.0639148990275393 0.115191501784515
v 0.0335060526065054 -0.0633687714995262 0.115587388375683
v 0.0321932976297213 -0.0646237993809891 0.115824696812972
v 0.0323554967604832 -0.0643805975423887 0.115640198089774
v 0.0320094992669852 -0.0648695940214959 0.115984198838825
v 0.00794218064805927 -0.0766768860783005 0.116567974167288
v 0.0155339279134392 -0.0732243989764128 0.114384983903505
v 2.74136893799779e-08 -0.0774012612868074 0.116359328112915
v 6.27504272121174e-08 -0.0747423131293411 0.112370615176023
v 0.00283097832879038 -0.076029415758527 0.114611816824708
v 0.0548319265187983 -0.04320960629111 0.13958222852091
v 0.0516341710283568 -0.0530669362255703 0.143046077868803
v 0.0524649815001847 -0.0443383393877523 0.129721787652631
v 0.0448620294935197 -0.0589706940126754 0.13047046667776
v 0.0421542800358012 -0.0604201187071964 0.12637030795879
v 0.0406557411166601 -0.0590846469114094 0.120876793841791
v 0.0293829685839308 -0.0678695254319915 0.11752307897382
v 0.0250940886630069 -0.0723963712962863 0.120005478262779
v 0.019199420583735 -0.0749443579629654 0.119122211952756
v 0.0278642106527958 -0.0709746068807251 0.120610763416944
v 0.0149819973147797 -0.0763950976848901 0.118794416216141
v 0.045425311982423 -0.0543956130922229 0.124072519151736
v 0.0313739685019681 -0.068914514007285 0.121586409473723
v 0.0361879895291515 -0.0641493389838348 0.121070277964988
v 0.0393040419572167 -0.0630429725289265 0.124789078724628
v 0.0339925382400882 -0.068636719124857 0.124701579108054
v 0.0230486771578335 -0.0701791531371945 0.114805651125185
v 0.0173524962601446 -0.0771731692248347 0.121100192045416
v 0.0169256972244733 -0.0742488537526994 0.116727811469261
v 0.0127806889383636 -0.0770420613652106 0.118714270322451
v 0.0102858379469629 -0.0761526036514079 0.116518591720195
v 0.0107906240681403 -0.0791468800715384 0.120822613220901
v 0.00364542546387337 -0.0806137428489968 0.121071894740941
v 0.0478967998169892 -0.0529114835951715 0.128672283992046
v 0.0473537344774346 -0.0573355673321795 0.134758186308484
v 0.0394875050438442 -0.0657628515311961 0.129375872104409
v 0.0236007334850338 -0.0762132066706829 0.12404177805688
v 0.0231830874871274 -0.0732955371160781 0.119662952728652
v 2.59981462188852e-08 -0.080440598815934 0.120491837252114
v 0.00445941904488722 -0.0774196344175588 0.116858636211038
v 0.0510791735846261 -0.0513123171399683 0.137236338766597
v 0.0501206191901304 -0.0538741842375435 0.1382044373854
v 0.0366474891612819 -0.0696787498198146 0.130168956588902
v 0.0363748053768651 -0.0668870621256624 0.12566263692835
v 0.0196703680323291 -0.0779079752456092 0.123453144949977
v 0.0212187848605601 -0.0741450522694759 0.119367686226196
v 0.0155096734809494 -0.0794071139364557 0.12307512485068
v 0.0114586822036271 -0.0822775542632287 0.124974292703547
v 0.00609626680940727 -0.0801822201454843 0.120926131585401
v 0.0531697505069184 -0.0472119462111064 0.138780411956152
v 0.0525420093234911 -0.0526358195786782 0.146665346324473
v 0.0485015187076257 -0.0579154832413597 0.139513772587915
v 0.039736805182331 -0.0685439445003165 0.133899492012721
v 0.0320774522836188 -0.0746460143803702 0.130458918278092
v 0.0422914787447316 -0.0630983005374261 0.130996090225963
v 0.0282158631366589 -0.0738386695108544 0.12504617590354
v 0.0316738133764718 -0.0717400943907269 0.126067754788672
v 0.0343052241895515 -0.0714633425895257 0.129171532485525
v 0.0211075327971455 -0.0797901408135039 0.126728904394904
v 0.0254852385351085 -0.075292873752568 0.124408696791335
v 0.0241435399169267 -0.0792399378181262 0.128308785074008
v 0.0277960527452069 -0.0773002761228962 0.129147228692161
v 0.0216635770473931 -0.0770842912537342 0.123721969342486
v 0.0259962198137148 -0.078291925994601 0.128703740342623
v 0.00683123534596216 -0.083375225891054 0.125020277685964
v 0.00847584149276754 -0.0796945200673303 0.120845382194697
v 0.00917933365632102 -0.0828532233416998 0.124965761788955
v -8.79335445776831e-05 -0.0824580371177797 0.123032216957981
v 0.0534368016527107 -0.0519924880562009 0.150413897251772
v 0.0449711991197709 -0.0616286177153654 0.13511022623382
v 0.046250944301018 -0.0622878450506806 0.139690932489389
v 0.0424803584031581 -0.0658329465896347 0.135576364347867
v 0.0400613263784279 -0.0713789051642191 0.13835520733099
v 0.0179225364252813 -0.0802248151124372 0.12534376698709
v 0.0149433446360704 -0.082106280325794 0.126101371807574
v 0.0133381292410745 -0.0800787092348883 0.122967933350028
v 0.0174205945630919 -0.0829796000829026 0.128307518475335
v 0.00441888975129227 -0.0838355003835242 0.125132885758589
v 0.00293915609655362 -0.0877002057356491 0.129242953749531
v 0.00536088150602294 -0.0872098458003669 0.129042607641758
v 0.0445071658095942 -0.0650408828600911 0.139217790829738
v 0.0295442159030732 -0.0762676182578191 0.129640024982988
v 0.0178201989810654 -0.0846041916430081 0.130326134033662
v 0.0136093275660657 -0.0860609439831471 0.129999232366698
v 0.021434650520439 -0.0813535258573389 0.128811505537968
v 0.0217976949414144 -0.0829435243736169 0.130865198428962
v 0.013170293746398 -0.0844016923239922 0.128017154454801
v 0.00207395840317592 -0.0842469288722611 0.125335884272995
v 6.94355042286098e-08 -0.088090474576643 0.129444804874551
v 0.0532602452539204 -0.0546687997908027 0.155207749712294
v 0.0453312297810589 -0.067049447520929 0.144260000938326
v 0.0427309251402774 -0.0686044283103085 0.140087660996147
v 0.0475349847417453 -0.0626025538326657 0.144053992389426
v 0.0343004409170687 -0.0771897691175007 0.136416238477463
v 0.032442903241996 -0.076853956567124 0.13364690243497
v 0.0347094926707246 -0.074367899122994 0.133561757201811
v 0.029098244661925 -0.0790604831436415 0.132535931485833
v 0.0276868030252187 -0.0816654592982029 0.134125497919496
v 0.0240718262199416 -0.0836448623881726 0.133252573015111
v 0.0255520646514882 -0.0810930684750158 0.13160505596686
v 0.0202482778727928 -0.0854358626568481 0.132575449364436
v 0.0161999064057302 -0.0870308977653352 0.132103246477919
v 0.00914979676247563 -0.0873027172824499 0.129898843245979
v 0.00866932467842964 -0.0856072483529857 0.127953735114178
v 0.0544631078981748 -0.052064669277093 0.15802663211465
v 0.04046009633142 -0.0742742304288305 0.14273720660648
v 0.0369999090549047 -0.0725422387552692 0.134600263805681
v 0.0314110239625489 -0.0810719013766927 0.137269747169247
v 0.0310912357475184 -0.0795130313844535 0.13518224354426
v 0.028046610169101 -0.0832593023138595 0.136176061566709
v 0.0244764765433496 -0.0852726427966 0.135267180161167
v 0.0166861051919756 -0.0887347783998353 0.134039115889986
v 0.0119075517204697 -0.0884200956948808 0.131848958167829
v 0.00736511412014101 -0.0895862232535026 0.131825965676621
v 0.00407326338982006 -0.0912029097480253 0.132902157316309
v 0.0548483960263109 -0.0482920419202607 0.151472073387979
v 0.0506241778282213 -0.0585442302531128 0.148812096965042
v 0.0450076957868373 -0.0706119796922405 0.148240101004241
v 0.0374378206309311 -0.0754750031853413 0.13895296739892
v 0.0345814693512997 -0.0787129508306241 0.138541456940589
v 0.0378242151702256 -0.0776957603700239 0.14212697426691
v 0.0249129538826892 -0.0869259712445029 0.137254324467756
v 0.0206940404976956 -0.0871010747801559 0.134551686021275
v 0.0284385460774127 -0.0848762793810097 0.138202410827523
v 0.0172103075251311 -0.090467015942543 0.135944139899072
v 0.00856295088239519 -0.0931871780668599 0.135496345114045
v 0.00530013971969186 -0.0980310982723506 0.139066737762092
v 0.0130149798830553 -0.0919353315831386 0.135605511018511
v 0.0515688070883396 -0.0605717156623462 0.157056134408948
v 0.0492901551702814 -0.0641409570811198 0.152671750947719
v 0.0515619376534034 -0.0580886757031936 0.152392667105958
v 0.043049001584509 -0.0714255234444753 0.144545119750236
v 0.0415649838461604 -0.0765347588105737 0.147500049751251
v 0.0337004084413724 -0.0830587475962734 0.142027911349507
v 0.0348872150853148 -0.0802562789125846 0.140644293860101
v 0.0366866419601865 -0.0805413455612791 0.14346530712846
v 0.0317610894728312 -0.0826509102871887 0.139334586128564
v 0.0211725148949279 -0.0887934889717418 0.136497956443624
v 0.0235582446888486 -0.0895824607105061 0.138789933797942
v 0.00691952099593749 -0.0955996684821823 0.137291860491964
v 0.0114522383830842 -0.094416844173352 0.137327206045526
v 0.00794276086199166 -0.0913702274273786 0.133679148547072
v 0.00417268951982624 -0.0951405190273209 0.136516851115595
v 0.00249788407603035 -0.0935768061579574 0.134965953194366
v 0.0531915173769469 -0.0569498284439418 0.159773837929059
v 0.0516042569488892 -0.0630667324291561 0.161710169277113
v 0.0384139174164869 -0.080767694187487 0.146349307603777
v 0.0394828111783237 -0.0778619604623485 0.145073067879534
v 0.03052191083808 -0.0854075504521216 0.140766006542012
v 0.0293079691810814 -0.0881825488466456 0.142177325289458
v 0.0325389859241414 -0.0858785537800671 0.143391784800773
v 0.0258716833658193 -0.0903126324704016 0.141145315591723
v 0.0222271389330536 -0.0922597745481436 0.140304860316853
v 0.0149382717222827 -0.097438225804218 0.140999224610644
v 0.0197581414549163 -0.0913933018742306 0.138091486586076
v 0.0157260252911858 -0.0930094742787202 0.137598943614983
v 0.0142612971049522 -0.0955749325559476 0.139232140647647
v 0.00226827093154556 -0.0997399186415174 0.140159305777565
v 0.0541928194752894 -0.0566893375340079 0.167673688359402
v 0.0482628132941708 -0.072106208450741 0.159956332446121
v 0.0502200322816213 -0.066764440476876 0.160627018795304
v 0.0436529865929967 -0.0757579464186814 0.151109379132627
v 0.0462841031081588 -0.0704427025102969 0.151526939462268
v 0.0359505693407796 -0.0850127963618526 0.146820988949664
v 0.0355714763700724 -0.0834067343946824 0.144783597928652
v 0.0329661723899826 -0.0875274491327563 0.145384978978672
v 0.0363536494544122 -0.0866386470700104 0.148837205421093
v 0.0271433185905284 -0.0875844684229594 0.139684286571645
v 0.0114114092036366 -0.100772099669462 0.14242820123371
v 0.0189843018445203 -0.0958353154324688 0.141478282031157
v 0.0183610682621086 -0.0940175601303268 0.139663290835992
v 0.0106450825720408 -0.0988307615936892 0.140743371678664
v 0.00991350637777924 -0.0969187639027091 0.139027115575363
v 0.00608950820185135 -0.0999937822603713 0.14072979672112
v 2.23907678417047e-07 -0.100525261947729 0.140682306721457
v 0.0534208648616818 -0.0613320734478863 0.17118005071923
v 0.052769408481506 -0.0620528612020311 0.167284395531914
v 0.0535136357609322 -0.0577309249194441 0.163918923648024
v 0.0479933630615569 -0.0693481824778925 0.155468981963344
v 0.0498333210926686 -0.0653473028716135 0.156803798150931
v 0.0413491926920834 -0.079483936868807 0.150214042882307
v 0.0440109757953124 -0.0779691296078183 0.154321681984029
v 0.0416458822458762 -0.0810214982016994 0.152323436312599
v 0.0387439781189559 -0.0823306396470908 0.148432340880505
v 0.0390932091642569 -0.0839135228592862 0.150493365142643
v 0.026951130874497 -0.0937996232091547 0.144931104520013
v 0.0297834372692064 -0.089872608654891 0.14412642693237
v 0.0240370357357389 -0.0976594409806742 0.14580683084264
v 0.0302869232641404 -0.0915857950640498 0.146051224781918
v 0.0263981078345169 -0.0920429403128398 0.143051516792517
v 0.015648829829825 -0.099329406574144 0.142736670164689
v 0.0228014613191552 -0.0940334224155538 0.142166253726939
v 0.0163890375212381 -0.10124904110982 0.14444563960033
v 0.00335570988597015 -0.102718995878058 0.142481800709326
v 0.00325074168845488 -0.105086477338445 0.144140285011971
v 0.0460952979555342 -0.0740520019734684 0.155408021314263
v 0.0394671426081817 -0.0855107484383496 0.152539637255528
v 0.03677953206872 -0.0882834148012737 0.150833111610268
v 0.0419624909258101 -0.0825735732648043 0.154417243128629
v 0.0338951926846004 -0.0908904696677084 0.149302330256201
v 0.0308158380892669 -0.0933223911961694 0.147952344686858
v 0.0334177744071103 -0.0891987483800804 0.147354197188745
v 0.0234043008009385 -0.0958335794472842 0.143999439239514
v 0.0196413852753854 -0.0976802653523085 0.143265646474086
v 0.012214920749644 -0.102740401394947 0.144083794711147
v 0.00815688588007342 -0.107484133648607 0.146391969627321
v 0.00692042111915684 -0.101985836435506 0.142358150876504
v 0.054896452268544 -0.0554664738072303 0.172878052900477
v 0.0516628557620928 -0.0649100432213538 0.165181424501953
v 0.0442712655395812 -0.0794729845159259 0.156466122944665
v 0.0422962955448252 -0.084140802808018 0.156495493132722
v 0.0372243168049728 -0.0899488802443081 0.152808662813708
v 0.0343963038070985 -0.0926009217139371 0.151229467588004
v 0.0313702581130329 -0.0950797446447015 0.149830978740059
v 0.0247003050108078 -0.0995083173562747 0.147589501419898
v 0.0275306705293775 -0.0955810494822845 0.146784928140381
v 0.0203265015142199 -0.0995515456225439 0.145023983455658
v 0.0210440259142409 -0.101447457510891 0.146756660638228
v 0.00778923327524978 -0.10405077963665 0.143987384200378
v 0.0130049821357612 -0.104731069762166 0.145693283996881
v 0.00979318975223952 -0.105741994284825 0.145555388654275
v 0.051944752188916 -0.0689192376751262 0.1733178159598
v 0.050149717431067 -0.0699122212006853 0.164752405179611
v 0.0495851087388897 -0.0744352374667618 0.167942222179274
v 0.0517343068261262 -0.0668168478579407 0.168640535280692
v 0.0485805991657749 -0.074891689811594 0.164395745894408
v 0.0465039473778598 -0.0769294905491021 0.159771453743321
v 0.0449877207813448 -0.0832145988327124 0.161749210318568
v 0.0441484762527405 -0.082531745707611 0.159085329791486
v 0.0398555637052882 -0.0871291411157361 0.154564466597934
v 0.031009847472155 -0.0998771061745775 0.152846318047203
v 0.028139053242823 -0.0973845071210396 0.148615848676506
v 0.0334571209210999 -0.0956167452119804 0.152390268019059
v 0.0271092508126042 -0.100315587719989 0.149862792718497
v 0.0303852951370496 -0.098055901253807 0.151033368311076
v 0.0198961336506371 -0.104268127961987 0.148077156810228
v 0.0171616589617729 -0.103196153385241 0.146127667737134
v 0.0528038376125694 -0.0669879206297103 0.1766896804417
v 0.0410792432705968 -0.0887741696173061 0.158028584166722
v 0.0426401435459381 -0.0888297509455322 0.16105557618166
v 0.0357356648057453 -0.0968786499789598 0.155944165082034
v 0.0390006804088627 -0.0902170042736479 0.155649747945746
v 0.0340258050806418 -0.0973886645447863 0.154255833754186
v 0.0334336888463986 -0.101399907908111 0.156258654082
v 0.0363266969805707 -0.0930038043871947 0.153929259912761
v 0.0236143456950431 -0.102398792293182 0.148880970130541
v 0.0533799649017223 -0.0660543703823363 0.180572624938802
v 0.0549132943050662 -0.0574244974573414 0.180359627745458
v 0.0541840315159539 -0.0606994111562428 0.178324427195092
v 0.0502665276273043 -0.0761821526524461 0.173056658214554
v 0.0507446127317215 -0.0716409197178021 0.169976618066953
v 0.0464843374507967 -0.0806986049573743 0.163479801338617
v 0.0395485141197396 -0.0950468428825773 0.16001794874628
v 0.0277151170925902 -0.103239851038063 0.152256008559704
v 0.0235889354913011 -0.106964723901159 0.151776101773021
v 0.0210028074419783 -0.107222774746081 0.150526073190732
v 0.0243539089112696 -0.104349786320882 0.150612395615599
v 0.0476576101158218 -0.0803996206248826 0.166856851424496
v 0.048193645832966 -0.0860052583467983 0.173879440712643
v 0.043891546720138 -0.0948879369082599 0.168166588958354
v 0.0435788570453846 -0.0895770217869665 0.163625907220857
v 0.0451199983820589 -0.0870979082835747 0.16531101989796
v 0.0377683954234334 -0.0948144518358343 0.157195192042101
v 0.0255998973763155 -0.107036160064032 0.153093483602401
v 0.0549351654832174 -0.0599276949612012 0.192113395211546
v 0.0524301761148216 -0.072151686792228 0.181887413966192
v 0.0492826002819676 -0.0829589545251928 0.175574730882613
v 0.0463968527381919 -0.0868515921024544 0.168587904380532
v 0.0412252187629924 -0.0951814376137308 0.162936758333368
v 0.0389855855333954 -0.101426305313729 0.163280453608622
v 0.0319446978457725 -0.102633932604015 0.155522775154052
v 0.0298371298753542 -0.106997633113864 0.156244423473378
v 0.0320828427783871 -0.106936493652815 0.158220451513966
v 0.0300374573502444 -0.102996515089019 0.153979074493518
v 0.0407504230897295 -0.101467536824507 0.16617121921097
v 0.0371767150481314 -0.10101131544766 0.160457845916051
v 0.0348904598129881 -0.102313080818662 0.158413153326217
v 0.0427911817075736 -0.0951948039545938 0.165951412187113
v 0.0523158804893988 -0.076813231695799 0.189389254389943
v 0.0514684924766456 -0.0748974714618224 0.178423281496243
v 0.0402863525266519 -0.106890590628257 0.168684314891301
v 0.0377729477279302 -0.106577576853266 0.164574366109646
v 0.0390860156290823 -0.106885203858779 0.166702490299139
v 0.0527618945713832 -0.0748363543525141 0.191999416232122
v 0.05144878569204 -0.0811420932926738 0.18755992827803
v 0.0467689756911302 -0.0893012758140911 0.171733405327795
v 0.044108857792574 -0.10651070789605 0.176857676129244
v 0.0453341690349444 -0.0939888604954304 0.171112429251244
v 0.0443379482322922 -0.0959382302966495 0.169943477885198
v 0.0420585959596961 -0.100904302764374 0.168251838499639
v 0.0508884946110834 -0.0852610049903414 0.190131481212419
v 0.0497187684222293 -0.0908980841606638 0.188331853114101
v 0.0505710887190691 -0.0847166507004137 0.185147281323061
v 0.0481880504472424 -0.0973964504010861 0.185889582651341
v 0.0463377174832145 -0.095004314970846 0.17483894136163
v 0.0492775338874376 -0.09375228222262 0.190200890819708
v 0.0448826377983285 -0.106618301724591 0.179491381805583
v 0.0460705322269788 -0.100147316366371 0.17812773187173
v 0.0479111161068265 -0.100014852501152 0.188698078944577
v 0.0467328627289436 -0.100117908926356 0.180722903146083
v 0.0456330192569926 -0.1066225858082 0.18261964210973
v 0.0479573208798821 -0.10042085696751 0.192003350138589
v 0.0465220187601135 -0.106874519726785 0.191983784914379
v 0.0464657780555404 -0.106885427376185 0.189692418507656
v -0.0467374485610513 -0.100096294793222 0.180722798837957
v -0.0487308587417804 -0.0799758539753491 0.170314725406884
v -0.0476570699487579 -0.0804015950286333 0.166857015337266
v -0.0481880877001434 -0.0973966590173314 0.185890148895454
v -0.0469845098001906 -0.101873548741444 0.184140663203433
v -0.047993366786847 -0.0693478919052651 0.155468639236644
v -0.0454253082571329 -0.0543956205428031 0.124072519151736
v -0.0328122583043933 -0.0586166387167007 0.105653320871592
v -0.0050400697675387 -0.0939610996336381 0.135579091260304
v -0.00226750096064893 -0.0997421761673153 0.140161079015708
v -0.0406771131059385 -0.0449799796285262 0.0911724770552111
v -0.0515977227900616 -0.021242203896746 0.0740481971044496
v -0.0378214137520738 -0.0421225740917977 0.0649997428432164
v -0.0307006986856376 -0.048452892496008 0.068194000388816
v -0.0168541995943137 -0.0556100949162855 0.0686139970582575
v -0.0144085950753317 -0.0565322979300284 0.069809137214516
v -0.0136559179066462 -0.0561987801583506 0.0649989307299495
v -0.00979338905525963 -0.0576562663806384 0.069846010137066
v -0.00662139673979664 -0.0575871100953039 0.065006798542884
v -0.00513110980387845 -0.0582254944325343 0.0688730015857592
v -0.00964530597999245 -0.057102956493321 0.0650023654475279
v -0.0208841401886284 -0.053665739355535 0.0650003090873291
v -0.0472610902380474 -0.0315199253679132 0.0768331495635252
v -0.0521485181065645 -0.0204469401430103 0.0779962298721917
v -0.0528816775491167 -0.0178890758696427 0.0781783295084909
v -0.051068530430823 -0.0220551087617294 0.0700891151259292
v -0.0535201997220806 -0.0152793844291429 0.0785420519439417
v -0.0532641940614217 -0.0150347315900503 0.0719635768540894
v -0.0537638411449122 -0.0129223719652465 0.073589733088246
v -0.0549372702721214 -0.011773579112762 0.0904952192940886
v -0.0542110249679866 -0.00983888322922947 0.065002626217843
v -0.054948557901111 -0.00314495998071499 0.0803259146140683
v -0.0541096598244856 -0.0104365045109114 0.0681299253971146
v -0.054443397388279 -0.00828300557625954 0.0701057746237715
v -0.05497969760102 -0.00153195430563733 0.0649819955606312
v -0.0549905977998397 -0.00234633508399049 0.0818790030059441
v -0.0549951985331078 -0.00130203498887281 0.0812140014496296
v -0.0524885588611996 -0.0181911019014975 0.0729476718690766
v -0.0499861175912292 -0.0249466416810236 0.071373811258961
v -0.048533332685042 -0.0272814653857881 0.065000271834427
v -0.0478273529590272 -0.0294540918224357 0.0715620054700522
v -0.0463196721779915 -0.0325963591169035 0.0744090659675956
v -0.0455846016616202 -0.0330576319871194 0.0703122451086585
v -0.0442006675669797 -0.0352497640427075 0.0710352717853649
v -0.0437569557142745 -0.0351418423886383 0.065001449026135
v -0.041823470550023 -0.0380566844480606 0.0686900376821301
v -0.0429937071036202 -0.0367549861322802 0.0700553937989012
v -0.0452058886705028 -0.0374054515852905 0.0861388649164394
v -0.0447120418636911 -0.0407364867794819 0.0936110222277561
v -0.0456431594966328 -0.0352245959828217 0.0809805226106824
v -0.0447282468756069 -0.0357065740153889 0.0773660299770676
v -0.0430402248010438 -0.0456983608452692 0.100215030456743
v -0.0441134548005519 -0.0505372817114516 0.113356654792503
v -0.0448619885153286 -0.0589709734094326 0.13047082430562
v -0.0469726447512362 -0.0633596296376316 0.14350875891353
v -0.0486589755440959 -0.0631220380859152 0.148732494963724
v -0.050624364092726 -0.0585433548099403 0.148811277401195
v -0.052029319999376 -0.0601526093507223 0.158788528469461
v -0.0524078392754084 -0.0630151148095917 0.166585054250395
v -0.0549097850817961 -0.0568096644040953 0.177938069896294
v -0.0547259978949303 -0.0614985976404492 0.192048828481536
v -0.0549332283323677 -0.0594233540121903 0.189522247250626
v -0.054980397955558 -0.00437265517591593 0.0833040010190605
v -0.054985699043364 -0.00336975492812241 0.0825759973546267
v -0.0549072183569203 -0.00349329998319121 0.064985817708392
v -0.0546443022831341 -0.00662610923176756 0.0650018513574782
v -0.0547927699946036 -0.00489830571559616 0.0697419776825164
v -0.0549752980334171 -0.00535825517650555 0.0840549971747026
v -0.0536581844672212 -0.0127282023948843 0.0650005028024203
v -0.0520862685090672 -0.0188915793740411 0.0684731363846405
v -0.0549187555803463 -0.00292122906929113 0.0723235292958424
v -0.0526963629933117 -0.0166510725639167 0.0650000185146923
v -0.0515560665962127 -0.0202060684733647 0.0650000185146923
v -0.0528979235392236 -0.0160347177296666 0.0678144454699506
v -0.0545215465239043 -0.00850512227291885 0.0771009383253543
v -0.0544240892097136 -0.0109909254659998 0.0818670373737729
v -0.0541842587586498 -0.0107465985897906 0.0753022937036538
v -0.0540124707311818 -0.0131676413398499 0.080166472192858
v -0.0496294620427677 -0.0249946308680349 0.0650000706687553
v -0.0490932251599584 -0.0267233703633429 0.0701134114687127
v -0.0547385707490029 -0.00722758386039211 0.0807372537090498
v -0.0549701981112763 -0.00632208504743782 0.0848349984399602
v -0.0549606986215325 -0.00814214490716518 0.0865119974349737
v -0.0549653962123431 -0.00724728505706262 0.0856569986271039
v -0.0549558967225993 -0.00901353496400427 0.087392000390768
v -0.0549509979661236 -0.0098599450881074 0.0882970000439062
v -0.0547857738998041 -0.00971830024544792 0.0856442059805049
v -0.0504914122145046 -0.0229927288885329 0.0650001824274618
v -0.0471318860016622 -0.0301628524775069 0.0677205383542059
v -0.0470731195504043 -0.0300084764559458 0.0650000483170141
v -0.0452002374054278 -0.0330477078143047 0.0650002941861683
v -0.0544545881597262 -0.0159805296599361 0.0914549881639706
v -0.0549239709864801 -0.014148719769586 0.0933475622531571
v -0.0533536159248762 -0.0176652064239934 0.0834330525226953
v -0.0505974637729458 -0.0242034351310836 0.0752629248366596
v -0.0500411065983302 -0.0274997133686831 0.0828218367065078
v -0.0508126253529967 -0.0268889632333818 0.0865457187620017
v -0.0485413234322971 -0.0287991969995017 0.0753619430505795
v -0.0494954484568691 -0.0270777590727812 0.0765747857859406
v -0.0549458980439828 -0.0106840947412443 0.0892219970549196
v -0.0512311952228468 -0.0234787246464681 0.0791355353787049
v -0.0517662735404364 -0.0239037429934737 0.0854029785379101
v -0.0398955695956247 -0.0399273463201401 0.0650000185146923
v -0.0413902006854557 -0.0382121519796198 0.0649999514594685
v -0.0544077426367742 -0.0134656431270789 0.0866144876193742
v -0.053194404476771 -0.0213247544626192 0.0905864516514587
v -0.0525333033205377 -0.0220285083278019 0.0867904405268183
v -0.0490870672554304 -0.0292785785048722 0.0816945489862289
v -0.0475366834740289 -0.034242069346561 0.0880572925197193
v -0.0422470546603418 -0.0386627295419712 0.0754810852822418
v -0.0435110269633242 -0.0372081564965381 0.0764087943045319
v -0.0409333311081328 -0.0400823258386967 0.0746117441070435
v -0.0349183957634149 -0.0448234950927709 0.0650001153722379
v -0.0539018296153429 -0.0162159922083629 0.0862061511083062
v -0.0486197556899696 -0.0326181483386726 0.0891173685539356
v -0.048076846812599 -0.0309539066534346 0.0805416983244933
v -0.0372529754616781 -0.0431100888914964 0.0691328331276886
v -0.0347451585980998 -0.0462195401055122 0.074325582213873
v -0.0342823360072042 -0.045634010184158 0.0678462370966471
v -0.0331675652978402 -0.047404685270072 0.0736803544980208
v -0.0399892904438495 -0.0405394785380669 0.0710268749812198
v -0.0298583081495476 -0.0496490905962814 0.0725424273488873
v -0.0287768601600886 -0.0498470897648619 0.0690077229811015
v -0.0316968505704229 -0.0474208381279264 0.0649997726455381
v -0.0357160474281019 -0.0444930842130329 0.0687152280945652
v -0.0257320911580025 -0.0512573244075772 0.0650006816163506
v -0.028105378483004 -0.0498600649502648 0.0650000334158532
v -0.0320562404818146 -0.0477182429374176 0.0702462329660453
v -0.0238427693078342 -0.0522592337282053 0.0650003388896508
v -0.0244921954049079 -0.052664183937466 0.0711933805526782
v -0.0173621633879426 -0.0550425767725434 0.065000376142553
v 5.7319297473295e-07 -0.0582924937749034 0.0673530012215748
v -0.00153018991511581 -0.0579753933566769 0.0649799988050759
v -0.0549146428600808 -0.0157936635208063 0.095385921849625
v -0.0545128107186301 -0.0185955044931141 0.0960179173346329
v -0.0546038679844366 -0.021270301897292 0.100661208465817
v -0.0441962866258273 -0.0378039793944264 0.0826054644002289
v -0.0386110746695058 -0.0418986394535717 0.0702059849305603
v -0.0402506605222461 -0.0420500240671861 0.0799853560331756
v -0.0276017658282067 -0.051527977908892 0.0748907981464833
v -0.022588510698776 -0.0535666727160231 0.0708419441243571
v -0.0199628498709589 -0.0544830754530871 0.0688734560711654
v -0.0179457040043858 -0.0559211417381066 0.0732611624912657
v -0.0082874116631201 -0.0590490927427371 0.0760978815831717
v -0.00736696791762483 -0.0580758569799747 0.0698764979121871
v -0.00406548638108426 -0.0590593857192712 0.0734207911769869
v -0.00365993616728757 -0.0578693939522971 0.0649814740200011
v -0.0548972643817849 -0.0193112742815001 0.0999177970010534
v -0.0549069166084225 -0.0173450326414381 0.0973574050361498
v -0.0514685260042565 -0.0286857451522856 0.0950247102597793
v -0.0523405605362821 -0.0268958214924478 0.0962919049793801
v -0.0429298928842828 -0.0392590218264115 0.0816834252696463
v -0.0385220849397024 -0.0443823536902316 0.0818520617071078
v -0.0391903200264687 -0.0424064039441805 0.0765024108476398
v -0.0377571115197338 -0.0437170392309002 0.0757289511920001
v -0.0362751277897774 -0.0449891401168712 0.0750056264920765
v -0.0252954834335096 -0.0533531204612935 0.0772665051236784
v -0.0129845628894248 -0.0580099230705729 0.0759878290596344
v -0.0158189861802311 -0.056628935680398 0.0731102062811656
v -0.0538609333806735 -0.0206178378261453 0.0943715104228665
v -0.0531517834327874 -0.0263154436472958 0.0999456025672196
v -0.0465835493766223 -0.0347049515420981 0.0845024790353519
v -0.041614619611394 -0.0406735778056377 0.0808082949934535
v -0.0424516364165211 -0.0414000205501476 0.0868659000054173
v -0.0370405370686872 -0.0456572559943545 0.0811337959512964
v -0.0410931125256226 -0.0427829450911722 0.0860405023535973
v -0.0200022001102386 -0.0551526404684176 0.073476484265704
v -0.0266301896821819 -0.0513141201803746 0.0701964109347072
v -0.0121719644295518 -0.0571086636377474 0.0696785210889908
v -0.00252376785727576 -0.0605105911024578 0.0795284566388624
v -0.00231624056078392 -0.0586062861355251 0.0699881299587757
v -1.27303430192419e-07 -0.0602694381734101 0.0780468416650554
v 3.53617559836597e-05 -0.059458222727485 0.0743237866239893
v -0.0539831340716791 -0.025621857961429 0.103602384695357
v -0.0495453263659589 -0.0321297106530797 0.0926829555776054
v -0.0316133444676402 -0.0511722574082445 0.0845846738386599
v -0.0299014973002708 -0.0522360624238108 0.0840527918028952
v -0.0379771755815505 -0.046472036542901 0.0871059428057236
v -0.0267004393401595 -0.053297565210098 0.0804446694155483
v -0.0355123485656752 -0.0468865421212569 0.0804468151827123
v -0.0339365694816921 -0.0480722349034607 0.0797971096680214
v -0.0234025536398837 -0.0542704880484923 0.0769158808086243
v -0.0289079233162315 -0.0513796927366371 0.0781445187744978
v -0.0323110018955815 -0.0492177988607548 0.0791988206088806
v -0.0308328459011983 -0.0498569506077449 0.0772722495211903
v -0.0281352478589904 -0.0532646448215233 0.0835912059934912
v -0.0225147983836547 -0.0560593388247827 0.08247305268482
v -0.0168320844096613 -0.0575129209430503 0.0790200662831947
v -0.00579932486721051 -0.0594533686744904 0.0762862471576128
v -2.43701952002887e-08 -0.0613164495812254 0.0821546595807077
v -0.0548774607396367 -0.0232785703975674 0.105332111448077
v -0.0503004836465256 -0.0364689844357716 0.105668229483033
v -0.048217070457087 -0.0373243855475205 0.0988994293160864
v -0.0392371469229702 -0.0462866251295535 0.090407250290947
v -0.0396878325187344 -0.0441180071050487 0.0852421801110614
v -0.0332766678688696 -0.0500616031444361 0.0851534958521985
v -0.0189320714147351 -0.0567772134020727 0.0791875553312699
v -0.021452341923103 -0.0551325425283519 0.0766078365607298
v -0.0244463426717664 -0.0551726527268111 0.0827847328159645
v -0.0205286711450624 -0.056885257990715 0.0821894984948002
v -0.0180716672383879 -0.058597591308442 0.0847350861563886
v -0.011908673964111 -0.05964198011203 0.0817244481654961
v -0.0146617760347756 -0.0581883644661516 0.0789174345377661
v -0.00956922810566036 -0.0601679091171449 0.08176935281375
v -0.0106774227466831 -0.0585685787491775 0.0760103968677581
v -0.0504704798094575 -0.0316286032558718 0.0962222346017755
v -0.047058687776574 -0.0388987452959771 0.0979330443307821
v -0.0459597756271469 -0.0392439791050055 0.0945174896452391
v -0.0435771434119406 -0.0410444080829129 0.0902146006327584
v -0.0396455989049207 -0.0478831578046591 0.0957896613525674
v -0.0420693136193011 -0.0436323484858672 0.0919811779562865
v -0.0344040114323063 -0.0510438429333595 0.0909599045449516
v -0.0310657417247492 -0.0532578200900682 0.0898391360825493
v -0.0275288935660019 -0.0552948385166563 0.0888919214406925
v -0.0348920765888896 -0.048904855866275 0.0857561211491498
v -0.0327601042430551 -0.0521695808967649 0.0903721208042177
v -0.0237760661260277 -0.0571623376174446 0.0881679559908519
v -0.0137353196710661 -0.0599519167974027 0.0845238920035088
v -0.00462465009612565 -0.0610037375547315 0.0821153354171961
v -0.00714249218101248 -0.0606242534285643 0.0819005426339683
v -0.00151491587647795 -0.0621237124943591 0.0851417537374402
v 1.24494086476764e-07 -0.0627550299562781 0.0869428272483611
v -0.0548686355274003 -0.0250291047025795 0.107832317624264
v -0.0540626429381892 -0.0284074138280839 0.10860416795453
v -0.0531927392720983 -0.0313495827530023 0.109141615573877
v -0.0364587696903295 -0.047708359742794 0.0864082332013197
v -0.0367947275270199 -0.0492532859742054 0.091860873434077
v -0.0259793479748719 -0.0552247769858285 0.0858419518357079
v -0.0198011704181654 -0.0588156101859961 0.0876085887638794
v -0.0159388138614458 -0.059303775925412 0.0845953356192558
v -0.00869991489804956 -0.0619793761296055 0.0873196180018868
v -0.00625192013980995 -0.0624142404183338 0.0874650831342097
v -0.0548497967353869 -0.029145557708784 0.114031073882481
v -0.0548582941220949 -0.0271207749975149 0.110924889648149
v -0.0513371834513564 -0.0335557666028311 0.104406428983664
v -0.0492680306724037 -0.0369164700073437 0.102306371130652
v -0.0364644619335956 -0.0515270652128186 0.0969309636146359
v -0.0442986277953333 -0.0454953623373804 0.103504841696363
v -0.0212958760137982 -0.0601325225865269 0.0931101271560014
v -0.0293241816435774 -0.0542939238484837 0.0893316025436311
v -0.00559885350299034 -0.0644095952004928 0.0928154119964969
v -0.00372012335105567 -0.0627698789625991 0.0876729319764763
v -0.00302258326975242 -0.0647635573642151 0.0930421406095741
v -0.0455972639226551 -0.0440381331601092 0.104357992760286
v -0.0467971165325123 -0.0437800338864166 0.107693140781824
v -0.0385299378512239 -0.0520617523749482 0.102895220304387
v -0.0288913047971151 -0.0564881495171056 0.0945002639032841
v -0.0250233714811224 -0.0595282879836028 0.0962485724035969
v -0.0174124454910078 -0.0605896082306753 0.0900965983399019
v -0.0218177928814801 -0.0580158053036338 0.087864389541796
v -0.0254228678656831 -0.0573089203321258 0.0911169180769417
v -0.0152529171743363 -0.0612767640658371 0.0899858156594824
v -0.0169399781240547 -0.0627452622456475 0.0952899062196186
v -0.0104408193281646 -0.0634993876208577 0.092582179026704
v -0.0110652459347293 -0.0614759329755076 0.0872523243594395
v -0.0130249208196754 -0.0619042109513469 0.0899366343780614
v -0.00805964370138577 -0.0639876241407854 0.0926618331820853
v -0.0522863724665517 -0.0318399799411855 0.105590236807088
v -0.0329628680576678 -0.056177128772315 0.100733605755859
v -0.0332224239197878 -0.0538375758117742 0.0957284250320101
v -0.0267643690434899 -0.0597618897496268 0.0991213821071077
v -0.0270741027005523 -0.0574682025607428 0.0940761917663471
v -0.030656872510308 -0.0554652332856284 0.0949739271035657
v -0.0192572762015645 -0.0609119017032951 0.0928733998639866
v -0.0232786989200757 -0.0592920338110307 0.0933796742548121
v -0.0188890983308374 -0.0631568024930872 0.0979719065583071
v -0.0100266220175642 -0.0657003486139724 0.097716046175747
v -0.00262215789097411 -0.0669216775212306 0.0981239654543109
v -0.0541167006227663 -0.0320243818009171 0.114916940445074
v -0.0413659490469334 -0.0519837112727357 0.109286335648157
v -0.0416538469161006 -0.0470681053099356 0.0994171254467116
v -0.0229405804151298 -0.0615563396369308 0.0984416880061845
v -0.016648122134161 -0.0650523344018449 0.100315427028043
v -0.0247704056571815 -0.0618762563744696 0.101249826671559
v -0.0144638569599322 -0.0657158011172889 0.10022309943535
v -0.0122133626470615 -0.0663220473768646 0.10019057020119
v -0.0147656548177685 -0.0634128491319372 0.0951834970299117
v -0.054838032269265 -0.0327377599530617 0.119848852160971
v -0.0454329935306001 -0.0491089086312608 0.114219074378481
v -0.0295004865852862 -0.0582905789757943 0.0997320912838259
v -0.0265883081082823 -0.0621770400220774 0.10405408358453
v -0.0360965746354959 -0.0563471063087965 0.10682162403714
v -0.0362345333036058 -0.0538897708513035 0.101906461226051
v -0.0227507005163127 -0.0639592150785164 0.103385557903672
v -0.0186870181069572 -0.0655483269757516 0.10292538025397
v -0.0207487948115206 -0.0647775644549746 0.103126598079653
v -0.00981215892940625 -0.0680739768030175 0.102670697063117
v -0.0125220681240576 -0.0640264789164824 0.0951471381974114
v -0.00517172850443569 -0.0666018166630432 0.0979647167481917
v -0.00763728707415348 -0.0661836006957522 0.0978058629228354
v -0.00243357532443275 -0.0692699066824041 0.103013081036216
v 1.26685798058422e-07 -0.06900824230609 0.102227588693181
v -0.0548327982366807 -0.0352173614694561 0.124120910671631
v -0.0548349477290659 -0.0339880529908131 0.121975039199552
v -0.0491362932387535 -0.0418329886662172 0.111836602274255
v -0.0400264613884233 -0.0507918307836831 0.103602064320399
v -0.0480041887545747 -0.0422155238049727 0.108568345563821
v -0.0466896381879645 -0.0489687110638035 0.117635374122067
v -0.0209441173591674 -0.0623826536836133 0.0981811337579533
v -0.00742280209991623 -0.0685585178351704 0.102761430231599
v -0.0522747644626139 -0.0366918350145798 0.114540589275794
v -0.0524648362138709 -0.0443390099399695 0.129722443303709
v -0.0512651512420681 -0.0385565364225064 0.113732149145034
v -0.0490794564877651 -0.0474501449851084 0.122456272189551
v -0.0490411232526815 -0.0528455049822885 0.132357087753182
v -0.039157597078269 -0.055171635722615 0.110581261428119
v -0.0292867014999257 -0.0632391090524592 0.1094740530221
v -0.029335273694837 -0.0607165884688735 0.10466084395362
v -0.0186455127873572 -0.0680711008790638 0.107722831344839
v -0.00242036986953578 -0.0712420901601685 0.106706899999673
v -0.0532536514904512 -0.0364444794775228 0.118513603839719
v -0.0533051685271831 -0.0416372581993049 0.128409218898209
v -0.0502305003467899 -0.0412686556455069 0.11481681209467
v -0.0427767313072928 -0.050640576555222 0.110073511822369
v -0.0293485524913827 -0.0658642092241169 0.114195083509495
v -0.0406156458193613 -0.0564671724085773 0.116128285613769
v -0.0227055593135794 -0.0664811917697481 0.108190630938322
v -0.0246759825917737 -0.0669185631787107 0.110864599551307
v -0.0265413713157229 -0.0646965244942351 0.108859178970921
v -0.0246570078266718 -0.0643384347090869 0.106114176524114
v -0.0120932984099258 -0.0687750167943656 0.105057065820909
v -0.00978920276051472 -0.0706101543000936 0.107448500973392
v -0.0143422681478248 -0.0681683011482378 0.105091323589727
v -0.00495748008611952 -0.0715310087588219 0.107676533438045
v -0.00496107778502933 -0.0689790807352217 0.102916461909194
v -0.0548313490988335 -0.0367218794792007 0.12682403340584
v -0.0360456759969199 -0.058876090270698 0.111646098383231
v -0.036076975884303 -0.0614829067185666 0.116404351970456
v -0.0383903661325026 -0.0596929085529268 0.117484209295715
v -0.0328087490811233 -0.0637558067887172 0.115209331023484
v -0.0227974361432069 -0.0691224447992603 0.112871659259386
v -0.0327620749215156 -0.0611420613012708 0.110472199831779
v -0.0207040037860563 -0.0673020594423108 0.107931812675331
v -0.0187563625194415 -0.0707284024583077 0.112386566868725
v -0.0143922512963598 -0.0707710346781617 0.109808442522397
v -0.016525399902542 -0.067507956225894 0.105188590917246
v -0.0208052106047282 -0.0699513739995899 0.11260478691895
v -0.00758376815965648 -0.0738114376402557 0.112133440849183
v -0.00249395482630203 -0.0732341815882038 0.110171486955028
v -0.0548305965902342 -0.0381978878438437 0.129573699915997
v -0.0542358950046647 -0.0374493466784869 0.125061702913157
v -0.0510794492560931 -0.051310007460109 0.137233030708886
v -0.0479152437282524 -0.0474630195876788 0.118591507108699
v -0.0406558416994926 -0.059084516526256 0.12087676403947
v -0.0427425182430549 -0.0558287806207667 0.119834219221006
v -0.0266153593023114 -0.0673288144757773 0.113564198160972
v -0.0146061984318395 -0.0735161487955388 0.114375283247785
v -0.0123845425209213 -0.0741399262703044 0.114312132128057
v -0.0165677005715774 -0.0701046845881837 0.109913242386731
v -0.0121518962918068 -0.0713844632970417 0.109764320185088
v -0.00740823062770734 -0.0711020937583763 0.107531820814345
v -0.0361880640349535 -0.0641489739054055 0.12106980112784
v -0.0329487380323352 -0.0664437824066082 0.119847183230955
v -0.0194162604069739 -0.0764135453214435 0.121305641800784
v -0.0248224554103971 -0.0696031934860959 0.115489264231415
v -0.0230222015211242 -0.0718777960138202 0.117430602369518
v -0.0190147020743453 -0.073510233034867 0.116911721596605
v -0.0102858602987035 -0.0761526409043089 0.116518651324839
v -0.00514976046874201 -0.0742555667254516 0.112263282114343
v -0.0028308085952604 -0.0760292071422817 0.11461149644975
v -0.0548312224389703 -0.0407368295061707 0.134528708431228
v -0.0501751723382902 -0.0488012480981365 0.12893184731308
v -0.0501206229154205 -0.0538740948305812 0.138204273472631
v -0.0421541608265182 -0.0604205582914277 0.126370754993615
v -0.0210471514326311 -0.0727180798983611 0.117145178083811
v -0.0268095679882196 -0.0700543410178319 0.1181473184046
v -0.0167677914905466 -0.0728342567952821 0.114490417067176
v -0.00994953179564862 -0.0733061243905298 0.112064143000599
v -0.00847640866818459 -0.0796931864134761 0.120843854825708
v -0.0548324741364424 -0.0420949883186399 0.137318324953653
v -0.044118368458188 -0.0557827174087348 0.123117093970244
v -0.0271189235283374 -0.072881292308029 0.122627829254542
v -0.0295190012770613 -0.0685733221380103 0.118802440491264
v -0.0250937943650894 -0.0723963861974467 0.120005224943044
v -0.0214242662742976 -0.0756022069409452 0.121562053526296
v -0.0107903465340282 -0.0791467757634157 0.120822382252908
v -0.0171188032245132 -0.0756977308295763 0.118933198177817
v -0.0127806833504284 -0.0770421209698521 0.118714352278836
v -0.00445936037156821 -0.0774198504843843 0.116858934234255
v -0.0548344708919336 -0.0434109135172953 0.140113425103275
v -0.0538422883037451 -0.0437660491473978 0.135203939634473
v -0.0548472337358011 -0.0480497043489626 0.150908004844755
v -0.0473537978073662 -0.0573340995678819 0.13475586172739
v -0.0466957215866906 -0.0543111384140154 0.12751735461837
v -0.0478972245000601 -0.0529088945185551 0.128668886527369
v -0.0393040121548959 -0.0630432929038747 0.124789622617
v -0.0176182863952395 -0.078685391134497 0.123239618765422
v -0.00794214339515832 -0.0766766476597344 0.116567601638266
v -0.0536256775858471 -0.0495272363572547 0.146122631144763
v -0.0548376895425762 -0.0449419034384592 0.143503781925802
v -0.0366474444578007 -0.0696777961455501 0.130167570780942
v -0.033506112211147 -0.0720524301629211 0.128860068421213
v -0.0394878589464033 -0.0657634773799322 0.129377466528621
v -0.0363766419448822 -0.0668837019139962 0.125660476260026
v -0.0301743841129978 -0.0742640454857092 0.127727282172577
v -0.0254850951114398 -0.0752930823688134 0.124408853253524
v -0.0331791658511978 -0.0692124105550688 0.12439909299316
v -0.0269437045086914 -0.0762035805210759 0.126930219078134
v -0.0297930410670729 -0.0713788381089974 0.123318758830754
v -0.0233772496069094 -0.0747410316295482 0.121867929655285
v -0.0149819796196517 -0.0763951498389514 0.118794475820784
v -0.0199573550680679 -0.0794358880771541 0.125574109131676
v -0.0114590789470222 -0.0822785079374932 0.124975581653962
v -0.00683330334762647 -0.0833740039959026 0.125019219703543
v -0.0036454091657292 -0.0806141898838082 0.121072468435635
v -0.048501138728036 -0.0579179717351435 0.139516737918927
v -0.0422915979540147 -0.0630985762088932 0.130996879987488
v -0.0397385523433858 -0.0685423351749952 0.133900430785855
v -0.0238575549842236 -0.0777116599081519 0.126188096563784
v -0.0138578994103388 -0.082440394143887 0.126051601930299
v -0.0194563333525322 -0.0821915745678225 0.128533926713453
v -0.0155093996721274 -0.0794071586399369 0.123075042894295
v -0.0170574029931578 -0.0813848033929815 0.126257386961787
v -0.00609604096369523 -0.0801822722995456 0.120926161387723
v -0.0548444732958403 -0.0471199352710355 0.148612570421117
v -0.0449705173916834 -0.0616284426267309 0.135108125170139
v -0.0485601771254709 -0.0605168309633679 0.144138347861059
v -0.0369996855374989 -0.0725420301390238 0.134599697561569
v -0.0305267295008187 -0.0764658260426449 0.130932760292304
v -0.0270462300800572 -0.0785552518502977 0.129943293408827
v -0.0219341970210969 -0.0785988004915151 0.125856709647401
v -0.0233601952288518 -0.0804663405704946 0.129140180443074
v -0.0133387075923618 -0.0800779343745484 0.122967113786181
v -0.00917804098065785 -0.0828549369751438 0.124967512675356
v -0.0520552927219224 -0.0532378301834153 0.14540901455114
v -0.0506210672109915 -0.0560145124090625 0.144170027729049
v -0.0462494951631708 -0.0622900355212568 0.139690172530185
v -0.0424804440848303 -0.0658316129357805 0.13557451660392
v -0.0427309512173081 -0.0686037354063507 0.140086752025334
v -0.0339242238703153 -0.0749740932285084 0.133235123755743
v -0.0109517708044502 -0.0850324211900761 0.12795619380572
v -0.0114118376119976 -0.0867096436486521 0.129920077400206
v -0.0153258332086997 -0.0837169094986213 0.128134814020958
v -0.0157449311384209 -0.0853584660298221 0.130135116052588
v -0.00245292029023787 -0.0858849687296117 0.127227869766328
v -0.00441602314056372 -0.0838385402202422 0.125136000101209
v -0.00632233184790665 -0.0861242441124513 0.128011059880009
v -0.00318693980914091 -0.0885228988003587 0.13011750288045
v 3.28288098812927e-08 -0.0848545907420731 0.125890907811577
v -0.0524660767354728 -0.0551286682266525 0.151371758773064
v -0.0445080189010261 -0.065039437447534 0.139217850434381
v -0.0374381596323298 -0.0754751298452045 0.138953637951159
v -0.0307952800758744 -0.077978196963911 0.13306906521911
v -0.027350873128204 -0.0800983638654326 0.132046756177095
v -0.027687322703187 -0.0816651016703537 0.134125602227622
v -0.0343015771305479 -0.0771891805216656 0.136417013337828
v -0.0237021749969817 -0.0820414379263902 0.131210860657449
v -0.0240755272956516 -0.0836427091704973 0.133253064753419
v -0.0198345639185822 -0.0837997524997669 0.130569529595162
v -0.0161993625133762 -0.087031314997826 0.13210344019301
v -0.0202486410885771 -0.0854359595143905 0.132575628178366
v -0.0119092178564649 -0.0884192984828004 0.131848749551577
v -0.00682352585810934 -0.0878379148093226 0.129937139229391
v -0.00168491320356306 -0.0915405774928696 0.13299739063537
v -0.0548515401711516 -0.0491845767236824 0.153811853666339
v -0.0548571914362266 -0.0502680214686326 0.156713139488254
v -0.0404598839898846 -0.0742741931759296 0.142736774472815
v -0.0453307566692168 -0.06705065451492 0.144260462874313
v -0.0400620155570956 -0.0713762155047701 0.138353001959182
v -0.0310912860389347 -0.0795128823728497 0.135182139236134
v -0.0244801124264829 -0.0852703778202219 0.135267597393671
v -0.0206947669292643 -0.0871004861843208 0.134551402899219
v -0.0166857158991606 -0.0887350689724628 0.134039220198112
v -0.00736351503936748 -0.0895868043987575 0.131826278600999
v -0.012442597441771 -0.0901620115412568 0.133743804684047
v -0.0532357216692212 -0.0543119542525463 0.154305216201278
v -0.043049545476863 -0.0714234745349227 0.144543719041115
v -0.0492908033707581 -0.0641393105028975 0.152671721145398
v -0.0471419442849203 -0.0660550856380346 0.148094799784687
v -0.034581636989354 -0.0787123920371098 0.138541069510406
v -0.0317617451238881 -0.0826505154064385 0.139334913954103
v -0.0378231273855177 -0.0776971238261989 0.14212681035414
v -0.0284395761201242 -0.0848756088287925 0.138202619443775
v -0.0314124917268465 -0.0810706422286404 0.137270089895947
v -0.0280471838637757 -0.0832587435203451 0.136176016863226
v -0.0235586768224996 -0.0895823638529636 0.138790127513033
v -0.015723616891139 -0.0930103683483431 0.137598779702214
v -0.00794476693070814 -0.0913698250960483 0.133679133645911
v -0.00407283498145906 -0.0912034163874784 0.132902589449974
v -0.0548634126706863 -0.0511078434172017 0.159048926255503
v -0.0540725261328128 -0.052643061542624 0.156313773476024
v -0.0535865247869425 -0.0564590959796501 0.161562603081108
v -0.0513500058998654 -0.0599995185542442 0.154844727631404
v -0.0462842372186023 -0.0704413167023814 0.151525404642699
v -0.0394848787143268 -0.0778603585876074 0.145074885821159
v -0.0348883363976336 -0.0802552134796172 0.140644711092605
v -0.0337007921462523 -0.0830583974190044 0.142028060361116
v -0.0249111601555082 -0.0869266343461399 0.137253639014356
v -0.0211711868290088 -0.0887937869949494 0.136497464705315
v -0.0172095382527264 -0.0904673139657506 0.135944065393268
v -0.0197562154799369 -0.0913943077025565 0.138091263068663
v -0.00692020831196013 -0.0955994375141963 0.13729178598616
v -0.011452287743178 -0.0944166728100077 0.137327057033917
v -0.0130125249168823 -0.0919360319376766 0.135605376908063
v -0.00283263538439102 -0.0953243620935381 0.13654549114677
v 9.59486153576981e-05 -0.0921117985749666 0.133461755511274
v -0.054873497030975 -0.0528908268615915 0.164317380689441
v -0.0415658704652032 -0.0765341553135782 0.14750124184412
v -0.0450080534146865 -0.0706122479131273 0.148241427207557
v -0.0366879309105596 -0.0805404663928166 0.143466216099272
v -0.0305218046673123 -0.0854079900363529 0.140766215158264
v -0.0325381216568392 -0.0858794702014306 0.143391725196129
v -0.0258735348349968 -0.0903117756536796 0.141146030847444
v -0.0271426126480552 -0.0875852432832993 0.139684420682093
v -0.0142628645207599 -0.0955743961141738 0.139232215153451
v -0.0106456590606831 -0.0988304933728023 0.14074329717286
v -0.00530043262062563 -0.0980312621851148 0.139066916576022
v -0.00856228033017798 -0.0931874090348458 0.135496464323331
v -0.0541529923988775 -0.0559408298962618 0.165256526352692
v -0.0504000010461391 -0.0663618483762459 0.160837587099427
v -0.0498325723093594 -0.0653488898451943 0.156803008389406
v -0.0387450398266332 -0.0823288887607459 0.14843241538631
v -0.0384179891585614 -0.0807640434031933 0.146352079219697
v -0.0359511393101642 -0.0850119618968712 0.146820988949664
v -0.0329651665616568 -0.0875282388942566 0.145384487240363
v -0.0355735625325259 -0.0834050654647196 0.144784804922682
v -0.0263948351671679 -0.092044780606147 0.143050518414739
v -0.0293090681416596 -0.088181863393268 0.142177772324284
v -0.0222262187864 -0.0922604227486202 0.140304785811049
v -0.0228000326704035 -0.0940339141538464 0.142165717285148
v -0.018983940491381 -0.0958355464004547 0.141478296932318
v -0.0183614035382172 -0.0940173142611805 0.139663261033671
v -0.01140900825417 -0.10077277767226 0.142428111826745
v -0.0149399993255646 -0.0974375105485197 0.140999343819931
v -0.00609075244874328 -0.0999921282315689 0.140728723837538
v -0.00991470405854497 -0.0969185478358835 0.139027294389293
v 5.84976302182288e-08 -0.0967647976630584 0.137616780304534
v -0.0436520552704728 -0.0757598388660499 0.151109289725662
v -0.0440106032663028 -0.0779698374129365 0.154321577675903
v -0.0413484327329039 -0.0794849352465526 0.150213700155608
v -0.0269507061914261 -0.0938000553428058 0.144931134322335
v -0.0302843379128141 -0.0915877918195411 0.14605039031691
v -0.0297829157285931 -0.0898730631402827 0.144126203414957
v -0.0163894379899234 -0.101248936801697 0.144445699204973
v -0.0156465387764162 -0.0993302410391254 0.142736357240311
v -0.0122132685834866 -0.102741019793103 0.144083824513469
v -0.00381336759497886 -0.103791395137875 0.143300872818361
v -0.00692464932341533 -0.101984808255439 0.142358135975343
v -0.0534592800531475 -0.0600926061031527 0.168795537155966
v -0.0548814356241687 -0.0540059104953235 0.167865913334506
v -0.0520332837080377 -0.0626884962751709 0.163511376898481
v -0.0511821890316393 -0.0675448962024818 0.166596498341937
v -0.0482628319206212 -0.0721067970465761 0.159957196713451
v -0.0497050668052577 -0.0715801155328619 0.165026050097658
v -0.0460951638450908 -0.0740515102351757 0.155407142145772
v -0.0416468731730416 -0.0810202614053877 0.15232415156832
v -0.0419628224766286 -0.0825734168026203 0.154417809372742
v -0.036777542763809 -0.0882855605683688 0.150832113232491
v -0.0390947439837763 -0.0839123158652952 0.150494750950603
v -0.0334188510159479 -0.0891979958714811 0.147354763432858
v -0.0363541337421247 -0.0866382223869396 0.148837592851275
v -0.0240353668057761 -0.0976602754456556 0.14580630930201
v -0.0234056158283422 -0.0958335049414823 0.144000288605683
v -0.01964195151948 -0.0976798183174971 0.143265586869443
v -0.00778911266898294 -0.104052470918354 0.143988516688603
v -0.00533121236437916 -0.107506537543242 0.14599205227214
v -0.00799093724483033 -0.107471616673886 0.146353152103279
v -0.0548914156763348 -0.0548799827610314 0.170812394377312
v -0.054898009439804 -0.0555528148557757 0.173189427557824
v -0.0535957188028984 -0.0613681342560116 0.173020046062319
v -0.0442693693669226 -0.0794756592742146 0.156464185793753
v -0.0422950289461927 -0.0841426431013252 0.156494435150301
v -0.0343968402488723 -0.0926006162401493 0.151229855018187
v -0.0394650825227588 -0.0855131624263315 0.152538147139442
v -0.0338962804693083 -0.0908892775748778 0.149302687884062
v -0.0308153891918104 -0.0933228307804006 0.14795221057641
v -0.0313700979255587 -0.0950801618771922 0.149831023443542
v -0.0271078240264976 -0.100316668054116 0.149862405288315
v -0.0275318812486585 -0.0955805502934117 0.146785509285655
v -0.0210430703773314 -0.101448247272392 0.146756720242872
v -0.0203260675179238 -0.0995517467882091 0.145024028159141
v -0.013000900149139 -0.104732887703733 0.145693209491077
v -0.0103286862336424 -0.107521721825672 0.146866079862429
v -0.00245344136518999 -0.107508057461601 0.145749312361718
v -0.0524368704611233 -0.0648757631018942 0.170073192490491
v -0.0499806749423996 -0.0735248585237823 0.168593700932107
v -0.0465035152442087 -0.0769293340869181 0.159770038133039
v -0.0398541927985331 -0.0871309814090433 0.154563647034087
v -0.0372241007381472 -0.0899493868837611 0.152808886331121
v -0.036328075337906 -0.0930025750414632 0.153930243389377
v -0.0246998002339999 -0.0995086451818031 0.147589412012933
v -0.0281386583620729 -0.0973844400658179 0.148615476147484
v -0.0172476963991755 -0.107522384927309 0.14903311098293
v -0.0171605469626793 -0.103196838838619 0.146127682638295
v -0.0483076248087306 -0.0753623504128507 0.163945403010873
v -0.0464842927473155 -0.0806987539689781 0.163479935449065
v -0.0390014627197828 -0.0902159015877796 0.15565016517825
v -0.0410791054348632 -0.088774557047476 0.158028673573687
v -0.044148610363184 -0.0825321703906819 0.159086164256494
v -0.0334583465415413 -0.0956155680203102 0.152390729955046
v -0.0325436276356005 -0.0986549577034983 0.153528299476319
v -0.0334355477661563 -0.101399110696031 0.1562600249888
v -0.030385116323125 -0.0980561769252741 0.151033383212237
v -0.0294299873328722 -0.101051593284174 0.152213659460537
v -0.0261007253767663 -0.10327365432039 0.151084628304438
v -0.0196787182700784 -0.107400567941183 0.150000241026277
v -0.0198912795976425 -0.104270273729082 0.148076188234772
v -0.0549156188860858 -0.0574083520500671 0.180364813349437
v -0.0540517464646596 -0.0611919764632616 0.177762742837606
v -0.0528037854585081 -0.0669882857081397 0.176689754947504
v -0.0514661641703359 -0.0697187147319601 0.171398427231645
v -0.0435786149015284 -0.0895759265516784 0.163624476709415
v -0.0449877841112764 -0.0832113205774283 0.161746349295683
v -0.0354573744597346 -0.0960780180821963 0.15502886127616
v -0.0300315602160231 -0.102988051229922 0.153968569175111
v -0.023667267166141 -0.107205161574509 0.151981469572005
v -0.0235179016597584 -0.103447811632359 0.149528529878068
v -0.0518772052289028 -0.0699860191974789 0.17444789019716
v -0.0514685520812872 -0.0748965028863975 0.178422461932395
v -0.0438925898013647 -0.0948883466901704 0.168169077452218
v -0.0426407209659029 -0.088825183739875 0.161053191995922
v -0.0451208104952998 -0.0870949653043992 0.165310721874742
v -0.0377680638726148 -0.0948148169142637 0.157195043030492
v -0.0349148418366637 -0.0999585633678076 0.156985860534328
v -0.0549224547934112 -0.0588228484246518 0.186613063813454
v -0.0549205213678516 -0.0581156430781956 0.183385710789583
v -0.0533801139133261 -0.0660535508185152 0.180572624938802
v -0.0502668591781228 -0.076179537498799 0.173055287307755
v -0.0463973705535152 -0.086849431434199 0.168587755368924
v -0.0427909209372669 -0.0951911755220407 0.165948387251458
v -0.0412250734766786 -0.0951804019830843 0.162935908967199
v -0.039548491767999 -0.0950482659433938 0.160018976926379
v -0.0329563823276114 -0.106908747692183 0.159061145207409
v -0.0533377871672601 -0.071246709519887 0.192000816941243
v -0.0453338225829655 -0.0939913117363133 0.171113308419735
v -0.0420534625099444 -0.100857274702208 0.16821100931888
v -0.0362031514598406 -0.101087810554483 0.159231018441222
v -0.0319516529623809 -0.102633455766883 0.1555288101242
v -0.0310206936542683 -0.107018099857649 0.157292600930647
v -0.0544003926394156 -0.0639095420603819 0.19199609327325
v -0.0524302729723641 -0.0721486320543496 0.18188322673999
v -0.0540242053949829 -0.0636802951584796 0.183693226046266
v -0.0467690539222222 -0.0893025722150444 0.171734835839238
v -0.0403086521131641 -0.106926867503208 0.168749283952654
v -0.038102725308352 -0.101358236813102 0.161926221208433
v -0.0350060704658146 -0.106972271338893 0.161305856079477
v -0.0523158208847573 -0.0768138351927945 0.189389805732895
v -0.0505707906958614 -0.0847185058948813 0.185147728357887
v -0.0488104160370618 -0.0922036865804644 0.182815696683175
v -0.05032482096672 -0.0787433790001249 0.176273997658327
v -0.0463355307379284 -0.0950211160291771 0.174845199849191
v -0.0393786818695719 -0.106921823460419 0.167191606003234
v -0.03921063775865 -0.102621028199124 0.164354305766054
v -0.0381425039559926 -0.10696631087474 0.165355574368933
v -0.0407322958281244 -0.101545931829278 0.166188802580786
v -0.037076970405822 -0.106867419323863 0.163798209343891
v -0.0492831516249017 -0.0829550876740736 0.175573419580458
v -0.0460741010548904 -0.100124994428118 0.178121398878364
v -0.048193839548051 -0.086003418053491 0.173878650951118
v -0.0416776999485826 -0.106614837204802 0.171092029562026
v -0.0509263286572942 -0.0850666640566348 0.190184708159014
v -0.0443413121692485 -0.0959314949721566 0.169947158471931
v -0.044188634879971 -0.106589132703142 0.177144314859562
v -0.0514484876688323 -0.0811439857400423 0.187560315708213
v -0.0497207875294611 -0.0908875266885329 0.188332121334997
v -0.0492837774736378 -0.0937217348438362 0.190205838005114
v -0.0479060720640371 -0.100032726443031 0.188682879760499
v -0.0448791323003485 -0.106929236787709 0.179790761028437
v -0.0498167062988423 -0.0913649151637023 0.1919993864298
v -0.0483654897397853 -0.098482066990162 0.192000638127313
v -0.0455247176233337 -0.106898823519369 0.182428892349551
v -0.0464675028648547 -0.106885486980826 0.189731489351433
v -0.00633168651699793 -0.0996706133445791 0.2398205792944
v -0.00613481517999389 -0.100149909168277 0.239647383101715
v -0.00621278177640444 -0.100047471141229 0.23968849540453
v -0.00604141936332993 -0.100074323032238 0.239507222782659
v -0.00603001904431491 -0.10004984042573 0.239388773454977
v -0.00607253578017585 -0.099924476963433 0.23943626345464
v -0.00608286088733704 -0.0999587645334728 0.239542225609521
v -0.00632937776846119 -0.100266600155232 0.239683697230733
v -0.00641034741435005 -0.0999420081786228 0.239743227368372
v -0.00638816843410471 -0.100132385403668 0.239701712734214
v -0.00638589088487252 -0.0998024290093213 0.239780107741502
v -0.00600686496938705 -0.099679300721082 0.239689732200882
v -0.00624563650674121 -0.0998188575386429 0.239760125284788
v -0.00612359879717734 -0.0998465364440531 0.239660570629077
v -0.00590932802712059 -0.0996332859378213 0.239613900193261
v -0.00604756609198765 -0.0997767766617231 0.239511499415826
v -0.00608915383363101 -0.099632145999052 0.239803979401201
v -0.00577567998531255 -0.0996055548783497 0.239663059122941
v -0.00580235632202579 -0.0995179062529808 0.239865118864213
v -0.00613628201296903 -0.0994644557906893 0.239889497163381
v -0.00624417526170122 -0.0995562618398049 0.239856997731544
v -0.00581624094387331 -0.0993685146695675 0.239955703021086
v -0.0059586382951321 -0.0993851890680354 0.239930475355749
v -6.89330821520503e-09 -0.0992713069498132 0.240342984191858
v -0.0023573121169184 -0.099424304614039 0.240223342771306
v -0.00580608906270157 -0.0995095168996855 0.239895815255586
v -0.00581628238772562 -0.0993687232858129 0.239956433177968
v 5.73510615740246e-07 -0.0995282178559653 0.240040222405488
v -0.00116087990544558 -0.0995202978892221 0.24001809418161
v -0.00173151786322733 -0.0992968177363878 0.240295091860851
v -0.00296631159870541 -0.0995384251508273 0.240048090218423
v -0.00231880984679672 -0.0995404964121204 0.23997118532722
v -0.00462585988408419 -0.0995806922922518 0.239793086652612
v -0.0057749316676646 -0.0996051301952788 0.239662254460254
v -0.0040540790771503 -0.0993371328258023 0.240145648118578
v -0.00347380973107236 -0.0995605980774762 0.239896187784608
v -0.00505841588993694 0.0547770045669191 0.064531622874775
v -0.00270556620489179 0.054936126608062 0.0645222351434327
v -0.00523574342377701 0.0546777740146429 0.0654884711171283
v -0.00217662157744454 0.0548906110136741 0.065483047094575
v -0.0139829452916549 0.0531012424220605 0.0655783400182797
v -0.00831922284656884 0.0543817214854565 0.0645560458774258
v -0.020979410757533 0.0508407736449589 0.0648218676860213
v -0.0187998124404714 0.0515769244954579 0.0657018408394938
v -0.0188401834092373 0.0516801411081363 0.0647522271107384
v -0.027555868391584 0.047491361594726 0.0660960212477441
v -0.0318199639575019 0.0447582056585557 0.0664404690316214
v -0.0334433820512274 0.0435806153823097 0.0666100665939584
v -0.0463801671638537 0.0294534995013105 0.0695243909316273
v -0.0474636156340941 0.0276611581282007 0.0700154363360531
v -0.0484107296627062 0.0259638340042688 0.0705113767718216
v -0.0549729958041381 -0.00576412506675856 0.0843740012264102
v -0.0549126386540094 -0.0085182306374427 0.0882290507503811
v -0.0549496047076279 -0.0098848523776865 0.0883351917191924
v -0.0548929765728848 -0.0202110603620928 0.101118472938572
v -0.0548979423845823 -0.0184747063738295 0.100287301086918
v -0.0549026586018433 -0.0220331984680322 0.105096650754735
v -0.0549051768979479 -0.0240916838787961 0.108016823798042
v -0.0549040742120796 -0.0355174484878161 0.126409378802567
v -0.0549067750473989 -0.0466534246429453 0.14975343309894
v -0.0548379354117225 -0.0449501400548605 0.143526133667093
v -0.0548433557088116 -0.0463936452634196 0.146865617926442
v -0.0549469672022402 -0.0513191455967135 0.162431206648844
v -0.0548760749317212 -0.0531872966232686 0.165241684796474
v -0.0549699000880686 -0.0537382595778258 0.170202534566763
v -0.0549627549816653 -0.0529700675072147 0.167624365516952
v -0.0548977523947874 -0.0556486665699352 0.173525046403891
v -0.0549034632645039 -0.056201019057698 0.175586502799693
v -0.0549764267963161 -0.0544844836127433 0.172819521140616
v -0.054997195288599 -0.0577232359206868 0.186017404809205
v -0.0549235612045696 -0.0582368751937763 0.183920900883058
v -0.0549989349990736 -0.0582814445644799 0.188700746252371
v -0.0549995981007107 -0.058660496556996 0.190666164666425
v -0.0549095503885201 -0.0568584619790574 0.178134347987152
v -0.054916404922296 -0.0575114047499814 0.180797259938778
v -0.0549890033756788 -0.0561984039040509 0.179354067608251
v -0.0549839220799884 -0.0554001859952694 0.176197375889181
v -0.0549292348213852 -0.0589396772473396 0.187156330336116
v -0.0549338616316839 -0.0594999795041664 0.189941312597514
v -0.0541305028225704 -0.0605360646361314 0.201747487446349
v -0.047735561811072 -0.0626567493529763 0.219316075310497
v -0.03565439387702 -0.0646934250528756 0.233768457909633
v -0.0288387800694124 -0.0647786298879419 0.238752672700152
v -0.033390598415863 -0.0647146964593214 0.235606635311097
v -0.0296848698185673 -0.0638303125906289 0.238297650852107
v -0.0311002714386452 -0.0647648984686496 0.237269142927174
v -0.0257861935460607 -0.0648205468520974 0.240494722712903
v -0.0266600981737144 -0.0648099968305467 0.240014994740151
v -0.0214545007287134 -0.0638886878864268 0.242649639189624
v -0.0232254086452583 -0.0638750607752571 0.241857538181747
v -0.00412318227710093 -0.0639189819454841 0.24685048505253
v -0.00143669386486522 -0.0639686326118781 0.246988618813709
v -4.19208677065994e-05 -0.0649180153421584 0.246924260699952
v -0.0429696603560532 -0.0632617141127592 0.226353565759504
v -0.0437569445384042 -0.0641276950483795 0.225199113222976
v -0.0509581351841303 -0.0629681090991655 0.212509895581531
v -0.0508595379311704 -0.0620541985811754 0.212947393664403
v -0.0525429928000763 -0.061950866484504 0.208168323155455
v -0.0548827357504121 -0.0539861962601377 0.167801987354413
v -0.0549548499160825 -0.0521528133660447 0.164995010979585
v -0.0548606485054353 -0.0508573213835635 0.158347319997534
v -0.0548705540517995 -0.0521126659146845 0.16195957000644
v -0.0549386300030063 -0.0504399994858954 0.15984189153071
v -0.0548498600653185 -0.0487515303765208 0.152686607405098
v -0.0548459969394894 -0.0477191332817504 0.150083076579502
v -0.0548955991771121 -0.0445277778396931 0.144692373021862
v -0.0549004010760453 -0.0455910911169668 0.147181299019278
v -0.054831758880744 -0.041159184270758 0.135389339877903
v -0.0548919446675284 -0.0399346180864067 0.134828162159886
v -0.0548309840204042 -0.0399664022615022 0.132995304472849
v -0.0549087755281802 -0.033837923799961 0.123428245110178
v -0.05483783482889 -0.0328718219677316 0.120072995422639
v -0.0549130260841793 -0.0289261902762153 0.115302798554984
v -0.0549125976758183 -0.0307231957125248 0.118186866085525
v -0.0548586144970431 -0.0270871654302725 0.110882235075185
v -0.0549112863737047 -0.0270844217541171 0.11245330916822
v -0.0549085631866448 -0.0255639557774733 0.110168901603619
v -0.0548649661166561 -0.025633195881835 0.108718318297304
v -0.0548843674274739 -0.0215127735790336 0.102879432524455
v -0.0549005128347482 -0.0201282564764931 0.102484715674414
v -0.0549014218055315 -0.0186113965806618 0.0990018673464238
v -0.0549097925323763 -0.0169228846304511 0.0968188696320607
v -0.0549039363763461 -0.012276224123457 0.0925020480341751
v -0.0549183346225655 -0.0152844061201917 0.0947517433445511
v -0.0549291267879724 -0.0135179685517615 0.0925761515071358
v -0.0549103960293718 -0.00944732450653992 0.0892159993376732
v -0.0549574985973404 -0.00872230482284657 0.0870989988647625
v -0.054962315397434 -0.00777095839902461 0.0861540342981956
v -0.0549683242903582 -0.00678399866755011 0.0852469484825369
v -0.0549180962039994 -0.00450216488608904 0.0845760013630389
v -0.0549842983342881 -0.00363040486137733 0.0827459972483069
v -0.0549896851037663 -0.00252178274331607 0.0819890182765792
v -0.054994699344235 -0.00139010503768386 0.0812680032565891
v -0.0549183979524971 -0.00116831511881511 0.0822430011128708
v -0.054999728485864 -0.000231941086996675 0.0805781689157001
v -0.0549475222704644 0.00239417828619623 0.0791236815052401
v -0.054987297192815 0.00119836482212522 0.0797670018725022
v -0.0546655960413205 0.00605460502762327 0.077283999086529
v -0.0548631146474786 0.00387742209552744 0.078368356562368
v -0.0546577990091504 0.00544204486699677 0.0786420014804154
v -0.0544251024886196 0.00792858706450048 0.0763864351126603
v -0.0536407985383451 0.0121871049398227 0.0744689984365776
v -0.0539141342485286 0.0108413066398908 0.0750611407668633
v -0.0539888784690065 0.0101410228824321 0.0764136222806508
v -0.0528889157877724 0.0150794555602929 0.0732843039940825
v -0.0531114348157621 0.0140404293117974 0.0747297762022217
v -0.052259375289229 0.0171336596814144 0.0724870546351286
v -0.0516891935630686 0.0188091983088673 0.0718651248842822
v -0.0507214675043576 0.0212881832897508 0.0710022135599953
v -0.0498668971323001 0.0232058825372223 0.0703701212174418
v -0.0513837235005205 0.0194118515261458 0.0726660324782274
v -0.0490596491203269 0.0248731044545367 0.0698463230614441
v -0.0477771211473783 0.0272530991643552 0.0691465272945196
v -0.0449405921363455 0.0317038503905125 0.0679739102429022
v -0.0464375180048753 0.0294742530924331 0.0685394167481493
v -0.0432738042153272 0.0339533407377025 0.0674392267888957
v -0.0420577130659434 0.035446049577844 0.067111133029063
v -0.029818454996105 0.0460947875907912 0.0662646055311425
v -0.0388414987630782 0.0389455386648678 0.0664148390349409
v -0.0370208340093716 0.040599697852462 0.0670982211731772
v -0.0347139928211601 0.0426541878895984 0.0657959565714905
v -0.034845909068735 0.0424741595204391 0.0667800888393799
v -0.0316443314306553 0.0449960728817391 0.0654620066554396
v -0.0236963560938524 0.0495199124369268 0.0658846706326752
v -0.0231084848276731 0.0499140816566508 0.0649042487538401
v -0.0165622914503586 0.0524459787954071 0.0646920860255043
v -0.0142530968101293 0.0531230726220207 0.0646415785407667
v -0.0111470300221654 0.0538563326474055 0.0645906687246858
v -0.00770240048841173 0.0543670326666096 0.0655008837841253
v -0.0111178684512971 0.0537815958775078 0.0655320719138069
v -0.0207867015008882 0.0508083859728679 0.0657677263222398
v -0.0270735662587786 0.0478802073749034 0.0651116207589592
v -0.0292833152112288 0.0465644945177834 0.0652621969894573
v -0.0332498085272804 0.0438096834702874 0.065625502192404
v -0.0370159091758652 0.0406822875338812 0.066109089565819
v -0.0385951974831184 0.0391049028498669 0.0673650041066481
v -0.0420666872897837 0.035353762966306 0.0681100174462046
v -0.0439013069801884 0.0330414008981729 0.0686289131202791
v -0.0504593411920717 0.0216975498304198 0.0718721954851106
v -0.0521129974655031 0.0173652050873057 0.0734190030376836
v -0.0525353969335714 0.0160447052324128 0.0739269985125884
v -0.05358759767049 0.0120653037861799 0.0755650011696293
v -0.0533620611575229 0.0133204965117296 0.0739958865792478
v -0.0545167744272918 0.00672308365522958 0.0780128372159711
v -0.0548250310068314 0.00335645354700548 0.079706756479142
v -0.0549186289204831 0.00017587395765898 0.081440871623735
v -0.0549081981082154 0.0015218347879233 0.0806869995440468
v -0.0549183979524971 -0.00230804515540426 0.0829800050784646
v -0.0549182973696645 -0.00341932503511808 0.0837580021375864
v -0.0549796417216686 -0.00471254319365716 0.0835412945551881
v -0.0549168966605886 -0.00657789513036667 0.0863290037290229
v -0.0549177981807917 -0.00555655516226125 0.0854340027548223
v -0.0549149967626399 -0.00756447488225143 0.0872600059078632
v -0.054908298691048 -0.0103487953495784 0.090230000982508
v -0.0548981696272781 -0.0149271778083781 0.0957505383547275
v -0.0548977337683369 -0.016796606609436 0.0981110461478446
v -0.0548752404667397 -0.0237356709428762 0.10597492517587
v -0.0548524342407746 -0.0286822024014047 0.113312443048229
v -0.0548471368782586 -0.0300548805320214 0.115468037527769
v -0.0548409379955396 -0.031238457349451 0.117369440554765
v -0.0549118116396081 -0.0321419817586546 0.120533061313635
v -0.0548348583221036 -0.034228974951875 0.122389552241797
v -0.0548326902032679 -0.0355453769876627 0.12470202614288
v -0.054900505384168 -0.0368128585139151 0.128784459931006
v -0.0548959121014802 -0.0383855716841495 0.131765675579779
v -0.0548314794839869 -0.0371681953096828 0.127643105514874
v -0.054829885059826 -0.0389972829442955 0.13110026424154
v -0.0548905514090326 -0.0411246210292511 0.137261119397108
v -0.0548330478311171 -0.0423273272113215 0.137806695599704
v -0.0548904061227189 -0.0423128581845902 0.139767822479431
v -0.0548348061680422 -0.0434757633672793 0.140258145177555
v -0.054892127206743 -0.0434163710672854 0.14217857698697
v -0.0549135140971818 -0.0476220335954089 0.152190354044951
v -0.0549218661975761 -0.0486041690762096 0.154757213113668
v -0.0548540249396454 -0.0496530058761719 0.155055266133206
v -0.0549302853531922 -0.0495395111881197 0.157296668947562
v -0.0548893295138813 -0.054738574474293 0.170324321754478
v -0.0549940921219494 -0.0570148049537891 0.18281180748019
v -0.0549334518497734 -0.0600060787901025 0.192590038644
v -0.0537249975450855 -0.0608333986651108 0.203781793927063
v -0.0519289904865216 -0.0616754669636075 0.210137064528382
v -0.0485915626945262 -0.0635310898395711 0.217601830863912
v -0.0488908748525463 -0.0624595473964763 0.217210183653008
v -0.0470609937311431 -0.0638200829440264 0.220305318676561
v -0.0378213131692412 -0.0646404290759758 0.231815884296241
v -0.0400485784357208 -0.064422618814667 0.229583645695813
v -0.0367947983075317 -0.0635917971669688 0.232879395048036
v -0.0120884722966069 -0.0649222845246079 0.245577225560459
v -0.0124936711689815 -0.0639042595990263 0.245566869253661
v -0.00705162490500091 -0.0639185274600924 0.246566886159028
v -0.00325487978725919 -0.105013990643765 0.238868886853705
v -0.00164607728714719 -0.104934381194423 0.238958919667626
v 5.90515380409819e-07 -0.104763897018488 0.238872656847403
v -4.26561056561612e-08 -0.104695247372607 0.238675976425201
v -0.00322954991008487 -0.104643994831472 0.238577896984415
v -0.00215530989129958 -0.104661995433214 0.238635191947925
v -0.00146954149386775 -0.105044642330672 0.23895345094159
v -1.51597211854708e-07 -0.10507340157021 0.238991255186694
v -0.00108581554285012 -0.104677686355096 0.238667885094854
v -0.00165821055698852 -0.104729728657731 0.238852108146576
v -0.00323795020641979 -0.104663299284747 0.238702202468316
v -0.00325231306238333 -0.10485049511205 0.238873282696159
v -0.00322993803874671 -0.104645149671401 0.238575363787069
v -0.00340973590558141 -0.104582289126328 0.238580951722392
v -0.00342390551212124 -0.104593457546035 0.238693455486891
v -0.00325509282728653 -0.105014445129157 0.23887226941722
v -0.00325329258084784 -0.104899907359878 0.238873237992676
v -0.00324350112149285 -0.104705737789516 0.238774383691526
v -0.00369162208785686 -0.104819172872927 0.238884711886539
v -0.00334419990372794 -0.10500599617122 0.238864684726342
v -0.0034771452626917 -0.104968832677227 0.238863850261334
v -0.00339086288746527 -0.10466926719948 0.238756919530997
v -0.00358972981580739 -0.104905994483894 0.238870585586043
v -0.0034796258402341 -0.104490237208066 0.238612855107795
v -0.00355444852463461 -0.104579942193568 0.238853762175431
v -0.00353293311168754 -0.104764686779988 0.23887329759732
v -0.00376826783609789 -0.104712815840697 0.238907883191677
v -0.00487201401508529 -0.102366702644298 0.239288697258636
v -0.00376834327322233 -0.104712815840697 0.238908017302125
v -0.00502634859279412 -0.102529304106391 0.239316070691137
v -0.0034802707810819 -0.104490669341717 0.238612914712438
v -0.0035499977342929 -0.104576827851048 0.238851109768798
v -0.00602329256738607 -0.100046636676247 0.23938987614088
v -0.00473860066655327 -0.102340245634039 0.239131490011554
v -0.0047593821973515 -0.102264413628854 0.239026541135612
v -0.00610816398898879 -0.100132683426875 0.23963447869641
v -0.00632954028424161 -0.100267017387722 0.23968502343405
v 0.00487197629652307 -0.10236676224894 0.239288682357475
v 0.00348027194523505 -0.104490669341717 0.238612914712438
v 0.00475938266301277 -0.102264413628854 0.239026541135612
v 0.00376834327322233 -0.104712815840697 0.238908017302125
v 0.00354999703580101 -0.104576827851048 0.238851109768798
v 0.00502635976866441 -0.10252928175465 0.239316070691137
v 0.00632954028424161 -0.100267017387722 0.23968502343405
v 0.0047385941472956 -0.10234026798578 0.239131490011554
v 0.00610816166068248 -0.100132675976295 0.23963447869641
v 0.00602329303304733 -0.100046636676247 0.23938987614088
v 0.00611288346587864 -0.099780084719328 0.239686617858262
v 0.0060660505157807 -0.0999623557131249 0.239420140398588
v 0.00603003953341044 -0.100049989437334 0.239389294995607
v 0.00640862633032589 -0.099991547086314 0.239733467108008
v 0.00638816936542723 -0.100132422656569 0.23970199585627
v 0.00577474726580487 -0.0996147265425651 0.239662671692759
v 0.005998717759948 -0.0995086153794824 0.239879319670513
v 0.00580406250488957 -0.0995104407716292 0.239879453780961
v 0.00581623582159943 -0.0993685146695675 0.239955717922247
v 0.00591183980396754 -0.0993767922641599 0.2399382984652
v 0.00604822127738322 -0.0994168540338478 0.239912057520925
v 0.00587974084185891 -0.0996181016553917 0.239628011592596
v 0.00633198779983441 -0.0996710454782302 0.239819804434035
v 0.00592739335577788 -0.0996088107818933 0.239747712617791
v 0.0062134933068127 -0.0995234643858034 0.239866027835026
v 0.00602485206695233 -0.0997373481913514 0.239535251866238
v 0.0061878921819533 -0.0997402986211071 0.239775026445649
v 0.00608208230170706 -0.099852340446022 0.239570850739534
v 0.00639882835171323 -0.0998469164236429 0.239766651993245
v 0.00603985194752222 -0.100072691355176 0.239502275597253
v 0.006078679714866 -0.099983366349264 0.239532077918975
v 0.00613484777628222 -0.100149938970598 0.239647412904037
v 0.00632966927241117 -0.100267293059189 0.239686692364066
v 0.00622032828281558 -0.100039051985613 0.239694753892092
v 0.00116087990544558 -0.0995202978892221 0.24001809418161
v 8.96184027477247e-07 -0.0994668474269306 0.240192005630016
v 5.23703967976296e-15 -0.0994999950582012 0.240036988853581
v 0.00462585988408419 -0.0995806922922518 0.239793086652612
v 0.00577492933935829 -0.0996051078435383 0.239662254460254
v 2.36497208926756e-08 -0.0992688706100907 0.240335876338127
v 0.00173158759600131 -0.0992968177363878 0.240295091860851
v 0.00347380973107236 -0.0995605980774762 0.239896187784608
v 0.00231880984679672 -0.0995404964121204 0.23997118532722
v 0.002357345178868 -0.0994243120646192 0.240223342771306
v 0.00296685991484136 -0.0995384698543084 0.240048000811457
v 0.00581627959375805 -0.099368730736393 0.23995646298029
v 0.00405407069524759 -0.0993371328258023 0.240145648118578
v 0.0058060960476205 -0.0995095168996855 0.239895830156747
v 0.00748213758923623 0.0543988391934457 0.0654991328977242
v 0.00996984859650743 0.053994276414355 0.065521201516959
v 0.00221818859716174 0.05488538443167 0.0654840901758352
v 0.00499534067502224 0.0547786697715918 0.0645309225202145
v 0.00180906443317961 0.0549837842442549 0.0645200744751079
v 0.00954878650758335 0.0541742489041629 0.0645694941751027
v 0.0119931598181888 0.0536716476656266 0.0646039829119149
v 0.0142605324891601 0.0531270437812626 0.0646422118401033
v 0.0120751301701296 0.053576723548701 0.0655451178801406
v 0.014273720947421 0.0530190364455212 0.0655852318051778
v 0.0164898680856103 0.0523715288728467 0.0656355828277264
v 0.0165787330181955 0.0524408937744266 0.0646924883568475
v 0.0215975630442542 0.0505870143342277 0.0648437127878432
v 0.0235708063670509 0.0496942187604993 0.0649254978092276
v 0.0211198839964574 0.0506665902559595 0.0657814279396512
v 0.0232051598309437 0.0497507127847989 0.0658642038882329
v 0.0315173958959383 0.0450744753370909 0.0654514491829697
v 0.0336973239011733 0.0433774790386874 0.0666404128080514
v 0.0370703282135816 0.040548601773511 0.0671069160005394
v 0.0404777691076335 0.0372384691820459 0.0667420312745415
v 0.0373206975103258 0.0404008008889685 0.066157995175764
v 0.0388980300402788 0.0388894097189976 0.0664247483069133
v 0.0462428045421591 0.0296659658339772 0.0694698601334573
v 0.0463410851454609 0.029630493621687 0.0684984162040408
v 0.0503799850624555 0.0220760448920666 0.0707378297134229
v 0.0527946100690026 0.0151578086555509 0.0742777271357686
v 0.0542060964091901 0.00932113402984199 0.0757390020250007
v 0.0548612222001101 0.00273498342379286 0.0800339636199035
v 0.0549354970340359 0.00263126482827403 0.0789999944195152
v 0.0550000935642934 -8.0226843416479e-05 0.0804877561221773
v 0.0549843989171207 0.00131197476133973 0.0797039997643828
v 0.0549910597358116 -0.00207756075869836 0.0817044508076209
v 0.0549784980576092 -0.00473888518558432 0.0835539977948219
v 0.0549176975979592 -0.00616080513200702 0.0859419982297271
v 0.0549738973243412 -0.00559452518156053 0.0842230003128275
v 0.0548507578602315 -0.0604984988108075 0.19499092858305
v 0.0542996943228417 -0.0613330867267923 0.20035376696988
v 0.0541457169073208 -0.0605541024907743 0.201643358134254
v 0.0518062459031621 -0.0617334213016246 0.210478047792359
v 0.0487807142991296 -0.0624991584060627 0.217411230115341
v 0.0473577093619666 -0.0627569298542269 0.219978372306115
v 0.0466734555277893 -0.0637899527977333 0.220960448213806
v 0.0438549084920479 -0.0641718471865924 0.225055466032278
v 0.0454256770608524 -0.0639860967718462 0.222867156054068
v 0.0432100384247611 -0.0631628151113015 0.226037020399339
v 0.0422236635638316 -0.0642469490349194 0.227131406356437
v 0.0413292586647819 -0.0634562115086498 0.228294352554656
v 0.040046674812482 -0.0645121077333432 0.229562679762482
v 0.0312750508740599 -0.0647087136434279 0.237158755127517
v 0.0316159782477378 -0.0637528191060605 0.237005794711281
v 0.0257325959348105 -0.0648470932693186 0.240524748552037
v 0.0204804249130344 -0.0649885425342481 0.242943266564385
v 0.0148135238641743 -0.064877975924211 0.244899788985406
v 0.00544952571516997 -0.063916523254021 0.246735060660502
v 0.00265763638969133 -0.0648892039485591 0.246868157829311
v 0.00242724605656035 -0.0639651755426694 0.246948892318855
v 0.0140612881423651 -0.0639106894497313 0.245176026705443
v 0.04868719461657 -0.0634678642160688 0.217434639839054
v 0.0529374227901071 -0.0624660778300139 0.206606368572868
v 0.0536687195876115 -0.0619270358037625 0.203674803592083
v 0.0549261279294455 -0.0585984332240036 0.185542460109089
v 0.054896374037452 -0.0183498216113101 0.100081635264718
v 0.0549039810798272 -0.0119815192179626 0.0921358222036997
v 0.054915898282843 -0.00709728485438 0.086794001904264
v 0.0549186773492543 -0.0031788875945993 0.0836062040118976
v 0.0549875989413128 -0.00298207493091426 0.0823000055037437
v 0.0549830987908773 -0.00386523504181036 0.0829140003864318
v 0.0549184985353297 -0.00420129509114774 0.0843470003229305
v 0.0549958988876457 -0.00115903507194106 0.081131001983635
v 0.0549041971466527 0.00150026477619327 0.0807009991846755
v 0.0545912690533333 0.00664434266414041 0.0770030675008207
v 0.054415141062904 0.00801833582216085 0.0763424394352188
v 0.0539514132265152 0.0106877315557002 0.0751250294940539
v 0.0535221145211897 0.0126998184783235 0.0742541087958043
v 0.0521973939126186 0.017093577422631 0.0735246969716691
v 0.051213198346395 0.0200550042346985 0.0714260025748759
v 0.04881969945998 0.0253318720671633 0.0697093590413922
v 0.0477991227106829 0.0272144362410982 0.0691571220198917
v 0.0332613457507065 0.0438101528568395 0.0656247124308784
v 0.0450722513389038 0.0314234589808879 0.0690190255116144
v 0.0447153387454257 0.032018920525637 0.0678964316570066
v 0.0433662212120186 0.0338304918462203 0.0674681573927069
v 0.042033338492848 0.0353870149056993 0.0681037813103844
v 0.0420396342331095 0.0354803744007848 0.0671031758091634
v 0.035328274531472 0.0420734114384062 0.0668465852697211
v 0.030175598557569 0.0458708007985039 0.066292001315385
v 0.0281257669956971 0.0471475918247052 0.0661359265565292
v 0.00516779832338485 0.0546874858459221 0.0654888436461498
v 0.00741833966804298 0.0545032478989547 0.064547999250561
v 0.0192217667363734 0.0514234388182296 0.065714879355247
v 0.0188506607876311 0.0516708427840578 0.0647520482968081
v 0.0247270358298887 0.0491290177471968 0.0649795294185088
v 0.0257703852775401 0.0484754342263764 0.0659875631484189
v 0.0296151919926194 0.0463540566055738 0.0652884081314115
v 0.031953292090023 0.0446713281682365 0.0664513319778889
v 0.0357258598422137 0.0418150662955673 0.065926215069155
v 0.0406096779046281 0.0370208675369825 0.0677671789877002
v 0.0387082600375194 0.0389995032171925 0.0673837795693327
v 0.0433848476624965 0.0337171238180313 0.0684720933033803
v 0.0469963972008857 0.0284488036636909 0.0697960018412172
v 0.0480288240979768 0.0266734943168981 0.0703011139414955
v 0.0490341979383938 0.0247526043584598 0.0708819984447509
v 0.0494926991927785 0.0239894041765767 0.0701210036101713
v 0.0499304356801705 0.0228836430813089 0.071481107067739
v 0.050770898378636 0.0209557048740097 0.0721250011296942
v 0.0515294866513807 0.01901313186457 0.0728104098258076
v 0.0516887688799977 0.0188050054948647 0.0718692152529385
v 0.0528209739470091 0.0153426351983533 0.0731750635838121
v 0.0521779963270909 0.0173916043555681 0.0723879991683066
v 0.0533300832673424 0.0131430413867037 0.075107788850938
v 0.0537677266224819 0.0112374986921367 0.0759249461608019
v 0.054142997445551 0.00926479367375885 0.0768140015718191
v 0.0544527292399685 0.00724759798143065 0.0777594429755335
v 0.0547307476398022 0.00468344122743043 0.07901998432681
v 0.0548255898003458 0.00430793757373034 0.0781541598255747
v 0.0549178987636243 -0.00108260515769493 0.0821960028515159
v 0.0549178987636243 -0.00214197521540242 0.0828839968990386
v 0.0549183979524971 -0.00519705488915055 0.0851239990042746
v 0.0549685776100847 -0.00656660703571578 0.0850776563939976
v 0.0549615517129644 -0.00799291816783865 0.08637811795522
v 0.0549137972192291 -0.00800074500232948 0.0876769999933913
v 0.0548975922073133 -0.0191594295945589 0.0996865831385571
v 0.0549135289983422 -0.0317151044918913 0.119781349902272
v 0.0548574820088541 -0.0270451907241205 0.110794847217317
v 0.0548310846032367 -0.0394148693375604 0.131884765657378
v 0.054926615942448 -0.049084947565366 0.156081762401422
v 0.0548673652034777 -0.0521324658315426 0.161961000517882
v 0.0549911565933541 -0.0568507245515289 0.181954245672653
v 0.0529383988161121 -0.061316937594228 0.206924627566532
v 0.0356057900171428 -0.0646997431448777 0.233809629817092
v 0.0275824986278323 -0.0638276005794393 0.239582697162419
v 0.0170399444211248 -0.063860986629276 0.244302848481323
v 0.012066999724496 -0.0639135951760059 0.245659897200914
v 0.0119699046947671 -0.0649860018864029 0.245594496005896
v 5.81517351911268e-07 -0.104763807611526 0.238872537638116
v -3.68059482831415e-08 -0.104695239922027 0.238675976425201
v 0.00108580809226993 -0.104677686355096 0.238667885094854
v 0.00215530989129958 -0.104661995433214 0.238635191947925
v 0.00322954991008487 -0.104643994831472 0.238577896984415
v 1.67270881362735e-08 -0.10507340157021 0.238991225384372
v 0.00325487978725919 -0.105013990643765 0.238868886853705
v 0.00164612233987428 -0.104934373743842 0.238958919667626
v 0.00146953252988846 -0.105044642330672 0.23895345094159
v 0.00323795020641979 -0.104663299284747 0.238702202468316
v 0.00325231306238333 -0.10485049511205 0.238873282696159
v 0.00165808541052437 -0.104729736108312 0.238852123047736
v 0.00369274712546572 -0.104817950977775 0.238883296276257
v 0.00376827039723483 -0.104712815840697 0.238907898092838
v 0.00352755984638592 -0.104802423968657 0.238872075702129
v 0.00322989612923313 -0.104645559453312 0.238575304182426
v 0.00323753553506603 -0.104667836688083 0.238687942057372
v 0.0034062329687384 -0.104580046501691 0.238581070931679
v 0.00347963003118545 -0.104490244658647 0.238612840206634
v 0.00345695814849434 -0.104705961306922 0.238824943330326
v 0.00342492763859121 -0.10459872510623 0.238703230648415
v 0.00355726344696308 -0.104581611123531 0.238853121425514
v 0.00355150275149152 -0.104932876177224 0.238869691516391
v 0.00324792956009398 -0.104771705226529 0.238821575667972
v 0.00338621419108724 -0.104999119285704 0.238863582040438
v 0.0032558360226606 -0.105015532913865 0.238881150509093
v 0.0100000225149592 -0.069236699446492 0.115459253293441
v 0.0302223583988488 -0.0666158535561234 0.116536666828319
v 0.0296729693793569 -0.0670353063197262 0.116545056181884
v 0.0323016998462128 -0.0629520978023347 0.113087197100657
v 0.010000034622152 -0.0633804838115867 0.113345739692172
v 0.0321293977287117 -0.0629231970017731 0.112787698668516
v 0.0324478988560142 -0.0630067999620983 0.113395397810741
v 0.0325659980026245 -0.0630887935971022 0.113710996947192
v 0.0326695983201828 -0.0637025947449918 0.114928496295322
v 0.03270339787722 -0.0635089988693043 0.114643198669481
v 0.0325986985990835 -0.0639148990275393 0.115191501784515
v 0.0324929003603689 -0.0641427005168845 0.115429801149
v 0.0326963980571304 -0.0633403996901582 0.11434039963021
v 0.00999997874280054 -0.0639227891919618 0.114592013181924
v 0.0323554967604832 -0.0643805975423887 0.115640198089774
v 0.0326499958436998 -0.0632001946721207 0.114028495981652
v 0.0321932976297213 -0.0646237993809891 0.115824696812972
v 0.0320094992669852 -0.0648695940214959 0.115984198838825
v 0.0317122695461286 -0.0652258733156578 0.116174687828689
v 0.00999999457528345 -0.0647827575093678 0.11547497401815
v 0.031255489375768 -0.0657050275783324 0.116359961412252
v 0.0100000159957015 -0.0656723046301328 0.115962919981116
v 0.00999999923189607 -0.0632999951937814 0.112500001955777
v 0.0307527968676243 -0.0661718511307907 0.116477948803947
v 0.0100000104077664 -0.0668279194201048 0.116215159381587
v 0.0319359992933993 -0.0629170949765966 0.112500001955777
v 0.0288463684853371 -0.067606244279776 0.116487791020696
v 0.00999997781147802 -0.0682011880092017 0.116022271304825
v 0.0276666398925763 -0.0683095417969219 0.116293539487715
v 0.0264720585682044 -0.0689161307831865 0.11600055286287
v 0.0252567162021298 -0.0694418362708956 0.115630914666558
v 0.00999999178131587 -0.0704530960696636 0.113859621125617
v 0.0100000057511537 -0.0699456668551635 0.114756112215904
v 0.0234218394667085 -0.0700922793721654 0.11496811103147
v 0.0214016984668985 -0.0705734303903313 0.114069578482145
v 0.00999998060544559 -0.0707331037744084 0.112501067388779
v 0.0201727643799102 -0.0707658937778297 0.113441867080885
v 0.0186443300077519 -0.0708486101191122 0.112500188220288
v 0.0193346616527202 -0.0708374416994056 0.112953883865016
v 0.0463614885593145 0.0296015090020983 0.0685046523398611
v 0.0473141607207492 0.0280422217773684 0.0641315639585652
v 0.0493880967721845 0.0242130892203663 0.0700492247183049
v 0.0506244236973676 0.0215112871882855 0.07092560669201
v 0.0511050159220191 0.0203300032869098 0.0641243741484498
v 0.0499678673950509 0.0229838459343 0.0640196636910811
v 0.0514788972118826 0.0193633054082652 0.0716700016333907
v 0.052087311590294 0.017660706273558 0.06408802276653
v 0.0519910985229952 0.0179437053862495 0.0721830038983448
v 0.0534356244610405 0.0130462164405068 0.0741085021024532
v 0.0540472649406746 0.0102146700049768 0.0753326175660055
v 0.0545070663213027 0.00738356594764572 0.0766401497280564
v 0.0548134900581153 0.00458517366264397 0.0780084115711954
v 0.0549470975873935 0.00241522477825251 0.0791190025407298
v 0.05500035060931 0.000121294121288119 0.0701121150677178
v 0.0549910969887125 0.00115438486216392 0.0797950011537596
v 0.0526664302873937 0.0158701474517588 0.0729671402357412
v 0.0479714807075354 0.0269133024162213 0.0692430421134149
v 0.0458190192661752 0.0304246081234283 0.0641192928525963
v 0.0446008196025973 0.0321926531545348 0.0678509011599965
v 0.0427565067073638 0.0346055570770577 0.0672935083368381
v 0.035638222392715 0.0418961919379789 0.0659129530359889
v 0.0337088164211182 0.0434649190478111 0.0656738192064951
v 0.0335427318127866 0.0435874587402153 0.0142720776213986
v 0.0343638937832669 0.0429428494432352 0.0135655297659592
v 0.0331440512667568 0.0438913045762817 0.0139901271688165
v 0.031181441784538 0.0453058903578288 0.0132343710236019
v 0.0317852219020705 0.0448854131394497 0.013384175187703
v 0.0347193982170888 0.0426562069968302 0.0158600058586894
v 0.0286116658960898 0.0469708640625705 0.0131250235112379
v 0.00285290235949481 0.0549260459730634 0.0645230249049583
v 0.0253375326454635 -0.0489168960038639 0.0199948060513704
v 0.026101686501611 -0.048517977039268 0.0202912087673424
v 0.0247620684579476 0.0491102944391764 0.0206808629479811
v 0.0424427702260936 -0.0368344763723398 0.0642041698648593
v 0.0348726976298123 0.0425307056988 0.0175839956644774
v 0.0348076987682245 0.0425839065666551 0.0178669985115454
v 0.034610399954182 0.042744704988341 0.0156010087817682
v 0.0348722990237721 0.0425313054705054 0.0164149995949492
v 0.0349126997948588 0.0424981056851735 0.0167050059876217
v 0.036519119389878 0.0411268114998273 0.0169721987030164
v 0.0349260996633326 0.0424871049035212 0.0169999893680217
v 0.0347193982170888 0.0426559052483325 0.0181390043018981
v 0.0346105973945571 0.0427443063823008 0.0183980013788193
v 0.0223634994517125 -0.0502935918598487 0.0169999893680217
v 0.0223973995915823 -0.050282691661029 0.0172930057951881
v 0.0192908932193871 -0.05153296607233 0.0165206339242913
v 0.0258908499833611 -0.0485366891714182 0.0137242122279656
v 0.0297749994871399 -0.0462527883196153 0.0130821659099572
v 0.0269839823452049 -0.0479361277045283 0.0134008672818348
v 0.0166414035734736 -0.0524115347631833 0.00778408005198657
v 0.00563518160067999 -0.054720413685077 0.0161388494192321
v 0.00561227432622096 -0.054712966830176 0.00789128785078329
v 0.00853360025305457 -0.0543330580209378 0.00763636065342216
v 0.0273529518400774 0.0477168534042119 0.0129322127342475
v 0.0272103011690921 0.0477971296804817 0.0133429501948591
v 0.0322548654991311 0.0445475889324214 0.0135451123816122
v 0.0320704599141094 0.0446828169628912 0.0129845418859003
v 0.0304599089723741 0.0457938065028082 0.0131263618217477
v 0.038654809575228 0.0391262450368246 0.00788718910022402
v 0.034482298403665 0.0428481041402342 0.0153560038948952
v 0.034912398046361 0.0424983068508387 0.0172950025507435
v 0.0344830993410356 0.0428473069281537 0.0186430062656923
v 0.0343392994180558 0.0429628058222773 0.0188740040613561
v 0.0248559103781005 0.0490629161997407 0.0198564711245193
v 0.0113228767531924 0.0538220376267855 0.0641281739444693
v 0.00856996001571003 0.0543290384329247 0.00783530232678423
v 0.0292592703263068 -0.0465489228051839 0.00988623850301865
v 0.026498271571962 -0.0482068668875152 0.013530740211962
v 0.0253181145708402 -0.0488406653926379 0.0139478078719718
v 0.0244752509229081 -0.0492637279623433 0.0134701520919021
v 0.0241169636973848 -0.0494493181896154 0.0145641599320435
v 0.0236793445566309 -0.0496633249297366 0.0148632634834216
v 0.0247020447212824 -0.0491547259741464 0.0142317271404327
v 0.0229940997952881 -0.0499904910818014 0.0154860016222447
v 0.023271229713434 -0.0498584332732029 0.0152009591787839
v 0.0226677997731705 -0.0501440922430227 0.0159270014779195
v 0.0228213990717468 -0.0500717918128475 0.015698000437811
v 0.0218848630043611 -0.0504782805669177 0.0148051741017735
v 0.0225383999590552 -0.0502050901430479 0.0161740031203478
v 0.0224396983979727 -0.0502524907342241 0.0164370086095406
v 0.0223786986353025 -0.0502830902670693 0.0167140062887816
v 0.0225916995470979 -0.0502037900168045 0.0178409959858433
v 0.0224751985499386 -0.0502520921281839 0.0175739969855399
v 0.0227383996084171 -0.0501412908248708 0.0180900092849878
v 0.0229846505969606 -0.0500353547504226 0.0184117812273253
v 0.0233853651513826 -0.0498551140397278 0.0188121288535268
v 0.0242867978101976 -0.049436715533222 0.0194574403884089
v 0.045896725092279 0.0303078705703479 0.00788515788573418
v 0.00570656002155649 0.0547036983084181 0.0645350054382904
v 0.00284036210171053 0.0549267090747004 0.00785740633627609
v 0.02584852137465 0.0485466282453932 0.0137330374404854
v 0.0264570195720885 0.0482216339374541 0.0135360692396148
v 0.00854800688117674 0.0543321565007347 0.0645579159731138
v 0.0140635708138712 0.0531722129236716 0.0646370560384454
v 0.0230490757638737 0.0499370182677694 0.0186352017826914
v 0.0113349392425219 0.0538194709019096 0.00786537100675617
v 0.0234577270488444 0.0497471402315973 0.0190004124715832
v 0.0168593274561303 0.0523527049819937 0.0079656865529935
v 0.0140918420404066 0.0531645723536855 0.00784424861123602
v 0.0253535029641033 0.0488073054198319 0.0139217010381438
v 0.0248659742492937 0.0490580993996471 0.0133916695402934
v 0.0195634056404595 0.0514039071222584 0.0647717252797247
v 0.0270848613383484 0.0478675525644487 0.0206264047929703
v 0.0264488444229738 0.0482264768145784 0.0204604226247872
v 0.0168509995701216 0.0523553313115111 0.0646976516090858
v 0.0226127995901993 0.050136503827098 0.0159019973299951
v 0.0243784287706787 0.0493040728540786 0.0143895108761748
v 0.028489023758208 0.047052492619145 0.0652055502264451
v 0.0195358589828477 0.051413399161422 0.017128426198771
v 0.022264999056295 0.0502919043034354 0.0169999893680217
v 0.0320092757495795 0.0447269206723329 0.0654988050721853
v 0.0221525437241795 0.0503419759276102 0.0648651034042588
v 0.0221781886211975 0.0503304424294743 0.0194089985770956
v 0.029389057570592 0.0464894485488078 0.0209177224877986
v 0.0283597468786658 0.0471235860553292 0.0208489312786848
v 0.0288633241432072 0.0468182799055453 0.0208950019427761
v 0.0258388821865277 0.048552972414426 0.0202638390601313
v 0.0239144271254679 0.0495304363814468 0.0193291022778503
v 0.0243723546851779 0.0493073473840726 0.0196069642244213
v 0.0227805996946199 0.0500604036010253 0.0183290090040339
v 0.0226140997164426 0.0501359040553926 0.0180969979294315
v 0.0224733992348224 0.0501992041846968 0.0178470011536702
v 0.0223632982860473 0.0502484040909893 0.0175790037755891
v 0.0222906998326645 0.0502806054985755 0.0172950025507435
v 0.022290098198314 0.0502808066642407 0.0167060043653994
v 0.0223598989588351 0.0502497042172326 0.0164230015183314
v 0.0224706983995031 0.0502003068705651 0.0161540057624726
v 0.0227787985168587 0.0500612045383959 0.0156709995343313
v 0.0230477123076987 0.0499374951049016 0.0153634684451639
v 0.0222014903107454 0.0503207492246456 0.0145111732666677
v 0.0234697634611432 0.0497408780189466 0.0149887666481264
v 0.0239191023645378 0.0495275045781416 0.0146659367233678
v 0.0248760232193266 0.0490526269484967 0.0141331391975327
v 0.0279608353646501 0.0473608646826776 0.0132031288772122
v 0.0253367484718984 0.0488184626636682 0.0200696322306328
v 0.0305780137069196 0.0457183246748915 0.0653683454088491
v 0.0342942196826091 0.0429989634879451 0.0642028809144449
v 0.0272436481033827 0.0477797102239948 0.0651221931325899
v 0.0297174027769721 0.0462805082032166 0.0217174324009396
v 0.0277092031945635 0.0475084681268449 0.0207553594390595
v 0.0272795971528051 0.0477579508045464 0.0210223882416847
v 0.0292545298946602 0.0465738636223738 0.0130843172650564
v 0.0273094907431772 0.0477433998214331 0.00788332411162575
v 0.0296725540095113 0.0463093382232663 0.0641164094779698
v 0.0311050752002235 0.0453617808851329 0.0207789125864451
v 0.0305043181556036 0.045766634236851 0.0208677123293047
v 0.0298287032691579 0.0462079730797654 0.0209126765822021
v 0.0298318977054149 0.0462086287308222 0.0130858632604957
v 0.0298994875062642 0.0461667341184072 0.0077595774212574
v 0.0412360109283993 0.0364042686962311 0.0669121429269282
v 0.0365126336598216 0.041133189196471 0.0660348147295084
v 0.0324786324993028 0.044389267828649 0.0203631608852037
v 0.0320631657961023 0.0446873729926782 0.0211074068149759
v 0.0315696952435902 0.0450365705103682 0.0206746398506766
v 0.032027026756885 0.0447127161411984 0.020537299576313
v 0.0327182543341212 0.0442089973156335 0.0137503171991486
v 0.0342580322146206 0.0430317832936872 0.00769286445842241
v 0.0329183582916057 0.0440632378900634 0.0201450451431041
v 0.0333405789457495 0.0437417043766231 0.0198787464973611
v 0.0343408714904761 0.042961468443133 0.020361901737111
v 0.0341038014793731 0.0431509217962342 0.0191878318223097
v 0.033740690003176 0.0434338911066049 0.0195598746934561
v 0.0339321028588675 0.0432869470387845 0.0146234134668839
v 0.034264987331229 0.0430186851737111 0.0150199948246778
v 0.0348073001621843 0.042584606921193 0.0161319967478812
v 0.0386261173909117 0.0391704716808394 0.0663751497929882
v 0.0385633350769308 0.0392158345383334 0.0641265497179355
v 0.0441656386642109 0.0327784289450353 0.0640147388574167
v 0.0405214071558132 0.037189835519848 0.0667514637093664
v 0.0424211337412185 0.0350062381038689 0.0641217142912362
v 0.0473773230143199 0.0279353022263349 0.00793911405788852
v 0.0486874181339757 0.0255851694419226 0.0641450495091442
v 0.0487569693000604 0.0254513272193684 0.00785718281886318
v 0.0500175180614449 0.0228751196175702 0.00799504929046967
v 0.0511552663601185 0.0202044163072073 0.0078688457712044
v 0.0536359444853505 0.0121739919186863 0.0639931768776511
v 0.0529297971212814 0.0149481316338432 0.064089997170344
v 0.0541987240600909 0.00935616013864323 0.0641385749547502
v 0.0542123027424894 0.00927845710650694 0.00786510185453813
v 0.0546148836672492 0.0064968081378398 0.00788136367765001
v 0.0546083010796503 0.00655086302844931 0.0641229063841051
v 0.0548746779479353 0.00371122083904974 0.0641191587421486
v 0.0549935780319162 0.000841169281222873 0.00795528926800289
v 0.0548768050885799 0.00368432843551096 0.0078358974418961
v 0.054993961736796 0.000839150639652326 0.0640322551720085
v 0.0549642190206729 -0.00195084606383478 0.00797895138012726
v 0.0544889912137589 -0.00787564417298451 0.0640642777666983
v 0.0547966703733337 -0.00498016663714039 0.0640622139559191
v 0.0544794805481449 -0.00751635344744168 0.00813326873332406
v 0.0547948263547364 -0.00472518217162896 0.00775611010738961
v 0.0540925868199776 -0.0105125041541515 0.0653642475896124
v 0.0540510274836712 -0.0105339068770732 0.0494982551895472
v 0.0526729644462213 -0.0157865314529183 0.00781382323472597
v 0.0527599946734344 -0.0160881719172481 0.0504954483249311
v 0.0527746164370596 -0.0163085991948491 0.0639852271083319
v 0.0540202491369014 -0.010457046691821 0.0264540066617577
v 0.0534561284577266 -0.0132898299236627 0.0429329713523469
v 0.0509716989653684 -0.0217695820397081 0.0644577280180664
v 0.0519057484016152 -0.0187935241507901 0.0492366839370872
v 0.0534072116734814 -0.0130987728331753 0.00802384298986547
v 0.0527041190472907 -0.0159568926942796 0.0310895547772298
v 0.0509445490511517 -0.0215196597777753 0.0533688466242958
v 0.0518209272714288 -0.0186081891058895 0.0260504124451336
v 0.050859601261102 -0.0212951253678439 0.0349927834795538
v 0.0496171462337117 -0.0236779699245856 0.00890323313541934
v 0.0483353968463932 -0.0261905644727115 0.00784064346163026
v 0.0483883741968425 -0.026297329424206 0.0222313119717394
v 0.0486173342514075 -0.0267840199487441 0.0563920686455353
v 0.0498841079725417 -0.0244173859918534 0.0647008255563492
v 0.0485082801091492 -0.0264634028566673 0.0397239914598169
v 0.0498423847234712 -0.0241730237253882 0.0547110500623796
v 0.0455229220335076 -0.03114391134947 0.0276710552497717
v 0.0497420291335861 -0.0238911403370804 0.0364694065644725
v 0.0472485881644866 -0.0292714352611139 0.0552845249633969
v 0.0440707965036673 -0.0346727464092218 0.0645576104993162
v 0.0457600553745422 -0.0321340692424916 0.0643323347494229
v 0.0471652944032394 -0.0290283787088273 0.0446720262317651
v 0.0456434984980315 -0.0313626361694973 0.0415965793669988
v 0.0469084840799199 -0.0286629482395457 0.00838281195500168
v 0.0470469940909639 -0.0287765565489458 0.0286920399511149
v 0.0457349059411069 -0.0316264463129064 0.0522518518808815
v 0.0441532781516738 -0.0340757649461138 0.0552179055984786
v 0.0420345343109687 -0.0355394053476395 0.0172598600254984
v 0.0439244931857433 -0.0334759522625331 0.0311045080921536
v 0.0437948791674476 -0.0333501603918754 0.017732690623417
v 0.0424274481079305 -0.0363560112883328 0.0552144448038687
v 0.0440573444811322 -0.033761149296381 0.0450094034148141
v 0.0423241085606789 -0.0360002907876854 0.0449734580895277
v 0.0402788907705904 -0.0377459915287985 0.0274867558296005
v 0.033682892127343 -0.0435881888970741 0.0197324618011908
v 0.0336668882810923 -0.043514450504922 0.0143475268554495
v 0.0332762804386997 -0.0438122203928425 0.0140567968251527
v 0.0338692907425658 -0.0433490066464869 0.0134384386963001
v 0.0325329993829578 -0.044362490443442 0.0136519965458215
v 0.0437017655415083 -0.0333410855852025 0.00776501168835882
v 0.040597086424105 -0.0385594980281323 0.0557342941522383
v 0.0403840072812176 -0.0379187146040804 0.0366563379021807
v 0.0421767696121083 -0.0356705877130655 0.0306253705779008
v 0.0345938969190586 -0.0428487895936117 0.0186510081890745
v 0.0347167979646021 -0.0427447906700132 0.0184040065466462
v 0.0361652727101487 -0.0415417529371243 0.0193770542135003
v 0.0382072345966936 -0.0396324523561734 0.0177151705835349
v 0.0401701830803111 -0.0376351715990349 0.0173246539982113
v 0.0388487034741231 -0.0410323232418428 0.0646675885170492
v 0.0385335700090671 -0.0402299441840245 0.0457571287656472
v 0.040481412441347 -0.038183906830115 0.0456739057822397
v 0.0383723469043102 -0.039824725753877 0.0318496257398361
v 0.0328574311720924 -0.0441266013492993 0.0138082231102536
v 0.0317551923386099 -0.0449193095540294 0.0133707548297028
v 0.0321892184370666 -0.0446132993244175 0.0135113072355544
v 0.0400175206921939 -0.0376850830357356 0.0079034024945631
v 0.0386474819296099 -0.0406791098614297 0.05603276812957
v 0.0365198830743476 -0.0423494964126803 0.0496092725632502
v 0.0362761820468745 -0.0416812128971428 0.0292012982994028
v 0.035004800141892 -0.0424856892932849 0.0169999893680217
v 0.0347919966704716 -0.042643492581734 0.0158980038188844
v 0.0343539956874829 -0.0429854257837377 0.0150795994681209
v 0.0340318214241462 -0.0432368679640295 0.0146886395732617
v 0.0366327034848925 -0.0428657284876764 0.059500949989983
v 0.0363929661660811 -0.0419716290624146 0.0395932561250048
v 0.0340577047397303 -0.0432918457952602 0.0193854938584828
v 0.0343816075376714 -0.0430248430782391 0.0189916189240302
v 0.0349035989111552 -0.0425829901452916 0.0178700085460393
v 0.0348207968882006 -0.0426554917411319 0.0181429978130088
v 0.0349629986617294 -0.0425295918370614 0.0175860073211936
v 0.0349970999672644 -0.0424966900749372 0.0172950025507435
v 0.0349867995401501 -0.0424960903032318 0.0167150046665593
v 0.034878997095364 -0.0425762920736997 0.0161620076858549
v 0.0349444988711147 -0.0425265892532444 0.0164349969528244
v 0.0346856992428841 -0.0427264920450637 0.0156470086653454
v 0.0360950137389459 -0.0415251642203287 0.0145507023211412
v 0.0345620978428026 -0.0428230925425324 0.0154080089462993
v 0.0308308565962873 -0.0455560212360069 0.0131720757893009
v 0.0303690659107482 -0.0458643858489593 0.0131170383516616
v 0.0290183222882143 -0.0467310522379571 0.0130947741546905
v 0.0316051413788498 -0.0450221238353776 0.0130056912897745
v 0.0344472396985755 -0.045105268585021 0.0636866748999057
v 0.032213980440332 -0.0464983370909759 0.0586123453390819
v 0.0344232451050698 -0.0445134578245656 0.0551623205431777
v 0.0343049745951151 -0.043987927425491 0.0448227626497426
v 0.0319341440989317 -0.0453660910457735 0.035675055481306
v 0.0320832935384887 -0.0458409574995481 0.0474051040245942
v 0.0341390427236774 -0.04353580759304 0.0313565798545648
v 0.0318299626361185 -0.0451462616772328 0.0274191958289028
v 0.029508311557132 -0.0465399895595346 0.0209185141119693
v 0.030051356407591 -0.0461901922701392 0.0209160107169447
v 0.0317143110051009 -0.0450679598047137 0.0210766545442494
v 0.0328466054790746 -0.0442314906172306 0.0202679499178838
v 0.0340149458600132 -0.0433476394650218 0.0207790131692809
v 0.032402606779032 -0.0445629967322568 0.0204658410594052
v 0.033264482444967 -0.0439143976495843 0.0200331988923282
v 0.0281924552763433 -0.0472400162719767 0.0131708036026924
v 0.0360081138968861 -0.0415311842891232 0.00773218024003102
v 0.0298584646117316 -0.0481047864883159 0.0577500449623902
v 0.0297301656208395 -0.0474142145621365 0.0465150092576069
v 0.0295622854226819 -0.0468404155792933 0.0326286621549279
v 0.0294413476050187 -0.0466027606976453 0.0220135389563395
v 0.0307277107641207 -0.0457403187876158 0.0208674031302168
v 0.03136897661324 -0.0453004663354496 0.0207676100559322
v 0.0319428277501445 -0.0448955720055404 0.0206225677440487
v 0.0312851799378298 -0.0452465502118961 0.0132539325225219
v 0.0297920855301634 -0.0486792671992466 0.0641432911721626
v 0.0274810440773691 -0.0501621822517269 0.0641531035865894
v 0.0272543732135679 -0.0487394269090002 0.0430146557908954
v 0.0271415677041834 -0.0482961509152362 0.03261121289556
v 0.0283637254884879 -0.0472465094526133 0.0208284775727582
v 0.0289944692557322 -0.0468614150395621 0.0208936030963003
v 0.0274707306117395 -0.0476581167552748 0.0132930443444913
v 0.027428662773335 -0.0496403771427478 0.0577311651915796
v 0.0273353144541198 -0.0491211760115456 0.0499369788929005
v 0.0248990827650183 -0.050916266648746 0.0559678251452485
v 0.0248216619236067 -0.0504428344316582 0.0490625005424954
v 0.0247444720501811 -0.0500491494996466 0.0421350663423151
v 0.0270427487964628 -0.0480118591268815 0.0210635396600468
v 0.0268549829997749 -0.048108686867046 0.020521770704051
v 0.0275793563456367 -0.0477016765723625 0.0206968891464869
v 0.0269636292227677 -0.0479449454661846 0.0130090729219674
v 0.0243492336721996 -0.0492949160910236 0.00795009341947525
v 0.0269282855329858 -0.0479309383754251 0.00771801668663285
v 0.0223323131856772 -0.0522863501148111 0.0572650382534033
v 0.0221106044082834 -0.0509563023414033 0.0356376051387726
v 0.0220220654385816 -0.0506757842719154 0.0274113131148074
v 0.0246369694912477 -0.0495973835697546 0.031746431475585
v 0.0245324434391006 -0.0493347878709167 0.0207875757488405
v 0.0247776494837724 -0.0491958345503513 0.0197296492070783
v 0.0196334746218675 -0.0529729285300081 0.0516356106481937
v 0.0222651443426088 -0.0518006169898277 0.0507823403749837
v 0.0221932536943441 -0.0513659650426349 0.0438601588340068
v 0.0194366619581824 -0.0518445046324438 0.0308420744350089
v 0.019370666581494 -0.0516473250276843 0.0239266468451921
v 0.0238194769315115 -0.0496559600312177 0.0191518771837977
v 0.0219325914210657 -0.050512042871054 0.0191201917278724
v 0.016633234012294 -0.0524362744147081 0.0149328155830618
v 0.0196991719753482 -0.0535263948795096 0.0585482852485414
v 0.0169538660055311 -0.0550229668454803 0.0635728523826706
v 0.0169218825274154 -0.0538139947254691 0.0498888928468028
v 0.0195023630369532 -0.0521323056440685 0.0377928121881303
v 0.0195684794855697 -0.0525072374657389 0.044705676778279
v 0.0168633731211741 -0.053355165645556 0.0429720347455434
v 0.0169761432403027 -0.0543293178296819 0.0563736806130331
v 0.0142080058988123 -0.054982774690639 0.0542171920638414
v 0.0141084912931663 -0.0540104404480798 0.0403659073926678
v 0.0167911248450603 -0.0528848924744692 0.0338839247699695
v 0.016701786800633 -0.0525540643622404 0.0234829275276602
v 0.0140097012564439 -0.0534179256077963 0.0265260165216174
v 0.0141582006328793 -0.0544491976649579 0.0472979982056171
v 0.0113636547099012 -0.0549354560558448 0.0446938340806849
v 0.0140611102597631 -0.0536869288055987 0.0338637038946814
v 0.0113104771251093 -0.0544405400907757 0.0360430098464412
v 0.0112637023826691 -0.0541022986512567 0.0278181408833383
v 0.0139465445508084 -0.0532215357645372 0.0165516581412034
v 0.0114314903798969 -0.0558100573127463 0.0559244106130806
v 0.0115952178109205 -0.0566114230916586 0.0642065242482753
v 0.00857190647978498 -0.05576655337501 0.0490129057538605
v 0.00843531033652754 -0.0543658741013899 0.016967033588133
v 0.0112137862893558 -0.0539095819440318 0.0195881980749622
v 0.0111670655636219 -0.0538441397729226 0.00997657306544691
v 0.00571882647051874 -0.0559572025462319 0.0464143817183141
v 0.00851780874833938 -0.0549866415417582 0.0369058429396336
v 0.0084712100258562 -0.0545818217176509 0.0269473319437951
v 0.00565862159162268 -0.0549138083950994 0.0260870171467881
v 0.00574566439168988 -0.0575653171482447 0.0639784098272381
v 0.0027154705871028 -0.0578340707516107 0.0641307369441374
v 0.00861354218453831 -0.0566442354468206 0.0589550198848168
v 0.00574591538311007 -0.0566579631408228 0.0550446833287623
v 0.00285123016990315 -0.0556232265638724 0.0377600035572051
v 0.00282723743904252 -0.0550207875507744 0.0217457837221224
v 0.00283802424934492 -0.0552509210717194 0.0295263186948079
v 0.00267092543078482 -0.0549368567649208 0.0077949425325928
v 0.00288198174115033 -0.0572219683360047 0.058494890663887
v -2.39095352707492e-09 -0.0572454711912178 0.0579269217418077
v 4.27876768473768e-08 -0.0566595314879531 0.0514783214447277
v 0.00286788407927547 -0.0563385940209281 0.0485709633997612
v 0.0056926996140946 -0.0553529269651168 0.0369000948168316
v -1.17052068325088e-08 -0.0550214581029916 0.0172605212645116
v 0.00280748455397193 -0.0549308366961263 0.014198295454719
v -0.0441654225973854 0.0327787195176627 0.0640151486393403
v -0.0445869764246021 0.0322115813535105 0.0678461253379406
v -0.0505679855524194 0.0216429817810996 0.070881186331484
v -0.0528299965996206 0.0152950045705137 0.0731959997148215
v -0.0540089764090722 0.0104061014871188 0.0752473903764622
v -0.0541983552563715 0.00935805910526945 0.0641362429230755
v -0.0544856943320243 0.00754952994971046 0.0765609426075009
v -0.0548080958380569 0.00461024439932601 0.0779948962182947
v -0.0549971990138891 0.00103101477931429 0.0798600000174343
v -0.054951597737829 0.00228264473054875 0.0791880023660957
v -0.0549954630287046 0.000777052789518794 0.0650046155228179
v -0.0337962117267607 0.0433972864061257 0.0656836986761458
v -0.0550010174362371 0.00014349133508225 0.0701490550454917
v -0.0529296779119983 0.0149485805312998 0.0640905485132959
v -0.0536367714997517 0.0121706810671138 0.0639965221882643
v -0.0533979841299147 0.0131974846388057 0.0740455521483968
v -0.052401197083168 0.0167073039552645 0.0726470036958082
v -0.0516995535948245 0.0187803440744319 0.071876114490417
v -0.0511046918217808 0.02033079304841 0.0641232938142874
v -0.0489609959880155 0.0250567053768977 0.0697910025017484
v -0.0496336976976064 0.0236957041680856 0.0702140017551034
v -0.04581881810051 0.0304248986960558 0.0641187862131271
v -0.0473141681713294 0.0280422124641432 0.0641305208773049
v -0.0478745263075077 0.0270850476028532 0.0691936149628397
v -0.0462774758170788 0.0297326280375927 0.0684696867659013
v -0.0426754816477848 0.0347050185973198 0.0672710597380013
v -0.040803560627653 0.0368964651995304 0.0668113738266071
v -0.0424211188400581 0.0350062530050292 0.0641211182448018
v -0.0395503804900775 0.0382274964495235 0.0665488973286249
v -0.0365189927300148 0.0411269269838203 0.0169830337096073
v -0.0348723996066047 0.0425312048876728 0.0164149995949492
v -0.0346104968117245 0.0427446044055084 0.0156010087817682
v -0.0344824995693302 0.0428480035574016 0.0153560038948952
v -0.0272034932014424 0.0478018347218725 0.0651188031184941
v -0.0248447605848444 -0.0517370151120257 0.0650009349360853
v -0.0223086818079559 -0.0530161307192466 0.0650005251541616
v -0.0406192369990134 -0.0389993802826193 0.063439390135421
v -0.0423860079809072 -0.0369567143162463 0.065000376142553
v -0.0365960801579628 -0.0432932390537559 0.0650005698576442
v -0.0365776809501807 -0.0426060310645328 0.0547751995598852
v -0.0235902151284489 -0.0497616800388403 0.018980552949446
v -0.023268035277177 -0.0498599494662719 0.0152036255552554
v -0.0236791452536108 -0.0496634217872791 0.0148632634834216
v -0.0251866658471724 -0.0489085625299201 0.0140030911787653
v -0.0274705313087193 -0.0476583439979706 0.0132930480697815
v -0.0269648064144379 -0.0479442525622268 0.0130059017686717
v -0.0269843083080883 -0.0479359526158938 0.0134007257208066
v -0.0420345417615489 -0.0355393941717692 0.0172597519920822
v -0.0419863961123535 -0.0354776325872744 0.00777519802879099
v -0.0166405374435264 -0.0524119445450938 0.00779260677562787
v -0.00853475229901664 -0.0543329127346241 0.00764909183273259
v -0.0259955362229823 -0.0485741953921005 0.0202527749481922
v -0.0331497360594427 0.0438868007005562 0.0139934985564612
v -0.0335552115346068 0.0435778921952499 0.0142825419616131
v -0.0317863804672902 0.0448846308285296 0.0133844434085985
v -0.0195358124167215 0.0514134177878725 0.0171223427998496
v 4.02103710357438e-11 0.0550000078826212 0.0636599422173215
v -1.68130311620632e-09 0.0549999967067509 0.00785911810712997
v -0.00570701404128689 0.0547036573302271 0.0645349532842274
v -0.0379505807355581 -0.0397662759522772 0.00772768614304767
v -0.0281922392095177 -0.0472400721513281 0.0131708008087247
v -0.0292602240005713 -0.046548226175936 0.00987638976701222
v -0.0258911144789579 -0.0485367413254795 0.0137240492465187
v -0.0264992680870626 -0.0482062484893594 0.0135303742021984
v -0.0244733286732188 -0.0492645214491337 0.0134579163761903
v -0.0245970157549725 -0.0492092120670845 0.0142885545800204
v -0.0241176510134074 -0.0494490015399573 0.0145635825120602
v -0.0225382993762227 -0.0502051907258804 0.0161740031203478
v -0.0229938986296229 -0.049990591664634 0.0154870000000223
v -0.0224395996777851 -0.0502524907342241 0.0164380069873182
v -0.0226675986075054 -0.0501440922430227 0.0159279998556972
v -0.0228212984889142 -0.0500717918128475 0.0156989988155887
v -0.0223785999151149 -0.0502831908499018 0.0167150046665593
v -0.0218852355333706 -0.0504781911599554 0.014809796255608
v -0.0225945996854373 -0.0502025904733937 0.0178409959858433
v -0.0224779981054454 -0.0502509894423156 0.0175749953633175
v -0.0223975988946024 -0.0502827922438616 0.0172940041729658
v -0.0231820723455763 -0.049946085623862 0.0186210065643264
v -0.0240479489730739 -0.0495499718027081 0.0193080245858127
v -0.0266046081150955 -0.0482485044549136 0.0204525510865625
v -0.0245319572887432 -0.049335190202247 0.0207938267858216
v -0.0456434984980315 -0.0313626398947874 0.0415966240704814
v -0.0347192976342562 0.0426561064139977 0.0181400026796757
v -0.033932240694601 0.0432867309719589 0.0146233687634013
v -0.0347194987999214 0.0426561064139977 0.0158600058586894
v -0.0343384984806853 0.0429635061768153 0.0188740040613561
v -0.0348721984409395 0.0425312048876728 0.017585008943416
v -0.0279622882277874 0.0473604362743166 0.0132029677584104
v -0.0272112622939367 0.0477966006892882 0.0133427862820897
v -0.0308416990531105 0.045541526132245 0.0131766876985873
v -0.0303642025445284 0.0458586041987309 0.0131181838784028
v -0.0313009081126134 0.0452247125613558 0.0132610040546729
v -0.0320706126510033 0.0446826754018676 0.0129773734962037
v -0.0365680771523143 0.0410841383017824 0.00792684295191966
v -0.0322552268522704 0.0445472648321831 0.0135451803681587
v -0.0349260996633326 0.0424871049035212 0.0169999893680217
v -0.0349127966524012 0.0424981056851735 0.0167050059876217
v -0.0348071995793517 0.0425844057555279 0.0178679968893231
v -0.034912398046361 0.0424983068508387 0.0172950025507435
v -0.0346098970400191 0.0427450067368388 0.018398999756597
v -0.0344821978208325 0.0428482047230667 0.0186440046434699
v -0.00857069762314896 0.0543289192236416 0.00782797281828583
v -0.0255743381609697 0.0486922870881307 0.0201646811478284
v -0.00570188105719643 0.0547038622211823 0.00797198136213463
v -0.0230479749406505 0.0499373088403968 0.0153633874201017
v -0.0113185284083283 0.0538229056193778 0.064134849664535
v -0.00854821456609956 0.0543321229731238 0.0645578414673095
v -0.0236813338615419 0.0496408800569107 0.0191697045601225
v -0.0229625987422398 0.0499772066973206 0.0185440029529332
v -0.0223600982618552 0.0502498048000652 0.0175770070200337
v -0.0224708995651682 0.0502002062877325 0.0178470011536702
v -0.0140638166830175 0.05317214959374 0.0646369815326411
v -0.0226129988932194 0.0501364069695555 0.0159019973299951
v -0.0227789978198788 0.0500612045383959 0.0156709995343313
v -0.0222180548131555 0.0503138574379687 0.0648656472966302
v -0.0168254757450317 0.0523633518610869 0.0646983519636463
v -0.0168518899144545 0.0523547874191572 0.00798194744478283
v -0.0272798970386578 0.047757775715912 0.0210230401674723
v -0.027093185499067 0.0478631008427845 0.0206300797917676
v -0.0265466016230171 0.0481699716144085 0.0204879376183166
v -0.0241579400257912 0.0494099828514961 0.019483478304368
v -0.0246237484366984 0.0491786013583691 0.0197421568689758
v -0.0221781737200372 0.0503304461547644 0.0194125767183473
v -0.0221975321900189 0.0503221983624927 0.0145023024193428
v -0.0243780730054746 0.0493042963714843 0.0143898461522941
v -0.0247634598537983 0.0491095829087681 0.0206876765037847
v -0.0195465170378112 0.051410631270881 0.0647712484425772
v -0.0260585103894031 0.0484348956195562 0.0203387639595844
v -0.022264999056295 0.0502919043034354 0.0169999893680217
v -0.0224707989823357 0.0502002062877325 0.0161530073846949
v -0.0320071337077745 0.0447283996125009 0.0654980823658835
v -0.0247557242889148 0.0491140644327531 0.064980572499769
v -0.0232358748477818 0.0498508299561179 0.018813984048054
v -0.0227785992138385 0.0500613051212285 0.0183290090040339
v -0.0226134999447372 0.0501362058038903 0.0180969979294315
v -0.0222905992498319 0.0502807060814081 0.0172940041729658
v -0.0222901987811466 0.0502808066642407 0.0167060043653994
v -0.0223599976790226 0.0502497042172326 0.0164230015183314
v -0.0234691227112468 0.0497411499651236 0.0149894660713643
v -0.0239189570782241 0.0495275530069129 0.0146661527902003
v -0.0253423606214274 0.0488131653011523 0.0139265271516175
v -0.0248769154263045 0.0490521799136852 0.0141328579381214
v -0.025957020448684 0.0484875712215078 0.0136932681047931
v -0.0286123420362422 0.0469706405451648 0.0131249862583357
v -0.0248640967030856 0.0490589673922394 0.0133805178840343
v -0.0196540643002258 0.0513705098965515 0.00779324193760957
v -0.0291310104509608 0.0466514725909352 0.0209086402302539
v -0.0296466502048316 0.0463256736203355 0.0209181117806261
v -0.0251094610725864 0.0489336858863248 0.0199730335927076
v -0.0266150668670389 0.0481327000870022 0.0134925243222894
v -0.0305770712085254 0.0457186860280307 0.0653682485513035
v -0.0285690131871404 0.0470053490729853 0.0652098566619339
v -0.029672544696286 0.0463093419485564 0.0641163871262285
v -0.0356108862139936 0.0419193781435339 0.0659088105132696
v -0.0342939551870123 0.0429991683789003 0.0642003626182594
v -0.0365065055576144 0.0411385834165294 0.0660341516278501
v -0.0301374739387307 0.0460070681849104 0.0208980063893346
v -0.0285033027951443 0.0470372003033026 0.0208659428164525
v -0.0277714062259345 0.0474722173289248 0.0207649911769109
v -0.0292549359512806 0.0465737034348997 0.0130843144710888
v -0.0273526091133886 0.0477170284928464 0.0129280981512048
v -0.0306165238932827 0.0456915472896844 0.0208542454051767
v -0.0311074742870451 0.0453597282502902 0.0207771076833358
v -0.0297173934637468 0.0462805156537968 0.0217179483536344
v -0.0298319591727015 0.0462085989285015 0.0130858604665281
v -0.0298996551443185 0.0461664733481005 0.00776346057064546
v -0.0343407746329337 0.0429615503995151 0.0203532348494254
v -0.0320631806972626 0.0446873692673881 0.0210910732800274
v -0.0315595028498887 0.0450438273754745 0.0206773593125337
v -0.0320259017192761 0.0447135394303096 0.0205376013248205
v -0.0327183884445647 0.0442087514464872 0.0137503116112133
v -0.032923629577091 0.0440592443790809 0.0201405934212969
v -0.0324860421013029 0.0443840934007063 0.0203599049815557
v -0.0333510991649795 0.0437337322558186 0.0198705378203719
v -0.0341060031258196 0.0431491709098893 0.0191845256272437
v -0.0337402690453952 0.0434343195149659 0.0195600069412587
v -0.0348073001621843 0.0425845063383605 0.0161319967478812
v -0.0342656988616373 0.0430181003031661 0.0150207138056893
v -0.0343633387150426 0.0429433188297873 0.013573023187227
v -0.0405419111524993 0.0371665710832011 0.0641427919832738
v -0.0386553683687423 0.0391256936938904 0.00788385962209419
v -0.038531033086512 0.0392484122002193 0.0663582295248308
v -0.0406163014704181 0.0370852591762847 0.00788168591525362
v -0.0442372536410085 0.0326816049301608 0.00798783712861306
v -0.0458967064658286 0.0303078705703479 0.00788341072462326
v -0.0486881408402543 0.0255840295031534 0.064153252598198
v -0.0499706427361721 0.0229774347100455 0.064015558421264
v -0.0487569916518009 0.0254512843785323 0.0078523222464549
v -0.052087311590294 0.0176606988229778 0.0640882686356842
v -0.0536562622175318 0.0120854957898205 0.00796968378939441
v -0.0542124219517724 0.0092778126313204 0.00785813463051316
v -0.0546140305758173 0.00650424521385438 0.00790193473021832
v -0.0546074554387986 0.0065580551666401 0.0641323313683495
v -0.0548746779479353 0.00371092328150336 0.0641111717199272
v -0.0549642152953828 -0.00195074734364725 0.00796621554420406
v -0.0549661077427513 -0.0020622288616487 0.0650000334158532
v -0.0547941073737479 -0.0050144220765531 0.064999996162951
v -0.0544794991745954 -0.00751621794001445 0.00813191086504062
v -0.0534741253341784 -0.0133311415281777 0.0506301957973049
v -0.0544913344212291 -0.0078686834684409 0.0649999738112098
v -0.0534953259601124 -0.0134797303115754 0.0650000930204966
v -0.0540468253564434 -0.010744389492764 0.0650000334158532
v -0.0533980064816552 -0.0131382832599291 0.00786971842043731
v -0.0540202491369014 -0.0104570364472732 0.0264534199285488
v -0.0534309194196498 -0.0132260874161596 0.0295842376444286
v -0.0539885729952186 -0.0104753974708319 0.00792888441095759
v -0.0519057484016152 -0.0187935185628549 0.0492364864967058
v -0.0527786248492025 -0.0163199780934461 0.0650000930204966
v -0.0527599946734344 -0.0160881700546031 0.0504954967537039
v -0.0527041190472907 -0.0159568889689895 0.0310890928412431
v -0.0509390616988409 -0.0218714948008531 0.0650000706687553
v -0.0519309835167227 -0.0191080783332363 0.0650000632181749
v -0.050914668499295 -0.0214359282949418 0.0472622540460023
v -0.0518209272714288 -0.0186081872432445 0.0260502690214603
v -0.0507471571048568 -0.02115623165192 0.00830799508896481
v -0.0498472387764657 -0.0241867514193905 0.0554683307826147
v -0.0508329877886591 -0.0212664462220431 0.0298109830213118
v -0.0498712817987426 -0.0244584815295428 0.0649999887123706
v -0.0486021983977491 -0.0267329089686326 0.0540517482000943
v -0.0486404422258704 -0.0270729739376534 0.0650001377239792
v -0.0496734651693768 -0.0237877523610575 0.0242501175198678
v -0.0497731762840753 -0.0239804187768662 0.0426139300477371
v -0.0437948791674476 -0.0333501566665853 0.0177325155347768
v -0.0472725268786409 -0.0296459535755837 0.0650001898780422
v -0.0485082801091492 -0.0264634065819574 0.0397239840092364
v -0.0470492739685024 -0.0287953618133483 0.0294798997160815
v -0.0483883741968425 -0.0262973350121412 0.0222314665712833
v -0.0483347486459166 -0.0261913933497578 0.00781840906698087
v -0.0386255883997182 -0.0412849277126444 0.0650002941861683
v -0.0457663958182849 -0.0321664084858114 0.0650002122297835
v -0.0441337837086035 -0.0346078853833675 0.0650002643838465
v -0.0472485844391966 -0.0292714427116941 0.0552846218209425
v -0.0457509880184496 -0.0316765142117911 0.0540816622805224
v -0.0471598778314404 -0.0290095604059095 0.0438499366376563
v -0.0455229220335076 -0.031143909486825 0.0276709881945478
v -0.0439244969110334 -0.0334759522625331 0.0311045676967971
v -0.0441532818769639 -0.0340757425943732 0.0552175777729397
v -0.0424274518332206 -0.0363559814860121 0.0552140089449135
v -0.0440573444811322 -0.0337611455710909 0.0450094183159749
v -0.0423241011100987 -0.0360002982382656 0.0449734133860451
v -0.0336709302208461 -0.0435975840786951 0.0197417359111815
v -0.0326282699518623 -0.044291680129305 0.0136946725392042
v -0.0313169976405362 -0.0452245374727213 0.0132601872847932
v -0.0404784694621714 -0.0381470413593291 0.0449189719948402
v -0.0421767733373984 -0.0356705802624853 0.0306254022428676
v -0.0332654770974225 -0.043913257710815 0.0200327164672453
v -0.0347170997130998 -0.042744392063973 0.0184040065466462
v -0.0345942992503889 -0.0428482904047389 0.0186510081890745
v -0.0401701719044408 -0.0376351790496151 0.0173245701791815
v -0.0386474856549 -0.0406791061361396 0.0560327718548602
v -0.0405873671422457 -0.0385456064213659 0.0551955315054461
v -0.038533566283777 -0.0402299479093146 0.0457571660185493
v -0.0349631998273945 -0.0425292900885637 0.017585008943416
v -0.034195149317807 -0.0431091650195527 0.0148741925535904
v -0.0344983655798473 -0.0428723818557871 0.0152957286992134
v -0.0334695037853776 -0.0436664088132111 0.0141921282367678
v -0.0338508170289818 -0.0433777696113149 0.0145079928001465
v -0.0317669903323426 -0.044911031959437 0.0133743311083094
v -0.0400219128092166 -0.0376804934783379 0.00790652428776344
v -0.0383723618054706 -0.0398247145780067 0.0318497374985426
v -0.0362761708710042 -0.0416812315235932 0.0292014882892037
v -0.0403246522341246 -0.037791685937111 0.0310041804387231
v -0.0382095144742321 -0.0396332756452845 0.0178648359805755
v -0.0361650268410023 -0.0415417231348036 0.0193638834499445
v -0.034904098100028 -0.0425825915392513 0.0178689952671007
v -0.0349867995401501 -0.0424960903032318 0.0167150046665593
v -0.0348789002378215 -0.0425762920736997 0.0161620076858549
v -0.0360950770688775 -0.0415252126490999 0.0145588635006801
v -0.0321129841005505 -0.0470874283896614 0.0650005102530007
v -0.0364434252204258 -0.0420801691146396 0.0431119789977674
v -0.0323782620082573 -0.0445806061785386 0.0204747221512782
v -0.0340552870264583 -0.0432934960987725 0.0193883977222056
v -0.0343828145316624 -0.0430237999970123 0.018990696914702
v -0.0348212998023635 -0.042654988826969 0.0181429978130088
v -0.0349969993844318 -0.0424966900749372 0.0172950025507435
v -0.035004800141892 -0.0424856892932849 0.0169999893680217
v -0.0349444988711147 -0.0425265892532444 0.0164349969528244
v -0.0347918998129291 -0.0426435894392765 0.0158980038188844
v -0.034685498077219 -0.0427265889026062 0.0156470086653454
v -0.033054577249241 -0.0439779250215843 0.0139183566588531
v -0.0303690007181715 -0.0458645385858532 0.0131170467335646
v -0.0297747033265773 -0.0462529038036083 0.0130821659099572
v -0.0290183297387945 -0.0467310783149878 0.0130947620474973
v -0.0338716712029369 -0.0432952395345372 0.00784987193681586
v -0.0338677186701455 -0.0433503440256312 0.01344384688637
v -0.0344232488303599 -0.0445134540992755 0.055162342894919
v -0.034398233507368 -0.0452495006416518 0.0650007561221549
v -0.032083304714359 -0.0458409500489679 0.0474051263763355
v -0.0322017316864977 -0.0464441192189247 0.0577356578915791
v -0.031934159000092 -0.0453660761446131 0.0356749213708582
v -0.034304970869825 -0.0439879311507811 0.0448227514738719
v -0.0318299626361185 -0.0451462616772328 0.0274190915207768
v -0.0303743390588785 -0.0459792700702171 0.0209013125844006
v -0.0341390538995477 -0.0435357964171697 0.0313564978981801
v -0.0340119097485853 -0.0433495617147111 0.0207531391660912
v -0.0310936255211147 -0.0454981339532116 0.0208185664381407
v -0.0317182709884726 -0.0450645697907267 0.0210469714318148
v -0.0318031479980104 -0.0449921427006883 0.0206643934399398
v -0.0328388419745154 -0.0442366054405319 0.0202718707858353
v -0.0321899411433452 -0.0446127628826437 0.0135116723139955
v -0.0297301637581945 -0.0474142145621365 0.0465149980817363
v -0.0295622816973918 -0.0468404193045834 0.0326286435284769
v -0.0294409713507191 -0.0466031965565865 0.0220207771952276
v -0.0296187012158895 -0.0464698050941338 0.0209230217131297
v -0.0308304449517317 -0.0455564086661768 0.0131720478496243
v -0.0316051451041398 -0.0450220940330568 0.0130036163031247
v -0.0296996797093423 -0.0488196398553384 0.0650005102530007
v -0.0298584646117316 -0.0481047864883159 0.0577500635888413
v -0.027195878708487 -0.0504161539039936 0.0650007412209941
v -0.0272543415486021 -0.0487394492607408 0.0430146930437976
v -0.0273353125914748 -0.0491211871874159 0.049937090651607
v -0.0283644724091521 -0.0472465839584152 0.0208285632544332
v -0.0277660939622582 -0.0475956175633411 0.020730994178407
v -0.0289798027886259 -0.0468697559640862 0.0208923588493684
v -0.0274286292457242 -0.0496403994944884 0.0577312136203524
v -0.0248990958035336 -0.0509162591981658 0.0559678102440876
v -0.0247444999898568 -0.0500491345984862 0.0421350439905738
v -0.0271415583909582 -0.0482961546405263 0.0326111868185285
v -0.0270466938786741 -0.0480090167305386 0.0210286560424718
v -0.0272497892441053 -0.0478899303820529 0.0206222920725727
v -0.0142211654860749 -0.0557907193318601 0.0628329277895481
v -0.0222380484450985 -0.0516282440918147 0.0481946792857048
v -0.0223327658084239 -0.0522446231404505 0.0568390028885229
v -0.0248216581983166 -0.0504428418822384 0.0490625303448171
v -0.0221662248520556 -0.0512246200858281 0.041256970735111
v -0.0246369937056333 -0.0495973723938844 0.0317464463767458
v -0.0219326994544785 -0.0505119199364808 0.0191168166149374
v -0.0220220300483257 -0.0506757991730758 0.0274113838953215
v -0.0255129118525836 -0.0488267998629022 0.0200672852977972
v -0.0250214119785321 -0.0490744571484568 0.0198502647910208
v -0.0245381300944315 -0.049312078502494 0.0196028682678297
v -0.0217043838751001 -0.050519214054488 0.00780970585771562
v -0.0196334690339323 -0.0529729434311685 0.0516357745609632
v -0.0195023611743082 -0.0521323093693586 0.037792789836389
v -0.022093987751812 -0.0509076314263044 0.0343339994326085
v -0.0194366563702473 -0.051844512083024 0.0308421824684251
v -0.0227407986952386 -0.0501403893046677 0.0180889960060493
v -0.0229101988117553 -0.0500669899139143 0.0183189954239354
v -0.0192909006699673 -0.0515329623470399 0.0165206246110657
v -0.0223634994517125 -0.0502935918598487 0.0169999893680217
v -0.0148353587207471 -0.05585657873546 0.0649999887123706
v -0.0195856847378762 -0.0541993759858577 0.0650005475059029
v -0.0170013187507687 -0.0551603965223966 0.0649998993054055
v -0.0169218992912209 -0.0538139872748889 0.0498888593191908
v -0.0169937582745197 -0.0544745929675395 0.0580997379548906
v -0.0196991701127031 -0.0535263837036393 0.0585481883909958
v -0.0195684832108598 -0.0525072449163191 0.0447058183393072
v -0.0168082518662748 -0.0530094438235251 0.0364785447013703
v -0.0193706740320742 -0.0516473250276843 0.0239267604665437
v -0.0167401572886175 -0.0526646309722775 0.0278174684684544
v -0.0142079658519437 -0.0549828119435399 0.0542175049882195
v -0.0141581987702343 -0.0544491939396678 0.0472979758538758
v -0.0168633768464642 -0.0533551619202659 0.042972027294963
v -0.0140610972212477 -0.0536869362561789 0.0338637821257759
v -0.0166507894418694 -0.0524413519851083 0.0165581215197268
v -0.0192118742285246 -0.0515200542168587 0.0078403342625424
v -0.0114332626866598 -0.0558508231622623 0.056355553350846
v -0.014108478254651 -0.0540104404480798 0.0403658887662167
v -0.0113762163881036 -0.0551208227657112 0.0472852875154028
v -0.0112542867119525 -0.0540658802152823 0.026511243883269
v -0.0140097217455395 -0.0534179218825062 0.0265260668130353
v -0.0139465501387435 -0.0532215357645372 0.0165517345096528
v -0.0115261928420618 -0.0567132389952612 0.0650006518140289
v -0.0113357029269915 -0.0546713180869073 0.0403621187725189
v -0.0084711867427931 -0.0545818291682311 0.0269474064495994
v -0.0112948309067078 -0.0543199673515419 0.0334414124464673
v -0.0112137499677773 -0.0539095931199021 0.0195884327682458
v -0.00861352728337793 -0.0566442391721107 0.0589550198848168
v -0.00575074475605773 -0.0568650482919464 0.0571953008205749
v -0.00857189902920479 -0.0557665571003001 0.0490129392814724
v -0.0057316801183323 -0.0562904893499238 0.0507289271638782
v -0.00851781619891957 -0.0549866378164681 0.0369058094120217
v -0.00569110891522378 -0.0553855754075145 0.0373281418384282
v -0.00566807125561141 -0.0550114370726344 0.029105709215126
v -0.00564011621307285 -0.0547750152620081 0.0200118008253321
v -0.00843532523768793 -0.0543658741013899 0.0169670727036803
v -0.00267610754213841 -0.0579350633661021 0.0650003537908117
v -0.0028819980392945 -0.0572219646107146 0.0584948608615653
v -0.00862252292763625 -0.0572862929200852 0.0650003835931334
v -0.00286792086651517 -0.0563385977462182 0.0485710416308557
v 4.29765266617594e-09 -0.0560898750276962 0.0441000526227045
v -0.00571087018219709 -0.055775553675881 0.0438152430098822
v -0.00285122947141126 -0.0556232228385823 0.0377599141502399
v -0.00283717348621934 -0.0552343509813742 0.029102334102191
v 2.50622478000192e-07 -0.0549890257274194 0.00844437237580778
v -0.00280749968796294 -0.0549308366961263 0.0141982544765266
v -9.54270324528145e-07 -0.0579983150666351 0.0650001898780422
v -0.0056792601644135 -0.0576848207292211 0.0650013223662677
v 1.80245408774707e-08 -0.055602674138415 0.0358760609654472
v -0.00282610588217598 -0.0550134189269653 0.0213109380458831
v 1.21882284289033e-08 -0.0552375323791158 0.0272398342809118
v -0.00577496985188808 -0.0996007939576076 0.235796789024842
v -0.00577503504446475 -0.0996012484429992 0.239662805803206
v -0.00606011985394852 -0.099764378896285 0.23569963345603
v -0.00590630169457919 -0.099630819795778 0.239615420111669
v -0.00587136638972403 -0.099615777074372 0.235782170986037
v -0.00603187377312125 -0.0997461547771374 0.239529201994929
v -0.00607202634675528 -0.0999211614552479 0.239437679064922
v -0.00603220765224607 -0.100050928210438 0.235570812920388
v -0.0060309345343559 -0.100050332164022 0.239388579739885
v 5.23703967976296e-15 -0.0994999950582012 0.240036988853581
v -0.00577496985188808 -0.0996007939576076 0.239661986239359
v -0.000166042073085687 -0.0995028784327352 0.237151274744765
v -0.000273752971778085 -0.0995047932318443 0.237180585328178
v -2.1964599622884e-05 -0.0995003973895315 0.237036193079437
v 9.99771906736035e-15 -0.0994999950582012 0.236026788442728
v -0.00122624989905917 -0.0995213931245102 0.237262288393178
v -0.00133345990630477 -0.099523293022459 0.2372920907149
v -0.00142225987914392 -0.0995247980396576 0.237361396014063
v -0.00147979989505316 -0.0995257964174032 0.23745689755402
v -0.00149999993135054 -0.0995261987487335 0.237567791993146
v -0.00577496985188808 -0.0996007939576076 0.235796789024842
v -0.00149999993135054 -0.0995261987487335 0.238337496556248
v -0.00462585988408419 -0.0995806922922518 0.239793086652612
v -0.00148051992377945 -0.0995257964174032 0.238448092972157
v -0.00347380973107236 -0.0995605980774762 0.239896187784608
v -0.00142263985873367 -0.0995247980396576 0.238543788227205
v -0.00231880984679672 -0.0995404964121204 0.23997118532722
v -0.00116087990544558 -0.0995202978892221 0.24001809418161
v -0.00122623988734203 -0.0995213931245102 0.238644892603646
v -0.00103102479103143 -0.0995182042761884 0.238661373287558
v -0.00133411986472826 -0.099523293022459 0.238613197834495
v -0.000541510962262188 -0.0995094945479449 0.238617191345605
v -0.000160524161754571 -0.0995031392030418 0.238766873506452
v -5.90657159257421e-06 -0.0995000323111021 0.238883236671614
v -0.000274076984704915 -0.0995047932318443 0.238734090952558
v -0.00026580296988347 -0.0995045920661791 0.238640899092535
v 0.0498939241119436 -0.000500000927841922 0.215213502603467
v 0.00990693124076052 -0.0639156589867188 0.246104488236357
v -0.0107484630974835 -0.000500002208410392 0.245955014691762
v -0.00883842211512603 -0.0639157260419406 0.246298799373981
v -0.0216158989221047 -0.000500002150202734 0.242574194612186
v -0.0298405068508258 -0.0139138569928647 0.238201746980807
v -0.0287668428550215 -0.0061121006892973 0.238876605655031
v -0.0328239035612321 -0.0131966818387901 0.236131767120992
v -0.0315013175438857 -0.0637880528997846 0.237092057531504
v -0.0385239289582997 -0.06351545852233 0.23126208265285
v -0.0430108583392203 -0.000500000811426606 0.226326400943255
v -0.0452525218519194 -0.063040536189204 0.223268176095154
v -0.0463036608811607 -0.000500001218880211 0.221710945180559
v -0.0469037492362084 -0.0627849663874863 0.220734546615156
v -0.0498720976372736 -0.0629941041734526 0.215095947345437
v -0.0484599258437085 -0.000500000927841922 0.218027348413452
v -0.0502644675418814 -0.00050000098604958 0.214364330149494
v -0.0517614343886023 -0.000500000753218949 0.210610995949559
v -0.0532857038864337 -0.0610984344289614 0.205647523574959
v -0.0529932723392201 -0.000500000636803633 0.206779967096896
v -0.05427585246623 -0.000500001044257237 0.201078052794679
v -0.0548853509040592 -0.0602407757914146 0.194857443984059
v -0.055000119641324 -0.000650000082786704 0.191999997377396
v -0.0549992926269228 -0.0590528217581228 0.192808772784275
v -0.0550003804116307 -0.0209490030771277 0.1920212017293
v -0.0549929894360811 -0.0378915088105123 0.190553347977548
v -0.0549508564051 -0.000500000287557687 0.194878380115068
v -0.055000000432041 -0.00049999993831174 0.191999997377396
v -0.0397957802498342 -0.000500001509918499 0.229972819314014
v -0.0405105814627954 -0.0634356181050014 0.229210550430181
v -0.0333479848224596 -0.012875429584752 0.235737109875594
v -0.0343292970141492 -0.0118856013799039 0.234970892184133
v -0.0345107000153538 -0.011593601035019 0.234825397249488
v -0.0270540103484218 -0.00637991412257541 0.239886561634692
v -0.0276732820848167 -0.00625106518573301 0.239530900727267
v -0.0231098073056571 -0.0083057875878391 0.241909573035473
v -0.0228415994572901 -0.00859556114056944 0.242032895042757
v -0.0190124594497078 -0.0638937766326974 0.243609691181562
v -0.0186022696199277 -0.000500003081525258 0.243774408613717
v -0.0153706745255803 -0.0639616737699795 0.244813079130357
v -0.0146884779828582 -0.00050000174274913 0.245009312517733
v -0.0067097382691234 -0.000500002732279312 0.246596077533154
v -0.0016481948817359 -0.000500002033787419 0.247006097875399
v 0.00407807320499472 -0.000500002674071654 0.246864179219361
v 0.00899370524482546 -0.000500003139732916 0.246273065069175
v 0.0162392398812044 -0.000500002324825708 0.244554618495227
v 0.0130439356316458 -0.000500001917372103 0.245438361642397
v 0.0189963997241057 -0.0541545011413662 0.24361518970992
v 0.0186710999423788 -0.0564440011041827 0.243733788049211
v 0.0185432982777145 -0.0562263994591193 0.243779787932788
v 0.0223902991886601 -0.0106586016497977 0.242236191580381
v 0.0238703383171866 -0.000500001277087868 0.241557622517102
v 0.0247915839313749 -0.00717240160386743 0.241095761036222
v 0.0281963295780427 -0.0594421331995621 0.239221463220832
v 0.0295575245019397 -0.0637965093083016 0.238391587770173
v 0.0312907492465227 -0.0137418640744415 0.237231413187874
v 0.0318689254452282 -0.0135901292835581 0.236826116513622
v 0.0315726978274073 -0.00632614235401317 0.237034941381925
v 0.0342099983241281 -0.00794956137906116 0.235065797677655
v 0.0343953985616053 -0.00821287140227496 0.234917799347986
v 0.0372841263374574 -0.0636495689657712 0.23242747264145
v 0.0408333405966771 -0.000500001859164446 0.228890384087926
v 0.0389976405721447 -0.0638331661628421 0.230767051187894
v 0.043943499615811 -0.000500001917372103 0.225084866022657
v 0.0458678280170076 -0.000500001277087868 0.22236117223588
v 0.0452148777955035 -0.0630276615866336 0.223326529041085
v 0.0476374227687938 -0.000500001044257237 0.219502906065369
v 0.051750783784219 -0.00050000046218066 0.210641051591015
v 0.0507719563610231 -0.0620759170224327 0.213160152439174
v 0.05298118749815 -0.00050000098604958 0.206821302917123
v 0.0539477363651908 -0.000500000403973002 0.202736790417057
v 0.0536751792406372 -0.0609039891871321 0.204028229325379
v 0.0544990234199864 -0.000500000112934713 0.199447031331501
v 0.0546969555333451 -0.0600064475938219 0.197900693165495
v 0.0549997396617343 -0.0231550211515472 0.19121136834
v 0.0549382388475462 -0.000500004827754991 0.195054958871269
v 0.0549909964058799 -0.00549809977272634 0.192997361876129
v 0.0185934984243976 -0.0546829000138145 0.243761802231629
v 0.0184492998953776 -0.0549886010443485 0.243813300643564
v 0.0184432984530336 -0.0559929020012179 0.24381549111421
v 0.0190602586469242 -0.056911133855719 0.243591779986208
v 0.0187770993467586 -0.054405201988929 0.243695298350707
v 0.0193423506514775 -0.0538322113940366 0.243486711900978
v 0.0198328651862986 -0.0575260004365759 0.243299821541462
v 0.0202479705363599 -0.0577819464925932 0.243137324382275
v 0.02068076542644 -0.058015578060938 0.242963889771017
v 0.0198735621179479 -0.0534454890292136 0.243284175322558
v 0.0204318564434132 -0.0531134278459632 0.243064263990575
v 0.0207407798498799 -0.0638107622682073 0.242957780295064
v 0.0211112077958248 -0.0582219926598444 0.242787132200886
v 0.0210100661697296 -0.0528236710570383 0.242829183276835
v 0.0215952626776202 -0.0525711857955198 0.24258326941915
v 0.0217627498576728 -0.0584961628350094 0.242512012067914
v 0.0223101998636698 -0.0103941013963984 0.242271805354838
v 0.0222685995491724 -0.0101193016472073 0.24229019338734
v 0.0232627155629205 -0.00816043794417956 0.24183819647495
v 0.0227874747174913 -0.0521572725382891 0.242057541562821
v 0.0260680955608191 -0.0594595787330798 0.240430766930488
v 0.0267508201634122 -0.0594925289239753 0.24005634546154
v 0.0258920551147071 -0.00671675625000223 0.240524405825338
v 0.0264449626706942 -0.00653975188507795 0.240225324625701
v 0.0268326852759078 -0.00050000226661805 0.240017170309637
v 0.0276060405985914 -0.0515149542947178 0.239569628844344
v 0.0271100256729441 -0.0136352406839706 0.239855358603849
v 0.0270080737962531 -0.051503193553886 0.239912161829051
v 0.0274639431331853 -0.0594924730446238 0.239653149850969
v 0.0279533661580085 -0.0137951459673561 0.239367285981015
v 0.0287922530587635 -0.0593648036277579 0.238860586907105
v 0.0293792153541595 -0.0592488129953417 0.238495493564855
v 0.0281242731543688 -0.00618102833495218 0.239265764372071
v 0.0295866115670061 -0.000500002732279312 0.238370726144968
v 0.0286807271865269 -0.00611892402376864 0.238930145526003
v 0.0300505331184799 -0.00609492384232781 0.238065267248483
v 0.0315364544800673 -0.058327083093441 0.23706098861111
v 0.0310227909925922 -0.0586429131877449 0.23741603857094
v 0.0320032221531742 -0.0579504450889068 0.236729855014461
v 0.032317997990381 -0.0576208016189284 0.2365027017183
v 0.0330604967352029 -0.0561816997032623 0.23595429429514
v 0.0329667982387187 -0.0565076029819847 0.236024493663956
v 0.0325130988832671 -0.0573730996298926 0.236360291323953
v 0.0321417470653786 -0.00650243565419045 0.236630434469198
v 0.0326882210453706 -0.00673461994733309 0.236231932724298
v 0.0328412000831459 -0.0568161017053805 0.236118192163448
v 0.0331181977534934 -0.055843599824767 0.235910887213553
v 0.0329428297222436 -0.013131358876964 0.236042866795297
v 0.0331378970875189 -0.0554996996695928 0.235896090360818
v 0.032688899048168 -0.0571046999290857 0.236230993951164
v 0.0326656979414527 -0.063727196560783 0.236248696530267
v 0.0305007940311732 -0.0588908871229577 0.237768138100919
v 0.0299342127978902 -0.059097495436949 0.238140622418956
v 0.0258284383357447 -0.0638511593140038 0.240564281331801
v 0.0251631592666692 -0.0593617786922003 0.240906933525795
v 0.0234650658703327 -0.0639253968950287 0.241739625295856
v 0.0243593347962938 -0.0592274782589643 0.241311887473347
v 0.0235755840515985 -0.0590574075902304 0.241691628656723
v 0.0226613289442745 -0.0588054997486767 0.242115328264639
v 0.0194412552408703 -0.0572436532496511 0.243449414295344
v 0.0188202996733521 -0.0566454014626205 0.243679696835286
v 0.0183574994341971 -0.0554904013455142 0.243845993790492
v 0.0183787000601311 -0.0557459003667201 0.243838498506579
v 0.0183820993873433 -0.0552353009303486 0.243837202105585
v 0.0224233983911594 -0.00925917127968208 0.242221394727646
v 0.0221812955131373 -0.0523529247741094 0.242329100318348
v 0.0226425981856739 -0.0111411012229782 0.242123002362482
v 0.0225032984131296 -0.0109081010913046 0.242185691546223
v 0.0225668984282865 -0.00897434118690859 0.242156991910406
v 0.0228753002941398 -0.0114479440549265 0.242017323329657
v 0.0227457998971919 -0.00871166166904347 0.242076093508092
v 0.0229483997990405 -0.00847143168061688 0.241983691409595
v 0.0236580265840589 -0.0121532029373079 0.241651842557225
v 0.0239900076735722 -0.0518480436580346 0.241492370333693
v 0.0245417715655 -0.0126999227864462 0.241221124502544
v 0.0237452225866812 -0.00778285278463856 0.241610372626549
v 0.0242653569030524 -0.00745220488331818 0.241357961862729
v 0.0240967763503568 -0.0124461513685221 0.241440529195058
v 0.0245996588482953 -0.0517287039898224 0.241192350360922
v 0.0252055176777011 -0.0516339028074699 0.24088470099379
v 0.0249967151678434 -0.0129239365870867 0.240991646625288
v 0.0254609868965862 -0.013122104325044 0.240751946551682
v 0.0259313178096695 -0.0132960260124142 0.240503469694328
v 0.0258056935770661 -0.0515645192794396 0.240570465313558
v 0.0253384658306324 -0.00692690358958442 0.240815842729453
v 0.0264034685269645 -0.0134470120199883 0.240247959489048
v 0.0264005162345637 -0.0515207433955263 0.240249777430673
v 0.0270014241534325 -0.00639239896666951 0.239916065933196
v 0.0275638088474228 -0.0062724371750114 0.239594707498073
v 0.0287930968369702 -0.0516352737142251 0.23886101904077
v 0.0282006136616526 -0.0515578063066873 0.23921986879662
v 0.0301180074353362 -0.0139005763336739 0.23802054886474
v 0.0295537079422368 -0.013918801384144 0.238385508096542
v 0.0292682669018876 -0.00608517894909902 0.238566020759209
v 0.0307145921550491 -0.0138417931186106 0.237624148183521
v 0.0310146940745694 -0.0523536288539374 0.237421522198136
v 0.0307294691010458 -0.00615984214451731 0.237614373021997
v 0.0311426987675439 -0.00622889132776155 0.23733329242468
v 0.032512197363064 -0.0536264002921256 0.236361692033074
v 0.0324135926595239 -0.0133909622365327 0.236433828552801
v 0.0328410995003133 -0.0541829996105975 0.236118698802917
v 0.0329656992781405 -0.0544912003107856 0.236025596349859
v 0.0331999753216718 -0.00702543611562893 0.235849449727324
v 0.0337885972338053 -0.00748690176960722 0.23539739321029
v 0.0335572976970603 -0.0072865412327674 0.235576505163837
v 0.033788898982303 -0.0125132010023076 0.23539669285573
v 0.0340067986505741 -0.00770781147227557 0.235226491796378
v 0.0334681999338442 -0.0637053961631437 0.235646093585057
v 0.0343963969393509 -0.0117867014471238 0.234916592353956
v 0.0345598999216462 -0.011501101150623 0.234785104510521
v 0.033004107019026 -0.000499999705481109 0.236018950432115
v 0.0345593001499408 -0.008498561105738 0.234785998580173
v 0.0348076987682245 -0.0108686018404211 0.234584087850509
v 0.0346985999224851 -0.0111947016281961 0.234672988176204
v 0.0348064992248137 -0.00912988136162462 0.234585190536413
v 0.0346978995679472 -0.00880473152282406 0.234673792838891
v 0.0354867222951077 -0.0636496956256344 0.234029064311927
v 0.0348818990963484 -0.00947085157613861 0.234523395422323
v 0.0366004610991152 -0.000500002906902285 0.23308184221949
v 0.0349211003240243 -0.00982221162472919 0.234491194013703
v 0.0349211971815668 -0.01017660126549 0.234491104606738
v 0.0348828974740941 -0.0105273010064112 0.234522605660797
v 0.0342109967018737 -0.0120506009974952 0.235064396968535
v 0.0340071003990719 -0.012292301544187 0.235225597726726
v 0.033449290361319 -0.0128016669782144 0.235659683443762
v 0.0330589991685844 -0.0548162020693049 0.23595550128917
v 0.0331174973989555 -0.0551543019478002 0.235911393853022
v 0.0326876995047572 -0.05389470313539 0.23623248406725
v 0.0320082289430626 -0.0530547359005072 0.236726934386933
v 0.032317297635843 -0.0533791006344201 0.236503789503043
v 0.031532311957481 -0.0526707106457135 0.237063790029352
v 0.0304914808059342 -0.0521055617864723 0.237774098565263
v 0.0299300404729832 -0.0519016952859912 0.238142678779155
v 0.0293737466282992 -0.0517506720255161 0.238498801622566
v 0.0287856555700043 -0.0138920966420938 0.238866577173771
v 0.0233918955849202 -0.0519893178343295 0.241778055389716
v 0.0232517874244251 -0.0118274635713497 0.241843545991699
v 0.022318898416043 -0.00956607092230435 0.242267901250692
v 0.0202254939985681 -0.000500004303886071 0.243165666390233
v 0.0222719988763846 -0.00984044133181195 0.242288792678219
v -0.0304451959391416 -0.0138736192032197 0.237805167485658
v -0.0302989987919853 -0.00611332165312613 0.23790180151384
v -0.0309849383199309 -0.000500003023317601 0.237447465119195
v -0.0316779000197067 -0.00635494164041964 0.236961091228699
v -0.0310696346528991 -0.0137857833820234 0.237384090482054
v -0.0325473976291772 -0.00666848161263729 0.236335689507372
v -0.0316726436353818 -0.0136478899064902 0.236965248652579
v -0.032266551734161 -0.0134512160098612 0.236540952998229
v -0.0321216975540841 -0.00649628147495254 0.236645201519611
v -0.0329573993318075 -0.00687897167890828 0.236031705825812
v -0.0336579736618936 -0.000500000171142371 0.235507885318073
v -0.0340285990482135 -0.00773065122585162 0.235209400164871
v -0.03349648606154 -0.0637455175374732 0.235620269873285
v -0.0342485997800985 -0.007998621586975 0.235035205594408
v -0.0341302994678231 -0.0121501016333033 0.235129202117118
v -0.0336948987373211 -0.0125983015292512 0.23547009597413
v -0.033918598682271 -0.0123861015548263 0.235295797095542
v -0.0345968995028756 -0.00857082148904464 0.234755689618982
v -0.0344380978366809 -0.00827950194092464 0.234883690590776
v -0.0347808990312769 -0.0109594011298885 0.234606201173226
v -0.0346606988210526 -0.011287201512592 0.234704101800082
v -0.0348309967324823 -0.00922035096291848 0.234565297486664
v -0.034728797124 -0.00888492118609916 0.234648699284001
v -0.0348969976971059 -0.00956585113018871 0.234511191371578
v -0.0348663981642607 -0.0106185016958863 0.234536299827628
v -0.0354085396318716 -0.0636460969954021 0.234094793332484
v -0.0349149982988477 -0.010269101149886 0.234496394518843
v -0.0349251981431295 -0.0099166812562632 0.234488005165279
v -0.0367000790815613 -0.000500003372563547 0.232996607579367
v -0.0337076988340895 -0.00741302135077027 0.235460499626536
v -0.0333506968336491 -0.00712912164919816 0.235734591579409
v -0.0312219990178087 -0.00624497154245915 0.237278903187538
v -0.0307579973725978 -0.00616534160402092 0.237595493251186
v -0.0298381990336116 -0.0060871114433361 0.238202596346976
v -0.0292883369022776 -0.00608484553563546 0.238553384574799
v -0.0282815250998837 -0.0138394731942035 0.239170903582031
v -0.0282768703499093 -0.00616108359744166 0.239173392075895
v -0.0274998009130004 -0.0638958925974716 0.239622378953791
v -0.0277919698272622 -0.0137683639255364 0.239461476218816
v -0.0265676550999923 -0.0065057171691034 0.240157867070484
v -0.0281954820745459 -0.00050000226661805 0.2392302698069
v -0.0270412065263633 -0.013619297373684 0.239895159604508
v -0.0259779938319222 -0.00668741726219316 0.2404780483139
v -0.0244953320991684 -0.000500003081525258 0.241262356014646
v -0.0252487384933901 -0.00696458024228867 0.240861335973561
v -0.0250376095398677 -0.0129439339443198 0.240970084645523
v -0.0245244117136545 -0.00730726129627906 0.241229603263074
v -0.0239575641221297 -0.0123581982006878 0.241508120860723
v -0.0239612037305531 -0.00764025706168218 0.241506288017937
v -0.0235181344903894 -0.00795137000740257 0.241718674263686
v -0.0231105020722599 -0.0116967431418955 0.241909111099486
v -0.0235155007102918 -0.0120470219250358 0.241719851455394
v -0.0250610341639888 -0.0638588408621809 0.240966001727447
v -0.0226731995811641 -0.00881438095549416 0.24210929329449
v -0.022672299923606 -0.0111858009788352 0.242109799933959
v -0.0228402993310467 -0.0114048014703295 0.242033401682226
v -0.0225248995077488 -0.0109492012856067 0.24217628891372
v -0.022526698822865 -0.00905117156983999 0.242175305437103
v -0.0224037996399665 -0.0106946009906364 0.242230499336932
v -0.0223185985301903 -0.00957422092571097 0.242268392989001
v -0.0224063998924532 -0.0093048908337027 0.242229188034776
v -0.022270998635994 -0.0101425018226001 0.242289299317688
v -0.0223166986322416 -0.010423901854518 0.242269197651687
v -0.0222710992188265 -0.00985628126529839 0.242289299317688
v -0.024398627293577 -0.0126227608526963 0.24129236695262
v -0.0257937186320538 -0.0132475832713337 0.240576992022015
v -0.0263304062749647 -0.0134249974181685 0.24028796910596
v -0.0287685024717591 -0.0138880826420158 0.238875637079575
v -0.0292680769120928 -0.0139144670091178 0.238566050561531
v -0.0504457476085129 -0.0160535304446493 0.11323300495968
v -0.0452827637569153 -0.0152645838515931 0.122891468043071
v -0.050366637348043 -0.0185412102526159 0.118106221002946
v -0.0505850846339582 -0.0296151193494626 0.143153828162987
v -0.0504030818610481 -0.0296718108141372 0.148736175550457
v -0.0516612799643824 -0.0328938235310362 0.144751634938606
v -0.0507846260726382 -0.030474715137859 0.15163170952428
v -0.0517033459401418 -0.0336014684617237 0.151370551779034
v -0.0524156884616398 -0.0350869874919808 0.158448141251918
v -0.0531753421673519 -0.0358658301669752 0.165421944139407
v -0.0549971915633089 -0.0577299414428588 0.186052824868571
v -0.0549164906039682 -0.0526541554565287 0.180029403119622
v -0.0518822343705319 -0.0316365940031268 0.159800391797713
v -0.0522774243197421 -0.0351175460466349 0.156198781217662
v -0.0518902325683671 -0.0288307837342222 0.132808980357446
v -0.0405233964607242 -0.0131529972244842 0.148137506511714
v -0.0404096000241743 -0.0129205977958385 0.148390096089465
v -0.0416499241856299 -0.0149307727133203 0.146487724487013
v -0.0402626969345449 -0.0126705973028137 0.148619097129574
v -0.0528866061079132 -0.0262904134231436 0.123377506657447
v -0.0504358010839577 -0.0227353485958288 0.126676973849305
v -0.0389144660201805 -0.0137411488187431 0.131603595653096
v -0.0423883325619268 -0.0144840890104413 0.126466599260272
v -0.0419600583113777 -0.0135131517516679 0.123936739773972
v -0.0450753060767822 -0.0195284084026566 0.142791223314601
v -0.0413735523640185 -0.012873614437153 0.150052812321794
v -0.0513329179941969 -0.0240880573088881 0.126007613703438
v -0.0481035869449052 -0.00491286461495098 0.101552916283468
v -0.045781989882625 -0.00704617480559106 0.107127038230143
v -0.033247103966671 -4.85857209157874e-05 0.106539917591067
v -0.0314370749161873 -0.00184466249042583 0.108985987849847
v -0.0335040558510142 -0.00308832392973051 0.109756154348936
v -0.00941426535090916 -0.00713610982775622 0.12048364161364
v -0.0129993969945854 -0.000186491456436923 0.111330804720577
v -0.0540418260171351 -0.00704354707908989 0.0912173519011433
v -0.0549317531174898 -0.00340039893161808 0.0837485324498594
v -0.054912899424316 -0.00844798470475526 0.0881360004513859
v -0.0267245214779824 -0.000801591508209061 0.10920763516707
v -0.0427634320216515 -0.00402412401949168 0.106142280113497
v -0.0443761622580928 -0.00539893487868811 0.10645479470965
v -0.0389385872735494 -0.00227179808277419 0.106526893976475
v -0.0367308127248499 -0.00176658972324755 0.107006011001631
v -0.0524914422357336 -0.00475044476075093 0.0936430299212851
v -0.0532460518986562 -0.00624356198581923 0.0931066775372622
v -0.0513378204759627 -0.00424767914378916 0.0956522577482702
v -0.050792646622214 -0.00139577423071745 0.0939603724935567
v -0.049068578640686 -0.00200802635641917 0.0971743070220729
v -0.0498218881773652 -0.00448349792308131 0.0985521130587433
v -0.0535764180749131 -0.00482073213729069 0.0907376164778109
v -0.0530793414415886 -0.0026150693624141 0.0902482176516603
v -0.0549182973696645 -0.00115330511011278 0.0822359975672662
v -0.0549182973696645 -0.00228076532169553 0.0829649996094778
v -0.054918196786832 -0.00550566490558795 0.0853830035317762
v -0.0549183979524971 -0.0044583349854694 0.084538003402844
v -0.0545604012996013 -0.00424007070443018 0.0864263083094438
v -0.0542996458940705 -0.00169121453175974 0.0856484304596089
v -0.0549168966605886 -0.00651852471645203 0.0862650032431259
v -0.0549148961798073 -0.00749986484781735 0.0871850009146705
v -0.0542778454964311 -0.00590390307341889 0.0891486162882607
v -0.0539205268463326 -0.0033735945380578 0.0883410925788933
v -0.0549104966122044 -0.0093635948863515 0.0891199986088276
v -0.0511141019045623 0.00114944419617465 0.0913612598621563
v -0.0549112304943532 -0.0111705719929244 0.0911894420268511
v -0.054908298691048 -0.0102579951287885 0.0901230031969472
v -0.0518040256302651 -0.00273127792430091 0.0932920479783703
v -0.0546086475316292 -0.00796024085444268 0.0895530337940223
v -0.0485588695486473 0.000378349047737396 0.0956852936218985
v -0.0549019955002063 -0.0128543947342273 0.0932074987916462
v -0.0542697616169237 -0.0109402009847358 0.0944290363543696
v -0.0477189805448565 -0.000890073143368015 0.0978326850123848
v -0.0548985347057075 -0.0142159575305213 0.094870498146031
v -0.0546733818976202 -0.0125829272570267 0.0942997687839023
v -0.053678055164591 -0.00898213542511109 0.0945684888682852
v -0.0451111619939522 -0.00300173608071625 0.10283190527189
v -0.0458251287419319 -0.00102204800605422 0.100015705078489
v -0.0438197454788356 -0.000422197487496024 0.1012363336704
v -0.0548980690444455 -0.0158028631246974 0.0968476512242633
v -0.0527964764393405 -0.00827214821827595 0.0964888312707357
v -0.051732544763911 -0.00762589932799253 0.0983874999347142
v -0.0522899636462038 -0.0108623535976083 0.100837109219198
v -0.0394650638963084 -0.000411263178988897 0.104216208214696
v -0.0417849175228237 -0.000689261497180679 0.10304587104069
v -0.0548981845284385 -0.0174706121705603 0.0989778913785988
v -0.0518804797588969 -0.0131925160331407 0.104991917945625
v -0.0511108981550801 -0.0105204287775073 0.103189533132549
v -0.0507349940326947 -0.00632743037306372 0.0989727802804236
v -0.0499998005817503 -0.00927019161910735 0.103825760547241
v -0.0434262952401 -0.00210203125801375 0.10333323247731
v -0.0549023233257347 -0.019083985019543 0.101091710453666
v -0.046677303752458 -0.00385361725898601 0.10212249825621
v -0.0472687755115146 -0.00794045025080987 0.10647418857051
v -0.0412656642375602 -0.00212672550756551 0.104982716478794
v -0.0344269927469059 -0.00122304894354453 0.107318749115197
v -0.0542704545208815 -0.0169058749558747 0.101804224361385
v -0.052770656453688 -0.0146143707869867 0.104430837085154
v -0.0531796635038628 -0.011737723195592 0.0993743367632999
v -0.0489341329211362 -0.00757651082888901 0.103521635304653
v -0.023962719923622 -0.000646890920748332 0.109746900728042
v -0.0211826327828275 -0.00048875718742623 0.110222910861159
v -0.0292890782350066 -0.00386413282160333 0.112031971394301
v -0.0269662685908004 -0.00272373979979249 0.111227338510141
v -0.0168849388255375 -0.00246775555955166 0.112932642260209
v -0.0147558414723342 -0.0012805185281879 0.112052430688163
v -0.010910880157716 -0.00231693020511286 0.113515709783531
v -0.00456740589153306 -0.00237470479788281 0.114007671609349
v -0.0549010455512319 -0.02111063410115 0.103819099728336
v -0.054678362610478 -0.0194497153746774 0.1030034548863
v -0.0538408577923484 -0.0135628154565773 0.0993272416443994
v -0.0435493452972474 -0.00836228347478374 0.111244109766689
v -0.0382110939972326 -0.00402251050321903 0.108976555415022
v -0.0376333089539872 -0.00560118879421901 0.111344945922234
v -0.0328357388078658 -0.00472692607305496 0.112101693925969
v -0.0133549424065984 -0.00332647590477566 0.114351731963044
v -0.0180040662616683 -0.000361948661818374 0.110723768680011
v -0.0467396539327879 -0.0107962138659287 0.111349997415766
v -0.0352995003907737 -0.00512445131349385 0.111735192424017
v -0.0359224583017183 -0.00351741983957636 0.109378998516969
v -0.0403840817870195 -0.00474551759893825 0.10866509135071
v -0.0232841564700657 -0.00457281454709059 0.114402693933188
v -0.00333882431012 -0.00426511582974282 0.116188814129185
v -0.0524881304528386 -0.0172758037129467 0.10934543365213
v -0.0534011655276563 -0.0173394800965506 0.106150609862418
v -0.0484385240521093 -0.0100074749577954 0.107617122509693
v -0.0418463736335306 -0.00692235920132907 0.11057797572215
v -0.0495456877190982 -0.0121886229955367 0.108869110594635
v -0.0348983499774106 -0.0065959697722492 0.114110355508841
v -0.0324104075364922 -0.00621707563890087 0.114476052348106
v -0.0146641825721774 -0.00436873244544528 0.115495738785809
v -0.0188499660210283 -0.00437710782890268 0.114914027268126
v -0.0211820479122825 -0.00267445118502966 0.112432723214491
v -0.00838217652389418 -0.00419246149700857 0.115859654936351
v -0.00778429819719565 -0.00232020147547805 0.113777888258296
v -0.054904752214877 -0.0234520161791278 0.107094464292501
v -0.0287122096131247 -0.00543773843164627 0.114406687444299
v -0.0396203861415538 -0.00689744772079861 0.112107199904907
v -0.00769199202788466 -0.00581064788645604 0.118198310177066
v -0.0506898621431867 -0.0133445674736822 0.108194602097691
v -0.0465361227084154 -0.013364631886137 0.116200258220726
v -0.0370843017767301 -0.00838566712071374 0.116128605988727
v -0.0451546175029172 -0.00987495241925748 0.111907591404596
v -0.0432493365099794 -0.0103122940258993 0.114784744796498
v -0.0372546704686716 -0.00705494227583103 0.113718946716511
v -0.0269122500217693 -0.00700905648073989 0.117569041604496
v -0.0296840632932616 -0.00659924104261439 0.116023828476135
v -0.0241671508055525 -0.00616396417800808 0.116674614324988
v -0.020021273595528 -0.00594677557448396 0.117084806030583
v -0.0140323873418035 -0.00581159830109168 0.117662486784254
v -0.0492850068193693 -0.0148737916073407 0.113854279059449
v -0.0413261331463917 -0.0102034410493062 0.116479818899635
v -0.0392790266342248 -0.00955711905020465 0.116928202280517
v -0.0414142250812821 -0.00892328049821342 0.114052620961086
v -0.0393553541029933 -0.00828286401523591 0.114501093748932
v -0.00140000941989487 -0.00701575594931554 0.1206325191118
v -0.0549083508451093 -0.0253569563080219 0.109862131404978
v -0.0514091933089041 -0.0185843044084417 0.11504497121919
v -0.0480916771924696 -0.0124759909421878 0.111994107544554
v -0.0492452691499197 -0.0173307722309522 0.118712623744176
v -0.0515779713019748 -0.0159673998749942 0.110054870470132
v -0.034797118944353 -0.00911946265654978 0.118979384325905
v -0.0432231104677065 -0.0115556645433306 0.117224735381646
v -0.0296490343904928 -0.00785559000507744 0.118464862142544
v -0.0322402362849257 -0.00755206594094303 0.116889690230272
v -0.0323317666625743 -0.00873125948891383 0.119352911725203
v -0.0347296502154319 -0.00792736889463922 0.116520707685037
v -0.0228712285520653 -0.00703918942100058 0.118593719931087
v -0.0258561656699262 -0.0080771590840927 0.120166045721634
v -0.0201221637645418 -0.00780635796815794 0.12076303837978
v -0.0449709383494642 -0.01299714040011 0.117939350353047
v -0.0393877604015348 -0.0107219986366444 0.119391878260854
v -0.0350949931403962 -0.010174496476586 0.121481669214032
v -0.0326788519407802 -0.00975738133251821 0.121864353376679
v -0.0158271874063765 -0.00714573318339564 0.119905036987997
v -0.0115892331323819 -0.00792369575860497 0.122160335134856
v -5.78662163980798e-07 -0.00806426958036197 0.123035606972077
v -0.0479621339546856 -0.0150023858274728 0.116859783600425
v -0.0413998268350626 -0.0113879016918109 0.118935507857751
v -0.0433293259389119 -0.012719537370122 0.119685036249048
v -0.0449571212484997 -0.0117786864854831 0.11549384633838
v -0.037373786619478 -0.0106759335619674 0.121072483336795
v -0.0371270271288364 -0.00959122221838471 0.11857992890671
v -0.0261314944103108 -0.00880957626259337 0.122051936640175
v -0.0145545957134354 -0.00841131760566691 0.123192627954648
v -0.00575672803761251 -0.0084358346711085 0.123964530438977
v -0.0549130298094694 -0.0311612171846091 0.118904245222265
v -0.0466049250911908 -0.0151214284037999 0.11986060172631
v -0.0299012551564145 -0.00893976025027378 0.120958899238134
v -0.0126931958438561 -0.00878591228858368 0.124688905670742
v -0.0538777381642947 -0.0213183115733989 0.110068817956697
v -0.0543085865902999 -0.0248717782512627 0.113308673054531
v -0.0523123936178694 -0.019916512850105 0.114368339306824
v -0.0513507025291132 -0.0213442135154335 0.120471415211154
v -0.0396668144320151 -0.0117866809580282 0.121891339378997
v -0.0450862286273424 -0.0141551049168099 0.120405663838856
v -0.0264277965339337 -0.00924818074257757 0.1233354928344
v -0.0267968610237036 -0.00964083935716784 0.124632840053003
v -0.020641634979276 -0.00875407316545921 0.123310876116658
v -0.0214848916453132 -0.00946921244849655 0.125926089452369
v -0.0127488162876283 -0.00909201844441559 0.125991103217205
v -0.0416193581803956 -0.0124869004542327 0.12142398682034
v -0.0383836382585899 -0.0125364794087924 0.12615790681188
v -0.0378028841591383 -0.0116514939057494 0.12360138169822
v -0.0435471175737702 -0.0138178534731338 0.12217390264182
v -0.031203190028116 -0.0106266256222622 0.126087632937261
v -0.0272364601561433 -0.0099908108038753 0.125942823456016
v -0.0304291324882494 -0.00985750781706236 0.123500485938031
v -0.0142713712206932 -0.00937055186560501 0.127294597164662
v -0.013647162543599 -0.00960760604422511 0.129563134992947
v -0.0549125417964669 -0.0283106363793357 0.114339051075152
v -0.0549132421510048 -0.0297505764852733 0.116613594071263
v -0.0549139425055428 -0.0268533904382591 0.112101485309717
v -0.0536200561230928 -0.0261929039548916 0.119489689480744
v -0.0493300157743042 -0.0193890657892761 0.122982454531287
v -0.0531210721412394 -0.0211307879205672 0.113230255695501
v -0.0469232138769578 -0.0173808121901611 0.124809664678358
v -0.046742310064626 -0.0162644917601174 0.122330320127376
v -0.0362822170168293 -0.0119294713273921 0.126599502713989
v -0.0406199522547118 -0.013677032850908 0.126969215416106
v -0.0332612414425838 -0.0106417046652467 0.124417570432628
v -0.0340469796295451 -0.0114065076531933 0.127010893963034
v -0.0256710280654007 -0.0102971358205003 0.12894691238671
v -0.0163650019495414 -0.00960325676803851 0.12850443731611
v -0.0442104501787707 -0.0158736082462576 0.127196800845933
v -0.0400882341487884 -0.0127652206025642 0.124421370228647
v -0.0438519208093912 -0.0148631382089899 0.124677588239068
v -0.0356022584421322 -0.011104496522499 0.124021996765837
v -0.0277453962504871 -0.0103022124595781 0.127263587848911
v -0.0308217594378739 -0.0109243759524097 0.128231179828245
v -0.0212987798774277 -0.00989952350140545 0.128751438958538
v -0.0540053889547101 -0.0323228036146043 0.127554935346061
v -0.0393267215233186 -0.0140970239189296 0.132919383058264
v -0.0480855975190336 -0.0173588143521467 0.121732276937389
v -0.0428674234946699 -0.0154210506922204 0.129010033704116
v -0.037097001290666 -0.0126742844086858 0.129201349708408
v -0.0235481733670751 -0.0102343274294887 0.13061259395005
v -0.0521268927975596 -0.026125731386533 0.126583394559099
v -0.0522112966952553 -0.0229923191066224 0.120341469637868
v -0.0483281139042563 -0.0196401875946197 0.126684051900713
v -0.044123200159442 -0.0168791012959577 0.131295961187125
v -0.0426334231226056 -0.0158808446222683 0.13186558786335
v -0.0454587278345804 -0.0171083929013411 0.128035751103556
v -0.0455358934936204 -0.0163382767183956 0.125385296522409
v -0.0390712374032731 -0.0133538834928887 0.128737595780098
v -0.0295982978020359 -0.01104627210095 0.131283354805037
v -0.0336868819130354 -0.011656250169879 0.129174974653684
v -0.0289315006772465 -0.0108257936006102 0.129935082869193
v -0.0243542963414395 -0.0103814428606536 0.132032585173117
v -0.0173049690091051 -0.00983185267549657 0.131502893607999
v -0.0477226313291502 -0.0185224981204658 0.125657913260357
v -0.0494545894751007 -0.0214411995804271 0.127323401108606
v -0.0503884973503239 -0.0206349313197489 0.122351256258385
v -0.0370008813556196 -0.0130088173219147 0.132081207661006
v -0.0412161812092205 -0.0145448419726427 0.129533824409533
v -0.0248614517471177 -0.0103938024418682 0.135315757945573
v -0.0222230392513034 -0.0101681709340037 0.133849886048215
v -0.0196278308073726 -0.00995569621943429 0.133064714080139
v -0.0545232787837987 -0.0334550049563256 0.125893694328658
v -0.0549116141992331 -0.0325491149879113 0.121220831843745
v -0.0461021264122795 -0.0184418400019612 0.130413380330502
v -0.0344205591709109 -0.0120961957542976 0.131188911247501
v -0.032133033611845 -0.0116640965621428 0.136015471756112
v -0.0277462847321749 -0.0108323668749839 0.1330352991886
v -0.0471003812233238 -0.0208911511845883 0.134722930161887
v -0.0472265567988613 -0.0190341182863235 0.128552553164529
v -0.0410368904475 -0.0149523002334602 0.132405605932945
v -0.0361167917848447 -0.0128726458617281 0.135225710230491
v -0.0322069880708226 -0.0115862976037866 0.131600019374489
v -0.0306798724513582 -0.0113594563079635 0.134876650537327
v -0.0549049310288016 -0.0355539563307528 0.126472187195595
v -0.0549092709917629 -0.033889835717443 0.123522822778162
v -0.0479621078776549 -0.0204966243370151 0.130188030074804
v -0.0445287128875071 -0.0178279252327237 0.133895125972588
v -0.0485908250870873 -0.0219319339073639 0.13169662360035
v -0.0376180762427863 -0.0134906426175879 0.13856294441455
v -0.0349263976865402 -0.0123122979700976 0.139299002156429
v -0.0416986509800802 -0.0157449609407417 0.135042515358869
v -0.0384697520644395 -0.0139211101326808 0.136111226615804
v -0.0349709819584042 -0.0123641912611291 0.132529777306398
v -0.0527462111000808 -0.0302884320066292 0.131209281134398
v -0.0459591497784108 -0.0194608241897424 0.134580773087276
v -0.0458126490201117 -0.0189589251683891 0.133282911778623
v -0.0443294694720347 -0.0173552771892009 0.132589903490471
v -0.0341368746048418 -0.0122128262052877 0.135668632335917
v -0.0366820002487274 -0.0131151957745617 0.136615794823711
v -0.029334182184839 -0.010915596374977 0.138095420492543
v -0.0495728339080247 -0.0238220101287765 0.132491794247364
v -0.0423426679559351 -0.0165237197967089 0.13770691742658
v -0.043672522014258 -0.0176163231673591 0.137111198817688
v -0.0420205234949192 -0.0161366360787467 0.13637497716304
v -0.0351846906753178 -0.0120271838239543 0.14202968458765
v -0.0360008644823601 -0.0123362795250879 0.142213088075524
v -0.040139624525657 -0.0147995065288671 0.135583576509724
v -0.0332047138906734 -0.0118189391762884 0.138203588019231
v -0.0322543216067771 -0.0113712496450836 0.14011056408039
v -0.0487227413346621 -0.0230726289105031 0.13420641122297
v -0.0365026200800447 -0.0128250459675317 0.140490782100913
v -0.0365528891445945 -0.0125700358906509 0.142377507484462
v -0.0394202970852297 -0.0145026511996651 0.138859015579693
v -0.0335074235132606 -0.0114625220463931 0.141788285781705
v -0.0479685377283599 -0.0229151497222923 0.137437578944022
v -0.0512974457819067 -0.0266108815036165 0.131196451234897
v -0.0504669482344469 -0.0251890928736697 0.131846693191379
v -0.0429328284128781 -0.0171369248981832 0.139514502744797
v -0.0450890747489755 -0.0190035206161234 0.136983778991168
v -0.0377098971930623 -0.0130741980257373 0.142843794610117
v -0.0371694283807044 -0.0128301505462852 0.142596316130542
v -0.0380788983529006 -0.0135185971944652 0.141504493173111
v -0.0343638677062362 -0.011736359739417 0.141892117070583
v -0.054899764051439 -0.0371550226839048 0.129424986330606
v -0.0541804515121721 -0.0374016331629426 0.135505017589665
v -0.0467686478656018 -0.0216864950320611 0.140188154424992
v -0.0473296989057379 -0.0217169530038827 0.136513721871814
v -0.0447497753270693 -0.0191256598398424 0.14149512034293
v -0.0402778029858825 -0.0149802920632384 0.1406975953125
v -0.0453090456785397 -0.019474723247089 0.1382705687373
v -0.0384159961283602 -0.0134007979337075 0.143254098074419
v -0.0395280250242139 -0.0142494795534464 0.142574456127559
v -0.0387487986443396 -0.0135543972322837 0.143495303165272
v -0.0405113973013263 -0.0151982979022773 0.13905389296143
v -0.0414760984244797 -0.015846497447587 0.141689088753855
v -0.0380682999025786 -0.0132386975231332 0.143038090846581
v -0.049565908593737 -0.0252854232876064 0.136231911117615
v -0.048616071378065 -0.0243731407213881 0.138821628567093
v -0.040679199268392 -0.0137296972769893 0.14723430244846
v -0.0432933657136192 -0.0175218535358251 0.140822452139353
v -0.0401160993187033 -0.0140825977330344 0.145103391741885
v -0.0455397044653882 -0.019939078794859 0.139558580378624
v -0.0407777965213519 -0.015000597688227 0.143625107177531
v -0.0396433972584742 -0.0139427978402948 0.14438229476551
v -0.0393648982962182 -0.0138293972158175 0.144058492540006
v -0.0425450406150878 -0.016695513412112 0.142754730371653
v -0.0390670986059769 -0.0137004975218976 0.143763389950319
v -0.0548956774082041 -0.0384041571564364 0.131806221638481
v -0.0527121954762179 -0.0326874908885119 0.135959353984311
v -0.0533520922812271 -0.0324346256474036 0.131694299019255
v -0.0531426266697324 -0.035382678668028 0.138804939266929
v -0.0499581332120312 -0.0273120351163125 0.139871176931161
v -0.0483026776234836 -0.0243909438827549 0.141293641746931
v -0.0505149970260998 -0.0272514395476176 0.136320692234024
v -0.0517372013765305 -0.0301372411080997 0.136327278547124
v -0.0430349199879477 -0.0170075437105184 0.14407258903818
v -0.046968312238855 -0.0221565074328412 0.141471218880909
v -0.0403088979823104 -0.0141068978003279 0.145500001039356
v -0.0398941986888696 -0.0140278974359158 0.144730803115722
v -0.0414205990526356 -0.0152270971886837 0.144972693659975
v -0.0404433995812116 -0.0140945978237548 0.14584889681975
v -0.0548903018145962 -0.0408206895115125 0.136633840129513
v -0.0548923022953775 -0.0396201514482778 0.134197396020649
v -0.0463174668062549 -0.0212582543091229 0.143420573843556
v -0.0474271450440583 -0.023076445470206 0.144024279474669
v -0.0445010339820969 -0.0186059949100232 0.14473855171937
v -0.0421852483723659 -0.0148111890386069 0.148051005272917
v -0.0430911979454217 -0.0167166972742405 0.145673390947132
v -0.0405474990876427 -0.0140519972688667 0.14619649619915
v -0.040622299187472 -0.0139769969346948 0.146546494665448
v -0.0406670995261615 -0.0138693975182189 0.146895196730751
v -0.0507798986795069 -0.0293519313294994 0.140404742798103
v -0.0520554529093965 -0.0319962856630162 0.138590258242408
v -0.0518773393393463 -0.0326573830939593 0.141722854784365
v -0.049047806423113 -0.026137423209498 0.14330345071919
v -0.0457929087078952 -0.0203101474907003 0.145372938840696
v -0.0446384897360438 -0.0178978470651728 0.148018490939919
v -0.0476848792393215 -0.023525916621399 0.145294871658946
v -0.0440878881346259 -0.0176067454465234 0.146703225075381
v -0.0406077966331299 -0.0133701974695398 0.147856202396984
v -0.040659596791909 -0.0135628974129594 0.147554796616253
v -0.0461824958208017 -0.0206944912577972 0.146662634313197
v -0.0465876695474681 -0.0210750445422219 0.147953208954188
v -0.0430487892429736 -0.0151625584004227 0.149325635671788
v -0.0437874546642871 -0.0153450491863353 0.150667276591049
v -0.0548898622303649 -0.0419741883367103 0.13904420720687
v -0.0548930548039768 -0.0431453077840601 0.141578984076254
v -0.0495179752860771 -0.0274056442058344 0.1464282986575
v -0.0451993656875454 -0.0181875442494562 0.149335902571621
v -0.0470034305485861 -0.0214499372483463 0.149244692565992
v -0.0479648683176158 -0.0239793701077043 0.146565046610719
v -0.0435808500755858 -0.0129294919259417 0.15363703324712
v -0.0528562226418936 -0.0361888426205834 0.143254410998797
v -0.0481727097026288 -0.0241614157214504 0.148339074514678
v -0.0493237088581724 -0.0269110709674541 0.145170953605228
v -0.0504586445628238 -0.0297808183902692 0.146146741223036
v -0.0457627785616021 -0.0184745461863554 0.150653478116092
v -0.0442168800294757 -0.0124492126256582 0.155267473565024
v -0.0445178238645577 -0.0155305127537441 0.15201168912623
v -0.0520201185328399 -0.0343342926281673 0.146620613039569
v -0.0541941233268229 -0.0397419200056322 0.140233558262134
v -0.0494100126538169 -0.0268471636158643 0.149660598866777
v -0.0491435091256686 -0.0263819233116966 0.148394879362101
v -0.0479131724669593 -0.0228206558763727 0.150752377120725
v -0.0452406940558659 -0.0157460952915758 0.153337743431231
v -0.0468540501410432 -0.0196998164505347 0.152212944204816
v -0.0473779265113154 -0.0212634082479701 0.151481014084495
v -0.0456500848109205 -0.0130353581512007 0.157173957887874
v -0.0534354270206654 -0.0388135814391019 0.145079326367095
v -0.0512775564580864 -0.0322557558434639 0.149348508953709
v -0.0498834672226453 -0.027824504648312 0.151072617968784
v -0.0488012890763276 -0.0247842786374975 0.151310395792639
v -0.0487082983849615 -0.0235764706706412 0.153342690616637
v -0.047888999059529 -0.0203091025468285 0.154853802438368
v -0.0463399489319818 -0.0181324937750686 0.15294718400507
v -0.0459375356452762 -0.0159047665726171 0.15472608458863
v -0.046758600758214 -0.0153580700065419 0.157142248217562
v -0.0488880436320736 -0.0209415413210663 0.157495495136928
v -0.0499058524908297 -0.0272350091556511 0.153127815877024
v -0.0482894267666136 -0.0219484052775215 0.154096361530653
v -0.0465876807233384 -0.0129352996532008 0.159047108313878
v -0.0548986203873797 -0.0452627626743921 0.146397438353357
v -0.0540707640705976 -0.0426123044530537 0.149210986140125
v -0.0533325680358362 -0.039170378548587 0.147674259222874
v -0.0548910431473252 -0.0442760227350333 0.144108515737015
v -0.0532263115864397 -0.0393763908161631 0.150610726685582
v -0.0523907848973508 -0.0359712148984893 0.149128478412439
v -0.0525004797895055 -0.0365631709452584 0.151475441050333
v -0.0514096738713264 -0.0321867038662521 0.153823580879936
v -0.0495008389516374 -0.0243350105146147 0.155939977855832
v -0.0494956756995649 -0.025602255484946 0.153882529872301
v -0.0475059945342215 -0.0186638691543032 0.155616309740775
v -0.0471325081251081 -0.0170120904270801 0.156380441269716
v -0.0497154342875937 -0.0207664079830925 0.160444941510746
v -0.0481904271823234 -0.0167228142005775 0.159312185064431
v -0.0532693386870437 -0.0398338899675121 0.153318997770868
v -0.0503347749418555 -0.0272277727796404 0.15607584664056
v -0.0524616697172897 -0.0362785811336961 0.154171642195322
v -0.0514106051938503 -0.0312461910516894 0.156473558623935
v -0.0505995536606894 -0.0293192009307196 0.153650101565195
v -0.0501367645974047 -0.0242379126909182 0.158898186112236
v -0.0491827103533445 -0.022644511122138 0.156715255453097
v -0.0486146930207297 -0.0192304541128763 0.158282514848951
v -0.049349260622938 -0.0173003608252568 0.161934521155033
v -0.0511559294617555 -0.0277089405616117 0.160099100468328
v -0.0506183812768325 -0.0214851673167802 0.163048487237502
v -0.0549111485379711 -0.047300902413299 0.15137481351104
v -0.0549049794575728 -0.0462949474276271 0.148872863899033
v -0.0540394604579244 -0.0431337407583133 0.151819940988274
v -0.0531467729176088 -0.0390104108665924 0.157991361066892
v -0.0511122690618353 -0.0289808868480437 0.158253740707329
v -0.0511001506931543 -0.0186107427922501 0.166440781210941
v -0.0502951080529176 -0.017442966792761 0.164577927487092
v -0.0504569793581511 -0.0127662804475964 0.16776126248178
v -0.0549186438216434 -0.0482775430912087 0.153896343248419
v -0.0542692363510202 -0.0448388656397053 0.154431220417517
v -0.0534860723395149 -0.0409567818092845 0.155792605374919
v -0.0543415665835162 -0.0457681467046298 0.157298203767131
v -0.0537015319427734 -0.0420777737531082 0.158270251193562
v -0.0514372596444842 -0.0222583065726383 0.165650483243529
v -0.0508997598883325 -0.0250326921569416 0.161484878626059
v -0.05132758337878 -0.0129686931536176 0.170112948787668
v -0.0539053686409337 -0.0425743735493005 0.164016883879523
v -0.0516046704560898 -0.0258629512858353 0.164065729884824
v -0.0523421586857331 -0.0189487830661039 0.1707744411206
v -0.0523507529299836 -0.0338546354513298 0.160293337100148
v -0.0519454301917134 -0.0303630495672438 0.161901053147739
v -0.0549269437679764 -0.0492107841395048 0.156396191796745
v -0.0530261741013444 -0.0378261932992664 0.16000721991046
v -0.0523683213980744 -0.0294841996169883 0.165369104622995
v -0.0528117948322136 -0.0276496209047746 0.169201042446471
v -0.0522432708601458 -0.0267342444851319 0.166636910290191
v -0.052164905657695 -0.0230901973785939 0.168241362983554
v -0.0530914523596893 -0.0132211569947181 0.176100205419208
v -0.0536703624405436 -0.0414681076772247 0.161529298986585
v -0.0541635312445579 -0.0449303699403232 0.15996463239272
v -0.0529714980186114 -0.0366118642120978 0.162055101348718
v -0.0529136368128467 -0.0231562300081832 0.171744625901923
v -0.0549314774460227 -0.0501495162654019 0.159011911771925
v -0.054941580432762 -0.0509939948265904 0.161464002099693
v -0.0541200645597226 -0.0436911410141557 0.16650290415057
v -0.0544806875421359 -0.0473483849608573 0.162755783734714
v -0.0536415100687533 -0.039958091139299 0.165056582576262
v -0.052838974548751 -0.0335757155312929 0.164973061569637
v -0.0529579379626635 -0.0322430079007568 0.167122345407553
v -0.0533189856281476 -0.0267638232884908 0.172587480263692
v -0.0537372351230495 -0.0384633035872841 0.168663572475383
v -0.0534430750412317 -0.0308294111837302 0.171573784092655
v -0.0549454323827208 -0.0518559040201363 0.164068128971723
v -0.0544483408482359 -0.0469567042349172 0.166391234851079
v -0.0541594222495825 -0.0415899172127702 0.171050678840637
v -0.0534945734515131 -0.0344565491985243 0.169833879847067
v -0.054430925117039 -0.0155840433097727 0.182676758259309
v -0.0535661772524404 -0.0234028870533472 0.175169821638543
v -0.0536154963680158 -0.0160367182104479 0.177513982858196
v -0.0547181934121801 -0.049905319774346 0.168055262385564
v -0.0539735675267136 -0.0267184399419013 0.177052926040003
v -0.0547475822257441 -0.0182472327100127 0.185399602679917
v -0.0547338359052914 -0.0119919034641041 0.186364020711988
v -0.0549607321491434 -0.0528493383057969 0.167215045529268
v -0.0547582067530968 -0.0502120266332058 0.171953763694604
v -0.0549740537865252 -0.0538068309926153 0.170428585177021
v -0.0543982394217403 -0.0454165165725073 0.170080449355831
v -0.0545354008777698 -0.0351304131986251 0.180325831912626
v -0.0540124334782809 -0.0361003371784925 0.173671405605866
v -0.0546398803637906 -0.0394937151024335 0.180461730499676
v -0.0542896583913242 -0.0390049384154419 0.175302948609674
v -0.0541671298747903 -0.0327562969965774 0.176779594046333
v -0.0543473817613554 -0.0277997091174358 0.179955180437374
v -0.0546196371374112 -0.0283003620292521 0.182787458983344
v -0.0548984639251956 -0.0197264112965271 0.187629054763264
v -0.054550883183407 -0.0438808178846627 0.176053952215896
v -0.054977242634847 -0.0545389920574219 0.173008959598639
v -0.0549780957262789 -0.0552445098474649 0.175616543539989
v -0.0547132313257727 -0.0485499214018377 0.174767192272085
v -0.0547521978601726 -0.0309153722526859 0.18433691149197
v -0.0549650013315929 -0.0228629416442477 0.189248363914005
v -0.054987647370084 -0.0559156171328949 0.178224425504556
v -0.0549396358313321 -0.0486985381249111 0.185659016989342
v -0.0547759428592419 -0.0478933911765517 0.178521420541672
v -0.0548314645828265 -0.0440605668570649 0.183021541319306
v -0.0549930378648523 -0.0565480521818426 0.180810879599805
v -0.054963406907432 -0.0300442392408634 0.189186017456963
v -0.0549846932150382 -0.055079583804353 0.186721067427373
v -0.0549949787409921 -0.0571553862261263 0.183429579807157
v -0.0549996390789017 -0.0584332911140662 0.189464088019786
v -0.0494493666183867 0.0187301029495577 0.0806530397984451
v -0.035325972302193 0.0281067493897591 0.0880385319581956
v -0.0363426002439887 0.0293246677939348 0.0864666308507331
v -0.0127501713619005 0.0117950609980982 0.104163152631451
v -0.0104778040082336 0.00809468564266992 0.106357788152446
v -0.010419670856292 0.00469346086080377 0.108217989469662
v -0.00372889151978753 0.00148260096395909 0.110828985776849
v -0.0460493986562665 0.0183158935317645 0.0860365013919062
v -0.0465073262159765 0.0201763499716272 0.0840275715881383
v -0.0463371773161507 0.0255172797552207 0.0785022360421217
v -0.0517619335774751 0.0119120555961952 0.0827768426512887
v -0.0539088592377533 0.00616985665561677 0.0818085652185552
v -0.0534571864401137 0.01264950377897 0.075317306623221
v -0.0537169173908682 0.011553400498275 0.0757936892853597
v -0.0540446088088365 0.00981223436653069 0.0765623135143001
v -0.0544114679268698 0.00758138350833404 0.0776015800773744
v -0.0548778854227076 0.00186781761309153 0.0805114713196872
v -0.0547439351667406 0.00443686613864853 0.0791437831712413
v -0.0546387366997313 0.00585540445298696 0.0784382579079659
v -0.0523259946520084 0.0167130278634964 0.0736705346330135
v -0.0530193456445991 0.0115691445055414 0.0793354344516523
v -0.052420643097467 0.0146731037106338 0.0773049203163775
v -0.0385022291434929 0.0255111982191396 0.0876349712691835
v -0.0346741508435878 0.033369282305936 0.0842034872426803
v -0.0318933335459345 0.0327148717707144 0.0866469870512115
v -0.0289443082245951 0.0398960352568867 0.0807100218375767
v -0.021022670688768 0.0451798749697653 0.0785720628819153
v -0.0212877474308096 0.0440131588153084 0.080113967952565
v -0.0121978402945557 0.0499206679695398 0.0761561600232982
v -0.00737831934220735 0.0529615999228274 0.0713488443639387
v -0.00497719292432158 0.0531459421779175 0.0717537461574283
v -0.0539375476967794 0.00376160631891509 0.0835321601435804
v -0.0544740080969945 0.00363186657207858 0.0815279838101271
v -0.0530239501031573 0.0143278289234143 0.0746134204876403
v -0.0532324657656776 0.00871550803106717 0.0818276610561983
v -0.0545039519787828 0.000101572617421009 0.0836346056244983
v -0.0517854960373297 0.018307105572429 0.0730689971208051
v -0.0511873299319713 0.0199246954497999 0.0724822117578489
v -0.053736121261311 0.00911420068428976 0.0793887731569534
v -0.0526947052392192 0.000974658125086984 0.0884421149989489
v -0.0532712758378934 0.0016097616458963 0.0866629536450739
v -0.0534740396525062 -0.000896234249317197 0.0878235678116179
v -0.0539512679402014 0.000594901354250888 0.0853693689695886
v -0.0502504120223508 0.0221933039857604 0.0717036633557752
v -0.0511539923109058 0.0157835363196815 0.0801001396752862
v -0.0523682021887914 0.0125053108378851 0.0804964882024417
v -0.0526181393518845 0.00661450681576485 0.0851276274369442
v -0.0533222787845921 0.00578813549274715 0.0839981566965992
v -0.0512363212220183 0.0188960143318999 0.0747954679698765
v -0.0518858404513444 0.0084502701702289 0.0853611435287935
v -0.0525611163363914 0.0096189663163716 0.0829430278477886
v -0.0501003983154916 0.0148544694589374 0.0833866652089357
v -0.0509025575811942 0.0141480333848859 0.082502326015331
v -0.0518040032785245 0.0036345457541492 0.0884542668956309
v -0.0510475384211343 0.011193003827235 0.0848283003681533
v -0.0522729092681462 -0.000795891290493892 0.0906745473144677
v -0.0518532218112674 0.000731354015631986 0.0903475338887974
v -0.0494736815868406 0.0238759690931661 0.0711570440719192
v -0.049487066554154 0.0225015736038153 0.0747268630252734
v -0.0507871220170023 0.0185136133035878 0.0773240608575032
v -0.0492412532871967 0.00607268106648958 0.0905944312230997
v -0.0510615008084126 0.00848297262933301 0.0867006535820516
v -0.0498557771413648 0.0102258859221321 0.0872882659594357
v -0.0506127709899486 0.0048337920730433 0.0896065066097712
v -0.0462784741948244 0.0296213405839222 0.06947994821936
v -0.047401336234276 0.0277836177268679 0.0699818938229554
v -0.0460121681070512 0.0294941144765777 0.0713952912823418
v -0.04771405198606 0.0253224508085115 0.0752743763787811
v -0.0475417051650778 0.0222153185875803 0.0803575497785758
v -0.0501789721341877 0.00221146049041848 0.0920308509760159
v -0.0486650738439824 0.0254953042689468 0.0706531687679923
v -0.0481877039952635 0.0256662112653071 0.0726549758168687
v -0.0490793596302226 0.0214603140439075 0.0779085141887847
v -0.0480372693306235 0.0147205909148047 0.0864220391268572
v -0.0488553244091641 0.00314938562534855 0.0931093001415736
v -0.0495866286572487 -0.000347224714650023 0.094944087528942
v -0.045131498352584 0.0313372296910454 0.069041541165675
v -0.0459758055504282 0.0287849626660465 0.0735413043154484
v -0.0477442007588036 0.0232435079671877 0.0786075574470857
v -0.0498558106689757 0.0127963519205705 0.0855072568616139
v -0.048912377226978 0.0174140846186499 0.0830371435797853
v -0.0481295708433219 0.0125181053467184 0.0878205503265436
v -0.047912770135629 0.00719632541686129 0.0913714597067655
v -0.0445155924157904 0.0322341826885204 0.068827366780623
v -0.0452111636812782 0.0252331369784698 0.0808976051010726
v -0.0472974229923497 0.0210563659376826 0.0820778887999529
v -0.048124627383365 0.0165112642892743 0.0849708746752692
v -0.0459343952257256 0.00987291096028509 0.0915546024243249
v -0.0469687182954754 0.00559432029060527 0.0934022495135162
v -0.0474368531500474 0.00248667700643904 0.0952329912357108
v -0.0463521045535637 0.000401409932205212 0.098158469092284
v -0.0436869984915694 0.0333193038140136 0.0685650020413472
v -0.0442986277953333 0.031466836258761 0.0725044815427553
v -0.0450537440977089 0.0240941891363854 0.0823293980435416
v -0.0454513480349011 0.028364820723776 0.0759875384869976
v -0.0457531971154762 0.0161488550302602 0.0878357271588803
v -0.0410375609997172 0.0360092463850752 0.0703440814388376
v -0.0413185968845284 0.0362196023409027 0.0679289981440678
v -0.0420250012936141 0.03073918279497 0.0790705290644497
v -0.0442103905741292 0.0231870511957891 0.084217486883309
v -0.0460592781256 0.00310263276898767 0.0961296685905083
v -0.0425787246881321 0.0347310732762484 0.0682452454810162
v -0.0428974269810997 0.0337545071041406 0.0708826540958288
v -0.0408203728618544 0.0354026164206196 0.0728958977856659
v -0.0435469164081051 0.031566998133561 0.0746108798397135
v -0.0445281056652215 0.0273850694286365 0.0793963727489924
v -0.0435740663223217 0.0218321650506689 0.085963478253108
v -0.0429093888875967 0.0264813345405424 0.0827601533511246
v -0.044998561375523 0.0064673289859909 0.0945571490848701
v -0.0401818618647608 0.0374827960582551 0.0676759242785888
v -0.0394198090722272 0.0379874760086648 0.0690278917023265
v -0.0437165512178977 0.029709333798625 0.0776156765755487
v -0.0406242959429632 0.0337345060216174 0.0767977891088026
v -0.042177343306783 0.0209183066867401 0.0878520439300229
v -0.0426844037175637 0.0121710079613197 0.0926674434691493
v -0.0425519100500241 0.00899104538769721 0.0946901791984547
v -0.0389631816387605 0.0377393046330769 0.0714758544085356
v -0.0396704801174692 0.0357015038955688 0.0748635662750102
v -0.042119232506582 0.0328318570555862 0.0754862261827388
v -0.0427218019048334 0.0285067859413837 0.0808333438448605
v -0.0415239870286585 0.0257872496658028 0.0848825703960082
v -0.0440780012147122 0.010439042364789 0.0927006879590297
v -0.0442068776255691 0.00240026121926106 0.0983117722352198
v -0.0435656955954769 0.00549736216528741 0.0963652112402347
v -0.043140703325502 0.00190494280644632 0.0995764784609568
v -0.038220850531993 0.0394716241321667 0.0672968536474514
v -0.0369184965651557 0.0406858004824414 0.0670810028818025
v -0.0408556029302883 0.0288658424393118 0.0827958714337079
v -0.040691787023625 0.0308290200282702 0.0808158573325904
v -0.0386609078751144 0.0286084993995086 0.0851990636021108
v -0.0388587505815109 0.0304088818112898 0.0833627786480759
v -0.038801895204072 0.00614841993942297 0.0988574303942003
v -0.0408503390953833 0.00790121735816819 0.0964732074035732
v -0.0386847348305658 0.00844560238173913 0.0973326095044774
v -0.0406010054292856 0.0130920160882645 0.0934872010315835
v -0.0378402041153159 0.0380271056447016 0.0734584389599016
v -0.0394461170708822 0.0332252737667109 0.07939459951085
v -0.0412654481707346 0.0187102713677339 0.0898910368258274
v -0.0427509932780224 0.0185122088692218 0.0889067406451685
v -0.0393795647633245 0.0114738329584458 0.0951174848872985
v -0.0419882140539201 0.0045038626870501 0.0982010044559611
v -0.0417088210220412 0.000720243803583158 0.101695274523751
v -0.0375392751813943 0.0397077143919745 0.0692059307722911
v -0.036751394952628 0.0320069474432697 0.0838185977082267
v -0.04056220280765 0.0247078487232514 0.086583895536127
v -0.037807276276161 0.00194793381830256 0.102800344613187
v -0.0353738832581123 0.042036884969019 0.0668547287541316
v -0.0342250037926331 0.0415105163796728 0.07189018863685
v -0.0372948700740931 0.0348617452769313 0.0799077656885736
v -0.0379967259039721 0.0361437107310754 0.0770108906102726
v -0.0400477178937087 0.0028562353299772 0.100777869654196
v -0.0375121997729796 -6.05356402732027e-05 0.104868476729054
v -0.0326833483659256 0.0435373871160405 0.0690057783796091
v -0.0349808241748368 0.0420350372251316 0.0683190360295988
v -0.0360593291851202 0.040580795730517 0.0705503060545704
v -0.0353533531843955 0.03565829425575 0.0810193103324031
v -0.0380355993061196 0.0327744875881141 0.0817147996638387
v -0.0373127663677123 0.0206947110499128 0.0912857705812356
v -0.0392171905439281 0.0215298074679957 0.0896441394915251
v -0.0342614818332491 0.00712129481470733 0.100314957641476
v -0.0388241947905842 0.00462242423529353 0.0999929882587569
v -0.0359442549740675 0.0390168742449082 0.074742851970877
v -0.0339612234515447 0.039901969644009 0.0758905989850178
v -0.0355218182530982 0.0343842897465402 0.0824109520969327
v -0.0361096243267008 0.0369727740418484 0.0782660973459609
v -0.0369138287766659 0.0244574626627017 0.0893788541247206
v -0.0371897423875956 0.0120899381982595 0.0959223114865501
v -0.0334635358706445 0.00271362936247306 0.103963395119532
v -0.035453373498172 0.0038382450822372 0.102244628170625
v -0.0299176985868965 0.0460435015220452 0.0662700072019545
v -0.0314096195281828 0.0450515536271327 0.0663996324002825
v -0.0299135206740543 0.0455282529236344 0.0683128445972611
v -0.0333585869980716 0.0363361331403828 0.0819903593810567
v -0.0335057843856186 0.035054763732654 0.0833610724651573
v -0.034672601122908 0.0217241316378969 0.0921625995897665
v -0.0363811830735087 0.0154380547788617 0.0945383661716051
v -0.0310995282432712 0.0440217791365896 0.0706925823384691
v -0.0319351052237763 0.0406610347538859 0.0769289565772796
v -0.0340985935238195 0.0377369614256068 0.079390583647998
v -0.0306071790030779 0.0315303412790204 0.088260417693993
v -0.0333137009777099 0.0309111980651338 0.0872503797579471
v -0.0347779299750707 0.0319406074772475 0.0854452978347547
v -0.0338149275842009 0.027619861424846 0.0892458910663599
v -0.0318102744779633 0.0297265334629963 0.0889508480813164
v -0.034797271681247 0.0250619412721271 0.0902629250974299
v -0.0353987719212409 0.00849186117150109 0.0989229507985051
v -0.0320780781323549 0.01651226639231 0.0959724389916858
v -0.0354559104207271 0.0101169556457696 0.0979012005500227
v -0.033963417647411 0.0127673347046934 0.0970698945879214
v -0.0311421455619647 0.00160544077504668 0.105697882793146
v -0.0356099623420499 0.000797355504124431 0.104855169992406
v -0.0323186871690487 0.042315383931275 0.0731133876790094
v -0.0319713820987272 0.0384873540601412 0.0803025719455799
v -0.0306487141249987 0.0283784888131367 0.0904011184632528
v -0.0326431860134051 0.0339574348315175 0.0850699301420912
v -0.0296413062761895 0.0264904838530172 0.0919720882481614
v -0.0304387903028222 0.0117077113272594 0.099084099402634
v -0.0302878527240193 0.00776737606693645 0.101423715768224
v -0.0342864375515994 0.00555856076531646 0.101404709337546
v -0.0311190729777577 0.00457323597053266 0.103310284689584
v -0.0283200092092162 0.0470404450309759 0.0661481604095959
v -0.0259988088903313 0.0483583707104127 0.0660018384605235
v -0.0279330633269875 0.0464033459188285 0.0691977351338177
v -0.0317034629603426 0.0360546651219206 0.0835486259263316
v -0.0326467362148661 0.0256029446636137 0.0910777429250387
v -0.0290314259961255 0.00323018949582816 0.105019291378126
v -0.0261623360870122 0.0457531784890258 0.0731988905400285
v -0.0290669838900879 0.0448150982888955 0.0717818422962313
v -0.0302547069553938 0.043106564767066 0.0741566626543552
v -0.0281836300641068 0.0438094077988203 0.075042871943648
v -0.0276982862319383 0.0412713155026352 0.0796713289691955
v -0.0290385990422046 0.038742540156979 0.0821363907574924
v -0.0293780865912605 -0.0004042313155837 0.10809780415674
v -0.0236449005244071 0.0489055636713932 0.0681801721115372
v -0.0299488699517713 0.041253694880483 0.0778904539818215
v -0.0258629680496407 0.0439172288700569 0.0769553912366466
v -0.026233610199766 0.0427517048084306 0.0785383192031461
v -0.0272551387606826 0.0322051142499045 0.0893548558051543
v -0.028147938059701 0.0248573539280125 0.0934630387992477
v -0.0317566675534878 0.0225939607981859 0.0931177938032643
v -0.0309567620882929 0.00930965361708991 0.100242508197371
v -0.0262214135999931 0.0107280019416335 0.101134253267923
v -0.0260521755335956 0.00835883385615522 0.102532093915371
v -0.0242977892786246 0.0453740966941889 0.0757277665497116
v -0.0281068667363971 0.036349588888208 0.0853783841719094
v -0.0261031877935195 0.0292473978267722 0.0917940938816794
v -0.0297762139317111 0.00623041264310433 0.102603433222992
v -0.0259941671788722 0.00511199720304304 0.104607393489613
v -0.0256810043922767 0.0467582207786243 0.0714338405854886
v -0.0294430388867221 0.0346709396435254 0.0862744729308529
v -0.0272296428752684 0.0337099638104676 0.0882077867938327
v -0.0247594253646248 0.0254441877009002 0.0944178530331435
v -0.0284621066746223 0.0216510302703511 0.0949535199637669
v -0.0285505785891024 0.0156482878001161 0.09779798020874
v -0.0215829133409533 0.0504734041621826 0.0657972604230658
v -0.0238464536197387 0.0494530956337723 0.0658927843147639
v -0.0278861935896499 0.0377241389770978 0.0840424131443557
v -0.0237581176783471 0.00229295773051713 0.107314174458813
v -0.0192633204847446 0.0514052407761127 0.0657162577126266
v -0.0240970054556977 0.0480533625838364 0.0700646325186349
v -0.021197228469422 0.048068155710806 0.0731909780236115
v -0.0232001008869939 0.034438492717431 0.0893374214469472
v -0.0226252178447329 0.0314192158754691 0.0916869172821883
v -0.0231903015113975 0.0329133067982361 0.0904696936055341
v -0.0272504150928414 0.0306541847135041 0.0904393175891194
v -0.0255033974616794 0.0217702153390243 0.0959831901792468
v -0.0215641434668067 0.0113637785757969 0.102254008451387
v -0.0224973826524578 0.016049309690971 0.099673216797265
v -0.0266861919681889 0.00149153979754346 0.107155663360156
v -0.0195674550307935 0.0465635147664883 0.0773830843556728
v -0.0243889247755231 0.0396968886989568 0.0837920140372511
v -0.0233615735861872 0.038646628838178 0.0855027939639361
v -0.0253657070144564 0.0355320106467997 0.0875204483973879
v -0.0213126528577437 0.0362320671615625 0.0886357779360761
v -0.0235081339491278 0.0372823270223413 0.0867826695714294
v -0.0214309028786029 0.0299548900205658 0.0929897928314702
v -0.0249140938214584 0.0146418736724399 0.0995699070490172
v -0.024843263018226 0.00370048082770416 0.105950427667414
v -0.0213332872395831 0.00567011690553514 0.105566946292662
v -0.0201897964062272 0.00743524782846433 0.104782422525083
v -0.0248444793254422 0.00687920590652304 0.1038108519358
v -0.0169334234761316 0.0522276618946452 0.06564637871877
v -0.0196665253955955 0.0492951470590095 0.071836678568199
v -0.0188939561091221 0.0380504483124406 0.0880044306515657
v -0.0196492605386475 0.0406796984572648 0.0851462538880202
v -0.0248731975867891 0.0277968089790963 0.0930978933029347
v -0.0156181986320141 0.0526359313373811 0.065614751004843
v -0.0199341222963868 0.0506740222097002 0.0675595685640074
v -0.0154066505833559 0.0517442049219102 0.0692500829119216
v -0.0215906731202224 0.0470626291334951 0.0748988894768307
v -0.0236613737572098 0.0416706144468208 0.0817935001449249
v -0.0193440680102115 0.0420297845660968 0.0837872456657757
v -0.0180164230489154 0.0435274368661952 0.0826960858100037
v -0.0197063245323317 0.0349579359924895 0.0902003923758776
v -0.0201929200619723 0.0150024901355955 0.100852345656179
v -0.0222332223317797 0.0218637890382903 0.0970222779283908
v -0.0214171342064096 0.00898391052584164 0.103574236402491
v -0.0178071045863794 0.00124370090409663 0.109446716842501
v -0.0227858355898492 0.000938650984422135 0.108648118928489
v -0.0192255479058204 0.050170213977173 0.06998889736856
v -0.0164581118501905 0.0461344656555993 0.0800770875794346
v -0.0190795705507798 0.0334840063397197 0.0914521345916658
v -0.016756466608656 0.0101139763450156 0.104142387863791
v -0.0148475832601957 0.0524941095434421 0.0671895503880929
v -0.0119136667841616 0.0536027223482781 0.0655430391682005
v -0.0137749995985192 0.0531488032007109 0.0655750021582469
v -0.015090139692287 0.0474597301565244 0.0788523984211892
v -0.0170194050341828 0.0481069434312813 0.076513787883957
v -0.0187835906647502 0.0394921951840745 0.0867321918890135
v -0.0167413251670625 0.0300275182762693 0.094254096725864
v -0.0179146648873093 0.0320211147215033 0.092743417037798
v -0.0159999179322386 0.0136168153991578 0.102608410210719
v -0.0201562632074317 0.00417378149548551 0.106840548511433
v -0.0166403847066324 0.0368786843899042 0.0897218117925119
v -0.0150638605646302 0.0414647921690396 0.0862920339489273
v -0.0165718561326791 0.0263568558346434 0.0963193156647835
v -0.0201950602411322 0.0277069829216665 0.0946536639037654
v -0.0185127788386064 0.0208135925074432 0.0985896937864342
v -0.0199900985053631 0.024370840354754 0.0964579262631104
v -0.0154227829521149 0.0191514537484642 0.100154606249453
v -0.0190167789235736 0.00269112255669931 0.108129275408478
v -0.00970482028323704 0.0540630713465502 0.0655173868197786
v -0.016700970962102 0.0491126413719366 0.0748047811954144
v -0.0125546830388445 0.048902516384095 0.0778534096959216
v -0.0135794870610775 0.0442529967169524 0.083938932032758
v -0.0166871929766835 0.0449622546982514 0.0815798249487618
v -0.0140372050732197 0.0401960254177042 0.0877948458240588
v -0.0160910720555876 0.0347453858407956 0.0914337689109049
v -0.0101983318139401 0.0519135044555942 0.0728127120551605
v -0.0147558377470441 0.0511645348818763 0.0715526996950946
v -0.0151923402320919 0.050285303089386 0.0733999817058448
v -0.0120103427187547 0.0468433622837589 0.0813150238696853
v -0.0135045873097382 0.0454481144830981 0.082502534631583
v -0.0138119349184944 0.0331908856138385 0.0929916182236756
v -0.0165748754803015 0.00608026436014041 0.106404987579473
v -0.00642028602266382 0.0545535914693065 0.0654923901224347
v -0.015078426448904 0.022319483286588 0.0987214796530869
v -0.0154024903656417 0.00784045880803168 0.105637674652688
v -0.015353574512719 0.00451226088790934 0.107597870209861
v -0.00756002455757099 0.0504698539607215 0.0771696550286638
v -0.0105688063260111 0.0458263357359229 0.0831714551932039
v -0.0148634883862589 0.0428110710313939 0.0850087906790795
v -0.0142517016889885 0.0282234906681296 0.0958273538389648
v -0.00913409280207768 0.00307944726192462 0.109362607240023
v -0.0141460655003929 0.00296123169999882 0.108813037526316
v -0.010296751184298 0.0532745540931776 0.0685204401197931
v -0.00735375105402695 0.0541569114040581 0.0669030606693835
v -0.00496022236529113 0.0543562814793937 0.0673312529772985
v -0.00680557601344501 0.0536638022046853 0.0692949130543713
v -0.0105874756173252 0.0481299545482017 0.0800253060454434
v -0.0101943979075992 0.0446018664091141 0.0846969540857459
v -0.0105366263388429 0.0404225007037753 0.088536409544876
v -0.0131659258437609 0.0364932696019048 0.0909257287325174
v -0.0141776382652756 0.0386612207994825 0.089037915564226
v -0.00997412988614978 0.0190854788608714 0.101283019007377
v -0.00874490708917902 0.0168006429612545 0.102567834349696
v -0.0121113371958911 0.0185859621625342 0.101135184590477
v -0.00815010492077693 -0.00020556680437138 0.11185330647558
v -0.0108470938780543 0.0525515013626547 0.0705872311311834
v -0.00915849158955873 0.0493238317927455 0.0786257815668184
v -0.0106549452775689 0.0510353827995524 0.074667928934069
v -0.00858536129628772 0.0471916135777647 0.0820204671765759
v -0.00880523723095454 0.0319333841397522 0.0946091466856938
v -0.0107733433787094 0.0350805092125046 0.0923631468632113
v -0.0117249910853678 0.0266550746200205 0.097156686399355
v -0.0127720080811183 0.0241588489965745 0.0982841976370469
v -0.00890933208077302 0.023656786062457 0.099177753198644
v -0.0116794000538555 0.00633629516650744 0.107108925869116
v -0.0115165108131034 0.0102674275633105 0.105119173859376
v -0.012873850993074 0.00144306574074309 0.110074197275768
v -0.00717105817112671 0.0514032887241026 0.0753788707693173
v -0.00666034138811717 0.0448764202891589 0.0852288733744128
v -0.00799032257196455 0.043430426586816 0.0864246915334904
v -0.0109197174771452 0.0432396693821814 0.0859199147093315
v -0.00810854185918045 0.0384614372169462 0.0905059928333909
v -0.0106132527621416 0.0382585057642792 0.0902045945032404
v -0.0119179545930616 0.0309412481176898 0.0947317981407389
v -0.00662912392277741 0.00643528357492739 0.107658219911347
v -0.00320296181618077 0.0524495848762196 0.0740684701338007
v -0.0066926838910658 0.0522757963679703 0.0735214783209232
v -0.00675000073881525 0.0495233024509138 0.0790530052992774
v -0.00707978670113976 0.0484345864204783 0.0806728583423899
v -0.0104329636226755 0.0419588811197075 0.087264848785143
v -0.00583250602609191 0.0225523772474939 0.100103517619442
v -0.0085419998508976 0.00150839103087553 0.110494380209721
v -0.00384606749294604 0.00304753502998203 0.109770921399349
v -0.00267020202601438 0.054870691887533 0.0654840603735135
v -0.00251384321879985 0.0544689454277546 0.0676621109024708
v -0.00473525069943481 0.0515557238695239 0.0757535381074204
v -0.00430456199524247 0.0496372031955864 0.0793783423443509
v -0.0082739195937164 0.0352170671715385 0.0926557609590345
v -0.00747367047051022 0.0406048685551147 0.0890019665136493
v -0.00442230025437478 0.039164883745696 0.0904668325826488
v -0.0046200065220215 0.0372478941659878 0.0917463580128619
v -0.00555616214415617 0.0329357702975125 0.094356370843432
v -0.00808051557046882 0.0284323509199838 0.0967213042813247
v -0.00438955402311204 0.0538376875704771 0.0696921332994371
v -0.00645982671739964 0.0461586539641899 0.0838318820931341
v -0.00312055700228259 0.0406671740319634 0.0894655490786087
v -0.00584836551735135 0.0253577330310068 0.0986254714736609
v -0.00635313627170706 0.0198467381666146 0.101407853482488
v -0.00732310216108802 0.00876091931733238 0.106440288429552
v -0.00576231178180453 0.01523104413354 0.103684288926029
v -0.00525431352924225 0.00471264610479605 0.108693545117373
v -0.00230771732987584 0.0516151236200981 0.0760214460785363
v -0.000960844691204887 0.0506306114042163 0.0780184400524547
v -0.00557616229535685 0.0473819870775195 0.0824585166024003
v -0.00342339840700698 0.0485694232954881 0.0811548810939144
v -0.00476978274163712 0.0435410788785253 0.0868352557681071
v -0.00624515408167384 0.0420886180725764 0.0879583041081211
v -0.0042361973340533 0.0276504274300803 0.097492454257031
v -0.00382671437806883 0.0174409625866896 0.102809389617829
v -0.00203702494584574 0.0539117612387377 0.0699878170343976
v -0.00257877828479478 0.0532355279541362 0.0720580353127859
v 0.000809206932486966 0.0524496258544106 0.0742966516100618
v -0.00392526925585391 0.0506546730529438 0.0776823220174985
v 2.83251593409188e-08 0.0476255614451294 0.082620440066894
v -0.000941065612688311 0.0496045175002877 0.0797636267595672
v -0.000551590083861747 0.0434916964330182 0.0871847550455163
v -0.00279485279374968 0.0449036558850478 0.0856676157042172
v -0.00249843681594829 0.0217970690926784 0.100718272461334
v -0.00337090674125384 0.0139664348059513 0.104470101644022
v -0.00187016000565445 0.0119560345084187 0.105459970858843
v 0.000681439610340758 0.00824137452811882 0.107113418569116
v -0.00361696378188182 0.00706479240850502 0.107549530844028
v 9.87284795663467e-08 0.00295121765456061 0.10991133503814
v -0.00237383377849233 0.0474205959840702 0.0827859770628964
v -0.000233458487874477 0.0447825578799105 0.0859050731531141
v 3.5457027026411e-07 0.0420359983499762 0.0884741375936388
v -0.00305543846575045 0.0421512066714724 0.0882510821167137
v -9.3813609403365e-05 0.0387641319383731 0.090942254119912
v 0.000869740568233955 0.0406929306876843 0.0895475650679864
v -0.00196860277549072 0.0342723410538777 0.0937355512290697
v -0.00247159423816453 0.0300192164672913 0.0962387003845266
v -0.000401186851356909 0.0164668774577854 0.103412990940817
v -0.00142514988935089 -0.104674996695647 0.236965591379279
v -0.0013354499097077 -0.104676993451138 0.237041691607795
v -0.00081854891230886 -0.104685993752009 0.235637197592023
v -0.000265536989991411 -0.10469499405288 0.235588187673952
v -0.000274547971967547 -0.10469499405288 0.235489497285571
v -0.00215530989129958 -0.104661995433214 0.238635191947925
v -2.27521983448656e-05 -0.104699993392188 0.235332588061707
v -5.18320969006638e-10 -0.104699993392188 0.237307796538447
v -2.49962981134574e-10 -0.104699993392188 0.238675693303145
v -0.000162738453814708 -0.104695098361003 0.235454583865674
v -1.897759840634e-12 -0.104699993392188 0.234071189893681
v -0.00148130991811034 -0.104673990867321 0.235805997942254
v -0.00122633988809804 -0.10467899765721 0.237074101632667
v -0.00020557621946002 -0.104693705102507 0.237170676056206
v -4.52778997795152e-05 -0.104698995014443 0.237309495270785
v -0.000104039996377015 -0.104697996636697 0.237234885158355
v -0.00107880000669292 -0.104680994412701 0.238667795687889
v -0.00322954991008487 -0.104643994831472 0.238577896984415
v -0.00148124996422287 -0.104673990867321 0.236865693996868
v -0.00149999993135054 -0.104673990867321 0.236749092413133
v -0.00149999993135054 -0.104673990867321 0.235922986956172
v -0.00322954991008487 -0.104643994831472 0.233973497883078
v -0.00142538993773142 -0.104674996695647 0.235703388548567
v -0.00133743991311064 -0.104676993451138 0.23562658796549
v -0.000827227906909056 -0.104685993752009 0.235547790626858
v -0.00122614989830316 -0.10467899765721 0.23558988640629
v -0.00349300428828988 -0.104499051244432 0.23411115480711
v -0.00348461982443786 -0.104492993922737 0.238612586886899
v -0.00340957036300279 -0.104581365254385 0.23858092192007
v -0.00336087150822822 -0.10460806813379 0.233996505275447
v -0.00323094409990315 -0.104649798833441 0.238574916752243
v -0.00323025352425168 -0.104644121491335 0.233971352115914
v -0.0052108999297908 -0.101479994194586 0.235248292194717
v -0.00348461982443786 -0.104492993922737 0.238612586886899
v -0.00433241971457728 -0.103012995772402 0.234757984397754
v -0.00390468982204336 -0.103759990942369 0.234455088500937
v -0.00348461982443786 -0.104492993922737 0.234113792312582
v -0.00566163954226137 -0.100692996859573 0.235435793501829
v -0.00603003953341044 -0.100049989437334 0.235571692088879
v -0.00476059803890645 -0.102265471611241 0.239026377222842
v -0.00476782975830451 -0.102252991889421 0.235022390596068
v -0.00603003953341044 -0.100049989437334 0.239389294995607
v 0.00566202976639889 -0.100691991031247 0.23543598721692
v 0.00603003953341044 -0.100049989437334 0.235571692088879
v 0.00603003953341044 -0.100049989437334 0.239389294995607
v 0.00476793965436233 -0.102252991889421 0.235022390596068
v 0.0047605044409928 -0.102265419457179 0.239026377222842
v 0.00348461982443786 -0.104492993922737 0.234113792312582
v 0.00390471985719476 -0.103759990942369 0.234455088500937
v 0.00348461982443786 -0.104492993922737 0.238612586886899
v 0.00433249980831433 -0.103012995772402 0.234757984397754
v 0.00521104987271714 -0.101478995816841 0.235248396502843
v 0.00607309736765776 -0.0998826792085605 0.23945548595215
v 0.00594957233602322 -0.0996555855243335 0.235760296081894
v 0.00607836446219166 -0.0998875816903263 0.235643187858689
v 0.0060306909935159 -0.100050287460541 0.235571408966823
v 0.00603159018541273 -0.100050280009961 0.239387372745856
v 0.00600454783894759 -0.0997081940710634 0.239553654799901
v 0.00577524086674253 -0.0995992665886684 0.235797697995654
v 0.00586912981868289 -0.0996156876674097 0.239632198818798
v 0.00577496985188808 -0.0996007939576076 0.239661986239359
v 0.00462585988408419 -0.0995806922922518 0.239793086652612
v 0.00577496985188808 -0.0996007939576076 0.239661986239359
v -3.86392482017636e-06 -0.0994999429041398 0.23711032635472
v 9.99771906736035e-15 -0.0994999950582012 0.236026788442728
v 0.00577496985188808 -0.0996007939576076 0.235796789024842
v -4.28031975725692e-05 -0.0994992947036632 0.237192297640615
v -2.48567275881494e-06 -0.099499987607621 0.238807449367476
v 0.00231880984679672 -0.0995404964121204 0.23997118532722
v -0.000106611989045901 -0.0994980951602524 0.238669792443444
v -0.000121987585494604 -0.0994978567416863 0.237257371010094
v 0.00347380973107236 -0.0995605980774762 0.239896187784608
v -4.61910978939822e-05 -0.0994991978461207 0.238720694808944
v 0.00116087990544558 -0.0995202978892221 0.24001809418161
v 5.23703967976296e-15 -0.0994999950582012 0.240036988853581
v -0.000872647575076984 -0.0994846915664885 0.238582739861695
v -0.000948076899686496 -0.0994834920230777 0.238527590665349
v -0.000994153150233771 -0.0994824340406906 0.238447422419918
v -0.000182462657061946 -0.0994968285616199 0.238648006946265
v -0.000994224396406849 -0.0994824563924311 0.237478310522177
v -0.000948144944438398 -0.0994834920230777 0.237396994887359
v -0.000873424007023625 -0.0994846394124271 0.237341353952705
v 0.0293789918367537 -0.000404822647178716 0.108098087278796
v 0.0450868209484676 -0.0141558164472181 0.120406490853284
v 0.0410546973341569 -0.0143233967595231 0.128885504702803
v 0.0370020883496106 -0.0130091507353782 0.132080313591354
v 0.0504466752057467 -0.0160527369578589 0.113229249867143
v 0.0267268311578417 -0.000801167290799426 0.109206644239873
v 0.0180040737122485 -0.000362046159645094 0.110723858086977
v 0.0115903618952809 -0.00792362218412558 0.12216005946338
v 0.00660603923137758 -0.00880128190419555 0.125169125381802
v -0.000586325736450846 -0.00917332848868693 0.127016928933182
v -9.69253907863355e-07 -0.00205491611719107 0.113801812072058
v 0.00456749297018905 -0.00237432411980117 0.114007239475684
v 0.0549187965585374 -0.00403727522485163 0.0842120032561122
v 0.0427644713775882 -0.00402430236775501 0.106141654264741
v 0.0375264080294042 -6.14991843736392e-05 0.104863231520431
v 0.0490695248643703 -0.0020085062203496 0.0971735619640299
v 0.0542587533846912 -0.0107754733133215 0.0942848676230415
v 0.0537859917198206 -0.00841689436494 0.0935863608065315
v 0.0481042723982827 -0.00491337265138776 0.101552484149803
v 0.0498228791045307 -0.00448293726692192 0.0985498853351946
v 0.0507357539918742 -0.0063280999939584 0.0989720352223805
v 0.0489349003308959 -0.00757798604376687 0.103522216449926
v 0.0530798592569119 -0.00260978759955045 0.0902424881553093
v 0.052272469683915 -0.00080617809701628 0.0906832868453125
v 0.0549184985353297 -0.00508138509734381 0.0850319992371201
v 0.0549177981807917 -0.00191956515214808 0.0827269982682094
v 0.0549178987636243 -0.000934896066628756 0.0820990037448927
v 0.0472694274372814 -0.0079423063766 0.106475730840659
v 0.0457828727763777 -0.00704748517638219 0.107127731134123
v 0.048439134999685 -0.0100094596060938 0.107619029858283
v 0.0503670508552436 -0.0185439893190272 0.118110557240757
v 0.0503889928139066 -0.0206375874515871 0.122355205066013
v 0.0520459832219735 -0.0311942120789857 0.161684122047928
v 0.0547759577604022 -0.0478974964462371 0.178516726676001
v 0.0495651821621684 -0.0252855480848246 0.136236008936852
v 0.0505845481921844 -0.029613500710916 0.14315250195967
v 0.0406320967004234 -0.01345009749151 0.147738006389037
v 0.0416629105469031 -0.0149437153024349 0.146489795748372
v 0.0406732984088806 -0.0136496976035091 0.147396799607646
v 0.0404340975318429 -0.0129672980324768 0.148342799804893
v 0.0402777992605924 -0.0126943972499119 0.148598801748481
v 0.0405522972612858 -0.0132206978527138 0.148055401115371
v 0.0400818974303358 -0.0124028979565448 0.148825701724908
v 0.0413660347286056 -0.0128760349443926 0.150037300213338
v 0.0549306578822017 -0.00297830912828888 0.0834525432411012
v 0.0544561192539555 -0.00482710890261181 0.0873952935473182
v 0.0549176975979592 -0.00611565508170976 0.0859040002695322
v 0.0542902246354188 -0.00178290160442298 0.0857493262197973
v 0.0539525866928953 0.000590374370085199 0.0853685345045804
v 0.0534738235856806 -0.000892690043244849 0.0878218318263776
v 0.054915898282843 -0.00712063497269915 0.0868210028077437
v 0.053921435817116 -0.00337026412871235 0.0883359591289767
v 0.0549132980303563 -0.00810279466788549 0.0877850036073102
v 0.0540701829253427 -0.00675941268424175 0.0908119881716671
v 0.0507943490797877 -0.00138758639233329 0.0939501055937236
v 0.0518043944339846 -0.00273395035428323 0.093293895722317
v 0.0549201786411628 -0.00892751149643949 0.0886452774261248
v 0.0532465175599182 -0.00624588330721005 0.0931078547289702
v 0.0535772078364134 -0.00482186788510858 0.0907360816582423
v 0.0524917216324908 -0.00475043684450947 0.0936422476103399
v 0.0485580946883074 0.000381342783990463 0.0956837588023299
v 0.0546134121776615 -0.00800038551183526 0.0895552242646688
v 0.0495843301532597 -0.000341280985198685 0.0949419864652606
v 0.047719271117484 -0.000890209873156054 0.0978324838467132
v 0.0513386363144936 -0.00424630544306641 0.095649225362035
v 0.0451124546696154 -0.00300042594275575 0.102829170908872
v 0.0438159605840985 -0.000436621868953797 0.101254185261111
v 0.0458251995224438 -0.00102512090472181 0.100018849223431
v 0.0434269546164469 -0.00210331625026609 0.103334141448122
v 0.0546648472580112 -0.0128390772726768 0.0946551093163689
v 0.0542519659061371 -0.0170999197290187 0.102150318723537
v 0.0538412452225184 -0.0135669384213905 0.0993311979026079
v 0.0527970389581449 -0.00827309630460528 0.0964883767853295
v 0.0417878977549002 -0.000682670993340323 0.103036885640691
v 0.0517332935472202 -0.00762706394680866 0.0983871944609166
v 0.0534162939307345 -0.0105538446296647 0.0972036399572274
v 0.0522908390893763 -0.0108626814231367 0.100835484992665
v 0.0466782238991116 -0.00385359653705985 0.102121417922048
v 0.0443772165151898 -0.00539853487566409 0.106453274791242
v 0.0382124164752165 -0.00402094122476627 0.108973940261291
v 0.0412665583071831 -0.0021266007103473 0.104981971420751
v 0.0332554374406149 -4.83102313476443e-05 0.106536892655412
v 0.053039566519238 -0.0127852971222118 0.101149445001421
v 0.0518818469403619 -0.0131886715337621 0.104982753731696
v 0.0367317775749847 -0.0017669854189049 0.107006092958016
v 0.0314376448855719 -0.00184493117697398 0.108986107059134
v 0.0269662257499643 -0.00272425295850315 0.111227994161218
v 0.0389395782007149 -0.0022715929589883 0.106526215973655
v 0.0335050057999886 -0.00308871531802118 0.109756295909964
v 0.0344290267552981 -0.00122410913782267 0.107319158897121
v 0.054906234880335 -0.0240444676894796 0.107931730718946
v 0.0526879699147263 -0.0152534089126289 0.105608349168114
v 0.0403850205601236 -0.00474588640265771 0.108664949789682
v 0.0211833983299421 -0.00267536597657876 0.112433445920793
v 0.0147567895586636 -0.00128011887440983 0.112051924048694
v 0.0109104871396109 -0.00231767828993018 0.113516529347378
v -0.00196240459126355 -0.000493732952633122 0.112386954298907
v 0.0036149288421671 -0.000315346999848476 0.112186630542875
v 0.0500005866179605 -0.00927222842146712 0.103827049497655
v 0.0495465147334994 -0.0121896772526338 0.1088692000016
v 0.0511115649820072 -0.01052141132277 0.103189287263394
v 0.0376342440018011 -0.0056013676081436 0.111344640448437
v 0.0292900021069503 -0.00386435401070275 0.112032060801266
v 0.0168856484933007 -0.00246755928332975 0.112932336786412
v 0.0133553475318963 -0.00332633690488896 0.114351523346792
v 0.00814933844233976 -0.000205300417025716 0.111853157463972
v 0.0546311520090967 -0.0199813943650548 0.10403539007823
v 0.0359234417783035 -0.00351678677309074 0.109377821325261
v 0.0146652088895987 -0.00436851777560352 0.115495343905046
v 0.00132355796881538 -0.00421013520454457 0.116173257317247
v 8.89334168503879e-07 -0.00301751664239179 0.114782055136962
v 0.0396213509916885 -0.00689765447439891 0.112106983838074
v 0.0241680132102097 -0.00616353344134077 0.116673630848371
v 0.0287133644530543 -0.0054382911715642 0.114407201534349
v 0.0353004503397481 -0.00512429950792246 0.111734603828163
v 0.0324111376933509 -0.0062174411829915 0.114476365272484
v 0.0328369756041775 -0.00472640080715148 0.112100546536582
v 0.0188498989658066 -0.0043777746558298 0.114914928788358
v 0.00778427770810013 -0.0023203379142278 0.113777992566422
v 0.0534013741439016 -0.0173463607073572 0.106159893285634
v 0.0322408770348222 -0.00755266152169706 0.116890636453987
v 0.034899381882767 -0.0065961644186567 0.114110243750135
v 0.0414153650200513 -0.00892250191258344 0.114050318731733
v 0.023284869863119 -0.00457282199767079 0.11440254492158
v 0.0140328204067772 -0.00581176593914598 0.117662695400506
v 0.00838011085053617 -0.00419294392207595 0.115860422346135
v 0.0030210219075411 -0.00509624201990628 0.117315915584953
v 0.0524355144555286 -0.0179522400258585 0.110613142461781
v 0.0467402760562338 -0.0107982087587749 0.111352284743958
v 0.0506909946313757 -0.0133412761798828 0.108186995055072
v 0.0432501709749608 -0.0103132579447115 0.114785638866149
v 0.0393567771638098 -0.00828209101754107 0.11449879897016
v 0.043550187212809 -0.00836278173233402 0.111244087414948
v 0.0418475023964296 -0.0069223391778948 0.110577133806561
v 0.0451555413748609 -0.00987572076033969 0.111907718064463
v 0.0372557098246083 -0.00705512341806193 0.113718745550839
v 0.0296848213897961 -0.0065990659539799 0.116023269682602
v 0.0200818971038986 -0.00556571145965494 0.116471034665308
v -0.00143324180151508 -0.00560878745469149 0.118121025306261
v 0.053878099517434 -0.0213218170713788 0.110072409136465
v 0.0531218470015792 -0.0211312815215048 0.113227946015568
v 0.048092239711274 -0.012478336012303 0.111997072875565
v 0.0269128125405738 -0.00700962458747947 0.117570025081112
v 0.0199646640872355 -0.00662436300203525 0.118291412630124
v 2.40112522644777e-06 -0.00641844433237281 0.119488914620379
v 0.00769552360289527 -0.00581006767252366 0.11819716278768
v 0.0514100203233053 -0.0185828664464648 0.115039837769274
v 0.046536845414694 -0.0133662812583269 0.116202426339632
v 0.0492457795146628 -0.0173327857502488 0.118715440063578
v 0.0492859940212447 -0.0148724607474541 0.113849823612351
v 0.0515788653715977 -0.0159668317682547 0.110051420851393
v 0.037085546023622 -0.00838576118428866 0.116128009942293
v 0.0347982588831223 -0.00911959862963827 0.118979026698045
v 0.0347302239101066 -0.00792789322922017 0.116521378237276
v 0.0296496919041947 -0.00785558441714229 0.118464579020487
v 0.024116971147965 -0.0074325069462765 0.119111706634349
v -1.25883879570515e-07 -0.0075209802577404 0.121702921650493
v 0.00746094487954369 -0.00714842004887709 0.120629315362215
v 0.0449577843501367 -0.0117807037300699 0.115496804218811
v 0.0371278019891763 -0.00959163758823037 0.118580346139215
v 0.0414015218420561 -0.0113875785228951 0.118932885253439
v 0.0413275673830785 -0.0102024612980111 0.11647660769947
v 0.0393879541166198 -0.0107223432259783 0.119392422153225
v 0.0392801851994445 -0.00955649878940374 0.116925996908709
v 0.0201229348995916 -0.00780672770319992 0.120763768536662
v 0.0139702364644938 -0.00713758457697281 0.120081727502903
v 0.0373743156106716 -0.0106760043424793 0.121072177862998
v 0.043329799050754 -0.0127199685724506 0.119685423679231
v 0.0432240753178412 -0.0115561693201385 0.117224645974681
v 0.0323326309298765 -0.00873133492603827 0.119352680757209
v 0.0264291096986924 -0.00924821427018843 0.123335165008862
v 0.0261101224210325 -0.00813458349959366 0.120232735867067
v 0.0479625213848555 -0.0150048789778693 0.11686403043127
v 0.0466057558308821 -0.0151217878942941 0.119859975877554
v 0.037804471132719 -0.0116520079957826 0.123601374247639
v 0.0299021790283583 -0.00893973976117825 0.120958414950406
v 0.026132669739336 -0.00880958836978618 0.122051660968699
v 0.0142722867107342 -0.0093705360331221 0.127294328943767
v 0.0148904110577797 -0.00881180678003811 0.124494490224991
v 0.0121726899297979 -0.00839135098207709 0.123408091290114
v 0.053620022595482 -0.0262045622502457 0.119509940158354
v 0.0435477881259874 -0.0138182474225614 0.122173798333694
v 0.0416200622602237 -0.0124867998714002 0.121422824529793
v 0.0449713853842757 -0.0129984544961913 0.11794166003298
v 0.0396682374928316 -0.0117867349747346 0.12188999827452
v 0.0350961852332268 -0.0101746287243844 0.121481237080368
v 0.033263159966983 -0.0106418536768505 0.124416616758333
v 0.0326793660308134 -0.00975749961047874 0.12186437572842
v 0.0206434044920714 -0.00875409551719979 0.123310592994602
v -0.000934515272131797 -0.00873832357025759 0.125117865388441
v 0.0522836716312324 -0.0205489441737626 0.115591255226927
v 0.052190666038706 -0.0239067977313521 0.122140419733366
v 0.0452843358293357 -0.0152646732585554 0.122888361151031
v 0.0400910206657798 -0.0127653044215913 0.124417630037271
v 0.0275112766691398 -0.00989346059177488 0.12529043573237
v 0.0304299110738794 -0.0098576847683419 0.123500597696738
v 0.00705282212010538 -0.00937712141468858 0.128199023123107
v 0.00958171434673825 -0.00908862191117094 0.126267057815185
v 0.0545229882111713 -0.0334473383093089 0.12588265256846
v 0.0543136455342497 -0.0248357900862942 0.113223989757359
v 0.0469238397256939 -0.0173803446662541 0.124806572687479
v 0.0480861861148687 -0.0173596897953192 0.121732820829761
v 0.0362847539393844 -0.0119299910053604 0.126598429830407
v 0.0356020759029175 -0.011104517942917 0.124022332041956
v 0.0213001731359235 -0.00989956727356407 0.128750991923712
v 0.0240415526499798 -0.00944169279923792 0.124952641316817
v 0.0183351402430434 -0.00920304140248934 0.125539359624549
v 0.0217033594203239 -0.00960319436942941 0.126583647878833
v 0.0163655160395746 -0.00960326794390879 0.128504288304501
v 0.0549123108284809 -0.0276398084906628 0.113361669033132
v 0.0540065661463803 -0.032308487324767 0.127523121367623
v 0.0406215802064835 -0.0136774770917519 0.126967740201181
v 0.0467433084423716 -0.0162637504273883 0.122326214857559
v 0.0455374506648804 -0.0163385412139924 0.125382390796042
v 0.0336883049738519 -0.011656541673829 0.129174795839754
v 0.0370965654317248 -0.0126743598458103 0.129202467295472
v 0.0419605016208991 -0.0135128667669756 0.123935219855564
v 0.0340469870801253 -0.0114065849529628 0.127010715149103
v 0.0277474265335892 -0.0103024490154992 0.127263096110602
v 0.0312055611752619 -0.0106271005967494 0.126087811751191
v 0.038915382441544 -0.0137412205305775 0.131601181665036
v 0.0477238420484312 -0.0185239006921868 0.125658047370805
v 0.0423890627187856 -0.0144843581626507 0.126465794597586
v 0.0442098839346762 -0.0158739919511375 0.127199423450244
v 0.0438528931101061 -0.0148639289018127 0.124678057625635
v 0.0308221654944943 -0.0109243498753791 0.128230807299223
v 0.0235454259656296 -0.0102340852856325 0.130612742961658
v 0.0513328546642653 -0.02408930155578 0.126010370418198
v 0.0504368143628637 -0.0227371199712692 0.126676914244661
v 0.0513520734358684 -0.0213419597149257 0.120461900819945
v 0.0493300232248844 -0.0193914574255175 0.122987751893973
v 0.0454611418225624 -0.017108778468866 0.12802993965082
v 0.0441247461548316 -0.016879579995735 0.131292623327092
v 0.0344227980702583 -0.0120967498911993 0.131187495637219
v 0.0383834966975663 -0.0125368044403532 0.126159411829127
v 0.0256713763800246 -0.0102971181253724 0.128946688869297
v 0.024349872559451 -0.0103809967571646 0.132032883196334
v 0.0390739568650429 -0.0133547822191243 0.128736344082586
v 0.0289324021974496 -0.0108259351616338 0.129934918956423
v 0.0295966884767146 -0.0110459461380666 0.131283533618967
v 0.0248629101981901 -0.0103939421402468 0.135316443398972
v 0.0196285907665521 -0.00995577724449387 0.133064639574335
v 0.0479624804066645 -0.0204974848790272 0.130189326475799
v 0.0494552935549287 -0.0214416782802043 0.127321970597163
v 0.045813479759803 -0.0189593032853338 0.133280795813781
v 0.0483284976091362 -0.019640278864227 0.126683172732223
v 0.047226582875892 -0.0190344293480465 0.128553566443468
v 0.0426352932182336 -0.0158812823438545 0.131861132416253
v 0.0407014578767131 -0.0145530208470475 0.131098207881342
v 0.032207353149252 -0.0115863274061073 0.131598693171173
v 0.0277506321457165 -0.0108329508142064 0.133034673339844
v 0.0222210108308463 -0.010167947416598 0.133849766838928
v 0.0520833590575026 -0.0274416714863488 0.129240673871919
v 0.0428686230380807 -0.0154211540690206 0.129007306791679
v 0.0410385966303638 -0.01495287579078 0.132402804514703
v 0.0341370943969574 -0.0122128429690932 0.135670539684507
v 0.0349720362155013 -0.0123645796226216 0.132530313748189
v 0.0306826347539641 -0.0113600151014779 0.134876114095536
v 0.054899842282531 -0.0368589291765273 0.128832948308447
v 0.046103199295827 -0.0184423969328305 0.130411875313255
v 0.0443296259342187 -0.0173555677618284 0.132590544240388
v 0.049572882336796 -0.0238222336461823 0.132492151875224
v 0.041699735039498 -0.015745674333795 0.13504218753333
v 0.0379881353850117 -0.0136224713208455 0.134747889606329
v 0.0528866545366844 -0.0262951985582714 0.123385732098243
v 0.0485921103121702 -0.0219327516085399 0.131693807280947
v 0.0361163447500332 -0.0128724959188018 0.135224831062
v 0.0321330634141658 -0.0116640481333716 0.136017811238368
v 0.0332054887510132 -0.0118192418561087 0.138203155885566
v 0.0445301284977434 -0.0178287298953843 0.13389306961239
v 0.0423439531810181 -0.0165246418060076 0.137704354426912
v 0.0420202478234521 -0.0161366286281665 0.136376362971
v 0.0347842629682332 -0.0118822756271711 0.141957831189979
v 0.0311428477791477 -0.0110772273989993 0.140118655410737
v 0.032960498773167 -0.0116198978578037 0.13976989374079
v 0.048725155322644 -0.0230751025031266 0.134202611426951
v 0.051296324469588 -0.0266139921208463 0.131207671809025
v 0.0459592764382741 -0.0194610011410219 0.134581145616297
v 0.0471009772697391 -0.020891994962795 0.134723272888587
v 0.0429329252704206 -0.01713699381605 0.139514070611133
v 0.0436738668439825 -0.0176173494847805 0.137109440480707
v 0.0380677001308732 -0.0132367976251844 0.14303789713149
v 0.0394211799789823 -0.0145031969546641 0.138857778783341
v 0.0371627899137541 -0.0128253328148691 0.142593857439
v 0.0363847444508401 -0.0124978118289227 0.142323416270537
v 0.040140287627294 -0.0147998138653 0.135582771847037
v 0.0384713055104094 -0.0139217294621592 0.136109110650962
v 0.0376189777629894 -0.0134911539136535 0.13856243777508
v 0.033339349600018 -0.0114990028809767 0.141289007485904
v 0.0354048180670661 -0.0125559049339958 0.138554555060985
v 0.050466795497553 -0.025191365300628 0.131852310929023
v 0.0450878342273736 -0.0190022614680711 0.13698416642135
v 0.0473300751600375 -0.021717083389036 0.136512514877785
v 0.0405119970730317 -0.01519869743964 0.139053594938213
v 0.0377095991698547 -0.0130720978934459 0.142844003226369
v 0.0402781121849604 -0.0149805528335451 0.14069741649857
v 0.0380792969589408 -0.0135188980116404 0.141504195149894
v 0.0355875845244457 -0.012177781470036 0.142114755315004
v 0.0364900956547433 -0.0128182333432694 0.140500110227612
v 0.0527465463761894 -0.030293802012302 0.131217223453137
v 0.0520435394316708 -0.0299563223946075 0.13425314126343
v 0.0527130075894588 -0.0326886084755406 0.135956686676517
v 0.0479676995380884 -0.0229140004702978 0.137438115385813
v 0.0455396448607467 -0.0199389539976408 0.139558207849602
v 0.0453089562715774 -0.0194746561918673 0.13827038992337
v 0.0414765976133525 -0.0158468979162723 0.141688790730637
v 0.0447493394681282 -0.0191250805572325 0.141495105441769
v 0.0432931906249847 -0.0175216393316446 0.140821990203366
v 0.0387474985180963 -0.0135522970999924 0.143496092926798
v 0.0393633970043097 -0.0138264980088006 0.144058894871349
v 0.0396396980454093 -0.0139364974434206 0.144381192079607
v 0.0425453013853945 -0.0166958784905414 0.142754462150757
v 0.0390643977706576 -0.0136959973714621 0.143763807182823
v 0.0395410672648385 -0.0142597045434363 0.142567750605171
v 0.038414196813244 -0.0133975979095154 0.143254694120853
v 0.051335846072212 -0.0290458931602117 0.13610458069806
v 0.0505153881815598 -0.0272526968330249 0.13632166080948
v 0.0507806660892666 -0.0293533357638654 0.140403744420325
v 0.0499587031814158 -0.0273137506124015 0.139872920366982
v 0.0467689198117788 -0.0216867651155931 0.14018743916927
v 0.0486176807033863 -0.0243755882369809 0.13882054078235
v 0.0445018460953377 -0.0186071590631781 0.144737881167131
v 0.0450758089909451 -0.0195291720871261 0.142790731576292
v 0.046968584185032 -0.0221567514393425 0.141470444020544
v 0.0414208970758433 -0.015227497657369 0.144972291328632
v 0.040115499546998 -0.0140813972583011 0.145103391741885
v 0.0407780982698496 -0.0150008975740797 0.143624689945027
v 0.0398927979797936 -0.0140251975319191 0.144730698807596
v 0.0541781157552821 -0.0373889485501671 0.1354973136895
v 0.053352125808838 -0.0324408319807028 0.131705191767845
v 0.0463183534252977 -0.0212595413968509 0.143420171512212
v 0.0430915965514619 -0.0167171983257584 0.14567300351695
v 0.0430357581782192 -0.017008540225619 0.144071978090585
v 0.0404571980557256 -0.0140908976793674 0.145891096907308
v 0.0403088979823104 -0.0141068978003279 0.145500001039356
v 0.0483021151046792 -0.0243902323523466 0.141295087159535
v 0.0440879365633971 -0.0176067789741343 0.146703284680025
v 0.0457939741408626 -0.0203117624039567 0.145373043148822
v 0.0406758986613673 -0.0138140974493949 0.147040199927087
v 0.0405678987762061 -0.0140363976165914 0.146280896374265
v 0.0406407989780867 -0.0139437971493629 0.146666299998768
v 0.0490471619479265 -0.0261361193579645 0.143304165974911
v 0.0520565481446846 -0.0319993105985738 0.138590168835442
v 0.0531443552043368 -0.0353896226087662 0.13880790459794
v 0.0474270258347752 -0.0230763076344725 0.144023728131717
v 0.0446391081341997 -0.0178986815301542 0.148018714457332
v 0.0422211340918567 -0.0148592219977769 0.148036491542239
v 0.0476858254630058 -0.0235277345629657 0.145294886560107
v 0.0461823766115186 -0.0206944558675413 0.146662097871406
v 0.05488928108511 -0.0430717780081534 0.141287055433831
v 0.0542060107275179 -0.039768764446061 0.140192475761641
v 0.0539551161648702 -0.040420265529718 0.144142803308156
v 0.0516609074353728 -0.0328924563495711 0.14475102399101
v 0.0518773244381859 -0.0326569584108884 0.141722214034448
v 0.0479648981199365 -0.0239793794209295 0.146565270128132
v 0.0465879899224163 -0.0210757579352752 0.147952851326327
v 0.0481725383392844 -0.0241609519228335 0.148339342735573
v 0.0435808351744254 -0.0129298160261801 0.153636541508811
v 0.0430497242907875 -0.0151632988018292 0.149326142311257
v 0.0437868139143906 -0.0153441113445537 0.150667246788727
v 0.0528551907365371 -0.0361859145425683 0.1432561991381
v 0.0491434681474776 -0.0263816625413899 0.148395266792284
v 0.0493251058419582 -0.0269141759967488 0.145170283052989
v 0.0479129005207823 -0.0228200598299574 0.150752064196347
v 0.0495176102076477 -0.0274047594494367 0.146426167791497
v 0.047003464076197 -0.0214503414423216 0.149244171025362
v 0.0452407350340569 -0.0157463132210464 0.153337534814979
v 0.0445185130432254 -0.0155314124113022 0.152011897742482
v 0.0451990304114368 -0.0181873691608217 0.149335246920543
v 0.0494104373368878 -0.0268484097254013 0.14966030084356
v 0.0504032606749727 -0.0296724981301598 0.148733582748467
v 0.0504589947400928 -0.0297814814919063 0.146145146798823
v 0.0488013561315493 -0.0247850236955166 0.151309218600931
v 0.0457630430571989 -0.0184750174355525 0.150653507918413
v 0.0456507702642981 -0.0130368175335956 0.157173838678587
v 0.052019306419599 -0.0343319121677963 0.146622073353334
v 0.0478893194344772 -0.0203106988336344 0.154853012676842
v 0.046854240130838 -0.0197006620913864 0.152212035234003
v 0.047505469268318 -0.0186642156062821 0.155614476897989
v 0.048289206974498 -0.0219488057462068 0.154095214141267
v 0.0473783623702565 -0.0212642725152723 0.151480984282173
v 0.0459372860508398 -0.015904604522498 0.154725637553804
v 0.0442167831719332 -0.0124489127398055 0.155267637477793
v 0.0512776011615675 -0.0322559421079687 0.149345722436628
v 0.0523901702244851 -0.0359690095267527 0.149130028133168
v 0.0500784414556682 -0.028397204670577 0.151110556324335
v 0.0517036737656702 -0.033602608400493 0.151369061662948
v 0.0487086448369404 -0.0235776553128916 0.153342780023602
v 0.0463405785060079 -0.0181346712071295 0.152945947208719
v 0.0496051172719931 -0.0268014319546508 0.151851129117955
v 0.0491822856702736 -0.022643965367139 0.156713944150941
v 0.0473452072884058 -0.0131047053576526 0.160412978520699
v 0.0467583697902281 -0.0153588281030763 0.157141100828176
v 0.0542958311970126 -0.0430467477840012 0.147561949173466
v 0.053485062785899 -0.0403284185024113 0.150116604191439
v 0.0533356861036462 -0.0391815879464846 0.147671547211597
v 0.0514094131010197 -0.032185645883865 0.153823193449754
v 0.0507842870712395 -0.0304734951053527 0.151632648297415
v 0.0503849247971222 -0.0284381158064067 0.154050838484224
v 0.0524622471372545 -0.0362808237583336 0.154172536264974
v 0.0494957837329777 -0.0256030377958661 0.153881576198006
v 0.0495011630518757 -0.0243364149489807 0.155939650030293
v 0.0486140559961233 -0.0192292135912745 0.158281754889747
v 0.0471328098736059 -0.0170135786804733 0.156379636607029
v 0.0485047559847188 -0.0138332966632251 0.162334438510214
v 0.0488891984720032 -0.0209434486695952 0.157497327979714
v 0.0497148047135676 -0.0207667451218462 0.160442572226169
v 0.0481903191489106 -0.0167233748567369 0.159311544314514
v 0.0526347764974514 -0.0370807478499789 0.151595767924284
v 0.0539109789278177 -0.0410392634572909 0.16758036238893
v 0.0536466733208258 -0.0387062670073183 0.167145352799922
v 0.0501887063172075 -0.0264210574841508 0.156461637695246
v 0.0493494096345419 -0.0173020372057998 0.161933701591185
v 0.0494138422520351 -0.0131251991097909 0.164963688739456
v 0.0501370588953222 -0.0242380486640067 0.158899422908587
v 0.0508999908563184 -0.0250341394321437 0.161484506097037
v 0.0515144290288143 -0.0302656965611758 0.159141551871414
v 0.0509557994272404 -0.0293468537590991 0.156594183521103
v 0.0541308082963583 -0.0435839532422354 0.151945319355756
v 0.0527735323776418 -0.0373272838232148 0.156687911822917
v 0.0532696702378622 -0.0398356222274066 0.153319221288281
v 0.05184124127832 -0.0331814531793165 0.156337734542689
v 0.0549122512238394 -0.0474567387485776 0.151788514440018
v 0.0541730232837215 -0.0443137226708006 0.154269140490834
v 0.0522677981701351 -0.0341771896942562 0.158859607006767
v 0.0511558326042131 -0.0277090355565091 0.160098608730019
v 0.0506190928072408 -0.0214875030736702 0.163049455812958
v 0.0502951937345898 -0.0174440434015986 0.164577435748783
v 0.0513275014223979 -0.0129679453016309 0.170113023293472
v 0.0549408316494528 -0.0507080266576928 0.160611774907743
v 0.0544741086798271 -0.0472950052790777 0.162820588883297
v 0.0543047756185321 -0.0454871629738801 0.156727101875981
v 0.0530826457739034 -0.0383771115503425 0.15920138003227
v 0.0537016437014763 -0.0420784852835164 0.158267077246299
v 0.0534866907376708 -0.0409598067448421 0.155790653322846
v 0.0511010037845862 -0.0186117858734768 0.16644300148391
v 0.0523430788323867 -0.0189498112461703 0.170777883288759
v 0.0541549034726965 -0.0433879769061768 0.16801140826915
v 0.0536901437309512 -0.0411811374052913 0.162998434238171
v 0.0526786343377468 -0.0351831148776074 0.1613786035468
v 0.053344719932128 -0.0388869100493434 0.162529166880343
v 0.0522432261566646 -0.0267361872239167 0.166635539383392
v 0.0514370361270785 -0.0222600798107238 0.165648575894939
v 0.0521656395398438 -0.0230890816542102 0.168245341593504
v 0.0516045512468068 -0.0258652293007287 0.164063464908373
v 0.0539097756591168 -0.0432038097397212 0.160749849064279
v 0.0545184284560943 -0.0472602967512571 0.15933051349229
v 0.0525428326126022 -0.032146556414892 0.164223264957444
v 0.0523683213980744 -0.0294852650499556 0.165368106245217
v 0.0521699832280953 -0.0134069102034319 0.172579761462366
v 0.0541080504991643 -0.0440495250972215 0.164706479801838
v 0.0529977762149457 -0.0331274625499612 0.166756700722351
v 0.0530648873160177 -0.0362014676287174 0.163896169575389
v 0.0532071784965088 -0.0303048214204047 0.170250382194287
v 0.053318572120947 -0.026765700834699 0.172584485130359
v 0.0528120630531005 -0.0276526085874313 0.169200967940666
v 0.0529130295905612 -0.0231556544508634 0.171742077803416
v 0.053407193047031 -0.0341414902392702 0.169291552097539
v 0.0537093327002336 -0.0132565798469145 0.178903843934003
v 0.0535361104360789 -0.0368963869684384 0.167989160835985
v 0.0535649665331593 -0.0234134072725772 0.175159495134067
v 0.0547645434715494 -0.0504628504153418 0.167064946135917
v 0.0544547073690092 -0.0173780536128454 0.182559247704761
v 0.0539735600761334 -0.0267246853907466 0.177051331615791
v 0.0544486016185426 -0.0469597999509866 0.166390445089554
v 0.0544744998352871 -0.0460627947994502 0.171154241908619
v 0.0539292067722554 -0.0357746834942065 0.172989349670946
v 0.0540251516186672 -0.039389246792283 0.171423923117878
v 0.0538366631157008 -0.0317928997249575 0.174177925865845
v 0.0543985486208183 -0.0334334318013821 0.17904263334626
v 0.0544026129123125 -0.0278997536455978 0.180446546216759
v 0.0541644215888908 -0.0137904800415114 0.181358467459117
v 0.0547477796661192 -0.0182427251089971 0.185402970342272
v 0.0549670204388247 -0.0533002250672263 0.168724413915178
v 0.054885693630748 -0.0126079323354708 0.18823350545242
v 0.0547338396305815 -0.0119919090520392 0.186364139921275
v 0.054898359617073 -0.0197237030106276 0.187627713658786
v 0.0544523529856688 -0.0379684509521466 0.178032051517843
v 0.0543772548626319 -0.0411147154828869 0.175052579304891
v 0.0547095879920593 -0.0316778441403552 0.183587114879777
v 0.0549937978240318 -0.0146762916276331 0.190905164385471
v 0.0546921014803506 -0.0490184064336786 0.17278721542387
v 0.0548314496816661 -0.0440653128766466 0.18301900812196
v 0.0544693701108255 -0.0436670793654283 0.174313660540126
v 0.0547075279066364 -0.0401916668282923 0.18152038347303
v 0.0549203388286369 -0.0516789713670463 0.182348932720372
v 0.0549255430589005 -0.027289878953469 0.188091184465039
v 0.05497424005103 -0.0542926460739809 0.172031890480998
v 0.0548983856941036 -0.0527444453125754 0.176397707095793
v 0.0549613766243299 -0.0318510887562505 0.188930492350523
v 0.0549672514068107 -0.0431113703912893 0.188462506492529
v 0.055000235125317 -0.0399892904438495 0.191727142220874
v 0.0549859188354797 -0.0535960876066178 0.187785248731406
v 0.0549983352273683 -0.0591185172489584 0.193337391465812
v 0.0544120863250256 0.00756929773594143 0.0776051265536593
v 0.0540368415789872 0.00985360930097733 0.0765438807783153
v 0.0548965379502162 0.00190821081718268 0.0804772806060922
v 0.0547746464582886 0.00410618657236234 0.0793135818992499
v 0.0427218391577343 0.0285065363469473 0.0808335748128539
v 0.0410098187643754 0.0260174856322255 0.0851920302541845
v 0.0389677451191276 0.0283167123274816 0.0851699318326279
v 0.0394451075172663 0.0332261119569824 0.0793948155776825
v 0.0470347155348089 0.00267952875542994 0.0955129467953827
v 0.0488559875108011 0.00314996071700706 0.0931080856969635
v 0.0469694894305252 0.00559257871748558 0.0934026741966007
v 0.0369302051519261 0.0244590999276987 0.0893673802308578
v 0.0340994615164118 0.0377357395304554 0.079391604377517
v 0.038825550796179 0.00462194879514509 0.0999926678837984
v 0.0353532712280134 0.0356584954214152 0.0810191389690532
v 0.0348071548758706 0.0312800576639484 0.0860016252249116
v 0.0366969572884612 0.0326486435633951 0.0832013767242124
v 0.0326599721705758 0.0364820490281369 0.0823923852505001
v 0.0167003339374957 0.0491130325273966 0.0748045055239385
v 0.00406663935836884 0.0547827005354753 0.0654856026436626
v 0.0278894643943538 0.0377231555005125 0.084041571228767
v 0.0193213567791438 0.0156998178753633 0.100763318670616
v 0.0186937999975762 0.0151640028816573 0.101186399880356
v 0.016673727915633 0.00945529010808682 0.104506885159607
v 0.0185367995091427 0.0148288031415014 0.101386798142192
v 0.0185164985407668 0.0146411034687127 0.101481100138699
v 0.0211865350242026 0.0123739403453093 0.101845478225228
v 0.0199889995447849 0.0129957033694557 0.101874401378459
v 0.0152688390642048 0.0120314697702093 0.103525502155896
v 0.00913393354592609 0.003079525260186 0.10936256998712
v 0.0376534590481142 0.00641716795485381 0.0992530711162148
v 0.0475414853729621 0.02221511183398 0.080358227781395
v 0.0459757943745579 0.0287849645286915 0.0735413341177701
v 0.0451367063081376 0.00359962628177695 0.0965587996715575
v 0.0537154049230894 0.0115582443067217 0.0757917968379304
v 0.0537362628223346 0.00911334666153535 0.079389249994101
v 0.0534565605913777 0.012652893792957 0.075316025123387
v 0.0512357028238625 0.0188967389008235 0.0747968612284169
v 0.0523683176727843 0.0125049578666486 0.0804965552576656
v 0.0506127933416892 0.00483385307466861 0.0896064395545473
v 0.0451099810769919 0.00653167778445703 0.0944199019427619
v 0.039259666301598 0.00900207317770267 0.0966742315141655
v 0.0354534591798442 0.00383822226483536 0.102244605818884
v 0.0311417320547641 0.00160533006408165 0.10569812121172
v 0.02599447265266 0.00511182304573107 0.104607445643676
v 0.0248447475463291 0.00370048222468795 0.105950017885491
v 0.0210835717312507 0.0107409566379409 0.102725406675218
v 0.0248482083408279 0.00687909042253008 0.103809749249896
v 0.0167795578193135 0.0148724905497748 0.101824184466358
v 0.0185411990767456 0.0144495034171939 0.101565500313815
v 0.0201940544128064 0.00743509509157041 0.104781431597886
v 0.0191207424569162 0.02947666894306 0.0939495318990305
v 0.0233711773840536 0.0386444718952127 0.0855002086125267
v 0.0307603554812283 0.0357111561222064 0.0845102574413212
v 0.0227748217696816 0.0167122865307674 0.0992699913843723
v 0.0236691186353185 0.0168296666963892 0.0989302821696486
v 0.0355221088257256 0.0343842264166086 0.0824107434806806
v 0.0524181434278128 0.0146663339272076 0.0773260203601564
v 0.0549178764118837 0.000139881136077936 0.0814611670048274
v 0.0545172028356528 2.84358141446523e-05 0.0836273115062569
v 0.0546167127846862 0.00607300563238916 0.0783329439535824
v 0.0539088555124632 0.00616992929877364 0.0818085577679747
v 0.054484550667965 0.0035566133838414 0.0815416854275386
v 0.0530109525660138 0.0143861064303472 0.0745893029587871
v 0.0539375625979398 0.00376147546810048 0.083532204847063
v 0.0523557261922613 0.0166277578358534 0.0737019090272059
v 0.0511515969493744 0.0200124986747079 0.0724514334100909
v 0.051785198014122 0.0183066045209112 0.0730689971208051
v 0.0530194052492407 0.011568427387198 0.0793361944108562
v 0.0532712795631835 0.00160976432344855 0.086662938743913
v 0.0532324583150974 0.00871307262266718 0.081829888779747
v 0.0526949958118466 0.000971916253368973 0.0884433145423982
v 0.0518039921026543 0.00363454039904469 0.0884542817967918
v 0.052561216919224 0.00961883593121825 0.0829428937373408
v 0.0533222676087219 0.00578819556304994 0.0839981566965992
v 0.0526181430771746 0.00661460413896859 0.0851275529311399
v 0.0492030131843655 0.0244374280525676 0.0709792061676262
v 0.0502395267246915 0.0222140780659784 0.0716979413100047
v 0.0494879755249373 0.0225040788614046 0.0747183619130024
v 0.0517619447533454 0.0119120323131321 0.0827768352007083
v 0.0509025240535834 0.0141480995087851 0.082502326015331
v 0.0510475458717145 0.0111929870634296 0.0848282929175728
v 0.0518515752330452 0.000745263957810621 0.0903406495524797
v 0.0483836393531311 0.0260347132362725 0.0704901277164341
v 0.0507871257422924 0.0185136077156527 0.0773240683080836
v 0.0511539960361959 0.0157835344570364 0.0801001322247058
v 0.0518858553525048 0.00845026458229376 0.0853611211770522
v 0.0510615306107334 0.00848301453884659 0.0867005790762473
v 0.0511136362433003 0.00114406615784509 0.0913659239255057
v 0.0472971026174015 0.0210583533799486 0.082076435936769
v 0.049855747339044 0.0102259138618078 0.087288288311177
v 0.0501789944859283 0.00221770361095742 0.0920262912207925
v 0.0474598828934183 0.027688335982093 0.0700069203226211
v 0.0481895517391509 0.0256668576031387 0.0726452304576658
v 0.0494493554425164 0.0187301104001379 0.0806530472490255
v 0.0490794043337038 0.021460291692167 0.0779084173312392
v 0.0480368185705219 0.0147206914976373 0.0864224936122635
v 0.0498558143942658 0.012796352851893 0.0855072494110334
v 0.0501004020407817 0.0148544554890996 0.0833866726595162
v 0.0481228355188291 0.0165140116907198 0.0849710832915213
v 0.0488592843925357 0.00629654632118752 0.0909152979199149
v 0.0477139625790977 0.0253228065737156 0.0752739442451161
v 0.047744021944879 0.0232451731718604 0.0786057544066215
v 0.0463374529876177 0.0255170301607842 0.0785019901729675
v 0.0489123809522681 0.0174140753054246 0.0830371435797853
v 0.0470334042326952 0.00862413318428007 0.0913426781145629
v 0.0464916986240255 0.0292779154032352 0.0695728420561662
v 0.0454543096405271 0.0308600814970872 0.069160400275281
v 0.0460130398249336 0.0294964930743037 0.0713838099378986
v 0.0481294702604893 0.0125185421369821 0.0878203789631937
v 0.045108192937746 0.010183594566322 0.0920504162002261
v 0.0425210571974524 0.0348011012794652 0.0682304262765401
v 0.0436872965147771 0.0333189014826833 0.0685650020413472
v 0.0444936988858986 0.0322643873406154 0.068819074284604
v 0.0428980081263546 0.0337538551783738 0.0708823188197094
v 0.0452107091958865 0.0252353442128514 0.0808958691158324
v 0.0429093590852759 0.0264813773813785 0.0827601459005442
v 0.0460464854794118 0.0183213641202699 0.0860355849705133
v 0.0454516088052078 0.0283646121075307 0.0759872330132
v 0.0457538974700142 0.0161482571211999 0.0878354514874044
v 0.0436436957194983 0.0108191299879517 0.092783456457031
v 0.0450361346514271 0.0141630090510702 0.0896932686188831
v 0.0421182341288363 0.0328323115409778 0.0754874555285098
v 0.044298460157279 0.0314671156555181 0.0725043325311467
v 0.0435471250243504 0.0315670577382026 0.0746101869357335
v 0.0413160972148742 0.0109976039798187 0.0942559966238737
v 0.0413221992400508 0.0107217043387269 0.0944162958618336
v 0.0409252807562362 0.0366668494939087 0.0678361564613247
v 0.0394183897367007 0.0379903370314582 0.0690218343804366
v 0.0396706626566838 0.0357012468505522 0.0748637301877797
v 0.0408214233936613 0.0354015398117819 0.072895778576379
v 0.046507382095328 0.0201761953720882 0.0840276311927818
v 0.0434856614630633 0.0213221113692964 0.086432976578929
v 0.0449002025411292 0.0239826781653091 0.0826578717829762
v 0.0463533003716844 0.000401653327526066 0.0981572173947717
v 0.0442064529424982 0.00239774944241411 0.0983141266186358
v 0.0420262492657961 0.0307381359884532 0.079070067128463
v 0.0445290891418067 0.027383493630926 0.0793967601791748
v 0.0435309945182365 0.023491034867589 0.0847161467809346
v 0.0406229287614981 0.0337350089357803 0.0767993686318538
v 0.0437164320086147 0.0297104793253294 0.0776142237123648
v 0.0425386405667036 0.0185333685169647 0.0890624577761637
v 0.0410662457334533 0.0229816033096625 0.0873755048056951
v 0.0412673964974546 0.0112823046187614 0.0941182949963593
v 0.0410848982609619 0.0100016039006047 0.0949978956208103
v 0.0435760034731714 0.00702449547987979 0.0952757724685421
v 0.0429891324473828 0.00497443015605444 0.0971741207575622
v 0.0391155534542502 0.0385907234097136 0.0674640670240506
v 0.0373685488616037 0.0402864270324538 0.0671517535935695
v 0.041037903726406 0.0360089222848368 0.0703439696801311
v 0.0401328519482632 0.0143152784210823 0.0930861660893373
v 0.0419119163874724 0.0110716422578235 0.0938267835864398
v 0.0409038975910875 0.0121233037590007 0.0938533970597372
v 0.0409374997077497 0.00980940407738056 0.0952055954514683
v 0.0407601982509403 0.00964199419709747 0.0954162978660397
v 0.041510639314246 0.00773536278650001 0.0961810105402541
v 0.0403818726899929 0.00651449069293977 0.0976959370591654
v 0.0431418916930425 0.00190326142004474 0.0995770819579717
v 0.041710177027636 0.000716045692683719 0.101698359064049
v 0.042024569159963 0.00377106459763716 0.0987703778124516
v 0.0389633231997841 0.037739308358367 0.0714754222748706
v 0.0378393733756246 0.038028446749136 0.0734569935472981
v 0.0406900920166315 0.0308299979169203 0.0808169376667528
v 0.0396964118618245 0.0210328463186641 0.0896181071635013
v 0.0370555164601615 0.0215147312189788 0.0909931564854125
v 0.0407286971978921 0.0123867041204993 0.0938089990509525
v 0.0411787979231112 0.0115680036354497 0.0940059998481124
v 0.0410566978149383 0.0118496039017103 0.0939175987113058
v 0.0412827968467098 0.0104598043378143 0.0945976951435723
v 0.0412035971792776 0.0102193042658557 0.094792095688162
v 0.0405657977125922 0.00949573372000956 0.0956225969875768
v 0.039762915740611 0.00913023712682874 0.0963170879412348
v 0.0400465295261682 0.00285666839495081 0.100778152776253
v 0.0360595862301368 0.0405805759384014 0.0705503135051508
v 0.037998670505402 0.0361425111876646 0.0770098624301732
v 0.040855744491312 0.0288655760810699 0.0827959757418339
v 0.0390441098407971 0.0253014066447615 0.0873777176280829
v 0.038735018796276 0.0141710770980947 0.0939638817169394
v 0.0392680370284428 0.0138069569996042 0.0938660406947275
v 0.0402362734518969 0.0129733050627559 0.0937712544104921
v 0.0405328996757581 0.0126388038144929 0.0937834957141392
v 0.04023561407555 0.00930998516790842 0.09593131178771
v 0.0387132668274079 0.00891228902978639 0.0970246993670307
v 0.0394577176242399 -0.000411862950694286 0.104221371466934
v 0.0375381166161746 0.0397090256940882 0.0692050069003178
v 0.0349812712096482 0.0420349142905584 0.0683183505761992
v 0.0381901690427657 0.0144987387137422 0.0940843054484358
v 0.0397705414094366 0.0134106522573329 0.0938001030579186
v 0.0380684675406329 0.00885106295574288 0.0973995976731271
v 0.0340288002138787 0.0431170030299139 0.066679997741878
v 0.0354539956216179 0.041970124045216 0.0668652564242797
v 0.03594279093506 0.0390177794904014 0.0747432915551224
v 0.0372946987107487 0.034862006047238 0.0799076241275454
v 0.0388587356803505 0.0304088948498051 0.0833627786480759
v 0.0371506417427523 0.00882677872093227 0.0978749745069077
v 0.0366234573148753 0.00819874603355501 0.0985435448912483
v 0.0378095263513787 0.0019481859738759 0.102799130168577
v 0.0325877238944619 0.0442191748081746 0.0665161594782138
v 0.0361122990849894 0.036971470190315 0.0782646891862596
v 0.0380351448207279 0.0327746738526189 0.0817150827858951
v 0.0370637269995322 0.0150665520867243 0.0943745502596821
v 0.0376350747414925 0.0147947335009322 0.0942217910091178
v 0.0363649370834019 0.0088459816600525 0.0982406936979138
v 0.0326856394193344 0.0435361801220496 0.0690046235396424
v 0.0283192343488763 0.0470409814727496 0.0661468267556989
v 0.0342252459364893 0.0415103189392978 0.0718902333403326
v 0.0319353846205335 0.0406607367306783 0.0769293291063011
v 0.0368752273206955 0.0305732881764333 0.0850346292920121
v 0.0369711311889163 0.0275741334889227 0.0873096044217883
v 0.0348672028269213 0.028217580495393 0.0882485787216891
v 0.0356189030382793 0.015640334305762 0.0947972291380786
v 0.0365034694461865 0.0153052975470478 0.0945337989658013
v 0.0368892306861648 0.0160346003830285 0.0939715707159436
v 0.0349133964241066 0.0089502096889919 0.0988382004461094
v 0.0356437618990872 0.00888793680843153 0.0985487602975496
v 0.0304984824886689 0.0456642558144441 0.0663170352656312
v 0.0335058924190313 0.0350547562820738 0.0833610948168986
v 0.034796027434355 0.0250631724805037 0.0902629548997516
v 0.0341289248357778 0.0071502212266383 0.100339358292385
v 0.0341776404543578 0.00902940097452138 0.0991094164749365
v 0.0334645864024515 0.00271350130562602 0.103963126898636
v 0.0299139062415792 0.0455285770238727 0.068311041556797
v 0.031099716370421 0.0440215369927334 0.0706929250651689
v 0.0323174205704162 0.0423161848686456 0.0731135739435201
v 0.0339617375415779 0.0399015002574569 0.0758908001506894
v 0.0280394203592165 0.0169649375676952 0.0973513104613577
v 0.0346739981066939 0.0333695095486319 0.0842033829345543
v 0.0319250543910984 0.0341173429088706 0.08538549202564
v 0.0318085571192292 0.0297198372540495 0.0889563689614153
v 0.0327564348323109 0.0278846755339359 0.0896510759819058
v 0.0331399199200408 0.0163270486940475 0.0955973022670156
v 0.0344077627994325 0.0160158379594621 0.095179935652466
v 0.0342870559497553 0.00555827624628541 0.101404709337546
v 0.0311203190872946 0.00457321175614704 0.10330987490766
v 0.0290672781880054 0.0448151988717281 0.0717811717439926
v 0.0326465834779722 0.0256025758598943 0.091078026047095
v 0.0319902208907406 0.0165549712553208 0.0959833615425967
v 0.0332646873359222 0.00914541861529079 0.0994204707573249
v 0.0297770931001737 0.00623016537697424 0.102603299112544
v 0.0356045345943806 0.00079753094200487 0.104856950681129
v 0.0265237637320861 0.0480774242325638 0.0660347104213824
v 0.024973158295924 0.0488886173267483 0.065945586578274
v 0.0302553626064506 0.0431063077220494 0.0741564391369423
v 0.0281852207629776 0.0438088676317565 0.0750423653041787
v 0.0319714864068498 0.0384870932898345 0.0803028401664754
v 0.0299521947731816 0.0412518285101451 0.0778904763335628
v 0.03053262663504 0.0276820737694423 0.0908765250993551
v 0.0328545403469782 0.0205032199631293 0.0936568507479835
v 0.0343092884810458 0.0218818399314485 0.0922647544980476
v 0.0321433824677305 0.00931462408539995 0.0997713483921137
v 0.0290322809502024 0.0032301988090534 0.105019030607811
v 0.0256820120832475 0.0467579488324473 0.0714333264954389
v 0.027701780554048 0.0412701345856749 0.0796704945041873
v 0.0272530581861642 0.0322053936466617 0.0893555785114561
v 0.0318662059834584 0.0312492979436291 0.0878269056716507
v 0.0271724484964308 0.0274168293893464 0.0924569943743125
v 0.029365593830925 0.0168831618621619 0.0968865134517882
v 0.0306020623171316 0.0167576996796776 0.0964579560654322
v 0.0310268906743424 0.00950811658428729 0.100089920310156
v 0.0299080295964534 0.00972660764236108 0.10038324221112
v 0.027932342483354 0.0464039643169844 0.0691972433955093
v 0.0236447459248681 0.048905712682997 0.0681800901551524
v 0.026233647452667 0.0427518389188741 0.0785381254880549
v 0.0258619976115708 0.0439175529702953 0.0769556371058008
v 0.0272552672831909 0.0306503383514804 0.0904399583390364
v 0.027231656394565 0.0290535374554879 0.0914691219150471
v 0.0294129590318453 0.022489049178514 0.0941683479956906
v 0.0289694241304196 0.00992880800684686 0.100611192719388
v 0.0311650151178615 0.00767811997889121 0.101163377586826
v 0.0266852122168938 0.00149143094922348 0.107156020988017
v 0.0227203207755832 0.0499745542907725 0.0658428728764607
v 0.0318963398550416 0.0327160526876747 0.0866442303364523
v 0.0309218635706775 0.0243621790552818 0.0925638953023278
v 0.0280295334393028 0.0101477144347663 0.100827207397806
v 0.0263519514902326 0.0367304103935196 0.0859249364005416
v 0.0290382022988094 0.0387427003444532 0.0821364801644575
v 0.0289441219600904 0.0398960166304362 0.0807101932009266
v 0.0267240725805259 0.0104787018031466 0.10109854263592
v 0.0252328966972586 0.0109008088359425 0.101367754458612
v 0.0260832835685388 0.00900406527658129 0.10213859150994
v 0.024300493839234 0.0453723718848746 0.0757285935641394
v 0.026158236405262 0.0457546946820947 0.0732001943916039
v 0.0232026806503851 0.0344407316167785 0.0893346945345097
v 0.0277714807317364 0.0219627103914886 0.0950707324950978
v 0.0276118613643657 0.0249472470406641 0.0936287769609218
v 0.0247972296085148 0.0257182107271064 0.0942579486759465
v 0.0250752982997648 0.0169416023505364 0.0984130032715275
v 0.0265374895634433 0.016989833681404 0.0978848912294605
v 0.0237179217982157 0.0113829535752414 0.101596204155768
v 0.0203714080236772 0.050975036825294 0.0657532870973657
v 0.0196632639041168 0.049295907018189 0.0718379973209352
v 0.0192261420895907 0.0501700426138286 0.0699887111040493
v 0.024097916289126 0.0480533216056454 0.0700635745362138
v 0.0211947399756381 0.048069168989712 0.073191022727094
v 0.0272251986041843 0.0337136630235325 0.0882069076253419
v 0.0271111991393242 0.0351793337081603 0.0870119686347551
v 0.0226001969338059 0.0297961181566918 0.0927094721933572
v 0.0243896679708971 0.0218657895190717 0.0963183992433905
v 0.0214167169739189 0.0089839012126164 0.103574370512939
v 0.0227828423192574 0.00093876641020744 0.108648737326665
v 0.0165686300314563 0.0515105435512446 0.0688051715015209
v 0.024391025839137 0.0396964826423364 0.0837913136826907
v 0.0236584177395189 0.0416720524087977 0.0817934926943445
v 0.0226241933899566 0.0314199199552971 0.0916868278752231
v 0.0205553777497577 0.016225663061451 0.100166899707163
v 0.0213187250805995 0.0164347729077416 0.0998449377750246
v 0.0195704334002249 0.0218762817986259 0.0977974586681099
v 0.0226380607823375 0.0117712554630649 0.101724570206004
v 0.0219113498169407 0.0120586532120368 0.101794069220258
v 0.0180301209405968 0.0518508115485756 0.0656776935083189
v 0.0209981396534885 0.050366559116951 0.0671495333206013
v 0.0170191442638761 0.0481071296957861 0.0765136314217679
v 0.0193437718496489 0.0420298776983492 0.0837872978198387
v 0.022077423249402 0.0165956234834889 0.099541028599269
v 0.0204783629649665 0.0127209296972952 0.101874930369669
v 0.0190136310534428 0.013713767005218 0.101791208197373
v 0.023756670403145 0.00229277705394749 0.107314681098282
v 0.0201557975461698 0.00417388859757576 0.106840585764335
v 0.0239639064285175 -0.000646858499082969 0.109746639957727
v 0.0215760085157611 0.0470665965674469 0.0749035833425019
v 0.0212888016879067 0.0440128645173909 0.0801136624787674
v 0.019649396511736 0.0406795941491421 0.0851462836903419
v 0.0197067976441739 0.0349577534532748 0.0902003923758776
v 0.0231853897164064 0.0329138581411703 0.0904710794134941
v 0.0220999314521595 0.0228646981185278 0.0965828724969281
v 0.0188266997217363 0.0139196032528371 0.101742697468191
v 0.0187045996135634 0.0140852035734563 0.101695796064381
v 0.0211834001925872 -0.00048871230932211 0.110222717146068
v 0.0164478896541682 0.0523957879619492 0.0656388685336962
v 0.0147567290226995 0.0511643746944022 0.0715524836282622
v 0.0210212141003406 0.0451802549493551 0.0785725471696433
v 0.022352763165657 0.0374901833085147 0.0871064270934516
v 0.0225456195712605 0.0281430560670307 0.0936896184007163
v 0.0196657691617061 0.0158810625517389 0.100582746403305
v 0.0200226165626075 0.0160353454410477 0.100409401199011
v 0.0193391990560566 0.0134341029584846 0.101838497031365
v 0.0196572997146738 0.0132055033257364 0.1018630019904
v 0.0178083227562407 0.00124360055409468 0.109446575281473
v 0.014369771033278 0.0529901654472804 0.0655867144706834
v 0.0106560814910481 0.0510353641731019 0.0746674297451802
v 0.0195664529277577 0.0465640623841323 0.0773829576958054
v 0.0187845238499191 0.0394921802829141 0.0867318789646354
v 0.0218992724264508 0.036139448999206 0.0884921232947977
v 0.0188128993845772 0.0153073026844417 0.101086800521162
v 0.0195117824329599 0.0261351731342802 0.0956898831794437
v 0.0190126904176937 0.0154912565780393 0.100945932396965
v 0.0174119798297459 0.0218260574375572 0.0984016783892733
v 0.0186064996868312 0.0142624035161106 0.101637197249296
v 0.0213358465138788 0.00566977790413645 0.105566529060158
v 0.0140362774759859 0.0401968151792044 0.0877944732950373
v 0.0141779493269985 0.0386610159085272 0.0890379975206107
v 0.0183327281177065 0.0381179542942627 0.0881453285780848
v 0.0180155494683879 0.0435278391975256 0.0826960187547798
v 0.0148634325069074 0.0428114696374341 0.0850083957983166
v 0.0160933631089963 0.0347438249442456 0.0914342531986329
v 0.01663950926346 0.0368786881151943 0.0897221023651487
v 0.0179125116696341 0.0320218150760412 0.0927434989941828
v 0.0153122079601751 0.03120860473727 0.0938923859471294
v 0.0185987995122036 0.0150045027235697 0.101287198782998
v 0.0154044787392302 0.00784054821499398 0.105637257420184
v 0.018597335473196 0.0128458787210688 0.102325861849058
v 0.0153594809601656 0.00451215797677045 0.107596842029761
v 0.019016639225195 0.00269108390681456 0.108129357364863
v 0.0102971870432391 0.0532745764449181 0.0685200005355477
v 0.0119553462610735 0.0535929099341663 0.0655434564007046
v 0.0120116838231891 0.0468433771849193 0.0813144948784747
v 0.0164606729871312 0.04613410430246 0.0800761264545591
v 0.0121972377288827 0.0499209883444881 0.0761558918024027
v 0.0135807676295479 0.0442529222111505 0.0839384849979322
v 0.0190804348180819 0.0334840510432009 0.0914518589201899
v 0.0123965481995769 0.010575856437517 0.104803723734534
v 0.0120023715292727 0.0523734399466658 0.0702817647841178
v 0.00669257911728186 0.0522758485220317 0.0735214261668601
v 0.0151949367592885 0.0502848523292845 0.073398998229228
v 0.0105875752688352 0.0481300067022631 0.0800251793855761
v 0.0166873233618368 0.0449620870601971 0.0815799814109508
v 0.0140227071754902 0.0248285164573826 0.0976906471470598
v 0.014383508971828 0.0205456938581542 0.0997339390277727
v 0.0165754473123312 0.00608028112394584 0.106404890721927
v 0.0141421967866287 0.00296124823097361 0.108813551616366
v 0.013715813120803 0.0526886516428138 0.0676025211601886
v 0.00970564357234816 0.0540628739061751 0.0655174017209395
v 0.00707292797641253 0.0544656075678289 0.0654959589504608
v 0.015092342270056 0.0474597003542036 0.0788511467236769
v 0.0109199652089366 0.0432399078007475 0.0859196017849534
v 0.0118541506182719 0.0373501720055621 0.0906090343607432
v 0.0116785329925857 0.00633638177950216 0.107109015276081
v 0.00732762280061902 0.052977521812696 0.0713703169367391
v 0.0135046888238933 0.0454481666371594 0.0825024601257787
v 0.0150640095762341 0.0414646617838863 0.0862921233558925
v 0.01181374053396 0.0283580816739931 0.0962126084518594
v 0.0154322060734117 0.0281541034148092 0.0956229173625353
v 0.0107803869709576 0.0215042873681958 0.0999677307910979
v 0.0104215614410155 0.00469342221091903 0.108217803205152
v 0.00735373009927016 0.0541569114040581 0.0669031128234465
v 0.00755998451070246 0.0504698651365917 0.0771696773804051
v 0.012552403161306 0.0489026840221493 0.0778542814138319
v 0.00915891161601701 0.0493237498363635 0.0786257964679793
v 0.0101986186612775 0.0446017509251212 0.0846958439492618
v 0.0104322483669772 0.0419589668013797 0.0872649307415277
v 0.0132026544101358 0.0348886604978719 0.092018959849649
v 0.0104520557344154 0.0398000755093145 0.0890674422144716
v 0.0119490169932011 0.0317161214960874 0.0942566522749516
v 0.0103990420623876 0.0249871411722978 0.0982579343410298
v 0.0121117050682881 0.0185879086266092 0.101134208564441
v 0.012873536206061 0.00144292941840866 0.110074346287377
v 0.0129990896581526 -0.000185969319195049 0.111330439642136
v 0.010198932516968 0.0519134895544339 0.0728124959883281
v 0.0105684105139385 0.0458262947577319 0.0831716712600364
v 0.00861024995941634 0.0267949369113692 0.0975496300112538
v 0.00717123884769635 0.0514032738229422 0.0753788633187369
v 0.0047352483711285 0.0515557201442338 0.0757535679097421
v 0.00681825876357544 0.0435130237188154 0.0865767057260117
v 0.0062457370895738 0.0420884690609726 0.0879583562621841
v 0.0107730379049215 0.0350807476310707 0.0923630649068266
v 0.0081061194892958 0.0384611280178683 0.0905065814292449
v 0.0104776633785325 0.00809463535125363 0.106357840306509
v 0.00680585354755713 0.0536637724023646 0.0692949205049517
v 0.00426958291822869 0.0524235972525128 0.0738835467275184
v 0.00858518807029827 0.0471917588640785 0.082020347967289
v 0.00955676887293567 0.0310241637619924 0.0950482540939393
v 0.00576239187554159 0.0152311102574392 0.103684259123707
v 0.0089538809623811 0.0169892637120194 0.102447656487353
v 0.00914646262784008 0.0102647630495697 0.105500881995986
v 0.00384579927205916 0.00304753107186131 0.10977094375109
v 0.00372860257697449 0.00148258874035097 0.110829008128591
v 0.00251283343235332 0.0544689864059456 0.067662200309436
v 0.00495923469775454 0.0543563336334551 0.0673315360993548
v 0.00439019663565353 0.0538376503175761 0.0696921034971154
v 0.00675013019264607 0.0495232614727227 0.0790530574533405
v 0.00292884239809336 0.0506403455872361 0.0778720733998997
v 0.00311017438595555 0.0496715466449776 0.0795131382454975
v 0.00708280185781088 0.0484346162227991 0.0806719866244796
v 0.00827385440113973 0.0352171863808216 0.0926557013543911
v 0.00821875549798094 0.0227355832891048 0.0997398622392148
v 0.00662915931303332 0.00643535388977794 0.107658190109025
v 0.00854193465832093 0.00150840989015664 0.110494380209721
v 0.000962963391739095 0.0539015278668451 0.0701799153496344
v 0.000482067294010276 0.0532010243172709 0.0723692684091046
v -2.22559935240108e-07 0.0516085075048883 0.0761593041682398
v 0.00230486003237253 0.0516155073249779 0.0760210213954518
v 0.00297104481260249 0.0435613593578056 0.0869897957073942
v 0.00556345952179216 0.0386054606573317 0.0907394940240794
v 0.00374130721318423 0.0400142238104593 0.0899140591193573
v 0.00747331423964483 0.0406050510943294 0.0890018845572646
v 0.00584280598754494 0.0195309509131468 0.101620776170028
v 0.00370143892575062 0.0148115289713281 0.104062294124165
v 0.00637258414865108 0.00854815961807066 0.10663518816303
v 0.000325710582271428 0.0549305498487889 0.0654848277832978
v 5.11725631312339e-07 0.0545367419822042 0.0676715880407783
v 0.00374160570205314 0.0532049172454207 0.0719210489409927
v 0.00557626613781827 0.0473820951109323 0.0824583750413721
v 0.00666066036608161 0.0448765208719915 0.0852287541651259
v 0.00237321747581214 0.0474206742151622 0.0827859174582529
v 0.00645954359535238 0.0461584304467842 0.0838322322704144
v 0.00305559748907141 0.0421511433415408 0.0882511342707767
v 0.00576780099676038 0.0352965983897892 0.0928821021419293
v 0.00633214938429231 0.0318813828153079 0.0949118786697414
v 0.00317924172998901 0.0334919747352342 0.094159422200335
v 0.00620085619148594 0.0284530057909188 0.0968974658050209
v 0.00294016960829026 0.0267300088302932 0.098066961063438
v 0.00514173898784369 0.0236062394637951 0.0996181719090453
v 0.00525455846706604 0.0047126014013149 0.108693560018534
v 0.00288753614868285 0.00640209030885318 0.107910638125748
v 6.11811936656496e-08 0.00469492117452124 0.108880748401267
v 0.00068660833393307 -1.44050483299503e-05 0.112016973375895
v 0.00342402495423493 0.0485694419219386 0.0811547991375297
v 0.00080127293769823 0.011857407453138 0.105531876410576
v 2.55808899676316e-07 0.0064725886299446 0.107923624487438
v -7.06049935591359e-08 0.00132279719472867 0.111012173197891
v 0.00221015337925619 0.046156590153477 0.0843391250594155
v 0.00226458475699598 0.0448893880239817 0.0857269446761844
v 0.00261120297695614 0.0370987111988199 0.0919602269241163
v 0.00187603083001447 0.029632400970216 0.0964859404455287
v -0.000635533966438329 0.0264759216940335 0.0982758753387061
v 0.0022307663406776 0.023197455931026 0.0999968402088394
v 0.00226831959314743 0.018291245149847 0.102486570868941
v -0.000191201911139821 0.0220159075340536 0.100649786726018
v 0.00329376972038144 0.00846253941315872 0.106926274889865
v -0.00158911690309376 0.0460877132648996 0.0844619925812931
v 0.000437110493136725 0.0333364028955524 0.0943257042543805
v 0.00322954991008487 -0.104643994831472 0.238577896984415
v -2.49962981134574e-10 -0.104699993392188 0.238675693303145
v -4.42924987035959e-05 -0.104700991769934 0.235500092010943
v 0.00107880000669292 -0.104680994412701 0.238667795687889
v 0.00322954991008487 -0.104643994831472 0.233973497883078
v -1.897759840634e-12 -0.104699993392188 0.234071189893681
v -2.37834397702472e-06 -0.104700015743929 0.237233350338786
v 0.00215530989129958 -0.104661995433214 0.238635191947925
v -0.000950395892770999 -0.104716995616185 0.235710794425514
v -0.000994379810853024 -0.104718865711813 0.235795611833134
v -0.00018253530021881 -0.104703271647473 0.235580796698165
v -0.00087373704780697 -0.104711884518174 0.235648850299816
v -0.000949963933742884 -0.104716995616185 0.236920500466514
v -0.000874346132737598 -0.104712197442542 0.2369822210748
v -0.000994408332605319 -0.104718537886284 0.236834714483439
v -0.000123726502889907 -0.104701826234916 0.237074027126863
v -4.53558980408915e-05 -0.104700991769934 0.23714079922868
v -0.000104605993088999 -0.10470199759826 0.235555390218897
v -4.65314789960681e-06 -0.104699799677104 0.235414440138315
v 0.00323094293574999 -0.10464979138286 0.238574916752243
v 0.00340957013017215 -0.104581357803804 0.23858092192007
v 0.00323023769176877 -0.104644181095976 0.233971381918235
v 0.00349296656972766 -0.104499021442112 0.23411115480711
v 0.00336021702132455 -0.104608291651196 0.233996132746425
v 0.00348461982443786 -0.104492993922737 0.238612586886899
v 0.00999999923189607 -0.0642648974826 0.114991595260987
v 0.00999999923189607 -0.0653564223817675 0.11414720607965
v 0.00999999923189607 -0.0645067954696669 0.115233597563946
v 0.00999999923189607 -0.0667845942962931 0.114814800437954
v 0.00999999923189607 -0.0666579940376847 0.116184001054227
v 0.00999999923189607 -0.0664679520887484 0.114765730915239
v 0.00999999923189607 -0.0660599881198004 0.114628692389383
v 0.00999999923189607 -0.0675308816611422 0.114765999136135
v 0.00999999923189607 -0.0647695997847502 0.115451497239213
v 0.00999999923189607 -0.0656851568809626 0.11442037416055
v 0.00999999923189607 -0.065080788167595 0.113816817541045
v 0.00999999923189607 -0.0647637957827813 0.113135797236805
v 0.00999999923189607 -0.0704502946515118 0.113836494523961
v 0.00999999923189607 -0.0703121981476683 0.114149195384625
v 0.00999999923189607 -0.0634407962582343 0.111487594735155
v 0.00999999923189607 -0.0635496939383085 0.111163501937013
v 0.00999999923189607 -0.0701461992210089 0.110553001376547
v 0.00999999923189607 -0.0699534005574019 0.1102713992386
v 0.00999999923189607 -0.0663204976561848 0.108863001118682
v 0.00999999923189607 -0.0664674007458142 0.11023504785668
v 0.00999999923189607 -0.0673210956746993 0.110195284108923
v 0.00999999923189607 -0.0670006983747382 0.108800095868108
v 0.00999999923189607 -0.0694932005707336 0.109766398897028
v 0.00999999923189607 -0.0684010945263111 0.110644896835575
v 0.00999999923189607 -0.0676804967619612 0.108863500307571
v 0.00999999923189607 -0.0680135004436058 0.108942200788657
v 0.00999999923189607 -0.0681318827122634 0.110466485236589
v 0.00999999923189607 -0.0656633937362241 0.10904939973989
v 0.00999999923189607 -0.0660591685559794 0.110372280097627
v 0.00999999923189607 -0.0653541648559696 0.11085496595081
v 0.00999999923189607 -0.0650520959832788 0.109353800653954
v 0.00999999923189607 -0.0706837958347032 0.112158400293624
v 0.00999999923189607 -0.0706999933960388 0.112500001955777
v 0.00999999923189607 -0.0706846973549063 0.112841797333021
v 0.00999999923189607 -0.0646957645350556 0.112178099628282
v 0.00999999923189607 -0.0692853964386215 0.112927195885915
v 0.00999999923189607 -0.0706373936212725 0.113180299553715
v 0.00999999923189607 -0.0705591997821662 0.11351240172582
v 0.00999999923189607 -0.0692073963146001 0.11323681965686
v 0.00999999923189607 -0.0633152986854941 0.112158199127953
v 0.00999999923189607 -0.0633625949685477 0.111819696907259
v 0.00999999923189607 -0.0633162002056973 0.11284159616735
v 0.00999999923189607 -0.0633634964887508 0.113178898844594
v 0.00999999923189607 -0.0646950939828384 0.112822917562211
v 0.00999999923189607 -0.0632999951937814 0.112500001955777
v 0.00999999923189607 -0.069032330031848 0.113634032451346
v 0.00999999923189607 -0.0701461992210089 0.114447397415771
v 0.00999999923189607 -0.0636874998695245 0.114148100149301
v 0.00999999923189607 -0.0635497982464312 0.113835399288638
v 0.00999999923189607 -0.0634416009208949 0.11351189508635
v 0.00999999923189607 -0.0638537968193915 0.114447002535008
v 0.00999999923189607 -0.0693245343363657 0.112608556912648
v 0.00999999923189607 -0.0638537968193915 0.110552599045204
v 0.00999999923189607 -0.0650796631299861 0.111185861128885
v 0.00999999923189607 -0.0640469978143289 0.110270497718368
v 0.00999999923189607 -0.0687924213496922 0.113984343842022
v 0.00999999923189607 -0.069734495060805 0.114992601089345
v 0.00999999923189607 -0.0699529982260716 0.114729498742606
v 0.00999999923189607 -0.0694930962626109 0.115234096752835
v 0.00999999923189607 -0.0684864260212406 0.114290629752935
v 0.00999999923189607 -0.0692300982324426 0.115452696782663
v 0.00999999923189607 -0.0682245977321624 0.11447629821726
v 0.00999999923189607 -0.0689479000571216 0.11564619580702
v 0.00999999923189607 -0.0686494968698849 0.115812500212807
v 0.00999999923189607 -0.0679412968709731 0.114628193200494
v 0.00999999923189607 -0.0680120997345298 0.116059099523892
v 0.00999999923189607 -0.0683365948535961 0.115950596721084
v 0.00999999923189607 -0.0676794983842156 0.116137002792872
v 0.00999999923189607 -0.0671103262116711 0.11482441913729
v 0.00999999923189607 -0.0673411004825126 0.116184097911773
v 0.00999999923189607 -0.0669992976656622 0.116199900592866
v 0.00999999923189607 -0.0659864955967946 0.116057795672317
v 0.00999999923189607 -0.0663194992784392 0.116136496153403
v 0.00999999923189607 -0.0653502980048504 0.115810898338015
v 0.00999999923189607 -0.0656625965241437 0.115948897988746
v 0.00999999923189607 -0.0650514999368635 0.115644400217137
v 0.00999999923189607 -0.0640465954829985 0.114728597222374
v 0.00999999923189607 -0.0648720303612185 0.113441762772759
v 0.00999999923189607 -0.064675394648813 0.112500001955777
v 0.00999999923189607 -0.0647935534000648 0.111761545127
v 0.00999999923189607 -0.064918894510621 0.111464594793366
v 0.00999999923189607 -0.0636877978927321 0.11085080107635
v 0.00999999923189607 -0.0642654935290153 0.110007395371629
v 0.00999999923189607 -0.0656839126340706 0.11058144769263
v 0.00999999923189607 -0.0645068997777895 0.109765899708139
v 0.00999999923189607 -0.0647698978079578 0.109547299678311
v 0.00999999923189607 -0.0653504991705156 0.109187496248167
v 0.00999999923189607 -0.0659878963058706 0.108940896937082
v 0.00999999923189607 -0.0668921732236735 0.110175532620202
v 0.00999999923189607 -0.0666588955578878 0.108815898549201
v 0.00999999923189607 -0.0673420988602582 0.108816002857327
v 0.00999999923189607 -0.0677395202582357 0.110293452956674
v 0.00999999923189607 -0.06864969803555 0.10918909812296
v 0.00999999923189607 -0.0683373995162568 0.109051098472228
v 0.00999999923189607 -0.0689484961035369 0.109355596243838
v 0.00999999923189607 -0.0692303962556503 0.109548499221761
v 0.00999999923189607 -0.0697350985578005 0.110008401199987
v 0.00999999923189607 -0.0686462782192423 0.11085530867751
v 0.00999999923189607 -0.0689203031080935 0.111185555655087
v 0.00999999923189607 -0.0691289938592484 0.111560521016407
v 0.00999999923189607 -0.0704501977939693 0.111164597172336
v 0.00999999923189607 -0.070312496170876 0.110851896311673
v 0.00999999923189607 -0.0706364995516496 0.11182109761638
v 0.00999999923189607 -0.0705583951195055 0.111488101374624
v 0.00999999923189607 -0.0693149007361786 0.112285298579515
v 0.00999999923189607 -0.069265734357497 0.111968030513047
v 0.0296842309313159 -0.0463118416182106 0.0130795116406788
v 0.0287124014655646 -0.0469205279427989 0.0131138960693651
v 0.0271085690845167 -0.0478714939213699 0.0133538485313837
v 0.0255624190953089 -0.0469991427396861 0.0131770546396735
v 0.0242492878642251 -0.047690083469585 0.0133583132917066
v 0.0256895297186604 -0.048645300004155 0.0137968088210342
v 0.0228586333462522 -0.0483728211106935 0.0136843302022443
v 0.0247622062936811 -0.0491272445091113 0.014199948552252
v 0.0216466903073898 -0.0489241752207107 0.0140930187532376
v 0.0208187054680994 -0.0492826487107388 0.0144592436523905
v 0.0241089375598738 -0.0494533415029187 0.0145697311035604
v 0.0202234320505002 -0.0495299595443146 0.0147784134795126
v 0.0196377270405116 -0.0497648055572305 0.0151612010189622
v 0.0192948997688849 -0.049899590278179 0.0154419984942228
v 0.0232681153709141 -0.0498605343368169 0.0152042551293018
v 0.0228890540651727 -0.0500389198530441 0.0156063089384218
v 0.0189577703284595 -0.05002746086071 0.0157735735377616
v 0.0226677997731705 -0.0501440922430227 0.0159270014779195
v 0.0224396983979727 -0.0502524907342241 0.0164370086095406
v 0.0225383999590552 -0.0502050901430479 0.0161740031203478
v 0.0187355996150938 -0.0501120920011016 0.0160679962619842
v 0.0186143991644789 -0.0501572909458314 0.0162760015664398
v 0.0185142987569654 -0.0501942905270607 0.0165120061521529
v 0.0223786986353025 -0.0502830902670693 0.0167140062887816
v 0.0184517995650317 -0.0502172904681109 0.0167559977600873
v 0.018430999407783 -0.0502249906427385 0.0169999893680217
v 0.0223634994517125 -0.0502935918598487 0.0169999893680217
v 0.0236750343959903 -0.0496656197084355 0.0148666162446152
v 0.0267334062948604 -0.0463435065840231 0.0131290123657358
v 0.0349867995401501 -0.0424960903032318 0.0167150046665593
v 0.0317911004098413 -0.0430293916574458 0.0150980051957517
v 0.0345045681878565 -0.0428684777517669 0.0153059900111111
v 0.0314950404300747 -0.04324701937954 0.0147512644957468
v 0.0342001263053748 -0.0431057563791153 0.0148796333399497
v 0.0338545460443675 -0.0433737798256225 0.0145128310208135
v 0.0323721972359817 -0.0425944901158166 0.0163000073365865
v 0.0315544774335498 -0.0450614740746572 0.0133136172597047
v 0.0279722198511822 -0.0456061338383727 0.0132083377642556
v 0.0306220466358494 -0.0456978951840072 0.0131400103537736
v 0.0322725978799861 -0.0426699905701839 0.0159700062281637
v 0.0321384986124152 -0.0427708900524229 0.0156580057220607
v 0.0294118135051409 -0.0446902824442428 0.0135258125843299
v 0.0288180953961566 -0.0450751123616972 0.0133622788631407
v 0.0321972464372226 -0.0446054426876059 0.013514762442229
v 0.0330732186008793 -0.0439644245702779 0.0139295753703361
v 0.03049872276988 -0.0439562959872894 0.0139964173213448
v 0.0299638474806006 -0.0443219704630722 0.0137313899308877
v 0.0326422919437821 -0.0442831790173069 0.0137011815525327
v 0.0310145506509007 -0.0435940152507836 0.0143313777223666
v 0.0334739108035607 -0.0436634919110663 0.0141950022981688
v 0.0319762994816533 -0.0428920923656829 0.0153670009516105
v 0.0347487013489807 -0.0426789163652529 0.0157824583549248
v 0.0349190737662123 -0.042546176828567 0.0163038909516359
v 0.035004800141892 -0.0424856892932849 0.0169999893680217
v 0.0324565974083874 -0.0425301916087668 0.0169999893680217
v 0.0324344989875403 -0.0425468920842653 0.016645997390613
v 0.0226127995901993 0.050136503827098 0.0159019973299951
v 0.0204954843982459 0.0494180741815837 0.0146257678502999
v 0.0236746097129194 0.0496437336291239 0.0148340125046519
v 0.0243207445161936 0.0493307533817431 0.0144168945532241
v 0.0262610264722245 0.0483265939858973 0.0135927048267565
v 0.0212962727571934 0.0490784320329888 0.0142376261374885
v 0.0294111485408589 0.0464768794200253 0.0130786976647668
v 0.0263423253406256 0.0465666700871992 0.0131339176416266
v 0.0319950972954757 0.0428777052953337 0.0153940018550902
v 0.0321512987091837 0.0427607051093016 0.0156819965910465
v 0.0289351495988951 0.0450000328651107 0.0133897081749951
v 0.0315987934845269 0.045018089346204 0.0133278124780697
v 0.0327221845151721 0.0442073209350904 0.0137519870604876
v 0.0322609302714067 0.0445450706363168 0.0135471463900697
v 0.0294987189351358 0.0446322573257139 0.0135543660025068
v 0.0335461739808349 0.0435853204237005 0.0142748585505443
v 0.0318152998943022 0.0430114059568643 0.0151280012325644
v 0.0324354973652859 0.0425461060480552 0.0166530009362176
v 0.0347193982170888 0.0426562069968302 0.0158600058586894
v 0.034558022375438 0.0427885628286364 0.0154894940818214
v 0.0348722990237721 0.0425313054705054 0.0164149995949492
v 0.0323763993632095 0.0425908058039121 0.0163149979044125
v 0.0322794971172431 0.0426642051946655 0.0159890052082612
v 0.0348073001621843 0.042584606921193 0.0161319967478812
v 0.0324565974083874 0.0425302065099272 0.0169999893680217
v 0.0315252823350706 0.0432252897624124 0.0147814570416184
v 0.0342699270658958 0.0430187336024824 0.0150245890388357
v 0.0349260996633326 0.0424871049035212 0.0169999893680217
v 0.0349126997948588 0.0424981056851735 0.0167050059876217
v 0.0339337755141204 0.0432842536540454 0.0146260826373231
v 0.0245359023709544 0.0475486416552358 0.0132908836761664
v 0.0300517661895015 0.0442626936470713 0.0137691913820239
v 0.0305714553337063 0.043904954039192 0.0140365107572859
v 0.0331495237179072 0.0438880300462877 0.0139939698056734
v 0.0283609277956261 0.0453642209501455 0.0132689826949913
v 0.0274725131630502 0.0459088322850897 0.0131581702122501
v 0.0279485623964302 0.0473746817836421 0.0131876884805928
v 0.0225039093607053 0.0485378402860577 0.0137917033107943
v 0.0310683792301369 0.0435543632630061 0.0143728457903971
v 0.0305287933115316 0.0457515356360936 0.0131302594066353
v 0.0252805133552604 0.0488457913918095 0.0139492858808647
v 0.0232395498464611 0.0498486506614119 0.0151824565936076
v 0.0199142236593412 0.0496552634019698 0.0149707409000976
v 0.022853950656602 0.0500260527010539 0.0155750639980645
v 0.0193826061362504 0.0498649227285495 0.0153635531955163
v 0.0189532198866077 0.0500291223400927 0.015778947268897
v 0.0187281993263189 0.0501150051779564 0.016080006597638
v 0.0186095991281907 0.0501592057449405 0.0162869986231551
v 0.0224706983995031 0.0502003068705651 0.0161540057624726
v 0.022290098198314 0.0502808066642407 0.0167060043653994
v 0.0223598989588351 0.0502497042172326 0.0164230015183314
v 0.0185126987448693 0.0501951063655917 0.0165189947965966
v 0.0184511997933263 0.0502177039753115 0.0167610045501365
v 0.022264999056295 0.0502919043034354 0.0169999893680217
v 0.018430999407783 0.0502250055438989 0.0169999893680217
v 0.0217059242825547 -0.0505184205676976 0.00779756420558175
v 0.0389589050057308 -0.0387759858114572 -3.01595242033865e-10
v 0.0379129515803025 -0.0398021132429967 0.00767929462315228
v 0.0365962366201468 -0.0410147696749124 -3.68848193737065e-10
v 0.0432863658935296 -0.0338782314387952 1.29007135421792e-10
v 0.0452278790579371 -0.0312425663444264 2.08305187883465e-10
v 0.0453601715598116 -0.0310537630544469 0.00887064709058447
v 0.0419883407137834 -0.0354757215134554 0.0077973271839918
v 0.0504075410332926 -0.0219802006284874 -7.24249047311321e-11
v 0.0486024368163152 -0.025694774927115 3.91661035120474e-11
v 0.0539890721840915 -0.0104734659079173 0.00792752933664181
v 0.0536803760203206 -0.0119575246244569 8.41993678167205e-11
v 0.0549473732588606 0.00255987453303535 4.28058201531523e-09
v 0.0521222659872609 0.0175576964144798 0.00786525086614673
v 0.0492306809139054 0.0245361053992646 6.57023448727279e-11
v 0.0410203613353459 0.0366460288475644 -8.05529722128267e-11
v 0.042473999332965 0.0349431726678407 0.0078026208213876
v 0.0406163461738992 0.0370852181980936 0.00788149499413009
v 0.0387777851265734 0.0390116215858734 -1.02956972241833e-11
v 0.0364061127148284 0.0412342786685048 2.96866240227282e-11
v 0.0339127276250804 0.0433085611719191 -8.19292740323283e-11
v 0.0365680846028945 0.0410841271259121 0.00792776402992537
v 0.0321049970785856 0.0446572763739959 0.00786766578552874
v 0.0312892554051944 0.0452397441068915 -1.92061307006436e-10
v 0.0285347218918105 0.0470251825174543 -1.00630612702755e-11
v 0.0256902710513895 0.0486374023891524 4.55550760534775e-11
v 0.0247090594425324 0.0491390201511034 0.00777230534093889
v 0.0227692990271149 0.0500716837794348 2.87551018230784e-11
v 0.0221962674540314 0.0503222803188748 0.00786651373952969
v 0.0167027143978668 0.0524083049366704 2.23052113456487e-10
v 0.0197735995461679 0.0513285445036247 6.32098248492176e-11
v 0.0196551073814525 0.0513701671698627 0.00779228640066937
v 0.0135669402840356 0.0533060849485466 -3.53875406305156e-12
v 0.0103699913188997 0.0540192619350261 -6.52660549893777e-11
v 0.00714676089780076 0.0545398973029151 1.34658406413211e-10
v 0.00570145590846428 0.0547039143752437 0.00797502678688555
v 0.0431267409382237 0.0341420602086548 -1.68465820858205e-10
v 0.0442372499157184 0.0326816272819014 0.00798608531088936
v 0.0455155012556372 0.0309041200139522 -2.39027459145437e-10
v 0.0476978544247244 0.0273968487959187 -1.45734143714975e-10
v 0.0505956123037683 0.021580212505634 -8.390352808174e-11
v 0.0517890127111799 0.0185336814413327 -1.32854585472057e-10
v 0.0527985812282445 0.0154244220797569 1.90380150961612e-12
v 0.053656150458829 0.0120860313002718 0.00796830822598245
v 0.0536188044256207 0.0122740187517204 1.14702959842199e-10
v 0.0529516794753029 0.014872439327036 0.00779930112214458
v 0.054250639702863 0.00908348753009669 -8.17141544483277e-11
v 0.0546925261634215 0.00586546925550271 3.37719185340218e-11
v 0.0542976938420604 -0.00876327183802774 2.10102361364407e-10
v 0.0518759386302703 -0.0182322980220195 7.12748177867354e-11
v 0.0528734819109064 -0.0151144863257067 1.35718377944492e-10
v 0.0517707029103601 -0.0185242378309404 0.00793492310639642
v 0.0507470900496351 -0.0211564663451961 0.00831336882010023
v 0.0469999399517666 -0.0285134057818836 1.88085185579939e-11
v 0.0411869861107413 -0.036400524779685 -2.07061071989878e-10
v 0.0338716264994557 -0.0432949005331386 0.00781853758949329
v 0.0335281137744515 -0.043574196707475 5.13321207390981e-10
v 0.0267125167306494 -0.0480634692958658 1.53727929724843e-10
v 0.0301593413915918 -0.0459617612067678 -1.58081100229309e-10
v 0.0315001180004749 -0.0450531331501332 0.00785417930362717
v 0.0230228906997919 -0.0499307635056989 -1.02699922657631e-10
v 0.0200373985137068 -0.0512064630219022 -3.21728227140333e-11
v 0.0192122374443089 -0.051519834424743 0.00783377775176366
v 0.0138486346138711 -0.053223361156684 4.47554969184614e-11
v 0.0169800007781967 -0.0523043544418431 -2.27633922244701e-12
v 0.0137823253814922 -0.0532383032952574 0.0078717887504744
v 0.0106510346542911 -0.0539582901120316 -1.46976927340962e-10
v 0.00668745265244907 -0.0546056300466518 -2.04254650290959e-10
v 0.00162773489003904 -0.0549952655883295 7.98033676844789e-10
v 0.0549908958230474 -0.000997350729704255 0.00499799836431447
v 0.055000000432041 1.19258923276923e-05 0
v 0.055000000432041 8.34621837264718e-09 0.00200600917623917
v 0.0548867702395856 -0.00393387793560355 7.60339330044099e-09
v 0.0549909964058799 0.000997369123324103 0.00499799836431447
v -0.00559124785759894 0.0547202646734732 -6.44110653183305e-11
v -0.00284220565464659 0.0549265749642569 0.00785948225424851
v -0.0113307305960364 0.0538203239933415 0.00788821914296852
v -0.0257491120084493 0.0486061397546702 -6.20724499581687e-11
v -0.0285827632328832 0.0469960172212959 -6.43225389118831e-11
v -0.0342587660967694 0.043031034510378 0.00769607798689429
v -0.0321048145393709 0.0446573806821186 0.00786879175449628
v -0.033925144016969 0.043297761555932 -1.87525185629388e-10
v -0.042474431466616 0.0349425989731659 0.00779778166939806
v -0.0484927754517714 0.0259624630975137 -8.24809022075713e-11
v -0.0511553371406303 0.0202042132788971 0.00787080061724482
v -0.0512323090845854 0.0200219814006462 -2.471225946374e-10
v -0.052951683200593 0.0148723955548774 0.00779845920655595
v -0.0523259648496876 0.0169608062209792 -1.04614425892972e-10
v -0.05487680881387 0.00368425113574147 0.00782967900120439
v -0.054795277114838 -0.0047298271427169 0.00765470444810306
v -0.0548644296748824 -0.00392820850973933 -6.93072667086851e-11
v -0.0517704905688246 -0.0185246084973049 0.00792985484905865
v -0.0518697360222612 -0.0182500136390691 1.12112788766962e-10
v -0.0461166624942324 -0.0299174136022042 -2.70123251057908e-10
v -0.0453594786558538 -0.0310547483936772 0.0088666954889887
v -0.0469211724179855 -0.0286432917463563 0.0090128367614857
v -0.0401046105240486 -0.0375897491368994 -1.57267445548324e-10
v -0.036007681763235 -0.0415318362148899 0.00775447517064641
v -0.0378093959662254 -0.039898072990569 -2.02273304692136e-10
v -0.0353784877166705 -0.0420698835886857 1.26895269231554e-10
v -0.031501365972657 -0.0450522837839914 0.0078589541943605
v -0.0322094393117055 -0.0445584407024699 -2.23270535953913e-10
v -0.0287647622805032 -0.0468496095952492 -1.57241591230216e-10
v -0.0252957646929118 -0.0488268743687041 2.71361871347646e-10
v -0.0243502842040066 -0.0492944988585329 0.00795998127102893
v -0.0269293323395027 -0.0479304838900335 0.00772532011809974
v -0.0215575031372113 -0.0505833002200024 1.20317253468831e-10
v -0.0185076621526601 -0.0517812790089415 -1.02749959020454e-10
v -0.0137815579717325 -0.0532385938678849 0.00787265488044944
v -0.0153982528481579 -0.0527938575604033 -1.29013949415453e-10
v -0.0122510374371207 -0.0536157124348414 -5.25644793711169e-11
v -0.0090604978335943 -0.0542499915023864 -2.37445224837258e-10
v -0.011166247862446 -0.0538441285970523 0.00993494946654998
v -0.00584242088568131 -0.0546932004409288 -5.84933520826594e-12
v -0.0056271633794105 -0.054703068734392 0.00960788481813926
v -0.00260640247500671 -0.0549436665952155 1.18846763105583e-10
v -0.00267036011801281 -0.0549369722489137 0.00779027846924338
v -0.0422536745008416 -0.0351579952464928 1.14947847280382e-10
v -0.0437020859164566 -0.0333403777800844 0.00774526625323445
v -0.0442563271262979 -0.032603392464604 -2.15960661189715e-10
v -0.0478205841069236 -0.027117191268443 6.03331607288793e-11
v -0.0493489327974096 -0.0242332467650735 -1.95688200849449e-11
v -0.0495842332957172 -0.0237460645022428 0.00779973651543848
v -0.0506977299558686 -0.0212786893879422 6.00711550398179e-11
v -0.0526728117093274 -0.0157867363438736 0.00779501284744561
v -0.0540093414875016 -0.0103823648699522 2.50125973365932e-11
v -0.05310940453266 -0.0143059856849388 -9.30729361649998e-11
v -0.0545343801482836 -0.00715989207972645 -9.40094996200359e-15
v -0.0549936450871379 0.000838414545612501 0.00799263809637789
v -0.0549451865135745 0.0025721372567075 4.85020970869818e-11
v -0.0550012558548032 -0.00068667282801785 -1.59216955502627e-10
v -0.0546955250219484 0.0058283709540858 -7.50766654272839e-11
v -0.0532341868497018 0.0138486383391612 -1.56751431245246e-11
v -0.0541108742690568 0.00993705393647345 -1.66805912573402e-10
v -0.0521222436355203 0.0175577318047357 0.00786537007543362
v -0.0500198351918844 0.022870124003552 0.00798603036285869
v -0.0499526160573996 0.0230288511639448 -5.99391564640343e-11
v -0.0468694244132676 0.0287903866884257 6.05048844713749e-11
v -0.0473773192890298 0.0279353078142701 0.00794090405983692
v -0.0450868582013686 0.0315087271458858 -6.48884750860361e-12
v -0.0431527173860603 0.0341104958256749 -1.10179814196462e-10
v -0.041062885521787 0.0365991609728718 -2.93844025871668e-10
v -0.0364260318409695 0.0412159353400742 -2.93506934413351e-10
v -0.0388149076423759 0.0389743947619482 -8.57249113629716e-11
v -0.0313066078064596 0.0452272830115218 1.58374532168159e-10
v -0.0247113318694907 0.0491377796295016 0.00777268671752467
v -0.0273115675924055 0.0477420810687392 0.00788876676063015
v -0.0228044061609757 0.0500551546672806 -3.43098153324252e-10
v -0.0221959191394075 0.0503224107040282 0.00786738452611749
v -0.0197919018964076 0.051321969366606 -1.55079862149499e-10
v -0.0167265581171236 0.0524013460947718 -1.57534981535703e-10
v -0.0136114127971967 0.0532953263107506 -2.43374981390392e-10
v -0.0140917554274119 0.0531645723536855 0.00783445761722793
v -0.00957222789550983 0.0541761637032721 -2.07605927804822e-10
v 0.00243630689339534 0.0549710288509676 -2.29973146492789e-10
v -0.00232154607237193 0.0549563996367622 2.51521825518571e-10
v -0.0280755687116591 0.0472980637422461 0.0131748697569623
v -0.0244750758342736 0.0475744206626972 0.0133179665360309
v -0.0227396345420838 0.048431185230621 0.0137132542867976
v -0.0265257027455809 0.0481818590151035 0.0135142045800193
v -0.0257115126555145 0.0469174806555007 0.0131656627021954
v -0.0255512115600563 0.0487052063941822 0.0138396524524766
v -0.0245701228857724 0.0492069470907064 0.0142821983035907
v -0.0205854017252831 0.0493807691265665 0.0145757269581617
v -0.0215157463605299 0.0489823679772939 0.0141465362724691
v -0.0239118436367866 0.0495298552361919 0.0146708624883548
v -0.0199473526641613 0.0496425862397745 0.014949325137973
v -0.01916648901929 0.0499491403617404 0.0155571518713872
v -0.023044216122944 0.0499393093211782 0.015367676160462
v -0.0227789978198788 0.0500612045383959 0.0156709995343313
v -0.0188260477959696 0.0500774840561136 0.0159354522987726
v -0.0186317999945154 0.0501509057986075 0.0162429954951332
v -0.0226129988932194 0.0501364069695555 0.0159019973299951
v -0.0224707989823357 0.0502002062877325 0.0161530073846949
v -0.018524999652765 0.0501905056323236 0.0164819952141793
v -0.0184555993609292 0.0502161058258605 0.0167369987799898
v -0.0223599976790226 0.0502497042172326 0.0164230015183314
v -0.022264999056295 0.0502919043034354 0.0169999893680217
v -0.0222901987811466 0.0502808066642407 0.0167060043653994
v -0.018430999407783 0.0502250055438989 0.0169999893680217
v -0.0195569441247888 0.0497974912525292 0.0152243428254647
v -0.0234640991575529 0.0497434857220135 0.0149937874080139
v -0.0267029520483289 0.0463606391931727 0.0131294379801429
v -0.0324358996966163 0.0425458042995574 0.0166549976917729
v -0.0303931797135369 0.0458409574995481 0.0131182863238837
v -0.0294092188405893 0.046478153469238 0.0130788885858903
v -0.0313108658130389 0.043380578480047 0.014575584465811
v -0.0308334214585181 0.0437217405470009 0.0142033823385079
v -0.0337441917758659 0.0434321364949699 0.0144430097689552
v -0.0348073001621843 0.0425845063383605 0.0161319967478812
v -0.0348723996066047 0.0425312048876728 0.0164149995949492
v -0.032376298780377 0.0425910032442872 0.0163180079389064
v -0.0344208832711492 0.0428991033616427 0.0152485013325102
v -0.0278328027319999 0.0456911710353847 0.0131906361164755
v -0.0286812710788808 0.0451625933490119 0.0133317584917301
v -0.0313613360432539 0.0451839355359695 0.0132701570927317
v -0.02924088415704 0.0448021864334242 0.013472773764891
v -0.0320404825047102 0.0447038723025115 0.0134660365775368
v -0.0297907611895344 0.044438605570675 0.01366084317876
v -0.0324890670368605 0.0443788966210229 0.0136423489754867
v -0.0303246064361024 0.0440760975914734 0.0139015323169187
v -0.032924098963643 0.044057530745637 0.013859524081807
v -0.0333445538302815 0.0437397411487428 0.0141238082768662
v -0.0317358096542426 0.0430708019821484 0.0150222299988069
v -0.0341057945095743 0.0431488579855212 0.014815552760313
v -0.0321535972131726 0.0427592038173931 0.0156880017588734
v -0.0319983979025004 0.0428754067913447 0.0154030021562501
v -0.0346740316343047 0.0426937765474442 0.0157369185446891
v -0.0322807972434865 0.0426634042572949 0.0159939970971495
v -0.0349260996633326 0.0424871049035212 0.0169999893680217
v -0.0324565974083874 0.0425302065099272 0.0169999893680217
v -0.0349127966524012 0.0424981056851735 0.0167050059876217
v -0.0225382993762227 -0.0502051907258804 0.0161740031203478
v -0.0267095234600576 -0.048094150785093 0.0134598293127158
v -0.0222023713418531 -0.0486754972056699 0.0138917310783625
v -0.0282166715246096 -0.047220581433548 0.0131671397797658
v -0.0338510554475479 -0.0433758399110454 0.0145093478744623
v -0.0310208259020667 -0.0435888147458101 0.0143362010418728
v -0.0317154136909692 -0.0430858484288445 0.0149976626411603
v -0.0326365140188439 -0.0442871874294497 0.0136983643018075
v -0.0320147072225388 -0.0447370832637137 0.0134469891686665
v -0.0306466857045416 -0.0438525876363183 0.0140835257824467
v -0.0324565974083874 -0.0425301916087668 0.0169999893680217
v -0.035004800141892 -0.0424856892932849 0.0169999893680217
v -0.0349867995401501 -0.0424960903032318 0.0167150046665593
v -0.0324355979481185 -0.0425460911468948 0.0166490074251069
v -0.0319979918458799 -0.0428765430048239 0.0153945979015246
v -0.0347489658445775 -0.0426778509322856 0.0157832257647091
v -0.0322353114514194 -0.0426993346802669 0.0158631406904055
v -0.0323727001501446 -0.0425939909269438 0.0163000073365865
v -0.0349192227778161 -0.042545983113482 0.0163047161034185
v -0.0345000456856804 -0.0428723632293366 0.0152982106738192
v -0.028329821623328 -0.0453840730210649 0.0132630958051288
v -0.0301565064458291 -0.0460061219612261 0.0130977711506686
v -0.0265534449809227 -0.0464455497303214 0.0131307595268467
v -0.0313785580593658 -0.0433317436521839 0.0146373181126121
v -0.034197250381421 -0.043108397609793 0.0148767155063886
v -0.033472439313973 -0.0436647473338285 0.0141943559603164
v -0.0330591481801883 -0.0439751236034325 0.0139209336283594
v -0.0292213729501644 -0.0448157986434334 0.0134636048943489
v -0.0300526993746705 -0.044261944863762 0.0137674516714934
v -0.027408240733031 -0.0459465061438264 0.0131547280440913
v -0.0311042705375629 -0.0453720217076056 0.013214014175221
v -0.0252343812253617 -0.0471781727310999 0.013204613405363
v -0.0291953704252972 -0.0466213871481232 0.0130849840920049
v -0.0233992195052481 -0.0481138203167977 0.0135397302685738
v -0.0255759642500964 -0.0487053367793355 0.0138419015964441
v -0.0212878144860313 -0.0490811105165675 0.0142425770481845
v -0.0203929718653955 -0.0494614961629379 0.014679296545402
v -0.0247510639510052 -0.0491329367523774 0.0142059006346933
v -0.0241120966058749 -0.049451951969713 0.0145674111790789
v -0.0236744979542165 -0.0496659251822234 0.0148668397620282
v -0.0197865114016392 -0.0497064600637534 0.0150578353913612
v -0.0232644850757159 -0.049861905243572 0.0152075426979167
v -0.0193841167413842 -0.0498651685976958 0.0153626516752842
v -0.0226675986075054 -0.0501440922430227 0.0159279998556972
v -0.0187725991963232 -0.0500982898012974 0.0160139944550247
v -0.0190010451608549 -0.0500117699388274 0.0157267820300136
v -0.0228876086526156 -0.0500394972730089 0.0156091252578245
v -0.018635799093433 -0.0501494901883712 0.0162380036062448
v -0.0224395996777851 -0.0502524907342241 0.0164380069873182
v -0.0185269982709013 -0.0501898909594579 0.0164780017030686
v -0.018456098549802 -0.050215889759035 0.0167340036466568
v -0.0223785999151149 -0.0502831908499018 0.0167150046665593
v -0.018430999407783 -0.0502249906427385 0.0169999893680217
v -0.0223634994517125 -0.0502935918598487 0.0169999893680217
v -0.0324272980017856 -0.00958972092647619 0.234552199366267
v -0.0323895980660182 -0.0106236016180271 0.234580600978868
v -0.032361297037162 -0.00925355167957289 0.234602595092298
v -0.0322999973886391 -0.0109523016582888 0.234648892999093
v -0.0321780984461313 -0.0112636017998365 0.234741205690625
v -0.032026598348524 -0.0115548012073509 0.234854797239867
v -0.0346606988210526 -0.011287201512592 0.234704101800082
v -0.0344380978366809 -0.00827950194092464 0.234883690590776
v -0.0345968995028756 -0.00857082148904464 0.234755689618982
v -0.0318935980415313 -0.00824172098009771 0.234953487628248
v -0.0297709798991268 -0.00665261560212019 0.236452440102716
v -0.0319378544878669 -0.00643068470430439 0.236778566909315
v -0.0310380572314039 -0.0062064334164203 0.23740617400245
v -0.0291096105220067 -0.00643472524707431 0.236887241075473
v -0.0283914435094441 -0.00627431239291326 0.237345183551047
v -0.0343292970141492 -0.0118856013799039 0.234970892184133
v -0.0341302994678231 -0.0121501016333033 0.235129202117118
v -0.0301222021119838 -0.00609835809413468 0.238018909737045
v -0.0277385230902608 -0.00618533802993151 0.237747321179196
v -0.0264630079759172 -0.00612183766628465 0.238499189052749
v -0.0311132261349526 -0.0125929445620937 0.235523039798669
v -0.0338246133384494 -0.0124828939047349 0.235370094283593
v -0.0333536658898553 -0.0128709787944103 0.235733265376092
v -0.0328293611112221 -0.013193366330605 0.236128146138903
v -0.0306130891758146 -0.0129391339080316 0.235876540037769
v -0.0293725992389497 -0.00608404133863608 0.238499993715435
v -0.0300880579656127 -0.0132132966326164 0.236237803781678
v -0.032273022563057 -0.0134489463768705 0.236536154824432
v -0.0295489153565288 -0.0134286267820441 0.236599976496399
v -0.0304129926689103 -0.00694829560229707 0.236014986723326
v -0.0325473976291772 -0.00666848161263729 0.236335689507372
v -0.0329573993318075 -0.00687897167890828 0.236031705825812
v -0.0333506968336491 -0.00712912164919816 0.235734591579409
v -0.0337076988340895 -0.00741302135077027 0.235460499626536
v -0.0310161897785428 -0.00733215787564913 0.235593820312757
v -0.0340285990482135 -0.00773065122585162 0.235209400164871
v -0.0314114002168485 -0.00767236161172596 0.235307792530035
v -0.0316645001512328 -0.0079427115018979 0.235122600902857
v -0.0320942980454311 -0.00857041170713412 0.234803999182492
v -0.0342485997800985 -0.007998621586975 0.235035205594408
v -0.034728797124 -0.00888492118609916 0.234648699284001
v -0.0322586988226395 -0.00893062118234678 0.234680498361278
v -0.0348309967324823 -0.00922035096291848 0.234565297486664
v -0.0348969976971059 -0.00956585113018871 0.234511191371578
v -0.0349251981431295 -0.0099166812562632 0.234488005165279
v -0.0324424003278331 -0.0102823017153397 0.234540501954991
v -0.0324550998417689 -0.00993514100000936 0.234530890706236
v -0.0349149982988477 -0.010269101149886 0.234496394518843
v -0.0348663981642607 -0.0106185016958863 0.234536299827628
v -0.0347808990312769 -0.0109594011298885 0.234606201173226
v -0.0345107000153538 -0.011593601035019 0.234825397249488
v -0.0318501984119177 -0.0118242011485485 0.23498589765312
v -0.0315639433956827 -0.0121776324584322 0.23519744943386
v -0.0316834022731779 -0.0136446107198835 0.236957842775631
v -0.028721146584064 -0.013665127755085 0.237138772670803
v -0.0275412447653138 -0.0138370890085424 0.237867484140378
v -0.0310761539105664 -0.0137842746395347 0.237379754244244
v -0.0301950035936769 -0.013899292971236 0.237972164795425
v -0.0264597893252746 -0.0138693286003521 0.238499859604988
v -0.0293725992389497 -0.0139160008973147 0.238499993715435
v 0.0213727287484702 -0.0127942601701818 0.241044739461435
v 0.0195239864833131 -0.0117498881303992 0.24181085284477
v 0.0199206926255922 -0.012033154532655 0.241653153859381
v 0.0191447389130669 -0.0114216332623039 0.241956660703793
v 0.0188192621800605 -0.0110555359660952 0.24208004231572
v 0.0227025213395065 -0.0112313659333168 0.242094660354525
v 0.0223902991886601 -0.0106586016497977 0.242236191580381
v 0.0186291997420287 -0.0107519015402417 0.242151895713391
v 0.0225032984131296 -0.0109081010913046 0.242185691546223
v 0.0185259980305106 -0.0105207016550068 0.242190191696803
v 0.0223101998636698 -0.0103941013963984 0.242271805354838
v 0.0184311987108031 -0.0100210014861325 0.242224896500448
v 0.0222685995491724 -0.0101193016472073 0.24229019338734
v 0.0222719988763846 -0.00984044133181195 0.242288792678219
v 0.022318898416043 -0.00956607092230435 0.242267901250692
v 0.0184506987418085 -0.00976607150298869 0.242217892954844
v 0.0224233983911594 -0.00925917127968208 0.242221394727646
v 0.0227457998971919 -0.00871166166904347 0.242076093508092
v 0.0193906993289831 -0.00836080174064822 0.241862887698496
v 0.0232574815303362 -0.00816575020785587 0.241839597184071
v 0.0249948692866011 -0.00707306674346859 0.240992183067079
v 0.0243496546299804 -0.00633092748914096 0.23964192927684
v 0.0264643155527407 -0.006125553643155 0.238500485453744
v 0.0272473659428981 -0.00633234589334485 0.239777917270856
v 0.0284508283588579 -0.00613680262225988 0.239071065804264
v 0.0293734839953474 -0.00608280733629191 0.238500038418918
v 0.0260858856836706 -0.00664734291965114 0.240421513309594
v 0.0221347368375226 -0.00690691880520538 0.240709597452515
v 0.0208955004607749 -0.00742150988991433 0.241249928446488
v 0.0237387927359763 -0.00778722720653331 0.241613576376135
v 0.0242540562355475 -0.00745895604029391 0.241363326280639
v 0.0202077988706141 -0.00779024189754316 0.241537088717436
v 0.0197784983026436 -0.00806534153258697 0.241710389218247
v 0.0229483997990405 -0.00847143168061688 0.241983691409595
v 0.0189687971871424 -0.00876069579992664 0.242023045375428
v 0.0225668984282865 -0.00897434118690859 0.242156991910406
v 0.0187365998554844 -0.00906753118129477 0.242111900997641
v 0.0186104987857488 -0.00928517101058171 0.24215879495087
v 0.0185126000246818 -0.00951885100769773 0.242195094178727
v 0.018457499258878 -0.0102753009639276 0.242215300152854
v 0.0230565114429045 -0.0116426957018662 0.241933802323033
v 0.0234474918143067 -0.0119924343179427 0.241751337608292
v 0.0238697776610272 -0.0123006955540949 0.24155048486105
v 0.020511702448677 -0.0123848945608354 0.241411278216289
v 0.0244983607600161 -0.0126802234524207 0.241242477866058
v 0.0254116621930756 -0.0131053079233255 0.240778247100601
v 0.022561539598484 -0.0132320814079234 0.240513080943083
v 0.0263570774894041 -0.0134360913320731 0.240274289840289
v 0.0279215614938174 -0.0138046501137125 0.239389920844363
v 0.0244663661060301 -0.0136833760886182 0.239579657325603
v 0.0293747468686898 -0.0139197978992446 0.238500112924722
v 0.0264583047971715 -0.0138656163487719 0.238500008616596
v 0.0257127699409218 -0.0138322377495154 0.238916347051046
v 0.0186710999423788 -0.0564440011041827 0.243733788049211
v 0.0185432982777145 -0.0562263994591193 0.243779787932788
v 0.0206434920363886 -0.0579990228717532 0.242978597216786
v 0.0099999889873483 -0.0576005509419688 0.243071163228054
v 0.0215100317655232 -0.0583959525314381 0.24261997097835
v 0.0200309947400325 -0.0576525746181537 0.243222484516595
v 0.0192312774019874 -0.0570691569362837 0.243527719895667
v 0.0188850340393431 -0.0567254281444539 0.243654901303614
v 0.0100000290342168 -0.0563594519201733 0.243617499389853
v 0.0183787000601311 -0.0557459003667201 0.243838498506579
v 0.0184432984530336 -0.0559929020012179 0.24381549111421
v 0.0183574994341971 -0.0554904013455142 0.243845993790492
v 0.0183820993873433 -0.0552353009303486 0.243837202105585
v 0.0100000038885087 -0.0551778420559142 0.243696222222681
v 0.0185934984243976 -0.0546829000138145 0.243761802231629
v 0.0099999731548654 -0.0541465103941112 0.243455464166653
v 0.019587430036286 -0.053643171548136 0.243392849488716
v 0.019086477238617 -0.0540601209167945 0.243581110755031
v 0.0201421480832596 -0.0532785736811907 0.243178764510629
v 0.0207003064356364 -0.0529734761476522 0.242955723934865
v 0.0100000187896691 -0.0532518559006251 0.242949942284451
v 0.0256331046122276 -0.0515747191237213 0.240664551243233
v 0.0268526900837211 -0.0515042627121435 0.240000048875808
v 0.00999999923189607 -0.0517999985916718 0.239999989271164
v 0.0100000076137988 -0.0518774361968888 0.24083968458683
v 0.0239928277181746 -0.051843498804118 0.241492593851106
v 0.00999999084999335 -0.0524264731764666 0.24209613556945
v 0.0215279969770092 -0.0525951319602542 0.242612088264255
v 0.0227059225293637 -0.0521789574519355 0.242095539523016
v 0.0187770993467586 -0.054405201988929 0.243695298350707
v 0.0184492998953776 -0.0549886010443485 0.243813300643564
v 0.019622581873628 -0.0573802223845553 0.243380094095019
v 0.0100000122704114 -0.0584592526607423 0.242237443277893
v 0.0227251431636119 -0.0588330333677732 0.242089519454028
v 0.00999997967412306 -0.0589631614761022 0.241335580319116
v 0.0248211906744096 -0.0593181108416998 0.241084078526108
v 0.0100000457980223 -0.0592294042339437 0.240000674724564
v 0.0260873497226781 -0.0594608267052618 0.240420351019047
v 0.0268522262851042 -0.0594954607272805 0.240000019073486
v 0.0279415458125352 -0.000499914431262515 0.144604187951888
v 0.0314405208095257 -0.000499962510787811 0.1468638446883
v 0.029358618225221 -0.00064990165363746 0.145481732216141
v 0.026497958647594 -0.000649899616369438 0.14379457808
v 0.0242761434805242 -0.000499968331553585 0.142639320880786
v 0.0235429002189448 -0.000649898510423941 0.142284464636047
v 0.0204998429876577 -0.000649903807320796 0.140954223104844
v 0.0212884105324466 -0.000499948133496348 0.141278859795357
v 0.0182363008462272 -0.000499925025056224 0.140102681366294
v 0.0136954572043982 -0.000500068856178509 0.138703700780041
v 0.0168400174149198 -0.000649864808190108 0.139624547817754
v 0.0131084502055211 -0.000649917718950997 0.138576221348877
v 0.00989281704791087 -0.000649908638556389 0.137888398664704
v 0.00903265501541987 -0.000499934978565698 0.137739223143327
v 0.00579340631257114 -0.000499956981060325 0.137298521310869
v 0.00662416090504756 -0.000649900896937909 0.137391713170892
v 1.2021927687012e-07 -0.000649905495342871 0.136993047513223
v 0.00251616314320688 -0.000499979099970268 0.137050938523167
v 0.00331491656243968 -0.000649905204304582 0.137092244541073
v -1.11986990657812e-14 -0.000499997551797773 0.13700009576231
v 0.0340809132970259 -0.000499938820271109 0.148822661888093
v 0.0321134944652936 -0.000649905378927555 0.147339057609311
v 0.0347501616626982 -0.000649906310250079 0.149358343719877
v 0.0377090441016305 -0.000649850547313961 0.15194140035045
v 0.0365954431333564 -0.00049991559541567 0.150932412946245
v 0.0426178439594259 -0.000649909511671255 0.157220330300473
v 0.0404630020576946 -0.000649908987802335 0.154735651133903
v 0.0400515921954082 -0.000500051044635239 0.154265817531962
v 0.04314803097112 -0.00049993957697066 0.157881777929922
v 0.0446152998051988 -0.000649908289310442 0.159823488597047
v 0.0450839152221931 -0.000499961346634656 0.160485293854357
v 0.0464619074791311 -0.000649912072808196 0.162553381266742
v 0.0473322134765524 -0.000499920717689551 0.163952048928617
v 0.0481432203062321 -0.000649911199693329 0.165391128538747
v 0.0493019159111132 -0.000499977470155851 0.167606752344815
v 0.0496594655291976 -0.00064990654308071 0.168341260365965
v 0.050669842434213 -0.000499948482742295 0.170592766167385
v 0.0509953135792843 -0.000649906368457737 0.171377893431979
v 0.051857919402078 -0.00049992875034632 0.173657428316978
v 0.0528247998199373 -0.000499948133496348 0.176668595299082
v 0.0523438052639554 -0.000649862247053167 0.17506745066343
v 0.0536188416785217 -0.000499905874736827 0.179723333275542
v 0.0534112983167163 -0.000649912654884773 0.178846742685584
v 0.0542558551089969 -0.000499931544313891 0.182946722590624
v 0.0541066572406686 -0.000649907765441523 0.182089250190051
v 0.0549071140487976 -0.000649905902796475 0.188684861614893
v 0.0546068631176734 -0.000649907940064496 0.185378428130334
v 0.0547001592828273 -0.000499954769169331 0.186206455837046
v 0.0549485504505308 -0.000499978750724321 0.18948216312791
v 0.055000000432041 -0.00049999993831174 0.191999997377396
v 0.0550069853509702 -0.000649905495342871 0.191999922871591
v 0.0530709371871329 -0.000650024588210614 0.177542041744097
v 0.0385867969539528 -0.0104040972810474 0.1495553966711
v 0.0395977475536429 -0.0106454606889855 0.150500100467352
v 0.0389052980812553 -0.0108173977280573 0.149498906370277
v 0.0312259366494397 -0.00272781387017327 0.14661076337224
v 0.0288318826948004 -0.00441461404958506 0.144787159306098
v 0.0218403271612683 -0.0049971181040591 0.140880328248136
v 0.00409622421532421 -0.00938915968963247 0.129902300315299
v -0.000541069864631808 -0.00731608138624163 0.134387564635555
v 0.00189510629436424 -0.00606047981010401 0.135573622534269
v -0.0012834666296373 -0.00937461988238939 0.129618150078845
v 7.7670363088382e-05 -0.00810574323499614 0.133361753820738
v 0.00349231022017894 -0.00765103060063862 0.13425470588532
v 0.0379244999795989 -0.00959330744951572 0.149543192620355
v 0.0388627813453943 -0.00959843438000977 0.150557127209966
v 0.038307333141562 -0.00550202622848709 0.151922475876157
v 0.041999278165504 -0.00396995364488922 0.15622938820207
v 0.00973524659009275 -0.00657449487183193 0.136331257157074
v 0.0337250884882557 -0.0115281998421008 0.141809207011553
v 0.0314498042324439 -0.0107924224519339 0.141626876407261
v 0.0237307367961445 -0.00955503102510608 0.137919825212959
v 0.0261437655158857 -0.0099616166367187 0.138701376198946
v 0.00984392820334142 -0.00757743842612281 0.135494407963133
v 0.0117398372977213 -0.00510187605551459 0.137524363304875
v 0.0277145080076596 -0.000649970047635308 0.144482490171138
v 0.0313752500017609 -0.00501800999657641 0.146335360117211
v 0.0357573273676511 -0.00355378798413453 0.149982866272713
v 0.0395165995594907 -0.0116317973656916 0.149253499152061
v 0.0475110795552019 -0.00256386385306646 0.164209049249983
v 0.0508903796078718 -0.00587852825993279 0.170804273244643
v 0.052906942466545 -0.00454307741890257 0.176868017534881
v 0.0529096209501237 -0.00810258046370499 0.176566447841381
v 0.0540568240350599 -0.00858202716165217 0.181600909346322
v 1.82229432278727e-07 -0.00934572373844044 0.128052067874698
v -0.000543707078981195 -0.00842073793299613 0.132839185010511
v 0.00613665547330111 -0.00931807370402846 0.130935591512868
v 0.00298691431557906 -0.00834931015202585 0.133175131682117
v 0.00267091891152715 -0.0087529620976882 0.13229421975551
v 0.00246741190154034 -0.00908861446059074 0.13135178093571
v 0.00288436569398088 -0.00689354221979465 0.134968307577782
v 0.00154905315434545 -0.00749654468301965 0.134244871119152
v 3.4358442751625e-07 -0.00681845294432167 0.13488119539139
v 1.43387573111113e-07 -0.00579981520851934 0.135689330048352
v 0.00772315780482434 -0.00946266990776617 0.129380685179367
v 0.0136461921055291 -0.00960756413471153 0.129562941277855
v 0.00167988185004302 -0.000650150724204944 0.137018543399456
v 0.00434356904217211 -0.0018708233401221 0.137119781886344
v 0.0119199103703618 -0.00957050867413072 0.130832922514537
v 0.00945876300977843 -0.00950451795405496 0.130114373636669
v 0.00669792444290777 -0.00912881034072214 0.131967645914086
v 0.00645637197649725 -0.0083286329293503 0.133801278461487
v 0.00308891904482328 -0.00341701023298494 0.136807975095332
v 0.00123186973199899 -0.00469206573966297 0.136305373840659
v -0.000888335702992027 -0.00187870000036795 0.136982005753025
v 0.000761956342444714 -0.00263481083878377 0.136901986519203
v 0.0077767628666548 -0.00526469079046477 0.136689481064167
v 0.00668627546077887 -0.00605708933045576 0.136118856010164
v 0.00597547520938037 -0.00385619376274837 0.136939567246894
v 0.00565988073967499 -0.000649924180001006 0.13728139987704
v 0.010005042343363 -0.0093427835532325 0.131960836083572
v 0.0132458202777959 -0.00955557119216994 0.131938007505134
v 0.0127994262162219 -0.00804785688352333 0.135673817939896
v 0.00976754764918907 -0.00867587653238526 0.133906704174577
v 0.00666095233569285 -0.00711985173045655 0.135316726521029
v 0.00387183998114984 -0.00622936583658747 0.135624003359139
v 0.0041374431532481 -0.00503458055258285 0.136327397756411
v 0.00820618264390833 -0.00892900906305791 0.132931214579987
v 0.00819092013038671 -0.00800337971374959 0.134627398819609
v 0.00890816792761815 -0.00443722190385266 0.137195315870747
v 0.00974360707238977 -0.000649839546066647 0.137845587629551
v 0.0123158342017208 -0.0090833785653614 0.133640763156695
v 0.0106964850561023 -0.00584846144357131 0.136951696791834
v 0.00701309609218729 -0.00235965066777591 0.137347829252157
v 0.00937046245864271 -0.00193441462413035 0.137736734649463
v 0.0173047603928597 -0.00983184056830376 0.131502983014964
v 0.0183622212393932 -0.00988724401392787 0.132305648945891
v 0.0149232075804587 -0.00526790478449474 0.138263937720717
v 0.0128223954236287 -0.00424715434354694 0.13804983784147
v 0.0107359302902794 -0.00325207301400279 0.13781596412176
v 0.0171914854969232 -0.00967760797041129 0.133355852961037
v 0.0143038818273574 -0.00880810477300562 0.134919163549263
v 0.0181807288312263 -0.00949289970556934 0.134788554874318
v 0.0142907343472875 -0.0093745500332001 0.13335954844893
v 0.0140750922048143 -0.00904639667925997 0.134315800644849
v 0.0128145890782334 -0.00739659514975504 0.13637497716304
v 0.0154506946881561 -0.0077195531209956 0.13684636048571
v 0.0130326964314274 -0.00665707430870334 0.137018737114547
v 0.0126236968318328 -0.00203992834381399 0.13840178835984
v 0.0139850202782382 -0.00065027284387089 0.138805267092468
v 0.0214915282496185 -0.00960676505998603 0.136320245199198
v 0.0213471769837045 -0.00920023532772484 0.13721717587373
v 0.0184896988038192 -0.00857967650360185 0.136907634059169
v 0.0156351803669148 -0.0085428846072953 0.135853734556129
v 0.0175563180571445 -0.00610552927756869 0.138724830626141
v 0.0146071223037832 -0.00615786168717024 0.137753364344984
v 0.0146033253018533 -0.00362086881722452 0.138664421320012
v 0.0155783389593138 -0.00183170022712292 0.139193844664234
v 0.0163744548731589 -0.00277021954582324 0.13934057639523
v 0.0185172082085301 -0.00906697425042548 0.136069071231729
v 0.0168548291683399 -0.000650094495607564 0.139643025257222
v 0.0167760374201732 -0.00704589913412399 0.137865033644474
v 0.0200348504152814 -0.00770392832301218 0.138583001377068
v 0.0185432498489433 -0.00799288277758275 0.137672421239188
v 0.0212953917260858 -0.0099218333324654 0.134962302409955
v 0.0248977304847136 -0.00935511798873899 0.139096778502387
v 0.0230477849508556 -0.00731222105438007 0.140313264571579
v 0.0171573189988115 -0.00455819837140056 0.13920554207551
v 0.0253678118033604 -0.00878191505231111 0.140243631446876
v 0.0244900887533588 -0.0101973837276108 0.136353132061218
v 0.0213540240669002 -0.00870629259469321 0.138055172457058
v 0.0202275801610217 -0.00697884204975836 0.139236312972688
v 0.0216003178962799 -0.00628537371052959 0.140243601644555
v 0.022712676480307 -0.00850748690080703 0.139023196570057
v 0.0223353772367809 -0.00794485354370286 0.139429625732534
v 0.0237115850797631 -0.00625389873451197 0.14127544742952
v 0.0256557655518791 -0.00587466327145862 0.142477628384285
v 0.0197131623023022 -0.0055391673707401 0.139791589831004
v 0.0193933945763672 -0.00387872548139964 0.140180793251526
v 0.0227578623865215 -0.00386633726201739 0.141595166736949
v 0.0196736481502583 -0.000650399329111167 0.140641075209355
v 0.0223159405357071 -0.00065001050195744 0.141721498778727
v 0.0186853659407998 -0.00234289454575659 0.140174758281378
v 0.024442393864265 -0.00999242851109931 0.137205627474063
v 0.0269396644315828 -0.0106131009565702 0.136606839226033
v 0.0276027269530514 -0.0104936411477525 0.138261285314084
v 0.0271976985126987 -0.00738376711331088 0.142638203293721
v 0.0209810927260111 -0.00247062775821536 0.141052913493225
v 0.0231756275937109 -0.00189231255962318 0.142070349855639
v 0.0274202194033334 -0.00946836028838718 0.140710887147988
v 0.0271521996821162 -0.00797751781858349 0.142192002932906
v 0.0272278994395036 -0.00818499785045725 0.142072301907711
v 0.0251520579021844 -0.00735586189652736 0.141415756760185
v 0.0284868779911129 -0.0064122864278448 0.143967282534377
v 0.0244524279331375 -0.00480232221929956 0.142185923259275
v 0.0292866996372806 -0.00619644358536772 0.144572895514081
v 0.0298388062558972 -0.00610891742891063 0.144966464974736
v 0.0285306557376712 -0.0101569848191692 0.140294191085677
v 0.0274830985748568 -0.00857437727844088 0.141887602018842
v 0.0277251399855924 -0.00882621433948279 0.141791742851025
v 0.0267828669714595 -0.00856761960220748 0.141415756760185
v 0.0243873731921983 -0.00795411647752554 0.140513789493282
v 0.0281172751969242 -0.00656482029345369 0.143662225969235
v 0.0269109163679151 -0.00473820438881935 0.143549230466428
v 0.0248178006604226 -0.00335052637763277 0.142692473321576
v 0.0293340238600099 -0.010915557259431 0.138095182073969
v 0.0289461447926123 -0.00968831352282349 0.141604137235787
v 0.028517864954128 -0.00942791574514191 0.14164019804507
v 0.0281015805497515 -0.00913943859336485 0.141700890473256
v 0.0273398984235824 -0.00838530763021952 0.141970690891802
v 0.0271385986479772 -0.00756900716331398 0.142480101976988
v 0.0271220415961474 -0.00776882473912237 0.142328884996573
v 0.029178293695499 -0.0105974891971021 0.139634844519909
v 0.0272897988597319 -0.0072150673513322 0.142799597767004
v 0.0266818911207735 -0.00691027389459772 0.142592039497375
v 0.0250444212328075 -0.000650389259186377 0.143046614310594
v 0.0268189855215813 -0.00289701188970224 0.143834289673694
v 0.0295900071689282 -0.0100259682291524 0.141577419454364
v 0.0305028429407258 -0.0104343932027497 0.141586747581063
v 0.0274597391433124 -0.00700565342823757 0.143029984615073
v 0.0277692232059385 -0.00675909370627732 0.143347379341408
v 0.0305356720596931 -0.00606328681619103 0.145450961318963
v 0.0277604110322174 -0.00172151196686121 0.144479033101819
v 0.0288796707161466 -0.00628986734170739 0.144269984716103
v 0.0297647214117662 -0.00333287199503915 0.145563763106679
v 0.0324179810512565 -0.0111167313064954 0.141690146736276
v 0.0310423990570103 -0.00606575761484693 0.145793896635013
v 0.0284170157633053 -0.00599558013436499 0.144078355787433
v 0.031694943221894 -0.00610789995905327 0.146228608200805
v 0.031173180953751 -0.000650026800101608 0.146658730209051
v 0.032569134696885 -0.00624236104542467 0.146797445115504
v 0.0340650994405701 -0.00669409763865708 0.147746589457692
v 0.0343509260484441 -0.00602654521130078 0.148202997113697
v 0.0336399991371824 -0.00653713766275337 0.147483107131352
v 0.0332116988096026 -0.00640301790608698 0.147213396119772
v 0.0344854984278571 -0.00687357792451113 0.148001995354846
v 0.0332089346443517 -0.00478327807066965 0.14770517913166
v 0.0349413621768542 -0.00463374306358772 0.149094846492376
v 0.0325186979942808 -0.00197117438980983 0.147589605728024
v 0.0350146274571641 -0.000650109920636866 0.149571907157334
v 0.0357111971003975 -0.00756019778356043 0.148703005566381
v 0.0352989043443584 -0.00730422425352863 0.148484077711014
v 0.0348967145750586 -0.00707690938020219 0.148250084782017
v 0.0364881994820847 -0.00814697753974168 0.149088602905975
v 0.0368602144016102 -0.0084776910993 0.149248328449242
v 0.0361042003043216 -0.00784093750780897 0.148905691156409
v 0.034375591194167 -0.00279548329909836 0.148938518413785
v 0.0375800969102618 -0.00920425770970555 0.14947870039615
v 0.0372261980764711 -0.00883074801752912 0.149378803013739
v 0.038303123563754 -0.00800582350405229 0.150957104169791
v 0.0367150808247762 -0.00736306800455601 0.149730544915858
v 0.0366738604898686 -0.00547196220609317 0.150379222250449
v 0.0381118746208267 -0.000649999384294811 0.152333941631005
v 0.0398052983660285 -0.012023197763552 0.149062496072147
v 0.0382598990227749 -0.00999561735942113 0.149569895500618
v 0.0407193951485234 -0.0117069848956908 0.150781643000655
v 0.039213990519736 -0.011225371941553 0.149398830173936
v 0.0389502697832892 -0.00723982562930747 0.151980679810479
v 0.0373658144986735 -0.00363755229608697 0.151409592820489
v 0.0389741824204128 -0.00368286323235024 0.152962904729778
v 0.0373168753626878 -0.00166253957691022 0.151554238388965
v 0.0424285805961196 -0.0125786087144834 0.15219172495175
v 0.0408829949883612 -0.00900822828826311 0.153249573262418
v 0.0404388510020049 -0.000650000839486255 0.15470860552694
v 0.0411241255656684 -0.0110155719852723 0.152059596358398
v 0.0403559521215078 -0.00969250819947112 0.152186345632679
v 0.0425471714810225 -0.0112574541398562 0.153802123208296
v 0.0398890913161485 -0.0055911100218654 0.153524216558243
v 0.0416407934996056 -0.00738826493544004 0.154922481888775
v 0.0405194178509021 -0.00379254531882021 0.1545697714112
v 0.0408614926139295 -0.00187356096268109 0.155139740814125
v 0.0393368096088975 -0.00176525630222397 0.153520088936684
v 0.0420735231971091 -0.00945457857767856 0.154478144173067
v 0.0405381039060216 -0.00737674913243206 0.153643679164864
v 0.0430440171463611 -0.00773084121564649 0.156546246486614
v 0.0428421511266614 -0.00595630719485478 0.156853955458389
v 0.041401518116766 -0.00573959310015659 0.155166950333857
v 0.043326602751852 -0.009417728008053 0.156154122438562
v 0.0436808890158127 -0.0108446836153624 0.155768629407094
v 0.0423214151759398 -0.00205015077266692 0.156818237375805
v 0.043751636000018 -0.00387191169298418 0.158439915811123
v 0.04265619582096 -0.000650092924000805 0.157275375188692
v 0.0444014346261012 -0.00803937998591082 0.158291649260558
v 0.0442112511161413 -0.00625102793283205 0.158590253623048
v 0.0454684359405695 -0.00569981631516096 0.160530608284534
v 0.0450288740610308 -0.0113629655312336 0.157502483781372
v 0.0465884369572278 -0.0129365979167991 0.1590474808429
v 0.0467325162769647 -0.0112207069470308 0.160523202407586
v 0.0450170686167178 -0.00999497567820217 0.158317860402513
v 0.0445774210555069 -0.000650120456222918 0.159755494600039
v 0.0452033442973675 -0.00326269451455721 0.160528060186027
v 0.0458323371782669 -0.00930329640954179 0.159958135486585
v 0.0466638256528922 -0.00522091583787405 0.162507843319151
v 0.0471588422007938 -0.00827292121597078 0.162567924799742
v 0.0456179094803649 -0.00754496879764967 0.160275634521045
v 0.0470633481144836 -0.0097754294317088 0.161845903951394
v 0.0459883597780503 -0.0020305946294795 0.161787089069476
v 0.0479936350077339 -0.00805425506926251 0.164157148506705
v 0.0479114551082252 -0.011858966487043 0.162402179187487
v 0.0483931164911342 -0.0115569441804784 0.163559760967796
v 0.0478171270377149 -0.00556391586982887 0.164411615630725
v 0.0490761149025494 -0.010892993177322 0.165312524915207
v 0.0473271061038313 -0.000650004273738061 0.16395382216676
v 0.0491336333816252 -0.0091553101918171 0.166088264448458
v 0.0499626817912379 -0.00610730810358933 0.168594952629619
v 0.0489620725968531 -0.00636809377710211 0.166439142083247
v 0.0501350099857697 -0.0139765089216923 0.166233595470333
v 0.0504570985674342 -0.0127665402865805 0.167761441295711
v 0.0488800342583681 -0.00285637037174317 0.166705589740598
v 0.0487769256791024 -0.000649977148969553 0.166566964241111
v 0.0510090114709658 -0.00928295073768474 0.170483734373367
v 0.050157432506855 -0.00990835150760947 0.168171133812417
v 0.0517460116876065 -0.00886923957744178 0.172649633005642
v 0.0502634356365249 -0.000650022085281331 0.169652488015909
v 0.0501800189407045 -0.00279691311200317 0.169403787641143
v 0.0521385343291083 -0.00430000363714926 0.174365129149739
v 0.051323254591689 -0.00323495833281177 0.172151218977171
v 0.0527810947165358 -0.0105788469141413 0.17566538954529
v 0.0518043050270223 -0.000650039489370996 0.173490550216499
v 0.052779660479849 -0.0131508402815188 0.174895759487992
v 0.0521891647467974 -0.00830588910199421 0.174068625850932
v 0.0533039280055813 -0.013283334880381 0.177003409482462
v 0.0535417467999935 -0.00956471584803208 0.178900476271648
v 0.0535196819067573 -0.00561059934266173 0.179175536799978
v 0.0541100435293655 -0.0153515628560674 0.180503066319904
v 0.0538141511876531 -0.000650000082786704 0.180635239616739
v 0.0542831912877183 -0.000649952236092039 0.183137829978663
v 0.0544841781389554 -0.010073460089936 0.184211309607074
v 0.0545687347735451 -0.00064996201497854 0.185144107375798
v 0.0545409925382032 -0.0134700529392295 0.184155340846881
v 0.0548213466949269 -0.000649996473911924 0.187519829254154
v 0.0549575358502414 -0.000650001887224094 0.18981037609703
v 0.0549951165767257 -0.0054981956989463 0.191002528570536
v 0.0550054654326112 -0.00250534979021254 0.191999982476235
v 0.0550000041573311 -0.000649999908163731 0.19199989306927
v 0.0549909964058799 -0.00549809977272634 0.192997361876129
v 0.0545999974080273 -0.00549126945333608 0.192987884737822
v 0.0545999974080273 -0.00252759978380033 0.191999997377396
v 0.055000000432041 -0.00250551975657315 0.191999997377396
v 0.055000000432041 -0.00549824971565269 0.191999997377396
v 0.0549909964058799 -0.00549809977272634 0.192997361876129
v 0.0549911975715451 -0.00549809977272634 0.191002632878662
v 0.0545999974080273 -0.00549126945333608 0.192987884737822
v 0.0545999974080273 -0.00549126945333608 0.191012110016969
v -0.00313644443321774 -0.00939566963407451 0.128793400627522
v -0.00668843938866314 -0.00605679689518326 0.136119422254277
v -0.00973515997709803 -0.00657450791034726 0.136331227354752
v -0.0312160907077171 -0.0107094183319916 0.141616728716715
v -0.0149232317948443 -0.00526770222184579 0.138264042028843
v -0.0227119556366735 -0.00850747945022684 0.139022838942196
v -0.00984370934254831 -0.00757739791359302 0.135494422864293
v -0.0130327020193625 -0.00665704078109248 0.137018766916869
v -0.0134271692622942 -0.00404880080674612 0.138252255210602
v -0.0269106034435471 -0.00473808657652008 0.143549066553658
v -0.0277661815065755 -0.00171845629766031 0.144482743490873
v -0.0268191810993113 -0.00289688546266962 0.143834453586464
v -0.0297642762395998 -0.00333306873692232 0.14556343528114
v -0.0398890540632476 -0.00559100850771029 0.153524201657082
v -0.0382595972742772 -0.0099961072350687 0.149567302698628
v -0.0389058978529607 -0.0108170978422046 0.149499502416711
v -0.039215041051543 -0.0112252024408537 0.149400305388861
v -0.0395170987483635 -0.0116316977141815 0.149254393221712
v -0.0398056001145262 -0.012023197763552 0.14906289840349
v -0.0400819980131683 -0.0124028979565448 0.148825597416782
v -0.0379241982311011 -0.00959363713768918 0.149542000527486
v -0.0375796983042216 -0.00920446725727342 0.149478491779897
v -0.0368601995004499 -0.00847746013131407 0.149249177815411
v -0.0440628504598935 -0.0034090360167047 0.158914294267126
v -0.0520816379734784 -0.000650451774210794 0.174320917405466
v -0.0521393687940897 -0.0042907784218888 0.174368407405129
v -0.048878745307995 -0.00284651325415024 0.166703876107099
v -0.0489620539704027 -0.00636811938847152 0.166439112280925
v -0.0367128419254288 -0.00736299117044779 0.149728443852176
v -0.00137893615231602 -0.00536750367482911 0.135982495487127
v -0.00819182351323489 -0.00800342069194064 0.134627562732378
v -0.00190556993575085 -0.00629171741390111 0.135394898010904
v 1.57276807006011e-07 -0.00357931925980464 0.136699971481413
v 0.00191139477606125 -0.00939497393614916 0.128880140284893
v -0.00559882835728219 -0.00933507406537968 0.130696934520522
v -3.8482159716994e-07 -0.00926580602134232 0.130454611842604
v -0.00246606544200142 -0.00908862470513851 0.131351512714814
v -0.00267128096315831 -0.0087528801413061 0.132294428371763
v 1.39112195070311e-07 -0.00890748713085318 0.131763127481271
v -0.0025480981925513 -0.0077196620857309 0.13402394650823
v -0.00692887892465761 -0.00944844116224608 0.129407581774721
v -0.00298839977500467 -0.00834955695249469 0.133174848560061
v -0.00304788381026723 -0.00715949673331505 0.134741646019929
v -0.00705464192431707 -0.00937715214833186 0.128199008221946
v -0.00820739243186687 -0.00892909940134273 0.132931289085791
v -0.00669697449393339 -0.0091288010274969 0.131967511803638
v -0.00645837199161732 -0.00832879311682441 0.133801397670774
v -0.00387374337155805 -0.00622929552173692 0.135624331184678
v -0.0019779800291532 -0.000649589602384296 0.137031656421013
v -0.0030889237014359 -0.00341697554122092 0.136807975095332
v -0.00945870247381437 -0.00950451422876486 0.130114463043635
v -0.0100054688890789 -0.00934281708084336 0.131960836083572
v -0.00176263812177866 -0.00442955246286837 0.136426669290066
v -0.00434426567141998 -0.00186875091467579 0.1371200650084
v -0.0127982089776831 -0.00804804873596326 0.135673162288819
v -0.00413799961845613 -0.00503455028460082 0.136327487163376
v -0.0119194232886818 -0.00957048166577753 0.130833056624985
v -0.00976711737818302 -0.00867585790593478 0.133906659471095
v -0.00666144081435663 -0.00712001331491444 0.135316681817546
v -0.00973419978357589 -0.000649828428404018 0.137843978304178
v -0.00890804406172247 -0.00443719536116073 0.137195300969586
v -0.00597555157782733 -0.0038561609336294 0.136939582148055
v -0.00564737494082411 -0.000649681745106504 0.137280118377206
v -0.0123153825102967 -0.00908338787858663 0.133640614145086
v -0.0140751480841658 -0.00904640226719512 0.13431581554601
v -0.00777616635457825 -0.00526460091784122 0.136689436360685
v -0.0132465187696889 -0.00955561030771594 0.131938022406294
v -0.0171920200760519 -0.00967766943769787 0.133355793356393
v -0.00701457736066155 -0.00236080806884248 0.13734787395564
v -0.0183628042472932 -0.00988728126682882 0.132305827759821
v -0.0106963248686282 -0.00584848332965062 0.136951652088352
v -0.0143039172176133 -0.00880808894052271 0.134919208252746
v -0.0142908908094715 -0.00937463012693715 0.133359295129196
v -0.0128134910489778 -0.00739633670775466 0.136374917558396
v -0.0117385446220581 -0.00510246372002717 0.137523811961923
v -0.01460719122165 -0.00615790825329644 0.137753364344984
v -0.0107334278266577 -0.00325306440682948 0.137815233964877
v -0.00937232976030313 -0.00193568820768178 0.137736898562232
v -0.0156350872346624 -0.00854263780682647 0.135854062381668
v -0.0140116942866451 -0.000650778668416682 0.138812658068255
v -0.0181796019309724 -0.00949282054315481 0.134788256851101
v -0.018517480154707 -0.00906702826713186 0.136069086132889
v -0.0154507403229597 -0.00771955544930191 0.13684637538687
v -0.0167761324150706 -0.00704591310396185 0.137865063446796
v -0.0126209261473242 -0.00204206572900634 0.138400894290189
v -0.0145085185315657 -0.00271899378021071 0.138806876417841
v -0.0171572016521735 -0.00455810151385807 0.139205556976671
v -0.0168937379607433 -0.000650691298722409 0.139656138278779
v -0.021296062278303 -0.00992186034081859 0.134962764345942
v -0.0213548939221375 -0.00870623950930934 0.138055708898849
v -0.0184898776177438 -0.00857966067111894 0.136907738367295
v -0.018542968589541 -0.00799282876087636 0.137672376535705
v -0.0186811340112512 -0.00234182562032978 0.140173342671096
v -0.024490209825287 -0.0101973772083531 0.136353325776309
v -0.0175556549555075 -0.00610551484206957 0.138724607108728
v -0.019713389544998 -0.00553943931691707 0.139791574929843
v -0.0164130321147438 -0.00344803351757847 0.139236789809835
v -0.0162773253844967 -0.00209306308776988 0.139393326504678
v -0.0197126035087878 -0.000650469178300459 0.140656035974859
v -0.0244432059775059 -0.00999259894312118 0.137205627474063
v -0.0213476910737377 -0.00920011611844178 0.137217593106234
v -0.0214922043897708 -0.00960679020569417 0.136320528321254
v -0.0200350851085574 -0.00770389712370763 0.138583120586355
v -0.0242201262933568 -0.00613729901716512 0.141578626448394
v -0.0218404482331964 -0.00499710553120502 0.14088040275394
v -0.0202272374343329 -0.00697943809617366 0.139235731827414
v -0.0222507144314235 -0.00654507532462455 0.140401717862448
v -0.0209784887482343 -0.00247125989337845 0.141051721400356
v -0.0248977602870343 -0.00935517945602556 0.139096793403548
v -0.0223353232200745 -0.00794482281005957 0.139429625732534
v -0.0276026766616351 -0.0104936504609777 0.138261121401315
v -0.0269415289392756 -0.0106134129496157 0.136607286260859
v -0.0237309677641305 -0.00955524336664153 0.137919452683938
v -0.0253684003991955 -0.00878165893861704 0.140244331801437
v -0.0271947983743593 -0.0073828870135258 0.142637592346126
v -0.0271365981671959 -0.00756866723059275 0.142479505930554
v -0.0193930015582621 -0.00387867844961218 0.140180659141079
v -0.0227572365377854 -0.00386571141328133 0.141594943219536
v -0.0231715428131211 -0.00189464237933202 0.14206829349544
v -0.0274167213559336 -0.00946813025172378 0.14070866687502
v -0.0271521996821162 -0.00797770780837837 0.14219189862478
v -0.0272287990970617 -0.00818488795439943 0.14207279364602
v -0.0237717093992609 -0.00771669722047607 0.140374314627625
v -0.0251520076107681 -0.00735591917286258 0.141415682254381
v -0.0250179437334531 -0.00512734446691434 0.142382439768707
v -0.028616113892464 -0.0102471852682536 0.140136074867783
v -0.0261441920616017 -0.00996169393648818 0.138701525210555
v -0.0283115192730883 -0.00929154498193526 0.141667690686859
v -0.0279076978267266 -0.00898688889527306 0.141741898467945
v -0.0267882015868764 -0.00856960890711852 0.14141739588788
v -0.0276481997066032 -0.00875145801181211 0.141820502091486
v -0.0248180390789888 -0.00335001484873652 0.142692667036667
v -0.0223595301551156 -0.000650144321362592 0.141740572264629
v -0.029201794688067 -0.0106039004213566 0.139637839653242
v -0.0274844992839327 -0.00857377750673549 0.141888794111711
v -0.026751982453922 -0.00672709579266253 0.142735910205485
v -0.0271209556740845 -0.00776897794167755 0.142328259147817
v -0.0324645173751306 -0.0111362965300774 0.141693812421848
v -0.0293619411839862 -0.00991056060463615 0.141581040436453
v -0.0285528137631597 -0.00992324149212153 0.14082674367368
v -0.028727574572124 -0.00955665432026523 0.141618621164144
v -0.027342299373049 -0.00838464732255008 0.141972195909049
v -0.0272872991900778 -0.00721413742579208 0.142799195435661
v -0.0274064991599113 -0.0070631272038323 0.14296120085654
v -0.0279341641502107 -0.00665850062914869 0.143505927692966
v -0.0282981957730615 -0.00648410070766249 0.143817272547991
v -0.0250863326090279 -0.000650888739097475 0.14306801237759
v -0.0302702488656726 -0.0103388795586664 0.141582083517713
v -0.0276086632028187 -0.0068733506818153 0.143189590949053
v -0.0294768533449198 -0.00615954551829345 0.144711491211247
v -0.0290701038205429 -0.00624140504285389 0.144415166726369
v -0.0287089648854514 -0.000650336464840804 0.145067301130281
v -0.0286797660616822 -0.00634704588806204 0.144119244572835
v -0.0284134599739091 -0.00599562483784614 0.144076180217947
v -0.0304351097162078 -0.00606267912824419 0.145383310048655
v -0.0288315418307567 -0.00441464385190583 0.144786935788685
v -0.0298819246261085 -0.00610358327915501 0.144998606778712
v -0.031376226027766 -0.00501868473974498 0.146335881657841
v -0.0329861622966355 -0.00634445308615551 0.147071835091594
v -0.0321313907589128 -0.00616722380684171 0.146520089808402
v -0.0312752222374043 -0.00607445151060751 0.145952117161033
v -0.0336396973886846 -0.00653861753424385 0.14748359886966
v -0.0340649988577375 -0.00669189785485563 0.147748094474939
v -0.0351034271971726 -0.00594028891310502 0.148858350168354
v -0.0330259781971772 -0.00194763486377239 0.147971552283208
v -0.0333133023716696 -0.00563209659481958 0.147557091395026
v -0.0344853978450246 -0.00687185777180949 0.148003306657002
v -0.032690575428711 -0.00391409943916355 0.147491183560539
v -0.0307886937629854 -0.00215639814166875 0.146360364265136
v -0.0348966624209972 -0.00707697690108517 0.148250516915682
v -0.0349069516722413 -0.00332043208725683 0.149283539892356
v -0.0361036973901587 -0.00784188745678334 0.148905795464535
v -0.0352981965392403 -0.00730544335471241 0.148483407158775
v -0.0357104967458595 -0.00756240781190964 0.148701992287442
v -0.0356743577066422 -0.000650390423339532 0.150127914172532
v -0.0326878634175214 -0.00065024112069742 0.147750493561838
v -0.0364878977335869 -0.00814666740934122 0.149089690690718
v -0.0349418948933379 -0.00463383898980768 0.14909526372488
v -0.0347929056412549 -0.00181706309667609 0.149361592172945
v -0.0372259000532634 -0.00883085791358694 0.149379294752047
v -0.0383031384649144 -0.00800699603910988 0.150956567728
v -0.0366740653808238 -0.00547197105365715 0.150379401064379
v -0.0373669842397635 -0.00363712039526652 0.151410770012197
v -0.0364967378469838 -0.00175311593104839 0.150816034879922
v -0.0385867969539528 -0.0104043980982226 0.149553206200453
v -0.0388536841869809 -0.00959637522590943 0.150548648449436
v -0.0407198757109457 -0.0117070547448801 0.150782209244768
v -0.0396105625515717 -0.0106494085651643 0.150511946890236
v -0.0411241553679892 -0.0110162900349382 0.152058866201515
v -0.0403553225474816 -0.00969173613309881 0.152186122115266
v -0.0408821828751204 -0.00900819848594234 0.153248589785801
v -0.0389519536144124 -0.00724028244300544 0.151982274234691
v -0.0388071888412979 -0.000650116905555795 0.153009292043538
v -0.0383073592185927 -0.00550172401432808 0.151922580184283
v -0.0387931593987979 -0.00328548746917643 0.15284244374538
v -0.0424291729172448 -0.012579431072272 0.152191620643624
v -0.0405195445107654 -0.00379252389840216 0.154569905521648
v -0.0405380517519603 -0.007376669038695 0.153643649362542
v -0.0425473540202372 -0.0112576841765196 0.15380218281294
v -0.0436808852905226 -0.010844668714202 0.155768629407094
v -0.0433265729495312 -0.00941767026605652 0.156154122438562
v -0.042073519471819 -0.00945463352570747 0.154478099469585
v -0.0414015367432165 -0.005739657827072 0.155166950333857
v -0.041640767422575 -0.0073882300108454 0.154922466987614
v -0.0404877342586392 -0.00229895707738544 0.154681410908369
v -0.0430440208716512 -0.00773088778177269 0.156546216684292
v -0.0444013601202993 -0.00803928685365843 0.158291574754754
v -0.042842251709494 -0.00595637611272155 0.156854074667676
v -0.044512690414806 -0.005176534128659 0.159242849962946
v -0.0423726230135937 -0.00402774081051324 0.156661432460067
v -0.0442112548414314 -0.00625104190266991 0.158590253623048
v -0.0416868418104772 -0.000650590250228566 0.156109374252497
v -0.0436548417874643 -0.000650550552605985 0.158556353482089
v -0.042689403056872 -0.00217394053272888 0.15726096576614
v -0.045017348013475 -0.00999524669305662 0.158318218030373
v -0.0454494704886929 -0.000650188675597793 0.161033611870551
v -0.0450289001380614 -0.0113632905627944 0.15750229006628
v -0.0467325833321864 -0.0112208522333446 0.16052326201223
v -0.0459460479331446 -0.00765827442722949 0.160743575675557
v -0.0473616246418571 -0.0133554965435001 0.160240184659358
v -0.0453622130187839 -0.00330131971925205 0.160758581144543
v -0.0479465026374445 -0.0133822534396117 0.161447908845963
v -0.0461589072839164 -0.00942360837846889 0.160430338373102
v -0.0461028044150769 -0.00591392084414719 0.161457520094718
v -0.0475241963016285 -0.0030979018833969 0.164197411443351
v -0.0477924767931523 -0.0113994705802028 0.162435840909872
v -0.0483381833633847 -0.0111992716278208 0.163627188720691
v -0.0481209989508119 -0.00944206625957 0.163944106609878
v -0.0471218053666635 -0.00813484706386792 0.162584912123123
v -0.0478971350930978 -0.00670888983430413 0.164335664413817
v -0.0466419432988707 -0.00467917530460972 0.16254625851185
v -0.0476415578407999 -0.000650556955448336 0.164484527010816
v -0.0488937582270802 -0.0132784277420026 0.16363981000394
v -0.049878233190061 -0.0137738885307482 0.165688108674703
v -0.0491336110298847 -0.00915513230921503 0.166088264448458
v -0.049756326796973 -0.00065028960767632 0.16854701559513
v -0.0493387292278378 -0.0112204247563061 0.16576942430952
v -0.0501574623091758 -0.00990836920273742 0.16817119341706
v -0.0499626333624666 -0.00610689459638872 0.168594922827298
v -0.0510090449985766 -0.00928301872422898 0.17048379397801
v -0.0508904131354826 -0.00587849938893455 0.170804362651608
v -0.052169934799324 -0.0134064752758132 0.172579791264688
v -0.0501794452460298 -0.00275255608283501 0.169405739693215
v -0.0513238245610736 -0.00323061720569726 0.172153334942013
v -0.0517460116876065 -0.00886922840157149 0.172649633005642
v -0.0511550391174227 -0.000650052644301646 0.171776305769913
v -0.0526555077368334 -0.0117265463939827 0.17488516476262
v -0.0521891721973776 -0.00830596453911864 0.174068625850932
v -0.0528746442014162 -0.00490536420900477 0.176720481141199
v -0.0536075503242419 -0.0125472278020407 0.178644519031543
v -0.0529127986225752 -0.00887238372228246 0.176445003380366
v -0.0528020941768047 -0.000650526629258652 0.176599453912687
v -0.0532912024146147 -0.000650296476179934 0.178424130862412
v -0.0535087295538763 -0.00789102496446667 0.178978141122055
v -0.054071754997763 -0.0139113414907276 0.180735777749066
v -0.0539228961308334 -0.00817075606642182 0.180940817722511
v -0.0541711569133836 -0.0105970933850295 0.182095151049752
v -0.0542775139456126 -0.000650173250568491 0.183123837788615
v -0.053818081368704 -0.000650079536239524 0.180653106108611
v -0.0545827083366936 -0.0123040213068277 0.184818904441172
v -0.0543982766746413 -0.0111970643934392 0.183551188180942
v -0.0546612225507482 -0.000650607246864627 0.185896019952833
v -0.0548856489272668 -0.012606028712232 0.188233028615273
v -0.0549146056071798 -0.000650390830793136 0.188879351566448
v -0.0549880124485134 -0.000650140654280155 0.190853516961928
v -0.0549824207880799 -0.0143402956067192 0.190465192709896
v -0.0541202620000977 -0.000650029652276838 0.182163800697838
v -0.0534308970679092 -0.000650118535370212 0.17892732816352
v -0.0493363822950776 -0.00049996047351979 0.167676743097378
v -0.0426565385476487 -0.000650436582012123 0.157268803776753
v -0.0400926299911011 -0.000649994902305165 0.1543274040298
v -0.0279895517633519 -0.000499925490717486 0.144632291541272
v -0.0243174420465239 -0.000499972580712601 0.142659705668843
v -0.0213321733778446 -0.000499945805190039 0.141297381938307
v -0.0235886765836394 -0.000650208640824399 0.142306071319295
v -0.0205453716205609 -0.00064993698568571 0.140972506829221
v -0.0122480115702406 -0.000499905700113853 0.138372939712414
v -0.0131148204515846 -0.000650262948569074 0.138577964784697
v -0.0168768940615761 -0.000650491355418059 0.13963693068243
v -0.0168626876677965 -0.000500051102842897 0.139618944981271
v -0.00577747417815484 -0.00049994859915761 0.137296762973887
v -0.00902348428252706 -0.000499925083263882 0.13773755421331
v -0.00988736322321093 -0.000649919930841991 0.137887549298535
v -0.00660837359128372 -0.000649776099719707 0.137389910130428
v -0.00251081432512151 -0.000499974501565306 0.137050700104593
v -1.11986990657812e-14 -0.000499997551797773 0.13700009576231
v -2.39052231647564e-08 -0.000649863585829295 0.136993077315545
v -0.00331097101456719 -0.000649374001220014 0.137091812407408
v -0.0265480302717688 -0.000650380528037716 0.143822160128754
v -0.0314870124299187 -0.000499959542197266 0.146896359021298
v -0.0294107815997844 -0.000650004622984008 0.145514708485125
v -0.0321590957413537 -0.000650088733049447 0.147371959372491
v -0.0341275651048929 -0.000499939751593633 0.148859452854258
v -0.0347952600245953 -0.000650341296076397 0.149395224093007
v -0.0366434211444975 -0.000499911870125574 0.150975104772111
v -0.0400955357173757 -0.000500030322709082 0.154312219746883
v -0.0373049656102522 -0.000650050607033625 0.151574846694436
v -0.0431911363028161 -0.000499938587440478 0.157936226771707
v -0.047376235229612 -0.000499912976071071 0.16402688255846
v -0.0465077956025286 -0.000650061724696254 0.16262589031549
v -0.0451293861130998 -0.000499958087005823 0.160550203311066
v -0.0446648834163711 -0.000650024413587641 0.159892644884602
v -0.0481865789576547 -0.000650438444657171 0.16546959805184
v -0.0496948446092354 -0.000650181457848233 0.168415408542408
v -0.0507010678157942 -0.000499946678304905 0.170666661024094
v -0.0510255890118911 -0.000649920280087937 0.171453010183878
v -0.0518857100661911 -0.00049992589817109 0.173736091545162
v -0.0523693272264002 -0.000650438561072486 0.175146486420635
v -0.053299357074634 -0.000500060939937055 0.178321655579172
v -0.0547038622211823 -0.000499963151072046 0.186236571083145
v -0.0542661555361112 -0.000499930147330106 0.18300637193755
v -0.0546121567548993 -0.000650539551358671 0.185422192839782
v -0.0549077510734039 -0.00065037499831023 0.188698436572438
v -0.0549487814185167 -0.000499985095359016 0.189485337075174
v -0.0550069145704584 -0.000649911141485672 0.191999922871591
v -0.055000000432041 -0.00049999993831174 0.191999997377396
v -0.0184836992241202 -0.00961522798776068 0.141793992926315
v -0.0320751463290497 -0.0110044724834325 0.141666453890507
v -0.0311993641551879 -0.0107036702093741 0.141616371088854
v -0.0188944050065786 -0.0111511948964922 0.141947668598272
v -0.0186875992522121 -0.010854897429482 0.141869795131613
v -0.033506190442239 -0.0114582510012985 0.141785901595967
v -0.0184828982867497 -0.0103849977187273 0.141793992926315
v -0.018568999054084 -0.0106279974603399 0.141825792003591
v -0.0302858429300127 -0.0103454835666834 0.141582396442091
v -0.0192427736472224 -0.0115134476933223 0.14208006541252
v -0.0184370995703145 -0.0101298973035616 0.141777199318024
v -0.0287286046148354 -0.00955893885441635 0.141619381123348
v -0.0293666648518274 -0.00991635529337984 0.141582739168791
v -0.0283103905101894 -0.00928979409559033 0.141667675785698
v -0.0279067571909775 -0.00898797202336835 0.141743761113053
v -0.0274844992839327 -0.00857377750673549 0.141888794111711
v -0.0188307994034865 -0.00893510736294439 0.141923498915356
v -0.0194308877585343 -0.00832462172323987 0.142153259914668
v -0.027342299373049 -0.00838464732255008 0.141972195909049
v -0.0271521996821162 -0.00797770780837837 0.14219189862478
v -0.0272287990970617 -0.00818488795439943 0.14207279364602
v -0.0213004115544896 -0.00723680302205616 0.142923694634653
v -0.0204292580535715 -0.0076596523189036 0.142554592880131
v -0.0271365981671959 -0.00756866723059275 0.142479505930554
v -0.0272872991900778 -0.00721413742579208 0.142799195435661
v -0.0274064991599113 -0.0070631272038323 0.14296120085654
v -0.0300392939182615 -0.00608615264679775 0.145109978054986
v -0.0292391481718555 -0.00620121987293152 0.144540187465991
v -0.0306077992638788 -0.00606058784351678 0.145500403370699
v -0.025717184409685 -0.00616732671798061 0.1450866726394
v -0.0264583085224616 -0.0061344980646745 0.145499986138195
v -0.0244277422983191 -0.00632350252031919 0.144399237385409
v -0.0286731871993734 -0.00634931458973025 0.144114237782786
v -0.0282945785163787 -0.00648551911186639 0.143812832002055
v -0.0279307890373841 -0.00666059377652115 0.143501174222652
v -0.0225145599650885 -0.00678363452044326 0.143465769064446
v -0.0276054184751454 -0.00687643987862707 0.143188279646897
v -0.0271947983743593 -0.0073828870135258 0.142637592346126
v -0.0271205980462354 -0.00776940728136106 0.142328795589608
v -0.0198317531872051 -0.00802685742325451 0.142310780086127
v -0.0276481997066032 -0.00875145801181211 0.141820502091486
v -0.0190593385002706 -0.00866456096371991 0.142010313078531
v -0.0186883983269376 -0.00914554713779909 0.141870093154831
v -0.0185699992944746 -0.00937234745543108 0.141825896311717
v -0.0184372988733347 -0.00987021757554598 0.141777199318024
v -0.0196298648157648 -0.0118301439175734 0.142230820456948
v -0.0343660842538431 -0.0117376179561468 0.141892623710052
v -0.0351923610476246 -0.012029471152073 0.142031368418827
v -0.0200289737701556 -0.0121020249019747 0.142390188372354
v -0.0360018405083651 -0.0123396211103037 0.142214593092771
v -0.0206468913636008 -0.012456257149229 0.142644879013787
v -0.0367860438758071 -0.0126637949230992 0.142452147399214
v -0.0375414395749399 -0.01299674924465 0.142759081510624
v -0.0215373195154734 -0.0128613340183529 0.143027823946748
v -0.0227900675193978 -0.013300599737329 0.143593323001415
v -0.0382661835871662 -0.0133308798265485 0.143153127808426
v -0.0390670986059769 -0.0137004975218976 0.143763389950319
v -0.0387487986443396 -0.0135543972322837 0.143495303165272
v -0.0246699066436278 -0.0137146135773923 0.144524958479592
v -0.0393648982962182 -0.0138293972158175 0.144058492540006
v -0.0396433972584742 -0.0139427978402948 0.14438229476551
v -0.0401160993187033 -0.0140825977330344 0.145103391741885
v -0.0398941986888696 -0.0140278974359158 0.144730803115722
v -0.026463391680797 -0.0138718254760387 0.145499583806852
v -0.0403088979823104 -0.0141068978003279 0.145500001039356
v 0.0323766973864172 -0.00931947720707198 0.149408992765643
v 0.0377657951709466 -0.00940798264916295 0.149521109099959
v 0.0322817993465222 -0.00899523727037727 0.14933709466449
v 0.0317410362362467 -0.00802902367944509 0.14893202150765
v 0.0319997986115763 -0.00840396760830832 0.149125691895358
v 0.0370577665353793 -0.00865998537616 0.149323400497658
v 0.0321542975677106 -0.00868948781107201 0.14924120569435
v 0.0355351324398998 -0.00744171539773153 0.148608204380984
v 0.0313117524320817 -0.00757603212911173 0.148620184914316
v 0.0303312001995716 -0.00690526291375789 0.147928383620194
v 0.029247118430015 -0.00647417979447668 0.147202399063057
v 0.0338774565784553 -0.00661894270494617 0.147631403484239
v 0.0298087245383753 -0.00666812631309443 0.147573586980099
v 0.032710997469015 -0.0062624059001065 0.146895941788794
v 0.0284105151320885 -0.00627520506555242 0.146664958894291
v 0.0264574982718658 -0.00613491762547152 0.145500001039356
v 0.0306062495431991 -0.00604233950998354 0.145500552382308
v 0.0272496141554708 -0.00614362316276364 0.145958837584581
v 0.0321557988596191 -0.0113099974940095 0.149242397787219
v 0.0347287449699386 -0.00698616550442503 0.148147728708065
v 0.0308614337773919 -0.00722203690343978 0.148297649287485
v 0.0384455972834598 -0.0102237718200029 0.149572309488677
v 0.0363120342387544 -0.00799846139950089 0.149008971102335
v 0.0324356985309511 -0.00965535774399287 0.149453904864477
v 0.0324563999680123 -0.00999881738361324 0.14946970009499
v 0.0324366000511542 -0.0103432977527198 0.149454590317877
v 0.0390970611142157 -0.0110684105686655 0.149446454284047
v 0.0322828983071004 -0.0110037972746026 0.149338003635302
v 0.0323773977409552 -0.0106807978595098 0.149409588812077
v 0.0320005995489469 -0.0115958976763629 0.149126496558044
v 0.0318229963436397 -0.0118608980499576 0.148994397767013
v 0.0400818974303358 -0.0124028979565448 0.148825701724908
v 0.0315373671761407 -0.0122059437318361 0.148783069503686
v 0.0396882162236142 -0.0118632636091683 0.149152409676781
v 0.0402777992605924 -0.0126943972499119 0.148598801748481
v 0.0305942131309002 -0.0129492387574159 0.148109969166443
v 0.0310822298587123 -0.0126179813055037 0.148455065150818
v 0.0404340975318429 -0.0129672980324768 0.148342799804893
v 0.0405522972612858 -0.0132206978527138 0.148055401115371
v 0.0300796816508328 -0.0132173776879161 0.147756141101804
v 0.0295246953829724 -0.0134368196262868 0.147384938283601
v 0.0406320967004234 -0.01345009749151 0.147738006389037
v 0.0406732984088806 -0.0136496976035091 0.147396799607646
v 0.0406758986613673 -0.0138140974493949 0.147040199927087
v 0.0286964516360204 -0.0136696446693259 0.146845873888302
v 0.0406407989780867 -0.0139437971493629 0.146666299998768
v 0.0405678987762061 -0.0140363976165914 0.146280896374265
v 0.027523246026217 -0.0138376701537973 0.146122079801811
v 0.0404571980557256 -0.0140908976793674 0.145891096907308
v 0.0403088979823104 -0.0141068978003279 0.145500001039356
v 0.0264596701159915 -0.0138701807604615 0.145500150050965
v 0.0100000076137988 0.0100368516641667 0.10023280009107
v 0.00999999830057354 0.0106282247030358 0.100845245253028
v 0.0257111233626995 0.0107549534841525 0.101290998579018
v 0.0290909877968188 0.00989458469806122 0.100591381626024
v 0.0313134623402355 0.00945642632156597 0.10001259818645
v 0.0222104403202001 0.0119344045428012 0.101768334915452
v 0.0100000104077664 0.0113310509709847 0.101313938916163
v 0.0236712904794442 0.0113991008451608 0.101601471716133
v 0.0211763538063714 0.0123786798456334 0.101845753896704
v 0.0204727042493113 0.0127233204022141 0.101873574364031
v 0.0197854608698323 0.0131184768238134 0.101868813443136
v 0.0190138806478792 0.0137135630455853 0.101791200746792
v 0.0193391990560566 0.0134341029584846 0.101838497031365
v 0.0188266997217363 0.0139196032528371 0.101742697468191
v 0.0187045996135634 0.0140852035734563 0.101695796064381
v 0.0186064996868312 0.0142624035161106 0.101637197249296
v 0.0185411990767456 0.0144495034171939 0.101565500313815
v 0.0185164985407668 0.0146411034687127 0.101481100138699
v 0.0186937999975762 0.0151640028816573 0.101186399880356
v 0.0100000038885087 0.0156377396412105 0.100622390941775
v 0.0188633137354408 0.0153611014613572 0.101047036773405
v 0.0194915857727067 0.0157941347700034 0.100671847894672
v 0.0191580512372235 0.0155968089476077 0.100855929385366
v 0.0198409043623249 0.0159600685040861 0.100496073801158
v 0.020369645961462 0.0161645813423987 0.100248781586093
v 0.0211159556780516 0.0163841350394723 0.0999284662322297
v 0.00999999830057354 0.016238170722947 0.0997981257781805
v 0.0226785081195503 0.0166980950381482 0.0993069909667896
v 0.0236028028836819 0.0168212512660633 0.0989551596577057
v 0.0262069017324257 0.0170116843704597 0.0980015747695809
v 0.00999999923189607 0.0167000023866772 0.0979999952465296
v 0.0218656162930822 0.0165544087365164 0.0996243335390612
v 0.00999999178131587 0.0166189400741972 0.0988587640480973
v 0.0185987995122036 0.0150045027235697 0.101287198782998
v 0.0185367995091427 0.0148288031415014 0.101386798142192
v 0.0100000085451213 0.0145048714725621 0.101400224088127
v 0.00999999457528345 0.0122961497688557 0.101643470638019
v 0.00999997874280054 0.0133531021132912 0.101694767884282
v 0.0327434782733585 0.0092213763490173 0.099589777747025
v 0.0356844234404805 0.00888397030580226 0.0985347979098231
v 0.0100000178583465 0.00947848283289942 0.0991958879114116
v 0.034217013045378 0.00902312199806527 0.0990975104474087
v 0.0368925089414489 0.0088313980806508 0.098000121906397
v 0.00999997501751044 0.00928792679392992 0.0980002709180056
v 9.40115489773084e-09 -0.0661530682181287 0.114487682704158
v 1.19421994673311e-08 -0.0670294576142761 0.114667793035482
v 0.0100000113390889 -0.0663300418494097 0.114746433911925
v 0.0100000085451213 -0.0672953688212992 0.114818123396826
v 0.0100000076137988 -0.0654869937996179 0.114280839690249
v 8.66703639397733e-09 -0.0652324223756458 0.113743526181351
v 4.54141721699044e-09 -0.0656383523362016 0.114166309367873
v 0.0100000066824763 -0.0650056714181076 0.11370733126162
v 8.18086087618624e-09 -0.0649032557427997 0.113022272742787
v 3.48941979882076e-16 -0.064849991545013 0.112500001955777
v 0.00999999923189607 -0.064675394648813 0.112500001955777
v 0.0100000104077664 -0.0647183397930349 0.113005054451412
v 9.6922899978911e-09 -0.0678986348487984 0.114465792898853
v 0.0100000104077664 -0.0682077147174491 0.114509311739147
v 0.0100000094764438 -0.0689118466995765 0.113843997258455
v 7.20037368263348e-09 -0.0684696473146501 0.114077327085793
v 6.97029773687794e-09 -0.068845961218946 0.113613789224316
v 0.0100000085451213 -0.0692681855983799 0.113062550580594
v 3.4890696036557e-16 -0.0691499970448073 0.112500001955777
v 8.878817197551e-09 -0.0691104717168931 0.112966803171483
v 0.00999999923189607 -0.0693245939410073 0.112500001955777
v 0.018773098385196 -0.0500981892184649 0.0179859991821796
v 0.0187355996150938 -0.0501120920011016 0.0160679962619842
v 0.0188780994118302 -0.0500585893847488 0.01587299967096
v 0.0242083003599484 -0.0477097269242591 0.020631124735673
v 0.0261256494301509 -0.0466869969572867 0.0208562850015696
v 0.0282113369091928 -0.0454569396953345 0.0132452823986422
v 0.0280646033202627 -0.0455476542344522 0.0207755095338335
v 0.0288149326248655 -0.0450772283264715 0.0133616371819011
v 0.0289596284801132 -0.0449841482281431 0.0206035948409827
v 0.0285283684095525 -0.0452583221285982 0.0206989939354585
v 0.0304501449870336 -0.0439889109020762 0.0200305520736303
v 0.0304898621673877 -0.0439619435270743 0.0139908787461174
v 0.0313643982317125 -0.0433415895939065 0.0146280076810418
v 0.0315860976958811 -0.0431799902348501 0.014852001931101
v 0.0317911004098413 -0.0430293916574458 0.0150980051957517
v 0.0322717000850731 -0.0426705903418893 0.0180350091002507
v 0.0324565974083874 -0.0425301916087668 0.0169999893680217
v 0.0324344989875403 -0.0425468920842653 0.016645997390613
v 0.0323505980040075 -0.0426107919852749 0.0177870090800447
v 0.0323721972359817 -0.0425944901158166 0.0163000073365865
v 0.0324443970833243 -0.0425393893500128 0.017267003269486
v 0.0324086976283383 -0.0425665914182908 0.0175300087586788
v 0.0322725978799861 -0.0426699905701839 0.0159700062281637
v 0.0321248156218941 -0.042781220281858 0.0183781362687468
v 0.0319762994816533 -0.0428920923656829 0.0153670009516105
v 0.0321384986124152 -0.0427708900524229 0.0156580057220607
v 0.0318707769144057 -0.0429707295143106 0.0187986880064304
v 0.0315677208398396 -0.0431940085014798 0.0191725432312665
v 0.0312180613861776 -0.0434474772395835 0.0195063161960322
v 0.0308373777165996 -0.0437185256216484 0.0197947896317812
v 0.0310081822674823 -0.0435977070132683 0.0143259136529435
v 0.0299527442534707 -0.0443293726144922 0.0137265628860914
v 0.0300425703109006 -0.0442684827478798 0.0202329750306984
v 0.0295279289347753 -0.0446135861717549 0.0204372326931976
v 0.0294016565016953 -0.0446968017019101 0.013522282871851
v 0.0275857917842768 -0.0458392662178447 0.0131704999915399
v 0.0275116305716989 -0.0458837573574563 0.0208360007963478
v 0.0269841350820988 -0.0461963688011176 0.013137118597244
v 0.0263703432474345 -0.0465499994140215 0.0131356079920618
v 0.0268035572326504 -0.0463012282667282 0.0208677793845286
v 0.0256414529873318 -0.0469555531202776 0.0131735472789359
v 0.0255423025287927 -0.0470083032280312 0.0208154800351974
v 0.0249344022404145 -0.0473332863600999 0.0207485458832559
v 0.024727672854495 -0.0474424671622214 0.0132800589141236
v 0.0239142594874136 -0.0478580642505753 0.0134278570094438
v 0.0226572348504594 -0.0484653498660877 0.0137479525711845
v 0.0232915139180045 -0.0481643613275246 0.0135719614795157
v 0.0233926313297141 -0.0481159623586027 0.0204551308500365
v 0.0224641158119042 -0.0485552373908041 0.0201936806695086
v 0.0220276459231448 -0.0487538251552197 0.0139544593776511
v 0.0214185032505197 -0.0490242625897089 0.0141884811776471
v 0.0217994961191756 -0.0488559092797091 0.0199616919466475
v 0.021197384931606 -0.0491207289767341 0.0197171676222123
v 0.0206497393478789 -0.0493544387761709 0.0194538492086414
v 0.0208301327954676 -0.049277861712966 0.0144536193954881
v 0.0202291727225375 -0.0495286445169109 0.0192237547958548
v 0.020236090586245 -0.0495254258662683 0.0147705363533526
v 0.0197874185097775 -0.0497066537788384 0.0189436427739938
v 0.0196467031269969 -0.0497622984369962 0.0151540708134904
v 0.0190483991859049 -0.0499940897120338 0.0156780030799358
v 0.0193755578873895 -0.0498686368427748 0.0186300310798727
v 0.0190089055229566 -0.0500095086877394 0.018282046132936
v 0.0192948997688849 -0.049899590278179 0.0154419984942228
v 0.0186143991644789 -0.0501572909458314 0.0162760015664398
v 0.0186361995621183 -0.0501493896055386 0.0177620049321203
v 0.0185270988537338 -0.0501898909594579 0.0175220068352966
v 0.018430999407783 -0.0502249906427385 0.0169999893680217
v 0.0184517995650317 -0.0502172904681109 0.0167559977600873
v 0.0184561991326346 -0.050215889759035 0.0172660048917084
v 0.0185142987569654 -0.0501942905270607 0.0165120061521529
v 0.0184511997933263 0.0502177039753115 0.0167610045501365
v 0.018430999407783 0.0502250055438989 0.0169999893680217
v 0.018456098549802 0.0502159046601953 0.0172660048917084
v 0.0185126987448693 0.0501951063655917 0.0165189947965966
v 0.018526599664861 0.0501900027181607 0.0175210084575189
v 0.0186347988530423 0.0501499036955718 0.0177620049321203
v 0.0186095991281907 0.0501592057449405 0.0162869986231551
v 0.0187719994246178 0.0500986064509556 0.0179859991821796
v 0.0187281993263189 0.0501150051779564 0.016080006597638
v 0.0188735992613947 0.0500604036010253 0.0158790048387869
v 0.0190011867218785 0.0500125187221366 0.0182749457297859
v 0.0190485984889251 0.0499940040303616 0.0156780030799358
v 0.0196719736323603 0.0497522215272877 0.0151377568363155
v 0.0193750214456158 0.0498689423165626 0.0186298708923935
v 0.0207834735370204 0.049297698882725 0.0144772023451954
v 0.0202181160615338 0.0495327907647873 0.0147818165321242
v 0.0213696684226566 0.0490466404073131 0.0142097106752609
v 0.0217790927053221 0.0488656769903397 0.0199565733978918
v 0.0211252335130347 0.0491517978961313 0.0196831762116437
v 0.023187906149866 0.0482141237526214 0.0135991067379913
v 0.0242087213177292 0.0477101814096507 0.0206311657138653
v 0.0239480888467716 0.0478415276878409 0.0134196604396479
v 0.0268541746118242 0.0462726031376337 0.0131335069283804
v 0.0285285919269582 0.0452585642724544 0.0206989957981036
v 0.0281894992586524 0.0454704066190301 0.0132430043836756
v 0.0286146461281663 0.0452046369730307 0.0133169420812217
v 0.0291901848214841 0.0448347268424091 0.0134579014750294
v 0.0308131372539476 0.0437351962948261 0.0141884159850683
v 0.0302926136447615 0.0440980768030373 0.0138837980728493
v 0.030457178334734 0.0439841276295935 0.0200267895305129
v 0.0300427379489549 0.04426849019846 0.0202329098381197
v 0.0312136115271584 0.0434497533918319 0.0195083259901033
v 0.0315552448433095 0.0432026548997916 0.0191847547325919
v 0.0311715995681055 0.0434797047242005 0.0144580003367811
v 0.0318630096845564 0.0429763062735837 0.0188083085684111
v 0.0318152998943022 0.0430114059568643 0.0151280012325644
v 0.0324565974083874 0.0425302065099272 0.0169999893680217
v 0.0324354973652859 0.0425461060480552 0.0166530009362176
v 0.0324085970455057 0.0425666063194512 0.0175300087586788
v 0.0324443970833243 0.0425394042511732 0.017267003269486
v 0.0322713983365753 0.0426709069915474 0.0180350091002507
v 0.0322794971172431 0.0426642051946655 0.0159890052082612
v 0.0323502999807999 0.0426110043268104 0.0177870090800447
v 0.0323763993632095 0.0425908058039121 0.0163149979044125
v 0.0319950972954757 0.0428777052953337 0.0153940018550902
v 0.0321230498343888 0.0427824980563608 0.01838139403504
v 0.0321512987091837 0.0427607051093016 0.0156819965910465
v 0.031616298622686 0.0431577055494983 0.0148839947234691
v 0.0314007980412365 0.0433146073177442 0.0146609988511875
v 0.0308418983561306 0.0437144985830551 0.0197900491999824
v 0.0295275750322163 0.0446137687109695 0.0204373295507432
v 0.0297602994924228 0.0444584203886934 0.0136483234096693
v 0.0289599879706075 0.0449837011933317 0.02060346259318
v 0.0275116957642756 0.0458838914678997 0.0208359970710576
v 0.0280657041434859 0.0455469240775935 0.0207753549342896
v 0.0268037956512165 0.0463015411910963 0.0208677775218834
v 0.0275865144905554 0.0458394375811891 0.0131689791418095
v 0.0262234233939997 0.0466321420606292 0.0208594347344465
v 0.0255430401362316 0.0470093127816471 0.0208175028677843
v 0.0262658041567721 0.0466083933362698 0.0131390883444453
v 0.025473487107502 0.0470461745271429 0.0131892028110652
v 0.0247290959153116 0.0474415358396975 0.0132813823234726
v 0.0248216507477364 0.0473933343111507 0.020732050298183
v 0.0226106258834285 0.0484871614395973 0.0202382109260959
v 0.0234101550943237 0.0481065969793024 0.0204592752354009
v 0.0226211423773683 0.0484819236817229 0.013759404113306
v 0.021996789345283 0.0487684469188449 0.0139660906650255
v 0.0206634037119495 0.0493486310489119 0.019460990589984
v 0.0202303778538835 0.0495279665141135 0.0192245873982179
v 0.0197874445868082 0.0497065718224563 0.0189438811925676
v 0.0192902990356169 0.049901303911623 0.0154460069064943
v 0.0549909964058799 0.000997369123324103 0.00499799836431447
v 0.0549908958230474 -0.000997350729704255 0.00499799836431447
v 0.0545999974080273 -0.000987882788511004 0.0049909948187099
v 0.0545999974080273 0.000987899086655172 0.0049909948187099
v 0.0545999974080273 0.000987899086655172 0.0049909948187099
v 0.0545999974080273 8.30393752945833e-09 0.00202800328966968
v 0.055000000432041 8.34621837264718e-09 0.00200600917623917
v 0.0549909964058799 0.000997369123324103 0.00499799836431447
v 0.0545999974080273 8.30393752945833e-09 0.00202800328966968
v 0.055000000432041 8.34621837264718e-09 0.00200600917623917
v 0.0545999974080273 -0.000987882788511004 0.0049909948187099
v 0.0549908958230474 -0.000997350729704255 0.00499799836431447
v -0.0324086976283383 0.0425665057366186 0.0175300087586788
v -0.0324358996966163 0.0425458042995574 0.0166549976917729
v -0.032376298780377 0.0425910032442872 0.0163180079389064
v -0.0323506985868401 0.0426107063036027 0.0177870090800447
v -0.0321244319170143 0.0427814475245538 0.0183793749277433
v -0.0321535972131726 0.0427592038173931 0.0156880017588734
v -0.0315588471988319 0.043200099350786 0.0191811616901794
v -0.0316237976316485 0.0431522070213172 0.0148940083035676
v -0.0310816058726213 0.0435448376962317 0.0143831490118098
v -0.0312173610316397 0.0434478609444634 0.0195068898907254
v -0.0300659129786395 0.0442528775076694 0.0137765041267163
v -0.0305863732578941 0.0438946759638183 0.0140463678751953
v -0.0295278749180689 0.0446138506673516 0.0204373109242921
v -0.028347982412544 0.0453722005215302 0.0132673193529102
v -0.0233925829009428 0.0481164764486359 0.0204550731080382
v -0.0238666018512207 0.0478823643178688 0.0134362342558153
v -0.0224639109209489 0.0485553044460258 0.0201936508671868
v -0.0229301477402171 0.0483378331861157 0.0136670634820969
v -0.0219803757171218 0.0487757112345313 0.0139691854498717
v -0.0217997811038679 0.0488559167302893 0.0199617850789029
v -0.0211949728062691 0.0491218279373123 0.0197161208156618
v -0.021308338971813 0.0490725088217368 0.0142361090130484
v -0.0206504546035773 0.0493538911585268 0.0194543185952085
v -0.0203989919341899 0.0494586388654346 0.0146790842038598
v -0.0197872341079178 0.0497067059328998 0.01894357571877
v -0.0199536428164877 0.049640149900052 0.0149452254560912
v -0.0195606619643041 0.0497965189518143 0.0152211940239103
v -0.0193740845351567 0.049869385626084 0.0186288445749392
v -0.0186354992075803 0.0501496056723642 0.0177620049321203
v -0.0187675998570149 0.0501003051832392 0.0160209980006293
v -0.0189244997626158 0.0500412034558727 0.0158170011084452
v -0.0190006838077156 0.0500128018441839 0.0182725000767596
v -0.0184555993609292 0.0502161058258605 0.0167369987799898
v -0.018524999652765 0.0501905056323236 0.0164819952141793
v -0.0184558992467819 0.0502158040773628 0.0172660048917084
v -0.018430999407783 0.0502250055438989 0.0169999893680217
v -0.0186317999945154 0.0501509057986075 0.0162429954951332
v -0.0185264990820284 0.0501898052777857 0.0175220068352966
v -0.018773098385196 0.0500983047024578 0.0179850008044019
v -0.019169489740462 0.0499483319737897 0.0155541511501189
v -0.0202294949601308 0.0495282794384815 0.0192240993851997
v -0.0208589311505516 0.0492658998064691 0.0144407252347307
v -0.0247797412341611 0.0474154364572878 0.0132720039053558
v -0.0242085313279343 0.0477098759358629 0.020631143362124
v -0.0249349479954135 0.0473337296696213 0.0207485738229325
v -0.0256147836355375 0.0469692137590582 0.0131766578962656
v -0.026226006882681 0.0466307860550344 0.0208594980643802
v -0.0256612771185755 0.0469439451163398 0.0208264808172029
v -0.0268038757449536 0.0463015672681269 0.0208677812471737
v -0.0272098522716356 0.0460638304300968 0.013145859990734
v -0.0264518637705962 0.046504461467893 0.0131320140183267
v -0.0277620408466342 0.0457328123280732 0.0131872479650248
v -0.0275115616538321 0.0458840367542135 0.0208360119722185
v -0.028064810073863 0.045547453068787 0.0207754946326726
v -0.0285287111362413 0.0452584823160723 0.0206989771716525
v -0.0289600606137643 0.0449839656889285 0.0206035259231137
v -0.0289448744686897 0.0449939941698658 0.0133921361328929
v -0.0295139795860124 0.0446225715714654 0.0135590105080826
v -0.0300425330579996 0.0442685386272312 0.0202330271847614
v -0.0304499717610441 0.0439894547944302 0.0200308389209768
v -0.0308371299848083 0.0437189577552995 0.0197951714740283
v -0.0314106998623106 0.0433074063319894 0.0146719959079028
v -0.0318634157411768 0.0429759374698642 0.0188084296403431
v -0.0318207984224833 0.0430074049953017 0.015137999911502
v -0.0319983979025004 0.0428754067913447 0.0154030021562501
v -0.0322807972434865 0.0426634042572949 0.0159939970971495
v -0.0322718975254481 0.0426706052430497 0.0180350091002507
v -0.0324444976661569 0.0425394042511732 0.017267003269486
v -0.0324565974083874 0.0425302065099272 0.0169999893680217
v -0.0185262997790083 -0.0501899878170003 0.0175210084575189
v -0.0186344989671896 -0.0501498887944114 0.0177620049321203
v -0.0228223490207211 -0.0483884822302553 0.0136984229751284
v -0.0221428803216716 -0.0487022075356552 0.0200863662342794
v -0.0233988153112727 -0.0481119166935589 0.0135457112220143
v -0.0239695185780465 -0.0478301730036296 0.013415663203247
v -0.0282992537554486 -0.0454021742056393 0.0132601192982468
v -0.0287448580555224 -0.0451215071245476 0.013346141837251
v -0.0289595111334752 -0.0449837570726831 0.0206035520001452
v -0.0291864446302281 -0.044837565513462 0.0134570651473761
v -0.0295275303287351 -0.0446134893142124 0.0204372736713899
v -0.0300416725159875 -0.0442690936954555 0.0202333363838493
v -0.0319965836862238 -0.0428771166994986 0.0153920535283077
v -0.0321690981452604 -0.0427479906942053 0.0157189961734638
v -0.0324565974083874 -0.0425301916087668 0.0169999893680217
v -0.0324355979481185 -0.0425460911468948 0.0166490074251069
v -0.0324443002257818 -0.0425393893500128 0.017267003269486
v -0.0322679002891756 -0.0426735892004163 0.0159550007591769
v -0.0322712977537427 -0.042670892090387 0.0180350091002507
v -0.0323727001501446 -0.0425939909269438 0.0163000073365865
v -0.0323499982323021 -0.0426110900084826 0.0177870090800447
v -0.0324082990222981 -0.0425665914182908 0.0175300087586788
v -0.0318627414636695 -0.0429762988230035 0.0188084743438257
v -0.0321225916237071 -0.0427828519589198 0.0183821111534064
v -0.0317132940009048 -0.0430870740492859 0.0149949189649168
v -0.0312180930511434 -0.0434472537221778 0.0195059902331384
v -0.0315574129621451 -0.043201112629692 0.0191822532002124
v -0.0313773138124739 -0.0433325147872337 0.0146360086731015
v -0.0310198200737409 -0.0435894554957066 0.0143353628515744
v -0.0308371728256444 -0.043718860897757 0.019794923742229
v -0.0306406395587165 -0.0438563539046049 0.0140793813970823
v -0.0304510241554961 -0.043988706011121 0.020030235423962
v -0.029733184968462 -0.0444769313551784 0.0136369379914491
v -0.0302424824159451 -0.044131541083966 0.013861817929257
v -0.0285293500234927 -0.0452580315559707 0.0206988393359146
v -0.0276108275963642 -0.0458247152347313 0.0131706890500183
v -0.027951827613199 -0.045617171872926 0.0207917462112364
v -0.0273635558783344 -0.0459718008635754 0.020845524500783
v -0.026701551339253 -0.0463608999634794 0.0131301290214778
v -0.0268034398860124 -0.0463012990472401 0.0208677775218834
v -0.0262234774107061 -0.0466322426434618 0.0208594403223818
v -0.0260242321325886 -0.0467430029685838 0.0131493002962477
v -0.025398815530181 -0.0470866982328027 0.0131967120648165
v -0.0256605730387474 -0.0469445746903659 0.0208264007234633
v -0.0246722945545791 -0.0474712934569811 0.0132895723740107
v -0.0248662815857266 -0.0473701257538552 0.0207397914512502
v -0.0239250609660457 -0.0478530090319155 0.0205761822929341
v -0.0229868783204378 -0.0483111973619323 0.0203487328362003
v -0.0215717244321512 -0.0489570248287736 0.019873171600554
v -0.0211253694861231 -0.0491517829949709 0.0196832395415774
v -0.0219994473397662 -0.0487669195499057 0.0139626652606726
v -0.0206633366567278 -0.0493485788948505 0.0194610166670155
v -0.0212052527442879 -0.0491171452476622 0.0142795961883754
v -0.0206825740547814 -0.0493403497290294 0.0145287594304511
v -0.0202293273220765 -0.0495282943396419 0.0192240304673307
v -0.0197920080671753 -0.049704884266043 0.0150536602723525
v -0.020228567362897 -0.0495288084296751 0.014776792978269
v -0.0197848368837413 -0.0497076037278128 0.0189421582458431
v -0.0193754517166218 -0.0498687784037984 0.0186302378334797
v -0.0193869833521127 -0.0498642968798134 0.0153600886756162
v -0.0187718001215977 -0.0500985915497952 0.0179859991821796
v -0.0190006018513335 -0.05001264910729 0.0182745191840562
v -0.018635799093433 -0.0501494901883712 0.0162380036062448
v -0.0187725991963232 -0.0500982898012974 0.0160139944550247
v -0.0190035280667036 -0.0500114905420703 0.0157237719955197
v -0.018430999407783 -0.0502249906427385 0.0169999893680217
v -0.0185269982709013 -0.0501898909594579 0.0164780017030686
v -0.018456098549802 -0.050215889759035 0.0167340036466568
v -0.0184559998296145 -0.050215889759035 0.0172660048917084
v -0.0198349941895883 -0.00802386601530775 0.241687635145613
v -0.0184823990978769 -0.00961551110980794 0.242206091235442
v -0.0186867983148416 -0.0091451112788579 0.242130303931304
v -0.0186879997208974 -0.0108543013830667 0.242129901599961
v -0.018568298699546 -0.00937227108698412 0.242174292158165
v -0.0184367996844618 -0.00987072142103141 0.242222795436767
v -0.0184372988733347 -0.010130301497537 0.242222691128641
v -0.0184834999211001 -0.01038520167836 0.242205703805259
v -0.0185693995227692 -0.0106281017684626 0.242173994134948
v -0.0188306001004664 -0.0110648016938854 0.242076600147562
v -0.0190601133606105 -0.00866297492146171 0.2419900095018
v -0.019061925714242 -0.0113379753539498 0.241989592269296
v -0.0188296985802633 -0.00893483169147732 0.242076898170779
v -0.0194285352378389 -0.0116734209632521 0.241848344165496
v -0.019434734120558 -0.00832066360251331 0.241845676857702
v -0.0202567510451152 -0.00776027007607911 0.241517061557239
v -0.020260720341712 -0.0122421693840482 0.241515571441153
v -0.0198333662378165 -0.0119743815621395 0.241688484511782
v -0.0206819612445607 -0.00752876006044377 0.24134031888827
v -0.0211229312837556 -0.00731772982710892 0.241152713273032
v -0.0206998072467636 -0.0124798624499196 0.241332913011322
v -0.0212261944625602 -0.0127295844775098 0.241108441924115
v -0.0217843826172578 -0.00704200806861915 0.240863451938403
v -0.0217792640686665 -0.0129538292461362 0.240864986757972
v -0.0232989831246461 -0.00656988296269359 0.240160713192208
v -0.0225897698468284 -0.00676783975609923 0.24049658535801
v -0.0224593213635512 -0.0131923688841819 0.240557471501288
v -0.0240671807831924 -0.00639514916208258 0.239781687264554
v -0.0233787657999783 -0.0134514479091697 0.240122640726209
v -0.0242986796229575 -0.013648467326455 0.239664757855279
v -0.0249824137791665 -0.0137537542691041 0.239308277384007
v -0.025664998683381 -0.00617359312158265 0.238941261792006
v -0.0255544711888899 -0.0138178078383301 0.239001909516709
v -0.0249825627907703 -0.00624417013942734 0.239308486000259
v -0.0263047353009161 -0.00613651018698738 0.238587269814597
v -0.0264024049566422 -0.0138672806221221 0.238532493147273
v -0.0300832895942904 -0.0132155513644468 0.236240873420815
v -0.0294435716032058 -0.00653465196293709 0.23666923709208
v -0.0295416026120712 -0.0134317122535658 0.236604551152783
v -0.0308508986570016 -0.00721685129962672 0.235708901978085
v -0.0306102952082429 -0.0129410654709462 0.23587828347359
v -0.0305494984738829 -0.00702790179201094 0.235919902415874
v -0.0314419997496937 -0.0122992017127666 0.235285396085261
v -0.0314114002168485 -0.00767236161172596 0.235307792530035
v -0.0316543971644936 -0.0120723017436245 0.235130200494896
v -0.0318501984119177 -0.0118242011485485 0.23498589765312
v -0.0323895980660182 -0.0106236016180271 0.234580600978868
v -0.0320942980454311 -0.00857041170713412 0.234803999182492
v -0.0324550998417689 -0.00993514100000936 0.234530890706236
v -0.0324424003278331 -0.0102823017153397 0.234540501954991
v -0.032361297037162 -0.00925355167957289 0.234602595092298
v -0.0324272980017856 -0.00958972092647619 0.234552199366267
v -0.0322999973886391 -0.0109523016582888 0.234648892999093
v -0.0321780984461313 -0.0112636017998365 0.234741205690625
v -0.0322586988226395 -0.00893062118234678 0.234680498361278
v -0.0316645001512328 -0.0079427115018979 0.235122600902857
v -0.0318935980415313 -0.00824172098009771 0.234953487628248
v -0.032026598348524 -0.0115548012073509 0.234854797239867
v -0.0311388989716464 -0.00743116118522947 0.235504294138306
v -0.031109733675488 -0.0125960998828047 0.235525230269315
v -0.0300877152389239 -0.00678627761376608 0.236238101804895
v -0.0289727564024101 -0.0136009959547669 0.236976037093042
v -0.0284090380545656 -0.0137219924457491 0.237333962976918
v -0.0282315987620227 -0.00624863163997807 0.237444499788184
v -0.0287680759260432 -0.006350405634067 0.237106779878435
v -0.0277099743296132 -0.00618183486025787 0.237764323403739
v -0.0278056155648823 -0.0138076815685278 0.237706298283347
v -0.0269992411334365 -0.00614221546876877 0.238186264674672
v -0.0272111579858141 -0.0138546937982116 0.238063240690606
v 0.0324562993851797 -0.0100011009864418 0.234530294659802
v 0.0269101508208005 -0.00613474067419198 0.238239908853771
v 0.0266258497192206 -0.0138676931980001 0.238403732216275
v 0.0324358996966163 -0.0103447012557633 0.234545896175223
v 0.0323772003005801 -0.0106808015847998 0.234590599657805
v 0.0323773977409552 -0.00931915124418861 0.234590405942714
v 0.0324364994683217 -0.0096566411064308 0.234545404436914
v 0.0322832969131406 -0.00899605124626316 0.234661797404398
v 0.0321562980484919 -0.00868993112059339 0.23475738835132
v 0.0322818999293548 -0.011004901823116 0.234662795782176
v 0.0321538989616704 -0.0113102014536422 0.234759101984819
v 0.0320005995489469 -0.00840424141713034 0.234873602504873
v 0.0318225977375995 -0.00813963126767318 0.235005596987778
v 0.0319994000055361 -0.0115957011673104 0.234874690289616
v 0.0318225977375995 -0.0118605013065624 0.235005999319121
v 0.0316262004437601 -0.00789635119798083 0.235150197852771
v 0.0314133969723398 -0.00767364124887379 0.235305393443136
v 0.0316257981124298 -0.0121040011683704 0.235150987614297
v 0.0311872979405683 -0.00747066136743551 0.235468799573135
v 0.031412897783467 -0.0123263013355669 0.235306391820914
v 0.0310721566742938 -0.0126255902105239 0.235552186469312
v 0.0305796714610121 -0.0129572257793809 0.235899487825494
v 0.030838640589942 -0.00720530848826554 0.235717574453706
v 0.0303180648266945 -0.0068969974263583 0.236080581633435
v 0.0300608931502357 -0.0132258573794962 0.236256162011858
v 0.0297884645481904 -0.00665961216258096 0.236439669807859
v 0.0292362983249323 -0.00647139048351761 0.236804524731535
v 0.0295143297632814 -0.0134406399112798 0.236621896104025
v 0.0289615470045125 -0.0136032264722117 0.236982593603821
v 0.0286628755963888 -0.00632723572665623 0.237173894706952
v 0.0283792152447054 -0.0137269917850574 0.237352365910581
v 0.0281042143298491 -0.00622948225190296 0.237523341830298
v 0.027796794077936 -0.0138088606228431 0.237711588195452
v 0.0275033194494957 -0.00616396836895943 0.237888926910856
v 0.0272056128915068 -0.0138546369875376 0.238065684480987
v 0.0233135676353704 -0.0134342985362146 0.240153307315261
v 0.0225134516912851 -0.0132094148803368 0.240532437551041
v 0.0197240140723506 -0.0118988727258695 0.241731951198013
v 0.0193329908601123 -0.0115936839227236 0.241885507660683
v 0.0184506987418085 -0.00976607150298869 0.242217892954844
v 0.0184311987108031 -0.0100210014861325 0.242224896500448
v 0.0186104987857488 -0.00928517101058171 0.24215879495087
v 0.0185259980305106 -0.0105207016550068 0.242190191696803
v 0.0185126000246818 -0.00951885100769773 0.242195094178727
v 0.018457499258878 -0.0102753009639276 0.242215300152854
v 0.0189767842091074 -0.0112477348579968 0.242021585061664
v 0.0186291997420287 -0.0107519015402417 0.242151895713391
v 0.018759499213702 -0.010967001653006 0.242103303027824
v 0.0187365998554844 -0.00906753118129477 0.242111900997641
v 0.019047698831367 -0.00867893127026364 0.241994405344254
v 0.0188840989915291 -0.00886584118155208 0.242056394173434
v 0.0193906993289831 -0.00836080174064822 0.241862887698496
v 0.0197784983026436 -0.00806534153258697 0.241710389218247
v 0.0201280534481829 -0.0121638237393704 0.241569364631861
v 0.0202077988706141 -0.00779024189754316 0.241537088717436
v 0.0205549791437174 -0.0124051610702779 0.241393605439508
v 0.0209837637590097 -0.0126187123936849 0.24121222850951
v 0.0206902984437946 -0.00752728205159835 0.241336191266711
v 0.0213498498793481 -0.00721652626806588 0.241054618931086
v 0.0216138406993269 -0.012892168244474 0.240938911417002
v 0.0222854136460188 -0.00686482116448019 0.24063783346181
v 0.0232445864386704 -0.00658223323068299 0.240187311764345
v 0.0241073002948768 -0.0136126318983805 0.239761257773013
v 0.0242756089013955 -0.00635551812906193 0.239676112539855
v 0.0250045811178803 -0.0137586092534211 0.239296937600592
v 0.0252809417636214 -0.00620903366890702 0.239149699230126
v 0.0261855036661167 -0.0061404822775518 0.238654369741953
v 0.025902262409569 -0.0138452418059166 0.23881218793663
v 0.00999999923189607 -0.052546602606179 0.242228591988342
v 0.00999999923189607 -0.0591824022488077 0.239632183917637
v 0.00999999923189607 -0.0578149004087788 0.239785293345482
v 0.00999999923189607 -0.0554993010635526 0.243699887908252
v 0.00999999923189607 -0.0552846014194736 0.242314795203921
v 0.00999999923189607 -0.0527649008804903 0.242491597477534
v 0.00999999923189607 -0.0538554199513321 0.241646239720741
v 0.00999999923189607 -0.0545599281877591 0.242128649902448
v 0.00999999923189607 -0.0544865027199751 0.243557790438284
v 0.00999999923189607 -0.0560308925096127 0.242265993902102
v 0.00999999923189607 -0.0568366019767765 0.243450591487052
v 0.00999999923189607 -0.0564413337964743 0.242128173065301
v 0.00999999923189607 -0.0561795017821059 0.243636990108259
v 0.00999999923189607 -0.0567246011300527 0.241976285532647
v 0.00999999923189607 -0.0532696031826405 0.242951492005181
v 0.00999999923189607 -0.0569857625922039 0.241791123707791
v 0.00999999923189607 -0.0523538002172818 0.241946989850395
v 0.00999999923189607 -0.0535806872573627 0.241316640943662
v 0.00999999923189607 -0.0588122015455587 0.241649190150592
v 0.00999999923189607 -0.0589503017746922 0.241336489289928
v 0.00999999923189607 -0.0577074183389409 0.240736792071086
v 0.00999999923189607 -0.0518179023358712 0.239629501708682
v 0.00999999923189607 -0.0578245489101264 0.24010967671626
v 0.00999999923189607 -0.0577853998365118 0.240427190651882
v 0.00999999923189607 -0.059137400744453 0.240680301770263
v 0.00999999923189607 -0.0586945010049886 0.238133901995408
v 0.00999999923189607 -0.0538202010587684 0.236704090907333
v 0.00999999923189607 -0.0528174013938074 0.237451995072097
v 0.00999999923189607 -0.0547603264431612 0.237794200231264
v 0.00999999923189607 -0.054192100494301 0.236539596992591
v 0.00999999923189607 -0.0544635996364674 0.237919891523125
v 0.00999999923189607 -0.0576289860812684 0.239060500881214
v 0.00999999923189607 -0.0588819017232471 0.238501096401339
v 0.00999999923189607 -0.0553920685881511 0.237675527386169
v 0.00999999923189607 -0.0553168996846023 0.236304099046347
v 0.00999999923189607 -0.0569011016494915 0.238144899052123
v 0.00999999923189607 -0.0578860012955432 0.237172091666488
v 0.00999999923189607 -0.0564372024497583 0.236420387705705
v 0.00999999923189607 -0.0584634026339088 0.237784887005726
v 0.00999999923189607 -0.0591847007527967 0.240341792098989
v 0.00999999923189607 -0.0592000005192192 0.239999989271164
v 0.00999999923189607 -0.0590591994547664 0.241012389041206
v 0.00999999923189607 -0.0518634998866412 0.240678901061142
v 0.00999999923189607 -0.0519416005934952 0.241011897302898
v 0.00999999923189607 -0.0575323781332195 0.241133937810348
v 0.00999999923189607 -0.0533720523855593 0.240941802242209
v 0.00999999923189607 -0.0521875032674148 0.241648102365849
v 0.00999999923189607 -0.0586462026188993 0.241947392181738
v 0.00999999923189607 -0.0572922682853985 0.24148453232308
v 0.00999999923189607 -0.0584530016239619 0.242229486057993
v 0.00999999923189607 -0.0579930996605012 0.242734098969383
v 0.00999999923189607 -0.0582345021839854 0.242492595855312
v 0.00999999923189607 -0.0574478997297219 0.243146190572988
v 0.00999999923189607 -0.0577301016303329 0.24295269899921
v 0.00999999923189607 -0.0571495002677752 0.243312487528194
v 0.00999999923189607 -0.0565121031324202 0.243559086839279
v 0.00999999923189607 -0.0556104152912337 0.242324406452676
v 0.00999999923189607 -0.0558411001551128 0.24368409267774
v 0.00999999923189607 -0.0548195026763296 0.243636498369951
v 0.00999999923189607 -0.0551580011608651 0.243683988369614
v 0.00999999923189607 -0.0549678251014854 0.242265695878885
v 0.00999999923189607 -0.054162599922034 0.243448892754713
v 0.00999999923189607 -0.0535514996094637 0.243144387532523
v 0.00999999923189607 -0.0538503014027407 0.243310893103982
v 0.00999999923189607 -0.0541844189461239 0.24191991444111
v 0.00999999923189607 -0.0530068025928473 0.242733592329913
v 0.00999999923189607 -0.0520498016443215 0.241335386604025
v 0.00999999923189607 -0.0532638029059617 0.240635792002772
v 0.00999999923189607 -0.0518161998782975 0.240341598383897
v 0.00999999923189607 -0.0531950973807288 0.240322912328178
v 0.00999999923189607 -0.0531754017719934 0.239999989271164
v 0.00999999923189607 -0.0517999985916718 0.239999989271164
v 0.00999999923189607 -0.0518762031258671 0.239250192658971
v 0.00999999923189607 -0.051976901442441 0.238869393493174
v 0.00999999923189607 -0.0531955481408303 0.239679211981314
v 0.00999999923189607 -0.0532935828749858 0.239261457936582
v 0.00999999923189607 -0.0521219009088315 0.238489488397028
v 0.00999999923189607 -0.0534189016338014 0.238964597009914
v 0.00999999923189607 -0.0523118012967442 0.238122189682971
v 0.00999999923189607 -0.053579688879617 0.23868582609253
v 0.00999999923189607 -0.0525438011880271 0.237774888326789
v 0.00999999923189607 -0.0531251997626653 0.23716329998158
v 0.00999999923189607 -0.0541837483939067 0.238081554217304
v 0.00999999923189607 -0.0534607999715065 0.236912796566349
v 0.00999999923189607 -0.0538541980561807 0.238354930914456
v 0.00999999923189607 -0.0545702025378427 0.236418986996584
v 0.00999999923189607 -0.0550725020278813 0.237715298584507
v 0.00999999923189607 -0.0549474999187239 0.236342186413507
v 0.00999999923189607 -0.0556823022142082 0.236304188453312
v 0.00999999923189607 -0.0560575022567655 0.236341500960108
v 0.00999999923189607 -0.0558209053575047 0.237695256523149
v 0.00999999923189607 -0.0562395832607676 0.2377934253709
v 0.00999999923189607 -0.0566319792424061 0.237966532156619
v 0.00999999923189607 -0.0571918009368106 0.236709097697382
v 0.00999999923189607 -0.0575494995664989 0.236919487187576
v 0.00999999923189607 -0.056817602997289 0.236542189794581
v 0.00999999923189607 -0.0581929987270305 0.237463200745064
v 0.00999999923189607 -0.0574203437588848 0.238685602575117
v 0.00999999923189607 -0.0571462071113307 0.238355214036512
v 0.00999999923189607 -0.0591241014588117 0.23925779225101
v 0.00999999923189607 -0.0590252024573541 0.238876784468961
v 0.00999999923189607 -0.0577654024792787 0.239466855537887
v 0.0545999974080273 -0.00549126945333608 0.191012110016969
v 0.0549915961775853 -0.00549810675764527 0.191002632878662
v 0.0550010360626876 -0.00250547156063254 0.192000012278556
v 0.0545999974080273 -0.00252759978380033 0.191999997377396
v 0.0545999974080273 -0.00549126945333608 0.192987884737822
v 0.0545999974080273 -0.00549126945333608 0.191012110016969
v 0.0545999974080273 -0.00252759978380033 0.191999997377396
v 1.37036230894005e-06 -0.000499998250289666 0.138377618676924
v 3.38371096167103e-06 -0.000645580317126578 0.138379585630158
v -4.07486054974088e-05 -0.000649696995512833 0.138500612858669
v -3.6784074652538e-05 -0.000499997959251377 0.138503131154855
v -0.0324430969570809 -0.00972256756525242 0.149459895131143
v -0.032455997636682 -0.0100639978530932 0.14946919345552
v -0.0269067682573937 -0.0138652186740541 0.145758759697703
v -0.0263822585878052 -0.00613569481411771 0.145457100597238
v -0.0323916991296321 -0.00938629773551653 0.149421092508262
v -0.0324284975451963 -0.0104047976355853 0.149448197719868
v -0.0323045981219072 -0.00906160797004278 0.149354797243592
v -0.0323631969351108 -0.0107374977060871 0.149398591755362
v -0.0321321991468636 -0.011356397844795 0.149224501493025
v -0.0322630983902423 -0.011055997902067 0.149322893858189
v -0.0319752973786176 -0.0116368972878324 0.149107303862855
v -0.0320371967988459 -0.00846473733431511 0.149152990822055
v -0.0321849976833883 -0.0087533672229861 0.149264198185559
v -0.0317960997491496 -0.0118964978534335 0.148974296101012
v -0.031833099330379 -0.00815174777370908 0.149001192696366
v -0.0315844995464301 -0.00785009799615402 0.14881880248743
v -0.0315982980209442 -0.0121352973304634 0.148828801166367
v -0.0312926975732427 -0.00756096752162644 0.148606505648646
v -0.0309750979661434 -0.0073039578952868 0.14837909903275
v -0.0306522978540706 -0.00708581748014326 0.148151394393636
v -0.0308057313772376 -0.0128164470666686 0.148258936071569
v -0.0312843529234286 -0.012448426589448 0.148600187556441
v -0.0303033313043665 -0.0131094374073965 0.147909325035453
v -0.0297690036327311 -0.0133482061507831 0.147547018210284
v -0.0299775993889885 -0.00673982790288672 0.147687893785062
v -0.0303374978024781 -0.00691056772685401 0.147933390410243
v -0.0294646474319216 -0.00654047691966281 0.147344511434186
v -0.0292306191201816 -0.0135302890174302 0.147191044378481
v -0.0286579470375924 -0.0136736586694039 0.146822747286646
v -0.0287199544912334 -0.00633880135541924 0.146862488682661
v -0.0280746262132649 -0.0137749837660363 0.146457579438591
v -0.0278901423971512 -0.00619969809192748 0.146344673342749
v -0.0274913463671284 -0.0138366913338247 0.146104556036639
v -0.0270497262648119 -0.00614048646850316 0.145842563826384
v -0.0256698862639864 -0.0138287769550166 0.145060297584676
v -0.0239559622473886 -0.00641901057646734 0.144162070509149
v -0.0222317825071577 -0.00688214190077963 0.143337782993813
v -0.0213260490009274 -0.00722566719863793 0.142934751296012
v -0.0215605951279906 -0.0128712675043927 0.143037628910594
v -0.0209020159931521 -0.0125800541270405 0.142752718714936
v -0.0206861261188876 -0.00752670090634344 0.142661508709307
v -0.0198371604457789 -0.00802319266912297 0.142312970556774
v -0.0196353707945261 -0.0118343972675401 0.142232698003217
v -0.0192459848472848 -0.0115165424780692 0.142080959482171
v -0.0194347117688174 -0.0083211814178366 0.14215415398432
v -0.0188307994034865 -0.00893510736294439 0.141923498915356
v -0.0188959659031286 -0.0111532810589457 0.14194798152265
v -0.0190623820622787 -0.00866112997154187 0.142010685607552
v -0.0186875992522121 -0.010854897429482 0.141869795131613
v -0.0186883983269376 -0.00914554713779909 0.141870093154831
v -0.0184836992241202 -0.00961522798776068 0.141793992926315
v -0.0184372988733347 -0.00987021757554598 0.141777199318024
v -0.0184828982867497 -0.0103849977187273 0.141793992926315
v -0.0184370995703145 -0.0101298973035616 0.141777199318024
v -0.018568999054084 -0.0106279974603399 0.141825792003591
v -0.0185699992944746 -0.00937234745543108 0.141825896311717
v -0.0204672019958402 -0.0123581218322409 0.142569762261888
v -0.0202536069002745 -0.00776201444316637 0.142481577191914
v -0.0200369663800557 -0.012107122030148 0.142393287813813
v -0.0224563988734712 -0.0131909858702339 0.143440705311879
v -0.0232596198468511 -0.0134206015758557 0.143820401791772
v -0.0240670429474589 -0.0136040674564507 0.144217338914782
v -0.0231600577437564 -0.0066041616851694 0.143772479658444
v -0.0256674350231035 -0.0061714361786173 0.145059463119668
v -0.0248774481427881 -0.0137403348428572 0.1446358976222
v -0.0247561750490164 -0.00627603161429238 0.144572046147912
v -0.0263618700751121 -0.0138636372884086 0.145445507494088
v 0.020618992666075 -0.01243895503938 0.142633300811798
v 0.0205637987680187 -0.00759203737234616 0.142611098082115
v 0.0210739660707392 -0.0126603611369536 0.142826404955393
v 0.0201872315439964 -0.0121992242398262 0.142454620991916
v 0.0191733156133902 -0.00854865601297589 0.142053660555475
v 0.0184318990653411 -0.0100194974002564 0.141775098254343
v 0.0184592985739941 -0.0102803980921008 0.141785201241407
v 0.0184518982852193 -0.0097577473422701 0.14178248923013
v 0.0185170983124722 -0.00950449746495943 0.141806495000277
v 0.0186382987630871 -0.0107673978157168 0.141851600814202
v 0.0187528998622977 -0.00904463741101233 0.14189380090176
v 0.0185300995749058 -0.0105318980143891 0.141811501790326
v 0.0186206986300305 -0.00926620742135012 0.141844597268598
v 0.0187735994367138 -0.0109866972617414 0.14190210084836
v 0.0189063985780413 -0.00883953783950966 0.141951706812865
v 0.0189988248879579 -0.0112710626245754 0.141986664936244
v 0.0196306992807462 -0.00817006781907666 0.142230194608192
v 0.0193697259457449 -0.0116251588987412 0.142128941220143
v 0.0197744340111493 -0.0119341260773665 0.142288279333228
v 0.0200659994284157 -0.0078761973785637 0.142405089533215
v 0.0211241997450331 -0.00731760735819703 0.142848101045606
v 0.0216304983339893 -0.00709969744537816 0.143068697830989
v 0.0217278960435384 -0.0129363017562365 0.143110883017386
v 0.0224280717675843 -0.0068176277925655 0.143428292644882
v 0.0234193714620202 -0.00653821846254236 0.143897366287618
v 0.0226501176837318 -0.0132514771308061 0.143530678521156
v 0.0234476706282313 -0.0134675253298997 0.143912192942675
v 0.0241539912182899 -0.013620486672547 0.144262131804329
v 0.0244346713378969 -0.00632836868050655 0.144405361762523
v 0.0249707145056213 -0.0137540923391802 0.144684490307767
v 0.025403999271349 -0.00619768783225964 0.144917306045056
v 0.0258904346135155 -0.0138446122318904 0.145181533429439
v 0.0261089545425875 -0.0061422848522968 0.145302560657951
v 0.0269066155204998 -0.00613474020853071 0.14575852127913
v 0.027964767408346 -0.0137907529190109 0.146390852040257
v 0.0280919059713733 -0.00622767874583543 0.14646863609995
v 0.0297977274820131 -0.00666316888329972 0.147566657940298
v 0.0297882782836857 -0.0133404351956437 0.147560354749254
v 0.0303246995683548 -0.00690184682274024 0.147924032481223
v 0.0316255969467646 -0.00789623757663292 0.14884909654746
v 0.0314138998865027 -0.0123268973819822 0.148694392695403
v 0.0321557988596191 -0.0113099974940095 0.149242397787219
v 0.0321542975677106 -0.00868948781107201 0.14924120569435
v 0.0322828983071004 -0.0110037972746026 0.149338003635302
v 0.0318225977375995 -0.00813940775026745 0.148994293458887
v 0.0320005995489469 -0.0115958976763629 0.149126496558044
v 0.0323766973864172 -0.00931947720707198 0.149408992765643
v 0.0322817993465222 -0.00899523727037727 0.14933709466449
v 0.0324356985309511 -0.00965535774399287 0.149453904864477
v 0.0323773977409552 -0.0106807978595098 0.149409588812077
v 0.0324563999680123 -0.00999881738361324 0.14946970009499
v 0.0324366000511542 -0.0103432977527198 0.149454590317877
v 0.0319997986115763 -0.00840396760830832 0.149125691895358
v 0.0318229963436397 -0.0118608980499576 0.148994397767013
v 0.0313092788394582 -0.00757364887477308 0.148618486181978
v 0.0316266996326329 -0.012104297328933 0.14884979690202
v 0.030857073325335 -0.00721846062494801 0.148295250200586
v 0.031187597826421 -0.0125296975181734 0.148530897158439
v 0.0308382140442261 -0.0127953367790194 0.148281794452329
v 0.0303207563487886 -0.0131014131325306 0.14792121616182
v 0.0292422308494096 -0.00647297978540464 0.147199150609989
v 0.0292346200817443 -0.013529074572859 0.14719448654664
v 0.0286581333020972 -0.00632683572363221 0.146823119815667
v 0.0286566133837381 -0.0136740358550261 0.146822449263428
v 0.0272045809861503 -0.0138549890274517 0.145933133082096
v 0.0275090061048266 -0.00616443403022138 0.146114554715576
v 0.0266253393544775 -0.0138677257942885 0.145595428073508
v 0.00999999923189607 0.0157351038231487 0.100491596002319
v 0.00999999923189607 0.0147184032381961 0.0964345984957829
v 0.00999999923189607 0.0132154032841655 0.100314801179287
v 0.00999999923189607 0.0135320240712922 0.100265731656572
v 0.00999999923189607 0.0118650163581582 0.10003181323338
v 0.00999999923189607 0.0113505035045413 0.10131250095414
v 0.00999999923189607 0.0125723027296741 0.100285296880782
v 0.00999999923189607 0.0119879034338639 0.101559100265225
v 0.00999999923189607 0.0152304033836436 0.100951497980546
v 0.00999999923189607 0.0112077448001432 0.0994845457490262
v 0.00999999923189607 0.0115142393174676 0.0997911222325759
v 0.00999999923189607 0.015265689331429 0.0985324956804701
v 0.00999999923189607 0.00954968337117386 0.0993364952652939
v 0.00999999923189607 0.0107925947466009 0.0987368129476127
v 0.00999999923189607 0.00968780315808039 0.0996491961259574
v 0.00999999923189607 0.0164503036421501 0.0966634952277654
v 0.00999999923189607 0.00985381419193259 0.0960530021178796
v 0.00999999923189607 0.0144874957882337 0.0962107160044301
v 0.00999999923189607 0.0113503042015212 0.0946890988642923
v 0.00999999923189607 0.0133411038852158 0.0943158992905341
v 0.00999999923189607 0.0133221347080491 0.0956955009170882
v 0.00999999923189607 0.0124670493146359 0.0957347878276976
v 0.00999999923189607 0.0123195045437875 0.0943635010489038
v 0.00999999923189607 0.0146495039978782 0.0946874969894998
v 0.00999999923189607 0.0118680170793302 0.0959665455825653
v 0.00999999923189607 0.00931624272394648 0.0976584010349571
v 0.00999999923189607 0.00930000325309729 0.0979999952465296
v 0.00999999923189607 0.0106754567248352 0.0981097050433671
v 0.00999999923189607 0.0093153235086154 0.0983417980743542
v 0.00999999923189607 0.0166374026119109 0.0973196976485916
v 0.00999999923189607 0.0165592031848694 0.0969875954764873
v 0.00999999923189607 0.0107146030044822 0.0984271966272474
v 0.00999999923189607 0.0094408033862276 0.0990123950165719
v 0.00999999923189607 0.0167000023866772 0.0979999952465296
v 0.00999999923189607 0.0166847026202546 0.0976581998692855
v 0.00999999923189607 0.0166838029626965 0.0983415969086826
v 0.00999999923189607 0.0166365029543528 0.0986788995859272
v 0.00999999923189607 0.0098538030160623 0.0999473981571034
v 0.00999999923189607 0.0126580039596456 0.0943159961480797
v 0.00999999923189607 0.0151279383482419 0.0989418380198961
v 0.00999999923189607 0.0164502030593175 0.0993354000299707
v 0.00999999923189607 0.014919165640705 0.0993168853376011
v 0.00999999923189607 0.0161462026237122 0.0999470032763405
v 0.00999999923189607 0.00936256298099502 0.0986803002950482
v 0.00999999923189607 0.0149203260685698 0.0966858395184761
v 0.00999999923189607 0.0159530034914198 0.0957704984597005
v 0.00999999923189607 0.010967647059515 0.0991339959397763
v 0.00999999923189607 0.0100470030796771 0.100229499483939
v 0.00999999923189607 0.0105069031804928 0.100734097494168
v 0.00999999923189607 0.0102655034509762 0.100492601830678
v 0.00999999923189607 0.0110521031112721 0.101146196548353
v 0.00999999923189607 0.0107699030733061 0.100952697523995
v 0.00999999923189607 0.011663403658185 0.101450597462417
v 0.00999999923189607 0.0122603283106191 0.100206387783444
v 0.00999999923189607 0.0123205029215331 0.101636996083625
v 0.00999999923189607 0.0126589036172037 0.101684098653106
v 0.00999999923189607 0.0128896667121749 0.100324419878622
v 0.00999999923189607 0.0130007027087639 0.101699901334198
v 0.00999999923189607 0.013680502958632 0.101636496894736
v 0.00999999923189607 0.0133420026114514 0.10168400179556
v 0.00999999923189607 0.0140135029149865 0.10155779641365
v 0.00999999923189607 0.0139399787270149 0.100128708031877
v 0.00999999923189607 0.0146497033008983 0.101310899079347
v 0.00999999923189607 0.01433740291896 0.101448898730079
v 0.00999999923189607 0.0149485032315303 0.101144400958469
v 0.00999999923189607 0.0143156574693495 0.0999198831635739
v 0.00999999923189607 0.0154932030421143 0.100733598305279
v 0.00999999923189607 0.0146438378316428 0.099646938600087
v 0.00999999923189607 0.0159534039601051 0.100228597963707
v 0.00999999923189607 0.0163125032988693 0.0996481008906341
v 0.00999999923189607 0.0165584022474988 0.0990118958276831
v 0.00999999923189607 0.015324735179444 0.0981076412325879
v 0.00999999923189607 0.0153042321140805 0.0976780780178738
v 0.00999999923189607 0.0152064385924587 0.0972615086154302
v 0.00999999923189607 0.0150811030698377 0.0969645955346987
v 0.00999999923189607 0.0163122034130166 0.0963508018176823
v 0.00999999923189607 0.0161462026237122 0.0960525997865364
v 0.00999999923189607 0.0157345021887983 0.0955073961129621
v 0.00999999923189607 0.0152301044291134 0.0950473004196442
v 0.00999999923189607 0.0154931043219267 0.0952659004494719
v 0.00999999923189607 0.0141319950797019 0.0959675216086017
v 0.00999999923189607 0.0149479043911474 0.0948538013952865
v 0.00999999923189607 0.0143366038442345 0.0945494004812225
v 0.00999999923189607 0.0137397378651194 0.0957942136572104
v 0.00999999923189607 0.0140121040685556 0.0944408976784147
v 0.00999999923189607 0.0136795036495639 0.094363001860015
v 0.00999999923189607 0.012999303862333 0.0943000966094412
v 0.00999999923189607 0.0128932020124756 0.0956754737568913
v 0.00999999923189607 0.01216020368872 0.0958321967162445
v 0.00999999923189607 0.0116626045834595 0.0945510992135606
v 0.00999999923189607 0.011986504587433 0.0944422015299901
v 0.00999999923189607 0.0110515042708892 0.0948555969851703
v 0.00999999923189607 0.0105068044603052 0.0952663996383607
v 0.00999999923189607 0.0115989030541475 0.096144897576908
v 0.00999999923189607 0.0107696041187759 0.0950484999630935
v 0.00999999923189607 0.0102649046105933 0.0955084019413202
v 0.00999999923189607 0.0100466044736369 0.0957713999799326
v 0.00999999923189607 0.0113537333310542 0.0963552945176818
v 0.00999999923189607 0.00954979326723168 0.096664597913669
v 0.00999999923189607 0.0110796814338497 0.096685578748161
v 0.00999999923189607 0.00968748278313217 0.0963518970530056
v 0.00999999923189607 0.0108710428367563 0.0970604472519357
v 0.00999999923189607 0.0107346012930378 0.0974668615132526
v 0.00999999923189607 0.00936345332532786 0.0973210983577125
v 0.00999999923189607 0.00944162295004863 0.0969881021159566
v 0.00999999923189607 0.0106851033635377 0.0977852993208475
v -9.41858193048057e-19 -0.0689828879816994 0.111143489677977
v 3.48919957026647e-16 -0.0675888993290909 0.110432599996792
v -1.04739919563184e-18 -0.0677638613037203 0.110222225407759
v 3.48087376624396e-16 -0.0688805244604529 0.111453210306468
v -1.04950075126116e-18 -0.0668904819419701 0.110099961382897
v -1.77531992788018e-32 -0.0693085006877943 0.111844000700623
v -2.5256984623674e-18 -0.0691982619032857 0.111530644188881
v 4.84530475068309e-15 -0.0691314376495511 0.112203714723802
v 3.48116996306157e-16 -0.0690407044839829 0.111816932741919
v -1.31209589197282e-15 -0.0693791992432284 0.112166037138565
v -1.26925429711304e-18 -0.0664522164633846 0.110160750668628
v -1.77726992596521e-32 -0.0650850946029455 0.111053196093741
v 3.46575184667883e-16 -0.0652239138130675 0.111284231142307
v 1.3294024735853e-19 -0.0649010950745442 0.111330916479284
v 2.0042279054153e-14 -0.0693792662984501 0.112830882232691
v 4.04158757687352e-16 -0.0649595970302053 0.113184166404959
v 3.95986160740837e-16 -0.0667023249898222 0.114631449104143
v 2.00665804280863e-14 -0.0662359857250763 0.114778061625852
v 3.48928956751221e-16 -0.0664110967113095 0.114567396464182
v 2.00562669554822e-14 -0.0653003791175695 0.114198056291087
v 3.95999183871692e-16 -0.0654778444871431 0.114021417930243
v 4.01741564015541e-16 -0.0670982935246624 0.114650030851736
v 4.00084741191161e-16 -0.0674926899870823 0.114595149876286
v 2.00483912435675e-14 -0.0650175178406115 0.113857378500908
v 3.97949159489197e-16 -0.065119642943292 0.113547069276562
v 1.9999598760331e-14 -0.0676573999633686 0.114807796892349
v 2.00682270600461e-14 -0.064661171491228 0.113051076686731
v 2.00611204540056e-14 -0.0686991624374393 0.114198391567207
v 2.00488876048476e-14 -0.0683591477598348 0.11448061955391
v 3.48913974856782e-16 -0.0682958997845919 0.114215796123092
v 3.48131581153924e-16 -0.0649048352658002 0.112006274342397
v 3.48031551862256e-16 -0.0650313759197671 0.111629923173116
v 4.0135240533703e-16 -0.0689686275712135 0.113370058386697
v 3.93857355302082e-16 -0.06909515332402 0.11299375937148
v 3.4810746718602e-16 -0.0654772782430486 0.110978869103368
v -1.09136529036077e-18 -0.0656434857859533 0.110517104480033
v 3.48021758044337e-16 -0.0659524687970616 0.110619557411532
v 1.9999598760331e-14 -0.069399993812542 0.112500001955777
v 3.93179649571847e-16 -0.0691500864517696 0.112601098881637
v 2.00469241825827e-14 -0.0692777595939255 0.113263239415066
v 1.9999598760331e-14 -0.069148700643854 0.113568996334769
v 4.81730057242251e-16 -0.0687759183145688 0.113716018638402
v 1.99918348567593e-14 -0.0689825527055908 0.113857005971886
v 4.00156130182859e-16 -0.0685219578381723 0.114021812811006
v 3.94946586673374e-16 -0.0680474974410181 0.114380461401184
v 2.00406781619698e-14 -0.0679716356335116 0.114696641682908
v 3.48917971793285e-16 -0.0677766986533897 0.114505094710624
v 2.00587436796851e-14 -0.0673323162484672 0.114879270310418
v 1.9999598760331e-14 -0.0670004003515305 0.114899997825176
v 2.00542730400329e-14 -0.0666676499896125 0.114879411871446
v 4.03389413585126e-16 -0.066129926716055 0.11446799082008
v 4.02944033097803e-16 -0.0657823198972357 0.11427427572889
v 2.00651015086409e-14 -0.0658303761394688 0.114598927320564
v 1.9999598760331e-14 -0.0655534008208618 0.114415300315276
v 3.48938962327366e-16 -0.065283794126064 0.113795002241544
v 2.01444058110417e-14 -0.0648027176137 0.113471825864796
v 4.05553026782161e-16 -0.0648685509402692 0.112796326440655
v 1.9999598760331e-14 -0.0646098965983523 0.112721701427064
v 5.09007481273663e-15 -0.0648498946874705 0.112398934832239
v 3.93200761866908e-15 -0.0646001288877217 0.112388444414993
v -1.77478992689362e-32 -0.0646408984625278 0.112058800934431
v -8.89756363847422e-19 -0.0647221991935739 0.111736205702956
v -1.16259029351129e-18 -0.0653023311695796 0.110800047722458
v 3.48934965390863e-16 -0.0657040962558085 0.110784200337882
v 3.48930968454361e-16 -0.0662232973870108 0.110494901750351
v 3.48071468287722e-16 -0.066507104887653 0.110404906189332
v -9.65951688232943e-19 -0.0660307371419698 0.11030169329863
v 3.48002249817833e-16 -0.0669015758558748 0.110349973059819
v 3.48064533205844e-16 -0.0672976263470971 0.110368539906251
v -1.13270922269071e-18 -0.067333865969147 0.11012080065636
v 3.480314989227e-16 -0.0678701363795672 0.110532035443216
v -1.03308235436945e-18 -0.0681691430637994 0.110401128745054
v 3.48912969005212e-16 -0.0684486962831525 0.110911597812662
v 3.48012175984643e-16 -0.0682168342276031 0.110725206642034
v -1.77841985325128e-32 -0.0684467963852038 0.110585098477041
v 3.49048229571611e-16 -0.0686564482612032 0.11112587650584
v -1.09098788922685e-18 -0.0686999820012603 0.110802372303552
v -0.000371757961820462 0.0534987047982291 0
v -0.000273647965163516 0.0535073064930598 0
v -0.000273852972534089 0.0534993045699345 0.0118679997652471
v 0.0545999974080273 -0.000987882788511004 0.0049909948187099
v 0.0545999974080273 8.30393752945833e-09 0.00202800328966968
v 0.0545999974080273 0.000987899086655172 0.0049909948187099
v 1.2425963580844e-08 -0.0553289323716111 0.242161164235447
v 0.0100000076137988 -0.0550461977545164 0.242286646911055
v 9.80267102952339e-09 -0.054382559675728 0.241857329565495
v 0.0100000094764438 -0.054334972820047 0.242025667979739
v 8.48137602812612e-09 -0.0537325077299182 0.241243655057766
v 0.0100000113390889 -0.0536091745507236 0.241385871737021
v 0.0100000104077664 -0.053218332015055 0.240505004513897
v 8.15575562634219e-09 -0.0534032628659801 0.240522260058174
v -1.96448986507871e-14 -0.0533499986681934 0.239999989271164
v 0.00999999923189607 -0.0531754017719934 0.239999989271164
v 8.18770695507246e-09 -0.0561145997780606 0.242066482259337
v 0.0100000104077664 -0.0567075951807663 0.242009366109758
v 0.0100000085451213 -0.0557954169226707 0.242318118162793
v 1.09776439733141e-08 -0.0568292594299981 0.241712907514433
v 6.98188224737521e-09 -0.0573461136284402 0.241113538121129
v 0.0100000085451213 -0.0577683044802632 0.240562150465798
v 0.0100000094764438 -0.0574116675582522 0.241344267695898
v 0.00999999923189607 -0.0578246010641877 0.239999989271164
v -1.96448986507871e-14 -0.0576500004426976 0.239999989271164
v 8.79755331746606e-09 -0.0576105272688448 0.240466604222359
v 0.0100000113390889 0.0136699622503065 0.100246434653257
v 9.86619354664099e-09 0.0141176471248987 0.0998572386833152
v 0.0100000076137988 0.0145128407993991 0.0997810341466732
v 8.54031820938277e-09 0.0147675798614254 0.0992435343732639
v 8.12272516089076e-09 0.0150967409063364 0.0985222734841196
v 0.0100000066824763 0.0149943485140916 0.0992072947500505
v 9.01564973909298e-20 0.0151500023101556 0.0979999952465296
v 0.0100000104077664 0.0152816726885841 0.0985050104892624
v 0.00999999923189607 0.0153246029316456 0.0979999952465296
v 9.58539950725814e-09 0.0132710861265467 0.100143981721759
v 9.70890070979173e-09 0.0121013394485971 0.0999657787390251
v 4.18634259996724e-09 0.0126851361787343 0.100128916648129
v 0.0100000094764438 0.0127046324844495 0.100318124138159
v 0.0100000104077664 0.011792457951644 0.100009401887445
v 7.51885090986598e-09 0.0115298743599988 0.0995769031440413
v 0.0100000085451213 0.0107317011546984 0.0985621638917439
v 6.97579911370996e-09 0.011153894800489 0.0991135291953341
v 0.0100000094764438 0.0110883166562913 0.099344251319522
v 0.00999999923189607 0.0106754036394513 0.0979999952465296
v 5.54619982245486e-20 0.0108500023982964 0.0979999952465296
v 8.83203861908974e-09 0.0108894811600844 0.0984666101977241
v -1.39068707303738e-10 -0.0671934672360245 0.114898656720698
v -0.00500000008160929 -0.0668065511561165 0.114898656720698
v -0.00500000008160929 -0.0660552719025394 0.11471916478755
v -5.8015783459775e-10 -0.0663043671500709 0.114818108495665
v -0.00500000008160929 -0.0654641652219121 0.11434818548676
v 2.34467599223738e-10 -0.0654611402863545 0.114355434901518
v -0.00500000008160929 -0.0646937379772436 0.113186148259353
v 1.80360109378582e-11 -0.0649519005808679 0.113766988059126
v -0.00500000008160929 -0.0650107825161187 0.113861282605053
v 1.9999598760331e-14 -0.0645999947772783 0.112500001955777
v 3.69063917298382e-12 -0.0646528864460554 0.113050190067659
v -0.00499999961594803 -0.0645920003047331 0.112500404287121
v 9.61836183277515e-11 -0.0679447092367007 0.11471917223813
v -0.00499999961594803 -0.0675843172222733 0.114840713556691
v -1.05874823970873e-10 -0.0685358308184883 0.11434819293734
v -0.00500000008160929 -0.0683619044745055 0.114489075962698
v -3.85727505302409e-11 -0.0689892135242817 0.113861290055634
v 7.96743461115737e-11 -0.0693062804148974 0.113186081204129
v -0.00500000008160929 -0.0689928196050942 0.113863890308204
v -5.84539440548119e-10 -0.0694079957356673 0.112500404287121
v -0.00500000008160929 -0.069399993812542 0.112500001955777
v -0.00500000008160929 -0.0693471319460856 0.113050108111275
v 5.32501593147529e-17 -0.0574828690278492 0.238643447191042
v -1.46410987256318e-32 -0.0569467997830941 0.238085085792428
v 6.31093112639665e-17 -0.0571999257945091 0.238302300014295
v -1.96448986507871e-14 -0.0569488002638754 0.238411600029209
v 5.74633936091773e-17 -0.0566690682305978 0.237901086258119
v -1.95949406502787e-14 -0.0555995039165437 0.237850019979849
v -1.95973462237179e-14 -0.0573803341432582 0.238952884697477
v -1.96448986507871e-14 -0.0553018010838449 0.237859184193778
v -1.46100994719208e-32 -0.0578085003603946 0.23934399546659
v -1.95984541427526e-14 -0.0576314522233117 0.23970372439093
v 7.04762211028411e-17 -0.0549520484979306 0.237660790138078
v -1.95997619615519e-14 -0.0575951567219104 0.240493739236286
v -1.96005395377551e-14 -0.05765009357495 0.240101108548765
v 4.28341659511057e-17 -0.0578792696963405 0.240330884449239
v 1.44137616786143e-16 -0.0533027247368804 0.240971813180182
v -1.96448986507871e-14 -0.0553012013121395 0.242140690040424
v 0 -0.0555004000241308 0.242399985140562
v 6.66586041127989e-17 -0.0547359816723865 0.242278048941238
v -1.95943629738401e-14 -0.0550067506576942 0.242094705058007
v -1.95961688479853e-14 -0.0539780155230878 0.241521606411302
v 0 -0.0561573996359688 0.242307791658317
v -1.95889029997595e-14 -0.0533685580634496 0.240296313756042
v 4.77767749827341e-17 -0.0568591623335954 0.241980591968136
v -1.46047994620552e-32 -0.0531409018604182 0.239558795700398
v -7.45931252570961e-18 -0.0534011357253355 0.238830844190027
v -4.48242656163985e-18 -0.0574825561034811 0.241357008188434
v -1.95127987876591e-14 -0.0572761079769639 0.241215730282313
v 4.78843746309553e-17 -0.0577777629918159 0.240763256532775
v -1.95928535612103e-14 -0.0574686123426534 0.240870097856147
v -1.46295994527711e-32 -0.0535851017261259 0.238553190859708
v 6.65372931194907e-17 -0.0538023829962412 0.238300005235523
v -1.9592899300987e-14 -0.0544523827879896 0.238119596880981
v 5.25615149486929e-17 -0.0545305654512257 0.237801770020982
v 0 -0.0576487003164543 0.241068983650156
v -1.95960960031558e-14 -0.0570227770745936 0.241521069969511
v 6.47803086545519e-17 -0.0571991509341692 0.241698393783754
v -1.96448986507871e-14 -0.0567958994571921 0.24171579833964
v -1.96448986507871e-14 -0.05627670205128 0.242005089476591
v -1.95999516969217e-14 -0.0565476573010925 0.241880366760186
v 4.04139911205302e-17 -0.0564718215706166 0.242196554492491
v -1.95933888860038e-14 -0.0555983267248735 0.242150018167123
v -1.95941478274832e-14 -0.0559927418137438 0.242095122290512
v 5.8115139104482e-17 -0.0558324314050604 0.242379242724644
v 5.41018343532238e-17 -0.0551676943656939 0.242379406637414
v -1.95905902892985e-14 -0.0546298705093038 0.241967955783726
v -1.95926994012223e-14 -0.0542830758037253 0.241774732430844
v 6.26284745087975e-17 -0.0543303646361987 0.24209890718537
v 0 -0.0540534004934621 0.241915295081244
v 5.3218412124572e-17 -0.053801012089486 0.241698751411615
v -1.96448986507871e-14 -0.0535751999050519 0.240957701780847
v -1.95928586434077e-14 -0.0537239954420498 0.241215760084634
v 4.92590527812042e-17 -0.0535174988867613 0.241357336013973
v -1.95904293530473e-14 -0.0534595967028056 0.240684131368604
v 6.81328714946533e-17 -0.0531611748891184 0.240551078903278
v 0 -0.0531098999962427 0.240221688742451
v -1.96034668834614e-14 -0.053349905535941 0.239898929598206
v 4.84631429478723e-17 -0.0531001322856121 0.239888528587925
v -1.95991961435739e-14 -0.0534048461142707 0.239506239306042
v 5.01515773048208e-17 -0.0532221951408841 0.239236230271245
v -1.95939326811263e-14 -0.0535313569659169 0.239129970093147
v -1.95983067590278e-14 -0.0539772630144884 0.238478893671656
v -1.95117196677431e-14 -0.0537238725074767 0.238784307864659
v -1.96448986507871e-14 -0.0542040996536989 0.238284195103849
v 6.16294852286984e-17 -0.0541435078102941 0.23801709179542
v -1.95951134449905e-14 -0.0550073355282392 0.237904856251817
v -1.96448986507871e-14 -0.0547233007849011 0.237994889065737
v 5.89141161233582e-17 -0.0553904220099288 0.237599963599444
v -1.95916338338327e-14 -0.0559934607947323 0.237905333088964
v 6.36036476059971e-17 -0.0558337538830443 0.237620780521167
v -1.9595177819491e-14 -0.0563701323268773 0.238032022758602
v 5.81642471604137e-17 -0.0562637268658771 0.237722168019663
v -1.95947102573296e-14 -0.0567166141080878 0.238225052396393
v -1.96518206036551e-14 -0.0571566975282399 0.238626176745604
v 1.45979450124974e-16 -0.0576982988287869 0.239030728361814
v -1.95985828917535e-14 -0.057540424759826 0.239315906778367
v 7.31206313503784e-17 -0.0578791877399584 0.239665935046987
v 0 -0.0579000009357224 0.239999989271164
v -2.46501980061847e-22 0.0112999932274578 0.0963023953966261
v 6.03578925955186e-20 0.011477834851331 0.0964785792720635
v -2.31372663709138e-22 0.0118308805936898 0.0959011145852257
v -2.24247293747985e-22 0.0122362554860214 0.0957221814456094
v -2.54887204996238e-22 0.0126661483751171 0.0956208013976931
v 5.6237408718807e-22 0.011017119843307 0.0966434755181489
v -2.33615704374003e-22 0.0131094727976524 0.0955999621242293
v 7.34063881669521e-20 0.0130983677078774 0.0958499738011515
v 5.61809990834604e-20 0.0109595967076185 0.0973158755008308
v -1.31214904328737e-15 0.010620810444423 0.0976659633740939
v -2.78540106167692e-22 0.0135478267518777 0.0956607663111217
v 7.66051277332382e-20 0.0134926542742395 0.0959048398754409
v 8.68179901581279e-20 0.0147760921492939 0.0967842393342203
v 4.21754930568472e-22 0.0150989080938495 0.0968309246711971
v 4.53855349284099e-17 0.010849909266044 0.0981011145241309
v 4.81536880801238e-17 0.0132976288184778 0.100131457296056
v 5.48975919853312e-17 0.0142176627820626 0.0997742913713837
v 2.0065752029909e-14 0.0141696400674403 0.100098920611316
v 5.3296405325921e-17 0.0147759673520756 0.0992158256646433
v 1.9999598760331e-14 0.0144466032788545 0.0999153010566092
v 5.0689592089538e-17 0.0145221475053804 0.0995214410233175
v 5.2286487336164e-17 0.0125073010741187 0.100095143167038
v 2.00493060391007e-14 0.0149824620447191 0.0993573941434012
v 2.01466470600981e-14 0.0151972762414686 0.0989718266061285
v 8.83397956071968e-20 0.0149248029359421 0.0989577003056324
v 1.9999598760331e-14 0.0123426032050252 0.100307797633682
v 5.55703346321615e-17 0.0150404126574461 0.0986841224428089
v 4.67717439757699e-17 0.0119524461227341 0.099880432340195
v 2.00493229797587e-14 0.0116408656531067 0.0999806277458229
v 2.00650947323777e-14 0.011300802546731 0.0996983625062176
v 8.84873956397112e-20 0.0149686365618519 0.0971299537167708
v 1.34760433175115e-16 0.0112238976579977 0.0992157288070977
v 4.59425450876793e-17 0.0109048442564386 0.0984937303104907
v 2.00432633063841e-14 0.0106207350072986 0.0983308829740237
v 2.00482523301717e-14 0.0107222454371133 0.0987632625081405
v -1.81301993983628e-32 0.0149149029775131 0.0965531968350739
v -2.4717600802611e-22 0.0146976692048466 0.0963000559143709
v -2.32167608266368e-22 0.0143565145884729 0.096017105221366
v 4.49622004575718e-15 0.0108685580682625 0.0977036931133934
v 5.3418437620684e-17 0.0110313765285028 0.0988700591280298
v 1.9999598760331e-14 0.0108513034558623 0.0990689970761016
v 1.99947977778474e-14 0.0110174411495777 0.0993569992626384
v 5.02326443091587e-17 0.0114772974782347 0.0995211430001003
v 6.23533946287965e-20 0.0117041033838019 0.0997157968644247
v 2.00417505056227e-14 0.0120282827845325 0.100196612621919
v 6.65424955165737e-20 0.0122233035836816 0.100005095451956
v 2.00598651512461e-14 0.0126676571176058 0.10037926360117
v 5.35158331694244e-17 0.0129017496905999 0.100150031593069
v 1.9999598760331e-14 0.0129996028168632 0.100399998566508
v 2.0055548671582e-14 0.0133323699425867 0.100379405162199
v 7.75610964376959e-20 0.0135889027317941 0.100067397205515
v 2.00678120139245e-14 0.0137641059189572 0.100278025114282
v 5.57323892315027e-17 0.0138701202244974 0.0999679766602521
v 2.00544322822183e-14 0.0146989991334107 0.0996987499363999
v 2.00688470881297e-14 0.0153388335398108 0.0985510550763222
v 5.69716976275182e-17 0.0151314503654795 0.0982962973796658
v 1.9999598760331e-14 0.0153901028447513 0.0982216947178163
v 3.93381476336363e-15 0.0153998686927369 0.0978884675080671
v 4.74573306854057e-15 0.0151500945110854 0.0978988610677675
v -1.81053994076469e-32 0.0153591028432209 0.0975588016757636
v 8.95355109669193e-20 0.0150951576580458 0.0975062452814077
v -1.62390870759149e-22 0.0152778067687874 0.0972362213454495
v 8.4922887166231e-20 0.0145227137494749 0.0964788549435394
v 8.32650945243337e-20 0.0142959031872951 0.096284201079215
v 8.10716378414945e-20 0.0140475623110079 0.0961195730540251
v 7.90760000989047e-20 0.0137767039187379 0.095994895041103
v -2.04025659648342e-22 0.0139692399493932 0.0958016865893821
v 7.02325803399584e-20 0.0127023870658444 0.095868540647584
v 6.80573991777825e-20 0.0124111038393029 0.0959326007381245
v 6.27983273012401e-20 0.0117823475143245 0.096225706572256
v 6.56132033854181e-20 0.0121299217368555 0.0960320138328072
v -1.81416986712235e-32 0.0115532039892224 0.0960850992183737
v 5.78393539496496e-20 0.011223967507187 0.096784269136542
v 5.72787000082816e-20 0.0110752036351549 0.0970422976380073
v -9.071804621606e-23 0.010801702149562 0.0970307343371793
v -1.81106994175125e-32 0.0106915034119219 0.0973440014419555
v 1.9999598760331e-14 0.0106000028365941 0.0979999952465296
v -0.00500000008160929 -0.0666189008434216 0.114105400872855
v -0.00500000008160929 -0.0666676797919332 0.114879270310418
v -0.00500000008160929 -0.0661119931695348 0.113890697496592
v -0.00500000008160929 -0.0658851975085154 0.113716495475549
v -0.00500000008160929 -0.0656408259288251 0.114480604652749
v -0.00500000008160929 -0.0663425960770319 0.114807796892349
v -0.00500000008160929 -0.0663605966787738 0.114021097555285
v -0.00500000008160929 -0.0660283306045681 0.114696634232328
v -0.00500000008160929 -0.0673810951969788 0.114105400872855
v -0.00500000008160929 -0.067332346050788 0.114879404420866
v -0.00500000008160929 -0.066875394517083 0.11414529873106
v -0.00500000008160929 -0.0671245940727372 0.11414529873106
v -0.00500000008160929 -0.0677640177659043 0.114778061625852
v -0.00500000008160929 -0.0656911993014976 0.1135047946832
v -0.00500000008160929 -0.0653008336029612 0.114198391567207
v -0.00500000008160929 -0.0678879954202854 0.113890697496592
v -0.00500000008160929 -0.0684465952195386 0.114415300315276
v -0.00500000008160929 -0.0647222662487957 0.113263336272612
v -0.00500000008160929 -0.068114798531885 0.113716495475549
v -0.00500000008160929 -0.0679717026887333 0.110303377129807
v -0.00500000008160929 -0.0654340574273596 0.111975279927806
v -0.00500000008160929 -0.0650175327417719 0.111142603058906
v -0.00500000008160929 -0.0658303686888886 0.11040106914041
v -0.00500000008160929 -0.0655534008208618 0.110584696145698
v -0.00500000008160929 -0.0662359484721754 0.110221949736283
v -0.00500000008160929 -0.0679338537413621 0.111137380202024
v -0.00500000008160929 -0.068359117957514 0.110519354555323
v -0.00500000008160929 -0.0673323535013682 0.110120733601136
v -0.00500000008160929 -0.0670752414295509 0.110849996413663
v -0.00500000008160929 -0.0670004003515305 0.110099998635799
v -0.00500000008160929 -0.0673774891161663 0.110891995335549
v -0.00500000008160929 -0.0664755293288028 0.110934106016142
v -0.00500000008160929 -0.066065702714807 0.111138311524578
v -0.00500000008160929 -0.0686363018923663 0.112272587889301
v -0.00500000008160929 -0.0693792662984501 0.112169129129444
v -0.00500000008160929 -0.0648027176137 0.111528178046759
v -0.00500000008160929 -0.064661171491228 0.111948927224824
v -0.00500000008160929 -0.0693388245491724 0.11305106178557
v -0.00500000008160929 -0.0691972635255401 0.113471848216537
v -0.00500000008160929 -0.0685689933509192 0.113010694540798
v -0.00500000008160929 -0.0684616006880436 0.113265601249063
v -0.00500000008160929 -0.0653499925310626 0.112500001955777
v -0.00500000008160929 -0.0686996616263121 0.114198004137024
v -0.00500000008160929 -0.0689824185951474 0.113857453006712
v -0.00500000008160929 -0.065430995238901 0.113010694540798
v -0.00500000008160929 -0.0653692969843379 0.112752002937674
v -0.00500000008160929 -0.0694001055712448 0.112613213525417
v -0.00500000008160929 -0.0686306990560625 0.112752002937674
v -0.00500000008160929 -0.0683087967389028 0.1135047946832
v -0.00500000008160929 -0.0681696646044128 0.114598904968823
v -0.00500000008160929 -0.0676393993616267 0.114021097555285
v -0.00500000008160929 -0.0669995956888699 0.114899997825176
v -0.00500000008160929 -0.0648512953965464 0.113568996334769
v -0.00500000008160929 -0.0650173837301681 0.113856931466082
v -0.00500000008160929 -0.0655383953523568 0.113265601249063
v -0.00500000008160929 -0.0646207371925305 0.112830926936174
v -0.00500000008160929 -0.0645998830185754 0.112386857441361
v -0.00500000008160929 -0.0653642603921286 0.112272245162601
v -0.00500000008160929 -0.0655227938374365 0.111765002196319
v -0.00500000008160929 -0.0656366834062388 0.111567584166655
v -0.00500000008160929 -0.0658317842991249 0.11133240659537
v -0.00500000008160929 -0.0653010273180461 0.110801217463585
v -0.00500000008160929 -0.0662642979298028 0.111023498080146
v -0.00500000008160929 -0.0667717494960436 0.110864167417642
v -0.00500000008160929 -0.0666676946930936 0.110120584589528
v -0.00500000008160929 -0.0676573999633686 0.110192199568625
v -0.00500000008160929 -0.0676665641770037 0.11098843564864
v -0.00500000008160929 -0.0686991773385996 0.110801619794929
v -0.00500000008160929 -0.0683168955195706 0.1115056996456
v -0.00500000008160929 -0.0681676752995018 0.111331683889068
v -0.00500000008160929 -0.0692777670445057 0.111736764496488
v -0.00500000008160929 -0.069148700643854 0.111431000126205
v -0.00500000008160929 -0.0684436075368819 0.111697261519046
v -0.00500000008160929 -0.06898252290327 0.111142953236186
v -0.00500000008160929 -0.0685663483949514 0.111975354433611
v -0.00500000008160929 -0.0686499960587577 0.112500001955777
v -5.21835012038342e-11 -0.0550291620029092 0.242360035128295
v -0.00500000008160929 -0.0553065023999455 0.242398644036085
v 1.61864929304703e-10 -0.0542274423214378 0.242055738522357
v -0.00500000008160929 -0.0545553013774604 0.242219174454678
v -0.00500000008160929 -0.0539639972564581 0.24184806104344
v -0.00500000008160929 -0.0531937376498439 0.24068614302532
v -0.00500000008160929 -0.053510782188719 0.241361284821601
v 8.67101414483194e-14 -0.0531528861186557 0.240550169932466
v 1.36216613897736e-10 -0.0535071090526847 0.241363773315464
v -0.00499999961594803 -0.0530920037026235 0.240000391602507
v 0 -0.0530999981751686 0.239999989271164
v -6.67321606047703e-10 -0.0559103272209591 0.242384830659967
v -0.00499999961594803 -0.0561955875847387 0.242318103261632
v 4.52488383211926e-10 -0.056865886482218 0.241990814164486
v -0.00500000054727056 -0.0570390714934717 0.241855317908779
v -4.64005128475023e-11 -0.0574892355486225 0.24136126992044
v -0.00500000008160929 -0.0575480876815526 0.241267005176835
v 7.97148831275527e-11 -0.0578062800874976 0.240686113222999
v -5.8713403161537e-10 -0.0579079991335576 0.240000391602507
v -0.00500000008160929 -0.0579000009357224 0.239999989271164
v -0.00500000008160929 -0.0578471278933957 0.240550140130144
v -0.00500000008160929 0.0131934631881475 0.100398657462031
v -5.20473427656198e-11 0.0134707691262504 0.100360048554241
v -1.39423479051937e-10 0.0128065433829495 0.100398657462031
v -0.00500000008160929 0.0139447452356922 0.100219165528882
v 1.67607682486924e-10 0.0142724999835921 0.100055781750624
v -0.00500000008160929 0.0145360148977612 0.0998480521176445
v -0.00500000008160929 0.0149892159956624 0.0993612982475467
v -0.00500000008160929 0.0153062698477627 0.0986861340995251
v 1.3718447852232e-10 0.014992902170212 0.0993637643896692
v -1.21839033957518e-12 0.0153471241729185 0.0985501461055097
v 1.9999598760331e-14 0.0154000028031803 0.0979999952465296
v -0.00499999961594803 0.0154079991383705 0.0980003975778729
v -0.00500000008160929 0.0125292355822015 0.100360048554241
v 9.12838088699652e-11 0.0120552790305327 0.100219165528882
v -5.83284083686965e-11 0.0114639963299484 0.0998480521176445
v -0.00500000008160929 0.0117275075188274 0.100055781750624
v -4.03319682058938e-11 0.0110107970946922 0.0993613056981271
v -0.00500000008160929 0.0110071090574976 0.0993637718402496
v 7.92708633308224e-11 0.0106937367233343 0.0986861415501056
v -5.88750682784637e-10 0.0105920074327265 0.0980003975778729
v -0.00500000008160929 0.0106000028365941 0.0979999952465296
v -0.00500000008160929 0.010652883329501 0.0985501535560901
v -0.0207999989238844 -0.0672333427412076 0.114158605467708
v -0.0207999989238844 -0.0664597489999579 0.114064370526425
v -0.00500000008160929 -0.0660108142905386 0.113827598530927
v -0.00500000008160929 -0.0656200835135728 0.113414538351866
v -0.0207999989238844 -0.0659702682331383 0.113796388049504
v -0.0207999989238844 -0.0655926802796297 0.113371801822518
v -0.0207999989238844 -0.0653157496645039 0.112502937484467
v -0.00500000008160929 -0.0653969535380075 0.11291084186187
v -0.00500000008160929 -0.0653499925310626 0.112500001955777
v -0.00500000008160929 -0.066766660749773 0.114158605467708
v -0.00500000008160929 -0.0675402619416029 0.114064370526425
v -0.0207999989238844 -0.0679892115521826 0.113827583629766
v -0.0207999989238844 -0.068379927427988 0.113414523450706
v -0.00500000008160929 -0.0680297576095829 0.113796373148344
v -0.00500000008160929 -0.0686842463758965 0.112502937484467
v -0.00500000008160929 -0.0684073381125113 0.113371772020196
v -0.0207999989238844 -0.0686030499529731 0.112910804608968
v -0.0207999989238844 -0.0686499960587577 0.112500001955777
v -0.00500000008160929 -0.054333844057148 0.241169730398735
v -0.00500000008160929 -0.0541383147559009 0.240935454347682
v -0.00500000008160929 -0.0552716336846508 0.241636151634839
v -0.00500000008160929 -0.0551675714311207 0.242379242724644
v -0.00500000008160929 -0.0541408405025857 0.241980591968136
v -0.00500000008160929 -0.0554996028120503 0.242399985140562
v -0.00500000008160929 -0.0555784336757631 0.241649935208635
v -0.00500000008160929 -0.054976929710479 0.241566786731032
v -0.00500000008160929 -0.0548426032002123 0.242307791658317
v -0.00500000008160929 -0.0566696381999824 0.24209890718537
v -0.00500000008160929 -0.0558323084704873 0.242379406637414
v -0.00500000008160929 -0.0562639988120541 0.242278048941238
v -0.00500000008160929 -0.0538008519020119 0.241698393783754
v -0.00500000008160929 -0.0545064032196657 0.241317594617957
v -0.00500000008160929 -0.056946602342719 0.241915295081244
v -0.00500000008160929 -0.0567719905453587 0.241053948378847
v -0.00500000008160929 -0.0571989907466951 0.241698751411615
v -0.00500000008160929 -0.0574825039494198 0.241357336013973
v -0.00500000008160929 -0.0561573996359688 0.237692201785172
v -0.00500000008160929 -0.0533027247368804 0.239028165362146
v -0.00500000008160929 -0.0540228009606169 0.239264989511706
v -0.00500000008160929 -0.0539340570999598 0.239475304496095
v -0.00500000008160929 -0.0538010232653563 0.238301242031874
v -0.00500000008160929 -0.0540534004934621 0.238084698362245
v -0.00500000008160929 -0.0551213331304543 0.238392437136342
v -0.00500000008160929 -0.0551675975081514 0.237620586806075
v -0.00500000008160929 -0.0568591623335954 0.238019386574193
v -0.00500000008160929 -0.0564717358889444 0.237803379346355
v -0.00500000008160929 -0.0571991993629405 0.238301629462057
v -0.00500000008160929 -0.0564334138297311 0.238637129098837
v -0.00500000008160929 -0.0555752969815026 0.238349998630211
v -0.00500000008160929 -0.0555004000241308 0.237599993401766
v -0.00500000008160929 -0.0558323904268694 0.237620735817684
v -0.00500000008160929 -0.0558775223163774 0.238392005002677
v -0.00500000008160929 -0.0548316992761025 0.238489935431854
v -0.00500000008160929 -0.0579001126944253 0.240113148686741
v -0.00500000008160929 -0.0578792696963405 0.239669079191929
v -0.00500000008160929 -0.0571363090155467 0.239772582655268
v -0.00500000008160929 -0.0570663406169714 0.239475319397256
v -0.00500000008160929 -0.0538642526141487 0.239772299533211
v -0.00500000008160929 -0.0531611637132481 0.239448974144854
v -0.00500000008160929 -0.0571222013419548 0.240303198092359
v -0.00500000008160929 -0.0571499324014263 0.240077505109962
v -0.00500000008160929 -0.057066441199804 0.240524212110246
v -0.00500000008160929 -0.0576972520222701 0.240971857883665
v -0.00500000008160929 -0.0538499437748916 0.240077117679779
v -0.00500000008160929 -0.0531207331398407 0.240330884449239
v -0.00500000008160929 -0.0569424858971634 0.240805009585507
v -0.00500000008160929 -0.0532222510202355 0.240763286335097
v -0.00500000008160929 -0.0539897278351483 0.240668887481044
v -0.00500000008160929 -0.0533513025197269 0.241068983650156
v -0.00500000008160929 -0.0578388279470628 0.240551078903278
v -0.00500000008160929 -0.0565554059044913 0.241270790071693
v -0.00500000008160929 -0.0563694021700186 0.241402695147633
v -0.00500000008160929 -0.0561680502403521 0.241510639156908
v -0.00500000008160929 -0.0558772540954905 0.241608331167512
v -0.00500000008160929 -0.0545281812655645 0.242196554492491
v -0.00500000008160929 -0.0546958416716065 0.241442972985439
v -0.00500000008160929 -0.0535174467327 0.241357008188434
v -0.00500000008160929 -0.0538920432782618 0.24037903009998
v -0.00500000008160929 -0.0530998864164657 0.239886889460231
v -0.00500000008160929 -0.0541367799363815 0.239067444822175
v -0.00500000008160929 -0.0543316908394728 0.238832498218883
v -0.00500000008160929 -0.0535175324143722 0.238642597824873
v -0.00500000008160929 -0.0545665331270986 0.238637665540628
v -0.00500000008160929 -0.054330454043161 0.237901011752314
v -0.00500000008160929 -0.0547358550125232 0.237721974304572
v -0.00500000008160929 -0.0553475029427376 0.23835709158278
v -0.00500000008160929 -0.056166683058887 0.23848847511809
v -0.00500000008160929 -0.0566682523920668 0.238832289602631
v -0.00500000008160929 -0.0568169026427511 0.239005798719694
v -0.00500000008160929 -0.057482552378191 0.238642985255055
v -0.00500000008160929 -0.0569434544725883 0.239196965712377
v -0.00500000008160929 -0.0576487003164543 0.238930994892173
v -0.00500000008160929 -0.0577777704423961 0.239236766713036
v -0.00500000008160929 0.0143087032840636 0.0990047954245329
v -0.00500000008160929 0.0133811032562947 0.0996054016141876
v -0.00500000008160929 0.0133323494534912 0.10037926360117
v -0.00500000008160929 0.0131246030633756 0.0996452994723923
v -0.00500000008160929 0.0143591409179903 0.0999806277458229
v -0.00500000008160929 0.0136574033660718 0.100307797633682
v -0.00500000008160929 0.0136394027643299 0.0995210982966177
v -0.00500000008160929 0.0126189033148023 0.0996054016141876
v -0.00500000008160929 0.0126676347658652 0.100379405162199
v -0.00500000008160929 0.0128754035077214 0.0996452994723923
v -0.00500000008160929 0.0122359025147849 0.100278025114282
v -0.00500000008160929 0.0146991984364308 0.0996983625062176
v -0.00500000008160929 0.0123606028754446 0.0995210982966177
v -0.00500000008160929 0.0121120030914957 0.099390698237925
v -0.00500000008160929 0.0115534032922425 0.0999153010566092
v -0.00500000008160929 0.0118852027738637 0.0992164962168821
v -0.00500000008160929 0.0110175445263779 0.0993573941434012
v -0.00500000008160929 0.0123426041363477 0.0956922003099575
v -0.00500000008160929 0.0144772028116996 0.0972650029376521
v -0.00500000008160929 0.015197273447501 0.0970281638869308
v -0.00500000008160929 0.0145659550542594 0.0974753253726215
v -0.00500000008160929 0.0146990019273783 0.0963012554578202
v -0.00500000008160929 0.0149824741519119 0.0966426187013994
v -0.00500000008160929 0.013933474370508 0.096637678966574
v -0.00500000008160929 0.0141696391361178 0.0959010773323235
v -0.00500000008160929 0.014446604210177 0.0960846968870305
v -0.00500000008160929 0.013332361560684 0.095620592781441
v -0.00500000008160929 0.0121964339975446 0.096556661354974
v -0.00500000008160929 0.0116408321254959 0.0960193925495581
v -0.00500000008160929 0.0120282595014694 0.0958033927723007
v -0.00500000008160929 0.0129247170353617 0.0963499971549958
v -0.00500000008160929 0.0129996037481857 0.0955999993771314
v -0.00500000008160929 0.0126676971644743 0.0956207268918888
v -0.00500000008160929 0.0136683072901816 0.0964899339566394
v -0.00500000008160929 0.0124039028535481 0.0964611970679194
v -0.00500000008160929 0.0106207368699436 0.0976691075190356
v -0.00500000008160929 0.0113636928941247 0.0977726109823746
v -0.00500000008160929 0.0114310032982169 0.0985106952821307
v -0.00500000008160929 0.0108027247416933 0.0989718117049676
v -0.00500000008160929 0.0106611693059961 0.0985510476257417
v -0.00500000008160929 0.0154001136305607 0.0978868507321137
v -0.00500000008160929 0.0113010074376863 0.0996987499363999
v -0.00500000008160929 0.0145690032728801 0.0985106952821307
v -0.00500000008160929 0.0146306028072557 0.0982519962284267
v -0.00500000008160929 0.0113694028325187 0.0982519962284267
v -0.00500000008160929 0.0115384034116726 0.0987656019903957
v -0.00500000008160929 0.0116912036355234 0.0990047954245329
v -0.00500000008160929 0.0118303720915918 0.100098928061897
v -0.00500000008160929 0.0130004028229112 0.100399998566508
v -0.00500000008160929 0.0139717237865645 0.100196612621919
v -0.00500000008160929 0.0138880025482788 0.099390698237925
v -0.00500000008160929 0.0141148028659108 0.0992164962168821
v -0.00500000008160929 0.0151487031152347 0.0990689970761016
v -0.00500000008160929 0.0149825626275517 0.0993570067132188
v -0.00500000008160929 0.0144616031594243 0.0987656019903957
v -0.00500000008160929 0.0152777583400162 0.098763269958721
v -0.00500000008160929 0.0153792715637984 0.0983308829740237
v -0.00500000008160929 0.0146500022554285 0.0979999952465296
v -0.00500000008160929 0.0153388316771657 0.0974489279661567
v -0.00500000008160929 0.0146357465015552 0.0977722757062552
v -0.00500000008160929 0.0143633029983496 0.0970675625562467
v -0.00500000008160929 0.0141682272511716 0.0968324147872832
v -0.00500000008160929 0.0137640071987697 0.0957219281258748
v -0.00500000008160929 0.0133785253555485 0.096392413309386
v -0.00500000008160929 0.0131525036235465 0.096357097558146
v -0.00500000008160929 0.0126224795932941 0.0963919960768819
v -0.00500000008160929 0.0120055035669205 0.0966832020130037
v -0.00500000008160929 0.0118323325255046 0.0968316771798206
v -0.00500000008160929 0.0113008267611166 0.0963016205362613
v -0.00500000008160929 0.0110174160038696 0.0966430359339035
v -0.00500000008160929 0.0116831029922105 0.0970057003869332
v -0.00500000008160929 0.011556404944737 0.0971972399086377
v -0.00500000008160929 0.0107222472997583 0.0972367279849187
v -0.00500000008160929 0.0108513034558623 0.0969310008675381
v -0.00500000008160929 0.0114336463915397 0.0974753775266846
v -0.00500000008160929 0.0105998910778913 0.0981131099586238
v -0.00500000008160929 0.0113500024530234 0.0979999952465296
v -0.0207999989238844 -0.0686499960587577 0.112500001955777
v -0.0217913992011529 -0.0669999980202002 0.112500001955777
v -0.0207999989238844 -0.0686306990560625 0.112752002937674
v -0.0207999989238844 -0.0685689933509192 0.113010694540798
v -0.0207999989238844 -0.068114798531885 0.113716495475549
v -0.0207999989238844 -0.0683087967389028 0.1135047946832
v -0.0207999989238844 -0.0684616006880436 0.113265601249063
v -0.0207999989238844 -0.0678879954202854 0.113890697496592
v -0.0207999989238844 -0.0676393993616267 0.114021097555285
v -0.0207999989238844 -0.0663605966787738 0.114021097555285
v -0.0207999989238844 -0.0666189008434216 0.114105400872855
v -0.0207999989238844 -0.0671245940727372 0.11414529873106
v -0.0207999989238844 -0.066875394517083 0.11414529873106
v -0.0207999989238844 -0.0673810951969788 0.114105400872855
v -0.0207999989238844 -0.0661119931695348 0.113890697496592
v -0.0207999989238844 -0.0656911993014976 0.1135047946832
v -0.0207999989238844 -0.0655383953523568 0.113265601249063
v -0.0207999989238844 -0.0658851975085154 0.113716495475549
v -0.0207999989238844 -0.0653499925310626 0.112500001955777
v -0.0207999989238844 -0.0653692969843379 0.112752002937674
v -0.0207999989238844 -0.065430995238901 0.113010694540798
v -0.00500000008160929 -0.0551245890339978 0.241615766846781
v -0.00500000008160929 -0.0546342365492958 0.241410235135028
v -0.0207999989238844 -0.0549127839403231 0.241550544465693
v -0.0207999989238844 -0.0544009179053191 0.24124165830221
v -0.00500000008160929 -0.0542307131261417 0.241067821359608
v -0.0207999989238844 -0.0540324122090635 0.240772048217683
v -0.00500000008160929 -0.0539324403240583 0.240542078602118
v -0.0207999989238844 -0.0538260385883482 0.24000130057332
v -0.00500000008160929 -0.0538444005432293 0.24000025749206
v -0.0207999989238844 -0.0560154623580368 0.241572240555907
v -0.0207999989238844 -0.0554994612510267 0.241658399068004
v -0.0207999989238844 -0.0564819878872875 0.24133669790618
v -0.00500000008160929 -0.0564309476876878 0.241372967331716
v -0.00500000008160929 -0.0558038025506758 0.241635957919747
v -0.0207999989238844 -0.0568918256771535 0.240901777724137
v -0.00500000008160929 -0.0568615688709972 0.240947405078693
v -0.00500000008160929 -0.0571106641185287 0.240396151533809
v -0.00500000008160929 -0.057149999456648 0.239999989271164
v -0.0207999989238844 -0.057149999456648 0.239999989271164
v -0.0207999989238844 -0.0571213445252328 0.240349570504958
v -0.0207999989238844 0.014029890466117 0.0992962770321307
v -0.0207999989238844 0.0135402504431458 0.0995643712677574
v -0.0207999989238844 0.0144075352302995 0.0988713778807659
v -0.00500000008160929 0.0145248548599573 0.0987001486413147
v -0.00500000008160929 0.0139893341641688 0.0993275024147144
v -0.0207999989238844 0.0146841696848627 0.0980029382257996
v -0.00500000008160929 0.0146500022554285 0.0979999952465296
v -0.0207999989238844 0.0127666445947032 0.099658606209041
v -0.00500000008160929 0.0132333619763938 0.099658606209041
v -0.00500000008160929 0.0119702427648433 0.0992963664390958
v -0.00500000008160929 0.0124597542653062 0.0995643712677574
v -0.0207999989238844 0.0120108009294364 0.0993275843710992
v -0.0207999989238844 0.0114752467060371 0.0987004019610493
v -0.00500000008160929 0.0115926929955582 0.0988718174650113
v -0.00500000008160929 0.0113158359549118 0.0980029382257996
v -0.0207999989238844 0.0113500024530234 0.0979999952465296
v -0.0207999989238844 -0.0570449015724713 0.240579793440257
v -0.0207997828570589 -0.0571102580619083 0.240368018142104
v -0.0207996059057793 -0.0571542351114867 0.240000644922242
v -0.0207997903076391 -0.0566936402440683 0.241141462896582
v -0.0207997847197039 -0.0564707896652601 0.241336295574837
v -0.0217913992011529 -0.0554999976928005 0.239999989271164
v -0.0207999989238844 -0.05586710267998 0.241608688795372
v -0.0207999989238844 -0.0562820999966285 0.241453090873664
v -0.0207997903076391 -0.056079697535155 0.241546580756904
v -0.0207999989238844 -0.0568350001020354 0.240969801523466
v -0.0207997903076391 -0.0569540156700093 0.240783194286007
v -0.0207997903076391 -0.0550597615357544 0.241591463053417
v -0.0207997921702841 -0.0547830097345532 0.241487289037839
v -0.0207999989238844 -0.0545907996667813 0.241376484005679
v -0.020799788444994 -0.0541214727193787 0.240909377316176
v -0.0207999989238844 -0.0542571030811789 0.241085196113172
v -0.020799786582349 -0.0544135242870025 0.241243610354283
v -0.0207999989238844 -0.0540132008880406 0.240715498312216
v -0.0207999989238844 -0.053849999654243 0.239999989271164
v -0.0207997921702841 -0.0539291024641327 0.24050904272849
v -0.0207997921702841 -0.053863563435481 0.240221047992534
v -0.020799788444994 -0.0556480220947486 0.24164483901162
v -0.0207997809944138 -0.055351727421706 0.241644809209299
v -0.0207999989238844 0.0113500024530234 0.0979999952465296
v -0.0207999989238844 0.0113694028325187 0.0982519962284267
v -0.0207999989238844 0.0115384034116726 0.0987656019903957
v -0.0207999989238844 0.0114310032982169 0.0985106952821307
v -0.0207999989238844 0.0121120030914957 0.099390698237925
v -0.0207999989238844 0.0123606028754446 0.0995210982966177
v -0.0207999989238844 0.0118852027738637 0.0992164962168821
v -0.0207999989238844 0.0116912036355234 0.0990047954245329
v -0.0217913992011529 0.0130000032855485 0.0979999952465296
v -0.0207999989238844 0.0131246030633756 0.0996452994723923
v -0.0207999989238844 0.0133811032562947 0.0996054016141876
v -0.0207999989238844 0.0136394027643299 0.0995210982966177
v -0.0207999989238844 0.0128754035077214 0.0996452994723923
v -0.0207999989238844 0.0126189033148023 0.0996054016141876
v -0.0207999989238844 0.0143087032840636 0.0990047954245329
v -0.0207999989238844 0.0144616031594243 0.0987656019903957
v -0.0207999989238844 0.0138880025482788 0.099390698237925
v -0.0207999989238844 0.0141148028659108 0.0992164962168821
v -0.0207999989238844 0.0146500022554285 0.0979999952465296
v -0.0207999989238844 0.0145690032728801 0.0985106952821307
v -0.0207999989238844 0.0146306028072557 0.0982519962284267
f 1 7 2
f 2 7 3
f 3 7 4
f 11 4 7
f 7 22 8
f 7 9 5
f 6 10 7
f 7 5 6
f 7 8 9
f 10 11 7
f 12 7 14
f 13 14 7
f 7 16 15
f 13 7 15
f 7 18 16
f 21 17 7
f 17 18 7
f 19 20 7
f 7 20 21
f 22 7 12
f 23 41 24
f 24 41 25
f 25 41 26
f 33 26 41
f 41 27 28
f 41 31 29
f 30 32 41
f 41 29 30
f 41 28 31
f 32 33 41
f 45 41 34
f 39 34 41
f 41 35 38
f 41 37 35
f 41 36 37
f 41 38 39
f 44 40 41
f 40 36 41
f 42 43 41
f 41 43 44
f 27 41 45
f 46 47 63
f 61 62 64
f 48 49 59
f 48 61 49
f 60 57 58
f 56 50 57
f 56 51 52
f 52 51 55
f 53 55 51
f 53 54 55
f 50 56 52
f 57 50 58
f 58 59 60
f 59 49 60
f 48 62 61
f 64 62 63
f 64 63 47
f 65 83 82
f 67 81 80
f 79 78 66
f 79 67 78
f 74 76 69
f 68 70 69
f 74 69 70
f 71 68 72
f 68 71 70
f 73 76 74
f 75 73 77
f 75 76 73
f 77 66 75
f 66 78 75
f 79 81 67
f 80 81 82
f 80 82 83
f 84 94 85
f 85 94 86
f 86 94 87
f 88 87 94
f 94 104 93
f 94 89 90
f 91 92 94
f 94 90 91
f 94 93 89
f 92 88 94
f 105 94 95
f 100 95 94
f 94 96 98
f 97 94 98
f 94 99 96
f 94 97 100
f 99 94 101
f 102 103 94
f 94 103 101
f 104 94 105
f 120 106 124
f 107 120 108
f 108 109 107
f 119 118 110
f 115 110 118
f 116 115 111
f 113 116 111
f 111 112 113
f 113 112 114
f 110 115 116
f 117 118 119
f 117 119 109
f 117 109 108
f 120 107 106
f 121 124 106
f 121 122 123
f 124 121 123
f 140 142 145
f 140 137 141
f 135 132 133
f 127 132 125
f 125 126 127
f 126 125 129
f 126 129 128
f 128 129 130
f 127 131 132
f 132 131 133
f 133 134 135
f 134 138 135
f 136 138 134
f 139 136 137
f 139 138 136
f 139 137 140
f 140 141 142
f 142 143 145
f 144 145 143
f 159 146 160
f 156 154 147
f 148 154 149
f 149 150 148
f 150 149 151
f 150 151 152
f 152 151 153
f 148 155 154
f 154 155 147
f 147 157 156
f 157 158 156
f 146 158 157
f 158 146 159
f 161 159 160
f 162 161 160
f 161 162 164
f 162 165 164
f 163 164 165
f 167 166 185
f 167 168 183
f 180 169 177
f 171 169 170
f 172 171 170
f 172 170 174
f 172 174 173
f 173 174 175
f 173 175 176
f 169 171 177
f 177 178 180
f 178 179 180
f 181 179 178
f 179 181 168
f 179 168 182
f 167 182 168
f 167 183 166
f 166 184 185
f 186 185 184
f 187 206 188
f 205 188 189
f 189 203 205
f 204 191 190
f 201 190 191
f 199 197 198
f 192 197 196
f 192 193 197
f 193 192 194
f 195 193 194
f 196 197 199
f 198 200 199
f 201 200 198
f 200 201 191
f 202 203 204
f 204 190 202
f 205 203 202
f 206 189 188
f 207 208 209
f 210 209 226
f 226 225 210
f 222 219 223
f 211 212 213
f 217 213 212
f 212 211 214
f 211 215 214
f 214 215 216
f 217 218 213
f 218 217 220
f 218 220 219
f 220 223 219
f 221 222 223
f 224 225 222
f 222 221 224
f 210 225 224
f 208 226 209
f 227 246 228
f 229 228 247
f 247 244 229
f 230 232 231
f 243 232 233
f 243 231 232
f 233 241 234
f 242 237 234
f 237 242 235
f 236 237 235
f 236 238 237
f 238 236 239
f 240 238 239
f 234 241 242
f 243 233 234
f 245 244 230
f 230 231 245
f 229 244 245
f 246 247 228
f 286 287 288
f 283 248 284
f 284 251 282
f 249 284 250
f 249 251 284
f 281 250 278
f 279 252 277
f 279 250 252
f 255 254 253
f 253 252 255
f 254 255 256
f 255 257 256
f 255 263 258
f 258 257 255
f 258 263 261
f 259 260 263
f 263 260 261
f 259 266 262
f 266 259 263
f 266 264 262
f 268 264 266
f 265 266 267
f 266 265 268
f 269 265 267
f 267 271 269
f 267 270 271
f 270 267 272
f 267 273 272
f 272 273 274
f 273 275 274
f 253 276 252
f 277 252 276
f 278 250 279
f 280 250 281
f 280 249 250
f 282 283 284
f 285 248 283
f 285 286 248
f 288 248 286
f 287 289 288
f 289 291 288
f 291 289 290
f 291 290 292
f 315 357 293
f 300 299 294
f 300 294 295
f 296 295 294
f 296 297 295
f 300 298 299
f 298 300 301
f 300 304 301
f 301 304 303
f 302 303 304
f 305 302 304
f 305 306 302
f 309 307 305
f 306 305 307
f 312 309 308
f 309 312 307
f 310 308 311
f 310 312 308
f 313 314 311
f 311 308 313
f 293 314 315
f 313 315 314
f 316 317 315
f 316 318 317
f 355 353 319
f 356 355 354
f 320 319 353
f 350 348 351
f 352 350 320
f 329 322 321
f 322 329 328
f 323 325 324
f 324 325 327
f 325 323 328
f 325 326 327
f 330 327 326
f 325 328 329
f 332 330 326
f 331 332 333
f 326 333 332
f 334 321 322
f 334 335 321
f 335 334 336
f 336 340 335
f 336 338 340
f 337 338 339
f 338 337 340
f 337 339 343
f 343 339 341
f 342 343 344
f 341 344 343
f 346 342 344
f 342 346 345
f 346 347 345
f 346 349 347
f 348 349 351
f 348 347 349
f 320 350 351
f 352 320 353
f 319 354 355
f 318 356 354
f 318 316 356
f 315 317 357
f 358 374 376
f 359 369 360
f 387 389 361
f 359 363 362
f 363 359 360
f 364 362 363
f 365 367 364
f 364 363 365
f 366 367 365
f 368 369 370
f 369 368 360
f 372 371 370
f 368 370 371
f 371 372 375
f 375 373 374
f 374 371 375
f 376 374 373
f 377 409 408
f 404 402 403
f 378 406 403
f 400 401 379
f 391 380 381
f 382 386 383
f 386 385 383
f 388 384 385
f 385 386 388
f 387 384 388
f 388 389 387
f 381 382 391
f 382 381 386
f 390 380 391
f 390 392 380
f 380 392 393
f 394 393 395
f 392 395 393
f 397 399 394
f 397 394 395
f 396 399 397
f 401 398 399
f 399 396 401
f 400 398 401
f 401 402 379
f 402 405 379
f 407 404 403
f 404 405 402
f 406 407 403
f 378 403 377
f 378 377 408
f 377 358 409
f 358 376 410
f 358 410 409
f 411 451 412
f 452 450 451
f 448 413 449
f 444 413 448
f 446 443 447
f 445 416 437
f 414 442 419
f 415 416 442
f 418 442 417
f 418 419 442
f 420 440 442
f 421 439 422
f 420 439 438
f 422 424 423
f 422 426 424
f 422 425 426
f 425 427 426
f 427 425 428
f 428 425 429
f 428 429 430
f 431 430 429
f 434 435 431
f 431 429 434
f 432 434 433
f 434 432 435
f 423 421 422
f 416 436 437
f 420 438 441
f 420 422 439
f 440 420 441
f 440 417 442
f 415 436 416
f 415 442 414
f 443 444 447
f 445 446 416
f 416 446 447
f 448 447 444
f 450 448 449
f 448 450 452
f 451 411 452
f 507 509 506
f 502 505 503
f 499 453 454
f 454 453 455
f 456 498 497
f 495 457 458
f 498 456 458
f 496 493 492
f 457 459 460
f 490 461 478
f 494 493 491
f 489 462 463
f 464 463 461
f 483 488 485
f 486 487 462
f 465 466 467
f 467 484 465
f 468 469 466
f 473 472 480
f 482 480 472
f 473 470 471
f 471 472 473
f 474 477 470
f 471 470 477
f 475 474 476
f 474 475 477
f 494 491 478
f 482 479 480
f 481 479 482
f 481 468 479
f 468 481 469
f 469 467 466
f 483 485 484
f 484 485 465
f 486 488 487
f 487 488 483
f 489 486 462
f 464 489 463
f 490 464 461
f 491 490 478
f 492 493 494
f 460 496 492
f 495 459 457
f 459 496 460
f 456 495 458
f 497 498 499
f 497 499 454
f 453 500 455
f 455 500 501
f 500 504 501
f 504 503 501
f 502 503 504
f 505 502 506
f 505 506 509
f 507 508 509
f 510 511 552
f 512 513 562
f 513 561 560
f 559 515 514
f 514 515 516
f 516 557 517
f 558 556 517
f 518 519 520
f 556 520 519
f 510 555 511
f 520 555 518
f 554 521 553
f 552 521 510
f 522 551 523
f 524 525 551
f 549 526 527
f 550 549 528
f 526 548 527
f 534 529 531
f 530 531 529
f 532 533 545
f 547 534 533
f 535 536 542
f 535 538 536
f 537 538 535
f 537 539 540
f 537 540 541
f 538 537 541
f 536 544 542
f 543 542 544
f 545 543 544
f 546 545 544
f 545 546 532
f 547 533 532
f 534 547 529
f 548 530 529
f 526 530 548
f 527 528 549
f 550 522 523
f 528 522 550
f 554 524 551
f 551 525 523
f 552 553 521
f 553 524 554
f 511 555 520
f 556 519 517
f 557 558 517
f 515 557 516
f 559 560 515
f 513 560 559
f 561 513 512
f 562 563 512
f 566 512 563
f 563 564 566
f 564 565 566
f 567 568 622
f 569 619 618
f 618 570 571
f 572 573 574
f 575 569 617
f 572 576 616
f 577 610 578
f 606 605 579
f 579 605 603
f 603 602 579
f 601 580 602
f 580 601 581
f 580 581 582
f 584 582 585
f 583 588 584
f 584 585 583
f 586 588 583
f 587 586 592
f 586 587 588
f 587 592 591
f 589 590 591
f 591 592 589
f 594 590 589
f 596 593 594
f 594 589 596
f 595 593 597
f 596 597 593
f 595 598 600
f 598 595 597
f 598 599 600
f 582 581 585
f 601 602 603
f 604 605 606
f 604 606 607
f 604 607 608
f 609 607 578
f 607 609 608
f 609 578 610
f 577 612 610
f 577 611 612
f 612 611 613
f 613 611 614
f 616 615 614
f 613 614 615
f 576 615 616
f 572 574 576
f 574 573 617
f 575 617 573
f 575 619 569
f 618 619 620
f 570 618 620
f 570 622 571
f 567 621 568
f 622 568 571
f 623 624 678
f 671 673 625
f 672 675 677
f 669 667 629
f 669 671 668
f 626 627 628
f 626 628 629
f 665 627 630
f 666 634 631
f 634 632 631
f 633 632 634
f 663 635 636
f 635 637 641
f 663 637 635
f 656 638 639
f 640 661 642
f 641 638 656
f 640 659 658
f 642 661 638
f 643 651 657
f 643 657 644
f 652 655 645
f 646 647 650
f 648 647 646
f 650 649 646
f 648 653 645
f 653 648 646
f 649 650 651
f 649 651 643
f 652 645 653
f 654 655 652
f 644 657 660
f 642 659 640
f 656 635 641
f 658 660 657
f 658 659 660
f 638 661 639
f 662 663 636
f 662 636 664
f 633 664 632
f 664 633 662
f 665 666 631
f 666 665 630
f 627 626 630
f 667 626 629
f 668 667 669
f 669 670 671
f 671 670 673
f 625 674 672
f 673 674 625
f 677 675 678
f 672 674 675
f 623 676 624
f 677 678 624
f 733 679 735
f 680 681 731
f 731 732 682
f 685 683 730
f 680 684 685
f 687 727 728
f 728 730 729
f 726 725 722
f 686 687 725
f 688 689 718
f 689 688 690
f 717 716 691
f 691 716 692
f 716 693 695
f 694 695 693
f 695 694 696
f 697 696 694
f 698 696 697
f 700 698 697
f 700 699 698
f 699 701 703
f 701 699 700
f 701 705 703
f 702 703 705
f 704 702 705
f 704 708 702
f 706 708 707
f 704 707 708
f 710 706 707
f 709 711 710
f 706 710 711
f 712 709 713
f 709 712 711
f 715 712 713
f 713 714 715
f 716 717 693
f 690 692 689
f 692 690 691
f 688 718 720
f 718 719 720
f 719 721 720
f 723 721 719
f 722 721 723
f 722 723 724
f 726 722 724
f 725 726 686
f 686 727 687
f 730 728 727
f 683 729 730
f 683 685 684
f 680 731 684
f 732 735 682
f 681 732 731
f 733 734 679
f 735 679 682
f 788 790 786
f 780 782 783
f 785 787 791
f 778 736 776
f 779 780 736
f 777 737 778
f 738 737 739
f 738 775 774
f 740 773 774
f 770 741 772
f 771 742 769
f 764 769 742
f 766 760 745
f 744 743 763
f 762 743 744
f 760 768 759
f 766 745 747
f 746 767 747
f 758 748 749
f 754 752 751
f 750 756 753
f 751 752 753
f 752 754 755
f 752 750 753
f 754 757 755
f 755 757 746
f 748 756 750
f 757 767 746
f 756 748 758
f 759 745 760
f 765 761 762
f 763 764 744
f 762 744 765
f 738 739 775
f 766 747 767
f 759 768 761
f 761 768 762
f 763 769 764
f 770 771 769
f 772 771 770
f 772 741 773
f 772 773 740
f 740 774 775
f 737 777 739
f 776 777 778
f 779 736 778
f 779 781 780
f 780 781 782
f 783 784 785
f 782 784 783
f 791 787 786
f 785 784 787
f 788 789 790
f 791 786 790
f 792 793 794
f 792 833 795
f 824 796 829
f 825 797 828
f 799 797 825
f 798 799 826
f 826 823 801
f 801 798 826
f 800 801 823
f 823 806 821
f 806 820 802
f 803 806 802
f 804 808 805
f 806 804 820
f 804 807 809
f 808 804 809
f 810 814 811
f 811 804 810
f 812 813 810
f 810 813 814
f 812 810 815
f 810 817 815
f 815 817 816
f 807 804 811
f 816 817 819
f 817 818 819
f 792 795 793
f 804 805 820
f 806 803 821
f 823 822 800
f 822 823 821
f 796 824 827
f 799 825 826
f 828 827 825
f 828 796 827
f 829 830 824
f 831 824 830
f 831 832 834
f 834 824 831
f 833 834 832
f 834 833 792
f 2308 1011 2184
f 865 855 862
f 934 913 923
f 855 854 839
f 1038 839 846
f 1273 1025 846
f 859 874 881
f 835 925 914
f 937 936 935
f 934 1124 900
f 836 966 999
f 965 900 901
f 837 1011 2308
f 3873 1973 838
f 960 964 963
f 846 839 851
f 857 841 2000
f 854 857 851
f 841 840 856
f 840 841 850
f 842 840 871
f 2015 899 843
f 844 879 885
f 921 922 911
f 996 845 920
f 961 845 962
f 845 995 2116
f 995 3873 838
f 1038 846 1025
f 1273 846 847
f 851 847 846
f 1993 847 851
f 1046 1057 867
f 848 862 861
f 1038 855 839
f 849 865 866
f 849 850 854
f 839 854 851
f 912 843 921
f 857 1994 851
f 855 1038 852
f 859 853 858
f 855 852 861
f 859 867 853
f 862 855 861
f 854 865 849
f 855 865 854
f 878 871 866
f 850 857 854
f 857 850 841
f 856 2000 841
f 857 2000 1994
f 851 1994 1993
f 868 873 858
f 902 873 868
f 859 860 867
f 848 861 1046
f 881 870 860
f 863 865 862
f 863 862 848
f 866 863 864
f 865 863 866
f 871 850 849
f 871 849 866
f 850 871 840
f 872 856 840
f 853 867 1057
f 868 869 880
f 860 848 1046
f 1046 867 860
f 863 848 870
f 875 882 896
f 870 848 860
f 863 870 864
f 878 864 877
f 878 866 864
f 879 844 842
f 878 842 871
f 842 872 840
f 842 844 872
f 873 859 858
f 880 902 868
f 881 860 859
f 888 893 874
f 870 881 882
f 864 870 875
f 875 870 882
f 877 875 876
f 877 864 875
f 909 884 894
f 878 877 879
f 842 878 879
f 844 2009 872
f 869 1110 913
f 913 880 869
f 904 916 889
f 874 859 873
f 882 881 893
f 896 893 908
f 893 881 874
f 896 882 893
f 895 883 898
f 876 875 896
f 894 877 876
f 879 877 884
f 885 884 886
f 884 877 894
f 886 910 887
f 879 884 885
f 887 885 886
f 1998 2009 899
f 904 874 873
f 904 873 902
f 888 889 906
f 904 889 874
f 890 906 891
f 888 874 889
f 892 905 890
f 895 876 896
f 908 893 888
f 898 894 876
f 895 896 908
f 895 898 876
f 909 898 918
f 932 897 931
f 909 894 898
f 884 909 886
f 885 899 844
f 885 843 899
f 899 2015 1998
f 844 899 2009
f 900 1124 901
f 903 904 902
f 914 903 902
f 926 915 940
f 926 952 954
f 903 916 904
f 905 908 888
f 906 889 916
f 907 895 908
f 906 905 888
f 943 946 917
f 905 907 908
f 945 929 946
f 907 883 895
f 918 898 883
f 897 886 909
f 918 897 909
f 949 963 922
f 886 897 910
f 912 933 2020
f 887 843 885
f 921 887 910
f 911 912 921
f 887 921 843
f 912 2020 2015
f 923 913 1110
f 997 965 901
f 880 914 902
f 880 835 914
f 903 925 915
f 914 925 903
f 916 915 891
f 903 915 916
f 916 891 906
f 954 955 927
f 955 942 928
f 906 890 905
f 953 977 942
f 907 892 917
f 905 892 907
f 883 917 929
f 907 917 883
f 918 929 931
f 883 929 918
f 947 948 930
f 918 931 897
f 920 948 919
f 910 932 922
f 897 932 910
f 845 961 920
f 921 910 922
f 963 911 922
f 843 912 2015
f 911 933 912
f 1124 934 923
f 913 835 880
f 936 939 835
f 913 936 835
f 939 940 925
f 925 835 939
f 924 973 938
f 925 940 915
f 926 927 891
f 915 926 891
f 927 928 890
f 891 927 890
f 928 943 892
f 892 890 928
f 957 944 977
f 917 892 943
f 957 980 959
f 917 946 929
f 945 930 931
f 929 945 931
f 930 949 932
f 932 931 930
f 950 911 963
f 922 932 949
f 950 933 911
f 2032 933 950
f 934 936 913
f 936 934 935
f 1002 986 984
f 939 937 938
f 939 936 937
f 938 952 940
f 939 938 940
f 987 975 973
f 926 940 952
f 941 974 987
f 989 990 974
f 927 926 954
f 928 927 955
f 943 942 944
f 943 928 942
f 944 958 946
f 943 944 946
f 958 947 945
f 945 946 958
f 930 945 947
f 948 960 949
f 949 930 948
f 960 963 949
f 951 950 964
f 951 2032 950
f 900 935 934
f 935 967 968
f 935 900 967
f 937 968 924
f 968 937 935
f 938 937 924
f 952 973 975
f 952 938 973
f 954 975 976
f 954 952 975
f 942 976 953
f 976 955 954
f 991 979 990
f 976 942 955
f 1004 978 979
f 944 942 977
f 1007 956 3895
f 958 957 959
f 958 944 957
f 947 959 919
f 947 958 959
f 993 996 992
f 919 948 947
f 960 920 961
f 948 920 960
f 962 964 961
f 962 951 964
f 963 964 950
f 836 967 965
f 965 967 900
f 966 836 965
f 984 968 967
f 836 984 967
f 986 924 968
f 986 968 984
f 969 973 924
f 986 969 924
f 970 971 972
f 969 987 973
f 974 976 975
f 987 974 975
f 974 990 976
f 990 953 976
f 979 977 953
f 979 953 990
f 978 957 977
f 978 977 979
f 978 980 957
f 992 919 959
f 980 992 959
f 996 920 919
f 996 919 992
f 995 838 2116
f 960 961 964
f 997 966 965
f 997 1011 837
f 837 981 999
f 837 999 966
f 984 836 983
f 836 999 983
f 983 982 1002
f 983 1002 984
f 969 986 985
f 1002 985 986
f 987 969 971
f 985 971 969
f 970 941 971
f 987 971 941
f 988 989 941
f 974 941 989
f 989 2300 991
f 989 991 990
f 991 2307 1004
f 991 1004 979
f 980 978 1007
f 1004 1007 978
f 992 980 994
f 980 1007 994
f 994 3872 993
f 994 993 992
f 845 996 995
f 993 995 996
f 2116 962 845
f 997 837 966
f 2308 981 837
f 981 998 999
f 1000 999 998
f 1000 983 999
f 982 983 1000
f 982 2305 1002
f 2305 1001 1002
f 1001 2303 985
f 1001 985 1002
f 2302 985 2303
f 1003 985 2302
f 1003 971 985
f 972 971 1003
f 970 988 941
f 988 2300 989
f 2300 2301 991
f 2301 2307 991
f 2307 1005 1004
f 1005 956 1004
f 956 1007 1004
f 3882 1007 3895
f 1006 1007 3882
f 1006 994 1007
f 994 1006 1008
f 1008 3872 994
f 3872 3856 993
f 3855 993 3856
f 3855 995 993
f 3873 995 3855
f 1037 1013 1026
f 1053 1009 1075
f 1075 858 1053
f 1010 868 1075
f 1171 1011 997
f 1144 1160 1012
f 1171 1157 1169
f 901 1159 1171
f 1092 1099 1091
f 1092 1100 1010
f 1274 1014 1273
f 1027 1013 1014
f 1028 1014 1274
f 1043 1033 1032
f 1027 1014 1028
f 1101 1377 1015
f 1051 1043 1039
f 1051 1050 1059
f 1065 1060 1016
f 1065 1017 1018
f 1103 1077 1095
f 1128 1015 1398
f 1128 1415 1145
f 1172 1162 1019
f 1161 1020 1021
f 1023 1161 1022
f 1161 1023 1020
f 2245 1023 1022
f 1014 1024 1273
f 1013 1024 1014
f 1024 1025 1273
f 1038 1025 1013
f 1049 1308 1031
f 1027 1032 1026
f 1032 1027 1028
f 1033 1029 1026
f 1027 1026 1013
f 1036 1029 1055
f 1024 1013 1025
f 1037 852 1013
f 1032 1028 1030
f 1031 1349 1016
f 1032 1030 1039
f 1016 1049 1031
f 1043 1032 1039
f 1033 1043 1034
f 1032 1033 1026
f 1044 1034 1035
f 1026 1029 1036
f 1037 1026 1036
f 1045 1046 861
f 1045 1037 1036
f 1037 861 852
f 1013 852 1038
f 1045 861 1037
f 1039 1030 1040
f 1365 1017 1349
f 1039 1040 1050
f 1058 1017 1365
f 1016 1059 1049
f 1060 1042 1059
f 1039 1050 1051
f 1041 1035 1042
f 1043 1051 1034
f 1044 1029 1033
f 1033 1034 1044
f 1055 1044 1054
f 1044 1055 1029
f 1045 1036 1047
f 1046 1047 1057
f 1055 1047 1036
f 1047 1046 1045
f 1048 1050 1040
f 1308 1049 1048
f 1050 1048 1049
f 1049 1059 1050
f 1034 1051 1042
f 1051 1059 1042
f 1035 1034 1042
f 1009 1052 1076
f 1044 1035 1054
f 1047 1055 1056
f 1009 1053 1056
f 1054 1056 1055
f 1056 1057 1047
f 1056 1053 1057
f 1017 1016 1349
f 1347 1058 1365
f 1060 1059 1016
f 1041 1060 1066
f 1041 1042 1060
f 1067 1063 1069
f 1074 1063 1085
f 1035 1041 1061
f 1054 1035 1052
f 1035 1061 1052
f 1054 1052 1009
f 1056 1054 1009
f 1075 1009 1076
f 1053 853 1057
f 1347 1346 1101
f 1018 1079 1062
f 1065 1016 1017
f 1062 1083 1064
f 1082 1070 1064
f 1066 1060 1065
f 1061 1041 1069
f 1069 1041 1066
f 1052 1061 1063
f 1061 1069 1063
f 1076 1074 1087
f 1074 1052 1063
f 1076 1052 1074
f 1089 1090 1093
f 1093 1076 1089
f 1015 1377 1398
f 1018 1017 1058
f 1064 1066 1065
f 1062 1065 1018
f 1070 1069 1066
f 1062 1064 1065
f 1067 1070 1098
f 1070 1066 1064
f 1085 1067 1068
f 1067 1069 1070
f 1072 1068 1107
f 1085 1063 1067
f 1071 1084 1072
f 1073 1086 1071
f 1087 1074 1085
f 1093 1075 1076
f 1089 1076 1087
f 1053 858 853
f 1398 1415 1128
f 1096 1018 1058
f 1096 1077 1078
f 1095 1096 1058
f 1096 1079 1018
f 1116 1117 1105
f 1079 1083 1062
f 1080 1081 1117
f 1082 1064 1083
f 1119 1097 1080
f 1106 1107 1119
f 1098 1070 1082
f 1068 1067 1098
f 1084 1087 1085
f 1084 1085 1068
f 1086 1089 1087
f 1084 1086 1087
f 1012 1099 1088
f 1089 1086 1090
f 1100 1110 869
f 1093 1010 1075
f 1093 1090 1092
f 1091 1100 1092
f 1093 1092 1010
f 1075 868 858
f 1100 869 868
f 1377 1101 1346
f 1224 1145 1415
f 1347 1095 1058
f 1347 1103 1095
f 1129 1094 1115
f 1095 1077 1096
f 1079 1078 1105
f 1096 1078 1079
f 1083 1105 1081
f 1079 1105 1083
f 1082 1081 1097
f 1081 1082 1083
f 1098 1097 1107
f 1097 1098 1082
f 1137 1139 1106
f 1098 1107 1068
f 1139 1121 1108
f 1068 1072 1084
f 1121 1123 1122
f 1084 1071 1086
f 1157 1123 1142
f 1090 1073 1099
f 1086 1073 1090
f 1171 1159 1157
f 1092 1090 1099
f 1012 1091 1099
f 1010 1100 868
f 1091 1110 1100
f 1127 1113 1130
f 1101 1103 1347
f 1111 1115 1103
f 1101 1111 1103
f 1115 1102 1077
f 1103 1115 1077
f 1102 1116 1078
f 1078 1077 1102
f 1104 1147 1114
f 1078 1116 1105
f 1148 1136 1147
f 1105 1117 1081
f 1150 1135 1148
f 1150 1149 1138
f 1081 1080 1097
f 1097 1119 1107
f 1106 1108 1072
f 1107 1106 1072
f 1108 1122 1071
f 1072 1108 1071
f 1122 1088 1073
f 1073 1071 1122
f 1109 1091 1012
f 1099 1073 1088
f 1109 1110 1091
f 923 1110 1109
f 1015 1111 1101
f 1112 1129 1111
f 1111 1015 1112
f 1178 1146 1113
f 1115 1111 1129
f 1164 1146 1186
f 1102 1094 1114
f 1102 1115 1094
f 1114 1136 1116
f 1102 1114 1116
f 1136 1135 1117
f 1116 1136 1117
f 1135 1118 1080
f 1117 1135 1080
f 1118 1137 1119
f 1119 1080 1118
f 1156 1140 1138
f 1106 1119 1137
f 1120 1141 1140
f 1108 1106 1139
f 1155 1158 1120
f 1122 1108 1121
f 1123 1144 1088
f 1088 1122 1123
f 1144 1012 1088
f 1124 1109 1160
f 1124 923 1109
f 1179 1125 1126
f 1128 1112 1015
f 1112 1127 1130
f 1112 1128 1127
f 1129 1130 1131
f 1129 1112 1130
f 1094 1131 1104
f 1131 1094 1129
f 1163 1166 1164
f 1114 1094 1104
f 1193 1132 1166
f 1136 1114 1147
f 1168 1133 1197
f 1168 1134 1199
f 1135 1136 1148
f 1118 1150 1138
f 1118 1135 1150
f 1137 1138 1140
f 1137 1118 1138
f 1139 1140 1141
f 1139 1137 1140
f 1121 1141 1142
f 1121 1139 1141
f 1213 1169 1158
f 1123 1121 1142
f 1170 1214 1143
f 1144 1157 1159
f 1123 1157 1144
f 901 1160 1159
f 901 1124 1160
f 1012 1160 1109
f 1019 1127 1145
f 1145 1127 1128
f 1019 1145 1172
f 1180 1178 1177
f 1019 1113 1127
f 1146 1131 1130
f 1113 1146 1130
f 1164 1104 1131
f 1164 1131 1146
f 1166 1147 1104
f 1166 1104 1164
f 1132 1148 1147
f 1132 1147 1166
f 1167 1148 1132
f 1167 1150 1148
f 1200 1202 1198
f 1167 1149 1150
f 1151 1202 1152
f 1204 1153 1201
f 1149 1156 1138
f 1206 1153 1203
f 1154 1155 1205
f 1156 1120 1140
f 1158 1142 1141
f 1120 1158 1141
f 1169 1157 1142
f 1169 1142 1158
f 1144 1159 1160
f 1224 1172 1145
f 1224 1022 1161
f 1161 1173 1162
f 1161 1162 1172
f 1113 1019 1179
f 1162 1179 1019
f 1113 1179 1178
f 1186 1178 1182
f 1178 1186 1146
f 1186 1185 1163
f 1186 1163 1164
f 1163 1165 1193
f 1163 1193 1166
f 1167 1132 1195
f 1193 1195 1132
f 1195 1168 1167
f 1149 1167 1168
f 1168 1202 1149
f 1156 1149 1202
f 1202 1153 1156
f 1120 1156 1153
f 1120 1153 1155
f 1155 1208 1213
f 1155 1213 1158
f 1213 1170 1169
f 1171 1169 1170
f 997 901 1171
f 1170 1011 1171
f 1224 1161 1172
f 1021 1173 1161
f 1173 1174 1162
f 1174 1175 1162
f 1175 1176 1162
f 1125 1162 1176
f 1125 1179 1162
f 1177 1179 1126
f 1177 1178 1179
f 1181 1178 1180
f 1181 1182 1178
f 1182 1183 1186
f 1183 1184 1186
f 1184 1185 1186
f 1185 1187 1163
f 1187 1188 1163
f 1188 1189 1163
f 1189 1165 1163
f 1165 1190 1193
f 1190 1191 1193
f 1191 1192 1193
f 1192 1194 1193
f 1194 1196 1195
f 1194 1195 1193
f 1133 1195 1196
f 1133 1168 1195
f 1134 1168 1197
f 1198 1168 1199
f 1198 1202 1168
f 1152 1202 1200
f 1201 1202 1151
f 1201 1153 1202
f 1203 1153 1204
f 1205 1153 1206
f 1205 1155 1153
f 1155 1154 1207
f 1207 1208 1155
f 1208 1209 1213
f 1209 1210 1213
f 1210 1211 1213
f 1211 1212 1213
f 1212 1215 1170
f 1212 1170 1213
f 1214 1170 1215
f 1011 1143 1216
f 1143 1011 1170
f 2184 1011 1216
f 1232 1262 1981
f 1284 1282 1307
f 1325 1305 1326
f 1284 1307 1048
f 1349 1217 1348
f 1218 1307 1306
f 1219 1220 1221
f 1421 1363 1222
f 1375 1223 1220
f 1395 1414 1376
f 1346 1223 1397
f 1224 1422 1363
f 1456 1224 1363
f 1225 1361 1364
f 1217 1305 1348
f 1022 1456 2245
f 1348 1219 1365
f 1336 1226 1228
f 1227 1357 1228
f 1351 1379 1366
f 1380 1229 1263
f 1336 1335 1302
f 1357 1336 1228
f 1417 1249 1424
f 1230 1258 1251
f 1250 1403 1231
f 1262 1232 1233
f 1244 1251 1257
f 1262 1233 1401
f 2238 1234 2241
f 1234 1984 2241
f 2241 1984 2287
f 1235 1236 1351
f 1272 1281 1283
f 1304 1306 1295
f 1334 1337 1335
f 1370 1355 1237
f 1237 1238 1370
f 1387 1389 1370
f 1239 1387 1240
f 1239 1383 1387
f 1383 1385 1387
f 1406 1408 1241
f 1259 1251 1256
f 1238 1240 1387
f 1386 1385 1384
f 1386 1242 1388
f 1243 1250 1388
f 1388 1242 1243
f 1251 1244 1255
f 1245 1250 1243
f 1424 1426 1405
f 1404 1246 1250
f 1250 1246 1247
f 1250 1251 1249
f 1247 1248 1250
f 1249 1417 1250
f 1252 1250 1231
f 1252 1251 1250
f 1400 1249 1251
f 1251 1252 1253
f 1254 1251 1253
f 1251 1254 1230
f 1251 1255 1256
f 1257 1251 1258
f 1261 1251 1259
f 1260 1401 1380
f 1251 1261 1379
f 1260 1262 1401
f 1236 1980 1229
f 1263 1260 1380
f 1264 1236 1265
f 1980 1978 1229
f 1341 1265 1235
f 1265 1341 1320
f 1980 1236 1264
f 1320 1342 1267
f 1266 1320 1267
f 1330 1266 1268
f 1290 1270 1298
f 1271 1997 1269
f 1289 1279 1270
f 1279 1289 1280
f 1275 1279 1281
f 1271 1269 1273
f 1269 1997 1275
f 1269 1275 1272
f 1273 1269 1274
f 1269 1272 1274
f 1272 1028 1274
f 1297 2014 1327
f 1309 1278 1290
f 1997 1279 1275
f 1289 1290 1294
f 1276 1277 1312
f 1277 1314 1315
f 1281 1272 1275
f 1283 1030 1272
f 1279 1997 1285
f 1285 1270 1279
f 1311 1292 1300
f 1278 1294 1290
f 1279 1280 1281
f 1294 1295 1280
f 1281 1280 1282
f 1282 1283 1281
f 1284 1283 1282
f 1284 1040 1283
f 1048 1040 1284
f 1283 1040 1030
f 1272 1030 1028
f 1270 1285 1296
f 1265 1329 1264
f 1298 1270 1296
f 1286 1287 1330
f 1288 1300 1330
f 1289 1270 1290
f 1310 1291 1292
f 1293 1277 1292
f 1289 1294 1280
f 1302 1277 1315
f 1280 1295 1282
f 1336 1324 1332
f 1282 1295 1306
f 1304 1305 1218
f 1282 1306 1307
f 1308 1048 1307
f 1299 1298 1296
f 2014 1297 1299
f 1298 1297 1309
f 1297 1298 1299
f 1292 1330 1300
f 1298 1309 1290
f 1278 1303 1294
f 1301 1317 1302
f 1303 1277 1326
f 1294 1303 1295
f 1336 1302 1323
f 1295 1303 1304
f 1305 1217 1218
f 1304 1218 1306
f 1218 1308 1307
f 1217 1308 1218
f 1319 1309 1297
f 1292 1309 1319
f 1292 1278 1309
f 1310 1292 1311
f 1312 1277 1293
f 1277 1278 1292
f 1313 1314 1277
f 1315 1316 1302
f 1277 1303 1278
f 1302 1317 1331
f 1304 1303 1326
f 1305 1304 1326
f 1348 1325 1318
f 1305 1325 1348
f 1031 1308 1217
f 1327 1319 1297
f 1320 1319 1327
f 1330 1292 1319
f 1319 1320 1330
f 1291 1321 1292
f 1293 1292 1321
f 1276 1322 1277
f 1313 1277 1322
f 1302 1316 1301
f 1323 1324 1336
f 1302 1335 1277
f 1337 1326 1335
f 1338 1225 1345
f 1325 1326 1337
f 1325 1345 1318
f 1329 1320 1327
f 1235 1328 1341
f 1265 1320 1329
f 1341 1342 1320
f 1320 1266 1330
f 1286 1330 1268
f 1287 1288 1330
f 1331 1323 1302
f 1336 1332 1226
f 1277 1335 1326
f 1373 1333 1358
f 1334 1335 1336
f 1338 1325 1337
f 1334 1338 1337
f 1375 1364 1361
f 1345 1325 1338
f 1364 1345 1225
f 1217 1349 1031
f 1235 1368 1352
f 1339 1235 1353
f 1354 1328 1235
f 1340 1341 1328
f 1341 1340 1342
f 1343 1357 1227
f 1344 1334 1336
f 1344 1336 1357
f 1362 1338 1334
f 1344 1333 1334
f 1362 1373 1360
f 1333 1362 1334
f 1364 1318 1345
f 1225 1338 1362
f 1346 1347 1221
f 1318 1219 1348
f 1318 1220 1219
f 1348 1365 1349
f 1263 1229 1978
f 1367 1350 1351
f 1236 1235 1265
f 1368 1235 1351
f 1235 1352 1353
f 1354 1235 1339
f 1370 1369 1355
f 1392 1356 1389
f 1357 1356 1371
f 1343 1356 1357
f 1344 1371 1358
f 1357 1371 1344
f 1411 1359 1393
f 1344 1358 1333
f 1333 1373 1362
f 1225 1360 1361
f 1362 1360 1225
f 1363 1422 1222
f 1364 1220 1318
f 1376 1223 1375
f 1364 1375 1220
f 1347 1365 1221
f 1219 1221 1365
f 1223 1346 1221
f 1366 1379 1382
f 1229 1351 1236
f 1366 1367 1351
f 1379 1351 1229
f 1350 1368 1351
f 1343 1370 1356
f 1370 1343 1369
f 1370 1238 1387
f 1407 1391 1408
f 1356 1370 1389
f 1407 1429 1409
f 1392 1393 1358
f 1356 1392 1371
f 1371 1392 1358
f 1393 1374 1373
f 1358 1393 1373
f 1374 1396 1360
f 1419 1436 1372
f 1360 1373 1374
f 1396 1394 1361
f 1360 1396 1361
f 1394 1376 1375
f 1397 1223 1376
f 1361 1394 1375
f 1377 1346 1397
f 1220 1223 1221
f 1378 1379 1261
f 1380 1379 1229
f 1380 1402 1379
f 1379 1381 1382
f 1402 1251 1379
f 1378 1381 1379
f 1241 1387 1388
f 1383 1384 1385
f 1386 1388 1385
f 1387 1385 1388
f 1389 1241 1390
f 1390 1391 1389
f 1387 1241 1389
f 1391 1411 1392
f 1392 1389 1391
f 1393 1392 1411
f 1437 1432 1435
f 1374 1359 1412
f 1374 1393 1359
f 1412 1413 1396
f 1396 1374 1412
f 1454 1421 1436
f 1394 1413 1395
f 1394 1396 1413
f 1395 1376 1394
f 1398 1397 1414
f 1398 1377 1397
f 1401 1402 1380
f 1399 1400 1402
f 1399 1402 1401
f 1251 1402 1400
f 1423 1442 1425
f 1248 1403 1250
f 1245 1404 1250
f 1388 1417 1406
f 1388 1250 1417
f 1428 1418 1405
f 1406 1241 1388
f 1431 1448 2252
f 1390 1241 1408
f 1391 1407 1409
f 1391 1390 1408
f 1411 1409 1410
f 1411 1391 1409
f 1359 1410 1419
f 1410 1359 1411
f 1412 1419 1372
f 1412 1359 1419
f 1413 1372 1222
f 1372 1413 1412
f 1395 1222 1422
f 1413 1222 1395
f 1415 1414 1422
f 1415 1398 1414
f 1376 1414 1397
f 1416 1399 1233
f 1233 1399 1401
f 1232 1416 1233
f 1441 1440 1439
f 1423 1400 1399
f 1416 1423 1399
f 1425 1249 1400
f 1425 1400 1423
f 1425 1424 1249
f 1405 1406 1417
f 1424 1405 1417
f 1418 1408 1406
f 1418 1406 1405
f 1430 1407 1408
f 1418 1430 1408
f 1430 1429 1407
f 2255 1433 1450
f 1432 1410 1409
f 1429 1432 1409
f 1437 1419 1410
f 1437 1410 1432
f 1452 1420 2258
f 1437 1436 1419
f 1421 1222 1372
f 1436 1421 1372
f 1422 1224 1415
f 1395 1422 1414
f 1981 1984 1234
f 1416 1232 1438
f 1234 1438 1232
f 1438 1440 1416
f 1423 1416 1440
f 1440 1441 1442
f 1440 1442 1423
f 1442 1444 1425
f 1424 1425 1444
f 1424 1444 1426
f 1426 2232 1427
f 1426 1427 1405
f 1427 1446 1428
f 1427 1428 1405
f 1430 1418 1431
f 1428 1431 1418
f 1429 1430 1431
f 1431 1449 1429
f 1432 1429 1433
f 1429 1449 1433
f 1433 1434 1435
f 1433 1435 1432
f 1436 1437 1420
f 1435 1420 1437
f 1454 1420 1452
f 1436 1420 1454
f 1363 1421 1456
f 1454 1456 1421
f 1981 1234 1232
f 2238 2237 1438
f 2238 1438 1234
f 2237 1440 1438
f 1439 1440 2237
f 1441 2235 1442
f 2235 1443 1442
f 1443 1444 1442
f 1445 1444 1443
f 1445 1426 1444
f 2232 1426 1445
f 2232 1446 1427
f 1446 1447 1428
f 1447 1448 1431
f 1447 1431 1428
f 2252 1449 1431
f 1450 1449 2252
f 1450 1433 1449
f 2255 1434 1433
f 1434 1451 1435
f 1451 2258 1420
f 1451 1420 1435
f 1452 2230 1454
f 2230 1453 1454
f 1453 1456 1454
f 1455 1456 1453
f 2245 1456 1455
f 1224 1456 1022
f 1496 1495 1457
f 1489 1493 1485
f 1486 1487 1489
f 1458 1459 1483
f 1460 1462 1461
f 1461 1462 1481
f 1462 1463 1482
f 1464 1482 1463
f 1464 1463 1465
f 1466 1465 1463
f 1466 1468 1465
f 1467 1468 1466
f 1469 1468 1467
f 1471 1469 1467
f 1471 1472 1474
f 1474 1470 1471
f 1472 1473 1474
f 1475 1472 1478
f 1472 1475 1473
f 1475 1478 1476
f 1476 1478 1477
f 1480 1477 1478
f 1479 1480 1478
f 1470 1469 1471
f 1481 1462 1482
f 1486 1483 1459
f 1462 1460 1458
f 1483 1462 1458
f 1491 1484 1485
f 1483 1486 1489
f 1487 1490 1489
f 1489 1488 1493
f 1489 1490 1488
f 1491 1485 1492
f 1485 1493 1492
f 1485 1484 1494
f 1485 1494 1495
f 1496 1485 1495
f 1497 1498 1511
f 1518 1511 1499
f 1517 1500 1516
f 1501 1502 1514
f 1503 1513 1512
f 1503 1510 1513
f 1510 1504 1506
f 1505 1507 1504
f 1506 1504 1507
f 1508 1507 1505
f 1508 1509 1507
f 1504 1510 1503
f 1499 1511 1498
f 1512 1513 1501
f 1501 1514 1512
f 1500 1515 1516
f 1515 1514 1502
f 1514 1515 1500
f 1518 1517 1516
f 1499 1517 1518
f 1536 1538 1519
f 1535 1534 1537
f 1530 1520 1531
f 1520 1522 1521
f 1522 1524 1521
f 1521 1524 1523
f 1523 1524 1526
f 1523 1526 1525
f 1525 1526 1527
f 1525 1527 1528
f 1520 1529 1522
f 1529 1520 1530
f 1533 1532 1531
f 1531 1532 1530
f 1532 1533 1534
f 1532 1534 1535
f 1537 1536 1535
f 1536 1537 1538
f 1538 1540 1519
f 1539 1519 1540
f 1541 1542 1543
f 1544 1554 1545
f 1546 1552 1547
f 1548 1546 1547
f 1550 1546 1548
f 1550 1548 1549
f 1550 1549 1551
f 1553 1552 1546
f 1555 1552 1553
f 1555 1553 1554
f 1555 1554 1544
f 1541 1544 1545
f 1541 1545 1542
f 1556 1543 1542
f 1556 1557 1558
f 1543 1556 1558
f 1560 1571 1559
f 1560 1561 1571
f 1567 1559 1571
f 1571 1578 1565
f 1566 1562 1571
f 1563 1571 1564
f 1565 1564 1571
f 1571 1563 1566
f 1562 1567 1571
f 1579 1571 1568
f 1570 1568 1571
f 1571 1569 1572
f 1570 1571 1572
f 1569 1571 1573
f 1574 1573 1571
f 1574 1571 1575
f 1576 1577 1571
f 1571 1577 1575
f 1578 1571 1579
f 1580 1590 1582
f 1580 1581 1590
f 1589 1582 1590
f 1586 1590 1583
f 1590 1584 1587
f 1590 1585 1583
f 1586 1588 1590
f 1590 1587 1585
f 1590 1588 1589
f 1600 1590 1591
f 1595 1591 1590
f 1590 1592 1594
f 1590 1596 1593
f 1590 1594 1595
f 1592 1590 1593
f 1596 1590 1599
f 1597 1598 1590
f 1590 1598 1599
f 1584 1590 1600
f 1603 1601 1602
f 1603 1606 1601
f 1604 1606 1603
f 1605 1607 1606
f 1606 1604 1605
f 1605 1610 1607
f 1608 1610 1605
f 1609 1610 1608
f 1602 1601 1612
f 1611 1602 1612
f 1612 1613 1611
f 1613 1615 1611
f 1616 1615 1613
f 1614 1615 1616
f 1614 1616 1617
f 1614 1617 1619
f 1617 1618 1619
f 1620 1621 1673
f 1682 1622 1683
f 1668 1670 1666
f 1665 1623 1624
f 1624 1625 1664
f 1623 1665 1666
f 1663 1626 1662
f 1625 1626 1627
f 1671 1670 1669
f 1671 1669 1620
f 1628 1660 1662
f 1660 1628 1629
f 1673 1621 1674
f 1658 1629 1653
f 1654 1630 1631
f 1679 1634 1632
f 1630 1649 1631
f 1633 1681 1632
f 1633 1632 1634
f 1635 1636 1637
f 1685 1683 1684
f 1638 1635 1686
f 1691 1639 1690
f 1688 1638 1640
f 1636 1641 1642
f 1641 1685 1643
f 1681 1644 1682
f 1645 1701 1646
f 1649 1647 1648
f 1649 1630 1647
f 1678 1652 1650
f 1650 1679 1678
f 1651 1677 1652
f 1653 1654 1658
f 1674 1656 1655
f 1677 1655 1656
f 1646 1648 1647
f 1701 1648 1646
f 1631 1657 1654
f 1657 1658 1654
f 1658 1659 1629
f 1659 1660 1629
f 1660 1661 1662
f 1661 1663 1662
f 1663 1627 1626
f 1627 1664 1625
f 1664 1665 1624
f 1665 1667 1666
f 1667 1668 1666
f 1668 1669 1670
f 1671 1620 1672
f 1672 1620 1673
f 1673 1674 1675
f 1675 1674 1655
f 1655 1677 1676
f 1676 1677 1651
f 1651 1652 1678
f 1678 1679 1680
f 1680 1679 1632
f 1633 1644 1681
f 1644 1622 1682
f 1622 1684 1683
f 1684 1643 1685
f 1643 1642 1641
f 1642 1637 1636
f 1637 1686 1635
f 1686 1640 1638
f 1640 1687 1688
f 1687 1689 1688
f 1687 1690 1689
f 1691 1690 1694
f 1689 1690 1639
f 1692 1691 1694
f 1696 1692 1693
f 1693 1692 1694
f 1696 1695 1697
f 1696 1697 1692
f 1698 1700 1695
f 1696 1698 1695
f 1699 1700 1645
f 1695 1700 1699
f 1645 1700 1701
f 1711 1710 1705
f 1704 1711 1705
f 1704 1703 1702
f 1703 1704 1705
f 1707 1702 1703
f 1706 1702 1707
f 1708 1706 1707
f 1709 1706 1708
f 1710 1711 1713
f 1710 1713 1712
f 1714 1712 1713
f 1714 1715 1712
f 1715 1714 1717
f 1717 1714 1716
f 1716 1718 1717
f 1718 1719 1720
f 1720 1717 1718
f 1721 1735 1787
f 1723 1722 1795
f 1722 1723 1797
f 1724 1725 1726
f 1727 1793 1729
f 1724 1726 1794
f 1727 1728 1792
f 1790 1789 1733
f 1725 1724 1728
f 1729 1791 1790
f 1730 1732 1794
f 1730 1731 1732
f 1787 1733 1734
f 1721 1761 1735
f 1736 1785 1786
f 1737 1738 1799
f 1784 1785 1739
f 1784 1739 1740
f 1768 1741 1767
f 1769 1741 1756
f 1770 1742 1771
f 1772 1743 1773
f 1778 1777 1744
f 1745 1747 1752
f 1746 1747 1745
f 1773 1748 1749
f 1750 1775 1748
f 1743 1751 1771
f 1747 1750 1752
f 1744 1746 1776
f 1753 1754 1777
f 1757 1754 1779
f 1742 1755 1756
f 1781 1757 1780
f 1765 1766 1768
f 1782 1783 1740
f 1758 1782 1781
f 1766 1759 1760
f 1737 1760 1738
f 1786 1761 1762
f 1737 1799 1763
f 1798 1763 1800
f 1764 1738 1760
f 1759 1764 1760
f 1765 1759 1766
f 1767 1765 1768
f 1769 1767 1741
f 1755 1769 1756
f 1770 1755 1742
f 1751 1770 1771
f 1772 1751 1743
f 1749 1772 1773
f 1775 1749 1748
f 1774 1775 1750
f 1747 1774 1750
f 1746 1745 1776
f 1744 1776 1778
f 1777 1778 1753
f 1754 1753 1779
f 1757 1779 1780
f 1781 1780 1758
f 1782 1758 1783
f 1740 1783 1784
f 1736 1739 1785
f 1762 1736 1786
f 1721 1762 1761
f 1788 1721 1787
f 1734 1788 1787
f 1789 1734 1733
f 1791 1789 1790
f 1793 1791 1729
f 1792 1793 1727
f 1724 1792 1728
f 1794 1726 1730
f 1795 1732 1731
f 1795 1731 1723
f 1722 1797 1796
f 1797 1798 1796
f 1763 1799 1800
f 1798 1800 1796
f 1813 1811 1810
f 1810 1812 1801
f 1812 1803 1801
f 1802 1804 1805
f 1803 1802 1801
f 1802 1803 1804
f 1805 1804 1806
f 1806 1807 1805
f 1808 1807 1806
f 1809 1808 1806
f 1810 1811 1812
f 1813 1814 1811
f 1813 1816 1814
f 1816 1815 1814
f 1815 1816 1817
f 1818 1815 1817
f 1818 1817 1819
f 1820 1818 1819
f 1820 1819 1821
f 1893 1835 1834
f 1860 1822 1861
f 1884 1881 1826
f 1893 1829 1823
f 1886 1890 1888
f 1824 1886 1887
f 1825 1826 1824
f 1828 1827 1879
f 1823 1892 1890
f 1881 1882 1828
f 1879 1878 1876
f 1829 1891 1823
f 1831 1876 1830
f 1874 1831 1832
f 1833 1834 1835
f 1836 1837 1838
f 1839 1840 1873
f 1900 1841 1842
f 1899 1900 1842
f 1901 1904 1902
f 1843 1918 1855
f 1844 1906 1907
f 1845 1846 1911
f 1909 1908 1847
f 1858 1848 1850
f 1921 1922 1920
f 1915 1849 1916
f 1850 1851 1852
f 1917 1853 1854
f 1914 1913 1915
f 1836 1838 1913
f 1855 1856 1919
f 1857 1848 1858
f 1910 1909 1846
f 1859 1860 1861
f 1847 1844 1907
f 1905 1904 1906
f 1862 1865 1863
f 1862 1863 1864
f 1873 1840 1865
f 1865 1840 1863
f 1866 1867 1898
f 1895 1867 1896
f 1868 1869 1870
f 1833 1894 1871
f 1895 1872 1871
f 1859 1862 1864
f 1861 1862 1859
f 1869 1868 1839
f 1869 1839 1873
f 1869 1874 1870
f 1874 1832 1870
f 1831 1830 1832
f 1876 1875 1830
f 1876 1878 1875
f 1879 1877 1878
f 1879 1827 1877
f 1828 1880 1827
f 1828 1882 1880
f 1881 1883 1882
f 1881 1884 1883
f 1826 1885 1884
f 1826 1825 1885
f 1824 1887 1825
f 1886 1889 1887
f 1886 1888 1889
f 1890 1892 1888
f 1823 1891 1892
f 1823 1835 1893
f 1835 1894 1833
f 1894 1895 1871
f 1872 1895 1896
f 1896 1867 1897
f 1897 1867 1866
f 1866 1898 1899
f 1898 1900 1899
f 1841 1901 1902
f 1900 1901 1841
f 1902 1904 1903
f 1903 1904 1905
f 1905 1906 1844
f 1907 1909 1847
f 1908 1909 1910
f 1910 1846 1845
f 1845 1911 1857
f 1911 1848 1857
f 1848 1851 1850
f 1852 1837 1912
f 1851 1837 1852
f 1912 1837 1836
f 1838 1915 1913
f 1916 1849 1917
f 1914 1915 1916
f 1917 1849 1853
f 1853 1919 1856
f 1856 1854 1853
f 1921 1918 1843
f 1843 1855 1919
f 1921 1920 1918
f 1921 1924 1922
f 1923 1924 1822
f 1922 1924 1923
f 1822 1924 1861
f 1925 1926 1927
f 1925 1927 1928
f 1928 1927 1949
f 1939 1943 1942
f 1939 1929 1940
f 1932 1934 1936
f 1930 1934 1933
f 1934 1930 1931
f 1932 1933 1934
f 1929 1934 1931
f 1938 1929 1931
f 1935 1936 1934
f 1936 1935 1937
f 1929 1938 1940
f 1944 1937 1935
f 1943 1939 1940
f 1941 1944 1935
f 1942 1943 1947
f 1944 1941 1945
f 1946 1942 1947
f 1942 1946 1948
f 1948 1946 1949
f 1949 1927 1948
f 1925 1950 1926
f 1926 1950 1951
f 1951 1953 1926
f 1951 1952 1953
f 1955 1953 1952
f 1954 1953 1955
f 1953 1954 1959
f 1956 1959 1957
f 1959 1954 1957
f 1959 1956 1960
f 1958 1959 1960
f 1958 1961 1964
f 1964 1959 1958
f 1961 1963 1964
f 1962 1964 1963
f 1964 1962 1965
f 2004 1966 1995
f 2008 2033 2023
f 2042 2059 2034
f 2103 2093 2092
f 1967 962 1969
f 951 1967 1968
f 2118 1969 962
f 3201 1970 1971
f 1971 2129 1972
f 838 1972 2129
f 838 1973 1972
f 2055 2032 1968
f 1975 1974 1992
f 1976 1993 1974
f 1993 1976 847
f 1990 1989 1975
f 1976 1989 1991
f 1299 1996 1987
f 2013 1977 1987
f 1978 1979 2090
f 1980 2041 2054
f 2054 2052 1979
f 1982 2090 1979
f 2101 1983 1981
f 2091 1982 2102
f 2078 2079 1983
f 2128 2278 1984
f 1981 1983 2128
f 2278 2287 1984
f 1985 1986 2051
f 1996 2006 1987
f 1989 1976 1974
f 1976 1273 847
f 1273 1976 1271
f 1271 1976 1991
f 1991 1997 1271
f 2007 872 2009
f 2003 1992 1966
f 1993 1992 1974
f 2006 2003 1988
f 1975 1989 1974
f 2030 2041 1264
f 1989 1990 1991
f 1990 1285 1991
f 1992 1993 1994
f 2009 1998 2008
f 1992 1994 1995
f 1966 1992 1995
f 2002 2004 2018
f 1975 2003 2006
f 2003 1975 1992
f 2006 1990 1975
f 1996 1990 2006
f 1996 1296 1990
f 1299 1296 1996
f 1990 1296 1285
f 1991 1285 1997
f 1995 1994 2000
f 1998 2015 1999
f 1995 2000 2001
f 2008 2017 2007
f 1995 2001 2004
f 2002 2003 1966
f 1966 2004 2002
f 1988 2002 2005
f 2003 2002 1988
f 2013 1988 2019
f 2006 1988 2013
f 2029 1977 2019
f 2006 2013 1987
f 2014 1299 1987
f 856 2001 2000
f 872 2007 856
f 2008 2007 2009
f 2007 2001 856
f 2004 2001 2017
f 2017 2001 2007
f 2017 2023 2018
f 2004 2017 2018
f 2010 2011 2037
f 2027 2010 2038
f 2002 2018 2005
f 2012 2027 2028
f 1988 2005 2019
f 2013 2019 1977
f 1977 2014 1987
f 2031 2014 1977
f 2015 2020 2070
f 2070 1999 2015
f 2016 2021 2033
f 2023 2017 2008
f 2024 2021 2047
f 2018 2023 2011
f 2005 2018 2011
f 2005 2011 2010
f 2019 2005 2027
f 2005 2010 2027
f 2029 2012 2053
f 2012 2019 2027
f 2012 2029 2019
f 1327 2014 2031
f 2020 933 2055
f 2055 2070 2020
f 2011 2023 2024
f 2023 2033 2021
f 2037 2024 2022
f 2024 2023 2021
f 2037 2011 2024
f 2038 2037 2049
f 2025 2038 2039
f 2038 2010 2037
f 2028 2025 2026
f 2025 2027 2038
f 2026 2051 2040
f 2028 2027 2025
f 2040 1986 2069
f 2012 2028 2053
f 2069 2053 2040
f 2029 2031 1977
f 2029 2030 2031
f 1329 2031 2030
f 1329 1327 2031
f 1968 2032 951
f 1998 2033 2008
f 2042 2033 1998
f 2042 2034 2033
f 2060 2045 2074
f 2016 2033 2034
f 2076 2044 2060
f 2047 2021 2016
f 2022 2024 2047
f 2036 2048 2035
f 2077 2050 2036
f 2049 2037 2022
f 2068 2067 2077
f 2039 2038 2049
f 2040 2053 2028
f 2026 2025 2039
f 2040 2028 2026
f 2040 2051 1986
f 2053 2030 2029
f 2053 2041 2030
f 2030 1264 1329
f 951 962 1967
f 1999 2042 1998
f 1999 2056 2042
f 2058 2073 2043
f 2045 2016 2034
f 2056 2059 2042
f 2044 2047 2016
f 2045 2034 2059
f 2046 2022 2047
f 2044 2016 2045
f 2046 2076 2035
f 2046 2047 2044
f 2048 2049 2022
f 2050 2039 2049
f 2048 2022 2046
f 2067 2026 2039
f 2050 2049 2048
f 2050 2067 2039
f 2089 2080 1985
f 2067 2051 2026
f 1982 2052 2080
f 2069 2041 2053
f 2069 2054 2041
f 2032 2055 933
f 2118 962 2116
f 2070 2056 1999
f 2056 2057 2073
f 2070 2057 2056
f 2059 2073 2074
f 2059 2056 2073
f 2082 2084 2058
f 2059 2074 2045
f 2084 2085 2083
f 2045 2060 2044
f 2085 2061 2075
f 2061 2097 2087
f 2044 2076 2046
f 2097 2063 2062
f 2046 2035 2048
f 2063 2064 2088
f 2048 2036 2050
f 2064 2066 2065
f 2115 2066 2099
f 2050 2077 2067
f 2051 2068 1985
f 2067 2068 2051
f 1986 1985 2052
f 1986 2054 2069
f 1982 1979 2052
f 1986 2052 2054
f 2041 1980 1264
f 1979 1978 1980
f 2055 2057 2070
f 2071 2043 2057
f 2057 2055 2071
f 2093 2072 2081
f 2073 2057 2043
f 2058 2083 2074
f 2073 2058 2074
f 2083 2075 2060
f 2074 2083 2060
f 2075 2087 2076
f 2060 2075 2076
f 2087 2062 2035
f 2076 2087 2035
f 2062 2088 2036
f 2035 2062 2036
f 2088 2065 2077
f 2036 2088 2077
f 2065 2089 2068
f 2068 2077 2065
f 2078 2100 2115
f 2068 2089 1985
f 2079 2128 1983
f 1985 2080 2052
f 1263 1978 2090
f 2054 1979 1980
f 1968 2071 2055
f 2071 2092 2081
f 2071 1968 2092
f 2081 2082 2043
f 2071 2081 2043
f 2105 2094 2072
f 2058 2043 2082
f 2083 2058 2084
f 2124 2108 2106
f 2125 2109 2108
f 2075 2083 2085
f 2137 2086 2109
f 2087 2075 2061
f 2062 2087 2097
f 2111 2113 2086
f 2113 2112 2096
f 2088 2062 2063
f 2065 2088 2064
f 2066 2100 2089
f 2089 2065 2066
f 2100 2102 2080
f 2089 2100 2080
f 2080 2102 1982
f 1260 2090 2091
f 1260 1263 2090
f 1967 2092 1968
f 2130 2121 2117
f 2103 2092 1967
f 2120 2286 2285
f 2081 2092 2093
f 2082 2072 2094
f 2082 2081 2072
f 2084 2094 2095
f 2084 2082 2094
f 2085 2095 2107
f 2085 2084 2095
f 2061 2107 2110
f 2061 2085 2107
f 2097 2110 2096
f 2097 2061 2110
f 2063 2096 2112
f 2063 2097 2096
f 2064 2112 2099
f 2064 2063 2112
f 2140 2114 2098
f 2099 2066 2064
f 2127 2138 2279
f 2100 2066 2115
f 2102 2078 2101
f 2100 2078 2102
f 1262 2091 2101
f 1262 1260 2091
f 1982 2091 2090
f 2117 2103 1969
f 1969 2103 1967
f 2118 2117 1969
f 2121 2093 2103
f 2121 2103 2117
f 2104 2072 2093
f 2121 2104 2093
f 2270 2122 2285
f 2133 2123 2270
f 2104 2105 2072
f 2106 2095 2094
f 2105 2106 2094
f 2108 2107 2095
f 2106 2108 2095
f 2109 2110 2107
f 2108 2109 2107
f 2086 2096 2110
f 2109 2086 2110
f 2086 2113 2096
f 2289 2126 2111
f 2098 2099 2112
f 2113 2098 2112
f 2114 2115 2099
f 2114 2099 2098
f 2079 2078 2115
f 2114 2079 2115
f 1983 2101 2078
f 2101 1981 1262
f 2102 2101 2091
f 2116 838 2129
f 2117 2118 1970
f 2118 2129 1970
f 1970 2119 2130
f 1970 2130 2117
f 2104 2121 2120
f 2130 2120 2121
f 2105 2104 2122
f 2120 2122 2104
f 2122 2123 2105
f 2106 2105 2123
f 2124 2123 2272
f 2106 2123 2124
f 2125 2124 2135
f 2108 2124 2125
f 2291 2137 2125
f 2109 2125 2137
f 2137 2111 2086
f 2098 2113 2126
f 2113 2111 2126
f 2126 2281 2140
f 2126 2140 2098
f 2079 2114 2127
f 2140 2127 2114
f 2279 2128 2127
f 2079 2127 2128
f 2116 2129 2118
f 1971 1970 2129
f 3201 2119 1970
f 2119 2131 2130
f 2131 2132 2130
f 2132 2286 2120
f 2132 2120 2130
f 2285 2122 2120
f 2270 2123 2122
f 2133 2272 2123
f 2124 2272 2134
f 2134 2135 2124
f 2125 2135 2284
f 2283 2125 2284
f 2291 2125 2283
f 2136 2137 2291
f 2290 2137 2136
f 2290 2111 2137
f 2267 2111 2290
f 2289 2111 2267
f 2289 2281 2126
f 2281 2139 2140
f 2139 2138 2127
f 2139 2127 2140
f 2279 2278 2128
f 1981 2128 1984
f 2171 2141 2142
f 2171 2143 2172
f 2184 2142 2141
f 2350 2172 2144
f 2190 2145 2187
f 2145 2144 2187
f 2202 2201 2203
f 2167 2168 2200
f 2199 2202 2376
f 2147 2392 2165
f 2391 2384 2175
f 2209 2146 2181
f 2147 2165 2177
f 2148 2179 2402
f 2149 2215 2159
f 2417 2215 2149
f 2151 2160 2218
f 2151 2219 2150
f 2218 2219 2151
f 2227 2225 2152
f 2150 2158 2437
f 2153 2438 2437
f 2153 2437 2158
f 2315 2183 2154
f 2315 2310 2183
f 2154 2183 2155
f 2156 2154 2155
f 2265 2155 2157
f 2438 2153 2310
f 2265 2157 2245
f 2158 2150 2219
f 2159 2218 2160
f 2215 2417 2162
f 2162 2417 2163
f 2149 2159 2160
f 2159 2161 2217
f 2384 2202 2175
f 2180 2162 2163
f 2402 2147 2177
f 2164 2179 2180
f 2180 2163 2164
f 2148 2402 2177
f 2165 2392 2391
f 2391 2175 2165
f 2202 2384 2376
f 2166 2199 2376
f 2166 2200 2199
f 2200 2166 2167
f 2168 2370 2169
f 2168 2167 2370
f 2367 2174 2169
f 2169 2370 2367
f 2141 2350 2170
f 2191 2193 2169
f 2350 2141 2172
f 2187 2144 2172
f 2141 2170 2185
f 2172 2141 2171
f 2172 2143 2187
f 2187 2173 2190
f 2192 2174 2190
f 2145 2190 2174
f 2169 2174 2192
f 2194 2168 2169
f 2200 2168 2195
f 2176 2175 2204
f 2165 2175 2176
f 2177 2165 2178
f 2181 2179 2148
f 2210 2180 2181
f 2180 2179 2181
f 2162 2180 2211
f 2182 2218 2216
f 2219 2218 2182
f 2158 2219 2221
f 2153 2227 2310
f 2226 2183 2227
f 2183 2310 2227
f 2183 2228 2155
f 2265 2156 2155
f 2184 2141 2185
f 2143 2186 2187
f 2186 2173 2187
f 2173 2188 2190
f 2188 2189 2190
f 2189 2192 2190
f 2191 2169 2192
f 2194 2169 2193
f 2194 2195 2168
f 2195 2196 2200
f 2196 2197 2200
f 2197 2198 2199
f 2198 2201 2199
f 2197 2199 2200
f 2201 2202 2199
f 2204 2202 2203
f 2204 2175 2202
f 2176 2205 2165
f 2205 2178 2165
f 2178 2206 2177
f 2206 2208 2177
f 2208 2207 2148
f 2208 2148 2177
f 2209 2148 2207
f 2209 2181 2148
f 2210 2181 2146
f 2210 2211 2180
f 2211 2212 2162
f 2212 2214 2162
f 2214 2213 2215
f 2213 2161 2215
f 2214 2215 2162
f 2161 2159 2215
f 2216 2159 2217
f 2216 2218 2159
f 2182 2220 2219
f 2220 2221 2219
f 2221 2222 2158
f 2222 2223 2158
f 2223 2224 2153
f 2223 2153 2158
f 2225 2153 2224
f 2225 2227 2153
f 2226 2227 2152
f 2226 2228 2183
f 2228 2229 2155
f 2157 2155 2229
f 2230 2614 1453
f 2259 2230 1452
f 1450 2252 2231
f 1446 2232 2539
f 1445 2233 2242
f 2244 2232 1445
f 2234 2262 2233
f 1441 2247 2235
f 1439 2246 1441
f 2236 1439 2237
f 2238 2239 2237
f 2238 2260 2239
f 2240 2239 2260
f 2240 2260 2502
f 2241 2287 2260
f 2242 2262 2243
f 2243 2248 2244
f 2233 1445 1443
f 1445 2242 2244
f 2232 2244 2249
f 2546 1447 1446
f 2250 1448 1447
f 2568 2255 1450
f 1434 2254 2256
f 2255 2254 1434
f 1434 2256 1451
f 1455 2265 2245
f 2472 2265 1455
f 2472 1455 1453
f 2241 2260 2238
f 2287 3298 2260
f 2237 2239 2261
f 2237 2261 2236
f 2236 2246 1439
f 2246 2247 1441
f 2521 1443 2235
f 2247 2521 2235
f 2521 2233 1443
f 2249 2244 2248
f 2249 2539 2232
f 2539 2546 1446
f 2546 2250 1447
f 2251 1448 2250
f 2562 2252 1448
f 1448 2251 2562
f 2252 2562 2231
f 2231 2568 1450
f 2254 2568 2253
f 2568 2254 2255
f 2256 2254 2263
f 2583 1451 2256
f 2257 2258 1451
f 2583 2257 1451
f 2595 1452 2258
f 2258 2257 2595
f 1452 2595 2259
f 2259 2614 2230
f 2614 2472 1453
f 2502 2260 3298
f 2261 2239 2240
f 2234 2233 2521
f 2262 2242 2233
f 2243 2244 2242
f 2545 2250 2546
f 2251 2250 2545
f 2253 2263 2254
f 2263 2583 2256
f 2264 2257 2583
f 2265 2472 2156
f 3282 3292 2266
f 3292 3296 2276
f 2274 2289 2275
f 2274 3282 2266
f 3278 2267 2136
f 3276 2282 2267
f 2268 3277 2292
f 2284 2269 2283
f 2135 2134 3267
f 3250 2133 2270
f 2133 3259 2272
f 2271 2134 2272
f 2284 2135 3268
f 2283 2268 2292
f 2292 3277 3278
f 3276 2273 2282
f 2275 2282 2273
f 2274 2275 3282
f 2266 3292 2276
f 2280 2288 2277
f 3296 2288 2276
f 2138 2288 2279
f 2288 3296 2277
f 2277 3299 2280
f 3299 3298 2287
f 2280 2278 2279
f 3299 2278 2280
f 2139 2276 2138
f 2281 2274 2139
f 2267 2282 2289
f 2275 2289 2282
f 3276 2267 3278
f 3278 2136 2292
f 2283 2292 2291
f 2268 2283 2269
f 2269 2284 3268
f 3268 2135 3267
f 3267 2134 2271
f 2271 2272 3259
f 3259 2133 3250
f 3250 2270 3251
f 3251 2285 2286
f 2287 2278 3299
f 2279 2288 2280
f 2138 2276 2288
f 2139 2266 2276
f 2139 2274 2266
f 2281 2289 2274
f 2290 2136 2267
f 2136 2291 2292
f 2270 2285 3251
f 3961 2293 2309
f 3960 2298 2293
f 2309 2293 2298
f 2294 1000 3957
f 2305 2295 2306
f 2294 3952 2295
f 3949 2304 2306
f 2296 2307 2301
f 2301 2297 2296
f 3922 3928 2300
f 1003 3943 3945
f 3941 2303 3933
f 3949 3933 2304
f 2308 2184 2185
f 3957 3952 2294
f 998 981 2298
f 2308 2185 3961
f 2308 3961 2309
f 1005 3905 956
f 2299 3905 2307
f 2299 2307 2296
f 3928 2297 2300
f 2297 2301 2300
f 988 3935 3922
f 3922 2300 988
f 988 970 3935
f 972 3945 3935
f 3935 970 972
f 972 1003 3945
f 2302 3941 3943
f 3943 1003 2302
f 3941 2302 2303
f 2303 2304 3933
f 2306 2304 1001
f 1001 2305 2306
f 2295 2305 2294
f 1000 2294 982
f 3960 3957 998
f 1000 998 3957
f 3960 998 2298
f 981 2309 2298
f 1005 2307 3905
f 2303 1001 2304
f 982 2294 2305
f 981 2308 2309
f 2447 2439 2438
f 2368 2358 2320
f 2150 2437 2439
f 2310 2435 2438
f 2315 2435 2310
f 2466 2311 2312
f 2435 2315 2459
f 2313 2314 2315
f 2316 2313 2315
f 2154 2316 2315
f 2154 2156 2316
f 2317 2318 2156
f 2156 2318 2316
f 2150 2319 2151
f 2319 2425 2160
f 2353 2342 2334
f 2365 2320 2335
f 2326 2321 2322
f 2322 3958 2326
f 2323 2349 3958
f 2334 2349 2347
f 2349 2323 3959
f 2349 3959 2344
f 2170 2349 2324
f 2170 2324 2325
f 2325 2185 2170
f 3958 2349 2326
f 2327 2331 2326
f 2328 2327 2343
f 2351 2326 2348
f 2328 2343 3923
f 3923 2343 2330
f 5301 3929 2343
f 3360 2329 5301
f 3360 5301 4180
f 2329 3929 5301
f 2343 3929 2330
f 2326 2343 2327
f 2326 2331 2321
f 2342 2356 2340
f 2363 2358 2361
f 2371 2320 2332
f 2340 2361 2359
f 2380 2387 2394
f 2461 4191 2440
f 4054 2333 2456
f 2456 2607 4054
f 2348 2326 2334
f 2361 2356 2360
f 2360 2335 2363
f 2415 2425 2423
f 2364 2336 2332
f 2337 2374 2375
f 2312 2311 2452
f 2338 2339 5301
f 2351 2338 5301
f 2340 2355 2341
f 2342 2340 2341
f 2351 2343 2326
f 2344 2324 2349
f 2170 2350 2347
f 5301 2343 2351
f 2341 2354 2351
f 2345 4059 2346
f 2341 2351 2342
f 2342 2351 2348
f 2334 2347 2353
f 2334 2326 2349
f 2334 2342 2348
f 2357 2352 2144
f 2349 2170 2347
f 2352 2350 2144
f 2338 2351 2354
f 2358 2345 2346
f 2342 2353 2356
f 2353 2352 2357
f 2353 2347 2352
f 2357 2356 2353
f 2347 2350 2352
f 2354 2341 2355
f 2355 2340 2346
f 2340 2359 2346
f 2340 2356 2361
f 2356 2357 2360
f 2357 2362 2360
f 2174 2367 2366
f 2145 2174 2357
f 2144 2145 2357
f 2359 2358 2346
f 2358 2359 2361
f 2360 2362 2335
f 2360 2363 2361
f 2366 2335 2362
f 2362 2174 2366
f 2357 2174 2362
f 2368 4057 2345
f 2345 2358 2368
f 2320 2358 2363
f 2166 2336 2364
f 2320 2363 2335
f 2365 2364 2332
f 2369 2365 2366
f 2365 2335 2366
f 2370 2366 2367
f 2369 2366 2370
f 2371 5294 2368
f 2377 2372 2381
f 2371 2368 2320
f 2365 2332 2320
f 2364 2365 2369
f 2369 2370 2364
f 4057 2368 5294
f 2371 2377 4183
f 2377 2371 2372
f 2372 2332 2373
f 2372 2371 2332
f 2332 2336 2373
f 2336 2166 2375
f 2364 2167 2166
f 2370 2167 2364
f 5294 2371 4183
f 2381 4185 4183
f 2373 2374 2372
f 2381 2372 2374
f 2336 2374 2373
f 2374 2336 2375
f 2375 2166 2376
f 4183 2377 2381
f 2381 2378 2385
f 2379 2388 2380
f 2381 2374 2383
f 2378 2381 2383
f 2337 2383 2374
f 2375 2382 2337
f 2375 2376 2382
f 2376 2384 2382
f 4185 2381 2385
f 2379 4056 2385
f 2378 2383 2388
f 2379 2378 2388
f 2383 2337 2389
f 2389 2388 2383
f 2382 2389 2337
f 2390 2389 2382
f 2382 2384 2390
f 2391 2390 2384
f 2385 2378 2379
f 2380 2386 2379
f 2380 2388 2387
f 2388 2389 2387
f 2387 2389 2393
f 2390 2393 2389
f 2402 2397 2147
f 2392 2390 2391
f 2397 2392 2147
f 2392 2393 2390
f 4056 2379 2386
f 2380 2394 4187
f 2387 2396 2394
f 2393 2396 2387
f 2393 2397 2396
f 2386 2380 4187
f 2404 4045 4043
f 4186 2403 4043
f 2395 4186 2394
f 2396 2395 2394
f 2396 2401 2395
f 2397 2401 2396
f 2399 2401 2397
f 2397 2402 2399
f 2399 2402 2405
f 2393 2392 2397
f 4187 2394 4186
f 2411 4047 2404
f 2403 4186 2395
f 2401 2398 2395
f 2395 2398 2403
f 2399 2400 2401
f 2398 2401 2400
f 2402 2179 2405
f 2403 2404 4043
f 2398 2406 2403
f 2403 2406 2404
f 2400 2408 2398
f 2398 2408 2406
f 2400 2399 2405
f 2400 2405 2409
f 2405 2179 2409
f 2179 2164 2409
f 4047 4045 2404
f 2406 2411 2404
f 2411 2406 2407
f 2408 2407 2406
f 2408 2400 2409
f 2407 2409 2412
f 2409 2407 2408
f 2409 2164 2163
f 4047 2410 4044
f 2410 4047 2411
f 2416 2410 2411
f 2407 2416 2411
f 2447 2435 2453
f 2407 2412 2413
f 2413 2412 2163
f 2409 2163 2412
f 2414 4048 4044
f 2410 2418 2414
f 2416 2418 2410
f 2416 2415 2418
f 2416 2407 2413
f 2413 2415 2416
f 2417 2149 2415
f 2163 2417 2413
f 2413 2417 2415
f 4044 2410 2414
f 2420 2414 2421
f 2418 2421 2414
f 2418 2423 2421
f 2418 2415 2423
f 2415 2149 2160
f 4048 2414 2420
f 2429 2419 2420
f 2429 2420 2421
f 2429 2421 2427
f 2427 2423 2422
f 2423 2427 2421
f 2423 2319 2422
f 2423 2425 2319
f 2424 2319 2150
f 2415 2160 2425
f 2426 2431 2429
f 2426 2427 2428
f 2426 2429 2427
f 2428 2427 2422
f 2428 2422 2424
f 2422 2319 2424
f 2453 2446 2455
f 2150 2439 2424
f 2160 2151 2319
f 2419 2429 2431
f 2432 2426 2430
f 2428 2430 2426
f 2430 2428 2434
f 2424 2434 2428
f 2439 2434 2424
f 2431 2426 2432
f 4189 2432 2433
f 2432 2430 2433
f 2433 2430 2441
f 2430 2434 2441
f 2441 2434 2442
f 2434 2439 2442
f 2447 2453 2443
f 2447 2442 2439
f 2454 2444 2453
f 2453 2435 2436
f 2437 2438 2439
f 2440 2433 2448
f 2433 2441 2448
f 2448 2441 2449
f 2441 2442 2449
f 2449 2442 2443
f 2442 2447 2443
f 2453 2445 2451
f 2444 2445 2453
f 2453 2436 2446
f 2438 2435 2447
f 4189 2433 2440
f 2463 2448 2449
f 2461 2448 2463
f 2463 2449 2450
f 2449 2443 2458
f 2449 2458 2450
f 2458 2443 2452
f 2451 2452 2453
f 2453 2452 2443
f 2454 2453 2455
f 2436 2435 2459
f 2440 2448 2461
f 2456 2333 2461
f 2607 2456 2464
f 2464 2456 2463
f 2457 2464 2450
f 2458 2457 2450
f 2457 2458 2311
f 2452 2311 2458
f 2459 2315 2460
f 2314 2460 2315
f 2463 2456 2461
f 2462 2607 2464
f 2450 2464 2463
f 2464 2457 2462
f 2462 2457 2465
f 2457 2311 2465
f 2465 2311 2466
f 2587 2467 2595
f 2264 2587 2257
f 2473 2587 2264
f 2259 2596 2614
f 2466 2495 2468
f 2596 2606 2614
f 2470 2614 2611
f 2469 2614 2470
f 2469 2471 2472
f 2317 2472 2471
f 2317 2156 2472
f 2259 2595 2596
f 2582 2473 2583
f 2531 2474 2475
f 2507 2508 2511
f 2497 2478 2476
f 2261 2504 2509
f 2476 2478 3297
f 3297 2502 2477
f 3298 2477 2502
f 3297 2478 2502
f 2476 2479 2497
f 2497 2479 2480
f 2499 2481 2497
f 3279 2497 2482
f 2483 2485 3279
f 2483 2631 2485
f 4312 2485 2632
f 2484 4312 2632
f 3260 4312 2484
f 2631 2632 2485
f 2497 3279 2485
f 2497 2480 2482
f 2511 2486 2506
f 2500 2496 2486
f 2518 2511 2487
f 2525 2523 2528
f 2537 2488 2540
f 2572 2567 2489
f 2490 2491 2577
f 2491 4410 2576
f 4054 2613 4331
f 2613 4054 2607
f 2500 2492 2481
f 2474 2493 2494
f 2518 2512 2507
f 2530 2526 2524
f 2587 2473 2579
f 2495 2603 2468
f 2499 4312 2503
f 2496 2505 4336
f 2500 2505 2496
f 2499 2497 2485
f 2486 2508 2492
f 2497 2481 2501
f 2478 2501 2498
f 2240 2502 2498
f 4312 2499 2485
f 2499 4313 2505
f 2505 2500 2499
f 2500 2481 2499
f 2501 2478 2497
f 2492 2498 2501
f 2492 2501 2481
f 2478 2498 2502
f 2504 2261 2240
f 2503 4313 2499
f 2487 4335 2516
f 2492 2500 2486
f 2492 2508 2504
f 2509 2504 2508
f 2492 2504 2498
f 2498 2504 2240
f 4313 4336 2505
f 4336 4335 2496
f 2496 4335 2506
f 2486 2496 2506
f 2486 2511 2508
f 2514 2509 2507
f 2507 2509 2508
f 2236 2509 2246
f 2509 2236 2261
f 2522 2510 2517
f 2506 4335 2487
f 2487 2511 2506
f 2507 2511 2518
f 2513 2514 2512
f 2520 2247 2513
f 2512 2514 2507
f 2514 2513 2246
f 2246 2513 2247
f 2509 2514 2246
f 2516 2515 2522
f 2516 2522 2487
f 2522 2517 2487
f 2517 2519 2518
f 2517 2518 2487
f 2524 2519 2517
f 2519 2512 2518
f 2524 2526 2519
f 2520 2513 2512
f 2521 2247 2520
f 4320 2533 4318
f 2522 2527 2510
f 2529 2528 2533
f 2523 2510 2528
f 2523 2524 2517
f 2517 2510 2523
f 2519 2526 2520
f 2519 2520 2512
f 2526 2521 2520
f 2515 2527 2522
f 2528 2527 4334
f 2525 2524 2523
f 2525 2530 2524
f 2526 2530 2532
f 2526 2532 2234
f 2521 2526 2234
f 2527 2528 2510
f 2538 2536 4319
f 2535 2536 2538
f 2525 2528 2529
f 2529 2531 2525
f 2530 2525 2531
f 2530 2475 2532
f 2474 2243 2475
f 2530 2531 2475
f 2532 2243 2262
f 2243 2532 2475
f 2234 2532 2262
f 4334 2533 2528
f 2533 4320 2536
f 2533 2536 2529
f 2529 2535 2531
f 2535 2529 2536
f 2535 2493 2531
f 2493 2474 2531
f 2474 2248 2243
f 2553 4324 5342
f 2535 2534 2493
f 2538 2534 2535
f 2494 2493 2534
f 2542 2541 2494
f 2249 2248 2474
f 2249 2474 2494
f 4320 4319 2536
f 2537 4319 4322
f 4319 2537 2538
f 2538 2540 2534
f 2537 2540 2538
f 2534 2542 2494
f 2542 2534 2540
f 2544 2539 2541
f 2539 2249 2541
f 2537 4324 2488
f 2488 2543 2540
f 2540 2543 2542
f 2541 2542 2544
f 2542 2543 2544
f 2552 2551 2545
f 2494 2541 2249
f 2544 2546 2539
f 4322 4324 2537
f 2547 4324 2553
f 2559 4406 2557
f 2547 4406 2549
f 2488 2547 2543
f 2543 2547 2548
f 2544 2543 2552
f 2548 2552 2543
f 2544 2552 2545
f 2545 2546 2544
f 4324 2547 2488
f 2548 2547 2549
f 2552 2548 2550
f 2548 2549 2550
f 2550 2551 2552
f 2251 2551 2560
f 2553 4406 2547
f 2549 4406 2559
f 2549 2559 2554
f 2550 2549 2554
f 2551 2550 2555
f 2550 2554 2555
f 2545 2551 2251
f 2556 2557 4325
f 2567 2570 4327
f 2556 2559 2557
f 2556 2558 2554
f 2554 2559 2556
f 2558 2563 2555
f 2555 2554 2558
f 2555 2560 2551
f 2563 2561 2560
f 2560 2555 2563
f 2561 2562 2560
f 2251 2560 2562
f 2570 2556 2569
f 2566 2558 2570
f 2558 2556 2570
f 2563 2558 2566
f 2467 2602 2596
f 2563 2564 2561
f 2231 2564 2568
f 2562 2561 2231
f 2561 2564 2231
f 4325 2569 2556
f 2565 2566 2567
f 2566 2570 2567
f 2571 2566 2565
f 2566 2564 2563
f 2564 2566 2571
f 2253 2568 2571
f 2564 2571 2568
f 2569 4327 2570
f 4327 2489 2567
f 2572 2574 2567
f 2565 2567 2574
f 2574 2575 2571
f 2565 2574 2571
f 2253 2571 2575
f 2580 2489 4328
f 2580 2572 2489
f 2580 2573 2574
f 2580 2574 2572
f 2573 2582 2575
f 2582 2573 2579
f 2574 2573 2575
f 2253 2575 2263
f 2575 2583 2263
f 2576 2577 2491
f 2578 2580 2584
f 2578 2585 2580
f 2585 2579 2573
f 2585 2573 2580
f 2602 2581 2593
f 2579 2473 2582
f 2575 2582 2583
f 4328 2584 2580
f 4329 2589 2578
f 2585 2578 2589
f 2589 2586 2585
f 2579 2585 2586
f 2586 2588 2579
f 2591 2602 2604
f 2587 2579 2588
f 2583 2473 2264
f 4329 4410 2589
f 2584 4329 2578
f 4410 2590 2589
f 2589 2590 2586
f 2590 2592 2586
f 2586 2592 2588
f 2588 2467 2587
f 2467 2588 2592
f 2467 2599 2602
f 2605 2602 2591
f 2602 2594 2596
f 2257 2587 2595
f 4410 2491 2590
f 2491 2597 2590
f 2590 2597 2592
f 2597 2599 2592
f 2592 2599 2467
f 2602 2593 2594
f 2595 2467 2596
f 2612 2597 2491
f 2490 2612 2491
f 2597 2598 2599
f 2597 2612 2598
f 2599 2598 2603
f 2601 2603 2600
f 2601 2602 2603
f 2602 2599 2603
f 2604 2602 2601
f 2605 2581 2602
f 2594 2606 2596
f 2613 2490 4331
f 2607 2608 2613
f 2608 2612 2613
f 2609 2612 2608
f 2598 2612 2609
f 2609 2468 2603
f 2603 2598 2609
f 2495 2600 2603
f 2606 2610 2614
f 2611 2614 2610
f 2612 2490 2613
f 2462 2608 2607
f 2608 2462 2609
f 2462 2465 2609
f 2609 2465 2468
f 2465 2466 2468
f 2614 2469 2472
f 1973 2620 1972
f 2616 2615 2617
f 2710 2713 2617
f 2616 2617 4306
f 2618 4667 2707
f 2618 2707 2619
f 2620 2621 3190
f 3022 2645 2689
f 2691 2622 3012
f 2695 2691 2623
f 3036 3037 2624
f 3088 2625 2635
f 3175 3174 3125
f 2626 3253 3219
f 2633 3289 2277
f 2627 3295 3262
f 2634 3295 2627
f 3221 3155 3218
f 3141 3173 3204
f 2628 3244 3233
f 2629 2630 4337
f 2632 2631 2629
f 3124 3175 3126
f 2629 3260 2632
f 2633 2634 3289
f 2635 2625 3112
f 3088 2636 3086
f 2703 3047 3030
f 3009 2981 3030
f 2700 3012 2640
f 3012 2696 2637
f 2637 2638 3012
f 2639 3012 2622
f 2640 3012 2638
f 2700 2699 3019
f 2997 2699 2700
f 2645 2644 2641
f 2642 2643 2977
f 2644 2645 2688
f 3040 3069 3023
f 3069 3070 3042
f 2646 2685 2647
f 3138 3137 3121
f 2648 2977 2934
f 2649 3137 3108
f 2621 3170 3153
f 2643 2992 2934
f 3189 3153 3169
f 2650 2934 2978
f 2933 2935 2908
f 2926 2651 2927
f 2679 2872 2908
f 2663 2662 2742
f 4691 2736 4510
f 2663 2652 4691
f 2758 4720 2738
f 2653 2654 2763
f 2654 2776 2761
f 2773 4779 4778
f 2655 4811 2762
f 4811 2655 2778
f 2779 2656 2778
f 4829 2779 2805
f 4829 2658 2657
f 2805 2658 4829
f 4838 2657 2659
f 4839 2781 3431
f 2674 2660 2664
f 2678 2745 2772
f 2758 2676 2737
f 2768 2787 2741
f 4753 2661 2677
f 2742 2652 2663
f 2662 2663 4692
f 2660 2718 2664
f 2766 2821 2767
f 2765 2726 2767
f 2740 2727 2726
f 2665 2722 2727
f 2723 2674 2662
f 2717 2721 2665
f 4671 2666 2717
f 2665 2709 2717
f 2707 2714 2667
f 2619 2720 2666
f 2618 2619 2666
f 2705 2668 2716
f 2724 2669 2715
f 4490 2708 2668
f 2670 2668 4664
f 4490 2670 4661
f 2671 2672 2673
f 2753 2674 2664
f 2736 2757 2675
f 2675 2738 4720
f 2661 2737 2676
f 2756 2758 2744
f 2756 2745 2676
f 2661 2745 2678
f 2661 2678 2677
f 2677 2678 2759
f 2775 2759 2760
f 2773 2759 2791
f 2745 2661 2676
f 2800 2791 2775
f 2800 2814 2791
f 2801 2802 2828
f 2792 2814 2802
f 2679 2862 2828
f 2650 2967 2892
f 2991 2680 2681
f 2991 2682 2990
f 3002 2989 2683
f 3002 2686 2684
f 3002 2684 2685
f 2683 2686 3002
f 2647 2685 2684
f 2646 2687 2685
f 2688 2685 2687
f 3024 3002 2685
f 2645 2685 2688
f 2641 2689 2645
f 2690 2691 3022
f 2690 2692 2691
f 3022 3033 3041
f 2691 2692 2693
f 2693 2623 2691
f 2694 2622 2691
f 2691 2695 2694
f 2696 3012 2697
f 2639 2697 3012
f 2700 2640 2698
f 2699 2986 3019
f 2700 2698 2701
f 2651 2926 3017
f 3029 2702 2703
f 2671 2983 2926
f 2983 2673 2702
f 2885 2850 2937
f 2672 2704 2796
f 2837 2766 2704
f 2766 2783 2796
f 2726 2722 2783
f 4490 2668 2670
f 2713 2710 2711
f 4664 2668 2705
f 4663 2705 4667
f 2615 2706 2617
f 2705 2707 4667
f 2708 4490 2617
f 4490 4306 2617
f 2708 2617 2713
f 2715 2716 2668
f 2715 2668 2708
f 2705 2716 2707
f 2713 2715 2708
f 2709 4671 2717
f 2720 2717 2666
f 2709 2665 2727
f 2706 2710 2617
f 2712 2713 2711
f 2712 2719 2729
f 2724 2715 2713
f 2716 2714 2707
f 2669 2716 2715
f 2667 2619 2707
f 2716 2669 2714
f 2727 4685 4674
f 2727 4674 2709
f 2667 2720 2619
f 2720 2721 2717
f 4685 2718 2660
f 2729 2719 2728
f 2712 2729 2713
f 2721 2720 2734
f 2718 4685 2727
f 2734 2720 2667
f 2665 2721 2722
f 2674 2723 2660
f 4692 2723 2662
f 2729 2724 2713
f 2729 2730 2724
f 2669 2725 2714
f 2731 2669 2724
f 2669 2731 2725
f 2714 2725 2667
f 2722 2721 2735
f 2664 2718 2740
f 2735 2721 2734
f 2674 2753 2662
f 2726 2727 2722
f 2718 2727 2740
f 4691 2652 2736
f 2728 2739 2729
f 2730 2731 2724
f 2732 2667 2725
f 2735 2734 2733
f 2733 2667 2732
f 2733 2734 2667
f 2664 2751 2753
f 2735 2783 2722
f 2740 2751 2664
f 4510 2736 2675
f 2736 2741 2757
f 2737 4720 2758
f 2675 2757 2738
f 2739 2730 2729
f 2739 2764 2730
f 2725 2731 2747
f 2725 2747 2732
f 2783 2735 2797
f 2751 2740 2765
f 2735 2733 2797
f 2726 2783 2767
f 2662 2748 2784
f 2740 2726 2765
f 2742 2784 2768
f 2652 2768 2741
f 2810 2743 2789
f 2662 2753 2748
f 2784 2742 2662
f 2743 2744 2738
f 2768 2652 2742
f 2741 2736 2652
f 2788 2745 2756
f 4778 2677 2759
f 2739 4398 2794
f 2730 2764 2731
f 2731 2746 2747
f 2746 2731 2764
f 2751 2808 2752
f 2753 2752 2748
f 2749 2840 2750
f 2765 2808 2751
f 2751 2752 2753
f 2757 2789 2743
f 2754 2744 2743
f 2755 2756 2744
f 2757 2741 2789
f 2757 2743 2738
f 2758 2738 2744
f 2775 2790 2771
f 2756 2676 2758
f 2654 4779 2773
f 2773 4778 2759
f 2760 2678 2772
f 2759 2678 2760
f 2761 2763 2654
f 2655 2762 2774
f 2763 2774 2762
f 2761 2774 2763
f 2656 2779 4829
f 2656 4811 2778
f 2659 2781 4838
f 2658 2659 2657
f 3431 2781 2793
f 3431 5239 4839
f 2764 2739 2794
f 2765 2821 2808
f 2767 2783 2766
f 2748 2786 2769
f 2765 2767 2821
f 2770 2768 2784
f 2786 2748 2752
f 2770 2784 2769
f 2755 2754 2811
f 2768 2770 2787
f 2741 2787 2789
f 2813 2827 2771
f 2760 2772 2790
f 2776 2654 2773
f 2774 2761 2803
f 2775 2791 2759
f 2655 2774 2804
f 2773 2791 2776
f 2803 2761 2792
f 2777 2778 2655
f 2774 2803 2804
f 2805 2779 2834
f 2659 2658 2780
f 3472 2781 2659
f 2780 3472 2659
f 2764 2794 2746
f 2747 2836 2732
f 2782 2733 2732
f 2732 2836 2782
f 2782 2797 2733
f 2796 2783 2797
f 2798 2769 2786
f 2769 2784 2748
f 2752 2785 2786
f 2812 2839 2867
f 2789 2787 2750
f 2788 2755 2825
f 2750 2810 2789
f 2772 2788 2824
f 2754 2743 2810
f 2744 2754 2755
f 2756 2755 2788
f 2772 2745 2788
f 2790 2775 2760
f 2776 2791 2792
f 2833 2778 2816
f 2804 2777 2655
f 2805 2834 2806
f 2816 2778 2777
f 2833 2779 2778
f 2806 2780 2658
f 3472 2793 2781
f 2746 2794 2807
f 2794 4398 2807
f 2747 2746 2795
f 2747 2795 2836
f 2796 2797 2849
f 2797 2782 2849
f 2786 2785 2852
f 2785 2752 2808
f 2799 2770 2769
f 2749 2787 2770
f 2852 2798 2786
f 2798 2799 2769
f 2811 2812 2868
f 2749 2770 2799
f 2787 2749 2750
f 2790 2772 2813
f 2879 2891 2880
f 2771 2846 2800
f 2801 2803 2792
f 2792 2761 2776
f 2775 2771 2800
f 2804 2803 2817
f 2801 2792 2802
f 2791 2814 2792
f 2818 2816 2777
f 2803 2801 2817
f 2815 2833 2816
f 2777 2804 2818
f 2833 2834 2779
f 2780 2806 2819
f 2780 2819 3471
f 2805 2806 2658
f 3471 3472 2780
f 2746 2835 2795
f 2835 2746 2807
f 2808 2821 2820
f 2785 2808 2809
f 2809 2808 2820
f 2852 2785 2809
f 2839 2810 2750
f 2812 2754 2810
f 2811 2843 2825
f 2750 2840 2839
f 2866 2858 2823
f 2839 2812 2810
f 2811 2754 2812
f 2903 2921 2965
f 2825 2755 2811
f 2825 2824 2788
f 2772 2824 2813
f 2814 2846 2845
f 2771 2790 2813
f 2846 2814 2800
f 2815 2816 2829
f 2817 2818 2804
f 2829 2816 2818
f 2806 2834 2847
f 2831 2847 2834
f 3489 3471 2819
f 2847 2819 2806
f 2704 2766 2796
f 2852 2838 2798
f 2837 2820 2821
f 2822 2799 2798
f 2855 2749 2799
f 2890 2888 2887
f 2838 2822 2798
f 2822 2855 2799
f 2855 2840 2749
f 2823 2824 2825
f 2869 2813 2824
f 2945 2965 2826
f 2870 2846 2827
f 2872 2828 2844
f 2771 2827 2846
f 2817 2801 2862
f 2828 2802 2844
f 2845 2802 2814
f 2830 2829 2818
f 2801 2828 2862
f 2860 2815 2829
f 2818 2817 2830
f 2815 2831 2833
f 2832 2819 2847
f 2833 2831 2834
f 2807 4400 2835
f 2795 2883 2836
f 2850 2782 2836
f 2883 2850 2836
f 2849 2782 2850
f 2837 2821 2766
f 2849 2672 2796
f 2822 2838 2854
f 2841 2840 2855
f 2841 2839 2840
f 2865 2866 2843
f 2839 2841 2867
f 2857 2858 2842
f 2867 2868 2812
f 2868 2843 2811
f 2878 2827 2869
f 2843 2823 2825
f 2823 2869 2824
f 2845 2870 2880
f 2827 2813 2869
f 2844 2802 2845
f 2845 2846 2870
f 2860 2829 2861
f 2862 2830 2817
f 2861 2829 2830
f 2847 2831 2848
f 2863 2848 2831
f 2832 3489 2819
f 2832 2847 2848
f 3521 3489 2832
f 2896 2795 2835
f 2795 2896 2883
f 2885 2672 2849
f 2849 2850 2885
f 2809 2851 2852
f 2852 2853 2838
f 2854 2875 2889
f 2960 2962 2958
f 2854 2855 2822
f 2853 2852 2851
f 2854 2838 2853
f 2887 2941 2890
f 2854 2841 2855
f 2856 2904 2857
f 2869 2858 2878
f 2870 2871 2880
f 2891 2844 2880
f 2827 2878 2870
f 2891 2872 2844
f 2880 2844 2845
f 2859 2861 2830
f 2828 2872 2679
f 2873 2860 2861
f 2830 2862 2859
f 2860 2863 2815
f 2864 2832 2848
f 2815 2863 2831
f 4400 2898 2835
f 2837 2912 2820
f 2820 2913 2809
f 2912 2913 2820
f 2851 2809 2913
f 2854 2853 2928
f 2841 2889 2888
f 2841 2854 2889
f 2868 2888 2865
f 2888 2867 2841
f 2890 2842 2866
f 2888 2868 2867
f 2868 2865 2843
f 2877 2904 2856
f 2843 2866 2823
f 2878 2857 2871
f 2869 2823 2858
f 2907 2906 2891
f 2870 2878 2871
f 2906 2872 2891
f 2860 2873 2895
f 2679 2859 2862
f 2893 2861 2859
f 2848 2863 2894
f 2874 2864 2848
f 2895 2894 2863
f 2864 3521 2832
f 2894 2874 2848
f 4400 2910 2898
f 2835 2898 2896
f 2704 2671 2927
f 2837 2927 2912
f 2854 2928 2875
f 2919 2918 2876
f 2905 2877 2921
f 2871 2904 2879
f 2857 2878 2858
f 2879 2880 2871
f 2881 2893 2859
f 2872 2906 2908
f 2893 2873 2861
f 2881 2859 2679
f 2873 2893 2882
f 2860 2895 2863
f 2883 2937 2850
f 2883 2896 2884
f 2883 2884 2937
f 2927 2837 2704
f 2671 2704 2672
f 2672 2885 2673
f 2900 2940 2886
f 2889 2886 2887
f 2886 2889 2875
f 2888 2889 2887
f 2916 2918 2920
f 2920 2842 2890
f 2890 2865 2888
f 2866 2865 2890
f 2858 2866 2842
f 2965 2921 2929
f 2879 2905 2907
f 2871 2857 2904
f 2906 2922 2933
f 2879 2907 2891
f 2882 2893 2892
f 2873 2882 2925
f 2908 2881 2679
f 2892 2893 2881
f 2874 2894 2909
f 2925 2936 2895
f 2896 2897 2884
f 2897 2896 2898
f 2673 2885 2899
f 2899 2885 2937
f 2851 2913 2949
f 2982 2912 2651
f 2901 2928 2853
f 2900 2938 2940
f 2851 2901 2853
f 2956 2902 2957
f 2920 2918 2856
f 2856 2857 2842
f 2907 2903 2922
f 2904 2905 2879
f 2906 2907 2922
f 2906 2933 2908
f 2892 2935 2650
f 2935 2881 2908
f 2895 2936 2894
f 2873 2925 2895
f 2936 2909 2894
f 2897 2898 2911
f 2898 2910 2911
f 2912 2982 2913
f 2949 2901 2851
f 2913 2982 2949
f 2914 2958 2959
f 2875 2900 2886
f 2940 2887 2886
f 2961 2963 2920
f 2940 2941 2887
f 2920 2915 2916
f 2918 2917 2876
f 2890 2941 2920
f 2918 2919 2877
f 2842 2920 2856
f 2942 2921 2919
f 2904 2877 2905
f 2922 2976 2923
f 2907 2905 2903
f 2923 2648 2933
f 2935 2892 2881
f 2925 2882 2968
f 2936 2924 3591
f 2967 2968 2882
f 2925 2968 2924
f 2909 2936 3591
f 2651 2912 2927
f 2673 2983 2671
f 2671 2926 2927
f 2900 2875 2953
f 2901 2953 2928
f 2938 2972 2956
f 2953 2875 2928
f 2877 2856 2918
f 2964 2929 2921
f 2921 2903 2905
f 2930 2931 2965
f 2932 2680 2991
f 2976 2922 2903
f 2648 2650 2935
f 2933 2922 2923
f 2650 2648 2934
f 2935 2933 2648
f 2892 2967 2882
f 2925 2924 2936
f 2884 2897 3008
f 2884 3008 2937
f 2673 2899 2702
f 2938 2988 2954
f 2939 2956 2955
f 2900 2950 2938
f 2956 2940 2938
f 2958 2941 2940
f 2940 2956 2958
f 2920 2941 2958
f 2942 2943 2921
f 2877 2919 2921
f 2929 2944 2965
f 2945 2930 2965
f 2976 2903 2965
f 2946 2932 2991
f 2978 2994 2967
f 2968 2947 2924
f 2650 2978 2967
f 2947 2980 2924
f 2968 2994 2947
f 3591 2924 2980
f 4401 2911 2910
f 2897 2948 3008
f 2948 2897 2911
f 2702 2899 2624
f 2952 2949 2982
f 2899 2937 2624
f 2985 2901 2949
f 2986 2953 2985
f 2950 2953 2986
f 2997 2971 2951
f 2952 2985 2949
f 2953 2901 2985
f 2954 2973 2938
f 2953 2950 2900
f 2955 2956 2972
f 2974 2902 2956
f 2959 2956 2957
f 2958 2956 2959
f 2960 2958 2914
f 2961 2958 2962
f 2920 2958 2961
f 2915 2920 2963
f 2916 2917 2918
f 2943 2964 2921
f 2965 2975 2826
f 2965 2931 2966
f 2965 2946 2991
f 2923 2976 2991
f 2991 2977 2923
f 2994 2979 2947
f 2967 2994 2968
f 2948 2911 2969
f 2911 4401 2969
f 2981 3017 2926
f 2982 2651 2970
f 3011 2986 2985
f 2997 2987 2971
f 2950 2997 2938
f 2997 2988 2938
f 2950 2699 2997
f 2972 2938 2973
f 2974 2956 2939
f 2944 2975 2965
f 2946 2965 2966
f 2976 2965 2991
f 2681 2682 2991
f 2923 2977 2648
f 2934 2977 2643
f 2978 2934 2992
f 2979 3004 2980
f 2994 2993 2979
f 2980 2947 2979
f 3036 2937 3008
f 3036 2624 2937
f 2981 2926 2983
f 2952 2982 2970
f 2970 2651 3017
f 2702 3029 2983
f 2983 3029 2981
f 2997 2996 2984
f 2952 3011 2985
f 2986 2699 2950
f 2997 2984 2987
f 2988 2997 2951
f 3002 2990 2989
f 3002 2991 2990
f 3001 2992 2643
f 2977 2991 2642
f 2992 2993 2978
f 2993 3005 2979
f 2978 2993 2994
f 2703 2624 3037
f 2624 2703 2702
f 2997 2995 2996
f 2999 2997 2998
f 2999 2995 2997
f 2998 2997 3000
f 3000 2997 2700
f 2701 3000 2700
f 3014 3024 2685
f 2992 3001 3035
f 3002 2642 2991
f 3026 2643 2642
f 2993 3035 3005
f 3003 3004 3005
f 3005 3004 2979
f 3006 2969 4401
f 2969 3006 3045
f 3045 2948 2969
f 3008 3045 3007
f 2948 3045 3008
f 3009 3010 2970
f 3010 3020 3011
f 2986 3020 3019
f 3010 2952 2970
f 3010 3011 2952
f 3020 2986 3011
f 3015 3012 3018
f 3013 2691 3015
f 2700 3018 3012
f 2691 3013 3033
f 2645 3014 2685
f 3012 3015 2691
f 3002 3024 3016
f 2691 3033 3022
f 2642 3002 3025
f 2645 3041 3014
f 3026 3001 2643
f 3025 3002 3016
f 3001 3026 3061
f 2992 3035 2993
f 3017 2981 3009
f 2970 3017 3009
f 3021 3019 3039
f 2700 3021 3018
f 3039 3019 3020
f 2700 3019 3021
f 3058 3040 3041
f 3024 3014 3023
f 3041 2645 3022
f 3061 3026 3027
f 3023 3016 3024
f 3061 3044 3001
f 3025 3026 2642
f 3026 3025 3027
f 3035 3028 3034
f 3035 3044 3028
f 3035 3003 3005
f 3034 3003 3035
f 2703 3030 3029
f 3031 3010 3050
f 2981 3029 3030
f 3020 3031 3039
f 3050 3010 3009
f 3031 3020 3010
f 3051 3018 3052
f 3015 3051 3055
f 3052 3018 3021
f 3013 3055 3032
f 3033 3032 3058
f 3015 3018 3051
f 3013 3015 3055
f 3071 3025 3016
f 3033 3013 3032
f 3069 3042 3023
f 3041 3033 3058
f 3014 3040 3023
f 3016 3042 3071
f 3063 3034 3028
f 3001 3044 3035
f 3008 3007 3036
f 3037 3047 2703
f 3009 3065 3050
f 3065 3009 3030
f 3053 3039 3038
f 3052 3021 3053
f 3091 3053 3038
f 3038 3039 3031
f 3053 3021 3039
f 3054 3040 3058
f 3040 3014 3041
f 3042 3016 3023
f 3043 3062 3027
f 3071 3027 3025
f 3073 3028 3044
f 3027 3071 3043
f 3061 3027 3062
f 3060 3073 3044
f 3028 3073 3083
f 3046 3045 3006
f 3036 3007 3037
f 3045 3046 3007
f 3030 3047 3066
f 3030 3066 3065
f 3048 3050 3067
f 3038 3031 3048
f 3067 3050 3065
f 3091 3049 3053
f 3048 3031 3050
f 3052 3049 3077
f 3055 3051 3059
f 3049 3052 3053
f 3080 3054 3056
f 3032 3055 3056
f 3077 3057 3051
f 3058 3032 3054
f 3059 3051 3057
f 3059 3056 3055
f 3056 3054 3032
f 3071 3042 3070
f 3069 3040 3054
f 3062 3060 3061
f 3060 3062 3099
f 3061 3060 3044
f 3028 3083 3063
f 3063 3083 3738
f 3006 3064 3046
f 3111 3064 3006
f 3126 3046 3064
f 3076 3065 3066
f 3007 2625 3037
f 3067 3065 3076
f 3037 2625 3047
f 3068 3102 3048
f 3038 3102 3091
f 3102 3038 3048
f 3095 3059 3057
f 3077 3051 3052
f 3069 3054 3072
f 3070 3069 3072
f 3079 3072 3078
f 3072 3054 3080
f 3070 3043 3071
f 3070 3072 3082
f 3099 3075 3060
f 3073 3074 3083
f 3062 3043 3099
f 3074 3084 3083
f 3073 3075 3074
f 2625 3007 3112
f 3046 3112 3007
f 3088 3047 2625
f 3088 3066 3047
f 3067 3087 3068
f 3067 3076 3087
f 3068 3048 3067
f 3090 3049 3091
f 3077 3049 3092
f 3092 3057 3077
f 3059 3095 3056
f 3090 3092 3049
f 3080 3056 3081
f 3092 3095 3057
f 3078 3072 3080
f 3095 3081 3056
f 3082 3072 3079
f 3078 3080 3081
f 3082 3043 3070
f 3082 3099 3043
f 3099 3082 3098
f 3060 3075 3073
f 3083 3084 3738
f 3064 3111 3085
f 3126 3085 3124
f 3112 3046 3126
f 3076 3086 3087
f 3066 3088 3086
f 3086 3076 3066
f 3115 3089 3114
f 3091 3102 3089
f 3090 3091 3089
f 3090 3104 3092
f 3114 3089 3102
f 3092 3093 3095
f 3089 3104 3090
f 3092 3104 3093
f 3094 3081 3095
f 3081 3096 3078
f 3093 3094 3095
f 3081 3094 3096
f 3097 3079 3078
f 3097 3078 3096
f 3109 3108 3137
f 3079 3098 3082
f 3097 3108 3079
f 3098 3075 3099
f 3108 3098 3079
f 3074 3110 3795
f 3074 3795 3084
f 3075 3109 3110
f 3111 4403 3100
f 3064 3085 3126
f 3088 2635 2636
f 3127 3101 3087
f 3127 3087 3086
f 3114 3102 3068
f 3101 3114 3068
f 3089 3103 3104
f 3105 3093 3104
f 3089 3115 3103
f 3106 3094 3093
f 3103 3105 3104
f 3094 3118 3096
f 3117 3134 3133
f 3093 3105 3106
f 3107 3097 3096
f 3106 3118 3094
f 2649 3108 3097
f 3096 3118 3107
f 3108 3109 3098
f 3107 2649 3097
f 3137 3110 3109
f 3139 3795 3110
f 3075 3110 3074
f 3098 3109 3075
f 3100 3085 3111
f 3100 3140 3085
f 3126 3125 3112
f 3113 3127 3086
f 2635 3112 3125
f 3158 3113 2636
f 3113 3086 2636
f 3101 3116 3114
f 3101 3068 3087
f 3114 3130 3115
f 3132 3103 3115
f 3114 3116 3130
f 3119 3105 3103
f 3130 3132 3115
f 3105 3117 3106
f 3103 3132 3119
f 3133 3118 3106
f 3105 3119 3117
f 3106 3117 3133
f 3107 3120 3123
f 3118 3120 3107
f 3123 3121 2649
f 3122 3168 3169
f 3107 3123 2649
f 3137 2649 3121
f 3110 3138 3139
f 3140 3100 4403
f 3085 3140 3124
f 3158 2635 3125
f 3125 3126 3175
f 3174 3158 3125
f 2636 2635 3158
f 3101 3127 3128
f 3101 3143 3116
f 3113 3128 3127
f 3129 3131 3160
f 3128 3143 3101
f 3131 3130 3116
f 3116 3143 3131
f 3129 3132 3130
f 3132 3144 3119
f 3131 3129 3130
f 3132 3129 3144
f 3163 3117 3119
f 3144 3163 3119
f 3134 3150 3133
f 3117 3163 3134
f 3152 3151 3166
f 3150 3151 3120
f 3133 3120 3118
f 3136 3123 3151
f 3120 3133 3150
f 3123 3120 3151
f 3121 3136 3135
f 3168 3135 3136
f 3123 3136 3121
f 3139 3138 3826
f 3137 3138 3110
f 3826 3795 3139
f 3173 3140 4403
f 3140 3141 3124
f 3128 3113 3157
f 3158 3157 3113
f 3142 3131 3143
f 3128 3142 3143
f 3129 3146 3144
f 3142 3160 3131
f 3129 3160 3146
f 3145 3163 3144
f 3146 3182 3145
f 3146 3145 3144
f 3147 3148 3134
f 3134 3163 3147
f 3148 3166 3150
f 3150 3134 3148
f 3152 3149 3167
f 3166 3151 3150
f 3136 3152 3168
f 3136 3151 3152
f 3168 3122 3135
f 3153 3826 3138
f 3121 3135 3138
f 3138 3122 3153
f 4403 3203 3154
f 3154 3173 4403
f 3124 3141 3156
f 3173 3141 3140
f 3155 3175 3156
f 3124 3156 3175
f 3128 3157 3176
f 3191 3157 3158
f 3179 3142 3128
f 3142 3159 3160
f 3176 3179 3128
f 3146 3160 3161
f 3184 3161 3197
f 3142 3179 3159
f 3162 3197 3159
f 3159 3161 3160
f 3182 3185 3145
f 3145 3147 3163
f 3185 3187 3147
f 3147 3145 3185
f 3148 3187 3165
f 3148 3147 3187
f 3149 3166 3165
f 3164 3149 3186
f 3165 3166 3148
f 3152 3166 3149
f 3169 3167 3202
f 3168 3167 3169
f 3168 3152 3167
f 3153 3189 2621
f 3135 3122 3138
f 3122 3169 3153
f 3170 3826 3153
f 3203 2628 3171
f 3173 3154 3172
f 3173 3172 3204
f 3191 3177 3157
f 3191 3158 3174
f 3155 3174 3175
f 3178 3177 3194
f 3155 3191 3174
f 3178 3176 3157
f 3176 3180 3179
f 3177 3178 3157
f 3159 3179 3162
f 3162 3193 3195
f 3176 3178 3180
f 3197 3161 3159
f 3179 3180 3162
f 3181 3182 3184
f 3161 3182 3146
f 3181 3211 3183
f 3182 3161 3184
f 3185 3181 3198
f 3185 3182 3181
f 3199 3187 3198
f 3187 3185 3198
f 3199 3188 3186
f 3165 3199 3186
f 3199 3165 3187
f 3186 3149 3165
f 3188 3200 3186
f 3189 3202 3190
f 3164 3202 3167
f 3189 3169 3202
f 3156 3141 3218
f 3141 3204 3218
f 3191 3155 3222
f 3155 3156 3218
f 3205 3177 3191
f 3222 3205 3191
f 3178 3192 3180
f 3205 3194 3177
f 3193 3162 3180
f 3178 3194 3192
f 3180 3192 3193
f 3195 3196 3197
f 3197 3162 3195
f 3184 3196 3211
f 3196 3184 3197
f 3181 3184 3211
f 3212 3198 3183
f 3183 3198 3181
f 3212 3199 3198
f 3212 3188 3199
f 3200 3164 3186
f 3164 3214 3202
f 3149 3164 3167
f 1971 3214 3201
f 3164 3200 3214
f 3202 3214 3190
f 2621 3189 3190
f 3154 3203 3171
f 3244 3203 3243
f 3154 3171 3172
f 3204 3172 3220
f 3172 3171 3220
f 3218 3204 3220
f 3224 3222 3223
f 3224 3205 3222
f 3221 3222 3155
f 3205 3206 3194
f 3192 3194 3225
f 3205 3224 3206
f 3206 3234 3225
f 3206 3225 3194
f 3207 3208 3193
f 3193 3192 3207
f 3209 3195 3208
f 3195 3193 3208
f 3196 3209 3227
f 3196 3195 3209
f 3210 3211 3227
f 3227 3211 3196
f 3213 3210 3241
f 3229 3241 3210
f 3210 3183 3211
f 3213 3212 3183
f 3210 3213 3183
f 3188 3212 3232
f 3213 3232 3212
f 3215 3200 3188
f 3232 3215 3188
f 3215 2119 3216
f 3216 3214 3200
f 3200 3215 3216
f 3201 3214 3216
f 1971 3190 3214
f 1972 3190 1971
f 1972 2620 3190
f 3203 3244 2628
f 3217 3220 3171
f 3171 2628 3217
f 3218 3220 3246
f 2626 3219 3246
f 3217 3246 3220
f 3219 3218 3246
f 3247 3222 3221
f 3221 3218 3219
f 3247 3223 3222
f 3235 3224 3223
f 3225 3234 3237
f 3224 3234 3206
f 3237 3240 3207
f 3225 3207 3192
f 3228 3208 3240
f 3207 3225 3237
f 3228 3238 3226
f 3240 3208 3207
f 3209 3228 3230
f 3229 3227 3230
f 3209 3208 3228
f 3249 3230 3226
f 3210 3227 3229
f 3230 3227 3209
f 3213 3231 3232
f 3241 3231 3213
f 3231 2286 2132
f 3232 3231 2132
f 2131 3232 2132
f 3215 2131 2119
f 2119 3201 3216
f 3217 2628 3233
f 3253 3247 3221
f 3253 3221 3219
f 3258 3237 3234
f 3234 3224 3235
f 3236 3240 3258
f 3239 3238 3236
f 3240 3236 3238
f 3258 3240 3237
f 3238 3239 3266
f 3238 3228 3240
f 3229 3230 3249
f 3250 3252 3259
f 3252 3241 3229
f 3249 3252 3229
f 3241 3251 3231
f 3241 3252 3251
f 3215 3232 2131
f 3243 4337 2630
f 2630 3242 3243
f 3242 3244 3243
f 3242 3233 3244
f 3245 3246 3217
f 3281 3263 2626
f 3246 3245 2626
f 3223 3247 3257
f 3247 3253 3257
f 3248 3234 3235
f 3235 3223 3256
f 3248 3265 3271
f 3248 3258 3234
f 3226 3238 3266
f 3226 3269 3249
f 3228 3226 3230
f 3226 3266 3269
f 3259 3252 3249
f 3250 3251 3252
f 3251 2286 3231
f 3242 3275 3233
f 3217 3275 2627
f 3275 3217 3233
f 3245 3217 2627
f 3257 3253 3263
f 3281 2626 3254
f 3273 3257 3255
f 3253 2626 3263
f 3264 3235 3256
f 3257 3256 3223
f 3264 3248 3235
f 3258 3248 3271
f 3236 3258 3272
f 3239 3236 3272
f 3271 3272 3258
f 3269 3266 3267
f 2271 3259 3249
f 2629 4337 3260
f 3242 2630 3261
f 3261 3275 3242
f 2626 3245 3254
f 2627 3262 3245
f 3254 3245 3262
f 3263 3255 3257
f 3256 3257 3273
f 3273 3264 3256
f 3248 3264 3265
f 3270 3265 3264
f 3268 3266 3239
f 3272 3268 3239
f 3267 3266 3268
f 3267 2271 3269
f 3269 2271 3249
f 3281 3283 3263
f 3263 3283 3284
f 3255 3263 3284
f 3273 3270 3264
f 3285 3270 3273
f 3271 2268 3272
f 2268 2269 3272
f 3268 3272 2269
f 3261 3280 3288
f 3280 3261 2630
f 3288 3275 3261
f 3281 3254 3290
f 3255 3285 3273
f 3277 2268 3271
f 3271 3265 3277
f 2630 2629 3274
f 3280 2630 3274
f 3288 2634 3275
f 3275 2634 2627
f 3282 3281 3290
f 3278 3270 3276
f 3278 3277 3265
f 3265 3270 3278
f 3279 3274 2631
f 3274 2629 2631
f 3293 3254 3295
f 3254 3262 3295
f 3290 3254 3293
f 3255 2273 3285
f 3255 3284 2273
f 3279 2480 3274
f 3274 2480 3286
f 3280 3274 3286
f 3283 2275 3284
f 3281 3282 3283
f 3283 3282 2275
f 2273 3284 2275
f 2273 3276 3285
f 3285 3276 3270
f 2480 2476 3286
f 3288 3280 3287
f 3280 3286 3287
f 2634 3288 3289
f 3293 3282 3290
f 3286 2476 3287
f 2476 3291 3287
f 3288 3287 3289
f 3282 3293 3292
f 3295 3292 3293
f 3289 3287 3294
f 3287 3291 3294
f 2634 2633 3295
f 3295 2633 3296
f 3292 3295 3296
f 2476 3297 3291
f 3291 3297 3294
f 3294 2277 3289
f 2277 3296 2633
f 3294 3297 3299
f 2277 3294 3299
f 3297 3298 3299
f 3939 3300 3938
f 3843 3842 3884
f 3301 3875 3302
f 3946 3300 3939
f 3961 2185 2324
f 3303 3938 3304
f 2293 3303 3304
f 3767 3305 3810
f 3604 3682 3705
f 3306 3597 3578
f 3661 3662 3641
f 3642 3597 3683
f 3537 3351 3613
f 3451 3350 3410
f 3346 3390 3344
f 3327 3373 3337
f 3559 3558 3536
f 3342 3350 3341
f 3631 3307 3606
f 3582 3558 3307
f 3630 3654 3617
f 3712 3686 3711
f 3807 3777 3308
f 3777 3764 3751
f 2621 3309 3170
f 3824 3309 3836
f 3873 2620 1973
f 3732 3730 3731
f 3606 3645 3614
f 3545 3536 3582
f 3310 3509 3510
f 3369 3325 3311
f 3338 3325 3387
f 3424 3416 3312
f 3418 3423 3427
f 3313 3423 3422
f 3314 3430 3315
f 3316 3317 3468
f 3470 3318 3446
f 3318 3319 3444
f 3444 3317 3320
f 3314 3321 3430
f 3315 3316 3468
f 3419 3424 3418
f 3423 3313 3427
f 3416 3402 3312
f 3409 3346 3411
f 3397 3340 3322
f 3437 3403 3402
f 3311 3400 3323
f 3326 3328 3324
f 3327 3324 3328
f 3325 3372 3387
f 3372 3325 3369
f 3376 3328 3326
f 3377 3326 3393
f 3327 3332 3368
f 3373 3327 3368
f 3328 3333 3332
f 3399 3386 3329
f 3365 3330 3332
f 3336 4096 3331
f 3365 3332 3333
f 4865 3334 3364
f 4865 3366 3370
f 4865 4863 3334
f 3331 3335 3336
f 3366 3365 3333
f 3337 3311 3323
f 3338 3387 3379
f 3338 3394 3325
f 3395 3394 3398
f 3388 3340 3339
f 3340 3379 3339
f 3397 3415 3398
f 3397 3338 3379
f 3341 3388 3342
f 3342 3390 3343
f 3390 3346 3343
f 3388 3341 3340
f 3344 3345 3346
f 3349 3322 3341
f 3342 3343 3410
f 3347 3348 3461
f 3349 3350 3436
f 3716 3725 3662
f 3508 3347 3436
f 3436 3451 3463
f 3507 3348 3537
f 3351 3348 3508
f 3352 3543 3537
f 3670 3578 3352
f 3682 3683 3353
f 3354 3716 3705
f 3725 3355 3356
f 3357 3782 3810
f 3840 3781 3357
f 3358 3808 3840
f 3359 4029 3898
f 3360 4180 3361
f 3914 3360 3361
f 4865 3364 3366
f 3331 3362 3363
f 3364 3365 3366
f 3330 3368 3332
f 3370 3331 4865
f 4865 3331 4096
f 3367 3362 3331
f 3370 3380 3331
f 3376 3374 3366
f 3370 3366 3374
f 3376 3366 3333
f 3368 3371 3373
f 3376 3333 3328
f 3332 3327 3328
f 3371 3369 3373
f 3363 3335 3331
f 3380 3367 3331
f 3380 3370 3374
f 3371 3372 3369
f 3369 3337 3373
f 3381 3386 3383
f 3374 3377 3375
f 3374 3375 3380
f 3374 3376 3377
f 3377 3376 3326
f 3337 3324 3327
f 3311 3337 3369
f 3378 3339 3379
f 3367 3380 3381
f 3382 3383 3386
f 3384 3386 3385
f 3386 3381 3380
f 3379 3387 3378
f 3324 3337 3323
f 3325 3394 3311
f 3388 3339 3389
f 3390 3342 3389
f 3388 3389 3342
f 3386 3380 3375
f 3382 3386 3384
f 3329 3391 3392
f 3375 3404 3386
f 3391 3459 3434
f 3375 3377 3413
f 3393 3413 3377
f 3326 3324 3393
f 3394 3400 3311
f 3395 3396 3400
f 3398 3394 3338
f 3338 3397 3398
f 3397 3379 3340
f 3385 3386 3399
f 3404 3375 3413
f 3393 3324 3406
f 3400 3401 3323
f 3324 3401 3406
f 3401 3324 3323
f 3395 3400 3394
f 3403 3345 3344
f 3340 3341 3322
f 3402 3416 3437
f 3403 3437 3420
f 3329 3386 3404
f 3391 3329 3404
f 3413 3393 3405
f 3450 3405 3406
f 3406 3405 3393
f 3406 3401 3449
f 3396 3401 3400
f 3407 3408 3414
f 3398 3407 3395
f 3343 3346 3409
f 3407 3398 3415
f 3397 3322 3415
f 3420 3345 3403
f 3342 3410 3350
f 3312 3412 3424
f 3410 3343 3409
f 3412 3418 3424
f 3345 3420 3411
f 3423 3418 3412
f 3391 3433 3392
f 3404 3413 3391
f 3413 3405 3459
f 3413 3459 3391
f 3460 3473 3459
f 3414 3474 3395
f 3415 3322 3461
f 3345 3411 3346
f 3461 3322 3349
f 3437 3454 3420
f 3341 3350 3349
f 3451 3410 3462
f 3455 3416 3417
f 3418 3427 3419
f 3454 3453 3420
f 3422 3421 3313
f 3455 3437 3416
f 3426 3422 3423
f 3416 3424 3417
f 3425 3467 3426
f 3467 3422 3426
f 3427 3484 3419
f 3313 3421 3427
f 3428 3440 3425
f 3428 3321 3441
f 3429 3425 3440
f 3440 3428 3441
f 3430 3316 3315
f 3320 3317 3316
f 3318 3470 3319
f 3318 3444 3320
f 3431 2793 3446
f 5239 3431 3432
f 3446 3432 3431
f 3434 3448 3433
f 3434 3433 3391
f 3434 3459 3435
f 3505 3396 3474
f 3407 3414 3395
f 3410 3409 3462
f 3408 3407 3415
f 3409 3411 3438
f 3415 3461 3408
f 3420 3453 3411
f 3451 3436 3350
f 3455 3454 3437
f 3409 3438 3462
f 3419 3417 3424
f 3453 3438 3411
f 3484 3427 3421
f 3439 3422 3467
f 3429 3467 3425
f 3441 3466 3440
f 3421 3422 3439
f 3466 3497 3440
f 3458 3314 3315
f 3441 3321 3314
f 3441 3442 3466
f 3314 3458 3441
f 3317 3443 3468
f 3319 3445 3444
f 3445 3319 3470
f 2793 3470 3446
f 3434 3447 3448
f 3406 3449 3450
f 3401 3396 3449
f 3474 3396 3395
f 3347 3461 3349
f 3464 3453 3454
f 3347 3349 3436
f 3463 3451 3465
f 3479 3455 3480
f 3483 3480 3417
f 3464 3452 3453
f 3482 3421 3439
f 3479 3454 3455
f 3480 3455 3417
f 3483 3417 3419
f 3429 3481 3467
f 3484 3421 3482
f 3467 3481 3456
f 3429 3497 3481
f 3504 3457 3315
f 3442 3441 3458
f 3317 3488 3443
f 3457 3458 3315
f 3504 3315 3468
f 3488 3444 3445
f 3472 3470 2793
f 3447 3434 3435
f 3459 3405 3460
f 3557 3460 3450
f 3450 3460 3405
f 3450 3449 3534
f 3505 3449 3396
f 3414 3506 3492
f 3461 3507 3408
f 3462 3465 3451
f 3462 3438 3494
f 3453 3452 3438
f 3463 3508 3436
f 3479 3464 3454
f 3462 3494 3465
f 3438 3452 3494
f 3484 3483 3419
f 3475 3480 3483
f 3496 3497 3466
f 3456 3439 3467
f 3497 3429 3440
f 3439 3456 3478
f 3442 3487 3466
f 3496 3499 3497
f 3502 3458 3457
f 3466 3487 3496
f 3503 3457 3504
f 3458 3502 3442
f 3504 3468 3443
f 3445 3469 3488
f 3445 3471 3469
f 3317 3444 3488
f 3472 3445 3470
f 3471 3445 3472
f 4080 3447 3435
f 3490 3435 3473
f 3459 3473 3435
f 3474 3492 3535
f 3494 3452 3477
f 3348 3507 3461
f 3348 3347 3508
f 3463 3310 3510
f 3514 3479 3495
f 3475 3495 3480
f 3484 3485 3476
f 3525 3477 3452
f 3485 3482 3478
f 3514 3464 3479
f 3495 3479 3480
f 3456 3498 3478
f 3456 3481 3486
f 3478 3482 3439
f 3476 3483 3484
f 3485 3484 3482
f 3456 3486 3498
f 3481 3499 3486
f 3503 3501 3457
f 3487 3442 3502
f 3501 3502 3457
f 3488 3518 3443
f 3519 3443 3518
f 3489 3469 3471
f 3518 3488 3469
f 3435 3490 4080
f 3490 3473 3522
f 3523 3473 3524
f 3491 3505 3535
f 3414 3492 3474
f 3465 3310 3463
f 3408 3506 3414
f 3494 3493 3465
f 3408 3507 3506
f 3464 3525 3452
f 3514 3525 3464
f 3465 3493 3310
f 3494 3477 3493
f 3476 3475 3483
f 3512 3495 3475
f 3500 3499 3496
f 3499 3481 3497
f 3478 3498 3527
f 3487 3529 3496
f 3500 3528 3499
f 3517 3502 3501
f 3496 3529 3500
f 3530 3501 3503
f 3502 3517 3487
f 3503 3504 3519
f 3520 3518 3469
f 3504 3443 3519
f 3534 3557 3450
f 3449 3505 3534
f 3535 3505 3474
f 3543 3506 3507
f 3463 3510 3508
f 3493 3477 3526
f 3509 3570 3510
f 3511 3514 3515
f 3512 3515 3495
f 3476 3513 3539
f 3513 3485 3527
f 3511 3525 3514
f 3515 3514 3495
f 3498 3516 3527
f 3498 3486 3549
f 3527 3485 3478
f 3539 3475 3476
f 3513 3476 3485
f 3498 3549 3516
f 3486 3528 3549
f 3530 3554 3501
f 3529 3487 3517
f 3554 3517 3501
f 3518 3541 3519
f 3531 3519 3541
f 3520 3469 3489
f 3520 3541 3518
f 3521 3520 3489
f 3533 3522 3523
f 3522 3473 3523
f 3568 3523 3524
f 3460 3524 3473
f 3524 3460 3557
f 3534 3505 3491
f 3508 3510 3570
f 3493 3509 3310
f 3525 3526 3477
f 3351 3508 3570
f 3511 3526 3525
f 3493 3526 3509
f 3539 3512 3475
f 3550 3527 3516
f 3546 3512 3539
f 3548 3528 3500
f 3528 3486 3499
f 3513 3527 3550
f 3529 3551 3500
f 3548 3563 3528
f 3555 3517 3554
f 3500 3551 3548
f 3556 3554 3530
f 3517 3555 3529
f 3530 3503 3531
f 2864 3541 3520
f 3503 3519 3531
f 3532 3533 3568
f 3602 3557 3534
f 3535 3596 3594
f 3492 3544 3596
f 3509 3526 3536
f 3543 3507 3537
f 3559 3526 3511
f 3348 3351 3537
f 3545 3595 3509
f 3562 3559 3515
f 3539 3561 3546
f 3561 3513 3550
f 3559 3536 3526
f 3559 3511 3515
f 3562 3515 3512
f 3549 3538 3516
f 3561 3539 3513
f 3516 3538 3564
f 3549 3563 3538
f 3530 3540 3556
f 3551 3529 3555
f 3553 3555 3554
f 3541 3542 3531
f 2874 3541 2864
f 3540 3531 3542
f 2864 3520 3521
f 3542 3541 2874
f 3523 3568 3533
f 3600 3610 3524
f 3612 3491 3594
f 3492 3596 3535
f 3506 3544 3492
f 3509 3595 3570
f 3543 3544 3506
f 3509 3536 3545
f 3546 3562 3512
f 3547 3550 3564
f 3579 3562 3546
f 3552 3563 3548
f 3564 3550 3516
f 3563 3549 3528
f 3561 3550 3547
f 3551 3576 3548
f 3552 3565 3563
f 3587 3555 3553
f 3548 3576 3552
f 3553 3554 3556
f 3587 3551 3555
f 3556 3589 3553
f 3530 3531 3540
f 4161 3532 3568
f 3524 3557 3600
f 3602 3600 3557
f 3534 3491 3602
f 3594 3491 3535
f 3544 3543 3578
f 3558 3559 3579
f 3546 3560 3579
f 3560 3561 3547
f 3558 3582 3536
f 3579 3559 3562
f 3538 3563 3565
f 3546 3561 3560
f 3564 3598 3571
f 3538 3565 3598
f 3589 3566 3553
f 3556 3588 3589
f 3576 3551 3587
f 3566 3587 3553
f 2874 2909 3542
f 3588 3540 3567
f 3577 4161 3568
f 3610 3640 3568
f 3524 3610 3568
f 3602 3491 3612
f 3351 3570 3569
f 3613 3351 3569
f 3569 3570 3595
f 3573 3547 3571
f 3598 3564 3538
f 3571 3547 3564
f 3552 3572 3565
f 3560 3547 3573
f 3576 3574 3552
f 3572 3584 3565
f 3574 3572 3552
f 3566 3586 3575
f 3575 3576 3587
f 3540 3542 3567
f 3556 3540 3588
f 3567 3542 2909
f 3577 3568 3593
f 3594 3642 3603
f 3596 3597 3642
f 3543 3352 3578
f 3581 3545 3582
f 3352 3537 3613
f 3307 3558 3607
f 3579 3580 3607
f 3580 3560 3573
f 3307 3581 3582
f 3607 3558 3579
f 3598 3565 3584
f 3579 3560 3580
f 3571 3585 3583
f 3598 3584 3585
f 3599 3586 3566
f 3575 3587 3566
f 3574 3576 3575
f 3588 3624 3589
f 3567 3591 3590
f 3599 3589 3624
f 3588 3590 3624
f 2909 3591 3567
f 3593 3640 3592
f 3640 3593 3568
f 3601 3611 3610
f 3641 3601 3602
f 3642 3594 3596
f 3569 3595 3605
f 3544 3597 3596
f 3545 3605 3595
f 3578 3597 3544
f 3605 3545 3581
f 3619 3573 3583
f 3585 3571 3598
f 3583 3573 3571
f 3572 3635 3584
f 3580 3573 3619
f 3574 3622 3572
f 3586 3620 3575
f 3622 3635 3572
f 3586 3621 3620
f 3620 3574 3575
f 3566 3589 3599
f 3588 3567 3590
f 3640 3625 3592
f 4168 3639 3680
f 3610 3600 3601
f 3602 3601 3600
f 3612 3603 3661
f 3684 3604 3603
f 3594 3603 3612
f 3626 3605 3581
f 3606 3607 3618
f 3618 3580 3619
f 3581 3307 3631
f 3583 3585 3632
f 3606 3307 3607
f 3584 3608 3585
f 3618 3607 3580
f 3616 3583 3632
f 3632 3585 3608
f 3608 3584 3635
f 3621 3586 3650
f 3622 3574 3620
f 3650 3599 3623
f 3624 3590 3609
f 3586 3599 3650
f 3609 3590 2980
f 3624 3609 3623
f 3591 2980 3590
f 3610 3611 3640
f 3602 3612 3661
f 3352 3613 3644
f 3613 3569 3615
f 3569 3605 3615
f 3670 3352 3644
f 3613 3615 3644
f 3629 3631 3614
f 3631 3626 3581
f 3605 3628 3615
f 3616 3619 3583
f 3608 3635 3648
f 3617 3618 3619
f 3633 3608 3648
f 3620 3621 3649
f 3635 3634 3648
f 3620 3649 3622
f 3623 3609 3638
f 3599 3624 3623
f 3639 3625 3640
f 3611 3680 3640
f 3578 3670 3306
f 3626 3628 3605
f 3627 3626 3629
f 3626 3627 3628
f 3617 3645 3618
f 3631 3629 3626
f 3616 3636 3630
f 3616 3617 3619
f 3631 3606 3614
f 3632 3608 3633
f 3645 3606 3618
f 3630 3617 3616
f 3634 3635 3622
f 3632 3633 3636
f 3637 3667 3621
f 3634 3622 3649
f 3621 3667 3649
f 3650 3637 3621
f 3638 2980 3004
f 3623 3638 3658
f 2980 3638 3609
f 3660 4168 3680
f 3680 3639 3640
f 3602 3661 3641
f 3603 3642 3684
f 3684 3642 3683
f 3643 3615 3628
f 3597 3306 3683
f 3615 3643 3644
f 3645 3665 3614
f 3646 3648 3634
f 3636 3616 3632
f 3654 3645 3617
f 3666 3656 3633
f 3647 3649 3667
f 3648 3646 3666
f 3687 3667 3637
f 3649 3647 3634
f 3637 3650 3658
f 3658 3638 3659
f 3650 3623 3658
f 3604 3661 3603
f 3651 3627 3652
f 3629 3672 3652
f 3627 3651 3628
f 3665 3672 3614
f 3654 3665 3645
f 3629 3652 3627
f 3664 3656 3653
f 3655 3630 3664
f 3614 3672 3629
f 3666 3633 3648
f 3654 3630 3655
f 3636 3656 3664
f 3637 3678 3687
f 3646 3634 3647
f 3657 3647 3667
f 3658 3659 3678
f 3003 3659 3004
f 3659 3638 3004
f 3669 3660 3680
f 3680 3611 3601
f 3661 3604 3662
f 3353 3670 3663
f 3663 3643 3685
f 3628 3651 3685
f 3663 3670 3644
f 3643 3663 3644
f 3628 3685 3643
f 3673 3671 3665
f 3654 3655 3673
f 3656 3666 3676
f 3656 3636 3633
f 3664 3630 3636
f 3673 3665 3654
f 3646 3700 3666
f 3647 3677 3646
f 3666 3700 3676
f 3657 3667 3687
f 3677 3700 3646
f 3687 3668 3657
f 3637 3658 3678
f 3679 3669 3680
f 3724 3680 3601
f 3306 3353 3683
f 3670 3353 3306
f 3696 3693 3651
f 3652 3698 3696
f 3693 3685 3651
f 3672 3671 3698
f 3652 3696 3651
f 3672 3698 3652
f 3699 3655 3674
f 3672 3665 3671
f 3655 3699 3673
f 3676 3711 3686
f 3674 3664 3653
f 3668 3675 3657
f 3653 3656 3676
f 3668 3687 3713
f 3677 3647 3657
f 3657 3675 3677
f 3678 3034 3704
f 3678 3704 3713
f 3678 3659 3003
f 3034 3678 3003
f 3689 3679 3688
f 3688 3679 3680
f 3780 3754 3681
f 3604 3684 3682
f 3692 3706 3663
f 3683 3682 3684
f 3685 3693 3692
f 3706 3353 3663
f 3692 3663 3685
f 3673 3699 3695
f 3653 3676 3686
f 3674 3655 3664
f 3673 3695 3671
f 3722 3700 3677
f 3700 3722 3711
f 3063 3704 3034
f 3687 3678 3713
f 3688 4023 3689
f 3662 3725 3641
f 3641 3724 3601
f 3662 3604 3705
f 3353 3706 3715
f 3715 3682 3353
f 3691 3690 3693
f 3691 3696 3694
f 3729 3690 3691
f 3690 3692 3693
f 3698 3697 3694
f 3691 3693 3696
f 3671 3695 3697
f 3699 3708 3695
f 3698 3694 3696
f 3720 3699 3674
f 3697 3698 3671
f 3653 3701 3674
f 3699 3720 3708
f 3711 3676 3700
f 3720 3674 3701
f 3653 3686 3701
f 3702 3675 3723
f 3722 3677 3675
f 3735 3713 3704
f 3675 3702 3722
f 3668 3723 3675
f 3703 3713 3735
f 3704 3063 3735
f 3714 4023 3688
f 3724 3688 3680
f 3705 3682 3726
f 3724 3641 3725
f 3682 3715 3726
f 3707 3727 3706
f 3690 3707 3692
f 3727 3715 3706
f 3707 3706 3692
f 3721 3708 3720
f 3701 3686 3712
f 3697 3695 3708
f 3732 3712 3709
f 3722 3709 3711
f 3710 3712 3732
f 3711 3709 3712
f 3723 3668 3703
f 3703 3736 3723
f 3063 3738 3734
f 3668 3713 3703
f 3681 3714 3688
f 3765 3681 3688
f 3739 3765 3688
f 3740 3726 3715
f 3727 3740 3715
f 3662 3705 3716
f 3758 3707 3717
f 3690 3729 3717
f 3694 3718 3691
f 3717 3707 3690
f 3697 3719 3694
f 3729 3691 3718
f 3721 3697 3708
f 3718 3694 3719
f 3720 3701 3710
f 3732 3733 3710
f 3719 3697 3721
f 3712 3710 3701
f 3710 3721 3720
f 3736 3730 3723
f 3709 3722 3702
f 3709 3730 3732
f 3723 3730 3702
f 3735 3063 3734
f 3735 3734 3736
f 3724 3739 3688
f 3356 3724 3725
f 3354 3705 3726
f 3727 3758 3728
f 3727 3728 3740
f 3758 3727 3707
f 3759 3729 3742
f 3718 3742 3729
f 3743 3718 3719
f 3719 3721 3746
f 3748 3750 3746
f 3742 3718 3743
f 3748 3721 3710
f 3719 3746 3743
f 3731 3751 3733
f 3746 3721 3748
f 3730 3709 3702
f 3710 3733 3748
f 3731 3730 3752
f 3763 3731 3752
f 3732 3731 3733
f 3737 3736 3734
f 3736 3752 3730
f 3703 3735 3736
f 3752 3736 3737
f 3084 3737 3734
f 3734 3738 3084
f 3681 3765 3780
f 3755 3780 3779
f 3757 3768 3354
f 3724 3356 3739
f 3355 3725 3716
f 3740 3728 3757
f 3726 3757 3354
f 3757 3726 3740
f 3769 3741 3745
f 3729 3745 3717
f 3741 3717 3745
f 3742 3743 3744
f 3745 3729 3759
f 3747 3743 3746
f 3742 3744 3759
f 3744 3743 3747
f 3749 3748 3733
f 3746 3750 3747
f 3749 3750 3748
f 3763 3777 3751
f 3749 3733 3751
f 3737 3753 3778
f 3737 3084 3753
f 3752 3778 3763
f 3795 3753 3084
f 3754 3780 3755
f 3765 3739 3782
f 3716 3768 3355
f 3782 3739 3356
f 3766 3728 3756
f 3768 3716 3354
f 3766 3757 3728
f 3741 3758 3717
f 3756 3758 3741
f 3745 3759 3773
f 3774 3759 3744
f 3745 3773 3769
f 3760 3744 3747
f 3773 3759 3774
f 3747 3750 3761
f 3787 3788 3775
f 3744 3760 3774
f 3762 3750 3749
f 3760 3747 3761
f 3764 3749 3751
f 3750 3762 3761
f 3751 3731 3763
f 3762 3749 3764
f 3777 3763 3778
f 3752 3737 3778
f 3780 3765 3357
f 3782 3356 3767
f 3798 3757 3766
f 3355 3767 3356
f 3783 3768 3798
f 3798 3768 3757
f 3756 3741 3771
f 3756 3728 3758
f 3741 3769 3785
f 3770 3769 3773
f 3741 3785 3771
f 3772 3773 3774
f 3785 3769 3770
f 3774 3760 3787
f 3770 3773 3772
f 3790 3775 3788
f 3788 3760 3761
f 3774 3787 3772
f 3760 3788 3787
f 3792 3776 3793
f 3762 3793 3789
f 3761 3762 3789
f 3793 3764 3807
f 3806 3824 3825
f 3762 3764 3793
f 3794 3778 3753
f 3777 3807 3764
f 3778 3794 3308
f 3796 4063 3781
f 4063 3779 3781
f 3780 3781 3779
f 3357 3781 3780
f 3783 3767 3355
f 3357 3765 3782
f 3767 3810 3782
f 3305 3767 3783
f 3768 3783 3355
f 3756 3797 3766
f 3756 3771 3784
f 3798 3766 3797
f 3786 3815 3799
f 3797 3756 3784
f 3799 3771 3785
f 3771 3799 3784
f 3786 3785 3770
f 3770 3772 3800
f 3799 3785 3786
f 3770 3800 3786
f 3803 3772 3787
f 3772 3803 3800
f 3787 3775 3803
f 3804 3821 3776
f 3790 3789 3776
f 3788 3761 3789
f 3789 3790 3788
f 3793 3776 3789
f 3807 3791 3792
f 3825 3792 3791
f 3793 3807 3792
f 3794 3753 3795
f 3777 3778 3308
f 3308 3794 3791
f 3826 3794 3795
f 3808 3839 3796
f 3808 3796 3781
f 3797 3827 3798
f 3783 3798 3827
f 3812 3784 3799
f 3797 3784 3812
f 3786 3800 3801
f 3812 3799 3815
f 3816 3832 3817
f 3786 3801 3815
f 3817 3800 3803
f 3801 3817 3832
f 3801 3800 3817
f 3802 3775 3818
f 3775 3802 3803
f 3818 3790 3821
f 3790 3818 3775
f 3804 3805 3823
f 3821 3790 3776
f 3792 3825 3804
f 3792 3804 3776
f 3825 3791 3806
f 3309 3794 3826
f 3807 3308 3791
f 3794 3309 3806
f 3840 3808 3781
f 3842 3809 3810
f 3809 3840 3357
f 3357 3810 3809
f 3827 3797 3829
f 3811 3848 3829
f 3844 3783 3827
f 3811 3797 3812
f 3812 3815 3813
f 3829 3797 3811
f 3801 3814 3815
f 3831 3849 3814
f 3812 3813 3811
f 3850 3813 3849
f 3815 3814 3813
f 3819 3816 3802
f 3817 3803 3802
f 3819 3853 3852
f 3802 3816 3817
f 3818 3820 3819
f 3818 3819 3802
f 3823 3820 3821
f 3822 3834 3823
f 3820 3818 3821
f 3804 3823 3821
f 3824 3837 3805
f 3825 3824 3805
f 3825 3805 3804
f 3309 2621 3836
f 3791 3794 3806
f 3806 3309 3824
f 3170 3309 3826
f 3838 3839 3808
f 3358 3838 3808
f 3844 3827 3828
f 3844 3305 3783
f 3842 3810 3305
f 3845 3846 3828
f 3842 3305 3844
f 3845 3827 3829
f 3828 3827 3845
f 3813 3850 3811
f 3829 3848 3845
f 3849 3813 3814
f 3811 3850 3848
f 3830 3831 3832
f 3814 3801 3832
f 3832 3831 3814
f 3816 3852 3830
f 3830 3832 3816
f 3819 3852 3816
f 3853 3834 3833
f 3820 3834 3853
f 3853 3819 3820
f 3834 3820 3823
f 3833 3834 3835
f 3822 3805 3837
f 3836 3837 3824
f 3838 3857 3839
f 3358 3874 3838
f 3809 3843 3840
f 3358 3840 3841
f 3840 3843 3841
f 3844 3876 3842
f 3842 3843 3809
f 3860 3844 3828
f 3876 3844 3860
f 3845 3848 3863
f 3860 3828 3846
f 3847 3848 3850
f 3845 3863 3846
f 3850 3864 3847
f 3848 3847 3863
f 3864 3849 3865
f 3849 3864 3850
f 3865 3831 3868
f 3865 3849 3831
f 3830 3851 3868
f 3830 3868 3831
f 3870 3851 3852
f 3851 3830 3852
f 3870 3852 3853
f 3870 3853 3833
f 3835 3834 3822
f 3822 3837 3854
f 3823 3805 3822
f 3855 3856 3854
f 3822 3854 3835
f 3837 3836 3854
f 2621 2620 3836
f 3857 3838 3859
f 3857 3859 3858
f 3359 3898 3897
f 3838 3874 3859
f 3841 3843 3875
f 3874 3358 3841
f 3888 3902 3876
f 3888 3876 3860
f 3884 3842 3876
f 3860 3846 3861
f 3863 3877 3846
f 3860 3861 3888
f 3861 3877 3887
f 3861 3846 3877
f 3878 3847 3862
f 3847 3878 3863
f 3866 3862 3864
f 3864 3862 3847
f 3865 3881 3866
f 3865 3866 3864
f 3880 3881 3868
f 3881 3865 3868
f 3869 3906 3880
f 3867 3880 3906
f 3880 3868 3851
f 3869 3851 3870
f 3880 3851 3869
f 3833 3883 3870
f 3869 3870 3883
f 1008 1006 3871
f 3871 3833 3835
f 3883 3833 3871
f 3872 3835 3854
f 3835 3872 3871
f 3856 3872 3854
f 3855 3854 3836
f 3873 3855 3836
f 3873 3836 2620
f 3858 3859 4029
f 3841 3900 3874
f 3874 3900 3859
f 3900 3841 3875
f 3884 3876 3885
f 3885 3876 3902
f 3910 3902 3888
f 3877 3886 3887
f 3888 3861 3887
f 3886 3878 3879
f 3877 3863 3878
f 3889 3879 3862
f 3878 3886 3877
f 3879 3878 3862
f 3866 3892 3889
f 3867 3892 3881
f 3866 3889 3862
f 3880 3867 3881
f 3892 3866 3881
f 3869 3883 3896
f 3906 3869 3896
f 3883 3882 3896
f 1006 3882 3883
f 3872 1008 3871
f 4029 3859 3898
f 3907 3859 3900
f 3899 3898 3859
f 3859 3907 3899
f 3302 3843 3884
f 3302 3884 3885
f 3302 3875 3843
f 3912 3887 3886
f 3887 3910 3888
f 3903 3912 3879
f 3891 3913 3903
f 3912 3886 3879
f 3889 3890 3903
f 3890 3927 3891
f 3889 3903 3879
f 3867 3893 3892
f 3890 3892 3893
f 3905 2299 3894
f 3867 3894 3893
f 3894 3867 3906
f 3906 3896 956
f 3895 956 3896
f 3882 3895 3896
f 3871 1006 3883
f 3916 3897 3898
f 3916 3898 3899
f 3917 3900 3875
f 3900 3917 3907
f 3932 3301 3918
f 3875 3301 3917
f 3902 3911 3885
f 3885 3911 3302
f 3921 3910 3887
f 3910 3901 3902
f 3921 3887 3912
f 3903 3913 3912
f 3893 3904 3890
f 3889 3892 3890
f 3927 3890 3904
f 3893 3894 2296
f 3893 2296 3904
f 3894 2299 2296
f 3905 3894 3906
f 3905 3906 956
f 3897 3931 3915
f 3931 3897 3916
f 3916 3899 3908
f 3907 3939 3908
f 3908 3899 3907
f 3917 3939 3907
f 3911 3918 3302
f 3932 3948 3301
f 3919 3909 3911
f 3302 3918 3301
f 3920 3901 3910
f 3911 3902 3901
f 3926 3934 3921
f 3920 3910 3921
f 3912 3926 3921
f 3913 3926 3912
f 3903 3890 3891
f 3904 2297 3927
f 3931 3914 3915
f 3916 3930 3931
f 3930 3916 3908
f 3301 3948 3917
f 3939 3917 3946
f 3948 3946 3917
f 3918 3911 3909
f 3901 3919 3911
f 3920 3934 3942
f 3919 3901 3920
f 3921 3934 3920
f 3944 3920 3942
f 3913 3891 3922
f 3913 3922 3926
f 3922 3891 3927
f 2297 3928 3927
f 2297 3904 2296
f 3931 3923 3914
f 3932 3918 3924
f 3918 3951 3924
f 3909 3951 3918
f 3919 3920 3944
f 3925 3919 3944
f 3926 3935 3934
f 3935 3926 3922
f 3922 3927 3928
f 3360 3914 3929
f 3923 3929 3914
f 3930 3937 3953
f 3953 3931 3930
f 3937 3930 3908
f 3932 3940 3948
f 3909 3919 3925
f 3933 3944 3941
f 3945 3943 3942
f 3945 3934 3935
f 3931 3936 3923
f 3953 3936 3931
f 3937 3908 3938
f 3908 3939 3938
f 3952 3940 3932
f 3941 3942 3943
f 3942 3941 3944
f 3934 3945 3942
f 2327 3923 3936
f 3947 3300 3948
f 3948 3300 3946
f 3940 3947 3948
f 3909 3925 3949
f 3909 3949 3951
f 3949 3925 3944
f 2327 3936 2321
f 3936 3950 2321
f 3953 3950 3936
f 3924 3951 2295
f 3932 3924 3952
f 3924 2295 3952
f 3949 2306 3951
f 3949 3944 3933
f 3937 3954 3953
f 3953 3954 3950
f 3938 3303 3937
f 3947 3940 3952
f 2295 3951 2306
f 2321 3950 3958
f 3950 3954 3958
f 3958 3954 3955
f 3937 3303 3954
f 3952 3957 3947
f 3300 3947 3957
f 3303 3956 3954
f 3954 3956 3955
f 3938 3300 3304
f 3300 3960 3304
f 3960 3300 3957
f 3958 3955 3959
f 3955 3956 3959
f 3956 3303 2293
f 2293 3304 3960
f 3959 3956 2324
f 3956 3961 2324
f 2293 3961 3956
f 3974 3978 3962
f 3963 3964 3969
f 3964 3963 3965
f 3967 3965 3966
f 3965 3967 3968
f 3968 3964 3965
f 3967 3977 3968
f 3971 3969 3972
f 3968 3977 3975
f 3964 3975 3974
f 3964 3968 3975
f 3970 3971 3972
f 3969 3964 3972
f 3974 3972 3964
f 3973 3978 3975
f 3975 3978 3974
f 3972 3974 3962
f 3977 3973 3975
f 3976 3973 3977
f 3982 3962 3978
f 3973 3976 3979
f 3978 3973 3980
f 3973 3979 3980
f 3982 3978 3980
f 3980 3981 3982
f 3981 3980 3983
f 3983 3984 3981
f 3989 3986 3992
f 3989 3985 3986
f 3986 3985 3991
f 3987 3996 3988
f 3989 3992 3990
f 3991 3996 3986
f 3990 3992 3993
f 3992 3986 3987
f 3994 3992 3995
f 3993 3992 3997
f 3996 3987 3986
f 3987 3995 3992
f 3997 3992 3994
f 4000 3998 4003
f 3999 4000 4001
f 3999 3998 4000
f 4131 4128 4002
f 4129 4131 4003
f 6337 4127 4005
f 4125 4004 4126
f 4004 4005 4006
f 6277 4133 4007
f 4008 4135 4009
f 4118 6185 4879
f 6152 4116 4010
f 4011 4010 4116
f 4111 4012 4113
f 4144 4103 4105
f 4102 4099 4145
f 4100 4097 4146
f 4093 4095 4096
f 4090 4151 4013
f 4153 4091 4090
f 4015 4014 4088
f 4015 3329 4014
f 4016 4081 4017
f 4018 4158 4019
f 4165 4020 4167
f 4021 4068 4023
f 4067 4022 4023
f 4024 4064 4063
f 4061 4025 4027
f 4030 4178 4028
f 4060 4026 4027
f 4028 4029 4030
f 4031 4179 4032
f 4033 4180 4034
f 4035 4036 4037
f 4031 4032 4033
f 4038 4029 4035
f 4029 4038 4030
f 4033 4039 4040
f 2354 4041 2338
f 2355 4041 2354
f 4058 4057 5294
f 4185 5293 4042
f 5291 5293 2385
f 2385 4055 5291
f 4187 4055 2386
f 5309 4055 4187
f 4056 4055 2385
f 5309 4187 5289
f 4186 4043 4188
f 5522 4043 5509
f 5288 5509 4047
f 5509 4043 4045
f 5534 4044 4049
f 5509 4045 4047
f 4044 4046 4047
f 4046 4044 5534
f 5288 4047 4046
f 4049 4048 5549
f 5549 5534 4049
f 4051 2420 4050
f 2419 4050 2420
f 4051 5549 2420
f 5549 4048 2420
f 2419 2431 4050
f 5317 2431 5319
f 2440 5283 4189
f 4052 2461 4053
f 4053 2333 4054
f 2440 4191 5283
f 4053 2461 2333
f 2432 4189 5319
f 4055 4056 2386
f 4057 4058 2345
f 4059 5298 2346
f 5303 4180 5301
f 4180 4033 4040
f 4033 4032 4039
f 4037 4036 4032
f 4178 4026 4060
f 4061 4024 4063
f 4062 4063 4064
f 4176 4062 4177
f 4065 4176 4175
f 4065 4174 4066
f 4023 4066 4174
f 4067 4023 4068
f 4170 4169 4070
f 4071 4069 4070
f 4069 4170 4070
f 4070 4166 4071
f 4020 4164 4167
f 4164 4020 4072
f 4073 4162 4161
f 4074 4160 4075
f 4076 4159 4077
f 4076 4078 4079
f 4079 4078 4019
f 4019 4158 4079
f 4016 4080 4081
f 7515 4281 3999
f 4082 4017 4083
f 4017 4082 4016
f 4157 4083 4017
f 4156 4084 4085
f 4084 4086 4085
f 4086 4084 3329
f 4087 4014 3329
f 4088 4014 4089
f 4151 4090 4091
f 4152 4090 4089
f 4093 4092 4151
f 4151 4149 4093
f 4093 4096 4094
f 4095 4147 4096
f 4148 4097 4096
f 4097 4098 4096
f 4145 4099 4100
f 4101 4145 4100
f 4104 4102 4105
f 4101 4100 4146
f 4105 4103 4104
f 4144 4105 4143
f 4106 4144 4107
f 4108 4112 4109
f 4110 4109 4140
f 4110 4140 4111
f 4140 4109 4112
f 4011 4114 4113
f 4011 4116 4114
f 4012 4011 4113
f 6152 4115 4116
f 6152 4139 4117
f 6152 4117 4115
f 4118 4138 6185
f 4119 4134 4008
f 4120 4879 6185
f 4121 4136 4120
f 4122 4123 4135
f 4123 4136 4121
f 4008 4134 4124
f 4135 4008 4124
f 4126 4984 6277
f 4125 4126 6277
f 4127 4006 4005
f 4128 4127 6337
f 4131 4129 4128
f 4001 7515 3999
f 4000 4003 4130
f 4130 4003 4131
f 6337 4002 4128
f 4132 4005 4004
f 4004 4125 4132
f 4133 6277 4984
f 4007 4134 4119
f 4007 4133 4134
f 4009 4135 4123
f 4136 4123 4122
f 4121 4120 4137
f 6185 4137 4120
f 4138 4117 4139
f 4138 4118 4117
f 4012 4111 6133
f 4140 6133 4111
f 4112 4108 4141
f 4141 4108 4142
f 4107 4142 4106
f 4142 4108 4106
f 4143 4107 4144
f 4105 4102 6091
f 6091 4102 4145
f 4146 4097 4148
f 4147 4148 4096
f 4095 4093 4149
f 4149 4151 4150
f 4091 4150 4151
f 4152 4153 4090
f 4152 4089 4154
f 4089 4014 4154
f 4087 3329 4155
f 4084 4155 3329
f 4156 4083 4157
f 4156 4085 4083
f 4081 4080 4018
f 4018 4080 4158
f 4078 4076 4077
f 4077 4159 4074
f 4074 4159 4160
f 4161 4075 4160
f 4075 4161 4162
f 4162 4073 4072
f 4072 4073 4163
f 4072 4163 4164
f 4165 4167 4166
f 4166 4167 4168
f 4166 4168 4071
f 4171 4169 4170
f 4171 4170 4172
f 4172 4173 4171
f 4173 4172 4022
f 4022 4067 4173
f 4021 4023 4174
f 4174 4065 4175
f 4177 4175 4176
f 4064 4177 4062
f 4025 4061 4063
f 4027 4025 4060
f 4026 4178 4030
f 4038 4035 4037
f 4179 4037 4032
f 4034 4180 5303
f 4041 2355 4181
f 4181 2355 5298
f 2346 5298 2355
f 4182 4059 2345
f 2345 4058 4182
f 4184 5294 4183
f 4183 4042 4184
f 4185 4042 4183
f 2385 5293 4185
f 4186 5289 4187
f 5289 4186 4188
f 4188 4043 5522
f 4050 2431 5317
f 2432 5319 2431
f 4190 5319 4189
f 5283 4190 4189
f 4191 2461 4052
f 4199 4201 4193
f 4192 4198 4193
f 4199 4194 4201
f 4201 4194 4195
f 4201 4195 4200
f 4202 4200 4197
f 4196 4202 4197
f 4192 4193 4203
f 4198 4199 4193
f 4200 4202 4201
f 4202 4203 4201
f 4201 4203 4193
f 4204 4205 4206
f 4205 4215 4206
f 4209 4204 4213
f 4217 4207 4208
f 4209 4217 4208
f 4217 4209 4213
f 4207 4210 4212
f 4211 4207 4212
f 4204 4206 4213
f 4207 4217 4210
f 4210 4214 4212
f 4206 4215 4216
f 4216 4213 4206
f 4216 4217 4213
f 4217 4216 4218
f 4218 4210 4217
f 4219 4221 4223
f 4220 4223 4221
f 4225 4219 4223
f 4222 4226 4225
f 4223 4222 4225
f 4224 4225 4226
f 4225 4224 4227
f 4227 4219 4225
f 4221 4227 4228
f 4227 4221 4219
f 4233 4229 4236
f 4230 4236 4231
f 4236 4230 4233
f 4238 4231 4236
f 4234 4233 4232
f 4233 4234 4229
f 4235 4237 4234
f 4234 4237 4229
f 4229 4237 4236
f 4237 4238 4236
f 4245 4239 4255
f 4256 4240 4259
f 4240 4241 4258
f 4242 4261 4243
f 4246 4244 4252
f 4244 4250 4252
f 4252 4245 4246
f 4247 4245 4248
f 4246 4245 4247
f 4249 4248 4245
f 4253 4249 4245
f 4252 4250 4254
f 4239 4252 4254
f 4251 4245 4255
f 4239 4245 4252
f 4245 4251 4253
f 4256 4239 4254
f 4240 4256 4254
f 4255 4239 4262
f 4242 4251 4255
f 4255 4262 4242
f 4262 4239 4256
f 4251 4242 4257
f 4256 4259 4262
f 4240 4258 4259
f 4258 4260 4259
f 4259 4260 4262
f 4260 4261 4262
f 4261 4242 4262
f 4263 4271 4273
f 4264 4273 4272
f 4273 4264 4265
f 4273 4265 4263
f 4267 4276 4273
f 4273 4266 4267
f 4264 4272 4268
f 4269 4268 4272
f 4270 4273 4271
f 4272 4275 4269
f 4273 4270 4266
f 4272 4273 4276
f 4275 4272 4276
f 4274 4275 4276
f 4285 4283 4278
f 4278 4282 4365
f 4365 4277 4278
f 4279 4364 4280
f 4279 4280 4281
f 7515 4279 4281
f 4282 4278 4283
f 4283 4286 4284
f 4285 4286 4283
f 4286 4288 4284
f 4286 4287 4288
f 4287 4367 4288
f 4289 4367 4291
f 4291 4367 4366
f 4290 4289 4291
f 4291 4292 4290
f 4290 4292 4368
f 4293 4371 4294
f 4372 4295 4297
f 4355 4294 4372
f 4373 4296 4298
f 4297 4295 4298
f 4358 4359 4375
f 4300 4299 4354
f 4300 4357 4299
f 4380 4353 4378
f 4301 4381 4383
f 4385 4383 4351
f 4384 4302 4386
f 4349 4348 4303
f 4391 4304 4305
f 4306 7125 4392
f 4307 4304 4306
f 4392 4308 4306
f 4309 4343 4341
f 4308 4341 4342
f 4395 4310 4396
f 4309 4395 4311
f 2739 4339 4338
f 6663 4400 2807
f 6782 4400 6663
f 7060 3243 3203
f 3260 7066 4312
f 7066 4337 4404
f 2503 4312 7066
f 4313 4314 4336
f 2516 4335 4405
f 2515 4315 5348
f 4316 4334 2527
f 4317 5345 4318
f 4320 4318 5345
f 4319 4320 5345
f 4323 4322 4319
f 4321 4323 4319
f 4324 4322 4323
f 4324 4323 5342
f 4405 4336 5351
f 4334 4317 4318
f 2553 5342 5340
f 2553 5340 4406
f 5340 5473 4406
f 4406 5464 2557
f 4326 4325 2557
f 2569 4325 5334
f 4326 5334 4325
f 4327 2569 5410
f 5412 4327 5410
f 2489 4327 5412
f 5368 2489 5412
f 2584 4328 5368
f 4329 2584 4408
f 4333 4329 4408
f 4410 5281 2576
f 2490 2577 4330
f 4330 4331 2490
f 4332 4331 4330
f 4331 4332 4054
f 4329 4333 4410
f 4316 4317 4334
f 4332 4053 4054
f 2503 7066 5353
f 2527 2515 5348
f 4315 2515 2516
f 4405 4335 4336
f 5353 4313 2503
f 3260 4337 7066
f 3243 4404 4337
f 3203 4403 7046
f 3111 7002 4403
f 3111 3006 6922
f 6663 2807 4338
f 2739 6629 4339
f 4397 6629 2728
f 4396 4310 4340
f 4341 4395 4309
f 4342 4341 4343
f 4395 4341 4344
f 4345 4306 4308
f 4346 7125 4306
f 4304 4346 4306
f 4347 4348 4389
f 4349 4388 4348
f 4350 4386 4349
f 4384 4386 4350
f 4382 4351 4383
f 4302 4384 4351
f 4383 4352 4301
f 4353 4380 4379
f 4354 4377 4353
f 4376 4354 4299
f 4299 4357 4356
f 4294 4355 4293
f 4358 4356 4357
f 4358 4360 4359
f 4296 4359 4360
f 4359 4296 4373
f 4374 4298 4295
f 4361 4372 4294
f 4293 4370 4362
f 4363 4370 4614
f 4364 4277 4365
f 4364 4365 4280
f 4287 4366 4367
f 4368 4292 4369
f 4369 4363 4614
f 4369 4614 4368
f 4363 4362 4370
f 4362 4371 4293
f 4361 4295 4372
f 4373 4298 4374
f 4358 4375 4356
f 4376 4377 4354
f 4377 4378 4353
f 4301 4379 4380
f 4380 4381 4301
f 4381 4382 4383
f 4384 4385 4351
f 4387 4349 4386
f 4349 4387 4388
f 4388 4389 4348
f 4390 4347 4389
f 4390 4391 4347
f 4391 4390 4304
f 4307 4305 4304
f 4392 4393 4308
f 4308 4393 4341
f 4344 4394 4395
f 4310 4395 4394
f 4397 4396 4340
f 4397 2728 4396
f 6629 2739 2728
f 4398 2739 4338
f 4338 2807 4398
f 4399 4400 6782
f 4399 2910 4400
f 4399 6831 2910
f 4401 2910 6831
f 6922 4401 6831
f 6922 3006 4401
f 6995 3111 6922
f 6995 4402 3111
f 4402 7002 3111
f 4403 7002 7046
f 7046 7060 3203
f 4404 3243 7060
f 4314 4313 5353
f 5351 4336 4314
f 4405 4315 2516
f 5345 4321 4319
f 5464 4406 5473
f 5464 5407 2557
f 5407 4326 2557
f 5334 4407 2569
f 5410 2569 4407
f 4328 2489 5368
f 5368 4408 2584
f 4333 4409 4410
f 4409 5281 4410
f 2577 2576 5281
f 4411 4422 4412
f 4413 4412 4422
f 4414 4420 4415
f 4418 4422 4416
f 4411 4416 4422
f 4416 4419 4418
f 4421 4418 4417
f 4417 4418 4419
f 4414 4413 4420
f 4421 4422 4418
f 4422 4421 4420
f 4413 4422 4420
f 4423 4424 4433
f 4430 4425 4432
f 4425 4433 4432
f 4429 4431 4432
f 4426 4427 4428
f 4431 4429 4428
f 4430 4432 4431
f 4432 4433 4424
f 4427 4431 4428
f 4431 4427 4434
f 4434 4430 4431
f 4435 4433 4436
f 4425 4430 4436
f 4433 4425 4436
f 4434 4436 4430
f 4437 4466 4467
f 4463 4465 4464
f 4438 4439 4461
f 4461 4458 4460
f 4440 4441 4442
f 4441 4440 4443
f 4441 4443 4444
f 4441 4452 4450
f 4444 4452 4441
f 4450 4448 4456
f 4447 4450 4445
f 4445 4450 4446
f 4450 4447 4448
f 4456 4448 4451
f 4449 4446 4450
f 4456 4451 4453
f 4449 4450 4452
f 4453 4454 4456
f 4455 4458 4456
f 4454 4455 4456
f 4458 4455 4457
f 4460 4458 4457
f 4442 4441 4459
f 4460 4438 4461
f 4462 4442 4459
f 4461 4439 4463
f 4464 4461 4463
f 4466 4464 4465
f 4437 4464 4466
f 4470 4469 4437
f 4437 4467 4470
f 4468 4469 4470
f 4471 4468 4470
f 4471 4473 4468
f 4473 4472 4468
f 4473 4475 4472
f 4474 4472 4475
f 4476 4477 4494
f 4648 4477 4493
f 4648 4493 4478
f 4648 4478 4481
f 4481 4478 4479
f 4479 4482 4480
f 4480 4481 4479
f 4480 4482 4484
f 4492 4483 4484
f 4480 4484 4483
f 4653 4485 4652
f 4485 4653 4492
f 4486 4654 4652
f 4652 4485 4486
f 4654 4486 4487
f 4654 4487 4657
f 4658 4657 4488
f 4487 4488 4657
f 4658 4489 4661
f 4489 4658 4488
f 4489 4491 4661
f 4490 4661 4491
f 4306 4490 4491
f 4492 4653 4483
f 4476 4493 4477
f 4494 4495 4476
f 4644 4495 4494
f 4496 4495 4644
f 4496 4644 4646
f 4626 4496 4646
f 4643 4627 4642
f 4497 4613 4498
f 4499 4500 4501
f 4502 4503 4533
f 4499 4639 4500
f 4606 7818 7821
f 4513 4504 4516
f 7821 4574 4585
f 4505 4618 4530
f 4506 4910 4909
f 4566 4910 4506
f 4281 4506 4909
f 4800 4507 4508
f 4617 4509 4614
f 4712 4702 4510
f 4728 4720 4735
f 4511 4512 4516
f 4517 4516 4515
f 4513 4516 4536
f 4514 4516 4641
f 4515 4516 4514
f 4810 2763 2762
f 4517 4537 4516
f 4512 4518 4516
f 4538 4516 4519
f 4520 4521 4808
f 4808 4522 4520
f 4551 4554 4548
f 4523 4545 4546
f 4795 4543 4793
f 7796 4701 4711
f 4750 4524 4543
f 4525 4793 4784
f 7797 4711 4699
f 4793 4525 4544
f 4526 4809 4827
f 4833 4831 4529
f 4527 4528 4529
f 4530 4531 4610
f 4577 7818 4606
f 7816 4577 4530
f 4533 4534 4502
f 4532 4533 4503
f 7812 4533 4500
f 4534 4533 4624
f 4632 4501 4500
f 7811 4516 4535
f 4500 4533 4532
f 4640 4536 4516
f 4537 4511 4516
f 4516 4518 4519
f 4516 4538 4539
f 4540 4595 4509
f 4569 4541 4542
f 4794 4793 4546
f 7792 4718 4769
f 4752 7845 4709
f 4768 4793 4543
f 4546 4544 4523
f 4546 4554 4794
f 4545 4549 4546
f 4554 4549 4547
f 4554 4547 4548
f 4546 4549 4554
f 4550 4554 4551
f 4555 4554 4552
f 4553 4554 4550
f 4556 4554 4555
f 4554 4553 4552
f 4557 4520 4554
f 4556 4557 4554
f 4558 4808 4559
f 4559 4808 4521
f 4560 4808 4558
f 4808 4561 4562
f 4563 4808 4807
f 4808 4563 4800
f 4760 4772 4773
f 4696 4694 4688
f 7827 4494 4564
f 7803 4651 4483
f 4506 4565 4566
f 4565 7825 4566
f 4572 4541 4575
f 4577 4567 4568
f 4569 4570 4541
f 4595 4589 4509
f 4569 7825 4565
f 4569 4542 7825
f 4605 4607 4606
f 4570 4575 4541
f 4571 4589 4573
f 4596 4589 4571
f 4572 4542 4541
f 4585 4598 4599
f 4581 4575 4570
f 4589 4594 4573
f 4581 4574 4575
f 4601 4585 4586
f 4582 4604 4606
f 4576 4567 4577
f 4588 4589 4578
f 4617 4579 4580
f 4574 4581 4585
f 4606 4603 4582
f 4608 4583 4606
f 4620 4614 4584
f 4368 4614 4509
f 4581 4578 4585
f 4578 4589 4585
f 4585 4589 4598
f 4586 4585 4600
f 4585 4603 4606
f 4583 4609 4577
f 4583 4577 4606
f 4606 7821 4585
f 4498 4613 4587
f 4509 4588 4368
f 4588 4509 4589
f 4592 4615 4590
f 4591 4617 4592
f 4593 4611 4509
f 4594 4589 4595
f 4596 4597 4589
f 4598 4589 4597
f 4599 4600 4585
f 4601 4602 4585
f 4585 4602 4603
f 4604 4605 4606
f 4607 4608 4606
f 4577 4609 4576
f 4530 4610 4505
f 4577 7816 7818
f 4622 4623 4615
f 4617 4580 4509
f 4593 4509 4580
f 4611 4540 4509
f 4530 4568 4531
f 4568 4530 4577
f 4612 4620 4584
f 4587 4620 4612
f 4497 4627 4613
f 4587 4613 4636
f 4617 4614 4620
f 4615 4617 4620
f 4592 4617 4615
f 4617 4591 4616
f 4616 4579 4617
f 4624 4530 4618
f 4530 4624 4619
f 7816 4530 4619
f 4587 4629 4620
f 4629 4615 4620
f 4629 4621 4622
f 4622 4615 4629
f 4623 4590 4615
f 4624 4533 4625
f 4619 4624 4625
f 4626 4646 4645
f 4587 4636 4629
f 4627 4516 4636
f 4628 4629 4636
f 4629 4628 4631
f 4630 4621 4629
f 4630 4629 4631
f 4500 4532 4632
f 4625 4533 7812
f 4500 4633 7812
f 4636 4613 4627
f 4634 4628 4636
f 4634 4636 4635
f 4636 4638 4635
f 4637 4638 4636
f 4539 4637 4636
f 4539 4636 4516
f 4639 4640 4500
f 4516 4504 4641
f 4500 4516 7811
f 4640 4516 4500
f 7811 4633 4500
f 4645 4643 4642
f 4627 4643 4516
f 4516 4643 4535
f 7807 4535 4643
f 7807 4643 4645
f 7806 7807 4646
f 7827 4646 4644
f 7807 4645 4646
f 4646 7827 7806
f 4494 7827 4644
f 4648 4647 4477
f 4494 4477 4647
f 4494 4647 4564
f 4647 4648 4649
f 4649 4648 4481
f 4649 4481 4650
f 4480 4651 4650
f 4650 4481 4480
f 4651 4480 4483
f 7835 4483 4653
f 4483 7835 7803
f 4652 7833 4653
f 7835 4653 7833
f 4652 4654 4655
f 4652 4655 7833
f 4654 4657 4656
f 4655 4654 4656
f 4656 4657 4658
f 4656 4658 4660
f 4658 4661 4659
f 4658 4659 4660
f 4659 4661 4662
f 4661 2670 4662
f 4663 4664 2705
f 4662 2670 4664
f 4662 4664 4666
f 4671 2618 2666
f 4668 4667 2618
f 4665 4664 4663
f 4665 4666 4664
f 4673 2618 4671
f 4663 4667 4668
f 4672 4663 4668
f 4663 4672 4665
f 4669 4676 4677
f 4665 4672 7800
f 4670 4671 4675
f 4668 2618 4673
f 4672 4668 4673
f 4672 4673 4676
f 4674 4675 2709
f 4671 4670 4673
f 4670 4677 4673
f 4676 4673 4677
f 4672 4676 7800
f 4678 4674 4687
f 2709 4675 4671
f 4675 4677 4670
f 4675 4679 4677
f 4669 4677 4679
f 7841 4669 4679
f 4674 4678 4675
f 4678 4680 4675
f 4679 4675 4680
f 7842 4679 4680
f 7842 7841 4679
f 4685 4687 4674
f 4687 4689 4678
f 4689 4680 4678
f 4689 4681 4680
f 4683 4696 4695
f 7842 4680 4681
f 4682 4681 4683
f 4684 4685 2660
f 4684 4687 4685
f 2723 4692 4690
f 4684 4686 4687
f 4686 4689 4687
f 4683 4689 4686
f 7796 4688 4701
f 4681 4689 4683
f 4684 2723 4690
f 4690 4693 4684
f 4693 4686 4684
f 4693 4696 4686
f 4696 4683 4686
f 4683 4695 4682
f 4691 4692 2663
f 2660 2723 4684
f 4691 4510 4698
f 4692 4697 4690
f 4693 4690 4697
f 4697 4694 4693
f 4696 4693 4694
f 4695 4696 7796
f 4688 7796 4696
f 4692 4698 4697
f 4698 4692 4691
f 4697 4703 4694
f 4698 4703 4697
f 4694 4700 4688
f 4703 4700 4694
f 4719 4699 4714
f 4700 4701 4688
f 4700 4714 4701
f 2661 4753 2737
f 4510 4702 4698
f 4698 4702 4703
f 4702 4704 4703
f 4703 4704 4700
f 4704 4714 4700
f 4723 4718 4705
f 4737 4765 4706
f 4699 4701 4714
f 4707 4708 4709
f 4710 4726 4709
f 4752 4725 4777
f 4701 4699 4711
f 4510 2675 4712
f 4702 4712 4704
f 4712 4722 4704
f 4722 4713 4704
f 4704 4713 4714
f 4714 4713 4705
f 4765 4764 4767
f 4714 4705 4719
f 4717 4737 4738
f 4717 4715 4716
f 4717 4747 4718
f 4699 4719 7797
f 4720 4712 2675
f 4720 4728 4712
f 4712 4721 4722
f 4728 4721 4712
f 4722 4721 4713
f 4721 4723 4713
f 4713 4723 4705
f 4741 4747 4739
f 4709 4724 4710
f 4725 4752 4726
f 4719 4718 4727
f 4718 4747 4769
f 7797 4719 4727
f 4720 2737 4735
f 4729 4721 4728
f 4735 4729 4728
f 4736 4723 4721
f 4729 4736 4721
f 4736 4730 4723
f 4765 4717 4730
f 4705 4718 4719
f 4718 4723 4730
f 4730 4717 4718
f 4717 4739 4747
f 4743 4747 4731
f 4732 4747 4744
f 4733 4747 4748
f 4747 4734 4707
f 4707 4709 4747
f 4727 4718 7792
f 4729 4735 4755
f 4735 4753 4755
f 4729 4755 4756
f 4736 4729 4756
f 4730 4736 4759
f 4736 4756 4759
f 4765 4730 4759
f 4765 4776 4766
f 4717 4765 4737
f 4715 4717 4738
f 4716 4740 4717
f 4739 4717 4740
f 4741 4742 4747
f 4731 4747 4742
f 4743 4745 4747
f 4744 4747 4745
f 4732 4746 4747
f 4748 4747 4746
f 4733 4734 4747
f 4752 4749 4750
f 4524 4751 4543
f 7845 4747 4709
f 4752 7849 7845
f 2737 4753 4735
f 4754 4753 2677
f 4779 4785 4770
f 4755 4753 4754
f 4756 4755 4758
f 4755 4754 4758
f 4759 4756 4757
f 4756 4758 4757
f 4759 4757 4760
f 4773 4761 4762
f 4762 4763 4773
f 4760 4765 4759
f 4760 4763 4765
f 4763 4776 4765
f 4764 4765 4766
f 4706 4765 4767
f 4708 4724 4709
f 4726 4752 4709
f 4751 4768 4543
f 4747 7845 4769
f 4754 4778 4770
f 4770 4771 4758
f 4758 4754 4770
f 4771 4772 4757
f 4757 4758 4771
f 4760 4757 4772
f 4772 4781 4773
f 4783 4773 4782
f 4762 4774 4763
f 4763 4774 4775
f 4775 4776 4763
f 4749 4752 4777
f 4752 4750 4543
f 2653 4779 2654
f 2677 4778 4754
f 4778 4779 4770
f 4786 4771 4785
f 4771 4770 4785
f 4780 4771 4786
f 4781 4772 4780
f 4772 4771 4780
f 4790 4773 4781
f 4782 4790 4792
f 4760 4773 4763
f 4782 4773 4790
f 4783 4761 4773
f 4793 4768 4784
f 4752 4543 7849
f 4779 2653 4785
f 4787 4785 2653
f 4788 4786 4787
f 4786 4785 4787
f 4789 4780 4788
f 4780 4786 4788
f 4799 4781 4789
f 4781 4780 4789
f 4800 4790 4799
f 4508 4791 4800
f 4790 4781 4799
f 4800 4791 4790
f 4791 4792 4790
f 4793 4544 4546
f 4793 4794 4795
f 4796 2653 2763
f 4787 2653 4796
f 4803 4787 4796
f 4788 4787 4803
f 4804 4788 4803
f 4789 4788 4804
f 4797 4789 4804
f 4799 4789 4797
f 4798 4799 4797
f 4808 4800 4798
f 4800 4799 4798
f 4800 4801 4507
f 4563 4801 4800
f 7790 4794 4554
f 4522 7790 4554
f 7790 4522 7852
f 4796 2763 4810
f 4802 4796 4810
f 4803 4796 4802
f 4814 4803 4802
f 4804 4803 4814
f 4813 4804 4814
f 4797 4804 4813
f 4805 4797 4813
f 4798 4797 4805
f 4806 4798 4805
f 4808 4798 4806
f 4807 4808 4562
f 4806 4522 4808
f 4560 4561 4808
f 4554 4520 4522
f 4809 4526 7852
f 4810 4811 4816
f 4810 2762 4811
f 4802 4816 4812
f 4802 4810 4816
f 4814 4812 4815
f 4814 4802 4812
f 4813 4815 4819
f 4813 4814 4815
f 4805 4813 4819
f 4805 4819 4820
f 4806 4805 4820
f 4522 4820 4809
f 4522 4806 4820
f 4827 7855 4526
f 4816 4811 2656
f 2656 4817 4816
f 4812 4816 4817
f 4817 4822 4812
f 4815 4812 4822
f 4822 4818 4815
f 4819 4815 4818
f 4818 4824 4819
f 4824 4821 4819
f 4820 4819 4821
f 4821 4827 4820
f 4809 4820 4827
f 4522 4809 7852
f 4829 4828 2656
f 2656 4828 4817
f 4817 4828 4822
f 4828 4823 4822
f 4822 4823 4818
f 4823 4825 4818
f 4818 4825 4824
f 4824 4826 4821
f 4825 4826 4824
f 4821 4832 4827
f 4826 4832 4821
f 4832 4833 4827
f 4827 4833 7855
f 4829 4840 4828
f 2657 4840 4829
f 4840 4830 4828
f 4828 4830 4823
f 4830 4835 4823
f 4823 4835 4825
f 4825 4835 4826
f 4835 4836 4826
f 4826 4836 4832
f 4836 4831 4832
f 4832 4831 4833
f 4838 4841 4840
f 4841 4830 4840
f 4841 4834 4830
f 4834 4835 4830
f 4834 4850 4835
f 4850 4836 4835
f 4850 4837 4836
f 4837 4831 4836
f 4837 4527 4831
f 4527 4529 4831
f 4852 4845 4528
f 4838 2781 4839
f 4839 4846 4838
f 2657 4838 4840
f 4849 4846 4847
f 4849 4841 4846
f 4842 4849 5233
f 4842 4850 4849
f 4844 4842 5241
f 4844 4850 4842
f 4843 4844 5243
f 4843 4837 4844
f 4852 4843 4851
f 4852 4527 4843
f 4845 4852 5237
f 5239 4846 4839
f 5239 4847 4846
f 4841 4838 4846
f 4849 4847 4848
f 4834 4841 4849
f 4849 4848 5233
f 4850 4834 4849
f 4842 5233 5241
f 4844 5241 5243
f 4837 4850 4844
f 4843 5243 4851
f 4527 4837 4843
f 4852 4851 5237
f 4528 4527 4852
f 4874 4854 4853
f 4853 4854 4878
f 5038 4876 4875
f 5039 4855 4873
f 5038 4872 4876
f 5039 4871 4855
f 4866 4868 4856
f 5041 4866 4869
f 4867 4857 4868
f 4858 4859 4857
f 4857 4867 4858
f 4860 4859 5045
f 4858 5045 4859
f 4860 5045 5046
f 4860 5046 4862
f 4861 4862 4863
f 5046 4863 4862
f 4861 4865 4096
f 4864 5007 5006
f 4863 4865 4861
f 4866 4867 4868
f 4869 4866 4856
f 4870 4871 5041
f 4870 5041 4869
f 4870 4855 4871
f 5038 4873 4872
f 5039 4873 5038
f 4874 4875 4877
f 4875 4876 4877
f 4854 4874 4877
f 4878 4880 4853
f 4878 4879 4880
f 4879 4881 5032
f 5133 4914 5134
f 4882 4883 5029
f 4882 4884 4885
f 4970 4886 4978
f 4883 4882 4949
f 4887 5175 4888
f 5102 4891 5081
f 5102 4889 5103
f 4889 4890 5090
f 4891 4892 5139
f 5194 5175 5198
f 5063 5059 5065
f 4893 5179 4931
f 5179 4929 5192
f 5191 5179 5192
f 4926 4894 4895
f 4896 4915 4917
f 5067 7912 5073
f 7895 4898 4914
f 7884 7908 5075
f 4897 4898 4899
f 4900 7908 4901
f 4898 4916 4899
f 5207 4902 5214
f 4903 5228 7902
f 5181 4933 4904
f 4952 4935 4882
f 4905 5031 4906
f 4907 4944 4945
f 7935 4976 7938
f 4969 4998 4908
f 5013 5012 4996
f 4909 4910 7865
f 4911 3999 7865
f 7865 3999 4909
f 4909 3999 4281
f 7894 4917 4898
f 4912 5120 5115
f 5158 5137 5136
f 4913 4914 4898
f 4917 4915 4916
f 4917 7894 4926
f 4896 4917 4918
f 4926 4919 4918
f 4926 4895 4919
f 4917 4926 4918
f 4921 4894 4926
f 4920 4923 4926
f 4924 4921 4926
f 4922 4920 4926
f 4926 4923 4924
f 4925 4926 5192
f 4922 4926 4925
f 4927 4928 5179
f 4928 4929 5179
f 5179 4930 5190
f 5189 4927 5179
f 5179 4893 4930
f 5183 4931 5179
f 5179 4933 5183
f 4932 4904 4933
f 5144 5155 5154
f 5078 5087 4934
f 4935 4950 4882
f 4936 4906 5031
f 4937 4884 4882
f 4938 4953 4882
f 4939 4951 4882
f 5036 5037 4874
f 7924 5041 7874
f 5013 4940 4941
f 7935 5013 4997
f 4942 4943 4945
f 4942 4945 4944
f 4947 4907 4945
f 7870 5031 4945
f 4943 5017 4945
f 5023 5031 4905
f 4946 5033 4882
f 5031 4947 4945
f 5030 4882 4885
f 4882 4948 4949
f 4950 4939 4882
f 4948 4882 4951
f 4952 4882 4953
f 4959 4954 7866
f 4911 7865 4956
f 4959 4958 4964
f 4955 4978 5001
f 4974 4978 4975
f 4959 4911 4956
f 4959 4956 4954
f 4957 4976 4991
f 4958 4959 7866
f 4964 7866 7942
f 4975 4960 4973
f 4986 4961 4975
f 4958 7866 4964
f 4908 4962 4963
f 4969 4964 7942
f 4975 4961 4985
f 4989 4981 4908
f 4965 4976 4966
f 4993 4997 4995
f 4967 4979 4975
f 4964 4969 4968
f 4979 4968 4969
f 4970 4972 4971
f 4972 4978 4980
f 4973 4974 4975
f 4976 4965 4982
f 4992 4976 4977
f 5005 5004 4886
f 4984 4975 4978
f 4969 4908 4979
f 4979 4908 4975
f 4980 4978 4955
f 4908 4963 4975
f 4981 4988 4908
f 4908 4976 4982
f 4977 4997 4994
f 4977 4976 4997
f 4976 4908 4998
f 4864 4983 5007
f 4967 4975 4984
f 4985 4960 4975
f 4986 4975 4987
f 4963 4987 4975
f 4962 4908 4988
f 4989 4908 4990
f 4908 4982 4990
f 4966 4976 4957
f 4991 4976 4992
f 4997 4993 4994
f 4997 5002 4995
f 5013 4996 4940
f 4997 4976 7935
f 4998 7938 4976
f 4978 4886 4984
f 5016 4999 5000
f 5010 4999 5016
f 4970 4978 4972
f 4974 5001 4978
f 5013 4941 5002
f 5002 4997 5013
f 5003 5004 5005
f 4983 5003 5005
f 5006 5007 5008
f 4983 5019 5007
f 4970 5005 4886
f 5016 5005 4970
f 5009 5014 5016
f 5010 5016 4970
f 4970 5011 5010
f 5011 4970 4971
f 5017 5012 5013
f 5013 7936 5017
f 7935 7936 5013
f 4983 5005 5020
f 5020 5005 5016
f 5020 5014 5015
f 5014 5020 5016
f 5009 5016 5000
f 5017 5018 4945
f 7936 5018 5017
f 4879 5032 4880
f 4983 5020 5019
f 5008 5019 4882
f 5025 5019 5020
f 5020 5022 5025
f 5021 5020 5015
f 5021 5022 5020
f 5031 5023 4947
f 5018 7870 4945
f 5031 7870 7869
f 5007 5019 5008
f 5024 5019 5025
f 5024 5026 5019
f 5019 5026 5028
f 5027 5019 5028
f 4938 5019 5027
f 4938 4882 5019
f 4936 5031 5030
f 4882 5029 4937
f 5031 4946 4882
f 5030 5031 4882
f 4946 5031 7869
f 5032 4881 5034
f 5008 4882 5034
f 4882 5033 5034
f 5035 5034 5033
f 5035 5032 5034
f 7872 4880 5035
f 5036 4853 4880
f 5035 4880 5032
f 4880 7872 5036
f 4874 4853 5036
f 5038 4875 7928
f 4874 7928 4875
f 4874 5037 7928
f 5039 5038 5040
f 5040 5038 7928
f 5039 5040 7925
f 4871 7925 7874
f 7925 4871 5039
f 7874 5041 4871
f 7876 4866 5041
f 5041 7924 7876
f 4867 4866 5042
f 7876 5042 4866
f 5044 5045 4858
f 4867 5043 4858
f 4867 5042 5043
f 5043 5044 4858
f 5044 5046 5045
f 5044 7878 5046
f 5046 7918 4863
f 5046 7878 7918
f 7918 5047 4863
f 4863 5047 5048
f 5047 5049 5048
f 5047 7879 5049
f 5050 5052 5049
f 7879 5050 5049
f 5051 5060 5053
f 5056 5054 5052
f 5052 5050 5056
f 7914 5062 5057
f 5050 5058 5056
f 5053 5054 5051
f 5054 5057 5051
f 5056 5057 5054
f 5057 5055 7914
f 5056 5055 5057
f 5051 5061 5060
f 5061 5051 5062
f 5062 5051 5057
f 5056 5058 5055
f 5068 5070 5063
f 5061 5059 5060
f 5060 5059 5064
f 5059 5061 5062
f 5059 5062 5066
f 7914 5066 5062
f 7881 5066 7914
f 5063 5064 5059
f 5065 5066 5069
f 5066 5065 5059
f 5067 5069 5066
f 5067 5066 7881
f 5071 5084 5072
f 5068 5063 5065
f 5068 5065 5074
f 5074 5069 5073
f 5074 5065 5069
f 5067 5073 5069
f 5080 5079 5073
f 5073 7912 5080
f 5072 5070 5068
f 5068 5071 5072
f 5071 5074 5077
f 5071 5068 5074
f 5073 5077 5074
f 5079 5077 5073
f 7884 5075 5087
f 5084 5082 5076
f 5076 5072 5084
f 5084 5071 5086
f 5086 5071 5077
f 5086 5077 5078
f 5078 5077 5079
f 5078 5079 7885
f 5079 5080 7885
f 5081 3402 4889
f 5085 5083 5082
f 5089 4890 5083
f 5084 5085 5082
f 5086 5085 5084
f 5085 5086 4934
f 5078 4934 5086
f 5087 5078 7885
f 5087 7885 7884
f 5089 5083 5085
f 5085 4934 5091
f 5089 5085 5091
f 4934 5087 5088
f 5091 4934 5088
f 5101 5097 4900
f 5088 5087 5075
f 5088 5075 5097
f 4890 5089 5090
f 5089 5091 5090
f 5090 5091 5092
f 5091 5088 5092
f 5092 5088 5097
f 5112 5114 5115
f 5124 5093 5147
f 4900 5097 5075
f 5094 5137 5152
f 5158 5095 5110
f 5075 7908 4900
f 3402 4890 4889
f 4889 5090 5103
f 5090 5092 5103
f 5103 5092 5096
f 5092 5097 5096
f 5096 5097 5114
f 5147 5098 5151
f 5097 5101 5114
f 5116 5125 5124
f 5116 5099 5100
f 5116 5115 5120
f 5115 5101 4912
f 4900 4901 5101
f 5081 4889 5102
f 5103 5096 5104
f 5102 5103 5104
f 5096 5114 5112
f 5104 5096 5112
f 5105 5117 5120
f 5120 5106 5107
f 5108 5109 5137
f 5110 5152 5158
f 5101 5111 4912
f 4912 7887 5120
f 4901 5111 5101
f 5141 5121 5139
f 4891 5102 4892
f 4892 5102 5104
f 4892 5104 5122
f 5122 5104 5112
f 5122 5112 5113
f 5147 5113 5116
f 5114 5101 5115
f 5115 5113 5112
f 5113 5115 5116
f 5116 5120 5117
f 5118 5128 5120
f 5130 5119 5120
f 5109 5120 5137
f 5160 5159 5121
f 4892 5138 5139
f 5122 5143 4892
f 4892 5143 5138
f 5113 5146 5122
f 5122 5146 5143
f 5147 5146 5113
f 5147 5123 5150
f 5116 5124 5147
f 5100 5125 5116
f 5099 5116 5126
f 5117 5126 5116
f 5105 5120 5127
f 5128 5127 5120
f 5118 5120 5129
f 5119 5129 5120
f 5130 5120 5131
f 5107 5131 5120
f 5120 5109 5106
f 5137 5132 5108
f 5158 5133 5157
f 5134 4914 5135
f 5136 5137 5120
f 5158 5136 7890
f 5167 5161 5160
f 5138 5141 5139
f 5143 5140 5138
f 5138 5140 5141
f 5146 5142 5143
f 5143 5142 5140
f 5146 5144 5142
f 5145 5155 5149
f 5144 5146 5147
f 5149 5148 5145
f 5144 5147 5149
f 5150 5148 5149
f 5149 5147 5150
f 5151 5123 5147
f 5093 5098 5147
f 5137 5094 5132
f 5152 5137 5158
f 5135 4914 4913
f 5120 7887 5136
f 5121 5141 5160
f 5160 5140 5153
f 5140 5160 5141
f 5153 5142 5154
f 5142 5153 5140
f 5144 5154 5142
f 5154 5155 5170
f 5166 5164 5155
f 5145 5156 5155
f 5157 5095 5158
f 5158 4914 5133
f 5159 5160 5161
f 5163 5167 5153
f 5153 5167 5160
f 5162 5163 5153
f 5170 5162 5154
f 5154 5162 5153
f 5171 5170 5155
f 5164 5165 5171
f 5144 5149 5155
f 5164 5171 5155
f 5166 5155 5156
f 4898 4897 4913
f 5158 7890 4914
f 5161 5167 4887
f 5168 4887 5167
f 5176 5168 5163
f 5163 5168 5167
f 5169 5176 5162
f 5162 5176 5163
f 5178 5169 5170
f 5170 5169 5162
f 4933 5178 5171
f 5171 5178 5170
f 4933 5171 4932
f 5171 5165 5172
f 4932 5171 5172
f 4898 4917 4916
f 4898 7895 7894
f 5173 5215 5193
f 5168 5175 4887
f 5174 5175 5176
f 5176 5175 5168
f 5177 5174 5169
f 5169 5174 5176
f 5187 5177 5178
f 5178 5177 5169
f 5180 5187 5178
f 5179 5180 4933
f 4933 5180 5178
f 4933 5181 5182
f 5183 4933 5182
f 5184 4926 7894
f 5191 4926 5184
f 5184 5208 5191
f 5175 5194 4888
f 5185 5198 5175
f 5174 5185 5175
f 5199 5185 5174
f 5177 5199 5174
f 5186 5199 5177
f 5187 5186 5177
f 5188 5186 5187
f 5180 5188 5187
f 5201 5188 5180
f 5179 5201 5180
f 5201 5179 5191
f 5189 5179 5190
f 4926 5191 5192
f 5207 5208 4902
f 5173 5193 5195
f 5194 5197 5195
f 5198 5197 5194
f 5185 5196 5197
f 5185 5197 5198
f 5199 5205 5196
f 5199 5196 5185
f 5186 5200 5205
f 5186 5205 5199
f 5188 5202 5200
f 5188 5200 5186
f 5201 5202 5188
f 5201 5207 5202
f 5191 5207 5201
f 5214 4902 7898
f 5173 5197 5203
f 5196 5203 5197
f 5203 5196 5204
f 5205 5204 5196
f 5204 5205 5210
f 5200 5210 5205
f 5210 5200 5206
f 5202 5206 5200
f 5206 5202 5213
f 5207 5213 5202
f 5213 5207 5214
f 5191 5208 5207
f 5195 5197 5173
f 5215 5173 5209
f 5173 5203 5209
f 5203 5204 5209
f 5209 5204 5211
f 5204 5210 5211
f 5211 5210 5216
f 5210 5206 5216
f 5216 5206 5218
f 5206 5213 5218
f 5218 5213 5212
f 5213 5214 5219
f 5212 5213 5219
f 5219 5214 7902
f 5214 7898 7902
f 5215 5209 5220
f 5231 5215 5220
f 5220 5209 5222
f 5209 5211 5222
f 5211 5216 5222
f 5222 5216 5224
f 5216 5218 5224
f 5218 5212 5217
f 5224 5218 5217
f 5212 5219 5217
f 5217 5219 5228
f 5219 7902 5228
f 5240 5220 5221
f 5221 5220 5222
f 5221 5222 5223
f 5223 5222 5234
f 5234 5222 5224
f 5234 5224 5225
f 5225 5224 5226
f 5226 5224 5217
f 5227 5217 5228
f 5226 5217 5227
f 5227 5228 7904
f 7904 5228 4903
f 5238 7904 7906
f 5229 5240 5230
f 5231 5220 5240
f 5232 4847 5230
f 5232 5230 5223
f 5235 5233 5232
f 5235 5232 5234
f 5236 5241 5235
f 5236 5235 5226
f 5242 5243 5236
f 5242 5236 5226
f 5238 4851 5242
f 5238 5242 5227
f 7906 5237 5238
f 5239 5229 5230
f 5239 5230 4847
f 5221 5230 5240
f 5232 4848 4847
f 5223 5230 5221
f 5232 5233 4848
f 5234 5232 5223
f 5225 5235 5234
f 5235 5241 5233
f 5226 5235 5225
f 5236 5243 5241
f 5227 5242 5226
f 5242 4851 5243
f 7904 5238 5227
f 5238 5237 4851
f 5245 5248 5244
f 5248 5245 5247
f 5247 5249 5246
f 5247 5246 5248
f 5250 5246 5249
f 5246 5250 5251
f 5251 5250 5252
f 5253 5271 5277
f 5267 5269 5268
f 5254 5264 5266
f 5256 5257 5255
f 5266 5264 5263
f 5258 5256 5259
f 5258 5257 5256
f 5258 5259 5260
f 5262 5264 5261
f 5264 5260 5261
f 5258 5260 5264
f 5262 5263 5264
f 5263 5265 5266
f 5265 5268 5266
f 5274 5270 5269
f 5265 5267 5268
f 5268 5269 5270
f 5270 5274 5271
f 5271 5272 5273
f 5271 5274 5272
f 5278 5271 5273
f 5273 5275 5278
f 5276 5277 5278
f 5275 5279 5278
f 5271 5278 5277
f 5352 4314 5353
f 5355 5356 8532
f 5348 5280 2527
f 5467 5463 5338
f 5331 5375 5432
f 5281 4333 5326
f 5495 5325 4408
f 5283 5282 4190
f 5283 4052 5321
f 5284 4050 5318
f 4046 5285 5288
f 5537 5531 5286
f 5504 5287 5288
f 5503 5288 5501
f 5511 5509 5513
f 5289 5525 5308
f 5309 5308 5290
f 5290 5292 5291
f 5291 4055 5290
f 5291 5292 5293
f 5293 5292 5295
f 5293 5295 4184
f 5296 5294 4184
f 4184 5295 5296
f 4058 5294 5296
f 4058 5296 5297
f 4058 5297 4182
f 5299 4059 4182
f 4182 5297 5299
f 4059 5299 5298
f 5298 5299 5300
f 5300 2338 4041
f 5306 2339 5300
f 2338 5300 2339
f 5303 5301 5306
f 5306 5301 2339
f 5306 5304 5303
f 5302 5304 5306
f 5303 5304 5305
f 5302 5306 5307
f 5298 5300 4041
f 5290 4055 5309
f 5289 5308 5309
f 5522 5525 5289
f 5310 5509 5287
f 5311 5312 5522
f 5313 5537 5314
f 5540 5315 5316
f 5317 5318 4050
f 5319 5318 5317
f 5320 5318 5319
f 4190 5320 5319
f 5320 4190 5282
f 5283 5321 5282
f 5321 4052 5322
f 4053 5322 4052
f 4053 4332 5322
f 5322 4332 5323
f 4332 4330 5323
f 4330 5324 5323
f 4330 5281 5324
f 5324 5281 5326
f 4408 5325 4333
f 5326 4333 5325
f 5362 5495 5327
f 5368 5328 5329
f 5367 5370 5495
f 5330 5373 5422
f 5331 5433 5332
f 5333 5385 5334
f 5452 5335 5451
f 5456 5336 5485
f 5467 5401 5459
f 5467 5337 5400
f 5338 5339 5467
f 5475 5473 5340
f 5342 5475 5340
f 5341 5475 5342
f 4323 5341 5342
f 4321 5343 5341
f 5341 4323 4321
f 4321 5345 5343
f 5345 5344 5343
f 4317 5344 5345
f 5346 5344 4317
f 5346 4316 5280
f 4316 5346 4317
f 5280 4316 2527
f 5347 5348 4315
f 5348 5347 5280
f 4315 4405 5349
f 5349 5347 4315
f 5350 5349 5351
f 4405 5351 5349
f 5350 4314 5352
f 4314 5350 5351
f 5352 5353 5355
f 5353 7066 5355
f 7066 7064 5356
f 7064 5354 5356
f 5354 7053 5356
f 5355 7066 5356
f 7053 8530 5356
f 5356 8531 8532
f 5357 5495 5358
f 4408 5359 5419
f 5360 5417 5368
f 5327 5495 5361
f 5495 5357 5361
f 5368 5416 5360
f 5495 5362 5366
f 5363 5368 5364
f 5365 5364 5368
f 5495 5366 5367
f 5368 5369 5365
f 5371 5495 5370
f 5422 5495 5371
f 5415 5372 5368
f 5373 5374 5422
f 5331 5425 5427
f 5421 5331 5495
f 5331 5428 5375
f 5426 5376 5493
f 5435 5437 5431
f 5441 5381 5331
f 5377 5410 5378
f 5383 5443 5384
f 5378 5410 5385
f 5379 5380 5381
f 5382 5383 5384
f 5385 5410 5334
f 5447 5491 5386
f 5387 5334 5388
f 5333 5334 5387
f 5389 5391 5390
f 5490 5491 5446
f 5450 5390 5391
f 5394 5408 5334
f 5453 5390 5392
f 5395 5393 5407
f 5467 5454 5337
f 5453 5467 5390
f 5393 5394 5334
f 5395 5407 5396
f 5397 5398 5464
f 5396 5407 5399
f 5467 5400 5401
f 5402 5464 5398
f 5403 5397 5464
f 5404 5483 5405
f 5482 5404 5458
f 5481 5404 5405
f 5464 5405 5403
f 5407 5464 5406
f 5402 5406 5464
f 5407 5406 5399
f 5407 5393 5334
f 5408 5409 5334
f 5334 5409 5388
f 5410 5377 5411
f 5410 5411 5413
f 5410 5413 5412
f 5412 5413 5414
f 5414 5415 5412
f 5412 5415 5368
f 5369 5368 5372
f 5368 5363 5416
f 5368 5329 4408
f 5368 5417 5328
f 4408 5329 5359
f 5495 4408 5418
f 4408 5419 5418
f 5358 5495 5420
f 5495 5418 5420
f 5422 5376 5424
f 5495 5494 5421
f 5424 5330 5422
f 5423 5424 5376
f 5331 5421 5425
f 5426 5423 5376
f 5331 5427 5428
f 5493 5492 5429
f 5430 5429 5492
f 5434 5429 5430
f 5435 5431 5434
f 5331 5432 5433
f 5434 5430 5435
f 5436 5438 5437
f 5332 5441 5331
f 5437 5435 5436
f 5436 5440 5438
f 5439 5438 5440
f 5381 5441 5379
f 5442 5439 5443
f 5381 5380 5444
f 5383 5442 5443
f 5383 5382 5386
f 5381 5444 5445
f 5381 5445 5389
f 5381 5389 5390
f 5446 5491 5447
f 5489 5448 5449
f 5450 5392 5390
f 5451 5448 5488
f 5487 5335 5452
f 5467 5453 5454
f 5336 5335 5487
f 5455 5456 5486
f 5456 5484 5404
f 5404 5457 5458
f 5467 5459 5461
f 5460 5467 5461
f 5464 5462 5481
f 5479 5473 5465
f 5467 5460 5463
f 5480 5464 5473
f 5465 5473 5466
f 5467 5468 5472
f 5467 5339 5468
f 5473 5470 5466
f 5469 5470 5473
f 5475 5467 5471
f 5472 5471 5467
f 5478 5469 5473
f 5476 5475 5474
f 5475 5471 5474
f 5473 5475 5477
f 5475 5476 5477
f 5473 5477 5478
f 5473 5479 5480
f 5464 5480 5462
f 5405 5464 5481
f 5482 5483 5404
f 5484 5457 5404
f 5455 5484 5456
f 5485 5486 5456
f 5487 5485 5336
f 5488 5452 5451
f 5489 5488 5448
f 5490 5489 5449
f 5490 5449 5491
f 5382 5447 5386
f 5440 5443 5439
f 5376 5492 5493
f 5495 5422 5374
f 5494 5495 5496
f 5495 5374 5496
f 5530 5499 5498
f 4046 5565 5285
f 5288 5285 5497
f 5498 5499 5529
f 5499 5500 5528
f 5288 5497 5501
f 5500 5499 5505
f 5507 5506 5502
f 5288 5503 5504
f 5505 5499 5507
f 5288 5287 5509
f 5527 5506 5507
f 5507 5508 5526
f 5512 5509 5310
f 5508 5507 5510
f 5509 5511 5522
f 5509 5512 5513
f 5515 5510 5507
f 5525 5522 5524
f 5522 5511 5311
f 5514 5515 5507
f 5516 5522 5517
f 5522 5312 5517
f 5518 5519 5507
f 5525 5520 5518
f 5523 5522 5521
f 5522 5516 5521
f 5522 5523 5524
f 5525 5524 5520
f 5525 5518 5507
f 5507 5519 5514
f 5507 5526 5527
f 5507 5502 5505
f 5499 5528 5529
f 5537 5499 5530
f 5537 5530 5531
f 5532 5564 5534
f 5286 5533 5537
f 5534 5535 5532
f 5537 5533 5314
f 5540 5537 5536
f 5313 5536 5537
f 5534 5563 5538
f 5539 5540 5536
f 5540 5539 5541
f 5542 5562 5549
f 5543 5540 5541
f 5543 5545 5540
f 5549 5544 5561
f 5549 5548 5544
f 5540 5545 5546
f 5547 5548 5549
f 4050 5552 5547
f 5540 5546 5315
f 5316 5550 5540
f 4050 5551 5552
f 5553 5551 4050
f 5540 5554 5557
f 5550 5554 5540
f 4050 5555 5553
f 5559 5555 4050
f 5556 5284 5557
f 5540 5557 5284
f 4050 5558 5559
f 5558 5284 5560
f 5284 5556 5560
f 4050 5284 5558
f 4050 5547 5549
f 5549 5561 5542
f 5549 5562 5534
f 5534 5562 5563
f 5534 5538 5535
f 4046 5534 5564
f 4046 5564 5565
f 5721 5690 5713
f 5702 5566 5713
f 5848 5839 5857
f 5750 5567 5758
f 5756 5568 5720
f 5922 5923 5569
f 5570 5571 5949
f 5573 5572 5959
f 5573 5987 5978
f 5978 5579 5988
f 6015 5579 5574
f 6026 6015 5574
f 6042 6058 6047
f 6042 6046 6058
f 6036 5575 6026
f 6073 5576 6075
f 6069 5577 6068
f 5578 5988 6015
f 5574 5579 6018
f 5923 5571 5945
f 5904 5903 5580
f 5903 5886 5866
f 5903 5865 5580
f 5864 5876 5859
f 5929 5591 5581
f 5581 5591 5582
f 5930 5583 5916
f 5591 5584 5582
f 5916 5591 5929
f 5905 5583 5909
f 5580 5800 5585
f 5814 5815 5586
f 5815 5777 5568
f 5566 5568 5722
f 5758 5703 5750
f 5587 5816 5807
f 5789 5588 5589
f 5860 5863 5839
f 5877 5590 5905
f 5591 8561 5584
f 5865 5866 5592
f 5592 5586 5756
f 5782 5588 5817
f 5652 5690 5688
f 5652 5662 5651
f 5594 5593 5656
f 5613 5662 5593
f 5655 5593 5594
f 6288 5595 5596
f 5665 5596 5597
f 5598 5712 5737
f 5665 5684 5666
f 5730 5711 5710
f 5738 5748 5739
f 5668 5599 5679
f 6583 6413 5670
f 5600 5609 5614
f 5620 5621 5601
f 5623 5602 5631
f 5646 5607 6227
f 6227 5658 6266
f 5603 6324 6288
f 5653 5604 5657
f 5646 5657 5606
f 5605 5604 5639
f 5646 5606 5607
f 5690 5650 5702
f 5651 5662 5613
f 5652 5644 5650
f 5613 5593 5612
f 5651 5608 5644
f 5609 5638 5643
f 5610 5611 5630
f 5612 5611 5613
f 5631 5638 5600
f 5608 5630 5615
f 5614 5615 5625
f 5625 5620 5624
f 6131 6117 5615
f 5601 6111 5617
f 5621 6118 6111
f 4147 5616 6111
f 6111 5616 5617
f 5601 5621 6111
f 5619 5618 5620
f 5620 5601 5619
f 5620 5618 5622
f 6118 5621 6117
f 5621 5625 6117
f 5622 5623 5624
f 5620 5625 5621
f 6131 6115 6117
f 5602 5626 5631
f 5620 5622 5624
f 5631 5624 5623
f 5624 5614 5625
f 5625 5615 6117
f 5631 5626 5629
f 5600 5614 5624
f 6131 5627 6132
f 5608 5615 5614
f 6131 5630 5611
f 6131 5611 5627
f 5628 5634 5629
f 5631 5600 5624
f 5615 5630 6131
f 5631 5634 5638
f 5631 5629 5634
f 5609 5608 5614
f 5638 5609 5600
f 6151 5612 5632
f 5610 5630 5608
f 5628 5633 5634
f 5634 5661 5638
f 5608 5609 5643
f 6151 5611 5612
f 5611 5610 5613
f 5635 5632 5612
f 5633 5636 5637
f 5634 5633 5637
f 5608 5643 5644
f 5613 5610 5651
f 5640 6166 5635
f 5640 5635 5655
f 5651 5610 5608
f 5635 5612 5655
f 5637 5636 5642
f 5637 5673 5634
f 5661 5634 5673
f 5661 5643 5638
f 5653 5640 5639
f 5653 5641 5640
f 5593 5655 5612
f 5639 5640 5655
f 5641 5653 5647
f 5641 5647 6217
f 5673 5637 5659
f 5637 5642 5659
f 5645 5643 5661
f 5644 5643 5645
f 5657 5647 5653
f 5657 5646 5647
f 5648 5659 5642
f 5650 5645 5649
f 5644 5645 5650
f 5651 5644 5652
f 5605 5639 5655
f 5604 5653 5639
f 6227 5607 5658
f 5648 5654 5659
f 5605 5655 5594
f 5675 5682 5606
f 5593 5662 5656
f 5657 5683 5606
f 5658 5595 6266
f 5683 5657 5604
f 5658 5596 5595
f 5654 5672 5659
f 5660 5661 5673
f 5660 5649 5661
f 5645 5661 5649
f 5682 5597 5607
f 5596 5666 6288
f 5606 5683 5675
f 5682 5607 5606
f 5596 5658 5597
f 6288 5666 5603
f 5662 5688 5656
f 5662 5652 5688
f 5604 5689 5683
f 5677 5597 5682
f 5604 5605 5689
f 5597 5658 5607
f 5663 5603 5695
f 5664 5663 5695
f 5596 5665 5666
f 5695 5603 5666
f 5697 5599 5669
f 5667 5679 5664
f 5668 5669 5599
f 6413 5697 5670
f 6413 6583 6669
f 5671 5672 5654
f 5687 5673 5659
f 5660 5673 5687
f 5702 5649 5723
f 5649 5702 5650
f 5674 5689 5605
f 5652 5650 5690
f 5700 5676 5683
f 5676 5681 5675
f 5605 5594 5674
f 5683 5676 5675
f 5677 5682 5681
f 5665 5597 5677
f 5669 5668 5678
f 5667 5668 5679
f 5695 5667 5664
f 5669 5678 5696
f 5678 5668 5667
f 5599 5697 6413
f 5687 5753 5778
f 5705 5656 5680
f 5674 5594 5705
f 5688 5680 5656
f 5594 5656 5705
f 5692 5677 5681
f 5677 5699 5665
f 5681 5682 5675
f 5683 5689 5700
f 5695 5666 5684
f 5678 5667 5693
f 5694 5695 5684
f 5693 5667 5695
f 5670 5697 5685
f 6682 6683 5670
f 5696 5685 5697
f 5670 5685 6682
f 6583 5670 6683
f 5753 5659 5672
f 5686 5660 5687
f 5687 5659 5753
f 5686 5723 5660
f 5688 5721 5680
f 5723 5649 5660
f 5717 5700 5689
f 5688 5690 5721
f 5676 5700 5707
f 5681 5676 5691
f 5684 5699 5710
f 5707 5691 5676
f 5692 5681 5691
f 5711 5694 5684
f 5699 5677 5692
f 5684 5665 5699
f 5693 5696 5678
f 5694 5693 5695
f 5669 5696 5697
f 5698 5672 5671
f 5692 5691 5727
f 5717 5689 5716
f 5692 5709 5699
f 5707 5700 5717
f 5710 5711 5684
f 5712 5701 5693
f 5693 5694 5712
f 5696 6711 5685
f 5696 5701 6711
f 6682 5685 6711
f 5778 5686 5687
f 5703 5743 5680
f 5723 5566 5702
f 5706 5716 5674
f 5690 5702 5713
f 5715 5717 5716
f 5680 5721 5703
f 5717 5704 5707
f 5716 5689 5674
f 5707 5729 5691
f 5674 5705 5706
f 5726 5709 5727
f 5730 5710 5708
f 5704 5729 5707
f 5708 5699 5709
f 5727 5691 5729
f 5737 5711 5730
f 5727 5709 5692
f 5710 5699 5708
f 5711 5712 5694
f 5701 6717 6711
f 5693 5701 5696
f 5754 5753 5672
f 5706 5705 5743
f 5721 5713 5740
f 5716 5706 5714
f 5745 5704 5715
f 5705 5680 5743
f 5714 5715 5716
f 5704 5717 5715
f 5708 5709 5726
f 5712 5711 5737
f 5718 6717 5701
f 5598 5718 5701
f 5672 5698 5754
f 5698 5719 5754
f 5686 5755 5720
f 5566 5723 5720
f 5740 5703 5721
f 5755 5686 5778
f 5722 5713 5566
f 5686 5720 5723
f 5704 5724 5729
f 5714 5706 5725
f 5751 5726 5728
f 5728 5727 5729
f 5745 5724 5704
f 5731 5708 5726
f 5728 5729 5724
f 5728 5726 5727
f 5730 5731 5732
f 5708 5731 5730
f 5732 5737 5730
f 5712 5598 5701
f 5718 5598 6729
f 5742 5725 5733
f 5714 5725 5741
f 5714 5734 5715
f 5725 5706 5743
f 5735 5724 5745
f 5725 5743 5733
f 5741 5734 5714
f 5745 5715 5734
f 5724 5735 5736
f 5761 5731 5746
f 5732 5761 5747
f 5732 5738 5737
f 5738 5598 5737
f 5598 5738 5739
f 5722 5740 5713
f 5720 5568 5566
f 5764 5741 5742
f 5733 5743 5703
f 5745 5734 5744
f 5741 5725 5742
f 5728 5724 5736
f 5759 5751 5770
f 5735 5745 5744
f 5761 5746 5759
f 5751 5731 5726
f 5736 5751 5728
f 5751 5746 5731
f 5731 5761 5732
f 5748 5747 5752
f 5738 5747 5748
f 5738 5732 5747
f 5598 5739 6729
f 5719 5775 5754
f 5774 5749 5821
f 5796 5750 5740
f 5741 5757 5734
f 5703 5740 5750
f 5742 5733 5758
f 5766 5757 5788
f 5757 5741 5764
f 5744 5766 5790
f 5757 5744 5734
f 5736 5770 5751
f 5751 5759 5746
f 5747 5761 5752
f 6762 5748 5752
f 6762 5739 5748
f 5776 5753 5754
f 5756 5755 5801
f 5776 5778 5753
f 5778 5801 5755
f 5789 5767 5567
f 5756 5720 5755
f 5742 5758 5767
f 5757 5764 5788
f 5758 5733 5703
f 5722 5796 5740
f 5757 5766 5744
f 5735 5744 5790
f 5767 5764 5742
f 5783 5770 5736
f 5735 5783 5736
f 5762 5759 5760
f 5770 5760 5759
f 5763 5762 5771
f 5761 5762 5763
f 5761 5759 5762
f 6582 6762 5752
f 6582 5752 5763
f 5568 5756 5815
f 5767 5589 5764
f 5765 5766 5788
f 5750 5780 5567
f 5767 5758 5567
f 5589 5788 5764
f 5769 5770 5768
f 5790 5783 5735
f 5769 5791 5793
f 5762 5760 5769
f 5783 5768 5770
f 5760 5770 5769
f 8585 5771 5772
f 5761 5763 5752
f 5763 5771 8585
f 8585 6582 5763
f 8292 6582 8585
f 5773 5774 5775
f 5774 5821 5775
f 5794 5754 5775
f 5585 5778 5776
f 5776 5754 5794
f 5777 5796 5722
f 5801 5778 5585
f 5779 5780 5796
f 5780 5750 5796
f 5777 5722 5568
f 5790 5766 5781
f 5589 5767 5789
f 5788 5782 5765
f 5784 5768 5783
f 5785 5791 5792
f 5765 5781 5766
f 5790 5784 5783
f 5793 5791 5785
f 5769 5768 5791
f 5771 5762 5786
f 5786 5762 5793
f 5771 5786 5772
f 5789 5806 5787
f 5806 5567 5780
f 5589 5782 5788
f 5780 5779 5806
f 5567 5806 5789
f 5809 5781 5798
f 5588 5782 5589
f 5781 5784 5790
f 5768 5784 5792
f 5791 5768 5792
f 5812 5772 5793
f 5769 5793 5762
f 5794 5775 5821
f 5796 5777 5813
f 5587 5795 5830
f 5796 5813 5779
f 5765 5782 5807
f 5817 5588 5797
f 5588 5789 5787
f 5810 5792 5809
f 5765 5798 5781
f 5784 5781 5809
f 5799 5810 5811
f 5792 5784 5809
f 5785 5799 5793
f 5799 5785 5810
f 5812 5799 8611
f 5786 5793 5772
f 5822 5821 5749
f 5800 5801 5585
f 5813 5777 5802
f 5756 5801 5592
f 5779 5805 5806
f 5815 5756 5586
f 5802 5777 5814
f 5797 5588 5787
f 5779 5813 5805
f 5803 5804 5805
f 5805 5787 5806
f 5831 5809 5824
f 5807 5798 5765
f 5817 5807 5782
f 5808 5809 5831
f 5809 5798 5824
f 5792 5810 5785
f 5808 5811 5810
f 5811 8611 5799
f 5793 5799 5812
f 5801 5800 5592
f 5802 5828 5813
f 5814 5777 5815
f 5813 5828 5805
f 5795 5848 5830
f 5805 5797 5787
f 5816 5842 5798
f 5817 5587 5807
f 5798 5807 5816
f 5824 5798 5842
f 5808 5826 5811
f 5809 5808 5810
f 5831 5826 5808
f 5818 5819 5826
f 5811 5819 5820
f 8611 5811 5820
f 5834 5821 5822
f 5802 5814 5835
f 5846 5803 5823
f 5823 5805 5828
f 5836 5823 5845
f 5835 5828 5802
f 5804 5797 5805
f 5803 5805 5823
f 5817 5829 5795
f 5817 5797 5829
f 5587 5817 5795
f 5842 5832 5824
f 5825 5842 5847
f 5826 5831 5832
f 5832 5818 5826
f 5811 5826 5819
f 5899 5585 5776
f 5835 5827 5844
f 5856 5804 5840
f 5823 5828 5835
f 5841 5829 5856
f 5848 5841 5838
f 5804 5829 5797
f 5830 5847 5816
f 5832 5842 5825
f 5816 5587 5830
f 5824 5832 5831
f 5818 5832 8653
f 5833 5821 5834
f 5899 5776 5794
f 5814 5837 5835
f 5865 5592 5800
f 5823 5835 5845
f 5866 5586 5592
f 5846 5823 5836
f 5850 5837 5814
f 5853 5846 5836
f 5846 5840 5803
f 5856 5862 5838
f 5839 5838 5860
f 5840 5804 5803
f 5795 5841 5848
f 5829 5804 5856
f 5841 5795 5829
f 5816 5847 5842
f 5843 5585 5899
f 5865 5800 5580
f 5850 5586 5866
f 5843 5580 5585
f 5837 5827 5835
f 5850 5814 5586
f 5835 5844 5845
f 5853 5840 5846
f 5847 5830 5857
f 5847 5857 5825
f 5848 5857 5830
f 5857 5849 5825
f 8653 5832 5849
f 5825 5849 5832
f 5837 5850 5859
f 5859 5827 5837
f 5852 5851 5836
f 5883 5853 5851
f 5852 5867 5851
f 5845 5852 5836
f 5840 5853 5862
f 5851 5853 5836
f 5854 5860 5855
f 5862 5856 5840
f 5848 5838 5839
f 5857 5858 5849
f 5839 5858 5857
f 5873 5821 5833
f 5891 5879 5876
f 5859 5876 5827
f 5844 5827 5868
f 5851 5867 5878
f 5844 5852 5845
f 5844 5868 5852
f 5871 5885 5869
f 5860 5862 5871
f 5861 5871 5870
f 5860 5861 5855
f 5856 5838 5841
f 5838 5862 5860
f 5854 5872 5860
f 5858 5839 5863
f 5873 5874 5821
f 5886 5864 5850
f 5865 5903 5866
f 5850 5866 5886
f 5879 5867 5868
f 5876 5879 5827
f 5894 5896 5881
f 5867 5889 5884
f 5868 5867 5852
f 5862 5883 5878
f 5869 5870 5871
f 5853 5883 5862
f 5871 5862 5878
f 5860 5871 5861
f 5872 5863 5860
f 5897 5874 5873
f 5874 5794 5821
f 5898 5843 5899
f 5794 5874 5899
f 5843 5898 5904
f 5864 5875 5891
f 5843 5904 5580
f 5864 5859 5850
f 5864 5887 5875
f 5879 5868 5827
f 5891 5889 5879
f 5881 5884 5892
f 5864 5891 5876
f 5889 5891 5877
f 5878 5867 5884
f 5879 5889 5867
f 5880 5881 5882
f 5851 5878 5883
f 5881 5878 5884
f 5881 5885 5871
f 5881 5871 5878
f 5903 5887 5886
f 5864 5886 5887
f 5888 5583 5930
f 5895 5889 5877
f 5892 5909 5890
f 5875 5877 5891
f 5905 5895 5877
f 5892 5893 5894
f 5892 5894 5881
f 5892 5884 5895
f 5881 5896 5882
f 5881 5880 5885
f 5912 5874 5897
f 5898 5899 5900
f 5901 5902 5903
f 5922 5921 5904
f 5898 5922 5904
f 5887 5906 5875
f 5903 5904 5901
f 5877 5875 5590
f 5906 5902 5913
f 5906 5887 5902
f 5590 5915 5905
f 5590 5875 5906
f 5907 5890 5909
f 5895 5909 5892
f 5892 5890 5908
f 5889 5895 5884
f 5909 5895 5905
f 5893 5892 5908
f 5912 5950 5874
f 5900 5899 5874
f 5902 5887 5903
f 5901 5904 5921
f 5590 5906 5913
f 5917 5905 5915
f 5918 5909 5583
f 5909 5918 5910
f 5905 5917 5583
f 5910 5907 5909
f 5911 5950 5912
f 5921 5924 5901
f 5922 5898 5900
f 5902 5901 5924
f 5914 5913 5902
f 5924 5914 5902
f 5925 5928 5915
f 5913 5915 5590
f 5914 5925 5913
f 5928 5916 5917
f 5915 5913 5925
f 5918 5583 5919
f 5917 5915 5928
f 5888 5920 5583
f 5919 5583 5920
f 5569 5924 5921
f 5922 5900 5923
f 5924 5927 5914
f 5921 5922 5569
f 5925 5914 5931
f 5931 5926 5925
f 5928 5926 5933
f 5927 5931 5914
f 5928 5925 5926
f 5916 5933 5591
f 5929 5930 5916
f 5917 5916 5583
f 5935 5950 5911
f 5874 5950 5900
f 5943 5940 5944
f 5924 5940 5927
f 5931 5927 5932
f 5944 5940 5924
f 5932 5938 5931
f 5927 5940 5932
f 5938 5934 5926
f 5926 5931 5938
f 8737 5933 5934
f 5928 5933 5916
f 8737 5591 5933
f 5935 5936 5950
f 5945 5937 5569
f 5571 5900 5942
f 5923 5900 5571
f 5944 5924 5569
f 5569 5923 5945
f 5939 5932 5940
f 5946 5932 5939
f 5937 5943 5944
f 5938 5946 5948
f 5943 5939 5940
f 5938 5932 5946
f 5934 5948 5941
f 5926 5934 5933
f 8737 5934 5941
f 5942 5900 5950
f 5942 5949 5571
f 5937 5952 5943
f 5937 5944 5569
f 5939 5943 5953
f 5945 5952 5937
f 5952 5951 5961
f 5956 5955 5939
f 5955 5964 5946
f 5964 5954 5946
f 5955 5946 5939
f 5947 5948 5954
f 5938 5948 5934
f 5947 5941 5948
f 5958 5950 5936
f 5949 5942 5950
f 5958 5949 5950
f 5945 5951 5952
f 5980 5960 5968
f 5952 5961 5943
f 5945 5571 5570
f 5570 5951 5945
f 5951 5960 5961
f 5953 5956 5939
f 5961 5953 5943
f 5955 5981 5964
f 5946 5954 5948
f 5965 5957 5954
f 5951 5570 5960
f 5959 5570 5949
f 5953 5961 5962
f 5956 5969 5963
f 5981 5955 5963
f 5964 5981 5982
f 5953 5969 5956
f 5955 5956 5963
f 5965 5966 5957
f 5964 5965 5954
f 5965 5982 5966
f 5957 5947 5954
f 5958 5936 5973
f 5949 5976 5959
f 5976 5958 5973
f 5572 5960 5570
f 5949 5958 5976
f 5959 5976 5573
f 5960 5980 5961
f 5572 5570 5959
f 5962 5969 5953
f 5961 5980 5962
f 5963 5992 5981
f 5964 5982 5965
f 5970 5957 5966
f 5971 5972 5974
f 5974 5973 5936
f 5979 5962 5980
f 5967 5969 5991
f 5989 5968 5960
f 5992 5963 5967
f 5981 5992 5984
f 5969 5962 5991
f 5982 5984 5966
f 5963 5969 5967
f 5966 5984 8761
f 5966 8761 5970
f 5971 5997 5972
f 5973 5974 5975
f 5976 5977 5573
f 5977 5973 5975
f 5978 5989 5572
f 5977 5976 5973
f 5977 5987 5573
f 5968 5989 5986
f 5980 5968 5986
f 5989 5960 5572
f 5978 5572 5573
f 5979 5991 5962
f 5980 5986 5979
f 5967 5983 5992
f 5981 5984 5982
f 8763 8761 5984
f 5972 5975 5974
f 5986 5990 5979
f 5991 5979 5990
f 5988 5986 5989
f 5986 5994 5990
f 5993 5992 5983
f 5967 5991 5983
f 5984 5993 8774
f 8763 5984 8774
f 5998 5972 5997
f 5985 5975 5972
f 5972 5998 5985
f 5975 5985 5987
f 6000 5986 5988
f 5975 5987 5977
f 5988 5989 5978
f 5978 5987 5579
f 6000 5994 5986
f 5990 5983 5991
f 5993 8775 8774
f 5992 5993 5984
f 5990 5994 6010
f 5578 6000 5988
f 6002 5983 5995
f 5983 5990 5995
f 5993 6002 8775
f 5996 5998 5997
f 6005 5998 5996
f 6006 5985 5998
f 5998 6005 6006
f 5579 5987 5999
f 5985 6006 5999
f 5985 5999 5987
f 5988 5579 6015
f 6016 5994 6000
f 6010 5995 5990
f 5983 6002 5993
f 6018 6026 5574
f 5579 5999 6018
f 6010 5994 6013
f 6016 6000 5578
f 5994 6019 6013
f 6009 6001 5995
f 5995 6010 6009
f 6002 6011 6003
f 5995 6001 6002
f 6002 6001 6011
f 6003 8775 6002
f 6004 6005 5996
f 6008 6006 6005
f 6005 6007 6008
f 6006 6008 5999
f 6016 6019 5994
f 6013 6009 6010
f 8783 6011 6001
f 6001 6009 6014
f 6007 6005 6004
f 6030 6012 6031
f 6018 6032 6026
f 6033 6016 5578
f 6013 6019 6021
f 6033 5578 6015
f 6009 6013 6022
f 6014 6009 6022
f 6013 6021 6022
f 6001 6014 8783
f 6017 6007 6004
f 6007 6025 6008
f 5999 6024 6018
f 6025 6024 6008
f 6015 5575 6033
f 6024 5999 6008
f 6026 5575 6015
f 6034 6019 6016
f 6007 6028 6025
f 6028 6007 6017
f 6032 6030 6040
f 6018 6024 6032
f 6019 6020 6021
f 6034 6016 6033
f 6022 6021 6027
f 6027 6014 6022
f 6021 6020 6027
f 8783 6014 6023
f 6031 6025 6028
f 6012 6024 6025
f 6032 6024 6012
f 6031 6012 6025
f 6032 6036 6026
f 6037 6035 6020
f 6037 6020 6019
f 6027 6023 6014
f 6028 6029 6031
f 6035 6027 6020
f 6037 6019 6034
f 6034 6033 6041
f 6038 6031 6029
f 6039 6030 6031
f 6030 6032 6012
f 6041 6033 5575
f 6041 5575 6036
f 6037 6034 6041
f 6046 6043 6035
f 6027 6043 6044
f 6035 6043 6027
f 6027 6044 6023
f 6023 6044 8791
f 6062 6050 6051
f 6041 6036 6054
f 6032 6040 6036
f 6037 6046 6035
f 8796 8791 6044
f 6038 6045 6031
f 6039 6052 6030
f 6030 6052 6040
f 6041 6057 6037
f 6057 6041 6054
f 6042 6043 6046
f 6043 8796 6044
f 6045 6039 6031
f 6037 6057 6046
f 6043 6042 8796
f 6038 6049 6045
f 6050 6039 6045
f 6039 6050 6052
f 6040 6056 6036
f 6054 6036 6056
f 6058 6046 6057
f 8804 6047 6060
f 6042 6047 6048
f 6051 6045 6049
f 6050 6045 6051
f 6050 6064 6052
f 6061 6040 6052
f 6061 6052 6064
f 6053 6054 6056
f 6055 6040 6061
f 6055 6053 6056
f 6057 6059 6058
f 8804 6048 6047
f 6042 6048 8801
f 6055 6056 6040
f 6053 6057 6054
f 6053 6059 6057
f 6059 6047 6058
f 6047 6059 6060
f 6061 6064 6069
f 6053 6065 6059
f 8807 8804 6060
f 6064 6050 6063
f 6050 6062 6063
f 6053 6055 6065
f 6065 6060 6059
f 6066 6060 6065
f 6060 6066 8807
f 6066 5304 8807
f 6064 5577 6069
f 5577 6064 6063
f 6070 6061 6069
f 6061 6070 6055
f 6072 6055 6070
f 6055 6066 6065
f 6066 6072 5304
f 6055 6072 6066
f 6067 6071 6063
f 6068 6070 6069
f 5305 6070 6068
f 6072 5305 5304
f 6063 6071 5577
f 6071 6073 5577
f 6073 6071 6074
f 6070 5305 6072
f 5577 6073 6068
f 5576 6073 6074
f 6068 6073 5305
f 6075 5303 6073
f 5305 6073 5303
f 6093 6092 6108
f 6156 6161 6076
f 6171 6182 6083
f 6084 6175 6169
f 6219 6205 6078
f 6098 6220 6189
f 6077 6256 6078
f 6309 6308 6262
f 6424 6079 6358
f 6424 6393 6080
f 6459 6081 6399
f 6082 7532 7536
f 6084 6083 6175
f 6162 6083 6084
f 6154 6085 6143
f 6160 6085 6144
f 6127 6155 6156
f 6144 6154 6076
f 6128 6127 6076
f 6148 6120 6076
f 6161 6084 6169
f 6121 6086 6120
f 6097 6089 6096
f 6087 6110 6114
f 6088 6097 6109
f 6114 6089 6090
f 6114 6090 6091
f 4147 6108 6092
f 6108 6094 6093
f 6114 6110 6096
f 6091 6094 6114
f 6124 6095 6097
f 6124 6097 6135
f 6121 6097 6096
f 6153 6170 6180
f 6097 6120 6135
f 6182 6196 6175
f 6205 6098 6078
f 6182 6189 6220
f 6196 6220 6205
f 6078 6256 6257
f 6078 6257 6219
f 6249 6099 6270
f 6257 6100 6270
f 6300 6312 6279
f 6287 6279 6312
f 6346 6286 6101
f 6356 6102 6103
f 6104 6386 6378
f 6105 6435 6106
f 6443 6468 7516
f 6403 6443 6442
f 6097 6088 6089
f 6108 6111 6107
f 4147 6111 6108
f 6108 6087 6094
f 6107 6087 6108
f 6097 6095 6109
f 6123 6110 6087
f 6114 6094 6087
f 6107 6123 6087
f 6118 6107 6111
f 6107 6116 6123
f 6112 6095 6124
f 6124 6113 6112
f 6096 6089 6114
f 6125 6086 6126
f 6115 6122 6116
f 6126 6121 6110
f 6118 6116 6107
f 6117 6116 6118
f 6116 6117 6115
f 6124 6119 6113
f 6125 6126 6122
f 6086 6128 6120
f 6121 6096 6110
f 6126 6110 6123
f 6121 6120 6097
f 6122 6129 6125
f 6115 6129 6122
f 6126 6123 6122
f 6132 6129 6115
f 6123 6116 6122
f 6133 6119 6134
f 6133 6147 6146
f 6119 6124 6134
f 6148 6135 6120
f 6135 6134 6124
f 6130 6086 6125
f 6086 6121 6126
f 6127 6128 6130
f 6138 6155 6137
f 6130 6128 6086
f 6132 6139 6129
f 6125 6137 6130
f 6129 6137 6125
f 6131 6132 6115
f 6133 6134 6147
f 6148 6134 6135
f 6155 6127 6130
f 6120 6128 6076
f 6136 6138 6139
f 6137 6129 6139
f 5627 6139 6132
f 6139 6138 6137
f 5627 6145 6139
f 6140 6141 6142
f 6147 6134 6143
f 6148 6143 6134
f 6144 6076 6161
f 6155 6130 6137
f 6127 6156 6076
f 6136 6145 6150
f 6151 6145 5611
f 5627 5611 6145
f 6147 6141 6146
f 6153 6142 6147
f 6147 6142 6141
f 6147 6143 6153
f 6154 6143 6148
f 6149 6162 6155
f 6154 6148 6076
f 6157 6138 6136
f 6156 6155 6162
f 6149 6138 6157
f 5632 6150 6151
f 6139 6145 6136
f 6145 6151 6150
f 6158 6136 6150
f 6152 6140 6142
f 6170 6153 6143
f 6154 6144 6085
f 6085 6170 6143
f 6149 6155 6138
f 6162 6084 6156
f 6157 6136 6158
f 5632 6165 6150
f 6164 6158 6150
f 6165 6164 6150
f 6152 6142 6159
f 6159 6142 6168
f 6178 6179 6172
f 6153 6168 6142
f 6084 6161 6156
f 6171 6083 6157
f 6160 6144 6161
f 6162 6149 6083
f 6157 6083 6149
f 6171 6158 6163
f 6158 6164 6163
f 6164 6165 6176
f 5635 6176 6165
f 6165 5632 5635
f 5635 6166 6176
f 6177 6167 6178
f 6159 6178 6167
f 6168 6178 6159
f 6168 6153 6180
f 6181 6187 6085
f 6160 6181 6085
f 6160 6161 6169
f 6187 6170 6085
f 6171 6157 6158
f 6172 6173 6177
f 6180 6187 6194
f 6178 6168 6180
f 6181 6195 6174
f 6170 6187 6180
f 6183 6195 6160
f 6169 6175 6183
f 6163 6164 6184
f 6164 6176 6184
f 6199 6176 6198
f 6173 6172 6185
f 6178 6172 6177
f 6193 6179 6194
f 6178 6180 6179
f 6179 6180 6194
f 6181 6174 6187
f 6160 6195 6181
f 6171 6214 6189
f 6182 6175 6083
f 6183 6160 6169
f 6171 6163 6214
f 6197 6163 6184
f 6184 6176 6199
f 6176 6166 6198
f 6166 5640 6198
f 6198 5641 6200
f 5641 6198 5640
f 6186 6201 6185
f 6185 6172 6186
f 6174 6188 6187
f 6195 6203 6204
f 6194 6187 6188
f 6189 6182 6171
f 6196 6183 6175
f 6214 6163 6197
f 6210 6213 6190
f 6191 6184 6199
f 6197 6184 6191
f 6199 6208 6191
f 6197 6191 6190
f 6186 6172 6192
f 6193 6211 6179
f 6179 6192 6172
f 6193 6194 6188
f 6204 6174 6195
f 6183 6203 6195
f 6196 6203 6183
f 6190 6213 6214
f 6182 6220 6196
f 6210 6190 6191
f 6190 6214 6197
f 6198 6200 6216
f 6199 6198 6216
f 6216 6208 6199
f 6200 5641 6217
f 6216 6200 6226
f 6201 6186 6218
f 6202 6201 6218
f 6230 6192 6211
f 6192 6218 6186
f 6193 6188 6225
f 6192 6179 6211
f 6204 6232 6212
f 6203 6206 6232
f 6174 6212 6188
f 6212 6174 6204
f 6203 6205 6206
f 6234 6213 6210
f 6207 6216 6236
f 6208 6207 6209
f 6210 6191 6215
f 6200 6217 6226
f 6222 6202 6218
f 6192 6230 6218
f 6211 6225 6237
f 6211 6193 6225
f 6232 6224 6212
f 6188 6212 6225
f 6205 6203 6196
f 6189 6213 6234
f 6204 6203 6232
f 6213 6189 6214
f 6189 6234 6098
f 6215 6191 6208
f 6233 6234 6210
f 6208 6216 6207
f 6208 6209 6215
f 6226 6217 6221
f 6216 6226 6236
f 5646 6217 5647
f 6218 6229 6222
f 6218 6230 6229
f 6212 6224 6225
f 6219 6206 6205
f 6098 6205 6220
f 6242 6215 6209
f 6217 5646 6221
f 4009 6222 6229
f 4009 6228 6246
f 6211 6223 6230
f 6211 6237 6223
f 6231 6240 6224
f 6240 6237 6225
f 6224 6240 6225
f 6234 6241 6098
f 6219 6232 6206
f 6251 6233 6210
f 6251 6210 6215
f 6251 6215 6242
f 6244 6226 6221
f 6209 6263 6242
f 6207 6261 6209
f 6266 6221 6227
f 6226 6244 6236
f 6227 6221 5646
f 6229 6228 4009
f 6229 6230 6228
f 6240 6238 6237
f 6231 6232 6239
f 6232 6231 6224
f 6241 6077 6098
f 6219 6239 6232
f 6260 6241 6233
f 6233 6241 6234
f 6077 6078 6098
f 6242 6263 6264
f 6251 6250 6233
f 6207 6235 6261
f 6274 6235 6236
f 6263 6209 6261
f 6236 6235 6207
f 6276 6245 6247
f 6230 6223 6228
f 6252 6223 6267
f 6237 6267 6223
f 6254 6253 6238
f 6267 6237 6238
f 6248 6254 6231
f 6254 6238 6240
f 6239 6219 6099
f 6254 6240 6231
f 6219 6257 6099
f 6241 6260 6077
f 6264 6251 6242
f 6236 6244 6274
f 6221 6243 6244
f 6245 6246 6247
f 6246 6228 6247
f 6252 6283 6278
f 6252 6228 6223
f 6238 6284 6267
f 6248 6239 6249
f 6248 6231 6239
f 6239 6099 6249
f 6250 6260 6233
f 6258 6077 6260
f 6251 6295 6250
f 6261 6235 6296
f 6221 6266 6243
f 6228 6252 6247
f 6267 6284 6283
f 6284 6238 6253
f 6279 6268 6248
f 6253 6254 6268
f 6255 6100 6256
f 6254 6248 6268
f 6259 6256 6077
f 6280 6258 6260
f 6257 6270 6099
f 6100 6257 6256
f 6295 6280 6250
f 6295 6251 6262
f 6258 6259 6077
f 6260 6250 6280
f 6261 6272 6263
f 6262 6251 6264
f 6263 6272 6264
f 6244 6243 6275
f 6265 6243 6266
f 6274 6244 6275
f 6278 6247 6252
f 6267 6283 6252
f 6287 6101 6268
f 6290 6253 6268
f 6249 6279 6248
f 6269 6259 6258
f 6249 6270 6279
f 6271 6269 6280
f 6258 6280 6269
f 6262 6264 6309
f 6273 6296 6235
f 6272 6261 6296
f 6274 6273 6235
f 6302 6274 6275
f 6266 5595 6265
f 6276 6278 6277
f 6276 6247 6278
f 6253 6285 6284
f 6268 6101 6290
f 6285 6253 6290
f 6270 6305 6279
f 6279 6287 6268
f 6100 6305 6270
f 6259 6255 6256
f 6280 6295 6271
f 6273 6274 6302
f 6281 6243 6265
f 6243 6281 6275
f 6304 6283 6282
f 6304 6278 6283
f 6284 6282 6283
f 6284 6285 6282
f 6286 6292 6290
f 6287 6326 6346
f 6101 6286 6290
f 6306 6305 6100
f 6306 6255 6293
f 6305 6300 6279
f 6294 6295 6308
f 6309 6264 6272
f 6262 6308 6295
f 6288 6265 5595
f 6311 6277 6289
f 6277 6278 6289
f 6278 6315 6289
f 6315 6278 6304
f 6290 6291 6285
f 6292 6291 6290
f 6293 6259 6320
f 6320 6269 6301
f 6255 6306 6100
f 6259 6293 6255
f 6269 6320 6259
f 6321 6309 6332
f 6294 6271 6295
f 6272 6296 6297
f 6296 6273 6297
f 6303 6302 6275
f 6302 6298 6273
f 6265 6288 6324
f 6291 6299 6285
f 6285 6299 6282
f 6292 6286 6346
f 6300 6305 6328
f 6271 6301 6269
f 6332 6272 6297
f 6302 6336 6298
f 6332 6309 6272
f 6297 6273 6298
f 6333 6281 6324
f 6275 6281 6303
f 6336 6302 6303
f 6303 6281 6333
f 6265 6324 6281
f 6304 6316 6315
f 6306 6317 6328
f 6101 6287 6346
f 6312 6326 6287
f 6341 6301 6271
f 6305 6306 6328
f 6307 6341 6294
f 6307 6308 6321
f 6341 6271 6294
f 6294 6308 6307
f 6308 6309 6321
f 6310 6311 6343
f 6343 6311 6289
f 6299 6345 6282
f 6282 6316 6304
f 6282 6345 6316
f 6292 6102 6291
f 6312 6327 6326
f 6300 6330 6327
f 6317 6293 6319
f 6300 6327 6312
f 6330 6300 6328
f 6298 6336 6352
f 6354 6313 6324
f 6324 6313 6333
f 6314 6310 6343
f 6315 6338 6355
f 6355 6289 6315
f 6316 6338 6315
f 6291 6102 6299
f 6292 6103 6102
f 6346 6103 6292
f 6329 6328 6317
f 6318 6319 6320
f 6293 6317 6306
f 6319 6293 6320
f 6307 6321 6351
f 6318 6320 6301
f 6351 6332 6323
f 6298 6322 6297
f 6332 6350 6323
f 6321 6332 6351
f 6332 6297 6322
f 6354 6324 5603
f 5663 6354 5603
f 6289 6355 6343
f 6343 6337 6314
f 6325 6299 6102
f 6299 6325 6345
f 6347 6346 6326
f 6340 6326 6327
f 6328 6329 6330
f 6341 6331 6301
f 6318 6301 6331
f 6332 6322 6350
f 6335 6352 6336
f 6322 6298 6352
f 6336 6303 6334
f 6333 6313 6368
f 6303 6333 6334
f 6334 6335 6336
f 6368 6334 6333
f 6343 6359 6337
f 6385 6338 6386
f 6325 6363 6345
f 6330 6364 6327
f 6329 6339 6330
f 6347 6326 6340
f 6319 6349 6317
f 6341 6307 6372
f 6307 6351 6374
f 6331 6341 6372
f 6374 6372 6307
f 6313 6376 6368
f 5664 6354 5663
f 6342 6337 6359
f 6359 6361 6342
f 6343 6344 6359
f 6338 6316 6378
f 6345 6378 6316
f 6348 6381 6103
f 6378 6345 6363
f 6348 6346 6347
f 6103 6346 6348
f 6340 6327 6364
f 6319 6318 6357
f 6330 6339 6364
f 6329 6317 6349
f 6349 6319 6357
f 6350 6351 6323
f 6352 6335 6358
f 6353 6354 5664
f 6313 6354 6376
f 6343 6355 6344
f 6338 6385 6355
f 6338 6378 6386
f 6325 6102 6356
f 6103 6381 6356
f 6318 6331 6366
f 6357 6318 6366
f 6351 6350 6373
f 6374 6351 6373
f 6322 6352 6358
f 6334 6390 6335
f 6322 6367 6350
f 6322 6358 6367
f 5664 5679 6353
f 6354 6353 6376
f 6359 6360 6361
f 6355 6385 6344
f 6386 6416 6384
f 6362 6325 6356
f 6325 6362 6363
f 6397 6347 6340
f 6370 6340 6364
f 6369 6329 6349
f 6339 6329 6369
f 6331 6372 6365
f 6331 6365 6366
f 6392 6374 6373
f 6367 6373 6350
f 6334 6368 6390
f 6393 6335 6390
f 6390 6368 6394
f 6401 6359 6344
f 6382 6364 6339
f 6409 6339 6369
f 6347 6397 6348
f 6397 6340 6370
f 6349 6357 6383
f 6369 6349 6383
f 6374 6371 6372
f 6365 6372 6371
f 6373 6367 6375
f 6371 6374 6392
f 6392 6373 6375
f 6358 6335 6393
f 6400 6376 6353
f 6368 6376 6394
f 6394 6376 6400
f 6401 6377 6360
f 6344 6414 6401
f 6414 6344 6385
f 6379 6363 6362
f 6387 6362 6356
f 6104 6378 6363
f 6381 6380 6388
f 6379 6104 6363
f 6380 6348 6397
f 6348 6380 6381
f 6382 6370 6364
f 6366 6383 6357
f 6409 6382 6339
f 6424 6358 6393
f 5679 6425 6353
f 6385 6384 6414
f 6384 6435 6105
f 6384 6385 6386
f 6405 6379 6362
f 6386 6104 6416
f 6356 6381 6387
f 6388 6387 6381
f 6408 6409 6369
f 6365 6389 6366
f 6371 6398 6365
f 6366 6389 6383
f 6392 6421 6371
f 6398 6371 6421
f 6412 6375 6367
f 6423 6393 6390
f 5679 5599 6425
f 6353 6425 6400
f 6401 6360 6359
f 6377 6402 6391
f 6395 6379 6415
f 6405 6362 6387
f 6429 6380 6397
f 6438 6429 6370
f 6408 6383 6389
f 6383 6408 6369
f 6389 6365 6432
f 6398 6432 6365
f 6392 6375 6412
f 6412 6367 6079
f 6367 6358 6079
f 6390 6394 6423
f 6080 6393 6423
f 6423 6394 6081
f 6104 6395 6416
f 6388 6396 6387
f 6396 6388 6380
f 6409 6431 6407
f 6429 6397 6370
f 6438 6370 6382
f 6420 6432 6398
f 6421 6420 6398
f 6412 6421 6392
f 6399 6400 6425
f 6394 6400 6081
f 6081 6400 6399
f 6377 6401 6402
f 6402 6403 6391
f 6401 6404 6402
f 6414 6105 6404
f 6414 6384 6105
f 6417 6405 6387
f 6104 6379 6395
f 6379 6405 6415
f 6406 6396 6380
f 6407 6438 6382
f 6380 6429 6406
f 6419 6431 6408
f 6382 6409 6407
f 6408 6431 6409
f 6389 6419 6408
f 6432 6419 6389
f 6410 6421 6412
f 6411 6410 6412
f 6079 6411 6412
f 6424 6411 6079
f 6413 6440 6425
f 5599 6413 6425
f 6401 6414 6404
f 6416 6426 6435
f 6395 6415 6436
f 6416 6435 6384
f 6437 6436 6405
f 6395 6426 6416
f 6453 6417 6396
f 6427 6453 6406
f 6387 6396 6417
f 6430 6447 6431
f 6418 6419 6432
f 6451 6420 6422
f 6420 6451 6432
f 6421 6422 6420
f 6410 6422 6421
f 6411 6424 6457
f 6080 6423 6433
f 6424 6080 6457
f 6425 6440 6399
f 6402 6404 6403
f 6391 6403 6442
f 6404 6452 6403
f 6426 6434 6435
f 6106 6452 6105
f 6395 6444 6426
f 6405 6436 6415
f 6405 6417 6437
f 6427 6429 6428
f 6465 6428 6438
f 6396 6406 6453
f 6429 6427 6406
f 6407 6447 6438
f 6429 6438 6428
f 6446 6430 6419
f 6431 6447 6407
f 6430 6431 6419
f 6446 6419 6418
f 6418 6432 6451
f 6411 6422 6410
f 6423 6081 6433
f 6080 6433 6457
f 6459 6433 6081
f 7504 7516 6468
f 6404 6105 6452
f 6434 6106 6435
f 6434 6426 6444
f 6437 6445 6436
f 6462 6463 6437
f 6462 6437 6417
f 6453 6462 6417
f 6465 6464 6428
f 6438 6447 6465
f 6446 6418 6450
f 6451 6422 6455
f 6455 6422 6439
f 6456 6439 6422
f 6456 6411 6458
f 6456 6422 6411
f 6457 6458 6411
f 6440 6441 6399
f 6459 6399 6441
f 6413 6082 6440
f 6443 6403 6452
f 6443 7515 6442
f 6434 6469 6106
f 6452 6468 6443
f 6468 6106 6469
f 6471 6460 6444
f 6395 6436 6471
f 6444 6395 6471
f 6445 6471 6436
f 6445 6437 6463
f 6464 6427 6428
f 6446 6449 6430
f 6448 6447 6430
f 6448 6430 6449
f 6449 6446 6450
f 6451 6450 6418
f 6457 6433 6480
f 6082 6441 6440
f 6452 6106 6468
f 6470 6434 6460
f 6460 6461 7506
f 6444 6460 6434
f 6427 7546 6453
f 6447 6448 6454
f 6454 6465 6447
f 6451 6455 6466
f 6450 6451 6466
f 6458 6467 6456
f 6439 6456 6467
f 6458 6457 6477
f 6467 6458 6477
f 6457 6480 6478
f 6477 6457 6478
f 6459 6480 6433
f 6082 6413 6669
f 7515 6443 7516
f 7505 7504 6469
f 6463 6473 6445
f 6461 6460 6471
f 6461 6445 6473
f 6453 6482 6462
f 6463 6462 6482
f 6427 6464 6475
f 6482 6453 7546
f 6485 6474 6464
f 7546 6427 6475
f 6465 6454 6485
f 6464 6465 6485
f 6450 6466 6489
f 6439 6476 6455
f 6455 6476 6466
f 6467 6476 6439
f 6479 6478 6480
f 6480 7531 7535
f 6441 6481 7531
f 6459 7531 6480
f 6468 6469 7504
f 6434 7505 6469
f 7505 6434 6470
f 6460 7506 6470
f 6445 6461 6471
f 6463 6472 6473
f 6464 6474 6475
f 6449 6450 6488
f 6450 6489 6488
f 6476 7541 6466
f 6466 7541 6489
f 6476 6467 6490
f 6477 6490 6467
f 6478 6490 6477
f 6479 6480 7535
f 6441 7531 6459
f 6082 7536 6481
f 6082 6481 6441
f 7532 6082 6669
f 6472 6463 6482
f 7546 6472 6482
f 6475 6483 7546
f 6474 6483 6475
f 6487 6484 6454
f 6485 6484 6474
f 6486 6487 6454
f 6448 6486 6454
f 6488 6486 6449
f 7541 6476 7544
f 6490 7544 6476
f 6479 7534 6478
f 6454 6484 6485
f 6449 6486 6448
f 6486 6488 7547
f 6488 6489 7547
f 7547 6489 7540
f 7540 6489 7541
f 6478 7534 6490
f 6491 6496 6492
f 6493 6494 6495
f 6507 6492 6496
f 6500 6497 6501
f 6498 6505 6499
f 6515 6495 6501
f 6500 6501 6495
f 6512 6511 6502
f 6507 6504 6503
f 6504 6499 6505
f 6505 6506 6504
f 6499 6504 6507
f 6496 6510 6508
f 6507 6503 6492
f 6509 6510 6496
f 6491 6509 6496
f 6510 6511 6508
f 6512 6514 6516
f 6508 6511 6512
f 6512 6513 6514
f 6512 6502 6513
f 6495 6515 6493
f 6512 6516 6501
f 6501 6516 6515
f 6520 6517 6519
f 6517 6518 6519
f 6520 6519 6521
f 6520 6521 6522
f 6530 6523 6528
f 6523 6530 6531
f 6524 6526 6525
f 6530 6524 6525
f 6526 6524 6527
f 6528 6529 6530
f 6525 6531 6530
f 6530 6529 6532
f 6534 6533 6537
f 6534 6537 6535
f 6542 6536 6537
f 6538 6540 6539
f 6539 6540 6541
f 6536 6541 6537
f 6540 6537 6541
f 6533 6542 6537
f 6545 6543 6548
f 6547 6543 6545
f 6545 6548 6544
f 6545 6546 6547
f 6548 6550 6544
f 6549 6544 6550
f 6550 6551 6549
f 6552 6556 6553
f 6552 6562 6554
f 6552 6554 6556
f 6554 6555 6556
f 6554 6562 6557
f 6564 6558 6559
f 6560 6569 6561
f 6558 6563 6562
f 6563 6561 6557
f 6562 6563 6557
f 6564 6565 6558
f 6559 6558 6562
f 6563 6560 6561
f 6568 6569 6566
f 6567 6568 6566
f 6569 6568 6570
f 6570 6561 6569
f 6570 6571 6572
f 6561 6570 6572
f 6849 6800 6863
f 6573 6658 6654
f 6657 7250 6587
f 6591 6650 6601
f 6765 6746 6574
f 6574 6746 6720
f 6789 6795 6797
f 6575 6795 6784
f 6810 6576 6793
f 6861 6871 6862
f 6702 6722 6577
f 6632 6593 6647
f 6671 6593 6594
f 6657 6660 7250
f 7336 6578 6573
f 6670 7532 6669
f 6579 7473 6667
f 6675 6659 6696
f 6661 6658 6675
f 5739 6762 6580
f 6581 6582 6770
f 6581 6752 6762
f 6678 6583 6584
f 6585 6618 6597
f 6586 6641 6653
f 6660 6653 7250
f 7306 6662 6587
f 6638 6586 6651
f 6628 6627 6637
f 6627 6588 6592
f 6589 6634 6590
f 6591 6592 6588
f 6630 6626 6631
f 6593 6592 6594
f 6628 6632 6595
f 6631 6626 6618
f 6624 6595 6631
f 6595 6622 6596
f 6618 6619 6597
f 6618 6617 6620
f 7126 6621 6620
f 6617 6598 7126
f 6599 7126 6598
f 6599 7125 7126
f 6600 6591 6601
f 6592 6591 6594
f 6602 6672 6671
f 6672 6714 6722
f 6721 6603 6577
f 6603 6803 6604
f 6801 6604 6816
f 6802 6801 6800
f 6873 6872 6825
f 6969 6990 6994
f 7005 6992 6997
f 6997 6605 7012
f 7045 7043 7035
f 7043 7036 7035
f 7032 6983 7025
f 6606 7054 7038
f 7010 6982 7056
f 6992 6972 6994
f 6997 6994 6989
f 6889 6863 6607
f 6959 6969 6972
f 6959 6956 6970
f 6943 6948 6925
f 6944 6925 6926
f 6915 6608 6926
f 6849 6889 6888
f 6865 6877 6876
f 6895 6879 6905
f 6609 6610 6611
f 6614 6612 6616
f 6919 6610 6609
f 6612 6613 6616
f 6609 6614 6616
f 6615 6616 6613
f 6617 7126 6620
f 6585 6617 6618
f 6618 6623 6619
f 6620 6621 6622
f 6620 6622 6624
f 6625 6623 6634
f 6618 6620 6624
f 6596 6622 7138
f 6634 6629 6625
f 6626 6634 6618
f 6618 6624 6631
f 6624 6622 6595
f 6618 6634 6623
f 6596 7149 7155
f 6632 6631 6595
f 6596 6627 6628
f 6596 7155 6627
f 4339 6629 6634
f 6595 6596 6628
f 6630 6631 6632
f 6630 6590 6626
f 6635 6633 6588
f 6637 6632 6628
f 4339 6634 6589
f 6634 6626 6590
f 6630 6645 6590
f 6632 6645 6630
f 6635 6588 6627
f 6627 6592 6637
f 6636 6588 6633
f 6642 4339 6589
f 6590 6648 6589
f 6645 6648 6590
f 6632 6647 6645
f 6592 6593 6637
f 6640 6636 7201
f 6640 6650 6636
f 6593 6632 6637
f 6636 6650 6588
f 4338 4339 6642
f 6644 6642 6589
f 6648 6644 6589
f 6641 6638 6640
f 6641 6640 6639
f 6591 6588 6650
f 6638 6650 6640
f 6639 6646 6641
f 6639 7225 6646
f 6642 6643 4338
f 6643 6642 6644
f 6649 6648 6645
f 6645 6647 6649
f 6653 6641 6646
f 6653 6646 7250
f 6655 6644 6648
f 6664 6644 6655
f 6647 6671 6673
f 6655 6648 6649
f 6647 6673 6649
f 6671 6647 6593
f 6651 6650 6638
f 6586 6638 6641
f 6587 6662 6657
f 6651 6601 6650
f 6652 6660 6680
f 6591 6600 6594
f 6653 6660 6665
f 6662 7306 6654
f 6665 6586 6653
f 6662 6654 6658
f 6673 6656 6649
f 6655 6649 6656
f 6680 6657 6661
f 6658 6573 6659
f 6660 6652 6665
f 6680 6660 6657
f 6658 6661 6662
f 6573 6578 6659
f 6663 4338 6679
f 6664 6655 6656
f 6594 6600 6602
f 6594 6602 6671
f 6586 6665 6706
f 6689 6680 6661
f 6586 6706 6651
f 6661 6657 6662
f 7385 6666 6578
f 7394 6666 7385
f 6658 6659 6675
f 6666 6659 6578
f 6691 6668 7473
f 6676 7394 6579
f 6667 7473 6668
f 6678 6584 6691
f 6678 6670 6583
f 6669 6583 6670
f 6692 6643 6644
f 6644 6664 6692
f 6672 6702 6673
f 6656 6673 6702
f 6705 6651 6706
f 6671 6672 6673
f 6684 6665 6674
f 6674 6652 6687
f 6651 6705 6601
f 6665 6652 6674
f 6689 6687 6680
f 6675 6689 6661
f 6668 6677 6667
f 6676 6579 6667
f 6666 7394 6676
f 6668 6698 6677
f 6677 6676 6667
f 7473 6678 6691
f 6643 6679 4338
f 6707 6701 6600
f 6705 6707 6601
f 6602 6600 6701
f 6601 6707 6600
f 6688 6687 6689
f 6689 6675 6686
f 6687 6652 6680
f 6665 6684 6706
f 6666 6696 6659
f 6677 6681 6676
f 6690 6696 6666
f 6681 6666 6676
f 6584 6682 6691
f 6682 6584 6683
f 6698 6691 6682
f 6583 6683 6584
f 6643 6692 6712
f 6656 6702 6723
f 6602 6701 6714
f 6723 6664 6656
f 6704 6706 6684
f 6602 6714 6672
f 6674 6708 6684
f 6687 6694 6674
f 6696 6685 6686
f 6708 6674 6694
f 6688 6694 6687
f 6710 6696 6690
f 6686 6688 6689
f 6696 6686 6675
f 6681 6677 6698
f 6690 6666 6681
f 6668 6691 6698
f 6679 6643 6712
f 6700 6692 6664
f 6723 6700 6664
f 6688 6693 6694
f 6704 6695 6706
f 6688 6686 6709
f 6708 6704 6684
f 6685 6696 6710
f 6697 6681 6718
f 6681 6697 6690
f 6698 6682 6699
f 6698 6699 6718
f 6682 6711 6699
f 6772 6663 6679
f 6692 6700 6713
f 6720 6701 6731
f 6723 6702 6577
f 6703 6705 6695
f 6672 6722 6702
f 6736 6695 6704
f 6701 6720 6714
f 6704 6708 6724
f 6695 6705 6706
f 6708 6694 6726
f 6705 6703 6707
f 6727 6693 6709
f 6728 6715 6685
f 6724 6708 6726
f 6715 6709 6686
f 6693 6726 6694
f 6693 6688 6709
f 6716 6685 6710
f 6685 6715 6686
f 6710 6690 6697
f 6718 6699 6717
f 6681 6698 6718
f 6717 6699 6711
f 6679 6712 6772
f 6713 6712 6692
f 6703 6731 6707
f 6714 6745 6722
f 6695 6734 6703
f 6732 6736 6724
f 6707 6731 6701
f 6734 6695 6736
f 6724 6736 6704
f 6715 6727 6709
f 6716 6710 6697
f 6697 6738 6716
f 5718 6718 6717
f 6718 5718 6730
f 6577 6719 6723
f 6745 6714 6720
f 6721 6577 6722
f 6700 6723 6719
f 6724 6726 6725
f 6734 6741 6703
f 6748 6742 6727
f 6742 6726 6693
f 6732 6724 6725
f 6744 6727 6715
f 6742 6725 6726
f 6742 6693 6727
f 6728 6685 6716
f 6716 6738 6737
f 6728 6716 6737
f 6738 6697 6730
f 6729 6730 5718
f 6697 6718 6730
f 6719 6763 6700
f 6764 6763 6802
f 6763 6713 6700
f 6740 6756 6741
f 6734 6733 6741
f 6734 6736 6735
f 6741 6731 6703
f 6758 6732 6725
f 6741 6756 6731
f 6733 6734 6735
f 6732 6735 6736
f 6725 6760 6758
f 6761 6749 6744
f 6744 6728 6737
f 6737 6752 6761
f 6744 6715 6728
f 6737 6738 6580
f 6580 6738 6730
f 6730 5739 6580
f 6663 6772 6782
f 6603 6802 6719
f 6721 6722 6745
f 6719 6577 6603
f 6755 6740 6733
f 6756 6720 6731
f 6732 6739 6735
f 6733 6740 6741
f 6742 6760 6725
f 6743 6768 6748
f 6758 6739 6732
f 6761 6743 6749
f 6748 6727 6744
f 6760 6742 6748
f 6748 6744 6749
f 6581 6770 6751
f 6744 6737 6761
f 6580 6752 6737
f 6730 6729 5739
f 6580 6762 6752
f 6774 6745 6746
f 6733 6735 6757
f 6720 6746 6745
f 6740 6574 6756
f 6747 6766 6757
f 6757 6755 6733
f 6739 6776 6747
f 6757 6735 6739
f 6778 6767 6743
f 6761 6779 6778
f 6760 6748 6768
f 6748 6749 6743
f 6750 6780 6779
f 6770 6779 6751
f 6752 6751 6761
f 6581 6751 6752
f 6753 6772 6712
f 6753 6712 6713
f 6797 6765 6754
f 6802 6763 6719
f 6740 6754 6574
f 6757 6766 6755
f 6574 6720 6756
f 6721 6745 6774
f 6757 6739 6747
f 6758 6776 6739
f 6754 6740 6755
f 6759 6760 6768
f 6758 6760 6759
f 6768 6743 6767
f 6761 6778 6743
f 6582 6581 6762
f 6713 6763 6764
f 6603 6604 6802
f 6754 6755 6789
f 6807 6766 6747
f 6746 6765 6785
f 6754 6765 6574
f 6789 6755 6766
f 6767 6792 6768
f 6776 6758 6759
f 6767 6777 6791
f 6780 6767 6778
f 6759 6768 6792
f 6770 6750 6779
f 6769 8303 6750
f 6761 6751 6779
f 6770 6769 6750
f 8292 6769 6770
f 8292 6770 6582
f 6782 6771 4399
f 6837 6753 6713
f 6753 6783 6772
f 6803 6721 6774
f 6764 6837 6713
f 6773 6774 6785
f 6785 6774 6746
f 6803 6603 6721
f 6776 6775 6747
f 6789 6797 6754
f 6766 6807 6784
f 6790 6759 6792
f 6808 6798 6791
f 6807 6747 6775
f 6776 6759 6790
f 6777 6808 6791
f 6767 6791 6792
f 6750 6781 6780
f 6778 6779 6780
f 6781 6777 6780
f 6750 8303 6781
f 6782 6772 6783
f 6797 6796 6786
f 6786 6785 6765
f 6789 6766 6784
f 6785 6786 6773
f 6765 6797 6786
f 6787 6788 6775
f 6795 6789 6784
f 6775 6776 6790
f 6792 6798 6790
f 6791 6798 6792
f 8333 6777 8303
f 6767 6780 6777
f 6771 6782 6783
f 6774 6794 6803
f 6826 6575 6821
f 6793 6839 6836
f 6774 6773 6794
f 6807 6810 6784
f 6575 6826 6795
f 6795 6796 6797
f 6811 6787 6798
f 6807 6775 6788
f 6790 6787 6775
f 6799 6809 6811
f 6798 6787 6790
f 6808 6777 6799
f 6799 6811 6808
f 8333 8334 6799
f 6781 8303 6777
f 6794 6818 6803
f 6802 6800 6764
f 6773 6786 6804
f 6604 6801 6802
f 6818 6816 6803
f 6826 6796 6795
f 6773 6804 6794
f 6805 6804 6820
f 6804 6786 6796
f 6822 6806 6787
f 6810 6807 6788
f 6575 6784 6810
f 6812 6822 6787
f 6787 6806 6788
f 6798 6808 6811
f 6812 6811 6809
f 6809 6799 8334
f 6777 8333 6799
f 6818 6794 6819
f 6816 6604 6803
f 6821 6836 6827
f 6794 6804 6819
f 6804 6796 6826
f 6576 6788 6829
f 6575 6810 6793
f 6788 6576 6810
f 6806 6829 6788
f 6812 6809 6823
f 6787 6811 6812
f 6822 6812 6823
f 6813 6823 6824
f 6809 6814 6824
f 8334 6814 6809
f 6818 6815 6816
f 6833 6832 6805
f 6832 6819 6804
f 6842 6817 6832
f 6815 6818 6819
f 6820 6804 6826
f 6805 6832 6804
f 6821 6575 6793
f 6821 6827 6826
f 6829 6806 6830
f 6840 6828 6829
f 6823 6830 6822
f 6830 6823 6813
f 6809 6824 6823
f 6764 6800 6825
f 6902 6753 6837
f 6825 6837 6764
f 6815 6850 6851
f 6858 6835 6820
f 6832 6815 6819
f 6859 6858 6827
f 6862 6860 6859
f 6820 6826 6827
f 6839 6576 6828
f 6821 6793 6836
f 6830 6840 6829
f 6576 6839 6793
f 6806 6822 6830
f 6813 8382 6830
f 6831 4399 6771
f 6902 6783 6753
f 6816 6815 6838
f 6825 6800 6849
f 6832 6817 6815
f 6863 6800 6801
f 6833 6842 6832
f 6834 6816 6838
f 6844 6842 6833
f 6833 6805 6835
f 6858 6860 6855
f 6862 6871 6860
f 6835 6805 6820
f 6827 6858 6820
f 6859 6827 6836
f 6576 6829 6828
f 6872 6902 6837
f 6834 6863 6801
f 6872 6837 6825
f 6838 6815 6851
f 6834 6801 6816
f 6815 6817 6850
f 6844 6833 6835
f 6836 6862 6859
f 6828 6841 6839
f 6828 6840 6841
f 6862 6839 6841
f 6841 6840 8403
f 8382 8403 6830
f 6840 6830 8403
f 6838 6848 6834
f 6848 6838 6851
f 6853 6842 6843
f 6866 6843 6844
f 6853 6843 6852
f 6817 6842 6853
f 6835 6855 6844
f 6843 6842 6844
f 6855 6835 6858
f 8277 6845 6861
f 6841 6846 6847
f 6836 6839 6862
f 6841 8403 6846
f 6862 6841 6847
f 6849 6873 6825
f 6848 6865 6875
f 6873 6849 6888
f 6850 6864 6851
f 6843 6868 6852
f 6850 6817 6853
f 6850 6853 6864
f 6869 6867 6854
f 6871 6869 6855
f 6857 6856 6869
f 6871 6870 6857
f 6858 6859 6860
f 6860 6871 6855
f 6847 6861 6862
f 6846 6861 6847
f 6831 6771 6901
f 6607 6834 6875
f 6865 6848 6851
f 6863 6889 6849
f 6864 6877 6851
f 6607 6863 6834
f 6877 6864 6852
f 6851 6877 6865
f 6882 6886 6885
f 6852 6878 6880
f 6864 6853 6852
f 6855 6868 6866
f 6867 6869 6856
f 6844 6855 6866
f 6869 6868 6855
f 6871 6857 6869
f 6845 6870 6871
f 6845 6871 6861
f 6901 6771 6783
f 6874 6902 6872
f 6902 6901 6783
f 6872 6873 6874
f 6875 6876 6892
f 6875 6834 6848
f 6875 6892 6893
f 6880 6876 6877
f 6886 6899 6878
f 6875 6865 6876
f 6879 6876 6880
f 6868 6878 6852
f 6877 6852 6880
f 6887 6881 6886
f 6843 6866 6868
f 6886 6878 6868
f 6886 6869 6854
f 6886 6868 6869
f 6889 6607 6893
f 6875 6893 6607
f 6610 6897 6912
f 6884 6879 6880
f 6897 6884 6899
f 6892 6876 6879
f 6905 6879 6884
f 6899 6882 6883
f 6899 6886 6882
f 6899 6884 6878
f 6886 6881 6885
f 6886 6854 6887
f 6888 6915 6873
f 6916 6902 6874
f 6891 6889 6908
f 6915 6888 6890
f 6874 6873 6915
f 6893 6892 6896
f 6889 6891 6888
f 6879 6895 6892
f 6896 6903 6908
f 6896 6908 6893
f 6905 6894 6895
f 6896 6892 6895
f 6907 6897 6898
f 6898 6897 6899
f 6899 6900 6898
f 6880 6878 6884
f 6897 6905 6884
f 6883 6900 6899
f 6922 6831 6901
f 6922 6901 6923
f 6916 6901 6902
f 6908 6889 6893
f 6891 6890 6888
f 6895 6903 6896
f 6904 6894 6905
f 6610 6905 6897
f 6897 6906 6912
f 6610 6904 6905
f 6906 6897 6907
f 6890 6891 6914
f 6915 6916 6874
f 6908 6914 6891
f 6917 6908 6903
f 6914 6908 6917
f 6910 6894 6909
f 6903 6895 6894
f 6917 6903 6910
f 6909 6904 6919
f 6894 6910 6903
f 6894 6904 6909
f 6911 6610 6913
f 6610 6912 6913
f 6611 6610 6911
f 6608 6890 6914
f 6915 6926 6916
f 6914 6917 6920
f 6890 6608 6915
f 6910 6921 6917
f 6921 6910 6918
f 6909 6931 6918
f 6920 6917 6921
f 6909 6918 6910
f 6919 6616 6931
f 6609 6616 6919
f 6904 6610 6919
f 6916 6923 6901
f 6929 6935 6927
f 6914 6920 6927
f 6921 6928 6920
f 6935 6914 6927
f 6928 6921 6941
f 6920 6928 6927
f 6941 6918 6932
f 6918 6941 6921
f 8459 6932 6931
f 6909 6919 6931
f 8459 6931 6616
f 6922 6923 6924
f 6944 6608 6937
f 6925 6933 6916
f 6926 6925 6916
f 6935 6608 6914
f 6608 6944 6926
f 6938 6927 6928
f 6946 6938 6928
f 6937 6935 6929
f 6941 6940 6946
f 6929 6927 6938
f 6941 6946 6928
f 6932 6930 6940
f 6918 6931 6932
f 8459 6930 6932
f 6933 6923 6916
f 6948 6933 6925
f 6937 6929 6934
f 6937 6608 6935
f 6938 6936 6929
f 6944 6937 6934
f 6934 6945 6942
f 6953 6938 6950
f 6950 6946 6961
f 6961 6946 6939
f 6950 6938 6946
f 6955 6939 6940
f 6941 6932 6940
f 6955 6940 6930
f 6948 6923 6933
f 6924 6923 6948
f 6944 6934 6942
f 6934 6929 6945
f 6944 6943 6925
f 6943 6944 6942
f 6942 6945 6962
f 6936 6938 6953
f 6945 6929 6936
f 6950 6961 6951
f 6946 6940 6939
f 6954 6939 6947
f 6922 6924 6966
f 6942 6958 6943
f 6956 6948 6943
f 6936 6960 6945
f 6953 6949 6952
f 6962 6958 6942
f 6951 6949 6950
f 6961 6976 6951
f 6936 6953 6952
f 6950 6949 6953
f 6954 6947 6965
f 6961 6939 6954
f 6954 6965 6976
f 6947 6939 6955
f 6957 6948 6956
f 6968 6924 6957
f 6970 6943 6958
f 6924 6948 6957
f 6956 6959 6957
f 6962 6945 6973
f 6970 6956 6943
f 6962 6973 6971
f 6960 6936 6952
f 6945 6960 6973
f 6949 6951 6975
f 6961 6954 6976
f 8484 6965 6947
f 6966 6924 6968
f 6958 6962 6971
f 6974 6973 6960
f 6978 6963 6952
f 6975 6978 6949
f 6951 6980 6975
f 6952 6963 6960
f 6976 6965 6980
f 6949 6978 6952
f 6965 6964 6980
f 6965 8484 6964
f 6995 6922 6966
f 6967 6966 6968
f 6981 6957 6959
f 6967 6968 6981
f 6969 6970 6971
f 6957 6981 6968
f 6981 6959 6972
f 6973 6984 6971
f 6971 6970 6958
f 6969 6959 6970
f 6971 6984 6990
f 6974 6960 6963
f 6973 6974 6984
f 6978 6975 6979
f 6951 6976 6980
f 6977 6980 6964
f 6984 6974 6987
f 6963 6987 6974
f 6984 6987 6998
f 6985 6979 6975
f 6978 6979 6963
f 6980 6977 6985
f 6991 6966 6967
f 6993 6967 6981
f 6967 6993 6991
f 6982 7013 6983
f 6981 6972 6993
f 6990 6984 6998
f 6990 6969 6971
f 6969 6994 6972
f 6987 6963 6979
f 6985 6977 6986
f 6975 6980 6985
f 6995 6966 6991
f 6987 6988 6998
f 6989 6990 6998
f 7000 6999 6979
f 6979 6999 6987
f 6985 6986 8504
f 6985 8504 7000
f 6991 6993 7007
f 7007 6996 6991
f 6992 7007 6993
f 6993 6972 6992
f 6989 6994 6990
f 6994 6997 6992
f 6988 6987 6999
f 6979 6985 7000
f 6995 6991 6996
f 7005 6997 7012
f 6988 7017 6998
f 6605 6997 6989
f 6998 7017 7021
f 6605 6989 6998
f 7015 6999 7008
f 6999 7015 6988
f 7000 8505 7001
f 6999 7000 7008
f 7000 7001 7008
f 8505 7000 8504
f 7019 7003 7002
f 7018 7003 7019
f 6995 6996 7004
f 6996 7007 7006
f 7006 7004 6996
f 7005 7006 7007
f 7007 6992 7005
f 6605 6998 7021
f 7017 6988 7015
f 7022 7008 7001
f 7008 7009 7015
f 4402 6995 7004
f 7010 7023 7011
f 7012 7013 7005
f 7012 7025 7013
f 7017 7014 7021
f 7020 7012 6605
f 7015 7016 7017
f 7020 6605 7021
f 7009 7016 7015
f 7017 7016 7014
f 7008 7022 7009
f 4402 7004 7019
f 7004 7006 7018
f 7018 7019 7004
f 7013 7011 7005
f 7018 7006 7011
f 7012 7020 7025
f 7006 7005 7011
f 7024 7020 7021
f 7021 7014 7028
f 7024 7025 7020
f 7016 7029 7014
f 7029 7016 7009
f 7014 7029 7028
f 7022 8517 7009
f 4402 7019 7002
f 7003 7018 7023
f 7024 7032 7025
f 7023 7018 7011
f 7013 7025 6983
f 7026 7028 7027
f 7026 7021 7028
f 8519 7009 8517
f 7029 7009 8519
f 7013 6982 7011
f 7027 7028 7029
f 7026 7024 7021
f 7030 7024 7026
f 7046 7002 7034
f 7023 7037 7003
f 7010 7011 6982
f 7030 7026 7041
f 7030 7032 7024
f 7036 7027 7033
f 7029 7031 7033
f 7027 7029 7033
f 7029 8519 7031
f 7003 7034 7002
f 7030 7039 7032
f 7026 7027 7036
f 7030 7041 7039
f 7026 7036 7041
f 7038 7037 7023
f 6983 7032 7040
f 7038 7023 7010
f 7032 7039 7040
f 8522 7036 7033
f 7033 7031 8522
f 7034 7003 7037
f 7040 6982 6983
f 6982 7040 7056
f 7035 8522 7044
f 8522 7035 7036
f 7054 7034 7037
f 7054 7037 7038
f 7010 7056 7038
f 7039 7051 7040
f 7043 7041 7036
f 7042 7041 7043
f 7044 8527 7035
f 7051 7056 7040
f 7042 7039 7041
f 7042 7050 7039
f 7047 7049 7045
f 7035 8527 7045
f 8527 7048 7045
f 7054 7060 7034
f 7046 7034 7060
f 7050 7051 7039
f 7047 7045 7048
f 7052 7042 7043
f 7045 7049 7052
f 7052 7043 7045
f 7054 7061 7060
f 7056 6606 7038
f 7057 7056 7051
f 7050 7042 7052
f 7053 7049 7047
f 7057 7051 7050
f 7057 7050 7052
f 7059 7052 7049
f 7049 7053 7059
f 7061 7054 6606
f 7055 6606 7056
f 7056 7057 7055
f 7057 7052 7059
f 5354 7059 7053
f 7062 7055 7057
f 7057 7059 7062
f 6606 7058 7061
f 7062 7059 5354
f 4404 7060 7061
f 7058 4404 7061
f 7058 6606 7055
f 7063 7058 7055
f 5354 7063 7062
f 7064 7058 7063
f 7055 7062 7063
f 7063 5354 7064
f 4404 7058 7065
f 7058 7064 7065
f 7066 7065 7064
f 4404 7065 7066
f 7161 7162 7169
f 7124 7103 7130
f 7102 7067 7068
f 7102 7135 7137
f 7070 7127 7129
f 7129 7069 7070
f 7125 7069 7129
f 7102 7127 7067
f 7197 7189 7191
f 7206 7203 7207
f 7071 7182 7204
f 7183 7071 7242
f 7073 7072 7242
f 7073 7275 7243
f 7229 7074 7266
f 7075 6633 7076
f 7081 7259 7265
f 7177 7107 7077
f 7078 7275 7276
f 7075 7100 7201
f 7259 7266 7074
f 7081 7265 7079
f 7275 7274 7082
f 7226 7213 7223
f 7080 7239 7226
f 7084 7081 7079
f 7284 7276 7296
f 7082 7274 7293
f 7084 7079 7311
f 7123 7293 7083
f 7123 7266 7081
f 7082 7321 7276
f 7332 7363 7322
f 7342 7087 7084
f 7369 7343 7319
f 7397 7433 7387
f 7440 7434 7085
f 7493 7494 7086
f 7504 7493 7516
f 7087 7341 7120
f 7370 7331 7390
f 7413 7088 7400
f 7115 7425 7089
f 7113 7095 7090
f 7091 7115 7092
f 7093 7113 7375
f 7427 7381 7094
f 7114 7415 7111
f 7095 7437 7090
f 7483 7426 7437
f 7460 7529 7096
f 7536 7532 7492
f 7340 7335 7334
f 7285 7335 7299
f 7299 7109 7080
f 7206 7189 7196
f 7285 7299 7097
f 7207 7204 7170
f 7182 7183 7200
f 7140 7141 7137
f 7239 7263 7225
f 7190 7191 7099
f 7223 7097 7080
f 7169 7168 7170
f 7141 7128 7137
f 7182 7156 7098
f 7224 7202 7226
f 7191 7185 7099
f 7202 7100 7213
f 7101 7135 7102
f 7124 7104 7151
f 7124 7101 7103
f 7104 7124 7132
f 7102 7068 7101
f 7102 7137 7128
f 7152 7146 7105
f 7106 7157 7167
f 7075 7077 7107
f 7223 7238 7108
f 7263 7239 7109
f 7306 7287 7110
f 7109 7300 7287
f 7300 7299 7305
f 7317 7110 7287
f 7305 7335 7346
f 7111 7300 7305
f 7317 7112 7336
f 7346 7355 7113
f 7365 7117 7114
f 7365 7114 7346
f 7414 7427 7393
f 7365 7090 7117
f 7115 7116 7092
f 7415 7117 7445
f 7414 7115 7427
f 7410 7115 7089
f 7363 7423 7118
f 7399 7352 7322
f 7119 7341 7087
f 7294 7120 7362
f 7121 7122 7391
f 7361 7338 7362
f 7283 7084 7120
f 7293 7283 7294
f 7123 7084 7283
f 7124 7135 7101
f 7129 7131 7126
f 7125 7129 7126
f 7129 7127 7128
f 7131 7129 7128
f 7124 7130 7132
f 7102 7128 7127
f 7131 7128 7141
f 6621 7126 7131
f 7131 7141 7136
f 7134 7104 7132
f 7133 7104 7134
f 7105 7137 7135
f 7105 7135 7124
f 7153 7140 7146
f 7138 7136 7142
f 7137 7105 7140
f 6621 7131 7136
f 6622 6621 7136
f 7136 7138 6622
f 7104 7133 7144
f 7140 7105 7146
f 7152 7124 7151
f 7142 7140 7153
f 7142 7153 7139
f 7138 7142 7139
f 7140 7142 7141
f 7149 7138 7139
f 7141 7142 7136
f 7143 7145 7144
f 7145 7104 7144
f 7152 7105 7124
f 7151 7104 7145
f 7146 7152 7147
f 7146 7148 7153
f 7165 7147 7161
f 7146 7147 7148
f 7149 7139 7106
f 7139 7153 7154
f 6596 7138 7149
f 7150 7160 7143
f 7160 7145 7143
f 7152 7151 7162
f 7147 7152 7161
f 7145 7162 7151
f 7147 7165 7148
f 7152 7162 7161
f 7148 7154 7153
f 7154 7106 7139
f 7154 7148 7164
f 7155 7149 7106
f 7154 7157 7106
f 7155 7106 7158
f 7173 7175 7159
f 7160 7168 7145
f 7171 7165 7161
f 7168 7162 7145
f 7161 7098 7156
f 7165 7164 7148
f 7164 7157 7154
f 7167 7076 7158
f 6635 6627 7158
f 7155 7158 6627
f 7160 7150 7159
f 7099 7160 7175
f 7160 7159 7175
f 7168 7160 7099
f 7156 7171 7161
f 7168 7169 7162
f 7098 7161 7169
f 7163 7164 7166
f 7157 7163 7176
f 7171 7164 7165
f 7166 7164 7171
f 7163 7157 7164
f 7212 7100 7107
f 7157 7176 7167
f 6633 6635 7076
f 7106 7167 7158
f 7158 7076 6635
f 7185 7168 7099
f 7185 7170 7168
f 7170 7182 7098
f 7169 7170 7098
f 7166 7171 7198
f 7176 7172 7167
f 7167 7077 7076
f 7075 7076 7077
f 7175 7173 7174
f 7174 7180 7175
f 7180 7190 7175
f 7181 7216 7197
f 7099 7175 7190
f 7156 7200 7198
f 7198 7184 7166
f 7156 7198 7171
f 7176 7184 7186
f 7166 7184 7163
f 7176 7163 7184
f 7177 7077 7172
f 7172 7176 7186
f 7172 7077 7167
f 7075 6636 6633
f 6636 7075 7201
f 7178 7181 7179
f 7180 7179 7181
f 7190 7180 7181
f 7200 7156 7182
f 7182 7071 7183
f 7205 7199 7184
f 7207 7170 7185
f 7199 7186 7184
f 7170 7204 7182
f 7172 7186 7188
f 7107 7177 7187
f 7177 7172 7188
f 7075 7107 7100
f 7216 7178 7194
f 7189 7207 7191
f 7190 7181 7191
f 7207 7185 7191
f 7208 7186 7199
f 7184 7198 7205
f 7192 7193 7218
f 7194 7214 7195
f 7181 7178 7216
f 7196 7189 7197
f 7181 7197 7191
f 7071 7204 7203
f 7200 7205 7198
f 7199 7209 7208
f 7205 7200 7183
f 7188 7208 7177
f 7208 7187 7177
f 7235 7218 7193
f 7237 7248 7222
f 7212 7107 7187
f 7100 7202 7201
f 7100 7212 7213
f 7201 7202 6640
f 7202 7224 6639
f 6639 6640 7202
f 7194 7195 7216
f 7242 7260 7073
f 7203 7204 7207
f 7205 7072 7199
f 7206 7207 7189
f 7230 7208 7209
f 7230 7187 7208
f 7217 7218 7230
f 7186 7208 7188
f 7210 7192 7218
f 7218 7211 7222
f 7211 7220 7222
f 7222 7213 7212
f 7202 7213 7226
f 7195 7214 7215
f 7195 7227 7216
f 7196 7197 7228
f 7197 7216 7227
f 7072 7243 7209
f 7072 7205 7183
f 7071 7229 7242
f 7217 7230 7231
f 7242 7072 7183
f 7217 7232 7218
f 7218 7219 7234
f 7233 7210 7218
f 7212 7187 7218
f 7222 7220 7221
f 7222 7212 7218
f 7213 7222 7223
f 7224 7225 6639
f 7226 7239 7224
f 7215 7251 7195
f 7240 7228 7227
f 7227 7195 7251
f 7196 7241 7206
f 7227 7228 7197
f 7229 7071 7203
f 7203 7206 7074
f 7203 7074 7229
f 7243 7230 7209
f 7072 7209 7199
f 7279 7217 7231
f 7247 7232 7217
f 7218 7232 7219
f 7187 7230 7218
f 7233 7218 7234
f 7235 7236 7218
f 7218 7236 7211
f 7237 7222 7221
f 7222 7238 7223
f 7224 7239 7225
f 7223 7080 7226
f 7257 7251 7215
f 7227 7251 7240
f 7228 7258 7241
f 7228 7241 7196
f 7241 7074 7206
f 7266 7260 7242
f 7073 7243 7072
f 7244 7245 7217
f 7254 7246 7217
f 7247 7217 7246
f 7248 7238 7222
f 7223 7108 7249
f 7223 7262 7097
f 7250 6646 7225
f 7251 7257 7252
f 7251 7252 7240
f 7074 7241 7259
f 7266 7242 7229
f 7314 7298 7279
f 7078 7230 7243
f 7279 7253 7244
f 7244 7217 7279
f 7254 7217 7245
f 7249 7255 7223
f 7262 7223 7255
f 7225 7263 7250
f 7256 7252 7257
f 7228 7240 7272
f 7228 7272 7258
f 7321 7082 7338
f 7241 7258 7265
f 7260 7274 7073
f 7265 7259 7241
f 7083 7274 7260
f 7275 7073 7274
f 7267 7279 7278
f 7078 7231 7230
f 7279 7268 7253
f 7255 7261 7262
f 7281 7262 7269
f 7306 6587 7263
f 7239 7080 7109
f 6587 7250 7263
f 7252 7264 7270
f 7252 7270 7240
f 7265 7258 7291
f 7083 7260 7266
f 7081 7266 7259
f 7083 7266 7123
f 7275 7078 7243
f 7231 7315 7279
f 7279 7267 7268
f 7261 7269 7262
f 7080 7097 7299
f 7282 7270 7264
f 7256 7264 7252
f 7271 7288 7282
f 7240 7270 7272
f 7289 7290 7272
f 7258 7272 7290
f 7079 7291 7273
f 7290 7291 7258
f 7265 7291 7079
f 7293 7274 7083
f 7275 7082 7276
f 7284 7231 7078
f 7277 7278 7279
f 7280 7262 7281
f 7286 7285 7262
f 7097 7262 7285
f 7263 7109 7287
f 7282 7288 7270
f 7289 7327 7301
f 7289 7272 7270
f 7291 7290 7309
f 7084 7123 7081
f 7123 7283 7293
f 7315 7231 7284
f 7276 7284 7078
f 7315 7314 7279
f 7298 7277 7279
f 7280 7286 7262
f 7304 7285 7286
f 7263 7287 7306
f 7270 7288 7289
f 7290 7301 7309
f 7309 7273 7291
f 7079 7273 7311
f 7350 7292 7323
f 7293 7294 7082
f 7276 7321 7295
f 7296 7276 7295
f 7315 7284 7302
f 7297 7298 7314
f 7335 7285 7316
f 7299 7300 7109
f 7327 7289 7288
f 7290 7289 7301
f 7342 7311 7343
f 7342 7084 7311
f 7311 7273 7312
f 7338 7082 7294
f 7294 7283 7120
f 7339 7315 7302
f 7296 7302 7284
f 7303 7297 7314
f 7304 7316 7285
f 7335 7305 7299
f 7306 7110 6654
f 7271 7307 7327
f 7271 7327 7288
f 7307 7308 7328
f 7273 7309 7310
f 7311 7312 7343
f 7310 7312 7273
f 7302 7296 7313
f 7339 7302 7313
f 7313 7296 7295
f 7314 7333 7303
f 7333 7324 7303
f 7315 7339 7314
f 7339 7333 7314
f 7316 7325 7335
f 7287 7300 7317
f 7318 7348 7301
f 7318 7301 7327
f 7309 7301 7348
f 7309 7348 7310
f 7319 7312 7329
f 7342 7369 7368
f 7343 7312 7319
f 7087 7120 7084
f 7320 7321 7361
f 7339 7313 7322
f 7333 7323 7324
f 7325 7326 7335
f 6573 6654 7110
f 7307 7328 7327
f 7327 7328 7359
f 7359 7318 7327
f 7312 7310 7330
f 7329 7312 7330
f 7321 7320 7295
f 7331 7313 7295
f 7338 7294 7362
f 7320 7331 7295
f 7313 7331 7332
f 7351 7333 7339
f 7323 7333 7350
f 7326 7334 7335
f 7335 7340 7346
f 7110 7336 6573
f 7308 7337 7328
f 7377 7328 7337
f 7330 7310 7347
f 7310 7348 7347
f 7329 7369 7319
f 7361 7321 7338
f 7120 7341 7362
f 7322 7351 7339
f 7332 7322 7313
f 7340 7344 7346
f 7114 7305 7346
f 7300 7111 7317
f 7305 7114 7111
f 7111 7112 7317
f 7110 7317 7336
f 7318 7359 7360
f 7341 7119 7398
f 7362 7398 7409
f 7361 7409 7349
f 7342 7343 7369
f 7087 7342 7368
f 7333 7351 7350
f 7354 7292 7350
f 7345 7346 7344
f 7345 7355 7346
f 7356 7377 7337
f 7347 7348 7386
f 7348 7318 7360
f 7348 7360 7386
f 7329 7330 7397
f 7087 7368 7119
f 7390 7320 7349
f 7390 7331 7320
f 7364 7350 7352
f 7322 7352 7351
f 7351 7352 7350
f 7353 7354 7364
f 7355 7374 7113
f 7366 7336 7383
f 7336 7112 7383
f 7377 7356 7376
f 7359 7358 7357
f 7358 7359 7328
f 7360 7359 7357
f 7330 7347 7397
f 7329 7397 7387
f 7369 7329 7387
f 7398 7362 7341
f 7361 7362 7409
f 7320 7361 7349
f 7332 7370 7363
f 7363 7399 7322
f 7350 7364 7354
f 7364 7391 7353
f 7122 7353 7391
f 7113 7365 7346
f 7366 6578 7336
f 7385 6578 7366
f 7328 7377 7358
f 7367 7358 7377
f 7407 7397 7347
f 7347 7386 7407
f 7379 7368 7369
f 7388 7119 7368
f 7370 7332 7331
f 7371 7372 7373
f 7372 7380 7391
f 7352 7399 7411
f 7391 7364 7352
f 7374 7375 7113
f 7112 7384 7383
f 7111 7415 7112
f 7415 7114 7117
f 7384 7112 7415
f 7367 7376 7395
f 7376 7367 7377
f 7396 7440 7357
f 7407 7386 7378
f 7398 7119 7408
f 7379 7388 7368
f 7390 7349 7389
f 7391 7352 7411
f 7380 7121 7391
f 7093 7381 7113
f 7382 7427 7402
f 7383 7384 7429
f 7394 7385 7366
f 7357 7085 7360
f 7386 7360 7085
f 7419 7387 7442
f 7085 7378 7386
f 7419 7379 7369
f 7387 7419 7369
f 7418 7409 7398
f 7388 7408 7119
f 7390 7436 7370
f 7349 7409 7389
f 7436 7390 7389
f 7391 7411 7373
f 7372 7391 7373
f 7427 7094 7403
f 7113 7381 7427
f 7392 7393 7427
f 7404 7394 7366
f 7383 7429 7366
f 7405 7447 7395
f 7357 7358 7396
f 7357 7440 7085
f 7407 7433 7397
f 7387 7433 7442
f 7398 7408 7418
f 7370 7423 7363
f 7363 7118 7399
f 7399 7118 7411
f 7370 7436 7423
f 7413 7400 7373
f 7401 7373 7400
f 7371 7373 7401
f 7402 7427 7403
f 7427 7382 7392
f 7394 7404 6579
f 7366 7429 7404
f 7447 7405 7431
f 7358 7367 7396
f 7395 7447 7367
f 7440 7474 7406
f 7450 7433 7407
f 7407 7378 7450
f 7420 7388 7379
f 7456 7408 7388
f 7422 7389 7409
f 7418 7422 7409
f 7115 7410 7413
f 7373 7411 7413
f 7088 7413 7412
f 7410 7412 7413
f 7115 7414 7116
f 7113 7090 7365
f 7113 7427 7095
f 7415 7445 7384
f 7426 7445 7117
f 7445 7428 7384
f 7430 7438 7447
f 7396 7367 7438
f 7416 7418 7408
f 7417 7422 7418
f 7379 7419 7420
f 7420 7456 7388
f 7389 7421 7436
f 7422 7421 7389
f 7411 7118 7458
f 7118 7423 7424
f 7424 7458 7118
f 7115 7091 7425
f 7090 7426 7117
f 7095 7427 7115
f 7446 7404 7429
f 7384 7428 7429
f 7428 7446 7429
f 7430 7431 7448
f 7367 7447 7438
f 7463 7450 7378
f 7432 7433 7450
f 7434 7378 7085
f 7442 7455 7435
f 7463 7378 7434
f 7435 7420 7419
f 7419 7442 7435
f 7416 7408 7456
f 7423 7436 7421
f 7417 7418 7416
f 7413 7411 7443
f 7458 7443 7411
f 7115 7413 7444
f 7437 7426 7090
f 6579 7404 7472
f 7396 7438 7474
f 7474 7454 7439
f 7474 7440 7396
f 7441 7450 7463
f 7440 7406 7434
f 7433 7432 7442
f 7455 7442 7432
f 7452 7422 7417
f 7423 7421 7424
f 7413 7443 7444
f 7471 7095 7444
f 7095 7115 7444
f 7453 7445 7426
f 6579 7472 7473
f 7404 7446 7472
f 7430 7447 7431
f 7493 7086 7515
f 7448 7449 7461
f 7462 7464 7463
f 7441 7432 7450
f 7451 7420 7435
f 7466 7456 7451
f 7452 7467 7421
f 7421 7422 7452
f 7424 7421 7467
f 7471 7437 7095
f 7483 7437 7490
f 7445 7453 7428
f 7483 7453 7426
f 7453 7460 7428
f 7454 7438 7430
f 7434 7406 7462
f 7438 7454 7474
f 7455 7432 7475
f 7475 7435 7455
f 7451 7456 7420
f 7466 7416 7456
f 7469 7424 7467
f 7457 7458 7469
f 7458 7424 7469
f 7459 7444 7443
f 7443 7458 7457
f 7471 7444 7459
f 7096 7472 7446
f 7428 7460 7446
f 7460 7096 7446
f 7448 7461 7430
f 7461 7086 7494
f 7430 7461 7484
f 7439 7454 7517
f 7486 7432 7441
f 7434 7462 7463
f 7463 7464 7441
f 7465 7435 7475
f 7468 7416 7466
f 7435 7465 7451
f 7481 7467 7452
f 7416 7468 7417
f 7452 7417 7468
f 7469 7467 7481
f 7457 7470 7443
f 7489 7471 7459
f 7459 7443 7470
f 7490 7437 7489
f 7437 7471 7489
f 6678 7472 7503
f 7473 7472 6678
f 7449 7086 7461
f 7430 7484 7454
f 7406 7439 7477
f 7462 7496 7464
f 7406 7474 7439
f 7499 7441 7496
f 7462 7406 7477
f 7521 7475 7486
f 7519 7465 7521
f 7432 7486 7475
f 7482 7468 7511
f 7487 7469 7481
f 7487 7476 7457
f 7487 7457 7469
f 7501 7459 7470
f 7470 7457 7476
f 7483 7502 7453
f 7472 7096 7503
f 7461 7494 7484
f 7484 7494 7495
f 7477 7439 7485
f 7462 7477 7478
f 7441 7464 7496
f 7441 7499 7486
f 7519 7479 7451
f 7480 7466 7479
f 7475 7521 7465
f 7451 7465 7519
f 7468 7466 7511
f 7451 7479 7466
f 7500 7481 7482
f 7452 7468 7482
f 7482 7481 7452
f 7500 7487 7481
f 7476 7501 7470
f 7489 7459 7501
f 7490 7514 7483
f 7453 7502 7460
f 7483 7514 7502
f 7529 7460 7502
f 7484 7495 7454
f 7495 7517 7454
f 7485 7439 7517
f 7485 7478 7477
f 7499 7496 7498
f 7518 7499 7533
f 7518 7486 7499
f 7521 7486 7518
f 7466 7480 7511
f 7500 7524 7487
f 7524 7526 7487
f 7526 7476 7487
f 7512 7488 7489
f 7512 7489 7501
f 7490 7489 7488
f 7488 7514 7490
f 7503 7096 7491
f 7529 7491 7096
f 6678 7503 7492
f 7493 7495 7494
f 7495 7493 7504
f 6470 7478 7485
f 7497 7478 7507
f 7462 7497 7496
f 7478 7497 7462
f 7498 7496 7497
f 7498 7533 7499
f 7500 7482 7509
f 7509 7482 7511
f 7524 7500 7523
f 7509 7523 7500
f 7501 7476 7528
f 7526 7528 7476
f 7512 7501 7528
f 7514 7545 7502
f 7492 7503 7491
f 7495 7504 7517
f 7517 7504 7505
f 7505 6470 7485
f 7507 7506 7497
f 7478 6470 7507
f 7519 7521 7537
f 7480 7479 7508
f 7511 7510 7509
f 7510 7511 7480
f 7512 7513 7488
f 7488 7513 7514
f 7513 7545 7514
f 7529 7502 7530
f 7530 7502 7545
f 7492 6670 6678
f 7515 7516 7493
f 7485 7517 7505
f 7497 7506 6461
f 7533 7498 6473
f 7521 7518 7520
f 7533 7520 7518
f 7519 7538 7479
f 7520 7537 7521
f 7537 7538 7519
f 7480 7522 7510
f 7538 7508 7479
f 7508 7522 7480
f 7509 7539 7523
f 7510 7539 7509
f 7523 7525 7524
f 7539 7525 7523
f 7524 7540 7526
f 7525 7540 7524
f 7526 7527 7528
f 7526 7540 7527
f 7528 7527 7542
f 7512 7528 7543
f 7513 7512 7543
f 7528 7542 7543
f 7545 6479 7530
f 7530 7535 7531
f 7491 7531 6481
f 7529 7530 7531
f 7532 6670 7492
f 7507 6470 7506
f 7498 7497 6461
f 7533 6473 6472
f 7508 7538 6474
f 7510 7522 6487
f 6490 7534 7543
f 7534 7513 7543
f 6479 7535 7530
f 7491 7529 7531
f 6481 7536 7492
f 7492 7491 6481
f 7498 6461 6473
f 6472 7520 7533
f 7537 7520 6472
f 7537 7546 7538
f 7522 7508 6474
f 7522 6474 6484
f 7510 6487 6486
f 7539 7547 7525
f 7540 7525 7547
f 7540 7541 7527
f 7542 7527 7541
f 7544 7543 7542
f 6490 7543 7544
f 7545 7513 7534
f 6479 7545 7534
f 6472 7546 7537
f 7546 6483 7538
f 7538 6483 6474
f 6487 7522 6484
f 7539 7510 6486
f 6486 7547 7539
f 7541 7544 7542
f 7555 7548 7552
f 7554 7549 7551
f 7565 7558 7563
f 7554 7550 7564
f 7554 7551 7555
f 7552 7553 7566
f 7550 7554 7566
f 7555 7552 7566
f 7556 7557 7559
f 7558 7559 7557
f 7560 7561 7562
f 7557 7562 7558
f 7561 7563 7562
f 7562 7563 7558
f 7550 7565 7564
f 7563 7564 7565
f 7554 7555 7566
f 7567 7568 7571
f 7571 7569 7567
f 7570 7571 7568
f 7572 7570 7568
f 7573 7574 7649
f 7643 7641 7576
f 7573 7575 7574
f 7579 7582 7646
f 7576 7578 7577
f 7578 7579 7644
f 7580 7639 7637
f 7641 7640 7580
f 7637 7635 7634
f 7575 7581 7582
f 7633 7632 7634
f 7628 7632 7629
f 7623 7649 7583
f 7622 7584 7615
f 7586 7585 7611
f 7611 7618 7586
f 7587 7652 7588
f 7653 7626 7654
f 7654 7588 7652
f 7671 7589 7590
f 7626 7602 7627
f 7661 7591 7592
f 7673 7672 7676
f 7672 7674 7671
f 7599 7667 7665
f 7593 7594 7661
f 7595 7668 7596
f 7597 7664 7598
f 7597 7663 7593
f 7599 7666 7664
f 7592 7600 7601
f 7656 7657 7602
f 7601 7603 7656
f 7605 7604 7677
f 7605 7624 7606
f 7613 7607 7587
f 7608 7609 7624
f 7608 7611 7610
f 7610 7609 7608
f 7611 7585 7610
f 7612 7617 7651
f 7612 7607 7613
f 7614 7615 7616
f 7616 7617 7614
f 7618 7630 7619
f 7620 7650 7621
f 7650 7622 7621
f 7583 7620 7623
f 7624 7609 7606
f 7625 7626 7627
f 7618 7619 7586
f 7618 7628 7630
f 7628 7629 7630
f 7632 7631 7629
f 7632 7633 7631
f 7634 7635 7633
f 7637 7636 7635
f 7637 7639 7636
f 7580 7638 7639
f 7580 7640 7638
f 7641 7642 7640
f 7641 7643 7642
f 7576 7577 7643
f 7578 7645 7577
f 7578 7644 7645
f 7579 7647 7644
f 7579 7646 7647
f 7582 7648 7646
f 7582 7581 7648
f 7582 7574 7575
f 7574 7583 7649
f 7583 7650 7620
f 7650 7584 7622
f 7584 7616 7615
f 7616 7651 7617
f 7651 7607 7612
f 7607 7652 7587
f 7652 7653 7654
f 7626 7625 7654
f 7602 7655 7627
f 7602 7657 7655
f 7656 7658 7657
f 7656 7603 7658
f 7601 7659 7603
f 7601 7600 7659
f 7592 7660 7600
f 7592 7591 7660
f 7661 7662 7591
f 7661 7594 7662
f 7593 7663 7594
f 7664 7597 7593
f 7599 7665 7666
f 7664 7666 7598
f 7599 7596 7667
f 7595 7596 7670
f 7667 7596 7668
f 7590 7669 7670
f 7669 7595 7670
f 7671 7590 7670
f 7672 7673 7674
f 7671 7674 7589
f 7672 7678 7676
f 7675 7678 7604
f 7676 7678 7675
f 7605 7677 7624
f 7604 7678 7677
f 7707 7682 7680
f 7679 7707 7680
f 7681 7680 7682
f 7681 7682 7683
f 7681 7683 7685
f 7681 7685 7684
f 7717 7707 7679
f 7685 7687 7684
f 7687 7686 7684
f 7686 7687 7688
f 7688 7690 7689
f 7686 7688 7689
f 7689 7690 7706
f 7690 7691 7706
f 7694 7693 7692
f 7691 7692 7693
f 7695 7694 7692
f 7696 7694 7695
f 7696 7699 7698
f 7699 7696 7695
f 7700 7697 7698
f 7698 7699 7700
f 7702 7697 7701
f 7700 7701 7697
f 7702 7703 7705
f 7703 7702 7701
f 7703 7704 7705
f 7691 7693 7706
f 7716 7707 7717
f 7708 7734 7731
f 7731 7734 7714
f 7709 7710 7729
f 7711 7712 7709
f 7711 7713 7712
f 7713 7711 7727
f 7714 7718 7731
f 7715 7716 7717
f 7718 7719 7730
f 7721 7716 7715
f 7719 7710 7730
f 7715 7722 7720
f 7720 7721 7715
f 7726 7725 7722
f 7720 7722 7725
f 7725 7723 7724
f 7723 7725 7726
f 7724 7728 7727
f 7724 7723 7728
f 7728 7713 7727
f 7710 7709 7712
f 7719 7729 7710
f 7730 7731 7718
f 7708 7732 7733
f 7733 7734 7708
f 7735 7783 7781
f 7736 7738 7737
f 7738 7736 7740
f 7775 7772 7739
f 7740 7772 7775
f 7739 7765 7771
f 7741 7742 7770
f 7751 7743 7761
f 7747 7767 7768
f 7743 7754 7761
f 7743 7744 7754
f 7745 7749 7746
f 7766 7747 7748
f 7749 7748 7746
f 7750 7767 7773
f 7747 7766 7767
f 7751 7761 7760
f 7752 7755 7756
f 7753 7754 7744
f 7755 7758 7756
f 7757 7758 7753
f 7757 7753 7744
f 7757 7756 7758
f 7763 7752 7759
f 7763 7755 7752
f 7760 7761 7764
f 7762 7763 7759
f 7764 7750 7773
f 7771 7765 7742
f 7766 7748 7749
f 7767 7750 7768
f 7769 7745 7746
f 7774 7769 7746
f 7769 7774 7770
f 7741 7771 7742
f 7772 7765 7739
f 7760 7764 7773
f 7741 7770 7774
f 7775 7738 7740
f 7737 7777 7736
f 7776 7777 7737
f 7779 7777 7776
f 7778 7779 7776
f 7778 7780 7779
f 7778 7735 7780
f 7781 7783 7782
f 7780 7735 7781
f 7783 7785 7782
f 7786 7785 7784
f 7785 7786 7782
f 7784 7788 7787
f 7787 7786 7784
f 7787 7788 7789
f 7858 4845 5237
f 7855 7856 7853
f 4833 4529 7856
f 7853 4526 7855
f 7851 7850 7790
f 7852 7851 7790
f 7847 4543 4795
f 7849 7846 7845
f 7792 7793 7791
f 7792 4769 7793
f 7794 7795 7796
f 7797 7794 4711
f 4695 7796 7795
f 7798 4681 7799
f 7798 7839 7841
f 4669 7841 7839
f 7838 7800 7801
f 7801 7800 4676
f 7860 7859 7862
f 4662 4666 7862
f 7837 4660 7802
f 7802 4660 4659
f 4656 7837 4655
f 7835 7834 7832
f 7832 7803 7835
f 7830 7804 4650
f 4651 7830 4650
f 7826 7805 7806
f 7827 7826 7806
f 4535 7807 7805
f 7808 7809 7811
f 7811 4535 7808
f 4633 7809 7810
f 7809 4633 7811
f 7813 7812 7810
f 4633 7810 7812
f 7813 4625 7812
f 7813 7814 4625
f 4625 7814 4619
f 4619 7814 7815
f 7816 4619 7815
f 7817 7816 7815
f 7817 7818 7816
f 7817 7820 7821
f 7821 7818 7817
f 4574 7820 7819
f 7820 4574 7821
f 7822 4575 7819
f 4574 7819 4575
f 7822 7823 4572
f 4572 4575 7822
f 4572 7823 4542
f 4542 7823 7824
f 7825 4542 7824
f 7944 7825 7824
f 7944 4566 7825
f 4566 7944 4910
f 7805 7808 4535
f 7805 7807 7806
f 7826 7827 7828
f 7827 4564 7828
f 4647 7829 4564
f 4564 7829 7828
f 7804 7829 4649
f 4649 7829 4647
f 7804 4649 4650
f 7830 4651 7831
f 7803 7832 7831
f 4651 7803 7831
f 7833 7834 7835
f 7836 7833 4655
f 7836 7834 7833
f 7836 4655 7837
f 4656 4660 7837
f 4659 7863 7802
f 7802 7863 7860
f 7863 4659 7859
f 7862 4665 7838
f 7862 4666 4665
f 4665 7800 7838
f 4669 7840 4676
f 4676 7840 7801
f 7839 7840 4669
f 7798 7841 7842
f 7842 4681 7798
f 4681 4682 7799
f 4695 7843 4682
f 4682 7843 7799
f 7795 7843 4695
f 7794 7796 4711
f 7794 7797 7844
f 4727 7791 7844
f 7797 4727 7844
f 7792 7791 4727
f 7846 4769 7845
f 7846 7793 4769
f 7846 7849 7848
f 4543 7847 7848
f 7849 4543 7848
f 7850 7847 4794
f 4794 7847 4795
f 7850 4794 7790
f 7852 4526 7854
f 7851 7852 7854
f 4526 7853 7854
f 4833 7856 7855
f 7857 7856 4529
f 7857 4529 4528
f 4528 4845 7858
f 7857 4528 7858
f 7859 7860 7861
f 7862 7859 4662
f 4662 7859 4659
f 7863 7861 7860
f 7865 7945 7864
f 4910 7945 7865
f 7866 4954 7943
f 7939 4969 7940
f 7940 4969 7942
f 7936 7867 7868
f 7868 5018 7936
f 7871 7932 7869
f 7870 7871 7869
f 7930 7872 7931
f 7931 5035 5033
f 7872 7930 5036
f 7928 7927 7873
f 7875 7877 7874
f 7925 7875 7874
f 7876 7924 7877
f 7921 7919 7878
f 5043 7921 5044
f 7918 7878 7919
f 7917 7879 7880
f 7880 7879 5047
f 5055 5058 7916
f 7913 7881 7882
f 7882 7881 7914
f 7885 7910 7883
f 7883 7884 7885
f 7907 7886 4901
f 7908 7907 4901
f 5111 7888 4912
f 7887 4912 7889
f 7888 7889 4912
f 7887 7889 5136
f 5136 7889 7891
f 7890 5136 7891
f 7892 4914 7890
f 7890 7891 7892
f 7895 4914 7892
f 7893 7895 7892
f 7893 7894 7895
f 7894 7896 5184
f 7896 7894 7893
f 5208 5184 7897
f 7896 7897 5184
f 5208 7897 4902
f 4902 7897 7899
f 7898 4902 7899
f 7900 7898 7899
f 7900 7902 7898
f 4903 7902 7901
f 7900 7901 7902
f 7903 7904 4903
f 4903 7901 7903
f 7904 7905 7906
f 7905 7904 7903
f 5237 7906 7858
f 7905 7858 7906
f 7886 7888 5111
f 7886 5111 4901
f 7908 7884 7909
f 7907 7908 7909
f 7884 7883 7909
f 5080 7910 7885
f 7911 5080 7912
f 7911 7910 5080
f 7911 5067 7913
f 7911 7912 5067
f 5067 7881 7913
f 7914 7916 7882
f 5055 7916 7914
f 7915 7916 5058
f 7915 5050 7917
f 7915 5058 5050
f 5050 7879 7917
f 7918 7920 5047
f 5047 7920 7880
f 7919 7920 7918
f 7921 7878 5044
f 7921 5043 7923
f 5043 5042 7923
f 7876 7922 5042
f 5042 7922 7923
f 7877 7922 7876
f 7877 7924 7874
f 7875 7925 7926
f 5040 7873 7926
f 7925 5040 7926
f 7928 7873 5040
f 5037 7927 7928
f 7929 5037 5036
f 7929 7927 5037
f 7929 5036 7930
f 7872 5035 7931
f 5033 7933 7931
f 7932 7933 4946
f 4946 7933 5033
f 7932 4946 7869
f 7870 5018 7934
f 7871 7870 7934
f 5018 7868 7934
f 7935 7867 7936
f 7937 7935 7938
f 7937 7867 7935
f 7937 4998 7939
f 7937 7938 4998
f 4998 4969 7939
f 7942 7941 7940
f 7943 7941 7866
f 7866 7941 7942
f 7943 4956 7864
f 7943 4954 4956
f 4956 7865 7864
f 4910 7944 7945
f 7947 7946 7950
f 7946 7947 7949
f 7947 7948 7949
f 7949 7948 7951
f 7975 7950 7946
f 7951 7948 7954
f 7951 7954 7952
f 7953 7952 7954
f 7955 7952 7953
f 7955 7953 7956
f 7970 7958 7971
f 7958 7957 7959
f 7970 7957 7958
f 7959 7957 7960
f 7960 7962 7959
f 7960 7961 7963
f 7963 7962 7960
f 7964 7966 7961
f 7963 7961 7966
f 7968 7964 7965
f 7964 7968 7966
f 7967 7968 7965
f 7965 7969 7967
f 7956 7970 7971
f 7955 7956 7971
f 7975 7972 7950
f 7981 7980 7973
f 7973 7980 8001
f 7974 7972 7975
f 7976 7978 7994
f 7976 7977 7978
f 7972 7974 7983
f 7979 7980 7981
f 7997 7979 7998
f 7997 7996 7982
f 7974 7985 7983
f 7983 7985 7984
f 7986 7985 7987
f 7986 7984 7985
f 7989 7988 7987
f 7986 7987 7988
f 7990 7989 7991
f 7989 7990 7988
f 7990 7992 7977
f 7990 7991 7992
f 7992 7978 7977
f 7994 7993 7976
f 7982 7993 7994
f 7996 7993 7982
f 7995 7996 7997
f 7995 7997 7998
f 7979 7981 7998
f 8001 7999 8000
f 8000 7973 8001
f 8045 8002 8046
f 8035 8003 8004
f 8005 8003 8033
f 8017 8016 8018
f 8025 8006 8007
f 8021 8008 8016
f 8009 8010 8030
f 8028 8030 8011
f 8030 8028 8009
f 8008 8026 8025
f 8012 8013 8014
f 8020 8015 8014
f 8021 8016 8017
f 8020 8018 8019
f 8017 8018 8020
f 8020 8019 8015
f 8015 8012 8014
f 8026 8008 8021
f 8022 8029 8032
f 8022 8032 8031
f 8023 8024 8031
f 8023 8034 8024
f 8006 8025 8026
f 8027 8007 8006
f 8027 8028 8011
f 8007 8027 8011
f 8010 8029 8030
f 8029 8010 8032
f 8031 8032 8023
f 8033 8024 8034
f 8033 8034 8005
f 8033 8003 8035
f 8036 8004 8003
f 8037 8004 8039
f 8036 8039 8004
f 8039 8040 8038
f 8038 8037 8039
f 8041 8038 8040
f 8041 8042 8038
f 8042 8043 8044
f 8043 8042 8041
f 8047 8044 8048
f 8043 8048 8044
f 8045 8046 8047
f 8047 8048 8045
f 8046 8002 8049
f 8051 8049 8050
f 8002 8050 8049
f 8051 8053 8052
f 8053 8051 8050
f 8055 8054 8052
f 8052 8053 8055
f 8099 8056 8058
f 8057 8103 8104
f 8101 8100 8103
f 8102 8056 8100
f 8058 8097 8098
f 8059 8105 8060
f 8097 8094 8096
f 8061 8060 8062
f 8063 8064 8094
f 8062 8106 8061
f 8093 8095 8065
f 8066 8069 8067
f 8070 8068 8069
f 8069 8068 8067
f 8067 8086 8066
f 8074 8068 8070
f 8106 8071 8107
f 8090 8089 8092
f 8108 8071 8072
f 8068 8074 8073
f 8073 8074 8075
f 8077 8076 8108
f 8077 8078 8076
f 8079 8082 8080
f 8075 8081 8073
f 8079 8083 8082
f 8082 8083 8084
f 8066 8086 8085
f 8085 8086 8087
f 8088 8090 8085
f 8085 8087 8088
f 8088 8089 8090
f 8093 8092 8091
f 8089 8091 8092
f 8095 8093 8091
f 8094 8065 8063
f 8063 8065 8095
f 8094 8064 8096
f 8097 8096 8098
f 8058 8098 8099
f 8056 8099 8100
f 8101 8102 8100
f 8057 8101 8103
f 8105 8059 8104
f 8104 8059 8057
f 8062 8060 8105
f 8106 8107 8061
f 8071 8108 8107
f 8072 8077 8108
f 8076 8078 8080
f 8080 8078 8079
f 8110 8084 8083
f 8109 8110 8083
f 8109 8112 8110
f 8110 8112 8111
f 8111 8112 8113
f 8111 8113 8114
f 8114 8113 8115
f 8160 8116 8159
f 8160 8159 8158
f 8118 8157 8158
f 8117 8157 8118
f 8117 8119 8156
f 8120 8121 8119
f 8156 8119 8121
f 8124 8121 8120
f 8122 8123 8125
f 8123 8122 8124
f 8125 8126 8122
f 8123 8124 8120
f 8127 8128 8155
f 8126 8155 8128
f 8131 8129 8127
f 8127 8129 8128
f 8131 8154 8130
f 8130 8129 8131
f 8152 8151 8132
f 8132 8154 8153
f 8150 8149 8133
f 8151 8150 8133
f 8149 8134 8135
f 8145 8135 8148
f 8143 8142 8136
f 8142 8143 8137
f 8137 8138 8140
f 8139 8137 8140
f 8138 8141 8140
f 8137 8139 8142
f 8136 8144 8143
f 8144 8136 8146
f 8145 8147 8144
f 8144 8146 8145
f 8147 8145 8148
f 8149 8150 8134
f 8135 8134 8148
f 8151 8152 8150
f 8132 8153 8152
f 8132 8130 8154
f 8125 8155 8126
f 8156 8157 8117
f 8118 8158 8159
f 8116 8160 8161
f 8162 8116 8161
f 8163 8162 8161
f 8163 8164 8165
f 8165 8162 8163
f 8165 8164 8168
f 8166 8168 8164
f 8166 8167 8168
f 8169 8177 8170
f 8202 8201 8173
f 8171 8173 8172
f 8201 8172 8173
f 8174 8171 8172
f 8175 8172 8177
f 8175 8200 8172
f 8176 8175 8177
f 8177 8179 8170
f 8169 8176 8177
f 8180 8178 8182
f 8177 8178 8179
f 8180 8182 8181
f 8177 8182 8178
f 8182 8183 8199
f 8183 8184 8198
f 8184 8185 8186
f 8189 8185 8184
f 8189 8187 8185
f 8187 8189 8188
f 8195 8196 8189
f 8188 8189 8196
f 8193 8190 8194
f 8191 8190 8193
f 8193 8192 8191
f 8193 8194 8195
f 8195 8194 8197
f 8196 8195 8197
f 8186 8198 8184
f 8183 8182 8184
f 8182 8199 8181
f 8172 8200 8174
f 8203 8201 8202
f 8204 8203 8202
f 8205 8203 8204
f 8204 8206 8205
f 8205 8206 8207
f 8210 8208 8209
f 8209 8229 8210
f 8210 8211 8208
f 8208 8211 8212
f 8212 8211 8213
f 8213 8214 8215
f 8215 8212 8213
f 8215 8214 8216
f 8216 8214 8218
f 8217 8216 8218
f 8219 8217 8218
f 8221 8217 8220
f 8219 8220 8217
f 8223 8221 8220
f 8223 8222 8221
f 8225 8222 8226
f 8223 8226 8222
f 8224 8225 8226
f 8224 8227 8225
f 8228 8229 8209
f 8229 8228 8230
f 8230 8232 8231
f 8232 8230 8228
f 8235 8231 8232
f 8234 8231 8235
f 8233 8234 8235
f 8236 8233 8235
f 8238 8237 8236
f 8233 8236 8237
f 8237 8238 8239
f 8239 8238 8240
f 8240 8241 8239
f 8242 8243 8241
f 8241 8240 8242
f 8243 8242 8244
f 8245 8243 8244
f 8248 8245 8246
f 8244 8246 8245
f 8246 8247 8248
f 8250 8247 8249
f 8247 8250 8248
f 8249 8252 8250
f 8249 8251 8252
f 8251 8255 8254
f 8254 8252 8251
f 8253 8254 8255
f 8256 8253 8255
f 8257 8258 8256
f 8253 8256 8258
f 8523 8521 8259
f 8457 8467 8465
f 8285 8449 8435
f 8260 8261 8262
f 8261 8454 8262
f 8449 8448 8430
f 8444 8434 8263
f 8284 8264 8422
f 8265 8375 8376
f 8295 8299 8271
f 8296 8293 8270
f 8266 8269 8577
f 8299 8267 8300
f 8298 8300 8268
f 8268 8301 8311
f 8575 8269 8266
f 8297 8577 8580
f 8296 8270 8295
f 8322 8271 8298
f 8368 8361 8360
f 8344 8351 8320
f 8280 8410 8383
f 8277 6846 8423
f 8272 8445 8273
f 8452 8273 8261
f 8446 8442 8273
f 6615 8451 6616
f 8274 8456 8457
f 8467 8275 8474
f 8345 8344 8343
f 8315 8276 8322
f 8277 6861 6846
f 8320 8326 8281
f 8278 6846 8410
f 8395 8280 8363
f 8381 8279 8280
f 8371 8372 8366
f 8326 8322 8281
f 8282 8335 8353
f 8402 8392 8377
f 8414 8413 8420
f 8414 8264 8401
f 8401 8264 8425
f 8422 8414 8420
f 8283 8263 8420
f 8284 8422 8263
f 8435 8444 8285
f 8452 8272 8273
f 8286 8453 6616
f 8449 8456 8274
f 8488 8482 8478
f 8506 8503 8287
f 8502 8506 8512
f 8514 8288 8512
f 8289 8513 8516
f 8289 8290 8513
f 8524 8525 8291
f 8575 6769 8292
f 8294 8307 8266
f 8577 8297 8266
f 8580 8296 8297
f 8293 8296 8580
f 8302 8575 8266
f 8294 8266 8297
f 8299 8295 8270
f 8267 8299 8270
f 8575 8302 6769
f 8294 8318 8306
f 8307 8302 8266
f 8295 8325 8296
f 8294 8297 8308
f 8297 8296 8308
f 8299 8300 8298
f 8298 8271 8299
f 8300 8301 8268
f 8302 8303 6769
f 8325 8308 8296
f 8309 8325 8295
f 8271 8326 8309
f 8309 8295 8271
f 8324 8323 8268
f 8323 8298 8268
f 8324 8268 8311
f 8574 8313 8310
f 8313 8304 8305
f 8294 8306 8307
f 8318 8308 8325
f 8308 8318 8294
f 8321 8325 8309
f 8271 8322 8326
f 8298 8323 8322
f 8324 8311 8310
f 8313 8305 8310
f 8311 8574 8310
f 8312 8304 8313
f 8307 8303 8302
f 8314 8315 8324
f 8324 8315 8323
f 8316 8310 8305
f 8317 8305 8304
f 8318 8341 8319
f 8319 8306 8318
f 8341 8325 8329
f 8343 8320 8281
f 8309 8326 8321
f 8324 8316 8314
f 8322 8323 8315
f 8314 8316 8327
f 8316 8305 8331
f 8324 8310 8316
f 8317 8331 8305
f 8303 8307 8306
f 8325 8341 8318
f 8326 8339 8321
f 8325 8321 8329
f 8276 8315 8314
f 8322 8276 8281
f 8332 8331 8328
f 8327 8316 8331
f 8328 8331 8317
f 8306 8319 8333
f 8341 8329 8342
f 8329 8321 8342
f 8339 8342 8321
f 8339 8326 8320
f 8327 8330 8314
f 8314 8330 8276
f 8337 8331 8332
f 8303 8306 8333
f 8333 8319 8334
f 8338 8319 8341
f 8343 8281 8276
f 8327 8337 8282
f 8343 8276 8345
f 8327 8282 8330
f 8327 8331 8337
f 8319 8338 8334
f 8341 8340 8338
f 8357 8340 8339
f 8320 8351 8339
f 8336 8354 8335
f 8345 8276 8330
f 8336 8282 8337
f 8328 8346 8332
f 8334 8338 6814
f 8342 8339 8340
f 8340 8341 8342
f 8353 8359 8345
f 8343 8344 8320
f 8345 8330 8282
f 8345 8282 8353
f 8337 8332 8346
f 8354 8337 8346
f 8346 8328 8347
f 8344 8359 8361
f 8339 8351 8357
f 8359 8344 8345
f 8335 8282 8336
f 8355 8346 8347
f 8336 8337 8354
f 8346 8355 8354
f 8338 6824 6814
f 8338 8362 6824
f 8340 8348 8362
f 8338 8340 8362
f 8349 8348 8357
f 8351 8350 8357
f 8350 8344 8361
f 8344 8350 8351
f 8353 8352 8359
f 8352 8353 8335
f 8354 8355 8356
f 8354 8365 8335
f 8340 8357 8348
f 8359 8369 8360
f 8335 8365 8352
f 8358 8355 8347
f 6824 8362 6813
f 8350 8368 8349
f 8357 8350 8349
f 8350 8361 8368
f 8359 8360 8361
f 8352 8369 8359
f 8365 8354 8356
f 8365 8375 8352
f 8356 8355 8380
f 8376 8356 8380
f 8362 8367 6813
f 8362 8348 8367
f 8280 8279 8363
f 8364 8399 8372
f 8370 8364 8369
f 8352 8375 8369
f 8365 8376 8375
f 8365 8356 8376
f 8380 8355 8358
f 8378 8380 8358
f 8363 8366 8387
f 8367 8348 8381
f 8279 8348 8349
f 8349 8368 8279
f 8360 8372 8371
f 8360 8371 8368
f 8369 8372 8360
f 8373 8370 8265
f 8375 8370 8369
f 8380 8378 8385
f 8348 8279 8381
f 8368 8371 8363
f 8364 8372 8369
f 8373 8392 8374
f 8265 8370 8375
f 8265 8376 8377
f 8385 8378 8379
f 8376 8380 8385
f 8382 6813 8367
f 8403 8382 8383
f 8381 8383 8367
f 8367 8383 8382
f 8381 8280 8383
f 8279 8368 8363
f 8371 8366 8363
f 8384 8408 8412
f 8399 8366 8372
f 8390 8374 8412
f 8373 8364 8370
f 8265 8377 8392
f 8376 8385 8377
f 8379 8386 8385
f 8385 8386 8377
f 8387 8415 8395
f 8398 8406 8387
f 8388 8389 8398
f 8390 8364 8373
f 8399 8364 8390
f 8421 8391 8425
f 8265 8392 8373
f 8393 8425 8394
f 8404 8387 8405
f 8410 8280 8395
f 8363 8387 8395
f 8398 8396 8397
f 8398 8366 8399
f 8398 8399 8390
f 8390 8373 8374
f 8400 8418 8425
f 8401 8392 8402
f 8377 8386 8402
f 8386 8413 8402
f 8413 8386 8379
f 8410 8403 8383
f 8387 8404 8415
f 8405 8387 8406
f 8398 8397 8406
f 8387 8366 8398
f 8398 8407 8396
f 8390 8388 8398
f 8409 8388 8390
f 8408 8409 8412
f 8409 8390 8412
f 8401 8374 8392
f 8416 8410 8395
f 8389 8407 8398
f 8384 8412 8411
f 8417 8411 8412
f 8412 8425 8418
f 8412 8374 8425
f 8401 8425 8374
f 8402 8413 8414
f 8402 8414 8401
f 6846 8403 8410
f 8415 8416 8395
f 8417 8412 8418
f 8425 8391 8400
f 8419 8394 8425
f 8420 8413 8283
f 8410 8416 8278
f 8425 8393 8421
f 8264 8414 8422
f 6846 8278 8423
f 8424 8425 8284
f 8420 8263 8422
f 8419 8425 8424
f 8426 8424 8284
f 8264 8284 8425
f 8283 8427 8263
f 8426 8284 8428
f 8428 8430 8432
f 8263 8427 8436
f 8430 8429 8431
f 8428 8284 8430
f 8263 8434 8284
f 8431 8432 8430
f 8284 8434 8430
f 8430 8433 8429
f 8433 8430 8440
f 8434 8435 8430
f 8444 8436 8437
f 8263 8436 8444
f 8435 8434 8444
f 8436 8427 8437
f 8443 8438 8448
f 8439 8448 8438
f 8430 8439 8440
f 8441 8448 8442
f 8443 8448 8441
f 8430 8448 8439
f 8444 8437 8458
f 8435 8449 8430
f 8285 8444 8458
f 8445 8446 8273
f 8448 8447 8273
f 8448 8273 8442
f 8448 8455 8447
f 8449 8274 8455
f 8455 8448 8449
f 8449 8285 8456
f 8285 8458 8456
f 8450 8458 8437
f 8286 6616 8451
f 8452 8261 8260
f 8463 8273 8447
f 8453 8286 8454
f 8459 6616 8453
f 8454 8261 8453
f 8462 8261 8273
f 8453 8261 8462
f 8462 8273 8463
f 8463 8447 8460
f 8460 8447 8455
f 8471 8274 8465
f 8455 8274 8471
f 8274 8457 8465
f 8456 8458 8457
f 8457 8458 8469
f 8458 8450 8469
f 8453 8462 8459
f 8460 8455 8471
f 8461 8469 8450
f 8462 8464 8459
f 8463 8464 8462
f 8464 8463 8460
f 8470 8460 8471
f 8466 8465 8474
f 8465 8466 8471
f 8465 8467 8474
f 8457 8469 8467
f 8467 8469 8468
f 8469 8461 8468
f 8460 8470 8464
f 8471 8466 8470
f 8459 8464 6930
f 8470 6955 8464
f 8470 8476 6955
f 8470 8475 8476
f 8466 8472 8475
f 8470 8466 8475
f 8474 8473 8472
f 8478 8473 8275
f 8472 8466 8474
f 8474 8275 8473
f 8467 8468 8275
f 8275 8468 8477
f 8479 8477 8461
f 8468 8461 8477
f 6930 8464 6955
f 8478 8275 8477
f 6947 6955 8476
f 8476 8483 6947
f 8475 8486 8483
f 8472 8480 8486
f 8486 8475 8472
f 8480 8473 8481
f 8480 8472 8473
f 8473 8478 8481
f 8476 8475 8483
f 8477 8479 8478
f 8479 8488 8478
f 8479 8487 8488
f 8483 8486 8484
f 8480 8492 8489
f 8489 8486 8480
f 8482 8492 8481
f 8492 8480 8481
f 8478 8482 8481
f 8483 8484 6947
f 8486 6964 8484
f 8486 8485 6964
f 8489 8485 8486
f 8487 8494 8488
f 8489 8493 8485
f 8492 8491 8493
f 8489 8492 8493
f 8482 8490 8491
f 8491 8492 8482
f 8482 8488 8490
f 8490 8488 8494
f 6977 6964 8485
f 8485 8493 8496
f 8485 8496 6977
f 8500 8494 8487
f 8497 8496 8493
f 8497 8493 8491
f 8498 8495 8490
f 8495 8491 8490
f 8490 8494 8287
f 8494 8500 8287
f 8490 8287 8498
f 8496 6986 6977
f 8491 8499 8497
f 8491 8495 8499
f 8496 8497 6986
f 8499 6986 8497
f 8495 8501 8499
f 8498 8503 8501
f 8501 8495 8498
f 8503 8498 8287
f 8499 8504 6986
f 8500 8507 8506
f 8287 8500 8506
f 8501 8509 8499
f 8499 8509 8505
f 8503 8502 8509
f 8501 8503 8509
f 8503 8506 8502
f 8504 8499 8505
f 8506 8507 8512
f 8507 8511 8512
f 7001 8505 8509
f 8509 8508 7001
f 8288 8508 8502
f 8508 8509 8502
f 8502 8512 8288
f 7022 7001 8508
f 8508 8510 7022
f 8508 8288 8510
f 8510 8288 8514
f 8511 8514 8512
f 8514 8511 8516
f 8513 8518 8514
f 8518 8510 8514
f 8514 8516 8513
f 8517 7022 8510
f 8518 8517 8510
f 8290 8515 8518
f 8290 8518 8513
f 8259 8289 8516
f 8515 8519 8517
f 8517 8518 8515
f 8290 8519 8515
f 7031 8519 8290
f 8290 8520 7031
f 8520 8290 8289
f 8289 8521 8520
f 8259 8521 8289
f 7044 8522 7031
f 7044 7031 8520
f 8520 8291 7044
f 8291 8520 8521
f 8291 8521 8523
f 8291 8523 8524
f 8291 8525 8527
f 8291 8527 7044
f 8526 7048 8525
f 8526 8525 8524
f 8527 8525 7048
f 7048 8526 8528
f 7048 8528 7047
f 8529 7047 8528
f 8530 7053 8529
f 8529 7053 7047
f 8530 8529 8531
f 8529 8532 8531
f 8533 8534 8535
f 8535 8536 8533
f 8537 8540 8538
f 8537 8539 8541
f 8540 8537 8541
f 8579 8583 8293
f 8269 8576 8577
f 8580 8577 8578
f 8575 8542 8269
f 8270 8293 8583
f 8543 8600 8544
f 8596 8548 8572
f 8667 8650 8668
f 8679 8545 8675
f 8617 8546 8616
f 8689 8681 8667
f 8641 8668 8654
f 8652 8675 8668
f 8547 8655 8651
f 8596 8620 8624
f 8572 8548 8600
f 8549 8615 8624
f 8550 8628 8638
f 8658 8637 8646
f 8551 8695 8697
f 8710 8693 8552
f 8552 8553 8554
f 8738 8736 8555
f 8738 8744 8751
f 8735 8724 8723
f 8727 8556 8729
f 8556 8727 8562
f 8729 8557 8558
f 8557 8729 8726
f 5591 8728 8559
f 5591 8560 8561
f 8562 8727 8563
f 8727 8564 8721
f 8750 8762 8565
f 8750 8565 8751
f 8566 8567 8790
f 8794 8795 8800
f 8784 8782 8785
f 8780 8784 8568
f 8568 8766 8569
f 8736 8724 8735
f 8570 8723 8705
f 8709 8707 8719
f 8554 8699 8709
f 8551 8697 8553
f 8688 8553 8552
f 8673 8659 8666
f 8571 8573 8589
f 8573 8300 8584
f 8584 8581 8572
f 8301 8571 8311
f 8571 8301 8573
f 8311 8594 8574
f 8542 8292 8585
f 8542 8575 8292
f 8576 8269 8582
f 8582 8269 8542
f 8577 8576 8578
f 8580 8578 8579
f 8293 8580 8579
f 8581 8270 8583
f 8267 8270 8581
f 8542 8585 8582
f 8576 8598 8593
f 8592 8576 8582
f 8583 8579 8586
f 8576 8587 8578
f 8578 8587 8579
f 8584 8267 8581
f 8267 8584 8300
f 8300 8573 8301
f 8582 8585 5772
f 8586 8579 8587
f 8588 8583 8586
f 8581 8588 8572
f 8588 8581 8583
f 8597 8571 8589
f 8597 8594 8571
f 8589 8573 8584
f 8571 8594 8311
f 8574 8591 8313
f 8312 8595 8590
f 8313 8591 8312
f 8590 8304 8312
f 8576 8592 8598
f 8593 8586 8587
f 8587 8576 8593
f 8599 8588 8586
f 8584 8572 8600
f 8584 8600 8589
f 8597 8591 8594
f 8312 8591 8595
f 8594 8591 8574
f 8592 8582 5772
f 8607 8597 8543
f 8597 8589 8543
f 8603 8595 8591
f 8604 8590 8595
f 8593 8608 8614
f 8608 8593 8598
f 8614 8605 8586
f 8615 8548 8596
f 8588 8599 8572
f 8597 8607 8603
f 8600 8543 8589
f 8607 8602 8603
f 8603 8610 8595
f 8597 8603 8591
f 8604 8595 8610
f 5772 8598 8592
f 8586 8593 8614
f 8572 8599 8613
f 8586 8605 8599
f 8544 8607 8543
f 8600 8548 8544
f 8619 8601 8610
f 8602 8610 8603
f 8601 8604 8610
f 8598 5812 8608
f 8614 8606 8605
f 8605 8606 8599
f 8613 8599 8606
f 8613 8596 8572
f 8602 8607 8612
f 8607 8544 8612
f 8618 8619 8610
f 5772 5812 8598
f 5812 8611 8608
f 8609 8614 8608
f 8615 8544 8548
f 8602 8616 8618
f 8615 8549 8544
f 8602 8612 8616
f 8602 8618 8610
f 8608 8611 8609
f 8614 8609 8622
f 8623 8613 8622
f 8596 8613 8620
f 8549 8612 8544
f 8550 8618 8616
f 8601 8619 8626
f 8611 5820 8609
f 8606 8622 8613
f 8622 8606 8614
f 8617 8549 8625
f 8615 8596 8624
f 8549 8616 8612
f 8549 8617 8616
f 8618 8626 8619
f 8550 8626 8618
f 8626 8621 8601
f 8624 8633 8625
f 8613 8623 8620
f 8625 8549 8624
f 8546 8550 8616
f 8627 8621 8626
f 8609 5820 5819
f 8609 5819 8630
f 8622 8630 8643
f 8609 8630 8622
f 8642 8623 8643
f 8620 8623 8632
f 8632 8633 8624
f 8624 8620 8632
f 8617 8625 8636
f 8636 8546 8617
f 8550 8546 8628
f 8550 8627 8626
f 8638 8639 8627
f 8632 8642 8631
f 8622 8643 8623
f 8625 8644 8647
f 8546 8636 8628
f 8550 8638 8627
f 8627 8639 8621
f 8629 8621 8639
f 5819 5818 8630
f 8633 8631 8644
f 8623 8642 8632
f 8632 8631 8633
f 8625 8633 8644
f 8636 8625 8647
f 8628 8636 8637
f 8658 8634 8638
f 8630 5818 8635
f 8630 8635 8643
f 8668 8650 8654
f 8636 8647 8637
f 8628 8637 8658
f 8638 8634 8639
f 8628 8658 8638
f 8634 8629 8639
f 8640 8629 8634
f 8650 8661 8655
f 8635 8641 8643
f 8654 8642 8643
f 8642 8654 8631
f 8644 8547 8651
f 8644 8631 8547
f 8647 8644 8651
f 8645 8646 8648
f 8637 8647 8648
f 8634 8649 8640
f 8643 8641 8654
f 8631 8650 8547
f 8664 8647 8651
f 8664 8648 8647
f 8646 8637 8648
f 8646 8659 8658
f 8649 8674 8640
f 8658 8649 8634
f 8653 8635 5818
f 5849 8652 8653
f 8641 8635 8652
f 8635 8653 8652
f 8667 8681 8661
f 8641 8652 8668
f 8654 8650 8631
f 8547 8650 8655
f 8656 8677 8657
f 8664 8651 8655
f 8665 8677 8645
f 8666 8645 8677
f 8646 8666 8659
f 8658 8659 8649
f 8659 8660 8649
f 8660 8674 8649
f 8671 8661 8669
f 8662 8671 8663
f 8665 8648 8664
f 8645 8648 8665
f 8646 8645 8666
f 8675 8667 8668
f 8669 8670 8671
f 8650 8667 8661
f 8671 8672 8676
f 8671 8664 8655
f 8671 8665 8664
f 8690 8677 8685
f 8551 8673 8666
f 8659 8673 8660
f 8660 8673 8688
f 8688 8674 8660
f 8675 8652 5849
f 8661 8681 8682
f 8661 8671 8655
f 8671 8676 8683
f 8665 8671 8662
f 8678 8665 8662
f 8657 8677 8678
f 8678 8677 8665
f 8677 8695 8666
f 8689 8667 8675
f 5863 8679 5858
f 8680 8681 8689
f 8680 8682 8681
f 8669 8661 8682
f 8672 8671 8670
f 8663 8671 8683
f 8656 8684 8677
f 8685 8677 8684
f 8677 8686 8695
f 8687 8694 8695
f 8551 8666 8695
f 8673 8553 8688
f 8673 8551 8553
f 5858 8675 5849
f 8545 8689 8675
f 8686 8677 8690
f 8686 8687 8695
f 8691 8695 8692
f 8552 8693 8688
f 5858 8679 8675
f 8694 8692 8695
f 8695 8698 8696
f 8697 8554 8553
f 8691 8698 8695
f 8702 8699 8695
f 8552 8554 8710
f 8696 8702 8695
f 8697 8695 8699
f 8700 8707 8701
f 8554 8697 8699
f 8702 8701 8699
f 8717 8693 8710
f 8707 8703 8704
f 8701 8707 8699
f 8705 8707 8711
f 8554 8709 8710
f 8710 8709 8706
f 8703 8707 8700
f 8707 8704 8708
f 8699 8707 8709
f 8710 8706 8717
f 8708 8711 8707
f 8707 8705 8719
f 8709 8712 8706
f 8719 8712 8709
f 8712 8720 8706
f 8713 8570 8715
f 8714 8715 8570
f 8705 8711 8714
f 8716 8717 8720
f 8706 8720 8717
f 8718 8564 8570
f 8713 8718 8570
f 8705 8714 8570
f 8719 8705 8723
f 8712 8725 8720
f 8563 8727 8721
f 8723 8712 8719
f 8720 8725 8716
f 8570 8727 8722
f 8570 8564 8727
f 8570 8722 8733
f 8723 8733 8735
f 8733 8723 8570
f 8723 8724 8712
f 8712 8724 8725
f 8725 8724 8736
f 8734 8716 8725
f 8559 8560 5591
f 8556 8726 8729
f 8731 8722 8727
f 8736 8734 8725
f 8728 8558 8559
f 8737 8728 5591
f 8558 8728 8729
f 8730 8727 8729
f 8728 8730 8729
f 8730 8731 8727
f 8731 8732 8722
f 8732 8733 8722
f 8739 8555 8735
f 8733 8739 8735
f 8734 8736 8746
f 8735 8555 8736
f 8728 8737 8730
f 8732 8739 8733
f 8730 8737 8740
f 8731 8730 8740
f 8740 8732 8731
f 8743 8739 8732
f 8745 8744 8555
f 8555 8739 8745
f 8555 8744 8738
f 8736 8738 8746
f 8732 8740 8743
f 8739 8743 8745
f 8753 8734 8746
f 8737 5941 8740
f 8743 8740 5947
f 8743 5947 8741
f 8743 8741 8742
f 8745 8742 8747
f 8743 8742 8745
f 8744 8747 8749
f 8747 8744 8745
f 8746 8755 8753
f 8744 8749 8751
f 8738 8751 8746
f 8751 8755 8746
f 5941 5947 8740
f 5957 8741 5947
f 8741 5957 8758
f 8742 8758 8756
f 8747 8756 8748
f 8756 8747 8742
f 8748 8752 8749
f 8748 8749 8747
f 8752 8750 8751
f 8751 8749 8752
f 8565 8755 8751
f 8753 8755 8754
f 8741 8758 8742
f 8565 8754 8755
f 8758 5970 8756
f 8748 8764 8760
f 8764 8748 8756
f 8750 8752 8760
f 8760 8752 8748
f 8757 8754 8762
f 8758 5957 5970
f 8756 5970 8761
f 8756 8761 8759
f 8764 8756 8759
f 8750 8760 8765
f 8750 8765 8762
f 8565 8762 8754
f 8763 8759 8761
f 8765 8772 8762
f 8772 8757 8762
f 8759 8767 8764
f 8759 8763 8767
f 8771 8770 8769
f 8764 8767 8770
f 8770 8760 8764
f 8770 8772 8765
f 8770 8765 8760
f 8766 8757 8772
f 8763 8774 8767
f 8768 8770 8767
f 8768 8769 8770
f 8772 8770 8771
f 8766 8772 8771
f 8757 8766 8773
f 8774 8768 8767
f 8775 8768 8774
f 8769 8768 8778
f 8768 8775 8778
f 8769 8778 8776
f 8771 8776 8569
f 8769 8776 8771
f 8771 8569 8766
f 8766 8568 8773
f 8776 8778 8779
f 8778 6003 8779
f 8569 8779 8780
f 8776 8779 8569
f 8569 8780 8568
f 8777 8773 8568
f 8775 6003 8778
f 8784 8777 8568
f 6011 8779 6003
f 8779 6011 8781
f 8782 8780 8781
f 8781 8780 8779
f 8780 8782 8784
f 8777 8784 8787
f 8783 8781 6011
f 8781 8783 8786
f 8781 8786 8782
f 8786 8785 8782
f 8784 8785 8787
f 8567 8785 8789
f 8789 8785 8786
f 8567 8787 8785
f 8788 8786 8783
f 8789 8786 8788
f 8567 8566 8787
f 8788 8783 6023
f 8789 8788 8792
f 8790 8567 8792
f 8792 8567 8789
f 8792 8788 6023
f 8790 8793 8566
f 8791 8792 6023
f 8795 8790 8792
f 8792 8791 8795
f 8793 8790 8794
f 8795 8794 8790
f 8796 8795 8791
f 8795 8796 8797
f 8797 8800 8795
f 8798 8796 6042
f 8797 8796 8798
f 8799 8797 8798
f 8797 8799 8800
f 6042 8802 8798
f 8802 8799 8798
f 8802 6042 8801
f 8801 8803 8802
f 8803 8799 8802
f 8803 8801 6048
f 6048 8804 8803
f 8803 8804 8805
f 5304 8806 8807
f 8807 8806 8805
f 8805 8804 8807
f 8806 5304 5302
f 8851 8853 8854
f 8853 8852 8808
f 8809 8808 8850
f 8840 8844 8810
f 8811 8843 8839
f 8837 8812 8811
f 8837 8838 8812
f 8838 8836 8835
f 8833 8835 8834
f 8830 8813 8814
f 8814 8815 8816
f 8816 8815 8817
f 8817 8821 8820
f 8821 8817 8815
f 8821 8818 8819
f 8819 8820 8821
f 8824 8819 8818
f 8823 8824 8818
f 8822 8825 8823
f 8824 8823 8825
f 8825 8822 8829
f 8829 8822 8826
f 8828 8826 8827
f 8826 8828 8829
f 8816 8830 8814
f 8832 8813 8830
f 8832 8831 8813
f 8831 8832 8833
f 8831 8833 8834
f 8835 8836 8834
f 8837 8836 8838
f 8837 8811 8839
f 8843 8842 8839
f 8840 8842 8841
f 8841 8842 8843
f 8844 8840 8841
f 8844 8845 8810
f 8847 8846 8845
f 8845 8846 8810
f 8847 8848 8846
f 8848 8847 8849
f 8848 8849 8850
f 8849 8809 8850
f 8850 8808 8852
f 8851 8852 8853
f 8851 8854 8855
f 8855 8854 8856
f 8857 8855 8856
f 8901 8869 8858
f 8859 8862 8860
f 8859 8861 8862
f 8862 8865 8860
f 8859 8863 8861
f 8865 8864 8866
f 8865 8866 8860
f 8863 8867 8861
f 8864 8868 8866
f 8904 8867 8863
f 8870 8866 8868
f 8869 8870 8858
f 8871 8900 8872
f 8873 8898 8899
f 8874 8898 8872
f 8899 8875 8876
f 8897 8877 8878
f 8896 8877 8897
f 8875 8897 8878
f 8881 8896 8880
f 8895 8880 8879
f 8880 8895 8881
f 8882 8879 8883
f 8894 8883 8879
f 8885 8890 8889
f 8884 8885 8887
f 8889 8887 8885
f 8888 8886 8884
f 8884 8887 8888
f 8891 8889 8890
f 8893 8889 8891
f 8893 8891 8892
f 8893 8892 8894
f 8893 8894 8879
f 8879 8882 8895
f 8880 8896 8897
f 8878 8876 8875
f 8876 8873 8899
f 8898 8874 8899
f 8900 8871 8901
f 8874 8872 8900
f 8901 8871 8869
f 8902 8870 8868
f 8858 8870 8902
f 8903 8867 8904
f 8905 8903 8904
f 8905 8906 8903
f 8905 8907 8906
f 8906 8907 8908
f 8908 8907 8909
f 8908 8909 8910
f 8911 8908 8910
f 8910 8913 8911
f 8913 8912 8911
f 8912 8913 8915
f 8914 8912 8915
f 8917 8916 8912
f 8912 8914 8917
f 8918 8916 8917
f 8916 8918 8920
f 8920 8919 8921
f 8921 8916 8920
f 8921 8919 8922
f 8946 8923 8924
f 8924 8925 8928
f 8925 8924 8923
f 8928 8925 8929
f 8945 8927 8926
f 8927 8928 8929
f 8930 8931 8943
f 8930 8945 8931
f 8934 8942 8932
f 8933 8934 8935
f 8935 8934 8932
f 8936 8934 8933
f 8936 8933 8937
f 8940 8936 8937
f 8939 8936 8940
f 8938 8939 8940
f 8959 8955 8954
f 8949 8941 8950
f 8932 8942 8943
f 8942 8930 8943
f 8951 8944 8949
f 8926 8931 8945
f 8946 8944 8947
f 8945 8928 8927
f 8924 8944 8946
f 8944 8948 8947
f 8944 8951 8948
f 8949 8950 8951
f 8952 8941 8956
f 8949 8956 8941
f 8956 8953 8952
f 8956 8954 8955
f 8955 8953 8956
f 8959 8954 8957
f 8958 8959 8960
f 8957 8960 8959
f 8958 8960 8961
f 8961 8964 8962
f 8962 8958 8961
f 8964 8963 8962
f 8964 8965 8963
f 8967 8965 8966
f 8965 8967 8963
f 8967 8966 8968
f 8969 8970 8968
f 8967 8968 8970
f 8971 8970 8969
f 8971 8972 8973
f 8973 8970 8971
f 8974 8975 8977
f 8977 8975 8976
f 8975 8980 8976
f 8974 8977 8978
f 8979 8980 9010
f 8980 8979 8981
f 8979 9010 8982
f 8982 9010 8983
f 8983 9011 8984
f 8984 9011 8986
f 8985 8986 9011
f 9011 9009 8987
f 9011 8987 8985
f 8988 8987 9009
f 8989 8988 9009
f 9009 8991 8990
f 9007 9009 8992
f 8991 9009 9008
f 8994 8992 8993
f 8993 8996 8994
f 8993 8995 8996
f 8993 8997 8995
f 8997 8993 8998
f 8998 8993 9000
f 8998 9000 8999
f 9005 8999 9000
f 9006 9005 9000
f 9002 9001 9006
f 9002 9006 9003
f 9006 9004 9003
f 9001 9005 9006
f 9009 8993 8992
f 9007 9008 9009
f 8989 9009 8990
f 9010 9011 8983
f 8976 8980 8981
f 8974 8978 9014
f 9012 9014 8978
f 9012 9015 9014
f 9013 9014 9015
f 9014 9013 9017
f 9016 9017 9013
f 9019 9018 9020
f 9019 9020 9021
f 9018 9022 9020
f 9024 9023 9022
f 9018 9024 9022
f 9025 9023 9026
f 9029 9025 9026
f 9026 9027 9029
f 9028 9029 9027
f 9022 9023 9025
f 9021 9030 9019
f 9031 9030 9021
f 9030 9031 9033
f 9031 9032 9033
f 9033 9032 9034
f 9034 9035 9037
f 9035 9034 9032
f 9038 9036 9037
f 9037 9035 9038
f 9087 9084 9086
f 9039 9040 9041
f 9083 9082 9042
f 9076 9078 9077
f 9077 9043 9079
f 9078 9076 9075
f 9045 9044 9048
f 9074 9044 9045
f 9046 9073 9047
f 9046 9047 9048
f 9073 9070 9072
f 9050 9049 9071
f 9068 9049 9050
f 9052 9066 9051
f 9063 9065 9053
f 9066 9052 9053
f 9057 9054 9061
f 9055 9059 9056
f 9058 9056 9060
f 9060 9057 9058
f 9059 9060 9056
f 9054 9062 9061
f 9058 9057 9061
f 9064 9062 9063
f 9061 9062 9064
f 9063 9062 9065
f 9053 9065 9066
f 9067 9069 9051
f 9066 9067 9051
f 9067 9068 9069
f 9069 9068 9050
f 9070 9050 9071
f 9071 9072 9070
f 9072 9047 9073
f 9044 9046 9048
f 9075 9074 9045
f 9075 9076 9074
f 9043 9077 9078
f 9079 9043 9080
f 9081 9079 9080
f 9081 9082 9079
f 9082 9081 9042
f 9086 9083 9042
f 9086 9085 9083
f 9084 9085 9086
f 9087 9088 9084
f 9087 9090 9088
f 9091 9089 9090
f 9088 9090 9089
f 9091 9093 9089
f 9091 9092 9093
f 9092 9095 9093
f 9094 9095 9092
f 9095 9094 9096
f 9095 9096 9097
f 9096 9099 9097
f 9099 9101 9097
f 9098 9101 9100
f 9099 9100 9101
f 9102 9103 9104
f 9107 9105 9106
f 9108 9107 9106
f 9108 9104 9107
f 9102 9104 9108
f 9103 9040 9039
f 9103 9102 9040
f 9098 9100 9041
f 9100 9039 9041
f 9109 9110 9111
f 9119 9122 9179
f 9113 9112 9111
f 9109 9111 9112
f 9113 9114 9115
f 9115 9112 9113
f 9115 9114 9117
f 9116 9117 9114
f 9118 9116 9119
f 9116 9118 9117
f 9118 9119 9120
f 9121 9179 9122
f 9176 9127 9123
f 9176 9123 9124
f 9175 9125 9126
f 9125 9127 9126
f 9128 9174 9172
f 9130 9173 9129
f 9128 9173 9130
f 9169 9171 9167
f 9164 9168 9166
f 9165 9131 9164
f 9133 9165 9163
f 9163 9132 9133
f 9132 9161 9134
f 9135 9159 9160
f 9160 9139 9137
f 9138 9136 9137
f 9138 9137 9139
f 9140 9136 9158
f 9156 9157 9141
f 9142 9140 9157
f 9143 9154 9153
f 9143 9144 9156
f 9151 9150 9149
f 9148 9145 9146
f 9152 9147 9146
f 9147 9152 9151
f 9148 9146 9147
f 9154 9149 9150
f 9151 9152 9150
f 9153 9154 9155
f 9155 9154 9150
f 9143 9153 9144
f 9141 9143 9156
f 9157 9140 9141
f 9140 9142 9136
f 9158 9136 9138
f 9159 9139 9160
f 9161 9135 9134
f 9135 9161 9159
f 9132 9134 9133
f 9162 9163 9165
f 9164 9162 9165
f 9164 9131 9168
f 9166 9168 9167
f 9167 9168 9169
f 9171 9169 9170
f 9129 9170 9130
f 9129 9171 9170
f 9128 9172 9173
f 9174 9175 9172
f 9172 9175 9126
f 9125 9123 9127
f 9176 9124 9177
f 9178 9177 9124
f 9121 9178 9124
f 9121 9122 9178
f 9179 9120 9119
f 9182 9180 9181
f 9182 9183 9180
f 9187 9184 9185
f 9185 9186 9187
f 9188 9191 9189
f 9188 9190 9191
f 9192 9194 9193
f 9257 9194 9195
f 9256 9196 9254
f 9257 9196 9197
f 9198 9253 9199
f 9254 9199 9255
f 9252 9200 9201
f 9200 9253 9201
f 9203 9251 9202
f 9252 9251 9203
f 9249 9204 9248
f 9243 9205 9245
f 9206 9207 9235
f 9207 9234 9235
f 9208 9209 9206
f 9211 9210 9208
f 9212 9210 9211
f 9213 9210 9212
f 9233 9213 9212
f 9214 9232 9215
f 9232 9216 9217
f 9216 9219 9218
f 9231 9218 9219
f 9220 9221 9230
f 9222 9231 9223
f 9224 9225 9226
f 9228 9220 9229
f 9226 9225 9229
f 9227 9224 9226
f 9220 9228 9221
f 9229 9225 9228
f 9222 9223 9230
f 9221 9222 9230
f 9219 9223 9231
f 9216 9218 9217
f 9232 9217 9215
f 9214 9233 9212
f 9214 9215 9233
f 9209 9208 9210
f 9207 9206 9209
f 9234 9236 9235
f 9239 9236 9237
f 9237 9236 9234
f 9242 9238 9239
f 9237 9242 9239
f 9240 9238 9242
f 9241 9240 9242
f 9244 9240 9241
f 9243 9244 9241
f 9243 9245 9244
f 9245 9205 9246
f 9246 9205 9248
f 9246 9248 9247
f 9204 9247 9248
f 9202 9204 9249
f 9202 9250 9204
f 9250 9202 9251
f 9252 9203 9200
f 9253 9198 9201
f 9254 9198 9199
f 9256 9254 9255
f 9256 9197 9196
f 9258 9257 9195
f 9196 9257 9258
f 9193 9259 9192
f 9192 9195 9194
f 9259 9193 9260
f 9261 9323 9327
f 9324 9262 9321
f 9263 9264 9308
f 9307 9265 9308
f 9266 9307 9305
f 9267 9295 9268
f 9268 9269 9270
f 9270 9271 9293
f 9271 9272 9293
f 9272 9292 9294
f 9290 9286 9289
f 9290 9289 9291
f 9287 9285 9288
f 9278 9274 9284
f 9273 9284 9274
f 9282 9277 9276
f 9281 9280 9278
f 9280 9282 9276
f 9275 9276 9277
f 9278 9279 9281
f 9280 9281 9282
f 9279 9278 9284
f 9273 9283 9284
f 9285 9287 9283
f 9273 9285 9283
f 9286 9287 9288
f 9289 9286 9288
f 9292 9290 9291
f 9291 9294 9292
f 9293 9272 9294
f 9270 9269 9271
f 9269 9268 9295
f 9297 9295 9267
f 9296 9297 9267
f 9297 9296 9298
f 9296 9300 9298
f 9296 9299 9300
f 9300 9299 9301
f 9301 9299 9302
f 9304 9301 9302
f 9303 9304 9302
f 9303 9306 9304
f 9305 9306 9303
f 9307 9306 9305
f 9307 9266 9265
f 9308 9265 9263
f 9264 9263 9311
f 9264 9311 9309
f 9313 9310 9309
f 9311 9313 9309
f 9312 9313 9314
f 9313 9312 9310
f 9312 9314 9315
f 9315 9314 9317
f 9317 9316 9318
f 9315 9317 9318
f 9316 9319 9318
f 9316 9320 9319
f 9325 9322 9320
f 9320 9322 9319
f 9325 9321 9322
f 9323 9262 9324
f 9324 9321 9325
f 9327 9329 9261
f 9323 9261 9262
f 9326 9329 9328
f 9327 9328 9329
f 9347 9330 9345
f 9347 9343 9330
f 9341 9340 9344
f 9331 9337 9336
f 9332 9342 9333
f 9331 9334 9337
f 9335 9331 9336
f 9332 9338 9334
f 9337 9334 9338
f 9339 9333 9342
f 9333 9338 9332
f 9339 9340 9341
f 9340 9339 9342
f 9344 9343 9341
f 9343 9344 9330
f 9345 9346 9347
f 9346 9345 9348
f 9346 9348 9350
f 9348 9349 9350
f 9349 9351 9350
f 9352 9351 9349
f 9352 9353 9351
f 9352 9356 9353
f 9352 9355 9356
f 9358 9356 9354
f 9355 9354 9356
f 9354 9357 9358
f 9357 9359 9358
f 9359 9357 9363
f 9359 9363 9360
f 9363 9362 9360
f 9361 9362 9363
f 9364 9365 9362
f 9362 9361 9364
f 9397 9365 9364
f 9390 9366 9368
f 9367 9368 9391
f 9369 9370 9371
f 9370 9366 9390
f 9372 9389 9373
f 9389 9369 9388
f 9387 9386 9377
f 9374 9385 9375
f 9382 9380 9376
f 9377 9384 9383
f 9379 9376 9381
f 9378 9379 9381
f 9382 9384 9380
f 9376 9380 9381
f 9382 9383 9384
f 9387 9377 9383
f 9375 9385 9386
f 9387 9375 9386
f 9374 9372 9373
f 9385 9374 9373
f 9373 9389 9388
f 9369 9389 9370
f 9370 9390 9371
f 9368 9367 9390
f 9391 9394 9367
f 9392 9393 9394
f 9391 9392 9394
f 9396 9395 9393
f 9392 9396 9393
f 9396 9398 9395
f 9398 9397 9395
f 9398 9365 9397
f 9405 9402 9399
f 9400 9465 9401
f 9402 9404 9403
f 9404 9402 9405
f 9408 9403 9406
f 9404 9406 9403
f 9407 9409 9408
f 9408 9406 9407
f 9409 9410 9412
f 9410 9409 9407
f 9413 9412 9411
f 9410 9411 9412
f 9414 9416 9413
f 9413 9411 9414
f 9416 9415 9418
f 9415 9416 9414
f 9419 9418 9417
f 9415 9417 9418
f 9419 9417 9421
f 9419 9421 9420
f 9421 9422 9420
f 9422 9423 9420
f 9422 9424 9423
f 9424 9425 9426
f 9426 9423 9424
f 9428 9427 9425
f 9426 9425 9427
f 9429 9428 9430
f 9428 9429 9427
f 9430 9432 9431
f 9431 9429 9430
f 9400 9433 9432
f 9431 9432 9433
f 9400 9401 9433
f 9461 9463 9462
f 9434 9460 9435
f 9462 9460 9461
f 9452 9454 9453
f 9455 9457 9456
f 9437 9436 9450
f 9452 9451 9436
f 9446 9449 9447
f 9437 9448 9444
f 9438 9439 9443
f 9440 9441 9445
f 9442 9438 9443
f 9441 9442 9443
f 9445 9447 9440
f 9441 9440 9442
f 9446 9444 9449
f 9445 9446 9447
f 9448 9449 9444
f 9450 9448 9437
f 9451 9450 9436
f 9453 9451 9452
f 9456 9453 9454
f 9454 9455 9456
f 9455 9458 9457
f 9459 9457 9458
f 9458 9435 9459
f 9459 9435 9460
f 9460 9434 9461
f 9464 9462 9463
f 9466 9464 9463
f 9464 9466 9465
f 9465 9466 9401
f 9472 9473 9467
f 9507 9468 9469
f 9470 9523 9471
f 9472 9532 9473
f 9474 9531 9530
f 9471 9527 9526
f 9527 9474 9475
f 9476 9477 9478
f 9523 9479 9476
f 9478 9519 9480
f 9532 9481 9531
f 9520 9482 9480
f 9515 9482 9518
f 9483 9467 9484
f 9485 9486 9487
f 9487 9511 9485
f 9541 9539 9488
f 9538 9541 9488
f 9489 9490 9491
f 9564 9492 9505
f 9493 9549 9497
f 9551 9548 9494
f 9552 9553 9554
f 9495 9496 9497
f 9498 9567 9499
f 9554 9500 9501
f 9555 9500 9557
f 9561 9502 9503
f 9562 9504 9558
f 9556 9557 9504
f 9505 9563 9565
f 9496 9495 9552
f 9506 9507 9489
f 9494 9547 9551
f 9543 9542 9544
f 9545 9544 9546
f 9490 9487 9508
f 9490 9508 9491
f 9487 9486 9508
f 9538 9536 9537
f 9534 9536 9509
f 9512 9534 9510
f 9514 9511 9516
f 9483 9484 9513
f 9512 9533 9513
f 9506 9489 9491
f 9511 9514 9485
f 9511 9515 9516
f 9515 9518 9516
f 9482 9517 9518
f 9482 9520 9517
f 9480 9519 9520
f 9478 9521 9519
f 9478 9477 9521
f 9476 9522 9477
f 9476 9479 9522
f 9523 9524 9479
f 9523 9470 9524
f 9471 9526 9470
f 9527 9525 9526
f 9527 9475 9525
f 9474 9528 9475
f 9474 9530 9528
f 9531 9529 9530
f 9531 9481 9529
f 9531 9473 9532
f 9473 9484 9467
f 9484 9512 9513
f 9533 9512 9510
f 9510 9534 9509
f 9509 9536 9535
f 9535 9536 9538
f 9537 9541 9538
f 9539 9542 9540
f 9541 9542 9539
f 9540 9542 9543
f 9543 9544 9545
f 9545 9546 9547
f 9546 9551 9547
f 9548 9549 9550
f 9551 9549 9548
f 9550 9549 9493
f 9493 9497 9496
f 9495 9553 9552
f 9553 9500 9554
f 9501 9500 9555
f 9555 9557 9556
f 9557 9558 9504
f 9558 9559 9562
f 9560 9559 9561
f 9562 9559 9560
f 9503 9502 9565
f 9561 9559 9502
f 9563 9503 9565
f 9564 9505 9565
f 9498 9492 9564
f 9498 9499 9492
f 9498 9568 9567
f 9566 9568 9468
f 9567 9568 9566
f 9507 9469 9489
f 9468 9568 9469
f 9571 9569 9570
f 9569 9571 9572
f 9573 9574 9575
f 9576 9577 9579
f 9577 9578 9579
f 9580 9585 9581
f 9582 9583 9646
f 9585 9584 9587
f 9584 9585 9580
f 9589 9587 9586
f 9584 9586 9587
f 9592 9588 9589
f 9589 9586 9592
f 9588 9591 9590
f 9591 9588 9592
f 9593 9590 9594
f 9591 9594 9590
f 9594 9595 9596
f 9596 9593 9594
f 9601 9595 9597
f 9595 9601 9596
f 9598 9601 9597
f 9598 9599 9600
f 9600 9601 9598
f 9602 9600 9599
f 9602 9599 9605
f 9602 9604 9603
f 9604 9602 9605
f 9603 9604 9606
f 9603 9606 9607
f 9609 9607 9606
f 9608 9607 9609
f 9610 9608 9609
f 9610 9609 9611
f 9610 9611 9612
f 9613 9612 9611
f 9582 9612 9613
f 9582 9613 9583
f 9614 9646 9643
f 9645 9615 9641
f 9642 9641 9615
f 9642 9616 9639
f 9616 9617 9618
f 9619 9618 9617
f 9636 9620 9637
f 9638 9637 9621
f 9622 9621 9624
f 9623 9624 9627
f 9629 9626 9625
f 9626 9627 9625
f 9632 9634 9630
f 9628 9629 9635
f 9630 9631 9632
f 9633 9632 9631
f 9628 9635 9634
f 9634 9635 9630
f 9628 9626 9629
f 9626 9623 9627
f 9624 9623 9622
f 9638 9621 9622
f 9636 9637 9638
f 9619 9620 9636
f 9620 9619 9617
f 9639 9616 9618
f 9642 9639 9640
f 9640 9641 9642
f 9644 9645 9641
f 9614 9643 9645
f 9644 9614 9645
f 9583 9643 9646
f 9647 9648 9649
f 9678 9679 9713
f 9650 9648 9647
f 9659 9657 9656
f 9661 9651 9662
f 9653 9652 9654
f 9653 9654 9655
f 9658 9655 9659
f 9658 9653 9655
f 9656 9657 9660
f 9658 9659 9656
f 9661 9662 9660
f 9660 9657 9661
f 9651 9663 9664
f 9651 9664 9662
f 9665 9663 9666
f 9664 9663 9665
f 9648 9650 9666
f 9650 9665 9666
f 9648 9667 9649
f 9667 9669 9649
f 9668 9669 9667
f 9670 9669 9668
f 9669 9670 9672
f 9670 9671 9672
f 9673 9672 9671
f 9674 9673 9671
f 9671 9675 9674
f 9676 9674 9675
f 9676 9675 9677
f 9677 9678 9676
f 9678 9677 9679
f 9680 9713 9679
f 9710 9681 9682
f 9681 9712 9682
f 9683 9706 9684
f 9683 9684 9707
f 9703 9705 9685
f 9687 9704 9701
f 9700 9686 9691
f 9687 9701 9702
f 9688 9689 9690
f 9691 9699 9692
f 9695 9698 9696
f 9693 9690 9694
f 9693 9695 9696
f 9697 9698 9695
f 9690 9689 9694
f 9690 9693 9696
f 9699 9688 9692
f 9699 9689 9688
f 9692 9700 9691
f 9702 9701 9686
f 9700 9702 9686
f 9703 9701 9704
f 9705 9703 9704
f 9685 9705 9706
f 9683 9685 9706
f 9684 9708 9707
f 9707 9708 9709
f 9709 9708 9710
f 9682 9709 9710
f 9712 9711 9680
f 9712 9681 9711
f 9680 9711 9713
f 9714 9781 9782
f 9791 9715 9731
f 9771 9770 9716
f 9714 9780 9781
f 9775 9779 9776
f 9716 9717 9773
f 9717 9775 9774
f 9718 9767 9719
f 9720 9721 9767
f 9770 9768 9720
f 9780 9722 9779
f 9765 9724 9718
f 9723 9724 9763
f 9756 9782 9755
f 9784 9725 9750
f 9728 9726 9727
f 9727 9760 9728
f 9744 9787 9729
f 9788 9758 9789
f 9789 9729 9787
f 9813 9730 9810
f 9758 9715 9759
f 9794 9792 9731
f 9798 9797 9734
f 9812 9815 9818
f 9815 9814 9813
f 9738 9805 9732
f 9806 9808 9807
f 9733 9734 9801
f 9736 9735 9804
f 9736 9752 9735
f 9794 9797 9737
f 9738 9803 9802
f 9740 9739 9819
f 9740 9741 9742
f 9743 9786 9744
f 9745 9757 9741
f 9745 9727 9746
f 9746 9757 9745
f 9727 9726 9746
f 9748 9747 9785
f 9748 9786 9743
f 9749 9750 9725
f 9785 9747 9749
f 9760 9761 9751
f 9752 9801 9735
f 9783 9753 9754
f 9753 9784 9754
f 9755 9783 9756
f 9741 9757 9742
f 9790 9758 9759
f 9760 9751 9728
f 9760 9723 9761
f 9723 9763 9761
f 9724 9762 9763
f 9724 9765 9762
f 9718 9764 9765
f 9718 9719 9764
f 9767 9766 9719
f 9767 9721 9766
f 9720 9768 9721
f 9770 9769 9768
f 9770 9771 9769
f 9716 9773 9771
f 9717 9772 9773
f 9717 9774 9772
f 9775 9777 9774
f 9775 9776 9777
f 9779 9778 9776
f 9779 9722 9778
f 9779 9781 9780
f 9781 9755 9782
f 9755 9753 9783
f 9753 9725 9784
f 9725 9785 9749
f 9785 9786 9748
f 9786 9787 9744
f 9787 9788 9789
f 9758 9790 9789
f 9715 9791 9759
f 9731 9793 9791
f 9731 9792 9793
f 9794 9795 9792
f 9794 9737 9795
f 9797 9796 9737
f 9797 9798 9796
f 9734 9799 9798
f 9734 9733 9799
f 9801 9800 9733
f 9801 9752 9800
f 9802 9804 9735
f 9738 9732 9803
f 9802 9803 9804
f 9738 9807 9805
f 9806 9807 9811
f 9805 9807 9808
f 9810 9809 9811
f 9809 9806 9811
f 9813 9810 9811
f 9815 9812 9814
f 9813 9814 9730
f 9815 9816 9818
f 9817 9816 9739
f 9818 9816 9817
f 9740 9819 9741
f 9739 9816 9819
f 9896 9820 9895
f 9821 9889 9822
f 9894 9896 9892
f 9891 9890 9822
f 9891 9894 9893
f 9824 9889 9888
f 9820 9826 9823
f 9824 9887 9830
f 9825 9828 9826
f 9827 9828 9829
f 9886 9830 9885
f 9831 9832 9833
f 9853 9858 9834
f 9844 9875 9835
f 9836 9868 9869
f 9873 9871 9872
f 9870 9837 9872
f 9839 9843 9874
f 9837 9838 9869
f 9873 9839 9840
f 9844 9874 9843
f 9841 9867 9868
f 9845 9867 9842
f 9843 9875 9844
f 9845 9842 9865
f 9846 9876 9835
f 9879 9878 9876
f 9865 9864 9848
f 9847 9848 9849
f 9847 9863 9862
f 9880 9850 9878
f 9850 9881 9851
f 9832 9851 9833
f 9862 9861 9852
f 9853 9859 9852
f 9853 9834 9859
f 9854 9831 9882
f 9855 9883 9882
f 9856 9855 9886
f 9829 9857 9827
f 9857 9834 9858
f 9852 9859 9860
f 9852 9860 9862
f 9863 9861 9862
f 9849 9863 9847
f 9864 9849 9848
f 9866 9864 9865
f 9842 9866 9865
f 9841 9842 9867
f 9836 9841 9868
f 9838 9836 9869
f 9870 9838 9837
f 9871 9870 9872
f 9840 9871 9873
f 9874 9840 9839
f 9835 9875 9846
f 9876 9846 9877
f 9876 9877 9879
f 9878 9879 9880
f 9850 9880 9881
f 9851 9881 9833
f 9854 9832 9831
f 9883 9854 9882
f 9856 9883 9855
f 9884 9856 9886
f 9885 9884 9886
f 9887 9885 9830
f 9888 9887 9824
f 9821 9888 9889
f 9890 9821 9822
f 9893 9890 9891
f 9892 9893 9894
f 9895 9892 9896
f 9823 9895 9820
f 9823 9826 9828
f 9825 9829 9828
f 9857 9858 9827
f 9897 9898 9899
f 9900 9901 9902
f 9903 9904 9915
f 9904 9903 9905
f 9906 9904 9905
f 9905 9908 9906
f 9905 9907 9908
f 9908 9907 9910
f 9909 9908 9910
f 9910 9911 9909
f 9912 9909 9911
f 9915 9913 9903
f 9914 9913 9915
f 9914 9916 9913
f 9914 9919 9916
f 9916 9919 9917
f 9917 9918 9922
f 9918 9917 9919
f 9920 9921 9922
f 9922 9918 9920
f 9932 9923 9935
f 9923 9932 9924
f 9924 9925 9923
f 9924 9926 9925
f 9928 9926 9927
f 9930 9928 9927
f 9927 9929 9930
f 9931 9930 9929
f 9925 9926 9928
f 9932 9935 9934
f 9935 9933 9934
f 9936 9933 9935
f 9933 9936 9937
f 9936 9940 9937
f 9937 9940 9939
f 9939 9938 9943
f 9938 9939 9940
f 9941 9942 9943
f 9943 9938 9941
f 9945 9947 9944
f 9945 9946 9947
f 9948 9949 9946
f 9947 9946 9949
f 9952 9951 9949
f 9949 9948 9952
f 9950 9951 9952
f 9950 9954 9951
f 9955 9954 9950
f 9953 9954 9955
f 9945 9944 9957
f 9957 9944 9956
f 9956 9959 9957
f 9956 9958 9959
f 9962 9959 9958
f 9960 9962 9958
f 9960 9961 9962
f 9962 9961 9965
f 9961 9963 9965
f 9963 9964 9965
f 9968 9966 10038
f 10033 10034 10036
f 9967 9968 9969
f 9970 10035 10036
f 9970 9967 10037
f 10032 10034 9971
f 9966 10039 9972
f 10032 9973 9976
f 9974 10040 10039
f 9975 10040 10041
f 9998 9976 10030
f 9995 10027 9990
f 9977 9978 9979
f 10015 9980 10018
f 9981 9982 10009
f 10013 10011 10012
f 10010 9983 10012
f 10014 10017 10016
f 9983 9984 10009
f 10013 10014 9985
f 10006 10008 9982
f 9986 10008 10007
f 10017 9980 10015
f 9986 10007 10005
f 10019 9987 10018
f 10022 10021 9987
f 10005 10004 9988
f 10001 9988 10002
f 10001 10000 9991
f 9989 10023 10021
f 10023 10024 10025
f 10027 10025 9990
f 9991 9992 9994
f 9977 9993 9994
f 9977 9979 9993
f 10026 9995 9996
f 10029 10028 9996
f 9997 10029 9998
f 10041 10042 9975
f 10042 9979 9978
f 9994 9993 9999
f 9994 9999 9991
f 10000 9992 9991
f 10002 10000 10001
f 10004 10002 9988
f 10003 10004 10005
f 10007 10003 10005
f 10006 10007 10008
f 9981 10006 9982
f 9984 9981 10009
f 10010 9984 9983
f 10011 10010 10012
f 9985 10011 10013
f 10016 9985 10014
f 10015 10016 10017
f 10018 9980 10019
f 9987 10019 10020
f 9987 10020 10022
f 10021 10022 9989
f 10023 9989 10024
f 10025 10024 9990
f 10026 10027 9995
f 10028 10026 9996
f 9997 10028 10029
f 10031 9997 9998
f 10030 10031 9998
f 9973 10030 9976
f 9971 9973 10032
f 10033 9971 10034
f 10035 10033 10036
f 10037 10035 9970
f 9969 10037 9967
f 10038 9969 9968
f 9972 10038 9966
f 9972 10039 10040
f 9974 10041 10040
f 10042 9978 9975
f 10043 10048 10115
f 10111 10047 10046
f 10114 10043 10044
f 10045 10113 10046
f 10045 10114 10112
f 10049 10047 10110
f 10048 10117 10116
f 10049 10050 10053
f 10118 10051 10117
f 10081 10051 10052
f 10109 10053 10054
f 10078 10055 10056
f 10075 10057 10076
f 10067 10066 10069
f 10058 10091 10092
f 10062 10059 10060
f 10095 10094 10060
f 10096 10065 10061
f 10094 10093 10092
f 10062 10096 10063
f 10090 10089 10091
f 10068 10089 10064
f 10065 10066 10067
f 10068 10064 10087
f 10097 10098 10069
f 10100 10101 10098
f 10087 10070 10071
f 10072 10071 10086
f 10072 10085 10084
f 10102 10103 10101
f 10103 10104 10073
f 10055 10073 10056
f 10084 10074 10082
f 10075 10077 10082
f 10075 10076 10077
f 10105 10078 10079
f 10080 10106 10079
f 10107 10080 10109
f 10052 10119 10081
f 10119 10076 10057
f 10082 10077 10083
f 10082 10083 10084
f 10085 10074 10084
f 10086 10085 10072
f 10070 10086 10071
f 10088 10070 10087
f 10064 10088 10087
f 10090 10064 10089
f 10058 10090 10091
f 10093 10058 10092
f 10095 10093 10094
f 10059 10095 10060
f 10063 10059 10062
f 10061 10063 10096
f 10067 10061 10065
f 10069 10066 10097
f 10098 10097 10099
f 10098 10099 10100
f 10101 10100 10102
f 10103 10102 10104
f 10073 10104 10056
f 10105 10055 10078
f 10106 10105 10079
f 10107 10106 10080
f 10108 10107 10109
f 10054 10108 10109
f 10050 10054 10053
f 10110 10050 10049
f 10111 10110 10047
f 10113 10111 10046
f 10112 10113 10045
f 10044 10112 10114
f 10115 10044 10043
f 10116 10115 10048
f 10116 10117 10051
f 10118 10052 10051
f 10119 10057 10081
f 10174 10173 10133
f 10120 10121 10130
f 10122 10123 10124
f 10125 10120 10127
f 10122 10127 10126
f 10120 10126 10127
f 10132 10128 10129
f 10129 10128 10131
f 10129 10131 10171
f 10130 10171 10131
f 10170 10128 10132
f 10133 10134 10123
f 10170 10169 10135
f 10138 10135 10136
f 10172 10174 10137
f 10161 10175 10165
f 10136 10162 10138
f 10160 10163 10158
f 10185 10186 10139
f 10141 10155 10179
f 10178 10155 10140
f 10180 10181 10141
f 10152 10142 10143
f 10144 10183 10184
f 10145 10146 10139
f 10147 10149 10148
f 10187 10146 10145
f 10184 10148 10149
f 10185 10147 10150
f 10151 10144 10142
f 10181 10152 10143
f 10166 10154 10153
f 10194 10153 10154
f 10155 10156 10140
f 10157 10159 10158
f 10159 10157 10167
f 10159 10160 10158
f 10161 10177 10176
f 10162 10168 10138
f 10162 10163 10168
f 10164 10165 10137
f 10166 10167 10157
f 10195 10167 10166
f 10163 10160 10168
f 10169 10136 10135
f 10132 10169 10170
f 10121 10171 10130
f 10125 10121 10120
f 10124 10127 10122
f 10134 10124 10123
f 10173 10134 10133
f 10172 10173 10174
f 10164 10137 10174
f 10175 10137 10165
f 10176 10175 10161
f 10156 10176 10177
f 10156 10177 10140
f 10178 10179 10155
f 10179 10180 10141
f 10180 10152 10181
f 10152 10182 10142
f 10182 10151 10142
f 10151 10183 10144
f 10183 10148 10184
f 10148 10150 10147
f 10150 10186 10185
f 10186 10145 10139
f 10187 10145 10189
f 10193 10187 10189
f 10192 10193 10188
f 10188 10193 10189
f 10192 10190 10191
f 10192 10191 10193
f 10192 10194 10190
f 10190 10194 10154
f 10166 10153 10195
f 10197 10196 10207
f 10197 10199 10196
f 10199 10198 10196
f 10200 10198 10199
f 10198 10200 10204
f 10204 10200 10202
f 10201 10204 10202
f 10201 10203 10204
f 10205 10203 10201
f 10206 10203 10205
f 10197 10207 10208
f 10209 10208 10207
f 10210 10208 10209
f 10210 10211 10212
f 10211 10210 10209
f 10211 10213 10212
f 10212 10213 10216
f 10213 10214 10216
f 10214 10215 10216
f 10217 10218 10219
f 10217 10220 10218
f 10220 10221 10218
f 10222 10221 10220
f 10221 10222 10225
f 10225 10222 10223
f 10224 10225 10223
f 10224 10226 10225
f 10228 10226 10224
f 10227 10226 10228
f 10217 10219 10229
f 10229 10219 10230
f 10229 10230 10232
f 10230 10231 10232
f 10234 10232 10231
f 10233 10234 10231
f 10233 10235 10234
f 10234 10235 10238
f 10235 10236 10238
f 10236 10237 10238
f 10239 10240 10248
f 10241 10240 10243
f 10240 10241 10248
f 10244 10242 10243
f 10241 10243 10242
f 10244 10245 10246
f 10246 10242 10244
f 10245 10247 10246
f 10239 10248 10249
f 10252 10250 10249
f 10239 10249 10250
f 10252 10254 10251
f 10251 10250 10252
f 10255 10254 10253
f 10254 10255 10251
f 10255 10253 10256
f 10257 10258 10315
f 10262 10259 10260
f 10314 10261 10313
f 10262 10267 10263
f 10264 10313 10265
f 10260 10264 10265
f 10311 10268 10266
f 10267 10268 10312
f 10269 10270 10257
f 10271 10310 10266
f 10309 10271 10273
f 10272 10273 10274
f 10275 10325 10284
f 10318 10320 10276
f 10277 10276 10278
f 10319 10279 10320
f 10322 10280 10321
f 10323 10281 10282
f 10286 10283 10284
f 10289 10288 10287
f 10285 10283 10286
f 10282 10287 10288
f 10275 10289 10290
f 10291 10323 10322
f 10321 10280 10279
f 10292 10293 10294
f 10295 10294 10293
f 10296 10278 10297
f 10298 10308 10299
f 10298 10300 10308
f 10300 10301 10308
f 10317 10302 10296
f 10303 10316 10302
f 10301 10304 10274
f 10316 10305 10306
f 10306 10307 10258
f 10292 10299 10308
f 10300 10304 10301
f 10304 10272 10274
f 10272 10309 10273
f 10309 10310 10271
f 10310 10311 10266
f 10311 10312 10268
f 10312 10263 10267
f 10263 10259 10262
f 10259 10264 10260
f 10264 10314 10313
f 10314 10270 10261
f 10261 10270 10269
f 10269 10257 10315
f 10315 10258 10307
f 10307 10306 10305
f 10305 10316 10303
f 10303 10302 10317
f 10317 10296 10297
f 10297 10278 10276
f 10277 10318 10276
f 10318 10319 10320
f 10319 10321 10279
f 10321 10291 10322
f 10291 10281 10323
f 10281 10324 10282
f 10324 10287 10282
f 10287 10290 10289
f 10290 10325 10275
f 10325 10286 10284
f 10285 10286 10326
f 10328 10285 10326
f 10329 10328 10327
f 10327 10328 10326
f 10329 10331 10330
f 10329 10330 10328
f 10329 10295 10331
f 10331 10295 10293
f 10292 10294 10299
f 10386 10385 10332
f 10333 10334 10335
f 10382 10383 10336
f 10337 10333 10381
f 10382 10381 10338
f 10333 10338 10381
f 10342 10339 10340
f 10340 10339 10341
f 10340 10341 10380
f 10335 10380 10341
f 10344 10339 10342
f 10332 10343 10383
f 10344 10379 10345
f 10347 10345 10346
f 10384 10386 10387
f 10389 10388 10375
f 10346 10373 10347
f 10377 10348 10370
f 10349 10366 10361
f 10354 10351 10392
f 10350 10351 10352
f 10393 10353 10354
f 10355 10356 10357
f 10394 10395 10358
f 10359 10360 10361
f 10364 10363 10362
f 10400 10360 10398
f 10358 10362 10363
f 10349 10364 10397
f 10365 10394 10356
f 10359 10361 10366
f 10353 10355 10357
f 10407 10367 10368
f 10406 10368 10367
f 10351 10390 10352
f 10371 10369 10370
f 10369 10371 10376
f 10369 10377 10370
f 10389 10391 10372
f 10373 10378 10347
f 10373 10348 10378
f 10374 10375 10387
f 10407 10376 10371
f 10408 10376 10407
f 10348 10377 10378
f 10379 10346 10345
f 10342 10379 10344
f 10334 10380 10335
f 10337 10334 10333
f 10336 10381 10382
f 10343 10336 10383
f 10385 10343 10332
f 10384 10385 10386
f 10374 10387 10386
f 10388 10387 10375
f 10372 10388 10389
f 10390 10372 10391
f 10390 10391 10352
f 10350 10392 10351
f 10392 10393 10354
f 10393 10355 10353
f 10355 10365 10356
f 10365 10395 10394
f 10395 10396 10358
f 10396 10362 10358
f 10362 10397 10364
f 10397 10366 10349
f 10359 10398 10360
f 10400 10398 10399
f 10401 10400 10399
f 10403 10401 10402
f 10402 10401 10399
f 10403 10404 10405
f 10403 10405 10401
f 10403 10406 10404
f 10404 10406 10367
f 10407 10368 10408
f 10409 10410 10411
f 10410 10412 10411
f 10415 10412 10410
f 10413 10410 10416
f 10414 10415 10410
f 10416 10410 10417
f 10410 10422 10417
f 10413 10414 10410
f 10421 10410 10419
f 10418 10419 10410
f 10420 10410 10421
f 10410 10420 10422
f 10418 10410 10423
f 10424 10410 10425
f 10426 10410 10424
f 10423 10410 10426
f 10428 10410 10427
f 10429 10410 10428
f 10410 10429 10425
f 10440 10430 10443
f 10432 10430 10440
f 10431 10430 10432
f 10431 10432 10433
f 10434 10431 10433
f 10433 10435 10434
f 10434 10435 10436
f 10437 10436 10435
f 10437 10438 10436
f 10439 10440 10443
f 10441 10439 10442
f 10443 10442 10439
f 10441 10445 10444
f 10445 10441 10442
f 10446 10449 10444
f 10444 10445 10446
f 10446 10447 10449
f 10447 10448 10449
f 10457 10451 10458
f 10454 10451 10450
f 10451 10454 10458
f 10452 10453 10450
f 10454 10450 10453
f 10452 10455 10453
f 10455 10456 10453
f 10457 10458 10460
f 10459 10461 10460
f 10457 10460 10461
f 10459 10463 10462
f 10462 10461 10459
f 10462 10463 10464
f 10462 10464 10465
f 10467 10471 10466
f 10466 10471 10476
f 10467 10468 10471
f 10469 10471 10470
f 10471 10487 10472
f 10471 10473 10470
f 10473 10471 10474
f 10472 10474 10471
f 10469 10475 10471
f 10471 10475 10476
f 10488 10471 10477
f 10471 10482 10479
f 10478 10477 10471
f 10478 10471 10479
f 10471 10480 10481
f 10482 10471 10481
f 10485 10483 10471
f 10480 10471 10483
f 10471 10484 10486
f 10485 10471 10486
f 10487 10471 10488
f 10489 10497 10490
f 10497 10492 10490
f 10491 10492 10497
f 10495 10497 10493
f 10496 10491 10497
f 10493 10497 10494
f 10497 10502 10494
f 10495 10496 10497
f 10498 10497 10499
f 10500 10499 10497
f 10501 10497 10498
f 10497 10501 10502
f 10500 10497 10505
f 10503 10497 10504
f 10506 10497 10503
f 10505 10497 10506
f 10509 10497 10507
f 10508 10497 10509
f 10497 10508 10504
