{"type":"FeatureCollection","features":[{"type":"Feature","id":"osm_way_25435019","properties":{"subtype":"road","class":"primary_link","subclass":null,"road_surface":null},"geometry":{"type":"LineString","coordinates":[[113.9236172,22.5268074],[113.9235787,22.5267642],[113.9235332,22.526709],[113.9235028,22.5266648],[113.9234654,22.5265957],[113.9234318,22.5265256],[113.9234157,22.5264677],[113.9234036,22.5263807],[113.923398,22.5263039],[113.923403,22.5262221],[113.9234163,22.5261445],[113.9234358,22.5260776],[113.923466,22.5260075],[113.9235065,22.52594],[113.9235487,22.5258742],[113.9235957,22.5258166],[113.9236483,22.5257641],[113.9236984,22.5257174],[113.9237638,22.5256686],[113.923831,22.5256283],[113.9239224,22.525577],[113.9240899,22.5255079],[113.9242735,22.5254512],[113.9244453,22.5254114],[113.9246266,22.5253776]]}},{"type":"Feature","id":"osm_way_25447619","properties":{"subtype":"road","class":"primary","subclass":null,"road_surface":null},"geometry":{"type":"LineString","coordinates":[[113.9141882,22.5268602],[113.912751,22.5263706],[113.9125867,22.5263214],[113.9124188,22.5262751],[113.9122568,22.5262365],[113.9120673,22.5261978],[113.9118476,22.5261587],[113.911637,22.5261242],[113.9114244,22.5260928],[113.9111579,22.5260623],[113.9110121,22.5260485],[113.9108481,22.5260365],[113.9107007,22.5260284],[113.9104988,22.526025],[113.910285,22.5260214],[113.91006483456792,22.526019973442125]]}},{"type":"Feature","id":"osm_way_25447637","properties":{"subtype":"road","class":"secondary","subclass":null,"road_surface":null},"geometry":{"type":"LineString","coordinates":[[113.9200013,22.5194246],[113.9204,22.5199108],[113.9205213,22.5200555],[113.9212127,22.5208121],[113.9213902,22.5209908],[113.9216854,22.5213041],[113.9217672,22.5214065],[113.9218462,22.5215264],[113.9218999,22.5216315],[113.9219455,22.5217442],[113.9219847,22.5218834],[113.9221821,22.5228271],[113.9225302,22.5244919],[113.9226126,22.524867],[113.9226328,22.5249482],[113.9227271,22.525331],[113.9228413,22.5257952],[113.9228765,22.5259484]]}},{"type":"Feature","id":"osm_way_25447638","properties":{"subtype":"road","class":"tertiary","subclass":null,"road_surface":null},"geometry":{"type":"LineString","coordinates":[[113.9177857,22.524573],[113.9179659,22.5245219],[113.9181174,22.5244789],[113.9183093,22.5244244],[113.9189074,22.5241778],[113.9195631,22.5239074],[113.9196038,22.5238906],[113.9199603,22.5237435],[113.9204249,22.5235519],[113.9221821,22.5228271],[113.9230118,22.5225245],[113.9235147,22.5223492],[113.9236229,22.5223115]]}},{"type":"Feature","id":"osm_way_25481897","properties":{"subtype":"road","class":"primary_link","subclass":null,"road_surface":null},"geometry":{"type":"LineString","coordinates":[[113.9243013,22.5287865],[113.9242364,22.5280923],[113.924235,22.5277447],[113.9242315,22.5276712],[113.9242216,22.5275975],[113.9241976,22.5275163],[113.9241646,22.5274334],[113.9241455,22.5273997]]}},{"type":"Feature","id":"osm_way_25603918","properties":{"subtype":"road","class":"secondary","subclass":null,"road_surface":null},"geometry":{"type":"LineString","coordinates":[[113.9102673,22.5353061],[113.9101665,22.5353036],[113.91006483456792,22.535301085671453]]}},{"type":"Feature","id":"osm_way_26968030","properties":{"subtype":"road","class":"primary_link","subclass":null,"road_surface":null},"geometry":{"type":"LineString","coordinates":[[113.9239695,22.5254557],[113.9240588,22.5253923],[113.9241581,22.525293],[113.9242215,22.5252044],[113.9242745,22.5250941],[113.9243228,22.5249538],[113.92434,22.5248434],[113.9243538,22.5246529],[113.924308,22.5244053],[113.9242542,22.5241782],[113.924165,22.5239064],[113.9240305,22.5235292],[113.9239669,22.5233423],[113.923846,22.5229049]]}},{"type":"Feature","id":"osm_way_26968057","properties":{"subtype":"road","class":"primary_link","subclass":null,"road_surface":null},"geometry":{"type":"LineString","coordinates":[[113.9283089,22.5229304],[113.9284095,22.523096],[113.9284487,22.5231916],[113.9285214,22.5234119],[113.9286231,22.5237486],[113.9286301,22.5237663],[113.9287216,22.5239989],[113.9287977,22.5240967],[113.9288907,22.5241924],[113.9290117,22.5242767],[113.9291708,22.5243549],[113.9293616,22.5244362],[113.9295151654321,22.52448142586352]]}},{"type":"Feature","id":"osm_way_69570016","properties":{"subtype":"road","class":"primary","subclass":null,"road_surface":null},"geometry":{"type":"LineString","coordinates":[[113.9243353,22.5277249],[113.9243456,22.5274504],[113.9243777,22.527158],[113.9244453,22.5267752],[113.9244796,22.5265672],[113.9244982,22.5264348],[113.9245104,22.5262883],[113.924522,22.5260516],[113.924538,22.5256569]]}},{"type":"Feature","id":"osm_way_69570022","properties":{"subtype":"road","class":"primary","subclass":null,"road_surface":null},"geometry":{"type":"LineString","coordinates":[[113.9244409,22.5277249],[113.9244381,22.5279309],[113.9244485,22.5285296],[113.9244421,22.5290139],[113.9244418,22.5293392],[113.9244489,22.5296076],[113.9244583,22.5298463],[113.9244729,22.5299972],[113.9245011,22.5301632],[113.9245271,22.5302706],[113.9245668,22.5304307],[113.9246258,22.5306079],[113.9246809,22.530759],[113.9247546,22.5309324],[113.9248171,22.5310517],[113.9248585,22.5311286],[113.9257836,22.532849]]}},{"type":"Feature","id":"osm_way_96326129","properties":{"subtype":"road","class":"primary","subclass":null,"road_surface":null},"geometry":{"type":"LineString","coordinates":[[113.9284029,22.5233009],[113.9284616,22.5235206],[113.9285178,22.5237061],[113.9285586,22.5238503],[113.9286196,22.5240396],[113.9286574,22.5241513],[113.9287045,22.5242784],[113.9287572,22.5244123],[113.9295151654321,22.5261171806165]]}},{"type":"Feature","id":"osm_way_96326147","properties":{"subtype":"road","class":"primary","subclass":null,"road_surface":null},"geometry":{"type":"LineString","coordinates":[[113.9294726,22.5262552],[113.9286773,22.5244719],[113.9286273,22.5243467],[113.9285713,22.5241963],[113.9285207,22.5240497],[113.9284651,22.5238728],[113.9283706,22.5235557],[113.9283056,22.5233154]]}},{"type":"Feature","id":"osm_way_101315986","properties":{"subtype":"road","class":"secondary","subclass":null,"road_surface":null},"geometry":{"type":"LineString","coordinates":[[113.923489,22.5354663],[113.9232932,22.5354613],[113.9232338,22.5354598],[113.9231337,22.5354569],[113.9229912,22.5354531],[113.9229171,22.5354512],[113.9227019,22.5354455],[113.920986,22.5354223],[113.9207128,22.5354194],[113.9204736,22.5354259]]}},{"type":"Feature","id":"osm_way_101316004","properties":{"subtype":"road","class":"primary","subclass":null,"road_surface":null},"geometry":{"type":"LineString","coordinates":[[113.9195267,22.5305064],[113.9195487,22.5306277],[113.9196617,22.5312503],[113.9197661,22.5318549],[113.9197856,22.5319855],[113.9198167,22.5322237],[113.9198428,22.5324481],[113.9198754,22.5327027],[113.919904,22.5329896],[113.9199285,22.5332578],[113.9199645,22.5342311],[113.9199768,22.5347538],[113.91998,22.5348886],[113.9199879,22.5352229],[113.9199904,22.5353303]]}},{"type":"Feature","id":"osm_way_101316398","properties":{"subtype":"road","class":"tertiary","subclass":null,"road_surface":null},"geometry":{"type":"LineString","coordinates":[[113.9266508,22.5249388],[113.9266137,22.524799],[113.9266068,22.5247709],[113.9262445,22.5233895],[113.9261833,22.5231844]]}},{"type":"Feature","id":"osm_way_101317296","properties":{"subtype":"road","class":"primary_link","subclass":null,"road_surface":null},"geometry":{"type":"LineString","coordinates":[[113.9248523,22.5260792],[113.9247863,22.5261765],[113.9247409,22.5262854],[113.9247107,22.5263992],[113.9246084,22.5270551],[113.9245735,22.5272707],[113.9245306,22.527568],[113.9244787,22.528176],[113.9244485,22.5285296]]}},{"type":"Feature","id":"osm_way_101317370","properties":{"subtype":"road","class":"residential","subclass":null,"road_surface":null},"geometry":{"type":"LineString","coordinates":[[113.9247898,22.5235099],[113.9249816,22.5234628],[113.9251336,22.5234255],[113.9259603,22.523239],[113.9260159,22.5232253],[113.9261833,22.5231844]]}},{"type":"Feature","id":"osm_way_101317615","properties":{"subtype":"road","class":"secondary","subclass":null,"road_surface":null},"geometry":{"type":"LineString","coordinates":[[113.9124572,22.5197548],[113.9140415,22.5183351],[113.9141587,22.5182301]]}},{"type":"Feature","id":"osm_way_101317852","properties":{"subtype":"road","class":"primary","subclass":null,"road_surface":null},"geometry":{"type":"LineString","coordinates":[[113.9275582,22.5251051],[113.9269674,22.5251875],[113.9266024,22.5252516],[113.9263186,22.5253135],[113.9235691,22.5259383],[113.9233001,22.5260121],[113.9230239,22.5261018],[113.9225556,22.5262482]]}},{"type":"Feature","id":"osm_way_101317886","properties":{"subtype":"road","class":"service","subclass":null,"road_surface":null},"geometry":{"type":"LineString","coordinates":[[113.91006483456792,22.529042180718832],[113.9101019,22.529042]]}},{"type":"Feature","id":"osm_way_101317912","properties":{"subtype":"road","class":"primary_link","subclass":null,"road_surface":null},"geometry":{"type":"LineString","coordinates":[[113.919263,22.5270636],[113.9191986,22.5270892],[113.919138,22.5271215],[113.9190819,22.5271602],[113.919031,22.5272047],[113.9189862,22.5272544],[113.918948,22.5273085],[113.9189169,22.5273665],[113.9188934,22.5274274],[113.9188778,22.5274905],[113.9188703,22.5275548],[113.918871,22.5276194],[113.9188799,22.5276836]]}},{"type":"Feature","id":"osm_way_147382015","properties":{"subtype":"road","class":"residential","subclass":null,"road_surface":null},"geometry":{"type":"LineString","coordinates":[[113.9160298,22.5343897],[113.9147978,22.5345245],[113.9145949,22.5331719],[113.9145539,22.5328986],[113.915003,22.5324288],[113.9152276,22.5316848],[113.9153863,22.5311638]]}},{"type":"Feature","id":"osm_way_156897392","properties":{"subtype":"road","class":"residential","subclass":null,"road_surface":null},"geometry":{"type":"LineString","coordinates":[[113.9120203,22.5312584],[113.9120098,22.5312002],[113.911956,22.53105],[113.911796,22.5306546]]}},{"type":"Feature","id":"osm_way_182367022","properties":{"subtype":"road","class":"primary_link","subclass":null,"road_surface":null},"geometry":{"type":"LineString","coordinates":[[113.9295151654321,22.526549768781027],[113.9291814,22.5258639],[113.9291205,22.525743],[113.9291021,22.5257066],[113.9290088,22.5255386],[113.9289612,22.5254747],[113.9289171,22.5254293],[113.9288348,22.5253732],[113.9287501,22.5253241],[113.9286452,22.5252774],[113.9285206,22.5252411],[113.928399,22.5252235],[113.9282647,22.5252125],[113.9280936,22.5251975],[113.9278744,22.525208]]}},{"type":"Feature","id":"osm_way_182370599","properties":{"subtype":"road","class":"primary","subclass":null,"road_surface":null},"geometry":{"type":"LineString","coordinates":[[113.9198315,22.5347559],[113.9198226,22.5345072],[113.9198083,22.5342263],[113.9197942,22.5332706],[113.9197808,22.5329818],[113.9197295,22.5324618],[113.9197006,22.5322413],[113.9196668,22.532023],[113.9196413,22.5318887],[113.9195202,22.5312504],[113.9193943,22.5306577],[113.9193692,22.5305395]]}},{"type":"Feature","id":"osm_way_182370605","properties":{"subtype":"road","class":"primary","subclass":null,"road_surface":null},"geometry":{"type":"LineString","coordinates":[[113.9185765,22.5270228],[113.9185372,22.5268695],[113.9184655,22.5265919],[113.9183862,22.5262849],[113.9182806,22.5258756],[113.9181747,22.5254653],[113.9180126,22.5247525],[113.9179659,22.5245219],[113.9177263,22.5233375],[113.9175872,22.5226787],[113.917517,22.5223754],[113.9173469,22.5216396],[113.9173251,22.5215597],[113.9173015,22.5214735],[113.9172742,22.521391],[113.9172459,22.5213181],[113.917213,22.5212517]]}},{"type":"Feature","id":"osm_way_187408909","properties":{"subtype":"road","class":"primary","subclass":null,"road_surface":null},"geometry":{"type":"LineString","coordinates":[[113.91985660069089,22.535578152841197],[113.9198518,22.5354426],[113.9198479,22.5353333]]}},{"type":"Feature","id":"osm_way_203270122","properties":{"subtype":"road","class":"primary","subclass":null,"road_surface":null},"geometry":{"type":"LineString","coordinates":[[113.9243493,22.5238527],[113.9244287,22.5240833],[113.9244899,22.5243056],[113.9245239,22.5244524],[113.9245666,22.5246884],[113.9245969,22.5248713],[113.9246223,22.5250821],[113.9246393,22.5252852],[113.9246515,22.5255863],[113.9246271,22.5262114],[113.9246044,22.5264543],[113.9245799,22.5266487],[113.9245293,22.5269473],[113.9244841,22.5272225],[113.9244528,22.5274874],[113.9244409,22.5277249]]}},{"type":"Feature","id":"osm_way_203270131","properties":{"subtype":"road","class":"secondary","subclass":null,"road_surface":null},"geometry":{"type":"LineString","coordinates":[[113.9102592,22.5312416],[113.9102488,22.5310565],[113.9102453,22.5309936],[113.9101019,22.529042],[113.91006483456792,22.528537934270606]]}},{"type":"Feature","id":"osm_way_220071404","properties":{"subtype":"road","class":"secondary","subclass":null,"road_surface":null},"geometry":{"type":"LineString","coordinates":[[113.9273086,22.5354543],[113.9273168,22.5355054],[113.9273217,22.5355543],[113.92732297897271,22.535578152841197]]}},{"type":"Feature","id":"osm_way_220882831","properties":{"subtype":"road","class":"service","subclass":null,"road_surface":null},"geometry":{"type":"MultiLineString","coordinates":[[[113.9274768,22.5274808],[113.9282776,22.5271326],[113.9283205,22.52714],[113.9283607,22.5271672],[113.9285592,22.5273109],[113.9286853,22.5273704],[113.9288382,22.527415],[113.9289884,22.5274199],[113.92916,22.5273803],[113.9294658,22.5272663],[113.9295151654321,22.5272663]],[[113.9295151654321,22.527654398708986],[113.9291359,22.5277668],[113.9285833,22.5278411],[113.9275829,22.527962]]]}},{"type":"Feature","id":"osm_way_220882832","properties":{"subtype":"road","class":"residential","subclass":null,"road_surface":null},"geometry":{"type":"LineString","coordinates":[[113.9255562,22.5274832],[113.9255333,22.5269695],[113.925536,22.5268867],[113.9255426,22.5268017],[113.9255582,22.5267204],[113.9255959,22.526637],[113.9256533,22.5265646],[113.9257327,22.5265029],[113.9258376,22.5264524],[113.9259556,22.5264095],[113.9260296,22.5263914],[113.9260927,22.5263759],[113.9274021,22.5260521],[113.927451,22.526041],[113.9275322,22.5260264],[113.9276464,22.5260143],[113.9277408,22.5260205],[113.9278363,22.5260451],[113.9279103,22.5260781],[113.9279833,22.526125],[113.9280442,22.5261824],[113.9281032,22.5262493],[113.9283882,22.5266495]]}},{"type":"Feature","id":"osm_way_220882833","properties":{"subtype":"road","class":"service","subclass":null,"road_surface":null},"geometry":{"type":"LineString","coordinates":[[113.9196617,22.5312503],[113.9197637,22.5312521],[113.9199006,22.5312545],[113.9207122,22.5312685],[113.9207773,22.5312697],[113.921278,22.5312784],[113.9218223,22.5312878],[113.92228,22.5312958],[113.9227152,22.5313033],[113.9227701,22.5313043],[113.9231454,22.5313108],[113.9231737,22.5313113],[113.9232502,22.5313136]]}},{"type":"Feature","id":"osm_way_220882835","properties":{"subtype":"road","class":"residential","subclass":null,"road_surface":null},"geometry":{"type":"LineString","coordinates":[[113.9253278,22.5289588],[113.9253238,22.5288079],[113.9253162,22.5285005],[113.9253115,22.5283178],[113.9252934,22.527816],[113.9252894,22.5277481],[113.9252942,22.527689],[113.9253061,22.5276413],[113.9253302,22.5275924],[113.9253689,22.5275502],[113.9254318,22.5275176],[113.9255562,22.5274832],[113.9268183,22.5273118],[113.9272863,22.5272551],[113.9274246,22.5272398]]}},{"type":"Feature","id":"osm_way_220883465","properties":{"subtype":"road","class":"service","subclass":null,"road_surface":null},"geometry":{"type":"LineString","coordinates":[[113.9207713,22.5315638],[113.921272,22.5315725],[113.9218141,22.5315819]]}},{"type":"Feature","id":"osm_way_220883466","properties":{"subtype":"road","class":"service","subclass":null,"road_surface":null},"geometry":{"type":"LineString","coordinates":[[113.9206468,22.5308909],[113.921516,22.5309337],[113.9219046,22.5309529]]}},{"type":"Feature","id":"osm_way_220883473","properties":{"subtype":"road","class":"service","subclass":null,"road_surface":null},"geometry":{"type":"LineString","coordinates":[[113.9207773,22.5312697],[113.9207713,22.5315638],[113.9207654,22.5318527],[113.9207611,22.5320666],[113.9215821,22.5320809],[113.9215865,22.531867]]}},{"type":"Feature","id":"osm_way_220883475","properties":{"subtype":"road","class":"service","subclass":null,"road_surface":null},"geometry":{"type":"LineString","coordinates":[[113.920763,22.5306584],[113.9215218,22.5305025],[113.9218859,22.5304277],[113.9223014,22.5304089],[113.922743,22.5304107]]}},{"type":"Feature","id":"osm_way_220883476","properties":{"subtype":"road","class":"service","subclass":null,"road_surface":null},"geometry":{"type":"LineString","coordinates":[[113.9199632,22.5311899],[113.9203139,22.5311669],[113.9204375,22.5309232],[113.9204831,22.5308984],[113.9206468,22.5308909],[113.9207245,22.530834],[113.9207593,22.5307596],[113.920763,22.5306584],[113.9206947,22.5303527],[113.9206882,22.5303269],[113.9206732,22.5302669]]}},{"type":"Feature","id":"osm_way_220883477","properties":{"subtype":"road","class":"service","subclass":null,"road_surface":null},"geometry":{"type":"LineString","coordinates":[[113.921516,22.5309337],[113.9215218,22.5305025]]}},{"type":"Feature","id":"osm_way_230957350","properties":{"subtype":"road","class":"steps","subclass":null,"road_surface":null},"geometry":{"type":"LineString","coordinates":[[113.9241914,22.5301221],[113.9242438,22.5303775]]}},{"type":"Feature","id":"osm_way_230957351","properties":{"subtype":"road","class":"steps","subclass":null,"road_surface":null},"geometry":{"type":"LineString","coordinates":[[113.9241184,22.5297687],[113.9241914,22.5301221]]}},{"type":"Feature","id":"osm_way_230957356","properties":{"subtype":"road","class":"steps","subclass":null,"road_surface":null},"geometry":{"type":"LineString","coordinates":[[113.9246706,22.530043],[113.9247118,22.5302722]]}},{"type":"Feature","id":"osm_way_231067700","properties":{"subtype":"road","class":"primary","subclass":null,"road_surface":null},"geometry":{"type":"LineString","coordinates":[[113.92695847556492,22.535578152841197],[113.9269329,22.5354655],[113.9268841,22.5352956],[113.9268264,22.5351291],[113.9267386,22.5348858],[113.9266531,22.5346856],[113.9265551,22.5344835],[113.9261092,22.5336462]]}},{"type":"Feature","id":"osm_way_231067704","properties":{"subtype":"road","class":"primary","subclass":null,"road_surface":null},"geometry":{"type":"LineString","coordinates":[[113.9261882,22.5336167],[113.9266487,22.5344677],[113.9267366,22.5346534],[113.9268181,22.5348517],[113.9268879,22.5350343],[113.9269794,22.5352893],[113.9270276,22.5354693],[113.9270519849122,22.535578152841197]]}},{"type":"Feature","id":"osm_way_231067709","properties":{"subtype":"road","class":"primary","subclass":null,"road_surface":null},"geometry":{"type":"LineString","coordinates":[[113.9255699,22.5326925],[113.9249632,22.5315981],[113.9246306,22.5310002],[113.9245165,22.5307479],[113.9244676,22.5306125],[113.9244599,22.5305913],[113.9243749,22.530278],[113.9243275,22.5300435],[113.9242969,22.5298196],[113.9242851,22.5296806],[113.9242786,22.5295456],[113.9242838,22.5293334],[113.9243013,22.5287865]]}},{"type":"Feature","id":"osm_way_231085253","properties":{"subtype":"road","class":"service","subclass":null,"road_surface":null},"geometry":{"type":"LineString","coordinates":[[113.9264803,22.5285788],[113.926479,22.5286451],[113.9264785,22.5286739]]}},{"type":"Feature","id":"osm_way_231304732","properties":{"subtype":"road","class":"footway","subclass":null,"road_surface":null},"geometry":{"type":"LineString","coordinates":[[113.9265921,22.5324407],[113.9265374,22.5324648],[113.9265579,22.5325096],[113.9265111,22.5325327],[113.9265347,22.5325829],[113.9264852,22.5326106],[113.9265154,22.5326563],[113.9264585,22.532686],[113.926487,22.5327279],[113.9264338,22.5327575]]}},{"type":"Feature","id":"osm_way_231304733","properties":{"subtype":"road","class":"footway","subclass":null,"road_surface":null},"geometry":{"type":"LineString","coordinates":[[113.9289079,22.5332828],[113.9289344,22.5331828]]}},{"type":"Feature","id":"osm_way_231407864","properties":{"subtype":"road","class":"unclassified","subclass":null,"road_surface":null},"geometry":{"type":"LineString","coordinates":[[113.9276535,22.5308852],[113.9276027,22.530953],[113.9275685,22.531016],[113.9275284,22.5311233],[113.9274871,22.531246],[113.9274553,22.5313727],[113.9274398,22.5314817],[113.9274478,22.5315882],[113.927531,22.5319202],[113.9275398,22.5321171],[113.9275217,22.5323328],[113.9275249,22.5324708],[113.9275446,22.5326732],[113.9275515,22.5327352],[113.9275559,22.5328067],[113.9275517,22.5328657],[113.9275391,22.5329295],[113.9275219,22.5330007],[113.9274277,22.533263],[113.9272663,22.533712],[113.9272372,22.5338114],[113.927223,22.53392],[113.9272293,22.5340132],[113.927256,22.5341182],[113.9273041,22.5342465],[113.9275003,22.5346932],[113.9275461,22.5347923],[113.9276876,22.5351558],[113.9277503,22.535317],[113.9278860528892,22.535578152841197]]}},{"type":"Feature","id":"osm_way_231407866","properties":{"subtype":"road","class":"unclassified","subclass":null,"road_surface":null},"geometry":{"type":"LineString","coordinates":[[113.9274478,22.5315882],[113.927375,22.5314552],[113.9273191,22.5313529],[113.9272145,22.5312315],[113.9270723,22.5311101],[113.9269543,22.5310432],[113.9268476,22.5309999],[113.9267348,22.5309546]]}},{"type":"Feature","id":"osm_way_231407871","properties":{"subtype":"road","class":"unclassified","subclass":null,"road_surface":null},"geometry":{"type":"LineString","coordinates":[[113.9276535,22.5308852],[113.9275509,22.5309456],[113.9274403,22.5309886],[113.9273195,22.5310149],[113.9271746,22.5310176],[113.9270816,22.5310131],[113.9269778,22.5309987],[113.9267348,22.5309546],[113.9263655,22.5308985],[113.926329,22.5308957],[113.9262421,22.5308858],[113.9260772,22.5308648],[113.9258574,22.5308343],[113.9257304,22.5308167],[113.9255529,22.5307921],[113.9255006,22.5307842],[113.9252967,22.5307533],[113.9251274,22.5307525],[113.9249954,22.5307519],[113.9249264,22.5307535],[113.9247873,22.5307573],[113.9246809,22.530759]]}},{"type":"Feature","id":"osm_way_231436808","properties":{"subtype":"road","class":"unclassified","subclass":null,"road_surface":null},"geometry":{"type":"LineString","coordinates":[[113.9275398,22.5321171],[113.9276467,22.5321171],[113.9277828,22.5321171],[113.9279913,22.5321171],[113.9282023,22.5321172],[113.9283919,22.5321172],[113.9285433,22.532132],[113.9287248,22.5321699],[113.9288381,22.5321914],[113.9292077,22.5322654],[113.9295025,22.5323623],[113.9295151654321,22.5323662860354]]}},{"type":"Feature","id":"osm_way_231530779","properties":{"subtype":"road","class":"service","subclass":null,"road_surface":null},"geometry":{"type":"LineString","coordinates":[[113.9295151654321,22.53106549502117],[113.9293465,22.5311393],[113.9290836,22.5312607],[113.9289623,22.531346],[113.9288583,22.5314143],[113.9286652,22.5315233],[113.9285257,22.5316695],[113.9284645,22.5318026],[113.9284078,22.5320549],[113.9283919,22.5321172]]}},{"type":"Feature","id":"osm_way_231530781","properties":{"subtype":"road","class":"service","subclass":null,"road_surface":null},"geometry":{"type":"LineString","coordinates":[[113.9295151654321,22.53156015237204],[113.929437,22.5316027]]}},{"type":"Feature","id":"osm_way_231530784","properties":{"subtype":"road","class":"service","subclass":null,"road_surface":null},"geometry":{"type":"LineString","coordinates":[[113.9295151654321,22.53164384741721],[113.929437,22.5316027],[113.9291212,22.531449],[113.9289623,22.531346],[113.9288181,22.5311938],[113.928802,22.5311517],[113.928794,22.5311096],[113.9288577,22.5308533]]}},{"type":"Feature","id":"osm_way_231530787","properties":{"subtype":"road","class":"unclassified","subclass":null,"road_surface":null},"geometry":{"type":"LineString","coordinates":[[113.9295151654321,22.534581565887407],[113.9292955,22.5345532],[113.929084,22.5345302],[113.9289308,22.5345136],[113.9285633,22.5344908],[113.9284909,22.5344863],[113.9281764,22.5344692],[113.9280075,22.5344768],[113.9278926,22.5345057],[113.9277342,22.5346081],[113.9275871,22.5347521],[113.9275461,22.5347923]]}},{"type":"Feature","id":"osm_way_231664125","properties":{"subtype":"road","class":"service","subclass":null,"road_surface":null},"geometry":{"type":"LineString","coordinates":[[113.9276621,22.5297048],[113.9276607,22.5299041],[113.9276584,22.5302162],[113.9276563,22.530497],[113.9276538,22.5308484],[113.9276535,22.5308852]]}},{"type":"Feature","id":"osm_way_231664127","properties":{"subtype":"road","class":"footway","subclass":null,"road_surface":null},"geometry":{"type":"LineString","coordinates":[[113.9281076,22.5298371],[113.9281049,22.5299068],[113.9280731,22.5307196],[113.9280718,22.530759]]}},{"type":"Feature","id":"osm_way_231664128","properties":{"subtype":"road","class":"pedestrian","subclass":null,"road_surface":null},"geometry":{"type":"LineString","coordinates":[[113.9295151654321,22.533726979390337],[113.9295075,22.5337222],[113.92951,22.5337137],[113.9295151654321,22.533701739400545]]}},{"type":"Feature","id":"osm_way_231664129","properties":{"subtype":"road","class":"footway","subclass":null,"road_surface":null},"geometry":{"type":"LineString","coordinates":[[113.9269898,22.5325578],[113.9270956,22.5324761]]}},{"type":"Feature","id":"osm_way_231664130","properties":{"subtype":"road","class":"footway","subclass":null,"road_surface":null},"geometry":{"type":"LineString","coordinates":[[113.9265921,22.5324407],[113.9266241,22.5324474],[113.9267045,22.5325093],[113.9268494,22.5325762],[113.9269164,22.5325812],[113.9269513,22.5325763],[113.9269898,22.5325578]]}},{"type":"Feature","id":"osm_way_231664131","properties":{"subtype":"road","class":"footway","subclass":null,"road_surface":null},"geometry":{"type":"LineString","coordinates":[[113.9289079,22.5332828],[113.9289254,22.5333665],[113.9289576,22.5333963],[113.9290488,22.533426],[113.9291997,22.533492],[113.9292703,22.5335699]]}},{"type":"Feature","id":"osm_way_231664132","properties":{"subtype":"road","class":"service","subclass":null,"road_surface":null},"geometry":{"type":"LineString","coordinates":[[113.9271525,22.5296974],[113.9276621,22.5297048],[113.9277855,22.5297098],[113.9278606,22.5297321],[113.9281076,22.5298371]]}},{"type":"Feature","id":"osm_way_231781960","properties":{"subtype":"road","class":"service","subclass":null,"road_surface":null},"geometry":{"type":"LineString","coordinates":[[113.9255529,22.5307921],[113.9255467,22.5308191],[113.9255386,22.5308545],[113.9255673,22.5309758],[113.9255887,22.5310575],[113.9256129,22.5311319],[113.9257228,22.5313152],[113.9258613,22.5314841],[113.9258878,22.5314892],[113.9259085,22.5314833]]}},{"type":"Feature","id":"osm_way_231781961","properties":{"subtype":"road","class":"service","subclass":null,"road_surface":null},"geometry":{"type":"LineString","coordinates":[[113.927375,22.5314552],[113.9273058,22.5314925],[113.9271345,22.531585],[113.9270639,22.5316422]]}},{"type":"Feature","id":"osm_way_231781963","properties":{"subtype":"road","class":"footway","subclass":null,"road_surface":null},"geometry":{"type":"LineString","coordinates":[[113.9258613,22.5314841],[113.9259401,22.5315555],[113.9260474,22.5316398],[113.9261842,22.5317314],[113.9263573,22.531864],[113.9271089,22.5324615],[113.9270956,22.5324761]]}},{"type":"Feature","id":"osm_way_231781965","properties":{"subtype":"road","class":"footway","subclass":null,"road_surface":null},"geometry":{"type":"LineString","coordinates":[[113.9295151654321,22.53434284965836],[113.9294404,22.5343327],[113.9292285,22.534308],[113.9291046,22.5343008],[113.9289737,22.5342683],[113.9288932,22.5342485],[113.9287806,22.5342411],[113.9287189,22.5342386],[113.9285687,22.5341866],[113.9284828,22.534142],[113.9283058,22.5339909],[113.9282647,22.5339766]]}},{"type":"Feature","id":"osm_way_231781969","properties":{"subtype":"road","class":"footway","subclass":null,"road_surface":null},"geometry":{"type":"LineString","coordinates":[[113.9271089,22.5324615],[113.9272544,22.5322666],[113.9272705,22.532222],[113.9272544,22.5321997],[113.9270452,22.5320857],[113.9270291,22.532051],[113.9270264,22.5320138],[113.9270076,22.5319494],[113.9269781,22.5318999],[113.9269674,22.5318677],[113.9270371,22.5318082],[113.927072,22.5317611],[113.9270666,22.5316695],[113.9270639,22.5316422]]}},{"type":"Feature","id":"osm_way_231781970","properties":{"subtype":"road","class":"footway","subclass":null,"road_surface":null},"geometry":{"type":"LineString","coordinates":[[113.9281127,22.5325193],[113.9281234,22.5327397],[113.9281529,22.532928],[113.9281905,22.5329801],[113.9282719,22.5330414]]}},{"type":"Feature","id":"osm_way_231781971","properties":{"subtype":"road","class":"footway","subclass":null,"road_surface":null},"geometry":{"type":"LineString","coordinates":[[113.9281764,22.5344692],[113.928051,22.5344343],[113.9278042,22.5343674],[113.9277239,22.5343543],[113.9276218,22.5343377],[113.9275414,22.5342956],[113.9274877,22.5342485],[113.9274421,22.5341643],[113.9274046,22.5340454],[113.9274019,22.5339463],[113.9274995,22.5336101],[113.9275789,22.533431],[113.9276621,22.5332996],[113.927713,22.5332154],[113.9277667,22.5331584],[113.9278311,22.5331213],[113.928059,22.5330618],[113.9281932,22.5330469],[113.9282719,22.5330414],[113.9284506,22.5330123],[113.9285606,22.5330098],[113.9286529,22.5330343],[113.9287924,22.5330857],[113.9288878,22.533146],[113.9289389,22.5331689],[113.9290729,22.5332154],[113.9292258,22.5332501],[113.9294055,22.5332848],[113.9295021,22.533317],[113.9295151654321,22.53333068295252]]}},{"type":"Feature","id":"osm_way_231782430","properties":{"subtype":"road","class":"service","subclass":null,"road_surface":null},"geometry":{"type":"LineString","coordinates":[[113.929084,22.5345302],[113.9290649,22.5347291],[113.9290729,22.5347663],[113.9292017,22.5348778],[113.9292553,22.5349001],[113.9294726,22.5349447],[113.9295151654321,22.53494003273771]]}},{"type":"Feature","id":"osm_way_231782431","properties":{"subtype":"road","class":"footway","subclass":null,"road_surface":null},"geometry":{"type":"LineString","coordinates":[[113.9295151654321,22.53540675196303],[113.9294958,22.5354037],[113.9293854,22.5353863]]}},{"type":"Feature","id":"osm_way_231782432","properties":{"subtype":"road","class":"footway","subclass":null,"road_surface":null},"geometry":{"type":"LineString","coordinates":[[113.928399,22.5350713],[113.9284567,22.535082],[113.9285179,22.5350933]]}},{"type":"Feature","id":"osm_way_231782438","properties":{"subtype":"road","class":"service","subclass":null,"road_surface":null},"geometry":{"type":"LineString","coordinates":[[113.9295151654321,22.535295260351397],[113.9294958,22.5354037],[113.929481,22.5354872],[113.9294538,22.5355095],[113.9294028,22.5355169],[113.929026,22.535456],[113.9289978,22.5354773],[113.928997,22.5355126],[113.9289955942393,22.535578152841197]]}},{"type":"Feature","id":"osm_way_231885261","properties":{"subtype":"road","class":"pedestrian","subclass":null,"road_surface":null},"geometry":{"type":"LineString","coordinates":[[113.927933,22.5303866],[113.9278714,22.5303221],[113.9278097,22.5302576],[113.9277819,22.5302562],[113.9277842,22.5302233],[113.9277864,22.5301905],[113.9278142,22.5301923],[113.927884,22.5301354],[113.9279539,22.5300785],[113.9280806,22.5300859],[113.9280596,22.530394],[113.927933,22.5303866]]}},{"type":"Feature","id":"osm_way_231885290","properties":{"subtype":"road","class":"footway","subclass":null,"road_surface":null},"geometry":{"type":"LineString","coordinates":[[113.9278714,22.5303221],[113.9276563,22.530497]]}},{"type":"Feature","id":"osm_way_231885291","properties":{"subtype":"road","class":"footway","subclass":null,"road_surface":null},"geometry":{"type":"LineString","coordinates":[[113.927884,22.5301354],[113.9276607,22.5299041]]}},{"type":"Feature","id":"osm_way_231899908","properties":{"subtype":"road","class":"service","subclass":null,"road_surface":null},"geometry":{"type":"LineString","coordinates":[[113.9249264,22.5307535],[113.9248592,22.5302598],[113.9248619,22.5299947],[113.9248672,22.5296678],[113.9249049,22.5296653],[113.9255174,22.5296727],[113.9255069,22.5303613],[113.9255033,22.5306018],[113.9255016,22.5307156],[113.9255006,22.5307842]]}},{"type":"Feature","id":"osm_way_231899910","properties":{"subtype":"road","class":"service","subclass":null,"road_surface":null},"geometry":{"type":"LineString","coordinates":[[113.9264785,22.5286739],[113.9264728,22.5295776],[113.9250326,22.5295502]]}},{"type":"Feature","id":"osm_way_231983445","properties":{"subtype":"road","class":"footway","subclass":null,"road_surface":null},"geometry":{"type":"LineString","coordinates":[[113.9277667,22.5331584],[113.9276862,22.5330915],[113.9275891,22.5330369],[113.9275219,22.5330007]]}},{"type":"Feature","id":"osm_way_231983446","properties":{"subtype":"road","class":"steps","subclass":null,"road_surface":null},"geometry":{"type":"LineString","coordinates":[[113.9291046,22.5343008],[113.929084,22.5345302]]}},{"type":"Feature","id":"osm_way_231983452","properties":{"subtype":"road","class":"footway","subclass":null,"road_surface":null},"geometry":{"type":"LineString","coordinates":[[113.927728,22.5337829],[113.9275789,22.5336886],[113.927528,22.5336465],[113.9274995,22.5336101]]}},{"type":"Feature","id":"osm_way_231983456","properties":{"subtype":"road","class":"footway","subclass":null,"road_surface":null},"geometry":{"type":"LineString","coordinates":[[113.9286529,22.5330343],[113.9286652,22.5329875],[113.9286599,22.5329082],[113.9286625,22.5327868],[113.9286625,22.532715],[113.9286679,22.5326654],[113.9286974,22.532549],[113.9287007,22.5324993],[113.9287028,22.5324672],[113.9287215,22.5323186],[113.9287248,22.5321699]]}},{"type":"Feature","id":"osm_way_231983458","properties":{"subtype":"road","class":"pedestrian","subclass":null,"road_surface":null},"geometry":{"type":"LineString","coordinates":[[113.9279831,22.5339182],[113.9279779,22.5338814],[113.9279827,22.5338446],[113.9277586,22.5337307],[113.927728,22.5337829],[113.9277043,22.5338234],[113.9279332,22.5339418],[113.9279831,22.5339182]]}},{"type":"Feature","id":"osm_way_231983467","properties":{"subtype":"road","class":"footway","subclass":null,"road_surface":null},"geometry":{"type":"LineString","coordinates":[[113.9275003,22.5346932],[113.9275579,22.5346053],[113.9277239,22.5343543],[113.9279678,22.5340082],[113.9280054,22.533964]]}},{"type":"Feature","id":"osm_way_231985720","properties":{"subtype":"road","class":"service","subclass":null,"road_surface":null},"geometry":{"type":"LineString","coordinates":[[113.9275217,22.5323328],[113.9276167,22.5323318],[113.9276839,22.5323063],[113.9277118,22.5322872],[113.9277378,22.5322617],[113.9277674,22.5322248],[113.9277808,22.5321711],[113.9277828,22.5321171]]}},{"type":"Feature","id":"osm_way_231985721","properties":{"subtype":"road","class":"footway","subclass":null,"road_surface":null},"geometry":{"type":"LineString","coordinates":[[113.9251274,22.5307525],[113.9251266,22.5307702],[113.9251301,22.531003],[113.9251462,22.5310551],[113.925401,22.5314564],[113.9255029,22.5315704],[113.9256558,22.5317735],[113.9257309,22.53189],[113.9260695,22.5324676],[113.926097,22.5324556],[113.9261989,22.5326423],[113.9262252,22.5326331],[113.9263204,22.5328174],[113.9263973,22.5327884],[113.9264338,22.5327575]]}},{"type":"Feature","id":"osm_way_231985722","properties":{"subtype":"road","class":"service","subclass":null,"road_surface":null},"geometry":{"type":"LineString","coordinates":[[113.9263973,22.5327884],[113.9265932,22.5331566],[113.926936,22.5338006],[113.9267846,22.5338754]]}},{"type":"Feature","id":"osm_way_231985723","properties":{"subtype":"road","class":"footway","subclass":null,"road_surface":null},"geometry":{"type":"LineString","coordinates":[[113.9265932,22.5331566],[113.9266723,22.5331733],[113.926734,22.5332055],[113.9267796,22.5332451],[113.926836,22.5332749],[113.9269245,22.5332848],[113.9269835,22.5332674],[113.9270505,22.5332179],[113.9271256,22.5331807],[113.9272115,22.5331758],[113.9273,22.5332105],[113.9273878,22.5332466],[113.9274277,22.533263]]}},{"type":"Feature","id":"osm_way_231988173","properties":{"subtype":"road","class":"primary_link","subclass":null,"road_surface":null},"geometry":{"type":"LineString","coordinates":[[113.9295151654321,22.52511772207118],[113.9294526,22.5251649],[113.9294031,22.5252309],[113.9293677,22.5253117],[113.929351,22.525384],[113.929347,22.5254496],[113.9293519,22.5255164],[113.9293704,22.5256068],[113.9293895,22.525649],[113.9295134,22.5259225],[113.9295151654321,22.52592649389367]]}},{"type":"Feature","id":"osm_way_231988643","properties":{"subtype":"road","class":"primary_link","subclass":null,"road_surface":null},"geometry":{"type":"LineString","coordinates":[[113.9236858,22.5265095],[113.9236943,22.5265512],[113.923716,22.5266064],[113.9237398,22.5266453],[113.9237707,22.5266825],[113.9238143,22.5267169],[113.9238638,22.526749],[113.9239367,22.5267709],[113.9240041,22.5267765],[113.9240691,22.5267764],[113.9241321,22.5267667],[113.9241821,22.5267477],[113.9242252,22.5267257],[113.9242735,22.5266891],[113.924314,22.5266527],[113.9243455,22.5266021],[113.92437,22.5265497],[113.9243953,22.5264813],[113.9244123,22.5263601],[113.9244241,22.5262074],[113.9244421,22.5260795],[113.9244719,22.5258317],[113.924538,22.5256569]]}},{"type":"Feature","id":"osm_way_231988886","properties":{"subtype":"road","class":"residential","subclass":null,"road_surface":null},"geometry":{"type":"LineString","coordinates":[[113.915855,22.533017],[113.9145949,22.5331719]]}},{"type":"Feature","id":"osm_way_231988888","properties":{"subtype":"road","class":"residential","subclass":null,"road_surface":null},"geometry":{"type":"LineString","coordinates":[[113.9253619,22.5327458],[113.9254095,22.5327336],[113.9255699,22.5326925]]}},{"type":"Feature","id":"osm_way_231988890","properties":{"subtype":"road","class":"residential","subclass":null,"road_surface":null},"geometry":{"type":"LineString","coordinates":[[113.9253681,22.5327735],[113.9253662,22.5328018],[113.9253565,22.5328286],[113.9253395,22.5328522],[113.9253164,22.5328708],[113.92529,22.5328829],[113.9252611,22.5328885],[113.9252316,22.5328872],[113.9252034,22.5328791],[113.9251783,22.5328648],[113.925158,22.5328451],[113.9251436,22.5328212],[113.9251362,22.5327949],[113.9251362,22.5327676],[113.9251436,22.5327412],[113.925159,22.532716],[113.9251811,22.5326955],[113.9252084,22.5326812],[113.9252388,22.5326742],[113.9252701,22.5326748],[113.9253001,22.5326832],[113.9253266,22.5326986],[113.9253478,22.53272],[113.9253619,22.5327458],[113.9253681,22.5327735]]}},{"type":"Feature","id":"osm_way_231988892","properties":{"subtype":"road","class":"residential","subclass":null,"road_surface":null},"geometry":{"type":"LineString","coordinates":[[113.9251436,22.5327412],[113.9242678,22.5327094],[113.9241233,22.5327046],[113.9240145,22.532701],[113.9237874,22.5326934],[113.9233378,22.5326783],[113.9232901,22.5326726],[113.9232306,22.5326655],[113.9231555,22.532653],[113.9231077,22.5326451],[113.921725,22.5326284],[113.921681,22.5326288],[113.9212853,22.5326236],[113.9208229,22.5326176],[113.9206427,22.5327076],[113.9200563,22.5327019],[113.9200078,22.5327014],[113.9198754,22.5327027]]}},{"type":"Feature","id":"osm_way_232079519","properties":{"subtype":"road","class":"steps","subclass":null,"road_surface":null},"geometry":{"type":"LineString","coordinates":[[113.9248817,22.5262156],[113.9249598,22.5261274],[113.9250107,22.5260828],[113.9250779,22.5260335]]}},{"type":"Feature","id":"osm_way_232079520","properties":{"subtype":"road","class":"tertiary","subclass":null,"road_surface":null},"geometry":{"type":"LineString","coordinates":[[113.9258423,22.5217939],[113.9257766,22.5218136],[113.925595,22.5218657],[113.9252151,22.5219759],[113.924872,22.5220818],[113.9241297,22.5223107],[113.9240625,22.5223335],[113.9240255,22.522352],[113.9239932,22.5223861],[113.9239764,22.5224102],[113.9239654,22.5224441],[113.9239606,22.5224871],[113.9239595,22.5225441]]}},{"type":"Feature","id":"osm_way_232079521","properties":{"subtype":"road","class":"steps","subclass":null,"road_surface":null},"geometry":{"type":"LineString","coordinates":[[113.928869,22.5239406],[113.928979,22.5240719]]}},{"type":"Feature","id":"osm_way_232079522","properties":{"subtype":"road","class":"steps","subclass":null,"road_surface":null},"geometry":{"type":"LineString","coordinates":[[113.9248606,22.5249309],[113.924807,22.5248541],[113.9247666,22.5247895],[113.9247292,22.5246956]]}},{"type":"Feature","id":"osm_way_232079524","properties":{"subtype":"road","class":"steps","subclass":null,"road_surface":null},"geometry":{"type":"LineString","coordinates":[[113.9250109,22.5250375],[113.9249277,22.5249904],[113.9248606,22.5249309]]}},{"type":"Feature","id":"osm_way_232079525","properties":{"subtype":"road","class":"steps","subclass":null,"road_surface":null},"geometry":{"type":"LineString","coordinates":[[113.928979,22.5240719],[113.9291265,22.524166]]}},{"type":"Feature","id":"osm_way_232097138","properties":{"subtype":"road","class":"unclassified","subclass":null,"road_surface":null},"geometry":{"type":"MultiLineString","coordinates":[[[113.9259036,22.5354008],[113.9259024,22.5355098],[113.9258938,22.5355681],[113.92589015766623,22.535578152841197]],[[113.9253965834226,22.535578152841197],[113.925389,22.5355524],[113.9253865,22.5354981],[113.9253853,22.5353901]]]}},{"type":"Feature","id":"osm_way_232307905","properties":{"subtype":"road","class":"service","subclass":null,"road_surface":null},"geometry":{"type":"LineString","coordinates":[[113.9276167,22.5324723],[113.9275249,22.5324708]]}},{"type":"Feature","id":"osm_way_232307906","properties":{"subtype":"road","class":"service","subclass":null,"road_surface":null},"geometry":{"type":"MultiLineString","coordinates":[[[113.9276876,22.5351558],[113.9277533,22.5351185],[113.9278142,22.5350839]],[[113.9278142,22.5350839],[113.9280108,22.5351106],[113.9282279,22.5351427],[113.9284119,22.5351706],[113.9284567,22.535082],[113.928531,22.5346601],[113.9279208,22.5345567],[113.9278142,22.5350839]]]}},{"type":"Feature","id":"osm_way_232307908","properties":{"subtype":"road","class":"service","subclass":null,"road_surface":null},"geometry":{"type":"LineString","coordinates":[[113.9279208,22.5345567],[113.9279118,22.5345387],[113.9278926,22.5345057]]}},{"type":"Feature","id":"osm_way_232307910","properties":{"subtype":"road","class":"service","subclass":null,"road_surface":null},"geometry":{"type":"LineString","coordinates":[[113.9276167,22.5323318],[113.9276167,22.5324723],[113.9276254,22.5326714]]}},{"type":"Feature","id":"osm_way_232329199","properties":{"subtype":"road","class":"residential","subclass":null,"road_surface":null},"geometry":{"type":"LineString","coordinates":[[113.9248108,22.5353824],[113.9248086,22.5352765],[113.9248058,22.5351452],[113.9248013,22.5350629],[113.9246328,22.5346345],[113.9245117,22.5340425],[113.9245143,22.5339835],[113.9240575,22.5339792],[113.9232721,22.533974],[113.9232015,22.5339735],[113.9231375,22.5339741],[113.9230755,22.5339746]]}},{"type":"Feature","id":"osm_way_232330676","properties":{"subtype":"road","class":"residential","subclass":null,"road_surface":null},"geometry":{"type":"LineString","coordinates":[[113.9185181,22.5321064],[113.9182099,22.5308316],[113.9181985,22.5307846],[113.9181732,22.5306717],[113.9180584,22.5301591]]}},{"type":"Feature","id":"osm_way_232330677","properties":{"subtype":"road","class":"service","subclass":null,"road_surface":null},"geometry":{"type":"LineString","coordinates":[[113.926936,22.5338006],[113.9269976,22.5339118],[113.9272227,22.5343181]]}},{"type":"Feature","id":"osm_way_232330678","properties":{"subtype":"road","class":"residential","subclass":null,"road_surface":null},"geometry":{"type":"LineString","coordinates":[[113.9174822,22.5302749],[113.9180584,22.5301591],[113.9186704,22.5300375],[113.9191526,22.5299417],[113.9192366,22.529925]]}},{"type":"Feature","id":"osm_way_232330679","properties":{"subtype":"road","class":"service","subclass":null,"road_surface":null},"geometry":{"type":"LineString","coordinates":[[113.9269976,22.5339118],[113.9271766,22.5339183],[113.927223,22.53392]]}},{"type":"Feature","id":"osm_way_232330680","properties":{"subtype":"road","class":"residential","subclass":null,"road_surface":null},"geometry":{"type":"LineString","coordinates":[[113.9196413,22.5318887],[113.9195382,22.5319094],[113.9191327,22.5319877],[113.9185181,22.5321064],[113.9176445,22.5322767],[113.916585,22.5323436]]}},{"type":"Feature","id":"osm_way_232330956","properties":{"subtype":"road","class":"footway","subclass":null,"road_surface":null},"geometry":{"type":"LineString","coordinates":[[113.9274115,22.5213052],[113.9281599,22.5212246]]}},{"type":"Feature","id":"osm_way_232333397","properties":{"subtype":"road","class":"tertiary","subclass":null,"road_surface":null},"geometry":{"type":"LineString","coordinates":[[113.928174,22.5229509],[113.9280871,22.5228978],[113.928054,22.5228795],[113.928018,22.5228644],[113.9279804,22.5228512],[113.9279239,22.5228417],[113.9278426,22.5228426],[113.9278047,22.5228475],[113.9277686,22.5228518],[113.9276972,22.5228646],[113.9272961,22.5229543],[113.926467,22.523143],[113.9264185,22.523154],[113.9261833,22.5231844]]}},{"type":"Feature","id":"osm_way_232422536","properties":{"subtype":"road","class":"service","subclass":null,"road_surface":null},"geometry":{"type":"LineString","coordinates":[[113.9177999,22.526727],[113.9179165,22.5271802]]}},{"type":"Feature","id":"osm_way_232422537","properties":{"subtype":"road","class":"residential","subclass":null,"road_surface":null},"geometry":{"type":"LineString","coordinates":[[113.9175367,22.530913],[113.9175299,22.5308336],[113.9174822,22.5302749],[113.9174278,22.5296373],[113.9182046,22.5294792],[113.919007,22.529317],[113.9190928,22.5292995]]}},{"type":"Feature","id":"osm_way_232422538","properties":{"subtype":"road","class":"residential","subclass":null,"road_surface":null},"geometry":{"type":"LineString","coordinates":[[113.9176445,22.5322767],[113.917541,22.5309673],[113.9175367,22.530913]]}},{"type":"Feature","id":"osm_way_232422539","properties":{"subtype":"road","class":"residential","subclass":null,"road_surface":null},"geometry":{"type":"LineString","coordinates":[[113.9158877,22.5272153],[113.9160376,22.5269919],[113.9163236,22.5265661],[113.9163895,22.5264664],[113.9164496,22.5263636],[113.9165037,22.526258],[113.9165516,22.5261498],[113.9169415,22.5247089]]}},{"type":"Feature","id":"osm_way_232422543","properties":{"subtype":"road","class":"service","subclass":"parking_aisle","road_surface":null},"geometry":{"type":"LineString","coordinates":[[113.9230575,22.5276464],[113.9229473,22.5276577],[113.921944,22.5277487]]}},{"type":"Feature","id":"osm_way_232422546","properties":{"subtype":"road","class":"residential","subclass":null,"road_surface":null},"geometry":{"type":"LineString","coordinates":[[113.9240145,22.532701],[113.9240112,22.5330202],[113.9240092,22.533216],[113.9240066,22.5334751],[113.9240694,22.5334776],[113.9240575,22.5339792]]}},{"type":"Feature","id":"osm_way_232422547","properties":{"subtype":"road","class":"service","subclass":null,"road_surface":null},"geometry":{"type":"MultiLineString","coordinates":[[[113.9230751,22.5278261],[113.9231333,22.5278234],[113.9231817,22.5278202]],[[113.9231817,22.5278202],[113.9238788,22.5277679],[113.9239164,22.5277692],[113.9239456,22.527777],[113.923965,22.5277923],[113.9239722,22.5278058],[113.9239761,22.5278213],[113.9239794,22.5278891],[113.9239849,22.5283453],[113.9239963,22.5287619],[113.9238505,22.5288324],[113.9232919,22.528826],[113.9232461,22.5284321],[113.9232246,22.5283683],[113.9231817,22.5278202]]]}},{"type":"Feature","id":"osm_way_232422548","properties":{"subtype":"road","class":"service","subclass":null,"road_surface":null},"geometry":{"type":"LineString","coordinates":[[113.9231242,22.5283741],[113.9231812,22.5283706],[113.9232246,22.5283683],[113.9239849,22.5283453]]}},{"type":"Feature","id":"osm_way_232422551","properties":{"subtype":"road","class":"service","subclass":null,"road_surface":null},"geometry":{"type":"MultiLineString","coordinates":[[[113.9171209,22.5313747],[113.91649,22.5314107],[113.9165357,22.5320946],[113.9171666,22.5320587],[113.9171209,22.5313747]],[[113.9171209,22.5313747],[113.9170993,22.5310504],[113.9170955,22.5309942]]]}},{"type":"Feature","id":"osm_way_232422552","properties":{"subtype":"road","class":"service","subclass":null,"road_surface":null},"geometry":{"type":"LineString","coordinates":[[113.9174466,22.5294231],[113.9181593,22.5292807],[113.9188121,22.5291503]]}},{"type":"Feature","id":"osm_way_232422553","properties":{"subtype":"road","class":"service","subclass":null,"road_surface":null},"geometry":{"type":"LineString","coordinates":[[113.9201181,22.533775],[113.9201626,22.533775],[113.9205304,22.5337749],[113.9205489,22.5337085],[113.9205408,22.5335301],[113.920544,22.5333699],[113.9205596,22.5332849],[113.9206352,22.5330552],[113.9206588,22.5329182],[113.9206427,22.5327076]]}},{"type":"Feature","id":"osm_way_232423207","properties":{"subtype":"road","class":"residential","subclass":null,"road_surface":null},"geometry":{"type":"LineString","coordinates":[[113.9253164,22.5328708],[113.9256525,22.5335054],[113.9256883,22.5335729],[113.9257353,22.5336616],[113.9260574,22.5342698],[113.9261546,22.5344533]]}},{"type":"Feature","id":"osm_way_232423208","properties":{"subtype":"road","class":"service","subclass":null,"road_surface":null},"geometry":{"type":"LineString","coordinates":[[113.9242236,22.5353686],[113.9242269,22.5352687],[113.9242259,22.5351247],[113.9242265,22.5348897],[113.9241916,22.5345652]]}},{"type":"Feature","id":"osm_way_232423211","properties":{"subtype":"road","class":"service","subclass":null,"road_surface":null},"geometry":{"type":"LineString","coordinates":[[113.9223155,22.5299231],[113.9223114,22.5299885],[113.9223089,22.5300945],[113.9223014,22.5304089],[113.9222817,22.5312293],[113.92228,22.5312958]]}},{"type":"Feature","id":"osm_way_232423213","properties":{"subtype":"road","class":"service","subclass":null,"road_surface":null},"geometry":{"type":"LineString","coordinates":[[113.9227611,22.5298299],[113.9227591,22.5298951],[113.9227565,22.5299785],[113.922743,22.5304107],[113.9227174,22.5312352],[113.9227152,22.5313033]]}},{"type":"Feature","id":"osm_way_232423215","properties":{"subtype":"road","class":"service","subclass":null,"road_surface":null},"geometry":{"type":"LineString","coordinates":[[113.9175447,22.5355234],[113.91754890324842,22.535578152841197]]}},{"type":"Feature","id":"osm_way_232598296","properties":{"subtype":"road","class":"footway","subclass":null,"road_surface":null},"geometry":{"type":"LineString","coordinates":[[113.9276254,22.5326714],[113.9276057,22.5329875],[113.9275891,22.5330369],[113.9274931,22.5333219],[113.9274019,22.5336019],[113.9273348,22.533867],[113.9273295,22.5340206],[113.9273509,22.534137],[113.9273912,22.5342361],[113.9275579,22.5346053],[113.9275769,22.5346679],[113.9275871,22.5347521]]}},{"type":"Feature","id":"osm_way_232598302","properties":{"subtype":"road","class":"footway","subclass":null,"road_surface":null},"geometry":{"type":"LineString","coordinates":[[113.92798060948478,22.535578152841197],[113.9279739,22.5355648],[113.92788,22.5353468],[113.9277533,22.5351185],[113.9275871,22.5347521]]}},{"type":"Feature","id":"osm_way_232602594","properties":{"subtype":"road","class":"service","subclass":null,"road_surface":null},"geometry":{"type":"LineString","coordinates":[[113.9277674,22.5322248],[113.9281899,22.5322238],[113.9281879,22.5325206],[113.9281127,22.5325193]]}},{"type":"Feature","id":"osm_way_232602595","properties":{"subtype":"road","class":"service","subclass":null,"road_surface":null},"geometry":{"type":"LineString","coordinates":[[113.9282023,22.5321172],[113.9282194,22.5318371]]}},{"type":"Feature","id":"osm_way_232630430","properties":{"subtype":"road","class":"primary","subclass":null,"road_surface":null},"geometry":{"type":"LineString","coordinates":[[113.92215278407642,22.517611847158804],[113.9221589,22.5176648],[113.9221731,22.5177879],[113.9221962,22.5179362]]}},{"type":"Feature","id":"osm_way_232728093","properties":{"subtype":"road","class":"service","subclass":null,"road_surface":null},"geometry":{"type":"LineString","coordinates":[[113.9288381,22.5321914],[113.9288958,22.5319276],[113.9289108,22.531857],[113.9289399,22.5317196]]}},{"type":"Feature","id":"osm_way_232728094","properties":{"subtype":"road","class":"service","subclass":null,"road_surface":null},"geometry":{"type":"LineString","coordinates":[[113.9275685,22.531016],[113.9279563,22.5311025],[113.9280187,22.5311023],[113.9282248,22.5310355],[113.928292,22.5310307],[113.928794,22.5311096]]}},{"type":"Feature","id":"osm_way_232728095","properties":{"subtype":"road","class":"service","subclass":null,"road_surface":null},"geometry":{"type":"LineString","coordinates":[[113.9274871,22.531246],[113.9278954,22.5313251],[113.9279563,22.5311025]]}},{"type":"Feature","id":"osm_way_232728332","properties":{"subtype":"road","class":"primary_link","subclass":null,"road_surface":null},"geometry":{"type":"LineString","coordinates":[[113.9253328,22.5252589],[113.9258841,22.5250886]]}},{"type":"Feature","id":"osm_way_232728333","properties":{"subtype":"road","class":"primary_link","subclass":null,"road_surface":null},"geometry":{"type":"LineString","coordinates":[[113.9239509,22.5227723],[113.924098,22.5230594],[113.9241782,22.5232251],[113.9243229,22.523575],[113.9244173,22.5238322],[113.9244787,22.5240249],[113.924548,22.5242963],[113.9246141,22.5246004],[113.9246647,22.5247722],[113.9247406,22.5248867],[113.9248447,22.5249933],[113.9249532,22.5250667],[113.92509,22.5251225],[113.9252165,22.5251531],[113.925365,22.5251655]]}},{"type":"Feature","id":"osm_way_232728538","properties":{"subtype":"road","class":"service","subclass":null,"road_surface":null},"geometry":{"type":"LineString","coordinates":[[113.9235147,22.5223492],[113.9236494,22.5226463],[113.9237674,22.5229956],[113.9241065,22.5239286],[113.9241672,22.5242319],[113.9242315,22.524497],[113.924257,22.5247919],[113.9242315,22.5249579],[113.9241806,22.5251189],[113.9240214,22.525339],[113.9238278,22.5254835],[113.9235811,22.5255872],[113.9234067,22.5256664],[113.9231493,22.5257457],[113.9228413,22.5257952]]}},{"type":"Feature","id":"osm_way_232728539","properties":{"subtype":"road","class":"footway","subclass":null,"road_surface":null},"geometry":{"type":"LineString","coordinates":[[113.9239461,22.5269422],[113.9237669,22.527086]]}},{"type":"Feature","id":"osm_way_232728540","properties":{"subtype":"road","class":"footway","subclass":null,"road_surface":null},"geometry":{"type":"LineString","coordinates":[[113.9245947,22.5295334],[113.9245646,22.5296299],[113.9245503,22.5297154],[113.924552,22.5298093],[113.9245608,22.529883],[113.9245927,22.5299794],[113.9246215,22.5301368],[113.924649,22.5302858],[113.9247873,22.5307573],[113.9248123,22.5308032],[113.9249622,22.5310784],[113.9260727,22.5329783],[113.9266005,22.5339663],[113.9270897,22.5348281],[113.9273476,22.5353013],[113.9273842,22.535371],[113.9274883,22.5354283],[113.9275584,22.5354836],[113.9276483,22.5355744],[113.92765057705563,22.535578152841197]]}},{"type":"Feature","id":"osm_way_232728541","properties":{"subtype":"road","class":"footway","subclass":null,"road_surface":null},"geometry":{"type":"LineString","coordinates":[[113.9243468,22.5268779],[113.9239772,22.5269211],[113.9239461,22.5269422]]}},{"type":"Feature","id":"osm_way_232728543","properties":{"subtype":"road","class":"footway","subclass":null,"road_surface":null},"geometry":{"type":"LineString","coordinates":[[113.9246882,22.5268515],[113.9243468,22.5268779]]}},{"type":"Feature","id":"osm_way_232728544","properties":{"subtype":"road","class":"footway","subclass":null,"road_surface":null},"geometry":{"type":"LineString","coordinates":[[113.9246996,22.5243625],[113.9242315,22.524497]]}},{"type":"Feature","id":"osm_way_233712241","properties":{"subtype":"road","class":"service","subclass":null,"road_surface":null},"geometry":{"type":"LineString","coordinates":[[113.9263016,22.5303707],[113.926754,22.5303758],[113.9267503,22.5305015],[113.9267392,22.5308741],[113.9267376,22.5309091],[113.9267348,22.5309546]]}},{"type":"Feature","id":"osm_way_233712243","properties":{"subtype":"road","class":"service","subclass":null,"road_surface":null},"geometry":{"type":"LineString","coordinates":[[113.926329,22.5308957],[113.9263303,22.5308523],[113.9263427,22.5304436],[113.9263016,22.5303707],[113.9263029,22.5302675],[113.9263046,22.5301152],[113.9263047,22.5300867]]}},{"type":"Feature","id":"osm_way_233712244","properties":{"subtype":"road","class":"service","subclass":null,"road_surface":null},"geometry":{"type":"LineString","coordinates":[[113.9262421,22.5308858],[113.9262424,22.5308333],[113.9262431,22.5307023],[113.9262449,22.5303589],[113.9262465,22.5300509],[113.9262473,22.5300023],[113.9263566,22.5300035],[113.9265446,22.52997]]}},{"type":"Feature","id":"osm_way_233712738","properties":{"subtype":"road","class":"pedestrian","subclass":null,"road_surface":null},"geometry":{"type":"LineString","coordinates":[[113.9268948,22.5301215],[113.9268933,22.5302716],[113.9263187,22.5302676],[113.9263029,22.5302675],[113.9263046,22.5301152],[113.9263192,22.5301154],[113.9268948,22.5301215]]}},{"type":"Feature","id":"osm_way_233712740","properties":{"subtype":"road","class":"steps","subclass":null,"road_surface":null},"geometry":{"type":"LineString","coordinates":[[113.9263047,22.5300867],[113.9262473,22.5300023]]}},{"type":"Feature","id":"osm_way_233712742","properties":{"subtype":"road","class":"pedestrian","subclass":null,"road_surface":null},"geometry":{"type":"LineString","coordinates":[[113.926778,22.5308419],[113.9267796,22.5304998],[113.9268851,22.5305002],[113.926952,22.5305005],[113.9269504,22.5308426],[113.926778,22.5308419]]}},{"type":"Feature","id":"osm_way_233712743","properties":{"subtype":"road","class":"pedestrian","subclass":null,"road_surface":null},"geometry":{"type":"LineString","coordinates":[[113.9262465,22.5300509],[113.9256032,22.530041],[113.9256054,22.5299213],[113.9256889,22.5299226],[113.9262486,22.5299312],[113.9262473,22.5300023],[113.9262465,22.5300509]]}},{"type":"Feature","id":"osm_way_233712744","properties":{"subtype":"road","class":"service","subclass":null,"road_surface":null},"geometry":{"type":"LineString","coordinates":[[113.9269778,22.5309987],[113.9269782,22.5309338],[113.926979,22.5308708],[113.9269817,22.5298511]]}},{"type":"Feature","id":"osm_way_233712930","properties":{"subtype":"road","class":"service","subclass":null,"road_surface":null},"geometry":{"type":"LineString","coordinates":[[113.9265446,22.52997],[113.9268583,22.529975]]}},{"type":"Feature","id":"osm_way_233712932","properties":{"subtype":"road","class":"pedestrian","subclass":null,"road_surface":null},"geometry":{"type":"LineString","coordinates":[[113.926574,22.5297197],[113.9265751,22.5296916],[113.9265775,22.529627],[113.9268692,22.529634],[113.9268677,22.5297193],[113.9267371,22.5297195],[113.9267371,22.5297322],[113.9266883,22.5297325],[113.9266888,22.5297195],[113.926574,22.5297197]]}},{"type":"Feature","id":"osm_way_233712933","properties":{"subtype":"road","class":"pedestrian","subclass":null,"road_surface":null},"geometry":{"type":"LineString","coordinates":[[113.9255485,22.5304676],[113.9255498,22.5303613],[113.9255512,22.5302465],[113.9261739,22.5302531],[113.9261726,22.5303589],[113.9261712,22.5304742],[113.9255485,22.5304676]]}},{"type":"Feature","id":"osm_way_233712934","properties":{"subtype":"road","class":"pedestrian","subclass":null,"road_surface":null},"geometry":{"type":"LineString","coordinates":[[113.9263559,22.5300367],[113.9263566,22.5300035],[113.9263603,22.529801],[113.926361,22.5297193],[113.9265104,22.5297217],[113.926547,22.5297223],[113.9265472,22.5297741],[113.9265474,22.5298547],[113.9265446,22.52997],[113.926543,22.5300377],[113.9263559,22.5300367]]}},{"type":"Feature","id":"osm_way_233713915","properties":{"subtype":"road","class":"service","subclass":null,"road_surface":null},"geometry":{"type":"LineString","coordinates":[[113.9126444,22.5294585],[113.9121603,22.5294526],[113.9122483,22.5299279],[113.9121464,22.529975],[113.912141,22.5301534],[113.9121959,22.530346]]}},{"type":"Feature","id":"osm_way_233713917","properties":{"subtype":"road","class":"residential","subclass":null,"road_surface":null},"geometry":{"type":"LineString","coordinates":[[113.9111154,22.5266302],[113.911368,22.5266256],[113.9116824,22.5265015],[113.9134178,22.5270317],[113.9141053,22.5271213]]}},{"type":"Feature","id":"osm_way_233713918","properties":{"subtype":"road","class":"service","subclass":null,"road_surface":null},"geometry":{"type":"LineString","coordinates":[[113.9117405,22.5304956],[113.9121959,22.530346],[113.9126165,22.5302036],[113.9131624,22.5300283],[113.9133021,22.5299826],[113.9136098,22.5298815],[113.9139086,22.5296554]]}},{"type":"Feature","id":"osm_way_233713919","properties":{"subtype":"road","class":"service","subclass":null,"road_surface":null},"geometry":{"type":"LineString","coordinates":[[113.9131523,22.529682],[113.9127204,22.5296168]]}},{"type":"Feature","id":"osm_way_233713920","properties":{"subtype":"road","class":"service","subclass":null,"road_surface":null},"geometry":{"type":"LineString","coordinates":[[113.9132405,22.5291838],[113.9128469,22.5291244]]}},{"type":"Feature","id":"osm_way_233713921","properties":{"subtype":"road","class":"service","subclass":null,"road_surface":null},"geometry":{"type":"LineString","coordinates":[[113.9131132,22.5299031],[113.9131523,22.529682],[113.9131965,22.5294326],[113.9132405,22.5291838],[113.913266,22.5290396],[113.9136707,22.5291007]]}},{"type":"Feature","id":"osm_way_233713922","properties":{"subtype":"road","class":"service","subclass":null,"road_surface":null},"geometry":{"type":"LineString","coordinates":[[113.9137771,22.5306188],[113.913512,22.5305277],[113.9133594,22.5301313],[113.9133021,22.5299826]]}},{"type":"Feature","id":"osm_way_233713923","properties":{"subtype":"road","class":"service","subclass":null,"road_surface":null},"geometry":{"type":"LineString","coordinates":[[113.9131132,22.5299031],[113.9127761,22.5298522]]}},{"type":"Feature","id":"osm_way_233713924","properties":{"subtype":"road","class":"service","subclass":null,"road_surface":null},"geometry":{"type":"LineString","coordinates":[[113.9105301,22.5299754],[113.9105834,22.5306144],[113.9106093,22.5309241]]}},{"type":"Feature","id":"osm_way_233713925","properties":{"subtype":"road","class":"service","subclass":null,"road_surface":null},"geometry":{"type":"LineString","coordinates":[[113.9131965,22.5294326],[113.9127645,22.5293674],[113.9127204,22.5296168],[113.9126165,22.5302036]]}},{"type":"Feature","id":"osm_way_233713926","properties":{"subtype":"road","class":"secondary","subclass":null,"road_surface":null},"geometry":{"type":"LineString","coordinates":[[113.9124572,22.5197548],[113.9125711,22.5198864],[113.9126945,22.5200562],[113.9128115,22.5202253],[113.9131665,22.5208516],[113.9138423,22.5220437],[113.9139369,22.5222048],[113.9140502,22.5223976],[113.9141891,22.5227006],[113.9142758,22.5229524],[113.9143247,22.5231116],[113.9143414,22.5231693],[113.9144024,22.5234094],[113.9144384,22.5235638],[113.9144654,22.5237088],[113.9144857,22.5238686],[113.9145022,22.524042],[113.9145157,22.5242402],[113.9145306,22.5244447],[113.9145536,22.5248667],[113.9145613,22.5250068],[113.9145649,22.5250634],[113.9145764,22.5252461],[113.9146311,22.5261148],[113.9146448,22.526333],[113.9146624,22.5266447],[113.9146618,22.5266884],[113.9146599,22.526827],[113.9146573,22.5270213],[113.9146559,22.5271341],[113.9146549,22.5272024],[113.9146371,22.5274202],[113.9145601,22.528031],[113.9145505,22.5282201],[113.9145335,22.5284094],[113.9145095,22.5285981],[113.9144962,22.5286777],[113.9144782,22.5287858],[113.9144399,22.5289725],[113.9143945,22.5291577],[113.9143843,22.5291935],[113.9143421,22.5293414],[113.9142828,22.5295233],[113.9142166,22.5297032],[113.9141485,22.5298779],[113.9137263,22.5309621],[113.9137101,22.5310374],[113.9136974,22.5311132],[113.9136882,22.5311895],[113.9136831,22.5312571],[113.9136806,22.5313247],[113.9136809,22.5313924],[113.9138232,22.5323107],[113.91426,22.5351289],[113.9143032,22.5353045],[113.9143434,22.535468]]}},{"type":"Feature","id":"osm_way_233713928","properties":{"subtype":"road","class":"service","subclass":null,"road_surface":null},"geometry":{"type":"LineString","coordinates":[[113.9102831,22.5299801],[113.9105301,22.5299754],[113.911009,22.5299705],[113.9110539,22.5305987],[113.9105834,22.5306144]]}},{"type":"Feature","id":"osm_way_233713929","properties":{"subtype":"road","class":"secondary","subclass":null,"road_surface":null},"geometry":{"type":"LineString","coordinates":[[113.9145209,22.5274165],[113.9145407,22.5271523],[113.9145407,22.5270875],[113.9145408,22.5269811],[113.9145409,22.5267873],[113.914541,22.5266359],[113.914541,22.5266063],[113.9145263,22.5263348],[113.914461,22.5251272],[113.9144583,22.52507],[113.914431,22.5244963],[113.9144283,22.5244551],[113.914422,22.524346],[113.9144107,22.5241944],[113.9143983,22.5240514],[113.9143846,22.5239198],[113.9143718,22.523822],[113.9143574,22.5237316],[113.9143418,22.5236536],[113.9143328,22.5236089],[113.9143085,22.5234886],[113.9142752,22.5233455],[113.9142314,22.5231832],[113.9141967,22.5230707],[113.9141559,22.5229551],[113.9141093,22.522833],[113.9140524,22.5226978],[113.9140067,22.5225945],[113.9139536,22.522484],[113.9138892,22.5223566],[113.9138192,22.5222261],[113.9137204,22.522056],[113.9131362,22.5210497],[113.9130625,22.520897],[113.9129161,22.5206025],[113.9127358,22.5202868],[113.9126079,22.5200886],[113.9124731,22.519906],[113.9123246,22.5197365],[113.9121707,22.5195883],[113.9120138,22.5194621],[113.9117785,22.5193028],[113.911422,22.5191035],[113.9108958,22.518853],[113.9101582,22.5185216],[113.91006483456792,22.518472201958193]]}},{"type":"Feature","id":"osm_way_233713931","properties":{"subtype":"road","class":"service","subclass":null,"road_surface":null},"geometry":{"type":"LineString","coordinates":[[113.9101954,22.5287721],[113.9107589,22.5287808],[113.9108259,22.5288403],[113.9108581,22.5292615],[113.9108018,22.5293383],[113.9104691,22.5293332],[113.9104708,22.5294452]]}},{"type":"Feature","id":"osm_way_233713932","properties":{"subtype":"road","class":"service","subclass":null,"road_surface":null},"geometry":{"type":"LineString","coordinates":[[113.9141182,22.5297436],[113.9139086,22.5296554],[113.9136672,22.5295538],[113.9131523,22.529682]]}},{"type":"Feature","id":"osm_way_233714331","properties":{"subtype":"road","class":"service","subclass":null,"road_surface":null},"geometry":{"type":"LineString","coordinates":[[113.9143843,22.5291935],[113.9148561,22.529275],[113.9157634,22.5294318],[113.9163014,22.5295247]]}},{"type":"Feature","id":"osm_way_233714332","properties":{"subtype":"road","class":"service","subclass":null,"road_surface":null},"geometry":{"type":"LineString","coordinates":[[113.9161962,22.5302158],[113.9152233,22.5300548],[113.9147494,22.5299764],[113.9141485,22.5298779]]}},{"type":"Feature","id":"osm_way_233714333","properties":{"subtype":"road","class":"service","subclass":null,"road_surface":null},"geometry":{"type":"LineString","coordinates":[[113.915755,22.5273852],[113.915616,22.5275809],[113.9155488,22.5276753],[113.9149355,22.5285592],[113.9149075,22.5285958],[113.9148733,22.5286275],[113.9148339,22.5286536],[113.9147903,22.5286732],[113.9147438,22.5286859],[113.9144962,22.5286777]]}},{"type":"Feature","id":"osm_way_233746106","properties":{"subtype":"road","class":"footway","subclass":null,"road_surface":null},"geometry":{"type":"LineString","coordinates":[[113.9219034,22.5186778],[113.9220722,22.5186263],[113.9225047,22.5184938]]}},{"type":"Feature","id":"osm_way_233746107","properties":{"subtype":"road","class":"residential","subclass":null,"road_surface":null},"geometry":{"type":"LineString","coordinates":[[113.9199603,22.5237435],[113.9197525,22.523304],[113.919734,22.5232679],[113.9197209,22.5232297],[113.9197135,22.5231903],[113.9197119,22.5231503],[113.9197161,22.5231104],[113.9197561,22.5229909],[113.9198047,22.5228742],[113.9198619,22.5227608],[113.9199273,22.5226513],[113.9201327,22.5223203],[113.9202741,22.5220925],[113.9203061,22.5220368],[113.9203301,22.5219778],[113.9203458,22.5219165],[113.920361,22.5218318],[113.9203862,22.521749],[113.9204217,22.5216695],[113.9204669,22.5215944],[113.9205737,22.5214363],[113.9206338,22.5213676],[113.9212127,22.5208121]]}},{"type":"Feature","id":"osm_way_233746108","properties":{"subtype":"road","class":"steps","subclass":null,"road_surface":null},"geometry":{"type":"LineString","coordinates":[[113.9232867,22.5217995],[113.9232285,22.5216614]]}},{"type":"Feature","id":"osm_way_233747731","properties":{"subtype":"road","class":"secondary","subclass":null,"road_surface":null},"geometry":{"type":"LineString","coordinates":[[113.9199595,22.5193042],[113.9197315,22.5190504],[113.9194849,22.5187758],[113.9194071,22.5186892],[113.919359,22.5186357],[113.9191493,22.5183952],[113.9187947,22.5179973],[113.9186848,22.517874],[113.91845161342953,22.517611847158804]]}},{"type":"Feature","id":"osm_way_233747732","properties":{"subtype":"road","class":"service","subclass":null,"road_surface":null},"geometry":{"type":"LineString","coordinates":[[113.9187898,22.5253503],[113.9183468,22.5254466]]}},{"type":"Feature","id":"osm_way_233747739","properties":{"subtype":"road","class":"living_street","subclass":null,"road_surface":null},"geometry":{"type":"LineString","coordinates":[[113.9226126,22.524867],[113.9214276,22.525106],[113.9216334,22.5258559],[113.9213196,22.5259251],[113.9213262,22.5261431],[113.9202676,22.526364]]}},{"type":"Feature","id":"osm_way_233747740","properties":{"subtype":"road","class":"service","subclass":null,"road_surface":null},"geometry":{"type":"LineString","coordinates":[[113.9189074,22.5241778],[113.9190889,22.5245836],[113.9186543,22.5247744],[113.9187898,22.5253503],[113.9188739,22.5257076],[113.918944,22.5260057]]}},{"type":"Feature","id":"osm_way_233747742","properties":{"subtype":"road","class":"secondary","subclass":null,"road_surface":null},"geometry":{"type":"LineString","coordinates":[[113.9277437,22.5179865],[113.927566,22.5180033],[113.9274165,22.5180031],[113.9271793,22.5180027],[113.9266436,22.5179923],[113.9251361,22.5179628],[113.9250252,22.5179605],[113.9249329,22.5179595],[113.9247899,22.5179549],[113.9226291,22.5179398]]}},{"type":"Feature","id":"osm_way_233814529","properties":{"subtype":"road","class":"residential","subclass":null,"road_surface":null},"geometry":{"type":"LineString","coordinates":[[113.9124066,22.5339439],[113.9120199,22.5348297],[113.9119413,22.535298]]}},{"type":"Feature","id":"osm_way_233814530","properties":{"subtype":"road","class":"service","subclass":null,"road_surface":null},"geometry":{"type":"LineString","coordinates":[[113.9110311,22.5337342],[113.9111363,22.5336955],[113.911483,22.5336782],[113.9118376,22.5337174],[113.9122943,22.5338919],[113.9124066,22.5339439],[113.9126169,22.5340179],[113.913117,22.534094],[113.9136132,22.534193],[113.9140528,22.5342983]]}},{"type":"Feature","id":"osm_way_233814531","properties":{"subtype":"road","class":"service","subclass":"parking_aisle","road_surface":null},"geometry":{"type":"LineString","coordinates":[[113.9110248,22.5348991],[113.9108317,22.5338437],[113.9108156,22.5337521]]}},{"type":"Feature","id":"osm_way_233814532","properties":{"subtype":"road","class":"service","subclass":null,"road_surface":null},"geometry":{"type":"LineString","coordinates":[[113.913483,22.5354132],[113.9135049,22.5351992],[113.9135247,22.534966],[113.9135113,22.5347926],[113.913462,22.5347238],[113.9129096,22.5346764]]}},{"type":"Feature","id":"osm_way_233814533","properties":{"subtype":"road","class":"service","subclass":null,"road_surface":null},"geometry":{"type":"LineString","coordinates":[[113.9114086,22.5312176],[113.9114096,22.5312747],[113.9114092,22.5320228],[113.9114593,22.5326223]]}},{"type":"Feature","id":"osm_way_233814534","properties":{"subtype":"road","class":"service","subclass":null,"road_surface":null},"geometry":{"type":"LineString","coordinates":[[113.9112459,22.5348678],[113.9110311,22.5337342],[113.9108156,22.5337521],[113.9107405,22.5336951],[113.9103899,22.5337001]]}},{"type":"Feature","id":"osm_way_233814535","properties":{"subtype":"road","class":"service","subclass":null,"road_surface":null},"geometry":{"type":"LineString","coordinates":[[113.9135049,22.5351992],[113.9128514,22.5351469],[113.9128333,22.535363]]}},{"type":"Feature","id":"osm_way_233814536","properties":{"subtype":"road","class":"residential","subclass":null,"road_surface":null},"geometry":{"type":"LineString","coordinates":[[113.9122186,22.5311942],[113.9122178,22.5312531],[113.9122077,22.5320104],[113.9122962,22.5327215]]}},{"type":"Feature","id":"osm_way_233814624","properties":{"subtype":"road","class":"steps","subclass":null,"road_surface":null},"geometry":{"type":"LineString","coordinates":[[113.910354,22.5284083],[113.9103653,22.5285801]]}},{"type":"Feature","id":"osm_way_233816222","properties":{"subtype":"road","class":"service","subclass":null,"road_surface":null},"geometry":{"type":"LineString","coordinates":[[113.9102446,22.52945],[113.9104708,22.5294452],[113.9108634,22.5294497]]}},{"type":"Feature","id":"osm_way_234096623","properties":{"subtype":"road","class":"residential","subclass":null,"road_surface":null},"geometry":{"type":"LineString","coordinates":[[113.9142314,22.5231832],[113.9137695,22.523211],[113.9131422,22.5232487]]}},{"type":"Feature","id":"osm_way_234096627","properties":{"subtype":"road","class":"service","subclass":null,"road_surface":null},"geometry":{"type":"LineString","coordinates":[[113.9143418,22.5236536],[113.9138253,22.5236747],[113.9137333,22.5236324],[113.9131436,22.5236275]]}},{"type":"Feature","id":"osm_way_234096630","properties":{"subtype":"road","class":"residential","subclass":null,"road_surface":null},"geometry":{"type":"LineString","coordinates":[[113.9131665,22.5208516],[113.9130625,22.520897],[113.9128452,22.5210002],[113.9128009,22.5210205],[113.911855,22.5214685]]}},{"type":"Feature","id":"osm_way_234096633","properties":{"subtype":"road","class":"residential","subclass":null,"road_surface":null},"geometry":{"type":"LineString","coordinates":[[113.911422,22.5191035],[113.9104296,22.5197179]]}},{"type":"Feature","id":"osm_way_234096634","properties":{"subtype":"road","class":"residential","subclass":null,"road_surface":null},"geometry":{"type":"LineString","coordinates":[[113.9116197,22.5258655],[113.9116463,22.5257675],[113.9116642,22.525717],[113.9117264,22.5255359],[113.9119226,22.5250685],[113.9119524,22.5249978],[113.9119565,22.524583],[113.911958,22.5244303]]}},{"type":"Feature","id":"osm_way_234096635","properties":{"subtype":"road","class":"unclassified","subclass":null,"road_surface":null},"geometry":{"type":"LineString","coordinates":[[113.9137204,22.522056],[113.913586,22.5221239],[113.9135118,22.5221608],[113.9133336,22.522251],[113.9133009,22.5222675],[113.9131904,22.5223087],[113.9125645,22.522466],[113.9118887,22.5225449]]}},{"type":"Feature","id":"osm_way_234239332","properties":{"subtype":"road","class":"service","subclass":null,"road_surface":null},"geometry":{"type":"LineString","coordinates":[[113.9128257,22.535482],[113.91281555206405,22.535578152841197]]}},{"type":"Feature","id":"osm_way_234239341","properties":{"subtype":"road","class":"residential","subclass":null,"road_surface":null},"geometry":{"type":"LineString","coordinates":[[113.9119282,22.5354113],[113.91190360364574,22.535578152841197]]}},{"type":"Feature","id":"osm_way_234389078","properties":{"subtype":"road","class":"footway","subclass":null,"road_surface":null},"geometry":{"type":"LineString","coordinates":[[113.9277842,22.5302233],[113.9277181,22.5302195],[113.9276584,22.5302162]]}},{"type":"Feature","id":"osm_way_234530357","properties":{"subtype":"road","class":"pedestrian","subclass":null,"road_surface":null},"geometry":{"type":"LineString","coordinates":[[113.9280693,22.5318328],[113.9280746,22.5317411],[113.9281002,22.5317324],[113.9282014,22.5317101],[113.9282987,22.5317324],[113.928347,22.5317461],[113.9283308,22.5317897],[113.9283153,22.5318408],[113.9282194,22.5318371],[113.9280693,22.5318328]]}},{"type":"Feature","id":"osm_way_234530358","properties":{"subtype":"road","class":"steps","subclass":null,"road_surface":null},"geometry":{"type":"LineString","coordinates":[[113.9283308,22.5317897],[113.9284645,22.5318026]]}},{"type":"Feature","id":"osm_way_234530359","properties":{"subtype":"road","class":"footway","subclass":null,"road_surface":null},"geometry":{"type":"LineString","coordinates":[[113.9283919,22.5321172],[113.9285138,22.5323091],[113.9285977,22.5323977],[113.9287007,22.5324993]]}},{"type":"Feature","id":"osm_way_234530361","properties":{"subtype":"road","class":"footway","subclass":null,"road_surface":null},"geometry":{"type":"LineString","coordinates":[[113.9278954,22.5313251],[113.9280115,22.5313803],[113.9281031,22.5314395],[113.9281951,22.5315058],[113.9283455,22.5315677],[113.9285257,22.5316695]]}},{"type":"Feature","id":"osm_way_234530362","properties":{"subtype":"road","class":"footway","subclass":null,"road_surface":null},"geometry":{"type":"LineString","coordinates":[[113.9280746,22.5317411],[113.9280612,22.5316643],[113.9280693,22.5315677],[113.9281031,22.5314395]]}},{"type":"Feature","id":"osm_way_234577294","properties":{"subtype":"road","class":"service","subclass":null,"road_surface":null},"geometry":{"type":"LineString","coordinates":[[113.9165281,22.5203106],[113.9165783,22.5202768],[113.9166548,22.5202254],[113.9167106,22.5202034],[113.9168956,22.5201637],[113.9169707,22.5201315],[113.9174267,22.5198218]]}},{"type":"Feature","id":"osm_way_234577303","properties":{"subtype":"road","class":"service","subclass":null,"road_surface":null},"geometry":{"type":"LineString","coordinates":[[113.91671840636528,22.517611847158804],[113.9168425,22.5177502],[113.9169343,22.5180196]]}},{"type":"Feature","id":"osm_way_234578672","properties":{"subtype":"road","class":"service","subclass":null,"road_surface":null},"geometry":{"type":"LineString","coordinates":[[113.9143247,22.5231116],[113.9144902,22.5230277],[113.9154553,22.5230412],[113.915887,22.5230475]]}},{"type":"Feature","id":"osm_way_234578673","properties":{"subtype":"road","class":"service","subclass":null,"road_surface":null},"geometry":{"type":"LineString","coordinates":[[113.9239021,22.5244102],[113.9239477,22.5243928],[113.9239745,22.5243532],[113.9239638,22.524316],[113.9239284,22.5242636],[113.9238728,22.5242248]]}},{"type":"Feature","id":"osm_way_234578674","properties":{"subtype":"road","class":"service","subclass":null,"road_surface":null},"geometry":{"type":"LineString","coordinates":[[113.9154533,22.5235724],[113.9158824,22.5235791],[113.9164232,22.5235876],[113.9167004,22.5234315],[113.9166969,22.5226757]]}},{"type":"Feature","id":"osm_way_234578675","properties":{"subtype":"road","class":"service","subclass":null,"road_surface":null},"geometry":{"type":"LineString","coordinates":[[113.9230118,22.5225245],[113.9232997,22.5238451],[113.9234032,22.52432],[113.923505,22.5247868],[113.9235829,22.5251832],[113.9227271,22.525331]]}},{"type":"Feature","id":"osm_way_234578676","properties":{"subtype":"road","class":"service","subclass":null,"road_surface":null},"geometry":{"type":"LineString","coordinates":[[113.9154553,22.5230412],[113.9154533,22.5235724]]}},{"type":"Feature","id":"osm_way_234578679","properties":{"subtype":"road","class":"service","subclass":null,"road_surface":null},"geometry":{"type":"LineString","coordinates":[[113.9225302,22.5244919],[113.9234032,22.52432]]}},{"type":"Feature","id":"osm_way_234578680","properties":{"subtype":"road","class":"service","subclass":null,"road_surface":null},"geometry":{"type":"LineString","coordinates":[[113.914774,22.5226487],[113.9158973,22.5226657],[113.9166969,22.5226757],[113.9174626,22.5226783],[113.9175872,22.5226787]]}},{"type":"Feature","id":"osm_way_234578681","properties":{"subtype":"road","class":"unclassified","subclass":null,"road_surface":null},"geometry":{"type":"LineString","coordinates":[[113.9131665,22.5208516],[113.9158564,22.520382],[113.9159186,22.5203595],[113.9159705,22.5203237],[113.916071,22.5202289],[113.9161484,22.5201558]]}},{"type":"Feature","id":"osm_way_234578682","properties":{"subtype":"road","class":"service","subclass":null,"road_surface":null},"geometry":{"type":"LineString","coordinates":[[113.9150637,22.5243979],[113.916496,22.5244475],[113.9165528,22.5247681]]}},{"type":"Feature","id":"osm_way_234578686","properties":{"subtype":"road","class":"service","subclass":null,"road_surface":null},"geometry":{"type":"LineString","coordinates":[[113.9241065,22.5239286],[113.9238172,22.5239838]]}},{"type":"Feature","id":"osm_way_234578687","properties":{"subtype":"road","class":"service","subclass":null,"road_surface":null},"geometry":{"type":"LineString","coordinates":[[113.9158824,22.5235791],[113.915887,22.5230475],[113.9158973,22.5226657]]}},{"type":"Feature","id":"osm_way_234578688","properties":{"subtype":"road","class":"service","subclass":null,"road_surface":null},"geometry":{"type":"LineString","coordinates":[[113.9232997,22.5238451],[113.923768,22.5237709],[113.9238172,22.5239838],[113.9238728,22.5242248],[113.9238967,22.5243284],[113.923827,22.5243557],[113.9238511,22.524482],[113.9239987,22.5244696],[113.9240786,22.5248463],[113.9240711,22.5249181],[113.9240389,22.5250048],[113.923974,22.5251164],[113.9238721,22.5252056],[113.9237385,22.5252525],[113.9235829,22.5251832]]}},{"type":"Feature","id":"osm_way_234578689","properties":{"subtype":"road","class":"pedestrian","subclass":null,"road_surface":null},"geometry":{"type":"LineString","coordinates":[[113.9242124,22.519511],[113.9242372,22.5195971],[113.9245069,22.5205326],[113.9246141,22.5209043],[113.9246636,22.5210762],[113.9249056,22.5219154],[113.9249251,22.5219807]]}},{"type":"Feature","id":"osm_way_234578694","properties":{"subtype":"road","class":"service","subclass":null,"road_surface":null},"geometry":{"type":"LineString","coordinates":[[113.923505,22.5247868],[113.9226328,22.5249482]]}},{"type":"Feature","id":"osm_way_234578695","properties":{"subtype":"road","class":"service","subclass":null,"road_surface":null},"geometry":{"type":"LineString","coordinates":[[113.9254797,22.5206978],[113.9254041,22.5207157],[113.9246141,22.5209043]]}},{"type":"Feature","id":"osm_way_234578696","properties":{"subtype":"road","class":"unclassified","subclass":null,"road_surface":null},"geometry":{"type":"LineString","coordinates":[[113.9125645,22.522466],[113.9125,22.522082],[113.912435,22.5216951],[113.9127951,22.5215213]]}},{"type":"Feature","id":"osm_way_234757970","properties":{"subtype":"road","class":"pedestrian","subclass":null,"road_surface":null},"geometry":{"type":"LineString","coordinates":[[113.9291621,22.5325174],[113.9287835,22.5324548],[113.9288381,22.5321914],[113.9292077,22.5322654],[113.9291621,22.5325174]]}},{"type":"Feature","id":"osm_way_234757973","properties":{"subtype":"road","class":"pedestrian","subclass":null,"road_surface":null},"geometry":{"type":"LineString","coordinates":[[113.9256945,22.5288518],[113.9257151,22.5288957],[113.9258442,22.5291705]]}},{"type":"Feature","id":"osm_way_235082330","properties":{"subtype":"road","class":"service","subclass":null,"road_surface":null},"geometry":{"type":"LineString","coordinates":[[113.9246636,22.5210762],[113.9238079,22.5213255],[113.9237458,22.5213436],[113.9235123,22.5214116]]}},{"type":"Feature","id":"osm_way_235082339","properties":{"subtype":"road","class":"service","subclass":null,"road_surface":null},"geometry":{"type":"LineString","coordinates":[[113.9247898,22.5235099],[113.9248214,22.5234124],[113.9250333,22.5228955],[113.9252502,22.522255],[113.9252771,22.522167],[113.925248,22.5220774],[113.9252383,22.5220476],[113.9252151,22.5219759]]}},{"type":"Feature","id":"osm_way_235113245","properties":{"subtype":"road","class":"steps","subclass":null,"road_surface":null},"geometry":{"type":"LineString","coordinates":[[113.9274115,22.5213052],[113.9272148,22.5213328]]}},{"type":"Feature","id":"osm_way_235114313","properties":{"subtype":"road","class":"service","subclass":null,"road_surface":null},"geometry":{"type":"LineString","coordinates":[[113.9285639,22.5220538],[113.9285569,22.521999],[113.928507,22.5216082]]}},{"type":"Feature","id":"osm_way_235114317","properties":{"subtype":"road","class":"tertiary","subclass":null,"road_surface":null},"geometry":{"type":"LineString","coordinates":[[113.9261833,22.5231844],[113.9264038,22.5231011],[113.9264524,22.5230889],[113.9272805,22.5228973],[113.9276755,22.5228063],[113.9277866,22.5227743],[113.9278363,22.522757],[113.927883,22.5227349],[113.9279295,22.5227074],[113.9279719,22.5226745],[113.9280193,22.5226273],[113.9280668,22.5225763]]}},{"type":"Feature","id":"osm_way_235115120","properties":{"subtype":"road","class":"primary_link","subclass":null,"road_surface":null},"geometry":{"type":"LineString","coordinates":[[113.9281861,22.5196215],[113.9281105,22.5196649],[113.9280462,22.5197129],[113.9279918,22.5197666],[113.9279594,22.5198065],[113.9279493,22.5198232],[113.9279365,22.5198446],[113.9278951,22.5199032],[113.9278717,22.5199462],[113.9278388,22.5200204]]}},{"type":"Feature","id":"osm_way_235152144","properties":{"subtype":"road","class":"steps","subclass":null,"road_surface":null},"geometry":{"type":"LineString","coordinates":[[113.9237652,22.5216402],[113.9237162,22.5215092]]}},{"type":"Feature","id":"osm_way_235152799","properties":{"subtype":"road","class":"residential","subclass":null,"road_surface":null},"geometry":{"type":"LineString","coordinates":[[113.9295151654321,22.5210969205662],[113.9281637,22.5212531],[113.9281268,22.5212609],[113.9280894,22.5212706],[113.9280772,22.5212812],[113.9280634,22.5212983],[113.9280504,22.5213197],[113.9280199,22.5213645]]}},{"type":"Feature","id":"osm_way_235252448","properties":{"subtype":"road","class":"service","subclass":null,"road_surface":null},"geometry":{"type":"MultiLineString","coordinates":[[[113.9231739,22.5289227],[113.9232295,22.5289223],[113.9232668,22.5289228],[113.9233073,22.5289254]],[[113.9233073,22.5289254],[113.9236611,22.5289296],[113.9239909,22.5289336],[113.9239932,22.5294219],[113.9236895,22.5294863],[113.9235549,22.5295108],[113.9235002,22.5295132],[113.9234549,22.5295079],[113.9234107,22.5294891],[113.923368,22.5294545],[113.9233426,22.5294006],[113.9233073,22.5289254]]]}},{"type":"Feature","id":"osm_way_235252449","properties":{"subtype":"road","class":"steps","subclass":null,"road_surface":null},"geometry":{"type":"LineString","coordinates":[[113.9239932,22.5294219],[113.9240396,22.5295035]]}},{"type":"Feature","id":"osm_way_235252450","properties":{"subtype":"road","class":"steps","subclass":null,"road_surface":null},"geometry":{"type":"LineString","coordinates":[[113.9236895,22.5294863],[113.9237056,22.5295718]]}},{"type":"Feature","id":"osm_way_235252455","properties":{"subtype":"road","class":"secondary","subclass":null,"road_surface":null},"geometry":{"type":"LineString","coordinates":[[113.9244421,22.5290139],[113.9244702,22.5291189],[113.924497,22.5291772],[113.9245172,22.5292057],[113.9245468,22.5292306],[113.9245963,22.5292532],[113.9246356,22.5292578],[113.9246877,22.5292558],[113.9247312,22.5292476],[113.9247765,22.5292323],[113.924833,22.5292078]]}},{"type":"Feature","id":"osm_way_235252456","properties":{"subtype":"road","class":"secondary","subclass":null,"road_surface":null},"geometry":{"type":"LineString","coordinates":[[113.9242969,22.5298196],[113.9242323,22.5297158],[113.9241971,22.5296756],[113.9241442,22.5296376],[113.9241057,22.5296229],[113.924052,22.5296105],[113.9239915,22.5296039],[113.9238771,22.5296112]]}},{"type":"Feature","id":"osm_way_235290419","properties":{"subtype":"road","class":"service","subclass":null,"road_surface":null},"geometry":{"type":"LineString","coordinates":[[113.9292876,22.5178148],[113.9285749,22.5179886],[113.9280773,22.5181134],[113.9280157,22.5181954],[113.9280009,22.5182151],[113.9280706,22.5189533],[113.9281181,22.5194724],[113.9290877,22.5192453]]}},{"type":"Feature","id":"osm_way_235290420","properties":{"subtype":"road","class":"service","subclass":null,"road_surface":null},"geometry":{"type":"LineString","coordinates":[[113.9285189,22.5177809],[113.9285395,22.5178636],[113.9285749,22.5179886]]}},{"type":"Feature","id":"osm_way_236852998","properties":{"subtype":"road","class":"service","subclass":null,"road_surface":null},"geometry":{"type":"LineString","coordinates":[[113.9262431,22.5307023],[113.9258598,22.5306979],[113.9255915,22.5306948]]}},{"type":"Feature","id":"osm_way_236853000","properties":{"subtype":"road","class":"service","subclass":null,"road_surface":null},"geometry":{"type":"LineString","coordinates":[[113.9258598,22.5306979],[113.9258585,22.5307697],[113.9258574,22.5308343]]}},{"type":"Feature","id":"osm_way_237522698","properties":{"subtype":"road","class":"footway","subclass":null,"road_surface":null},"geometry":{"type":"MultiLineString","coordinates":[[[113.9268183,22.5273118],[113.9267846,22.527]],[[113.9267846,22.527],[113.9266931,22.5270249],[113.9261424,22.5271176],[113.9260384,22.5271197],[113.9258802,22.5271148],[113.9258141,22.5270838],[113.9257939,22.5269278],[113.9258694,22.5268717],[113.9259727,22.5268435],[113.9261215,22.5267712],[113.9262676,22.526742],[113.9268377,22.5265819],[113.9270579,22.5265315],[113.9275124,22.5263978],[113.9276248,22.5263852],[113.9276914,22.526399],[113.9277562,22.5264579],[113.9277603,22.5265436],[113.9277119,22.526609],[113.9269718,22.5269312],[113.9267846,22.527]]]}},{"type":"Feature","id":"osm_way_237522699","properties":{"subtype":"road","class":"footway","subclass":null,"road_surface":null},"geometry":{"type":"LineString","coordinates":[[113.9267846,22.527],[113.9268144,22.526987],[113.9268376,22.5269662],[113.9268523,22.5269397],[113.926857,22.5269102],[113.9268511,22.5268808],[113.9268354,22.5268548],[113.9268114,22.5268348],[113.9267818,22.526823],[113.9267496,22.5268206],[113.9267183,22.5268278],[113.9266907,22.5268445],[113.9266705,22.5268685],[113.9266599,22.5268974],[113.9266602,22.5269278],[113.9266713,22.5269565],[113.9266919,22.5269802],[113.9267198,22.5269964],[113.9267519,22.5270032],[113.9267846,22.527]]}},{"type":"Feature","id":"osm_way_237522701","properties":{"subtype":"road","class":"footway","subclass":null,"road_surface":null},"geometry":{"type":"LineString","coordinates":[[113.9267581,22.5281868],[113.9267891,22.5281753],[113.9268142,22.5281549],[113.9268305,22.528128],[113.9268361,22.5280975],[113.9268305,22.5280671],[113.9268141,22.5280402],[113.926789,22.5280198],[113.926758,22.5280084],[113.9267246,22.5280071],[113.9266942,22.5280155],[113.9266683,22.5280324],[113.9266495,22.5280559],[113.9266397,22.5280838],[113.92664,22.5281131],[113.9266503,22.5281407],[113.9266696,22.528164],[113.9266959,22.5281804],[113.9267264,22.5281883],[113.9267581,22.5281868]]}},{"type":"Feature","id":"osm_way_237638589","properties":{"subtype":"road","class":"service","subclass":null,"road_surface":null},"geometry":{"type":"LineString","coordinates":[[113.9152276,22.5316848],[113.9159375,22.5317014]]}},{"type":"Feature","id":"osm_way_237639759","properties":{"subtype":"road","class":"pedestrian","subclass":null,"road_surface":null},"geometry":{"type":"LineString","coordinates":[[113.9277156,22.5322212],[113.9277144,22.5322015],[113.927705,22.5321815],[113.9276916,22.532168],[113.9276681,22.5321571],[113.9276487,22.5321552],[113.9276227,22.5321614],[113.927606,22.5321725],[113.9275958,22.5321847],[113.9275881,22.5322041]]}},{"type":"Feature","id":"osm_way_237639761","properties":{"subtype":"road","class":"steps","subclass":null,"road_surface":null},"geometry":{"type":"LineString","coordinates":[[113.9277118,22.5322872],[113.9277515,22.5323324]]}},{"type":"Feature","id":"osm_way_237639762","properties":{"subtype":"road","class":"footway","subclass":null,"road_surface":null},"geometry":{"type":"LineString","coordinates":[[113.9276487,22.5321552],[113.9276467,22.5321171]]}},{"type":"Feature","id":"osm_way_237639763","properties":{"subtype":"road","class":"footway","subclass":null,"road_surface":null},"geometry":{"type":"LineString","coordinates":[[113.9276882,22.5322636],[113.9277118,22.5322872]]}},{"type":"Feature","id":"osm_way_237639764","properties":{"subtype":"road","class":"pedestrian","subclass":null,"road_surface":null},"geometry":{"type":"MultiLineString","coordinates":[[[113.9293747,22.5325558],[113.9295151654321,22.532580715220554]],[[113.9295151654321,22.532623877398663],[113.929486,22.5327596],[113.929461,22.5328833],[113.9293164,22.5328589],[113.9293747,22.5325558]]]}},{"type":"Feature","id":"osm_way_237756476","properties":{"subtype":"road","class":"primary_link","subclass":null,"road_surface":null},"geometry":{"type":"LineString","coordinates":[[113.9279338,22.5247064],[113.9280744,22.5246485],[113.9281772,22.5245835],[113.9282636,22.5244992],[113.92834,22.5243894],[113.9283881,22.5242731],[113.9284086,22.5241717],[113.928414,22.5240467],[113.9283573,22.5238636],[113.9283476,22.5238304],[113.9283352,22.5237709],[113.9282155,22.5233251],[113.928186,22.5232069],[113.9281777,22.5231471],[113.928174,22.5229509]]}},{"type":"Feature","id":"osm_way_237887916","properties":{"subtype":"road","class":"footway","subclass":null,"road_surface":null},"geometry":{"type":"LineString","coordinates":[[113.9295151654321,22.533271225970417],[113.9293072,22.5332307],[113.9292258,22.5332501]]}},{"type":"Feature","id":"osm_way_237893507","properties":{"subtype":"road","class":"footway","subclass":null,"road_surface":null},"geometry":{"type":"LineString","coordinates":[[113.9291897,22.532146],[113.9292077,22.5322654]]}},{"type":"Feature","id":"osm_way_237893510","properties":{"subtype":"road","class":"steps","subclass":null,"road_surface":null},"geometry":{"type":"LineString","coordinates":[[113.9294028,22.5355169],[113.92939570756576,22.535578152841197]]}},{"type":"Feature","id":"osm_way_237893515","properties":{"subtype":"road","class":"footway","subclass":null,"road_surface":null},"geometry":{"type":"LineString","coordinates":[[113.9295025,22.5323623],[113.9294519,22.5322936],[113.9292883,22.5321994],[113.9291897,22.532146],[113.9290308,22.5319988],[113.9288958,22.5319276]]}},{"type":"Feature","id":"osm_way_237893518","properties":{"subtype":"road","class":"footway","subclass":null,"road_surface":null},"geometry":{"type":"LineString","coordinates":[[113.9295025,22.5323623],[113.9295151654321,22.53233205878946]]}},{"type":"Feature","id":"osm_way_238405160","properties":{"subtype":"road","class":"service","subclass":null,"road_surface":null},"geometry":{"type":"LineString","coordinates":[[113.9174308,22.5292223],[113.9181131,22.5290786],[113.9183629,22.529026],[113.9188638,22.5289205]]}},{"type":"Feature","id":"osm_way_238405854","properties":{"subtype":"road","class":"service","subclass":null,"road_surface":null},"geometry":{"type":"LineString","coordinates":[[113.9214349,22.5301074],[113.9214196,22.5300326],[113.921393,22.5299019],[113.9212214,22.5290903],[113.9206499,22.529164],[113.920739,22.5297735],[113.9208958,22.5300672],[113.9209144,22.530136],[113.9209349,22.5302121]]}},{"type":"Feature","id":"osm_way_238449614","properties":{"subtype":"road","class":"service","subclass":null,"road_surface":null},"geometry":{"type":"LineString","coordinates":[[113.9266436,22.5179923],[113.9266433,22.5180912],[113.9266416,22.5186108],[113.9264257,22.5186102],[113.9264227,22.519581]]}},{"type":"Feature","id":"osm_way_238550172","properties":{"subtype":"road","class":"service","subclass":null,"road_surface":null},"geometry":{"type":"MultiLineString","coordinates":[[[113.9257227,22.5206269],[113.9256026,22.5201579]],[[113.9256026,22.5201579],[113.9255277,22.5198497],[113.9255935,22.5197794],[113.9266032,22.5198443],[113.9273055,22.5198895],[113.9273643,22.519948],[113.9273644,22.520281],[113.9262068,22.5202002],[113.9256026,22.5201579]]]}},{"type":"Feature","id":"osm_way_238550778","properties":{"subtype":"road","class":"footway","subclass":null,"road_surface":null},"geometry":{"type":"LineString","coordinates":[[113.9247898,22.5235099],[113.9246839,22.5233988],[113.9243282,22.5223542]]}},{"type":"Feature","id":"osm_way_238926545","properties":{"subtype":"road","class":"residential","subclass":null,"road_surface":null},"geometry":{"type":"LineString","coordinates":[[113.9209861,22.5266458],[113.9210482,22.5268723],[113.9211902,22.5273626],[113.9216472,22.527309],[113.9216872,22.5273484],[113.9218178,22.528106],[113.9218298,22.5281757],[113.9213126,22.5282427],[113.9210517,22.528272],[113.920965,22.5277928],[113.9205224,22.5278571],[113.9204388,22.5278692]]}},{"type":"Feature","id":"osm_way_238926547","properties":{"subtype":"road","class":"tertiary","subclass":null,"road_surface":null},"geometry":{"type":"LineString","coordinates":[[113.923489,22.5354663],[113.9234186,22.5354836],[113.9233618,22.5354986],[113.9232718,22.5355302],[113.9232338,22.5355521],[113.9232067,22.5355678],[113.92319503667257,22.535578152841197]]}},{"type":"Feature","id":"osm_way_238926549","properties":{"subtype":"road","class":"service","subclass":null,"road_surface":null},"geometry":{"type":"LineString","coordinates":[[113.9230379,22.5274602],[113.922898,22.5274708],[113.922821,22.5268182],[113.9227946,22.5265944],[113.9227863,22.5265582],[113.9227664,22.5265128],[113.9227256,22.5264736],[113.9226693,22.5264464],[113.9226248,22.5264366],[113.9225674,22.5264315],[113.9224826,22.526444],[113.9220636,22.5265531],[113.9217022,22.5266434],[113.921653,22.5264839]]}},{"type":"Feature","id":"osm_way_238926551","properties":{"subtype":"road","class":"residential","subclass":null,"road_surface":null},"geometry":{"type":"LineString","coordinates":[[113.9203762,22.5267953],[113.9204198,22.5269488],[113.9204871,22.5269882],[113.9205093,22.5270735],[113.9204817,22.5271928],[113.920406,22.5275918],[113.9204388,22.5278692]]}},{"type":"Feature","id":"osm_way_238926552","properties":{"subtype":"road","class":"tertiary","subclass":null,"road_surface":null},"geometry":{"type":"LineString","coordinates":[[113.92298701466021,22.535578152841197],[113.9229745,22.5355615],[113.9229566,22.5355454],[113.9229243,22.5355223],[113.9228717,22.5354941],[113.9228043,22.5354731],[113.9227019,22.5354455]]}},{"type":"Feature","id":"osm_way_239166850","properties":{"subtype":"road","class":"service","subclass":null,"road_surface":null},"geometry":{"type":"LineString","coordinates":[[113.9129164,22.5285737],[113.9132972,22.5285613],[113.9140456,22.5287025],[113.9143094,22.5287855],[113.9143944,22.5288084]]}},{"type":"Feature","id":"osm_way_239166852","properties":{"subtype":"road","class":"footway","subclass":null,"road_surface":null},"geometry":{"type":"LineString","coordinates":[[113.9129164,22.5285737],[113.9122565,22.5285192],[113.9117013,22.5284622],[113.9114037,22.528482]]}},{"type":"Feature","id":"osm_way_239167335","properties":{"subtype":"road","class":"residential","subclass":null,"road_surface":null},"geometry":{"type":"LineString","coordinates":[[113.9219516,22.5299993],[113.9219445,22.5299252],[113.9219366,22.5298435],[113.9219329,22.5298003],[113.9219107,22.5295941],[113.9218929,22.5293996],[113.9219023,22.5293382],[113.9219402,22.5292902],[113.9219989,22.5292684],[113.9220646,22.5292573],[113.9229957,22.5291714],[113.9230647,22.5291648],[113.9231353,22.5291579],[113.9231924,22.5291528]]}},{"type":"Feature","id":"osm_way_239167337","properties":{"subtype":"road","class":"service","subclass":null,"road_surface":null},"geometry":{"type":"LineString","coordinates":[[113.926694,22.5339179],[113.9266005,22.5339663],[113.9265145,22.5340087]]}},{"type":"Feature","id":"osm_way_239167339","properties":{"subtype":"road","class":"service","subclass":"parking_aisle","road_surface":null},"geometry":{"type":"LineString","coordinates":[[113.9147438,22.5286859],[113.9147047,22.5288718],[113.9146708,22.5290328],[113.9148984,22.5290736],[113.9148561,22.529275]]}},{"type":"Feature","id":"osm_way_239167340","properties":{"subtype":"road","class":"service","subclass":null,"road_surface":null},"geometry":{"type":"MultiLineString","coordinates":[[[113.9215178,22.5300901],[113.9215031,22.5300155],[113.9214971,22.5299852],[113.9214655,22.5298245],[113.9214055,22.5295173]],[[113.9214055,22.5295173],[113.921316,22.5290463],[113.9212932,22.5290253],[113.9206541,22.5291006],[113.9206105,22.5290761],[113.9205403,22.5285733],[113.9205725,22.528526],[113.9213455,22.5284391],[113.9218584,22.5283771],[113.9218983,22.5283981],[113.9220803,22.5291111],[113.9220629,22.5291299],[113.9218622,22.5291777],[113.9218091,22.5292127],[113.9217818,22.5292418],[113.9217731,22.5292881],[113.9217788,22.5294737],[113.9217541,22.5294948],[113.9215288,22.5295089],[113.9214055,22.5295173]]]}},{"type":"Feature","id":"osm_way_239167341","properties":{"subtype":"road","class":"service","subclass":null,"road_surface":null},"geometry":{"type":"LineString","coordinates":[[113.9208668,22.5302264],[113.9208469,22.5301498],[113.920839,22.5301194],[113.9208313,22.530096],[113.9206324,22.5297828],[113.9206039,22.5297852],[113.9201009,22.5298185],[113.9200328,22.5298151],[113.9199717,22.529775],[113.9199386,22.5297153],[113.919914,22.5296336],[113.9198499,22.529307],[113.9198382,22.5292953],[113.9197666,22.5292393],[113.9194155,22.529311],[113.9192532,22.5293431]]}},{"type":"Feature","id":"osm_way_239167342","properties":{"subtype":"road","class":"service","subclass":null,"road_surface":null},"geometry":{"type":"LineString","coordinates":[[113.9249264,22.5307535],[113.9249295,22.530768],[113.9250212,22.5310289],[113.9252804,22.5314688],[113.9261536,22.532951],[113.926694,22.5339179],[113.9271309,22.5347013],[113.9271043,22.5347861]]}},{"type":"Feature","id":"osm_way_239183523","properties":{"subtype":"road","class":"service","subclass":null,"road_surface":null},"geometry":{"type":"LineString","coordinates":[[113.9157634,22.5294318],[113.915879,22.5288972]]}},{"type":"Feature","id":"osm_way_239271912","properties":{"subtype":"road","class":"residential","subclass":null,"road_surface":null},"geometry":{"type":"LineString","coordinates":[[113.9117561,22.5305559],[113.9117405,22.5304956],[113.9115982,22.5299452],[113.9114588,22.5289839],[113.9114037,22.528482],[113.9113837,22.5283001],[113.9112496,22.5276361],[113.9111905,22.5271852],[113.9111154,22.5266302],[113.9111465,22.526214],[113.9111579,22.5260623]]}},{"type":"Feature","id":"osm_way_239271915","properties":{"subtype":"road","class":"residential","subclass":null,"road_surface":null},"geometry":{"type":"LineString","coordinates":[[113.911796,22.5306546],[113.9117561,22.5305559]]}},{"type":"Feature","id":"osm_way_241260306","properties":{"subtype":"road","class":"service","subclass":null,"road_surface":null},"geometry":{"type":"LineString","coordinates":[[113.9238771,22.5296112],[113.9238923,22.5296699],[113.9239032,22.5297136]]}},{"type":"Feature","id":"osm_way_241260307","properties":{"subtype":"road","class":"service","subclass":null,"road_surface":null},"geometry":{"type":"LineString","coordinates":[[113.9237492,22.5297476],[113.9239032,22.5297136],[113.9241018,22.5298891],[113.9242554,22.5306139],[113.9245051,22.5311275]]}},{"type":"Feature","id":"osm_way_241260309","properties":{"subtype":"road","class":"service","subclass":"parking_aisle","road_surface":null},"geometry":{"type":"LineString","coordinates":[[113.9219366,22.5298435],[113.9219904,22.5298326],[113.9228764,22.5296544],[113.9229266,22.5296408],[113.9229737,22.5296206],[113.9230047,22.5295985],[113.923023,22.5295802],[113.9230385,22.5295548],[113.9230491,22.5295271],[113.9230548,22.5294955],[113.9230563,22.5294624],[113.9230554,22.529426],[113.9230474,22.5292565],[113.9230563,22.5292094],[113.9230647,22.5291648]]}},{"type":"Feature","id":"osm_way_241588750","properties":{"subtype":"road","class":"service","subclass":null,"road_surface":null},"geometry":{"type":"LineString","coordinates":[[113.9279913,22.5321171],[113.9279918,22.5320571],[113.9279874,22.5319147]]}},{"type":"Feature","id":"osm_way_242370566","properties":{"subtype":"road","class":"service","subclass":null,"road_surface":null},"geometry":{"type":"LineString","coordinates":[[113.920986,22.5354223],[113.9209863,22.53552],[113.92099402862549,22.535578152841197]]}},{"type":"Feature","id":"osm_way_242370567","properties":{"subtype":"road","class":"service","subclass":null,"road_surface":null},"geometry":{"type":"LineString","coordinates":[[113.9167487,22.5348804],[113.9173496,22.5348537],[113.9180899,22.5348166],[113.9181298,22.534792],[113.9181727,22.53474],[113.9181915,22.534683],[113.9181804,22.5343997],[113.9181455,22.5343502],[113.9180892,22.5343254],[113.9180141,22.5343229],[113.9167347,22.5344542]]}},{"type":"Feature","id":"osm_way_242370568","properties":{"subtype":"road","class":"service","subclass":null,"road_surface":null},"geometry":{"type":"LineString","coordinates":[[113.9173686,22.5352222],[113.9173496,22.5348537]]}},{"type":"Feature","id":"osm_way_242370569","properties":{"subtype":"road","class":"service","subclass":null,"road_surface":null},"geometry":{"type":"LineString","coordinates":[[113.9164884,22.5352669],[113.9173686,22.5352222],[113.9178053,22.5352046],[113.9182181,22.535185]]}},{"type":"Feature","id":"osm_way_242370570","properties":{"subtype":"road","class":"service","subclass":null,"road_surface":null},"geometry":{"type":"LineString","coordinates":[[113.9178053,22.5352046],[113.9178104,22.5352811],[113.9178183,22.5353981]]}},{"type":"Feature","id":"osm_way_243257346","properties":{"subtype":"road","class":"service","subclass":"parking_aisle","road_surface":null},"geometry":{"type":"LineString","coordinates":[[113.92821101246659,22.535578152841197],[113.9281847,22.5355112],[113.9281714,22.5354773],[113.9280588,22.5354848],[113.92809673251195,22.535578152841197]]}},{"type":"Feature","id":"osm_way_243368030","properties":{"subtype":"road","class":"residential","subclass":null,"road_surface":null},"geometry":{"type":"LineString","coordinates":[[113.9232599,22.5303517],[113.9233185,22.5303442],[113.9234079,22.5303261],[113.9236363,22.5302902]]}},{"type":"Feature","id":"osm_way_243381572","properties":{"subtype":"road","class":"service","subclass":null,"road_surface":null},"geometry":{"type":"LineString","coordinates":[[113.9186053,22.5278711],[113.9181075,22.5279808],[113.9176221,22.5280874]]}},{"type":"Feature","id":"osm_way_243381573","properties":{"subtype":"road","class":"service","subclass":null,"road_surface":null},"geometry":{"type":"LineString","coordinates":[[113.9172695,22.5285199],[113.9165315,22.5285199],[113.9164544,22.5285199]]}},{"type":"Feature","id":"osm_way_243381574","properties":{"subtype":"road","class":"service","subclass":null,"road_surface":null},"geometry":{"type":"LineString","coordinates":[[113.9167401,22.5287657],[113.9172695,22.5287658],[113.9172695,22.5285199],[113.9172695,22.5282721],[113.9167307,22.5282721]]}},{"type":"Feature","id":"osm_way_243381584","properties":{"subtype":"road","class":"service","subclass":null,"road_surface":null},"geometry":{"type":"LineString","coordinates":[[113.9187077,22.5282817],[113.9182076,22.5283904]]}},{"type":"Feature","id":"osm_way_243381585","properties":{"subtype":"road","class":"service","subclass":null,"road_surface":null},"geometry":{"type":"LineString","coordinates":[[113.9183629,22.529026],[113.9183377,22.5289232],[113.918305,22.5287891],[113.9182703,22.5286536],[113.9182076,22.5283904],[113.9181902,22.5283192],[113.9181075,22.5279808]]}},{"type":"Feature","id":"osm_way_243381814","properties":{"subtype":"road","class":"service","subclass":null,"road_surface":null},"geometry":{"type":"LineString","coordinates":[[113.92351832890081,22.535578152841197],[113.9235197,22.5354668]]}},{"type":"Feature","id":"osm_way_246094001","properties":{"subtype":"road","class":"steps","subclass":null,"road_surface":null},"geometry":{"type":"LineString","coordinates":[[113.9216785,22.5184037],[113.9215731,22.5184682]]}},{"type":"Feature","id":"osm_way_246094004","properties":{"subtype":"road","class":"footway","subclass":null,"road_surface":null},"geometry":{"type":"LineString","coordinates":[[113.9267581,22.5281868],[113.9267919,22.5284107],[113.9267974,22.5284471]]}},{"type":"Feature","id":"osm_way_246094005","properties":{"subtype":"road","class":"footway","subclass":null,"road_surface":null},"geometry":{"type":"MultiLineString","coordinates":[[[113.9225497,22.5186374],[113.922536,22.5185782],[113.9225047,22.5184938],[113.9224761,22.5183973],[113.9224693,22.5183511],[113.9224694,22.5182942],[113.9224802,22.5182345],[113.9224981,22.51817],[113.9225115,22.5181083],[113.9225209,22.5180483],[113.9225259,22.517984],[113.9225203,22.5178858],[113.9225067,22.5178256],[113.9224801,22.5177553],[113.9224513,22.5176986],[113.922415,22.5176433],[113.92238310623112,22.517611847158804]],[[113.92169746602255,22.517611847158804],[113.9216854,22.5176185],[113.9216329,22.5176574],[113.9215979,22.5177024],[113.9215695,22.5177477],[113.9215454,22.5178031],[113.92153,22.5178607],[113.921528,22.5178915],[113.9215254,22.5179324],[113.9215358,22.5180153],[113.9215731,22.5182365],[113.9216785,22.5184037],[113.9217164,22.5184457],[113.9216622,22.5185544]]]}},{"type":"Feature","id":"osm_way_246751402","properties":{"subtype":"road","class":"service","subclass":null,"road_surface":null},"geometry":{"type":"LineString","coordinates":[[113.9295151654321,22.522770494933873],[113.9294371,22.5227792]]}},{"type":"Feature","id":"osm_way_246751405","properties":{"subtype":"road","class":"residential","subclass":null,"road_surface":null},"geometry":{"type":"LineString","coordinates":[[113.9294189,22.522644],[113.9294253,22.5226927],[113.9294324,22.5227467],[113.9294371,22.5227792],[113.9295151654321,22.523314392790944]]}},{"type":"Feature","id":"osm_way_246751979","properties":{"subtype":"road","class":"service","subclass":null,"road_surface":null},"geometry":{"type":"LineString","coordinates":[[113.9273423,22.5231236],[113.9265222,22.5233078]]}},{"type":"Feature","id":"osm_way_246751991","properties":{"subtype":"road","class":"residential","subclass":null,"road_surface":null},"geometry":{"type":"LineString","coordinates":[[113.9272805,22.5228973],[113.9272961,22.5229543],[113.9273189,22.5230379],[113.9273423,22.5231236],[113.9275348,22.5238278]]}},{"type":"Feature","id":"osm_way_246969951","properties":{"subtype":"road","class":"pedestrian","subclass":null,"road_surface":null},"geometry":{"type":"LineString","coordinates":[[113.9277274,22.521926],[113.926608,22.5221731]]}},{"type":"Feature","id":"osm_way_246970870","properties":{"subtype":"road","class":"service","subclass":null,"road_surface":null},"geometry":{"type":"LineString","coordinates":[[113.928531,22.5346601],[113.9285515,22.5345529],[113.9285633,22.5344908]]}},{"type":"Feature","id":"osm_way_246998954","properties":{"subtype":"road","class":"footway","subclass":null,"road_surface":null},"geometry":{"type":"LineString","coordinates":[[113.9251584,22.523333],[113.9251377,22.5232577],[113.9250333,22.5228955]]}},{"type":"Feature","id":"osm_way_246998955","properties":{"subtype":"road","class":"pedestrian","subclass":null,"road_surface":null},"geometry":{"type":"LineString","coordinates":[[113.925248,22.5220774],[113.9252383,22.5220476],[113.9255708,22.5219489],[113.925618,22.5219485],[113.9256752,22.5219671],[113.9257245,22.5219944],[113.9257606,22.5220281],[113.925783,22.5220611],[113.9260377,22.5229787],[113.9260444,22.5230126],[113.9259777,22.5231803],[113.9259465,22.523187],[113.9251182,22.5233787],[113.925109,22.5233447],[113.9250883,22.5232686],[113.9251377,22.5232577],[113.9251894,22.5232452],[113.9254822,22.5231784],[113.9257912,22.5231111],[113.9258648,22.5229957],[113.9256525,22.5221793],[113.9253123,22.5222607],[113.9252502,22.522255],[113.9252771,22.522167],[113.925248,22.5220774]]}},{"type":"Feature","id":"osm_way_246999413","properties":{"subtype":"road","class":"residential","subclass":null,"road_surface":null},"geometry":{"type":"LineString","coordinates":[[113.9242124,22.519511],[113.9242061,22.5194431],[113.9241767,22.5181484]]}},{"type":"Feature","id":"osm_way_247012894","properties":{"subtype":"road","class":"service","subclass":null,"road_surface":null},"geometry":{"type":"LineString","coordinates":[[113.9138232,22.5323107],[113.9143584,22.5322555],[113.9142283,22.5311802]]}},{"type":"Feature","id":"osm_way_247012897","properties":{"subtype":"road","class":"service","subclass":null,"road_surface":null},"geometry":{"type":"LineString","coordinates":[[113.9147494,22.5299764],[113.9146419,22.5302658],[113.9144202,22.530863]]}},{"type":"Feature","id":"osm_way_247012901","properties":{"subtype":"road","class":"service","subclass":null,"road_surface":null},"geometry":{"type":"LineString","coordinates":[[113.9152713,22.5303615],[113.9146419,22.5302658]]}},{"type":"Feature","id":"osm_way_247013144","properties":{"subtype":"road","class":"service","subclass":null,"road_surface":null},"geometry":{"type":"LineString","coordinates":[[113.9197942,22.5332706],[113.9196948,22.5332758],[113.9196697,22.5332755],[113.919614,22.5332744],[113.9195248,22.5332679],[113.9194283,22.5332665],[113.9192622,22.5332768],[113.9190584,22.5332895],[113.9184385,22.5333281]]}},{"type":"Feature","id":"osm_way_247358098","properties":{"subtype":"road","class":"service","subclass":null,"road_surface":null},"geometry":{"type":"LineString","coordinates":[[113.9282279,22.5351427],[113.9281908,22.5352112],[113.9281667,22.5352311],[113.9281307,22.5352395],[113.9280442,22.5352257],[113.9280174,22.5352085],[113.9280057,22.5351815],[113.9280108,22.5351106]]}},{"type":"Feature","id":"osm_way_247358576","properties":{"subtype":"road","class":"service","subclass":null,"road_surface":null},"geometry":{"type":"LineString","coordinates":[[113.9232421,22.5319981],[113.9231644,22.5319952],[113.92311,22.5319932],[113.9227571,22.5319824]]}},{"type":"Feature","id":"osm_way_247358577","properties":{"subtype":"road","class":"service","subclass":null,"road_surface":null},"geometry":{"type":"LineString","coordinates":[[113.9227693,22.5315651],[113.9227633,22.53177],[113.9227571,22.5319824],[113.9227514,22.5321762],[113.9227451,22.5323934]]}},{"type":"Feature","id":"osm_way_247358578","properties":{"subtype":"road","class":"service","subclass":null,"road_surface":null},"geometry":{"type":"LineString","coordinates":[[113.921681,22.5326288],[113.9216838,22.5322804],[113.9215613,22.5321235],[113.9208353,22.5321095],[113.9208229,22.5326176]]}},{"type":"Feature","id":"osm_way_247358579","properties":{"subtype":"road","class":"service","subclass":null,"road_surface":null},"geometry":{"type":"LineString","coordinates":[[113.9220117,22.5320891],[113.9218277,22.5320918],[113.9217501,22.5321263],[113.9217414,22.5321608],[113.9218507,22.5323785],[113.9221495,22.5323822],[113.9227451,22.5323934],[113.923041,22.5323994]]}},{"type":"Feature","id":"osm_way_247363822","properties":{"subtype":"road","class":"pedestrian","subclass":null,"road_surface":null},"geometry":{"type":"LineString","coordinates":[[113.920504,22.5340981],[113.9205471,22.5341149],[113.9205938,22.5341174],[113.9206387,22.5341052],[113.9206767,22.5340799],[113.9207032,22.5340442],[113.9207152,22.5340024],[113.9207114,22.5339593],[113.9206921,22.5339199],[113.920662,22.5338904],[113.9206234,22.5338711],[113.9205801,22.5338641],[113.9205367,22.53387],[113.9204975,22.5338882],[113.9204665,22.533917],[113.9204469,22.5339532],[113.9204407,22.5339934],[113.9204484,22.5340333],[113.9204694,22.5340689],[113.920504,22.5340981]]}},{"type":"Feature","id":"osm_way_247363825","properties":{"subtype":"road","class":"footway","subclass":null,"road_surface":null},"geometry":{"type":"LineString","coordinates":[[113.9201304,22.5346449],[113.9203724,22.5346606],[113.9203777,22.5344624],[113.9204233,22.5344079],[113.9204287,22.5343509],[113.9203938,22.5342493],[113.9203321,22.5341973]]}},{"type":"Feature","id":"osm_way_247363826","properties":{"subtype":"road","class":"footway","subclass":null,"road_surface":null},"geometry":{"type":"LineString","coordinates":[[113.9203777,22.5344624],[113.9202758,22.5344203],[113.9202517,22.5343856],[113.9202597,22.5343237],[113.9202946,22.5342493],[113.9203321,22.5341973],[113.9204694,22.5340689]]}},{"type":"Feature","id":"osm_way_247364383","properties":{"subtype":"road","class":"footway","subclass":null,"road_surface":null},"geometry":{"type":"LineString","coordinates":[[113.9203724,22.5346606],[113.9204448,22.534725],[113.9204743,22.5347671],[113.9204743,22.5348117],[113.9204421,22.5350495],[113.9204555,22.5350842],[113.9205172,22.5351313],[113.9205676,22.5351478],[113.9208552,22.5351536],[113.9210858,22.5351412]]}},{"type":"Feature","id":"osm_way_247364389","properties":{"subtype":"road","class":"service","subclass":null,"road_surface":null},"geometry":{"type":"LineString","coordinates":[[113.9232386,22.5321437],[113.9232974,22.5321441],[113.9233523,22.5321444],[113.9234113,22.5321449],[113.9234537,22.5321452],[113.9234591,22.5320164],[113.9235588,22.5320196]]}},{"type":"Feature","id":"osm_way_247364390","properties":{"subtype":"road","class":"residential","subclass":null,"road_surface":null},"geometry":{"type":"LineString","coordinates":[[113.9210858,22.5351412],[113.921443,22.5351292],[113.9217636,22.5351178],[113.9221561,22.5351054],[113.9227318,22.5350861],[113.9230199,22.5350845],[113.9230962,22.5350857],[113.9231707,22.5350868]]}},{"type":"Feature","id":"osm_way_247365591","properties":{"subtype":"road","class":"service","subclass":null,"road_surface":null},"geometry":{"type":"LineString","coordinates":[[113.9234113,22.5321449],[113.9234081,22.5324128]]}},{"type":"Feature","id":"osm_way_247366270","properties":{"subtype":"road","class":"pedestrian","subclass":null,"road_surface":null},"geometry":{"type":"LineString","coordinates":[[113.9238064,22.5323517],[113.924216,22.5323591],[113.9242209,22.5320857],[113.92381,22.5320831]]}},{"type":"Feature","id":"osm_way_247366272","properties":{"subtype":"road","class":"pedestrian","subclass":null,"road_surface":null},"geometry":{"type":"LineString","coordinates":[[113.9237874,22.5326934],[113.9237973,22.532607],[113.9238064,22.5323517],[113.92381,22.5320831],[113.9238103,22.5320112]]}},{"type":"Feature","id":"osm_way_249529376","properties":{"subtype":"road","class":"residential","subclass":null,"road_surface":null},"geometry":{"type":"LineString","coordinates":[[113.9208172,22.5188497],[113.9209035,22.5189508],[113.9212226,22.5193389]]}},{"type":"Feature","id":"osm_way_249529378","properties":{"subtype":"road","class":"steps","subclass":null,"road_surface":null},"geometry":{"type":"LineString","coordinates":[[113.9220722,22.5186263],[113.9221308,22.5187867]]}},{"type":"Feature","id":"osm_way_249529380","properties":{"subtype":"road","class":"service","subclass":null,"road_surface":null},"geometry":{"type":"LineString","coordinates":[[113.9231613,22.5197598],[113.9227536,22.5187179],[113.9227304,22.5184554],[113.9227473,22.518171],[113.9227527,22.5180796]]}},{"type":"Feature","id":"osm_way_249529382","properties":{"subtype":"road","class":"residential","subclass":null,"road_surface":null},"geometry":{"type":"LineString","coordinates":[[113.9223067,22.5189965],[113.9221433,22.5189937],[113.9220975,22.5189953],[113.922021,22.5190108],[113.9219496,22.5190297],[113.9216657,22.5191277],[113.9215463,22.5191689],[113.9214459,22.5192063],[113.9213331,22.5192662],[113.9212226,22.5193389],[113.9204,22.5199108]]}},{"type":"Feature","id":"osm_way_249529387","properties":{"subtype":"road","class":"service","subclass":null,"road_surface":null},"geometry":{"type":"LineString","coordinates":[[113.9220975,22.5189953],[113.9220865,22.5189083],[113.9219016,22.518426],[113.921784,22.5183842],[113.9212884,22.518732],[113.9209871,22.5189035],[113.9209035,22.5189508]]}},{"type":"Feature","id":"osm_way_255634810","properties":{"subtype":"road","class":"primary","subclass":null,"road_surface":null},"geometry":{"type":"LineString","coordinates":[[113.917474,22.5216285],[113.9176297,22.5222934],[113.9177603,22.5228581],[113.9180776,22.5242944],[113.9181174,22.5244789],[113.9182172,22.524941],[113.9183468,22.5254466],[113.9184455,22.5258525],[113.9185315,22.526206],[113.9186213,22.5265755],[113.9186642,22.526752],[113.9187005,22.5268826],[113.918726,22.5269867]]}},{"type":"Feature","id":"osm_way_255634820","properties":{"subtype":"road","class":"unclassified","subclass":null,"road_surface":null},"geometry":{"type":"LineString","coordinates":[[113.9175226,22.5195225],[113.917746,22.5197806],[113.9179521,22.5200188],[113.9182617,22.5203767],[113.9183065,22.5204284]]}},{"type":"Feature","id":"osm_way_255634822","properties":{"subtype":"road","class":"residential","subclass":null,"road_surface":null},"geometry":{"type":"LineString","coordinates":[[113.9213902,22.5209908],[113.9215733,22.5208537],[113.9216088,22.5208314],[113.9216468,22.5208152],[113.9221566,22.5205993],[113.9222231,22.5205063]]}},{"type":"Feature","id":"osm_way_255635884","properties":{"subtype":"road","class":"unclassified","subclass":null,"road_surface":null},"geometry":{"type":"LineString","coordinates":[[113.9231164,22.5178067],[113.92312245179453,22.517611847158804]]}},{"type":"Feature","id":"osm_way_255635888","properties":{"subtype":"road","class":"steps","subclass":null,"road_surface":null},"geometry":{"type":"LineString","coordinates":[[113.9224981,22.51817],[113.9226795,22.5181705]]}},{"type":"Feature","id":"osm_way_255635889","properties":{"subtype":"road","class":"service","subclass":null,"road_surface":null},"geometry":{"type":"LineString","coordinates":[[113.92728404225714,22.517611847158804],[113.927274,22.5176338],[113.9272392,22.5176735],[113.9271855,22.5176958],[113.9271158,22.5177007],[113.9244792,22.5176314],[113.9244014,22.517614],[113.92439740452527,22.517611847158804]]}},{"type":"Feature","id":"osm_way_255635890","properties":{"subtype":"road","class":"residential","subclass":null,"road_surface":null},"geometry":{"type":"LineString","coordinates":[[113.9205737,22.5214363],[113.919619,22.5209787]]}},{"type":"Feature","id":"osm_way_255635891","properties":{"subtype":"road","class":"steps","subclass":null,"road_surface":null},"geometry":{"type":"LineString","coordinates":[[113.9215358,22.5180153],[113.921432,22.5180839]]}},{"type":"Feature","id":"osm_way_255635892","properties":{"subtype":"road","class":"service","subclass":null,"road_surface":null},"geometry":{"type":"LineString","coordinates":[[113.9201327,22.5223203],[113.9188824,22.5217106]]}},{"type":"Feature","id":"osm_way_255636556","properties":{"subtype":"road","class":"service","subclass":null,"road_surface":null},"geometry":{"type":"LineString","coordinates":[[113.9261546,22.5344533],[113.9263544,22.5348504],[113.9263717,22.5349163],[113.92637,22.5349765],[113.9263521,22.5350298],[113.9263255,22.5350731],[113.9262926,22.5351073],[113.9262475,22.5351391],[113.9261895,22.5351617],[113.9261207,22.5351689],[113.9258241,22.5351639]]}},{"type":"Feature","id":"osm_way_255636557","properties":{"subtype":"road","class":"secondary_link","subclass":null,"road_surface":null},"geometry":{"type":"LineString","coordinates":[[113.92663314844694,22.535578152841197],[113.9265976,22.5355624],[113.9265393,22.5355443],[113.9264596,22.5355248],[113.9263723,22.535514]]}},{"type":"Feature","id":"osm_way_255636558","properties":{"subtype":"road","class":"service","subclass":null,"road_surface":null},"geometry":{"type":"LineString","coordinates":[[113.9254444,22.5350755],[113.9248815,22.5350645],[113.9248013,22.5350629]]}},{"type":"Feature","id":"osm_way_255636559","properties":{"subtype":"road","class":"secondary_link","subclass":null,"road_surface":null},"geometry":{"type":"LineString","coordinates":[[113.9263056,22.5354098],[113.926396,22.5353953],[113.9264631,22.5353781],[113.9265264,22.5353504],[113.9265808,22.5353087],[113.9266042,22.5352784],[113.9266267,22.5352493],[113.9266642,22.53517],[113.9266777,22.5351199],[113.9266828,22.5350644],[113.9266791,22.5349855]]}},{"type":"Feature","id":"osm_way_255636560","properties":{"subtype":"road","class":"footway","subclass":null,"road_surface":null},"geometry":{"type":"LineString","coordinates":[[113.9230191,22.5268142],[113.923023,22.5267898],[113.9230301,22.5267719],[113.9230424,22.5267539],[113.9230513,22.5267408],[113.9230863,22.5267166],[113.9231216,22.5266974],[113.9231626,22.5266863],[113.9232237,22.526679],[113.9232513,22.5266803],[113.9232955,22.5266983],[113.9233611,22.5267384],[113.9234694,22.5268137],[113.9237437,22.5271047],[113.9239623,22.5273223],[113.9240672,22.527462],[113.9240845,22.5275135],[113.924099,22.5277076],[113.9240929,22.5278878],[113.9241121,22.529436],[113.9240756,22.5294786],[113.9240396,22.5295035],[113.9239564,22.529525],[113.9237056,22.5295718],[113.9233647,22.5296319],[113.9232877,22.5295599],[113.9232476,22.5291295],[113.9232295,22.5289223],[113.9231812,22.5283706],[113.9231333,22.5278234],[113.9231285,22.5277692],[113.9230191,22.5268142]]}},{"type":"Feature","id":"osm_way_256666741","properties":{"subtype":"road","class":"service","subclass":null,"road_surface":null},"geometry":{"type":"LineString","coordinates":[[113.912777,22.5253786],[113.9119226,22.5250685]]}},{"type":"Feature","id":"osm_way_256666743","properties":{"subtype":"road","class":"service","subclass":null,"road_surface":null},"geometry":{"type":"LineString","coordinates":[[113.9142403,22.5244536],[113.9143422,22.5263453],[113.9142564,22.5263948],[113.9127914,22.5258782],[113.9126999,22.5258469],[113.9117264,22.5255359]]}},{"type":"Feature","id":"osm_way_256666746","properties":{"subtype":"road","class":"residential","subclass":null,"road_surface":null},"geometry":{"type":"LineString","coordinates":[[113.9126736,22.5261345],[113.9127553,22.5259568],[113.9127914,22.5258782]]}},{"type":"Feature","id":"osm_way_256666748","properties":{"subtype":"road","class":"footway","subclass":null,"road_surface":null},"geometry":{"type":"LineString","coordinates":[[113.9113167,22.5245664],[113.9109358,22.5245466],[113.9105174,22.5245367],[113.9102492,22.5245862]]}},{"type":"Feature","id":"osm_way_256666752","properties":{"subtype":"road","class":"residential","subclass":null,"road_surface":null},"geometry":{"type":"LineString","coordinates":[[113.9119565,22.524583],[113.9113167,22.5245664]]}},{"type":"Feature","id":"osm_way_256666753","properties":{"subtype":"road","class":"service","subclass":null,"road_surface":null},"geometry":{"type":"LineString","coordinates":[[113.9101794,22.5241254],[113.91006483456792,22.523425013564548]]}},{"type":"Feature","id":"osm_way_256666754","properties":{"subtype":"road","class":"service","subclass":null,"road_surface":null},"geometry":{"type":"LineString","coordinates":[[113.9127738,22.5257234],[113.912777,22.5253786],[113.9127817,22.5248724],[113.9127857,22.5244422],[113.9134337,22.5244473],[113.9142403,22.5244536],[113.9144283,22.5244551]]}},{"type":"Feature","id":"osm_way_256666755","properties":{"subtype":"road","class":"residential","subclass":null,"road_surface":null},"geometry":{"type":"LineString","coordinates":[[113.9111627,22.5257783],[113.911162,22.5256388],[113.9111616,22.5255575],[113.9111611,22.5252056],[113.9112523,22.5252056],[113.9113167,22.5245664]]}},{"type":"Feature","id":"osm_way_256666758","properties":{"subtype":"road","class":"residential","subclass":null,"road_surface":null},"geometry":{"type":"LineString","coordinates":[[113.9101794,22.5241254],[113.9102492,22.5245862],[113.9103404,22.5249975],[113.9103833,22.5250966],[113.9104721,22.5251623],[113.9105871,22.5251858],[113.9111611,22.5252056]]}},{"type":"Feature","id":"osm_way_262919483","properties":{"subtype":"road","class":"service","subclass":null,"road_surface":null},"geometry":{"type":"LineString","coordinates":[[113.9245117,22.5340425],[113.9249593,22.5340497]]}},{"type":"Feature","id":"osm_way_262919485","properties":{"subtype":"road","class":"service","subclass":null,"road_surface":null},"geometry":{"type":"LineString","coordinates":[[113.9248269,22.5335127],[113.9248242,22.5335598],[113.9248481,22.5336141],[113.924959,22.5337896],[113.9253875,22.5345061],[113.9253977,22.5345409],[113.9253943,22.5345858]]}},{"type":"Feature","id":"osm_way_262919486","properties":{"subtype":"road","class":"service","subclass":null,"road_surface":null},"geometry":{"type":"LineString","coordinates":[[113.9260574,22.5342698],[113.9260365,22.5343573],[113.9260071,22.5344639],[113.9259776,22.5345358],[113.9257719,22.5350351]]}},{"type":"Feature","id":"osm_way_262919487","properties":{"subtype":"road","class":"service","subclass":null,"road_surface":null},"geometry":{"type":"LineString","coordinates":[[113.9256525,22.5335054],[113.924959,22.5337896]]}},{"type":"Feature","id":"osm_way_262919489","properties":{"subtype":"road","class":"service","subclass":null,"road_surface":null},"geometry":{"type":"LineString","coordinates":[[113.9257641,22.5351872],[113.9257966,22.5351812],[113.9258241,22.5351639],[113.9258354,22.5351502],[113.9258462,22.5351224],[113.9258463,22.5351001],[113.925837,22.5350744],[113.9258222,22.5350564],[113.9258002,22.5350423],[113.9257719,22.5350351],[113.9257468,22.5350366],[113.9257319,22.5350414],[113.9257294,22.5350422],[113.9257087,22.535055],[113.9256901,22.5350785],[113.9256828,22.5351017],[113.9256852,22.5351315],[113.9256976,22.5351555],[113.9257157,22.5351723],[113.9257442,22.5351848],[113.9257641,22.5351872]]}},{"type":"Feature","id":"osm_way_262919490","properties":{"subtype":"road","class":"service","subclass":null,"road_surface":null},"geometry":{"type":"LineString","coordinates":[[113.9242678,22.5327094],[113.9245099,22.5331127],[113.9245594,22.5331952],[113.9250152,22.5339544],[113.9253943,22.5345858],[113.9256901,22.5350785]]}},{"type":"Feature","id":"osm_way_262919491","properties":{"subtype":"road","class":"service","subclass":null,"road_surface":null},"geometry":{"type":"LineString","coordinates":[[113.9257157,22.5351723],[113.924881,22.5351494],[113.9248058,22.5351452]]}},{"type":"Feature","id":"osm_way_262920092","properties":{"subtype":"road","class":"footway","subclass":null,"road_surface":null},"geometry":{"type":"LineString","coordinates":[[113.9257824,22.5334498],[113.9256883,22.5335729]]}},{"type":"Feature","id":"osm_way_262920093","properties":{"subtype":"road","class":"footway","subclass":null,"road_surface":null},"geometry":{"type":"LineString","coordinates":[[113.9258912,22.5336751],[113.9257353,22.5336616]]}},{"type":"Feature","id":"osm_way_263067422","properties":{"subtype":"road","class":"service","subclass":"parking_aisle","road_surface":null},"geometry":{"type":"LineString","coordinates":[[113.9241233,22.5327046],[113.9241204,22.5329633],[113.9243064,22.5329684],[113.9243036,22.5331094],[113.9243001,22.5332209],[113.9240092,22.533216]]}},{"type":"Feature","id":"osm_way_263067431","properties":{"subtype":"road","class":"service","subclass":"parking_aisle","road_surface":null},"geometry":{"type":"LineString","coordinates":[[113.9243036,22.5331094],[113.9245099,22.5331127]]}},{"type":"Feature","id":"osm_way_263067450","properties":{"subtype":"road","class":"service","subclass":null,"road_surface":null},"geometry":{"type":"LineString","coordinates":[[113.9212853,22.5326236],[113.9210627,22.5334637]]}},{"type":"Feature","id":"osm_way_263068088","properties":{"subtype":"road","class":"pedestrian","subclass":null,"road_surface":null},"geometry":{"type":"LineString","coordinates":[[113.9250925,22.5333206],[113.9252113,22.5333622],[113.9252686,22.5333823],[113.9252991,22.5333997],[113.9253213,22.5334241],[113.9253367,22.5334632],[113.9253376,22.5334992],[113.9253246,22.5335471],[113.9253025,22.5335951],[113.925283,22.5336524],[113.9252816,22.5336903],[113.9252944,22.5337214],[113.9253193,22.5337474],[113.9253535,22.5337611],[113.9254259,22.533771],[113.9255063,22.5337908],[113.9255493,22.5338255],[113.9255734,22.5338775],[113.9255734,22.533932],[113.9255519,22.533989],[113.9255363,22.5340257],[113.9255258,22.53407],[113.925537,22.5341066],[113.9255575,22.534136],[113.9255884,22.5341544],[113.925626,22.5341657],[113.925668,22.5341715],[113.9257297,22.5341814],[113.9257726,22.5342062],[113.9257941,22.5342508],[113.9257941,22.5342979],[113.9257806,22.5343474],[113.9257377,22.534397],[113.9255653,22.5345253],[113.9255358,22.5345476],[113.925509,22.5345873],[113.9255063,22.534622],[113.925517,22.5346641],[113.9257319,22.5350414]]}},{"type":"Feature","id":"osm_way_264651807","properties":{"subtype":"road","class":"primary_link","subclass":null,"road_surface":null},"geometry":{"type":"LineString","coordinates":[[113.9275984,22.5185961],[113.9275289,22.5183127],[113.9275089,22.5182427],[113.9274802,22.5181913],[113.9274476,22.5181516],[113.9274009,22.5181228],[113.9273591,22.5180971],[113.9271793,22.5180027]]}},{"type":"Feature","id":"osm_way_264651812","properties":{"subtype":"road","class":"primary_link","subclass":null,"road_surface":null},"geometry":{"type":"LineString","coordinates":[[113.92778166257065,22.517611847158804],[113.927817,22.5176569],[113.9278594,22.5176969],[113.9279166,22.517726],[113.9280001,22.5177502],[113.9281627,22.5177577]]}},{"type":"Feature","id":"osm_way_264651818","properties":{"subtype":"road","class":"primary_link","subclass":null,"road_surface":null},"geometry":{"type":"LineString","coordinates":[[113.9270945,22.5178845],[113.9272344,22.5178334],[113.9273125,22.5177943],[113.9273734,22.5177486],[113.9274266,22.517683],[113.9274705,22.5176139],[113.92747200250504,22.517611847158804]]}},{"type":"Feature","id":"osm_way_264651827","properties":{"subtype":"road","class":"primary_link","subclass":null,"road_surface":null},"geometry":{"type":"LineString","coordinates":[[113.9281827,22.5178687],[113.9280154,22.5179625],[113.9279356,22.5180362],[113.9278875,22.518094],[113.9278258,22.5181987],[113.9277573,22.5183913]]}},{"type":"Feature","id":"osm_way_328427341","properties":{"subtype":"road","class":"secondary","subclass":null,"road_surface":null},"geometry":{"type":"LineString","coordinates":[[113.9270945,22.5178845],[113.924939,22.5178426],[113.9247356,22.5178386],[113.924184,22.5178279],[113.9231164,22.5178067],[113.922347,22.5177914],[113.9221731,22.5177879],[113.9220025,22.5178577]]}},{"type":"Feature","id":"osm_way_329087013","properties":{"subtype":"road","class":"primary","subclass":null,"road_surface":null},"geometry":{"type":"LineString","coordinates":[[113.9238603,22.5261511],[113.9233313,22.5261727],[113.9231586,22.5261781],[113.9229037,22.5262098],[113.9225556,22.5262482]]}},{"type":"Feature","id":"osm_way_330461433","properties":{"subtype":"road","class":"primary","subclass":null,"road_surface":null},"geometry":{"type":"LineString","coordinates":[[113.9101001,22.5256549],[113.910509,22.525698],[113.9109007,22.5257393],[113.9110904,22.5257661],[113.9111627,22.5257783],[113.9112517,22.5257934],[113.911451,22.5258313],[113.9116197,22.5258655],[113.9119064,22.5259235],[113.9120305,22.5259516],[113.9121572,22.5259847],[113.9123059,22.5260245],[113.9124751,22.5260751],[113.9126736,22.5261345],[113.9128543,22.5261925],[113.9130826,22.5262662],[113.9133297,22.5263521],[113.9140424,22.5266081],[113.9143832,22.526732],[113.9144358,22.5267507],[113.9145409,22.5267873],[113.9146599,22.526827],[113.914819,22.5268799],[113.9148713,22.5268974],[113.9149812,22.5269337],[113.9156019,22.5271346],[113.915794,22.5271929],[113.9158877,22.5272153],[113.9159224,22.5272236],[113.9160871,22.5272593],[113.9162563,22.5272863],[113.9164223,22.5273085],[113.9165658,22.5273199],[113.9167008,22.5273239],[113.9168283,22.527323],[113.9169309,22.5273168],[113.9169503,22.5273157],[113.9171461,22.5273042],[113.9173865,22.527279],[113.9175866,22.5272471],[113.9177629,22.5272133],[113.9179165,22.5271802],[113.9180597,22.5271462],[113.9184637,22.5270503],[113.9185765,22.5270228]]}},{"type":"Feature","id":"osm_way_361656488","properties":{"subtype":"road","class":"footway","subclass":null,"road_surface":null},"geometry":{"type":"LineString","coordinates":[[113.91013504982067,22.535578152841197],[113.9101378,22.5354236],[113.91006483456792,22.53542252588958]]}},{"type":"Feature","id":"osm_way_361656489","properties":{"subtype":"road","class":"footway","subclass":null,"road_surface":null},"geometry":{"type":"LineString","coordinates":[[113.91006483456792,22.535067953412586],[113.9101609,22.5350691],[113.9101665,22.5346675]]}},{"type":"Feature","id":"osm_way_361656490","properties":{"subtype":"road","class":"footway","subclass":null,"road_surface":null},"geometry":{"type":"LineString","coordinates":[[113.91006483456792,22.535237229545416],[113.9100907,22.5352379],[113.9102372,22.5352432],[113.9103836,22.5352502],[113.91053,22.5352587]]}},{"type":"Feature","id":"osm_way_361656491","properties":{"subtype":"road","class":"footway","subclass":null,"road_surface":null},"geometry":{"type":"LineString","coordinates":[[113.91052343230179,22.535578152841197],[113.91053,22.5352587],[113.910532,22.5350107],[113.9109581,22.5350409]]}},{"type":"Feature","id":"osm_way_398284100","properties":{"subtype":"road","class":"footway","subclass":null,"road_surface":null},"geometry":{"type":"LineString","coordinates":[[113.9276165,22.5177758],[113.927556,22.5177804],[113.927413,22.5177883],[113.9274155,22.5178786],[113.9274165,22.5180031],[113.9274173,22.5181065],[113.9275711,22.5181089],[113.927659,22.5181085],[113.9277468,22.5180795],[113.9278267,22.5180459],[113.9278312,22.5179637],[113.9278307,22.5178406],[113.9278301,22.5177309],[113.9277355,22.5177514],[113.9276165,22.5177758]]}},{"type":"Feature","id":"osm_way_398284101","properties":{"subtype":"road","class":"footway","subclass":null,"road_surface":null},"geometry":{"type":"LineString","coordinates":[[113.927413,22.5177883],[113.9273734,22.5177486],[113.9273336,22.5177114]]}},{"type":"Feature","id":"osm_way_398284103","properties":{"subtype":"road","class":"footway","subclass":null,"road_surface":null},"geometry":{"type":"LineString","coordinates":[[113.9274173,22.5181065],[113.9274009,22.5181228],[113.927356,22.5181678]]}},{"type":"Feature","id":"osm_way_398284105","properties":{"subtype":"road","class":"footway","subclass":null,"road_surface":null},"geometry":{"type":"LineString","coordinates":[[113.9278267,22.5180459],[113.9278875,22.518094],[113.9279278,22.5181259],[113.9280157,22.5181954]]}},{"type":"Feature","id":"osm_way_398284107","properties":{"subtype":"road","class":"footway","subclass":null,"road_surface":null},"geometry":{"type":"LineString","coordinates":[[113.9278301,22.5177309],[113.9278594,22.5176969],[113.9279183,22.5176287]]}},{"type":"Feature","id":"osm_way_403142812","properties":{"subtype":"road","class":"secondary","subclass":null,"road_surface":null},"geometry":{"type":"LineString","coordinates":[[113.9199904,22.5353303],[113.9203088,22.5353231],[113.9205486,22.5353176],[113.9207254,22.5353135],[113.9209898,22.5353123],[113.9229078,22.5353527],[113.9230049,22.5353541],[113.9231558,22.5353562]]}},{"type":"Feature","id":"osm_way_403142813","properties":{"subtype":"road","class":"secondary","subclass":null,"road_surface":null},"geometry":{"type":"LineString","coordinates":[[113.9269799,22.5348741],[113.9270321,22.5350097],[113.9270612,22.5350929],[113.9270788,22.5351582],[113.9270935,22.5352273]]}},{"type":"Feature","id":"osm_way_479220067","properties":{"subtype":"road","class":"service","subclass":null,"road_surface":null},"geometry":{"type":"LineString","coordinates":[[113.9259085,22.5314833],[113.9262183,22.5312932]]}},{"type":"Feature","id":"osm_way_479220068","properties":{"subtype":"road","class":"service","subclass":null,"road_surface":null},"geometry":{"type":"LineString","coordinates":[[113.9262183,22.5312932],[113.926295,22.5312481],[113.9263572,22.5309396],[113.9263655,22.5308985]]}},{"type":"Feature","id":"osm_way_488453361","properties":{"subtype":"road","class":"unclassified","subclass":null,"road_surface":null},"geometry":{"type":"LineString","coordinates":[[113.9295151654321,22.53097774465388],[113.9293656,22.5309465],[113.9288577,22.5308533],[113.9283356,22.5307682],[113.9281747,22.5307533],[113.9281171,22.5307554],[113.9280718,22.530759],[113.9279467,22.5307905],[113.9276535,22.5308852]]}},{"type":"Feature","id":"osm_way_527902556","properties":{"subtype":"road","class":"service","subclass":null,"road_surface":null},"geometry":{"type":"LineString","coordinates":[[113.9227514,22.5321762],[113.9230453,22.5321819]]}},{"type":"Feature","id":"osm_way_527902557","properties":{"subtype":"road","class":"service","subclass":null,"road_surface":null},"geometry":{"type":"LineString","coordinates":[[113.9221495,22.5323822],[113.9220883,22.5321692],[113.9220117,22.5320891],[113.9219657,22.5320041],[113.9219024,22.5318634],[113.9218536,22.5317705],[113.9218536,22.5316112],[113.9218708,22.5315713],[113.9219024,22.5315501],[113.9227693,22.5315651],[113.9230572,22.5315713]]}},{"type":"Feature","id":"osm_way_527902558","properties":{"subtype":"road","class":"service","subclass":null,"road_surface":null},"geometry":{"type":"LineString","coordinates":[[113.9219657,22.5320041],[113.9224457,22.5320068]]}},{"type":"Feature","id":"osm_way_527902561","properties":{"subtype":"road","class":"service","subclass":null,"road_surface":null},"geometry":{"type":"LineString","coordinates":[[113.9227633,22.53177],[113.9230532,22.5317769]]}},{"type":"Feature","id":"osm_way_527902562","properties":{"subtype":"road","class":"service","subclass":null,"road_surface":null},"geometry":{"type":"LineString","coordinates":[[113.921278,22.5312784],[113.921272,22.5315725],[113.9212661,22.5318614]]}},{"type":"Feature","id":"osm_way_527902567","properties":{"subtype":"road","class":"service","subclass":null,"road_surface":null},"geometry":{"type":"LineString","coordinates":[[113.9197856,22.5319855],[113.9198975,22.531987],[113.9200393,22.5319889],[113.9207008,22.5319978],[113.9207122,22.5312685]]}},{"type":"Feature","id":"osm_way_527902569","properties":{"subtype":"road","class":"service","subclass":"parking_aisle","road_surface":null},"geometry":{"type":"LineString","coordinates":[[113.9200393,22.5319889],[113.9200371,22.5319775],[113.9199127,22.5313166],[113.9199006,22.5312545]]}},{"type":"Feature","id":"osm_way_527902582","properties":{"subtype":"road","class":"service","subclass":null,"road_surface":null},"geometry":{"type":"LineString","coordinates":[[113.9206039,22.5297852],[113.9205966,22.5297188],[113.920593,22.5296881],[113.9205366,22.5292025],[113.9204621,22.5285612]]}},{"type":"Feature","id":"osm_way_527902584","properties":{"subtype":"road","class":"service","subclass":null,"road_surface":null},"geometry":{"type":"LineString","coordinates":[[113.9205366,22.5292025],[113.9202993,22.5292068],[113.9202546,22.5292273],[113.9201407,22.5292794],[113.9200852,22.5292908],[113.9199373,22.5292931],[113.9198943,22.5292937],[113.9198382,22.5292953]]}},{"type":"Feature","id":"osm_way_527902586","properties":{"subtype":"road","class":"service","subclass":null,"road_surface":null},"geometry":{"type":"LineString","coordinates":[[113.920593,22.5296881],[113.920079,22.5297148],[113.9200313,22.529712],[113.9199928,22.5296963],[113.9199789,22.5296707],[113.9199373,22.5292931]]}},{"type":"Feature","id":"osm_way_527902588","properties":{"subtype":"road","class":"service","subclass":"parking_aisle","road_surface":null},"geometry":{"type":"LineString","coordinates":[[113.920839,22.5301194],[113.9199037,22.5303154],[113.9198272,22.530319],[113.9197625,22.5303079],[113.9197086,22.5302854],[113.9196647,22.5302488],[113.9196322,22.5302033],[113.9196115,22.5301531],[113.9194155,22.529311]]}},{"type":"Feature","id":"osm_way_527902589","properties":{"subtype":"road","class":"service","subclass":null,"road_surface":null},"geometry":{"type":"LineString","coordinates":[[113.9190791,22.5285624],[113.9192638,22.5285241],[113.9193175,22.528512],[113.9196818,22.5284345],[113.9195977,22.5280247],[113.9201194,22.5279265]]}},{"type":"Feature","id":"osm_way_527902590","properties":{"subtype":"road","class":"service","subclass":null,"road_surface":null},"geometry":{"type":"LineString","coordinates":[[113.9192638,22.5285241],[113.9190947,22.5278159],[113.919082,22.52777]]}},{"type":"Feature","id":"osm_way_527902591","properties":{"subtype":"road","class":"residential","subclass":null,"road_surface":null},"geometry":{"type":"LineString","coordinates":[[113.9189046,22.5277984],[113.919082,22.52777],[113.919687,22.5276432]]}},{"type":"Feature","id":"osm_way_527902597","properties":{"subtype":"road","class":"service","subclass":null,"road_surface":null},"geometry":{"type":"LineString","coordinates":[[113.9231573,22.5287438],[113.923102,22.5287489],[113.9230547,22.5287535],[113.9230085,22.5287578],[113.9226167,22.5287945],[113.922212,22.5288317],[113.922169,22.5287918],[113.9220095,22.5280902],[113.9219435,22.5277999],[113.9225072,22.5277477],[113.9229069,22.5277132],[113.9229608,22.527709],[113.9230628,22.5276997]]}},{"type":"Feature","id":"osm_way_527902598","properties":{"subtype":"road","class":"service","subclass":"parking_aisle","road_surface":null},"geometry":{"type":"LineString","coordinates":[[113.9226167,22.5287945],[113.9225072,22.5277477]]}},{"type":"Feature","id":"osm_way_527902599","properties":{"subtype":"road","class":"footway","subclass":null,"road_surface":null},"geometry":{"type":"LineString","coordinates":[[113.9213548,22.5285041],[113.9213878,22.5286833],[113.9214144,22.528828],[113.9214308,22.5289169],[113.9214873,22.5292245],[113.9215215,22.5294589],[113.9215288,22.5295089],[113.9215323,22.5295941]]}},{"type":"Feature","id":"osm_way_527902600","properties":{"subtype":"road","class":"footway","subclass":null,"road_surface":null},"geometry":{"type":"LineString","coordinates":[[113.9215314,22.5297846],[113.9215322,22.5299776],[113.9214971,22.5299852]]}},{"type":"Feature","id":"osm_way_527902601","properties":{"subtype":"road","class":"footway","subclass":null,"road_surface":null},"geometry":{"type":"LineString","coordinates":[[113.9214144,22.528828],[113.920673,22.5289175],[113.9206552,22.5289076],[113.9206368,22.5287914],[113.9206525,22.5287727],[113.9213878,22.5286833],[113.921862,22.5286249],[113.9218905,22.528639],[113.9219379,22.5288387],[113.921922,22.5288539],[113.9214308,22.5289169]]}},{"type":"Feature","id":"osm_way_527902602","properties":{"subtype":"road","class":"steps","subclass":null,"road_surface":null},"geometry":{"type":"LineString","coordinates":[[113.9213548,22.5285041],[113.9213455,22.5284391]]}},{"type":"Feature","id":"osm_way_527902603","properties":{"subtype":"road","class":"footway","subclass":null,"road_surface":null},"geometry":{"type":"LineString","coordinates":[[113.9214873,22.5292245],[113.9218622,22.5291777]]}},{"type":"Feature","id":"osm_way_527902606","properties":{"subtype":"road","class":"service","subclass":null,"road_surface":null},"geometry":{"type":"LineString","coordinates":[[113.9213455,22.5284391],[113.9213374,22.5283931],[113.9213126,22.5282427]]}},{"type":"Feature","id":"osm_way_533894244","properties":{"subtype":"road","class":"primary_link","subclass":null,"road_surface":null},"geometry":{"type":"LineString","coordinates":[[113.9287216,22.5239989],[113.9287347,22.5240872],[113.9287344,22.5241257],[113.9287267,22.5241565],[113.9287002,22.5241974],[113.9286516,22.5242284],[113.9286073,22.5242375],[113.9285577,22.5242408],[113.9285181,22.5242306],[113.9284879,22.5242077],[113.9284618,22.524172],[113.9284416,22.5241208],[113.928414,22.5240467]]}},{"type":"Feature","id":"osm_way_533894245","properties":{"subtype":"road","class":"steps","subclass":null,"road_surface":null},"geometry":{"type":"LineString","coordinates":[[113.9295151654321,22.525301238888904],[113.9294994,22.5253509],[113.9294904,22.5254037],[113.9294917,22.5254559],[113.9295041,22.5255079],[113.9295151654321,22.525541634614598]]}},{"type":"Feature","id":"osm_way_533894246","properties":{"subtype":"road","class":"footway","subclass":null,"road_surface":null},"geometry":{"type":"LineString","coordinates":[[113.928979,22.5240719],[113.9289441,22.5241041],[113.9289012,22.5241512],[113.9288663,22.5242032],[113.9288449,22.5242503],[113.9288315,22.524312],[113.9288261,22.5243717],[113.9288342,22.5244212],[113.9288637,22.5245201],[113.9291319,22.5250926],[113.9291667,22.5251444],[113.929215,22.525189],[113.9292714,22.5252188],[113.9293465,22.5252485],[113.9295151654321,22.52530042778253]]}},{"type":"Feature","id":"osm_way_533894247","properties":{"subtype":"road","class":"primary_link","subclass":null,"road_surface":null},"geometry":{"type":"LineString","coordinates":[[113.9289171,22.5254293],[113.9289273,22.5253906],[113.9289491,22.5253527],[113.9289805,22.5253255],[113.9290195,22.5253016],[113.9290647,22.5252854],[113.9291042,22.5252809],[113.9291478,22.5252837],[113.9291832,22.5252927],[113.9292131,22.5253124],[113.9292367,22.5253364],[113.9292563,22.525368],[113.9293704,22.5256068]]}},{"type":"Feature","id":"osm_way_533964501","properties":{"subtype":"road","class":"footway","subclass":null,"road_surface":null},"geometry":{"type":"LineString","coordinates":[[113.9241914,22.5301221],[113.9246706,22.530043]]}},{"type":"Feature","id":"osm_way_533964502","properties":{"subtype":"road","class":"steps","subclass":null,"road_surface":null},"geometry":{"type":"LineString","coordinates":[[113.9246706,22.530043],[113.9246313,22.5298012]]}},{"type":"Feature","id":"osm_way_533964507","properties":{"subtype":"road","class":"footway","subclass":null,"road_surface":null},"geometry":{"type":"LineString","coordinates":[[113.9202546,22.5292273],[113.9202404,22.528669]]}},{"type":"Feature","id":"osm_way_533967338","properties":{"subtype":"road","class":"primary_link","subclass":null,"road_surface":null},"geometry":{"type":"LineString","coordinates":[[113.9204736,22.5354259],[113.920286,22.5355094],[113.9202238,22.5355416],[113.9201587399158,22.535578152841197]]}},{"type":"Feature","id":"osm_way_533967344","properties":{"subtype":"road","class":"steps","subclass":null,"road_surface":null},"geometry":{"type":"LineString","coordinates":[[113.9248817,22.5262156],[113.9248337,22.5262884],[113.9248016,22.526363],[113.9247823,22.5264302],[113.9247718,22.5265031]]}},{"type":"Feature","id":"osm_way_533967346","properties":{"subtype":"road","class":"footway","subclass":null,"road_surface":null},"geometry":{"type":"LineString","coordinates":[[113.9248606,22.5249309],[113.9247855,22.5250003],[113.9247534,22.5250622],[113.9247373,22.5251366],[113.9247265,22.5252629],[113.9247158,22.526026],[113.9247426,22.5261078],[113.9247829,22.5261549],[113.9248283,22.5261843],[113.9248817,22.5262156]]}},{"type":"Feature","id":"osm_way_533967348","properties":{"subtype":"road","class":"footway","subclass":null,"road_surface":null},"geometry":{"type":"LineString","coordinates":[[113.9232285,22.5216614],[113.9237162,22.5215092],[113.9239574,22.521434]]}},{"type":"Feature","id":"osm_way_533976900","properties":{"subtype":"road","class":"secondary_link","subclass":null,"road_surface":null},"geometry":{"type":"LineString","coordinates":[[113.927039,22.5353548],[113.9270188,22.5353652],[113.9269875,22.5353701],[113.9268897,22.5353694],[113.9268618,22.5353631],[113.9268392,22.5353536]]}},{"type":"Feature","id":"osm_way_533976901","properties":{"subtype":"road","class":"secondary_link","subclass":null,"road_surface":null},"geometry":{"type":"LineString","coordinates":[[113.91400103184894,22.535578152841197],[113.913957,22.5355588]]}},{"type":"Feature","id":"osm_way_533976903","properties":{"subtype":"road","class":"secondary_link","subclass":null,"road_surface":null},"geometry":{"type":"LineString","coordinates":[[113.9138961,22.5354401],[113.9140083,22.5354216],[113.9140897,22.535389],[113.9141344,22.5353497],[113.914168,22.5352975],[113.9141853,22.5352407],[113.9141832,22.5351402]]}},{"type":"Feature","id":"osm_way_533976904","properties":{"subtype":"road","class":"secondary_link","subclass":null,"road_surface":null},"geometry":{"type":"LineString","coordinates":[[113.91426,22.5351289],[113.9143437,22.5352764],[113.914397,22.5353396],[113.9144621,22.5353926],[113.9145367,22.5354336],[113.9146182,22.5354611],[113.9147039,22.5354742]]}},{"type":"Feature","id":"osm_way_533976905","properties":{"subtype":"road","class":"secondary_link","subclass":null,"road_surface":null},"geometry":{"type":"LineString","coordinates":[[113.9109634,22.5353501],[113.9107501,22.5353961],[113.910654,22.5354233],[113.9105747,22.5354629],[113.9105035,22.5355248],[113.9104674,22.5355768],[113.91046680128309,22.535578152841197]]}},{"type":"Feature","id":"osm_way_533976906","properties":{"subtype":"road","class":"secondary_link","subclass":null,"road_surface":null},"geometry":{"type":"LineString","coordinates":[[113.91018862047292,22.535578152841197],[113.9101853,22.5355619],[113.9101613,22.5355015],[113.9101007,22.5354417],[113.91006483456792,22.53541642135209]]}},{"type":"Feature","id":"osm_way_533976907","properties":{"subtype":"road","class":"secondary_link","subclass":null,"road_surface":null},"geometry":{"type":"LineString","coordinates":[[113.9104171,22.5346039],[113.9104613,22.5347023],[113.9104853,22.534794],[113.9105369,22.5349323],[113.9106046,22.5350243],[113.9106707,22.5350848],[113.9107325,22.5351282],[113.9108117,22.5351644],[113.911004,22.5352323]]}},{"type":"Feature","id":"osm_way_533976908","properties":{"subtype":"road","class":"secondary_link","subclass":null,"road_surface":null},"geometry":{"type":"LineString","coordinates":[[113.91006483456792,22.535064146613216],[113.9100958,22.5350459],[113.9101585,22.5349882],[113.9102179,22.534912],[113.9102523,22.5348465],[113.9102802,22.5347616]]}},{"type":"Feature","id":"osm_way_533980773","properties":{"subtype":"road","class":"primary_link","subclass":null,"road_surface":null},"geometry":{"type":"LineString","coordinates":[[113.9221297,22.5184364],[113.9220734,22.5183252],[113.9220289,22.5182664],[113.9219661,22.5182227],[113.9219032,22.5182027],[113.9218268,22.5182001],[113.9217159,22.5182145]]}},{"type":"Feature","id":"osm_way_533980774","properties":{"subtype":"road","class":"primary_link","subclass":null,"road_surface":null},"geometry":{"type":"LineString","coordinates":[[113.9217324,22.5180284],[113.9218106,22.5179308],[113.9218622,22.5178379],[113.9218917,22.5177753],[113.9219137,22.5177011],[113.9219329,22.5176252],[113.92193462126468,22.517611847158804]]}},{"type":"Feature","id":"osm_way_558786346","properties":{"subtype":"road","class":"residential","subclass":null,"road_surface":null},"geometry":{"type":"LineString","coordinates":[[113.9280488,22.5225207],[113.9279826,22.5224575],[113.9279571,22.5224293],[113.9279326,22.5223718],[113.9278257,22.5220561],[113.9278022,22.5219716],[113.9277784,22.5218753],[113.9277535,22.5217574],[113.9277304,22.5216232],[113.9276952,22.5214126],[113.9276825,22.5213289],[113.9276542,22.5210797],[113.9276454,22.5209784],[113.9276225,22.5206093],[113.9276156,22.5204272],[113.9275974,22.5199473],[113.9275902,22.5199025],[113.9275722,22.5198401]]}},{"type":"Feature","id":"osm_way_558786347","properties":{"subtype":"road","class":"primary_link","subclass":null,"road_surface":null},"geometry":{"type":"LineString","coordinates":[[113.9276882,22.520155],[113.9276678,22.5200307],[113.9276453,22.5199553],[113.9276262,22.5199119],[113.9276037,22.519876],[113.9275722,22.5198401],[113.9275596,22.5198272],[113.9275338,22.5198008],[113.9274739,22.519763],[113.9274221,22.5197373],[113.9272972,22.5197063]]}},{"type":"Feature","id":"osm_way_558786348","properties":{"subtype":"road","class":"primary_link","subclass":null,"road_surface":null},"geometry":{"type":"LineString","coordinates":[[113.9277937,22.5192955],[113.9278463,22.5194377],[113.9278739,22.5194818],[113.9279015,22.5195212],[113.9279349,22.5195486],[113.9279468,22.5195584],[113.9280096,22.5195908]]}},{"type":"Feature","id":"osm_way_558786349","properties":{"subtype":"road","class":"primary_link","subclass":null,"road_surface":null},"geometry":{"type":"LineString","coordinates":[[113.9274208,22.5196483],[113.927492,22.5196141],[113.9275329,22.5195772],[113.9275655,22.519536],[113.9275874,22.5194892],[113.9276051,22.5194447],[113.9276168,22.519388],[113.9276378,22.5192381]]}},{"type":"Feature","id":"osm_way_558786350","properties":{"subtype":"road","class":"primary_link","subclass":null,"road_surface":null},"geometry":{"type":"LineString","coordinates":[[113.9275655,22.519536],[113.9275661,22.519486],[113.9275661,22.5194279],[113.9275327,22.5189614],[113.9275358,22.5188934],[113.9275483,22.5188308],[113.9275984,22.5185961]]}},{"type":"Feature","id":"osm_way_565467990","properties":{"subtype":"road","class":"steps","subclass":null,"road_surface":null},"geometry":{"type":"LineString","coordinates":[[113.9225497,22.5186374],[113.9225943,22.5187629]]}},{"type":"Feature","id":"osm_way_565468010","properties":{"subtype":"road","class":"service","subclass":null,"road_surface":null},"geometry":{"type":"LineString","coordinates":[[113.9176297,22.5222934],[113.9178277,22.5222564],[113.9184549,22.5221391]]}},{"type":"Feature","id":"osm_way_565468011","properties":{"subtype":"road","class":"service","subclass":null,"road_surface":null},"geometry":{"type":"LineString","coordinates":[[113.9178277,22.5222564],[113.9179595,22.5228163],[113.9177603,22.5228581]]}},{"type":"Feature","id":"osm_way_565468014","properties":{"subtype":"road","class":"primary_link","subclass":null,"road_surface":null},"geometry":{"type":"LineString","coordinates":[[113.9176231,22.5210072],[113.9175617,22.5210814],[113.9175279,22.5211276],[113.9174993,22.5211871],[113.9174788,22.5212416],[113.9174673,22.5212994],[113.9174627,22.5213729],[113.9174642,22.5214459],[113.917474,22.5216285]]}},{"type":"Feature","id":"osm_way_565468015","properties":{"subtype":"road","class":"primary_link","subclass":null,"road_surface":null},"geometry":{"type":"LineString","coordinates":[[113.9170302,22.5208056],[113.9171951,22.5208909],[113.9172605,22.5209151],[113.9173215,22.5209312],[113.9173791,22.5209355],[113.9174483,22.5209313],[113.9175229,22.5209163],[113.9176147,22.5208849]]}},{"type":"Feature","id":"osm_way_565468016","properties":{"subtype":"road","class":"secondary","subclass":null,"road_surface":null},"geometry":{"type":"LineString","coordinates":[[113.9176147,22.5208849],[113.9183065,22.5204284],[113.9193047,22.5197496],[113.9199595,22.5193042],[113.9217324,22.5180284]]}},{"type":"Feature","id":"osm_way_580915672","properties":{"subtype":"road","class":"secondary","subclass":null,"road_surface":null},"geometry":{"type":"LineString","coordinates":[[113.9102632230443,22.535578152841197],[113.9102648,22.5354408],[113.9102659,22.5353806],[113.9102673,22.5353061]]}},{"type":"Feature","id":"osm_way_580915673","properties":{"subtype":"road","class":"steps","subclass":null,"road_surface":null},"geometry":{"type":"LineString","coordinates":[[113.910354,22.5284083],[113.9103388,22.5282353]]}},{"type":"Feature","id":"osm_way_580915674","properties":{"subtype":"road","class":"footway","subclass":null,"road_surface":null},"geometry":{"type":"LineString","coordinates":[[113.91006483456792,22.528423133979377],[113.910354,22.5284083]]}},{"type":"Feature","id":"osm_way_580915682","properties":{"subtype":"road","class":"tertiary","subclass":null,"road_surface":null},"geometry":{"type":"LineString","coordinates":[[113.92416932730934,22.517611847158804],[113.9241786,22.5177217],[113.924184,22.5178279]]}},{"type":"Feature","id":"osm_way_625011217","properties":{"subtype":"road","class":"footway","subclass":null,"road_surface":null},"geometry":{"type":"LineString","coordinates":[[113.9193019,22.533954],[113.9192622,22.5332768]]}},{"type":"Feature","id":"osm_way_625011221","properties":{"subtype":"road","class":"service","subclass":null,"road_surface":null},"geometry":{"type":"LineString","coordinates":[[113.9187517,22.5350075],[113.9187635,22.5352325],[113.9187708,22.5353635]]}},{"type":"Feature","id":"osm_way_633620770","properties":{"subtype":"road","class":"primary","subclass":null,"road_surface":null},"geometry":{"type":"LineString","coordinates":[[113.9257836,22.532849],[113.9261882,22.5336167]]}},{"type":"Feature","id":"osm_way_636236927","properties":{"subtype":"road","class":"secondary","subclass":null,"road_surface":null},"geometry":{"type":"LineString","coordinates":[[113.919993,22.5354385],[113.9198518,22.5354426],[113.9196354,22.5354485],[113.919277,22.5354582],[113.9190974,22.535463],[113.9175447,22.5355234],[113.91618732729138,22.535578152841197]]}},{"type":"Feature","id":"osm_way_636236928","properties":{"subtype":"road","class":"secondary","subclass":null,"road_surface":null},"geometry":{"type":"LineString","coordinates":[[113.9257836,22.532849],[113.9262741,22.5335763],[113.9265145,22.5340087],[113.9269029,22.5347264],[113.9269565,22.5348291],[113.9269799,22.5348741]]}},{"type":"Feature","id":"osm_way_636236955","properties":{"subtype":"road","class":"secondary","subclass":null,"road_surface":null},"geometry":{"type":"LineString","coordinates":[[113.9266791,22.5349855],[113.92662,22.5348436],[113.9265261,22.5346325],[113.9263804,22.5343469],[113.925816,22.5332704],[113.9255699,22.5326925]]}},{"type":"Feature","id":"osm_way_636236956","properties":{"subtype":"road","class":"secondary","subclass":null,"road_surface":null},"geometry":{"type":"LineString","coordinates":[[113.9263056,22.5354098],[113.9266798,22.5354222],[113.926731,22.5354249],[113.9268202,22.5354297]]}},{"type":"Feature","id":"osm_way_636236957","properties":{"subtype":"road","class":"secondary","subclass":null,"road_surface":null},"geometry":{"type":"LineString","coordinates":[[113.9161671,22.5354683],[113.9165579,22.5354517],[113.9178183,22.5353981],[113.9187708,22.5353635],[113.9190443,22.5353524],[113.9192995,22.5353465]]}},{"type":"Feature","id":"osm_way_636282333","properties":{"subtype":"road","class":"trunk","subclass":null,"road_surface":null},"geometry":{"type":"LineString","coordinates":[[113.9242784,22.5259662],[113.9237431,22.526075],[113.9231577,22.5261712],[113.9227313,22.5262251],[113.9224328,22.5262768],[113.9221374,22.5263367],[113.9218525,22.5264001],[113.9192183,22.5270481],[113.9178878,22.5273582],[113.91768,22.5274009],[113.9174445,22.5274405],[113.9172107,22.5274698],[113.9169816,22.5274867],[113.9167933,22.5274907],[113.9165715,22.5274852],[113.9163755,22.5274698],[113.9161687,22.5274425],[113.9159995,22.5274103],[113.9157923,22.5273592],[113.9155317,22.5272844],[113.9152882,22.5272051],[113.9132681,22.5265004],[113.9129807,22.5264002],[113.9125864,22.526272],[113.9123246,22.5261998],[113.9120815,22.526146],[113.9118137,22.5260965],[113.9115308,22.5260519],[113.9111298,22.5260049],[113.9108009,22.525977],[113.9104271,22.5259629],[113.91006483456792,22.525954407017192]]}},{"type":"Feature","id":"osm_way_638623694","properties":{"subtype":"road","class":"footway","subclass":null,"road_surface":null},"geometry":{"type":"LineString","coordinates":[[113.91962329179192,22.535578152841197],[113.9195886,22.5355442],[113.91870448017228,22.535578152841197]]}},{"type":"Feature","id":"osm_way_640221834","properties":{"subtype":"road","class":"tertiary","subclass":null,"road_surface":null},"geometry":{"type":"LineString","coordinates":[[113.9231558,22.5353562],[113.9231613,22.5352532],[113.9231628,22.5352247],[113.9231707,22.5350868],[113.9232015,22.5339735],[113.9232306,22.5326655],[113.9232386,22.5321437],[113.9232421,22.5319981],[113.9232502,22.5313136],[113.9232599,22.5303517],[113.9232429,22.5298721],[113.9232363,22.5297303],[113.9232253,22.5295705],[113.9231924,22.5291528],[113.9231739,22.5289227],[113.9231573,22.5287438],[113.9231242,22.5283741],[113.9230751,22.5278261],[113.9230684,22.5277607],[113.9230628,22.5276997],[113.9230575,22.5276464],[113.9230379,22.5274602],[113.9229942,22.5270523],[113.9229776,22.5268151],[113.9229742,22.5267666]]}},{"type":"Feature","id":"osm_way_653862055","properties":{"subtype":"road","class":"secondary","subclass":null,"road_surface":null},"geometry":{"type":"LineString","coordinates":[[113.9142509,22.5181474],[113.9143617,22.5180479],[113.91484733579023,22.517611847158804]]}},{"type":"Feature","id":"osm_way_669599867","properties":{"subtype":"road","class":"service","subclass":null,"road_surface":null},"geometry":{"type":"LineString","coordinates":[[113.9209863,22.53552],[113.92097674955775,22.535578152841197]]}},{"type":"Feature","id":"osm_way_671170616","properties":{"subtype":"road","class":"service","subclass":null,"road_surface":null},"geometry":{"type":"LineString","coordinates":[[113.9249399,22.5181808],[113.9247919,22.5181797],[113.9244464,22.5181771],[113.9241767,22.5181484],[113.9237831,22.518109],[113.9227527,22.5180796],[113.9225002,22.518079],[113.9224592,22.5180917],[113.9224254,22.5181177],[113.9224059,22.5181513],[113.9223974,22.5181966],[113.9223991,22.5182457],[113.9224082,22.518302],[113.9226433,22.5189438],[113.9226543,22.5190295],[113.9226566,22.5192647]]}},{"type":"Feature","id":"osm_way_671170617","properties":{"subtype":"road","class":"primary_link","subclass":null,"road_surface":null},"geometry":{"type":"LineString","coordinates":[[113.9226291,22.5179398],[113.9224868,22.5179694],[113.9224218,22.5179938],[113.9223546,22.5180348],[113.9222973,22.5180931],[113.92226,22.5181708],[113.9222456,22.5182712]]}},{"type":"Feature","id":"osm_way_679999329","properties":{"subtype":"road","class":"secondary_link","subclass":null,"road_surface":null},"geometry":{"type":"LineString","coordinates":[[113.9270897,22.535553],[113.9271607,22.5355549],[113.9271922,22.5355586],[113.9272297,22.5355691],[113.92724418454591,22.535578152841197]]}},{"type":"Feature","id":"osm_way_679999331","properties":{"subtype":"road","class":"unclassified","subclass":null,"road_surface":null},"geometry":{"type":"LineString","coordinates":[[113.9273086,22.5354543],[113.9273816,22.5354606],[113.9274225,22.535469],[113.9274597,22.5354824],[113.9275007,22.5355037],[113.9275367,22.5355314],[113.9275668,22.5355604],[113.9275804938775,22.535578152841197]]}},{"type":"Feature","id":"osm_way_679999332","properties":{"subtype":"road","class":"primary","subclass":null,"road_surface":null},"geometry":{"type":"LineString","coordinates":[[113.9261092,22.5336462],[113.9255699,22.5326925]]}},{"type":"Feature","id":"osm_way_679999345","properties":{"subtype":"road","class":"footway","subclass":null,"road_surface":null},"geometry":{"type":"LineString","coordinates":[[113.92675198044874,22.535578152841197],[113.9267559,22.5355736]]}},{"type":"Feature","id":"osm_way_679999346","properties":{"subtype":"road","class":"footway","subclass":null,"road_surface":null},"geometry":{"type":"LineString","coordinates":[[113.9267559,22.5355736],[113.9267451,22.5355124],[113.926731,22.5354249],[113.926721,22.5353622]]}},{"type":"Feature","id":"osm_way_679999347","properties":{"subtype":"road","class":"footway","subclass":null,"road_surface":null},"geometry":{"type":"LineString","coordinates":[[113.926721,22.5353622],[113.9266042,22.5352784],[113.9265258,22.5352228]]}},{"type":"Feature","id":"osm_way_679999355","properties":{"subtype":"road","class":"footway","subclass":null,"road_surface":null},"geometry":{"type":"LineString","coordinates":[[113.9271043,22.5347861],[113.9270897,22.5348281]]}},{"type":"Feature","id":"osm_way_679999369","properties":{"subtype":"road","class":"footway","subclass":null,"road_surface":null},"geometry":{"type":"LineString","coordinates":[[113.9247118,22.5302722],[113.924649,22.5302858]]}},{"type":"Feature","id":"osm_way_679999370","properties":{"subtype":"road","class":"footway","subclass":null,"road_surface":null},"geometry":{"type":"LineString","coordinates":[[113.9246313,22.5298012],[113.924552,22.5298093]]}},{"type":"Feature","id":"osm_way_679999371","properties":{"subtype":"road","class":"footway","subclass":null,"road_surface":null},"geometry":{"type":"LineString","coordinates":[[113.9242438,22.5303775],[113.9242844,22.5303673]]}},{"type":"Feature","id":"osm_way_679999372","properties":{"subtype":"road","class":"steps","subclass":null,"road_surface":null},"geometry":{"type":"LineString","coordinates":[[113.9241184,22.5297687],[113.9241182,22.5296908]]}},{"type":"Feature","id":"osm_way_679999373","properties":{"subtype":"road","class":"footway","subclass":null,"road_surface":null},"geometry":{"type":"LineString","coordinates":[[113.9233138,22.5352217],[113.9232423,22.535127],[113.9232717,22.5339973],[113.9232721,22.533974],[113.9232901,22.5326726],[113.9232974,22.5321441],[113.9233097,22.5314243],[113.9233192,22.5305662],[113.9233185,22.5303442],[113.923303,22.5298604],[113.923373,22.5297726],[113.9238923,22.5296699],[113.9239785,22.5296673],[113.9240418,22.5296683],[113.9241029,22.5296819],[113.9241182,22.5296908],[113.9241491,22.5297088],[113.924178,22.5297831],[113.9242448,22.5301456],[113.9242844,22.5303673],[113.924329,22.5305719],[113.9244094,22.530832],[113.9245319,22.5311145],[113.9246696,22.5313845],[113.9254095,22.5327336],[113.9257824,22.5334498],[113.9258912,22.5336751],[113.9262621,22.5344001],[113.9263379,22.5345482],[113.9265283,22.5349471],[113.9265632,22.5350561],[113.926565,22.5351354],[113.9265258,22.5352228],[113.9264443,22.5352815],[113.9263558,22.5353088],[113.9248086,22.5352765],[113.9242269,22.5352687],[113.9233734,22.5352593],[113.9233138,22.5352217]]}},{"type":"Feature","id":"osm_way_679999374","properties":{"subtype":"road","class":"footway","subclass":null,"road_surface":null},"geometry":{"type":"LineString","coordinates":[[113.9230229,22.5352241],[113.9229325,22.5352726],[113.9216461,22.5352551],[113.921046,22.5352292],[113.9203936,22.5352074],[113.9202637,22.5351747],[113.9201948,22.5351274],[113.9201515,22.5350656],[113.9201338,22.5349674],[113.9201304,22.5346449],[113.9201181,22.533775],[113.9200078,22.5327014],[113.9198975,22.531987],[113.9197637,22.5312521],[113.9196374,22.530612],[113.9197074,22.5305257],[113.9206882,22.5303269],[113.9223114,22.5299885],[113.9227591,22.5298951],[113.9230866,22.5298311],[113.9231725,22.5298858],[113.9231869,22.5303418],[113.9231737,22.5313113],[113.9231644,22.5319952],[113.9231555,22.532653],[113.9231375,22.5339741],[113.9231362,22.5340701],[113.9230962,22.5350857],[113.9230915,22.5351392],[113.9230229,22.5352241]]}},{"type":"Feature","id":"osm_way_679999375","properties":{"subtype":"road","class":"footway","subclass":null,"road_surface":null},"geometry":{"type":"LineString","coordinates":[[113.9233138,22.5352217],[113.9231628,22.5352247],[113.9230229,22.5352241]]}},{"type":"Feature","id":"osm_way_679999376","properties":{"subtype":"road","class":"footway","subclass":null,"road_surface":null},"geometry":{"type":"LineString","coordinates":[[113.9229825,22.5355159],[113.9229912,22.5354531],[113.9230049,22.5353541],[113.9230229,22.5352241]]}},{"type":"Feature","id":"osm_way_679999377","properties":{"subtype":"road","class":"footway","subclass":null,"road_surface":null},"geometry":{"type":"LineString","coordinates":[[113.9232122,22.5355241],[113.9232338,22.5355521],[113.92325382408455,22.535578152841197]]}},{"type":"Feature","id":"osm_way_679999378","properties":{"subtype":"road","class":"footway","subclass":null,"road_surface":null},"geometry":{"type":"LineString","coordinates":[[113.9229825,22.5355159],[113.9229566,22.5355454],[113.92292782816713,22.535578152841197]]}},{"type":"Feature","id":"osm_way_680992418","properties":{"subtype":"road","class":"primary","subclass":null,"road_surface":null},"geometry":{"type":"LineString","coordinates":[[113.9278744,22.525208],[113.9270231,22.5254318],[113.925441,22.5258257],[113.9250859,22.525919]]}},{"type":"Feature","id":"osm_way_689220805","properties":{"subtype":"road","class":"secondary","subclass":null,"road_surface":null},"geometry":{"type":"LineString","coordinates":[[113.9193692,22.5305395],[113.9192289,22.5305689],[113.9188163,22.5306546],[113.9181985,22.5307846],[113.9175367,22.530913],[113.9170955,22.5309942],[113.916748,22.5310557],[113.9163973,22.531108],[113.9160465,22.5311427]]}},{"type":"Feature","id":"osm_way_689220806","properties":{"subtype":"road","class":"secondary","subclass":null,"road_surface":null},"geometry":{"type":"LineString","coordinates":[[113.9238771,22.5296112],[113.924,22.5295726],[113.924068,22.5295503],[113.924105,22.5295321],[113.924132,22.5295112],[113.9241809,22.5294732],[113.9242199,22.5294343],[113.9242838,22.5293334]]}},{"type":"Feature","id":"osm_way_689220807","properties":{"subtype":"road","class":"secondary","subclass":null,"road_surface":null},"geometry":{"type":"LineString","coordinates":[[113.924833,22.5292078],[113.9253278,22.5289588],[113.9254921,22.5288814],[113.9256713,22.5287991],[113.9259328,22.5286937],[113.9262022,22.5286008],[113.9264742,22.5285215],[113.9266363,22.5284826],[113.9267974,22.5284471],[113.926964,22.5284177],[113.9271339,22.5283953],[113.9276643,22.5283315],[113.9295151654321,22.52814101697306]]}},{"type":"Feature","id":"osm_way_764380662","properties":{"subtype":"road","class":"footway","subclass":null,"road_surface":null},"geometry":{"type":"LineString","coordinates":[[113.9295151654321,22.52827071830623],[113.927691,22.5284536],[113.9269941,22.5285373],[113.9267545,22.5285807],[113.926479,22.5286451],[113.9262219,22.5287126],[113.9259653,22.5287955],[113.9257151,22.5288957],[113.9253776,22.5290471],[113.9249037,22.5292911],[113.9247539,22.529379],[113.9246801,22.5294388],[113.9246328,22.5294817],[113.9245947,22.5295334]]}},{"type":"Feature","id":"osm_way_771815857","properties":{"subtype":"road","class":"service","subclass":null,"road_surface":null},"geometry":{"type":"LineString","coordinates":[[113.9197295,22.5324618],[113.9196199,22.5324655],[113.9195365,22.5324681],[113.9194989,22.532469],[113.9194166,22.5323999],[113.9193734,22.5323808],[113.9193244,22.5323642],[113.9192678,22.5323553],[113.9192167,22.5323531],[113.9191679,22.5323563],[113.9183599,22.5324369],[113.9177307,22.5324929]]}},{"type":"Feature","id":"osm_way_771815858","properties":{"subtype":"road","class":"service","subclass":null,"road_surface":null},"geometry":{"type":"LineString","coordinates":[[113.9195567,22.5338873],[113.919552,22.5337952],[113.9195248,22.5332679]]}},{"type":"Feature","id":"osm_way_771815864","properties":{"subtype":"road","class":"service","subclass":"driveway","road_surface":null},"geometry":{"type":"LineString","coordinates":[[113.9194989,22.532469],[113.9190553,22.5324837]]}},{"type":"Feature","id":"osm_way_775709323","properties":{"subtype":"road","class":"pedestrian","subclass":null,"road_surface":null},"geometry":{"type":"LineString","coordinates":[[113.9281599,22.5212246],[113.9283438,22.5212034],[113.9285481,22.5211798],[113.9286488,22.5211682],[113.9287426,22.5211573],[113.9288524,22.5210779],[113.9291785,22.521041],[113.9292114,22.5210373],[113.9294089,22.5210149],[113.9295151654321,22.52105950628019]]}},{"type":"Feature","id":"osm_way_775709344","properties":{"subtype":"road","class":"service","subclass":null,"road_surface":null},"geometry":{"type":"LineString","coordinates":[[113.9295151654321,22.520178354836556],[113.9294422,22.5201879],[113.9294141,22.5201914],[113.9289409,22.5202502],[113.9289052,22.5202504],[113.9288768,22.5202471],[113.9288476,22.5202365],[113.9288238,22.5202226],[113.9288016,22.5202071],[113.9287839,22.5201948],[113.9287645,22.5201834],[113.9287388,22.5201735],[113.9287052,22.5201637],[113.9286645,22.5201547],[113.9286008,22.5201498],[113.9284813,22.5201539],[113.9283673,22.520167],[113.9283198,22.520177],[113.928279,22.52019],[113.9282376,22.520208],[113.9282014,22.5202314],[113.9281785,22.5202543],[113.9281622,22.52028],[113.9281505,22.5203123],[113.9281457,22.5203485],[113.9281455,22.5203847],[113.928147,22.5204216],[113.9281819,22.5207408],[113.9281899,22.5207771],[113.9282002,22.5208093],[113.9282162,22.5208426],[113.9282346,22.5208683],[113.9282548,22.5208891],[113.9282827,22.5209099],[113.9283081,22.5209244]]}},{"type":"Feature","id":"osm_way_775709345","properties":{"subtype":"road","class":"service","subclass":null,"road_surface":null},"geometry":{"type":"LineString","coordinates":[[113.9281622,22.52028],[113.9280068,22.5202914],[113.927931,22.5202981]]}},{"type":"Feature","id":"osm_way_775709346","properties":{"subtype":"road","class":"service","subclass":null,"road_surface":null},"geometry":{"type":"LineString","coordinates":[[113.9294141,22.5201914],[113.9294622,22.5205269],[113.9294653,22.520571],[113.9294636,22.5206045],[113.9294565,22.5206372]]}},{"type":"Feature","id":"osm_way_775709347","properties":{"subtype":"road","class":"service","subclass":null,"road_surface":null},"geometry":{"type":"LineString","coordinates":[[113.9294422,22.5201879],[113.9293993,22.5198665]]}},{"type":"Feature","id":"osm_way_775709348","properties":{"subtype":"road","class":"service","subclass":null,"road_surface":null},"geometry":{"type":"LineString","coordinates":[[113.9295151654321,22.52195334800655],[113.9285639,22.5220538],[113.9282657,22.5220898],[113.9281736,22.5221026]]}},{"type":"Feature","id":"osm_way_775709351","properties":{"subtype":"road","class":"service","subclass":null,"road_surface":null},"geometry":{"type":"LineString","coordinates":[[113.9266032,22.5198443],[113.9266111,22.519748],[113.9266183,22.5196606]]}},{"type":"Feature","id":"osm_way_775709352","properties":{"subtype":"road","class":"footway","subclass":null,"road_surface":null},"geometry":{"type":"LineString","coordinates":[[113.9262433,22.5229315],[113.9259862,22.5219708],[113.925862,22.5215085],[113.9253978,22.519781],[113.9255125,22.5196789],[113.9266111,22.519748],[113.9274066,22.5197981],[113.9274833,22.5198926],[113.9274991,22.5199119],[113.9275131,22.5204039],[113.9275212,22.5206857],[113.9275667,22.5211263],[113.9276221,22.5214449],[113.9276476,22.5215919],[113.9277274,22.521926],[113.9277767,22.5221325],[113.9278792,22.5225489],[113.9277696,22.5227056],[113.9263803,22.5230163],[113.9262433,22.5229315]]}},{"type":"Feature","id":"osm_way_775709353","properties":{"subtype":"road","class":"footway","subclass":null,"road_surface":null},"geometry":{"type":"LineString","coordinates":[[113.9254041,22.5207157],[113.9251564,22.5197383],[113.9250345,22.5196331],[113.9242372,22.5195971],[113.9232676,22.5199142],[113.9231934,22.5199375],[113.9235345,22.5208159],[113.9235917,22.5209568],[113.9237458,22.5213436]]}},{"type":"Feature","id":"osm_way_775709354","properties":{"subtype":"road","class":"footway","subclass":null,"road_surface":null},"geometry":{"type":"LineString","coordinates":[[113.9256248,22.5219728],[113.925618,22.5219485],[113.925595,22.5218657],[113.9255725,22.5217837],[113.9255548,22.5217212]]}},{"type":"Feature","id":"osm_way_775709355","properties":{"subtype":"road","class":"footway","subclass":null,"road_surface":null},"geometry":{"type":"LineString","coordinates":[[113.925745,22.5220326],[113.9257606,22.5220281],[113.9258292,22.5220113],[113.9258952,22.5219941],[113.9259862,22.5219708]]}},{"type":"Feature","id":"osm_way_775709356","properties":{"subtype":"road","class":"footway","subclass":null,"road_surface":null},"geometry":{"type":"LineString","coordinates":[[113.9256199,22.5215672],[113.9257056,22.5215466],[113.9257727,22.5215301],[113.925862,22.5215085]]}},{"type":"Feature","id":"osm_way_775709357","properties":{"subtype":"road","class":"footway","subclass":null,"road_surface":null},"geometry":{"type":"LineString","coordinates":[[113.9259862,22.5219708],[113.9261159,22.5217925],[113.9265928,22.5216825],[113.9271725,22.5215487],[113.9276221,22.5214449]]}},{"type":"Feature","id":"osm_way_775709358","properties":{"subtype":"road","class":"footway","subclass":null,"road_surface":null},"geometry":{"type":"LineString","coordinates":[[113.925862,22.5215085],[113.9260426,22.521468],[113.9265216,22.5213606],[113.9271131,22.521228],[113.9275667,22.5211263]]}},{"type":"Feature","id":"osm_way_775709359","properties":{"subtype":"road","class":"footway","subclass":null,"road_surface":null},"geometry":{"type":"LineString","coordinates":[[113.925862,22.5215085],[113.9261743,22.5210546]]}},{"type":"Feature","id":"osm_way_775709360","properties":{"subtype":"road","class":"footway","subclass":null,"road_surface":null},"geometry":{"type":"LineString","coordinates":[[113.9262498,22.5209535],[113.926354,22.5208143],[113.9262068,22.5202002]]}},{"type":"Feature","id":"osm_way_775709361","properties":{"subtype":"road","class":"footway","subclass":null,"road_surface":null},"geometry":{"type":"LineString","coordinates":[[113.9261743,22.5210546],[113.9262498,22.5209535]]}},{"type":"Feature","id":"osm_way_775709362","properties":{"subtype":"road","class":"footway","subclass":null,"road_surface":null},"geometry":{"type":"LineString","coordinates":[[113.9271725,22.5215487],[113.9271408,22.5213774],[113.9271131,22.521228]]}},{"type":"Feature","id":"osm_way_775709363","properties":{"subtype":"road","class":"footway","subclass":null,"road_surface":null},"geometry":{"type":"LineString","coordinates":[[113.9265928,22.5216825],[113.9265216,22.5213606]]}},{"type":"Feature","id":"osm_way_775709364","properties":{"subtype":"road","class":"footway","subclass":null,"road_surface":null},"geometry":{"type":"LineString","coordinates":[[113.9261159,22.5217925],[113.9260426,22.521468]]}},{"type":"Feature","id":"osm_way_775709365","properties":{"subtype":"road","class":"footway","subclass":null,"road_surface":null},"geometry":{"type":"LineString","coordinates":[[113.9272148,22.5213328],[113.9271408,22.5213774]]}},{"type":"Feature","id":"osm_way_775709366","properties":{"subtype":"road","class":"footway","subclass":null,"road_surface":null},"geometry":{"type":"LineString","coordinates":[[113.9271408,22.5213774],[113.927224,22.521391],[113.9274212,22.5213653]]}},{"type":"Feature","id":"osm_way_775709367","properties":{"subtype":"road","class":"footway","subclass":null,"road_surface":null},"geometry":{"type":"LineString","coordinates":[[113.9274212,22.5213653],[113.9274115,22.5213052]]}},{"type":"Feature","id":"osm_way_775709368","properties":{"subtype":"road","class":"steps","subclass":null,"road_surface":null},"geometry":{"type":"LineString","coordinates":[[113.9275131,22.5204039],[113.9273484,22.5204054]]}},{"type":"Feature","id":"osm_way_775709369","properties":{"subtype":"road","class":"footway","subclass":null,"road_surface":null},"geometry":{"type":"LineString","coordinates":[[113.9275827,22.5198073],[113.9276721,22.5198037],[113.9278191,22.5197973],[113.9279131,22.5197943],[113.9279058,22.5196834],[113.9279013,22.5196145],[113.9278991,22.5195819],[113.9278061,22.5195886],[113.9276609,22.5195984],[113.9275722,22.5196045],[113.9275746,22.5196515],[113.9275781,22.5197182],[113.9275827,22.5198073]]}},{"type":"Feature","id":"osm_way_775709370","properties":{"subtype":"road","class":"footway","subclass":null,"road_surface":null},"geometry":{"type":"LineString","coordinates":[[113.9274833,22.5198926],[113.9275596,22.5198272],[113.9275827,22.5198073]]}},{"type":"Feature","id":"osm_way_775709371","properties":{"subtype":"road","class":"footway","subclass":null,"road_surface":null},"geometry":{"type":"LineString","coordinates":[[113.9279131,22.5197943],[113.9279493,22.5198232],[113.9279911,22.5198565]]}},{"type":"Feature","id":"osm_way_775709372","properties":{"subtype":"road","class":"footway","subclass":null,"road_surface":null},"geometry":{"type":"LineString","coordinates":[[113.9275722,22.5196045],[113.9275329,22.5195772],[113.9274631,22.5195288]]}},{"type":"Feature","id":"osm_way_775709373","properties":{"subtype":"road","class":"footway","subclass":null,"road_surface":null},"geometry":{"type":"LineString","coordinates":[[113.9278991,22.5195819],[113.9279349,22.5195486],[113.9279839,22.5195029]]}},{"type":"Feature","id":"osm_way_775709374","properties":{"subtype":"road","class":"footway","subclass":null,"road_surface":null},"geometry":{"type":"LineString","coordinates":[[113.9295151654321,22.519190850324783],[113.929318,22.519236],[113.9280977,22.5195211],[113.9279839,22.5195029],[113.9279426,22.5189815],[113.9278839,22.5182411],[113.9278963,22.5181912],[113.9279278,22.5181259],[113.9280382,22.5180164],[113.9285395,22.5178636],[113.9295151654321,22.51762800365284]]}},{"type":"Feature","id":"osm_way_775709387","properties":{"subtype":"road","class":"footway","subclass":null,"road_surface":null},"geometry":{"type":"LineString","coordinates":[[113.9281679,22.5212843],[113.928097,22.5213073]]}},{"type":"Feature","id":"osm_way_775709388","properties":{"subtype":"road","class":"footway","subclass":null,"road_surface":null},"geometry":{"type":"LineString","coordinates":[[113.9281523,22.5211682],[113.9280807,22.5211592]]}},{"type":"Feature","id":"osm_way_775709425","properties":{"subtype":"road","class":"footway","subclass":null,"road_surface":null},"geometry":{"type":"LineString","coordinates":[[113.9295151654321,22.522483975716675],[113.9285533,22.5225922],[113.9284944,22.522578],[113.9284126,22.5225148],[113.9283662,22.5224516],[113.9282657,22.5220898],[113.9282455,22.5220138],[113.9281104,22.5214221],[113.9281034,22.5213594],[113.928097,22.5213073]]}},{"type":"Feature","id":"osm_way_775709443","properties":{"subtype":"road","class":"footway","subclass":null,"road_surface":null},"geometry":{"type":"LineString","coordinates":[[113.9293763,22.519448],[113.9293497,22.5193511],[113.9293315,22.519285],[113.929318,22.519236]]}},{"type":"Feature","id":"osm_way_775709445","properties":{"subtype":"road","class":"steps","subclass":null,"road_surface":null},"geometry":{"type":"LineString","coordinates":[[113.9283511,22.5210885],[113.928193,22.5211054]]}},{"type":"Feature","id":"osm_way_775709446","properties":{"subtype":"road","class":"footway","subclass":null,"road_surface":null},"geometry":{"type":"LineString","coordinates":[[113.928193,22.5211054],[113.9280765,22.5211179]]}},{"type":"Feature","id":"osm_way_775709447","properties":{"subtype":"road","class":"footway","subclass":null,"road_surface":null},"geometry":{"type":"LineString","coordinates":[[113.928484,22.52075],[113.9285481,22.5211798]]}},{"type":"Feature","id":"osm_way_775709448","properties":{"subtype":"road","class":"footway","subclass":null,"road_surface":null},"geometry":{"type":"LineString","coordinates":[[113.9292042,22.5209869],[113.9292114,22.5210373]]}},{"type":"Feature","id":"osm_way_775709453","properties":{"subtype":"road","class":"footway","subclass":null,"road_surface":null},"geometry":{"type":"LineString","coordinates":[[113.9295151654321,22.520127429305624],[113.9294272,22.5194534]]}},{"type":"Feature","id":"osm_way_775709467","properties":{"subtype":"road","class":"footway","subclass":null,"road_surface":null},"geometry":{"type":"MultiLineString","coordinates":[[[113.9287724,22.5238577],[113.9287409,22.5237411],[113.9285134,22.5228985],[113.9285876,22.522784],[113.9289789,22.5227414],[113.9294253,22.5226927],[113.9295151654321,22.522682383255233]],[[113.9295151654321,22.52427710008763],[113.929392,22.5242789],[113.9292659,22.5242641],[113.9291613,22.5242442],[113.9290984,22.5242194],[113.9290674,22.5242071],[113.9289816,22.524155],[113.9289156,22.5240931],[113.9288523,22.5240194],[113.9288214,22.5239651],[113.9288062,22.5239384],[113.9287724,22.5238577]]]}},{"type":"Feature","id":"osm_way_775709477","properties":{"subtype":"road","class":"footway","subclass":null,"road_surface":null},"geometry":{"type":"LineString","coordinates":[[113.9285876,22.522784],[113.9285772,22.5227257],[113.9285659,22.5226625],[113.9285533,22.5225922]]}},{"type":"Feature","id":"osm_way_775709478","properties":{"subtype":"road","class":"footway","subclass":null,"road_surface":null},"geometry":{"type":"LineString","coordinates":[[113.9282455,22.5220138],[113.9283458,22.5220223],[113.9285569,22.521999],[113.9295151654321,22.52189312527089]]}},{"type":"Feature","id":"osm_way_775709499","properties":{"subtype":"road","class":"footway","subclass":null,"road_surface":null},"geometry":{"type":"LineString","coordinates":[[113.928869,22.5239406],[113.9288214,22.5239651]]}},{"type":"Feature","id":"osm_way_775709500","properties":{"subtype":"road","class":"footway","subclass":null,"road_surface":null},"geometry":{"type":"LineString","coordinates":[[113.9291265,22.524166],[113.9290984,22.5242194]]}},{"type":"Feature","id":"osm_way_775709501","properties":{"subtype":"road","class":"footway","subclass":null,"road_surface":null},"geometry":{"type":"LineString","coordinates":[[113.9287409,22.5237411],[113.9286301,22.5237663],[113.9283476,22.5238304],[113.9282458,22.5238535]]}},{"type":"Feature","id":"osm_way_775709502","properties":{"subtype":"road","class":"footway","subclass":null,"road_surface":null},"geometry":{"type":"LineString","coordinates":[[113.9282458,22.5238535],[113.9279967,22.5230012],[113.9278237,22.5229243],[113.9273189,22.5230379],[113.9264404,22.5232425],[113.9263372,22.5233668],[113.926705,22.524749],[113.9278931,22.5244958],[113.927966,22.5244727],[113.9280583,22.5244235],[113.9281408,22.5243623],[113.9281943,22.5242958],[113.9282326,22.5242196],[113.9282547,22.5241283],[113.9282663,22.5240102],[113.9282458,22.5238535]]}},{"type":"Feature","id":"osm_way_775709503","properties":{"subtype":"road","class":"footway","subclass":null,"road_surface":null},"geometry":{"type":"LineString","coordinates":[[113.9265017,22.5247945],[113.9266068,22.5247709],[113.926705,22.524749]]}},{"type":"Feature","id":"osm_way_775709504","properties":{"subtype":"road","class":"footway","subclass":null,"road_surface":null},"geometry":{"type":"LineString","coordinates":[[113.9261212,22.5234199],[113.9262445,22.5233895],[113.9263372,22.5233668]]}},{"type":"Feature","id":"osm_way_775709505","properties":{"subtype":"road","class":"footway","subclass":null,"road_surface":null},"geometry":{"type":"LineString","coordinates":[[113.9264404,22.5232425],[113.9264185,22.523154],[113.9264038,22.5231011],[113.9263803,22.5230163]]}},{"type":"Feature","id":"osm_way_775709506","properties":{"subtype":"road","class":"footway","subclass":null,"road_surface":null},"geometry":{"type":"LineString","coordinates":[[113.9262433,22.5229315],[113.9261477,22.5229535],[113.9260838,22.5229681],[113.9260377,22.5229787],[113.9260118,22.5229847]]}},{"type":"Feature","id":"osm_way_775709507","properties":{"subtype":"road","class":"footway","subclass":null,"road_surface":null},"geometry":{"type":"LineString","coordinates":[[113.9249682,22.5235792],[113.9251066,22.5235449],[113.9259839,22.5233281],[113.9261212,22.5234199],[113.9262635,22.523934],[113.9265017,22.5247945]]}},{"type":"Feature","id":"osm_way_775709508","properties":{"subtype":"road","class":"footway","subclass":null,"road_surface":null},"geometry":{"type":"LineString","coordinates":[[113.9259394,22.5231601],[113.9259465,22.523187],[113.9259603,22.523239],[113.9259839,22.5233281]]}},{"type":"Feature","id":"osm_way_775709509","properties":{"subtype":"road","class":"footway","subclass":null,"road_surface":null},"geometry":{"type":"LineString","coordinates":[[113.9265017,22.5247945],[113.926355,22.5248478],[113.9261003,22.5249303],[113.9256382,22.5250378],[113.9255028,22.5250693],[113.9253817,22.5250885],[113.9252583,22.525081],[113.92518,22.5250665],[113.9250485,22.525012],[113.9249503,22.5249429],[113.9249016,22.5248878],[113.9248506,22.5247961],[113.9248018,22.5246818],[113.9247924,22.5246542],[113.9247265,22.5244469],[113.9246996,22.5243625],[113.9246911,22.524326],[113.9245262,22.523621]]}},{"type":"Feature","id":"osm_way_775709510","properties":{"subtype":"road","class":"footway","subclass":null,"road_surface":null},"geometry":{"type":"LineString","coordinates":[[113.9256248,22.5219728],[113.925745,22.5220326],[113.9260118,22.5229847],[113.9259394,22.5231601],[113.9251584,22.523333],[113.925109,22.5233447],[113.9248214,22.5234124]]}},{"type":"Feature","id":"osm_way_775709511","properties":{"subtype":"road","class":"footway","subclass":null,"road_surface":null},"geometry":{"type":"LineString","coordinates":[[113.9278237,22.5229243],[113.9278047,22.5228475],[113.9277866,22.5227743],[113.9277696,22.5227056]]}},{"type":"Feature","id":"osm_way_775735664","properties":{"subtype":"road","class":"footway","subclass":null,"road_surface":null},"geometry":{"type":"LineString","coordinates":[[113.9291785,22.521041],[113.9291972,22.521176],[113.9292011,22.5212045]]}},{"type":"Feature","id":"osm_way_775735683","properties":{"subtype":"road","class":"residential","subclass":null,"road_surface":null},"geometry":{"type":"LineString","coordinates":[[113.9278388,22.5200204],[113.9278827,22.5201025],[113.9279081,22.5201632],[113.9279187,22.5202207],[113.927931,22.5202981],[113.9279757,22.520891],[113.9279856,22.5210213],[113.9279933,22.5211202],[113.9280199,22.5213645],[113.9280362,22.5214693],[113.9280599,22.5216058],[113.9281189,22.5218651],[113.9281736,22.5221026],[113.9282429,22.5223421],[113.9282467,22.5223882],[113.9281937,22.5225209]]}},{"type":"Feature","id":"osm_way_775735684","properties":{"subtype":"road","class":"service","subclass":null,"road_surface":null},"geometry":{"type":"LineString","coordinates":[[113.9278676,22.5189976],[113.9279426,22.5189815],[113.9280706,22.5189533],[113.9291736,22.5187102]]}},{"type":"Feature","id":"osm_way_775735685","properties":{"subtype":"road","class":"primary_link","subclass":null,"road_surface":null},"geometry":{"type":"LineString","coordinates":[[113.9277654,22.5185198],[113.9278369,22.51875],[113.9278505,22.5188047],[113.9278615,22.5188743],[113.9278676,22.5189976],[113.9278861,22.519404],[113.9278904,22.5194586],[113.9279015,22.5195212]]}},{"type":"Feature","id":"osm_way_775735686","properties":{"subtype":"road","class":"footway","subclass":null,"road_surface":null},"geometry":{"type":"LineString","coordinates":[[113.9280807,22.5211592],[113.9280765,22.5211179],[113.9280567,22.5209454],[113.9280068,22.5202914],[113.9279749,22.5198734],[113.9279911,22.5198565],[113.9281617,22.5196987],[113.9292872,22.519455],[113.9293763,22.519448],[113.9294272,22.5194534]]}},{"type":"Feature","id":"osm_way_775735687","properties":{"subtype":"road","class":"footway","subclass":null,"road_surface":null},"geometry":{"type":"LineString","coordinates":[[113.928097,22.5213073],[113.9280894,22.5212706],[113.9280814,22.5211867],[113.9280807,22.5211592]]}},{"type":"Feature","id":"osm_way_775735688","properties":{"subtype":"road","class":"footway","subclass":null,"road_surface":null},"geometry":{"type":"LineString","coordinates":[[113.9286488,22.5211682],[113.9286605,22.5212631],[113.9286495,22.5212644]]}},{"type":"Feature","id":"osm_way_775735689","properties":{"subtype":"road","class":"footway","subclass":null,"road_surface":null},"geometry":{"type":"LineString","coordinates":[[113.9283438,22.5212034],[113.9283562,22.5213033]]}},{"type":"Feature","id":"osm_way_775735691","properties":{"subtype":"road","class":"footway","subclass":null,"road_surface":null},"geometry":{"type":"LineString","coordinates":[[113.928507,22.5216082],[113.9284651,22.5212866],[113.9284605,22.5212508]]}},{"type":"Feature","id":"osm_way_775735692","properties":{"subtype":"road","class":"footway","subclass":null,"road_surface":null},"geometry":{"type":"LineString","coordinates":[[113.928503,22.5212819],[113.9284651,22.5212866]]}},{"type":"Feature","id":"osm_way_775735693","properties":{"subtype":"road","class":"steps","subclass":null,"road_surface":null},"geometry":{"type":"LineString","coordinates":[[113.9286495,22.5212644],[113.928503,22.5212819]]}},{"type":"Feature","id":"osm_way_775735694","properties":{"subtype":"road","class":"footway","subclass":null,"road_surface":null},"geometry":{"type":"LineString","coordinates":[[113.9282252,22.5213189],[113.9282201,22.5212783]]}},{"type":"Feature","id":"osm_way_775780721","properties":{"subtype":"road","class":"steps","subclass":null,"road_surface":null},"geometry":{"type":"LineString","coordinates":[[113.9283562,22.5213033],[113.9282252,22.5213189]]}},{"type":"Feature","id":"osm_way_783261406","properties":{"subtype":"road","class":"service","subclass":null,"road_surface":null},"geometry":{"type":"LineString","coordinates":[[113.919614,22.5332744],[113.9195949,22.5330991],[113.919565,22.5327761],[113.9195365,22.5324681]]}},{"type":"Feature","id":"osm_way_783261407","properties":{"subtype":"road","class":"footway","subclass":null,"road_surface":null},"geometry":{"type":"LineString","coordinates":[[113.9194283,22.5332665],[113.9194214,22.5331053],[113.9194076,22.5327834],[113.9193981,22.5325622]]}},{"type":"Feature","id":"osm_way_783261408","properties":{"subtype":"road","class":"footway","subclass":null,"road_surface":null},"geometry":{"type":"LineString","coordinates":[[113.9194076,22.5327834],[113.919565,22.5327761]]}},{"type":"Feature","id":"osm_way_783261409","properties":{"subtype":"road","class":"footway","subclass":null,"road_surface":null},"geometry":{"type":"LineString","coordinates":[[113.9194214,22.5331053],[113.9195949,22.5330991]]}},{"type":"Feature","id":"osm_way_783277991","properties":{"subtype":"road","class":"service","subclass":null,"road_surface":null},"geometry":{"type":"LineString","coordinates":[[113.9245382,22.535484],[113.92453737045955,22.535578152841197]]}},{"type":"Feature","id":"osm_way_832165530","properties":{"subtype":"road","class":"footway","subclass":null,"road_surface":null},"geometry":{"type":"LineString","coordinates":[[113.9289344,22.5331828],[113.9289389,22.5331689]]}},{"type":"Feature","id":"osm_way_839822969","properties":{"subtype":"road","class":"residential","subclass":null,"road_surface":null},"geometry":{"type":"LineString","coordinates":[[113.9283882,22.5266495],[113.9275509,22.5270013],[113.9274921,22.5270341],[113.9274524,22.5270752],[113.9274345,22.5271206],[113.9274259,22.5271925],[113.9274246,22.5272398],[113.9274768,22.5274808],[113.9275829,22.527962],[113.9276546,22.5282877],[113.9276643,22.5283315],[113.9276783,22.5283951]]}},{"type":"Feature","id":"osm_way_862777450","properties":{"subtype":"road","class":"trunk","subclass":null,"road_surface":"asphalt"},"geometry":{"type":"LineString","coordinates":[[113.91006483456792,22.525782643221465],[113.9101908,22.5257864],[113.9105803,22.5258002],[113.9108134,22.5258134],[113.9110665,22.5258387],[113.9113318,22.5258741],[113.9118345,22.5259642],[113.9121043,22.5260212],[113.9123663,22.5260894],[113.9126358,22.5261696],[113.913031,22.5263028],[113.9133207,22.5264095],[113.9152663,22.5270913],[113.9154516,22.5271468],[113.915723,22.527224],[113.9159094,22.5272755],[113.9161039,22.5273169],[113.916318,22.5273501],[113.9165551,22.5273695],[113.9167787,22.5273802],[113.9169762,22.527373],[113.917202,22.5273556],[113.9174246,22.5273292],[113.9176613,22.527285],[113.9178493,22.5272461],[113.9197154,22.5267801],[113.9237205,22.5258133],[113.9259094,22.5252839],[113.9267543,22.5251134],[113.9271655,22.5250296],[113.9277612,22.5249103],[113.9283023,22.5247971],[113.9288201,22.5247039],[113.9291249,22.5246561],[113.9295151654321,22.524610066312885]]}},{"type":"Feature","id":"osm_way_894812095","properties":{"subtype":"road","class":"primary_link","subclass":null,"road_surface":null},"geometry":{"type":"LineString","coordinates":[[113.9246266,22.5253776],[113.9253328,22.5252589]]}},{"type":"Feature","id":"osm_way_894812096","properties":{"subtype":"road","class":"primary_link","subclass":null,"road_surface":null},"geometry":{"type":"LineString","coordinates":[[113.9246647,22.5247722],[113.9247001,22.524908],[113.9247001,22.5249877],[113.9246847,22.5250404],[113.9246462,22.5250731],[113.9245953,22.5250945],[113.9245476,22.5250945],[113.9244921,22.5250731],[113.9244459,22.5250319],[113.9244166,22.5249735],[113.9243982,22.5248924],[113.9243538,22.5246529]]}},{"type":"Feature","id":"osm_way_894812100","properties":{"subtype":"road","class":"footway","subclass":null,"road_surface":null},"geometry":{"type":"LineString","coordinates":[[113.9226041,22.5258519],[113.9228413,22.5257952]]}},{"type":"Feature","id":"osm_way_902179038","properties":{"subtype":"road","class":"residential","subclass":null,"road_surface":null},"geometry":{"type":"LineString","coordinates":[[113.9261546,22.5344533],[113.9262621,22.5344001],[113.9263804,22.5343469]]}},{"type":"Feature","id":"osm_way_902179039","properties":{"subtype":"road","class":"footway","subclass":null,"road_surface":null},"geometry":{"type":"LineString","coordinates":[[113.9263255,22.5350731],[113.9265258,22.5352228]]}},{"type":"Feature","id":"osm_way_909215351","properties":{"subtype":"road","class":"primary","subclass":null,"road_surface":null},"geometry":{"type":"LineString","coordinates":[[113.9231241,22.5258858],[113.9237791,22.5255562],[113.9239695,22.5254557],[113.9242008,22.5253737],[113.9244066,22.5253228],[113.9247514,22.5252621],[113.925365,22.5251655]]}},{"type":"Feature","id":"osm_way_909215352","properties":{"subtype":"road","class":"primary_link","subclass":null,"road_surface":null},"geometry":{"type":"LineString","coordinates":[[113.9253328,22.5252589],[113.9258711,22.5252269],[113.9259968,22.5252225]]}},{"type":"Feature","id":"osm_way_909215355","properties":{"subtype":"road","class":"residential","subclass":null,"road_surface":null},"geometry":{"type":"LineString","coordinates":[[113.9190928,22.5292995],[113.9189427,22.5291236],[113.9188793,22.528983],[113.9188638,22.5289205],[113.9187077,22.5282817],[113.9186053,22.5278711],[113.9185436,22.527668],[113.9185157,22.52762],[113.9184851,22.5275889],[113.9184485,22.5275692],[113.9184027,22.5275645],[113.9183518,22.5275683],[113.9182836,22.5275861],[113.918083,22.5276491],[113.9180362,22.5276595],[113.9179924,22.5276614],[113.9179486,22.5276529],[113.917916,22.5276322],[113.9178913,22.5276036],[113.9177735,22.5274087]]}},{"type":"Feature","id":"osm_way_928731653","properties":{"subtype":"road","class":"primary_link","subclass":null,"road_surface":null},"geometry":{"type":"LineString","coordinates":[[113.9140424,22.5266081],[113.9140798,22.5266167],[113.9141212,22.5266232],[113.9141668,22.5266275],[113.9142142,22.526628],[113.9142639,22.5266253],[113.9143158,22.5266163],[113.9143598,22.5266021],[113.9144032,22.52658],[113.9144305,22.5265583],[113.9144594,22.5265267],[113.9144809,22.526492],[113.9144983,22.5264584],[113.9145112,22.5264212],[113.9145206,22.5263823],[113.9145263,22.5263348]]}},{"type":"Feature","id":"osm_way_928731654","properties":{"subtype":"road","class":"primary_link","subclass":null,"road_surface":null},"geometry":{"type":"LineString","coordinates":[[113.9145209,22.5274165],[113.9145158,22.527368],[113.9145053,22.5273183],[113.9144902,22.5272583],[113.9144674,22.5271882],[113.9144405,22.5271237],[113.9144191,22.5270789],[113.9143833,22.5270198],[113.9143493,22.5269744],[113.9143062,22.5269313],[113.9142598,22.5268991],[113.9141882,22.5268602]]}},{"type":"Feature","id":"osm_way_928731655","properties":{"subtype":"road","class":"primary_link","subclass":null,"road_surface":null},"geometry":{"type":"LineString","coordinates":[[113.9146448,22.526333],[113.9146616,22.5264115],[113.9146784,22.5264754],[113.9147006,22.5265409],[113.914728,22.5266055],[113.9147626,22.5266784],[113.9147986,22.5267408],[113.9148247,22.5267815],[113.9148574,22.5268266],[113.9148982,22.5268724],[113.9149363,22.5269052],[113.9149812,22.5269337]]}},{"type":"Feature","id":"osm_way_928731656","properties":{"subtype":"road","class":"service","subclass":null,"road_surface":null},"geometry":{"type":"LineString","coordinates":[[113.9155488,22.5276753],[113.9164288,22.5278512],[113.9163272,22.5282847],[113.9156626,22.5281519]]}},{"type":"Feature","id":"osm_way_928731657","properties":{"subtype":"road","class":"primary_link","subclass":null,"road_surface":null},"geometry":{"type":"LineString","coordinates":[[113.9151585,22.52719],[113.9151258,22.5271829],[113.9150927,22.5271796],[113.9150491,22.5271788],[113.9150029,22.5271811],[113.9149529,22.5271869],[113.9149059,22.5271956],[113.9148575,22.527208],[113.9148353,22.5272171],[113.9148116,22.5272269],[113.9147742,22.5272458],[113.9147359,22.5272713],[113.9146997,22.5273035],[113.9146688,22.5273401],[113.9146533,22.5273718],[113.9146371,22.5274202]]}},{"type":"Feature","id":"osm_way_973965954","properties":{"subtype":"road","class":"pedestrian","subclass":null,"road_surface":null},"geometry":{"type":"LineString","coordinates":[[113.9275881,22.5322041],[113.9275901,22.5322326],[113.9276021,22.5322528],[113.9276221,22.5322676],[113.9276435,22.5322737],[113.9276691,22.5322719],[113.9276882,22.5322636],[113.927705,22.5322478],[113.9277156,22.5322212]]}},{"type":"Feature","id":"osm_way_974372177","properties":{"subtype":"road","class":"primary","subclass":null,"road_surface":null},"geometry":{"type":"LineString","coordinates":[[113.9266508,22.5249388],[113.9279338,22.5247064],[113.9286707,22.5246511]]}},{"type":"Feature","id":"osm_way_974379913","properties":{"subtype":"road","class":"primary","subclass":null,"road_surface":null},"geometry":{"type":"LineString","coordinates":[[113.9243013,22.5287865],[113.9243353,22.5277249]]}},{"type":"Feature","id":"osm_way_980797859","properties":{"subtype":"road","class":"footway","subclass":null,"road_surface":null},"geometry":{"type":"LineString","coordinates":[[113.919552,22.5337952],[113.9196538,22.5337994]]}},{"type":"Feature","id":"osm_way_980797860","properties":{"subtype":"road","class":"footway","subclass":null,"road_surface":null},"geometry":{"type":"LineString","coordinates":[[113.9193019,22.533954],[113.9196444,22.5339423]]}},{"type":"Feature","id":"osm_way_980797861","properties":{"subtype":"road","class":"footway","subclass":null,"road_surface":null},"geometry":{"type":"LineString","coordinates":[[113.9196882,22.5331806],[113.9196269,22.5325392],[113.9196199,22.5324655],[113.9195882,22.5322127],[113.9195382,22.5319094],[113.919539,22.531797],[113.9193079,22.5306751],[113.9192425,22.5306259],[113.9188291,22.5307083],[113.9182099,22.5308316],[113.917541,22.5309673],[113.9170993,22.5310504],[113.9164938,22.5311651],[113.9162831,22.531191],[113.9161388,22.5313358],[113.9161052,22.5315137],[113.9159581,22.5322911],[113.9159375,22.5324729],[113.9159353,22.5326881],[113.916246,22.535076],[113.9162759,22.5351846],[113.9163388,22.5352719],[113.916412,22.5353137],[113.9165053,22.5353363],[113.9178104,22.5352811],[113.9187635,22.5352325],[113.9193879,22.5352042],[113.9195041,22.5351759],[113.9195811,22.5351208],[113.9196413,22.5350382],[113.9196352,22.5340808],[113.9196444,22.5339423],[113.9196538,22.5337994],[113.9196929,22.5333243],[113.9196948,22.5332758],[113.9196882,22.5331806]]}},{"type":"Feature","id":"osm_way_985822137","properties":{"subtype":"road","class":"service","subclass":"parking_aisle","road_surface":null},"geometry":{"type":"LineString","coordinates":[[113.911524,22.5181999],[113.9115932,22.5181968],[113.9116398,22.5182074],[113.9116723,22.5182321],[113.9117643,22.5184513]]}},{"type":"Feature","id":"osm_way_987583389","properties":{"subtype":"road","class":"secondary","subclass":null,"road_surface":null},"geometry":{"type":"LineString","coordinates":[[113.9295151654321,22.528207609280784],[113.9284904,22.5283094],[113.9276783,22.5283951],[113.9271275,22.5284613],[113.9269672,22.5284801],[113.9268152,22.5285067],[113.926647,22.5285417],[113.9264803,22.5285788],[113.9262107,22.5286551],[113.9259404,22.5287478],[113.9256945,22.5288518],[113.9253727,22.5289988],[113.924887,22.5292429],[113.9247194,22.5293429],[113.9246494,22.5293981],[113.9245963,22.5294501],[113.9245573,22.5294927],[113.9245248,22.5295354],[113.9244943,22.5296107],[113.9244774,22.5296994],[113.9244583,22.5298463]]}},{"type":"Feature","id":"osm_way_996007440","properties":{"subtype":"road","class":"secondary","subclass":null,"road_surface":null},"geometry":{"type":"LineString","coordinates":[[113.91006483456792,22.531242438768047],[113.9102592,22.5312416]]}},{"type":"Feature","id":"osm_way_996007441","properties":{"subtype":"road","class":"secondary","subclass":null,"road_surface":null},"geometry":{"type":"LineString","coordinates":[[113.910262,22.5312926],[113.91006483456792,22.531291217999307]]}},{"type":"Feature","id":"osm_way_996007443","properties":{"subtype":"road","class":"primary_link","subclass":null,"road_surface":null},"geometry":{"type":"LineString","coordinates":[[113.9104988,22.526025],[113.9104126,22.5259984],[113.910334,22.5259543],[113.910297,22.5259016],[113.9102909,22.525849],[113.9102981,22.525803],[113.9103265,22.5257589],[113.9103743,22.525726],[113.9104333,22.5257044],[113.910509,22.525698]]}},{"type":"Feature","id":"osm_way_996007446","properties":{"subtype":"road","class":"primary_link","subclass":null,"road_surface":null},"geometry":{"type":"LineString","coordinates":[[113.910285,22.5260214],[113.9101787,22.5260407],[113.9100848,22.5260834],[113.91006483456792,22.526098125238036]]}},{"type":"Feature","id":"osm_way_996007447","properties":{"subtype":"road","class":"primary_link","subclass":null,"road_surface":null},"geometry":{"type":"LineString","coordinates":[[113.91006483456792,22.525642935532883],[113.9101001,22.5256549]]}},{"type":"Feature","id":"osm_way_996890847","properties":{"subtype":"road","class":"secondary","subclass":null,"road_surface":null},"geometry":{"type":"LineString","coordinates":[[113.9295151654321,22.522633510745035],[113.9294189,22.522644],[113.9289728,22.5226855],[113.9286172,22.5227185],[113.9285772,22.5227257],[113.9285365,22.522733],[113.9284552,22.5227655],[113.928393,22.5228201],[113.9283585,22.5228668],[113.9283089,22.5229304]]}},{"type":"Feature","id":"osm_way_996890848","properties":{"subtype":"road","class":"primary","subclass":null,"road_surface":null},"geometry":{"type":"LineString","coordinates":[[113.9283089,22.5229304],[113.9283598,22.5231178],[113.9283705,22.5231681],[113.9284029,22.5233009]]}},{"type":"Feature","id":"osm_way_996890849","properties":{"subtype":"road","class":"primary","subclass":null,"road_surface":"asphalt"},"geometry":{"type":"LineString","coordinates":[[113.9259968,22.5252225],[113.9280291,22.5247754],[113.9286707,22.5246511]]}},{"type":"Feature","id":"osm_way_996890858","properties":{"subtype":"road","class":"footway","subclass":null,"road_surface":null},"geometry":{"type":"LineString","coordinates":[[113.9295151654321,22.521130251679338],[113.9284605,22.5212508],[113.9282201,22.5212783],[113.9281679,22.5212843]]}},{"type":"Feature","id":"osm_way_996890860","properties":{"subtype":"road","class":"footway","subclass":null,"road_surface":null},"geometry":{"type":"LineString","coordinates":[[113.9295151654321,22.521012587878417],[113.9281523,22.5211682]]}},{"type":"Feature","id":"osm_way_996890876","properties":{"subtype":"road","class":"tertiary","subclass":null,"road_surface":null},"geometry":{"type":"LineString","coordinates":[[113.9280096,22.5195908],[113.9293315,22.519285],[113.929458,22.5192555],[113.9295151654321,22.51924253752845]]}},{"type":"Feature","id":"osm_way_996890877","properties":{"subtype":"road","class":"tertiary","subclass":null,"road_surface":null},"geometry":{"type":"LineString","coordinates":[[113.9295151654321,22.519313084697803],[113.9294672,22.5193249],[113.9293497,22.5193511],[113.9281861,22.5196215]]}},{"type":"Feature","id":"osm_way_996890879","properties":{"subtype":"road","class":"tertiary","subclass":null,"road_surface":null},"geometry":{"type":"LineString","coordinates":[[113.9261833,22.5231844],[113.9260838,22.5229681],[113.9258386,22.5220464],[113.9258292,22.5220113],[113.9257766,22.5218136],[113.9257542,22.5217292],[113.9257056,22.5215466],[113.9254797,22.5206978],[113.9252371,22.5197861],[113.9252235,22.5197348],[113.9251776,22.5195624],[113.9251599,22.5194956]]}},{"type":"Feature","id":"osm_way_996890880","properties":{"subtype":"road","class":"tertiary","subclass":null,"road_surface":null},"geometry":{"type":"LineString","coordinates":[[113.9238081,22.5221378],[113.9238639,22.5221852],[113.9239212,22.5222236],[113.9239818,22.5222396],[113.924031,22.5222419],[113.9240912,22.5222344],[113.9248444,22.5220053],[113.9249251,22.5219807],[113.9255156,22.521801],[113.9255725,22.5217837],[113.9257542,22.5217292],[113.9258198,22.5217085]]}},{"type":"Feature","id":"osm_way_996890881","properties":{"subtype":"road","class":"tertiary","subclass":null,"road_surface":null},"geometry":{"type":"LineString","coordinates":[[113.9252552,22.5195689],[113.9252993,22.519736],[113.9253136,22.5197901],[113.9257592,22.521479],[113.9257727,22.5215301],[113.9258198,22.5217085],[113.9258423,22.5217939],[113.9258952,22.5219941],[113.9259045,22.5220294],[113.9261294,22.5228865],[113.9261477,22.5229535],[113.9261833,22.5231844]]}},{"type":"Feature","id":"osm_way_996890883","properties":{"subtype":"road","class":"footway","subclass":null,"road_surface":null},"geometry":{"type":"LineString","coordinates":[[113.9294272,22.5194534],[113.9294832,22.5194447],[113.9295151654321,22.51943996438043]]}},{"type":"Feature","id":"osm_way_996890884","properties":{"subtype":"road","class":"residential","subclass":null,"road_surface":null},"geometry":{"type":"LineString","coordinates":[[113.9295151654321,22.519683798798418],[113.9294832,22.5194447],[113.9294672,22.5193249],[113.929458,22.5192555]]}},{"type":"Feature","id":"osm_way_996890894","properties":{"subtype":"road","class":"service","subclass":null,"road_surface":null},"geometry":{"type":"LineString","coordinates":[[113.9238079,22.5213255],[113.9236028,22.5207927],[113.9232676,22.5199142]]}},{"type":"Feature","id":"osm_way_1020027068","properties":{"subtype":"road","class":"footway","subclass":null,"road_surface":null},"geometry":{"type":"LineString","coordinates":[[113.91381492653748,22.517611847158804],[113.9141976,22.5179782],[113.9142818,22.5179729]]}},{"type":"Feature","id":"osm_way_1020027071","properties":{"subtype":"road","class":"footway","subclass":null,"road_surface":null},"geometry":{"type":"LineString","coordinates":[[113.91441,22.5180931],[113.9144215,22.5181815],[113.9165783,22.5202768],[113.9168449,22.5205359],[113.9171172,22.5207938],[113.9172053,22.5208527],[113.9173131,22.5208752],[113.9174103,22.5208766],[113.9175379,22.5208485],[113.9176336,22.5208022],[113.9182617,22.5203767]]}},{"type":"Feature","id":"osm_way_1020027072","properties":{"subtype":"road","class":"footway","subclass":null,"road_surface":null},"geometry":{"type":"LineString","coordinates":[[113.9142818,22.5179729],[113.9143617,22.5180479],[113.91441,22.5180931]]}},{"type":"Feature","id":"osm_way_1020027078","properties":{"subtype":"road","class":"footway","subclass":null,"road_surface":null},"geometry":{"type":"LineString","coordinates":[[113.921528,22.5178915],[113.9213409,22.5180303],[113.9212882,22.5180293],[113.921228,22.5179571]]}},{"type":"Feature","id":"osm_way_1020027088","properties":{"subtype":"road","class":"footway","subclass":null,"road_surface":null},"geometry":{"type":"LineString","coordinates":[[113.92226284948988,22.517611847158804],[113.922263,22.5176135],[113.9222833,22.5176685],[113.9223157,22.5176972],[113.9223657,22.5177209]]}},{"type":"Feature","id":"osm_way_1024614636","properties":{"subtype":"road","class":"footway","subclass":null,"road_surface":null},"geometry":{"type":"LineString","coordinates":[[113.9233138,22.5352217],[113.9232682,22.5353575],[113.9232338,22.5354598],[113.9232122,22.5355241]]}},{"type":"Feature","id":"osm_way_1024614637","properties":{"subtype":"road","class":"footway","subclass":null,"road_surface":null},"geometry":{"type":"LineString","coordinates":[[113.9232122,22.5355241],[113.9231175,22.5355207],[113.9229825,22.5355159]]}},{"type":"Feature","id":"osm_way_1031889491","properties":{"subtype":"road","class":"primary","subclass":null,"road_surface":null},"geometry":{"type":"LineString","coordinates":[[113.9185765,22.5270228],[113.918726,22.5269867]]}},{"type":"Feature","id":"osm_way_1031889492","properties":{"subtype":"road","class":"trunk","subclass":null,"road_surface":null},"geometry":{"type":"LineString","coordinates":[[113.9265117,22.5254063],[113.9259465,22.5255663],[113.9254162,22.5257029],[113.9249027,22.5258241],[113.9242784,22.5259662]]}},{"type":"Feature","id":"osm_way_1034171531","properties":{"subtype":"road","class":"primary","subclass":null,"road_surface":null},"geometry":{"type":"LineString","coordinates":[[113.919263,22.5270636],[113.9190274,22.5271189],[113.9187699,22.5271782]]}},{"type":"Feature","id":"osm_way_1034171532","properties":{"subtype":"road","class":"primary_link","subclass":null,"road_surface":null},"geometry":{"type":"LineString","coordinates":[[113.9234562,22.5264689],[113.9233691,22.5264441],[113.9233223,22.5264423],[113.9232725,22.5264514],[113.9232439,22.5264602],[113.9231914,22.5264764],[113.9231808,22.5264819],[113.923133,22.526511],[113.9230868,22.5265526],[113.9230432,22.5266082],[113.92301,22.5266607],[113.9229742,22.5267666]]}},{"type":"Feature","id":"osm_way_1034171533","properties":{"subtype":"road","class":"footway","subclass":null,"road_surface":null},"geometry":{"type":"LineString","coordinates":[[113.9121333,22.5263412],[113.9122534,22.5259179]]}},{"type":"Feature","id":"osm_way_1034171534","properties":{"subtype":"road","class":"steps","subclass":null,"road_surface":null},"geometry":{"type":"LineString","coordinates":[[113.91193,22.5258396],[113.9122534,22.5259179]]}},{"type":"Feature","id":"osm_way_1034171535","properties":{"subtype":"road","class":"steps","subclass":null,"road_surface":null},"geometry":{"type":"LineString","coordinates":[[113.9124529,22.5264186],[113.9121333,22.5263412]]}},{"type":"Feature","id":"osm_way_1034171536","properties":{"subtype":"road","class":"footway","subclass":null,"road_surface":null},"geometry":{"type":"LineString","coordinates":[[113.9124529,22.5264186],[113.9124324,22.5264772]]}},{"type":"Feature","id":"osm_way_1034171537","properties":{"subtype":"road","class":"footway","subclass":null,"road_surface":null},"geometry":{"type":"LineString","coordinates":[[113.9144247,22.5274005],[113.914418,22.5273096],[113.9144035,22.5272577],[113.9143727,22.5271903],[113.9143297,22.5271411],[113.9129983,22.5266605],[113.9125865,22.5265234],[113.9124324,22.5264772],[113.9117309,22.526302],[113.9113773,22.5262438],[113.9111465,22.526214],[113.9107923,22.5261837],[113.9104138,22.5261555],[113.9102169,22.5261466],[113.9101359,22.526231],[113.9100678,22.526302]]}},{"type":"Feature","id":"osm_way_1034171543","properties":{"subtype":"road","class":"footway","subclass":null,"road_surface":null},"geometry":{"type":"LineString","coordinates":[[113.91006483456792,22.526173039676934],[113.9101359,22.526231]]}},{"type":"Feature","id":"osm_way_1034171546","properties":{"subtype":"road","class":"footway","subclass":null,"road_surface":null},"geometry":{"type":"LineString","coordinates":[[113.9144569,22.5270384],[113.9144504,22.5269499],[113.9144358,22.5267507],[113.9144286,22.5266519],[113.9144378,22.5266451],[113.9144841,22.5266112],[113.914541,22.5266359],[113.9146618,22.5266884],[113.9147495,22.5267264],[113.9147737,22.5267608],[113.9148176,22.5268233],[113.914819,22.5268799],[113.9148237,22.5270787],[113.914825,22.5271314],[113.9147941,22.5271511],[113.9147568,22.5271749],[113.9146559,22.5271341],[113.9145407,22.5270875],[113.9144695,22.5270587],[113.9144631,22.5270485],[113.9144569,22.5270384]]}},{"type":"Feature","id":"osm_way_1034171547","properties":{"subtype":"road","class":"footway","subclass":null,"road_surface":null},"geometry":{"type":"LineString","coordinates":[[113.9144631,22.5270485],[113.9144191,22.5270789],[113.9143297,22.5271411]]}},{"type":"Feature","id":"osm_way_1034171548","properties":{"subtype":"road","class":"footway","subclass":null,"road_surface":null},"geometry":{"type":"LineString","coordinates":[[113.91006483456792,22.525550190609817],[113.9108025,22.5256044],[113.911162,22.5256388],[113.9115476,22.5256913],[113.9116642,22.525717],[113.9118195,22.5257511],[113.9119448,22.5257824],[113.912295,22.5258697],[113.9124262,22.5258463],[113.9127553,22.5259568],[113.9129613,22.5260259],[113.9142749,22.5265138],[113.9143427,22.5264662],[113.9144242,22.526409]]}},{"type":"Feature","id":"osm_way_1034171549","properties":{"subtype":"road","class":"footway","subclass":null,"road_surface":null},"geometry":{"type":"LineString","coordinates":[[113.9144378,22.5266451],[113.9144032,22.52658],[113.9143427,22.5264662]]}},{"type":"Feature","id":"osm_way_1034171550","properties":{"subtype":"road","class":"footway","subclass":null,"road_surface":null},"geometry":{"type":"LineString","coordinates":[[113.9147941,22.5271511],[113.9148353,22.5272171],[113.9149167,22.5273436]]}},{"type":"Feature","id":"osm_way_1034171551","properties":{"subtype":"road","class":"footway","subclass":null,"road_surface":null},"geometry":{"type":"LineString","coordinates":[[113.9147737,22.5267608],[113.9147986,22.5267408],[113.9148687,22.5266845]]}},{"type":"Feature","id":"osm_way_1034171552","properties":{"subtype":"road","class":"footway","subclass":null,"road_surface":null},"geometry":{"type":"LineString","coordinates":[[113.9149167,22.5273436],[113.9155778,22.52757],[113.915616,22.5275809],[113.9158347,22.5276431],[113.9160527,22.5277015],[113.9162009,22.5277338],[113.916369,22.5277553],[113.9165565,22.527766]]}},{"type":"Feature","id":"osm_way_1034171553","properties":{"subtype":"road","class":"footway","subclass":null,"road_surface":null},"geometry":{"type":"LineString","coordinates":[[113.91193,22.5258396],[113.9119448,22.5257824]]}},{"type":"Feature","id":"osm_way_1034171555","properties":{"subtype":"road","class":"footway","subclass":null,"road_surface":null},"geometry":{"type":"LineString","coordinates":[[113.9223934,22.5264195],[113.9222503,22.5259424]]}},{"type":"Feature","id":"osm_way_1034171556","properties":{"subtype":"road","class":"footway","subclass":null,"road_surface":null},"geometry":{"type":"LineString","coordinates":[[113.9250109,22.5250375],[113.9250485,22.525012]]}},{"type":"Feature","id":"osm_way_1034171557","properties":{"subtype":"road","class":"footway","subclass":null,"road_surface":null},"geometry":{"type":"LineString","coordinates":[[113.9247292,22.5246956],[113.9247924,22.5246542]]}},{"type":"Feature","id":"osm_way_1034171558","properties":{"subtype":"road","class":"footway","subclass":null,"road_surface":null},"geometry":{"type":"LineString","coordinates":[[113.9250779,22.5260335],[113.9251163,22.5260769]]}},{"type":"Feature","id":"osm_way_1034171559","properties":{"subtype":"road","class":"footway","subclass":null,"road_surface":null},"geometry":{"type":"LineString","coordinates":[[113.9247718,22.5265031],[113.9248185,22.5265209]]}},{"type":"Feature","id":"osm_way_1034171560","properties":{"subtype":"road","class":"steps","subclass":null,"road_surface":null},"geometry":{"type":"LineString","coordinates":[[113.9226041,22.5258519],[113.9222503,22.5259424]]}},{"type":"Feature","id":"osm_way_1034171561","properties":{"subtype":"road","class":"steps","subclass":null,"road_surface":null},"geometry":{"type":"LineString","coordinates":[[113.9220505,22.5265072],[113.9223934,22.5264195]]}},{"type":"Feature","id":"osm_way_1034171562","properties":{"subtype":"road","class":"footway","subclass":null,"road_surface":null},"geometry":{"type":"LineString","coordinates":[[113.9220505,22.5265072],[113.9220636,22.5265531]]}},{"type":"Feature","id":"osm_way_1038803708","properties":{"subtype":"road","class":"residential","subclass":null,"road_surface":null},"geometry":{"type":"LineString","coordinates":[[113.9125609,22.5181486],[113.9124917,22.5180822],[113.912461,22.5180532],[113.9122438,22.5178417],[113.9121317,22.5177231],[113.9120362987437,22.517611847158804]]}},{"type":"Feature","id":"osm_way_1038803709","properties":{"subtype":"road","class":"unclassified","subclass":null,"road_surface":null},"geometry":{"type":"LineString","coordinates":[[113.91006483456792,22.51767267199653],[113.91022598224232,22.517611847158804]]}},{"type":"Feature","id":"osm_way_1038803718","properties":{"subtype":"road","class":"unclassified","subclass":null,"road_surface":null},"geometry":{"type":"LineString","coordinates":[[113.91037697620814,22.517611847158804],[113.91006483456792,22.51773075825984]]}},{"type":"Feature","id":"osm_way_1050765253","properties":{"subtype":"road","class":"secondary","subclass":null,"road_surface":null},"geometry":{"type":"LineString","coordinates":[[113.9229172,22.5199205],[113.9233042,22.5208943],[113.9235123,22.5214116],[113.923581,22.5215869]]}},{"type":"Feature","id":"osm_way_1050765254","properties":{"subtype":"road","class":"footway","subclass":null,"road_surface":null},"geometry":{"type":"LineString","coordinates":[[113.9237458,22.5213436],[113.9238336,22.5215882],[113.9237759,22.5216688],[113.923741,22.5217182],[113.9239044,22.522147],[113.9240112,22.5221844],[113.9248211,22.5219408],[113.9249056,22.5219154],[113.9255548,22.5217212],[113.9256199,22.5215672],[113.9254041,22.5207157]]}},{"type":"Feature","id":"osm_way_1050765255","properties":{"subtype":"road","class":"primary_link","subclass":null,"road_surface":null},"geometry":{"type":"LineString","coordinates":[[113.923581,22.5215869],[113.9236234,22.5219303]]}},{"type":"Feature","id":"osm_way_1050765256","properties":{"subtype":"road","class":"unclassified","subclass":null,"road_surface":null},"geometry":{"type":"LineString","coordinates":[[113.9241349,22.5229624],[113.9242214,22.5230999],[113.9242461,22.5231461],[113.9243767,22.5234508],[113.9244016,22.5234978],[113.9244274,22.5235317],[113.9244612,22.5235568],[113.9245144,22.5235666],[113.9245789,22.5235596],[113.9247898,22.5235099]]}},{"type":"Feature","id":"osm_way_1050765258","properties":{"subtype":"road","class":"primary","subclass":null,"road_surface":null},"geometry":{"type":"LineString","coordinates":[[113.9242614,22.5238868],[113.9241819,22.5236658],[113.9241563,22.5236],[113.9240546,22.523373],[113.923977,22.5232085],[113.923846,22.5229049],[113.9236229,22.5223115],[113.9227367,22.5200795],[113.9226152,22.5197734],[113.9223067,22.5189965],[113.9222403,22.5187903],[113.922183,22.518617],[113.9221297,22.5184364],[113.9220438,22.51809],[113.9220299,22.5180081]]}},{"type":"Feature","id":"osm_way_1050765259","properties":{"subtype":"road","class":"secondary","subclass":null,"road_surface":null},"geometry":{"type":"LineString","coordinates":[[113.9220299,22.5180081],[113.9219891,22.5180243],[113.9217159,22.5182145],[113.9208172,22.5188497],[113.9200013,22.5194246],[113.9176231,22.5210072]]}},{"type":"Feature","id":"osm_way_1050765260","properties":{"subtype":"road","class":"primary","subclass":null,"road_surface":null},"geometry":{"type":"LineString","coordinates":[[113.922404,22.5188435],[113.9224569,22.5189865],[113.9225161,22.5191385],[113.9236234,22.5219303]]}},{"type":"Feature","id":"osm_way_1050765261","properties":{"subtype":"road","class":"secondary","subclass":null,"road_surface":null},"geometry":{"type":"LineString","coordinates":[[113.923581,22.5215869],[113.9238081,22.5221378],[113.9239595,22.5225441],[113.9241349,22.5229624]]}},{"type":"Feature","id":"osm_way_1050765262","properties":{"subtype":"road","class":"primary","subclass":null,"road_surface":null},"geometry":{"type":"LineString","coordinates":[[113.9236234,22.5219303],[113.9239509,22.5227723],[113.9241081,22.5232294],[113.9241506,22.5233482],[113.924242,22.5235761],[113.9243493,22.5238527]]}},{"type":"Feature","id":"osm_way_1050765301","properties":{"subtype":"road","class":"primary","subclass":null,"road_surface":null},"geometry":{"type":"LineString","coordinates":[[113.9222456,22.5182712],[113.9222826,22.5184217],[113.9223361,22.5186293],[113.922404,22.5188435]]}},{"type":"Feature","id":"osm_way_1050765304","properties":{"subtype":"road","class":"footway","subclass":null,"road_surface":null},"geometry":{"type":"LineString","coordinates":[[113.9245048,22.523522],[113.9243566,22.5233295],[113.9240375,22.5225497],[113.9240319,22.5224976],[113.9240535,22.5224577],[113.9240953,22.5224287],[113.9243282,22.5223542],[113.9249074,22.5221799],[113.925248,22.5220774],[113.9256248,22.5219728]]}},{"type":"Feature","id":"osm_way_1050765305","properties":{"subtype":"road","class":"footway","subclass":null,"road_surface":null},"geometry":{"type":"LineString","coordinates":[[113.9245262,22.523621],[113.9245144,22.5235666],[113.9245048,22.523522]]}},{"type":"Feature","id":"osm_way_1050921424","properties":{"subtype":"road","class":"tertiary","subclass":null,"road_surface":null},"geometry":{"type":"LineString","coordinates":[[113.9148059,22.5250209],[113.9147128,22.5250626],[113.9146571,22.525109],[113.9146186,22.5251567],[113.9145764,22.5252461]]}},{"type":"Feature","id":"osm_way_1050921425","properties":{"subtype":"road","class":"tertiary","subclass":null,"road_surface":null},"geometry":{"type":"LineString","coordinates":[[113.9145536,22.5248667],[113.914619,22.5249486],[113.9147048,22.5249932],[113.9148059,22.5250209]]}},{"type":"Feature","id":"osm_way_1050943012","properties":{"subtype":"road","class":"secondary","subclass":null,"road_surface":null},"geometry":{"type":"LineString","coordinates":[[113.9281627,22.5177577],[113.92878239276408,22.517611847158804]]}},{"type":"Feature","id":"osm_way_1050943013","properties":{"subtype":"road","class":"primary","subclass":null,"road_surface":null},"geometry":{"type":"LineString","coordinates":[[113.9278388,22.5200204],[113.9278845,22.520806],[113.9279068,22.5211273],[113.9279338,22.5213455],[113.9279537,22.5214773],[113.927982,22.5216389],[113.9280129,22.5217904],[113.9280532,22.5219756],[113.9281035,22.5221778],[113.9281937,22.5225209],[113.9283089,22.5229304]]}},{"type":"Feature","id":"osm_way_1050943014","properties":{"subtype":"road","class":"secondary","subclass":null,"road_surface":null},"geometry":{"type":"LineString","coordinates":[[113.92919322282594,22.517611847158804],[113.9285189,22.5177809],[113.9281827,22.5178687],[113.9278312,22.5179637],[113.9277437,22.5179865]]}},{"type":"Feature","id":"osm_way_1050943015","properties":{"subtype":"road","class":"primary","subclass":null,"road_surface":null},"geometry":{"type":"LineString","coordinates":[[113.9283056,22.5233154],[113.9282395,22.5231187],[113.928174,22.5229509],[113.9280668,22.5225763],[113.9280488,22.5225207],[113.9279633,22.5222128],[113.9279103,22.5219972],[113.9278646,22.5217748],[113.927834,22.521585],[113.9277965,22.5213925],[113.9277685,22.5212059],[113.927753,22.5210536],[113.9277374,22.5208517],[113.9276882,22.520155],[113.9276721,22.5198037],[113.9276669,22.5197163]]}},{"type":"Feature","id":"osm_way_1055022186","properties":{"subtype":"road","class":"primary","subclass":null,"road_surface":null},"geometry":{"type":"LineString","coordinates":[[113.918726,22.5269867],[113.9187699,22.5271782]]}},{"type":"Feature","id":"osm_way_1055022187","properties":{"subtype":"road","class":"secondary","subclass":null,"road_surface":null},"geometry":{"type":"LineString","coordinates":[[113.9192995,22.5353465],[113.9194488,22.535343],[113.9196246,22.535339],[113.9198479,22.5353333]]}},{"type":"Feature","id":"osm_way_1055022188","properties":{"subtype":"road","class":"primary","subclass":null,"road_surface":null},"geometry":{"type":"LineString","coordinates":[[113.9198479,22.5353333],[113.9198389,22.5350828],[113.9198315,22.5347559]]}},{"type":"Feature","id":"osm_way_1055022189","properties":{"subtype":"road","class":"secondary","subclass":null,"road_surface":null},"geometry":{"type":"LineString","coordinates":[[113.9268382,22.5355115],[113.9267451,22.5355124],[113.9263723,22.535514]]}},{"type":"Feature","id":"osm_way_1055022190","properties":{"subtype":"road","class":"secondary","subclass":null,"road_surface":null},"geometry":{"type":"LineString","coordinates":[[113.92685191010693,22.535578152841197],[113.9268481,22.5355589],[113.9268382,22.5355115]]}},{"type":"Feature","id":"osm_way_1055022191","properties":{"subtype":"road","class":"secondary","subclass":null,"road_surface":null},"geometry":{"type":"LineString","coordinates":[[113.9269799,22.5348741],[113.92707,22.5350327],[113.9271352,22.5351371],[113.9272399,22.535305],[113.9272603,22.53534],[113.9272728,22.5353615],[113.9272937,22.5354065],[113.9273086,22.5354543]]}},{"type":"Feature","id":"osm_way_1055022192","properties":{"subtype":"road","class":"secondary","subclass":null,"road_surface":null},"geometry":{"type":"LineString","coordinates":[[113.9136098,22.5311935],[113.9134131,22.531221],[113.9122178,22.5312531],[113.9120203,22.5312584],[113.9114096,22.5312747],[113.9106421,22.5312953],[113.9106034,22.531295],[113.9103718,22.5312934],[113.910262,22.5312926]]}},{"type":"Feature","id":"osm_way_1055022193","properties":{"subtype":"road","class":"secondary","subclass":null,"road_surface":null},"geometry":{"type":"LineString","coordinates":[[113.9102802,22.5347616],[113.9102753,22.5315296],[113.9102718,22.5314664],[113.910262,22.5312926]]}},{"type":"Feature","id":"osm_way_1055022194","properties":{"subtype":"road","class":"secondary","subclass":null,"road_surface":null},"geometry":{"type":"LineString","coordinates":[[113.9103691,22.5312411],[113.9106024,22.5312401],[113.9106319,22.53124],[113.9114086,22.5312176],[113.9120098,22.5312002],[113.9122186,22.5311942],[113.9134107,22.5311598],[113.9136098,22.5311935]]}},{"type":"Feature","id":"osm_way_1055022195","properties":{"subtype":"road","class":"secondary","subclass":null,"road_surface":null},"geometry":{"type":"LineString","coordinates":[[113.9103691,22.5312411],[113.9103718,22.5312934],[113.9103803,22.5314638],[113.9103834,22.5315254],[113.9103899,22.5337001],[113.9104171,22.5346039]]}},{"type":"Feature","id":"osm_way_1058988267","properties":{"subtype":"road","class":"secondary","subclass":null,"road_surface":null},"geometry":{"type":"LineString","coordinates":[[113.913957,22.5355588],[113.9134746,22.5355229],[113.9128257,22.535482],[113.9119282,22.5354113],[113.9109634,22.5353501]]}},{"type":"Feature","id":"osm_way_1058988268","properties":{"subtype":"road","class":"secondary","subclass":null,"road_surface":null},"geometry":{"type":"LineString","coordinates":[[113.9104171,22.5346039],[113.9104181,22.5349559],[113.9104215,22.535078],[113.9104239,22.5351731],[113.9104219,22.5353125]]}},{"type":"Feature","id":"osm_way_1058988269","properties":{"subtype":"road","class":"secondary","subclass":null,"road_surface":"asphalt"},"geometry":{"type":"LineString","coordinates":[[113.911004,22.5352323],[113.9119413,22.535298],[113.9128333,22.535363],[113.913483,22.5354132],[113.9138961,22.5354401],[113.9141331,22.5354573],[113.9142481,22.5354647]]}},{"type":"Feature","id":"osm_way_1058988270","properties":{"subtype":"road","class":"primary","subclass":null,"road_surface":null},"geometry":{"type":"LineString","coordinates":[[113.9231241,22.5258858],[113.9259968,22.5252225]]}},{"type":"Feature","id":"osm_way_1058988271","properties":{"subtype":"road","class":"primary","subclass":null,"road_surface":null},"geometry":{"type":"LineString","coordinates":[[113.9286707,22.5246511],[113.9290987,22.5246135],[113.9295151654321,22.524571087596705]]}},{"type":"Feature","id":"osm_way_1100775500","properties":{"subtype":"road","class":"secondary","subclass":null,"road_surface":null},"geometry":{"type":"LineString","coordinates":[[113.9231558,22.5353562],[113.9232682,22.5353575],[113.9233094,22.535358],[113.9242236,22.5353686],[113.9248108,22.5353824],[113.9253853,22.5353901],[113.9259036,22.5354008],[113.9263056,22.5354098]]}},{"type":"Feature","id":"osm_way_1100775501","properties":{"subtype":"road","class":"tertiary","subclass":null,"road_surface":null},"geometry":{"type":"LineString","coordinates":[[113.92310274859483,22.535578152841197],[113.9231175,22.5355207],[113.9231337,22.5354569],[113.9231558,22.5353562]]}},{"type":"Feature","id":"osm_way_1100775502","properties":{"subtype":"road","class":"secondary","subclass":null,"road_surface":null},"geometry":{"type":"LineString","coordinates":[[113.9263723,22.535514],[113.9259024,22.5355098],[113.9253865,22.5354981],[113.9245382,22.535484],[113.9235197,22.5354668],[113.923489,22.5354663]]}},{"type":"Feature","id":"osm_way_1100775503","properties":{"subtype":"road","class":"primary","subclass":null,"road_surface":null},"geometry":{"type":"LineString","coordinates":[[113.925365,22.5251655],[113.9258841,22.5250886],[113.9266508,22.5249388]]}},{"type":"Feature","id":"osm_way_1100775504","properties":{"subtype":"road","class":"tertiary","subclass":null,"road_surface":null},"geometry":{"type":"LineString","coordinates":[[113.9251599,22.5194956],[113.9251161,22.5193161],[113.925107,22.5192743],[113.9250059,22.518836],[113.9249687,22.5186791],[113.9249486,22.5185394],[113.9249409,22.5183786],[113.9249442,22.518213],[113.9249399,22.5181808],[113.9249316,22.5181384],[113.9249172,22.5180922],[113.924889,22.5180415],[113.9248463,22.5179925],[113.9247899,22.5179549]]}},{"type":"Feature","id":"osm_way_1100775505","properties":{"subtype":"road","class":"tertiary","subclass":null,"road_surface":null},"geometry":{"type":"LineString","coordinates":[[113.9228911,22.5198548],[113.9229948,22.5198203],[113.9231311,22.519775],[113.9231613,22.5197598],[113.9240174,22.5194806],[113.9240672,22.5194684],[113.924117,22.5194562],[113.9242061,22.5194431],[113.9242948,22.5194403],[113.9243614,22.5194427],[113.9243975,22.519444],[113.9249126,22.5194788],[113.9249695,22.5194827],[113.9251599,22.5194956]]}},{"type":"Feature","id":"osm_way_1100775506","properties":{"subtype":"road","class":"tertiary","subclass":null,"road_surface":null},"geometry":{"type":"LineString","coordinates":[[113.9251361,22.5179628],[113.9250812,22.5179842],[113.9250439,22.5180155],[113.9250182,22.5180522],[113.9250097,22.518097],[113.9250064,22.5183431],[113.925011,22.5184797],[113.925031,22.5186319],[113.9250752,22.5188177],[113.9251695,22.5192442],[113.9251864,22.519308],[113.9252372,22.5195008],[113.9252552,22.5195689]]}},{"type":"Feature","id":"osm_way_1100775507","properties":{"subtype":"road","class":"tertiary","subclass":null,"road_surface":null},"geometry":{"type":"LineString","coordinates":[[113.9252552,22.5195689],[113.9251776,22.5195624],[113.9249785,22.5195503],[113.9249242,22.5195466],[113.9244083,22.5195119],[113.9243585,22.5195096],[113.9243087,22.5195072],[113.9242124,22.519511],[113.9241258,22.5195222],[113.9240841,22.5195335],[113.9240424,22.5195448],[113.9231563,22.5198406],[113.9230201,22.5198861],[113.9229172,22.5199205]]}},{"type":"Feature","id":"osm_way_1100775512","properties":{"subtype":"road","class":"secondary","subclass":null,"road_surface":null},"geometry":{"type":"LineString","coordinates":[[113.922404,22.5188435],[113.9225506,22.5190597],[113.9225972,22.519142],[113.9226566,22.5192647],[113.9228911,22.5198548],[113.9229172,22.5199205]]}},{"type":"Feature","id":"osm_way_1100775513","properties":{"subtype":"road","class":"secondary","subclass":null,"road_surface":null},"geometry":{"type":"LineString","coordinates":[[113.9204736,22.5354259],[113.9202766,22.5354312],[113.9201191,22.5354354],[113.919993,22.5354385]]}},{"type":"Feature","id":"osm_way_1100775514","properties":{"subtype":"road","class":"primary","subclass":null,"road_surface":null},"geometry":{"type":"LineString","coordinates":[[113.919993,22.5354385],[113.91999729172838,22.535578152841197]]}},{"type":"Feature","id":"osm_way_1102478861","properties":{"subtype":"road","class":"primary","subclass":null,"road_surface":null},"geometry":{"type":"LineString","coordinates":[[113.9225556,22.5262482],[113.9223921,22.5263044],[113.921653,22.5264839],[113.9213132,22.5265664],[113.9209861,22.5266458],[113.9203762,22.5267953],[113.919263,22.5270636]]}},{"type":"Feature","id":"osm_way_1125341832","properties":{"subtype":"road","class":"footway","subclass":null,"road_surface":null},"geometry":{"type":"LineString","coordinates":[[113.9280442,22.5261824],[113.9282743,22.5260795],[113.928449,22.5259878]]}},{"type":"Feature","id":"osm_way_1125341833","properties":{"subtype":"road","class":"footway","subclass":null,"road_surface":null},"geometry":{"type":"LineString","coordinates":[[113.9284525,22.5259416],[113.928446,22.5259559],[113.9284449,22.5259714],[113.928449,22.5259878],[113.9284587,22.5259987],[113.9284718,22.5260076],[113.9284872,22.5260122],[113.9285034,22.526012],[113.9285187,22.526007],[113.9285315,22.5259978],[113.9285404,22.5259853],[113.9285445,22.5259708],[113.9285434,22.5259559],[113.9285372,22.5259421],[113.9285265,22.5259308],[113.9285119,22.5259231],[113.9284953,22.5259203],[113.9284787,22.5259227],[113.9284639,22.5259301],[113.9284525,22.5259416]]}},{"type":"Feature","id":"osm_way_1125364876","properties":{"subtype":"road","class":"footway","subclass":null,"road_surface":null},"geometry":{"type":"LineString","coordinates":[[113.9253595,22.5273508],[113.9253433,22.5273623],[113.9253239,22.5273682],[113.9253034,22.5273678],[113.9252847,22.5273615],[113.9252692,22.52735],[113.9252586,22.5273345],[113.9252538,22.5273167],[113.9252555,22.5272984],[113.9252635,22.5272816],[113.9252769,22.527268],[113.9252943,22.5272591],[113.9253139,22.5272559],[113.9253335,22.5272586],[113.9253512,22.527267],[113.9253654,22.5272807],[113.9253738,22.5272979],[113.9253757,22.5273167],[113.9253707,22.527335],[113.9253595,22.5273508]]}},{"type":"Feature","id":"osm_way_1125364877","properties":{"subtype":"road","class":"service","subclass":null,"road_surface":null},"geometry":{"type":"LineString","coordinates":[[113.9259051,22.5258933],[113.9259992,22.5262956],[113.9260094,22.5263394],[113.9260296,22.5263914]]}},{"type":"Feature","id":"osm_way_1125364880","properties":{"subtype":"road","class":"service","subclass":null,"road_surface":null},"geometry":{"type":"LineString","coordinates":[[113.9259051,22.5258933],[113.9258699,22.5259124],[113.9255222,22.5259987],[113.9252949,22.5261712],[113.9251004,22.5264028],[113.9250193,22.5268253],[113.9250124,22.5268617],[113.9251969,22.5268925]]}},{"type":"Feature","id":"osm_way_1125553400","properties":{"subtype":"road","class":"footway","subclass":null,"road_surface":null},"geometry":{"type":"LineString","coordinates":[[113.9274021,22.5260521],[113.927368,22.5259341],[113.9273923,22.5258655],[113.9272843,22.5254643]]}},{"type":"Feature","id":"osm_way_1126957172","properties":{"subtype":"road","class":"primary","subclass":null,"road_surface":null},"geometry":{"type":"LineString","coordinates":[[113.92773091044143,22.517611847158804],[113.9277355,22.5177514],[113.9277395,22.5178631]]}},{"type":"Feature","id":"osm_way_1126957173","properties":{"subtype":"road","class":"secondary","subclass":null,"road_surface":null},"geometry":{"type":"LineString","coordinates":[[113.9277395,22.5178631],[113.9275598,22.5178759],[113.9274155,22.5178786],[113.9270945,22.5178845]]}},{"type":"Feature","id":"osm_way_1126957174","properties":{"subtype":"road","class":"secondary","subclass":null,"road_surface":null},"geometry":{"type":"LineString","coordinates":[[113.9281937,22.5225209],[113.9282799,22.5225765],[113.9283278,22.5226059],[113.9283949,22.5226385],[113.9284458,22.5226484],[113.9285129,22.5226596],[113.9285659,22.5226625],[113.928617,22.5226593],[113.9295151654321,22.522558271378298]]}},{"type":"Feature","id":"osm_way_1126957181","properties":{"subtype":"road","class":"primary","subclass":null,"road_surface":null},"geometry":{"type":"LineString","coordinates":[[113.9141587,22.5182301],[113.9140066,22.5180918],[113.91349252259559,22.517611847158804]]}},{"type":"Feature","id":"osm_way_1126957182","properties":{"subtype":"road","class":"secondary","subclass":null,"road_surface":null},"geometry":{"type":"LineString","coordinates":[[113.9141587,22.5182301],[113.9142509,22.5181474]]}},{"type":"Feature","id":"osm_way_1126957198","properties":{"subtype":"road","class":"primary","subclass":null,"road_surface":null},"geometry":{"type":"LineString","coordinates":[[113.9220299,22.5180081],[113.9220025,22.5178577]]}},{"type":"Feature","id":"osm_way_1126957199","properties":{"subtype":"road","class":"secondary","subclass":null,"road_surface":null},"geometry":{"type":"LineString","coordinates":[[113.9226291,22.5179398],[113.9222851,22.5179369],[113.9221962,22.5179362]]}},{"type":"Feature","id":"osm_way_1126957202","properties":{"subtype":"road","class":"primary","subclass":null,"road_surface":null},"geometry":{"type":"LineString","coordinates":[[113.91369484844516,22.517611847158804],[113.9142509,22.5181474]]}},{"type":"Feature","id":"osm_way_1126957205","properties":{"subtype":"road","class":"unclassified","subclass":null,"road_surface":null},"geometry":{"type":"LineString","coordinates":[[113.91100456533643,22.517611847158804],[113.9111855,22.5179983],[113.9112199,22.5180672],[113.9112571,22.5181347],[113.9112972,22.5182009],[113.91134,22.5182655]]}},{"type":"Feature","id":"osm_way_1131866345","properties":{"subtype":"road","class":"primary_link","subclass":null,"road_surface":null},"geometry":{"type":"LineString","coordinates":[[113.9241455,22.5273997],[113.9241016,22.5273359],[113.9240622,22.5272807],[113.9240199,22.5272305],[113.923969,22.5271738],[113.9237994,22.527004],[113.9236172,22.5268074]]}},{"type":"Feature","id":"osm_way_1131866346","properties":{"subtype":"road","class":"construction","subclass":null,"road_surface":"asphalt"},"geometry":{"type":"LineString","coordinates":[[113.9259094,22.5252839],[113.9271788,22.5248231],[113.9273983,22.5247412],[113.9276314,22.5246646]]}},{"type":"Feature","id":"osm_way_1131866347","properties":{"subtype":"road","class":"construction","subclass":null,"road_surface":"asphalt"},"geometry":{"type":"LineString","coordinates":[[113.9276314,22.5246646],[113.9278093,22.5246193],[113.9279491,22.5245693],[113.9280659,22.5245056],[113.9281769,22.5244084],[113.9282672,22.5243136]]}},{"type":"Feature","id":"osm_way_1131866348","properties":{"subtype":"road","class":"construction","subclass":null,"road_surface":"asphalt"},"geometry":{"type":"LineString","coordinates":[[113.9282672,22.5243136],[113.9283301,22.5241894],[113.9283606,22.5240901],[113.9283673,22.5239984],[113.9283573,22.5238636]]}},{"type":"Feature","id":"osm_way_1144355674","properties":{"subtype":"road","class":"primary_link","subclass":null,"road_surface":null},"geometry":{"type":"LineString","coordinates":[[113.9199768,22.5347538],[113.9200326,22.534929],[113.9200601,22.5350086],[113.9200965,22.5350825],[113.9201603,22.5351579],[113.9202713,22.5352181],[113.9204269,22.5352522],[113.9207254,22.5353135]]}},{"type":"Feature","id":"osm_way_1144672359","properties":{"subtype":"road","class":"residential","subclass":null,"road_surface":"asphalt"},"geometry":{"type":"LineString","coordinates":[[113.9118058,22.5185366],[113.912177,22.5184092],[113.9123045,22.5183448],[113.9124257,22.5182647],[113.9125609,22.5181486],[113.91316330466346,22.517611847158804]]}},{"type":"Feature","id":"osm_way_1144672360","properties":{"subtype":"road","class":"unclassified","subclass":null,"road_surface":null},"geometry":{"type":"LineString","coordinates":[[113.91134,22.5182655],[113.9113881,22.5183322],[113.9114365,22.5183987],[113.9114955,22.5184737],[113.9115555,22.5185404],[113.9116118,22.5186007]]}},{"type":"Feature","id":"osm_way_1144672362","properties":{"subtype":"road","class":"service","subclass":"parking_aisle","road_surface":null},"geometry":{"type":"LineString","coordinates":[[113.91134,22.5182655],[113.911524,22.5181999]]}},{"type":"Feature","id":"osm_way_1144672364","properties":{"subtype":"road","class":"residential","subclass":null,"road_surface":"asphalt"},"geometry":{"type":"LineString","coordinates":[[113.9111224,22.5188401],[113.9112029,22.5187837],[113.9112805,22.5187415],[113.911366,22.5187011],[113.9114622,22.5186606],[113.9116118,22.5186007]]}},{"type":"Feature","id":"osm_way_1144672365","properties":{"subtype":"road","class":"service","subclass":"parking_aisle","road_surface":null},"geometry":{"type":"LineString","coordinates":[[113.9117643,22.5184513],[113.9118058,22.5185366]]}},{"type":"Feature","id":"osm_way_1153442994","properties":{"subtype":"road","class":"service","subclass":null,"road_surface":null},"geometry":{"type":"LineString","coordinates":[[113.9250124,22.5268617],[113.9248903,22.5276212],[113.9248743,22.5277394],[113.9248415,22.5280557],[113.9248555,22.5282433],[113.9248974,22.5283195]]}},{"type":"Feature","id":"osm_way_1153442995","properties":{"subtype":"road","class":"service","subclass":null,"road_surface":null},"geometry":{"type":"LineString","coordinates":[[113.9253162,22.5285005],[113.925254,22.5285017],[113.9250581,22.5285056],[113.9248974,22.5283195]]}},{"type":"Feature","id":"osm_way_1153442997","properties":{"subtype":"road","class":"service","subclass":null,"road_surface":null},"geometry":{"type":"LineString","coordinates":[[113.9259051,22.5258933],[113.9261616,22.5257923],[113.9268455,22.5256221],[113.9271905,22.5255406]]}},{"type":"Feature","id":"osm_way_1153442999","properties":{"subtype":"road","class":"footway","subclass":null,"road_surface":null},"geometry":{"type":"LineString","coordinates":[[113.9247655,22.5268011],[113.9250124,22.5268617]]}},{"type":"Feature","id":"osm_way_1162797146","properties":{"subtype":"road","class":"footway","subclass":null,"road_surface":null},"geometry":{"type":"MultiLineString","coordinates":[[[113.9253982,22.5259389],[113.9260843,22.5257455],[113.9267696,22.5255869],[113.9272843,22.5254643],[113.9273262,22.5254543],[113.9281416,22.525266],[113.928269,22.5252574],[113.9284836,22.5252809],[113.9286351,22.5253292],[113.9288215,22.525437],[113.9289543,22.5256575],[113.9290167,22.5257792],[113.9290388,22.5258223],[113.9294371,22.5266758],[113.9295151654321,22.52683729967644]],[[113.9295151654321,22.528091748023],[113.9276973,22.5282821],[113.9276546,22.5282877],[113.9269399,22.5283808],[113.9267919,22.5284107],[113.9265387,22.5284619],[113.9260987,22.5285837],[113.9257646,22.5287065],[113.9254693,22.5288323],[113.9253238,22.5288079],[113.9252579,22.5288496],[113.9252237,22.5289218],[113.9251443,22.5289818],[113.9246993,22.5292028],[113.9246424,22.529213],[113.9245982,22.5292008],[113.9245788,22.5291676],[113.9246042,22.5282472],[113.9246267,22.5279515],[113.9246543,22.5276858],[113.9247571,22.5268458],[113.9247655,22.5268011],[113.9248054,22.5265905],[113.9248185,22.5265209],[113.9248269,22.5264765],[113.9248617,22.5263774],[113.9249154,22.5262833],[113.9249771,22.5262015],[113.9250602,22.5261198],[113.9251163,22.5260769],[113.9251541,22.5260479],[113.9252614,22.5259885],[113.9253982,22.5259389]]]}},{"type":"Feature","id":"osm_way_1162797147","properties":{"subtype":"road","class":"footway","subclass":null,"road_surface":null},"geometry":{"type":"LineString","coordinates":[[113.9291731,22.5257246],[113.929353,22.5256618]]}},{"type":"Feature","id":"osm_way_1162797148","properties":{"subtype":"road","class":"footway","subclass":null,"road_surface":null},"geometry":{"type":"LineString","coordinates":[[113.9290167,22.5257792],[113.9291205,22.525743],[113.9291731,22.5257246]]}},{"type":"Feature","id":"osm_way_1162797150","properties":{"subtype":"road","class":"footway","subclass":null,"road_surface":null},"geometry":{"type":"LineString","coordinates":[[113.929353,22.5256618],[113.9293895,22.525649],[113.9295108,22.5256066]]}},{"type":"Feature","id":"osm_way_1164575267","properties":{"subtype":"road","class":"service","subclass":null,"road_surface":null},"geometry":{"type":"LineString","coordinates":[[113.9254628,22.5269188],[113.9254019,22.5269236],[113.9251969,22.5268925]]}},{"type":"Feature","id":"osm_way_1164575268","properties":{"subtype":"road","class":"footway","subclass":null,"road_surface":null},"geometry":{"type":"LineString","coordinates":[[113.9253335,22.5272586],[113.9253573,22.5272299],[113.9254019,22.5269236],[113.9254105,22.5268333],[113.9254544,22.5267287],[113.9254906,22.5266355],[113.9255407,22.5265558],[113.9256516,22.526422],[113.9258323,22.5263544],[113.925969,22.5263032],[113.9259992,22.5262956],[113.9261808,22.5262499],[113.9269457,22.5260663],[113.926995,22.5259439],[113.9269719,22.5257938],[113.9269318,22.5257845],[113.9268925,22.5257618],[113.9268778,22.5256935],[113.9261423,22.5258777]]}},{"type":"Feature","id":"osm_way_1164575269","properties":{"subtype":"road","class":"footway","subclass":null,"road_surface":null},"geometry":{"type":"LineString","coordinates":[[113.9254105,22.5268333],[113.9251055,22.526781],[113.9251675,22.5264609],[113.9254023,22.5261858],[113.9255629,22.5260722],[113.9257062,22.5260384],[113.9258323,22.5263544]]}},{"type":"Feature","id":"osm_way_1167565895","properties":{"subtype":"road","class":"trunk_link","subclass":null,"road_surface":null},"geometry":{"type":"LineString","coordinates":[[113.9295151654321,22.524962787584116],[113.9292508,22.5250331]]}},{"type":"Feature","id":"osm_way_1185860516","properties":{"subtype":"road","class":"footway","subclass":null,"road_surface":null},"geometry":{"type":"LineString","coordinates":[[113.9237652,22.5216402],[113.9237759,22.5216688]]}},{"type":"Feature","id":"osm_way_1185860517","properties":{"subtype":"road","class":"service","subclass":null,"road_surface":null},"geometry":{"type":"LineString","coordinates":[[113.9194071,22.5186892],[113.9199087,22.5182982]]}},{"type":"Feature","id":"osm_way_1185869854","properties":{"subtype":"road","class":"primary","subclass":null,"road_surface":null},"geometry":{"type":"LineString","coordinates":[[113.9277437,22.5179865],[113.9277468,22.5180795],[113.9277573,22.5183913],[113.9277654,22.5185198],[113.927779,22.5187371],[113.9277811,22.5189965],[113.9277876,22.5191511],[113.9277937,22.5192955]]}},{"type":"Feature","id":"osm_way_1185869855","properties":{"subtype":"road","class":"tertiary","subclass":null,"road_surface":null},"geometry":{"type":"LineString","coordinates":[[113.9251599,22.5194956],[113.9252372,22.5195008],[113.9254903,22.5195179],[113.9264227,22.519581],[113.9274208,22.5196483],[113.9274928,22.5196532],[113.9275746,22.5196515],[113.927663,22.5196496],[113.9278091,22.519633],[113.9279013,22.5196145],[113.9279355,22.5196077],[113.9280096,22.5195908]]}},{"type":"Feature","id":"osm_way_1185869887","properties":{"subtype":"road","class":"primary","subclass":null,"road_surface":null},"geometry":{"type":"LineString","coordinates":[[113.9276669,22.5197163],[113.927663,22.5196496],[113.9276609,22.5195984],[113.9276378,22.5192381],[113.9275984,22.5185961],[113.9275711,22.5181089],[113.927566,22.5180033],[113.9275598,22.5178759],[113.927556,22.5177804],[113.9275516451049,22.517611847158804]]}},{"type":"Feature","id":"osm_way_1185869888","properties":{"subtype":"road","class":"tertiary","subclass":null,"road_surface":null},"geometry":{"type":"LineString","coordinates":[[113.9276669,22.5197163],[113.9275781,22.5197182],[113.9275,22.51972],[113.9272972,22.5197063],[113.9266183,22.5196606],[113.9255505,22.5195888],[113.925495,22.519585],[113.9253018,22.519572],[113.9252552,22.5195689]]}},{"type":"Feature","id":"osm_way_1185912010","properties":{"subtype":"road","class":"primary","subclass":null,"road_surface":null},"geometry":{"type":"LineString","coordinates":[[113.9221962,22.5179362],[113.9222197,22.5181183],[113.9222456,22.5182712]]}},{"type":"Feature","id":"osm_way_1185912011","properties":{"subtype":"road","class":"secondary","subclass":null,"road_surface":null},"geometry":{"type":"LineString","coordinates":[[113.9221962,22.5179362],[113.9220299,22.5180081]]}},{"type":"Feature","id":"osm_way_1185912012","properties":{"subtype":"road","class":"secondary","subclass":null,"road_surface":null},"geometry":{"type":"LineString","coordinates":[[113.9176231,22.5210072],[113.9174638,22.5211094],[113.9173511,22.5211807],[113.917213,22.5212517]]}},{"type":"Feature","id":"osm_way_1185912013","properties":{"subtype":"road","class":"primary","subclass":null,"road_surface":null},"geometry":{"type":"LineString","coordinates":[[113.9188799,22.5276836],[113.9189046,22.5277984],[113.9190791,22.5285624],[113.9192532,22.5293431],[113.9194815,22.5303143],[113.9195267,22.5305064]]}},{"type":"Feature","id":"osm_way_1185912014","properties":{"subtype":"road","class":"secondary","subclass":null,"road_surface":null},"geometry":{"type":"LineString","coordinates":[[113.9238771,22.5296112],[113.9237176,22.5296356],[113.9235655,22.5296645],[113.923369,22.5297038],[113.9232363,22.5297303],[113.9230808,22.5297629],[113.9227611,22.5298299],[113.9223155,22.5299231],[113.9219516,22.5299993],[113.9215178,22.5300901],[113.9214349,22.5301074],[113.9209349,22.5302121],[113.9208668,22.5302264],[113.9206732,22.5302669],[113.9196956,22.5304711],[113.9195267,22.5305064]]}},{"type":"Feature","id":"osm_way_1185912015","properties":{"subtype":"road","class":"tertiary","subclass":null,"road_surface":null},"geometry":{"type":"LineString","coordinates":[[113.916563,22.5275247],[113.9165598,22.5277088],[113.9165565,22.527766],[113.9165511,22.5278582],[113.9164544,22.5285199],[113.9163014,22.5295247],[113.9161962,22.5302158],[113.9160465,22.5311427]]}},{"type":"Feature","id":"osm_way_1185912016","properties":{"subtype":"road","class":"secondary","subclass":null,"road_surface":null},"geometry":{"type":"LineString","coordinates":[[113.9160465,22.5311427],[113.9153863,22.5311638],[113.9142283,22.5311802],[113.9139131,22.5311847],[113.9136882,22.5311895],[113.9136098,22.5311935]]}},{"type":"Feature","id":"osm_way_1185912017","properties":{"subtype":"road","class":"tertiary","subclass":null,"road_surface":null},"geometry":{"type":"LineString","coordinates":[[113.9160465,22.5311427],[113.9159375,22.5317014],[113.9158705,22.532045],[113.9158462,22.5321865],[113.9158295,22.5323289],[113.9158205,22.5324719],[113.9158193,22.5326152],[113.9158259,22.5327583],[113.9158402,22.5329009],[113.915855,22.533017],[113.9160298,22.5343897],[113.9161233,22.5351242],[113.9161671,22.5354683]]}},{"type":"Feature","id":"osm_way_1185912024","properties":{"subtype":"road","class":"primary","subclass":null,"road_surface":null},"geometry":{"type":"LineString","coordinates":[[113.9142509,22.5181474],[113.9165281,22.5203106],[113.9170302,22.5208056]]}},{"type":"Feature","id":"osm_way_1185912029","properties":{"subtype":"road","class":"secondary","subclass":null,"road_surface":null},"geometry":{"type":"LineString","coordinates":[[113.9143434,22.535468],[113.9147039,22.5354742],[113.9149833,22.5354785],[113.9157765,22.5354717],[113.9161671,22.5354683]]}},{"type":"Feature","id":"osm_way_1185912030","properties":{"subtype":"road","class":"tertiary","subclass":null,"road_surface":null},"geometry":{"type":"LineString","coordinates":[[113.9161671,22.5354683],[113.9161811683475,22.535578152841197]]}},{"type":"Feature","id":"osm_way_1185912031","properties":{"subtype":"road","class":"primary","subclass":null,"road_surface":null},"geometry":{"type":"LineString","coordinates":[[113.9193692,22.5305395],[113.9193269,22.5303437],[113.9192366,22.529925],[113.9190928,22.5292995],[113.9187406,22.5277115],[113.9186635,22.5273636],[113.9186258,22.527216]]}},{"type":"Feature","id":"osm_way_1185912032","properties":{"subtype":"road","class":"secondary","subclass":null,"road_surface":null},"geometry":{"type":"LineString","coordinates":[[113.9195267,22.5305064],[113.9193692,22.5305395]]}},{"type":"Feature","id":"osm_way_1185912033","properties":{"subtype":"road","class":"primary","subclass":null,"road_surface":null},"geometry":{"type":"LineString","coordinates":[[113.917213,22.5212517],[113.9171738,22.5211896],[113.9171273,22.5211245],[113.9170728,22.5210531],[113.9170019,22.520976],[113.9161484,22.5201558],[113.9141587,22.5182301]]}},{"type":"Feature","id":"osm_way_1185912034","properties":{"subtype":"road","class":"secondary","subclass":null,"road_surface":null},"geometry":{"type":"LineString","coordinates":[[113.9220025,22.5178577],[113.9219449,22.5178962],[113.9217324,22.5180284]]}},{"type":"Feature","id":"osm_way_1185912035","properties":{"subtype":"road","class":"primary","subclass":null,"road_surface":null},"geometry":{"type":"LineString","coordinates":[[113.9220025,22.5178577],[113.92196628700175,22.517611847158804]]}},{"type":"Feature","id":"osm_way_1190309653","properties":{"subtype":"road","class":"residential","subclass":null,"road_surface":null},"geometry":{"type":"LineString","coordinates":[[113.9283882,22.5266495],[113.9285722,22.5268905],[113.9286405,22.5269604],[113.9287331,22.5270312],[113.9288371,22.5270713],[113.9289374,22.527088],[113.9290358,22.5270794],[113.9291445,22.52705],[113.9295151654321,22.526909588007232]]}},{"type":"Feature","id":"osm_way_1191357746","properties":{"subtype":"road","class":"footway","subclass":null,"road_surface":null},"geometry":{"type":"LineString","coordinates":[[113.9295151654321,22.525617756104225],[113.9295108,22.5256066],[113.9294766,22.5255116],[113.9294599,22.5254477],[113.9294574,22.5253922],[113.9294591,22.525346],[113.9294699,22.525299],[113.9294966,22.5252489],[113.9295151654321,22.52522479335475]]}},{"type":"Feature","id":"osm_way_1191386473","properties":{"subtype":"road","class":"service","subclass":null,"road_surface":null},"geometry":{"type":"LineString","coordinates":[[113.9204198,22.5269488],[113.9203926,22.527018],[113.9204062,22.527072],[113.9201791,22.527125]]}},{"type":"Feature","id":"osm_way_1191386476","properties":{"subtype":"road","class":"service","subclass":null,"road_surface":null},"geometry":{"type":"LineString","coordinates":[[113.9204388,22.5278692],[113.9204377,22.5279423],[113.9205078,22.5284059],[113.9210282,22.5283334],[113.9210517,22.528272]]}},{"type":"Feature","id":"osm_way_1191386486","properties":{"subtype":"road","class":"footway","subclass":null,"road_surface":null},"geometry":{"type":"LineString","coordinates":[[113.9215323,22.5295941],[113.9215314,22.5297846]]}},{"type":"Feature","id":"osm_way_1201685172","properties":{"subtype":"road","class":"primary_link","subclass":null,"road_surface":null},"geometry":{"type":"LineString","coordinates":[[113.9242216,22.5275975],[113.9241995,22.5274553],[113.9241726,22.5273484],[113.9241336,22.5272565],[113.9240824,22.5271707],[113.9240259,22.5271023],[113.9236007,22.5266126],[113.9235245,22.5265199],[113.9234868,22.526486],[113.9234562,22.5264689]]}},{"type":"Feature","id":"osm_way_1206622040","properties":{"subtype":"road","class":"primary","subclass":null,"road_surface":null},"geometry":{"type":"LineString","coordinates":[[113.9277937,22.5192955],[113.9278061,22.5195886],[113.9278091,22.519633],[113.9278132,22.5197003],[113.9278191,22.5197973],[113.9278388,22.5200204]]}},{"type":"Feature","id":"osm_way_1206622041","properties":{"subtype":"road","class":"tertiary","subclass":null,"road_surface":null},"geometry":{"type":"LineString","coordinates":[[113.9281861,22.5196215],[113.9279504,22.5196753],[113.9279058,22.5196834],[113.9278132,22.5197003],[113.9276669,22.5197163]]}},{"type":"Feature","id":"osm_way_1214464985","properties":{"subtype":"road","class":"secondary_link","subclass":null,"road_surface":null},"geometry":{"type":"LineString","coordinates":[[113.9101582,22.5185216],[113.910211,22.5184444]]}},{"type":"Feature","id":"osm_way_1215722426","properties":{"subtype":"road","class":"primary_link","subclass":null,"road_surface":null},"geometry":{"type":"LineString","coordinates":[[113.9192995,22.5353465],[113.9194727,22.5352814],[113.9195868,22.5352221],[113.9196611,22.5351619],[113.919711,22.535091],[113.9197634,22.5349889],[113.9198041,22.5348793],[113.9198315,22.5347559]]}},{"type":"Feature","id":"osm_way_1216000742","properties":{"subtype":"road","class":"residential","subclass":null,"road_surface":null},"geometry":{"type":"LineString","coordinates":[[113.9279933,22.5211202],[113.9280403,22.5211623],[113.9280603,22.5211768],[113.9280814,22.5211867],[113.9280984,22.5211914],[113.928125,22.5211949],[113.9281562,22.5211977],[113.9295151654321,22.52104094899634]]}},{"type":"Feature","id":"osm_way_1229212038","properties":{"subtype":"road","class":"footway","subclass":null,"road_surface":null},"geometry":{"type":"LineString","coordinates":[[113.9240953,22.5224287],[113.9240625,22.5223335],[113.924031,22.5222419],[113.9240112,22.5221844]]}},{"type":"Feature","id":"osm_way_1229212039","properties":{"subtype":"road","class":"footway","subclass":null,"road_surface":null},"geometry":{"type":"LineString","coordinates":[[113.9249074,22.5221799],[113.924872,22.5220818],[113.9248444,22.5220053],[113.9248211,22.5219408]]}},{"type":"Feature","id":"osm_way_1229212040","properties":{"subtype":"road","class":"pedestrian","subclass":null,"road_surface":null},"geometry":{"type":"LineString","coordinates":[[113.9245069,22.5205326],[113.9238857,22.5206949],[113.9236028,22.5207927]]}},{"type":"Feature","id":"osm_way_1229212041","properties":{"subtype":"road","class":"service","subclass":null,"road_surface":null},"geometry":{"type":"LineString","coordinates":[[113.9236028,22.5207927],[113.9235345,22.5208159],[113.9233042,22.5208943]]}},{"type":"Feature","id":"osm_way_1229212042","properties":{"subtype":"road","class":"footway","subclass":null,"road_surface":null},"geometry":{"type":"LineString","coordinates":[[113.9231074,22.5197132],[113.9227268,22.5187214],[113.9227304,22.5184554]]}},{"type":"Feature","id":"osm_way_1229212043","properties":{"subtype":"road","class":"footway","subclass":null,"road_surface":null},"geometry":{"type":"LineString","coordinates":[[113.9227268,22.5187214],[113.9225943,22.5187629]]}},{"type":"Feature","id":"osm_way_1229212044","properties":{"subtype":"road","class":"footway","subclass":null,"road_surface":null},"geometry":{"type":"LineString","coordinates":[[113.9226795,22.5181705],[113.9227473,22.518171]]}},{"type":"Feature","id":"osm_way_1229212045","properties":{"subtype":"road","class":"footway","subclass":null,"road_surface":null},"geometry":{"type":"LineString","coordinates":[[113.9231934,22.5199375],[113.9231563,22.5198406],[113.9231311,22.519775],[113.9231074,22.5197132]]}},{"type":"Feature","id":"osm_way_1229212046","properties":{"subtype":"road","class":"primary_link","subclass":null,"road_surface":null},"geometry":{"type":"LineString","coordinates":[[113.9241349,22.5229624],[113.9241782,22.5232251]]}},{"type":"Feature","id":"osm_way_1229212049","properties":{"subtype":"road","class":"service","subclass":null,"road_surface":null},"geometry":{"type":"LineString","coordinates":[[113.9209871,22.5189035],[113.921234,22.5192153],[113.9212546,22.5192284],[113.9212723,22.51923],[113.9212903,22.5192226],[113.9213043,22.5192087]]}},{"type":"Feature","id":"osm_way_1229212051","properties":{"subtype":"road","class":"footway","subclass":null,"road_surface":null},"geometry":{"type":"LineString","coordinates":[[113.9216622,22.5185544],[113.9216539,22.5185723],[113.9219034,22.5186778]]}},{"type":"Feature","id":"osm_way_1247067703","properties":{"subtype":"road","class":"footway","subclass":null,"road_surface":"paved"},"geometry":{"type":"LineString","coordinates":[[113.92119309095763,22.517611847158804],[113.9211595,22.5176699]]}},{"type":"Feature","id":"osm_way_1247067704","properties":{"subtype":"road","class":"pedestrian","subclass":null,"road_surface":"paved"},"geometry":{"type":"LineString","coordinates":[[113.9202525,22.5186696],[113.9200084,22.5183735],[113.9199325,22.5182815],[113.9199185,22.5182645],[113.9207418,22.5176264],[113.92076055935588,22.517611847158804]]}},{"type":"Feature","id":"osm_way_1247080081","properties":{"subtype":"road","class":"service","subclass":null,"road_surface":null},"geometry":{"type":"LineString","coordinates":[[113.92080280524317,22.517611847158804],[113.9207756,22.517637],[113.9207077,22.5176888],[113.9206347,22.5177342],[113.9200915,22.5181703],[113.9199325,22.5182815],[113.9199087,22.5182982]]}},{"type":"Feature","id":"osm_way_1247080099","properties":{"subtype":"road","class":"footway","subclass":null,"road_surface":null},"geometry":{"type":"LineString","coordinates":[[113.9207418,22.5176264],[113.92073033683893,22.517611847158804]]}},{"type":"Feature","id":"osm_way_1247080101","properties":{"subtype":"road","class":"pedestrian","subclass":null,"road_surface":null},"geometry":{"type":"LineString","coordinates":[[113.9197315,22.5190504],[113.9202525,22.5186696]]}},{"type":"Feature","id":"osm_way_1247080102","properties":{"subtype":"road","class":"pedestrian","subclass":null,"road_surface":null},"geometry":{"type":"LineString","coordinates":[[113.9194849,22.5187758],[113.9200084,22.5183735]]}},{"type":"Feature","id":"osm_way_1272661384","properties":{"subtype":"road","class":"footway","subclass":null,"road_surface":null},"geometry":{"type":"LineString","coordinates":[[113.9250447,22.530695],[113.9252874,22.5307029],[113.9255016,22.5307156],[113.9258585,22.5307697],[113.9261635,22.530819],[113.9262424,22.5308333],[113.9263303,22.5308523],[113.9266817,22.5309016],[113.9267376,22.5309091],[113.9269782,22.5309338],[113.9271994,22.5309413],[113.9273737,22.5309239],[113.9275386,22.5308855],[113.9276538,22.5308484],[113.9278189,22.5307914],[113.9280134,22.5307332],[113.9280731,22.5307196],[113.9281383,22.5307141],[113.9282303,22.5307112],[113.9285469,22.5307498],[113.9288823,22.5308],[113.9292763,22.5308724],[113.9295151654321,22.530921448691043]]}},{"type":"Feature","id":"osm_way_1273530489","properties":{"subtype":"road","class":"secondary","subclass":null,"road_surface":null},"geometry":{"type":"LineString","coordinates":[[113.9270726,22.5354862],[113.9270523,22.5355],[113.9270252,22.5355085],[113.926996,22.5355107],[113.9268826,22.5355102]]}},{"type":"Feature","id":"osm_way_1273530490","properties":{"subtype":"road","class":"secondary","subclass":null,"road_surface":null},"geometry":{"type":"LineString","coordinates":[[113.9270949,22.5354408],[113.9273086,22.5354543]]}},{"type":"Feature","id":"osm_way_1273530491","properties":{"subtype":"road","class":"secondary","subclass":null,"road_surface":null},"geometry":{"type":"LineString","coordinates":[[113.9268608,22.5354316],[113.9270605,22.535439]]}},{"type":"Feature","id":"osm_way_1273530492","properties":{"subtype":"road","class":"secondary","subclass":null,"road_surface":null},"geometry":{"type":"LineString","coordinates":[[113.9268202,22.5354297],[113.9268022,22.5353606],[113.9267816,22.5352812],[113.9267347,22.5351363],[113.9266791,22.5349855]]}},{"type":"Feature","id":"osm_way_1273530493","properties":{"subtype":"road","class":"secondary","subclass":null,"road_surface":null},"geometry":{"type":"LineString","coordinates":[[113.9268382,22.5355115],[113.9268202,22.5354297]]}},{"type":"Feature","id":"osm_way_1273530494","properties":{"subtype":"road","class":"secondary","subclass":null,"road_surface":null},"geometry":{"type":"LineString","coordinates":[[113.9270935,22.5352273],[113.9271051,22.5353358],[113.9271045,22.5353635],[113.9271038,22.5353981],[113.9271002,22.5354223],[113.9270949,22.5354408]]}},{"type":"Feature","id":"osm_way_1274485932","properties":{"subtype":"road","class":"service","subclass":"parking_aisle","road_surface":null},"geometry":{"type":"LineString","coordinates":[[113.9281847,22.5355112],[113.9284157,22.5355116],[113.928997,22.5355126]]}},{"type":"Feature","id":"osm_way_1274485933","properties":{"subtype":"road","class":"service","subclass":null,"road_surface":null},"geometry":{"type":"LineString","coordinates":[[113.9284119,22.5351706],[113.9284157,22.5355116]]}},{"type":"Feature","id":"osm_way_1275154044","properties":{"subtype":"road","class":"footway","subclass":null,"road_surface":null},"geometry":{"type":"LineString","coordinates":[[113.9292703,22.5335699],[113.92951,22.5337137]]}},{"type":"Feature","id":"osm_way_1278949997","properties":{"subtype":"road","class":"footway","subclass":null,"road_surface":null},"geometry":{"type":"LineString","coordinates":[[113.9262449,22.5303589],[113.9261726,22.5303589]]}},{"type":"Feature","id":"osm_way_1280430901","properties":{"subtype":"road","class":"footway","subclass":null,"road_surface":null},"geometry":{"type":"LineString","coordinates":[[113.92782708404108,22.535578152841197],[113.9277054,22.5353392],[113.9275676,22.5350642],[113.9274203,22.5347306],[113.9272334,22.5342917],[113.9271811,22.5340387],[113.9271766,22.5339183],[113.9272255,22.533591],[113.9273878,22.5332466],[113.9275042,22.5329034],[113.9275074,22.5326972],[113.9274804,22.5323706],[113.9274848,22.5321258],[113.9274406,22.5318116],[113.9273478,22.5315341],[113.9273058,22.5314925],[113.9272241,22.5313259],[113.9270386,22.5311362],[113.9267845,22.5310178],[113.9265813,22.5309689],[113.9263572,22.5309396],[113.9260975,22.5309056],[113.9255467,22.5308191],[113.9253442,22.5307873],[113.9251266,22.5307702],[113.9249295,22.530768],[113.9248123,22.5308032]]}},{"type":"Feature","id":"osm_way_1303209264","properties":{"subtype":"road","class":"footway","subclass":null,"road_surface":null},"geometry":{"type":"LineString","coordinates":[[113.919556,22.5303002],[113.9196779,22.5303889],[113.9208469,22.5301498],[113.9209144,22.530136],[113.9214196,22.5300326],[113.9215031,22.5300155],[113.9219445,22.5299252],[113.9230746,22.5296899],[113.9231654,22.5295807],[113.9231353,22.5291579],[113.923102,22.5287489],[113.9230639,22.5286479],[113.9229824,22.5277908],[113.9229608,22.527709],[113.9229473,22.5276577],[113.922898,22.5274708]]}},{"type":"Feature","id":"osm_way_1303209265","properties":{"subtype":"road","class":"footway","subclass":null,"road_surface":null},"geometry":{"type":"LineString","coordinates":[[113.9197074,22.5305257],[113.9196956,22.5304711],[113.9196779,22.5303889]]}},{"type":"Feature","id":"osm_way_1303209266","properties":{"subtype":"road","class":"footway","subclass":null,"road_surface":null},"geometry":{"type":"LineString","coordinates":[[113.9193079,22.5306751],[113.9193943,22.5306577],[113.9195487,22.5306277],[113.9196374,22.530612]]}},{"type":"Feature","id":"osm_way_1303209267","properties":{"subtype":"road","class":"footway","subclass":null,"road_surface":null},"geometry":{"type":"LineString","coordinates":[[113.9192431,22.5303612],[113.9193269,22.5303437],[113.9194815,22.5303143],[113.919556,22.5303002]]}},{"type":"Feature","id":"osm_way_1303209268","properties":{"subtype":"road","class":"footway","subclass":null,"road_surface":null},"geometry":{"type":"LineString","coordinates":[[113.9192425,22.5306259],[113.9192289,22.5305689],[113.9192005,22.5304577]]}},{"type":"Feature","id":"osm_way_1303209269","properties":{"subtype":"road","class":"footway","subclass":null,"road_surface":null},"geometry":{"type":"LineString","coordinates":[[113.9166402,22.5277673],[113.9165315,22.5285199],[113.9161831,22.5309931],[113.9162204,22.5310428],[113.9166434,22.5309928],[113.9170737,22.5309164],[113.9175299,22.5308336],[113.9176237,22.5307888],[113.9181732,22.5306717],[113.91879,22.5305432],[113.9192005,22.5304577],[113.9192431,22.5303612],[113.9191526,22.5299417],[113.919007,22.529317],[113.9189427,22.5291236]]}},{"type":"Feature","id":"osm_way_1303209271","properties":{"subtype":"road","class":"service","subclass":null,"road_surface":null},"geometry":{"type":"LineString","coordinates":[[113.9188163,22.5306546],[113.9188291,22.5307083],[113.9191327,22.5319877]]}},{"type":"Feature","id":"osm_way_1303209272","properties":{"subtype":"road","class":"service","subclass":null,"road_surface":null},"geometry":{"type":"LineString","coordinates":[[113.9188163,22.5306546],[113.91879,22.5305432],[113.9186704,22.5300375]]}},{"type":"Feature","id":"osm_way_1303209273","properties":{"subtype":"road","class":"residential","subclass":null,"road_surface":null},"geometry":{"type":"LineString","coordinates":[[113.9173411,22.5286325],[113.9173343,22.5282992],[113.9173253,22.5278615],[113.9173256,22.5278315],[113.9173222,22.5278082],[113.9173116,22.5277881],[113.9172991,22.5277737],[113.9172789,22.5277615],[113.9172489,22.527756],[113.9172204,22.527756],[113.9170758,22.5277644],[113.9169446,22.527769],[113.9168445,22.5277706],[113.9166402,22.5277673],[113.9165565,22.527766]]}},{"type":"Feature","id":"osm_way_1303209275","properties":{"subtype":"road","class":"service","subclass":null,"road_surface":null},"geometry":{"type":"LineString","coordinates":[[113.9182046,22.5294792],[113.9181593,22.5292807],[113.9181131,22.5290786]]}},{"type":"Feature","id":"osm_way_1303209279","properties":{"subtype":"road","class":"service","subclass":"parking_aisle","road_surface":null},"geometry":{"type":"LineString","coordinates":[[113.9183377,22.5289232],[113.9178572,22.5290259],[113.9178235,22.5288914],[113.9177896,22.5287561],[113.9177363,22.528543]]}},{"type":"Feature","id":"osm_way_1303209280","properties":{"subtype":"road","class":"service","subclass":null,"road_surface":null},"geometry":{"type":"LineString","coordinates":[[113.9181902,22.5283192],[113.9177062,22.5284229]]}},{"type":"Feature","id":"osm_way_1303209281","properties":{"subtype":"road","class":"service","subclass":null,"road_surface":null},"geometry":{"type":"LineString","coordinates":[[113.917657,22.5282266],[113.9173343,22.5282992]]}},{"type":"Feature","id":"osm_way_1303209283","properties":{"subtype":"road","class":"service","subclass":"parking_aisle","road_surface":null},"geometry":{"type":"LineString","coordinates":[[113.9178235,22.5288914],[113.918305,22.5287891]]}},{"type":"Feature","id":"osm_way_1303209284","properties":{"subtype":"road","class":"service","subclass":"parking_aisle","road_surface":null},"geometry":{"type":"LineString","coordinates":[[113.9177896,22.5287561],[113.9182703,22.5286536]]}},{"type":"Feature","id":"osm_way_1303209285","properties":{"subtype":"road","class":"service","subclass":null,"road_surface":null},"geometry":{"type":"LineString","coordinates":[[113.9177363,22.528543],[113.9177062,22.5284229],[113.917657,22.5282266],[113.9176221,22.5280874]]}},{"type":"Feature","id":"osm_way_1303209286","properties":{"subtype":"road","class":"service","subclass":null,"road_surface":null},"geometry":{"type":"LineString","coordinates":[[113.9177363,22.528543],[113.9173411,22.5286325]]}},{"type":"Feature","id":"osm_way_1303440189","properties":{"subtype":"road","class":"footway","subclass":null,"road_surface":null},"geometry":{"type":"LineString","coordinates":[[113.9245982,22.5292008],[113.9245963,22.5292532],[113.9245979,22.5293332],[113.9245963,22.5294501],[113.9245947,22.5295334]]}},{"type":"Feature","id":"osm_way_1303440190","properties":{"subtype":"road","class":"footway","subclass":null,"road_surface":null},"geometry":{"type":"LineString","coordinates":[[113.9241121,22.529436],[113.924132,22.5295112],[113.9241368,22.5295294],[113.9241442,22.5296376],[113.9241491,22.5297088]]}},{"type":"Feature","id":"osm_way_1303440191","properties":{"subtype":"road","class":"footway","subclass":null,"road_surface":null},"geometry":{"type":"LineString","coordinates":[[113.9237669,22.527086],[113.9237437,22.5271047]]}},{"type":"Feature","id":"osm_way_1303440192","properties":{"subtype":"road","class":"footway","subclass":null,"road_surface":null},"geometry":{"type":"LineString","coordinates":[[113.9230866,22.5298311],[113.9230808,22.5297629],[113.9230746,22.5296899]]}},{"type":"Feature","id":"osm_way_1303440193","properties":{"subtype":"road","class":"footway","subclass":null,"road_surface":null},"geometry":{"type":"LineString","coordinates":[[113.9231725,22.5298858],[113.9232429,22.5298721],[113.923303,22.5298604]]}},{"type":"Feature","id":"osm_way_1303440194","properties":{"subtype":"road","class":"footway","subclass":null,"road_surface":null},"geometry":{"type":"LineString","coordinates":[[113.923373,22.5297726],[113.923369,22.5297038],[113.9233647,22.5296319]]}},{"type":"Feature","id":"osm_way_1303440195","properties":{"subtype":"road","class":"footway","subclass":null,"road_surface":null},"geometry":{"type":"LineString","coordinates":[[113.9232877,22.5295599],[113.9232253,22.5295705],[113.9231654,22.5295807]]}},{"type":"Feature","id":"osm_way_1303440196","properties":{"subtype":"road","class":"footway","subclass":null,"road_surface":null},"geometry":{"type":"LineString","coordinates":[[113.9247571,22.5268458],[113.9246882,22.5268515]]}},{"type":"Feature","id":"osm_way_1306865853","properties":{"subtype":"road","class":"footway","subclass":null,"road_surface":null},"geometry":{"type":"LineString","coordinates":[[113.9109581,22.5350409],[113.9109872,22.5350429],[113.9109909,22.5349962],[113.910651,22.5349729]]}},{"type":"Feature","id":"osm_way_1306865854","properties":{"subtype":"road","class":"footway","subclass":null,"road_surface":null},"geometry":{"type":"LineString","coordinates":[[113.9105464,22.5350874],[113.9105464,22.5351856],[113.9105464,22.5353197],[113.9105464,22.5353934],[113.9104192,22.5353876],[113.9102659,22.5353806],[113.9101655,22.535376],[113.9101665,22.5353036],[113.9101683,22.5351621],[113.9101696,22.5350651],[113.9102711,22.5350711],[113.9104215,22.535078],[113.9105464,22.5350874]]}},{"type":"Feature","id":"osm_way_1306865855","properties":{"subtype":"road","class":"footway","subclass":null,"road_surface":null},"geometry":{"type":"LineString","coordinates":[[113.9105464,22.5350874],[113.9106046,22.5350243],[113.910651,22.5349729]]}},{"type":"Feature","id":"osm_way_1309412035","properties":{"subtype":"road","class":"primary_link","subclass":null,"road_surface":null},"geometry":{"type":"LineString","coordinates":[[113.9229742,22.5267666],[113.9229553,22.5266833],[113.9229361,22.5266207],[113.922912,22.5265523],[113.9228898,22.5265089],[113.9228425,22.5264499],[113.922823,22.5264327],[113.9227894,22.5264031]]}},{"type":"Feature","id":"osm_way_1315353758","properties":{"subtype":"road","class":"primary","subclass":null,"road_surface":null},"geometry":{"type":"LineString","coordinates":[[113.9199904,22.5353303],[113.919993,22.5354385]]}},{"type":"Feature","id":"osm_way_1315353759","properties":{"subtype":"road","class":"secondary","subclass":null,"road_surface":null},"geometry":{"type":"LineString","coordinates":[[113.9198479,22.5353333],[113.9199904,22.5353303]]}},{"type":"Feature","id":"osm_way_1332621032","properties":{"subtype":"road","class":"residential","subclass":null,"road_surface":null},"geometry":{"type":"LineString","coordinates":[[113.917517,22.5223754],[113.9173942,22.5223738],[113.9147923,22.5223401],[113.9148111,22.521294],[113.9148959,22.5212109]]}},{"type":"Feature","id":"osm_way_1332621033","properties":{"subtype":"road","class":"service","subclass":null,"road_surface":null},"geometry":{"type":"LineString","coordinates":[[113.9139369,22.5222048],[113.9141267,22.5221183],[113.9143113,22.5218611],[113.914286,22.521421]]}},{"type":"Feature","id":"osm_way_1343501294","properties":{"subtype":"road","class":"steps","subclass":null,"road_surface":null},"geometry":{"type":"LineString","coordinates":[[113.9220095,22.5280902],[113.9218178,22.528106]]}},{"type":"Feature","id":"osm_way_1344496575","properties":{"subtype":"road","class":"footway","subclass":null,"road_surface":null},"geometry":{"type":"LineString","coordinates":[[113.9260947,22.5239757],[113.9262635,22.523934]]}},{"type":"Feature","id":"osm_way_1344496576","properties":{"subtype":"road","class":"footway","subclass":null,"road_surface":null},"geometry":{"type":"LineString","coordinates":[[113.9250357,22.5237893],[113.9250683,22.5238063],[113.9251066,22.5238236],[113.9251272,22.5238184]]}},{"type":"Feature","id":"osm_way_1344496577","properties":{"subtype":"road","class":"footway","subclass":null,"road_surface":null},"geometry":{"type":"LineString","coordinates":[[113.9250203,22.5241531],[113.9250814,22.5241321],[113.9250889,22.5240733],[113.9250384,22.5239895],[113.9250636,22.5239342],[113.9251235,22.523872],[113.9251132,22.5238409],[113.9251272,22.5238184],[113.9251684,22.5237795],[113.9252329,22.5237813],[113.9253218,22.5238132],[113.9253957,22.5237847],[113.925435,22.5237493],[113.9255173,22.5237553],[113.9256239,22.5237536],[113.9256749,22.5237126]]}},{"type":"Feature","id":"osm_way_1344496578","properties":{"subtype":"road","class":"footway","subclass":null,"road_surface":null},"geometry":{"type":"LineString","coordinates":[[113.9256959,22.5242818],[113.9256838,22.5242444],[113.9256903,22.5241856],[113.9257268,22.5241467],[113.9257801,22.5241165],[113.9258007,22.5240534],[113.9257998,22.5240197],[113.9258362,22.5239653],[113.9258783,22.5239359],[113.9258924,22.5238841],[113.9258746,22.5238201],[113.9258353,22.5237709]]}},{"type":"Feature","id":"osm_way_1344496581","properties":{"subtype":"road","class":"footway","subclass":null,"road_surface":null},"geometry":{"type":"LineString","coordinates":[[113.9253368,22.5248517],[113.9253545,22.5248181],[113.9253358,22.5247896],[113.9253442,22.5247714],[113.9253854,22.5247749],[113.9254485,22.5247239],[113.9254392,22.5246924],[113.9254293,22.5246824],[113.9254612,22.52466],[113.9254342,22.524636]]}},{"type":"Feature","id":"osm_way_1344496582","properties":{"subtype":"road","class":"footway","subclass":null,"road_surface":null},"geometry":{"type":"LineString","coordinates":[[113.9256566,22.5244768],[113.9256782,22.5244587],[113.9256828,22.5244301],[113.9256697,22.5243887],[113.9256632,22.5243593],[113.9256894,22.5243144],[113.9257324,22.524291]]}},{"type":"Feature","id":"osm_way_1344496583","properties":{"subtype":"road","class":"footway","subclass":null,"road_surface":null},"geometry":{"type":"LineString","coordinates":[[113.9257221,22.5244975],[113.9257418,22.5245425],[113.9257524,22.524554],[113.9257951,22.5246004],[113.9258325,22.5246323],[113.9258428,22.5246747],[113.9258222,22.524704],[113.925767,22.5247455],[113.9257455,22.5247783],[113.9257532,22.52483]]}},{"type":"Feature","id":"osm_way_1344496584","properties":{"subtype":"road","class":"footway","subclass":null,"road_surface":null},"geometry":{"type":"LineString","coordinates":[[113.9251856,22.5247694],[113.9251974,22.5247109],[113.9252273,22.5246703],[113.9252657,22.5246513],[113.9253358,22.5246522],[113.9254032,22.5246487],[113.9254342,22.524636],[113.9254452,22.5246315],[113.9254546,22.5245934],[113.925455,22.5245742],[113.9254555,22.5245451],[113.9254724,22.5245036],[113.9255135,22.5244751],[113.9255668,22.5244664],[113.9256566,22.5244768],[113.9256716,22.5244785],[113.9257221,22.5244975],[113.9258082,22.5244837],[113.9258551,22.524474]]}},{"type":"Feature","id":"osm_way_1344496585","properties":{"subtype":"road","class":"footway","subclass":null,"road_surface":null},"geometry":{"type":"LineString","coordinates":[[113.9255819,22.5248745],[113.9256382,22.5250378]]}},{"type":"Feature","id":"osm_way_1344496586","properties":{"subtype":"road","class":"footway","subclass":null,"road_surface":null},"geometry":{"type":"MultiLineString","coordinates":[[[113.92518,22.5250665],[113.9252834,22.5248371]],[[113.9252834,22.5248371],[113.9252371,22.5248073],[113.925203,22.5247853],[113.9251856,22.5247694],[113.9251328,22.5247213],[113.9250795,22.5246487],[113.9250504,22.5245967],[113.9250374,22.5245736],[113.9250187,22.5245088],[113.9250393,22.5244483],[113.9250655,22.5244068],[113.9250823,22.5243705],[113.9250599,22.5242858],[113.9250203,22.5241531],[113.9249657,22.5239696],[113.9249626,22.5239592],[113.9249673,22.5239057],[113.9249935,22.5238469],[113.9250262,22.5237977],[113.9250357,22.5237893],[113.9250617,22.5237666],[113.9251581,22.5237286],[113.9252067,22.5237095],[113.9253919,22.5236491],[113.9254883,22.5236378],[113.9255799,22.5236525],[113.9256088,22.5236642],[113.9256398,22.5236767],[113.9256749,22.5237126],[113.9256931,22.5237311],[113.9257474,22.5237631],[113.9258353,22.5237709],[113.9259466,22.5237614],[113.9260158,22.5237787],[113.926057,22.5238089],[113.926085,22.5238668],[113.9260981,22.5239264],[113.9260947,22.5239757],[113.9260813,22.5241658],[113.9260635,22.5242115],[113.9260177,22.5242539],[113.925955,22.5242763],[113.9258774,22.5242893],[113.9258418,22.5243135],[113.9258348,22.524338],[113.9258288,22.5243593],[113.9258551,22.524474],[113.9258952,22.5246479],[113.925883,22.5247127],[113.9258456,22.5247749],[113.9257754,22.5248233],[113.9257532,22.52483],[113.9256585,22.5248587],[113.9255819,22.5248745],[113.9255706,22.5248768],[113.925555,22.5248778],[113.9254761,22.5248829],[113.9253685,22.5248604],[113.9253368,22.5248517],[113.9252834,22.5248371]]]}},{"type":"Feature","id":"osm_way_1347114715","properties":{"subtype":"road","class":"primary_link","subclass":null,"road_surface":null},"geometry":{"type":"LineString","coordinates":[[113.9248523,22.5260792],[113.9245829,22.5261582],[113.9243566,22.5261685],[113.9243149,22.5261708],[113.9239046,22.5261931],[113.9238628,22.5262011],[113.9238158,22.5262221],[113.923784,22.5262397],[113.9237479,22.5262688],[113.9237132,22.5263105],[113.9236951,22.5263565],[113.9236839,22.5264115],[113.9236825,22.5264743],[113.9236858,22.5265095]]}},{"type":"Feature","id":"osm_way_1350607877","properties":{"subtype":"road","class":"footway","subclass":null,"road_surface":null},"geometry":{"type":"LineString","coordinates":[[113.9258751,22.5235735],[113.9259164,22.5235881]]}},{"type":"Feature","id":"osm_way_1350607878","properties":{"subtype":"road","class":"footway","subclass":null,"road_surface":null},"geometry":{"type":"LineString","coordinates":[[113.9256088,22.5236642],[113.9256863,22.523644]]}},{"type":"Feature","id":"osm_way_1350607883","properties":{"subtype":"road","class":"footway","subclass":null,"road_surface":null},"geometry":{"type":"LineString","coordinates":[[113.9253358,22.5246522],[113.9253385,22.5246212],[113.9253124,22.5245971],[113.9253162,22.5245631],[113.925261,22.5245132],[113.9252737,22.5244751],[113.9252438,22.5244493],[113.925268,22.5243807],[113.925261,22.5243525],[113.9252897,22.524347]]}},{"type":"Feature","id":"osm_way_1350607885","properties":{"subtype":"road","class":"pedestrian","subclass":null,"road_surface":null},"geometry":{"type":"LineString","coordinates":[[113.9252934,22.5243607],[113.9252897,22.524347],[113.9252627,22.524245],[113.9252568,22.5242229],[113.9256137,22.5241434],[113.925649,22.5242774],[113.9252934,22.5243607]]}},{"type":"Feature","id":"osm_way_1350607888","properties":{"subtype":"road","class":"footway","subclass":null,"road_surface":null},"geometry":{"type":"LineString","coordinates":[[113.925555,22.5248778],[113.9255453,22.5248451]]}},{"type":"Feature","id":"osm_way_1350607890","properties":{"subtype":"road","class":"footway","subclass":null,"road_surface":null},"geometry":{"type":"LineString","coordinates":[[113.9252371,22.5248073],[113.9252111,22.5248273]]}},{"type":"Feature","id":"osm_way_1350607891","properties":{"subtype":"road","class":"footway","subclass":null,"road_surface":null},"geometry":{"type":"LineString","coordinates":[[113.9250504,22.5245967],[113.9250136,22.524622]]}},{"type":"Feature","id":"osm_way_1350608132","properties":{"subtype":"road","class":"footway","subclass":null,"road_surface":null},"geometry":{"type":"LineString","coordinates":[[113.925649,22.5242774],[113.9256959,22.5242818],[113.9257324,22.524291],[113.9258348,22.524338]]}},{"type":"Feature","id":"osm_way_1350644423","properties":{"subtype":"road","class":"footway","subclass":null,"road_surface":null},"geometry":{"type":"LineString","coordinates":[[113.9251581,22.5237286],[113.9251066,22.5235449]]}},{"type":"Feature","id":"osm_way_1350644424","properties":{"subtype":"road","class":"service","subclass":null,"road_surface":null},"geometry":{"type":"LineString","coordinates":[[113.9249816,22.5234628],[113.9249074,22.5235266],[113.9248677,22.5235924],[113.9248724,22.5236711],[113.9248147,22.523712]]}},{"type":"Feature","id":"osm_way_1350644426","properties":{"subtype":"road","class":"pedestrian","subclass":null,"road_surface":null},"geometry":{"type":"LineString","coordinates":[[113.9247681,22.524432],[113.9247437,22.5243171],[113.9247333,22.524268],[113.9248919,22.5242392],[113.9250112,22.5242176],[113.9250266,22.5242903],[113.925032,22.5243155],[113.9249281,22.5243343],[113.9249083,22.5244066],[113.9247681,22.524432]]}},{"type":"Feature","id":"osm_way_1350644427","properties":{"subtype":"road","class":"footway","subclass":null,"road_surface":null},"geometry":{"type":"LineString","coordinates":[[113.9250266,22.5242903],[113.9250599,22.5242858],[113.9252627,22.524245]]}},{"type":"Feature","id":"osm_way_1350644428","properties":{"subtype":"road","class":"steps","subclass":null,"road_surface":null},"geometry":{"type":"LineString","coordinates":[[113.9247437,22.5243171],[113.9246911,22.524326]]}},{"type":"Feature","id":"osm_way_1350644429","properties":{"subtype":"road","class":"footway","subclass":null,"road_surface":null},"geometry":{"type":"LineString","coordinates":[[113.9248732,22.5241689],[113.9248919,22.5242392]]}},{"type":"Feature","id":"osm_way_1350644430","properties":{"subtype":"road","class":"footway","subclass":null,"road_surface":null},"geometry":{"type":"LineString","coordinates":[[113.9248744,22.5239916],[113.9249657,22.5239696]]}},{"type":"Feature","id":"osm_way_1350644433","properties":{"subtype":"road","class":"pedestrian","subclass":null,"road_surface":null},"geometry":{"type":"LineString","coordinates":[[113.925455,22.5245742],[113.9254942,22.5245905],[113.9255643,22.5246122],[113.9256498,22.524603],[113.9257102,22.5245809],[113.9257524,22.524554],[113.9257418,22.5245425],[113.9257221,22.5244975],[113.9256716,22.5244785],[113.9256566,22.5244768],[113.9255668,22.5244664],[113.9255135,22.5244751],[113.9254724,22.5245036],[113.9254555,22.5245451],[113.925455,22.5245742]]}},{"type":"Feature","id":"osm_way_1350941190","properties":{"subtype":"road","class":"service","subclass":null,"road_surface":null},"geometry":{"type":"LineString","coordinates":[[113.911958,22.5244303],[113.912331,22.5244352],[113.912342,22.5234245]]}},{"type":"Feature","id":"osm_way_1350941191","properties":{"subtype":"road","class":"tertiary","subclass":null,"road_surface":null},"geometry":{"type":"LineString","coordinates":[[113.9148059,22.5250209],[113.9165528,22.5247681],[113.9169415,22.5247089],[113.9169837,22.5247025],[113.9177857,22.524573]]}},{"type":"Feature","id":"osm_way_1350941197","properties":{"subtype":"road","class":"service","subclass":null,"road_surface":null},"geometry":{"type":"LineString","coordinates":[[113.9142403,22.5244536],[113.9142078,22.5240326],[113.9134397,22.5240158],[113.9134337,22.5244473]]}},{"type":"Feature","id":"osm_way_1350941199","properties":{"subtype":"road","class":"service","subclass":null,"road_surface":null},"geometry":{"type":"LineString","coordinates":[[113.9137695,22.523211],[113.913652,22.5229522],[113.9135683,22.522768],[113.9134924,22.5226008],[113.913417,22.5224347],[113.9133336,22.522251]]}},{"type":"Feature","id":"osm_way_1350941200","properties":{"subtype":"road","class":"service","subclass":null,"road_surface":null},"geometry":{"type":"LineString","coordinates":[[113.913417,22.5224347],[113.9128854,22.5225622],[113.9129339,22.5227348],[113.9129827,22.5229084],[113.9130366,22.5230998],[113.913652,22.5229522]]}},{"type":"Feature","id":"osm_way_1350941201","properties":{"subtype":"road","class":"service","subclass":null,"road_surface":null},"geometry":{"type":"LineString","coordinates":[[113.9129827,22.5229084],[113.9135683,22.522768]]}},{"type":"Feature","id":"osm_way_1350941202","properties":{"subtype":"road","class":"service","subclass":null,"road_surface":null},"geometry":{"type":"LineString","coordinates":[[113.9134924,22.5226008],[113.9129339,22.5227348]]}},{"type":"Feature","id":"osm_way_1350941205","properties":{"subtype":"road","class":"service","subclass":null,"road_surface":null},"geometry":{"type":"LineString","coordinates":[[113.9135118,22.5221608],[113.9128452,22.5210002]]}},{"type":"Feature","id":"osm_way_1350941207","properties":{"subtype":"road","class":"service","subclass":null,"road_surface":null},"geometry":{"type":"LineString","coordinates":[[113.9125,22.522082],[113.9127993,22.5219667]]}},{"type":"Feature","id":"osm_way_1350941208","properties":{"subtype":"road","class":"unclassified","subclass":null,"road_surface":null},"geometry":{"type":"LineString","coordinates":[[113.9118887,22.5225449],[113.9118565,22.5220023]]}},{"type":"Feature","id":"osm_way_1350941250","properties":{"subtype":"road","class":"footway","subclass":null,"road_surface":null},"geometry":{"type":"LineString","coordinates":[[113.9178139,22.52448],[113.917844,22.5243979],[113.9177079,22.5237612],[113.9176806,22.5236487],[113.9176159,22.5233606],[113.9174626,22.5226783],[113.9173942,22.5223738],[113.917374,22.5222839],[113.9172063,22.5216551],[113.9171518,22.5215028],[113.917106,22.5213837],[113.9170515,22.5212778],[113.9169211,22.5211017],[113.9167477,22.5209097],[113.9161343,22.5202902],[113.916071,22.5202289],[113.9159853,22.5201459],[113.9147854,22.5189707],[113.9146539,22.5188472],[113.9141868,22.5184064],[113.9141223,22.5184064],[113.9140415,22.5183351],[113.9139947,22.5182939],[113.9139919,22.518225],[113.9136192,22.5178742],[113.91335033621237,22.517611847158804]]}},{"type":"Feature","id":"osm_way_1352480795","properties":{"subtype":"road","class":"footway","subclass":null,"road_surface":null},"geometry":{"type":"LineString","coordinates":[[113.9273336,22.5177114],[113.9273814,22.5176555],[113.92739706825193,22.517611847158804]]}},{"type":"Feature","id":"osm_way_1352480805","properties":{"subtype":"road","class":"footway","subclass":null,"road_surface":null},"geometry":{"type":"LineString","coordinates":[[113.9279069912195,22.517611847158804],[113.9279183,22.5176287],[113.9279733,22.5176568],[113.9280711,22.5176776],[113.9281637,22.517668],[113.9283928308327,22.517611847158804]]}},{"type":"Feature","id":"osm_way_1352480814","properties":{"subtype":"road","class":"footway","subclass":null,"road_surface":null},"geometry":{"type":"LineString","coordinates":[[113.9274631,22.5195288],[113.9274849,22.5194935],[113.9274926,22.5194553],[113.9274934,22.5194086],[113.9274266,22.5182833],[113.9274151,22.5182454],[113.9274008,22.5182129],[113.9273784,22.5181868],[113.927356,22.5181678],[113.927327,22.5181451],[113.927291,22.5181254],[113.9272205,22.5180989],[113.9266433,22.5180912],[113.9250947,22.5180708],[113.9250681,22.5181001],[113.9250388,22.5180985]]}},{"type":"Feature","id":"osm_way_1352480815","properties":{"subtype":"road","class":"footway","subclass":null,"road_surface":null},"geometry":{"type":"LineString","coordinates":[[113.9247912,22.5180898],[113.9247919,22.5181797]]}},{"type":"Feature","id":"osm_way_1352480816","properties":{"subtype":"road","class":"footway","subclass":null,"road_surface":null},"geometry":{"type":"LineString","coordinates":[[113.9248785,22.5180896],[113.9247912,22.5180898],[113.9245661,22.5180929],[113.9243736,22.518077],[113.9241244,22.5180368]]}},{"type":"Feature","id":"osm_way_1352480817","properties":{"subtype":"road","class":"footway","subclass":null,"road_surface":null},"geometry":{"type":"LineString","coordinates":[[113.9250388,22.5180985],[113.9250097,22.518097],[113.9249172,22.5180922],[113.9248785,22.5180896]]}},{"type":"Feature","id":"osm_way_1360342326","properties":{"subtype":"road","class":"service","subclass":null,"road_surface":null},"geometry":{"type":"LineString","coordinates":[[113.9289728,22.5226855],[113.9289789,22.5227414],[113.9289896,22.5228302],[113.9286906,22.522861],[113.928646,22.5229283],[113.9286906,22.5230879]]}},{"type":"Feature","id":"osm_way_1367518876","properties":{"subtype":"road","class":"steps","subclass":null,"road_surface":null},"geometry":{"type":"LineString","coordinates":[[113.9236611,22.5289296],[113.9236605,22.5289627]]}},{"type":"Feature","id":"osm_way_1367518877","properties":{"subtype":"road","class":"footway","subclass":null,"road_surface":null},"geometry":{"type":"LineString","coordinates":[[113.9239794,22.5278891],[113.9240929,22.5278878]]}},{"type":"Feature","id":"osm_way_1375451866","properties":{"subtype":"road","class":"footway","subclass":null,"road_surface":null},"geometry":{"type":"LineString","coordinates":[[113.9267503,22.5305015],[113.9267796,22.5304998]]}},{"type":"Feature","id":"osm_way_1375451867","properties":{"subtype":"road","class":"footway","subclass":null,"road_surface":null},"geometry":{"type":"LineString","coordinates":[[113.9265104,22.5297217],[113.9265751,22.5296916]]}},{"type":"Feature","id":"osm_way_1382209009","properties":{"subtype":"road","class":"primary","subclass":null,"road_surface":null},"geometry":{"type":"LineString","coordinates":[[113.9186258,22.527216],[113.9185765,22.5270228]]}},{"type":"Feature","id":"osm_way_1382209010","properties":{"subtype":"road","class":"primary","subclass":null,"road_surface":null},"geometry":{"type":"LineString","coordinates":[[113.9187699,22.5271782],[113.9186258,22.527216]]}},{"type":"Feature","id":"osm_way_1382209011","properties":{"subtype":"road","class":"primary","subclass":null,"road_surface":null},"geometry":{"type":"LineString","coordinates":[[113.9187699,22.5271782],[113.9188799,22.5276836]]}},{"type":"Feature","id":"osm_way_1382209012","properties":{"subtype":"road","class":"primary","subclass":null,"road_surface":null},"geometry":{"type":"LineString","coordinates":[[113.918726,22.5269867],[113.9191779,22.5268661],[113.9202481,22.5265926],[113.9203243,22.5265731],[113.9208427,22.5264462],[113.9228765,22.5259484],[113.9231241,22.5258858]]}},{"type":"Feature","id":"osm_way_1391093415","properties":{"subtype":"road","class":"footway","subclass":null,"road_surface":null},"geometry":{"type":"LineString","coordinates":[[113.9258353,22.5237709],[113.9259164,22.5235881],[113.9259839,22.5233281]]}},{"type":"Feature","id":"osm_way_1416570855","properties":{"subtype":"road","class":"trunk","subclass":null,"road_surface":null},"geometry":{"type":"LineString","coordinates":[[113.9295151654321,22.524783109790977],[113.9293167,22.5247959],[113.9289208,22.5248374],[113.9285357,22.524897],[113.9279773,22.5250101],[113.9275582,22.5251051],[113.9271327,22.5252218],[113.9265117,22.5254063]]}},{"type":"Feature","id":"osm_way_1416570856","properties":{"subtype":"road","class":"primary","subclass":null,"road_surface":null},"geometry":{"type":"LineString","coordinates":[[113.9295151654321,22.525022142377985],[113.9292508,22.5250331]]}},{"type":"Feature","id":"osm_way_1416570857","properties":{"subtype":"road","class":"primary","subclass":null,"road_surface":null},"geometry":{"type":"LineString","coordinates":[[113.9250859,22.525919],[113.9242692,22.526103],[113.9241593,22.526123],[113.9240139,22.5261425],[113.9238603,22.5261511]]}},{"type":"Feature","id":"osm_way_1416570858","properties":{"subtype":"road","class":"primary_link","subclass":null,"road_surface":null},"geometry":{"type":"LineString","coordinates":[[113.9250859,22.525919],[113.9249496,22.5259967],[113.9248523,22.5260792]]}},{"type":"Feature","id":"osm_way_1416570859","properties":{"subtype":"road","class":"primary","subclass":null,"road_surface":null},"geometry":{"type":"LineString","coordinates":[[113.924538,22.5256569],[113.924542,22.5256021],[113.9245425,22.5253228],[113.9245331,22.5251518],[113.9245016,22.5248807],[113.9244687,22.5246824],[113.924426,22.5244648],[113.924365,22.5242144],[113.9243194,22.5240625],[113.9242614,22.5238868]]}},{"type":"Feature","id":"osm_way_1420290099","properties":{"subtype":"road","class":"primary","subclass":null,"road_surface":null},"geometry":{"type":"LineString","coordinates":[[113.91006483456792,22.52565186412055],[113.9101001,22.5256549]]}},{"type":"Feature","id":"osm_way_1420290100","properties":{"subtype":"road","class":"secondary","subclass":null,"road_surface":null},"geometry":{"type":"LineString","coordinates":[[113.91006483456792,22.527367395951778],[113.9101014,22.5276434],[113.9101273,22.527893],[113.9101528,22.5281854],[113.9101954,22.5287721],[113.9102446,22.52945],[113.9102831,22.5299801],[113.9103567,22.530994],[113.9103598,22.5310555],[113.9103691,22.5312411]]}},{"type":"Feature","id":"osm_way_1420290107","properties":{"subtype":"road","class":"residential","subclass":null,"road_surface":"asphalt"},"geometry":{"type":"LineString","coordinates":[[113.9116118,22.5186007],[113.9118058,22.5185366]]}},{"type":"Feature","id":"osm_way_1420290108","properties":{"subtype":"road","class":"secondary","subclass":null,"road_surface":null},"geometry":{"type":"LineString","coordinates":[[113.91006483456792,22.518368797190302],[113.910211,22.5184444],[113.9111224,22.5188401]]}},{"type":"Feature","id":"osm_way_1420290109","properties":{"subtype":"road","class":"secondary","subclass":null,"road_surface":null},"geometry":{"type":"LineString","coordinates":[[113.9111224,22.5188401],[113.911274,22.5189061],[113.9114222,22.5189782],[113.9115669,22.5190562],[113.9117077,22.51914],[113.9118444,22.5192295],[113.9119767,22.5193244],[113.9121044,22.5194246],[113.9122272,22.5195298],[113.9123449,22.51964],[113.9124572,22.5197548]]}},{"type":"Feature","id":"osm_way_1420290110","properties":{"subtype":"road","class":"primary","subclass":null,"road_surface":null},"geometry":{"type":"LineString","coordinates":[[113.9170302,22.5208056],[113.9171327,22.5209062],[113.9172011,22.5209777],[113.9172598,22.521041],[113.9173027,22.5210994],[113.9173309,22.5211423],[113.9173511,22.5211807],[113.9173768,22.5212364],[113.9173984,22.5213054],[113.917474,22.5216285]]}},{"type":"Feature","id":"osm_way_1420290111","properties":{"subtype":"road","class":"secondary","subclass":null,"road_surface":null},"geometry":{"type":"LineString","coordinates":[[113.917213,22.5212517],[113.9173027,22.5210994],[113.9176147,22.5208849]]}},{"type":"Feature","id":"osm_way_1420290112","properties":{"subtype":"road","class":"primary","subclass":null,"road_surface":null},"geometry":{"type":"LineString","coordinates":[[113.9277395,22.5178631],[113.9277437,22.5179865]]}},{"type":"Feature","id":"osm_way_1420290113","properties":{"subtype":"road","class":"secondary","subclass":null,"road_surface":null},"geometry":{"type":"LineString","coordinates":[[113.9281627,22.5177577],[113.9278307,22.5178406],[113.9277395,22.5178631]]}},{"type":"Feature","id":"osm_way_1420291777","properties":{"subtype":"road","class":"secondary","subclass":null,"road_surface":"asphalt"},"geometry":{"type":"LineString","coordinates":[[113.91006483456792,22.535160208206594],[113.9101222,22.535161],[113.9101683,22.5351621],[113.9102683,22.5351644]]}},{"type":"Feature","id":"osm_way_1420291778","properties":{"subtype":"road","class":"secondary","subclass":null,"road_surface":null},"geometry":{"type":"LineString","coordinates":[[113.9102683,22.5351644],[113.9102711,22.5350711],[113.9102802,22.5347616]]}},{"type":"Feature","id":"osm_way_1420291779","properties":{"subtype":"road","class":"secondary","subclass":null,"road_surface":null},"geometry":{"type":"LineString","coordinates":[[113.910262,22.5312926],[113.9102592,22.5312416]]}},{"type":"Feature","id":"osm_way_1420291780","properties":{"subtype":"road","class":"secondary","subclass":null,"road_surface":null},"geometry":{"type":"LineString","coordinates":[[113.9102592,22.5312416],[113.9103691,22.5312411]]}},{"type":"Feature","id":"osm_way_1420291781","properties":{"subtype":"road","class":"secondary","subclass":null,"road_surface":null},"geometry":{"type":"LineString","coordinates":[[113.9142481,22.5354647],[113.9141832,22.5351402],[113.9140528,22.5342983],[113.9136031,22.5313927],[113.9136028,22.5313262],[113.913605,22.5312598],[113.9136098,22.5311935]]}},{"type":"Feature","id":"osm_way_1420291782","properties":{"subtype":"road","class":"secondary","subclass":null,"road_surface":null},"geometry":{"type":"LineString","coordinates":[[113.9136098,22.5311935],[113.9136193,22.5311112],[113.9136327,22.5310293],[113.91365,22.5309481],[113.9137771,22.5306188],[113.9141182,22.5297436],[113.9141431,22.5296794],[113.9142087,22.5295014],[113.9142672,22.5293219],[113.9143189,22.5291407],[113.9143637,22.5289578],[113.9143944,22.5288084],[113.9144015,22.5287737],[113.9144324,22.5285884],[113.9144561,22.5284023],[113.9144728,22.5282155],[113.9144824,22.5280276]]}},{"type":"Feature","id":"osm_way_1420291783","properties":{"subtype":"road","class":"primary","subclass":null,"road_surface":null},"geometry":{"type":"LineString","coordinates":[[113.9186258,22.527216],[113.9180898,22.5273372],[113.9177735,22.5274087],[113.917577,22.5274486],[113.9175577,22.5274525],[113.917385,22.5274824],[113.9172449,22.5275019],[113.9171112,22.5275155],[113.9169835,22.5275233],[113.9168378,22.5275294],[113.9166924,22.5275297],[113.916563,22.5275247],[113.9164522,22.5275162],[113.9163556,22.5275074],[113.9162315,22.5274928],[113.9161075,22.5274718],[113.9160078,22.5274527],[113.9158515,22.5274133],[113.915755,22.5273852],[113.9157001,22.5273692],[113.9151585,22.52719],[113.9148568,22.5270901],[113.9148237,22.5270787],[113.9146573,22.5270213],[113.9145408,22.5269811],[113.9144504,22.5269499],[113.9143776,22.5269248],[113.9141882,22.5268602]]}},{"type":"Feature","id":"osm_way_1420454348","properties":{"subtype":"road","class":"primary","subclass":null,"road_surface":null},"geometry":{"type":"LineString","coordinates":[[113.9295151654321,22.52635549598274],[113.9295123,22.5263474],[113.9294726,22.5262552]]}},{"type":"Feature","id":"osm_way_1420454349","properties":{"subtype":"road","class":"primary","subclass":null,"road_surface":null},"geometry":{"type":"LineString","coordinates":[[113.9292508,22.5250331],[113.9286792,22.5250874],[113.9281609,22.5251499],[113.9278744,22.525208]]}},{"type":"Feature","id":"osm_way_1431885542","properties":{"subtype":"road","class":"service","subclass":null,"road_surface":null},"geometry":{"type":"LineString","coordinates":[[113.9170955,22.5309942],[113.9170737,22.5309164],[113.9169524,22.5304699],[113.9169735,22.5301013],[113.916989,22.5297935],[113.9169558,22.5294612],[113.9170178,22.5288965]]}},{"type":"Feature","id":"osm_way_1433239258","properties":{"subtype":"road","class":"primary_link","subclass":null,"road_surface":null},"geometry":{"type":"LineString","coordinates":[[113.9187406,22.5277115],[113.9187022,22.5276456],[113.9186558,22.5275842],[113.9186021,22.5275281],[113.9185417,22.5274782],[113.9184754,22.527435],[113.9184043,22.5273991],[113.9183291,22.5273711],[113.9182509,22.5273513],[113.9181708,22.5273399],[113.9180898,22.5273372]]}},{"type":"Feature","id":"osm_way_1433239259","properties":{"subtype":"road","class":"primary_link","subclass":null,"road_surface":null},"geometry":{"type":"LineString","coordinates":[[113.9180597,22.5271462],[113.9181255,22.5271118],[113.9181872,22.5270713],[113.9182441,22.5270252],[113.9182956,22.5269739],[113.9183411,22.5269181],[113.9183802,22.5268583],[113.9184125,22.5267951],[113.9184377,22.5267292],[113.9184554,22.5266612],[113.9184655,22.5265919]]}},{"type":"Feature","id":"osm_way_1433239260","properties":{"subtype":"road","class":"primary_link","subclass":null,"road_surface":null},"geometry":{"type":"LineString","coordinates":[[113.9186213,22.5265755],[113.9186578,22.5266275],[113.9187001,22.5266755],[113.9187478,22.5267191],[113.9188001,22.5267577],[113.9188566,22.526791],[113.9189167,22.5268186],[113.9189795,22.5268401],[113.9190445,22.5268553],[113.9191109,22.526864],[113.9191779,22.5268661]]}},{"type":"Feature","id":"osm_way_1433242835","properties":{"subtype":"road","class":"service","subclass":null,"road_surface":null},"geometry":{"type":"LineString","coordinates":[[113.9131624,22.5300283],[113.9131132,22.5299031]]}},{"type":"Feature","id":"osm_way_1433256625","properties":{"subtype":"road","class":"service","subclass":null,"road_surface":null},"geometry":{"type":"LineString","coordinates":[[113.9126999,22.5258469],[113.9127738,22.5257234]]}},{"type":"Feature","id":"osm_way_1433744198","properties":{"subtype":"road","class":"service","subclass":null,"road_surface":null},"geometry":{"type":"LineString","coordinates":[[113.9215865,22.531867],[113.9216469,22.5318689],[113.921808,22.5317497],[113.9218141,22.5315819],[113.9218223,22.5312878]]}},{"type":"Feature","id":"osm_way_1433744199","properties":{"subtype":"road","class":"service","subclass":null,"road_surface":null},"geometry":{"type":"LineString","coordinates":[[113.9207654,22.5318527],[113.9212661,22.5318614],[113.9215865,22.531867]]}},{"type":"Feature","id":"osm_way_1436391643","properties":{"subtype":"road","class":"pedestrian","subclass":null,"road_surface":null},"geometry":{"type":"LineString","coordinates":[[113.9287426,22.5211573],[113.9288703,22.5212129],[113.9291972,22.521176],[113.9294268,22.52115],[113.9295151654321,22.521083278403026]]}},{"type":"Feature","id":"osm_way_1441745312","properties":{"subtype":"road","class":"service","subclass":"parking_aisle","road_surface":null},"geometry":{"type":"LineString","coordinates":[[113.9147047,22.5288718],[113.9149342,22.528913]]}},{"type":"Feature","id":"osm_way_1441745313","properties":{"subtype":"road","class":"secondary","subclass":null,"road_surface":null},"geometry":{"type":"LineString","coordinates":[[113.9144824,22.5280276],[113.9145209,22.5274165]]}},{"type":"Feature","id":"osm_way_1441745326","properties":{"subtype":"road","class":"service","subclass":null,"road_surface":null},"geometry":{"type":"LineString","coordinates":[[113.9153863,22.5311638],[113.915381,22.5310623],[113.9152713,22.5303615],[113.9152233,22.5300548]]}},{"type":"Feature","id":"osm_way_1441748775","properties":{"subtype":"road","class":"secondary_link","subclass":null,"road_surface":null},"geometry":{"type":"LineString","coordinates":[[113.9161233,22.5351242],[113.9162352,22.5352807],[113.9162623,22.5353157],[113.916295,22.5353464],[113.9163324,22.535372],[113.9163737,22.5353919],[113.9164179,22.5354057],[113.9165579,22.5354517]]}},{"type":"Feature","id":"osm_way_1441748776","properties":{"subtype":"road","class":"secondary_link","subclass":null,"road_surface":null},"geometry":{"type":"LineString","coordinates":[[113.9157765,22.5354717],[113.9158247,22.5354622],[113.9158711,22.5354468],[113.9159147,22.5354257],[113.9159549,22.5353993],[113.9159907,22.5353681],[113.9160217,22.5353327],[113.9160472,22.5352938],[113.9160667,22.535252],[113.9161233,22.5351242]]}},{"type":"Feature","id":"osm_way_1442268715","properties":{"subtype":"road","class":"service","subclass":null,"road_surface":null},"geometry":{"type":"LineString","coordinates":[[113.9157411,22.526423],[113.9146311,22.5261148]]}},{"type":"Feature","id":"osm_way_1442268722","properties":{"subtype":"road","class":"service","subclass":null,"road_surface":null},"geometry":{"type":"LineString","coordinates":[[113.9160376,22.5269919],[113.9161745,22.5270509],[113.9177999,22.526727],[113.9178466,22.5263943],[113.9183862,22.5262849]]}},{"type":"Feature","id":"osm_way_1442268726","properties":{"subtype":"road","class":"residential","subclass":null,"road_surface":null},"geometry":{"type":"LineString","coordinates":[[113.9177263,22.5233375],[113.9176159,22.5233606],[113.9175608,22.5233722],[113.9172034,22.5233817],[113.9169837,22.5247025]]}},{"type":"Feature","id":"osm_way_1459209288","properties":{"subtype":"road","class":"primary_link","subclass":null,"road_surface":null},"geometry":{"type":"LineString","coordinates":[[113.9232439,22.5264602],[113.92316,22.5264167],[113.9230907,22.5263914],[113.923032,22.5263757],[113.9229894,22.5263722],[113.9229357,22.5263735],[113.9228629,22.5263857],[113.9227894,22.5264031],[113.9226612,22.5263526],[113.922541,22.5263243],[113.9223921,22.5263044]]}},{"type":"Feature","id":"osm_way_1459209289","properties":{"subtype":"road","class":"primary_link","subclass":null,"road_surface":null},"geometry":{"type":"LineString","coordinates":[[113.9234562,22.5264689],[113.9233512,22.5263417],[113.9233126,22.5263147],[113.9232551,22.5262817],[113.9232092,22.526259],[113.9231609,22.526243],[113.9231078,22.5262354],[113.9230536,22.5262332],[113.9230083,22.5262328],[113.9229593,22.5262355],[113.9228985,22.5262419],[113.922816,22.5262547],[113.922541,22.5263243]]}},{"type":"Feature","id":"osm_way_1459209293","properties":{"subtype":"road","class":"footway","subclass":null,"road_surface":null},"geometry":{"type":"LineString","coordinates":[[113.9230191,22.5268142],[113.9229776,22.5268151],[113.922821,22.5268182]]}},{"type":"Feature","id":"osm_way_1459209294","properties":{"subtype":"road","class":"footway","subclass":null,"road_surface":null},"geometry":{"type":"LineString","coordinates":[[113.9231488,22.5264586],[113.9231227,22.5264432],[113.9230758,22.5264284],[113.9230092,22.5264135],[113.9229422,22.5264096],[113.9228927,22.5264163],[113.9228591,22.5264208]]}},{"type":"Feature","id":"osm_way_1459209295","properties":{"subtype":"road","class":"footway","subclass":null,"road_surface":null},"geometry":{"type":"LineString","coordinates":[[113.9233611,22.5267384],[113.9232721,22.5266168],[113.923214,22.5265103]]}},{"type":"Feature","id":"osm_way_1459209296","properties":{"subtype":"road","class":"footway","subclass":null,"road_surface":null},"geometry":{"type":"LineString","coordinates":[[113.923214,22.5265103],[113.9231808,22.5264819],[113.9231488,22.5264586]]}},{"type":"Feature","id":"osm_way_1459209297","properties":{"subtype":"road","class":"footway","subclass":null,"road_surface":null},"geometry":{"type":"LineString","coordinates":[[113.9228591,22.5264208],[113.922823,22.5264327],[113.9227904,22.5264438]]}},{"type":"Feature","id":"osm_way_1459209298","properties":{"subtype":"road","class":"footway","subclass":null,"road_surface":null},"geometry":{"type":"LineString","coordinates":[[113.9227904,22.5264438],[113.9227256,22.5264736]]}},{"type":"Feature","id":"osm_way_1460680548","properties":{"subtype":"road","class":"secondary_link","subclass":null,"road_surface":null},"geometry":{"type":"LineString","coordinates":[[113.9270935,22.5352273],[113.9270842,22.5352768],[113.9270734,22.535312],[113.9270582,22.5353346],[113.927039,22.5353548]]}},{"type":"Feature","id":"osm_way_1460680549","properties":{"subtype":"road","class":"secondary","subclass":null,"road_surface":null},"geometry":{"type":"LineString","coordinates":[[113.9268826,22.5355102],[113.9268382,22.5355115]]}},{"type":"Feature","id":"osm_way_1460680550","properties":{"subtype":"road","class":"secondary_link","subclass":null,"road_surface":null},"geometry":{"type":"LineString","coordinates":[[113.92688705165011,22.535578152841197],[113.9268985,22.5355677]]}},{"type":"Feature","id":"osm_way_1460680551","properties":{"subtype":"road","class":"secondary_link","subclass":null,"road_surface":null},"geometry":{"type":"LineString","coordinates":[[113.9268985,22.5355677],[113.9269182,22.5355572],[113.9269405,22.5355513],[113.9269808,22.5355502],[113.9270897,22.535553]]}},{"type":"Feature","id":"osm_way_1460680552","properties":{"subtype":"road","class":"secondary","subclass":null,"road_surface":null},"geometry":{"type":"LineString","coordinates":[[113.9270949,22.5354408],[113.9270837,22.5354695],[113.9270726,22.5354862]]}},{"type":"Feature","id":"osm_way_1460680553","properties":{"subtype":"road","class":"secondary","subclass":null,"road_surface":null},"geometry":{"type":"LineString","coordinates":[[113.9270605,22.535439],[113.9270949,22.5354408]]}},{"type":"Feature","id":"osm_way_1460680554","properties":{"subtype":"road","class":"secondary_link","subclass":null,"road_surface":null},"geometry":{"type":"LineString","coordinates":[[113.9268392,22.5353536],[113.9268119,22.5353235],[113.9267816,22.5352812]]}},{"type":"Feature","id":"osm_way_1460680555","properties":{"subtype":"road","class":"secondary","subclass":null,"road_surface":null},"geometry":{"type":"LineString","coordinates":[[113.9268202,22.5354297],[113.9268608,22.5354316]]}},{"type":"Feature","id":"osm_way_1463713893","properties":{"subtype":"road","class":"secondary","subclass":null,"road_surface":null},"geometry":{"type":"LineString","coordinates":[[113.9104219,22.5353125],[113.9104192,22.5353876],[113.91041222283444,22.535578152841197]]}},{"type":"Feature","id":"osm_way_1463713894","properties":{"subtype":"road","class":"secondary","subclass":null,"road_surface":null},"geometry":{"type":"LineString","coordinates":[[113.9109634,22.5353501],[113.910596,22.5353225],[113.9105464,22.5353197],[113.9104219,22.5353125],[113.9102673,22.5353061]]}},{"type":"Feature","id":"osm_way_1463713895","properties":{"subtype":"road","class":"secondary","subclass":null,"road_surface":null},"geometry":{"type":"LineString","coordinates":[[113.91425377534308,22.535578152841197],[113.913957,22.5355588]]}},{"type":"Feature","id":"osm_way_1463713896","properties":{"subtype":"road","class":"secondary","subclass":null,"road_surface":null},"geometry":{"type":"LineString","coordinates":[[113.91426813275693,22.535578152841197],[113.9142481,22.5354647]]}},{"type":"Feature","id":"osm_way_1463713905","properties":{"subtype":"road","class":"secondary","subclass":null,"road_surface":null},"geometry":{"type":"LineString","coordinates":[[113.9143434,22.535468],[113.91437051309212,22.535578152841197]]}},{"type":"Feature","id":"osm_way_1463713906","properties":{"subtype":"road","class":"secondary","subclass":null,"road_surface":null},"geometry":{"type":"LineString","coordinates":[[113.9142481,22.5354647],[113.9143434,22.535468]]}},{"type":"Feature","id":"osm_way_1463713907","properties":{"subtype":"road","class":"secondary","subclass":null,"road_surface":"asphalt"},"geometry":{"type":"LineString","coordinates":[[113.9102683,22.5351644],[113.9104239,22.5351731],[113.9105464,22.5351856],[113.911004,22.5352323]]}},{"type":"Feature","id":"osm_way_1463713908","properties":{"subtype":"road","class":"secondary","subclass":null,"road_surface":null},"geometry":{"type":"LineString","coordinates":[[113.9102673,22.5353061],[113.9102683,22.5351644]]}},{"type":"Feature","id":"osm_way_1467957835","properties":{"subtype":"road","class":"living_street","subclass":null,"road_surface":null},"geometry":{"type":"LineString","coordinates":[[113.9202481,22.5265926],[113.9201964,22.5263808],[113.9202676,22.526364],[113.9201455,22.5259242],[113.9201024,22.5259256],[113.9200904,22.5259244],[113.9200814,22.5259197],[113.9200734,22.5259112],[113.9199689,22.5255827],[113.9197738,22.5247132],[113.9196759,22.5243203],[113.91962,22.5240883],[113.9195631,22.5239074]]}},{"type":"Feature","id":"osm_way_1467957836","properties":{"subtype":"road","class":"living_street","subclass":null,"road_surface":null},"geometry":{"type":"LineString","coordinates":[[113.9187325,22.5261668],[113.9188577,22.5266637],[113.9189037,22.5266872],[113.9199908,22.5264295],[113.9201964,22.5263808]]}},{"type":"Feature","id":"osm_way_1467957837","properties":{"subtype":"road","class":"living_street","subclass":null,"road_surface":null},"geometry":{"type":"LineString","coordinates":[[113.9185315,22.526206],[113.9187325,22.5261668]]}},{"type":"Feature","id":"osm_way_1467957838","properties":{"subtype":"road","class":"living_street","subclass":null,"road_surface":null},"geometry":{"type":"LineString","coordinates":[[113.9187325,22.5261668],[113.9197627,22.5259328],[113.9198183,22.5259405],[113.9198572,22.5259618],[113.9199908,22.5264295]]}},{"type":"Feature","id":"osm_way_1467957839","properties":{"subtype":"road","class":"service","subclass":null,"road_surface":null},"geometry":{"type":"LineString","coordinates":[[113.9188739,22.5257076],[113.9196328,22.5255685]]}},{"type":"Feature","id":"osm_way_1467957840","properties":{"subtype":"road","class":"service","subclass":null,"road_surface":null},"geometry":{"type":"LineString","coordinates":[[113.9187898,22.5253503],[113.919518,22.5252028]]}},{"type":"Feature","id":"osm_way_1467957841","properties":{"subtype":"road","class":"living_street","subclass":null,"road_surface":null},"geometry":{"type":"LineString","coordinates":[[113.9214276,22.525106],[113.9210067,22.5250349],[113.9204249,22.5235519]]}},{"type":"Feature","id":"osm_way_1467957846","properties":{"subtype":"road","class":"residential","subclass":null,"road_surface":null},"geometry":{"type":"LineString","coordinates":[[113.9216657,22.5191277],[113.9220106,22.5199698],[113.9221361,22.5202761],[113.9222231,22.5205063]]}},{"type":"Feature","id":"osm_way_1467957847","properties":{"subtype":"road","class":"service","subclass":null,"road_surface":null},"geometry":{"type":"LineString","coordinates":[[113.9220106,22.5199698],[113.9226152,22.5197734]]}},{"type":"Feature","id":"osm_way_1467957848","properties":{"subtype":"road","class":"service","subclass":null,"road_surface":null},"geometry":{"type":"LineString","coordinates":[[113.9221361,22.5202761],[113.9227367,22.5200795]]}},{"type":"Feature","id":"osm_way_1468127830","properties":{"subtype":"road","class":"footway","subclass":null,"road_surface":null},"geometry":{"type":"LineString","coordinates":[[113.9252586,22.5273345],[113.9252282,22.5273556],[113.9251744,22.5276053],[113.9251447,22.5278139],[113.925156,22.5282016],[113.9251653,22.5284002],[113.9252528,22.5283981],[113.925254,22.5285017],[113.9252579,22.5288496]]}},{"type":"Feature","id":"osm_way_1468129261","properties":{"subtype":"road","class":"service","subclass":null,"road_surface":null},"geometry":{"type":"MultiLineString","coordinates":[[[113.9243149,22.5261708],[113.9242966,22.5262655]],[[113.9242966,22.5262655],[113.9242878,22.5264586],[113.9242649,22.526483],[113.9238637,22.5264847],[113.9238309,22.5264666],[113.9238371,22.52633],[113.9238665,22.526291],[113.923907,22.5262644],[113.9242966,22.5262655]]]}}]}