# Generated by SimLab OpenUSD importer
v 1.42061239594072e-08 0.075978508383517 0.150907378995999
v 1.64503589292883e-08 0.0751242620842706 0.151875119986941
v 0.0100000153854487 0.0751721767670184 0.152040403663209
v 0.00999995857477293 0.0740011392384522 0.152347293071137
v 9.37398493414328e-09 0.076159930016997 0.149927985297263
v 0.0100000274926419 0.0761872363942744 0.150928046906113
v 4.38254080999717e-08 0.0740008114129133 0.152166050251587
v 1.07966575487003e-08 0.0759534371803687 0.149060842043292
v 0.0100000144541262 0.0762828720446789 0.14942989909433
v 0.010000020973384 0.0755670649804095 0.148230206633429
v 0.0100001113116718 0.0740036873369594 0.147614922800327
v -2.07716257325654e-08 0.0740003718286679 0.147842403922027
v 2.63616766963067e-08 0.075097350587756 0.148096111086843
v 0.0100000097975134 0.0102810270648966 0.0860063861458066
v 1.14543199030084e-08 0.0100767489133013 0.0861229355754792
v 0.0100000200420615 0.00976909954616962 0.0870675946682484
v 0.0100000116601585 0.00867226886736757 0.0877455080804487
v 2.54686239734005e-08 0.00937919390844132 0.0872109885392117
v 7.07375617812929e-08 0.00800178554650141 0.0876829902600573
v 0.0099999995529653 0.00800000020116577 0.0878245959917173
v 8.74306030238419e-09 0.00967942808539966 0.084140157309022
v 1.44901722934626e-08 0.0101253350796104 0.0850326101847154
v 0.0100000153854487 0.0102828487318119 0.0849295239538805
v 0.0100000088661908 0.0097787899573419 0.0839848499599505
v 1.20180476215702e-08 0.00899287572519025 0.0835727956092477
v 0.010000020973384 0.00882288700738068 0.08328425698092
v -3.73023488198287e-08 0.00800107681003796 0.083329645916902
v 0.0099999995529653 0.00800000020116577 0.0831753965502516
v 1.22897618221868e-08 0.121161636982227 0.282832318183057
v 1.41264348170161e-08 0.12051736294067 0.284560644226656
v 0.010000020973384 0.121215743097313 0.283823543403516
v 9.48966572983146e-09 0.121038888669636 0.28371697030104
v 8.37739192609646e-09 0.119661253996316 0.285057776755293
v 0.0100000284239645 0.120186117585315 0.285058432406371
v 0.00999997906386912 0.11900038006156 0.285332911789427
v 2.56719102455577e-08 0.119000223599371 0.285154604498566
v 7.61641754849646e-09 0.120901686231011 0.281974100724441
v 0.010000020973384 0.121264052660823 0.282320701726063
v 0.0100000088661908 0.120629248306993 0.281325482994493
v 2.63208169372001e-08 0.120097329018326 0.281096064721881
v 0.0100000144541262 0.119717692143076 0.280758881253923
v -2.08202002092531e-08 0.119000372610979 0.280842476766352
v 0.0099999995529653 0.119000000081958 0.280674987718277
v 0.030219038272969 0.0778119844687296 0.15139333565399
v 0.0303892728599327 0.0780373645267489 0.150450405095881
v 0.0100000777840598 0.0775967819035782 0.151021104655688
v 0.0299536802630053 0.0773936567293045 0.152217965896026
v 0.0100000219047066 0.0765699950627248 0.15272074596463
v 0.0291300204590707 0.0761223865422083 0.153436284808003
v 0.0100000246986743 0.0750249309459726 0.15357730939439
v 0.0286011484577999 0.0753832219082897 0.153780680437818
v 0.0295889054330687 0.0768115354296977 0.152906295219668
v 0.0274862994815495 0.0739999992996464 0.154005002513416
v 0.0099999995529653 0.0739999992996464 0.153699990651757
v 0.0280382701447996 0.0746569914819982 0.153966617123039
v 0.00999995764345038 0.0776127186951188 0.149009731061539
v 0.0304464001853827 0.0780469012696998 0.149719994893968
v 0.0304529175806142 0.0779289362297455 0.14897425139753
v 0.0302866727794709 0.0773050395256654 0.147641044535315
v 0.0303950992138293 0.0776701999231393 0.148273002767421
v 0.01000003773719 0.0767282677428076 0.14747044114462
v 0.0301134002183367 0.0768273008578884 0.147098001530066
v 0.0298974153422401 0.0762998668186406 0.146666896045203
v 0.0295115460564599 0.075500874023866 0.146242630193175
v 0.0100000181794164 0.0753035379505866 0.146491777602767
v 0.0290439550792291 0.0746808854934385 0.146020498588223
v 0.0099999995529653 0.0739999992996464 0.146299999662489
v 0.0285944000945751 0.0739995969683031 0.145976003721893
v 0.010000020973384 0.111215752857573 0.211823533211122
v 1.41385149314324e-08 0.110517350349189 0.212560634034262
v 0.00999997813254656 0.10900038237124 0.213332916498193
v 0.010000029355287 0.110186090092673 0.213058452016299
v 0.0100000079348683 0.111310554042969 0.210650990665309
v 8.38795236727065e-09 0.109661241404835 0.21305778146406
v 2.54470767654202e-08 0.109000225909051 0.213154609207333
v 9.37954759546153e-09 0.110952620708513 0.21005913145708
v 2.60185787095159e-08 0.111172308523083 0.211334030076846
v 0.0100000144541262 0.109717634848112 0.208758871061529
v 2.62014954982509e-08 0.110097264272782 0.209096024727165
v 0.0100000191107389 0.110865992809849 0.20954931804055
v -2.12254866712444e-08 0.109000374920659 0.208842451672797
v 0.0099999995529653 0.109000002391638 0.208674992427044
v -0.0295340989634227 0.0239999996721748 0.22228899101267
v -0.0279845998886693 0.0236224992508631 0.22223999599576
v -0.0280151994224969 0.0239999996721748 0.22226199010919
v -0.0295031995437328 0.0236061992435265 0.222264001765907
v -0.0293780018528256 0.0231117060830066 0.22216245035464
v -0.0278926988417056 0.0232465988416988 0.222171987097591
v -0.027695411197199 0.0227909902604451 0.222024927541056
v -0.0273760830452427 0.0223386748357416 0.221796522547382
v -0.0287769318645392 0.0221537179018474 0.221706787756679
v -0.0272888292978224 0.021184352684371 0.220631192163426
v -0.0259770801072479 0.0213369219451343 0.220829109381979
v -0.0282168642830063 0.0216645519063352 0.221289644659542
v -0.0263424826485857 0.020919421220137 0.219993020147241
v -0.0242246216336353 0.0208066119818404 0.218673626661145
v -0.0228905169764794 0.020819847937975 0.218948582881348
v -0.020843702833868 0.0210459134493939 0.217865849632043
v -0.0219241319911751 0.0212523466813788 0.217405254749836
v -0.018194239179919 0.0219703516668751 0.21666560582819
v -0.0191595866718983 0.0215501258920853 0.217082734024165
v -0.0198604832620813 0.0222570891173837 0.216411406925066
v -0.0170854922290411 0.0227017248563086 0.216215367252781
v -0.0175252198981074 0.0223656496621898 0.216389353206992
v -0.0194180882852209 0.0226139737826445 0.216213459904191
v -0.0190235111335628 0.02305723488948 0.216043005525104
v -0.0164264883899731 0.023599318632499 0.215972239912177
v -0.0187582667449506 0.0235790791307599 0.215933407486973
v -0.0166939642274241 0.0231133079577991 0.216067577539364
v -0.0186987999372455 0.0239999996721748 0.215900997462101
v -0.0163653992183792 0.0239999996721748 0.215940992177852
v -0.0205505392577381 0.0218323706425944 0.216732690854385
v -0.0240879556368006 0.0208684629752833 0.219641173936996
v -0.0254174074064778 0.0208054850815503 0.219398851259078
v -0.0250478474412598 0.0210299487181767 0.220229337657332
v -0.0268437576999424 0.0218337974287469 0.221414799509612
v -0.0291141823877208 0.0225863321292478 0.221962581084015
v -0.0250423135226451 0.0210296637334752 0.299774938081765
v -0.0257898190813555 0.0208298671060088 0.300367944679381
v -0.0238135637980651 0.0208395118823759 0.300523453194124
v -0.0243360115363598 0.0208038087009535 0.301259451331359
v -0.0205366476505257 0.0211253589885232 0.302281253733905
v -0.0213389522283016 0.0214760615346719 0.302884542132514
v -0.0226433886741837 0.0210583186658105 0.302214913765753
v -0.0191069855740598 0.0215692813343718 0.30294107713682
v -0.020344724423929 0.021944539130974 0.303364210500623
v -0.0181800160218774 0.0219779028301413 0.303340309038602
v -0.0163653992183792 0.0239999996721748 0.304058992026918
v -0.0166946943843063 0.0231129019011656 0.303931855322453
v -0.0170855723227807 0.0227019819013334 0.303785019283331
v -0.0164261549764988 0.0236032767533527 0.304028295635544
v -0.0187332998499284 0.0236939000257726 0.304084979651459
v -0.0186987999372455 0.0239999996721748 0.304100000021607
v -0.018877720038346 0.0232901344457987 0.304017864822942
v -0.019644485347469 0.0224185487832456 0.303685598738068
v -0.0175248306052799 0.0223658322014104 0.303611271747695
v -0.0192226688737573 0.0228097694484199 0.303871952655793
v -0.0223387269898046 0.0208494062531875 0.301354312121399
v -0.0270095647794854 0.0210878453160562 0.299561106423413
v -0.025949799807002 0.0213253940345634 0.299188368785641
v -0.0268146948483285 0.0218119597775054 0.298605375768124
v -0.0279537880132994 0.021499208625424 0.298900627369419
v -0.0285578363711129 0.0219400482936195 0.298456244950229
v -0.0289414499936677 0.0223447060806 0.29816993404545
v -0.0273564340020027 0.0223160232085881 0.298218392620569
v -0.0294787784037271 0.0234437132602103 0.297762327691264
v -0.0295340989634227 0.0239999996721748 0.297710978290938
v -0.0279824988249879 0.0236107999769422 0.297761999865725
v -0.0280151994224969 0.0239999996721748 0.297737979194418
v -0.029250995533519 0.0228241416180701 0.297932320134364
v -0.0278846000607777 0.0232230997110213 0.297834002275005
v -0.0276784611267199 0.0227611581364018 0.297987186208654
v 0.0222650295734774 0.0211475673061411 0.302419447099728
v 0.0225305570841459 0.0208184733058856 0.301254086913449
v 0.0257075013434704 0.0208274102771119 0.300417774161299
v 0.0244125979152489 0.0207977662802244 0.301215254488246
v 0.0266680581122329 0.0209904941695076 0.299791418765677
v 0.0241184713515984 0.0208709626450177 0.300340615950362
v 0.0259972581416985 0.021346576034727 0.29915805982445
v 0.0276423388501482 0.0213340814113452 0.29912083672462
v 0.0282867749418298 0.0217232010128381 0.298655771494155
v 0.0273910810636491 0.0223566363225142 0.298193507681932
v 0.0276987825848438 0.0227990294367295 0.29797240425708
v 0.0279132885207249 0.0232992874838574 0.297814988393746
v 0.0293277327866618 0.0229874751049102 0.297874414223259
v 0.0280263734304974 0.0239971610010308 0.297740422984799
v 0.0295340989634227 0.0239998003691483 0.297710978290938
v 0.02949787051608 0.0235521415572138 0.297742419740354
v 0.0290468477670812 0.0224857865463397 0.298089467776802
v 0.0286962867819606 0.0220706029518562 0.29835360575422
v 0.0268672680064905 0.0218514608923022 0.298567079784712
v 0.0250605097027012 0.0210331636436324 0.299762123083425
v 0.0198155190091839 0.0222827451910958 0.303605519899602
v 0.0166961453848451 0.023110206653695 0.303931765915488
v 0.0192159726645955 0.0228177583332864 0.303874485853139
v 0.0188773828995815 0.0232950816312044 0.304018282055446
v 0.0208147200759938 0.0217027268178154 0.303141259331824
v 0.0195256541775396 0.0214058211876644 0.302758597520919
v 0.0181787810881711 0.0219788248394695 0.303340487852533
v 0.0172448601444472 0.0225614341520945 0.303717964059458
v 0.0187338996216531 0.0236959005066182 0.304084979651459
v 0.0186987999372455 0.0239999996721748 0.304100000021607
v 0.0164269633644755 0.0235994750946881 0.304028087019292
v 0.0163653992183792 0.0239999996721748 0.304058992026918
v 0.0186987999372455 0.0239999996721748 0.215900997462101
v 0.01635528691809 0.0240038627981279 0.215949307025612
v 0.0205352059632124 0.0261601688080992 0.21672568730878
v 0.0245354896515129 0.0272111029801275 0.218856896038572
v 0.0201968676552879 0.0268122771349789 0.217545012737549
v 0.023047368458345 0.027189108866697 0.219033802620311
v 0.0245182005796242 0.02707534036617 0.219900066705792
v 0.0255576627204348 0.0268243917787587 0.220554510789636
v 0.0271325347468439 0.0259162274915826 0.221622149162989
v 0.0282863167311333 0.026278349914886 0.221344570338475
v 0.0287505493592352 0.0258741857288591 0.221686522177908
v 0.0274967433326678 0.025510614167662 0.221881906199115
v 0.0277939712004225 0.0250153200697458 0.222096900148014
v 0.0291252073841127 0.0253970654592577 0.221969897553997
v 0.0294034325464796 0.0248163560446424 0.222183267276363
v 0.0279767022734131 0.0244484650094408 0.222230146328431
v 0.0295340989634227 0.0239999996721748 0.22228899101267
v 0.0295107004155811 0.024340100042371 0.22227099041035
v 0.0280151994224969 0.0239999996721748 0.22226199010919
v 0.0265088410710806 0.0263915540339454 0.221185455742803
v 0.027793911595779 0.0265837156791158 0.220987419314964
v 0.0270469406162145 0.0269010284490657 0.220464761097772
v 0.0259660960890484 0.0271442340207647 0.219747210597682
v 0.0220679654463838 0.0268030812560827 0.217473680880509
v 0.0174686159759326 0.0256022302299243 0.21637184434298
v 0.0185165922675301 0.026185579012657 0.21680184714194
v 0.0197744774868831 0.0256809661012675 0.216372649005667
v 0.0192775144589505 0.0252487672437261 0.216153214510831
v 0.0168438717683286 0.0250651830792762 0.216124380764565
v 0.0188845484953104 0.0247207148063026 0.215987737119472
v 0.0165002379603633 0.0245788091887803 0.215999047100565
v 0.0187290995852108 0.0242874002243418 0.215912992896594
v 1.14524183130543e-08 0.0726678057163708 0.0600289092951511
v 1.20946228104915e-08 0.0724276735090994 0.0609928206877525
v 0.0100000200420615 0.0722690655528972 0.0615676515944082
v 1.86794895373015e-08 0.0716237856829819 0.0618753307638616
v 0.0099999995529653 0.0704999997355053 0.0623246007638141
v 4.67220918169537e-08 0.0705007894970309 0.0621658475212936
v 0.0100000116601585 0.0711722507065786 0.0622455128525455
v 0.0100000163167713 0.0726390762782313 0.0590197728793374
v 0.0100000153854487 0.0728348849825223 0.0602918551797005
v 1.8008820698506e-08 0.0723741112863853 0.0588750826073792
v 0.0100000116601585 0.0718876256371829 0.0581108318691514
v 1.20882412486886e-08 0.0714928491824983 0.058072774304313
v -3.72545079784993e-08 0.0705010651685068 0.0578296506889987
v 0.0100001122429943 0.0705036952233988 0.0576152825888555
v 0.0322887592251135 0.0118570772143363 0.0868742819084015
v 0.0297920361952777 0.0110290839665589 0.0882638822138931
v 0.00999996416270826 0.0114076945243548 0.0869979317412242
v 0.0100000405311577 0.0105110004057513 0.0882575045170447
v 0.027630961813831 0.00980515290487228 0.0890862102265758
v 0.026703807859783 0.00909526812072256 0.0893403495250564
v 0.0100000004842879 0.00936045662998144 0.0889522860433395
v 0.0260860243569461 0.00849992390349688 0.0894497165951941
v 0.00999997720122401 0.00800173339243839 0.0892334187947194
v 0.0256926001826096 0.00800000020116577 0.0894739011792711
v 0.0337124012325917 0.0121017198167358 0.0859124566783206
v 0.0351264506177657 0.0120847744028695 0.0847919862391355
v 0.0100000284239645 0.0112501594517346 0.0836960654624685
v 0.0100000265613194 0.0117395731790461 0.0853020231730783
v 0.0360436319699076 0.0118556252824749 0.083946427316671
v 0.0366286180176899 0.0115675988815518 0.083347199484396
v 0.0371372803195434 0.0111554141456915 0.0827662851788188
v 0.00999997068196613 0.00917075647032072 0.081968067244409
v 0.0100000014156104 0.0103934637741717 0.0826525297168076
v 0.0375543638120366 0.0105832375083141 0.082212103555826
v 0.0378127834689745 0.00988769788546058 0.0817647707067853
v 0.0378803006288347 0.00928905958036212 0.0815173965353355
v 0.0378470710401151 0.00865417699543747 0.0813655760579055
v 0.0100000414624802 0.00800040625779923 0.0817918982701324
v 0.0376823014538971 0.00800000020116577 0.0813167971078277
v 0.0190069987846839 0.122428995614597 0.284766995502256
v 0.0191920861037357 0.122624469042769 0.284325027071125
v 0.0100000712648019 0.122549911084402 0.284185194577607
v 0.0189421992240357 0.122247000286424 0.285079979484976
v 0.018961315550775 0.121945303933056 0.285483771141981
v 0.0191865298333797 0.121495564546537 0.285941236780407
v 0.0195616311677928 0.121038382030167 0.286287241735594
v 0.0099999390169993 0.121383880345885 0.285894774960843
v 0.0100000349432223 0.119831827584689 0.286623888761761
v 0.0202105003548304 0.12041072278297 0.286612981112011
v 0.0099999995529653 0.119000000081958 0.286699974089116
v 0.0212941332617226 0.119557944248068 0.286862277533212
v 0.0220861988793421 0.119000000081958 0.286911004329227
v 0.0200950200834496 0.122871060903274 0.283200585472571
v 0.0195976733506248 0.122797292706432 0.283738755798219
v 0.0208761519742875 0.122864459689012 0.282513194922063
v 0.00999996881932103 0.122687411546245 0.28249531352903
v 0.0220323460839912 0.122687456249728 0.281686240098933
v 0.0234561408283682 0.122298960634346 0.280835652034678
v 0.0255598941692737 0.12142965671205 0.279833787385364
v 0.0100000125914811 0.122161661338175 0.28102143970829
v 0.0100000135228036 0.119889346065612 0.279389553977782
v 0.0100000237673517 0.121120010589362 0.279944950045385
v 0.0271313929453929 0.120534767496555 0.279304647163198
v 0.0281071451729433 0.119871725442894 0.279078238925079
v 0.0099999995529653 0.119000000081958 0.279299998001009
v 0.0292031963347678 0.11900002988428 0.278978311740347
v -0.0128496295694346 0.0157999988839033 0.30616026432454
v -0.0134996498711487 0.0860999952383351 0.306006454542135
v -0.0277406678853783 0.0860999952383351 0.299056046477197
v -0.0427996469408358 0.0157999988839033 0.281571232939409
v -0.0443888594719283 0.0860999952383351 0.278076731903626
v -0.046518738273113 0.0157999988839033 0.271467172992218
v -0.0478999976538128 0.0157999988839033 0.259999984651804
v -0.0478291091063079 0.0158000026091935 0.257132643674329
v -0.047260212586965 0.0157999988839033 0.252027118533243
v -0.0388419507702754 0.0626485184733164 0.231967414201034
v -0.0379698640561884 0.0619041682354182 0.230796734300329
v -0.039850010577217 0.0636899159023938 0.233417759088775
v -0.0410316577323161 0.0157999988839033 0.235256875263373
v -0.0420190421785634 0.0669952690527909 0.237003619141796
v -0.042546334656783 0.0681604206228171 0.237993950292603
v -0.0434305546411008 0.0708466901440922 0.239794546966376
v -0.0430254852095516 0.0694559498997947 0.238946507000629
v -0.0436596003846919 0.071879698219605 0.240296999209441
v -0.04390209815125 0.0734055025859447 0.240841994266763
v -0.0437947986171818 0.0726312010147163 0.240599001036607
v -0.0436788713109751 0.0157999988839033 0.240252161616411
v -0.0414218595306165 0.0658935666257099 0.23594425091272
v -0.0407614438065569 0.0648682177468796 0.234840223904545
v -0.0370268254646628 0.061237874003399 0.229609588616872
v -0.038599482806039 0.0157999988839033 0.231612662264422
v -0.0360425218334235 0.0606734329311535 0.22844866897653
v -0.0349872402477141 0.0601963312880032 0.227281624959075
v -0.0326984293900785 0.0595517890255506 0.224995205737757
v -0.0253613995307374 0.0272003704190175 0.219363624914803
v -0.024307451598925 0.0271902562560832 0.21872496116031
v -0.0194332911945891 0.025402523009423 0.216219345862731
v -0.021117427845655 0.0264361438951762 0.217004845656346
v -0.0192071195123991 0.02282725596069 0.216119597491929
v -0.0190335191257259 0.0249605955564846 0.216043690978504
v -0.0142773386625052 0.0593699985883393 0.214249740222475
v -0.013579364562496 0.0157999988839033 0.214037696703426
v -0.00661508258547458 0.0157999988839033 0.212497199792477
v -0.00745020976401406 0.0593699985883393 0.212621952311204
v -5.61003149607854e-07 0.0593699985883393 0.21206497672055
v -2.57687355467241e-07 0.0157999988839033 0.212083215741443
v -0.034934128785116 0.0157999988839033 0.227165544915969
v -0.0305509374167564 0.0158000007465484 0.223084057351558
v -0.0338766939816622 0.0598212578932667 0.226132313323044
v -0.043994123995436 0.0742716102092363 0.241039211130756
v -0.0448481505025597 0.0860999952383351 0.243172461319585
v -0.0460936901101396 0.0860999952383351 0.246863478864801
v -0.0459319119319643 0.0157999988839033 0.246312851168673
v -0.0473710623226083 0.0860999952383351 0.252707356526538
v -0.047941132308369 0.0860999952383351 0.259425842923838
v -0.0475331310734204 0.0860999952383351 0.266144716751321
v -0.0474636320591657 0.0157999988839033 0.266654634475977
v -0.0451151532281534 0.0157999988839033 0.276177847172815
v -0.0463527132640923 0.0860999952383351 0.272207701082355
v -0.039843033108644 0.0157999988839033 0.286639534980665
v -0.0417913598911911 0.0860999952383351 0.283466034752144
v -0.0362861818905288 0.0157999988839033 0.291311823770884
v -0.0356937117347041 0.0860999952383351 0.291985713869652
v -0.0389651461176919 0.0860999952383351 0.287885152819339
v -0.0294913009667855 0.0244559360789674 0.297732435962578
v -0.0311743367945928 0.0860999952383351 0.296415292551772
v -0.0271469478946865 0.0268703637226593 0.299466215831051
v -0.0229842415530035 0.0270084434671306 0.302026801511046
v -0.0208594179706408 0.0263212969231319 0.303120516915906
v -0.0201296634198058 0.0259218638556782 0.303465806615372
v -0.0193482260551703 0.0860999952383351 0.303830855254139
v -0.0196512951779824 0.0255872638764847 0.303682827122148
v -0.0172048579781164 0.0158000007465484 0.304724209650065
v -0.00780750374553727 0.0157999988839033 0.307288371608666
v -1.46488943209888e-06 0.0158000007465484 0.307980977565475
v -0.00692519902605127 0.0860999952383351 0.307426028532698
v -8.98685223468351e-07 0.0860999952383351 0.307952307731979
v -0.0478999976538128 0.0177999991670253 0.259999984651804
v -0.0478896003688222 0.0207998002886819 0.258999997548759
v -0.047855130258461 0.0158000007465484 0.262209051947093
v -0.0478896003688222 0.0207998002886819 0.261000001557171
v -0.0315381579502343 0.0158000044718386 0.296118193206529
v -0.0295340989634227 0.0239999996721748 0.297710978290938
v -0.0295036000124309 0.0236074006496209 0.297734998962246
v -0.0293752842536136 0.0231030671349975 0.297834747333048
v -0.0293238268198711 0.0250205652783688 0.297872924107173
v -0.0290453110848674 0.0255168316770311 0.298088633311794
v -0.028760534999657 0.0221361512958376 0.298304640539632
v -0.028280617037104 0.0262836975689899 0.298660599470274
v -0.0286880911434872 0.025938461886232 0.298359119183739
v -0.02791294393138 0.0214820555266281 0.298926853412534
v -0.0283567601064575 0.0217739245644082 0.298604809524011
v -0.0278384288138506 0.0265606300556522 0.298979901545199
v -0.0251044364622737 0.0272100878385438 0.300795458984476
v -0.0261396461843037 0.0271185723591173 0.300140076127497
v -0.026208603168832 0.0208927053013587 0.300095193830985
v -0.0240919230708798 0.0208268347197736 0.301401399789719
v -0.0239157466460228 0.0860999952383351 0.301536672528013
v -0.0240415012678172 0.0271684539950988 0.301431172309119
v -0.0230145337503883 0.0209848503548316 0.30201008240856
v -0.021940575422185 0.0212627793566264 0.30258082667185
v -0.02190777051655 0.0267281321422432 0.30259796300684
v -0.020146008130625 0.0220682206287636 0.303458028209402
v -0.0188769116503693 0.0247070541670835 0.304022424578165
v -0.019216483029355 0.0251843458000347 0.303875111701896
v -0.0187329999640661 0.024304300003403 0.304084979651459
v -0.0187332998499284 0.0236939000257726 0.304084979651459
v -0.0186987999372455 0.0239999996721748 0.304100000021607
v -0.0188789586973425 0.0232854517559982 0.30402147090387
v -0.0192290782355726 0.0228019165366463 0.303871833446506
v -0.0196581888275256 0.0224070823399633 0.30368130720374
v -0.0221691368780481 0.0157999970212581 0.302511625680812
v -0.0208847573946846 0.0216671949997429 0.303107403894348
v -0.0251602170953109 0.0207914798529863 0.300760322047167
v -0.0272156906750275 0.021155062590054 0.299417965872184
v -0.0272305601709214 0.0157999970212581 0.299426757557092
v -0.0291058824411214 0.0225719376078563 0.298043721212959
v -0.0187321003064791 0.0243037002316783 0.21591498965215
v -0.0186987999372455 0.0239999996721748 0.215900997462101
v -0.0189782916982856 0.0593699985883393 0.216008673250481
v -0.0188267990463945 0.0245919985787872 0.215954999269061
v -0.0203786860321758 0.0260703762753972 0.216650674865007
v -0.0198863460894003 0.0257621439003468 0.216423000028215
v -0.022221952180074 0.0157999988839033 0.217550004626438
v -0.0208217552865652 0.0216973866142919 0.216862554471287
v -0.0218636370033706 0.0212874202887548 0.217379460840386
v -0.0229172291699674 0.0210055480672672 0.217936868564705
v -0.022169965755121 0.0268081793157422 0.217538486029092
v -0.0231630312689464 0.0593699985883393 0.218044529451925
v -0.0250050829722344 0.0207887548031939 0.219144279826933
v -0.0232467832435644 0.0270587199838749 0.218118394506311
v -0.0278220356742586 0.0593699985883393 0.220977629252278
v -0.0263983321994919 0.0270715815483429 0.220029766409924
v -0.0280646396115879 0.026428611358361 0.221183086458226
v -0.0273834442187079 0.0267812529180667 0.220697591736221
v -0.0266084590567251 0.0157999970212581 0.220137263384373
v -0.0281699405274557 0.0216408292582448 0.221259335698351
v -0.0284901944140305 0.0261196152988166 0.221493596848243
v -0.0292522062528389 0.0228266859912871 0.222070659203738
v -0.0289525215561873 0.0223578917453167 0.221840570378887
v -0.0285800744910525 0.0219594049015777 0.221560145432648
v -0.0288712301357564 0.025740248507107 0.221779386212392
v -0.0294110991937425 0.0232201995725888 0.222192997734405
v -0.0291991525322392 0.0252727711512277 0.222028921052167
v -0.0294264660158802 0.0247423848194844 0.222205499808367
v -0.0313136719618666 0.0593845234948883 0.223740781313014
v -0.0295382619752382 0.0241352463334374 0.222286964454793
v -0.0295031995437328 0.0236061992435265 0.222264001765907
v -0.0277233695002641 0.0213809474248975 0.220938096472514
v -0.0270385605758754 0.0210944688820588 0.220459575493792
v -0.0260375583312464 0.0208661756470912 0.21979496881824
v -0.0239619793602385 0.0208398546090757 0.218523259046899
v -0.0201063747680255 0.0220928820499881 0.216523433852417
v -0.0196348331205214 0.0224264277720508 0.216308618717448
v -0.0188730205847395 0.0232993265994047 0.215977544725443
v -0.0184198129530295 0.0158000007465484 0.21577131265913
v -0.0187324989125321 0.0236997003026377 0.21591498965215
v 0.0100000395998351 0.112326105408533 0.212667773380851
v 0.0242540048602076 0.11126798887697 0.214291761496102
v 0.0218940800750091 0.112455961574855 0.212864304791444
v 0.00999997720122401 0.111559522638631 0.213686193219881
v 0.0100000703334794 0.110267659047225 0.214517156455282
v 0.0099999995529653 0.109000002391638 0.214699993699044
v 0.0269532849575593 0.108999682016679 0.214973921739148
v 0.0257691008798237 0.110120621842431 0.214819143381287
v 0.0208069900987973 0.112761800450942 0.211992735892697
v 0.0201980262205448 0.112861720185094 0.211361165090773
v 0.0100000107288359 0.1126741741745 0.21149941806124
v 0.0198128628772605 0.112864476899853 0.210814963039421
v 0.0196311990999165 0.112820995312461 0.210397998756215
v 0.0195462997359122 0.112663996681632 0.209763999065071
v 0.0100000107288359 0.112644617721933 0.210244114468006
v 0.0195573005179177 0.112755996448787 0.21008198983784
v 0.0196007001489247 0.112547000217134 0.209459002104573
v 0.0197630911373404 0.112349530033407 0.209063495493006
v 0.0207144948680442 0.111579780766821 0.208087886689129
v 0.0201135720287213 0.112047207831283 0.208603288040982
v 0.0217367126404487 0.110810664799572 0.207528392802289
v 0.0100000228360291 0.111899574580054 0.208634371862537
v 0.0100000824406726 0.110302006223009 0.207494522463653
v 0.0240662260189754 0.109003787286496 0.206991518877636
v 0.0099999995529653 0.109000002391638 0.207299987808615
v 0.0167048998168508 0.0860999952383351 0.304892980197974
v 0.0186809874620815 0.0894999633096178 0.303993158698235
v 0.0208046543418323 0.0860998387761461 0.303186648267806
v 0.0219563017348284 0.0895191411036456 0.302449249421449
v 0.0388150280978902 0.0902894640649241 0.287774943833613
v 0.0465680126867893 0.0861008222527629 0.271326923266196
v 0.0462132085961137 0.0897397974936721 0.272097611305916
v 0.0471573386976724 0.0894003564998439 0.267894738885133
v 0.0471937012554629 0.0937983968750013 0.262810999241225
v 0.0478828501429523 0.0860996674127962 0.261824452985276
v 0.0477657270185865 0.0901593024248052 0.260933601984376
v 0.0478861991788557 0.0860996972151179 0.258850985940151
v 0.044993447996823 0.0860999505348526 0.276484781284225
v 0.0439295572654262 0.0913059691047836 0.278403931593807
v 0.0436596525387549 0.08820408385536 0.279616170832153
v 0.0423116264720648 0.086100166601685 0.282576644065008
v 0.0425312993854744 0.0909267420114572 0.281511598493644
v 0.0364861703704413 0.0860994438953833 0.291107737471735
v 0.0369265928061328 0.0900869945417283 0.290293031402833
v 0.0323392443581099 0.0897713581523752 0.295160018760859
v 0.0474365082211089 0.0860999207325308 0.266921246046098
v 0.0315722033775109 0.0860995556540897 0.296080076037047
v 0.0291136682976711 0.0896457115639971 0.297905468242493
v 0.024824762162013 0.0895513872157484 0.300844960640856
v 0.0263950222791357 0.0860996003575723 0.2999964289368
v 0.0476299997948861 0.0895807946567071 0.263794624869645
v 0.0470427450453628 0.0932641232029184 0.265718185922842
v 0.0463209365385567 0.0924513170320258 0.270509803209235
v 0.045230611147793 0.0918068865282796 0.274739527521889
v 0.0451420460982169 0.0887357870771944 0.27583568671713
v 0.0398681937187574 0.086100494427224 0.286634140760433
v 0.0409159204159104 0.0905977094784902 0.284520142871436
v 0.0348726540459849 0.0899208167958089 0.292631500379037
v -0.0441129980062029 0.0975167953032984 0.245231995465636
v -0.0124100630191701 0.0861001069970416 0.306294195958356
v -0.0210699359833466 0.0895118395348238 0.302895002747439
v -0.0171278618173036 0.0894947851562187 0.304618679628849
v -0.0390677592366695 0.0861006210870913 0.287788146262136
v -0.0362912967139942 0.0900304967903246 0.2910489672933
v -0.0388249485457332 0.0902876312221383 0.287784569983529
v -0.0476389442166928 0.0893097052877474 0.255995208263504
v -0.0478617016704006 0.0861002113051676 0.257728570899474
v -0.0448711988731211 0.0861000399418177 0.243163252402173
v -0.0455323075011608 0.0932282039546635 0.246917242253186
v -0.0474918474072556 0.0861002411074893 0.253487372692957
v -0.0473474104550321 0.0861007104940565 0.267451757175063
v -0.044403689852275 0.0860998909302091 0.278019094213416
v -0.0454026562258013 0.0891470516663715 0.274997049383885
v -0.0409902027028014 0.086100390119098 0.284850889037902
v -0.0295778748487415 0.0861005093283848 0.297717922231899
v -0.026132849392306 0.089572621369975 0.300043665616728
v -0.0303800360028442 0.0896889249304934 0.296880626003132
v -0.026052403612754 0.0860998760290483 0.300224386895648
v -0.0210036705209987 0.0861004497237414 0.303104632278428
v -0.0160183865721886 0.0861000920958807 0.305168949697115
v -0.00799706280983109 0.0860998685784678 0.307246439742004
v -0.0131055737710245 0.0894924307728027 0.305961095408475
v -0.0087571151459863 0.0894972587489216 0.306992166333075
v -0.0012350686316922 0.0860998089738244 0.307940565617221
v 0.0186834163513018 0.0895006487630174 0.303997420430241
v 0.00476198958765 0.0860994513459637 0.307680301941626
v -0.045716970137128 0.0895001197718068 0.24604014502376
v -0.0465289902717852 0.0860994364448029 0.248485678840749
v -0.0472847063701299 0.0900577286617977 0.253239625992485
v -0.0448625338480806 0.0918445343111944 0.244208807255131
v -0.0449528833116697 0.0886007676586348 0.243622953214728
v -0.0478459623192414 0.0861002038545872 0.262975001417659
v -0.0475780096446429 0.0894774178532354 0.264492356825791
v -0.0477435727176768 0.0903421694708887 0.260274970674329
v -0.0473057654357164 0.0930065342856985 0.256861204128089
v -0.046551561805199 0.0912744904024652 0.249855423349393
v -0.045974335536935 0.0962260343977963 0.25099270974861
v -0.0450403903788247 0.0969515495683664 0.247733796066035
v -0.0445315455377507 0.0951011234126746 0.244795138132681
v -0.0467204962658777 0.0928028354167316 0.26840018626153
v -0.0471851666155799 0.0936135479745233 0.263788098161188
v -0.0471551743040573 0.0945376211135633 0.258989387922226
v -0.0466669303178734 0.0954761483786383 0.25444456366201
v -0.0462690655976004 0.0861009042091476 0.272522353995092
v -0.0464143742677343 0.0883173997331258 0.271702611333818
v -0.0441580926442578 0.0913846025306459 0.277822994936489
v -0.0452015203565025 0.0917906368123609 0.274851971681744
v -0.0460220863069133 0.0922458449249165 0.271837198618713
v -0.0432047275482557 0.0910918692255359 0.280140363868914
v -0.0414204327444641 0.0906882712836216 0.28365638218098
v -0.0428686020627191 0.0861001815028459 0.281424545911896
v -0.0327197976547529 0.0861000399418177 0.295008235536331
v -0.0357202916803895 0.0860998089738244 0.291945838363189
v -0.0335711084253097 0.0898366028852041 0.293987327203438
v -0.00333872849109635 0.0895031670592029 0.307711266553895
v 0.00339794337605071 0.0895026231668315 0.307685606754893
v 0.00926754882333703 0.0860998685784678 0.307024174026604
v 0.0116267164432993 0.0894937718772802 0.306355856961998
v 0.0137340181231347 0.0860996599622158 0.305910282449939
v 0.00827080272277896 0.0894967744611936 0.307084315111839
v 0.0155048320329601 0.0894924456739635 0.305215173098106
v 0.0167048998168508 0.0860999952383351 0.304892980197974
v 0.00999998651444955 0.0733624456816374 0.0623770528500441
v 0.00999999396502998 0.0741535930152189 0.0608313219063433
v 0.0271719837075777 0.0729055239355829 0.0632027895032736
v 0.0257011888392007 0.0737656934462715 0.0623241611795687
v 0.00999999303370742 0.0724289773606747 0.0631704167313035
v 0.0281880268114505 0.0721132739160977 0.0636882022688939
v 0.0100000423938028 0.071345595910872 0.0636204615916208
v 0.0099999995529653 0.0704999997355053 0.0636999965377152
v 0.0291778122072415 0.071127405662968 0.0639934152962249
v 0.0296957989105035 0.0704999997355053 0.0640437961210952
v 0.0237933540986477 0.0743397234155309 0.0609186762365994
v 0.0227204947310578 0.0744260309392365 0.0599984624982224
v 0.0220403107544713 0.0743510035943025 0.0593129904721754
v 0.0216009164988792 0.074207416008248 0.0587836379084668
v 0.0212548575269838 0.073969697789036 0.0582295345165684
v 0.0100000181794164 0.0741162507061018 0.0591349774792423
v 0.021107699250258 0.0737301020235555 0.0578257987389162
v 0.0210664006829324 0.0735229982393319 0.0575469011616654
v 0.0100000144541262 0.0735686330444681 0.0579002523891571
v 0.0210882998014624 0.0732913000891076 0.0572853001068838
v 0.0100000191107389 0.0724755285872038 0.0568352775983078
v 0.0211715004331286 0.0730447007780226 0.057050599372746
v 0.0213730889251886 0.0726838021125549 0.0567730205482314
v 0.022433235739919 0.0715543239216294 0.0562230149755698
v 0.0217710896185545 0.072197808201661 0.0564812558185773
v 0.00999997906386912 0.0705022498107953 0.0562357852704275
v 0.0237466277834785 0.0705013035870806 0.0560328836135666
v 0.0270353996671278 0.050185098122394 0.0198009996905699
v 0.0201510819758981 0.0495583664724602 0.0231824977729656
v 0.0298610658229653 0.0494270127394724 0.0236266250097761
v 0.0287679334260244 0.0499382082386722 0.0228668502077419
v 0.0215390822692423 0.0489722144088405 0.0238725519059773
v 0.0334856055642906 0.0470466677759594 0.0249575836593453
v 0.0318219170312159 0.0482807372149666 0.0245813274849654
v 0.0238473391418012 0.0478969615422874 0.024573927195953
v 0.0264683583423121 0.0465012741125841 0.0248748542768913
v 0.0341363988637243 0.0464999963380403 0.0249991001561485
v 0.0190431732153186 0.0499952163548353 0.0223200502473105
v 0.0194901689255947 0.0498238679060972 0.0227239145474751
v 0.0280427479436383 0.050208381186239 0.022188286732399
v 0.0275844813678161 0.0503340687528095 0.0216282675796389
v 0.018683332532272 0.0501283731282872 0.0218572015645235
v 0.027224944295922 0.0503787200813288 0.020996063478379
v 0.0184577922867734 0.0502054866357418 0.02130794291255
v 0.0184374000481355 0.0502227980593718 0.0208693998857722
v 0.0184966004975902 0.0502010982438683 0.0205704993627109
v 0.0186619717181781 0.0501367885588834 0.0201802584488632
v 0.0190476286624159 0.049990623072 0.0196738797499117
v 0.0270320077903868 0.0503106292267755 0.0203188187557723
v 0.0197959947631661 0.0496989328481502 0.0190494317028798
v 0.0274674979418334 0.0496774789018009 0.018766603944452
v 0.0291428820235387 0.0483674843229177 0.0175561770597955
v 0.0283972484231614 0.048925048509426 0.0179455108654757
v 0.0221516112502307 0.048699310823546 0.0179078407308197
v 0.0317075245445779 0.0465004508234466 0.0170284561732011
v 0.026461554099734 0.0465001677013902 0.0171328723326428
v 0.0302675359636355 0.0475495968561716 0.0172039508699488
v 0.0242963222944072 0.0476729784680988 0.0173280849904995
v 0.0209517157610125 0.0492251504385817 0.0183937228830072
v 0.0279045415392997 0.0493084702795347 0.0183066237351308
v 0.0271480356794293 0.0499960172922316 0.0193320843726676
v 0.0324286997520473 -0.0425513004686398 0.0214049997611716
v 0.0334542684230004 -0.0438397703206596 0.0180270034515782
v 0.0340323515080139 -0.0433966843024643 0.0184752937002042
v 0.0315058447829077 -0.0432410305014028 0.0187627724834657
v 0.0349122725074235 -0.0426992354683754 0.0197115349834069
v 0.0322974764042171 -0.0426556942763402 0.0200231163943607
v 0.0319624759563254 -0.0429045846409076 0.0193344666957602
v 0.0345312572747937 -0.0430064825041639 0.0190361845708746
v 0.0351548000763033 -0.0424843011241195 0.0210987995319337
v 0.0350723147003585 -0.042547478320879 0.0217041331148714
v 0.0319607772239873 -0.0429059816247383 0.0226683518439155
v 0.0343557104239831 -0.0430841212775388 0.0230897138322209
v 0.0347862235877021 -0.0427610268571749 0.0224508321482502
v 0.0301062178588018 -0.0442296070405189 0.0242140306335532
v 0.02928710663422 -0.0464990724660669 0.0249369567274237
v 0.0273718324891072 -0.0459689785696055 0.0248512005466699
v 0.0264574991213348 -0.0464999963380403 0.0248650996044628
v 0.0309607882582969 -0.0454553169282833 0.024808303829842
v 0.0288004179567009 -0.0450892810876089 0.0246491780582999
v 0.0323634699203793 -0.0445186597588964 0.0244418917348558
v 0.0332368753872024 -0.0439026979229747 0.0240213623489135
v 0.0338203787694791 -0.043480361771278 0.0236153448310045
v 0.03150449995314 -0.0432412465682353 0.023241500782039
v 0.0309588902229323 -0.0436335382543464 0.0237114498679761
v 0.0322995625667376 -0.042654409051216 0.0219737472689059
v 0.0324562259214474 -0.0425367345838984 0.0208026668995023
v 0.0351297847525083 -0.0425181118581126 0.0204816623669491
v 0.0325915880667067 -0.0444799167406583 0.0175718772954074
v 0.0303562313983691 -0.0440548238742024 0.0179179809707854
v 0.0309691533974751 -0.0436261994326225 0.0182972434543689
v 0.0281012666649837 -0.0455275950090385 0.0172232888514558
v 0.0312609926329335 -0.0454115782958667 0.017197567585165
v 0.0294735890744573 -0.044653109208053 0.01753868495959
v 0.02959126540442 -0.0464990501143257 0.017057293644757
v 0.0264649888173124 -0.0464991655983223 0.0171153504301157
v -0.0224606799529344 -0.0501428607819341 0.0199347320213601
v -0.0228763403845654 -0.0499824199829461 0.0194683927416416
v -0.0188476439077936 -0.0500685524180116 0.0199078782668439
v -0.0220320927642566 -0.0487570938000739 0.0240616830275577
v -0.0185027993805083 -0.0501989003226413 0.0214509996447489
v -0.0220712995811264 -0.0502421993708125 0.0215880996378936
v -0.0226028463407718 -0.0499799389396628 0.0225224359514765
v -0.027813577402825 -0.0473568913186297 0.024817946743564
v -0.0192482057381825 -0.049916687237099 0.0194813809659768
v -0.023558603073092 -0.0496956843950825 0.0189110222702245
v -0.0246388366526628 -0.0492089342502749 0.0182821895566093
v -0.0292808593225291 -0.0465000447668131 0.0249162068609251
v -0.0264586614118819 -0.0465000224150718 0.024865639771544
v -0.024868403936884 -0.0473757189353773 0.0247638108261568
v -0.0295926288606388 -0.0465008680559507 0.0170694027006014
v -0.0184397004148433 -0.0502219002644299 0.0208465005268194
v -0.0220175995226744 -0.0502776976612731 0.0212671994134665
v -0.0220270002925324 -0.0502872977341577 0.0209401003061212
v -0.0184392999461452 -0.0502219971219755 0.0211523002873592
v -0.0190298105993167 -0.0500003796070736 0.0223061474642273
v -0.0206674276888203 -0.0493467476364958 0.0234686801552322
v -0.0251858433667013 -0.0487456422579524 0.0241369078128731
v -0.0273154930625377 -0.0478419464563894 0.0173391397892131
v -0.0237586623335187 -0.0494359310842476 0.0234451027934603
v -0.023051417848809 -0.0497701529464843 0.0229478417423105
v -0.0196557692515308 -0.0497557546998026 0.0228565628188127
v -0.0222347932554458 -0.0501526210422979 0.0220086886284793
v -0.0186734288482349 -0.0501326050579717 0.0218397727942517
v -0.0185408159671544 -0.0501797746826765 0.0204269099140113
v -0.0221396996347676 -0.0502530697676605 0.0204921546468402
v -0.0197169366542192 -0.0497346285789922 0.0191064752093
v -0.0204040161429941 -0.0494562041135987 0.0186717319785416
v -0.0256996279426005 -0.0486926872575434 0.017827279467271
v -0.0218024919524235 -0.0488562908279241 0.0180247291619019
v -0.0264650484219559 -0.0465006259120867 0.0171261779861261
v -0.0242397742515856 -0.047699156082441 0.017349317282081
v -0.0306865025903325 0.0438253236452051 0.0238953376435785
v -0.0312691733702461 0.043412554038781 0.0234634796500918
v -0.0317710258415861 0.0430461009656025 0.0229368353723697
v -0.030067946089776 0.0442521897498034 0.024222354794539
v -0.0359102256020113 0.0447936085285191 0.0246534472408865
v -0.036469719488851 0.0441628461145724 0.0242979781859075
v -0.0291305494502813 0.044877341876686 0.0245655527435492
v -0.0350522987160322 0.0456737008912785 0.0249380296110057
v -0.0264606246398253 0.0464997430183057 0.0248719094349762
v -0.0341363988637243 0.0464999963380403 0.0249991001561485
v -0.0277507988121186 0.0457416427342232 0.0248187588568309
v -0.0372928223618984 0.0430693206995138 0.0231613343992531
v -0.0369301206559666 0.043589561203356 0.0238167954873265
v -0.0374951764010976 0.0426891809100846 0.0223953271866889
v -0.0324135564473226 0.0425713350794171 0.0215363479062241
v -0.032173837747265 0.0427484540026986 0.0222856676812693
v -0.037522501404826 0.0425124978457583 0.021753100192105
v -0.037454589364203 0.0424425815989996 0.0210981066279536
v -0.0324511669773352 0.0425401394991551 0.0207415870411339
v -0.037201325508923 0.0425136452351446 0.0202543097677609
v -0.0327602692076508 0.0457231354924341 0.017090601464571
v -0.0284961101748922 0.0452833687078206 0.0172842923413748
v -0.0264675909325277 0.0464982901551218 0.0171101182600084
v -0.0317079007988896 0.0464999963380403 0.0170432995920636
v -0.0341136783187019 0.044709908707964 0.0174128744584424
v -0.0350674233943059 0.0439911623897149 0.01786171232473
v -0.0297111713205765 0.0444930074104745 0.0176289245271178
v -0.0305236887814774 0.0439396714283605 0.0180087979582966
v -0.0312289868020497 0.0434429822092587 0.0185011043734602
v -0.036289370738953 0.0430906964147686 0.0188343110941132
v -0.0356984093256655 0.0435192798781561 0.0182884648079768
v -0.0322724648057123 0.0426757214365371 0.019949340746939
v -0.0318639867336161 0.0429796753157753 0.0191866155150544
v -0.0367913386942897 0.0427507674079222 0.0194784472999324
v 0.0380726075603235 -0.0397033943302176 0.000999998977407835
v 0.000809762434163795 -0.0550020511075403 0.000999999675899751
v 0.0414189351777976 -0.036220817948413 0.0010000011892989
v 0.042996945761213 -0.0343326136246489 0.0019999993517995
v 0.0456100617585323 -0.0308131438311981 0.00100000235345209
v 0.0486621883065516 -0.025649329074115 0.000999999326653793
v 0.0469745200803617 -0.0286895551825418 0.00199999748915439
v 0.0507390785797153 -0.0212842072259442 0.000999997929669962
v 0.050151756774968 -0.0226329429604203 0.00199999818764631
v 0.0527233879404509 -0.0157393995879727 0.00100000084005294
v 0.0541045951670878 -0.0100092308221186 0.00100000002514571
v 0.0540388624212407 -0.0104636044696659 0.00200000214576716
v 0.0522844518955554 -0.017139881466183 0.00200000051595269
v 0.0548038731186723 -0.00473222358750803 0.00200000051595269
v 0.0550281355896271 -5.33260151218752e-07 0.0010000011892989
v 0.0547734635746457 -0.00507444038820779 0.000999998628161878
v 0.0550174738090312 -3.31270676368782e-07 0.00199999655783184
v 0.0331722751295807 -0.0438983840369055 0.00200000051595269
v 0.0384222707505021 -0.0394137530159861 0.00199999865330759
v 0.0335496209513485 -0.0436365892670326 0.00100000072363762
v 0.0282880899692757 -0.0471939247728758 0.00199999911896886
v 0.0278625407547684 -0.0474464547459835 0.00100000258628273
v 0.0226309741445416 -0.0501529004390641 0.00100000002514571
v 0.0230796406474793 -0.0499481473129663 0.00199999842047695
v 0.0123857005524853 -0.0536313678257613 0.00100000351760529
v 0.0167134344567338 -0.05244431527456 0.0019999993517995
v 0.0181387696086148 -0.0519315179005678 0.00100000014156103
v 0.00908049455105165 -0.0542890231097715 0.00199999795481567
v 0.00563180992830232 -0.0547335545405703 0.00100000293552869
v 0.00221267430753992 -0.0549781161179077 0.00200000005029142
v -0.010010624080659 -0.0541045318371542 0.000999998744577197
v -0.0133693848542263 -0.053373182862107 0.00199999958463014
v -0.00862791090545268 -0.0543268906848089 0.00200000028312206
v -0.0147220507698795 -0.053001667119526 0.000999998860992516
v -0.0429965881333523 -0.0343330792859258 0.000999999443069112
v -0.0394145763051237 -0.0384214400107842 0.0019999993517995
v -0.0490918521041015 -0.0248491330106008 0.00200000144727525
v -0.0489013593889475 -0.0252657024130444 0.00100000084005294
v -0.0514669891118938 -0.0194588019819828 0.00200000144727525
v -0.0516378495476137 -0.0189992408678108 0.000999999443069112
v -0.053373182862107 -0.0133693857855489 0.00100000037439167
v -0.0530016708448163 -0.0147220451819441 0.00200000121444461
v -0.0541045318371542 -0.010010624080659 0.00200000121444461
v -0.054773746696702 -0.00507409207357267 0.00200000121444461
v -0.0550174924354823 -3.31600908203273e-07 0.0010000036340206
v -0.0546475152377602 -0.00658300830238302 0.00100000072363762
v -0.0550281020620151 -5.32591615784473e-07 0.00200000261142844
v -0.046706980912977 -0.0290577274771546 0.00200000005029142
v -0.0458339367993047 -0.0304158192780062 0.000999999443069112
v -0.043898946555728 -0.0331715263462475 0.00199999981746078
v -0.0331714965439258 -0.0438989726327595 0.00100000037439167
v -0.0384214288349135 -0.0394145874809943 0.00100000084005294
v -0.0343330718353453 -0.0429965955839327 0.00200000051595269
v -0.0290577498288959 -0.0467069697371063 0.00100000002514571
v -0.0304157950636198 -0.0458339517004656 0.00200000051595269
v -0.0248491069335693 -0.0490918632799722 0.000999998628161878
v -0.0252656800613031 -0.048901366839528 0.0019999993517995
v -0.0194588336469496 -0.0514669779360231 0.000999998628161878
v -0.018999261356907 -0.0516378420970333 0.00200000051595269
v -0.00416968939819141 -0.054864457513442 0.00100000072363762
v -0.00367868008251463 -0.0548991846688281 0.00200000028312206
v -1.36124989020539e-15 -0.0537840004164583 0.00519334978923165
v 1.83347953571134e-16 -0.0538084085179483 0.00100003192294318
v 7.43329958988307e-17 -0.0534999991916127 0.014765799646844
v 7.23830996280553e-17 -0.0535868990364626 0.00598433972930149
v 7.32524002579692e-17 -0.0534999991916127 0.009899539651732
v -1.88879957389738e-15 -0.0536874073664685 0.009977587275708
v -6.20672801469016e-16 -0.0536236341232746 0.00100004822108787
v -9.59923660419854e-07 -0.0535003903470853 0.00988477539528663
v -3.98569273060973e-05 -0.053499537255626 0.00199987222627091
v 1.97441290900029e-06 -0.053586716497242 0.0059854158725124
v 6.06572653025868e-06 -0.0536202254827277 0.00199990202859263
v 2.07982743530573e-06 -0.0536206166382003 0.00199991646409221
v -3.56801057233735e-05 -0.053496940728346 0.000999999908730389
v -3.68158353878376e-05 -0.0534976410829065 0.00199987013079516
v 1.2753228872113e-06 -0.0536206874187144 0.00100000002514571
v 0.0534217010418697 -0.0029002099115355 0.00100000002514571
v 0.0534913006389602 -0.000967248961595854 0.00100000002514571
v -0.0310047988368992 -0.043599999466539 0.00100000002514571
v -0.0313680984519106 -0.045177898291248 0.00100000002514571
v -0.0294139006119843 -0.0446887006307689 0.00100000002514571
v -0.0136836996968755 -0.0517209011676713 0.00100000002514571
v -0.0118155001815671 -0.0521790001054338 0.00100000002514571
v -0.0388909010837031 -0.0388909010837031 0.00100000002514571
v -0.0369292005092834 -0.0387103995969062 0.00100000002514571
v -0.0382980993770493 -0.0373564987475467 0.00100000002514571
v -0.0374783008364227 -0.0402538990917681 0.00100000002514571
v -0.0481874000686249 -0.0232437992861021 0.00100000002514571
v -0.0489915002362846 -0.0214963997566017 0.00100000002514571
v -0.0432550003397098 -0.0314847000356462 0.00100000002514571
v -0.0443595004597424 -0.0299079001715507 0.00100000002514571
v -0.0451784980629726 -0.0313671000741329 0.00100000002514571
v -0.0345107979809319 -0.0428252992892576 0.00100000002514571
v -0.0325517982419182 -0.0424578999923644 0.00100000002514571
v -0.0428253998720935 -0.0345106005405505 0.00100000002514571
v -0.0261285001159798 -0.046686398684538 0.00100000002514571
v -0.0246191000651027 -0.0491824995909079 0.00100000002514571
v -0.0329606004142631 -0.0440294993513195 0.00100000002514571
v -0.0227099987258765 -0.0484409992000243 0.00100000002514571
v -0.0408845013182354 -0.0345075010990914 0.00100000002514571
v -0.00587932985173181 -0.0546850996907413 0.00100000002514571
v -0.000261945207569114 -0.0535067196151609 0.00100000002514571
v -0.0508134987023442 -0.0210468000684651 0.00100000002514571
v -0.0497332986503854 -0.0197193990710515 0.00100000002514571
v 0.0039237098822659 -0.0548600989238903 0.00100000002514571
v -0.0510223012189059 -0.0160946991422469 0.00100000002514571
v -0.0504112977442607 -0.0179162990022535 0.00100000002514571
v 0.00587791982938536 -0.0546850996907413 0.00100000002514571
v 0.00382407978942817 -0.0533636982732191 0.00100000002514571
v -0.0532913978407226 -0.0136010997682566 0.00100000002514571
v -0.0515669982530109 -0.0142531997132333 0.00100000002514571
v 0.00766168983291793 -0.0529488983836278 0.00100000002514571
v -0.0524574990766316 -0.0105100998168418 0.00100000002514571
v -0.0528017978489004 -0.00861608962827732 0.00100000002514571
v 0.0095715800023472 -0.0526368978775248 0.00100000002514571
v 0.011691299937115 -0.0537432010380215 0.00100000002514571
v 0.0170502994123782 -0.0507109004845275 0.00100000002514571
v 0.0152102994126762 -0.0512928988495573 0.00100000002514571
v -0.0548680635943704 0.00388627141409511 0.00100000002514571
v 0.0280643006101783 -0.0473012988127484 0.00100000002514571
v 0.0338762991008994 -0.0414091004116295 0.00100000002514571
v -0.0504114989099323 0.0179156992305289 0.00100000002514571
v -0.0523563984254814 0.0168475002009982 0.00100000002514571
v 0.0394882997984824 -0.0360965012886417 0.00100000002514571
v -0.0494569976004145 0.0240631992206756 0.00100000002514571
v 0.041988498524089 -0.0331553995649059 0.00100000002514571
v 0.042825098123586 -0.0345109991466035 0.00100000002514571
v 0.0442732003866171 -0.0300354988120016 0.00100000002514571
v 0.0462685999363235 -0.029735899797025 0.00100000002514571
v -0.0380626722113196 0.0397097012465519 0.00100000002514571
v 0.0496975991942531 -0.0198091003341431 0.00100000002514571
v 0.0532914984235584 -0.0136021996601926 0.00100000002514571
v -0.0227113994349974 0.0484403994282997 0.00100000002514571
v -0.0209532002891633 0.0492261003875865 0.00100000002514571
v -0.0247619984724674 0.049110798930136 0.00100000002514571
v 0.0534217010418697 0.0029011098019531 0.00100000002514571
v 0.0549558090800991 0.00233168568838348 0.00100000002514571
v -0.0197879127460442 0.0513231184037829 0.00100000002514571
v -2.5540682483836e-05 0.0535079489609319 0.00100000002514571
v -0.000778101949324425 0.0549944999442741 0.00100000002514571
v -2.56833999345009e-06 0.0536526988375336 0.00100000002514571
v 0.00382382996215311 0.0533636982732191 0.00100000002514571
v 0.00155566175250722 0.0549834917116882 0.00100000002514571
v 0.00189500996332596 0.0534666988223791 0.00100000002514571
v 0.0152098002237873 0.0512931000152289 0.00100000002514571
v 0.0455683981127656 0.0307974994749394 0.00100000002514571
v 0.0369205131325016 0.040773390812277 0.00100000002514571
v 0.0307997998416472 0.0437450995204208 0.00100000002514571
v 0.0291956991882097 0.0448314984552978 0.00100000002514571
v 0.0353474013057191 0.0401604986154927 0.00100000002514571
v 0.0323596999266815 0.042604501338203 0.00100000002514571
v 0.0394880986328108 0.0360967993118589 0.00100000002514571
v 0.0407694010264566 0.0369165009949398 0.00100000002514571
v 0.0320778221172585 0.0446830679919636 0.00100000002514571
v 0.0423044031343375 0.0351555414090562 0.00100000002514571
v 0.036774500382517 0.0388573995487978 0.00100000002514571
v 0.0407649977334222 0.0346486001912822 0.00100000002514571
v 0.0133490000661688 0.05180830020141 0.00100000002514571
v 0.046838841285434 0.028839023139201 0.00100000002514571
v 0.044271900260332 0.0300374992928472 0.00100000002514571
v 0.0114684996425697 0.0522564004602349 0.00100000002514571
v 0.0483958933860988 0.0261422632006798 0.00100000002514571
v 0.0481357004910185 0.0233504990484457 0.00100000002514571
v 0.00574587971167543 0.0531911987098045 0.00100000002514571
v 0.00621262085707596 0.0546533713939784 0.00100000002514571
v 0.0497978393033636 0.0233615966879968 0.00100000002514571
v 0.0489475976910985 0.0215962002814668 0.00100000002514571
v 0.0510389830684896 0.0205091382449316 0.00100000002514571
v 0.0503811005417763 0.0180009990632313 0.00100000002514571
v 0.00388882998998103 0.0548623005704074 0.00100000002514571
v 0.0520310986333101 0.0124516996565828 0.00100000002514571
v 0.0530287872322927 0.0146123176899781 0.00100000002514571
v 0.0542087989849873 0.00929457952913849 0.00100000002514571
v 0.0524471986491866 0.0105611996227236 0.00100000002514571
v 0.0532824981223985 0.00482651999608016 0.00100000002514571
v -0.00803216994481909 0.0528939987817265 0.00100000002514571
v -0.0118164994906673 0.0521787989397622 0.00100000002514571
v -0.0146107996342154 0.0530240002343661 0.00100000002514571
v -0.0136846999372983 0.0517205994191638 0.00100000002514571
v 0.0550000021979219 9.62855988678912e-12 0.00100000002514571
v 0.0534913006389602 0.00096920497178947 0.00100000002514571
v 0.0532824981223985 -0.00482597005011214 0.00100000002514571
v 0.0530736993311271 -0.00674448985432492 0.00100000002514571
v -0.0226571852864957 0.0501224946203277 0.00100000002514571
v -0.0268251964414452 0.0480213936860554 0.00100000002514571
v -0.0294991743676553 0.0464267534071194 0.00100000002514571
v -0.0277882994460698 0.0457175997111744 0.00100000002514571
v 0.0537437002269103 -0.0116888002673806 0.00100000002514571
v 0.0515480998557492 -0.0143212998810122 0.00100000002514571
v -0.0340557984846284 0.041261601270849 0.00100000002514571
v 0.0508134987023442 -0.0210472005371633 0.00100000002514571
v -0.0383000998578948 0.0373544982667012 0.00100000002514571
v 0.0482728992043539 -0.0263578997621413 0.00100000002514571
v 0.0472624999151571 -0.0250713000058095 0.00100000002514571
v 0.0463273999170801 -0.0267595996686909 0.00100000002514571
v 0.0473010976470768 -0.0280643006101783 0.00100000002514571
v -0.0432553989457628 0.0314841002639216 0.00100000002514571
v 0.0431574983189075 -0.0316181995357979 0.00100000002514571
v -0.0483952340097307 0.0261446585622882 0.00100000002514571
v -0.0463959974111027 0.026640500277866 0.00100000002514571
v -0.0473223988565272 0.0249580996120404 0.00100000002514571
v 0.0407654000647654 -0.0346481010023933 0.00100000002514571
v 0.0381574994737474 -0.0375001012347621 0.00100000002514571
v 0.0367753013199133 -0.0388566991942374 0.00100000002514571
v 0.0374784982768042 -0.0402536979260964 0.00100000002514571
v 0.0353479973521536 -0.040159898843768 0.00100000002514571
v -0.0515995535642015 0.0190549954238165 0.00100000002514571
v -0.0504387233308249 0.0219443379653023 0.00100000002514571
v 0.0308002990305361 -0.0437447009143678 0.00100000002514571
v 0.0323605008640778 -0.0426038978411882 0.00100000002514571
v -0.0510224986592873 0.0160941999533581 0.00100000002514571
v 0.0291982994407799 -0.0448297997229597 0.00100000002514571
v -0.0520457986284993 0.0123898002343671 0.00100000002514571
v 0.0228471993018571 -0.0500300999724104 0.00100000002514571
v 0.0188712995006601 -0.0500613998607985 0.00100000002514571
v -0.0549648987882241 -0.0019633799818148 0.00100000002514571
v 0.013600700230881 -0.0532919976124473 0.00100000002514571
v -0.053077800875654 -0.00671210963177444 0.00100000002514571
v -0.0532845991860799 -0.00480291003801881 0.00100000002514571
v 0.0527948986114218 0.00865816957522561 0.00100000002514571
v -0.00229773991262007 0.0534508998665764 0.00100000002514571
v 0.00574614001632921 -0.0531911987098045 0.00100000002514571
v -0.0473009002066953 -0.0280643006101783 0.00100000002514571
v -0.0454075996859169 -0.0282915004724677 0.00100000002514571
v -0.0463956993878855 -0.026640898883919 0.00100000002514571
v -0.00782763940481167 -0.0544405008605018 0.00100000002514571
v -0.00612747003598213 -0.053148499433358 0.00100000002514571
v 0.00929489711012933 0.0542144055467611 0.00100000002514571
v 0.00766114966583672 0.0529489989664636 0.00100000002514571
v 0.00956909989038644 0.052637300208868 0.00100000002514571
v 0.0138631143302521 0.0532297442876611 0.00100000002514571
v 0.0115878001990662 0.0537654000424139 0.00100000002514571
v 0.0170498002234893 0.0507109973420731 0.00100000002514571
v 0.0197839732516416 0.0513242061885258 0.00100000002514571
v 0.0168511770624406 0.0523604105630432 0.00100000002514571
v 0.0188695989056769 0.0500619996325231 0.00100000002514571
v 0.0219439989638928 0.050432699536547 0.00100000002514571
v 0.0206678002178418 0.0493465986248872 0.00100000002514571
v 0.0240680737629221 0.0494602982075452 0.00100000002514571
v 0.0224393005123894 0.0485669996909729 0.00100000002514571
v 0.0241785993983168 0.0477253001691713 0.00100000002514571
v 0.0268286255710883 0.0480186928506494 0.00100000002514571
v 0.025884000005931 0.0468223009968786 0.00100000002514571
v 0.0275565994332004 0.0458575998427516 0.00100000002514571
v 0.0295011413208889 0.046424600189375 0.00100000002514571
v 0.0345564551378093 0.04279539265941 0.00100000002514571
v 0.0338759004948464 0.0414093984348467 0.00100000002514571
v 0.0391691169328445 0.0386180943559541 0.00100000002514571
v 0.0381554989929018 0.0375020979903174 0.00100000002514571
v 0.041988099918036 0.0331558987537947 0.00100000002514571
v 0.0431570997128544 0.0316186987246868 0.00100000002514571
v 0.0442245927998893 0.0327070832392484 0.00100000002514571
v 0.0453298007250627 0.0284161002542954 0.00100000002514571
v 0.0463271987514085 0.0267599982747439 0.00100000002514571
v 0.0472622987494855 0.0250717991946984 0.00100000002514571
v 0.0496965002336397 0.0198118998897399 0.00100000002514571
v 0.0521173428270821 0.0175885386558951 0.00100000002514571
v 0.050997997425542 0.0161716003081592 0.00100000002514571
v 0.0515479992729134 0.0143218000012236 0.00100000002514571
v 0.0537704813382674 0.0115897913666863 0.00100000002514571
v 0.0545605967664592 0.00698014752238668 0.00100000002514571
v 0.0530735987482912 0.00674498997453631 0.00100000002514571
v 0.0548018987148583 0.00466407964756913 0.00100000002514571
v 0.0548599983410545 -0.00392273990982612 0.00100000002514571
v 0.0549652005367316 -0.00196153992127913 0.00100000002514571
v 0.0546848985250696 -0.00587890004637323 0.00100000002514571
v 0.0544402996948301 -0.00782757980016823 0.00100000002514571
v 0.0527953009427651 -0.00865621938579795 0.00100000002514571
v 0.0541264998735532 -0.00976446994175469 0.00100000002514571
v 0.0524473998148582 -0.0105602999651366 0.00100000002514571
v 0.0520315009646534 -0.012449799758573 0.00100000002514571
v 0.0527720998353048 -0.0154958000668334 0.00100000002514571
v 0.0509981985912136 -0.0161709986737894 0.00100000002514571
v 0.0521858993429124 -0.0173681989155369 0.00100000002514571
v 0.0503812979821577 -0.0180004998743425 0.00100000002514571
v 0.0515328000888354 -0.019219200628567 0.00100000002514571
v 0.0500296007835216 -0.0228484994281422 0.00100000002514571
v 0.0489476982739343 -0.0215959003956045 0.00100000002514571
v 0.0491827976141251 -0.0246185002933781 0.00100000002514571
v 0.0481361996799073 -0.023349500670668 0.00100000002514571
v 0.0453305010796232 -0.028414898848201 0.00100000002514571
v 0.0440309000604404 -0.0329589985394706 0.00100000002514571
v 0.045178401205427 -0.0313676998458576 0.00100000002514571
v 0.0415657004364056 -0.0360179982479369 0.00100000002514571
v 0.0402543014231113 -0.0374782002535869 0.00100000002514571
v 0.0388916982958091 -0.0388902007291426 0.00100000002514571
v 0.0360166012641062 -0.0415670005626907 0.00100000002514571
v 0.0345106005405505 -0.0428256978953107 0.00100000002514571
v 0.0329608984374803 -0.0440293987684837 0.00100000002514571
v 0.029734499087904 -0.0462694977312653 0.00100000002514571
v 0.0313685007832538 -0.0451777008508665 0.00100000002514571
v 0.0275569999018986 -0.04585739867708 0.00100000002514571
v 0.0263596003571245 -0.0482720982669576 0.00100000002514571
v 0.0258845997776556 -0.0468219992483711 0.00100000002514571
v 0.0241791004498507 -0.0477250990034996 0.00100000002514571
v 0.0246188001792404 -0.0491824995909079 0.00100000002514571
v 0.0224406993588652 -0.0485663999192482 0.00100000002514571
v 0.0206694002299893 -0.0493459988531626 0.00100000002514571
v 0.0210466994856293 -0.0508139010336875 0.00100000002514571
v 0.0192208993609051 -0.0515323008999466 0.00100000002514571
v 0.0154940994718502 -0.0527724984413579 0.00100000002514571
v 0.017370000093356 -0.0521851989883519 0.00100000002514571
v 0.013349999375269 -0.0518079984529025 0.00100000002514571
v 0.0114694998829925 -0.0522561992945633 0.00100000002514571
v 0.00976623014138137 -0.0541261012675001 0.00100000002514571
v 0.00782645941913601 -0.0544402996948301 0.00100000002514571
v -0.00011241984360565 -0.0535651954956688 0.00100000258628273
v -0.002297569946254 -0.0534508998665764 0.00100000002514571
v -0.00196344005211952 -0.0549650999538958 0.00100000002514571
v -4.05837008680606e-05 -0.0534999991916127 0.00100000002514571
v -4.66243262546061e-06 -0.0535665813036289 0.00100000002514571
v -6.83757010116094e-06 -0.0537248018296487 0.000999998860992516
v 0.0019644100245593 -0.05496499937106 0.00100000002514571
v 0.00189516991797457 -0.0534666988223791 0.00100000002514571
v 9.98301913188536e-15 -0.0550000021979219 0.00100000002514571
v -0.00421612001844978 -0.0533341008424594 0.00100000002514571
v -0.00392413968762448 -0.0548600989238903 0.00100000002514571
v -0.0173595003628845 -0.0506057988716862 0.00100000002514571
v -0.0155321002260128 -0.0511963989318229 0.00100000002514571
v -0.0099280194954273 -0.0525708000532366 0.00100000002514571
v -0.011691299937115 -0.0537433984784029 0.00100000002514571
v -0.00976592001097095 -0.0541263992907174 0.00100000002514571
v -0.0080316195331898 -0.0528940993645623 0.00100000002514571
v -0.0154958000668334 -0.0527723010009765 0.00100000002514571
v -0.0136021000086794 -0.0532918001720659 0.00100000002514571
v -0.0173692997387955 -0.0521855975944049 0.00100000002514571
v -0.0192208006407144 -0.0515323977574922 0.00100000002514571
v -0.0191664989478926 -0.0499491009872614 0.00100000002514571
v -0.0210481001947502 -0.0508133981195084 0.00100000002514571
v -0.0209516989972065 -0.049226800742147 0.00100000002514571
v -0.0228481995422798 -0.050029798223903 0.00100000002514571
v -0.0263590993055906 -0.0482722994326292 0.00100000002514571
v -0.0244361994914073 -0.0475939985902465 0.00100000002514571
v -0.0280652002677653 -0.0473006990410237 0.00100000002514571
v -0.0297354006081361 -0.0462689985423765 0.00100000002514571
v -0.0277878989773717 -0.045717800876846 0.00100000002514571
v -0.0360175996418838 -0.041565897876787 0.00100000002514571
v -0.0340553998785753 -0.0412618992940662 0.00100000002514571
v -0.0355142980326501 -0.0400128988918764 0.00100000002514571
v -0.0415665982313475 -0.0360168992873234 0.00100000002514571
v -0.0402544988634927 -0.0374777010646981 0.00100000002514571
v -0.0396189010228467 -0.0359530999670979 0.00100000002514571
v -0.0420965989955535 -0.0330179996858989 0.00100000002514571
v -0.0440299985402083 -0.0329599000597027 0.00100000002514571
v -0.0462690991252123 -0.0297347989737664 0.00100000002514571
v -0.0491824995909079 -0.0246183997105423 0.00100000002514571
v -0.0482726011811367 -0.026357998482332 0.00100000002514571
v -0.04732210083331 -0.0249586006635743 0.00100000002514571
v -0.050029798223903 -0.0228472998846929 0.00100000002514571
v -0.0515322003171108 -0.0192198004002916 0.00100000002514571
v -0.0527720998353048 -0.0154944999405483 0.00100000002514571
v -0.0521852995711877 -0.0173684000812086 0.00100000002514571
v -0.0520454000224463 -0.0123917001323769 0.00100000002514571
v -0.0537428992895141 -0.0116907001653904 0.00100000002514571
v -0.0544399979463227 -0.00782661960661526 0.00100000002514571
v -0.0541259969593741 -0.00976469997842548 0.00100000002514571
v -0.0546847010846882 -0.00587897967445158 0.00100000002514571
v -0.0548597003178372 -0.00392309986599317 0.00100000002514571
v -0.05342239767114 -0.00288686988010552 0.00100000002514571
v -0.0550017046555503 0.000713803032756538 0.00100000002514571
v -0.053491401221796 -0.000964433922761678 0.00100000002514571
v -0.053491401221796 0.000962486934755302 0.00100000002514571
v -0.0534224982539758 0.00288596998968791 0.00100000002514571
v -0.0545603732490463 0.00698521764236956 0.00100000002514571
v -0.0532845991860799 0.0048023498475027 0.00100000002514571
v -0.0530778977331996 0.00671158995378942 0.00100000002514571
v -0.0528020995974078 0.00861414968339775 0.00100000002514571
v -0.0540779705179198 0.0100594002367691 0.00100000002514571
v -0.0524577002423032 0.0105092001592548 0.00100000002514571
v -0.0535964991093471 0.0123468001407357 0.00100000002514571
v -0.0530304449864384 0.0146086603863094 0.00100000002514571
v -0.0515670988358467 0.0142526995930219 0.00100000002514571
v -0.0497343976109988 0.0197165995154547 0.00100000002514571
v -0.0489916008191204 0.0214959992879036 0.00100000002514571
v -0.048187798674678 0.0232427990456793 0.00100000002514571
v -0.0472381998470834 0.0281707992068503 0.00100000002514571
v -0.0460052219181092 0.0301524021442446 0.00100000002514571
v -0.0454084006233132 0.0282902990663733 0.00100000002514571
v -0.0443609011688633 0.0299058996907052 0.00100000002514571
v -0.0446789999750486 0.0320754006786186 0.00100000002514571
v -0.0432823700469208 0.033945276574524 0.00100000002514571
v -0.0420969007440609 0.03301750049701 0.00100000002514571
v -0.0408848999242885 0.0345070987677482 0.00100000002514571
v -0.0412927186200165 0.0363394647164767 0.00100000002514571
v -0.0397085985606482 0.03805610079938 0.00100000002514571
v -0.0396191990460639 0.0359527982185905 0.00100000002514571
v -0.0369299977213895 0.0387096992423458 0.00100000002514571
v -0.0355149983872106 0.0400122991201518 0.00100000002514571
v -0.0339438013595987 0.04327629782387 0.00100000002514571
v -0.0357551380450625 0.0417992835834788 0.00100000002514571
v -0.0320791557711556 0.0446828109469387 0.00100000002514571
v -0.0325526997621503 0.0424573002206398 0.00100000002514571
v -0.031005400471269 0.043599600860486 0.00100000002514571
v -0.0294164002817187 0.0446869981731406 0.00100000002514571
v -0.0261289993048686 0.046686000078485 0.00100000002514571
v -0.0244365999601054 0.0475937005670293 0.00100000002514571
v -0.01916809896004 0.0499485012155368 0.00100000002514571
v -0.0173599995517733 0.0506056982888504 0.00100000002514571
v -0.0168530937242564 0.052360302529627 0.00100000002514571
v -0.0155325994149016 0.0511961977661512 0.00100000002514571
v -0.00993048004961444 0.0525703008643477 0.00100000002514571
v -0.0123464359936171 0.0536019976377047 0.00100000002514571
v -0.00929628384941194 0.0542142416339917 0.00100000002514571
v -0.00612774989840955 0.053148499433358 0.00100000002514571
v -0.00621682065613232 0.054653121799534 0.00100000002514571
v -0.00421637985744229 0.0533341008424594 0.00100000002514571
v -0.00311360431394869 0.0549172858539837 0.00100000002514571
v -0.00021435900519638 0.0535137045343144 0.00100000002514571
v -0.000273852981326666 -0.0535073007604345 0.00100000002514571
v -0.000371856984985468 -0.0534986990653276 0.00200000005029142
v -0.000371807974136075 -0.0534986990653276 0.00100000002514571
v -0.000273852981326666 -0.0535073007604345 0.00200001984089569
v 5.16524512300658e-05 -0.0537980820134718 0.0020004650130764
v -0.000272762460823827 -0.0535011093280968 0.0020000054053961
v -0.000261325936278497 -0.0534564952524797 0.0010000011892989
v 6.28180882414959e-06 -0.0538055549456434 0.000999999326653793
v 3.81687888757045e-07 0.0550273607292623 0.00100000142212954
v -0.00309459462364183 0.0549564163024041 0.00199999958463014
v 0.00386728966346486 0.0548911417672535 0.00200000098161397
v 0.00697290555820834 0.054600200326737 0.00100000002514571
v 0.0100030636041673 0.0541104103451137 0.00200000191293652
v 0.0160152107622802 0.0526452574287677 0.00199999888613822
v 0.0130772196558741 0.0534376192069593 0.00100000153854486
v 0.0210985108219423 0.0508080225257279 0.00200000121444461
v 0.0182868498946688 0.0518995958887138 0.000999999559484432
v 0.0287833747539664 0.0468836043726598 0.00100000095646826
v 0.0332740463329696 0.0438270335534139 0.00100000049080699
v 0.0312817201476909 0.0452710417224985 0.00199999795481567
v 0.0260042560993677 0.0484953586348445 0.00199999772198503
v 0.024016640543566 0.049509527917739 0.0010000042160972
v 0.0361669353507404 0.0414721583991021 0.00200000261142844
v 0.0405954374239874 0.0371487281363746 0.00199999725632376
v 0.0445088063662772 0.0323570065418559 0.00199999842047695
v 0.0422402238345101 0.0352664731010842 0.00100000153854486
v 0.0379962614626533 0.0398027217432253 0.00100000281911337
v 0.0506032917513714 0.0216165887948146 0.00200000214576716
v 0.0478584345908819 0.0271582765022309 0.00199999911896886
v 0.0459453825813825 0.0302814964887169 0.00100000130571422
v 0.0490655925333746 0.024910330215611 0.00100000049080699
v 0.0527104611834042 0.0157983690694341 0.00199999516084801
v 0.0515589888790482 0.019225570874835 0.00100000514741975
v 0.053398023097262 0.0132887835438078 0.000999998744577197
v 0.0541503640826717 0.00978228893617652 0.00199999818764631
v 0.0545561040664597 0.00718164195086871 0.000999995601363578
v 0.0550490791712169 7.71452715562908e-07 0.000999997929669962
v 0.0550000021979219 9.62855988678912e-12 0.00200000005029142
v 0.0549060317522436 0.00364255431348341 0.00199999679066248
v -0.00697175118390291 0.054600513251115 0.00100000398326656
v -0.0138320090882778 0.0532606530205766 0.00100000049080699
v -0.0107698857239661 0.0539794924710811 0.00199999772198503
v -0.0174876633848029 0.0521741162499617 0.00200000261142844
v -0.0232342010758626 0.0498813789364394 0.00199999679066248
v -0.0190167441438869 0.0516234848285439 0.00100000235345209
v -0.0240216957623881 0.0495074231287674 0.000999998046085282
v -0.0286882047648388 0.0469566498631994 0.00200000214576716
v -0.0294432745253312 0.0464879748265159 0.00100000316835933
v -0.0337798736889693 0.0434382361895246 0.00199999818764631
v -0.0344930357971858 0.0428747189892524 0.00100000037439167
v -0.0384402974298535 0.0393739743670683 0.00200000028312206
v -0.0391077465018394 0.0387119232406042 0.0010000011892989
v -0.0426180539440059 0.0348085865048639 0.00199999911896886
v -0.0432202545578726 0.0340593561367839 0.00100000107288358
v -0.0462555651458605 0.0298052293105748 0.00199999888613822
v -0.046782891151692 0.028972165011492 0.00100000153854486
v -0.0520836997311487 0.0177559438849404 0.000999999675899751
v -0.0497485015597536 0.0235178204584612 0.00100000246986741
v -0.0496672269031287 0.0237256581248571 0.00199999655783184
v -0.0522447440271516 0.0172743458165004 0.00200000168010589
v -0.0537512923683689 0.0117807236660857 0.000999999210238474
v -0.0547364416404871 0.00564689083441598 0.000999998860992516
v -0.0538538086298009 0.0113001239754233 0.00199999422952546
v -0.0550107347590319 1.60761540927639e-07 0.00199999376386418
v -0.05501762654593 2.64069279646935e-07 0.00100000316835933
v -0.0547817635212451 0.00518440955837652 0.00199999399669482
v -0.000273852981326666 -0.0535073007604345 0.00200001984089569
v -0.000273854989490923 -0.0534992988370522 0.00373206977772557
v -0.000371856984985468 -0.0534986990653276 0.00200000005029142
v -3.16805487467894e-06 -0.0534994813762728 0.0147853630084091
v -5.47492369646384e-05 -0.0535249362843132 0.00990195084582379
v -0.000272544909696026 -0.0535001705549626 0.00200001169182334
v -0.000269308069056468 -0.0535152281780124 0.00375402151597988
v -1.36124989020539e-15 -0.0537840004164583 0.00519334978923165
v 3.11723003814313e-06 -0.0536876346091717 0.00995971798986826
v 3.77652459718609e-05 -0.053799210776407 0.00200061751714459
v -0.0360050640403097 0.0493801709403066 0.0389807960618854
v -0.0470457141016643 0.0305659279845824 0.0321708463392217
v -0.0458074499858747 0.0325078174656376 0.0277727072438737
v -0.0340142763998898 0.0466055747880292 0.0249977460131553
v -0.0275426873368918 0.0476831447850961 0.00525631557577143
v -2.71701004141772e-13 0.0792824980776954 0.0582524003479093
v -0.0166436541830679 0.06629466862318 0.0454850857223923
v -0.0340816967022044 0.0440025617777734 0.0131572184006001
v -0.017607388624384 0.0522439952438183 0.00651675355024441
v -4.0432262500269e-07 0.0550229090074552 0.00200022007524475
v -0.0121770125885977 0.0536594974921763 0.00200040191597338
v -0.0283497453849823 0.0489614594959893 0.0179743166720647
v -0.0288956959792447 0.0485513273950376 0.0176710221691946
v -0.0319489009987813 0.0481821623105824 0.0245951743886953
v -0.034002351745911 -0.0433443775025527 0.0234584579588817
v -0.0273054943836001 -0.0476340268336088 0.0247172633249179
v -0.0260404137661964 -0.0483093250920781 0.0244126463440214
v -0.0104225424582689 -0.0524339701436324 0.0330230847070422
v -0.00722623041511566 -0.0529946784750823 0.0317453995701954
v -0.00722414751222409 -0.0544184806700397 0.0120750877169873
v -0.00781949405775615 -0.0544690552100012 0.00199983287789301
v -1.03446996511799e-14 -0.0550000021979219 0.00200000005029142
v -0.00293006066202985 -0.0549345451235507 0.00199993741884967
v -0.00397037379882399 -0.0533854874956878 0.0305252850683342
v -0.00551143509123999 -0.0514656293809652 0.0439189439136026
v -0.00283621734188015 -0.0522866684432334 0.0396903334627226
v -0.0020015239268201 -0.051188091534643 0.0467782233630518
v -3.51280975616523e-12 -0.0512077983198813 0.0468052987723358
v -0.0328355722240607 -0.0441861552554489 0.0242370994932108
v -0.0308534235316499 -0.0455218804138484 0.0248208282555454
v -0.0315352708503175 -0.0450772670266649 0.024690709456264
v -0.0334420084929022 -0.0437537198419788 0.0238951849066797
v -0.0330732196627587 -0.0441235480280923 0.0178035549565355
v -0.032454314847567 -0.0445749116411458 0.0175251453923029
v -0.0338465452079506 -0.0434069064988148 0.00200013299658597
v -0.0373672238580763 -0.0406108564001881 0.0197245809497405
v -0.0345001660026577 -0.0429785428275499 0.022912241006369
v -0.0498624395609853 0.0233674286298286 0.0297263276638166
v -0.0298658062547641 0.049420720724299 0.0236244717920317
v -0.0388758285594924 0.0472011704623444 0.0431381268097879
v -0.0398851624156876 0.0431911637665822 0.0347053885153221
v -0.0343847304347595 0.0680560975956308 0.07668851144563
v -0.0357973940119734 0.0650514200690825 0.0787960869342963
v -0.0316450067241865 0.0755201039719568 0.121634935104066
v -0.0312052343516376 0.0766288546481249 0.129046899176086
v -0.0310253549883067 0.078027671321609 0.1342363625563
v -0.0310918048525202 0.0773674828402525 0.13158669773668
v -0.03099390608831 0.0786745605168972 0.137426060346676
v -0.0322179079305107 0.0747908709617519 0.111644556113082
v -0.0325510606344556 0.072514137494994 0.113792394538394
v -0.032191097016832 -0.044633704171322 0.0245008556283819
v -0.033592439437082 -0.0434391637867882 0.0280783728939658
v -0.0341988943323744 -0.0432660383746174 0.0186393443054107
v -0.0354768253383755 -0.042207884590152 0.0146470904801691
v -0.0439473268997527 -0.0331787273322334 0.0239916699232533
v -0.0131338030889527 -0.0515892605873369 0.0359753436749724
v -0.0226065623177614 -0.0499787840996961 0.0225271428556634
v -0.0257726957848814 -0.0486551288815938 0.0178004890426884
v -0.0227303313598711 -0.0501603882723966 0.0122370614728988
v -0.0304560859399423 -0.0459446151715981 0.0171026900313193
v -0.0242945844465218 -0.0493646476559799 0.00199995278567181
v -0.0363169527877063 0.0413238583209254 0.00199995581247011
v -0.029508638467447 0.0468327578865126 0.00947653574176425
v -0.0325992696151305 0.0443120886911736 0.00200001821108122
v -0.0281860002535734 0.0501609172636072 0.022339205689597
v -0.0287220900046362 0.0499546442191016 0.0228232326472573
v -0.027698924145872 0.0503069188377211 0.0217894143211227
v -0.0293959204987607 0.0508503343719921 0.0272503526378344
v -0.0334270961561707 0.0470896725262036 0.0249450666842222
v -0.0328415773918876 0.0475425374312138 0.0248394174537193
v -0.0443284836934106 0.0349352575480512 0.0271174808490839
v -0.0542480896208869 0.00846229009042043 0.0124680443674018
v -0.0443460223597438 0.0326932549619696 0.00771627325081214
v -0.0326250113705175 0.0458228764126558 0.0170827206131208
v -0.0300602645413522 0.0477003369994392 0.0172581147270326
v -0.0140880650485741 -0.0532004597812795 0.00199999003857396
v -0.024670537009749 -0.0491923790605586 0.0182648688197538
v -0.0205031125880085 -0.0510415944969304 0.00199999679066248
v -0.0182268149802058 -0.0519216011780149 0.00815004557780819
v -2.31295184053754e-07 -0.0549416753290226 0.00881732235512162
v -1.07855105545108e-07 -0.0545483554628121 0.0177289671958469
v -0.0285144963447493 -0.0470371161318476 0.00200003171525825
v -0.0110287319266336 -0.0535163159627553 0.0198529395493953
v -0.0106100838122499 -0.053934204117935 0.0103560190195735
v -0.0044993915520745 -0.0547418433112991 0.0101046159467559
v -0.0233739385744797 -0.0497758675416744 0.0190498563859644
v -0.0138085267214063 -0.053130115126146 0.0155366981654607
v -0.0311461363476637 -0.0455043156704838 0.0171820778284502
v -0.0290031016840841 -0.046815435287012 0.0109184028002977
v -1.47319792180925e-07 -0.0536764475626554 0.0289987021163396
v -0.00809524283345256 -0.0536875265757554 0.0236821541857238
v -0.022881872440535 -0.049980132654754 0.019462704223483
v -0.0208482998419936 -0.0508883286068969 0.0170262452134584
v -0.01485310647965 -0.0529614600622334 0.0106235721567965
v -0.0284603958175992 -0.0471831512335735 0.0171575281659321
v -0.0295019590220911 -0.0465512935843036 0.0170764304605924
v -0.0318032384260769 -0.0450352569289081 0.0173207219543892
v -0.0224631740347334 -0.0501407559929625 0.0199288907663027
v -0.0186676732748524 -0.0516579847412268 0.0184412650367335
v -0.0256849298100565 -0.0487359490528124 0.0135874149146509
v -0.0379682770825567 -0.0397971896872558 0.00199999492801737
v -0.0221406849740295 -0.0502571377845755 0.0204875259737478
v -0.0238860374565566 -0.049552979702809 0.0187025755188783
v -0.0267704216367661 -0.0481339011758445 0.0174884419704577
v -0.0276172099050017 -0.0476746883763076 0.0172925270953955
v -0.033653288327457 -0.0435999547630564 0.0101187534231226
v -0.0336691580637737 -0.0436803353500297 0.0181754711678146
v -0.00350118606907463 -0.0542590233476685 0.0209835092503538
v -0.0220270002925324 -0.0502872977341577 0.0209401003061212
v -0.0249037643916067 -0.0489112388585982 0.0240112873015265
v -0.0170756388364219 -0.0515401314599789 0.0280643807039176
v -0.0222390959656443 -0.0501621466093782 0.0220140288320028
v -0.0220175995226744 -0.0502776976612731 0.0212671994134665
v -0.0220712995811264 -0.0502421993708125 0.0215880996378936
v -0.0350393011784714 -0.0425893990116706 0.0200913991013602
v -0.0384987062551375 -0.0394123038780924 0.0108063106803676
v -0.0399381956471911 -0.0380690461828778 0.0220369393668263
v -0.0411693444586697 -0.0364505193430819 0.00200007525458764
v -0.0417912742095161 -0.0360153681930449 0.0202336716599687
v -0.0464515526640819 -0.0296522297787917 0.0174624543459165
v -0.0141328020587684 -0.0524802904021682 0.0257345003843047
v -0.0237911058860028 -0.0494244460145142 0.0234666275203237
v -0.0230572125377387 -0.0497677389584248 0.022953148418222
v -0.0346517368856434 -0.0429031876570769 0.019219187590051
v -0.0349078990167108 -0.0426985984437486 0.0197183001104377
v -0.0351236007707511 -0.0425170985791741 0.0204853001128442
v -0.0350668981283856 -0.0425463979867166 0.0217023989922762
v -0.0459943850488732 -0.0301812172640592 0.00200002892129058
v -0.018490815121886 -0.050410835808274 0.0343515641759731
v -0.0351389005376649 -0.0424942998030571 0.0213013994402871
v -0.0351577989349266 -0.0424845991473367 0.0208919006386719
v -0.0433402461557041 -0.0338514439645836 0.00200007735006338
v -0.0447678667731321 -0.0321692966184926 0.0152016856103759
v -0.0490399476355332 -0.024933961594091 0.00200005523115273
v -0.0224474551726704 -0.0492435868998567 0.032440836747568
v -0.0211370713009598 -0.0503086361965103 0.02692387379131
v -0.0298403960502063 -0.0461627383642783 0.0249170636776746
v -0.0285814658869479 -0.0469102178459572 0.0248845288555802
v -0.0366349994398286 -0.0410502059522975 0.0267511488478374
v -0.0348806745958182 -0.0426841592188745 0.0222576888891081
v -0.0256003266066243 -0.0475474212866859 0.0348153143789921
v -0.0277590764069767 -0.0471360076859002 0.0287376598550902
v 2.10378127989998e-08 -0.0521494436528665 0.0410266360411055
v -0.00574519006732434 -0.0522630948067516 0.0386387622660675
v -0.0091813558523055 -0.0517093788450357 0.0398535719546622
v -0.0290252503970586 -0.0458613586605787 0.0335791550521741
v -0.0518186192553061 -0.018514409247464 0.00200003613904038
v -0.0527336734667351 -0.0155992504447868 0.0128694574266048
v -0.00470163755785745 -0.0510544989022359 0.0468056265978747
v -0.0165864039230408 -0.0488463666547908 0.0463003990135998
v -0.0148968162410675 -0.0489297908038699 0.0478168640773699
v -0.00908391436746919 -0.0504410404613388 0.0471295517579566
v -0.0110227295527744 -0.0507857415649508 0.0436087389973833
v -0.0154149379860998 -0.050841434653668 0.0374543695720798
v -0.0274792717215585 -0.0456178215380506 0.0400429470827517
v -0.0309647743188272 -0.0442682606517918 0.0360105960962788
v -0.041395503102344 -0.035936552227962 0.0295269110159521
v -0.0479146752972607 -0.0271728572881332 0.0148742596088143
v -0.0495772574191415 -0.0239458637547675 0.0146636829227876
v -0.00684699028327346 -0.0508011083870885 0.046907282317267
v -0.0145845568272945 -0.0501010145969468 0.0432066833256181
v -0.0311124131579907 -0.0450598065914263 0.0294023447617364
v -0.0387657127060214 -0.0386042400016438 0.03117109392946
v -0.0351786531095512 -0.0415902575495042 0.0332954406746751
v -0.0460239005232481 -0.0299289480612666 0.0260453255613448
v -0.0459410873217643 -0.0291664556600204 0.0313926965432011
v -0.0496596086846386 -0.0233908774690882 0.0217555477077764
v -0.0537398780791496 -0.011833312656731 0.00199999516084801
v -0.0536571170317288 -0.0118803220939566 0.0125817616451883
v -0.0181233506324141 -0.0495212216037245 0.0409015854991618
v -0.0209688893489045 -0.0483379129691895 0.0418207859586003
v -0.0305497229721463 -0.0436339368603994 0.0404418325325437
v -0.0219842768016995 -0.0487442601752825 0.0374341226197603
v -0.0243891304495383 -0.0467834946487069 0.0421135416154517
v -0.0439122346659256 -0.0323917411478224 0.031275342450842
v -0.052210318620273 -0.0166575066747331 0.0200467459101957
v -0.0518847580577866 -0.0182341985054123 0.0138661644116156
v -0.0509680609933727 -0.0196321229718899 0.02494719196229
v -0.0508630599633672 -0.0209879237192591 0.0147293886602807
v -0.0124210954661424 -0.0496817927878701 0.0474933375233411
v -0.0174523923370455 -0.0480247538978295 0.0482342865712727
v -0.047497185748134 -0.0252708321376707 0.0349050826973077
v -0.049357223152581 -0.0231412178320913 0.0279897258880051
v -0.0479869459274355 -0.0266768684235919 0.0240816561710464
v -0.0548391553423004 -0.004709856945056 0.00200004661641911
v -0.0218479442183391 -0.0471588250884682 0.0452887890050831
v -0.0197488568034281 -0.0470655736238015 0.048664751306219
v -0.0221873516845553 -0.0458624278188705 0.0491772022282212
v -0.047725676423483 -0.0262424716448235 0.0297625039570964
v -0.0537264856608259 -0.0106930553385679 0.0178194917480761
v -0.0544625992820583 -0.0076221463429449 0.00860488395530989
v -0.0250014321878235 -0.0442510945144802 0.0498500902239213
v -0.0321380712359089 -0.0415034508369097 0.0442021591022128
v -0.0271886785956771 -0.0444347103438969 0.0454595078797748
v -0.0346480749253618 -0.0400606198595331 0.0421813716996899
v -0.0336308062010083 -0.0418020291223674 0.0386487534944246
v -0.03691840834353 -0.0392937167146721 0.0371389939530418
v -0.0395442611080951 -0.0368043250559798 0.0362753263948412
v -0.0543977270782509 -0.00579794250507789 0.0171925868721473
v -0.0549288119019095 -0.00234146527369028 0.00840686335995353
v -0.0546612168551716 -0.00229079899845724 0.0163919270100014
v -0.0549836332727164 0.00184829226289039 0.00200000005029142
v -0.0548667262151831 0.00202966896005717 0.0117518116887254
v -0.0276783717197547 -0.0424601686941055 0.0505855966228486
v -0.0246639041305209 -0.0453845736670968 0.0468980547734039
v -0.0368178515847512 -0.0375509737979408 0.0439264056699036
v -0.0383010125539975 -0.0370047344936867 0.0406923061454526
v -0.0403428329450754 -0.0349759637942327 0.0397195546391706
v -0.0421600295120476 -0.0337156385097887 0.0361368983357348
v -0.029542395184732 -0.0427009155742625 0.0463325519934471
v -0.0524963389524152 -0.0108178954016144 0.0315089852025587
v -0.0498840015407509 -0.0207291110442035 0.0314931266421126
v -0.0541644941084579 0.00158684313010032 0.0238756438968559
v -0.0544443192829723 0.00805463810142949 0.00199998887442077
v -0.0317340411603297 -0.03918600367339 0.0518738280562946
v -0.0299057711681928 -0.0407632021435385 0.0512635957167239
v -0.0418232409248527 -0.0297043037480648 0.0490387108391811
v -0.0398275768795411 -0.0319181934315374 0.0501875456380647
v -0.041681814007123 -0.0322457991783519 0.0429331166386653
v -0.0437844125080618 -0.0295575813302942 0.0417916988926001
v -0.0443322872147204 -0.0305182442698279 0.0362891844744417
v -0.054094436300671 -0.00332545970584174 0.023848864648144
v -0.0547051529279697 0.00534254486838262 0.00920033806859691
v -0.0340523972946619 -0.0389176039639656 0.0475182634401709
v -0.0335687875695057 -0.037440809515697 0.0525463807758753
v -0.0353449426141771 -0.0355695478118317 0.0532600383476904
v -0.0521480131414238 -0.0149142096210822 0.0271494438391303
v -0.0513161521110805 -0.0139371460913761 0.0353749721786013
v -0.0537359069197802 -0.00837241560133373 0.0230021955891953
v -0.0528484049547827 -0.0116047204672237 0.0271754947936052
v -0.054457920317548 0.00408707317142775 0.0180883738825834
v -0.0388920261213481 -0.0310927939170723 0.0549148308877312
v -0.0369874379712175 -0.0336241081292013 0.0539827856276306
v -0.0392591571973458 -0.0344082556424684 0.0454241325238913
v -0.0459025491944882 -0.0278301474937022 0.0365258707882642
v -0.0454717491834226 -0.0257126441066124 0.0440656905457595
v -0.0474210966954886 -0.0231147664089184 0.0405841944981174
v -0.0486813959029011 -0.0221327035397435 0.036001234441968
v -0.0373588978344453 -0.0347640208580196 0.050224042306303
v -0.0436956760951359 -0.0267126498361088 0.0491201531338657
v -0.0503624368377982 -0.0147319581792068 0.0400575204180735
v -0.051045327237726 -0.0172820236396339 0.0312779054505101
v -0.0534203189591999 -0.00551700765974064 0.0292303406619204
v -0.0539702612019279 0.00645438939807447 0.0225705070964134
v -0.0533156718317648 0.0108565899910796 0.0237791942705394
v -0.0405875062811192 -0.0284566425877073 0.0558677936523901
v -0.048198497708176 -0.0201219297173191 0.0428305146955583
v -0.0525777588953585 -0.00648564411731868 0.0351769394760518
v -0.0514144513439889 -0.00950387564665369 0.0402601799310703
v -0.0528713788195398 -0.00229388912669075 0.0352895512739669
v -0.0535662572033802 0.0122374712548227 0.0126837256323458
v -0.0527687358982405 0.0145858737173856 0.0205797567088956
v -0.0530929702574103 0.0144362558177952 0.00200002519600037
v -0.0444516380626348 -0.0204170974995847 0.0587329180821869
v -0.0418610973240195 -0.0262026985838409 0.0566780181971635
v -0.0491141256142982 -0.0153833885032673 0.0460105528084065
v -0.0499022219351934 -0.0187073625168051 0.0360578737543998
v -0.0429703248373352 -0.0239591965684477 0.0574785346356362
v -0.0465791215022111 -0.0192390173098667 0.0520609382079332
v -0.0535283747271818 -0.000363966936725004 0.030436006625682
v -0.0529969210997919 0.00773218396532134 0.0322431728487498
v -0.0523705321765579 0.0168478708673747 0.0110611754791176
v -0.051529451052932 0.0192328184269486 0.00200002729147612
v -0.0506333175905059 0.0214497013811092 0.00200003171525825
v -0.0456117753920313 -0.0229297349692198 0.0494509626302653
v -0.0487628903516487 0.0255634667225901 0.0079333976000533
v -0.0485020604319416 0.0259801385705145 0.00199994021281734
v -0.0462677915483468 0.0297255956442897 0.00199999865330759
v -0.0480548244404466 -0.0167865768048189 0.0491938244731614
v -0.0495690468795072 -0.0120506460878855 0.0479275126473416
v -0.0472325374059563 0.0289438341794055 0.0176651883647176
v -0.0458347638137325 -0.0160479970414641 0.0602872320945434
v -0.0513727653464808 0.000854126740713576 0.0461346794783768
v -0.0503082003375551 0.020807919558706 0.0380843906532737
v -0.0515229057180239 0.0192399300059694 0.0183569840709049
v -0.0452887666533424 0.0321476936605347 0.0175616942146042
v -0.0463726510173241 0.0298661936849465 0.010198046225353
v -0.0340385243139005 0.0447646332212253 0.0173961032018936
v -0.0466065731658068 -0.0124860170300452 0.06154933434242
v -0.0495851177814955 -0.00748252060303428 0.0521523344780728
v -0.0504007365465006 -0.00920607874081865 0.0464072626887128
v -0.051699551529448 -0.00369648464143688 0.0427837436769066
v -0.0488557618367135 0.0261116543536267 0.0296576742904408
v -0.0506048302962303 0.0217558326924781 0.0137251090915849
v -0.0431203907030739 0.0341606914812176 0.00200002310052462
v -0.0390713466911467 0.038727412997319 0.0020000920183936
v -0.0505231831105838 -0.00339301807672494 0.049641190849814
v -0.0389484754439789 0.038973613702351 0.00668185189332399
v -0.0472747076911923 -0.006788950727382 0.0635998681873112
v -0.0470471259866558 -0.00934068558348685 0.0626731277404771
v -0.0481214773329768 -0.0116617276520642 0.0556297885858315
v -0.0526769745496598 0.00508447632004753 0.0367907277466939
v -0.0365488372024413 0.042911498779547 0.0191349755420914
v -0.0418695835351297 0.0359130866248965 0.00866166203480224
v -0.0500365447244827 0.00132946923197504 0.0534374515688989
v -0.0521193805608298 0.00237578194866075 0.0415499871622774
v -0.0481388930647329 0.0276397739878351 0.0244843302409873
v -0.0430566919656843 0.0367566860447079 0.0263019831560109
v -0.0373971006856021 0.0424458002497455 0.0208659986958057
v -0.0372662982955662 0.0424843979816651 0.0204361002049722
v -0.0379552832702861 0.0407154103953677 0.0144214021543845
v -0.0427003046266672 0.0355473003786665 0.0152389729714623
v -0.0315009124986627 0.0459454719883476 0.0131520104448793
v -0.0490892518515313 -0.00281561671982076 0.057056433177223
v -0.0473283034415183 -0.00400753822533333 0.0646153972011343
v -0.0518212977389708 0.0131564696172671 0.0375780045037417
v -0.0419989591390132 0.0371711581087603 0.0202160808395725
v -0.037522501404826 0.0425124978457583 0.021753100192105
v -0.0347215898024685 0.0442454842274161 0.0176792327088289
v -0.0359294853524238 0.0424764444870557 0.0134362845472332
v -0.034736382929913 0.042743596224258 0.00578346276767262
v -0.0321965880946092 0.0446922322058929 0.00575809307564587
v -0.0255219371872711 0.0492258768701736 0.0102076118393031
v -0.0471452538562143 0.00111416200945166 0.0665370658069014
v -0.0491280172215107 0.00493704516581351 0.0579327406451238
v -0.04992155246612 0.00859659797854886 0.053512359704546
v -0.0515061009338631 0.00771677476800746 0.0444808368873409
v -0.0504320513360495 0.0122078095628067 0.049178461376314
v -0.0508681449845109 0.00549762124946077 0.0489763345798179
v -0.0518299180605287 0.0104431107168696 0.0405941484735724
v -0.0411896063121501 0.0405697552732438 0.0316615172104198
v -0.0370070702506516 0.0426101190758475 0.0198478135500592
v -0.0353793531198949 0.0437545058782142 0.0180568206744607
v -0.0359908706845898 0.0433032465732868 0.0185368597089456
v -0.033325414359747 0.0453032468564088 0.0171964034319728
v -0.0297023908115393 0.0463087473889726 0.00199991716258413
v -0.0494208287577152 0.024016467317571 0.0388377225658806
v -0.0455416579796009 0.0350523508700952 0.0444838580977054
v -0.0455352653815916 0.0340874746273282 0.0351798414771294
v -0.0374528012248997 0.0427751010036079 0.0226072999252237
v -0.0375118992288736 0.0426204008768415 0.0221890988456659
v -0.0396592459158773 0.0393219357880522 0.0168499253649281
v -0.0374838999476162 0.0424539996135091 0.0213083992606014
v -0.0274108977449488 0.0497311528832214 0.0188433318843693
v -0.0278414761012466 0.0493664320699929 0.0183628234633172
v -0.0244657950595219 0.0493464198109569 0.0053491819385622
v -0.0244770715130033 0.049278179944795 0.00200014929473066
v -0.0475937042923195 0.0296105996606369 0.0418222201953332
v -0.037347397863551 0.0429719974926418 0.0229987999871641
v -0.0372012994318915 0.0432039005338279 0.02335559897075
v -0.0384175582583799 0.0421965299055761 0.024400105154512
v -0.0319060378095652 0.0463545051286859 0.0170404516076941
v -0.0309480049249235 0.0470585291000045 0.0170870568509313
v -0.0294663247585377 0.0481322955757618 0.0174368168986555
v -0.0158298850246547 0.0527290056780955 0.00457756816422414
v -0.0188179347183274 0.0517014439768773 0.00200019306689069
v -0.0476747479809511 0.00926659608036449 0.0640071690676994
v -0.0506870698030209 0.0185045875198116 0.0401523476805013
v -0.0466153462242636 0.0318415716623913 0.0487758059328242
v -0.0370410299962534 0.0453533222074815 0.0306391224867301
v -0.0364664375081714 0.0441726659795797 0.0243036294511639
v -0.0369225732179906 0.0435920459719296 0.0238254549244317
v -0.0502821568336607 0.0167891249033261 0.0465546724225281
v -0.0359026111088114 0.0448012304722993 0.0246576661320552
v -0.0399835808578828 0.0410566842319818 0.0272644826636206
v -0.0379336914881989 0.0456794974428533 0.0348152510490585
v -0.0352851703326743 0.0454404567456149 0.0248803267282174
v -0.0351436651838501 0.0464065399824117 0.0278401238208981
v -0.0346521950963398 0.0460420240601451 0.0249840835112911
v -0.0271813993785966 0.0499672990299626 0.0192640996888854
v -0.027023199341673 0.0502271976271159 0.0199405993534491
v -0.027073799958666 0.0501103986029989 0.0195905990245059
v -0.0270355989701543 0.0503122012992463 0.0203032004765451
v -0.0257747726341764 0.0508422355910642 0.0195584348687879
v -0.0278781571713505 0.0485521916623675 0.0144143809136514
v -0.0204401160678244 0.0512118812379572 0.00656366054198904
v -0.0106214282522778 0.0541626463645112 0.0070314149663281
v -0.046010966315621 0.0117437641305382 0.070723949282081
v -0.0466070574535348 0.00696476999003963 0.068791566741655
v -0.0474137392473136 0.0201026252634239 0.0614672028690456
v -0.048892262230242 0.0136973277398053 0.0571121150900696
v -0.0439463769507479 0.0387836090002152 0.0451347333535239
v -0.0426887040729371 0.0411809673641411 0.0441961539343859
v -0.0272979096927219 0.0503804560665691 0.0211558616648049
v -0.0236698607280139 0.0509254734756326 0.0150790276360729
v -0.0202590222598833 0.0524361680648594 0.0151606031098827
v -0.0221243812414027 0.0508836272906453 0.010327767349904
v -0.0139328908786278 0.054377595609928 0.0148251733222938
v -0.0425988649741074 0.0392166218336687 0.0345732412955185
v -0.0438294661679244 0.0375733031874907 0.0366349845386672
v -0.0307556942681444 0.0489344511419291 0.0241085490411099
v -0.0292879522750988 0.0497056011176354 0.0232504116762337
v -0.0321215085956121 0.0489140626285813 0.0274255474487197
v -0.0271097005804698 0.0503622990020602 0.0206650993824355
v -0.0246918084168778 0.0526677283793457 0.0240489332217961
v -0.0159780360912228 0.0544229361171371 0.0175843551549832
v -0.0175359375580565 0.053022890097882 0.012865773114582
v -0.0114263368079141 0.0548787291002565 0.0141870441469466
v -0.00786603597105969 0.0545740078112339 0.00646613663510672
v -0.00430459240143173 0.0554888496811207 0.0117967694223649
v -0.013397527559157 0.0537570144141395 0.00935861726793757
v -0.00383250849137069 0.0551498296450869 0.0083648830645185
v -0.00671329473972415 0.0545839021820455 0.00200030063464566
v -0.0441235890062847 0.0314901575858115 0.0715766831135001
v -0.0340187989022111 0.0497015629030421 0.0344068288563155
v -0.0312604561911425 0.0519600461730357 0.0340339571080962
v -0.0274785601911274 0.0515792172049167 0.0256523800868009
v -0.0223387251271595 0.0525907638834998 0.0197464409527233
v -0.0150016384571426 0.0558861891354734 0.0221971566484014
v -0.0189602501177734 0.0539809863124574 0.0198175586055765
v -0.0083717208347086 0.0550572226556273 0.0118873889694946
v -0.0454131503683375 0.0158504765663191 0.0724633468881991
v -0.0491417896194362 0.0193513105954684 0.051978724778174
v -0.0443991971522755 0.0326586358399998 0.0686733856348681
v -0.0483730163788872 0.0262867318178702 0.046300454892953
v -0.0410533761742707 0.0440037017165793 0.0437400480268885
v -0.00284233473407478 0.0561808521409149 0.0156777870131034
v -6.11960203932972e-07 0.0551632146128301 0.00714529010328747
v -0.0394833451624962 0.0473700415930894 0.0465897274034531
v -0.0258027737780789 0.0534687291055464 0.0282414716875224
v 1.01581738082158e-07 0.055714661872805 0.0124687866314772
v -0.0464485910583608 0.0182844247307387 0.0672439992298782
v -0.0447004688225587 0.0202583163173876 0.0744064582644449
v -0.0444496413070794 0.0346145957421979 0.0655146524567607
v -0.0488724734886189 0.0231190467673756 0.0488935176530439
v -0.0437503708060753 0.0393167874369748 0.0598665313452512
v -0.0163913197876965 0.0580917844602819 0.0297640592657612
v -0.0196473743100309 0.056454612542959 0.0284352799109679
v -0.021528275202328 0.0542286436059636 0.0242257243195387
v -0.0182089782906554 0.0555468599003517 0.0243215853500012
v -0.0113348762765183 0.0567719178623285 0.0223217508422937
v -0.00900501737732413 0.0564575070934562 0.0196072566597032
v -0.00669413929743762 0.0560871834437441 0.0166969537728216
v -0.0311345953985771 0.0556164334204107 0.0421204669299617
v -0.0287197486597359 0.0539079296460472 0.0341198250475565
v -0.0227776108806372 0.0558014872118505 0.0303038147023958
v -0.0146124843967153 0.0574173169415306 0.0266377044475592
v -0.0110504196349439 0.0582724871127504 0.0268037816106428
v -0.00367562650869136 0.0576008843421746 0.0219806111161274
v -0.043990245968322 0.0242627257646014 0.07627771624302
v -0.0333868034172032 0.0531086239268945 0.0412789424968002
v -0.0260347066215867 0.0556945713826744 0.0342224083642123
v -0.0202546003403979 0.058741579381938 0.0345143519077967
v -0.0371310665354644 0.0495703283793412 0.0431305607453608
v -0.028867448966188 0.0575423116041211 0.0421822173405688
v -0.0236301901125123 0.0588734062267831 0.0380980885453949
v -0.0169286575109814 0.0597036355800122 0.0338987514250259
v -0.0066844013888151 0.0580654466584605 0.0242517380211114
v -2.82588040868286e-07 0.0570420125788008 0.0195256821172159
v 6.615351674028e-09 0.0593151213381792 0.0270399705982215
v -0.0431938869537295 0.0284262647086475 0.0783332792297017
v -0.00889795346786197 0.0608886876503679 0.0324028872161458
v -0.013128338088207 0.0594361262149492 0.0309038229829708
v -0.0074253602156336 0.0592713156505388 0.0280285862528849
v -0.0146392822718783 0.0619215429889819 0.0370645775557031
v -0.017973780230274 0.0613228255214663 0.0379147744644856
v -0.00377325565502226 0.0617713318369248 0.0332535944896878
v -0.00355438973260549 0.0597033599085362 0.0283070069929881
v -0.0322519682589483 0.0573709482542221 0.0478705231576296
v -0.0257930842982292 0.0587690608478555 0.0403433991891876
v -0.0220576035516502 0.0618298449703348 0.0420694751574961
v -0.019465487015274 0.0629042074925265 0.0418273126670574
v -0.0106093583119805 0.0668992906756866 0.0439878804090348
v -0.0422637676686702 0.0330034859552205 0.0807575490901422
v -0.0444266190135495 0.036329741709015 0.0618898072416378
v -0.0430849818195785 0.0415889164450267 0.0564047160058159
v -0.0418985402159724 0.0447938991011558 0.0571770617996813
v -0.0393733559688926 0.0520731534345495 0.0629727751842266
v -0.0412460109312984 0.0459353578254134 0.0542108888727973
v -0.0389868273067443 0.0521200697395197 0.0594228679070725
v -0.0398690728872482 0.0482404370254187 0.0519604224273468
v -0.0373410052655417 0.0521493579711915 0.0506798688170343
v -0.0354821040746104 0.0540715741946203 0.0489352334528736
v -0.0346300892242029 0.0574256615916126 0.0536088782487315
v -0.034138973039263 0.054843111600509 0.0470216859797756
v -0.00937013493396052 0.0628805444490796 0.0366926520311985
v -0.0122462797035365 0.0628692493691471 0.0377634606265248
v -0.0036615453773392 0.0652291685664103 0.0398813924219893
v -0.0416036164402159 0.0415686061627735 0.0782849324132889
v -0.0298447117989206 0.0625936374978661 0.0525150324587144
v -0.024626496628825 0.0617206008347743 0.0443571572521964
v -0.0338472083096089 0.0612761960638427 0.0586545268001885
v -0.0298055012567606 0.0600521662819654 0.0482390959209406
v -0.0171935759366997 0.0646019489034583 0.0431483564567188
v -0.0269375921725278 0.0609537908221687 0.0457629513942535
v -0.011192477989365 0.0648374915531847 0.0408034203767012
v -0.00542900186935815 0.0641388506262269 0.0381534053798004
v -1.25673108219834e-07 0.0620959797033084 0.0337984815135937
v -1.92618681140817e-07 0.0651262089954427 0.0395539729396856
v -0.037515576090316 0.0567098582526335 0.0634653926611231
v -0.0374355829335251 0.054410746967553 0.0569838943261528
v -0.0360557503389777 0.0560525717723547 0.0552861342887699
v -0.0213203797939338 0.0644020647316718 0.0456692119165686
v -0.019872543889153 0.0666080474866626 0.0478946816646751
v -0.00762248813832215 0.0671641886123087 0.0436343466423225
v -0.024055329545096 0.064633069977916 0.0484075349180206
v -0.0186319440163985 0.0688310324661957 0.0501672465316821
v -0.0134694042398915 0.0668045192926121 0.0447769751077076
v -0.0412800526332849 0.03754853745814 0.083366570993515
v -0.0315133922208836 0.0619994946867348 0.0546212221394206
v -0.0228439676125954 0.0669079035466641 0.0505679536483894
v -0.0122714775665521 0.0699641763426929 0.0488231245691376
v -0.00326080566434256 0.0694293811299799 0.0463965860069561
v -0.00394595265881828 0.0673552438462852 0.0433804383118352
v -0.0426219953010536 0.0339963316769232 0.0783728492623675
v -0.0405353298663652 0.0408300450258697 0.0854033138140295
v -0.0400164006646787 0.0430476283345907 0.0868530701059161
v -0.0418619392396082 0.0429245186688492 0.0740084855107556
v -0.0323155701387923 0.0622728527574357 0.0566755408791704
v -0.0264026777505279 0.065177819166084 0.0516761529816057
v -0.0410721590875357 0.0476386424681854 0.0676990136273425
v -0.0380484974820507 0.0581721538713845 0.0775747803395663
v -0.0402162550341435 0.0501826878596248 0.0649186730775533
v -0.0360364868632749 0.0629913867341425 0.0717046244806507
v -0.0373249492647142 0.0601815716881706 0.0742826370682723
v -0.034543327215091 0.0653291851581078 0.0690298959084623
v -0.0189125272874717 0.0721678196154286 0.0545086960231804
v -0.0157836411345683 0.0696292131477034 0.0497634138964843
v -0.0119105165024733 0.0755796788130782 0.0555369804307003
v -3.2925952783273e-07 0.0679860844913264 0.0441864085751829
v -0.0395082040241022 0.0451710400319618 0.0883070434263264
v -0.0415963744760375 0.0452681583478719 0.0707872494134176
v -0.032701379819929 0.0675756245648357 0.0665817618389034
v -0.0358780837980346 0.059014699034065 0.0609523081566622
v -0.0233072149014353 0.076519033092581 0.0632462710906653
v -0.0246955523335441 0.0693629517548625 0.0554930294567414
v -0.0216706725581588 0.0771213678168955 0.0624434784998712
v -0.0302071098936999 0.0706250130245468 0.0652666077330721
v -0.0400557471799316 0.0448189032490802 0.085398284672239
v -0.0281486132409737 0.0669130146448394 0.0563083986273021
v -0.00842581577392345 0.0709810017575109 0.0492255937481166
v -0.00430314792015078 0.0719119070788056 0.049842363972015
v -0.0389912343250689 0.0472835217278415 0.0898235569188693
v -0.0218594348760078 0.0699393733604401 0.0537756036123126
v -0.0199063192328891 0.0777192172917908 0.0617565983141229
v -0.0177433952448506 0.0787705314434211 0.0615771734361982
v -0.0130382819912223 0.0726617632956418 0.0524977284856648
v -0.00628747637299882 0.0793484431650848 0.0585698211512754
v -7.10955900469851e-08 0.0717480613645609 0.0494764696923687
v 1.21618659089655e-08 0.0763992724627429 0.0551430086387021
v -0.0384686729654226 0.0493729997566423 0.0913987288311408
v -0.0363570033828098 0.0589874559867213 0.0969163157735098
v -0.035822677556664 0.0653311148584393 0.0843164976466484
v -0.033156215403463 0.0695621281215082 0.0732629357294082
v -0.0312794775229813 0.0719753338700095 0.0711441620183551
v -0.0265463733699987 0.0755357278391193 0.0661935195432561
v -0.0251817623112705 0.0747529400567808 0.0630119875890317
v -0.0153575275385934 0.0799773764615357 0.0616753236574979
v -0.0153423823712236 0.0743608458110511 0.0553465212431582
v -0.037425748167357 0.0534220735708913 0.0946889125997816
v -0.0379474527102538 0.0514152783584167 0.0930165925692783
v -0.0277560570592573 0.0724396167895293 0.0633853138226573
v -0.0290383243030688 0.0740620998875337 0.0688148200031782
v -0.0095859568286102 0.0794703421115064 0.0591914342524535
v -0.00793376081584939 0.0793980565801707 0.0588262477779482
v -0.00755800941829372 0.0756745843066005 0.0547673652745627
v -0.00227108196867077 0.0792856571237979 0.0582795539882879
v -0.00456458226819531 0.0793121439372279 0.0583988042533665
v -0.0307622489162781 0.0749533159668757 0.0779814777229396
v -0.0127853003266761 0.0796956700154627 0.0602910244399825
v -0.0142347138918629 0.0798334461487815 0.0610112087202547
v -0.0112378790325402 0.0795724299645636 0.0596863912116052
v -0.00313637398623588 0.0754808394130886 0.0541564102286902
v -0.0369112446104462 0.0553636203252467 0.0963991858869973
v -0.0375040314159391 0.0597563670630083 0.0829345341860979
v -0.0286938113266126 0.0766122249526043 0.0739378689094364
v -0.0266523336622346 0.0777405483035631 0.0707653894104349
v -0.0201093829398743 0.0808946695723841 0.0663077741941562
v -0.0188948712744968 0.0805648919813742 0.0647243023352853
v -0.0163727585291993 0.0801138040397966 0.0623813853625643
v -0.0176477875341227 0.0803176295686308 0.0634458348874933
v -0.0364006451576809 0.0572542907911332 0.0981700174919511
v -0.0374523467394935 0.0593073205804686 0.086079602999696
v -0.0225817239452516 0.0820240583563444 0.0719337819829483
v -0.0232274359488318 0.0788603332893486 0.0666674211621116
v -0.0379892504664683 0.0565346615791031 0.0868617723838588
v -0.0360476329315987 0.0617417269555846 0.0959637888678061
v -0.0332413457354607 0.0723342357799218 0.0940600687102958
v -0.0325444743213552 0.0720727576597173 0.0785152969096162
v -0.026550845580902 0.0808240678722257 0.079509181987289
v -0.0256191952015643 0.080093054173298 0.0740676058664708
v -0.0243907435002015 0.0789767486085734 0.0687017797968884
v -0.0210968828701182 0.0812322777234264 0.0680549129533414
v -0.0219065281322632 0.0816128459212303 0.0699046462050532
v -0.0358869350875859 0.059126424212909 0.100032781808836
v -0.0285594922626136 0.0789871570694347 0.0818609726013025
v -0.0230441665714051 0.0823715608781983 0.0738248138019856
v -0.0346659376919437 0.0655273556963954 0.102632922620335
v -0.0349038049227643 0.0626489804093031 0.10388979828604
v -0.0328385114780405 0.0724688230648164 0.0838345195986065
v -0.0353901788132602 0.0609133080934001 0.101925445304987
v -0.0309639491670445 0.0756778700125703 0.0828848388146272
v -0.0238963993512902 0.0832981895663259 0.0785517302479208
v -0.0234503517273738 0.0827631633856196 0.0758371038175276
v -0.0334841974045892 0.0709212332012983 0.103405413700519
v -0.03276891188095 0.0734742714433172 0.103381474985596
v -0.0347127236117563 0.0680572375344366 0.0939037257305445
v -0.0278412674849946 0.0838108714563215 0.100523700553394
v -0.024358242205719 0.0840876605193105 0.0826914217466543
v -0.0343124598045847 0.0647422731352843 0.106444639568523
v -0.0337639890514917 0.0666665345430412 0.109038104659957
v -0.033637016259797 0.0709345026850448 0.0848611499772708
v -0.0311187182116799 0.0776068550883201 0.0988237537706549
v -0.0302363236195675 0.0786827561553707 0.0937813946504579
v -0.0333411425350355 0.0681547656322704 0.111214553314122
v -0.0246875988389346 0.0848803948265237 0.0868208537961351
v -0.0342899478758142 0.0680174663360992 0.10135144513805
v -0.0250086518002606 0.0859622936108207 0.0924708375527522
v -0.0334106229228391 0.069462603268119 0.108980429716846
v -0.0329515889372326 0.0695477857541797 0.113420208243574
v -0.0296990492262162 0.082110641551526 0.110335585989008
v -0.0324993908591709 0.071193238991651 0.116271709287054
v -0.0319873720708336 0.0758116302830371 0.102151771586721
v -0.0320940085032435 0.0727196990090685 0.119237807708134
v -0.0314243279824188 0.0777695385120177 0.112788838607322
v -0.0318156287413327 0.0738236664126003 0.121609416866092
v -0.0305465248104966 0.0803705212391062 0.112827328305826
v -0.0306218241016163 0.0809893142955914 0.122026910140509
v -0.0313471138921284 0.077786682297588 0.120385383358924
v -0.03157270629169 0.0748478753526248 0.124040161280926
v -0.0313711718163381 0.0757873637425753 0.126528617891775
v -0.0286857442106516 0.0834002029135788 0.105927077548346
v -0.0272856516252688 0.0836431812425747 0.0954114475381795
v -0.0292240896249397 0.0864602308021445 0.130145859789568
v -0.0252985445715816 0.0876128206935651 0.101255734981841
v -0.02567460330558 0.0915720740354354 0.122794960674756
v -0.0309881654160884 0.0789894369470464 0.130513471428004
v -0.0307155449528502 0.08088178751882 0.128041964887635
v -0.0296355032257254 0.0862852092172542 0.136084285316967
v -0.0307517193834848 0.0817703139386266 0.136880543748724
v -0.028191064785621 0.0897848809558564 0.135467377257331
v -0.0275341862246207 0.0893822739411394 0.126382824933913
v -0.0265810222942902 0.0905637199305668 0.124349412522851
v -0.0270131112557703 0.0918773615685707 0.135098603328349
v -0.0257417460737735 0.0937069484507986 0.134775739875978
v 0.0366563192757301 0.0618028179898236 0.0731174854982461
v 0.0244844904284669 0.0770860073621728 0.0654981270693661
v 0.0271402852131366 0.0729335083156794 0.0631841779533585
v 0.0279189565497874 0.072339726857699 0.0635686204529862
v 0.0222798618164692 0.07439146769662 0.0595664703942879
v 0.0331565395037117 0.069560809368772 0.073260596247153
v 0.0300819848459519 0.0493071664279594 0.0237532122339335
v 0.0320022024511803 0.0481432069508021 0.0246133947831378
v 0.00618420015236296 0.0793455448892973 0.0585630373977936
v 0.00191596402229452 0.0792854559581262 0.058267145046581
v -1.17902279080168e-07 0.0763866884323959 0.055128655095503
v 0.00461664785556543 0.0793169868145077 0.0584005476891872
v -2.71701004141772e-13 0.0792824980776954 0.0582524003479093
v 0.0233280895651562 0.0743980018556574 0.0605320320904545
v 5.38811081476694e-07 0.0550344536818321 0.00200009970180467
v 0.0115039411223545 0.0537928256289781 0.0020002815425333
v 0.0160246115321382 0.0526392746126821 0.00199998608045311
v 0.0165126878802625 0.0526332955218867 0.00680762281326302
v 0.0217291596145373 0.0505524899687068 0.00199989713914922
v 0.0354497983578642 0.0425698300621702 0.0108609513745989
v 0.0284091879783011 0.0489165064189625 0.0179372034682958
v 0.0291044165394217 0.0477800060559814 0.0144644525394338
v 0.0479950000048807 0.0268667483285055 0.00200000354275099
v 0.0293714043638545 0.0496658708974903 0.0233069802081515
v 0.0548402468523335 -0.000611578799152856 0.0131634759568391
v 0.0549787419666638 -0.000994638983280098 0.00599612421923598
v 0.0495774958377152 -0.0239455638689052 0.0146573322342932
v 0.00722744206575815 -0.0529941569344522 0.0317486778255847
v 0.00283803481784389 -0.0522865529592367 0.0396905867824572
v 0.0110296148204146 -0.0535162004787586 0.0198531146380354
v 0.00449940179662259 -0.0547418470365893 0.0101046615815611
v -1.03446996511799e-14 -0.0550000021979219 0.00200000005029142
v -3.51280975616523e-12 -0.0512077983198813 0.0468052987723358
v 0.00198916457803927 -0.0511880729081919 0.0467791472350251
v 0.0304066476134964 -0.0458061796619113 0.0248770261210868
v 0.029212254377926 -0.0465438281027123 0.024918594771953
v 0.0314311452635126 -0.0451470975917487 0.0247163059253326
v 0.0324871123026216 -0.0444278818869325 0.0243922392042226
v 0.0332305982731898 -0.0439090383669209 0.0240263710016078
v 0.033813382674455 -0.0434835580702826 0.0236215288127617
v 0.0343493178259738 -0.0430846875216515 0.0230970135383975
v 0.0338461652283487 -0.043407204522032 0.00200013206526342
v 0.0522098529589961 -0.0166590135546251 0.0200473345060497
v 0.0541841561902137 -0.00905849112439559 0.0123640091188846
v 0.0218212432007216 0.0742963982903282 0.0590586909862155
v 0.0206836811300292 0.0771641415991463 0.0616582171248298
v 0.0293678355358283 0.0709025992996419 0.0640203044409982
v 0.0298617680401709 0.070292761840834 0.064043602406004
v 0.0284160648640383 0.0718973933481272 0.063773183589283
v 0.0289042417949984 0.0714168234597866 0.0639262781159666
v 0.0326068692071695 0.0740314929031256 0.102737528769578
v 0.0309943251834592 0.0786713940202143 0.13742664149195
v 0.0169284973235021 0.0597041720218032 0.0338998317591883
v 0.0080329699508928 0.0656786546331953 0.0413280045689343
v 0.0239184735584603 0.0743296949342716 0.0609933571295435
v 0.0245278006525087 0.0741675554029454 0.061483135935296
v 0.0261152827862963 0.0756517184752596 0.0656955301978693
v 0.0261875310647298 0.0735000579021867 0.062625727147779
v 0.0253581659788306 0.0738835541780998 0.0620788917970905
v 0.0282970939957259 0.0501232136013392 0.0224442216207633
v 0.0288436574002287 0.0499042969218432 0.0229199691209204
v 0.0284569760011816 0.0504977654554456 0.0240365857473779
v 0.0278093249840444 0.0502799216595316 0.0219232993888117
v 0.0227997372418704 0.0550619910271028 0.0283303794637983
v 0.0307024617336144 0.0456961494901153 0.00500671554341803
v 0.034133675676577 0.0431346622898883 0.00200001611560547
v 0.0271745988613088 0.0503745999103508 0.0208570989774816
v 0.0270721999465186 0.0503437992108516 0.0205085999404952
v 0.0309829425592067 0.0487957921148293 0.0242118569267126
v 0.034013050779409 0.0466066513969014 0.0249975131825168
v 0.0346480823759423 0.0460466806729141 0.0249853575605447
v 0.0515236805783886 0.0192379630527358 0.0183504052083849
v 0.0548377173802774 -0.00476857822905685 0.00200006617419274
v 0.0549991006776899 -1.94463988088381e-14 0.0030110899151618
v 0.0547362702771372 -0.00492628839031714 0.0101459508356612
v 0.029818942103857 -0.0460274544501134 0.0275303324118927
v 0.0340266629898553 -0.043399709238119 0.0184702962233805
v 0.0345254011185755 -0.0430075106842633 0.0190273407319037
v 0.0280110308227461 -0.04724281548166 0.0248259989583641
v 0.0104239208156486 -0.0524345252118745 0.0330165244709732
v 0.0131331064596825 -0.0515891637297913 0.0359772100453702
v 0.0106102495876645 -0.053934204117935 0.0103555431137485
v 0.0148530291798781 -0.0529614898645552 0.010626290687331
v 0.0182268429198824 -0.0519215490239519 0.00813652649961725
v 0.0242979576968116 -0.0493631575398938 0.00199995348416373
v 0.02050357266135 -0.051041743508539 0.00199999679066248
v 0.022732702507093 -0.0501593600922972 0.0122422377636528
v 0.028830454971706 -0.0468343374095639 0.00200006035342678
v 0.00293468025472734 -0.0549345562994214 0.00199993765168031
v 0.00782324076839008 -0.0544689509018752 0.00199983427487684
v 0.014088079949735 -0.0532008881896542 0.00199998957291269
v -1.6383113166279e-08 -0.0549416194496694 0.00881941317425489
v 0.0241213062974522 -0.0494484443340805 0.0185555923307927
v -5.73910435226103e-08 -0.0545477445152168 0.0177394799648341
v 0.0322041355325851 -0.0447547798286061 0.0174381673163585
v 0.00350170900668859 -0.0542591611834065 0.0209807245959179
v 0.00722421410178669 -0.05441848439533 0.0120751026181481
v 0.0080940265261973 -0.0536878804783259 0.0236794831526395
v 0.0228846477817453 -0.0499790970240742 0.0194599922122063
v 0.0208480409343236 -0.0508878927479417 0.0170470006678924
v 0.0252225877667388 -0.0489362988858758 0.0180160026695728
v 0.0379670812643977 -0.0397982811972888 0.00199999492801737
v 0.0138076745612696 -0.053130271588335 0.0155382637186736
v 0.0221408861397012 -0.0502570372017397 0.0204867436628026
v 0.0224614101098166 -0.0501414451716524 0.0199307366476043
v 0.0265769915302774 -0.0482426200454848 0.0120737903846698
v 0.0263494414907077 -0.0483595569053397 0.0176071539311002
v 0.0274799459990875 -0.0477460463103797 0.0173176616284774
v 0.0286134400528649 -0.0470937554442794 0.0171376891328911
v 0.029824343774669 -0.0463578392634285 0.0170719601123342
v 0.0308249939793726 -0.0457007055200484 0.017138553400221
v 0.0313103825306066 -0.0453139533404873 0.0108395179173458
v 0.0328385599068133 -0.044296066217958 0.0176864970247485
v 0.033447648582288 -0.0438422141110408 0.0180225312406749
v 0.0349126226847037 -0.0427008298925875 0.019703816182081
v 0.0039701116315251 -0.0533859792339962 0.0305206284555652
v 0.0220171003337855 -0.0502777982441089 0.0212672999963023
v 0.0220265998238343 -0.0502873983169935 0.0209401003061212
v 0.0233723068973654 -0.0497765902479761 0.0190510820064452
v 0.0315409817202174 -0.0452173565652073 0.0172571536021571
v 0.035455766272789 -0.0422250879803658 0.0145587359094902
v 0.0245187798622526 -0.0488733265800782 0.0270595227839159
v 0.0238226125279978 -0.0494069147987615 0.0234780529854137
v 0.0211364212378172 -0.0503091875394622 0.0269197387191712
v 0.0186691410391972 -0.0516574557500163 0.0184430345495857
v 0.0170750223008913 -0.0515404481096472 0.0280636114314881
v 0.0224024182766138 -0.0500717710687576 0.0222773789105405
v 0.0221065985685605 -0.0502204325000851 0.021726008019015
v 0.0336423471500949 -0.0436080945221766 0.010065198650989
v 0.0384989446737113 -0.0394122778010609 0.0108180751468671
v 0.0373645826273137 -0.0406131176513487 0.019856933060506
v 0.0411690911389351 -0.0364508546192013 0.00200007478892636
v 0.0417902870076091 -0.0360164820548193 0.0202352325565688
v 0.0433395234494023 -0.0338524684193928 0.00200007711723274
v 0.0459933903963857 -0.0301825006265383 0.00200002985261314
v 0.0490390498405914 -0.0249354032814043 0.00200005523115273
v 0.0141320951849501 -0.0524803276550703 0.025736307150059
v 0.0233028823889151 -0.0496525418091004 0.0231412960631856
v 0.0228268387281859 -0.0498753812191929 0.0227521690111122
v 0.0350839003529277 -0.0425513004686398 0.020269199752751
v 0.0351465001297039 -0.0424961997010669 0.0206803004291586
v 0.0350057996435662 -0.0425919992642408 0.0219156997967727
v -1.98118480744636e-07 -0.0536770883125724 0.0289924324529074
v 0.00574549041884794 -0.0522630165756571 0.0386396116322366
v 0.0268688791945086 -0.0478706982462703 0.0246260197916771
v 0.0257304956973237 -0.0484713379635369 0.0243174987066351
v 0.0246052960022103 -0.0490299079784033 0.0238853035743839
v 0.0351548000763033 -0.0424843011241195 0.0210987995319337
v 0.0351064979633731 -0.0425172997448457 0.0215150001306459
v 0.0447681163675765 -0.0321688644848277 0.0151968129307744
v 0.0366494908187657 -0.0410344330735264 0.0267877982529745
v 0.0347816228542864 -0.0427579013386843 0.02245731974116
v 0.0270594296516609 -0.047464000862897 0.0292132285413169
v 0.0464538809704664 -0.0296486087967025 0.0174642517984453
v 0.0518182318251237 -0.0185146383528122 0.00200003404356463
v -3.6142746653701e-08 -0.0521502781178747 0.0410208879183034
v 0.0193412858394994 -0.0499941509218338 0.0355377859874564
v 0.0337233982893069 -0.0433323634416087 0.0282357384658812
v 0.0304398660263453 -0.0452330288611426 0.0317274324954875
v 0.0527331482008148 -0.0156019540741605 0.0128621530638154
v 0.0047394487878804 -0.0510523456844915 0.0468053397505282
v 0.00641444590506459 -0.0508877362857526 0.0468822148394089
v 0.00918092185599543 -0.05170979980283 0.0398512883517603
v 0.0154147871118461 -0.0508415613135353 0.0374538294049986
v 0.0224484181601911 -0.0492429722269711 0.032442758997319
v 0.0439116162677499 -0.0323925793381208 0.0312759012443743
v 0.0399399949623651 -0.0380671574607387 0.0220373789510717
v 0.0413963152156109 -0.0359356730594713 0.0295261380182325
v 0.0479151446838278 -0.0271719762569973 0.014869060966319
v 0.0122305068247654 -0.0497258853228571 0.0474677261531116
v 0.0145852534565647 -0.0501007687277926 0.0432070856569614
v 0.024941751175931 -0.0480276968770995 0.0334952577912377
v 0.0235644573666652 -0.047724361396037 0.0394307142623354
v 0.0358747980920648 -0.0410474715892796 0.0328057699023387
v 0.0387658542670496 -0.0386038488461712 0.0311728355026356
v 0.0537385518758329 -0.0118369103557564 0.00199999399669482
v 0.0536581265853771 -0.0118768128705739 0.0125728917291859
v 0.00865988879665992 -0.0505146633718617 0.0470849376823394
v 0.0110214955503906 -0.0507857080373389 0.0436103483227562
v 0.0171093694766754 -0.0481991310075126 0.0481806945462369
v 0.0181233357312532 -0.0495212774830777 0.0409013098276859
v 0.0439478074621905 -0.033178183439862 0.0239895744475072
v 0.0508628960505977 -0.0209886557387864 0.0147212489011605
v 0.0509683292142682 -0.0196318864159612 0.024945271575184
v 0.04965980612502 -0.0233907210068992 0.0217535565401564
v 0.0518856893803404 -0.0182312760152385 0.0138702221839825
v 0.0148164775636091 -0.0489646818720254 0.047807413016094
v 0.0226382310098808 -0.045625480734733 0.0492750730527548
v 0.0220718080832408 -0.0468701970531753 0.0460405339440584
v 0.0196658610627238 -0.047101261904063 0.0486489896033185
v 0.0271527016054238 -0.0428672572329514 0.0504377063265955
v 0.0276715823783375 -0.0449532074119185 0.0424738963885479
v 0.0246998122029052 -0.0460195493842768 0.0446285856225657
v 0.0209688818983241 -0.0483373765273985 0.0418233452329782
v 0.0305508908506288 -0.0436335047267345 0.040440193404849
v 0.0266527546200289 -0.0465672825299072 0.037510219122986
v 0.0346473633949307 -0.0400613053129327 0.0421813083697563
v 0.0336300350659337 -0.0418021408810738 0.0386508657339767
v 0.0294798866775661 -0.0452717942311219 0.035702875948633
v 0.0366536929461284 -0.0397261633040129 0.0362742348848082
v 0.0329136133287789 -0.0431453501475157 0.0345070242619434
v 0.0493572827572244 -0.0231408210886834 0.0279910222889999
v 0.0479874004128417 -0.0266761326787744 0.0240811867844793
v 0.0395453861457401 -0.0368035762726466 0.0362730092643274
v 0.0460242544258186 -0.0299279962496166 0.0260482592273893
v 0.045941392795562 -0.0291650698520604 0.0313964069322555
v 0.047725434279619 -0.0262425275241767 0.029764401992461
v 0.0254290023722726 -0.0439846282306775 0.0499646950521015
v 0.0295424212617635 -0.0427013141803155 0.0463310544267806
v 0.0360194436605404 -0.0376121318874036 0.0460600656406566
v 0.0319556698511023 -0.0412332443617309 0.045622791075197
v 0.0387186064112503 -0.0356947361895133 0.0434498367432541
v 0.0405765762796278 -0.0344630956397263 0.0405344208955521
v 0.0532973098762941 -0.0111729723697983 0.023262915612841
v 0.0421606739872549 -0.0337147481654272 0.0361371181278575
v 0.0441664633713714 -0.0302106377435337 0.0382200284700089
v 0.0459027056566772 -0.0278291658797305 0.0365278302909174
v 0.0474970441871058 -0.0252711022212113 0.034905052894986
v 0.0528488221872868 -0.0116041924073357 0.0271725108361428
v 0.0549786339332476 0.000994625362687749 0.00599611444034916
v 0.0295971103847676 -0.0409980779663163 0.0511644545682269
v 0.0397838680494462 -0.0330193109880546 0.0475048710218473
v 0.0373300231099873 -0.0380889764855291 0.040375865093413
v 0.0510458264266149 -0.0172814927857783 0.031275428132517
v 0.0486815858927021 -0.0221326867759375 0.0359999715685851
v 0.0544445763279972 0.00805466138449333 0.00199998980574333
v 0.0549832383919535 0.00185060590094466 0.00199999050423524
v 0.0547983559638636 0.00305105156896152 0.0121267425911111
v 0.0337735220691524 -0.0389148658756574 0.0481484260823929
v 0.0419497070770782 -0.0314624786795126 0.0440772314948462
v 0.049884143101779 -0.0207289434061438 0.0314926162773531
v 0.0540943766960275 -0.00332530231233015 0.0238497009757973
v 0.0544861282150575 -0.00409993659854082 0.0179025862089711
v 0.0547051752797109 0.00534000887706863 0.00920862497668061
v 0.0542480337415337 0.00846327077306958 0.0124667600736001
v 0.0315580398241128 -0.039344090088962 0.0518127332967654
v 0.0334185428898366 -0.0375923058928784 0.0524885158429626
v 0.0351654693074797 -0.0357645183258243 0.0531860354575656
v 0.0365651800506154 -0.034182007591829 0.0537881764667889
v 0.0439325002446962 -0.0276236490691386 0.0461163734022593
v 0.0467333708688614 -0.0242496891114933 0.0415746225064705
v 0.0521484713521203 -0.0149117630367334 0.0271513344239145
v 0.0524963985570587 -0.0108198586295578 0.0315059677174843
v 0.053419905451986 -0.00551633990146957 0.0292349600217873
v 0.0539467173677678 -0.00737186318549829 0.0217966134444636
v 0.0540632183686676 0.00616638488323134 0.0217412221042539
v 0.0384507394183267 -0.0317082956796524 0.0546912426943054
v 0.0379093280901915 -0.0347853108915994 0.0486146759551463
v 0.0413726447215835 -0.0297138851944983 0.05057869738537
v 0.04801645395123 -0.0199800613526989 0.0440454398681497
v 0.0543560708830646 0.00152121352822603 0.0214506531927589
v 0.0533152359728097 0.010857981386975 0.0237822061676784
v 0.0535911570431785 0.0122185467805295 0.0112632231131966
v 0.039790130262298 -0.0297271192879877 0.0554065021409131
v 0.0411013765386935 -0.0275698204881742 0.056184484298874
v 0.0525262046040705 0.0156396493545255 0.0198426670616269
v 0.0523699473059941 0.0168495435226813 0.0110657519981469
v 0.0532028812199194 0.0140081519855229 0.00200003241375016
v 0.0530646357000335 0.0132791778829879 0.0203289198801908
v 0.042193601827467 -0.0255651710428635 0.0569065722024462
v 0.0443956804783123 -0.0247359493806377 0.0507034685305476
v 0.0499023299686096 -0.0187071818402297 0.0360576949404695
v 0.0525771181454415 -0.00648700012295701 0.0351805343811094
v 0.052871140400966 -0.00229272217953084 0.0352918684044808
v 0.0538990895323666 0.00267280911640508 0.0262599637450286
v 0.0442577441575143 -0.0209345980524737 0.058555929544063
v 0.0513150792274985 -0.0139393607764091 0.0353784515996623
v 0.0518621269197293 0.0183345280214879 0.00200002542883101
v 0.0433612418913569 -0.0230825519617825 0.0577887060242435
v 0.0461965490982714 -0.0224269046091983 0.0478517886731374
v 0.04508843544673 -0.0185860540288826 0.0593886846440579
v 0.0490048516764159 -0.00483073190232972 0.0565938676164925
v 0.0503623213538015 -0.0147301244050983 0.040060973762103
v 0.0499515224259013 -0.0111137989286976 0.0469587919050725
v 0.0518974463962596 -0.00273089151313402 0.0419034538737657
v 0.0495387602700576 0.0238809002813499 0.00200007688440211
v 0.053528032000482 -0.000362835699964266 0.0304393426230697
v 0.0518206234614418 0.0131611662769059 0.0375787719135261
v 0.0529970142320473 0.0077341541781839 0.0322401367372244
v 0.0474541213932463 0.0284979951717411 0.0169257350208073
v 0.0506386671072549 0.0214467323248076 0.00200002100504888
v 0.0457379062681374 0.030553751873514 0.00199998491629992
v 0.0475515340070835 -0.0173197831812552 0.05081430336503
v 0.0457812053163086 -0.0161592248940643 0.0602421188300374
v 0.0475096393933234 -0.0145042647159638 0.0550387340402886
v 0.0491139393497874 -0.0153832227278527 0.0460118156817894
v 0.0482658956587493 -0.0113487147983452 0.0552361706964037
v 0.0499013204149613 -0.00754703471331975 0.0504778202516327
v 0.0514040130808059 -0.00946914569729998 0.0403513787608285
v 0.0497411962656416 0.023684748850359 0.0304671612277516
v 0.0503079954465933 0.020807591733167 0.0380891254971372
v 0.0488557543861331 0.0261116469030462 0.0296580486821074
v 0.0471185845035637 0.0296992112763406 0.0244873663525127
v 0.0424421271135933 0.0350270971277264 0.00199998072534843
v 0.0506043497337925 0.0217570191974117 0.0137313061118579
v 0.0466895763570916 0.0292110734609278 0.00762906513819698
v 0.0431939987124359 0.0353640421771104 0.0189822218794624
v 0.0447814342800958 0.0320624776468621 0.00747180108043996
v 0.0519971128106769 0.00216744276506957 0.0424115052280238
v 0.0511108960708037 0.017194516572479 0.0379722966706984
v 0.0428768312288044 0.034656803280336 0.00838622804612901
v 0.0411652540900134 0.0366436085855159 0.00765405112533157
v 0.0465024401284215 -0.01300729782118 0.0613613301211298
v 0.0471015338502487 -0.00906121058625269 0.062777979758874
v 0.0508729915870809 -0.0048783271414416 0.0470327873446169
v 0.0365452385720934 0.0429138159100609 0.0191304604903506
v 0.0389486132797169 0.0389732747009415 0.00667827421773357
v 0.0472883385280897 -0.00614644899264472 0.0638294503726933
v 0.0508678320601329 0.00549266288818434 0.0489788938541957
v 0.0524245004559054 0.00482378842702987 0.0390087357384994
v 0.0509698752097075 0.0104224856475931 0.0468223233486192
v 0.0425977809146548 0.0375314234748914 0.0269590368056512
v 0.0459011894635596 0.0329596057617757 0.032481483389106
v 0.0448000905334935 0.034152007829726 0.0269099244420992
v 0.0452892732928116 0.0321469858553938 0.0175635363706156
v 0.0372666000440736 0.0424844985645009 0.0204372997484215
v 0.0396587802546004 0.0393228447588647 0.0168526168871086
v 0.0370077743305023 0.0426101935816518 0.0198479811881189
v 0.0379035129121656 0.0408092281041472 0.0146890595997335
v 0.0312783748370776 0.0468150590327002 0.0170556805940938
v 0.0387045695177194 0.0390807195213281 0.00200018468498771
v 0.034735205738205 0.0427445387226824 0.00578288814165693
v 0.0306831200268171 0.0456575778352271 0.00199986105040026
v 0.0473223802300762 -0.00285710341430228 0.065044155753162
v 0.0494197633247137 -0.00186735864745771 0.0558071608288475
v 0.0495640363641677 0.0218248474190048 0.0448580895768533
v 0.0375119998117094 0.0426204008768415 0.0221894005941733
v 0.0375227994280433 0.0425119986568695 0.0217520999516822
v 0.0402907235855453 0.0406159712236535 0.0269794979621582
v 0.0336882986048994 0.0450288308032869 0.0172868478904624
v 0.0327078730007741 0.0447884639027319 0.0110752663893566
v 0.050363178170551 0.000445404429277684 0.0517046104735595
v 0.0493572604054831 0.00778559112283021 0.0565791936983348
v 0.0518304209747078 0.0104416680982337 0.0405911682414002
v 0.0420472687025239 0.0366802766171041 0.0177359614282259
v 0.0353792264600276 0.0437547033185956 0.0180568225371058
v 0.0359934299589677 0.0433020135022255 0.0185383628635474
v 0.0359105832298719 0.0425009121931891 0.0134942929038191
v 0.0329749725839133 0.0455617968985043 0.0171303577617476
v 0.0322461270038908 0.0460952584573202 0.017052361360512
v 0.0244564091908247 0.0493523094947871 0.00536522722918032
v 0.0269688454947882 0.0479706403321636 0.00199995418265564
v 0.0255216671037305 0.0492261190140376 0.0102085655135982
v 0.0485630061798622 0.00435432735411097 0.0605541081602698
v 0.0488497492183062 0.0257457321343038 0.0408464400281063
v 0.0467963841528515 0.0318204269151298 0.0429364544986981
v 0.0374837993647804 0.0424541001963449 0.021307698906041
v 0.0373974992916552 0.0424455990840739 0.0208664997473396
v 0.0345656901322528 0.0443664779283154 0.0175983808726434
v 0.0295180522758208 0.0480944391765949 0.0174191180448431
v 0.0289554254199101 0.048507365245208 0.0176439169575889
v 0.0504789415639882 0.0161934677617224 0.045681371263831
v 0.048844984572121 0.0214973944090892 0.0515215273606436
v 0.0384274079257089 0.0421832939494415 0.0243907937916191
v 0.0374527006420639 0.0427756001924967 0.0226078996969484
v 0.0372024989753408 0.0432034013449391 0.0233561000222839
v 0.0373479007777301 0.0429722992411492 0.0229987999871641
v 0.0302288916655881 0.0475770112668652 0.0172151360538199
v 0.0279131916631793 0.0493083100920555 0.0182989291481913
v 0.027472217884536 0.0496747221870416 0.0187591626772472
v 0.0307924181790858 0.0458935190910065 0.00869343596637019
v 0.0275438347262781 0.0476821017038358 0.00525049713811657
v 0.0470495362494251 0.00226984191269039 0.0669760614564405
v 0.0466106337321414 0.00687342773660815 0.0687561764846106
v 0.0477673773221519 0.0286493294987981 0.0288444602002697
v 0.0364637776509578 0.0441769463380369 0.0243063395997955
v 0.0369268871040598 0.0435858061108191 0.0238194478939597
v 0.0271517889093211 0.0500040452926453 0.0193231548520217
v 0.0470265437582169 0.0176472995211045 0.06470378343678
v 0.0485237453462843 0.0163454298001806 0.0577967489258181
v 0.0359039931914812 0.0448000532805913 0.0246573979111597
v 0.0352976761319267 0.0454280105510059 0.0248769404394118
v 0.0398860751117903 0.0431897146286885 0.0347044497421879
v 0.0351461238753921 0.0464001809120144 0.0278272473552693
v 0.0270353996671278 0.050185098122394 0.0198009996905699
v 0.0270235998103712 0.050280897685568 0.020152799334687
v 0.0204377821735046 0.0512127641317382 0.0065632461034526
v 0.0461740669718227 0.0105159922946397 0.0702207072774907
v 0.0471343648329153 0.0127549373487771 0.0657467901912304
v 0.0496956806697923 0.0106013675644689 0.0541037197238865
v 0.0433935252563618 0.0399277387575571 0.0450437356894373
v 0.0441981320634907 0.036499078501037 0.0344426288952836
v 0.0331652827598468 0.0473018240786687 0.0249088382368794
v 0.0322079576803459 0.0488668855532961 0.0275028509459752
v 0.0266204954694104 0.0490170967053532 0.0132272873842577
v 0.0273972147539884 0.0503735791808318 0.0213308720738246
v 0.0236692888959659 0.050925827378203 0.0150793936458365
v 0.0189572587097306 0.0539828862104672 0.0198207213769692
v 0.0202605161012596 0.0524355459413935 0.0151605034583694
v 0.0221246401490727 0.0508833776962009 0.010326702848225
v 0.0159771867250537 0.0544238562638203 0.017587121182968
v 0.0114095888344292 0.0542005064889682 0.00936460474063594
v 0.0138272900768977 0.0533215615155951 0.00536019110247065
v 0.00856430995693121 0.0545100557541097 0.00702840027522146
v 0.0445373271881647 0.0358833401825282 0.0619211369323476
v 0.0483722564196833 0.0262902708435746 0.0462976721011622
v 0.0437638302796228 0.0395693099595021 0.0570388311809562
v 0.0260348928860975 0.0556945415803527 0.0342226058045937
v 0.0257867773818948 0.0508317600749791 0.0195422559333833
v 0.0175354756220699 0.0530229720542667 0.0128658550709667
v 0.0114248681122468 0.0548794704330093 0.014189570825035
v 0.0139330380275913 0.054377752072117 0.0148259770536577
v 0.0100532414007209 0.0561069572842063 0.0189186386260694
v 0.00783245527373737 0.0552911820570122 0.0130498369101471
v 0.00383125353422944 0.055149971206115 0.00836520250815445
v 0.00671500092264271 0.0545838127750803 0.00200030016898438
v 0.0455138002593717 0.0152046313836137 0.0721804557998376
v 0.0413533477182688 0.0433488217737795 0.0430864644850835
v 0.0424873819391275 0.0414704335897324 0.0437292744875861
v 0.038873865331549 0.0472043853878001 0.043139426936073
v 0.037933572278912 0.0456792739254404 0.0348142079677982
v 0.0341753393223438 0.049599806600814 0.0345416955379763
v 0.0370407580500676 0.0453533408339326 0.0306382358676589
v 0.0286546510758705 0.0516884129117045 0.0281695679984338
v 0.025804593582349 0.0534680324762761 0.0282423340922072
v 0.0223386655225161 0.0525906707512444 0.019746055385186
v 0.021528793017668 0.0542290012338243 0.0242274640300692
v 0.042187093745461 0.0399194239097967 0.0347606233933428
v 0.0317651287071755 0.0507131654609784 0.0317848876464764
v 0.0246777920124431 0.0526783938852318 0.0240604853467535
v 0.0182080227537152 0.0555477278929719 0.0243231257575052
v 0.014999151825924 0.0558869639958382 0.0221975105509718
v 0.0113352851271195 0.0567713888711179 0.0223201061266637
v 0.00284167349506158 0.056180680777565 0.0156765930575894
v 0.00430319308929464 0.0554890098686 0.0117973319411874
v 8.28208736398623e-08 0.0551060127815757 0.00572315963231415
v 0.0446177785556521 0.020753217397186 0.074631644607373
v 0.0287187484193132 0.0539079892506907 0.0341181598428303
v -1.0956958117933e-07 0.0554508591715061 0.010588092492787
v 0.0488815520208733 0.0184378712973477 0.054373177415732
v 0.0434869369085078 0.0326166629951452 0.0744892044107048
v 0.0445274365426434 0.0322459593658311 0.0682749360440313
v 0.0360046579836763 0.0493795972456134 0.038978087775899
v 0.0232121045169512 0.0573091531401324 0.0343537211190077
v 0.00635226894872788 0.0563491905551592 0.0177915613846877
v 5.36562696937329e-07 0.0570428433185188 0.01952904232899
v 0.00366567812117168 0.0574513735446779 0.021411757437622
v 0.0444149402287249 0.0378278969713775 0.0459965829700995
v 0.0412442563196071 0.0459395040734229 0.0542122337025649
v 0.0398680968612118 0.048242865914639 0.0519629779764344
v 0.0163905933561046 0.0580921681651741 0.029764333074592
v 0.0196467261095334 0.0564553836780335 0.0284367141477008
v 0.0333869524288118 0.0531086537292162 0.0412793783557554
v 0.0288676333680537 0.0575412238193782 0.0421804515530068
v 0.0179746724372805 0.0613238686027266 0.0379173896182167
v 0.0146133440074324 0.057416735796257 0.0266366706795244
v 0.0131267473892851 0.0594370016581498 0.0309050933069342
v 0.00741584303045633 0.0577322231740015 0.0235096490343738
v 0.0312822975676742 0.0571893738838432 0.0455999699473388
v 0.0310871482397512 0.0539339806005221 0.0384124993142672
v 0.00742372434756785 0.0592716509266581 0.0280290351503558
v 0.011050239889691 0.058272773960097 0.0268044130473342
v 0.0437791822005997 0.025379223181772 0.0768145380136101
v 0.0371324337169734 0.0495683875031391 0.0431300354794405
v 0.0369542232836589 0.0523470032435587 0.0497518245186249
v 0.0394275775679747 0.0473442476836394 0.0462212403218171
v 0.0348071187405192 0.0554352725572458 0.0500099945811183
v 0.0248609999225813 0.0600413517644707 0.0416633812711377
v 0.0202537006828109 0.0587428310794503 0.034516277882838
v 0.0088953383141309 0.0608897754351108 0.0324045151679699
v 0.0270251327672947 0.0600121156868618 0.0441957590536231
v 0.0224432847102745 0.0617941157118809 0.0423423973692418
v 0.00340617184364416 0.0592702800198589 0.0271652148552563
v 0.0194666865587233 0.0629033059722944 0.0418266607412697
v 0.0100288537883271 0.0627175033975214 0.0365718930235827
v 0.00351949377500657 0.0613775612105982 0.0323275543974141
v 1.06807246879822e-07 0.0593175800297213 0.0270466723953186
v -6.12796981672463e-08 0.0620943182238724 0.0337949871913719
v 0.0410719355701228 0.0476395924171903 0.0676978736885367
v 0.0439975587130144 0.0385871520954267 0.0591200204390283
v 0.0426274416753482 0.0428052311508684 0.0559486287247696
v 0.0393733894965045 0.0520731199069375 0.06297283478887
v 0.0355774901305705 0.0565536195810082 0.0546875919098945
v 0.0312682122453706 0.0604567104475943 0.051538984070592
v 0.033863897609773 0.0547416235191764 0.0460597154633764
v 0.0294102498275735 0.0617117793475447 0.0504452984680541
v 0.0445578237349287 0.034276302137756 0.0651624188163336
v 0.041596400553069 0.045268039138585 0.0707875772389566
v 0.0374342902578204 0.0544157388564414 0.0569906892555053
v 0.0386172971438481 0.0499736394739089 0.0504171576257685
v 0.0146397050923177 0.0619224854874063 0.037066619014741
v 0.0180423125317178 0.0654794782665497 0.04505988109723
v 0.00495665136821608 0.0634271637329356 0.0367375529541622
v 0.032674807324824 0.0602161386560774 0.0539456258577341
v 0.0270739005415018 0.0630232975701259 0.0492827955793709
v 0.0111940528558035 0.0648378491810453 0.0408045118867342
v 0.0429608924025103 0.0296845820616655 0.0789870974647902
v 0.0421666232757285 0.0334609739453877 0.0810106304062017
v 0.0411885632308899 0.0379590420881133 0.0836132522609848
v 0.0261702550313568 0.0688164144273913 0.0563881831678409
v 0.0247299889162933 0.0634919763320996 0.0473408911971548
v 0.0213192324045475 0.0644034654407927 0.0456705232187243
v 0.0186320296980734 0.0688312485330282 0.0501676227859939
v 0.0142584197761473 0.0647151828248394 0.0418652920008013
v 0.00366324504099988 0.0652281701886326 0.0398798650530011
v 0.0417051231479995 0.0412190212036893 0.0779443589312354
v 0.0210727001486863 0.06735151855607 0.0497794177432488
v 0.0234266719201209 0.0657713920078124 0.0494841177131805
v -1.57899091158901e-07 0.065124465559622 0.0395510262351254
v 0.0389879262673578 0.0521170001003823 0.0594206215570728
v 0.0358769587603896 0.0590198771874642 0.0609590099537594
v 0.0283403874559617 0.0674663394510828 0.0573581965858147
v 0.0276194990958389 0.0678732156483864 0.0569679575346121
v 0.0212147231128504 0.0729415400413834 0.0569623956763209
v 0.0222785132614113 0.0697498231437106 0.0538712802409094
v 0.00836372263661658 0.0677489027139053 0.0446543124767919
v 0.013038960925364 0.0671330749884314 0.0450981808059324
v 0.00394428279747932 0.0673555493200829 0.0433808555443393
v 0.00348913685070422 0.0700103699413613 0.047244625972704
v 0.0375916055383179 0.0592941479542677 0.0838300716020896
v 0.0353319115490044 0.0641718939504357 0.0703446327817894
v 0.0302234546045191 0.0665431007770509 0.0590976388954154
v 0.0307219226496986 0.0664403200200137 0.0598525019023008
v 0.0298935727053831 0.0653022364086911 0.0566840121891198
v 0.029014126680476 0.0670851081516206 0.057849286693723
v 0.0269103882407314 0.0683389737828314 0.056636116132823
v 0.0402150368642431 0.0501865509855779 0.0649222195538382
v 0.0375169581729858 0.0567044193289193 0.0634591192724007
v 0.0338991835586913 0.0611828849945325 0.0586290942438894
v 0.0296492905248119 0.0667705744481712 0.0584259429925842
v 0.0246740704475182 0.0698363318330878 0.0560965562739248
v 0.0254239061752582 0.0693177714351327 0.0562077748132994
v 0.0237768752773808 0.0704829975109631 0.0560544269668811
v 0.0178872510518005 0.072585752474091 0.0544665778920074
v 0.0200668587520678 0.0713021664775433 0.0542063700957662
v 0.021107699250258 0.0737301020235555 0.0578257987389162
v -2.47816353894149e-07 0.0679864942732501 0.0441870642262608
v 0.0401839195150756 0.0423464281332552 0.0863793025975085
v 0.0360062710343394 0.0613395110963402 0.0968662255212763
v 0.0417037708676514 0.0434717079221081 0.0745345486432042
v 0.0372953928121469 0.0606994689844675 0.0811329540357078
v 0.0311533988009383 0.0665265977413976 0.0608816990059234
v 0.0309993990287323 0.0664585962938094 0.0604582005636796
v 0.0254006156608328 0.0675466343563811 0.0538454341773964
v 0.0225149630193051 0.0714909641856494 0.0562064895881752
v 0.0230511570784939 0.0710429756855309 0.0561087044453165
v 0.0215617562481371 0.0724433495303249 0.0566082658631742
v 0.0210882998014624 0.0732913000891076 0.0572853001068838
v 0.0160375997564735 0.0695597290346096 0.0497926611499638
v 0.0140664043486179 0.070395088112465 0.0500331062816134
v 0.0122049634410823 0.0748820809673807 0.0548301252388181
v 0.0075411496861023 0.0703956096530951 0.0482724260924959
v 0.0110010474323994 0.0709648936026204 0.0498039115264137
v 0.0035227839047585 0.0741612745636426 0.0526147994559675
v 0.038911293322341 0.0476063181249881 0.0900618562833549
v 0.0394252157339783 0.0455135320384762 0.0885480324503474
v 0.0367491944860852 0.05770415311223 0.0954804622647062
v 0.0316228785003082 0.0659981578737917 0.061051099127879
v 0.0313484997000885 0.0672854021053307 0.0625004009343594
v 0.0312676012977753 0.0666441008453653 0.0613078982835732
v 0.0313657999478478 0.0670266956010463 0.0621267990292579
v 0.0313390002100397 0.0668113961783493 0.0617264011116385
v 0.0220134160217627 0.0719488098036773 0.0563662486590538
v 0.0212060003458115 0.0739065019658254 0.0581112006728828
v 0.0214204243253079 0.074113225770447 0.058511423501862
v 0.0155234193684889 0.0741310028553539 0.0551568965206244
v 0.0310514990750369 0.0682635962606171 0.0633968026176809
v 0.0312881984273751 0.0675834998283507 0.0628408999106086
v 0.0311876994105947 0.0679121970851982 0.0631405995084211
v 0.0210664006829324 0.0735229982393319 0.0575469011616654
v 0.0383933028937888 0.0496705871149028 0.0916295925163568
v 0.0303620838292971 0.0695625453540123 0.0639491961013705
v 0.0307970729292097 0.0688058718560823 0.0636989311047137
v 0.00818217061797904 0.0739125667382957 0.0528226669246852
v 2.50506330075777e-08 0.0717471449431679 0.0494752477971781
v 0.0378738968549548 0.0517007995016701 0.0932496169228192
v 0.0398776410547431 0.0454445657407223 0.0859862099740011
v 0.0378009556725412 0.0589128421490012 0.075716970658668
v 0.0362793199059524 0.0638520181808178 0.0802437719648233
v 0.0316901348898534 0.068733385159075 0.065724989792891
v 0.0336681820377373 0.066461636130625 0.067770673309922
v 0.0292400450429314 0.0733319728076771 0.067820182416882
v 0.0227948030949803 0.0744240341836812 0.0600633421526102
v 0.0117921677576267 0.0796085429279097 0.059887370618715
v 0.00784823187779872 0.0793931317465063 0.0588108660546496
v 0.018574721696048 0.0805025008208501 0.0643526673834174
v 0.0177532840277268 0.0787383300348009 0.0615421333564341
v 0.013658363998122 0.0797717851451396 0.0607063346943333
v 0.0154258922019776 0.0799818170074723 0.0617147521291356
v 0.00736386871269648 0.0762612281085286 0.0553874435561721
v 0.0379885277601665 0.0565367216645921 0.0868648122206744
v 0.0340436503132366 0.0686057641668828 0.0760430974652671
v 0.0276381162336893 0.0744623972223173 0.0664094448147093
v 0.0170580163510589 0.0802146103930198 0.0629276246668184
v 0.00982057467504064 0.0794806462642416 0.0592532032895117
v 0.0373554668421571 0.0536894972542793 0.0949184277299397
v 0.0368450424780319 0.0556104878572273 0.0966242530206385
v 0.0343515790771344 0.0690316393442839 0.0957466268000015
v 0.0284586710082295 0.0770604891241987 0.0743956251204991
v 0.0311195433634626 0.0722898452217176 0.0712981655158512
v 0.0220391130736671 0.0816766675931971 0.0702932833814632
v 0.0363383136018002 0.0574829453792517 0.0983915083469858
v 0.0348594069139796 0.0663318321183668 0.0988510303456105
v 0.0346362732059601 0.0686309694804788 0.0862496550474393
v 0.0350047677381766 0.0669326841771756 0.0781239328207686
v 0.0299407944841509 0.0770358649558763 0.081731041929177
v 0.0321486287083787 0.0731894283028829 0.0802733060656494
v 0.0217898427294978 0.0790216905097296 0.0651916697951033
v 0.0203793062929967 0.0809802245874663 0.0667317271218063
v 0.0195165998596715 0.0807294007972772 0.065483099248638
v 0.0308623735413919 0.0742886198843589 0.0761623738073772
v 0.0230838334616165 0.0824093129692391 0.0739203078913619
v 0.0266902068252074 0.0778053907050487 0.0710026531442406
v 0.0212603690938572 0.0813070368474649 0.0683748781299245
v 0.0323928140314044 0.0744952542820153 0.0959374138130825
v 0.0285592985475224 0.0789868962991196 0.0818589683951668
v 0.0235241795288585 0.0828393306693595 0.076159982171059
v 0.0241964714781242 0.0792964306631002 0.0689820631820992
v 0.0226719858645207 0.082080623162972 0.0723249821590263
v 0.0353353350907121 0.0611204565811063 0.102153924804466
v 0.0358311488666133 0.0593278432042641 0.100240548694717
v 0.0262037845059387 0.0814051460905723 0.0802053195192221
v 0.0333624921732588 0.0714832751866452 0.0844912137577411
v 0.0241971047774607 0.0837800931085636 0.0810852852221142
v 0.0348578907208621 0.0628117085364832 0.104081062136269
v 0.0292078138319895 0.0811346304163057 0.0980610527531567
v 0.0308176849599704 0.0763859433743529 0.0855224485951114
v 0.0238720471291535 0.0832667332157488 0.0782817510154452
v 0.0342729866294645 0.0648800418180226 0.106622149647277
v 0.0337265387089583 0.0667960926861453 0.109220673682824
v 0.0249328589081873 0.08564704465165 0.0908084416953822
v 0.0245537230844712 0.0845254640759807 0.0849693622074418
v 0.0276312933646602 0.0838556866976103 0.0990175359170689
v 0.0265615744167218 0.0850973184757545 0.0974995621107616
v 0.0310008910074635 0.0774988589249816 0.0956832447122802
v 0.0333129942421695 0.0682583510519941 0.111372453465183
v 0.0324558980959085 0.074458254699598 0.0992101557729358
v 0.0305463143315994 0.0803708043611625 0.112825786035677
v 0.0329259850175835 0.0696394427946343 0.11357161893908
v 0.0336609102712372 0.0683877303811679 0.107874286743828
v 0.0333380915223493 0.0708474948067787 0.1063770702546
v 0.0324795313370337 0.071265427665441 0.116404694697156
v 0.0320065647660223 0.0730586706163296 0.119930488170747
v 0.0321383357315142 0.0738315863795978 0.116994244225452
v 0.0323796563063643 0.0743269084171906 0.109857340681761
v 0.0316797115278313 0.0743887780370846 0.122919333213881
v 0.0315282114253597 0.0773942378745781 0.111635049172452
v 0.0307655830510207 0.0803469103497222 0.120323588244835
v 0.0252713238759791 0.0874178017507996 0.100227577234188
v 0.0309962995872733 0.0789196175578332 0.13031536049436
v 0.0314877584989129 0.075360117658375 0.125357803880621
v 0.0296992317654368 0.0821108129148759 0.110339646555342
v 0.0285382711469027 0.084519652623245 0.110605580122644
v 0.031279213027376 0.0762444046979168 0.127855461958301
v 0.031172299060845 0.0768344981185841 0.129729998192266
v 0.0313471772220621 0.0777865332859794 0.120383684626586
v 0.0307150606651222 0.0808845144312575 0.128044185160603
v 0.0273237166406877 0.0914038920833802 0.135181409079252
v 0.0310906965786812 0.0773749185195221 0.131614175477307
v 0.0296078224567814 0.0863624493845761 0.136070740161745
v 0.029224024432361 0.0864603872643336 0.130145666074477
v 0.0310251389214742 0.0780297202312274 0.134245258549334
v 0.030751583410392 0.0817711782059566 0.136880394737116
v 0.0281908468561434 0.0897853205401018 0.13546752626894
v 0.0269089875316105 0.0903340110853174 0.125788521935302
v 0.0257471104916834 0.0937117615257567 0.134775143829544
v 0.0256477979798365 0.0910782942679917 0.120034513174716
v -0.0297758013805199 0.0494706396131826 0.0235756276493752
v -0.0317732610157152 0.0483163770664554 0.0245661469273385
v -0.0195617243000482 0.0497920651035301 0.0227865050110257
v -0.0271531318764437 0.0503732737070342 0.0208208723927839
v -0.0184650994435305 0.0502125982147626 0.0213087997292995
v -0.0187627315052736 0.0500999305374942 0.0200202963496678
v -0.0191548332015837 0.0499524611990355 0.0195677574075515
v -0.027023199341673 0.0502271976271159 0.0199405993534491
v -0.0217485627886232 0.0488813136022996 0.0180440969457307
v -0.027406798063067 0.0497335109919276 0.018850182693075
v -0.020319260202663 0.0494912590945237 0.0187188028830557
v -0.0278321051337103 0.0493672702602913 0.0183712388939133
v -0.026460550134021 0.0465001378990685 0.0171315647557773
v -0.0245380414753103 0.0475492913823739 0.0172839365761592
v -0.0285448220697461 0.0488089721916107 0.0178481951091842
v -0.0296776437086397 0.0479787279372208 0.017358786969808
v -0.0317049056655566 0.0465017062462491 0.0169931236581551
v -0.0196203380162941 0.049771948536368 0.0191762331312247
v -0.0271082402667055 0.0500482458610486 0.0194431632136591
v -0.0270355989701543 0.0503122012992463 0.0203032004765451
v -0.0184914689103188 0.0501938004003367 0.0205622552954646
v -0.0184317003541062 0.050224999705889 0.021000599019216
v -0.0274846696670803 0.0503539320002369 0.0214813048806495
v -0.0186031661494861 0.0501568529719824 0.021712332478635
v -0.0189485247668211 0.0500306773923937 0.0222153211634907
v -0.0279291321800102 0.0502440098618571 0.0220657097831582
v -0.0205776891728265 0.0493846859920474 0.0234223114679237
v -0.0286449113046029 0.0499890472742389 0.0227669584132666
v -0.0216346769414545 0.0489299956948317 0.0239018159232628
v -0.0334757670728323 0.0470548336121111 0.0249568553651082
v -0.0253422049729036 0.047118848999169 0.0248039862184826
v -0.023137524206843 0.0482464049403434 0.0244063915817501
v -0.0341363988637243 0.0464999963380403 0.0249991001561485
v -0.0264585999445934 0.0465000298656522 0.0248660104379204
v -0.0264574991213348 -0.0464999963380403 0.0248650996044628
v -0.031590554157111 -0.0450422716503833 0.0246825417574672
v -0.0315072268655775 -0.0432392609885506 0.0232368125043032
v -0.0351616806873308 -0.042484811488879 0.021097195794496
v -0.0324573286073511 -0.0425361161857227 0.0211866456004982
v -0.0339508905868783 -0.043461336714149 0.0184036600946562
v -0.028560019391179 -0.0452408631464652 0.0173031926012816
v -0.0305149585638581 -0.0459074963798939 0.0171017531208302
v -0.0318676784962194 -0.0449944836275028 0.0173326764106897
v -0.0295839005056646 -0.0464999963380403 0.0170802991744809
v -0.0264574991213348 -0.0464999963380403 0.0171348988905199
v -0.0273398955760923 -0.0459874448332022 0.0171516459326823
v -0.032777342212707 -0.0443412092847857 0.0176580097304729
v -0.0296392508676819 -0.0445409369943832 0.0176000162750479
v -0.0333827614773197 -0.0438943979763752 0.0179838962558531
v -0.0306032013758305 -0.0438854125763762 0.0180519666213103
v -0.0312225997919757 -0.0434443009619949 0.0185002997107737
v -0.0317204773786561 -0.0430847992803579 0.0189990080371721
v -0.0344428039839241 -0.0430755382088829 0.0189203559848587
v -0.0348408102652254 -0.0427568657080045 0.0195573247323038
v -0.0321457565096228 -0.0427694050348688 0.0196579466836613
v -0.0323996499389492 -0.0425792028923516 0.0203900518926221
v -0.0350952587627939 -0.0425474522438475 0.020292743586911
v -0.0350243478635476 -0.04258229115794 0.0218777539906408
v -0.0323050424686441 -0.042649648130321 0.0219536623667107
v -0.0347093522241116 -0.0428187800313811 0.0225915549861292
v -0.0319685705311175 -0.0429008109219196 0.0226561366172998
v -0.0342677265196806 -0.0431496081542317 0.0231908629121438
v -0.0337343990713124 -0.0435430360538584 0.0236849202137086
v -0.0309668865583792 -0.0436279503190236 0.023704973450937
v -0.0328950502076365 -0.0441499230828159 0.0242162080656839
v -0.0300955001988527 -0.0442365807838018 0.0242185363720684
v -0.0273864188629448 -0.0459609133162896 0.0248499674756087
v -0.0287709378725829 -0.0451081608584195 0.0246553788038631
v -0.0292799000602987 -0.0464999963380403 0.0249142995123349
v -0.0302313801594519 -0.0459190857577534 0.0248937862017649
v -0.0460492436725821 0.0961373650400942 0.251373106583064
v -0.0451543060283151 0.0979700960672638 0.249257693083785
v -0.0466109243047782 0.0943245196120933 0.267381393893479
v -0.0469113689606337 0.0948804148685851 0.264255070740244
v -0.0469574209982739 0.0955788769816125 0.260581874983418
v -0.0472110201296733 0.0939216443764808 0.26215654025622
v -0.0466830310221835 0.0963769608055747 0.256618732438563
v -0.0461709973326853 0.0923505330305439 0.271153741974672
v -0.0462070767684195 0.0938876846308791 0.269971245453404
v -0.047157677699082 0.0945342236488871 0.25900780575705
v -0.0449348938852206 0.0931048446944775 0.275065356305271
v -0.0459413331909186 0.0972953342505855 0.252313369833379
v -0.0437476029154455 0.0912478173245244 0.278855883802714
v -0.0421615717821967 0.0908421630224114 0.282250696072339
v -0.0436935042509404 0.0989115365092871 0.245087618118056
v -0.0449473326292491 0.096999114073834 0.247510099839193
v -0.0436467071552571 0.0977885328727556 0.244048813490969
v -0.0408022953390567 0.0905816460270823 0.28469418843029
v -0.0413446566161968 0.099062299004296 0.238744149236139
v -0.0388302645348703 0.0902882794226357 0.287774526601109
v -0.0412217145885149 0.100270060443804 0.23940199078466
v -0.0369558810378046 0.101281603397096 0.229625756376406
v -0.0113674427635796 0.0908272842132919 0.306340091533808
v -0.0334527969333654 0.102893901551652 0.222253228226604
v -0.0320412732949572 0.103489381741971 0.21907464670223
v -0.0328376062325182 0.104248722547695 0.222211147348333
v -0.0315533720354731 0.104770106715633 0.219417701227567
v -0.028587439389808 0.104698156460417 0.209974537566873
v -0.0282654141277358 0.105874521153991 0.211353446289447
v -0.0253793926824768 0.10614906014169 0.200636859223913
v -0.0250806504842497 0.106006537988637 0.198670293420472
v -0.0260141988989521 0.104734999580645 0.19852900061319
v -0.0252624111191393 0.0874287392028714 0.100310569249602
v -0.0240525746929818 0.0877025033302057 0.095071514806043
v -0.00151350543710952 0.0807502028178389 0.0597756119122592
v -0.0231957467676163 0.0854142810684241 0.0832042526482585
v -0.0112332615353185 0.0795730632639002 0.05968387664071
v -0.00958565787407043 0.0794725623844746 0.059189105946069
v -0.0171058993688399 0.0818068962885398 0.0650209024916387
v -0.0160406861594168 0.081608703398511 0.0640412927260706
v -0.0156788487208149 0.0800123047825934 0.0618900382096312
v -0.0182956490301571 0.0804464054007897 0.0640619680867649
v -0.0170331127859704 0.0802160558056233 0.0629041031843997
v -0.0192032992272834 0.0806499925110501 0.065085201000753
v -0.0191426272881936 0.0823308285549853 0.0676461592097694
v -0.0127737631028796 0.0811942499609097 0.0619834498617772
v -0.0062899299422668 0.079346923246677 0.0585717284998656
v -0.00456546888726653 0.0793114212309262 0.058399575388441
v -0.00340500606063744 0.0807640757986002 0.0598490038547887
v -2.71701004141772e-13 0.0792824980776954 0.0582524003479093
v -5.33772007708939e-11 0.0807479005884859 0.0597628006392091
v -0.00227233250202988 0.0792885255972636 0.0582768606034623
v -0.0228010317802201 0.0821740385404082 0.0728240294868343
v -0.0218336465544931 0.0837521832342714 0.0747672302700453
v -0.0213632932745677 0.0833943467573606 0.0729637129687433
v -0.0142418087070778 0.0798383560812851 0.0610103370023443
v -0.0127844779688611 0.0796932560274032 0.0602932894164333
v -0.0215323506698235 0.0814218875447994 0.0689924939947018
v -0.0227100192149727 0.0846663694530803 0.0793802645941019
v -0.0242731994180414 0.0839213635641042 0.0818265434691337
v -0.0247106043686586 0.0849261860938488 0.087059503337901
v -0.0247601283767794 0.103089456936209 0.180767070186874
v -0.0257279755384931 0.0927431264651625 0.129352119653997
v -0.0247498484384306 0.0946412437861892 0.132901293048979
v -0.0257362847983181 0.101467890259597 0.178802337226219
v -0.0247559951672856 0.105357719093017 0.193645353757321
v -0.0248774303150755 0.105791812260633 0.196621786133458
v -0.0258646992773261 0.104576995121458 0.196981991894946
v -0.0264649999931831 0.104923000076645 0.201584990287162
v -0.0264857107441344 0.10621813447286 0.205696742109282
v -0.0276764345688428 0.104895507434857 0.206918175363879
v -0.0273146250699175 0.106096749616488 0.20853314827681
v -0.0303671073831523 0.105209713312768 0.216712917013923
v -0.0352683394714821 0.102077966136979 0.226129556608284
v -0.00515473203387717 0.0895015949867321 0.307528250496203
v -0.0204003094792299 0.0908437872489452 0.303087227722543
v -0.0371656223275006 0.102309850551714 0.231053019365973
v -0.0171899530919654 0.0894950086736316 0.304596149073627
v -0.0273644452386104 0.0909379551350049 0.29903566168914
v -0.0331045977822413 0.0911548117290118 0.294266694167256
v -0.0354434467380473 0.0899585912385909 0.292025231748255
v -0.047100412537894 0.0934312024690699 0.264793539089109
v -0.0467528653125575 0.0928736308319812 0.267967307538525
v -0.0456403222909504 0.0934816056456815 0.272537314760596
v -0.0451972474486257 0.0917898321496744 0.274855100925525
v -0.0440719937368042 0.0927618125208819 0.277548873181294
v -0.0428603319184413 0.0923873612496113 0.28047665326722
v -0.0409138789568725 0.0919644588538019 0.284238332117237
v -0.0386279440232831 0.0916225368166905 0.287806266073742
v -0.0360147758719007 0.0913552174414285 0.291164153266754
v -0.0320119887885756 0.0897555256689606 0.295464658093497
v -0.0282810081925766 0.0896215716834026 0.298529022219873
v -0.0242893913919618 0.0895442421091156 0.301163398448451
v -0.023794121508432 0.0908754224134526 0.301317476451751
v -0.0206574290098827 0.0895095969101143 0.303088717838629
v -0.0170254461387075 0.0908295640909036 0.304537438499836
v -0.0116470155496819 0.0894931311273631 0.306388192481066
v -2.42482775101504e-08 0.0908375436625445 0.307670198954563
v -1.2554347680602e-07 0.0895038674137633 0.307799481426191
v -0.00426356578029178 0.0908355990610522 0.307515197079289
v -0.00533659744255406 0.0807967167914658 0.0600127005574248
v -0.00725493796717523 0.0808499660898018 0.0602857382531671
v -0.00793612078720071 0.079398511065577 0.0588263260090427
v -0.00913098434066074 0.0809320863873055 0.060684102162329
v -0.0109781611119623 0.0810430851345575 0.0612406642457694
v -0.0144757587952372 0.0813848656106408 0.0629181847814131
v -0.0180626898691949 0.0820228811646364 0.0660825207960042
v -0.0198203004191751 0.0808124002632718 0.0658998996190749
v -0.0200282721960188 0.0826656650901075 0.0693159832958284
v -0.0206226273486924 0.0810572784902774 0.0671536758433205
v -0.0207680123872757 0.083027010790401 0.0711149333913266
v -0.0222393399721534 0.0817967038945111 0.0708758815182176
v -0.0237657944016357 0.083122706045449 0.077707847706053
v -0.0222367602086794 0.084125613776023 0.0766374526179406
v -0.0232401485016912 0.082550017180667 0.0747363178118396
v -0.0236505003947656 0.0863935108543904 0.0882590244354525
v -0.0250663602709842 0.0862642358333427 0.0941010990567259
v -0.0243192123401344 0.0890541354778241 0.102210511962834
v -0.0255048027149263 0.0894693339734685 0.111262691514283
v -0.0246011031880731 0.0913379097430887 0.114489724163196
v -0.0257703991434637 0.104373996607052 0.195424999398924
v -0.0257371080874556 0.104126443621672 0.193875830012355
v -0.0262130995941218 0.104849000911811 0.200045998393461
v -0.0257834432471522 0.106226173649145 0.20280314528637
v -0.0269147356544125 0.104966168739659 0.203850696894883
v -0.029380691512361 0.105541495109913 0.214308882929931
v -0.0295794674103085 0.104404737701907 0.21288363159708
v -0.030687048345349 0.104017672597968 0.215803454463107
v -0.0346790916916935 0.103457105827547 0.226049522473301
v -0.0467684146739158 0.0953139641438296 0.255215937155129
v -0.0303197179663248 0.0910271981874001 0.296766691727191
v -0.0271237970786441 0.0917371267437099 0.135123234947251
v -0.0257370615213279 0.0937056967532863 0.134775963393391
v -0.025737910887497 0.10412486409862 0.193864400821975
v -0.0281723433396445 0.10029405876337 0.194539393606646
v -0.0288340200744419 0.0883898417266505 0.135712933487156
v -0.0301997505828798 0.0845345165312036 0.136393305590898
v -0.0301128935788674 0.0952795350116607 0.195423568887482
v -0.0310560215773582 0.0786693302094351 0.137427610067406
v -0.0310734782873066 0.089089570438351 0.196515481251877
v -0.00750967610605795 -0.0507175501275617 0.0469682466916387
v -3.51280975616523e-12 -0.0512077983198813 0.0468052987723358
v -0.0263419201297632 -0.0433890996115862 0.0502049762709816
v -0.0287709788507753 -0.041100329732143 0.052228352750204
v -0.0328835129838401 -0.0366962841891588 0.0549272733570499
v -0.0379591985503023 -0.0315191366183955 0.0561181555065925
v -0.0382749206213303 -0.0319528721581507 0.0545987362876817
v -0.0446100113255534 -0.0186896208221552 0.060606269673863
v -0.0446402010774573 -0.0165082007681983 0.0624376037172018
v -0.0467207570361928 -0.00871628875919542 0.0641888589220749
v -0.0473193329426801 -0.00507055723881973 0.0642224088857529
v -0.0460832592975371 0.0111932928965996 0.0704974441864167
v -0.0446235788325171 0.0206817998584705 0.0746008364572934
v -0.0454105910939597 0.015871455538166 0.0724689273729415
v -0.0413658870451332 0.0371576017776672 0.0831391643776186
v -0.0408288641088715 0.0395483440261709 0.0845937858985263
v -0.0375286146060692 0.053027945316704 0.0943549850354719
v -0.0369716650924464 0.0551362360610916 0.0961956658319607
v -0.0362821138736138 0.0576887192348684 0.0985842623133004
v -0.0356221787119919 0.0600815401953122 0.101029997295961
v -0.0350862137581514 0.0619993307739654 0.103137654741012
v -0.0346023991420333 0.0637114108269354 0.10516234997297
v -0.0341091371899295 0.0654513895783271 0.10737644641005
v -0.0336464188923001 0.0670775309113228 0.109631737106329
v -0.0333062998956528 0.0682812988397197 0.111409996939972
v -0.0329896390514906 0.0694084524495509 0.113191065642437
v -0.0325942963526932 0.0708389415404446 0.115639527537535
v -0.0322434559708065 0.0721446259585488 0.118091498656016
v -0.0320031002461221 0.0730741976259465 0.11998299986162
v -0.0317881025719326 0.0739345310494045 0.121858392912334
v -0.0323610894599318 0.070835313107775 0.117274266840348
v -0.0315412722928542 0.0749863145876019 0.124397610327655
v -0.0313170843277037 0.0760402289918023 0.127242010967984
v -0.0311060745766895 0.0762250108370565 0.130551901521864
v -0.0311655041314925 0.0768728388054789 0.129844290096068
v -0.0310569007458489 0.0776328948669243 0.132614713923304
v -0.0309984174147606 0.0782752541093109 0.135355901672932
v -0.0310351059354449 0.0786640328467491 0.137428325323127
v -0.0305790000279475 0.0757816789497069 0.135505077194309
v -0.0386378421193849 0.0487020712635954 0.0908827686857558
v -0.0380834593307204 0.0508889209280411 0.0925908887552271
v -0.0397429643628834 0.0441980352059451 0.087631380089416
v -0.0391947357536544 0.0464581054495704 0.0892211700404918
v -0.0367745562618702 0.0550093116981697 0.0971064098826108
v -0.0402921578222781 0.0418757786927576 0.0860774423313712
v -0.0421386314450516 0.0335914857627869 0.0810808595773385
v -0.0431422879589588 0.0286909167761154 0.0784663838490907
v -0.0439048883936212 0.0246982941471425 0.0764860344718538
v -0.0465732802471536 0.0072108067823022 0.0688902794817772
v -0.0469524998898996 0.00339985072464089 0.0674088060689984
v -0.0472620975838139 -0.00120710078257099 0.0656616375074914
v -0.0471914996089457 -0.00777917570741837 0.0632364810279798
v -0.0469212745073159 -0.00514322740637009 0.0655117988844559
v -0.0462962862932028 -0.0120252228448119 0.0629237131120924
v -0.046817495372501 -0.0111443574843328 0.0620249160671625
v -0.0462217283348359 -0.0143189808878532 0.060893012712307
v -0.0452982884951324 -0.0138540032017083 0.0634066001309469
v -0.0455782701318358 -0.0168982889451471 0.0599797131125693
v -0.0456457649399548 -0.0150620235488858 0.0619061575403923
v -0.0437407409308691 -0.0193601562970844 0.0613965899930166
v -0.0447790053908755 -0.0194473131869591 0.0590762929824823
v -0.0438343910015889 -0.0219613476404249 0.0581860603797571
v -0.0407114988406418 -0.0273953800485574 0.0574671091705461
v -0.0410803211983972 -0.0254810018357414 0.0591561296770841
v -0.0415010070465285 -0.0268529591667739 0.0564410413107043
v -0.0427360636874429 -0.0244513390708419 0.0573018180436979
v -0.038348886258553 -0.0300598007427204 0.057457620856368
v -0.0398409581219941 -0.0277008482582681 0.0583353923633234
v -0.0401405571369707 -0.0291819398287999 0.0556057492880728
v -0.036873555849339 -0.0320977747716511 0.0566909598553711
v -0.0355436868471578 -0.0337708473107779 0.0560558165001314
v -0.0359503097247268 -0.0349104582910887 0.053515008385889
v -0.0310173567902146 -0.0384934126177417 0.054221081266826
v -0.0292622868881612 -0.0412644846454756 0.0510591294379727
v -0.0317268364490535 -0.0392056918321773 0.0518708962528952
v -0.0271839456144587 -0.0416055163382256 0.0529691639623978
v -0.0235699540323777 -0.0451002371661318 0.0494961317741245
v -0.023217692452274 -0.0442037050976527 0.0518937881612676
v -0.0221172044698032 -0.0454161678534118 0.0504555541920165
v -0.0255718560761547 -0.0433739376804103 0.0513058591342153
v -0.0176339741580047 -0.0475503903429874 0.0495154362280197
v -0.0196385174325442 -0.0461007122821953 0.0510797600951844
v -0.0206847186233541 -0.0466256615528695 0.0488507624972441
v -0.0178862005199598 -0.0478450980519115 0.048313299976737
v -0.0154262358599999 -0.0478505965802691 0.0503098580917002
v -0.0158963274382878 -0.048602974818581 0.0479741421049652
v -0.0139225997644084 -0.0492377009413166 0.0476845007907338
v -0.0136225918988306 -0.04845425378261 0.0500448670228228
v -0.0115662233181398 -0.049044168389347 0.0497864510911751
v -0.0119465735864662 -0.0497874867218556 0.0474348616428331
v -0.0129362025200681 -0.0491583224574113 0.0487926703216283
v -0.00876304301404123 -0.0496946003356299 0.0494962398075408
v -0.00902751254228859 -0.0500969763823536 0.0483743798351054
v -0.00221698423548826 -0.0511821496967497 0.0467800040517746
v -0.00518390338456853 -0.0509808797170032 0.0468109351364314
v -0.00405610809349777 -0.0508151490059096 0.0480395507505636
v -0.0305739466717706 0.0762356577164915 0.13784868707101
v -0.0336199507053212 0.0658398553913872 0.109973346219062
v -0.0334507741007785 0.064131407496377 0.109739055266848
v -0.0348251752221922 0.0616365694633901 0.104515721547997
v -0.034556414159617 0.0602374100632062 0.104849723618111
v -0.0386127373886247 0.0465957288459904 0.0912911573508868
v -0.0399337923541568 0.0426353951699576 0.0873428638128296
v -0.0450043034925101 0.0119812495191118 0.0733733458808061
v -0.0467526157181131 0.00053396278497288 0.0677161723140737
v -0.0457366918235272 -0.0115566949570919 0.0642487690393156
v -0.0317068130141468 -0.0386178969155727 0.0532232473815251
v -0.033926270143846 -0.0371004036717031 0.0526900354171536
v -0.0340908013114903 -0.0354549578848123 0.0554243500063341
v -0.0288662252083523 -0.0403195312547794 0.0534900787437689
v -0.00460994466148446 -0.0503201994973383 0.0491859194073248
v -0.00572465626765818 -0.0501977268562235 0.0492320981048323
v 5.38237588236626e-07 -0.0505361024170501 0.0492111843255642
v -0.030659522175949 0.0750418139612279 0.132454153915029
v -0.0308437526782512 0.0762733576534693 0.13402065335168
v -0.0308093924639514 0.0741561113114044 0.129440096107719
v -0.0310387697583716 0.0730597658516528 0.12625606075847
v -0.0313393131344178 0.0743876828017613 0.126257178345535
v -0.0312798649531637 0.0720491020668508 0.12375804505293
v -0.0315540984670651 0.0709519966478954 0.121279996902943
v -0.0317013442881109 0.0720550401794538 0.121726383528269
v -0.0318033054813008 0.0699936508388755 0.119283069984248
v -0.0324683480158077 0.06918442839717 0.116070290295699
v -0.0322371118015701 0.0684083684889601 0.116347958527178
v -0.0326960452043408 0.0667773842786846 0.113623102449854
v -0.0330541983309199 0.0655193984764957 0.11171100038936
v -0.0339696287966607 0.0623107911129872 0.107333940848695
v -0.0351276799635367 0.0581963645324931 0.102603209705579
v -0.0361958994821635 0.05428899703274 0.0987408958656885
v -0.035747236704516 0.0559438491774242 0.100316715978457
v -0.0366544491800421 0.0525754380395545 0.0971884035202472
v -0.0360037639140246 0.0566400202369693 0.0997484378572902
v -0.0372772394729282 0.0502019811376493 0.0951710396594321
v -0.0379056996575219 0.0477509785946246 0.0932181009675986
v -0.0385298720330778 0.0452526499647061 0.0913463438001347
v -0.0393050900256991 0.0420527374285598 0.0890976319663755
v -0.040081235615584 0.0387109397639874 0.0869232247712487
v -0.0410827836152294 0.0360111399886507 0.0843154694665491
v -0.0408555893408753 0.0352247722024153 0.0847932006837457
v -0.0416100313899664 0.0316457517822295 0.0827599074819704
v -0.0423210626321799 0.0280951478758052 0.0808566418098663
v -0.0431552072654251 0.0236360406807953 0.0786192176054593
v -0.0448104542908722 0.0177110578631375 0.0744122324642785
v -0.0438193520049901 0.0197917293058697 0.0768050012706592
v -0.0444422056278099 0.0158951912247721 0.0750510303292193
v -0.0461434264598027 0.00763853855121432 0.0703501238595666
v -0.0454099987728155 0.00880487616051276 0.0720583780394857
v -0.0457609769904401 0.00560887517909247 0.0707727058804175
v -0.0461200949671849 0.00156822517734265 0.0691945313842326
v -0.0463289645389705 -0.00284139759075502 0.0675092994978435
v -0.0463040572485917 -0.00617168038327224 0.0662462100480599
v -0.046050990833693 -0.0092922530853991 0.0650842249747166
v -0.0424841521125109 -0.0225599328601378 0.0602287450381649
v -0.0429212851169424 -0.0230762226937068 0.0590480776343924
v -0.0252389809063308 -0.0429567424292106 0.0524149413612125
v -0.021559122467955 -0.0451304678962281 0.051499533247213
v -0.0174455527042104 -0.0470745813755418 0.050652148932543
v -0.00293308070824119 -0.0504462595929303 0.0491714056766464
v 0.0468158897724182 0.0946604960860213 0.2654719889431
v 0.0257346475332685 0.10411464190227 0.193808640678034
v 0.0469583150679256 0.0951490753483246 0.262819284286664
v 0.0465153929624997 0.0942001470729688 0.268103682962723
v 0.0289585993671734 0.105219995113762 0.21240099789796
v 0.0289835997898076 0.105414000777589 0.212842996131413
v 0.0288146988567408 0.104998995997035 0.211471999925256
v 0.0289022990561512 0.10508199546303 0.211942995817743
v 0.0448686582251944 0.0930730605183615 0.275286549137088
v 0.0284838446568587 0.104727504296732 0.209659124694933
v 0.028696899592201 0.104973000921914 0.211003999166101
v 0.028476492796619 0.105030206478458 0.210324699945941
v 0.0268748042685958 0.104967353381948 0.20367960176588
v 0.0266200298081335 0.10620133341399 0.206207136671085
v 0.00788947456577115 0.090831493791235 0.307018183759938
v 0.0415627909847475 0.098930542939965 0.239280695335253
v 0.0242586428465256 0.0887014026485081 0.100337391339152
v 0.0252212913657439 0.0871106590231372 0.098590349437512
v 0.0250187715511302 0.0860588307814572 0.0930192598770724
v 0.0239943968356911 0.087489200663064 0.0939675772048329
v 0.0236239912295943 0.086322752692043 0.0878780092028228
v 0.0247571202049306 0.0850840117391058 0.0879139433522386
v 0.0231066881170867 0.0824269261413765 0.0740909857878613
v 0.0195165998596715 0.0807294007972772 0.065483099248638
v 0.0154185394104154 0.0799734723573902 0.0617187791678582
v 0.0170663908034627 0.0802216809938482 0.0629268870593558
v 0.0146372911042582 0.0814058017416502 0.0630246163228612
v 0.0117886408391155 0.0796102118579261 0.0598838502194617
v 0.00211030938602295 0.0807519611548204 0.0597861842858899
v -5.33772007708939e-11 0.0807479005884859 0.0597628006392091
v -2.71701004141772e-13 0.0792824980776954 0.0582524003479093
v 0.00191729534788517 0.0792854634087067 0.0582671822994832
v 0.0078503711257048 0.0793970060483301 0.0588075281946168
v 0.00884487273890821 0.080916998961934 0.0606157952409432
v 0.00982604340107654 0.0794836637493159 0.0592518510091636
v 0.0170614752830237 0.0817968380049588 0.064965805449356
v 0.0159065552225736 0.0815915149094581 0.0639310539380225
v 0.0185705773106836 0.0805025902278153 0.0643464685004994
v 0.0190404854184283 0.0823026504597976 0.0674728214560563
v 0.0226690037697034 0.0820780154598213 0.0723189397382973
v 0.0224515213269403 0.0843546744207749 0.0778016356125108
v 0.0243882643195633 0.0841524358655724 0.0830437224423053
v 0.0257349269300346 0.0928100103256861 0.129687261662917
v 0.0428398167452263 0.099374299510399 0.243040913871506
v 0.040544639366613 0.100619872645591 0.237975606963584
v 0.0371159455824809 0.102336203254696 0.230945567095006
v 0.0336315475337611 0.10391279077725 0.223875651719965
v 0.032029445498524 0.104576719449982 0.220476264793956
v 0.0342598773331972 0.102536065074742 0.224001104593252
v 0.032978064574792 0.103097995301382 0.221204991164692
v 0.0247796973262798 0.105594722056508 0.195258315013536
v 0.026203998710126 0.10484499995012 0.199986989796452
v 0.0259665151841976 0.106233125040686 0.203638772585121
v 0.0276254856372147 0.104905498663214 0.206743638066717
v 0.02807869885686 0.105281276137802 0.209468658056811
v 0.0351284697250623 0.103255433516457 0.226943487816822
v 0.0360220029349182 0.101726082673832 0.227716858065496
v 0.0438832817103731 0.0976498403180439 0.244622523085269
v 0.0438804318633585 0.098832716818914 0.245522001858309
v 0.044790110481007 0.0916106605914844 0.276115679529704
v 0.0439623733469319 0.0927238667147499 0.277833723772308
v 0.041372600018101 0.0920527109789999 0.283413880689132
v 0.0361113614713101 0.0913628691875305 0.291052662781194
v 0.036759196890313 0.0900718028082307 0.290465020601488
v 0.0336224615509262 0.0911860371115956 0.293743693223364
v 0.0344849295656776 0.0898930112296426 0.293044649965063
v 0.0312959321298618 0.0910671929031504 0.295934551300081
v 0.0309109196608312 0.0897061134195463 0.29645317130268
v 0.0257123293195893 0.0909050533718243 0.300139539685707
v 0.0227595208713522 0.089526383067824 0.302023612662622
v 0.0227494830768674 0.0908632705167707 0.301893197702768
v 0.0188794485730058 0.0908348242006874 0.303793423538057
v 0.0130378461322671 0.0908264646494445 0.30589228184762
v 0.0154190907533672 0.0894922594094528 0.30524294886195
v 0.0104178132023407 0.0894941295051408 0.306658797562298
v 5.87514512786244e-09 0.0908375138602228 0.307666414059704
v 3.8624164336191e-07 0.0895035172364831 0.3078207602839
v 0.00331975209557078 0.0908365080318647 0.307576083222566
v 0.00573336599618131 0.0894999931119395 0.307446025890573
v 0.0192894875417022 0.0895019153616906 0.303723626500585
v 0.0265690305850875 0.0895817483310022 0.299725406623064
v 0.0286218927363632 0.0909721085956978 0.298111998332024
v 0.0400190865989239 0.0918198803405502 0.285697215370151
v 0.0411841785643066 0.090642472565716 0.284078055231018
v 0.0429484424826111 0.0924131402579005 0.280273341828435
v 0.0431728316134332 0.0910847762729662 0.280169242318662
v 0.0458938506418357 0.0936367937854661 0.271524304042958
v 0.0466585260631479 0.0927714535719588 0.268572384076438
v 0.0460008596032672 0.0922303328164604 0.271915131690015
v 0.0470672500043983 0.0933452376720641 0.265264415772309
v 0.0469141368512636 0.0958195903341576 0.25935783402567
v 0.0471394424034786 0.0945828014332932 0.258767539439331
v 0.0472145554300876 0.0939502769570748 0.262003922566684
v 0.0466798123714376 0.095446368408658 0.254578376086539
v 0.0455628213533134 0.096570333170065 0.249415704993552
v 0.0104257396885961 0.0810055565609296 0.0610566311838485
v 0.00740981923617836 0.080857170801078 0.0603136145998474
v 0.00588092520726647 0.0808093455252953 0.0600798600894244
v 0.00625429754135846 0.0793469679501596 0.0585721308312089
v 0.00435851038936135 0.0807779562299421 0.0599194528180483
v 0.00462813758191165 0.0793130380068796 0.0584053831158865
v 0.0136607900933746 0.0797757712056698 0.0607033097586786
v 0.0132874685163618 0.0812462699134747 0.0622431547438393
v 0.0118817274596903 0.0811145660032067 0.0615883195045221
v 0.0181250176997854 0.0820389669677856 0.0661658629886985
v 0.0212701237662857 0.0813140701953912 0.0683881625148319
v 0.0204807440829113 0.0828752350164535 0.0703763946061642
v 0.0203850655916694 0.0809849482554592 0.0667356461271126
v 0.0198198179940923 0.0825807508249424 0.0688851013283781
v 0.0220422777077049 0.0816817265373093 0.0702863096381803
v 0.0211472730082141 0.083246914671804 0.0722528381887189
v 0.02187574419657 0.0837828498233228 0.0749702436856126
v 0.0235105598678318 0.0828244965637226 0.0761723650357343
v 0.023938375921435 0.0833655130110949 0.0789673832289714
v 0.0228994762994469 0.084936281630332 0.0807636809178364
v 0.0232451031376774 0.0855094100793594 0.0836898963818722
v 0.0254944259190318 0.0893621499233969 0.11066922298068
v 0.0245413439450861 0.0907289141998694 0.111191754538005
v 0.0247542386929492 0.0941549742038193 0.130117011142142
v 0.0257344016641143 0.0967965923965751 0.152341779641618
v 0.0247572058866056 0.100856614838767 0.168115701494015
v 0.0247555704842011 0.105355021982902 0.193633864962298
v 0.0257709001949977 0.104368997267583 0.195393990083173
v 0.0258499583039445 0.104562540995423 0.196943681010373
v 0.0260056996493261 0.104727996035041 0.198455999826133
v 0.0252295708232472 0.106090640140535 0.19980847388934
v 0.0249169556442587 0.105871846395617 0.197179149154295
v 0.0255723999685261 0.106193994592266 0.201731990239054
v 0.0264498995292958 0.10492099587051 0.201512987877883
v 0.0276103628215861 0.105697361252517 0.208719263775961
v 0.0272229996944297 0.106112000954629 0.208231995815814
v 0.02946264230916 0.104443063487641 0.212554807680365
v 0.0296377998671431 0.105456998077252 0.21493899341809
v 0.028977600209916 0.105667998515041 0.213269988895878
v 0.0305588368946578 0.104065281806918 0.215481023144401
v 0.0306688558905831 0.105097470318584 0.217412839440714
v 0.0317339927315569 0.103614469536817 0.218355635888376
v 0.0389052173740001 0.100321782373151 0.233634496473495
v 0.0454768006769544 0.0977017634130633 0.250411266451822
v 0.0464745228035488 0.0967081912597685 0.255079591533253
v 0.0385175934765286 0.0916105711845192 0.287954383612699
v 0.0388205452526989 0.0902901495183237 0.287766330962635
v 0.0309935987518672 0.0786610004605139 0.137428995875366
v 0.0306839824315019 0.0822793152418896 0.136790838760342
v 0.0305142768357487 0.0936045551239438 0.195719148314316
v 0.0257375700234423 0.0937047803318934 0.134776380625895
v 0.0273406331835549 0.091421788377574 0.13517860766101
v 0.0286565435232998 0.0993529237951443 0.19470546704444
v 0.0257380505858801 0.104126845953015 0.19386344714768
v 0.0294925955051352 0.0867612193503714 0.136000391781321
v 0.0310115024966415 0.089085778092912 0.19651588358322
v -3.51280975616523e-12 -0.0512077983198813 0.0468052987723358
v 0.00405582031482865 -0.050815104302427 0.0480397407403646
v 0.00221698237284315 -0.0511821496967497 0.0467800040517746
v 0.00750962488331749 -0.0507176395345268 0.0469682392410582
v 0.0263411620332044 -0.0433896099763456 0.05020477510531
v 0.0328834310274554 -0.0366963288926413 0.0549272547305989
v 0.0382749206213303 -0.0319528721581507 0.0545987362876817
v 0.036871547917913 -0.0321003936506724 0.0566899726534641
v 0.0446107265812747 -0.0186883374596761 0.0606060126288381
v 0.0449886460977356 -0.0151871551158917 0.0629197792056252
v 0.0467215467977184 -0.00870919301265803 0.0641911537008474
v 0.0471905980887136 -0.00777941319466959 0.0632364810279798
v 0.0463289161101977 -0.00283976242118118 0.067509947698341
v 0.0473196719440897 -0.00505836715791305 0.0642268792340112
v 0.0465732318183808 0.00721125195448292 0.0688904582957076
v 0.0461434227345125 0.00763856975051987 0.0703501462113079
v 0.0454113883060657 0.0158662475824452 0.0724666921988124
v 0.0446246889690012 0.0206753104029157 0.0745978562251212
v 0.0399345858409726 0.0426318226166413 0.0873406658916026
v 0.0413658907704234 0.0371576017776672 0.0831391643776186
v 0.0369716688177366 0.0551362360610916 0.0961956658319607
v 0.0367747201746397 0.0550087156517353 0.0971058585396589
v 0.0362821101483236 0.0576887192348684 0.0985842623133004
v 0.0346023991420333 0.0637114108269354 0.10516234997297
v 0.0341010309584213 0.0654801115658863 0.107413624806398
v 0.0333062998956528 0.0682812988397197 0.111409996939972
v 0.0336478643049036 0.0670722335486368 0.109623429709149
v 0.0325942963526932 0.0708389415404446 0.115639527537535
v 0.0329896390514906 0.0694084524495509 0.113191065642437
v 0.0317881025719326 0.0739345310494045 0.121858392912334
v 0.0320031002461221 0.0730741976259465 0.11998299986162
v 0.0322434559708065 0.0721446259585488 0.118091498656016
v 0.031541268567564 0.0749863145876019 0.124397617778235
v 0.0313170843277037 0.0760402289918023 0.127242010967984
v 0.0311655059941376 0.0768728388054789 0.129844290096068
v 0.0310569007458489 0.0776328948669243 0.132614713923304
v 0.0309978511706479 0.0782898646975349 0.135422956896805
v 0.030573607670361 0.0762356428153306 0.137847331065372
v 0.0305789776762062 0.0757832584727582 0.135512408565452
v 0.0350862100328612 0.0619993307739654 0.103137654741012
v 0.0356221787119919 0.0600815401953122 0.101029997295961
v 0.0375286146060692 0.053027945316704 0.0943549775848915
v 0.0380834593307204 0.0508889209280411 0.0925908887552271
v 0.0391947357536544 0.0464581054495704 0.0892211700404918
v 0.0397429643628834 0.0441980352059451 0.087631380089416
v 0.0386378421193849 0.0487020712635954 0.0908827686857558
v 0.0402921578222781 0.0418757786927576 0.0860774423313712
v 0.0408288641088715 0.0395483477514611 0.0845937858985263
v 0.0421386314450516 0.0335914857627869 0.0810808595773385
v 0.0431422879589588 0.0286909167761154 0.0784663838490907
v 0.0439048883936212 0.0246982922844974 0.0764860344718538
v 0.0460832630228273 0.011193290102632 0.0704974441864167
v 0.0472616579995685 -0.00119783191126962 0.0656651392802937
v 0.046952488714029 0.00339998902604013 0.0674088582230614
v 0.0463105318029857 -0.00594736855222214 0.0663306847289796
v 0.046921900356072 -0.00514842139225263 0.0655081928035275
v 0.0461230491223256 -0.00859644244768237 0.0653423801360492
v 0.046825389262467 -0.0110949526854989 0.0620425217887195
v 0.0456462827552947 -0.0150611499683304 0.0619056210986013
v 0.0462953214430371 -0.0120281267085347 0.0629236386062881
v 0.0462209050456983 -0.0143228067609042 0.0608917014101512
v 0.0429209237637915 -0.0230773589072225 0.0590473214004787
v 0.0422950340294463 -0.0229747234365036 0.0600769245607348
v 0.0431826812807622 -0.0208475417454348 0.060854340474583
v 0.0455782701318358 -0.0168982945330824 0.0599797131125693
v 0.0447790091161657 -0.019447311324314 0.0590762967077725
v 0.0441158106003154 -0.0182581930996884 0.0617984854773025
v 0.0438343910015889 -0.02196134950307 0.0581860603797571
v 0.0427360636874429 -0.0244513390708419 0.0573018217689882
v 0.0410804068800721 -0.0254808863517447 0.0591562563369515
v 0.0415010070465285 -0.0268529573041288 0.0564410413107043
v 0.0401405608622609 -0.0291819398287999 0.0556057492880728
v 0.0383483758937935 -0.0300605681525048 0.0574573414596019
v 0.0398409506714137 -0.0277008612967839 0.0583353886380332
v 0.0407106681009238 -0.0273972985730182 0.0574657531649078
v 0.0355436868471578 -0.0337708473107779 0.0560558165001314
v 0.0379592879572675 -0.0315189578044651 0.0561183007929109
v 0.0340884730051058 -0.0354575059833195 0.0554233479032662
v 0.0311892267795829 -0.0383331580832645 0.0542841914083617
v 0.0317268364490535 -0.0392056918321773 0.0518708999781854
v 0.0294132673126478 -0.0398727944521731 0.053670203976254
v 0.0287712247199295 -0.0411002030722757 0.0522282894202704
v 0.0292602212147369 -0.0412661573007822 0.0510584700616046
v 0.0255716921633852 -0.0433740494391168 0.051305803254862
v 0.0235699540323777 -0.0451002371661318 0.0494961317741245
v 0.0221189032021413 -0.0454155904334285 0.0504550959813201
v 0.019638495080803 -0.0461007160074855 0.051079752644604
v 0.0206847186233541 -0.0466256615528695 0.0488507624972441
v 0.0154262349286774 -0.0478505965802691 0.0503098580917002
v 0.0174467913632069 -0.0470740784613628 0.0506523612740853
v 0.0178862005199598 -0.0478450980519115 0.048313299976737
v 0.0136225946927983 -0.04845425378261 0.0500448670228228
v 0.0176342312030296 -0.0475502823095712 0.0495154995579533
v 0.0158963255756427 -0.0486029710932908 0.0479741421049652
v 0.0119465707924985 -0.0497874867218556 0.0474348616428331
v 0.0139225997644084 -0.0492377009413166 0.0476845007907338
v 0.0115662223868173 -0.049044168389347 0.0497864473658849
v 0.0129362397729703 -0.0491583187321211 0.0487926591457577
v 0.00902755724577117 -0.0500968869753884 0.0483746145283889
v 0.00876304301404123 -0.0496946003356299 0.0494962398075408
v 0.00518373574650885 -0.050980894618164 0.0468109314111412
v -5.549529067698e-07 -0.0505361061423404 0.0492111843255642
v 0.0310346700764898 0.0786593166293367 0.13742923429394
v 0.0317016870148107 0.0720535798656895 0.121722993514173
v 0.0323610298552883 0.0708356111309922 0.117274594665887
v 0.0324678413763384 0.0691858887109343 0.11607290544943
v 0.0334520183477104 0.0641270638079861 0.109731552532355
v 0.0360038868486017 0.0566390032327405 0.0997477822062123
v 0.0345507666196507 0.0602576011361726 0.104872619251774
v 0.042320734806641 0.0280968317069825 0.0808575209783571
v 0.0410826271530404 0.0360117025074732 0.0843158047426684
v 0.0359503097247268 -0.0349104582910887 0.053515008385889
v 0.0339262626932656 -0.0371004111222836 0.0526900354171536
v 0.0238359770066448 -0.0438427095746394 0.0520456943203726
v 0.0260179726179401 -0.0424294983797638 0.0526315036572925
v 0.00460994512714574 -0.0503201994973383 0.0491859194073248
v 0.00572468560431863 -0.0501977268562235 0.0492321018301226
v 0.0306598593147134 0.0750394595778119 0.132446151991647
v 0.0311060727140444 0.0762250331887978 0.130551961126507
v 0.0308436483701252 0.0762734321592736 0.134020861967932
v 0.0308102641818617 0.074151655864307 0.12942591020258
v 0.031339421167834 0.074388196891811 0.126256328979366
v 0.0310404796665804 0.0730521588090334 0.126235452453
v 0.0312809564631968 0.0720444305529209 0.123747547185103
v 0.0315542996327367 0.0709514974590065 0.121278998525165
v 0.0318042815073372 0.069990335330584 0.119276662485078
v 0.0322386577970094 0.0684028848617633 0.116338310025521
v 0.0326947562539264 0.0667819142315862 0.113630709492474
v 0.0336193919117889 0.0658413306063125 0.109976095483241
v 0.0330543994965915 0.0655186981219353 0.111708996183224
v 0.0339724190390319 0.062301023402043 0.107322019920006
v 0.0348262145781622 0.0616330527894269 0.104511355507865
v 0.0351285554067373 0.0581933060692264 0.102600490243722
v 0.0357499785181144 0.0559337648168117 0.100306985520415
v 0.0366542629155314 0.0525761272182443 0.0971890740724859
v 0.0361960000649993 0.054288598426687 0.0987405978424713
v 0.0372775971007889 0.0502008300229728 0.0951700412816545
v 0.0379056661299099 0.047750777428953 0.0932180190112139
v 0.0386123425078618 0.0465970923022092 0.0912922823885318
v 0.0385293057889651 0.0452550714033459 0.0913480499830532
v 0.0393058686113541 0.0420494144696879 0.0890954638474703
v 0.0400812393408742 0.038710932313407 0.0869232247712487
v 0.0408555856155851 0.035224783378286 0.0847932006837457
v 0.0416100351152566 0.0316457480569393 0.0827599074819704
v 0.0448108677980861 0.0177091151242903 0.07441104782199
v 0.0431551588366523 0.0236364299736228 0.0786193815182287
v 0.0444424812992858 0.0158933974975335 0.0750502405676937
v 0.043819627676466 0.0197900529252728 0.0768042338608749
v 0.0450037782265897 0.0119851489666445 0.0733749626567595
v 0.0454099540693329 0.0088052403076313 0.0720585121499334
v 0.0457599599862113 0.0056189092482871 0.0707767366444303
v 0.04612000928551 0.00156950050716476 0.0691950082213802
v 0.0467527125756587 0.000534496723834505 0.0677160084013043
v 0.0458625842810595 -0.0107429332492591 0.0645485431429324
v 0.0455375154568816 -0.0126726298554401 0.0638388828075181
v 0.0317068763440805 -0.0386178596626705 0.0532232324803643
v 0.027746617173852 -0.0411908170314701 0.0531383219404893
v 0.0215591485449865 -0.0451304567203574 0.0514995369725033
v 0.00293308070824119 -0.0504462595929303 0.0491714056766464
v 0.0257755661209922 -0.0484507482845175 0.0243478579592438
v 0.028124711778953 -0.0471778166179853 0.0248463427682293
v 0.0232363487056717 -0.0496808130365435 0.0231004650197819
v 0.024285222792211 -0.0491851259205096 0.0237317806393255
v 0.0193290966899152 -0.0498863484735864 0.0225909682529203
v 0.0189167405907051 -0.0500427808603029 0.0221774126102608
v 0.0226022838219493 -0.0499793950472914 0.0225216908934334
v 0.0220711989982906 -0.0502421993708125 0.0215879990550578
v 0.0184593997495013 -0.0502147998612798 0.0212818006884649
v 0.027152167026278 -0.0479354810431126 0.0173689253471287
v 0.0244894934932259 -0.0475722950494528 0.0173001155115638
v 0.0264611405925201 -0.0465001937784217 0.0171299591556946
v 0.0295916416587317 -0.0465006966926008 0.0170714627860905
v 0.018604566858607 -0.050157054137654 0.0202844715799882
v 0.0220992001421931 -0.0502701986520699 0.0206206995110057
v 0.018466699455678 -0.0502119984430379 0.0206817998584703
v 0.0254498081181244 -0.0488182071860542 0.0179219297784135
v 0.0243557183215982 -0.0493403252361648 0.0184278260522822
v 0.0217315531135006 -0.0488891739646536 0.0180493291158379
v 0.0202102656615469 -0.0495339769974213 0.0187792699311837
v 0.0226653902381947 -0.0500643242136174 0.019685674018733
v 0.0233090868597685 -0.0498004544570947 0.0190924811566066
v 0.0195417995853322 -0.0498036991848721 0.0192399989238382
v 0.0222809961673398 -0.0502074647648461 0.0202049627109253
v 0.0189646794878393 -0.0500236775720794 0.0197631451540482
v 0.0220265998238343 -0.0502873983169935 0.0209401003061212
v 0.0184311993025723 -0.0502248991230532 0.0209814994562827
v 0.0220171003337855 -0.0502777982441089 0.0212672999963023
v 0.0185895073729121 -0.0501612339132755 0.0216811965030164
v 0.0222348360962833 -0.0501525092835915 0.0220097130832885
v 0.0199783272301037 -0.049627902739617 0.0230753919539885
v 0.0210045254751031 -0.0492037970750682 0.0236325761608949
v 0.0226827147003404 -0.0484666850760581 0.0242902109558088
v 0.0264585515158206 -0.0465000224150718 0.024865691925607
v 0.0253545170570649 -0.0471124303241282 0.0248053403614758
v 0.0292809189271725 -0.0465000484921033 0.0249161677453778
v 0.0549737985065482 0.000994522917206831 0.00599604971343167
v 0.0549991006776899 -1.94463988088381e-14 0.0030110899151618
v 0.0546999971263118 2.08360994763146e-15 0.00302759993573427
v 0.0546999971263118 0.00098789096930123 0.0059912697004243
v 0.0359120472689265 0.0447918837191494 0.0246531417670889
v 0.0350459396456349 0.0456801568192214 0.0249390522031698
v 0.0369342967062978 0.0435840477738375 0.0238111833376173
v 0.0374953850173496 0.0426868228013784 0.0223943604738781
v 0.0319617569753139 0.042905076379216 0.0226655578762541
v 0.0341239191415034 0.0447042313656761 0.0174177266489477
v 0.0301082686310652 0.0442292605885289 0.0177878323691823
v 0.0327374667062436 0.0457405176965782 0.0170874070282115
v 0.0287704908377571 0.0451083694746715 0.0173453964141295
v 0.0317079007988896 0.0464999963380403 0.0170432995920636
v 0.0264574991213348 0.0464999963380403 0.0171348988905199
v 0.0273712718329298 0.0459698130346137 0.0171482875835533
v 0.0350632547945551 0.0439940085114393 0.0178586091579808
v 0.0315037548950969 0.0432410826554658 0.0187587659338392
v 0.0309599910461909 0.0436322865568341 0.0182893458391127
v 0.0362865506942601 0.0430929129624466 0.0188303809129362
v 0.0357023171551012 0.0435175215411746 0.0182917318874955
v 0.0367942146183358 0.042747768549299 0.019482075732602
v 0.0319619953938877 0.0429048267847716 0.0193343288600222
v 0.0322985716395403 0.0426550945046156 0.0200221589947754
v 0.0324288003348831 0.0425513004686398 0.0205949000136204
v 0.0374538852843524 0.0424426151266115 0.0210938970500105
v 0.0371995708972316 0.0425148708556254 0.020249863633889
v 0.0375227994280433 0.0425119986568695 0.0217520999516822
v 0.0324562259214474 0.0425365706711289 0.0211993618786478
v 0.0322987467281805 0.0426573334040349 0.0219729202544781
v 0.0372917159507045 0.043072561702001 0.0231666559763255
v 0.0315054797044666 0.0432400805523979 0.0232395710817075
v 0.0309682090364056 0.0436278050327052 0.0237030810035076
v 0.0303592544713787 0.0440524359631745 0.0240811234545456
v 0.0364670223787352 0.0441668880544559 0.0243008671484694
v 0.0294526287290615 0.0446669002324296 0.0244668362781367
v 0.0281024904228194 0.0455267866210618 0.0247759254699366
v 0.0264643704191367 0.0464991693236125 0.0248857973168985
v 0.0341363988637243 0.0464999963380403 0.0249991001561485
v 0.0100000600889313 0.0696473553110514 0.0636164382781884
v 0.0301154249135686 0.0699329733118504 0.0640143514272343
v 0.0312516607809445 0.0677300825477382 0.0629857764470776
v 0.00999997254461124 0.0684129878488269 0.0630810768213627
v 0.0100000340118998 0.0674371555275369 0.062106425417071
v 0.0100000358745449 0.0672568961846041 0.0581812473047991
v 0.0270110921484736 0.0682723134397207 0.0566710109262687
v 0.0100000312179321 0.0696474670697579 0.0563804829929661
v 0.00999998465180444 0.0682541563752118 0.0570184836458008
v 0.0255310268953961 0.0692404418608456 0.0562182279776433
v 0.023751865541521 0.0704994632937143 0.0560498113323045
v 0.0099999995529653 0.0704999997355053 0.0562999980978668
v 0.0284123395738231 0.067422112805648 0.0574008623346493
v 0.0293488756712781 0.0669154211823184 0.0581348190128471
v 0.0299519312392492 0.0666446074848346 0.0587566332796968
v 0.0100000125914811 0.0668220505083648 0.0594474324707515
v 0.0309217267277455 0.0664411023309589 0.0602669069111293
v 0.0304860763888197 0.0664743915243219 0.0594720119355914
v 0.0313682139359073 0.0671452864897568 0.0623156973201998
v 0.00999996509403081 0.0668749123765184 0.0608405494502064
v 0.0312233429873737 0.0665797576327685 0.0611033910266297
v 0.0313390002100397 0.0668113961783493 0.0617264011116385
v 0.0309830431420425 0.0684279188120094 0.0635009915344195
v 0.0305955310032774 0.0691751226222124 0.0638418034350469
v 0.0296957989105035 0.0704999997355053 0.0640437961210952
v 0.0099999995529653 0.0704999997355053 0.0636999965377152
v 0.0460599427060802 0.0912901291707886 0.247779035990409
v 0.0448699881538012 0.0918037796362401 0.24419944932611
v 0.0448467982222116 0.0860999952383351 0.243171999383598
v 0.0458734770296488 0.0861000473923982 0.246152455073168
v 0.044113899526435 0.0975102983971631 0.245229000332303
v 0.046975633942136 0.0950173863392174 0.256631428227616
v 0.0472324964277639 0.0942574047835763 0.260432475944627
v 0.0471937012554629 0.0937983968750013 0.262810999241225
v 0.0477843646455332 0.0898953507118978 0.26079743517643
v 0.0479577955315016 0.0860998909302091 0.258846903022075
v 0.0449563515568601 0.0886637921184955 0.243632787980896
v 0.0470256645897261 0.0861000846453003 0.250667208790767
v 0.0445300777734059 0.0951839589658997 0.244806880247439
v 0.0468949851342672 0.092108784047319 0.252079570619473
v 0.0453862984764664 0.0967062690100175 0.248820582431095
v 0.046229987303243 0.0959573366651546 0.252206945742511
v 0.0476295378588994 0.0895476991784353 0.255785280709298
v -0.0429231067838576 0.101388735293105 0.274867349679753
v 0.0374304420330281 0.0948958301194956 0.288608455167522
v 0.00325722845441342 0.090836582537669 0.307581566849763
v 0.0165214069220111 0.11187682050742 0.296884172479417
v 0.0125014946795668 0.11523189883161 0.295947783530925
v 0.0157319490075423 0.115926047058568 0.294074469192152
v 0.0154795009908194 0.119214144664688 0.290994488649193
v 0.0190108004433485 0.121826996166402 0.285623991065681
v 0.0176652386561358 0.122350324935833 0.285876267719054
v 0.0189457997170287 0.122046996905351 0.285362982332044
v 0.0189421992240357 0.122247000286424 0.285079979484976
v 0.0419939113707717 0.107165080893822 0.26948958032974
v -0.0311576921979113 0.105362770586549 0.290917419845221
v -0.039809952531533 0.108271499538315 0.274864607866154
v -0.0343682534761377 0.117573057467349 0.248850414555138
v -0.0443064337006269 0.103909490170119 0.264110946712398
v -0.0436882292399957 0.105773588140901 0.258828008350104
v 0.0440871780197214 0.103819777731157 0.253735566428254
v 0.0439974246025667 0.101595615559916 0.249018529451969
v 0.0368012256145208 0.116170560207132 0.253815585662076
v -0.0349132187311381 0.109872979450086 0.282655650019892
v -0.0233805844922236 0.0978610866249867 0.300137513127829
v -0.0322136946272773 0.0990899928117558 0.29302122534019
v -0.0218674815028727 0.0908558199363403 0.302379422581656
v -0.0202295049228632 0.0932886207113735 0.302830838348772
v -0.0152681475817828 0.090828342195713 0.305173718068591
v -0.0181133798931531 0.0908319035731587 0.30410214578877
v -0.00890265199014589 0.0972478517015026 0.305757664760403
v -0.00146154380861946 0.0908374468049989 0.307654969968163
v 0.0105420795706941 0.0908290425502734 0.306502991024338
v 0.0181439831522709 0.0952658482954101 0.30340414561173
v 0.0390381059265565 0.0952346750668894 0.286262625017852
v 0.0448632863567041 0.0930711978732539 0.275297069356656
v 0.0439175953585453 0.0965239682080467 0.276130342271991
v 0.0338322922475873 0.0941645631008332 0.292962633975685
v 0.0356923706302266 0.0945554503525332 0.290839635785528
v 0.0429394012032589 0.0962332167573312 0.278736942736724
v 0.0396655044034388 0.103966889441755 0.28011553853492
v 0.0415453827035719 0.104812604826408 0.274868452365656
v 0.0429165241960473 0.101404329357946 0.27487041931889
v 0.0443066795697811 0.103908625902789 0.264113777932962
v 0.0448288572245352 0.10014881714846 0.269491726096904
v 0.034908040577739 0.109873605298842 0.282662951588714
v 0.031251999782354 0.116564993935117 0.279738002723351
v 0.0309863605129791 0.117021148271387 0.279441231203648
v 0.0293522191192463 0.118864980663398 0.278962188684295
v 0.0315199003028896 0.115707998371692 0.280597978518948
v 0.0313901000159215 0.116259996974619 0.279987001121335
v 0.0316204868639901 0.117747438302322 0.277190619471879
v 0.0299615108230376 0.118270230629962 0.279014223538021
v 0.027593379223495 0.121298899025496 0.277178281310686
v 0.0280623429701702 0.119905573429789 0.279084735831214
v 0.0250782998261239 0.121645999216007 0.280048989950515
v 0.0259814331088643 0.121198800477414 0.279679977602959
v 0.00525569997156344 0.096724783702387 0.306415849035624
v 0.00106966725953668 0.0955143922079875 0.306980036788135
v 0.00573315877691309 0.0937285104305642 0.306956522756296
v 0.000366590152216927 0.0932693833127023 0.307387166305173
v -0.00372869582894384 0.0948179566528372 0.306967817836229
v -0.00384928696566929 0.0908393392524282 0.307540022413283
v -0.00700471720833972 0.0925033816880734 0.306960069232581
v 0.00828442983438614 0.0946466380064208 0.306416802709919
v 0.00731732866203805 0.0908323729597258 0.307113998224273
v -0.00340143094618405 0.0974664666324911 0.306433313196153
v -0.00787709542638605 0.0949795969952745 0.306426667278409
v -0.00983172726262238 0.0929608026230168 0.306383245295661
v -0.00714178274254996 0.0908313447796264 0.307141773988118
v 0.007639061023167 0.098147852015172 0.305760168155428
v 0.00246268877842976 0.100160305943484 0.30574532659921
v -0.00329472489741319 0.0999639309950797 0.305769883712309
v 0.00169952850249721 0.0978466026966301 0.306426667278409
v -0.012387746668136 0.0933047735697466 0.305721097311651
v 0.013508950058171 0.0908271203005224 0.305722319206841
v 0.0179659776099182 0.0908323282562432 0.304174028988763
v 0.0117429836822381 0.0942484268341577 0.305741958936856
v 0.00655119152997759 0.10144456249227 0.304912172893163
v -0.00292363709754567 0.102523890826318 0.304931454995316
v -0.013739891043159 0.0955616735913988 0.304934882262314
v -0.010796326902591 0.100412105759709 0.304452531685251
v -0.018764677969411 0.0965729706755374 0.302822374489403
v -0.011462245811621 0.0908270085418159 0.306268714973285
v 0.0110259509974879 0.0986031271829515 0.304947756865298
v 0.0162219084898703 0.0983539946745201 0.303405397309242
v 0.0149433805061123 0.0938148477565916 0.304877572397644
v 0.0135133552138504 0.101289560616996 0.303407572878728
v 0.00240810862016438 0.102613983244883 0.304919504264306
v 0.0100121570375826 0.103801851634641 0.30340691722765
v 0.00110382945137854 0.105163974199506 0.303947084308853
v -0.00334448778976904 0.104900797346963 0.303946816087958
v -0.0170174609791312 0.0947559082190129 0.303970210910509
v 0.00615091002767742 0.106689674257719 0.302832000639319
v 0.00546739098502574 0.104396191886154 0.303946398855454
v 0.0012497628061154 0.107552019337893 0.302833282139153
v -0.00436575794147502 0.107136388708584 0.302848242904658
v -0.00745220139729536 0.102407631969283 0.304453604568833
v -0.00956914179990136 0.105342154830498 0.302830123093051
v -0.0140860794688894 0.0989919506238723 0.303942107321126
v -0.0165382899372664 0.0998212449292573 0.302825146105323
v 0.0212981286354784 0.0968402304461559 0.301553868467647
v 0.0190438568060731 0.100464848418576 0.301556669885888
v 0.0152730947671886 0.107351457163288 0.300149314847231
v 0.0158650517642861 0.103910458745575 0.301561617071294
v 0.0117600734511003 0.106851560469311 0.301564418489536
v 0.00138452273492839 0.109906395303316 0.301571481639784
v 0.0053090205160748 0.111722973472113 0.300140582766967
v 0.00683377481623506 0.108950023898111 0.301568412000647
v -0.0209116893802953 0.10183822135989 0.300141417231975
v -0.0134688212319729 0.102846791531591 0.302827053453913
v -0.0263713331586573 0.0967279129461678 0.29856964278438
v 0.027481583264137 0.0936309972338912 0.298520200732644
v 0.0216484176744132 0.0930856669004497 0.302183442514015
v 0.024265765601417 0.0959064492008151 0.3001352779537
v 0.0256914527932233 0.0909064093774626 0.300173156704608
v 0.022252333784424 0.0998791731921036 0.300138884034629
v 0.0192819140266947 0.10379750049567 0.300143890824678
v 0.00968458854367026 0.112825264495048 0.298595421792669
v 0.0153397653548474 0.110034820958195 0.298589342119038
v 0.0102943170377394 0.110159685235628 0.300153576579237
v 0.00184223517383112 0.117746089747264 0.295949839891124
v -0.0081540185998228 0.10851306970761 0.30156760733796
v -0.0128891744563915 0.106169035147824 0.301564120466319
v -0.0167711783177144 0.103059796175516 0.301560633594677
v -0.0174310948528852 0.105619569742244 0.300147526707928
v -0.0197030785746187 0.0995436437530014 0.301556640083567
v -0.0222922390932092 0.0946390980190252 0.301571332628175
v 0.0221516429151975 0.0908569524245657 0.30223357001915
v 0.0234730294315588 0.102147472601814 0.298574530365142
v 0.0199668328471447 0.106339958913478 0.298582398178077
v 0.00159504365801716 0.113367175012072 0.299381428225753
v 0.00516115117457923 0.115208384799771 0.297724508545
v -0.0112078774077921 0.112222162360949 0.298595421792669
v -0.0028581511521753 0.110986617707017 0.300874494741682
v -0.00752690883293216 0.11115995546073 0.300157152857844
v -0.0129229749458365 0.108854544709895 0.300152742114229
v -0.0166248228410301 0.109159087184987 0.298589312316716
v -0.020968274676019 0.105301236242775 0.298580580236452
v -0.0345734797140928 0.0912458578218712 0.292773240221145
v -0.0241879051732743 0.10104466748883 0.298574589969786
v -0.0280357239089375 0.0909571701819349 0.298584543945241
v -0.0249669993303645 0.0939464101058314 0.30013441368637
v -0.0252947540887876 0.0908977965064851 0.300406419476723
v 0.0259049547633915 0.0978225894759029 0.298569732191345
v 0.0204978897311268 0.112910484234011 0.294044458254178
v 0.00909802111019158 0.116469343383552 0.295946770251987
v -0.00250798108969674 0.114414577608976 0.298577450992671
v -0.00187143341646122 0.117749077430017 0.295945876182335
v -0.00912145877358049 0.116458413382061 0.295950048507376
v -0.0215280330584641 0.107875322374509 0.296874933759683
v -0.0252940947124195 0.103362617566528 0.296865814249236
v -0.0295457777482474 0.104361531785992 0.293030136234385
v -0.0314280793496655 0.0910719612746259 0.295837783161451
v 0.0293549590701995 0.0909928957150986 0.297562950158947
v 0.0329466790047289 0.0911453494918652 0.294427000855796
v 0.0295445297760253 0.0942880862737887 0.296823494952392
v 0.0315625399746927 0.0947563105503561 0.295002245269665
v 0.027901449548421 0.0987236105190913 0.296859019319884
v 0.0252812107962102 0.103383009805166 0.296865397016732
v 0.0268512753355966 0.116192196692702 0.285843604374447
v 0.0229854615855489 0.1093957772241 0.295025729499182
v 0.0224380246004907 0.118759480444504 0.286913954759077
v 0.021507847573433 0.107897182377492 0.296873890678423
v 0.0200446727861912 0.120566864597049 0.28654717758565
v 0.00509329873859966 0.120453459312318 0.293029897815811
v 0.00570980586387658 0.118311894275729 0.295001947246448
v -0.00594479344536088 0.115057652107084 0.297734849950637
v -0.0125191097143493 0.115215820479041 0.2959546082626
v -0.0158105042023101 0.115923327596711 0.294040643556998
v -0.016543821993236 0.111862396183707 0.296884321491026
v -0.0279095446040587 0.0987055875650302 0.296859108726849
v -0.0373657486431511 0.0914804318961416 0.289504610981689
v -0.031567755380994 0.0947343685909886 0.295002990327708
v -0.0295378447427341 0.0941784956862381 0.29685496620413
v 0.0361234127851562 0.0913639718734342 0.291041099480366
v 0.0295369674368884 0.104379822960948 0.293028109676507
v 0.0298211865912116 0.0995877958926319 0.295007311664358
v 0.0322077304376428 0.0991095654865464 0.293019288189278
v 0.0270222419420877 0.104566340791443 0.295015090070327
v 0.0274831199463508 0.108886716316194 0.291977726847431
v 0.0207725982195306 0.118411195611705 0.288636379942975
v 0.0195667813815153 0.121032429016403 0.286291771688496
v 0.0193034331656228 0.116140549269159 0.291973196894529
v 0.0118593515040127 0.11873188349459 0.293013715155116
v 0.000114972824280293 0.120817137044287 0.293015801317636
v -0.007857152085219 0.120540929126571 0.292386525294486
v -0.0203135958988908 0.117672135285912 0.289799296338872
v -0.0189529001201788 0.114027207031239 0.294042819126483
v -0.0229990924224463 0.109382656751962 0.295025580487573
v -0.02239759216314 0.113909547465083 0.291973018080599
v -0.0270323542423769 0.10454880212511 0.295016401372483
v -0.0298280839660451 0.0995688192642757 0.295008801780444
v -0.0356056160716952 0.0945338660210264 0.290944778376562
v -0.0337577529156715 0.094134939593042 0.293046020871862
v 0.0356130517509647 0.100478028495357 0.288677209123733
v 0.0339661419250193 0.0998170800547967 0.290907197648871
v 0.0275198494452275 0.115873654576981 0.285506718929707
v 0.0213401666729118 0.119524580548901 0.286869132067208
v 0.00536852271403701 0.122852866585863 0.290262245604495
v -0.00075745388802245 0.122896556789507 0.290667646586873
v -0.00545262207196759 0.122850288685034 0.290248208710964
v -0.00847693420625636 0.12277717613927 0.289629870139885
v -0.0170769315121266 0.120426048626915 0.288732641442135
v -0.015376476227273 0.119340759828522 0.290916227752352
v -0.0251361014291029 0.111457777512274 0.291974359185077
v -0.0274999061040605 0.108866480539745 0.291977697045109
v -0.0324394248625769 0.108186644877793 0.287515425216062
v -0.0397948986337734 0.0917811745752143 0.286077582402283
v 0.0342775240329466 0.10520162198242 0.28752007437825
v 0.0311502676945124 0.105376174180744 0.290916734391822
v 0.0278328595049789 0.11373276009263 0.287553333769291
v 0.0251127364088732 0.111482751857876 0.291972958475956
v 0.0302126065594124 0.111139838893568 0.287523412238283
v 0.0237517928983618 0.115297277674886 0.289686166725617
v 0.0135356408312403 0.122597170116072 0.287949257613362
v 0.0156001640722121 0.122470949833001 0.286993973992899
v 0.0171946879358289 0.120354217580986 0.288747751219248
v 0.0096525566357549 0.12086652694196 0.291562729517458
v 0.0113625048913993 0.122681905567307 0.288777046901501
v 0.00839956924171229 0.122779061136119 0.28964831777703
v 0.00230431411852733 0.122887228662808 0.290597283305288
v -0.00310092994531405 0.12287999414921 0.290529006186224
v -0.00473734818986031 0.119636540421028 0.293937885151702
v -0.0114142994639063 0.122679499029828 0.288758897287572
v -0.0112037060140736 0.11997724801353 0.292020284562849
v -0.0135952622384894 0.122591015936637 0.287920736791475
v -0.015675527624588 0.122466941420729 0.286956363462887
v -0.024614793629614 0.116669369116367 0.287515693436957
v -0.0325309664190349 0.113037293112936 0.282662504553888
v 0.0402504569236092 0.0918551886412098 0.28532760697616
v 0.0385179175767773 0.0916105786350997 0.287951045752666
v 0.0385241313608562 0.101653111689097 0.283914470287089
v 0.0306198813627691 0.114936550372769 0.28291823827658
v 0.0315325402125897 0.112981428660869 0.284069114534502
v 0.0281937246428346 0.115579200187792 0.285110973899566
v 0.0288573552923499 0.115322058305398 0.284651958540411
v 0.0257982438251772 0.116736185921666 0.286277317562461
v 0.0245557030762205 0.117437680420929 0.286637299806536
v 0.0234872879798574 0.118083049697809 0.286831521537195
v 0.0205414588628386 0.120142047402069 0.286713742761752
v -0.0183742433404721 0.122295511015606 0.285453134355251
v -0.0368852011065517 0.11121120055293 0.277502798791912
v -0.0339712232208728 0.0998016126498232 0.290908598357992
v -0.037348124295143 0.0948871129403921 0.288717799885918
v 0.0371343969449168 0.101091807311213 0.28634273365864
v 0.0324312180482328 0.108192657496201 0.287520491610754
v 0.0191876232060579 0.121494938697781 0.285946750209926
v -0.034357405431031 0.1145739008209 0.277503484245312
v -0.0276197654540893 0.11398220552544 0.287516378890357
v -0.0302227188597016 0.111132522423585 0.287518703471451
v -0.0371385431929263 0.101078165298445 0.286344700611874
v -0.0356166615571832 0.100465220947597 0.288679146274645
v -0.0368983439304309 0.1066478019957 0.282662295937636
v -0.0342870719517681 0.105190654728027 0.287515931855531
v -0.0436852825354355 0.0926255712071318 0.278572821351003
v -0.0389566710824523 0.0952461787630739 0.286377661979698
v 0.0417930958764313 0.0921384001045298 0.282627695442117
v 0.0417990712419365 0.0959356703772631 0.281296187312241
v 0.040498419690913 0.0956180744852568 0.283802622173668
v 0.0294873186315454 0.115121145953512 0.284140461292703
v 0.0300824449192935 0.114983444325997 0.283558094123942
v -0.0216456106682361 0.119775165920516 0.286326342381693
v -0.0226658931523737 0.121945341185959 0.28234072888626
v -0.0209623440139965 0.122081575049128 0.283682548619452
v -0.0260426824679374 0.121525672342056 0.279021674118451
v -0.0385292461843217 0.101639030092084 0.28391536435674
v -0.0403945921273253 0.0956250482285397 0.283973300070167
v 0.0443456088525299 0.098185261379513 0.273510688390344
v 0.0368746473593721 0.111220647888916 0.277511828895394
v 0.0334668561786375 0.113859397608206 0.280171835120652
v 0.0368951588072969 0.106655371785418 0.28266080582155
v 0.0315041013470869 0.115478997331584 0.28094699350863
v 0.0313125990782846 0.11514499526147 0.281686985156976
v 0.031066977655881 0.115002309195647 0.282227778086935
v 0.0314331010408755 0.115290996835583 0.281313979298309
v -0.0244165299590711 0.12172673370555 0.280723893328222
v -0.0264706009670216 0.119041775486431 0.282627516628187
v -0.0297195327344645 0.116114300874303 0.282659226298498
v -0.0381805664707599 0.114784081694841 0.264114195165466
v -0.0384941427746239 0.107544874231261 0.27880560728597
v -0.0396728730274845 0.103957471908091 0.280109429058967
v -0.0417070267712995 0.0959137731213782 0.281485283043564
v -0.0428711203589045 0.0962298490949766 0.278893255914153
v -0.041925746010414 0.0921645367406796 0.282384419089904
v 0.0435084765365321 0.0925694608859105 0.279006445132052
v 0.0384962326624346 0.107538816909371 0.278807604041525
v 0.0409754244765177 0.100712088479578 0.280115210709381
v 0.0314815000113514 0.115970996410304 0.28027498095613
v 0.0350860610212526 0.115176146138249 0.274870627935142
v 0.0305106353645634 0.117665385060042 0.279165470320758
v 0.0287574988881316 0.119368997528353 0.278989994250461
v 0.027064814558667 0.120578979240829 0.279322319939979
v 0.0261167989794139 0.12150999632083 0.278931998932391
v -0.027511219810444 0.121314277023504 0.277287149191935
v -0.0288544849562391 0.121091020380908 0.275449150604401
v -0.0320712581558993 0.118477289710703 0.274862164075773
v -0.0301263735415111 0.118313749470256 0.27878206345181
v -0.0415494246434554 0.104805504423258 0.274866276796171
v -0.0455343824878106 0.0934067720158386 0.273055547333012
v -0.0409811614234491 0.10069463922021 0.280116343197606
v 0.0469738644292838 0.0952253394896101 0.262415760850554
v 0.0379988393634822 0.111966220022004 0.273510897006596
v 0.029329155847524 0.121013601399656 0.274767511901985
v -0.0301033922261735 0.120839838962858 0.273493373241424
v -0.0449287881345578 0.0931028255871809 0.27507590632716
v -0.0438532893988505 0.0965429746387246 0.276288562798011
v 0.0461498041566511 0.0938352250940687 0.270294630446405
v 0.0455283847705642 0.0934052222951091 0.273070955133342
v 0.0435868640932402 0.103626152046932 0.269497448142675
v 0.0396114951458989 0.113060747540131 0.258829707082442
v 0.0406492119882437 0.111161378521592 0.264115983304769
v 0.0399921117724756 0.11075729629195 0.269488775667054
v 0.039809762541732 0.108273205721234 0.274863415773285
v 0.0375614381381553 0.114323337801026 0.2694919943178
v 0.0324153371360454 0.118633863658448 0.273649298988671
v 0.0318694740861031 0.120419641127745 0.270106816214916
v 0.0308834177058175 0.120667827412462 0.272110932943725
v -0.0375604546615385 0.114326422341324 0.26948594444649
v -0.0346731573043807 0.117817198086892 0.269462966856443
v -0.0353933564858138 0.115431760651655 0.273512089099465
v -0.0379898651393538 0.111980912566613 0.273507976379067
v -0.0399878500404695 0.110764195529428 0.269488745864732
v -0.0457226959081887 0.096843106370202 0.269536042149304
v 0.0457767759462427 0.0967215352493194 0.269424432454457
v -0.0315353900596044 0.120499682713309 0.270814412739551
v -0.0443469276052661 0.0981840990889659 0.273507439937276
v 0.0467460554820442 0.0945069843268335 0.26632180214699
v 0.0426830230053589 0.107511741500087 0.26411565547923
v 0.0327560261020957 0.120137323734077 0.267968708247646
v -0.032729148133193 0.120146704014838 0.268039816587273
v -0.0360302730791959 0.117425558326569 0.264100009260326
v -0.0419873511347027 0.107179236996639 0.269488477643837
v -0.0435908650549313 0.103622098931178 0.269487881597402
v -0.0426756655571839 0.107526925783004 0.264114016351535
v -0.0455660698063811 0.100378660104157 0.264110201654355
v -0.0461914827035787 0.0938714274643799 0.270076060218899
v -0.046744874565046 0.0945083403324719 0.266316199310507
v 0.0357045746809716 0.117732306173468 0.264570707129597
v 0.0347420192940086 0.117715825489556 0.269536429579487
v -0.0469686564735629 0.0951808446232798 0.262653732389501
v -0.0448302542083659 0.100145486739007 0.269490534004035
v -0.0464573492156568 0.0970959492676878 0.264201456363466
v 0.0451328632578365 0.102182594637963 0.25883140581478
v 0.0455658276625171 0.100378824016926 0.26411219840991
v 0.0462254573503413 0.0986984499089779 0.258828067954747
v 0.0381807639111413 0.114784171101806 0.264113867339927
v 0.0343830503288724 0.119388205124703 0.262214326958038
v 0.0336886636833404 0.119763520663303 0.265117877756404
v -0.0336812503558122 0.119778384571262 0.265172922644624
v -0.0369229531975925 0.116637540236768 0.25875645297565
v -0.0347268014834795 0.119091999849112 0.259999984651804
v -0.0343806102637815 0.119389479173957 0.262226635316909
v -0.0396003155499631 0.113077027058371 0.258827978547782
v -0.0406471928809471 0.111165372032703 0.264110469875251
v -0.0451310080633093 0.102187683384397 0.258830660756737
v 0.0464615289912782 0.0971255876766399 0.26406198149781
v 0.0468868192981155 0.0959022619746132 0.258952939682761
v 0.0418606614650643 0.109412958262573 0.258830660756737
v 0.0424692993804229 0.107411873919998 0.253742540171537
v 0.0347268014834795 0.119091999849112 0.259999984651804
v 0.0465091382002284 0.0966487952325775 0.255368793263239
v 0.0453831692326856 0.100118813661067 0.253598863178517
v 0.0436902036438097 0.105769490321664 0.258837038453585
v 0.0386565840544575 0.113711786708719 0.25373723535827
v 0.0369357793718034 0.11662909872914 0.258940690928533
v 0.0349414452550987 0.118793611553456 0.257786983450048
v -0.0349414303539378 0.118793604102875 0.257786983450048
v -0.0350209392230007 0.11843465748948 0.255076343080185
v -0.0418579680802388 0.10941844934035 0.258833670791231
v -0.0398702202766344 0.11197446036396 0.253740632822946
v -0.0461938147352534 0.0988135688272078 0.258906626874805
v -0.0469083179479474 0.0958441399966757 0.259242230819712
v -0.0465169315073586 0.0966357045627613 0.255403542770366
v 0.035008999667861 0.118507993552657 0.255679005630038
v 0.0459458035391768 0.0972923242160916 0.252343589387605
v 0.0427903039129761 0.105249126883245 0.250129157674406
v 0.0404526246982976 0.111030896506514 0.253742748787789
v 0.0409926800207945 0.108824705135271 0.250066990031295
v 0.0380855454932409 0.112624545858253 0.24794420045739
v 0.0347059622100157 0.117853713381581 0.250884199495222
v 0.0349577545756608 0.11822189871471 0.253581816250492
v -0.0368537522065551 0.114428435688577 0.248271370345249
v -0.0398686146765517 0.110725757984988 0.250015730037934
v -0.0419997563511193 0.108346757851242 0.253740603020625
v -0.0435857651326267 0.10272732892497 0.248993346490115
v -0.0437151332859298 0.104743605001043 0.253733301451803
v -0.0450428788726884 0.101254542888973 0.253750169565897
v -0.0449337613969951 0.0981445067045588 0.248479271341578
v -0.0450510745111618 0.0998810730901133 0.251214439022218
v -0.0459333722457287 0.097303514987898 0.25227599772194
v 0.0452098612812943 0.0979332752987768 0.249436730531527
v 0.0343543991218273 0.117560994977632 0.248848000567078
v 0.0360449842502557 0.115507391493604 0.248470688272923
v -0.0348538413303981 0.118035038157516 0.252253228748145
v -0.0374207078496958 0.115393405063599 0.253686541609022
v -0.0346034645750349 0.117761504998175 0.25021179951254
v -0.041889547365393 0.107122247506927 0.250063324345723
v 0.0426808362600026 0.10300084718315 0.24621758804729
v 0.043831276658969 0.0988392733296927 0.245472366091481
v 0.0396864405344482 0.109816705216095 0.247450375986463
v 0.0412182128157126 0.106712838112277 0.246887439931465
v -0.0389216459038491 0.111192350584441 0.247699270076321
v -0.0407612165638538 0.10769460854617 0.247067147931446
v -0.0417738957306622 0.105436412123523 0.246653223485055
v -0.0428070155648815 0.102558483871257 0.246142426591908
v -0.0438366187251375 0.0988279111945363 0.245469385859309
v -0.0290683948456858 0.106238467106855 0.214678431719278
v -0.0288581674056168 0.105706249794971 0.212981815345992
v -0.0302628420979643 0.105866698044539 0.217487151529927
v -0.0316622250155611 0.105357205002968 0.220572004752487
v -0.030541842120696 0.105141518150088 0.217111403857662
v -0.033635839068089 0.104571466790779 0.224701578362996
v -0.0334524467560851 0.103992549240757 0.223516280423486
v -0.0356526925641446 0.103016627512502 0.228014017015382
v -0.0367024271927236 0.103213829475333 0.230811456647259
v -0.0387671134151423 0.102213671008938 0.234916920179495
v -0.0374507374141205 0.102170159619225 0.231631258913176
v -0.040931648591199 0.100425524255064 0.238773832348574
v -0.0404396010837053 0.101382998346174 0.238385001457073
v -0.04217703546188 0.100432423492543 0.242108324719034
v -0.042692027031809 0.09946710394024 0.242724144993928
v -0.043644471981128 0.0996424086471866 0.245611975067586
v -0.0438354713357513 0.0988265104854154 0.245466584441068
v -0.0317851297903409 0.10467432205362 0.219939137549569
v -0.0268740722490685 0.106735197304149 0.208582754241315
v -0.0260038928835717 0.106792976555387 0.205522592242302
v -0.0251549998263645 0.106671994030358 0.201573993230447
v -0.025461900410163 0.106746000645773 0.203160996664442
v -0.0246991993926648 0.106407997613968 0.198381002283521
v -0.0247560994754117 0.105357994764493 0.193646992885016
v -0.0244323996953878 0.105732997378716 0.193580995643564
v -0.0244632991150777 0.10599499703955 0.195178996134274
v -0.0249946000055689 0.105926995591962 0.197840999115087
v -0.0248306984119709 0.10567594083378 0.195748339688442
v -0.0245531996811959 0.106219997117968 0.196779991758317
v -0.0248994002141196 0.106559996905328 0.199979986250848
v -0.0251577006617706 0.106055994941534 0.199238996224724
v -0.0254685724049384 0.106175874780659 0.201190690669625
v -0.0264059820829488 0.106223834166889 0.205394740282117
v -0.0259197143632241 0.106233169744169 0.203413169009689
v -0.027908788370145 0.105963764206386 0.210336918897847
v -0.0270557751419598 0.106144887816649 0.207714582807245
v -0.0279126850237101 0.106541929247785 0.211669172085766
v -0.0244323996953878 0.0953139939461513 0.134491991970867
v -0.0247554345111082 0.105356772869303 0.193647201501268
v -0.0247558536062574 0.0949384474395575 0.13455800411348
v -0.0244323996953878 0.105732997378716 0.193580995643564
v -0.0244323996953878 0.0953139939461513 0.134491991970867
v -0.0247563174048892 0.0949384995936205 0.134557989212319
v -0.0244340108834059 0.0946283840843663 0.130624261559004
v -0.0245549598808226 0.0909249464215734 0.112262127274376
v -0.0242836283679989 0.090535661044666 0.108805475187179
v -0.0243579032043094 0.0893116275374984 0.103585181305144
v -0.0240921037474553 0.089278815181283 0.101979454562527
v -0.0235491575997514 0.0861493329819452 0.0869808550108778
v -0.0229995171055309 0.0863278339878965 0.0856296028428613
v -0.0231962683082464 0.085414780257313 0.0832040067791043
v -0.0227083670487623 0.0846643875986858 0.079375175847668
v -0.0211375481381073 0.0843807440017008 0.0749347565710226
v -0.0206339466430112 0.0840572547005741 0.0732068924634108
v -0.0207678130842492 0.0830266457119599 0.0711154102284742
v -0.0200396790346578 0.0837376397012712 0.0715224428879668
v -0.0213638576560353 0.0833952855304948 0.0729617460155096
v -0.0191460806322231 0.0823345314934592 0.0676461294074476
v -0.0174177154730773 0.0827885549637264 0.066713182627115
v -0.0162146758389175 0.0825091730987476 0.0653573260003926
v -0.0180635448232993 0.0820198860313034 0.0660892188678111
v -0.0144814640772017 0.0813866537499441 0.062920606220053
v -0.0136631994248213 0.0821116026764015 0.0634234011898174
v -0.0144433999931054 0.0822089966637876 0.0639135003705285
v -0.0116826349120745 0.0819496866624883 0.0624808543366003
v -0.0128480994064787 0.0820311960123968 0.0629897029029644
v -0.00912855638276299 0.0809307080299259 0.0606846609558613
v -0.00984155923482283 0.081858849185881 0.0618742169020872
v -0.00725616917559136 0.0808495116043955 0.0602864199812765
v -0.00524161697756617 0.0817038473106071 0.0609753267249019
v -5.33772007708939e-11 0.0807479005884859 0.0597628006392091
v -0.00151687077115767 0.0807512980531621 0.0597746098091913
v -3.00519012674534e-11 0.0815960970164228 0.0606137984853879
v -0.00227232598277201 0.0816248935097863 0.060680760577006
v -0.00340581188747712 0.0807657894320992 0.0598473945294158
v -0.00533757486557427 0.0807932224692439 0.0600161352750032
v -0.00796662998274061 0.0817885231571985 0.0614282251575241
v -0.0127733095487959 0.0811941307516228 0.0619833194766196
v -0.010979046799711 0.0810432639484878 0.0612408728620215
v -0.0171058993688399 0.0818068962885398 0.0650209024916387
v -0.0184455472578361 0.0830933805608749 0.0682189598332578
v -0.0193026247776461 0.0834082793427654 0.0698121025455273
v -0.0218351795114167 0.0837539490218334 0.0747669247962476
v -0.0215924563648005 0.0847226809399732 0.076784467470993
v -0.0222357618309017 0.0841245110901193 0.0766354707635461
v -0.023820677239731 0.0868897046098935 0.0908218154872548
v -0.0233631445460812 0.0870015452727341 0.0893736089160976
v -0.0241084875738217 0.0879348794832491 0.09629051917142
v -0.0237428298501041 0.0879359449162507 0.094570008786693
v -0.0244064213840721 0.0920453274537934 0.116862137983841
v -0.0247266138033584 0.0933859550941161 0.125813958216892
v -0.0160449758310996 0.0816152003046463 0.0640372470608969
v -0.0151856994587401 0.0823208969312716 0.0644569010036386
v -0.0200289483361929 0.0826666411161439 0.0693153201941701
v -0.0220968215443907 0.0851754974162106 0.0792593416737167
v -0.0226029748632842 0.0857555325532969 0.0824599918173255
v -0.0269225550385742 0.104971406497702 0.203845809314121
v -0.0264813204896158 0.104932857194555 0.201587985420495
v -0.0262130995941218 0.104849000911811 0.200045998393461
v -0.0257830018002617 0.104156268295134 0.193859066206387
v -0.0276699190362564 0.104891357461558 0.206921915555255
v -0.0285849546212344 0.104698469384795 0.209968144968864
v -0.0310671285301348 0.0895044262072956 0.199752609437273
v -0.0310055997742955 0.0892864967297067 0.19780399953267
v -0.0304397989711214 0.104106997606748 0.215167994458199
v -0.04194541181746 0.095105146726107 0.237936193393107
v -0.0419775126432444 0.098713045596041 0.240161458250251
v -0.0377955279246977 0.100876791010572 0.231334189370255
v -0.0356934919425814 0.10189431677995 0.226975689225442
v -0.0295850441697606 0.102752549139727 0.209992687180802
v -0.0295742166137502 0.104401504150001 0.212887923131408
v -0.0312032618104686 0.102129986089544 0.21483097490301
v -0.0312328815929697 0.09980553910571 0.212355668566622
v -0.0314316444524014 0.103732494181415 0.217634240888784
v -0.0332628294841317 0.100538542109613 0.219466636639834
v -0.0341425157902577 0.102588986547539 0.223740155464258
v -0.0328094206867501 0.103177180070196 0.22080696625694
v -0.0448627946183957 0.0919240171032258 0.244220892096589
v -0.0420573679642973 0.0972460188587167 0.239286938921654
v -0.0441175950143284 0.0975162439603465 0.24523016262285
v -0.0445360792159426 0.0950949990355608 0.244792515528369
v -0.0269221471192956 0.103084211727586 0.1974136338216
v -0.0257703991434637 0.104373996607052 0.195424999398924
v -0.0258646992773261 0.104576995121458 0.196981991894946
v -0.0260141988989521 0.104734999580645 0.19852900061319
v -0.0284104694781351 0.103198630291255 0.205963040755025
v -0.0430565131517539 0.0918760875193171 0.239458481085483
v -0.0362030594899571 0.0969160848055177 0.22513390574305
v -0.0363688907838865 0.0990598477633344 0.226588363351188
v -0.0290863526071682 0.100892176459161 0.204185198153886
v -0.030274157666993 0.0999058760723661 0.208442191590916
v -0.0279328556075802 0.101866637873652 0.199858586493315
v -0.0354520856860563 0.0932157242324426 0.222191030781171
v -0.0395669332243448 0.0923329198584065 0.231786111776841
v -0.0449537401284192 0.0876204053844432 0.243444079679755
v -0.0315151133049631 0.0962734498916553 0.210038657262057
v -0.0333130575721032 0.0941605323368204 0.215896109881339
v -0.0332225367451641 0.0982770525304154 0.21782510985825
v -0.0298770435926983 0.0969985627308821 0.199816997353353
v -0.0289271132142746 0.0995694004095492 0.199351082756719
v -0.0287453414035143 0.0990964897178911 0.19475064736417
v -0.0302698773085357 0.0945978367046017 0.195543821255628
v -0.030846328716435 0.0954798364159514 0.205097983663574
v -0.0300974485256352 0.098200564871717 0.204672495916355
v -0.0439800572995834 0.0742062537177009 0.241029659486644
v -0.0423923646868987 0.0767267776267215 0.237422639785201
v -0.0321184054288629 0.0918956601941077 0.209582428419983
v -0.0324160374906059 0.0950745769946011 0.212971593149641
v -0.0372741847349518 0.090587941767546 0.226308236428166
v -0.0371579705813985 0.0836587380545134 0.225501964416311
v -0.039095050712786 0.081246553035531 0.230105067116654
v -0.0397162316802991 0.0853050853616363 0.231591085383495
v -0.0346475608353121 0.0899951512367629 0.219018648139715
v -0.0354797198888727 0.0855910907926177 0.221208045902668
v -0.0363527155737722 0.084581142263537 0.223546857605572
v -0.0381409480093213 0.0824376102737137 0.227920184405442
v -0.0436190543259897 0.0879080871960214 0.24014377057231
v -0.0400500921893849 0.0800173711772861 0.232223967487574
v -0.0409958576933481 0.0787309539601749 0.234329084284698
v -0.0310716063289734 0.0890886912698603 0.196515436548395
v -0.030936121249137 0.0915036553553431 0.199429343653559
v -0.0305621151500471 0.0943368652238664 0.200199271734075
v -0.0313336581438711 0.0919931659402002 0.204700524999935
v -0.035844992045053 0.0885001699216637 0.222330371536381
v -0.0346201985786815 0.0865610520565286 0.218697617530131
v -0.0315115258504858 0.0895530412446039 0.204969073720968
v -0.0338518351200562 0.0874058957232718 0.216199557121108
v -0.0312426250895275 0.0896203497882121 0.202376003510296
v -0.0318867892350233 0.0893084833925568 0.207614938744569
v -0.0323480397683079 0.0889221409949193 0.210124353838168
v -0.0328843884270407 0.0884136463311256 0.21253965319977
v -0.0333091795449892 0.0902191976408851 0.214534233185629
v -0.0333434000609059 0.0879416967643429 0.214367995835066
v -0.031047675064631 0.0890834386106568 0.196516375321529
v -0.0305842657256667 0.0866522471609965 0.196944932707885
v -0.030575978817583 0.076234696591616 0.137849059600031
v -0.0310649436474235 0.0786637646258536 0.137428802160275
v -0.0114495323274391 -0.0120288633846747 0.0850510950747632
v -0.0124642939314778 -0.0109701228670005 0.085452122566429
v -0.013002225838552 -0.0123732497012635 0.0847347359791084
v -0.0156468969066392 -0.00852173175241664 0.0862015242978589
v -0.0131851701844075 -0.0100881268809411 0.0857853721279195
v -0.0137989601761337 -0.00923170873749919 0.0861085261529268
v -0.0143927332522111 -0.00827495549004635 0.0864693056091076
v -0.0149241831543109 -0.00727361843495933 0.0868468786735785
v -0.0152842752944469 -0.00647774696772374 0.0871473009776927
v -0.0156079676238904 -0.00565569602350087 0.0874582435013746
v -0.0159520670931326 -0.00459412381960181 0.087860805812609
v -0.016152832296055 -0.0038293797132512 0.0881516466702897
v -0.0104570088433399 -0.0128952811383767 0.0847218986290268
v -0.00966994070254411 -0.01349568988765 0.084492942292401
v -0.00877749900272129 -0.014093594310576 0.084264313781314
v -0.00798561778696746 -0.0145542823250381 0.084087548760603
v -0.00724588830591997 -0.0149377562492099 0.0839399974657595
v -0.00640615946264217 -0.0153158098761186 0.0837942492113802
v -0.00546891416306247 -0.0156766750139743 0.0836546327846951
v -0.00890598333092082 -0.0159170121122076 0.0833518262948432
v -0.00434350445471327 -0.0160252224797335 0.0835195612120726
v -0.00302887677895557 -0.0163272503839305 0.0834022741749374
v -0.00386299091138716 -0.0193582582617198 0.0817979928449244
v -0.00693853975597316 -0.0352535463440375 0.0703210963982098
v -0.00546391296094857 -0.0442239408741016 0.0602471032683453
v -3.20211221042422e-07 -0.0469736558130317 0.0564572276966893
v 1.40396718665772e-07 -0.0505279626579299 0.0492061738102248
v -0.00152357489656119 -0.016535600277731 0.083321025595344
v -7.55702711947252e-07 -0.0166058704270603 0.0832939054825774
v -0.0133030607185575 -0.0141752666419314 0.083779824887667
v -0.00453539927597202 -0.0257338987499352 0.0779364389642379
v -0.0203739474630221 -0.00353592928977473 0.0873817930955784
v -0.0176004186063914 -0.00376169957194409 0.0879732052689819
v -0.0188009194552695 -0.00801713094822035 0.0857838000554487
v -0.017539407665892 -0.00745631225504783 0.0863489116799329
v -0.0163897570284512 -0.0113664266906734 0.0846874620462776
v -0.0146419961458 -0.0150227152178577 0.0831018816731449
v -0.00979498193126225 -0.0172945257135961 0.0825379993944317
v -0.0116643996164711 -0.0180587075339549 0.0818993505410995
v -0.017409937067108 -0.0156755741907157 0.0821453761574914
v -0.0114520441043667 -0.0219342033132719 0.079647949047805
v -0.0075246201077562 -0.0199759002035285 0.081263465853107
v -0.00812331755183683 -0.0239843087497884 0.0787889716299853
v 1.29964686771918e-07 -0.0205765250196342 0.0811959635944076
v -0.0145069348177256 -0.0177474651244107 0.0816094708082943
v -0.00401130589072473 -0.0225851847398615 0.0799328368917218
v 5.24629536966324e-08 -0.0269483917888617 0.0772760046137272
v -0.0228374334535579 -0.00326559662038994 0.0866713877021211
v -0.0255768312012371 -0.00289443897133088 0.0856969486393716
v -0.0216369791708074 -0.00654888976628588 0.0856322403483337
v -0.0206664442122035 -0.00937616617881892 0.0845764931013473
v -0.0194585784645699 -0.0123284232841041 0.0834178831409391
v -0.0065856937709669 -0.0292650994822737 0.0753124488447804
v -0.0249296961367946 -0.00648421919381137 0.0843910183521132
v -0.0229149604682264 -0.0146660987734923 0.0809342992096923
v -0.0229567992026332 -0.0103363895341072 0.0832787584525624
v -0.0210702880232719 -0.0144183017816031 0.0817527752722924
v -0.0182043812825299 -0.018855232323962 0.0800498482573811
v -0.0144186938683982 -0.0255474405240843 0.0766441804920692
v -0.0147953793824754 -0.0214320639945853 0.0793271345050528
v -0.0107523433323427 -0.025931000129931 0.0771396291895293
v -0.0103762436201519 -0.0295852900389148 0.0745323507219772
v -3.88762933149126e-08 -0.0330186888645887 0.0727207644420691
v -0.0028883660497882 -0.0303289976642509 0.0747814981315695
v -0.0248903049180592 -0.00999816577885687 0.0826653372645675
v -0.0214250231960786 -0.020599320070461 0.0778463837985757
v -0.0202224678496467 -0.0191455572289479 0.0792235565359095
v -0.0175106409748503 -0.0225313859612188 0.0778833982821539
v -0.0143568968916635 -0.0292359807513066 0.0738967491560411
v -0.0255359126135134 -0.0132249339321645 0.0806353744722446
v -0.0232795229566207 -0.0211546677092912 0.0767144096632061
v -0.0236075794635512 -0.0171359661861668 0.0791693610138589
v -0.0162685677498156 -0.0312540486919724 0.0716261698687187
v -0.0187578830400585 -0.0279418242437733 0.0735161660570763
v -0.017702202848296 -0.0250654363990108 0.0760758949203216
v -0.00514828355651467 -0.0328117750701661 0.0726658909171993
v -0.031428399724624 -0.00557678366653367 0.0813890304851003
v -0.0300166395302872 -0.00214003953024659 0.0837170910004431
v -0.0299939897657788 -0.0115451223430384 0.079239403920485
v -0.0278381270653432 -0.00938366705066722 0.0815879535320113
v -0.028898419166392 -0.00549038627020158 0.0829113330786377
v -0.0244366763285548 -0.0226985341452393 0.0750868229176069
v -0.0148983622365068 -0.0344220727438766 0.0692062585978301
v -0.011607184746701 -0.033240589501547 0.071251733498609
v -0.0115851077455632 -0.0372636682406743 0.0673895016151033
v -0.0332116588977358 -0.00986367348886279 0.0780882296393462
v -0.0307708953148675 -0.0147895241575796 0.0768929777243813
v -0.0277119887386566 -0.0153156711090581 0.0783435908330174
v -0.026259567001621 -0.0178191285322804 0.077536171431776
v -0.0281609141492643 -0.0202372125483185 0.0748786909532839
v -0.0252364477089845 -0.0247356234177438 0.073157629225605
v -0.0211910451682426 -0.0253134718094738 0.0746056867851536
v -0.0136326427318312 -0.041781629433149 0.0613927492188047
v -0.0342662848323673 -0.00120786295366595 0.0812738445116465
v -0.0348520643669655 -0.0068913068013347 0.078393457567838
v -0.0333249486984701 -0.00506480166543725 0.0803508815090906
v -0.0285722327551495 -0.0230897138322212 0.0725316463590045
v -0.0231202910143075 -0.0324974946864513 0.0674643128932048
v -0.0228905542293815 -0.0289683521769568 0.0708726032628282
v -0.0190270054557846 -0.0358717061011861 0.0660838768016425
v -0.00824659299299296 -0.0385795115251953 0.0667823836181525
v -0.00269881187493778 -0.0362376152819933 0.0697954355971045
v -0.0353090643441146 -0.00319886805790217 0.0796898213098238
v -0.0378493769947583 -0.00023850872288532 0.078731199829328
v -0.0355806827042849 -0.0118337270952675 0.0752365870348382
v -0.0326885052169453 -0.0148477141220635 0.0755776224528784
v -0.0306913808578693 -0.0193553301836106 0.0739316402241966
v -0.0261805424202861 -0.0279880178424418 0.0699548556665736
v -0.030355814165865 -0.0269097046499769 0.0681756496092159
v -0.0196341979585397 -0.0320716530366622 0.0696072786389154
v -0.0182698104172245 -0.038423600679109 0.0635762051438643
v -0.0135126800049989 -0.03916748153044 0.0647150263626495
v -0.0160147451010033 -0.0358146197539285 0.0674291163512517
v -1.03532597068428e-07 -0.0392288780384767 0.066891556973199
v -0.0037513369787186 -0.0396944908866033 0.0661977738246819
v -0.0368363849035718 -0.00570226960177124 0.0773870927679443
v -0.0382815032091406 -0.0077963255465853 0.0750915838385019
v -0.0331974618167257 -0.0183928697915481 0.0728860779206586
v -0.0335587739894072 -0.0217045913255681 0.0701363816081796
v -0.0298049908920011 -0.0245555931801592 0.0705914854126091
v -0.0267792468492858 -0.0312896997193318 0.0664661735341063
v -0.0230895312930006 -0.0348570339041126 0.0650357365972756
v -0.0173807307918209 -0.0433294875175626 0.0573642241053829
v -0.00942535397949781 -0.0433150184903668 0.0607038573763402
v -0.00807874445441202 -0.0412258384847831 0.0637536556179749
v -0.0404742313815458 -0.00368715581624611 0.0748456252773338
v -0.0387695646561039 -0.00388652519949102 0.0764598009781584
v -0.0373800425817068 -0.0119556791270747 0.0736388398638627
v -0.0379052265456646 -0.016157002758451 0.0704743324859217
v -0.0357965371952239 -0.0167854964706565 0.0719243122952212
v -0.0363058625987356 -0.0201055049127603 0.0690569489660051
v -0.040465007562973 -0.023270837442484 0.062081618709528
v -0.0339646033801604 -0.0245896665471125 0.067408262176627
v -0.0260117681470866 -0.0388194760944071 0.0582207279304997
v -0.0240637244865959 -0.038338690139234 0.0602870570059033
v -0.0239231320338744 -0.0363609596410184 0.0628247097993334
v -0.0033407513236832 -0.0429300768018502 0.0623016641519591
v -0.0403623050370302 0.000589413729826062 0.0765566361720121
v -0.0420960215755702 -0.00419714944369017 0.0728808625143573
v -0.0414700573354207 -0.0093517552833613 0.0710609017820454
v -0.0400000280141829 -0.0080331655286291 0.0733354969322197
v -0.0390342316247327 -0.0124930131250693 0.0717694370798147
v -0.040314055078163 -0.0143907048316889 0.0692871048460802
v -0.0313937917785248 -0.0298102547270752 0.0646103159052808
v -0.0279003692142586 -0.0326215394000369 0.064320875756721
v -0.028491969514818 -0.0344311810784527 0.061856450993051
v -0.0186532433632039 -0.0400912827232943 0.0613062107271058
v -0.0208555883722996 -0.0414338214374975 0.0581429289696456
v -0.00673420293105694 -0.0461856451738115 0.0569438474563394
v -3.15667875888403e-08 -0.0445601967447958 0.0602035807027612
v -0.042018602594318 0.00121863626013766 0.0749078674262493
v -0.0436921147176901 -0.00342881019945126 0.071226319568761
v -0.0410852907355442 -0.0175039727053651 0.0662310034134014
v -0.0386477849189692 -0.0190595197887828 0.0676280170464214
v -0.0370765953419378 -0.0225105858033022 0.0663793817226727
v -0.0346738278566195 -0.0267389373465123 0.0648152068671165
v -0.0211916132750004 -0.0438020070537482 0.054154622089387
v -0.0122631785512752 -0.047589610198373 0.0525168243233079
v -0.0450490591291554 -0.00625784774293354 0.0681384935646095
v -0.0425683399460841 -0.0122580581398744 0.0680928811112147
v -0.043275362776026 -0.00830380879408559 0.0694888814652961
v -0.0445514497633705 -0.0103382056130871 0.0666887596244642
v -0.0438106534523376 -0.0139729545122471 0.0654058367295748
v -0.0390296234407365 -0.0224080527780643 0.0644763619197228
v -0.042393754220149 -0.0186934355193356 0.0637308940947601
v -0.0414001895174347 -0.0248513327944729 0.0593876490133781
v -0.0366591504962937 -0.0267780528937719 0.062874576534154
v -0.0337399050502505 -0.0309625112050214 0.0613057450658289
v -0.0304709926887384 -0.0347565404752675 0.0598390275275924
v -0.0115649334364028 -0.0490449842279042 0.0497864473658849
v -0.0131579047853225 -0.045113275681885 0.0566086532933566
v -0.00854041035755562 -0.0478054684146023 0.0535760509913552
v -0.0030277342790127 -0.0504390623322345 0.0491714801824507
v -0.0459967990369326 0.00315936298498449 0.0698147996556431
v -0.044193531330075 0.00216943486401215 0.0724129586127484
v -0.0451442738217656 -0.00156495064724349 0.0698414876347447
v -0.0461614456885736 0.000858588939899464 0.0689237251373293
v -0.0463276308850734 -0.00283234909365295 0.067511974256218
v -0.0463106770893041 -0.00595448385653316 0.0663283005432419
v -0.0461225238564052 -0.00860296449952663 0.0653399959503115
v -0.0458614294410928 -0.0107468941640804 0.0645466432449227
v -0.0455370274438634 -0.0126778182533873 0.0638373554385299
v -0.0449875247853808 -0.0151886247428816 0.0629186169150781
v -0.0441845533806564 -0.0180367041072988 0.0618797564086372
v -0.0431866151872294 -0.02084875805269 0.0608541691112331
v -0.0422883918369926 -0.0229791937847619 0.0600748346729241
v -0.0403089141776661 -0.0268936393359238 0.058634142012131
v -0.0392374797335835 -0.0286857125456848 0.0579694571054848
v -0.0380835412871051 -0.0304380853376224 0.0573155792657529
v -0.0379708810604172 -0.0278172337751712 0.0604225383604495
v -0.0344671264037392 -0.0326933369183544 0.0586004840150367
v -0.0368741556210637 -0.032096821097356 0.0566912094498155
v -0.0355446554226137 -0.0337701693079587 0.0560563231396007
v -0.0341652959399236 -0.035346101179434 0.0554511944476248
v -0.0306303140380167 -0.0368536404478486 0.05697051680899
v -0.0328834757309379 -0.0366965188824423 0.0549273068846619
v -0.0310168576013258 -0.0384929059782725 0.0542206714849024
v -0.0258989719473059 -0.0408125398871485 0.0554128165078278
v -0.0288682424530038 -0.0403189650106667 0.0534909877145814
v -0.0273753119101682 -0.0414633667141942 0.0530270065435691
v -0.0258319353498834 -0.0425588553571962 0.0525787870754572
v -0.0236348262361851 -0.0439614904531509 0.0519961405099301
v -0.0215586996475155 -0.045130259279976 0.0514992873780588
v -0.0174458097492352 -0.0470745068697375 0.0506521973613158
v -0.0196382846019058 -0.0461005930729084 0.0510796371606073
v -0.0172223649794827 -0.0457588871026294 0.0533289040626085
v -0.0154271941909078 -0.0478510026369026 0.0503102827747848
v -0.0136230976069773 -0.0484543543654458 0.0500450085838509
v -0.0087579719627358 -0.049694827578333 0.0494954723977564
v -0.00573251011075437 -0.0501987662121936 0.0492334503851805
v -0.00347350041068721 -0.0487161491353187 0.0529138210509608
v -0.00461059425896574 -0.0503206316310033 0.049186131748867
v -0.04189676697783 0.0302510441038528 0.08199959065021
v -0.0396074010519524 0.0407626992293594 0.0882458965127342
v -0.0377666606508202 0.0360540441560591 0.0902866551961007
v -0.0382655515164391 0.0397395072935637 0.0906581113340382
v -0.0406374549723246 0.0362278065928567 0.0853938068734003
v -0.0412278873944015 0.0334891818428972 0.0837929975138679
v -0.0348897494027824 0.0317463644203615 0.0921713540217722
v -0.0431056273779511 0.0239142583925818 0.0787628051915137
v -0.04257761591872 0.0267603372761535 0.0801789817174006
v -0.0438383472597974 0.019734054362758 0.0767777768497666
v -0.0418412191754312 0.0249701546511768 0.0811347794279133
v -0.0161522995795543 -0.00382938995779929 0.0881516988243528
v -0.0164328567735959 -0.00240728765933321 0.0886999646864839
v -0.0406214995543329 0.0174259856173551 0.080972379126272
v -0.0459893000277294 0.00316010990567264 0.0698122962606185
v -0.0400576508032316 0.0388134746518704 0.0869867558705786
v -0.0400654217586205 0.0345166727636012 0.0861588026696711
v -0.0450440188114943 0.0116798325625101 0.0732554478960756
v -0.0445160446051653 0.0154446713899524 0.0748624635891065
v -0.0450256084272508 0.00258328061364712 0.0713318719417183
v -0.0413823714543354 0.0209034341371785 0.0808979552783529
v -0.0456988130726191 0.00608072788832953 0.0709729774823864
v -0.0396485394317988 0.0313597687029894 0.0860695223643737
v -0.0390780745652753 0.0279972845018521 0.0859246681796461
v -0.0430446965311913 0.00163179853543346 0.0738263858744564
v -0.0355477474134923 0.0382286227145359 0.0941605174356583
v -0.0365673965982934 0.0331672497130804 0.0908863598655232
v -0.0362237162242004 0.0257391160188816 0.0885053182727399
v -0.0381414620993709 0.0259982080907033 0.0864604915724584
v -0.0368556185769529 0.0200519948441092 0.0858899633760013
v -0.0389702646664476 0.000108555771778024 0.0778223333249464
v -0.041047669029661 0.000833959823925957 0.0759180543739038
v -0.0333753593256621 0.0373066022104044 0.0962525659147076
v -0.0390636688680132 0.0139064692577766 0.0817303117722948
v -0.0330063209010742 0.0310570031913299 0.0937040799773317
v -0.0357868030118916 -0.000827277933848408 0.0802767556843886
v -0.0363974712104175 0.0104161293711635 0.0831848513368177
v -0.0335572540709994 0.0240374202123864 0.0903244445400436
v -0.030272097581504 0.0302291785129347 0.0955332198247338
v -0.0340383343240995 0.0182916368925953 0.0877845416713235
v -0.0306402568376011 0.0232014222472591 0.0922315174587476
v -0.0309866231459393 0.0174387633627932 0.0897561291659743
v -0.031576446483066 0.00902557446005413 0.0864063184021491
v -0.0325375490068451 -0.00162193920563299 0.0823603850075516
v -0.0339940965027941 0.00961542946214771 0.0848612319336556
v -0.0311464623105576 0.0365385703026083 0.0979603283563182
v -0.027617597335184 0.0210471465204552 0.0932796576631145
v -0.0274187711458186 0.0267086078962253 0.0957897805618543
v -0.0272310984753575 0.0323615178683065 0.0985656135104832
v -0.0284660750225322 0.0357836402404989 0.0995975785047357
v -0.0279619817891278 0.0126020523696681 0.0898717696248344
v -0.0243374867512851 0.0218893377805652 0.0953314879090006
v -0.0254750115690754 0.0126121320736678 0.0911874080183936
v -0.023716238728548 0.0135526514376854 0.0923777947043375
v -0.0272303236149928 -0.000580945679505646 0.0858015547886143
v -0.0299724072969171 -0.00216044271192458 0.0837715472928088
v -0.01946463951175 0.0342576794119702 0.102609065861797
v -0.0217330544054573 0.030228075827031 0.0999989710748425
v -0.0241742557099258 0.0348925284692829 0.101440338013165
v -0.0218792534199527 0.020512297291034 0.0957921423958508
v -0.0242046484901465 0.0289610655092959 0.098449607973182
v -0.0207932735802249 0.0134904558548976 0.0935517305086911
v -0.0250246444711544 -0.00299268907697453 0.0859549175361934
v -0.0189049276954327 -0.0036755208035815 0.0877475718912279
v -0.021222488480304 -0.000780099577994664 0.0882359946913422
v -0.0183825190726852 0.0282337323971007 0.10006522163603
v -0.0166000403478735 0.0272792199117123 0.0999780125920918
v -0.018562847333487 0.00337736370874878 0.0905470157292407
v -0.0166003625854771 0.0340120859292433 0.102969405733733
v -0.0183834485325939 0.0195461786639802 0.0965418645022392
v -0.020120232847626 0.0259448544842413 0.0986105256093175
v -0.0166000571116794 0.00567095574354486 0.0917871573912987
v -0.0165998559460078 0.018960831263047 0.0966920458519746
v -0.016596380250237 -0.000607393319180765 0.0893976966426291
v -0.0204727589233351 0.0659944325835766 0.136643466279429
v -0.0166030634208831 0.0641515464152803 0.133230176570337
v -0.0166033614441003 0.0652012139886355 0.137057077801442
v -0.0304060757814484 0.0723405017180638 0.12797316622794
v -0.0309705913594982 0.0734078569693607 0.127212536471802
v -0.0307225391852292 0.0746363980776886 0.130996418051502
v -0.0305741999915052 0.0758559984895001 0.135868993344851
v -0.0305729687830891 0.0762342719085315 0.137848836082619
v -0.0315068133583636 0.0711673556752358 0.121722337863095
v -0.0312102988836851 0.0723441003484117 0.124444996019192
v -0.0306389101451883 0.0753655565820892 0.133766946186864
v -0.0309424430666322 0.0700694530441743 0.122502272073129
v -0.0319709919697574 0.0693877100336327 0.118122887951369
v -0.0319145575482874 0.0608411156943199 0.111432169867333
v -0.0316788733375328 0.0672763571006882 0.117193577054286
v -0.0325784564186982 0.0639779106383501 0.112101865289319
v -0.0325237244548565 0.0673977866605427 0.114625034154392
v -0.0336484007466946 0.0634547010782063 0.108825994085684
v -0.0331502586644089 0.0652086347667441 0.111247343318596
v -0.0273994331643116 0.0485235739829344 0.107614932039046
v -0.0295164485383831 0.0495409805430259 0.106620748938156
v -0.0274561376693221 0.0529750312944874 0.110848141219136
v -0.0251826954964694 0.0350852600838563 0.101050225621829
v -0.0215912791730925 0.0344880401830073 0.102213760415902
v -0.0341768219878494 0.061602326595732 0.106463407580627
v -0.0357023059792306 0.0561198505136411 0.100481686730347
v -0.0349234558286495 0.0589446263251172 0.103404921962211
v -0.0341107949440753 0.0584109077212764 0.105132994686075
v -0.0373351267575822 0.0499902207406567 0.0949968897924522
v -0.0365062273329599 0.0531498889666082 0.0976992525674569
v -0.0389933689163622 0.0433511649813248 0.0899914781006095
v -0.0381650767140451 0.0467270304249152 0.0924355292520926
v -0.0396074010519524 0.0407626992293594 0.0882458965127342
v -0.0296408229401527 0.0697319939047406 0.126293224253657
v -0.0302372754312174 0.0672540426122992 0.121150245044747
v -0.0329180538747154 0.056963960298212 0.106959690743096
v -0.0292830274414343 0.0737608505689917 0.138292115815905
v -0.0340035885422624 0.0526167664092018 0.102692482560296
v -0.036070107607467 0.0464043420611847 0.0964750327957786
v -0.0364351599715246 0.0495383281363927 0.0968123950776667
v -0.0350360266483723 0.0455384169771137 0.0978066377832001
v -0.0385823986251121 0.0399623020001736 0.0901349613785379
v -0.0280228846962109 0.0677404463051168 0.127087709447271
v -0.0292412352731552 0.0716884418199569 0.131590005794391
v -0.0310103551072552 0.0642726034461133 0.116164704050913
v -0.0285820526201568 0.0653132185642455 0.122192700456246
v -0.0292893306324784 0.062387319749878 0.117487033065698
v -0.0338123582196458 0.0451590445974688 0.0993594430530195
v -0.027476475891252 0.0712408258488599 0.138736304520004
v -0.0274663282007058 0.0706732704339944 0.136036050259261
v -0.0363025657168952 0.0385933621542154 0.0933226773145196
v -0.0250627132118635 0.0690739884434503 0.139119472970378
v -0.0276441269894515 0.0696540608334388 0.132160884168128
v -0.0266184055815997 0.0635477364760406 0.122766916690016
v -0.0261039597666872 0.0659461826247093 0.127479639780231
v -0.0279719301766474 0.0573825786102739 0.114160453211655
v -0.0309930567221409 0.0552547189163859 0.108884645054833
v -0.0301040888554438 0.0590362982667327 0.113058370804972
v -0.0293104064618709 0.0540435115834293 0.109960218296344
v -0.0325540334160474 0.0444714603318698 0.100551990407288
v -0.0311576027909461 0.0441326712638293 0.101838295865693
v -0.0255520468454354 0.0688729270799558 0.136371117762377
v -0.0166002955302532 0.0632757530374292 0.130730804859158
v -0.0166001334801289 0.0615618550428341 0.12686975016736
v -0.0262397484576762 0.0682785272237996 0.132383745929962
v -0.0308081817446314 0.0364424093862834 0.0981731690874732
v -0.0319390848590642 0.0510005827769513 0.104896289745801
v -0.0336296550863318 0.0373980282828657 0.0960476824034523
v -0.0234252041557761 0.0674036353661806 0.136558961796188
v -0.0238976547740927 0.0644291624926971 0.127642330654509
v -0.0272567023950066 0.0606705085783346 0.118305240907403
v -0.0254697235196149 0.0559506813596789 0.11490960162335
v -0.0247018015078801 0.067053055754609 0.132528838533263
v -0.0224088518528155 0.0657024592376704 0.132613745347848
v -0.024596236096407 0.0517348970830098 0.111715262121366
v -0.0265340687364179 0.0426052873744384 0.104455893387141
v -0.0214361487753063 0.063248692529306 0.127715554958979
v -0.0243444698077934 0.0620414973339112 0.123058368495292
v -0.0248785031986574 0.0592025020896837 0.118817095782971
v -0.024652774826003 0.0433916290836423 0.105895703154153
v -0.0288752366853829 0.0434066941572725 0.103407611621746
v -0.0284386233589364 0.0357754222502842 0.0996148862030755
v -0.0223057805231414 0.0673602208340127 0.13942055092557
v -0.0226126457166828 0.0548170643713243 0.115413991017327
v -0.0251019293419589 0.04771194872904 0.108462666530997
v -0.0165997330114307 0.0585491793181938 0.121828769404543
v -0.0217792163391589 0.0608656765327087 0.123224799560946
v -0.0187830343369464 0.061319789409941 0.125603822046433
v -0.0192073523430375 0.0557133133177471 0.117604238146449
v -0.0221867127972834 0.0580464402277826 0.119135101456901
v -0.021534904356266 0.0507202658641285 0.112184373017005
v -0.0188540644454795 0.038980900370012 0.105148909125874
v -0.0220942920723346 0.0381883970307922 0.103960914076248
v -0.0192419770529427 0.066244898745905 0.139618289330193
v -0.0166021469994902 0.0657435938922266 0.139705908156054
v -0.0199224087613285 0.0647190869289849 0.132678505792949
v -0.0187302357987264 0.0444162068273981 0.108362404070145
v -0.021652707346096 0.0468651790872555 0.109277037323779
v -0.0218918951922979 0.0428134044376005 0.10661682993285
v -0.0186827681508044 0.0629322440266861 0.128980395295164
v -0.0189902871327785 0.0587247857736479 0.121400510041404
v -0.0194131075722032 0.052324573271173 0.11418183637749
v -0.0166008580490757 0.0543133678813278 0.116717715932778
v -0.0165998019292997 0.0493699934474387 0.112228383595607
v -0.0186147387635396 0.0484864998947127 0.111203533905666
v -0.016599859671298 0.0438373935855023 0.108311106823882
v -0.0166021395489097 0.0340018451064417 0.102994313024111
v -0.01659989319891 0.037884599613743 0.104891208449948
v 0.0279959229082784 0.107712519741525 0.214807550278137
v 0.0100000554323185 0.107494031470404 0.214397425627766
v 0.0100000731274471 0.105292519063671 0.211508194844987
v 0.0284757365627053 0.105029148496037 0.210332731671645
v 0.0100000386685126 0.106257518241015 0.208471993912637
v 0.027392550690639 0.105917905883837 0.208409438839344
v 0.0267693934566667 0.106587184073319 0.207812274817848
v 0.0262933609718081 0.107079920759502 0.207508261333966
v 0.00999997999519167 0.108999421246364 0.207287739054388
v 0.0100000125914811 0.107625847139378 0.207531298528657
v 0.0240654995873834 0.109000002391638 0.207053999445125
v 0.0251683326400447 0.108080623118269 0.207128058214603
v 0.00999996043741804 0.105475147691181 0.209803040106527
v 0.0280910202542468 0.105272648365663 0.209494153943043
v 0.0287655753173182 0.104973686375313 0.211245979117319
v 0.0289390322803181 0.10513981196717 0.212181921030985
v 0.0289892659562249 0.105576974773923 0.213136623506174
v 0.0289152090493919 0.105961506680516 0.213651950352223
v 0.00999993063509632 0.106115808201229 0.213395948408635
v 0.0287589387127998 0.106419665222922 0.214094082696123
v 0.0284629401908161 0.106984903507273 0.214483673546828
v 0.0274260298738029 0.10845438893614 0.214970032536163
v 0.026942200356524 0.109000002391638 0.214995990358383
v 0.0099999390169993 0.108998251505237 0.214735190240997
v 0.028799399089827 0.1063129952629 0.214000995144226
v 0.0289135792349228 0.105965887621809 0.213657910816567
v 0.0296377998671431 0.105456998077252 0.21493899341809
v 0.0306694407611469 0.105105166768169 0.217390934734249
v 0.0323402352853071 0.104458307375202 0.221143523876141
v 0.028977600209916 0.105667998515041 0.213269988895878
v 0.0344104833660171 0.104242046827629 0.226252461383064
v 0.0381018697149639 0.101859060633354 0.232935721436089
v 0.0371733001506341 0.102984291993434 0.231739709561921
v 0.0421640751772213 0.100423780819243 0.242120677781388
v 0.040358508966301 0.101422702489287 0.238215858380142
v 0.0405720314255653 0.100606916086222 0.238029519363578
v 0.0428247628474667 0.0993752233823724 0.243028307489418
v 0.0438297977187535 0.0988377012572219 0.245469981905744
v 0.0436307778142969 0.0996490992684131 0.245618874305065
v 0.0322405837720506 0.10513341191858 0.221812422086021
v 0.0307737991785903 0.105679993949534 0.218643988252193
v 0.0297786717166307 0.106022579088304 0.216362069181456
v 0.0349604367846157 0.103335385695055 0.226609090865945
v 0.0306035496904657 0.104048741518363 0.215597386309563
v 0.0316464744885313 0.103657735057376 0.218141088974302
v 0.0305559758717725 0.099036505094846 0.20861503015574
v 0.0305625342451964 0.0943349131717937 0.200199629361936
v 0.0310055997742955 0.0892864967297067 0.19780399953267
v 0.0420817239117242 0.0971880086394857 0.239316845551502
v 0.0416725305839068 0.0988767124963554 0.239492932569393
v 0.0419497927587531 0.0950958036982473 0.237943271444516
v 0.0392817287307596 0.0886131803256319 0.230824077930508
v 0.0383328973129494 0.100611736611761 0.232449883987385
v 0.0326091751618127 0.0988095008102929 0.21623906009855
v 0.0296669782027536 0.102076967759201 0.209212358090005
v 0.0309756614794811 0.102047716780432 0.213955010161809
v 0.0286157832604103 0.103175526041341 0.206874827886935
v 0.0276445237328595 0.104899113515786 0.206837008740671
v 0.0300988753117876 0.0981951184974224 0.204671423032773
v 0.0265679055474425 0.104943772294885 0.202206011067196
v 0.025872609931098 0.104580340432071 0.196932981976874
v 0.025783076306066 0.104156685527639 0.193858336049504
v 0.0260065993069131 0.104727996035041 0.198456998203911
v 0.0257697006515484 0.104369995645361 0.195392991705395
v 0.0294926662856493 0.104439204086978 0.212614635841221
v 0.0285132707242685 0.10471828047816 0.209747175654459
v 0.0324698120548622 0.101218705597103 0.217734495899055
v 0.032967782773798 0.103105773707351 0.221166307751097
v 0.0342634238094821 0.102533509525654 0.224003712296403
v 0.0359515055428858 0.101764550020594 0.227522815148767
v 0.0445233238222458 0.0951801964227823 0.244808787596029
v 0.0441277427048746 0.0975086443683075 0.24522339749582
v 0.0270806675311777 0.104966667928548 0.204516272145891
v 0.0351839169446253 0.0997236125232975 0.224051694034375
v 0.0262149585139392 0.104852048199207 0.199972848594795
v 0.0287469991576601 0.0990926303172281 0.19475134771873
v 0.0290871665830802 0.100889836976906 0.204184214677269
v 0.0312355041972812 0.0998025141700553 0.212362284682044
v 0.0344048768042432 0.0966563054176513 0.220349396310388
v 0.0362487986032193 0.097264615507471 0.22539393100007
v 0.0430564721735616 0.091862236890297 0.239455336940542
v 0.0277679351471085 0.102133443158864 0.199644918747732
v 0.0436353040419084 0.0879196132439473 0.240183571572969
v 0.0449159247074448 0.087256831960601 0.243379527850907
v 0.0449295294673107 0.0910320857681624 0.244058469443206
v 0.0309364192723542 0.0915013233236684 0.199431057287058
v 0.0364032379596706 0.0941626557522431 0.224842439036613
v 0.0439817970101139 0.0742037354215154 0.241033161259446
v 0.0289277278871601 0.0995689682758843 0.199353556349421
v 0.0366833872344337 0.0892930755922267 0.224684248312915
v 0.0385685219190605 0.0932169237758919 0.229720706573411
v 0.0298775614080382 0.0969964914695225 0.199816744033618
v 0.032118442681765 0.0918985510193147 0.209584097349999
v 0.032893396178781 0.0922015586748383 0.213349948525057
v 0.032987932868572 0.0958397814071239 0.215667347259804
v 0.0372214569772459 0.0835711862838759 0.225683847985778
v 0.0315153703499879 0.0962773316440595 0.210044185592737
v 0.0308468744714516 0.0954802685496163 0.205103079860589
v 0.0354772649226208 0.0855938624085378 0.221201087060546
v 0.0363524622540375 0.0845892484950453 0.223526621829123
v 0.0381347342252423 0.0824451949645918 0.227906073006107
v 0.0400496898580417 0.0800098460910514 0.232239256078617
v 0.0396954445608984 0.083736805236263 0.231487209391135
v 0.0390950544380762 0.081246553035531 0.230105082017815
v 0.0409948071615074 0.0787323546692958 0.234326893814052
v 0.0423923535110281 0.0767267776267215 0.237422639785201
v 0.0302698251544727 0.0945980378702733 0.195543821255628
v 0.0310716417192305 0.0890885944123147 0.196515451449555
v 0.0310671378433603 0.089504433657876 0.199752624338434
v 0.0318868339385059 0.0893084759419763 0.207614998349212
v 0.0313334793299408 0.0919931361378785 0.204698945476883
v 0.0346200719188142 0.0865610669576894 0.218697617530131
v 0.0351159564752295 0.0898387412017877 0.220420579155819
v 0.0315115519275173 0.0895530337940235 0.204969192930254
v 0.0340237088347147 0.0905844027418416 0.217084343349538
v 0.0312426977326867 0.0896203497882121 0.202375929004492
v 0.0323480732959199 0.0889221335443389 0.21012439854165
v 0.0338512726012337 0.0874065439237693 0.216197545464392
v 0.032884705076709 0.0884133334067475 0.212541053908891
v 0.0333434000609059 0.0879415999067973 0.214367995835066
v -3.00519012674534e-11 0.0815960970164228 0.0606137984853879
v 0.00221562799701929 0.0816247966522407 0.0606780485657293
v -5.33772007708939e-11 0.0807479005884859 0.0597628006392091
v 0.00211221161233908 0.0807523038815202 0.0597859235155748
v 0.00436006802633258 0.0807770174568078 0.0599205108004694
v 0.00588221136371326 0.0808086228189936 0.0600807429832054
v 0.00532246741676783 0.0817077588653331 0.0609865472990301
v 0.00798331835158213 0.081789379973948 0.061431410280658
v 0.00741356361850591 0.0808563959407132 0.0603151568699965
v 0.00985686086438175 0.0818591323079373 0.0618788586136954
v 0.0118809162777459 0.0811130684365402 0.0615894519927475
v 0.0116977875300248 0.0819505881827204 0.0624866769652066
v 0.014455199849862 0.0822107028467061 0.0639215991514563
v 0.0128613996238695 0.0820322986983004 0.0629961029515541
v 0.0151967998922588 0.0823226999717358 0.0644657001391269
v 0.0174233797768495 0.0827896501990496 0.0667210355388886
v 0.0181230842741637 0.0820363443634742 0.0661673754565259
v 0.0198219358215796 0.0825818237085243 0.0688888862232367
v 0.0184539217102398 0.0830967705749708 0.0682315811165068
v 0.0190409603929307 0.0823004227362489 0.0674791991529047
v 0.0211499049257511 0.0832518469560489 0.0722413046902126
v 0.0200427058329576 0.0837390255092313 0.0715309365496575
v 0.0220992876865132 0.0851779412065917 0.0792726111574632
v 0.0224508768517331 0.0843539442638927 0.0778022391095257
v 0.0233738361289988 0.0857475231793342 0.0849151368830695
v 0.0238231191674671 0.0868863145957977 0.0908008793562454
v 0.0238494495187081 0.0882791037497136 0.0964691617383995
v 0.0235069034954856 0.0873230005654033 0.0911624858268539
v 0.0247575411627249 0.0949388125179985 0.134557944508837
v 0.0244322003923613 0.0953140982542773 0.134491991970867
v 0.0244341598950145 0.0946222820589938 0.130590763749389
v 0.0244149932768573 0.0923361757620546 0.118399937784673
v 0.024328085981427 0.0909594426089661 0.111081873377818
v 0.0246758474109508 0.0922703126310499 0.119597678193502
v 0.0243514100234643 0.0892473364789646 0.103233864086109
v 0.0241546178425564 0.0896169597741162 0.103827459279579
v 0.0241081914132496 0.0879546384225505 0.0963948123962846
v 0.0231962627203111 0.0866718943415915 0.0875392983658768
v 0.0215955893338715 0.0847252141373195 0.0767988917947063
v 0.0211405395461501 0.0843827929113192 0.074946968072348
v 0.0206373217559462 0.0840592738078708 0.0732165335144877
v 0.0218854970063533 0.0837940256939684 0.0749681724242529
v 0.0204834616821233 0.0828788410973818 0.0703742264872589
v 0.0193086876874713 0.0834106039238597 0.0698251783141826
v 0.016223063329837 0.0825104769503229 0.0653662741474895
v 0.0170620117248147 0.0817960780457549 0.0649676308415614
v 0.0159100346436346 0.0815910604240519 0.0639351964607418
v 0.0146386340713808 0.0814056825323633 0.0630258307674714
v 0.0136758002189742 0.082112995934942 0.0634307027586392
v 0.0132884873832357 0.0812472086866089 0.0622427822148178
v 0.01042615319581 0.0810061749591054 0.0610561766984423
v 0.00884437168737426 0.0809164327178213 0.060616190121706
v 0.0228985710539246 0.0849349107235328 0.0807572436163445
v 0.0227284892038597 0.085916129814474 0.0833493676033012
v 0.0244323996953878 0.105732997378716 0.193580995643564
v 0.0244322003923613 0.0953140982542773 0.134491991970867
v 0.0247558852712243 0.094938335680851 0.134558019014641
v 0.0247545441667468 0.105356184273449 0.193647112094303
v 0.0244323996953878 0.105732997378716 0.193580995643564
v 0.026925199994627 0.106421997254597 0.20794699621319
v 0.0266267316052306 0.106206772337704 0.20620202557291
v 0.0266064995540719 0.106759992835821 0.207697997815207
v 0.0262159997325543 0.10679200052935 0.206342990554653
v 0.0272229996944297 0.106112000954629 0.208231995815814
v 0.0250860819573834 0.10665264487298 0.201195831570122
v 0.0245502939548281 0.106215288351136 0.19675062157026
v 0.0248446123709247 0.105746698996127 0.196145634439313
v 0.0247557995895493 0.105356996386716 0.193646992885016
v 0.0244643999383363 0.105993998661773 0.195174987722002
v 0.0247856633785594 0.106495914463046 0.199204947072157
v 0.0250421719616169 0.105987874284659 0.198328758813543
v 0.0254557611318883 0.106174988161588 0.201094801699486
v 0.0259757464533508 0.10624029249906 0.203633586981142
v 0.0256318667762313 0.106767525372636 0.20396765610648
v 0.0306113467228861 0.0762245638022307 0.137857985395387
v 0.0305841316152189 0.0866521055999684 0.196944932707885
v 0.0310479507361069 0.0890833417531112 0.19651639022269
v 0.0310187928895926 0.0786603895129186 0.137429204491618
v 0.0124642939314778 -0.010970123798323 0.085452122566429
v 0.0131851701844075 -0.0100881268809411 0.0857853721279195
v 0.0137989601761337 -0.00923170780617663 0.0861085261529268
v 0.0140276771628633 -0.0111076922467123 0.0852200593377636
v 0.0143927332522111 -0.00827495549004635 0.0864693056091076
v 0.0152842752944469 -0.00647774696772374 0.0871473009776927
v 0.0149241840856334 -0.00727361796929805 0.0868468786735785
v 0.0176004409581326 -0.00376169817496026 0.0879731978184015
v 0.0156079676238904 -0.00565569509217832 0.0874582435013746
v 0.0203739772653438 -0.00353592672863771 0.0873817930955784
v 0.0241670007072318 -0.00644151106980054 0.0847243722217297
v 0.0242216078738512 -0.0030899759622669 0.0862120519680071
v 0.0161528341587001 -0.00382938134306567 0.0881516466702897
v 0.0159520670931326 -0.00459412381960181 0.087860805812609
v 0.0114495323274391 -0.0120288633846747 0.0850510950747632
v 0.01035366184219 -0.0157588400149607 0.0833138357852287
v 0.0104570079120174 -0.0128952811383767 0.0847218986290268
v 0.00966994070254411 -0.01349568988765 0.084492942292401
v 0.00877749900272129 -0.014093594310576 0.084264313781314
v 0.00798561778696746 -0.0145542823250381 0.084087548760603
v 0.00724588830591997 -0.0149377562492099 0.0839399974657595
v 0.00640615946264217 -0.0153158108074411 0.0837942492113802
v 0.00546891416306247 -0.0156766750139743 0.0836546327846951
v 0.00611660383008569 -0.0174911670202503 0.082707343637034
v 0.00434350445471327 -0.0160252224797335 0.0835195612120726
v 0.00302887677895557 -0.0163272503839305 0.0834022741749374
v -1.29960139298511e-07 -0.0205764896293772 0.0811959784955685
v 0.00152357489656119 -0.016535600277731 0.083321025595344
v 0.00334073851799809 -0.04293007307656 0.0623016716025396
v 3.20219093855758e-07 -0.0469736558130317 0.0564572239713991
v 0.0031466914103175 -0.0486356828666705 0.0531140404988667
v -1.40372133887664e-07 -0.0505279626579299 0.0492061738102248
v 7.55719310225188e-07 -0.0166058704270603 0.0832939054825774
v 0.0129298658014121 -0.0145714167973829 0.0836208891059259
v 0.01568871887724 -0.00975555066565696 0.0856299455695611
v 0.0184234115833774 -0.00688618219898243 0.0864120926019826
v 0.00752458099220894 -0.0199759206926247 0.0812634509519461
v 0.017550192381065 -0.01073355762511 0.0847475062739661
v 0.0207747011458571 -0.00919185278880937 0.0846351962245584
v 0.0152456663866567 -0.0142704496695748 0.0833956059054522
v 0.0124458705087186 -0.0197874042439298 0.0807862114730579
v 0.0161837373036803 -0.0157277636439855 0.0824069511352415
v 0.0119663520835412 -0.0178027912720416 0.0820044335274897
v 0.011321428910164 -0.0231559290031512 0.0788925346979677
v 0.00372696054219547 -0.0217197700205499 0.0804628935352811
v 0.00827211868154748 -0.0237830369073967 0.0789076221233392
v 0.00417269291342742 -0.0258512416664237 0.0778800008174776
v 0.0218137982082266 -0.00640605375753231 0.0856392960480012
v 0.0240883281658222 -0.0101099980597945 0.0829506125386667
v 0.0193980294600572 -0.0118848185192463 0.0836719702853567
v 0.0219649052925804 -0.0126561510341731 0.0824135821518246
v 0.0147696907124739 -0.02006888717259 0.0801682677827417
v 0.0178422979747738 -0.0163559630582641 0.081638878249253
v 0.0173685658566231 -0.0199024486563555 0.0796352458081712
v 0.0132551488297774 -0.024063812030916 0.0779464152914341
v -1.93107534532093e-08 -0.0263197621035632 0.077685220293286
v 0.0236075887767767 -0.0171359605982315 0.0791693610138589
v 0.0214250176081433 -0.0205992809549137 0.077846406150317
v 0.0199864986541907 -0.0162651795983649 0.0810462441806589
v 0.00533283815906565 -0.0307283469126747 0.074314503200773
v 0.0106366125351949 -0.031633313038201 0.0728400556853401
v 4.38220436801931e-08 -0.0325501628395138 0.0731197281229556
v 0.00453620719828744 -0.0289699745408455 0.0757117030983037
v 0.0259694916910795 -0.0060535514305484 0.0841278340489901
v 0.0280589510934293 -0.00249096326550182 0.0846387874043258
v 0.0229149790946774 -0.014666109949363 0.0809342843085314
v 0.0177022140241667 -0.0250654252231402 0.0760759023709021
v 0.0202224492231957 -0.0191455572289479 0.0792235565359095
v 0.017510618623109 -0.0225313859612188 0.0778834057327343
v 0.0139137186725353 -0.025976701990291 0.0764692185118224
v 0.0093886282059113 -0.0279874907138763 0.0758881030405736
v 0.0294837665673252 -0.00634080297110678 0.0821877550589795
v 0.0255359014376427 -0.0132249749103568 0.0806353595710838
v 0.0274410893594979 -0.00736394601246845 0.0828038584559293
v 0.0232795210939756 -0.0211546583960657 0.0767144171137865
v 0.0268576623456706 -0.0188309471570491 0.0765631554298887
v 0.0241844499665997 -0.0230447868322259 0.0749505219992133
v 0.0192531268465568 -0.0261358706026706 0.0747521502952542
v 0.00308815778781125 -0.0363030947081058 0.0697159006510101
v 0.00514827564027296 -0.0328117378172639 0.072665920719521
v 0.032585776613971 -0.00473392138852361 0.0810136627924368
v 0.02796868544887 -0.0119004768453433 0.0801762473543827
v 0.0307517212461299 -0.00890603641630639 0.0801891741114294
v 0.0258647290796478 -0.0167735625034522 0.0783743542796145
v 0.0235102823337107 -0.0282982078575002 0.0711461364221691
v 0.0211786064242141 -0.0267729064053396 0.0734794868496175
v 0.0263083254626026 -0.023224235924537 0.0737440718618615
v 0.0137889028238752 -0.0329761311491703 0.0708902983913504
v 0.014356862432729 -0.0292360273174343 0.0738967193537193
v 0.00662473062147066 -0.0343231774645338 0.0711885898294615
v 0.0306492627266963 -0.00201114099634126 0.0833788570006447
v 0.0342662773817869 -0.00120786458348042 0.0812738519622269
v 0.0322899028892096 -0.0101696576512683 0.0785513279165775
v 0.0291305401370557 -0.0139432071385563 0.0783650485046569
v 0.0206020786478653 -0.0299568858752354 0.0710684641211823
v 0.0175631768801101 -0.0302216422508294 0.0720595328794524
v 0.0160537265378151 -0.0387753090536158 0.0641680941544154
v 0.0124095573110234 -0.0358589656086502 0.06858755494831
v 0.00874311829932526 -0.0355489283304906 0.0697485639956169
v 0.00375129460354241 -0.0396945095130543 0.0661977514729406
v 0.028968979888358 -0.0187346800699531 0.0754401443427768
v 0.0286977210186935 -0.0228982897945134 0.072605176137272
v 0.0271977627158669 -0.0294355296469738 0.0680063426195157
v 0.0170698534607177 -0.0329287417323428 0.069838514853153
v 0.0160147432383582 -0.0358146085780578 0.0674291312524125
v 0.0082465901990253 -0.0385794854481638 0.0667824134204742
v 0.0378493844453388 -0.000238506321819361 0.0787311923787476
v 0.0353090531682439 -0.00319882451857278 0.0796898436615651
v 0.0337985038653355 -0.0114861603121574 0.0767768529777932
v 0.0348520345646438 -0.00689129329715767 0.0783934873701597
v 0.0335523776661077 -0.0175435781282879 0.073190381977177
v 0.0315541804234498 -0.015328073531507 0.0760474709559797
v 0.0338893227154917 -0.021037086374229 0.0703812151317026
v 0.030789478925106 -0.0191531344692456 0.0740061683802418
v 0.0311993856459997 -0.0222539654615383 0.0714572428586205
v 0.0275514175545111 -0.0261694485060252 0.0706922321611889
v 0.0231202574866956 -0.0324974946864513 0.0674643352449461
v 0.0203210297155153 -0.0326297834672831 0.0687535017262361
v 0.0190269831040433 -0.035871721002347 0.0660838693510621
v 0.0136326380752184 -0.0417816219825685 0.0613927603946754
v 0.0119708866930556 -0.038983843349282 0.0654160589259253
v 0.00807869136902645 -0.0412258571112342 0.0637536481673945
v 0.0368363737277012 -0.0057022886938836 0.0773870927679443
v 0.0382814883079797 -0.00779630785145677 0.0750916136408236
v 0.0355806752537045 -0.0118337317518802 0.0752365870348382
v 0.0357965409205142 -0.0167855188223978 0.0719242973940604
v 0.0250450404350826 -0.033071822678928 0.0657557383383273
v 0.020870066712721 -0.0366350776709231 0.0643104598452793
v 0.00747495546992977 -0.0487225044804258 0.0520607184158105
v 0.00942535397949781 -0.043315022215657 0.0607038499257598
v 1.03530884660473e-07 -0.0392288556867354 0.0668915793249403
v 0.0403563408473957 -0.00537812511522795 0.0742678253143766
v 0.0387695609308137 -0.00388653684102294 0.0764598009781584
v 0.037380046306997 -0.0119556707451717 0.0736388398638627
v 0.0354431524401203 -0.0218897699142302 0.0684061705677322
v 0.0379709332144802 -0.0278170810382724 0.0604226463938658
v 0.0312592603729835 -0.025589137697463 0.0686810075786484
v 0.0336825691085484 -0.0265354005276698 0.0658946767621932
v 0.0239231227206489 -0.0363609484651477 0.0628247247004943
v 0.00546393810665753 -0.0442239334235212 0.0602471069936356
v 0.0403623199381911 0.000589417862569894 0.0765566212708513
v 0.0414700498848403 -0.00935177856642515 0.0710609017820454
v 0.0395031078270878 -0.0105724816641403 0.0724436177512194
v 0.0407138904769599 -0.0128207026909136 0.069842478561942
v 0.038415170347352 -0.0146462308694522 0.0710102899891818
v 0.037450174895298 -0.0196799445223823 0.0683539270977543
v 0.027900341274582 -0.0326215468506173 0.0643208832073014
v 0.0260117718723769 -0.0388194686438267 0.0582207353810801
v 0.0186532303246881 -0.0400912752727139 0.0613062256282666
v 0.0182361784971617 -0.0453134765033398 0.0535063992402017
v 0.0217280159504413 -0.0426406999832241 0.0557239341201499
v 0.0221767327447969 -0.0448026311814203 0.0516400809964519
v 0.019891464638156 -0.0411471640807284 0.059125451912162
v 0.0173807252038855 -0.0433294912428528 0.0573642203800927
v 3.15701022706286e-08 -0.044560200470086 0.060203576977471
v 0.0420185839678669 0.00121862822748063 0.0749078897779906
v 0.0441935536818163 0.0021694448757296 0.0724129362610071
v 0.0420960253008604 -0.00419715410030294 0.0728808550637769
v 0.043275362776026 -0.00830379948086005 0.0694888814652961
v 0.0425683622978254 -0.0122580674530999 0.068092851308893
v 0.0395156359780815 -0.0168227959389362 0.0684258997047119
v 0.0415248563544862 -0.0160820871722234 0.0667427092773606
v 0.0360319382839221 -0.0277270146967396 0.0625253380270599
v 0.0383112906297013 -0.0238667665302734 0.0639448896658817
v 0.0359538711021725 -0.0246110571635281 0.0656078517673644
v 0.0284919806906887 -0.0344311810784527 0.0618564398171803
v 0.0337399013249602 -0.0309625000291508 0.0613057599669897
v 0.0313938178555563 -0.0298102416885594 0.0646103084547003
v 0.0240637133107253 -0.0383386864139438 0.060287068181774
v 0.0135927616374324 -0.047136957634905 0.0527560512850571
v 0.00877370013802435 -0.0471437637401282 0.0547084684362605
v 0.0067342057250246 -0.0461856451738115 0.0569438437310492
v 0.0451442961735069 -0.00156505716726058 0.0698414205795209
v 0.0436921184429803 -0.00342883068854745 0.0712263046676001
v 0.0438106683534985 -0.0139729591688599 0.0654058143778335
v 0.040465007562973 -0.0232709622397062 0.0620815106761118
v 0.0402836082812342 -0.019559556181143 0.065503007199548
v 0.0404211124683673 -0.0266989091031501 0.0587063008835993
v 0.0341626584344512 -0.0353490069058019 0.0554500694099798
v 0.0306304649122704 -0.0368534802603693 0.0569705950400845
v 0.0304709926887384 -0.0347565218488164 0.0598390461540435
v 0.0258989905737569 -0.0408125585135996 0.055412768079055
v 0.0246373204595453 -0.043340816125107 0.052254873091246
v 0.0131579243430961 -0.045113275681885 0.0566086532933566
v 0.00302773567599653 -0.0504390623322345 0.0491714801824507
v 0.00461059425896574 -0.0503206316310033 0.049186131748867
v 0.0459967953116424 0.00315937113405684 0.0698147996556431
v 0.0461614494138638 0.000858534632153046 0.0689236953350075
v 0.0463275936321713 -0.00283093068940351 0.0675125405003307
v 0.0463107366939475 -0.00595314554602335 0.0663288295344525
v 0.0450491112832184 -0.00625790781323826 0.068138396707064
v 0.0461224828782129 -0.00860326904200172 0.0653399512468289
v 0.045861414539932 -0.0107470031288192 0.0645465985414401
v 0.0445514609392412 -0.0103379234223533 0.0666889086360728
v 0.0455370274438634 -0.0126778219786775 0.0638373554385299
v 0.0449875247853808 -0.015188623811559 0.0629186169150781
v 0.0423937691213099 -0.0186935323768812 0.0637307972372145
v 0.0444453423221711 -0.0171631812938339 0.0621983506784211
v 0.0438862619425452 -0.0189270484687305 0.0615548999260015
v 0.0431822305206461 -0.020849935244398 0.060853856186855
v 0.042477159742777 -0.0225521879817804 0.0602308610030071
v 0.0416012508809292 -0.0244462633629236 0.059536489258636
v 0.0392374797335835 -0.0286857106830397 0.0579694571054848
v 0.0380821480285646 -0.030440102582274 0.057314819306549
v 0.036872136513767 -0.0320994437016675 0.0566902185226183
v 0.0344672344371554 -0.0326931730055849 0.0586005734220019
v 0.0355446554226137 -0.0337701693079587 0.0560563231396007
v 0.0328833639722315 -0.036696600838827 0.0549272770823402
v 0.0311899681123357 -0.0383315450326013 0.054284232386554
v 0.029413237510326 -0.0398731669811947 0.0536703082843801
v 0.0277462837603777 -0.0411905674370257 0.0531380537195938
v 0.0262092346055235 -0.0422967402123649 0.0526863101269384
v 0.0196382827392607 -0.0461005930729084 0.0510796371606073
v 0.0174470558588122 -0.0470740076808487 0.0506524134281483
v 0.0154271923282627 -0.0478510026369026 0.0503102827747848
v 0.0136230976069773 -0.0484543543654458 0.0500450085838509
v 0.0115649315737577 -0.0490449842279042 0.0497864436405947
v 0.00573254037873736 -0.0501987624869034 0.0492334503851805
v 0.0087579719627358 -0.049694827578333 0.0494954723977564
v 0.04189676697783 0.0302510441038528 0.08199959065021
v 0.0400654403850715 0.0345166019830872 0.0861587579661885
v 0.0396074010519524 0.0407626992293594 0.0882458965127342
v 0.0400576545285218 0.0388134709265802 0.0869867558705786
v 0.0412269039177847 0.0334939688408237 0.0837957020745642
v 0.0252677997514355 0.00706280984961676 0.0893544981772937
v 0.0255509236704355 0.00571977194652478 0.0887602175304245
v 0.04257761591872 0.0267603372761535 0.0801789817174006
v 0.0236244568908711 0.0133136880402189 0.0923314669952213
v 0.0306886856103986 2.5850481838187e-05 0.0840955730357265
v 0.0161522995795543 -0.00382938995779929 0.0881516988243528
v 0.0164328586362411 -0.00240728835782512 0.0886999721370643
v 0.0269689721546555 0.00464996778257269 0.0876811574172714
v 0.0252567989694301 0.00640950011664264 0.0891330967292242
v 0.0253428997395288 0.00610724962635533 0.0889872963207819
v 0.0456988391496506 0.00608048807277192 0.0709728657236799
v 0.0459893000277294 0.00316011991739009 0.0698122962606185
v 0.0350416816389189 0.00500597793595548 0.0826426427965765
v 0.0355720772838878 0.00533267098666725 0.082322670169413
v 0.034233804026981 0.00461263990895516 0.0831353943839208
v 0.0330951131933534 0.00423806384046238 0.0838464330767147
v 0.0331596203187197 -0.00148246957866545 0.0819945168049369
v 0.0295425237072444 0.0039898421654886 0.0860459040244094
v 0.0283667550601049 0.00418149065193188 0.0867810676966368
v 0.0283744887625916 -0.00245195412184404 0.0845360662519321
v 0.02752171022769 0.00442883083010849 0.0873174573335619
v 0.025278385163582 -0.000542462500260125 0.0867394338531918
v 0.0259553504894226 0.00527990178510773 0.0884055624513574
v 0.0252305990033466 0.00673170978058042 0.0892572979049988
v 0.0226413602536616 0.00894207021723542 0.0911942327500678
v 0.025587926978143 0.00784897600451921 0.0894710029034837
v 0.0253647001378681 0.00739015994839022 0.0894217024127758
v 0.0274088320715245 0.00964465902049869 0.0891549120287244
v 0.0313071303522487 0.0129201800468525 0.0879205222147586
v 0.0431056273779511 0.0239142583925818 0.0787628051915137
v 0.0438387682175917 0.0197314596981231 0.0767766220097998
v 0.0445160446051653 0.0154446741839201 0.0748624635891065
v 0.0450440225367845 0.0116798083481237 0.0732554404454952
v 0.0406371122456248 0.0362293674894568 0.085394753097115
v 0.0418411968236899 0.0249703185639462 0.0811348539337176
v 0.0450256270537018 0.00258328806422755 0.071331849589977
v 0.0430447002564816 0.0016317993503407 0.073826378423876
v 0.0396485059041869 0.0313598208570524 0.0860695819690172
v 0.0413823826302061 0.0209033763951801 0.0808979254760311
v 0.038886572296473 0.0154914340267012 0.0823820438448628
v 0.0382655515164391 0.0397395072935637 0.0906581113340382
v 0.0355418167514698 0.0382191604773893 0.0941825637031518
v 0.0390780894664362 0.0279973049909482 0.0859246607290656
v 0.0381414620993709 0.0259983030856038 0.0864605213747802
v 0.0364122494367012 0.0293916867064311 0.0896309221618416
v 0.0406214995543329 0.0174260042438061 0.0809723940274329
v 0.0378662004053702 0.00886163002561871 0.0814030971809529
v 0.0404489031333727 0.000610521457015996 0.0765051899141403
v 0.0377989998951783 0.00842803977218192 0.0813364964424856
v 0.0373439482448117 0.0072208455081096 0.0813948493884165
v 0.0360741532726407 0.00571046384326084 0.0820301827334571
v 0.0376390508344986 0.0078616010130585 0.0813174378577447
v 0.037403884439084 0.0351421787930543 0.0905206704768388
v 0.0351940348328498 0.0348782866847902 0.0931756550108867
v 0.0347166277159019 0.0121174954894746 0.0851299967215211
v 0.03712787396175 0.0111642747484684 0.0827676337338767
v 0.0377544007207219 0.0100864002089263 0.0818731990037888
v 0.0375507763575594 0.0105911258103448 0.082212744305743
v 0.0378423995261853 0.00969981939271508 0.0816754009945228
v 0.0378803006288347 0.00928905958036212 0.0815173965353355
v 0.0384610994504151 -4.8763845190097e-05 0.0782343876756492
v 0.0343242056446332 0.0308096476463311 0.092373994908318
v 0.0363511993806546 0.0243203392404245 0.0878590996296905
v 0.0354010380342375 0.0120344662211584 0.0845439787683491
v 0.0358785718110528 0.0154954750352621 0.0852581914084063
v 0.0360432892432078 0.0118561710374915 0.0839544888446966
v 0.036621625647956 0.011572856197368 0.0833527650679775
v 0.036972141929594 0.00665407426683447 0.0815493297230602
v 0.0365422471640506 0.00614772769851109 0.0817694720230369
v 0.0358850836183489 -0.000803323444649808 0.080214319820382
v 0.0316529564935057 0.0305949219183273 0.0946594232024381
v 0.0339144348968324 0.0197398155240758 0.088407216480213
v 0.0334418743824544 0.0254564149203211 0.0909830758500901
v 0.0323817908976576 0.0118786885541972 0.0868111605909952
v 0.0333271168173753 0.0120518065157875 0.0861830319572307
v 0.0339888065906885 0.0121172766286745 0.085692783764911
v 0.0324473820824765 0.0369722685894613 0.0970022954716765
v 0.029458471846764 0.0315557860235326 0.0967226677375435
v 0.0314717658280191 0.0116268514850696 0.0873593966508046
v 0.0307399530543401 0.00393731231382541 0.0853072683817013
v 0.0319220714586514 0.00401652036570345 0.0845773797204186
v 0.0301944085167112 0.0362598627151584 0.098571305753932
v 0.0273312435895675 0.0294731439022766 0.0971061342111348
v 0.0305616830163822 0.0246204299937096 0.0928718054397745
v 0.0275132407803858 0.0238957604640183 0.0945147776339625
v 0.0308948599347135 0.0188885364184858 0.0903618688055455
v 0.0307261732058341 0.0113726302302042 0.0877657587580585
v 0.0297751047512497 0.0109837481159626 0.08823751460975
v 0.0288654261336012 0.010534901867772 0.0886340345002554
v 0.0250038852914303 0.0317784875978872 0.0994341798253168
v 0.0242304591634025 0.0268356626443048 0.0974873282576949
v 0.0277341970562745 0.0181605793201796 0.0920769551677192
v 0.0262438779418797 0.0125251484097881 0.090792840179961
v 0.0281479072984779 0.0101279688597926 0.0889089758192976
v 0.0264427581479532 0.00492730073793312 0.0880423764576976
v 0.0267742046689796 0.0353981323078697 0.100414527198348
v 0.0226821950223554 0.0346673421263548 0.101870571780117
v 0.024334940515423 0.0211751828825063 0.0950428226208055
v 0.0267154307652544 0.00910472476993383 0.0893392915426353
v 0.026093985302136 0.00851155984748404 0.0894487033162555
v 0.0243778968368944 -0.00306797672656234 0.0861536692197545
v 0.0218792478320173 0.0205122656260672 0.0957921349452703
v 0.0212224828923686 -0.000780124083419361 0.0882359872407618
v 0.0201430726019354 0.0189169175419903 0.0957789772202303
v 0.0208974513210929 0.0284302600824033 0.0994862444813643
v 0.0194646357864598 0.0342576794119702 0.102609065861797
v 0.018382515347395 0.0282337454356165 0.10006522908661
v 0.0166000589743245 0.00567066517090808 0.0917870456325923
v 0.0166000403478735 0.0272792217743574 0.0999780125920918
v 0.0166003625854771 0.0340120859292433 0.102969405733733
v 0.0183834522578841 0.0195462121915921 0.0965418719528197
v 0.0165998559460078 0.0189608070486606 0.0966920384013942
v 0.0185628510587773 0.00337732040225003 0.0905469933774994
v 0.0189049295580778 -0.0036755208035815 0.0877475718912279
v 0.016596380250237 -0.000607393260973105 0.0893976966426291
v 0.0234252041557761 0.0674036353661806 0.136558961796188
v 0.0309715450337933 0.0734036771937392 0.127200824159365
v 0.031210399466521 0.0723436011595228 0.124442999263637
v 0.0307229024010252 0.0746346322901266 0.130990815215018
v 0.0280230150813684 0.0677404686568581 0.127087471028697
v 0.029283021853499 0.0737608431184113 0.138292115815905
v 0.0305684853963151 0.0762375799662425 0.137855020064376
v 0.0305741999915052 0.0758557004662829 0.135866996589296
v 0.0306389213210589 0.0753654299222219 0.133766171326499
v 0.0215348689660089 0.0507202360618068 0.112184358115844
v 0.0304062322436374 0.0723406879825746 0.12797264468731
v 0.0309425119845012 0.0700689687564463 0.122501489762183
v 0.0315078340878826 0.0711633919664468 0.121713874003726
v 0.0319145873506091 0.0608393014779851 0.111430828762855
v 0.0301037424034538 0.0590342903353067 0.113057141459201
v 0.0325241901161334 0.0673961177305263 0.114622322143115
v 0.0316788211834698 0.0672762751443035 0.11719363665893
v 0.0319718972152797 0.0693843200195369 0.118116584760325
v 0.0325783409347015 0.0639783204202738 0.112102438984012
v 0.0331501767080242 0.0652087688771919 0.111247253911631
v 0.0336485013295304 0.0634542018893175 0.108824995707907
v 0.0341740019431565 0.0616126717266596 0.106476177875485
v 0.0251827122602754 0.0350852675344367 0.101050210720668
v 0.021591269859867 0.034488036457717 0.102213760415902
v 0.0349214143696116 0.0589521551366421 0.103413691295377
v 0.0341115772550205 0.0584075177071806 0.105129649375461
v 0.0340032830684648 0.0526196013550556 0.102694419711208
v 0.0356983683474731 0.0561346138387639 0.100495813030843
v 0.0373354136049287 0.0499891478570747 0.0949960180745418
v 0.0365060522443198 0.0531507010798751 0.0977000125266608
v 0.0385822943169861 0.0399622423955302 0.0901350954889857
v 0.0381653114073286 0.046726214586358 0.0924348885021756
v 0.0396074010519524 0.0407626992293594 0.0882458965127342
v 0.0389930783437254 0.0433524017776763 0.0899922902138764
v 0.0296410073420184 0.0697327166110424 0.126293820300091
v 0.036435338785455 0.0495374452426117 0.0968118139323931
v 0.0309932373987164 0.0552562053071818 0.108885486970421
v 0.0350358068562496 0.0455392626179925 0.0978073157860193
v 0.0360695078357424 0.0464072962163254 0.09647713385946
v 0.0276442294349325 0.0696541353392431 0.13216075005768
v 0.0292418257316543 0.0716895445058606 0.131590303817608
v 0.0310103923601573 0.0642723277746374 0.116164361324213
v 0.0302372810191528 0.0672540426122992 0.121150230143587
v 0.0285821736920888 0.0653135314886236 0.122192894171337
v 0.0329186499211498 0.0569630438768191 0.106958118670625
v 0.0255520542960158 0.0688729345305362 0.136371147564698
v 0.0295164019722554 0.0495404813541371 0.106620436013778
v 0.0319390625073229 0.0510018829032364 0.104897064606166
v 0.0338119894159145 0.0451613207497903 0.0993610151254903
v 0.036302561991605 0.0385933621542154 0.0933226773145196
v 0.0274770551738805 0.0712414889505182 0.138736200211878
v 0.0274662760466428 0.0706731959281901 0.136036005555779
v 0.029289461017636 0.0623880238297286 0.117487539705168
v 0.0272567545490696 0.0606706911175551 0.118305389919011
v 0.0293106784080566 0.0540420140167628 0.10995893679651
v 0.0325539961631452 0.0444723544015215 0.100552504497338
v 0.0262397428697408 0.0682784080145128 0.132383403203262
v 0.0311577816048764 0.0441315238744431 0.101837506104167
v 0.033629677438073 0.0373980357334462 0.096047660051711
v 0.0308081258652782 0.0364423833092519 0.0981732212415362
v 0.0250631211311421 0.0690742864666675 0.139119413365735
v 0.0261040063328149 0.0659454524678272 0.127478164565306
v 0.0266190370182912 0.0635481313568034 0.122766752777247
v 0.0279696093208434 0.0573756979992464 0.114156139325586
v 0.0247018108211056 0.067053055754609 0.132528823632103
v 0.0238976584993829 0.0644291550421167 0.127642315753349
v 0.0265341171651907 0.0426049968018016 0.10445569967205
v 0.027399354933217 0.0485234212460355 0.107614872434403
v 0.0274568417491728 0.0529750983497113 0.11084769418431
v 0.0224088593033959 0.0657024592376704 0.132613730446687
v 0.0221867202478638 0.0580463917990098 0.119135034401677
v 0.0217792796690926 0.0608657324120619 0.123224836813848
v 0.0243444660825032 0.0620414973339112 0.123058368495292
v 0.0248785143745281 0.0592025058149739 0.11881708833239
v 0.0226124221992699 0.0548167588975267 0.115413804752816
v 0.0254697346954855 0.0559506701838082 0.114909586722189
v 0.0245962454096325 0.0517348933577195 0.111715254670786
v 0.0246529555025784 0.0433927056925145 0.105896284299427
v 0.0288754695160213 0.0434049954249344 0.103406516386423
v 0.0284386177710011 0.035775418524994 0.0996148936536559
v 0.0192416753044352 0.0662448018883594 0.139618304231354
v 0.0223057842484317 0.0673602208340127 0.13942055092557
v 0.0204727850003666 0.0659944623858983 0.136643525884073
v 0.0214361469126612 0.0632486850787256 0.127715525156658
v 0.0199223845469421 0.064719072027824 0.132678475990627
v 0.0216526961702254 0.0468652088895772 0.109277059675521
v 0.0251019423804746 0.0477119636302009 0.108462666530997
v 0.0220942548194324 0.0381882703709249 0.103960854471605
v 0.016600135342774 0.0615618550428341 0.12686975016736
v 0.0189903038965845 0.0587248006748088 0.121400524942565
v 0.0188540588575442 0.038980848215949 0.105148879323552
v 0.01659989319891 0.0378846256907745 0.104891223351108
v 0.0166021469994902 0.0657435938922266 0.139705908156054
v 0.0186827364858376 0.0629322365761056 0.128980395295164
v 0.0218917666697855 0.0428133485582473 0.10661683738343
v 0.0166033614441003 0.0652012139886355 0.137057062900281
v 0.0166030634208831 0.0641515464152803 0.133230161669176
v 0.0166002955302532 0.0632757530374292 0.130730819760319
v 0.0187832075629414 0.0613199197950985 0.125604000860363
v 0.0166008580490757 0.0543133641560376 0.116717715932778
v 0.0165997330114307 0.0585491644170329 0.121828754503382
v 0.019207290875749 0.0557133319441982 0.117604275399351
v 0.0194130889457521 0.0523245807217534 0.114181843828071
v 0.0165998019292997 0.0493699934474387 0.112228383595607
v 0.0186148114066988 0.0484864924441323 0.111203519004505
v 0.016599859671298 0.043837404761373 0.108311114274462
v 0.0187303009913052 0.0444162962343632 0.108362456224208
v 0.0166021414115548 0.0340018451064417 0.102994313024111
v 0.0546999971263118 0.00098789096930123 0.0059912697004243
v 0.0546999971263118 2.08360994763146e-15 0.00302759993573427
v 0.0546999971263118 -0.00098789096930123 0.0059912697004243
v 0.0099999995529653 0.0697615131044058 0.0577935600773939
v 0.0099999995529653 0.0696511849093926 0.0563941697092167
v 0.0099999995529653 0.0702871441031895 0.0576788993698604
v 0.0099999995529653 0.0688549637305381 0.0583541752765884
v 0.0099999995529653 0.0678810536589992 0.0573806824375536
v 0.0099999995529653 0.0703260286824557 0.0562998267345169
v 0.0099999995529653 0.071010103724672 0.056331975989074
v 0.0099999995529653 0.0672636315093131 0.0581976497576166
v 0.0099999995529653 0.0685814901758406 0.0586838448341821
v 0.0099999995529653 0.0675472974580394 0.0577699007592372
v 0.0099999995529653 0.0669878110217801 0.0588226118946981
v 0.0099999995529653 0.0683270826564645 0.0591573888251769
v 0.0099999995529653 0.0721465929117825 0.0583556802938354
v 0.0099999995529653 0.0724212660099292 0.0586871342654421
v 0.0099999995529653 0.0668950289436804 0.0608482719768225
v 0.0099999995529653 0.0681952893392313 0.0603211173343408
v 0.0099999995529653 0.0668001532524798 0.0601718673071593
v 0.0099999995529653 0.0682934432858213 0.0607396052612452
v 0.0099999995529653 0.0728246329838501 0.0598938190960775
v 0.0099999995529653 0.0728044866143664 0.060322540395203
v 0.0099999995529653 0.0727062134584895 0.0607399777902667
v 0.0099999995529653 0.0740121884492305 0.0611773864661741
v 0.0099999995529653 0.069560481543233 0.0621289745987436
v 0.0099999995529653 0.0684080183116798 0.0630564973565229
v 0.0099999995529653 0.0738124979925352 0.0616494999457262
v 0.0099999995529653 0.072481280435296 0.0612281435453561
v 0.0099999995529653 0.0735561384210863 0.0620932155379679
v 0.0099999995529653 0.0699668287493261 0.0622653910011338
v 0.0099999995529653 0.0718137233298939 0.061920607941137
v 0.0099999995529653 0.0714380352622719 0.0621295445681465
v 0.0099999995529653 0.0709287210346308 0.0622913115704511
v 0.0099999995529653 0.0693243279459114 0.06351190663475
v 0.0099999995529653 0.072144283231849 0.0616466240216801
v 0.0099999995529653 0.0731189234602701 0.0626193345497697
v 0.0099999995529653 0.0721480979290294 0.0566874990607612
v 0.0099999995529653 0.0692740737809084 0.0580173308100403
v 0.0099999995529653 0.0690035432054809 0.0566117713612667
v 0.0099999995529653 0.068407086989126 0.0569438772586611
v 0.0099999995529653 0.066831609603057 0.0594891035670987
v 0.0099999995529653 0.0681789278646062 0.0597842322338171
v 0.0099999995529653 0.0671132415433257 0.0614974485003028
v 0.0099999995529653 0.068466550071541 0.0611320049807726
v 0.0099999995529653 0.0674459472124448 0.0620944188067074
v 0.0099999995529653 0.0687771275167818 0.0615704455620696
v 0.0099999995529653 0.0691855459842345 0.0619202987420492
v 0.0099999995529653 0.0678808748450688 0.0626188502620417
v 0.0099999995529653 0.0688519015419812 0.0633124993001111
v 0.0099999995529653 0.0699898435922756 0.063668018646508
v 0.0099999995529653 0.0703911020519347 0.0623246640937478
v 0.0099999995529653 0.0706740676461005 0.0637001679010651
v 0.0099999995529653 0.0713488816168418 0.0636058137504947
v 0.0099999995529653 0.0719964860678514 0.0633882195490251
v 0.0099999995529653 0.0725929050313041 0.0630561248275013
v 0.0099999995529653 0.0741683749667928 0.0605109618489974
v 0.0099999995529653 0.0741998536691112 0.0598281757571956
v 0.0099999995529653 0.0727653934188481 0.0594680780291242
v 0.0099999995529653 0.0741049556261693 0.0591516742299868
v 0.0099999995529653 0.0738867579276849 0.0585025759376009
v 0.0099999995529653 0.0726297108986303 0.0590623678476579
v 0.0099999995529653 0.0731191544282635 0.0573811816264425
v 0.0099999995529653 0.0735540671597266 0.0579056093564866
v 0.0099999995529653 0.0725920705662959 0.0569435680595733
v 0.0099999995529653 0.0712399988344321 0.0577937947706775
v 0.0099999995529653 0.0716756119204557 0.0564880805502516
v 0.0099999995529653 0.0717281534136509 0.0580187203432905
v 0.0099999995529653 0.0708221628333154 0.0576954433837061
v 0.0479489777695622 0.0860997270174396 0.258751624999531
v 0.0479234409051371 0.0157999988839033 0.258631402433707
v 0.0475851733777267 0.0158000007465484 0.265842580813708
v 0.0474628907264129 0.0860999505348526 0.266760820148271
v 0.0463544641504935 0.0158000007465484 0.272169434901265
v 0.0463385683371453 0.0861006732411543 0.272166544076058
v 0.0446601351053988 0.0860999356336917 0.277432405708006
v 0.00631718276849734 0.0860997419186005 0.307508759777797
v 0.0342058568997866 0.0860992725320334 0.293592655056879
v 0.0348574362354558 0.0157999988839033 0.292915874132904
v 0.042062728656917 0.0157999988839033 0.28292878829847
v 0.0393966837362201 0.0157999988839033 0.287319176927525
v 0.0471743781751167 0.0157999988839033 0.251450175387036
v 0.047044462404152 0.0860999952383351 0.250771516916792
v 0.0448976856865512 0.0861000026889156 0.243152791787249
v 0.0294029314949457 0.0248220277989951 0.297814839382138
v 0.0229336353480751 0.0269989849552742 0.302054666681856
v 0.0241217607828584 0.0271767707055042 0.301384263454729
v 0.024042173682701 0.0860999132819504 0.301438444075619
v 0.0295336724176931 0.0241751553675128 0.297711633942016
v 0.0125996896043491 0.0860995482035093 0.306257092067813
v 0.009542822624531 0.0157999988839033 0.306965880685317
v 0.00383396298436908 0.0157999988839033 0.307772510325033
v 7.10185458998687e-07 0.0860998983807895 0.307937823803622
v 7.10543034868612e-17 0.0157999988839033 0.307899974855036
v 0.0420462703247462 0.0860999132819504 0.282986843221184
v 0.0388292959594144 0.086099853677307 0.288118594405384
v 0.0443120067347888 0.0158000007465484 0.278300726153685
v 0.0455124889572159 0.0157999988839033 0.244962955006295
v 0.0437933979080609 0.0726308955409187 0.240593994246557
v 0.0440012020468449 0.0743339939191799 0.241052532768565
v 0.04390209815125 0.073405301420273 0.240841994266763
v 0.0436587994472956 0.0718798993852766 0.240293989174947
v 0.0434165810775036 0.0157999988839033 0.239707822210167
v 0.0434224595854632 0.0708193837668148 0.239776516561735
v 0.0430293781378265 0.069468593534785 0.238952333354525
v 0.042562122436715 0.0681981801644383 0.238022441312169
v 0.0410360833770917 0.0157999988839033 0.235262925134683
v 0.0420209271754123 0.0669988974854605 0.23700576490896
v 0.0414235023836014 0.0658965170555604 0.235945815534611
v 0.0407634480126927 0.0648708701535128 0.2348432488402
v 0.0386023624553753 0.0157999988839033 0.231615284868733
v 0.0400399780264507 0.0639215022939116 0.233706483981613
v 0.0392538002300163 0.0630498141858776 0.232546652126014
v 0.0349409870444022 0.0157999988839033 0.227172354746483
v 0.0370339593954249 0.0612419680973455 0.229618410104102
v 0.0382003067836102 0.0620809742343216 0.2310960688197
v 0.036035693376459 0.0606693053095951 0.228440398832253
v 0.0338774390397053 0.0598208779136648 0.226133207392695
v 0.0349696382514473 0.0601889514880869 0.227262864397551
v 0.0294228431711459 0.0158000007465484 0.222152332466416
v 0.0313169874701581 0.0593846278030144 0.223743523126613
v 0.0327066511055835 0.0595526979963631 0.225001762248536
v 0.0286901586795566 0.0220636683241206 0.221642727666138
v 0.0282796000328753 0.0217168717447625 0.2213394592403
v 0.0266493962708999 0.0209841686267222 0.220196465696473
v 0.0256211174513153 0.0208179201002887 0.219526524405333
v 0.022440073510109 0.0211181058484742 0.217680166266557
v 0.0188357006273637 0.0246089989406842 0.215958992780171
v 0.0171407606346737 0.0158000007465484 0.215252484040279
v 0.0170958094202921 0.0593699985883393 0.215225900369304
v 0.0129115578626495 0.0157999988839033 0.213857958901123
v 0.0122635799512959 0.0593699985883393 0.213683153383065
v 0.00662398556342762 0.0157999988839033 0.212497825641234
v 0.00745580189028835 0.0593699985883393 0.212658266440222
v 1.27206314458617e-06 0.0593699948630491 0.212026233702312
v 2.57697189378484e-07 0.0157999988839033 0.212083215741443
v 0.0188345998041051 0.0246086990548219 0.304042004703536
v 0.0189978997633333 0.0249004004545423 0.303970985770874
v 0.0187338996216531 0.0236959005066182 0.304084979651459
v 0.0195315867022073 0.0860999505348526 0.303772174482669
v 0.0192837599079963 0.0252581922279706 0.303847574356625
v 0.0203749067252525 0.0219340021476003 0.303351127281387
v 0.0197870298522632 0.025691707975603 0.303622656234592
v 0.0203261873798182 0.0260401902487835 0.303373240604105
v 0.0217419056950086 0.0266747505961045 0.302682661205173
v 0.0208841538976697 0.0263278478459753 0.303107523103635
v 0.024044753446175 0.0208314429037698 0.301429413972137
v 0.0231109591623184 0.0209682020328598 0.301956468031783
v 0.0251000629715611 0.0207901778640561 0.300797306728423
v 0.0264591326610941 0.0270607111514949 0.299930148573291
v 0.0253018302775514 0.0272045781343156 0.300673925116496
v 0.028280270585114 0.0217181141290493 0.298659943819196
v 0.0271467579048855 0.0211311462268725 0.299464278680139
v 0.0278363109863633 0.0214395071244353 0.298980944626459
v 0.0272646372631649 0.0268209123576977 0.299383484585952
v 0.028690771489797 0.0220646219984157 0.298356526381749
v 0.0284019236623815 0.0860998685784678 0.29861500191804
v 0.0277878207462772 0.0265873757767522 0.299016528598595
v 0.0282867544527336 0.0262795885738826 0.298656218528981
v 0.0293251083197052 0.0229816114981115 0.297873013514138
v 0.0287354991867658 0.0258906589621907 0.298322372921056
v 0.0291235626684827 0.0253995129749291 0.298029118075316
v 0.0305055205410979 0.0158000026091935 0.296950840273108
v 0.029497768070599 0.0235505564462272 0.297739975949973
v 0.0272514944392857 0.0157999988839033 0.299410068256928
v 0.0290431913947349 0.0224799024504448 0.298090570462706
v 0.0261421421287478 0.0208817343216749 0.300138496604446
v 0.022174726676016 0.0211916617037732 0.302459322606191
v 0.0229188105556638 0.015799995158613 0.302093916339563
v 0.021121322636575 0.0215641888626476 0.302993052385903
v 0.0166375204927286 0.0158000063344837 0.304989450313387
v 0.0198841686572695 0.0222402023768383 0.303578399786836
v 0.0194335799045808 0.0225987634226959 0.303781204586151
v 0.018829300578774 0.0234079989029172 0.304044001459092
v 0.0190353948093492 0.0230391243910988 0.303955309749648
v 0.0187290995852108 0.0242874002243418 0.304087006209336
v 0.0186987999372455 0.0239999996721748 0.304100000021607
v 0.0187290995852108 0.0242874002243418 0.215912992896594
v 0.018732599495368 0.023696399695507 0.21591498965215
v 0.0186987999372455 0.0239999996721748 0.215900997462101
v 0.0188756525022766 0.0232923509934767 0.215976561248826
v 0.0195299401239322 0.0254870237673742 0.216262291008332
v 0.019076037725597 0.0250169536095052 0.216062824069049
v 0.0206714267878663 0.0593699985883393 0.216785589975441
v 0.0192185375269087 0.0228128390875572 0.21612567716556
v 0.0209123506193085 0.0157999988839033 0.216889242450388
v 0.0203415337128597 0.021944486976911 0.216632942483583
v 0.0196498665291848 0.0224139555004103 0.216316635541991
v 0.0200459095825427 0.0258691007077153 0.216495807100181
v 0.0208573541598616 0.0263208331245001 0.216879258672611
v 0.0213880776303694 0.0214559095772528 0.217139060412219
v 0.0220305616699781 0.0267666050769406 0.21746505310837
v 0.0235097011884372 0.0208976338603134 0.218265379557042
v 0.0232296115183175 0.0270569802733444 0.218108738554074
v 0.0244251912588214 0.0271987257033875 0.218793536302592
v 0.0255927028001989 0.0271858119848565 0.219509775500526
v 0.0247386334522377 0.0157999988839033 0.218965957634912
v 0.0245779169817738 0.0207951995552662 0.218885238046529
v 0.0243329251334166 0.0593699985883393 0.218713308452517
v 0.0282749955741693 0.0593699985883393 0.221321786463519
v 0.0264351008139159 0.0270591074140573 0.220055426208926
v 0.026988317586743 0.0269149144683428 0.220427403887494
v 0.0278380395210231 0.0214404607987304 0.22101921839224
v 0.0273665015988092 0.0212199161674104 0.220686937406206
v 0.0285176106873692 0.0260949352511409 0.221515725072122
v 0.0290450372760366 0.0224827988635871 0.221911097573241
v 0.0289414928345052 0.0256576960759383 0.221831644583531
v 0.0292773650003072 0.0251224258887229 0.222091133398761
v 0.0294967994951431 0.023550101960821 0.222261826196421
v 0.0293247544171347 0.0229804827351763 0.222126210731427
v 0.0294907831514455 0.0244998367615084 0.222252021232575
v 0.0295340989634227 0.0239999996721748 0.22228899101267
v 0.0275348865791812 0.0267097422470958 0.220805401635049
v 0.0280432918360097 0.0264415921321159 0.221166859094049
v 0.0220844964217137 0.118999873422091 0.286914252782294
v 0.00999996230006315 0.115697187579488 0.284723454310221
v 0.0100000135228036 0.116678116097792 0.285909407900808
v 0.0100000843033177 0.115261581944044 0.283012830845725
v 0.0300870083998071 0.1149866033721 0.283556276182317
v 0.0307678275383753 0.117336315274173 0.279291653350927
v 0.0311818171773449 0.116707128657988 0.279638999410592
v 0.0302609198482133 0.117953178630327 0.279080891331712
v 0.0296675202324799 0.118567657800743 0.278978013717129
v 0.0100000368058675 0.118010816320537 0.279413336230516
v 0.031451943558784 0.116103579489063 0.280138039287819
v 0.0099999995529653 0.119000000081958 0.279299998001009
v 0.0291946989477869 0.119000000081958 0.278964990102537
v 0.00999994274228952 0.116630864516702 0.280123614964106
v 0.0315255999969188 0.115586866835055 0.280772024077802
v 0.0100000060722232 0.115672101475178 0.28133165207509
v 0.0313900478618585 0.115220722960964 0.281485104229634
v 0.0310694046824562 0.115004119686692 0.282220863948296
v 0.030622373581923 0.114939672165969 0.282916241521025
v 0.0294911836201437 0.115121235360477 0.284136497583914
v 0.0285923623608273 0.115419578952651 0.284850769828615
v 0.0272353918723305 0.116005090266354 0.285662555269989
v 0.0254596019061002 0.116912295291299 0.286409937894122
v 0.00999999582767509 0.11778565232935 0.286504351649336
v 0.0231462954026547 0.118296784498616 0.28687366202011
v 0.010000054500996 0.118999322079139 0.286719524412166
v 0.0278670185536071 0.122270000228213 0.274495446506989
v 0.0261877918350448 0.121545036400595 0.278905087435877
v 0.0260521502930194 0.123706628597381 0.273885184365097
v 0.0250782998261239 0.121645999216007 0.280048989950515
v 0.0242940442794406 0.121983897939686 0.280405097892766
v 0.0218362803346753 0.12668291941249 0.259225005077757
v 0.0178289819248996 0.127986383557626 0.26348864443253
v 0.0144656241432067 0.128707659347931 0.265342438250576
v 0.0160974241920393 0.123584550837029 0.285127096955617
v 0.0190069987846839 0.122428995614597 0.284766995502256
v 0.0191317997321832 0.122574997188711 0.284453981717214
v 0.00895798465703473 0.128321331851454 0.276729964985029
v 0.0189421992240357 0.122247000286424 0.285079979484976
v 0.0168806459706879 0.123418522102718 0.23759711747772
v 0.013278643303842 0.123775777434356 0.236073652593635
v 0.0141292490632257 0.12202655251265 0.231569001863099
v 0.0143222367915013 0.127934751035243 0.253390425740396
v 0.0109700595370668 0.118455615972231 0.219969655127011
v 0.0106298064299717 0.114059848024105 0.206232900778214
v 0.0202035098477416 0.112859097580782 0.211371059461585
v 0.0206558960529592 0.112794694763542 0.211846361789561
v 0.0211437377077998 0.112681811019441 0.212277675890676
v 0.00917049570000565 0.11117242773237 0.192621390686451
v 0.0135876086297422 0.111301658049935 0.197178240183482
v 0.0211514993499632 0.111252998309144 0.207822988752507
v 0.0207860129895955 0.111531195531835 0.208045388578354
v 0.020592914433936 0.110793565717485 0.205062027162417
v 0.0150936512628129 0.110146184783888 0.192802469593231
v 0.0195296830789073 0.108725955142247 0.193052883601497
v 0.0195771861170864 0.109209766033075 0.195853407773672
v 1.69709167367255e-08 0.111720335966641 0.192525173890773
v 3.16508057127523e-08 0.112760019762219 0.19774756883649
v 0.00368017695068922 0.113483612683038 0.201286520035121
v 0.00343611316525688 0.111624923833649 0.192542042004867
v 0.00706181752543568 0.112295803897923 0.197274516583804
v 0.0200361716739201 0.110176799218877 0.201358418136274
v 0.0167210508125788 0.110768643525945 0.19822431657707
v 0.019754100149406 0.109690999023074 0.198627989024788
v 0.00595969972849571 0.113867749708868 0.203402529580834
v 0.0103316574842114 0.111818393055685 0.196923445233924
v 0.011444260110462 0.112861124138659 0.202256198176975
v 0.0178367007262254 0.109357496141849 0.192941586831027
v 0.0192850116055086 0.111515750478602 0.205375011145137
v 0.014291667991318 0.112274726205886 0.202157239567699
v 0.0161314565808002 0.113168848011595 0.207304383651069
v 0.0196368671289789 0.112496686447487 0.209330867022331
v 0.0203325222358291 0.111873646560157 0.20839136373122
v 5.23210121301959e-08 0.116109398392379 0.210237215230527
v 2.82177599418862e-08 0.114187185894241 0.203653941966878
v 0.0180397737464362 0.114492339316928 0.213726947894835
v 0.0196311990999165 0.112820995312461 0.210397998756215
v 0.0195462997359122 0.112663996681632 0.209763999065071
v 0.0195573005179177 0.112755996448787 0.21008198983784
v 0.0174460667942601 0.112271909886483 0.205556328470491
v 0.0199204883742226 0.112209615583504 0.208826105099333
v 0.0202248762497709 0.113377814440927 0.212977494009342
v 0.0198168992292086 0.11286875353302 0.210822756346551
v 0.00338970629372363 0.118306924738582 0.217135141406913
v 0.00299372284500924 0.115687099493585 0.209111492132139
v 0.00686509798768698 0.116058876006481 0.211177940416829
v 0.0145772394259893 0.114609492243616 0.21089180832598
v 0.0191979385346637 0.117085186010187 0.222353438533393
v 0.0216638068482922 0.112511252332229 0.21269407392977
v 0.0225739455392823 0.112158206578535 0.213330457806651
v 0.0107280283631081 0.116271627330671 0.213529298897178
v 0.0251948641569573 0.11428324622773 0.22309585907096
v 0.0235769966935296 0.112689306303354 0.216572861002992
v -3.69075748373779e-08 0.124310490690684 0.233719120166023
v 1.07008891798297e-07 0.118587230475534 0.217675904534551
v 0.00756223203475264 0.118645881444682 0.219066063633575
v 0.0171060427925132 0.120461006750294 0.22947938227327
v 0.0138195414732501 0.11833406720309 0.221290315211781
v 0.0144880569095601 0.116562721508086 0.21675995997876
v 0.0213939114348464 0.11643191911805 0.223031724474615
v 0.0255716735369341 0.113602285528133 0.222304398813
v 0.022789049384243 0.11496202390726 0.221006537504348
v 0.00383911738904308 0.12355704329408 0.231815258447485
v 0.00819414742602089 0.123046969107235 0.231514940451497
v 0.0268576474445097 0.117184718314156 0.232383454612267
v 0.0113432311711485 0.122343880183761 0.230872000063836
v 0.0270270438411751 0.120368552497734 0.240829745512536
v 0.0242779975918386 0.118751910654787 0.232585678266309
v 0.0299360112115146 0.11539411286874 0.233893121021395
v 0.003224611210273 0.126341816939226 0.240502560723516
v 0.00912335680894513 0.125354555427555 0.238843838002298
v 0.0192540004271122 0.123912331672484 0.241375038593075
v 0.0198034863217888 0.121312593192327 0.234205076824015
v 0.0228424160292208 0.120498296905349 0.235349053844458
v 0.029123463948292 0.119241935329694 0.241296762795074
v 0.0315886170061991 0.116094258812945 0.238650942474955
v 3.04177902728068e-08 0.127665740378223 0.245245495917376
v 0.0133843344438599 0.125818354059347 0.242796162304368
v 0.0219021136633582 0.123123844196116 0.241821835000325
v 0.0248613296107654 0.121873256820295 0.241907278256701
v 0.0277267129482322 0.121706557533745 0.246126690966039
v 0.0296504751671003 0.117209923627752 0.23713525599684
v 0.00365529247771299 0.128145617362584 0.247868249240482
v 0.0337910830872268 0.117192235949811 0.246235633353092
v 0.032735119773408 0.116626707092822 0.242304081269262
v 2.38227764630499e-07 0.129000020124019 0.252210998858265
v 0.00674201346765437 0.128029775738052 0.248268211299146
v 0.0063141638864392 0.126150724452347 0.240545297252864
v 0.0140393736428164 0.127091911574636 0.248568633603261
v 0.0173304766268179 0.125479978498521 0.24487648356982
v 0.0319141961951365 0.118415867125635 0.244645306960226
v 0.0344972602762899 0.117665668182099 0.249584147715923
v 0.00979564689556566 0.127319869533484 0.24645232603433
v 0.0247457003277759 0.124097404090375 0.249483132746448
v 0.0337888739901292 0.119125423152923 0.252111399499072
v 0.0303247340695996 0.120712329729372 0.248165065463668
v 0.00522536260503472 0.129259672852019 0.25516315724336
v 0.0252106593874698 0.124882970939214 0.254593009026505
v 0.0214354428328105 0.125333157360559 0.2492974344798
v 0.0349577992791434 0.118221980671095 0.253579581076363
v 0.031973305374981 0.120222297603885 0.250576252104873
v 0.0347772009348009 0.117941995309101 0.251572007278233
v 0.0181870307433526 0.126970452212459 0.252628648594871
v 0.0182309090741523 0.127726179486675 0.259172314572953
v 0.0296906580100065 0.122835432227656 0.256400639048204
v 0.02791450110269 0.123256814705057 0.252576315717928
v 0.0315622307756049 0.121015441693022 0.252607816771988
v 0.0101964527324636 0.128550198781115 0.253241414131788
v 0.0218624430478566 0.126155746143557 0.254541987451717
v 0.0323146574426896 0.121021975852059 0.256143564221034
v 0.035008999667861 0.118507993552657 0.255679005630038
v 0.0102118623954388 0.129101243709747 0.258163297366426
v 0.0294983324520666 0.123267908619318 0.260211491729062
v 0.00910403745388912 0.129303333253341 0.269590371781803
v 0.0260317077629635 0.124981475063084 0.25833197850737
v 0.0256845423798741 0.125332755029216 0.262048357828371
v 0.0349410839019478 0.118792024579824 0.257781529625173
v 8.17606870583863e-08 0.129675370536552 0.257843846279893
v 2.75615428314704e-07 0.129959371761397 0.263325208500209
v 0.00580728879256653 0.129632201873538 0.260012471824606
v 0.0213461364504816 0.126989391587913 0.263670915432179
v 0.0347268014834795 0.119091999849112 0.259999984651804
v 0.0343791946534997 0.119383675171801 0.262211734156048
v 0.0335051037332769 0.120318760268717 0.259256953166642
v 0.0143080620622325 0.128635239706147 0.259966457039867
v 0.0285133377794924 0.123273064420976 0.269430422721123
v 0.0271412053598198 0.124324251912739 0.267953240842672
v 0.0294809148576655 0.123282161579681 0.264220470244725
v 0.0319326922610549 0.121601422393292 0.259804630432919
v 0.0336937040010016 0.119766493444895 0.265114390884763
v 0.0323570363441776 0.121129204605614 0.264297300630123
v 0.0330016978159172 0.120047000347519 0.267271989570439
v 0.0309688311598715 0.121628423296771 0.268499606806794
v 0.0100063176451703 0.129391995160462 0.263317549303527
v 0.0141091231828381 0.128653642639811 0.268254274094382
v 0.0249236369522596 0.125600230866667 0.265759044905922
v 0.0197580936605167 0.12738853408273 0.267070376863993
v 0.0321823425848263 0.120317843847325 0.269390219389121
v 1.01042620898877e-07 0.129878413754441 0.267918074103041
v 0.0056184678013966 0.129789200504367 0.264799708169705
v 0.0186570561977391 0.127404731644586 0.270430588638099
v 0.0308798228007599 0.120669906124402 0.272119367000773
v 0.0230215708236048 0.126069349212886 0.269255155267079
v 0.0249389423071088 0.124882985840375 0.271513843428034
v 0.0295679916538006 0.121947077171199 0.271570914874131
v 0.00517617247604945 0.129634153925611 0.269377523600067
v 0.00453685213915595 0.129219454618855 0.273937845067579
v 0.0157182976815487 0.127420437468133 0.275132262517536
v 0.0195676475114904 0.126082432432122 0.27598267176786
v 0.011014621458621 0.128735137088558 0.272706681354939
v 0.0208851317863512 0.126382094777032 0.27255609022328
v 0.022703203796524 0.125191357913808 0.274749123869483
v 0.0161774061729596 0.127840814117177 0.271990680575579
v 0.0293552030767086 0.120992605664003 0.274702691852241
v 0.0275873908194741 0.121288535268117 0.277170592311682
v 1.06030318153626e-07 0.129560542190959 0.272186392422324
v 0.0199287343041139 0.12499092239907 0.279119157512803
v 0.0211316472784064 0.123774048899696 0.280669265672506
v 0.0215308214381901 0.122779865798806 0.282028400554618
v 0.0224118339476327 0.122602214159024 0.281445645955675
v 0.0138975667454848 0.12711709453649 0.278151982765973
v 0.0163501404296577 0.125855845380073 0.280177557166422
v 0.023631466024411 0.123885196658556 0.277393364666551
v 0.0233586686098876 0.122323808320081 0.280894183794539
v 0.00341411509370551 0.128398937097217 0.278513455126134
v 0.0209440099982024 0.122855317826824 0.282465153579448
v 6.63688751332479e-08 0.128716912968825 0.277488553282129
v 0.0203660815127327 0.12288552993047 0.282951080435118
v 0.0198418623989407 0.122845989700125 0.283458494764749
v 0.0193848680097269 0.122738634286704 0.284032576888071
v 0.00769797788490414 0.126522091183319 0.283311062679192
v 0.00287861882794014 0.127765324836256 0.280957007088728
v 0.00376586724037234 0.127161127466834 0.282665693402312
v 0.00839029885701178 0.127470266950052 0.280304276638382
v 0.0156194787706553 0.122474809233664 0.286989056609815
v 0.0176341995380627 0.122341995186912 0.28588398652038
v 0.0173866782176494 0.1241733106038 0.283260696755483
v 0.0123341565057453 0.124807734978028 0.285116636340693
v 0.0120096380931966 0.123688180960236 0.287169718284092
v 0.0124217147956407 0.126159680050024 0.282104515684295
v 0.0127947737396933 0.122608360887879 0.288237326855123
v 1.18117644578563e-07 0.127028477332851 0.283406191690128
v 0.00271151045795883 0.126131248635102 0.285333180010322
v 0.00829981621429745 0.125390765248447 0.285641485028532
v 0.00544046319036647 0.124306027793006 0.288265162223611
v 0.00335625761137331 0.125324320972169 0.286892616296724
v 0.0083259500564796 0.124052842168821 0.28796895694802
v 0.00987607218602151 0.122735259173769 0.289250069351865
v 0.0069128496889879 0.1228233846391 0.289987885430726
v -1.97095498179973e-07 0.124766980303073 0.28807386112048
v 1.00646993641963e-14 0.122895997995974 0.290666990935795
v -2.51987040707872e-07 0.123822492573654 0.289495044436416
v 0.002291857213709 0.122895372147218 0.290605806769301
v 0.00335489951025923 0.124021527379272 0.288989179827515
v 0.00465018198676006 0.122870487208581 0.29036360330067
v 0.0355664222933411 0.103764412467978 0.228578264372536
v 0.0377605064713847 0.106465896074492 0.23714893526251
v 0.0412192372705218 0.100982417889334 0.240044350027047
v 0.0425168005559569 0.10026999338858 0.242943996721268
v 0.0436340001903331 0.0996502019543168 0.245616996758796
v 0.0316436842461601 0.10545661809765 0.22066519661251
v 0.0264673003598909 0.109483999546976 0.21495699402041
v 0.0259607614734602 0.109936525450577 0.214868913258562
v 0.0277332843601718 0.108076026110143 0.214904094899354
v 0.0281034999764677 0.107551996986152 0.214746991960399
v 0.0287059986135517 0.10652799666238 0.214178989510708
v 0.0290650011062998 0.107931559355598 0.218149269711615
v 0.0298779991296385 0.106122998011345 0.21686399988389
v 0.0284572106944652 0.106987153582563 0.214489559505368
v 0.0239540836076274 0.112878387133517 0.217645908497738
v 0.0254316938944531 0.113542874599781 0.22190328936495
v 0.0246278749862046 0.110989001892754 0.214426214670549
v 0.0225742044469522 0.112173264201584 0.213310832977798
v 0.0232861595611391 0.111810316626498 0.213761444082228
v 0.0322802804645837 0.107733351564408 0.225806916673327
v 0.0379404491646492 0.1127766643589 0.247984955132344
v 0.0359658814378263 0.115580884018969 0.248490178991329
v 0.0270990332119386 0.108829972695636 0.215000922642627
v 0.0335423640860093 0.104663511261416 0.22455623243996
v 0.0415198011356642 0.1060249409223 0.24676705345287
v 0.0429499176975364 0.102096547884573 0.246058220131884
v 0.0402847966488129 0.104545784640035 0.241191754314488
v 0.0384857385198984 0.109533985491084 0.243398601336808
v 0.025435899747106 0.110389997577892 0.214718992679142
v 0.0306813747283513 0.110071217043598 0.225922847704824
v 0.0361087090646769 0.110251394430146 0.238434130584431
v 0.0348659298971464 0.114156295787776 0.242193916987019
v 0.0396803049814638 0.109820117581933 0.247452387643179
v 0.0291582525709666 0.115066831222174 0.231880242409999
v 0.0282533367368582 0.111345653727377 0.223031605265328
v 0.0310328521348648 0.115859081241659 0.236960480281104
v 0.0333295494318858 0.11693307496012 0.244422609111161
v 0.0322752401469226 0.116410014411585 0.240748698098614
v 0.0343700825936333 0.117560413832359 0.248843112986316
v -0.0318249084392587 0.105377641945088 0.221056337183945
v -0.0298459597711427 0.107730572497908 0.219779918645771
v -0.0304216959233207 0.105923277752328 0.218068058384924
v -0.028938683965683 0.106450145547463 0.214750627843649
v -0.0274584827395126 0.108577882306773 0.215343440726173
v -0.0235789990370202 0.10698899387593 0.196149002101667
v -0.0240629589394567 0.107302022562132 0.199752281611734
v -0.0234909406269134 0.106808578070808 0.19477748435488
v -0.0247454004419136 0.109168415311686 0.209581206524792
v -0.0253320032656493 0.107362826749025 0.204924146720972
v -0.0261820660639841 0.107227740275241 0.207602585682215
v -0.0268423160126291 0.107084413459502 0.209443385687991
v -0.032060622452335 0.107223351883368 0.224447275151746
v -0.039715121543815 0.104102124927147 0.239234606044711
v -0.039075992128045 0.102079120976946 0.235557461480257
v -0.0365382871805519 0.103315135017445 0.230503106925567
v -0.0376537247526563 0.113213164063995 0.248061904727029
v -0.0343543991218273 0.117560994977632 0.248848000567078
v -0.0339660003639911 0.117301997900711 0.2470119987351
v -0.0424915840664902 0.100274828815279 0.242852816517961
v -0.0405533788974578 0.101352547823955 0.238635922104807
v -0.0436340001903331 0.0996502019543168 0.245616996758796
v -0.0429913615511804 0.101990988061035 0.246035227640676
v -0.0237259989889118 0.107137998033957 0.197533990497872
v -0.0247696297294732 0.107378972156817 0.202894802326825
v -0.0223436611366947 0.109094162827117 0.202486614827366
v -0.0243839765105256 0.107363162025144 0.201314176589679
v -0.0275913657041337 0.10688218235488 0.211431841296736
v -0.0339737899458311 0.104471375693277 0.225455025759599
v -0.0234854849393933 0.106627312899517 0.193422909227992
v -0.0195332519069335 0.108732623411732 0.19305121467148
v -0.026003689855255 0.110661198705558 0.216694648190707
v -0.0280343716285894 0.110675891250167 0.221217552843297
v -0.0374773397115472 0.106934530132984 0.23703780240481
v -0.0418638763905201 0.105258373053559 0.246616387815407
v -0.0384678347751242 0.108701226665799 0.242003629162826
v -0.0200920547524383 0.110247125247559 0.20185084189808
v -0.0341492175873548 0.108546805935798 0.231367255046205
v -0.0407637236841686 0.107686316050151 0.247066253861794
v -0.0393156586740396 0.110516061398774 0.247571418116135
v -0.0195557005057702 0.109068994766423 0.195043991616875
v -0.0215202807295262 0.108486895818558 0.197142879728759
v -0.0196977961130935 0.109582526022588 0.19802645896316
v -0.0206737774459921 0.110868995393762 0.205519984539151
v -0.0216825040798822 0.111627471932156 0.210094193888585
v -0.0226749921737243 0.112225574726786 0.213657746903798
v -0.0237768044968667 0.112783638102183 0.217163945350857
v -0.0227354163810148 0.110784245041366 0.209707046828261
v -0.0251177897650501 0.113398914484705 0.221049288934858
v -0.0264653650716241 0.113977295592936 0.224688614353047
v -0.0300949842461578 0.113130932007785 0.230042556746843
v -0.0308289912157735 0.110186224203121 0.226422066395982
v -0.0360572553562246 0.111334187284094 0.240078727005152
v -0.0356529160815575 0.114094925356771 0.244136357811026
v -0.0302366905606537 0.11551199595231 0.234719792722468
v -0.0321277000279498 0.116336477182737 0.240307772748743
v -0.0333737984290619 0.114315365679965 0.239076206704761
v -0.0332447953541999 0.116887410352662 0.244107270745025
v -0.0358314506151207 0.115759660696396 0.248521680045388
v -0.0197581346387091 0.12738853408273 0.267069929829167
v -0.0141100079392642 0.128653568134006 0.268252664769009
v -0.0110138754692554 0.128735241396684 0.272706770761905
v -0.011272861370306 0.126753521112648 0.28105934826152
v -0.021874222415517 0.123285641000742 0.242325389929293
v -0.0154528335008139 0.110044827087713 0.19282061920716
v -0.00702357462740904 0.112214532966588 0.196849222551676
v -0.00687947155432103 0.113310319632808 0.201469506290491
v -0.00918590070636804 0.111170132953598 0.192621703610829
v -0.0195557005057702 0.109068994766423 0.195043991616875
v -0.0195298209146453 0.108726290418366 0.193052809095692
v -0.0178198549638723 0.109363143681815 0.192940573552089
v -0.0197003777392127 0.109587614769022 0.198023091300806
v -0.0127361805125436 0.111394469930357 0.196826587688329
v -0.0102004397243164 0.111887325825827 0.19714271581599
v -0.0121228561820943 0.112943438151254 0.2030771776346
v -0.00343200859393165 0.111624968537132 0.192541952597902
v -6.40543461720893e-08 0.111696032173277 0.192529644239031
v -0.00249981339089993 0.113538463856167 0.201324219972099
v -0.0199871990087512 0.110092995090196 0.200964997687228
v -0.0183940060050638 0.110972178482142 0.201730261704394
v -0.0154178381245323 0.112667811378812 0.204867045472554
v -0.0164458189208997 0.111729924863654 0.202195922981294
v -0.0203923727484265 0.110596386106394 0.203920002194047
v -0.0210486086968646 0.111175460118605 0.20735166503448
v -0.0199863105270349 0.112040621518182 0.208355973474175
v -0.00616873321305074 0.114441191082274 0.205520640190229
v -5.17634208361986e-08 0.11610941329354 0.210237245032849
v -5.13313753353767e-08 0.114005078807361 0.202991436355007
v -0.0220714113398329 0.111875732722677 0.211581553259904
v -0.0187180056709499 0.11340072497575 0.211072440197935
v -0.0172521989661711 0.114553381922394 0.21313291311712
v -0.0231848931345743 0.112489422131568 0.215340207174267
v -0.0218480746034966 0.113307451159342 0.215205247360351
v -0.0107689748905085 0.114192006419779 0.20676965549358
v -0.00299378640777354 0.115687129295906 0.209111596440265
v -0.0181199662062536 0.1165314588726 0.219773779367496
v -0.0148300255127992 0.114878987188363 0.211961428553728
v -1.06096590473109e-07 0.118587245376695 0.217675949238033
v -0.0210392917460364 0.115518187384647 0.220181192006591
v -0.0118899445185824 0.116196361567163 0.213918561922344
v -0.00686509100276782 0.116058876006481 0.21117795531799
v -0.0138213705907457 0.11833598200226 0.221296856821399
v -0.00756287697562115 0.118645941049325 0.219066465964918
v -0.0244283912831162 0.113090944742615 0.219084004631251
v -0.0233718356481532 0.114768889961343 0.221365119039302
v -0.0194720621525038 0.119188678580777 0.228204766775561
v -0.0157764755388394 0.117228378715478 0.219648699023231
v -0.010975402534558 0.118462813232927 0.219992334693841
v -0.00339220526496612 0.118305792250356 0.217132116471258
v -0.0304173187073178 0.115589832166066 0.235233152615283
v -0.0261142359797458 0.113831048149668 0.223770151501071
v -0.00383906034553666 0.1235570358435 0.231815228645163
v -0.0225032600200941 0.118929368579478 0.230813587513262
v -0.0171059906384502 0.12046196042459 0.229481945272939
v -0.0132784188551066 0.12377602330351 0.236074293343552
v -0.0282089554918794 0.11598598697813 0.231915885986778
v -0.0249021383024277 0.117278208197397 0.229749123087172
v -0.0268584316181 0.117184390488617 0.232383946350576
v -0.014125679303877 0.122023043289267 0.231556306074046
v -0.0113404949454854 0.122345102078951 0.230874116028679
v -0.031285564647193 0.117416431365541 0.240830639582187
v -0.0347772009348009 0.117941995309101 0.251572007278233
v -0.00378972376607981 0.125270632089587 0.236988539167005
v -0.00842513870242684 0.123849456224232 0.233882570999505
v -0.0293964178250044 0.118515071604066 0.239811549190919
v -0.0255511285613973 0.120096598861444 0.237843493271392
v -0.0217348686217921 0.121236396106266 0.23606369861818
v -0.0321288772196578 0.116337237141941 0.240309709899655
v -0.0246227080086762 0.121812184412507 0.241414094535691
v -0.0163967661619911 0.123652537383457 0.237933079050487
v -0.0190399582898629 0.122578051926688 0.237053791350414
v -1.7583825557822e-08 0.12412086596815 0.233164275441372
v -0.0179374325736443 0.12477870006609 0.242946351104684
v -0.0332463972289925 0.116888334224635 0.244112843779187
v -0.0279733718639607 0.121018161154879 0.244353765747984
v -0.0279125117977151 0.123257671521807 0.252575451450598
v -0.0214352360792035 0.125333142459398 0.249297121555422
v -0.0133846017334328 0.125818413663991 0.242796534833389
v -0.00890987160258293 0.127326873079088 0.246009046301043
v -0.00843949503959365 0.126203608672242 0.241454938617611
v -0.0339660003639911 0.117301997900711 0.2470119987351
v -0.0333842441428253 0.118621763915829 0.248969042696751
v -0.0312894128719853 0.11896108570037 0.244810858857389
v -0.0252100968686473 0.124883388171718 0.254594230921695
v -0.0249528730298685 0.12432843168836 0.250983262412624
v -0.025165931690501 0.123131503392798 0.246509159061853
v -0.00573459208232338 0.128442388882287 0.250077599657827
v -0.0033481674451791 0.127350238099318 0.244303846859101
v -8.3479745693151e-08 0.128735882146601 0.250560427072039
v 6.07832393043322e-09 0.127039384982601 0.242826426562076
v -0.0344956993796897 0.1176642972753 0.249575207019406
v -0.034957810455014 0.118221995572256 0.253579581076363
v -0.0303264234887122 0.120714117868676 0.248175645287879
v -0.0315635085501487 0.121013318277599 0.252602005319252
v -0.0178521290156517 0.126348343647683 0.249016398585966
v -0.0130722016899542 0.127265390889377 0.248484814573419
v -0.0101962813691137 0.128550243484598 0.253241563143397
v -0.0319727465814487 0.120222819144515 0.250576877953629
v -0.0218628211648134 0.126155671637753 0.254542434486543
v -0.0323163561750277 0.12102059749468 0.256143266197817
v -0.0297004871882393 0.122827750679232 0.256384366980544
v -0.0349410913525282 0.118792039480985 0.257781559427495
v -0.0350538931402443 0.118497860763271 0.255278373019135
v -0.0218363343513834 0.126682874709007 0.259224945473113
v -0.0182301155873365 0.127210927146431 0.254414075886888
v -0.0143224640342044 0.1279346914306 0.253390366135753
v -0.0182308084913165 0.127726194387836 0.259172135759023
v -0.0260315680645804 0.124981638975853 0.258333558030421
v -0.0102118996483409 0.129101228808586 0.258163237761783
v -0.0143079959383312 0.128635254607308 0.259966486842189
v 5.25627529743529e-09 0.129627075874202 0.25739094039669
v -0.00461698452866863 0.129151654336939 0.254060292525732
v -0.0346338182397083 0.119189803618422 0.260733926428841
v -0.0335062883755654 0.120317732088618 0.259258055852546
v -0.0332410626134043 0.119957116545207 0.26658942699605
v -0.0213460675326126 0.126989421390235 0.263670915432179
v -0.0256849968652804 0.125332546412964 0.262048506839979
v -2.71444912031233e-07 0.129959371761397 0.263325208500209
v -0.0319330983176884 0.121601079666592 0.259804839049171
v -0.0294993475936503 0.12326724551766 0.260211134101201
v -0.02948159844842 0.123281759248338 0.264220112616864
v -0.0100060578061778 0.129392024962784 0.263317549303527
v -0.00493645098202419 0.129620519363423 0.258757555661554
v -0.0340671531692043 0.119583700904616 0.263689214057716
v -0.0304747999353383 0.120755997581275 0.272832983594395
v -0.0315369658573654 0.120499265480805 0.270811670925952
v -0.0309677806280308 0.121628192328778 0.268505239445599
v -0.0249238995852198 0.125600126558541 0.265759044905922
v -0.0178292203434733 0.127986323952982 0.263489210676643
v -0.0324500978190434 0.120234993392939 0.268729978753701
v -0.0271413059426556 0.124324222110417 0.267952972621777
v -0.0144651603445749 0.128707733853735 0.265342229634324
v -0.0323590591767645 0.121127431367471 0.264298373513705
v -0.0290252205947368 0.122089278949293 0.272519165146667
v -0.0230203265766729 0.126070094270929 0.269252383651158
v -0.0271008548788539 0.12357503644582 0.272049450754014
v -0.0288963534929677 0.123182890046027 0.268415355643287
v -0.0249395811943807 0.124882494102066 0.271514707695364
v -0.00561845848817106 0.129789200504367 0.264799678367383
v -0.0233612819009736 0.121850055712834 0.281716876885663
v -0.0255244145052642 0.121594605112198 0.279597454974112
v -0.0186586711110474 0.127404388917886 0.270429456149873
v -0.00828969460078277 0.129447308269577 0.268707984640271
v -0.0275022604874765 0.121300582856673 0.277278268100062
v -0.0293004040576431 0.121003081180088 0.274786644992531
v -0.024902229572038 0.123806965564037 0.275665634669386
v -0.0265882344561468 0.122465309743615 0.276301616214925
v -0.0229372302531328 0.12350060514732 0.279243641810634
v -0.020885664502852 0.126381975567745 0.272555762397741
v -0.0161739397904143 0.127841261152002 0.271993005156673
v -0.0029390896013583 0.129775253017802 0.268865132282708
v -0.0157168615821707 0.12742055667742 0.275133365203439
v -0.0195674817360758 0.126082492036765 0.27598267176786
v -0.00752931257644352 0.129174557421182 0.272557252513828
v -0.0183744370555633 0.122293186434512 0.285450809774157
v -0.020274683379948 0.122159798693067 0.284194403495019
v -0.0227022575728094 0.125191551628899 0.274749898729848
v -0.0138990093641206 0.127116349478447 0.278153353672772
v -0.0172399464866533 0.125922319458673 0.279118233640829
v -0.00285629851878516 0.129383352487163 0.273156845424544
v -1.77866641880657e-08 0.129782480080819 0.269952499793041
v -0.0216285432511151 0.122041751696728 0.283183627951511
v -0.0170541345986547 0.123642337538847 0.28437271078588
v -0.0102609887288291 0.128134381887295 0.276691639199295
v -0.0055315404825314 0.128615495668007 0.27696039653658
v -0.019927611129114 0.124991324730413 0.279119217117446
v -0.0157988123789697 0.12547996359736 0.281588488483686
v -0.0156944316097851 0.122470987085903 0.286951773905342
v -0.019171699453033 0.12399188897032 0.282092266930067
v -3.11888499161371e-08 0.128864076833486 0.27672808743876
v -0.0136285057970472 0.125242200674665 0.28357379994749
v -0.0141782133464916 0.123635967292579 0.286180221598292
v -0.0109972094521552 0.123705116129554 0.287546360026009
v -0.00784223695451992 0.12757046235568 0.280217551882173
v -0.00296712892948552 0.12797347915232 0.280269080096429
v -0.0128797904503394 0.122605656327182 0.288204305882656
v -0.0103880984249392 0.124781501484332 0.286029392048059
v 1.35073416097214e-08 0.127685395009399 0.281463527348708
v -5.88556603621001e-08 0.126529258641693 0.284578734235941
v -0.00271146878127454 0.126131293338584 0.285333090603357
v -0.00376583254860721 0.127161097664512 0.282665782809277
v -0.00832709930851099 0.124052648453729 0.28796895694802
v -0.00775398436366066 0.125773888995339 0.284998023100241
v -0.00769784051482746 0.126522091183319 0.283311062679192
v -0.00407240437554414 0.125210118475332 0.286972903751442
v -0.009925348462343 0.122732487557849 0.289235555621187
v -0.00623792489086267 0.123890695186914 0.288731300337658
v -0.00690756955576914 0.12282234900842 0.289988600686447
v -0.0046713490857628 0.122870509560322 0.290360384649924
v -0.00155233995778846 0.122891997034283 0.290632003010094
v -0.00335480800781832 0.12402150502753 0.288989209629836
v 2.19875128297055e-07 0.124871914277855 0.287905746223649
v -0.00276118650448654 0.122902353341081 0.290576034249901
v 2.34035107835877e-07 0.123803456340655 0.289498471703414
v 1.00646993641963e-14 0.122895997995974 0.290666990935795
v -0.0244632991150777 0.10599499703955 0.195178996134274
v -0.025461900410163 0.106746000645773 0.203160996664442
v -0.0266366073495911 0.107130361189016 0.208895917037966
v -0.0276036163210064 0.106872049565494 0.211479390901043
v -0.0386092616928539 0.102289830842098 0.234603280545698
v -0.0404556198316307 0.101376806913836 0.238409782087584
v -0.039079765847033 0.102075835270976 0.235569397310106
v -0.0339556701342244 0.104484175790456 0.225406820504215
v -0.0304252014214132 0.105916408317171 0.218089650167011
v -0.0289327682048212 0.106456396584444 0.214726279346802
v -0.0251947002441879 0.107366999074066 0.204457993705764
v -0.0245531996811959 0.106219997117968 0.196779991758317
v -0.0234579997481856 0.106586997808808 0.1934299872794
v -0.0234885005618225 0.106804994341621 0.194777990994349
v -0.0244630327568273 0.10576163740989 0.193575243795471
v -0.0235789990370202 0.10698899387593 0.196149002101667
v -0.0248994002141196 0.106559996905328 0.199979986250848
v -0.0239545734832907 0.107265149639582 0.199005778156092
v -0.0237259989889118 0.107137998033957 0.197533990497872
v -0.0246991993926648 0.106407997613968 0.198381002283521
v -0.0247749494439005 0.10739096014073 0.202869500155684
v -0.0251549998263645 0.106671994030358 0.201573993230447
v -0.0242568733336733 0.107360427662126 0.200709532185431
v -0.0260057126878418 0.106795345839963 0.205517466242966
v -0.0268780303699222 0.106736277638311 0.208589981304333
v -0.027908978359946 0.106542249622743 0.211660648621753
v -0.0258282044717329 0.10729714243195 0.206516335758947
v -0.0290737853406272 0.10623959959508 0.214683900445314
v -0.0302576322795984 0.105862995106065 0.217490772512016
v -0.031656890399973 0.105358881383565 0.220561812358458
v -0.031825172934864 0.105376010267974 0.221060703224077
v -0.0336363196305267 0.104572219299402 0.22469992433414
v -0.0366935237491093 0.10322467006986 0.230776811448258
v -0.0365873790550077 0.103293148354595 0.230597610087746
v -0.0405453136441419 0.101350938498582 0.238625223071309
v -0.0425605019354713 0.100220976019928 0.242944130831715
v -0.0432597016559613 0.0998430453275966 0.244696492447782
v -0.024458076258196 0.105756481608232 0.193576227272088
v -0.0234579997481856 0.106586997808808 0.1934299872794
v -0.023470887389685 0.0961853765803876 0.134338718630253
v -0.0244369277856444 0.0953181141171293 0.134491202209341
v -0.00601285636023761 0.0822572689743961 0.0617691488168579
v -0.00524341256744989 0.0817149710271897 0.0609655664645381
v -0.00755789859090982 0.0817899983721237 0.0613392018972515
v -0.00741619972699444 0.0823018979511741 0.0620334991358183
v -0.0022735315798179 0.0816378947726373 0.0606687725930935
v -3.40658049704125e-09 0.0822278093793743 0.0613430203197221
v -3.00519012674534e-11 0.0815960970164228 0.0606137984853879
v -0.00386085073215853 0.0822176467876673 0.0614869171048645
v -0.00151373267981264 0.082203602443556 0.0613638595931859
v -0.0225990372315267 0.0889375711469906 0.0946764403281411
v -0.0231681609935727 0.0923686304904093 0.112816547315943
v -0.0234003210797837 0.0947293916032611 0.126118806165781
v -0.0240053603647944 0.0937647351526168 0.1234317394324
v -0.0234658992260869 0.096167137559494 0.134341996885642
v -0.0244325487069964 0.0946565100254911 0.13078674381703
v -0.0244323996953878 0.0953139939461513 0.134491991970867
v -0.0237429267076497 0.0879359374656702 0.0945695170483846
v -0.0222593429179639 0.0878387073910536 0.089196486267526
v -0.0230071856154388 0.0863371770157562 0.085647134058614
v -0.0225977799460791 0.0857474337723691 0.0823672171898063
v -0.0208869795302979 0.0842257123241053 0.0739648996152378
v -0.0204004622161288 0.0850729625283275 0.0755689872301596
v -0.0188613920913328 0.0841319095164866 0.0708428605457501
v -0.0193234547378843 0.0843430366141426 0.0720129891035037
v -0.0157268993766556 0.0831499006640199 0.0661499932523818
v -0.0151802568097357 0.0823319759443716 0.0644390866658295
v -0.0144433999931054 0.0822089966637876 0.0639135003705285
v -0.0143033700592064 0.0829131808225855 0.0649321586281323
v -0.0150377998492615 0.0830237027326899 0.0655170962471419
v -0.0135257995458143 0.0828033965199437 0.0644085988907084
v -0.013678929462755 0.0821358170628003 0.0634098783863363
v -0.00884006059527273 0.0823748614853289 0.0623692669934943
v -0.023911682354398 0.0958398931658304 0.1343990832329
v -0.0243117803861551 0.0907649973608938 0.110040528102803
v -0.0244184224065004 0.0923977548093117 0.118721400527923
v -0.0228696441754036 0.090277379223466 0.101648313515298
v -0.0235408502025715 0.0890871489997112 0.0984696127816376
v -0.0236673480197638 0.091328030273438 0.10940671467617
v -0.0240920925715846 0.0892782563877507 0.101975714371151
v -0.0233748941114199 0.0870189349274586 0.0894309187807682
v -0.0215406487537778 0.0863622184165827 0.0818720292626612
v -0.0219510472129799 0.0870971436702365 0.0855048801264566
v -0.0225418130485311 0.0871262381868171 0.0870290677168428
v -0.0212076078085394 0.0859085451235958 0.0795204398143193
v -0.0220965961643327 0.0851757730876865 0.0792422276904681
v -0.0207988782793537 0.0854488368604603 0.0773121101264929
v -0.0214906460458644 0.0846399943983567 0.0763182250488201
v -0.0199145316351685 0.0847056936165919 0.0737779869039806
v -0.020346179149758 0.0838961955034104 0.0723448975605168
v -0.019678866050865 0.0835700761473918 0.0706371574706474
v -0.018905384043484 0.0832606460915372 0.0690143092942019
v -0.0181961465285092 0.0838299523928038 0.0694896563256608
v -0.0179740316873635 0.0829622801476218 0.0674519151273686
v -0.0163676250792828 0.0832914467910364 0.0668270200455109
v -0.0168495453853264 0.0826563220622478 0.0660149738338223
v -0.0172113586095419 0.083501925688195 0.067894569011899
v -0.0159081403335602 0.0824713166995808 0.0650514722231446
v -0.0128430898224618 0.0820426699062596 0.0629756362071118
v -0.0105652210735109 0.0824995245970902 0.0629360289215439
v -0.0123433747363828 0.0826684590577689 0.0637275562347273
v -0.0102347626857141 0.0818940457278341 0.0619781115208988
v -0.0116807974126758 0.081958061114892 0.0624721930368499
v -0.00741679670475142 0.0823086332758832 0.0620290660404622
v -0.0090133955550181 0.0818318631835621 0.0616542347895897
v -0.00755648530893443 0.0817787107427717 0.0613488019701361
v -0.0320889868120335 0.0842943843239322 0.212847526084314
v -0.0325150408033649 0.0828108545509545 0.215198154407781
v -0.0313938886360704 0.081459393766686 0.214532087418465
v -0.030561178239558 0.0796244350159677 0.215060735902323
v -0.0338899783665696 0.0732562153058609 0.223080853601973
v -0.0305614688121948 0.0660707786812468 0.222274805107531
v -0.0325178086939948 0.0657548889721591 0.224054629563064
v -0.043794854496535 0.0726313649274858 0.240599045740089
v -0.04390209815125 0.0734055025859447 0.240841994266763
v -0.0305661664031562 0.0680892973820286 0.221725742033294
v -0.0305770908167122 0.0639714733368582 0.222687209635514
v -0.0305603214228085 0.0620247260773624 0.222979838632498
v -0.0335676401801194 0.0622401521599267 0.22568457814266
v -0.032408907285134 0.0727828277770552 0.221655959896983
v -0.030558563085827 0.0832397397628495 0.210720742999299
v -0.0305624485635214 0.0840763877911194 0.209370235889325
v -0.0318206355313819 0.0857528801466637 0.210426683490872
v -0.0311581168809958 0.0865116994117577 0.206860343958579
v -0.0305710539839185 0.0866907815629825 0.202078770054606
v -0.0305832002926651 0.0866527016464028 0.196944724091633
v -0.0305600997680407 0.0868023987084102 0.197948987827845
v -0.0310680486768179 0.089082507288103 0.196516271013403
v -0.0309659068070526 0.0881017203308269 0.200853387992381
v -0.0311373707397874 0.0895875001790945 0.201087991868973
v -0.0310339548207684 0.0893723125151039 0.198430712556152
v -0.031384776576204 0.0896070728538851 0.203689883566874
v -0.0305599991852049 0.0868829990875062 0.199998001754328
v -0.0305599991852049 0.0868765021813709 0.198966990434371
v -0.0305600997680407 0.086819602098624 0.201051990664333
v -0.0313737646183279 0.0880049670933578 0.205102155988615
v -0.0305672635011245 0.0864074508903756 0.203573818424929
v -0.0320189737077291 0.0877266730131219 0.209010328151055
v -0.0305507958557283 0.0858218576202882 0.205590601140471
v -0.0316905111441651 0.0894488225255436 0.206322203435252
v -0.0321186103198247 0.0891362185224257 0.208849380712597
v -0.0305651866518296 0.085031701213904 0.207512716781064
v -0.0327962257088078 0.0868572126286366 0.212614218608717
v -0.0326141894024423 0.0886864120806822 0.211315642044343
v -0.0331863790783355 0.0881087238764314 0.213760296692841
v -0.0335070073565769 0.0847415309084621 0.216057236133727
v -0.0346121594023971 0.0865636076056162 0.218693489908572
v -0.0338663861036368 0.0874108652604189 0.21617605799043
v -0.0346686310767693 0.0848576631056305 0.219093660583489
v -0.0305587046468551 0.0823548790286146 0.211979399353726
v -0.0305604108297737 0.081043837643181 0.213579456204635
v -0.0344251870864965 0.0815921258570534 0.219820345495186
v -0.0348757907403461 0.0795808640216108 0.221672783307594
v -0.0321809940297684 0.0787549969832237 0.217923561828057
v -0.0305595018589612 0.0780412239274119 0.216475869346949
v -0.0305601426088782 0.076373620114321 0.21774826457169
v -0.0354961260669804 0.0855865906420378 0.221213559332187
v -0.0330935224944315 0.0801521298255305 0.21833596635604
v -0.0305613347017471 0.0746526999476703 0.218862439270412
v -0.032511632162818 0.0762383995300899 0.219977105707442
v -0.0370612396956708 0.0788847637425798 0.226070011569485
v -0.0365548460955584 0.0843505467992164 0.224059934376331
v -0.0366680353134569 0.0764429403146454 0.225975657418914
v -0.0343029454133751 0.0769984257892136 0.221942404912209
v -0.030563705848969 0.0732922686645636 0.219613815405656
v -0.0376853152136812 0.0829925146030083 0.226850042637064
v -0.0386180310260204 0.0818457212631626 0.229023958093882
v -0.0353791072507407 0.0736399649015086 0.224861065487689
v -0.0305593100065151 0.070024749561592 0.221078778332201
v -0.0305599358552713 0.0719097091575786 0.220297763788005
v -0.0395195363569368 0.074185846577902 0.231705585903549
v -0.036432846566301 0.0818945896202055 0.224061886428403
v -0.0323024161390424 0.0692840501081047 0.222890118742955
v -0.0390878571773804 0.0788745787991315 0.230240935901382
v -0.0384287490301864 0.0704008027076551 0.230446691130548
v -0.0395685164726862 0.0806426313375849 0.231161425311235
v -0.0346478141550468 0.0697258993299486 0.225234011741712
v -0.036645392999529 0.0698210953961077 0.227837736282399
v -0.0407580388913002 0.0790653434604712 0.233797202248934
v -0.0336262352699142 0.0675346240207273 0.224731619103291
v -0.035248655037985 0.0603076355090528 0.227569813410122
v -0.0344216964895648 0.0599912726881078 0.22669451922116
v -0.0332929447302313 0.0596725554837468 0.225560853804033
v -0.0321042940295277 0.0594623522580642 0.224455426086737
v -0.0305619624131483 0.0593707063934802 0.223127628345915
v -0.0311946060986536 0.0593860098856842 0.223648632534251
v -0.0373911886500306 0.0735745562559102 0.227995405465467
v -0.0432289978140077 0.0701230152668884 0.239377195252988
v -0.0435023111812259 0.0711486174654534 0.239948177934851
v -0.0404069265632278 0.0644019753247066 0.234305853374916
v -0.0379677927948288 0.0619029277137765 0.230794975963347
v -0.0388336992524487 0.0626377523845945 0.23194899636621
v -0.0352391741743873 0.0654073044939205 0.227033058694756
v -0.037017862416405 0.0612459988613584 0.229642311566122
v -0.0360438145091282 0.0606740178017173 0.228449935575203
v -0.0428062742321286 0.0688259735220834 0.238501662645452
v -0.0396489268619812 0.0634694457768781 0.233121464406219
v -0.036939165660609 0.0662926048124008 0.229032451755573
v -0.0439853434863988 0.0742072893483807 0.241025591469729
v -0.0423911241652571 0.0767269042865889 0.237422982511901
v -0.0407157680232284 0.0695008843503704 0.234528864148359
v -0.0423055281719825 0.0675961285621802 0.237529987748042
v -0.0417296020300036 0.0664363190583226 0.236481512267556
v -0.0410983702294898 0.0653713852456656 0.235397750838151
v -0.0436566015260687 0.0718801974084938 0.240298623435975
v -0.0390056959016843 0.0677416383979857 0.231808061186789
v -0.0238990349941174 0.0682072475208221 0.139271896944823
v -0.0275699657744925 0.0713408051876553 0.138718825458314
v -0.0283984610051264 0.0827950593204421 0.197625453823236
v -0.0305758949985531 0.0762330276615996 0.13784937252441
v -0.0306322027601558 0.0866292248674666 0.196949462660787
v -0.0294228003303084 0.0739285109804168 0.138263490685891
v -0.0231120022435787 0.0781914723323711 0.198437388276218
v -0.0261985318467352 0.0804078113941603 0.19804602418737
v -0.0194047536088956 0.0662564545961525 0.139616069057225
v -0.0196450944324192 0.0767622274884093 0.19868842813324
v -0.0166024319841916 0.0761604441070467 0.198795060840359
v -0.0165999993696811 0.0657583013379962 0.139704000807464
v -0.0165982075050876 -0.000608368530309911 0.0894235501567225
v -0.0166003793492831 0.050598731996148 0.113242146821868
v -0.0055665991887466 0.0492036815910715 0.113145371232658
v -0.01105420359848 0.051373737647227 0.114603867055389
v -0.00547026038981399 0.0527635577448414 0.116320614896999
v -0.01659989319891 0.0553680534206028 0.117841829705793
v -5.43631190125532e-08 0.0581324869811731 0.122841750319859
v -0.0166000962272267 0.0611749165987622 0.12616084234057
v -0.0166001316174837 0.0589912483321604 0.122511235121386
v -0.0110687992855431 0.062731346575961 0.130664852321188
v -0.0110412330692732 0.0605610446506513 0.126047906442406
v -0.005580463787605 0.0588659444704821 0.123772402321419
v -5.08921498003704e-08 0.0606965111040366 0.127144482870151
v -0.00876354685954284 0.064288853162032 0.136029255329909
v -0.00503033108941477 0.0649388268976184 0.13984864637594
v 1.58842748734317e-08 0.0649373814850149 0.139847215864497
v -0.0166058518006092 0.0656985253312032 0.139714059091045
v -0.0165998801603942 0.0453128543798738 0.109271136464079
v -0.0165998987868453 0.0393886892634183 0.105696184060808
v -0.0109578955331917 0.036907191494692 0.10493020478792
v -0.0166000291720028 0.0272717097266385 0.0999750398105001
v -0.0166000831887109 0.03379788919245 0.102869478549
v -0.0110598986358965 0.0179805416320146 0.0968688406750073
v -0.0166000254467126 0.0189734432330705 0.0966978722058712
v -0.0110150265839319 -0.000796530960018996 0.08990129627508
v -0.0164880991021971 -0.00192692999611954 0.0888800973695494
v -0.0015236070271893 -0.0165356561570843 0.0833211448046309
v -0.00302897433499308 -0.0163272298948343 0.0834022890760983
v -2.18794620193791e-07 -0.0166117656988258 0.0833056326961748
v -0.00434299036466357 -0.0160247847581332 0.0835183244157212
v -0.00546886759693478 -0.0156767420691982 0.0836547296422407
v -0.0064060882164668 -0.0153158312965373 0.0837942268596389
v -0.00792677682801845 -0.0145953629628862 0.0840924065390436
v -0.00724591298596765 -0.0149377758069835 0.0839400645209834
v -0.00877753253033323 -0.0140935617142866 0.0842642988801531
v -0.00966961008303751 -0.0134957196899717 0.0844924431035121
v -0.0104569660025024 -0.0128952904516023 0.0847218390243834
v -0.0117384593172717 -0.0117400518788387 0.0851606558599921
v -0.0124114395139046 -0.0110285261043492 0.0854301880576419
v -0.0129858950975711 -0.0103469665643507 0.0856993551768506
v -0.0136652427465044 -0.00943454799574891 0.0860320757471306
v -0.0143926866860834 -0.00827500764410936 0.0864692385538837
v -0.0149241719784402 -0.00727382425724372 0.0868471394438936
v -0.0152842985775108 -0.00647773718883693 0.087147375483497
v -0.0159521211098408 -0.00459407771913539 0.0878610442311828
v -0.0156080030141474 -0.00565559171537485 0.0874582807542768
v -0.0162669081330247 -0.0033483448621256 0.0883349458500382
v -4.97741889903411e-08 0.0629870728480733 0.13243944646926
v -0.0165998093798801 0.0651155472148468 0.136535417962028
v -0.0165996994838188 0.0632732123895025 0.130621221722188
v -0.00569746444305492 0.0632851258676106 0.133027997619778
v -0.00556562595667788 0.0612955265947694 0.128128689643844
v -0.0110325764261357 0.057925148503666 0.121860032040029
v -0.0110389680928224 0.0548507968742229 0.118055989189685
v 1.63005534312995e-08 0.0455690351373924 0.110533950242386
v -0.011077695278577 0.0434256335327266 0.108661559775586
v -0.0110674227908086 0.0475448135835353 0.111481783282419
v -0.00555839749667657 0.0452107367244949 0.110187453548891
v -0.00561595043653368 0.0295902875157385 0.10181470732805
v -0.0110859728734352 0.0274206375162164 0.10056950672188
v -0.00554588936911778 0.0193340382873857 0.0976930536845388
v -0.0111488241073008 -0.0123033744326971 0.0849518384422696
v -0.00559141940046662 0.0559871556761759 0.119822924141073
v -5.43541270944331e-08 0.0550790342298373 0.118904230321104
v -6.85326180474643e-09 0.0509852532077158 0.114761618194842
v -3.90814518671366e-08 0.0399962691963558 0.107068431964477
v -0.00553896498593028 0.0389455846187719 0.106339042492083
v -6.61548268034198e-09 0.0316830680143151 0.10283381262048
v 1.1180918163432e-08 0.0197328436434381 0.097946649090648
v 1.29698462401991e-08 0.00278073915584227 0.0916739458216589
v -0.00553479126390543 0.00414851997088229 0.0920787656587638
v -0.00551671894974897 -0.00566553777458814 0.0882338861770804
v -1.20085441126918e-08 -0.00868508386570784 0.0870724077432064
v 0.0099999995529653 0.112690997585112 0.211251000808529
v 0.0099999995529653 0.109503996904851 0.207334990635477
v 0.0099999995529653 0.108847995649697 0.207297737733325
v 0.0099999995529653 0.105393474428503 0.210156167816605
v 0.0099999995529653 0.10686955362105 0.210065628363215
v 0.0099999995529653 0.105548997844407 0.209662998996757
v 0.0099999995529653 0.107600284197922 0.209136257861489
v 0.0099999995529653 0.107662995733404 0.207549984584376
v 0.0099999995529653 0.108066750137507 0.208868513803143
v 0.0099999995529653 0.108564426558516 0.208710159166675
v 0.0099999995529653 0.108148088124066 0.207395399941607
v 0.0099999995529653 0.106046994640374 0.208769987327531
v 0.0099999995529653 0.106380996710488 0.208381052127904
v 0.0099999995529653 0.105768141766606 0.209190736505596
v 0.0099999995529653 0.106707756816424 0.21057535237278
v 0.0099999995529653 0.11248599486457 0.209760989030577
v 0.0099999995529653 0.112621997759746 0.210245992014274
v 0.0099999995529653 0.105362994103962 0.211680988706328
v 0.0099999995529653 0.105688994250694 0.212649996295944
v 0.0099999995529653 0.112690997585112 0.210746000466958
v 0.0099999995529653 0.105946456508046 0.213093678360574
v 0.0099999995529653 0.111210187273991 0.2117279422642
v 0.0099999995529653 0.106379044658415 0.21361745416483
v 0.0099999995529653 0.107513104956306 0.212790097010357
v 0.0099999995529653 0.109531876976822 0.213265250326725
v 0.0099999995529653 0.110922997200721 0.214160988908388
v 0.0099999995529653 0.109932315872634 0.213131929640503
v 0.0099999995529653 0.110721138625121 0.212571795003746
v 0.0099999995529653 0.105315995842607 0.210658992588691
v 0.0099999995529653 0.10720002411604 0.207763220196294
v 0.0099999995529653 0.106769991514759 0.208046997903727
v 0.0099999995529653 0.107137290228816 0.209599236929434
v 0.0099999995529653 0.105299962193521 0.211167971540213
v 0.0099999995529653 0.106675018966013 0.211107294013188
v 0.0099999995529653 0.106735003589058 0.211533675830058
v 0.0099999995529653 0.10548794033778 0.212174410845911
v 0.0099999995529653 0.106868041153223 0.211933265359701
v 0.0099999995529653 0.107136276949878 0.212400744578226
v 0.0099999995529653 0.107963358432875 0.213088194733377
v 0.0099999995529653 0.106906262630831 0.214055011852346
v 0.0099999995529653 0.107823898468379 0.214511181089777
v 0.0099999995529653 0.108573955850887 0.213291893602344
v 0.0099999995529653 0.107351993605079 0.214312995650329
v 0.0099999995529653 0.108484988469967 0.214667836993906
v 0.0099999995529653 0.109000002391638 0.214699993699044
v 0.0099999995529653 0.109503996904851 0.214664990872182
v 0.0099999995529653 0.109108713810698 0.213324959278294
v 0.0099999995529653 0.109998998567486 0.214561994048312
v 0.0099999995529653 0.110474993799442 0.21439299998299
v 0.0099999995529653 0.111334999397361 0.213869984137938
v 0.0099999995529653 0.110305932678896 0.212925801882316
v 0.0099999995529653 0.111037840447476 0.212124074724523
v 0.0099999995529653 0.111704995221534 0.213524992461689
v 0.0099999995529653 0.112023000895464 0.213132987622924
v 0.0099999995529653 0.112285998934077 0.212700988068409
v 0.0099999995529653 0.11248599486457 0.212238992477082
v 0.0099999995529653 0.112622996137524 0.21175199273783
v 0.0099999995529653 0.111324985817263 0.210892821604919
v 0.0099999995529653 0.111305487648276 0.211316998049982
v 0.0099999995529653 0.111265433327883 0.210468779270304
v 0.0099999995529653 0.110925895476509 0.209694172225278
v 0.0099999995529653 0.112021995067106 0.208864997129179
v 0.0099999995529653 0.112285000556299 0.209296996683694
v 0.0099999995529653 0.111132000882955 0.210067833735023
v 0.0099999995529653 0.111702998465979 0.208473990668193
v 0.0099999995529653 0.110571776839233 0.209278832168605
v 0.0099999995529653 0.111334999397361 0.208129997369721
v 0.0099999995529653 0.110124071461171 0.208962152697992
v 0.0099999995529653 0.110921998822944 0.207837994221494
v 0.0099999995529653 0.110472997043887 0.207605998048052
v 0.0099999995529653 0.109728080561876 0.208789850574959
v 0.0099999995529653 0.10999699436135 0.207436989081569
v 0.0099999995529653 0.109207247736889 0.208677615031355
v 0.0287999653339397 0.106312615283298 0.214004079684524
v 0.0298781034377645 0.106123534453136 0.216862763087539
v 0.0355765252804047 0.103753519719389 0.22862246121565
v 0.0422059474392401 0.100425226231847 0.242121795368452
v 0.0366890757525924 0.103208338397556 0.230798120108289
v 0.0322504855934426 0.105130997930521 0.221829215694311
v 0.0344275563710734 0.104230327064612 0.226297909923689
v 0.0329328432768697 0.104918879905667 0.223348552956837
v 0.0287059986135517 0.10652799666238 0.214178989510708
v 0.0297756002148483 0.106018995359117 0.216367999843478
v 0.0307737991785903 0.105679993949534 0.218643988252193
v 0.0310987990848992 0.105662000797795 0.219518000941321
v 0.039177539814021 0.102015753790385 0.235769415592341
v 0.0416812887412027 0.100777348113568 0.240976313330762
v 0.0429462482866744 0.100024168937859 0.243931392343386
v 0.0234933993184555 0.106817995604472 0.194865997250393
v 0.0234579997481856 0.106586997808808 0.1934299872794
v 0.0244629973665703 0.105761592706408 0.193575258696632
v 0.0235908994766127 0.107008000306608 0.196299995564669
v 0.0239781173174507 0.107285467372416 0.199138025958731
v 0.0258254999110367 0.10678300022819 0.20477799613525
v 0.0266064995540719 0.106759992835821 0.207697997815207
v 0.0262159997325543 0.10679200052935 0.206342990554653
v 0.0250573767336302 0.107381460650681 0.203990872115101
v 0.0243697086490014 0.107361999734597 0.201272796065968
v 0.0237505002226572 0.107156997014055 0.197732995501168
v 0.0244643999383363 0.105993998661773 0.195174987722002
v 0.0245520001377466 0.106216994534054 0.196755002511553
v 0.0247864102992476 0.106496465805998 0.19920378478161
v 0.0256840301524695 0.107312684342728 0.206076483292658
v 0.0250854002292741 0.106651996672483 0.201196993860669
v 0.0254350988097098 0.106734996138477 0.203000987999119
v 0.0261212600144466 0.107230735408574 0.207422609461339
v 0.0237505002226572 0.107156997014055 0.197732995501168
v 0.0235908994766127 0.107008000306608 0.196299995564669
v 0.0195267997042807 0.108718996300125 0.193054001188561
v 0.0246873399312647 0.108486806411592 0.207073430558888
v 0.0211514993499632 0.111252998309144 0.207822988752507
v 0.0215986999512012 0.110914995277339 0.207592989334621
v 0.0221566999966647 0.110490997646207 0.207386995686881
v 0.0236760316712554 0.109304820538206 0.207064892193715
v 0.0254547031494672 0.107340258940901 0.205368916570345
v 0.024683692872144 0.107390118225141 0.202580268623376
v 0.026124799040151 0.107233000385025 0.207431997192681
v 0.0254309916772475 0.107845333788277 0.207200373548261
v 0.0239650992907937 0.107267995761307 0.199155996758729
v 0.0242306994446214 0.107339998170586 0.200565989302859
v 0.0228254994863536 0.10997899375903 0.207206989663683
v 0.0234933993184555 0.106817995604472 0.194865997250393
v 0.0195792014990928 0.10921401286392 0.195853765401532
v 0.021439572317014 0.107806717429906 0.193215231749075
v 0.021701074651605 0.108699319317208 0.198745529381658
v 0.0234579997481856 0.106586997808808 0.1934299872794
v 0.0200303117924116 0.110163559537452 0.201363797455345
v 0.019754100149406 0.109690999023074 0.198627989024788
v 0.0224543748992452 0.109211509468896 0.203291009292952
v 0.0205892040448816 0.110784759131416 0.205082560962083
v 0.0309659068070526 0.0881017277814073 0.200853387992381
v 0.0305710521212734 0.0866907815629825 0.202078770054606
v 0.0305651233218959 0.0850358362860429 0.207503418456687
v 0.0320890575925475 0.0842945631378625 0.212847511183153
v 0.0305614706748399 0.0660708978905337 0.222274805107531
v 0.0395194991040347 0.0741858838308042 0.231705511397745
v 0.04390209815125 0.073405301420273 0.240841994266763
v 0.0325176149789036 0.0657550901378307 0.22405439114449
v 0.0332868315289882 0.0596704879476774 0.225554982746654
v 0.0305619661384385 0.0593707063934802 0.223127628345915
v 0.0305603195601634 0.0620247335279428 0.222979838632498
v 0.0338899485642479 0.0732556416111678 0.223081092020547
v 0.0325115986352061 0.0762382132655791 0.219977165312085
v 0.0305595018589612 0.0780418572267485 0.216475437213284
v 0.031157999534354 0.0865114684437643 0.206860209848131
v 0.0313737087389747 0.0880048180817492 0.205102081482811
v 0.0305600997680407 0.086819602098624 0.201051990664333
v 0.0310339455075429 0.0893722007563975 0.198429714178375
v 0.0305600997680407 0.0868023987084102 0.197948987827845
v 0.0305831239242157 0.0866524930301507 0.196944738992794
v 0.0310680375009473 0.0890824178811379 0.196516285914564
v 0.0311373968168189 0.0895875001790945 0.201087962066651
v 0.0305599991852049 0.0868765021813709 0.198966990434371
v 0.0305599991852049 0.0868829990875062 0.199998001754328
v 0.0316906042764205 0.0894487927232219 0.206322516359631
v 0.0313848399061377 0.0896070654033047 0.203690047479643
v 0.0321186103198247 0.0891362110718453 0.208849395613758
v 0.0305672616384794 0.0864074508903756 0.203573818424929
v 0.0326141894024423 0.0886864120806822 0.211315642044343
v 0.0305507641907614 0.0858214627395254 0.205591912442626
v 0.0320189848835997 0.0877266730131219 0.209010357953376
v 0.0318206131796406 0.0857529695536288 0.210426489775781
v 0.0331852130624981 0.0881098563646568 0.21375576673994
v 0.0327965907872489 0.0868573020356018 0.212615515009712
v 0.0338658235848143 0.0874115060103359 0.216174031432553
v 0.0335071787199268 0.0847411807311818 0.216057861982483
v 0.0305624187611997 0.0840779598635902 0.209367628186174
v 0.0305585612231818 0.0832397099605278 0.210720802603942
v 0.0313939370648432 0.0814589765341819 0.214532608959095
v 0.0305587120974356 0.0823562052319312 0.211977715522549
v 0.0305604089671286 0.0810425263410252 0.213581005925365
v 0.0354942224436804 0.0855886470022366 0.221208403530529
v 0.0346120066654983 0.0865638236724487 0.218692908763299
v 0.0346686348020595 0.0848573799835742 0.219093764891615
v 0.0325150445286551 0.0828108321992132 0.215198184210103
v 0.030561178239558 0.0796244126642264 0.215060735902323
v 0.032181005205639 0.0787546468059435 0.217923830048952
v 0.0330934852415294 0.0801522192324957 0.218335847146753
v 0.0305601444715233 0.0763734040474886 0.217748502990264
v 0.0365479170557582 0.0843585412720183 0.224042455314641
v 0.0344250268990172 0.0815924164296902 0.219819868658039
v 0.0370616159499825 0.0788845253240061 0.22607080133101
v 0.0305637114369044 0.0732923953244309 0.219613800504495
v 0.032408802977008 0.0727834610763918 0.221655602269122
v 0.0305613402896824 0.0746514706018993 0.218863184328455
v 0.0376915215471797 0.0829850044179345 0.226864884193281
v 0.0348758056415069 0.0795808565710304 0.221672813109916
v 0.0366680315881667 0.0764429254134845 0.225975672320075
v 0.0343029379627946 0.0769984257892136 0.221942404912209
v 0.0353793531198949 0.0736396892300327 0.224861497621354
v 0.0305598818385631 0.0719095750471309 0.220297957503096
v 0.036433729460082 0.0818948131376185 0.224063838480476
v 0.0386197297583586 0.0818435754959987 0.229027862198028
v 0.0390870040859212 0.0788767245662955 0.230238968948149
v 0.0305661701284464 0.0680898710767217 0.221725607922846
v 0.0305593211823857 0.0700255840266002 0.221078465407823
v 0.0384289613717286 0.0704016073703416 0.2304468997468
v 0.0373907416152048 0.0735752715116315 0.227994481593494
v 0.0329265177340843 0.0685543775136544 0.223717624909037
v 0.0346480898265227 0.069725109568423 0.225234563084664
v 0.0395695148504639 0.0806413423871704 0.231163660485365
v 0.0369392587928644 0.0662924781525335 0.229032585866021
v 0.03664541162598 0.0698211550007511 0.22783775118356
v 0.0352391443720656 0.0654068723602555 0.227033103398239
v 0.0305770889540671 0.0639718458658797 0.222687164932031
v 0.0423911167146766 0.0767269042865889 0.237422982511901
v 0.0390051929875053 0.0677451103684663 0.231806734983472
v 0.0352481968272885 0.0603073747387378 0.227569396177618
v 0.0360372803500907 0.060670065268799 0.228442112465752
v 0.0344300821178393 0.0599931874872784 0.226703236400264
v 0.032098136124802 0.059461275649192 0.224448660959706
v 0.0311945651204613 0.0593860098856842 0.22364861763309
v 0.0388321644328801 0.0626360387510955 0.231947014511816
v 0.033567632729539 0.0622403421497276 0.225684548340338
v 0.0436554243343607 0.0718805475857741 0.240295881622377
v 0.0407603262194923 0.0790621844143687 0.233802238841305
v 0.0404049931376062 0.0643992633134299 0.234302739032297
v 0.0396466134567576 0.063467367064938 0.233117798720647
v 0.0379738575672991 0.0619073235562305 0.23080265006119
v 0.0370237968037179 0.0612491616327511 0.229649210803601
v 0.0430322168089704 0.0694666042298101 0.238949263715388
v 0.0434236777553636 0.0708088709978276 0.239768916969696
v 0.0422956226253003 0.0675760045444377 0.23751109307607
v 0.0426709642409323 0.068473613221789 0.238231534401367
v 0.0407158052761305 0.0695008098445661 0.234528923753002
v 0.0410935161763394 0.0653639048629135 0.235388988955565
v 0.043793088708973 0.0726309327938208 0.240594158159327
v 0.0439853434863988 0.0742072893483807 0.241025591469729
v 0.0417313007623417 0.0664397165229988 0.236483583528915
v 0.00743107993309776 0.0823025983057346 0.0620365985772774
v -7.31895905287103e-09 0.0822278168299548 0.0613430165944319
v -3.00519012674534e-11 0.0815960970164228 0.0606137984853879
v 0.0038698901488657 0.0822179224591432 0.0614876770640684
v 0.00152221109109647 0.0822035279377517 0.0613639974289239
v 0.00757352758034639 0.0817905199127539 0.0613422678110986
v 0.0060211353520796 0.082257596799935 0.0617704899213353
v 0.00221969834224067 0.0816380065313438 0.0606660941094288
v 0.00532087066424934 0.08171809282039 0.0609769509514357
v 0.0230081132127024 0.0863386820330031 0.0856554563569548
v 0.0234348656959492 0.0871491114687384 0.0901973376379012
v 0.0219947839827514 0.0850833635386084 0.0786531475487393
v 0.0224903071860158 0.0856077502904601 0.0816327613227197
v 0.0210901717597956 0.0857521648909424 0.0788675156488824
v 0.0215956135482579 0.0847253929512498 0.0767970440507595
v 0.0211755144333355 0.0844212304557596 0.0749840645123109
v 0.0201154533002799 0.0848481785167427 0.074472433154156
v 0.0176422573407982 0.0836288835787288 0.0685383960186303
v 0.0168948840298904 0.0834275167414367 0.0674603193820941
v 0.0142410347780356 0.0829061400240788 0.0648913890520172
v 0.0159177012908975 0.0824730377836602 0.0650603607655981
v 0.014455199849862 0.0822107028467061 0.0639215991514563
v 0.0116956948482464 0.0819589030304807 0.0624779560608128
v 0.00757210405382291 0.0817792918880453 0.0613518157299202
v 0.00902817098733412 0.0818324741311574 0.0616577849911648
v 0.0238495799038656 0.0882783437905097 0.0964624785677534
v 0.0240988763250665 0.0892857442210832 0.101952222691054
v 0.0244260778778926 0.0927555465827399 0.120614697323411
v 0.0234333625413474 0.0951685437149892 0.128628996119745
v 0.0234656310051914 0.0961774938662923 0.134340268350983
v 0.0238397674894388 0.0941716337016617 0.124886487613175
v 0.0244494112331555 0.0953325905949056 0.134488505099226
v 0.0244420724114316 0.0943237894552111 0.128944796421868
v 0.0243761161481715 0.0915780195986189 0.114382614618928
v 0.0242541091683337 0.0902828330483411 0.107442987543874
v 0.0240209413911195 0.0919117534478373 0.114003320470378
v 0.0232634390161166 0.0932023280888287 0.117413525639172
v 0.02339567005495 0.0900579894321128 0.102261533537622
v 0.0230047697647343 0.0911399403704728 0.106194672595084
v 0.0233284229786304 0.0880315209620117 0.0932036989956267
v 0.0227576209733425 0.0896687711104292 0.0984869800846208
v 0.0225203758659878 0.0886623616070529 0.0932967567452023
v 0.0222950442367413 0.0879399086250396 0.0897039005971573
v 0.0223882714870216 0.086720062344074 0.0850626062215282
v 0.0216221376145901 0.0864914114812457 0.0825118702088623
v 0.0220059151499144 0.087214661675365 0.0860877092312043
v 0.0205594780916095 0.0852112229493743 0.076240478242029
v 0.0206422298258047 0.0840666126295947 0.0732115714279211
v 0.0200474332262407 0.0837433095929788 0.0715365170343998
v 0.0191209442364961 0.0842531826141521 0.0714646114826661
v 0.0195797956828821 0.084493374426067 0.0727210699158667
v 0.0193080916410369 0.0834120493364632 0.0698197617422097
v 0.0187196392107093 0.0832116957781095 0.0686559661778219
v 0.0185415945528094 0.0839614253350784 0.0701704456619073
v 0.0179545875350853 0.082942618065866 0.0674466550175848
v 0.0168581563936588 0.0826541017892796 0.066030463590537
v 0.0163004376076066 0.0832826253038069 0.0667421579344088
v 0.0149709001562545 0.0830129962486115 0.0654620960624047
v 0.0156584006028237 0.0831361990466084 0.066081097735142
v 0.0151914727272511 0.0823338087871575 0.0644479454059613
v 0.0122780154508797 0.0826622229219487 0.0636977911659078
v 0.0134703001721883 0.0827975999683689 0.0643775970255375
v 0.0136914017343955 0.0821375530480406 0.0634167701732344
v 0.0128564589577216 0.0820437725921632 0.0629820660580233
v 0.0102481215764258 0.0818948354893597 0.0619819597456911
v 0.0105490356188484 0.0824980940856476 0.0629297480822411
v 0.00743167644519346 0.0823093112787024 0.0620321803830821
v 0.00879968962521066 0.082372767872228 0.0623591714570111
v 0.024458093022002 0.105756481608232 0.193576227272088
v 0.0234579997481856 0.106586997808808 0.1934299872794
v 0.0234708985655557 0.0961853914815485 0.134338718630253
v 0.0244367452464238 0.0953182258758358 0.134491202209341
v 0.0299517785023504 0.0773925465928204 0.152220916325876
v 0.0275865787062072 0.0727371259166952 0.146192964624026
v 0.025916233079518 0.0712096228180174 0.147160094667373
v 0.0217807958622102 0.0775440466952919 0.198551352354481
v 0.0194046548887049 0.0662564173432504 0.139616069057225
v 0.0165999993696811 0.0657583013379962 0.139704000807464
v 0.0166024319841916 0.0761604515576271 0.198795060840359
v 0.0191518138538643 0.0766391289985384 0.198710332839705
v 0.0271704116351069 0.0709334819555258 0.13879076826295
v 0.028193713466964 0.0734578727157899 0.14601473183897
v 0.0296626326517176 0.0847238879340029 0.197284515262741
v 0.029356993078657 0.0764611867861194 0.153208162936386
v 0.0302673999905426 0.0778822955962512 0.15116499026496
v 0.0282802556839532 0.0749632475905894 0.153907593624869
v 0.0277897932874461 0.0820370819709368 0.197759415259374
v 0.0288594693945471 0.0757400376556815 0.153640043281614
v 0.0294594720871868 0.0739251954721253 0.138264071831165
v 0.0278450002257902 0.0744234008843446 0.153988000288874
v 0.0273846381742219 0.0738831816490783 0.154004778996003
v 0.0268695236697158 0.0733154772226043 0.153937842981416
v 0.0262090762806894 0.0726351349211836 0.153748389622232
v 0.0264309005491983 0.0716216995204614 0.146799993214011
v 0.0269409169940449 0.072076371191226 0.14649372965484
v 0.0255431005609836 0.0719955398441367 0.153431352523759
v 0.0251113692273642 0.0691115989734629 0.139112797250313
v 0.024656738534792 0.0704065769074886 0.148336362503401
v 0.025267633976021 0.0707601516523932 0.147704732096834
v 0.024115262014078 0.0701574369484768 0.149076816087734
v 0.0237967888162261 0.0703962206006904 0.151607569643686
v 0.0241351103603446 0.0707249327586988 0.152209069902992
v 0.0237575969005171 0.070059372408852 0.149829801548351
v 0.0236572990494083 0.070222599724921 0.151113998492494
v 0.0236189993407059 0.0701341017305688 0.150747996179432
v 0.0236378996006127 0.0700798987579377 0.150373991942987
v 0.0229401452927262 0.0677021801240263 0.139360663160071
v 0.0245618013763028 0.0711073710521907 0.152699854537103
v 0.0250956615411718 0.0794783887383712 0.198210026363804
v 0.0250275054940397 0.0715236424314171 0.153096448933412
v 0.0287698333240341 0.0742544664236659 0.145974871233667
v 0.0292986941494343 0.0751130117078207 0.146112930489042
v 0.0297173031482707 0.075914232226144 0.146430802052525
v 0.0299715001887497 0.0764773992491359 0.146797996458456
v 0.0301134002183367 0.0768273008578884 0.147098001530066
v 0.0296791002971139 0.076956799396349 0.152757998866782
v 0.0302321997232992 0.077149992946909 0.147448998374142
v 0.030437800352921 0.0778542963149938 0.148733999980971
v 0.0303950992138293 0.0776701999231393 0.148273002767421
v 0.0301562987978097 0.0777150002632672 0.151615988799572
v 0.0303531002919432 0.0779959989041994 0.150690999239139
v 0.0303267997430239 0.0774345976687695 0.147844996724017
v 0.0304550000178445 0.0779813957665559 0.149222996475779
v 0.0304464001853827 0.0780469012696998 0.149719994893968
v 0.0304122001585621 0.078050902231391 0.150209989766553
v 0.0305600997680407 0.0762412978058773 0.137854990262054
v 0.0305600997680407 0.0866601000727702 0.196943993934751
v 0.00555841565746637 0.0452107702521068 0.110187475900632
v 0.00556660803631086 0.0492036257117183 0.113145326529175
v 0.0166000254467126 0.0189734562715863 0.0966978722058712
v 0.0165998801603942 0.045312858105164 0.109271136464079
v 0.0110674274474214 0.0475448061329548 0.111481775831838
v 0.0166003793492831 0.0505987059191165 0.113242124470127
v 0.0110389625048871 0.0548508117753838 0.118056004090845
v 0.01659989319891 0.055368057145893 0.117841837156374
v 0.0110327058799706 0.0579251522289562 0.121860017138868
v 0.0166001334801289 0.0589912483321604 0.122511242571967
v 5.43694570536145e-08 0.0581324460029808 0.122841690715216
v 0.0166000962272267 0.0611749165987622 0.12616084234057
v 0.0165996994838188 0.0632732123895025 0.130621221722188
v 5.08945869618995e-08 0.0606965409063584 0.127144542474794
v 0.00556556076409912 0.06129553777064 0.128128719446166
v 0.00876342765025595 0.0642888755137733 0.136029389440356
v -1.58999121423394e-08 0.0649373814850149 0.139847215864497
v 0.00503261003570392 0.064938871601101 0.139848631474779
v 0.0166058518006092 0.0656985327817836 0.139714073992206
v 0.0110776719955132 0.0434256372580168 0.108661567226166
v 0.00553897010820433 0.0389455436405795 0.106339012689761
v 0.0166000831887109 0.033797855664838 0.102869456197259
v 0.0109579439619644 0.0369071505164997 0.104930182436179
v 0.0165998987868453 0.0393886967139987 0.105696184060808
v 0.0166000291720028 0.0272716743363814 0.0999750249093392
v 0.00554588145287607 0.0193339190780988 0.0976930089810563
v 0.0165982075050876 -0.000608368937763529 0.089423557607303
v 0.0164880991021971 -0.00192692999611954 0.0888800973695494
v 0.0162669081330247 -0.00334834299948049 0.0883349458500382
v 0.00302897433499308 -0.0163272298948343 0.0834022890760983
v 0.00152360691077398 -0.0165356561570843 0.0833211448046309
v 0.0043429898990023 -0.0160247847581332 0.0835183244157212
v 0.00546886759693478 -0.0156767439318433 0.0836547296422407
v 0.00640608868212808 -0.0153158331591824 0.0837942268596389
v 0.00724591345162892 -0.0149377758069835 0.0839400645209834
v 0.00877753253033323 -0.0140935607829641 0.0842642988801531
v 0.00966961008303751 -0.0134957187586491 0.0844924356529317
v 0.0104569660025024 -0.0128952913829248 0.0847218390243834
v 0.0117384593172717 -0.0117400528101613 0.0851606558599921
v 0.0124114395139046 -0.0110285261043492 0.0854301880576419
v 0.0136652427465044 -0.00943454985839402 0.0860320757471306
v 0.0110150563862536 -0.000796527525767079 0.08990129627508
v 0.0143926857547609 -0.00827500578146425 0.0864692311033033
v 0.0149241729097628 -0.00727382425724372 0.0868471394438936
v 0.0152842985775108 -0.00647773812015948 0.087147375483497
v 0.0159521211098408 -0.00459407678781284 0.0878610367806024
v 0.0156080030141474 -0.00565559124971357 0.0874582733036963
v 0.0165998112425252 0.0651155397642664 0.136535373258545
v 0.00569750355860218 0.0632851333181911 0.133027997619778
v 0.011068849576961 0.0627313540265415 0.130664852321188
v 0.0110411948850485 0.0605610521012317 0.126047921343567
v 0.00558044097020244 0.0588659183934506 0.123772365068517
v 0.00559146829490069 0.0559871854784976 0.119822953943395
v 0.0110542892801549 0.0513736929437444 0.114603822351907
v 0.00547016027263946 0.0527635651954218 0.11632063724874
v 6.6018984358055e-09 0.0316831574212803 0.102833849873382
v 0.00561587313676171 0.0295903433950917 0.101814729679792
v 0.0110859216506947 0.0274206486920871 0.100569514172461
v 0.0110598194734794 0.0179805081044026 0.0968688332244269
v -1.11640330038725e-08 0.0197327542364729 0.0979466192883263
v 0.0129858941662486 -0.0103469684269958 0.0856993551768506
v 0.0111488241073008 -0.0123033744326971 0.08495184589285
v 0.00792677496537334 -0.0145953638942088 0.0840924065390436
v 4.97087160314179e-08 0.0629870951998146 0.132439491172742
v 5.43145249959407e-08 0.0550790714827394 0.118904267574006
v 6.9170276847851e-09 0.0509852271306843 0.114761595843101
v -1.63237775200988e-08 0.045569046313263 0.110533957692967
v 3.9062949334711e-08 0.0399962282181634 0.107068402162155
v 0.00553479312655054 0.0041486568752977 0.0920788178128268
v 0.00551669799499151 -0.00566558340939328 0.0882338712759195
v -1.29696863680871e-08 0.00278074078565674 0.0916739458216589
v 1.20321758753766e-08 -0.00868506896454698 0.0870724226443673
v 2.18789404810227e-07 -0.0166117638361807 0.0833056326961748
v 0.0099999995529653 0.00800000020116577 0.0891999954909087
v 0.02528276424223 0.00626675956845084 0.0890642235637257
v 0.0363473027270895 0.00594466864813867 0.0818761494336392
v 0.0353503256585381 0.00518204167078349 0.082457369213014
v 0.0100000153854487 0.00589028965554492 0.0824372377446911
v 0.0100000032782555 0.006970138598901 0.0819350462719415
v 0.0369763440569567 0.0066597804801216 0.0815494638335079
v 0.00999999210238487 0.00799953547121143 0.0817888435321559
v 0.0376908435443605 0.00799889006468165 0.081323882609817
v 0.0373441531357736 0.00722547511252453 0.0813926365660286
v 0.0342572808059172 0.00462092588571631 0.0831246059434576
v 0.0100000153854487 0.00504797033858372 0.0832529794442732
v 0.0331220135139973 0.00424500917840734 0.0838301759102156
v 0.0100000070035457 0.00448408666288665 0.0842850934501344
v 0.00999997999519167 0.00428837295349604 0.085499158080686
v 0.0315583229461691 0.0039609679066919 0.0848004873514066
v 0.0286948227429061 0.00409553982476434 0.0865727494678031
v 0.0271757369374695 0.00455615612738981 0.0875402892930741
v 0.0100000302866096 0.00452669932633571 0.0868574659483701
v 0.0264355646125477 0.00493288401664314 0.0880475471605163
v 0.0259505895685276 0.00528484384823946 0.0884089971689359
v 0.025546015600577 0.0057280746870919 0.088754376275367
v 0.0100000153854487 0.00560168304067076 0.0883771980916589
v 0.0252305990033466 0.00673170978058042 0.0892572979049988
v 0.0252677997514355 0.00706280984961676 0.0893544981772937
v 0.0100000172480938 0.00713819109712123 0.0891167650569208
v 0.0254126930517105 0.00751933345527956 0.089439293233172
v 0.0256926001826096 0.00800000020116577 0.0894739011792711
v 8.73095798350787e-09 0.0688207283134604 0.0613599927419425
v 7.05427807054926e-08 0.0704982190467824 0.0578170107792986
v 2.36569052388934e-08 0.0691205843734619 0.0582891056323996
v 0.010000029355287 0.068956388481937 0.0581937642799221
v 0.00999994553625718 0.0704976304509284 0.0576328659586713
v 1.53361639956744e-08 0.0683746695136734 0.0604672567441927
v 0.0100000088661908 0.0682754128811797 0.0592866340439029
v 1.23996889982008e-08 0.0684232845509817 0.0593771213432299
v 0.0100000097975134 0.068472972471872 0.061162895087237
v 0.0100000107288359 0.0681691154501794 0.0602479638103851
v 0.0100000107288359 0.0691134616185705 0.061890053110792
v 0.0100001122429943 0.0704963713028357 0.0623850026193633
v 1.23874063791093e-08 0.0695072471460579 0.061927253858881
v -3.74693441225681e-08 0.070498956654245 0.0621703551224539
v 0.0279144414980465 0.023301824406494 0.222185547153975
v 0.0294281312206064 0.0232622655496988 0.22220313052379
v 0.0295155004520234 0.0236943004944707 0.222274000444844
v 0.0291989923447599 0.0227269916371931 0.222027132912864
v 0.0208037341951492 0.0210557109626599 0.217846269506672
v 0.0228847595404518 0.0209905463235706 0.217911894219103
v 0.0191324926361632 0.0215601525106995 0.217070678985029
v 0.0213347892164861 0.0214777714428806 0.217112998281874
v 0.0192174627806816 0.0228151767071672 0.216125349340021
v 0.0196518521088695 0.0224127764460572 0.216317097477978
v 0.0186987999372455 0.0239999996721748 0.215900997462101
v 0.018732599495368 0.023696399695507 0.21591498965215
v 0.0164266020113246 0.0236021945565451 0.215972090900568
v 0.0163653992183792 0.0239999996721748 0.215940992177852
v 0.0188741623861905 0.0232973168053336 0.215980271637881
v 0.0170844584610064 0.0227031739942023 0.21621517353769
v 0.0166971269988168 0.0231102997859503 0.216069529591437
v 0.0175244636641937 0.0223663220770737 0.216388906172166
v 0.0203186678815188 0.0219589783558481 0.216623226926702
v 0.0181807759810813 0.0219778376375625 0.216660405323049
v 0.0264350616983686 0.0209373640804585 0.220053325145245
v 0.0245574018085587 0.020930431315368 0.21992478773166
v 0.0251209059703151 0.0207825410191149 0.219211856591436
v 0.0231805028800557 0.0208125351932826 0.219109485616323
v 0.0255470754456432 0.0211738864815114 0.220547671156801
v 0.0274038625343774 0.0212290803813398 0.220710987879835
v 0.0283215505259886 0.0217398493348098 0.221364701806798
v 0.0264335194282195 0.0215640268125233 0.221135968987585
v 0.0270293851860753 0.0219911536874367 0.221549580509597
v 0.0288769614947525 0.0222656870872004 0.221782321741082
v 0.0273919360177535 0.022356720141544 0.221806610633285
v 0.0276993469663114 0.0227997987091589 0.222028757139398
v 0.0295340989634227 0.0239999996721748 0.22228899101267
v 0.0280264274472055 0.0239973305017356 0.222259576121131
v 0.0280151994224969 0.0239998003691483 0.297737979194418
v 0.0294035610689921 0.0248174941208032 0.297817044753945
v 0.0231324932024074 0.0271851935866808 0.300916158387449
v 0.0244316397361839 0.0270890550220972 0.300152205672438
v 0.0253626326017987 0.0272006349146228 0.300636403993448
v 0.0216703186555883 0.0266496775303111 0.302719288258568
v 0.0188851538549704 0.0247251069234663 0.304013126253788
v 0.0187290995852108 0.0242874002243418 0.304087006209336
v 0.0165176723185704 0.0246108913881136 0.303994380593425
v 0.0163832992378632 0.0242064999593835 0.304051988481313
v 0.0186987999372455 0.0239999996721748 0.304100000021607
v 0.0163653992183792 0.0239999996721748 0.304058992026918
v 0.0192766148013636 0.025249337213129 0.303847931984486
v 0.0168789789033166 0.0251010352723072 0.303862386110521
v 0.0175162643004301 0.0256338951967534 0.303608231910879
v 0.0205273772658251 0.0261557282621627 0.303276710884048
v 0.0185800507237008 0.0262152136963189 0.303171598095336
v 0.0195947471351608 0.0266021428271653 0.302720897583941
v 0.0213024071312905 0.0270326988317218 0.301900976108738
v 0.0197703796676464 0.0256789786589377 0.303628735908223
v 0.0236507220495334 0.0271494606029366 0.301661901883887
v 0.0265003269202938 0.027049460775045 0.299904041739463
v 0.0254921888822576 0.0268458755274297 0.299487762909656
v 0.0275799998436872 0.0266963423781918 0.299166642893106
v 0.0282967661701869 0.026271391072764 0.298650287866958
v 0.0271047384939032 0.0259421517861902 0.298397266155542
v 0.0264753991408188 0.0264105977175255 0.298838340517021
v 0.0287480627280165 0.0258768288222667 0.298316054828851
v 0.0291281578139631 0.0253917289810244 0.298028730645133
v 0.0277876847731843 0.0250299548723562 0.297907822625909
v 0.0274804153856546 0.0255336513623527 0.298129998934343
v 0.0295340989634227 0.0239998003691483 0.297710978290938
v 0.0279753928339025 0.0244571002321597 0.29777073194599
v 0.0295111996044699 0.0243402993453975 0.297728978893258
v -0.0478999976538128 0.0177999991670253 0.259999984651804
v -0.0478896003688222 0.0207998002886819 0.258999997548759
v -0.0473999966517098 0.0178275998422297 0.259999984651804
v -0.0473999966517098 0.0207912991764109 0.259012007884413
v -0.0473999966517098 0.0178275998422297 0.259999984651804
v -0.0478896003688222 0.0207998002886819 0.261000001557171
v -0.0478999976538128 0.0177999991670253 0.259999984651804
v -0.0473999966517098 0.0207912991764109 0.260987991221517
v -0.0478896003688222 0.0207998002886819 0.261000001557171
v -0.0473999966517098 0.0207912991764109 0.260987991221517
v -0.0473999966517098 0.0207912991764109 0.259012007884413
v -0.0478896003688222 0.0207998002886819 0.258999997548759
v -0.0164004001825961 0.0242858002121943 0.304045998214647
v -0.0163653992183792 0.0239999996721748 0.304058992026918
v -0.0198128442508094 0.0257156783554927 0.303606115946037
v -0.0270356958276999 0.0260035706459681 0.298446261172453
v -0.0255193648743775 0.0272021045416127 0.300541900831269
v -0.0235773505961 0.0271694821751982 0.300659053757957
v -0.0278841232236302 0.0265413367776277 0.298950784676877
v -0.0264469826270573 0.0264280339383777 0.298855983491481
v -0.0288788874697938 0.0257317082792887 0.298216187248762
v -0.0291993667364266 0.0252730505479939 0.29797276188494
v -0.0273939234600833 0.0256401425084443 0.298191689740307
v -0.0294290215649678 0.0247371787264087 0.297796063919453
v -0.0279138119240002 0.0246992664478886 0.297814809579816
v -0.0276992556967011 0.0252003068059617 0.297972225443149
v -0.0295340989634227 0.0239999996721748 0.297710978290938
v -0.0295156997550499 0.0243053002438258 0.297725998661086
v -0.0280263846063681 0.0240026446282276 0.297740422984799
v -0.0284944114425541 0.0261155528698369 0.298503958467305
v -0.0255415601534796 0.0268281226569092 0.299455963832379
v -0.0245647387676375 0.0270682101606981 0.300070815531817
v -0.0269260940642786 0.0269400061605873 0.29961817786951
v -0.0221990286067348 0.0271483635049683 0.301431380925371
v -0.0234756762502567 0.0271120419253701 0.301758163383048
v -0.021838560212287 0.0267046311489206 0.302633248955758
v -0.0197207569393349 0.0266529408845397 0.302668862730215
v -0.0208093966362763 0.0262964324735906 0.303143524308275
v -0.0184348538122734 0.0261467279610027 0.303232633250222
v -0.016876907641957 0.0250994576119011 0.303864353063754
v -0.0174696497439674 0.0256031652777683 0.303630434640562
v -0.0192164811667099 0.0251831220421991 0.303875499132078
v -0.0188757083816298 0.0247028967432033 0.304018937706524
v -0.0186987999372455 0.0239999996721748 0.304100000021607
v -0.0165429558632609 0.0246583422722296 0.30398719823389
v -0.0187329999640661 0.024304300003403 0.304084979651459
v -0.0279146668781046 0.0246976925127727 0.222185621659779
v -0.0294280623027374 0.0247384117974699 0.222202966611021
v -0.0276990023769665 0.0252005340486649 0.222028593226628
v -0.0228104549018195 0.0271806710843595 0.218903044933758
v -0.0222230045745598 0.0268427500089392 0.217558259869555
v -0.0170825883653184 0.0252950595625852 0.216214264566877
v -0.0186987999372455 0.0239999996721748 0.215900997462101
v -0.0163653992183792 0.0239999996721748 0.215940992177852
v -0.0164266727918387 0.0243974192202671 0.215972075999407
v -0.0187321003064791 0.0243037002316783 0.21591498965215
v -0.0192132103619009 0.02518036905273 0.2161239486309
v -0.0188734899713066 0.0247019859097457 0.215980107725111
v -0.0166975051157736 0.0248891780177691 0.216069425283311
v -0.0175269298063162 0.0256354076645808 0.216389681032531
v -0.0198151427548722 0.0257177887323996 0.216395060351601
v -0.0181878707962961 0.0260258665079061 0.216663236543613
v -0.020812473725994 0.0262989023410033 0.216856996338285
v -0.0192291788184084 0.0264765316290442 0.217113683735273
v -0.0207145451594621 0.0269170714113774 0.217804784674835
v -0.0249311788023003 0.0272276507192634 0.219093153944019
v -0.0264354994199689 0.0270623465538994 0.220053623168462
v -0.0250606698901805 0.0269666196338846 0.220238069737597
v -0.0241301072955856 0.0271279433266537 0.219666356898851
v -0.0274108940196586 0.0267684006668243 0.220715413524611
v -0.025999586448083 0.0266528663787353 0.220843265484796
v -0.0268647515729501 0.0261504588391533 0.221431801734154
v -0.0283273005114358 0.0262567190172515 0.221368605910943
v -0.0273920366005893 0.0256431674440991 0.221806640435607
v -0.0288795040053244 0.0257302814931363 0.221783528735112
v -0.0292015348553318 0.0252677140697606 0.222029070063776
v -0.0295340989634227 0.0239999996721748 0.22228899101267
v -0.0280263957822387 0.0240026558040982 0.222259620824614
v -0.0295155991722141 0.0243056988498788 0.222274000444844
v 0.0247796991889249 0.0157999988839033 0.219006995431922
v -0.0363387159331435 0.0157999988839033 0.228785032880641
v -0.0377049996471782 0.0157999988839033 0.230458001111641
v -0.0228970511355168 0.0157999988839033 0.217920909421424
v -0.0270406001722682 0.0157999988839033 0.221557999665484
v -0.0312217094476143 0.0157999988839033 0.223666975863271
v -0.0299039997926954 0.0157999988839033 0.223739991551489
v 0.0453203980925596 0.0157999988839033 0.272453987469062
v 0.0459485565286458 0.0157999988839033 0.273551666582711
v 0.0468626011864266 0.0157999988839033 0.263597989150927
v 0.0478562478455256 0.0157999988839033 0.257830107409579
v 0.0470000979229792 0.0157999988839033 0.259999001175187
v 0.00289224989766818 0.0157999988839033 0.212186987425678
v 0.000711724670062417 0.0157999988839033 0.212099934843929
v -0.00361700813583271 0.0157999988839033 0.212231974030316
v -0.00359842988069889 0.0157999988839033 0.213136996035196
v 0.00717394969223561 0.0157999988839033 0.213549996609613
v 0.0439791930322535 0.0157999988839033 0.241006145454806
v 0.00539004976920679 0.0157999988839033 0.213309983611629
v 0.00508231006378739 0.0157999988839033 0.212365101001447
v 0.0312195320154835 0.0157999988839033 0.223664815194946
v 0.0270395999318454 0.0157999988839033 0.221557001287706
v 0.0289803066332573 0.0157999988839033 0.221854085731787
v 0.0394502012554516 0.0157999988839033 0.234451989059478
v 0.0141806999777103 0.0157999988839033 0.215189988571629
v 0.0343910783292862 0.0157999988839033 0.226650411785012
v 0.0390146999281344 0.0157999988839033 0.232200513060379
v 0.0373786977519391 0.0157999988839033 0.231506998132758
v 0.0377058005845745 0.0157999988839033 0.230458001111641
v 0.0325913012193602 0.0157999988839033 0.226134995531999
v 0.0328313998990197 0.0157999988839033 0.225121001337744
v 0.0312701978250553 0.0157999988839033 0.224910999277733
v 0.0192259992832097 0.0157999988839033 0.217111999904096
v 0.0420723287298015 0.0157999988839033 0.237089792555054
v 0.042120098126231 0.0157999988839033 0.239144990463294
v 0.0430661989063135 0.0157999988839033 0.239029983303771
v 0.00793550611431521 0.0157999988839033 0.212755839241538
v 0.00894801019248355 0.0157999988839033 0.213859985459
v 0.0466835451122332 0.0157999988839033 0.24924912491629
v 0.046140800130201 0.0157999988839033 0.2471369896724
v 0.0448098992226301 0.0157999988839033 0.245817998517647
v 0.00359740984967185 0.0157999988839033 0.213136996035196
v 0.00180072996931384 0.0157999988839033 0.213033999211326
v -0.00793832057107278 0.0157999988839033 0.21275759757852
v -0.00577305989474677 0.0157999988839033 0.212448994537093
v 0.0478562664719767 0.0157999988839033 0.262168729405804
v 0.0477032986051603 0.0157999988839033 0.264335000567101
v 0.0466903996462292 0.0157999988839033 0.265389972953722
v -0.0128618997440809 0.0157999988839033 0.213859001982383
v -0.0124548000293644 0.0157999988839033 0.214679996341169
v 0.047463117969116 0.0157999988839033 0.266493493322428
v -0.0149561331058415 0.0157999988839033 0.214489410493759
v -0.0176748983336638 0.0157999988839033 0.215474868964965
v -0.0192266996377702 0.0157999988839033 0.217111999904096
v -0.0203348095640213 0.0157999988839033 0.216624687240466
v 0.0452793006909056 0.0157999988839033 0.275625997581497
v 0.0445296381891605 0.0157999988839033 0.27766340350367
v 0.0436794003021857 0.0157999988839033 0.279659980245084
v -0.033345512300458 0.0157999988839033 0.225605259263398
v -0.0312708981796157 0.0157999988839033 0.224911997655511
v 0.0412906995127199 0.0157999988839033 0.282452994232185
v 0.0427474183720188 0.0157999988839033 0.281623536014031
v 0.0394505998615046 0.0157999988839033 0.285546981866353
v 0.0404001986890992 0.0157999988839033 0.28401800355275
v -0.0362603991569494 0.0157999988839033 0.23009599230969
v -0.0348769977343758 0.0157999988839033 0.227166990328573
v 0.0390141001564098 0.0157999988839033 0.287798696284025
v 0.0373793012489539 0.0157999988839033 0.288493000973172
v 0.0377049996471782 0.0157999988839033 0.289541983093128
v 0.0350884005035077 0.0157999988839033 0.291269981311187
v -0.0402237987468293 0.0157999988839033 0.233991990223706
v -0.0394502012554516 0.0157999988839033 0.234451989059478
v 0.0363388202412695 0.0157999988839033 0.291214847016003
v 0.0348769977343758 0.0157999988839033 0.292832993876196
v -0.0412908000955557 0.0157999988839033 0.237546989972584
v -0.0428879996488696 0.0157999988839033 0.240774000269756
v -0.0427475524824665 0.0157999988839033 0.238376701510473
v -0.0436794003021857 0.0157999988839033 0.240339989058524
v 0.0312213145668515 0.0157999988839033 0.296333365969359
v 0.0270400991207343 0.0157999988839033 0.298442982917063
v 0.0289736141493857 0.0157999988839033 0.298150562536331
v -0.0445297760248985 0.0157999988839033 0.242336953230121
v 0.0272091006366368 0.0157999988839033 0.299421989185616
v -0.0452793006909056 0.0157999988839033 0.244373986623272
v 0.025392863331895 0.0157999988839033 0.300621145204727
v -0.0453203980925596 0.0157999988839033 0.247545996735707
v -0.0459485975068382 0.0157999988839033 0.246448481534828
v 0.0209680995873789 0.0157999988839033 0.303066991946094
v -0.0461404983816935 0.0157999988839033 0.251051986566514
v 0.0189839206118008 0.0157999988839033 0.303982996106528
v 0.016984600194143 0.0157999988839033 0.304787003141932
v -0.0464495000291733 0.0157999988839033 0.252825999569312
v -0.0474629242540248 0.0157999988839033 0.253505194481346
v 0.0149563026065463 0.0157999988839033 0.305510514106366
v -0.0468625006035907 0.0157999988839033 0.25640299343162
v -0.0477032986051603 0.0157999988839033 0.255663985259891
v 0.0124543995606663 0.0157999988839033 0.3053199878636
v 0.0128618997440809 0.0157999988839033 0.306140982222386
v 0.0107519717346438 0.0157999988839033 0.306682937442893
v 0.00894873010481764 0.0157999988839033 0.306139998745769
v 0.00793765653809193 0.0157999988839033 0.307242476033215
v -0.0469656985931321 0.0157999988839033 0.261800998558082
v -0.0470000010654336 0.0157999988839033 0.259999984651804
v -0.0478562478455256 0.0157999988839033 0.262169921498673
v 0.00717482979204895 0.0157999988839033 0.306448989217378
v 0.00577305989474677 0.0157999988839033 0.307550989667676
v -0.0461403009413121 0.0157999988839033 0.268947982737094
v -0.0472459745277625 0.0157999988839033 0.267921203346821
v -0.0476379905423977 0.0157999988839033 0.265056127345797
v -0.0107643462174161 0.0157999988839033 0.306680076420007
v -0.0141804997433612 0.0157999988839033 0.304809980731979
v -0.0192257999801832 0.0157999988839033 0.302887999201834
v -0.0240174992229606 0.0157999988839033 0.300399982175231
v -0.0406156843763069 0.0157999988839033 0.285403245268689
v -0.0390147036534246 0.0157999988839033 0.28779947114439
v -0.0377058005845745 0.0157999988839033 0.289541983093128
v -0.0350879981721645 0.0157999988839033 0.291270994590126
v -0.0312191371347207 0.0157999988839033 0.296335541538845
v -0.0312702984078911 0.0157999988839033 0.295087986549258
v -0.0328313998990197 0.0157999988839033 0.294878982867025
v -0.0325909994708527 0.0157999988839033 0.293864988672771
v -0.0247796991889249 0.0157999988839033 0.300992988772847
v -0.0362599968256062 0.0157999988839033 0.28990399189508
v -0.0163331382051156 0.0157999988839033 0.305035345888838
v -0.0403999975234276 0.0157999988839033 0.28401800355275
v -0.0208545993077475 0.0157999988839033 0.302119993371069
v -0.0209682988904054 0.0157999988839033 0.303066991946094
v -0.0428876979003622 0.0157999988839033 0.279225998836174
v -0.0421199006858496 0.0157999988839033 0.280856007020414
v -0.00793616269671563 0.0157999988839033 0.307244025753944
v -0.0050829810816874 0.0157999988839033 0.307634793796357
v -0.0447873984697303 0.0157999988839033 0.276985996730938
v -0.0442336005516296 0.0157999988839033 0.275887006315134
v -0.045518047090217 0.0157999988839033 0.274935030752382
v -0.00289224989766818 0.0157999988839033 0.307812981877931
v -0.000711478451662256 0.0157999988839033 0.307900034459679
v -0.0453202006521782 0.0157999988839033 0.272455000748001
v -0.0448101003883017 0.0157999988839033 0.274181002210505
v -0.0468331006132124 0.0157999988839033 0.270054006500825
v -0.0457638007604232 0.0157999988839033 0.270709985404238
v -0.00144683997172477 0.0157999988839033 0.212121988562003
v 0.0107088999291757 0.0157999988839033 0.214236001352161
v 0.0124535995545925 0.0157999988839033 0.214679996341169
v 0.010764171128776 0.0157999988839033 0.213319848180119
v 0.0135765389298678 0.0157999988839033 0.214057977183357
v 0.0175688989258806 0.0157999988839033 0.216406996181451
v 0.0163326408788719 0.0157999988839033 0.214964459502001
v 0.0158866007055359 0.0157999988839033 0.215765992944703
v 0.0189928687588977 0.0157999988839033 0.216020668684974
v 0.0209682988904054 0.0157999988839033 0.216932992258675
v 0.0224525997984576 0.0157999988839033 0.218708987115868
v 0.0228877360473337 0.0157999988839033 0.21791564931164
v 0.0208545993077475 0.0157999988839033 0.2178799908337
v 0.0240178996916588 0.0157999988839033 0.219599987128377
v 0.0255472989630561 0.0157999988839033 0.220548997360118
v 0.0266388294852045 0.0157999988839033 0.220183844413224
v 0.029903299438135 0.0157999988839033 0.223738993173711
v 0.0284926996717002 0.0157999988839033 0.222620988876648
v 0.0338641993582804 0.0157999988839033 0.227408001704335
v 0.0350879013146189 0.0157999988839033 0.228728989614643
v 0.0363384439869577 0.0157999988839033 0.22878363217152
v 0.0362603991569494 0.0157999988839033 0.23009599230969
v 0.0384425996592065 0.0157999988839033 0.232959995427132
v 0.0403996995002104 0.0157999988839033 0.235980997175403
v 0.0406155018370864 0.0157999988839033 0.234596440912863
v 0.0412903009066669 0.0157999988839033 0.237546989972584
v 0.0428876010428166 0.0157999988839033 0.240772986990817
v 0.0435925004573358 0.0157999988839033 0.242429981177375
v 0.0442337011344654 0.0157999988839033 0.244112992790796
v 0.0447873984697303 0.0157999988839033 0.243013987473831
v 0.0455179874855736 0.0157999988839033 0.245064774638457
v 0.0457638007604232 0.0157999988839033 0.24928998389937
v 0.045320301235014 0.0157999988839033 0.247544998357929
v 0.0472459410001506 0.0157999988839033 0.252078587142857
v 0.0461402003584763 0.0157999988839033 0.251051003089897
v 0.0476379905423977 0.0157999988839033 0.254943901562454
v 0.0464493994463375 0.0157999988839033 0.252824986290373
v 0.0466902990633933 0.0157999988839033 0.254608983070947
v 0.0469656985931321 0.0157999988839033 0.258199984024465
v 0.0468625006035907 0.0157999988839033 0.256401980152682
v 0.0478999976538128 0.0157999988839033 0.259999984651804
v 0.0469656985931321 0.0157999988839033 0.261799985279143
v 0.0471151982147581 0.0157999988839033 0.268634998754375
v 0.0464495000291733 0.0157999988839033 0.267173999536618
v 0.0466808144745055 0.0157999988839033 0.270762407688147
v 0.0461403009413121 0.0157999988839033 0.268947982737094
v 0.045763901343259 0.0157999988839033 0.270709001927621
v 0.0448101003883017 0.0157999988839033 0.274181002210505
v 0.0442340997405185 0.0157999988839033 0.275885993036196
v 0.043592798480553 0.0157999988839033 0.277568989748456
v 0.0428878990660338 0.0157999988839033 0.279225998836174
v 0.0421202992919026 0.0157999988839033 0.280853980462537
v 0.0402237987468293 0.0157999988839033 0.286007993981063
v 0.0413690907947183 0.0157999988839033 0.284155600872138
v 0.0384429014077139 0.0157999988839033 0.287039988777638
v 0.0362607977630024 0.0157999988839033 0.289902978616141
v 0.0338648997128409 0.0157999988839033 0.292590999023817
v 0.0312707007392343 0.0157999988839033 0.295087986549258
v 0.0333454191682026 0.0157999988839033 0.294394814348337
v 0.032591800408249 0.0157999988839033 0.293864005196154
v 0.0299041003755312 0.0157999988839033 0.296259992653281
v 0.0284932994434249 0.0157999988839033 0.29737898042696
v 0.0240183988805476 0.0157999988839033 0.300399982175231
v 0.0255482004832882 0.0157999988839033 0.299449973565713
v 0.022896812716943 0.0157999988839033 0.302079223794954
v 0.0208555995481702 0.0157999988839033 0.302119993371069
v 0.0224530989873465 0.0157999988839033 0.301290982187741
v 0.0192266996377702 0.0157999988839033 0.302887999201834
v 0.0158873997802871 0.0157999988839033 0.304233991260067
v 0.0175695005602503 0.0157999988839033 0.303593002924479
v 0.0141813994009482 0.0157999988839033 0.304809980731979
v 0.0107097995867626 0.0157999988839033 0.305763982852608
v 0.00359814978544084 0.0157999988839033 0.306863003070734
v 0.00361557878854327 0.0157999988839033 0.30776812938374
v 0.00539076968154088 0.0157999988839033 0.306689970790819
v 0.00180062996855462 0.0157999988839033 0.306965999894604
v 0.00144683997172477 0.0157999988839033 0.307877980741605
v -0.00180000994056443 0.0157999988839033 0.306965999894604
v 5.9186901167253e-07 0.0157999988839033 0.307000004343688
v -0.00538959994041331 0.0157999988839033 0.306689970790819
v -0.00359740984967185 0.0157999988839033 0.306863003070734
v -0.00717437996325547 0.0157999988839033 0.306448989217378
v -0.0089479002964222 0.0157999988839033 0.306139998745769
v -0.0107086000433133 0.0157999988839033 0.305763982852608
v -0.0135772076194614 0.0157999988839033 0.305941813306321
v -0.0124542002576397 0.0157999988839033 0.3053199878636
v -0.0158863995398643 0.0157999988839033 0.304233991260067
v -0.0189930755125046 0.0157999988839033 0.303979241013991
v -0.0175693999774145 0.0157999988839033 0.303593002924479
v -0.0224530002671557 0.0157999988839033 0.301290982187741
v -0.0228877304593984 0.0157999988839033 0.30208434979429
v -0.0266388667381066 0.0157999988839033 0.299816124890384
v -0.0255473995458919 0.0157999988839033 0.299449973565713
v -0.0284922992030021 0.0157999988839033 0.29737898042696
v -0.0289807015140202 0.0157999988839033 0.298145585548604
v -0.0270398998177077 0.0157999988839033 0.298442982917063
v -0.0299034000209708 0.0157999988839033 0.296261005932219
v -0.0343911751868317 0.0157999988839033 0.293349497913953
v -0.0338642999411163 0.0157999988839033 0.292591982500434
v -0.0363385445697936 0.0157999988839033 0.291216247725123
v -0.0373788989176107 0.0157999988839033 0.288493000973172
v -0.0394498995069442 0.0157999988839033 0.285547995145291
v -0.0384424990763707 0.0157999988839033 0.287039988777638
v -0.0412902003238311 0.0157999988839033 0.282452994232185
v -0.042072388334445 0.0157999988839033 0.282910072440429
v -0.0439792973403795 0.0157999988839033 0.27899360033139
v -0.0430661989063135 0.0157999988839033 0.280970000900999
v -0.0435925004573358 0.0157999988839033 0.277569973225072
v -0.0463326972797661 0.0157999988839033 0.272174531098279
v -0.0466902990633933 0.0157999988839033 0.265390986232661
v -0.0464492988635017 0.0157999988839033 0.267174983013235
v -0.0468626011864266 0.0157999988839033 0.263597989150927
v -0.0478999976538128 0.0157999988839033 0.259999984651804
v -0.0478562999995886 0.0157999988839033 0.257832223374421
v -0.0469656985931321 0.0157999988839033 0.258199984024465
v -0.0466903996462292 0.0157999988839033 0.254609996349886
v -0.0471151982147581 0.0157999988839033 0.251365000351556
v -0.0466807697710229 0.0157999988839033 0.249237367900371
v -0.045763901343259 0.0157999988839033 0.249290997178309
v -0.0442338985748468 0.0157999988839033 0.244112992790796
v -0.0448102978286831 0.0157999988839033 0.245819995273203
v -0.0435928990633888 0.0157999988839033 0.242430994456314
v -0.0421201987090668 0.0157999988839033 0.239144990463294
v -0.0404003998547708 0.0157999988839033 0.235981995553181
v -0.0413691541246519 0.0157999988839033 0.235844487640757
v -0.0384430988480953 0.0157999988839033 0.232959995427132
v -0.0390141001564098 0.0157999988839033 0.232201302821905
v -0.0373793012489539 0.0157999988839033 0.231507996510535
v -0.0338648997128409 0.0157999988839033 0.227409000082113
v -0.0350886985267249 0.0157999988839033 0.228729987992421
v -0.0325914986597416 0.0157999988839033 0.226135993909776
v -0.0284929995575625 0.0157999988839033 0.222620988876648
v -0.028973221131268 0.0157999988839033 0.22184910874406
v -0.0255479993176166 0.0157999988839033 0.220549995737895
v -0.0272091006366368 0.0157999988839033 0.220577995019153
v -0.0240183001603569 0.0157999988839033 0.219599987128377
v -0.0253933550702034 0.0157999988839033 0.219379166825581
v -0.0208552996623079 0.0157999988839033 0.2178799908337
v -0.0224536000388804 0.0157999988839033 0.218709985493645
v -0.0158870998944247 0.0157999988839033 0.215765992944703
v -0.0175699997491392 0.0157999988839033 0.216407994559228
v -0.014181499983784 0.0157999988839033 0.215189988571629
v -0.010751854388002 0.0157999988839033 0.213317016959555
v -0.0107092994665512 0.0157999988839033 0.214236001352161
v -0.00717504958417165 0.0157999988839033 0.213550994987391
v -0.00894890985007052 0.0157999988839033 0.213859985459
v -0.00539025000355586 0.0157999988839033 0.213309983611629
v -0.00180072996931384 0.0157999988839033 0.213033999211326
v 1.00707996953461e-14 0.0157999988839033 0.213000009663403
v -0.0305605970942845 0.0685845598149779 0.221585358196824
v -0.0285729237964845 0.0686874001766586 0.220022747963158
v -0.0280490194697156 0.0618015811934722 0.221075783198868
v -0.0305605970942845 0.0620277770900486 0.222979093574455
v -0.0305642367028247 0.0746261684307577 0.218873644943379
v -0.0305706404767046 0.08202121223462 0.212386096737099
v -0.0257735693654369 0.0802794378933446 0.206001932784872
v -0.0305666879437863 0.085025710947238 0.207522193919371
v -0.0305698451272437 0.0858212317715321 0.205557922894703
v -0.0294439171378933 0.0834675412595087 0.20727774037545
v -0.0305683028570946 0.0864063705562132 0.203573848227251
v -0.0305599991852049 0.0868829990875062 0.199998001754328
v -0.0305600997680407 0.0868023987084102 0.197948987827845
v -0.0298931591981692 0.0852541978972968 0.197192083361922
v -0.0305602003508765 0.0866603012384418 0.196943993934751
v -0.0305599991852049 0.0868765021813709 0.198966990434371
v -0.0305600997680407 0.086819602098624 0.201051990664333
v -0.0305744849762067 0.0866833831366152 0.202109794271518
v -0.028391494712424 0.0827874597284031 0.197626884334678
v -0.0276162674065772 0.0822053905828593 0.200482453395073
v -0.0291059383204746 0.0841775741239445 0.20028556435662
v -0.0289640774064348 0.0837332289576564 0.204008082955895
v -0.0287059948882614 0.0818851199324785 0.208978439666813
v -0.0305668928347481 0.0829865466880836 0.211091156055976
v -0.0176342591427062 0.076922489473467 0.202069814456929
v -0.0305561174328007 0.0763854590866249 0.217746223112653
v -0.0281920594381084 0.07988016128808 0.211564551035362
v -0.0277865280705725 0.073334342092254 0.217314804703411
v -0.024928023481488 0.0703781454925663 0.216992477692832
v -0.0126510473865783 0.0593698942802133 0.213779608597317
v -0.0305703331402619 0.0840936135330744 0.209326828807738
v -0.0305656709395575 0.0810554456474915 0.213557938928352
v -0.0289827224839619 0.0785236341091188 0.214207644443043
v -0.0273774800290734 0.0819068085721114 0.204794208598266
v -0.0305627689384799 0.0780557525592512 0.216459150244463
v -0.0305631042145993 0.0796112400380255 0.2150700342267
v -0.0254262456575133 0.0797009822793096 0.198170791607258
v -0.0216927560785545 0.0775108022054115 0.198557297917665
v -0.0222610453755923 0.0781975147531002 0.200928653755889
v -0.0261790541668451 0.0799419862044914 0.208249579185629
v -0.0261679229996821 0.0769269672723057 0.21309984744117
v -0.0285113112216153 0.0759199021178515 0.216106782493589
v -0.0225954739914359 0.0786298793860562 0.203662197209994
v -0.0229957564250586 0.0785966646984975 0.20627316371486
v -0.0254197059105406 0.0782370475328638 0.210621113837783
v -0.0305593901002547 0.0709855540621538 0.220700110032407
v -0.0305583544695749 0.072865588824476 0.219844395968816
v -0.0285986469254204 0.071212230521168 0.219033564201737
v -0.0251302545861101 0.0799247604625363 0.200697939082281
v -0.0254641206831312 0.0803313684389445 0.203827376578136
v -0.0253732664427179 0.0746881274576168 0.214621777505686
v -0.022992595516311 0.0757703168145506 0.211954275996515
v -0.0279384044273558 0.064782603127154 0.220587367849334
v -0.0305601370209429 0.0660642892256919 0.222277964153633
v -0.0305651996903453 0.0640205801124749 0.222692350536011
v -0.0234240195134877 0.0782056209846085 0.208266953939193
v -0.0200737225992893 0.0772841182958169 0.206991489075314
v -0.0200539506214722 0.0775499922584754 0.20230631078095
v -0.0219994648099068 0.0738034082844101 0.21329494834032
v -0.0264993713833536 0.0665536582495208 0.219251314865396
v -0.0305698227755024 0.0593703524909097 0.223117480655369
v -0.018955377438172 0.0765733552744989 0.198722060053302
v -0.0203560306797321 0.0777675268553015 0.204672138288495
v -0.0223061847171298 0.0769863782006576 0.209730575761261
v -0.021616560855138 0.0698468147997534 0.215478221726159
v -0.0244727371378379 0.0724084733633302 0.215664024300932
v -0.0257528288121638 0.0688016175746565 0.218119631302663
v -0.0267405466718853 0.0593700023136295 0.220229829395641
v -0.0182347423977837 0.067469736915759 0.214841718639991
v -0.0228860522161564 0.0656387940278927 0.217372367887816
v -0.0235200910228473 0.0634265676865012 0.218052561177629
v -0.0161831561584067 0.0761221034201519 0.198801781263908
v -0.0198155674379567 0.0750417618071649 0.210978667192638
v -0.0192666701391341 0.0762288031824955 0.208976219393844
v -0.0209936960564475 0.0717776848723521 0.214221696237735
v -0.017658335693367 0.0694726690022805 0.213957260237099
v -0.0241071371561187 0.0611261786268768 0.21856083977459
v -0.0193558312351446 0.0632912278929831 0.216030592858107
v -0.0185371074407452 0.0732683075978995 0.212138320234306
v -0.0171027347348021 0.0713548644329274 0.212864692221626
v -0.0128239185476919 0.0726240037540206 0.210594410957521
v -0.0222504320237692 0.0677924588071014 0.216519648957558
v -0.0187857333097073 0.0653787389685504 0.215522433470433
v -0.0226991748951563 0.0593700172147904 0.217804024715632
v -0.0164737027181605 0.0769248364063026 0.203598286131063
v -0.0179140731413499 0.0771373567624991 0.204613651232116
v -0.00983158849556186 0.0757551474327943 0.205428655324236
v -0.0153750438531853 0.0756632817760876 0.20811853837702
v -0.0166887618596386 0.0766509232673597 0.206408525860119
v -0.0159641314454945 0.0745148493085472 0.209955449179811
v -0.0122320081167221 0.0708611219183859 0.211545045415795
v -0.0199144310523327 0.0610182010899894 0.216404135158565
v -0.0178944594883669 0.059370080544724 0.215554470966284
v -0.0136421180074935 0.0691201671409578 0.212736333621971
v -0.00949734893819667 0.0684763103319048 0.211894343527533
v -0.0141246464671648 0.0671839550021905 0.213482345339305
v -0.0147926161484582 0.0642977938585485 0.214236239770735
v -0.0100459910546395 0.0654802233245927 0.212765972030923
v -0.0069051211087752 0.0695231243329551 0.210955406480534
v -0.0105734241625648 0.0628514648336598 0.213200862410645
v -0.00278431613294077 0.0752089081285403 0.203954796404657
v -0.00937917714463535 0.0760073868332652 0.203969682664357
v -0.00287613312804405 0.0755119679381268 0.202166940223419
v -0.0087049825033923 0.0760181454714067 0.202535222414094
v -0.0102314052679077 0.0749962462113156 0.207240666287228
v -0.0105522803466259 0.0738569034519003 0.208835120301654
v -0.00304040888047798 0.0735680369980336 0.207276041643112
v -0.005030447504734 0.0725180266979787 0.208752180440303
v -0.00523571378955891 0.0675207882928681 0.211401666445993
v -0.00761470833536899 0.0663156420070915 0.212106997994177
v -0.00577492440249947 0.062997697375767 0.212315584443906
v -0.00616428102558231 0.0593699613354371 0.212479437608731
v -0.00786580779703401 0.0754607675494092 0.198918278539517
v -0.00945575141633125 0.0759211985188464 0.200991015114091
v -0.00293603276790609 0.0691152944613564 0.210547517004292
v -0.00680061740501344 0.0711689053959653 0.210090617609979
v -0.00317374539918281 0.0755109621097687 0.200388874104868
v -0.00280012230649321 0.0707842244777638 0.209679762802725
v -3.25461961212069e-08 0.0711274503664506 0.209328840464454
v -2.46917769596168e-08 0.0752868784527443 0.198949064337856
v -1.83406157269804e-08 0.0755114240457554 0.200908954421231
v -3.52817060119535e-07 0.0749469010171251 0.204560111361143
v -0.00285523983787213 0.074553189995442 0.205699036888055
v 1.06121281832625e-07 0.0731977878541258 0.207536797057015
v -0.00195250038815664 0.0722210391114429 0.208572010504335
v 4.64873995565779e-08 0.068648612454938 0.210631455243421
v -0.00236584008039895 0.0627901465567177 0.212027619510272
v 1.87024205272288e-08 0.0656251296633834 0.211529145877157
v -0.00299314146690503 0.0664969220795434 0.211447591823766
v -9.41255315745113e-07 0.0593696893892514 0.212058911948079
v -3.8923849939154e-09 0.0623289407269156 0.211995507508617
v 0.0256486845989078 0.0752704350217344 0.214365343428433
v 0.030560589643704 0.0685838892627392 0.221585611516559
v 0.0285730169287398 0.068687355473176 0.220022822468963
v 0.0305652015529904 0.0640210345978812 0.222692276030206
v 0.030560589643704 0.0620277919912095 0.222979093574455
v 0.0305647936337119 0.0593705313048401 0.223123768945252
v 0.0279109043349872 0.0593699538848567 0.221039424366368
v 0.0285988611296077 0.0712123348292941 0.219033668509863
v 0.0305656541757516 0.0810541194441749 0.213559533352564
v 0.028779317912922 0.0803301241920126 0.211804936562368
v 0.0211022603265439 0.0779954773635693 0.204798544836077
v 0.0305704411736781 0.0840951036491605 0.209324116796461
v 0.0305667568616553 0.0850299577780833 0.207512433659007
v 0.0305683028570946 0.0864063705562132 0.203573848227251
v 0.0305600997680407 0.0866601000727702 0.196943993934751
v 0.0305599991852049 0.0868765021813709 0.198966990434371
v 0.0305600997680407 0.0868023987084102 0.197948987827845
v 0.0305744849762067 0.0866833831366152 0.202109794271518
v 0.0305600997680407 0.086819602098624 0.201051990664333
v 0.0276162580933517 0.0822053756816984 0.200482423592752
v 0.0289640774064348 0.0837332289576564 0.204008097857056
v 0.0287060470423245 0.0818851869877024 0.208978409864491
v 0.0305706386140595 0.08202121223462 0.212386096737099
v 0.0305668779335873 0.0829853471446343 0.211093003799923
v 0.0261790336777489 0.079941978753911 0.208249564284468
v 0.0273774744411381 0.0819067936709505 0.204794223499427
v 0.020053965522633 0.0775499922584754 0.202306295879789
v 0.0164738573177044 0.0769248587580439 0.203598301032223
v 0.0257735824039526 0.0802794378933446 0.206001977488354
v 0.00870497970942464 0.0760181454714067 0.202535222414094
v 0.0298932020390067 0.0852542798536815 0.197192068460761
v 0.0305599991852049 0.0868829990875062 0.199998001754328
v 0.0283914965750691 0.0827874671789835 0.197626884334678
v 0.029105945771055 0.0841775815745249 0.20028556435662
v 0.0305698190502122 0.0858208219896084 0.20555926399918
v 0.0294439450775699 0.0834676828205369 0.207277427451072
v 0.0251302489981748 0.0799247530119559 0.200697909279959
v 0.0254641355842921 0.0803313758895249 0.203827376578136
v 0.0305630967640188 0.0796111878839625 0.215070078930182
v 0.0216927914688115 0.0775108171065724 0.198557283016504
v 0.0222610435129472 0.0781974998519393 0.200928579250084
v 0.0258843352820504 0.0773274061681175 0.212393428108243
v 0.0305627912902212 0.0780562442975596 0.216458792616603
v 0.0305561118448654 0.0763852802726946 0.217746446630065
v 0.0285115012114163 0.0759199691730754 0.216106886801715
v 0.0289827671874445 0.0785236564608601 0.214207659344204
v 0.0305642367028247 0.0746249241838258 0.218874404902583
v 0.0254262549707389 0.07970098972989 0.198170791607258
v 0.0236998008854735 0.0789487567778965 0.206395919478031
v 0.0268572823660687 0.0790135470253191 0.211088295033091
v 0.0305593919628998 0.0709852858412583 0.220700259044015
v 0.0305583470189945 0.0728657154843433 0.219844395968816
v 0.0224286554955994 0.0780532938677091 0.207446406615233
v 0.0221623643004369 0.0772138295200366 0.20914372334308
v 0.0242714541195756 0.0783565250406456 0.209092463349719
v 0.027786537383798 0.073334394246317 0.21731477490109
v 0.0286534533950663 0.0654924869799811 0.220951209494072
v 0.030560138883588 0.0660644158855592 0.222277964153633
v 0.0225954702661457 0.0786298793860562 0.203662212111155
v 0.0200737393630953 0.0772841257463973 0.206991503976475
v 0.0233503947403197 0.075027777067697 0.212974796899226
v 0.0264994216747715 0.0665535688425556 0.219251374470039
v 0.017634255417416 0.076922489473467 0.20206982935809
v 0.0189553327346894 0.0765733403733381 0.198722060053302
v 0.0179140805919304 0.0771373642130795 0.204613666133277
v 0.0226441337322268 0.0764255655610817 0.21087465708983
v 0.0192667129799716 0.0762288255342368 0.208976219393844
v 0.0249280346573587 0.0703781156902445 0.216992492593993
v 0.0212937737712168 0.0722737668691488 0.214074219448696
v 0.0244727296872575 0.0724085255173933 0.215663994498611
v 0.025752851163905 0.0688017218827825 0.218119616401502
v 0.0228860298644151 0.0656388089290536 0.217372352986656
v 0.0280478627671038 0.0618125894260581 0.221073875850278
v 0.0166886761779636 0.0766509158167793 0.206408496057797
v 0.0176583766715594 0.0694726615517 0.213957290039421
v 0.0222504730019616 0.0677924662576818 0.216519663858719
v 0.0254805548009156 0.0635082633009204 0.219177375305205
v 0.024109947887586 0.0611445927364105 0.218561406018702
v 0.0161832586038876 0.0761221108707323 0.198801781263908
v 0.0197226437988289 0.073430678097219 0.212502281088331
v 0.0198155823391176 0.0750417543565844 0.210978682093799
v 0.0216165534045575 0.069846859503236 0.215478191923837
v 0.0214616446615391 0.0633552805329432 0.216994131721687
v 0.0155362567185704 0.0729245005639391 0.211274574445011
v 0.0171029116860874 0.0713548644329274 0.212864751826269
v 0.0172121986624854 0.06322054423644 0.215167025882743
v 0.00945513301815552 0.0759211687165247 0.2009911641257
v 0.00937910077618594 0.0760073793826848 0.203969667763196
v 0.0153750103255733 0.0756632668749267 0.20811853837702
v 0.0104165214579586 0.0741320906400968 0.208470697511642
v 0.0159641202696239 0.0745148493085472 0.209955449179811
v 0.0136421105569131 0.0691201671409578 0.212736333621971
v 0.0182347423977837 0.067469736915759 0.214841718639991
v 0.0187858711454452 0.0653787762214525 0.215522478173916
v 0.0145594725856305 0.0651545808057216 0.214027087076893
v 0.0158112529856434 0.0593699576101469 0.214782248106996
v 0.0219844202253727 0.0593701252482066 0.217383573560784
v 0.0199162638951186 0.0610358440644486 0.216404254367852
v 0.0105717468506454 0.0628605172888827 0.213199759724741
v 0.00949733589968092 0.0684763177824852 0.211894343527533
v 0.0141246706815512 0.0671840220574144 0.213482345339305
v 0.0100460692857341 0.0654801860716906 0.212766001833245
v 0.0141635422223016 0.0622476437185494 0.214207927565099
v 0.0113980124950855 0.0593699650607273 0.213469366428196
v 0.00680075104979991 0.0711689277477066 0.21009063251114
v 0.0117312695071564 0.0724976642616624 0.210394571489217
v 0.0122319447867884 0.0708610995666446 0.211545030514634
v 0.00761467480775705 0.066315649457672 0.212106983093016
v 0.00287605443128825 0.0755119604875464 0.202166940223419
v 0.00278432404918248 0.0752089081285403 0.203954781503496
v 0.00285520887139721 0.074553189995442 0.205699036888055
v 0.01023135870178 0.0749962462113156 0.207240651386068
v 0.00983159222085208 0.0757551399822139 0.205428670225397
v 0.0030404126057682 0.0735680220968728 0.207276071445434
v 0.0103195596042375 0.0731568990687238 0.209450791564939
v 0.00523565045962526 0.0675207733917072 0.211401666445993
v 0.0057748149720994 0.0629976750240258 0.212315569542745
v 0.00617669369257934 0.0593699799618882 0.212482060213043
v 0.00786613189728273 0.0754608197034722 0.198918293440678
v 0.0029359892285767 0.0691153168130977 0.210547502103131
v 0.00690532460275321 0.0695231243329551 0.210955436282856
v 0.00299312237479268 0.0664968997278021 0.211447591823766
v 2.46973191928319e-08 0.0752868710021639 0.198949064337856
v 3.23722446052399e-08 0.071127405662968 0.209328870266776
v 9.43086242225696e-07 0.0593697303674438 0.212058807639953
v 0.00317377636565772 0.0755109695603491 0.200388948610672
v 1.84373081566582e-08 0.0755114240457554 0.200908924618909
v 3.52842582814033e-07 0.0749469010171251 0.204560111361143
v -1.06162173566154e-07 0.0731977878541258 0.207536811958176
v 0.00325644567780695 0.0723168386746169 0.20860568712788
v 0.00280024384408648 0.0707841946754421 0.209679792605047
v -4.63947803130418e-08 0.0686486944113227 0.210631425441099
v -1.8655727212392e-08 0.0656251669162855 0.211529145877157
v 0.00236581516752063 0.0627901316555568 0.212027619510272
v 3.96567525502484e-09 0.0623288624958211 0.211995507508617
v 0.0099999995529653 0.115376998885491 0.282247984061063
v 0.0099999995529653 0.115308997437903 0.282748990891524
v 0.0099999995529653 0.119515230070461 0.279332184508468
v 0.0099999995529653 0.119000000081958 0.279299998001009
v 0.0099999995529653 0.117524993772993 0.279606991717063
v 0.0099999995529653 0.118066591365639 0.28086858360018
v 0.0099999995529653 0.118564603062767 0.280710124655587
v 0.0099999995529653 0.118000996455529 0.27943798275058
v 0.0099999995529653 0.118495998118164 0.27933498592671
v 0.0099999995529653 0.116664995625654 0.280129992660955
v 0.0099999995529653 0.116294999801481 0.280474984337203
v 0.0099999995529653 0.115713996088938 0.281298988730483
v 0.0099999995529653 0.115377997263269 0.283753984784618
v 0.0099999995529653 0.115308997437903 0.283253991233096
v 0.0099999995529653 0.122700025378914 0.282831900950553
v 0.0099999995529653 0.122636993468473 0.282319002993725
v 0.0099999995529653 0.115514000158446 0.284238987768315
v 0.0099999995529653 0.115714994466716 0.284702980115198
v 0.0099999995529653 0.122683999180408 0.283340984210201
v 0.0099999995529653 0.116296996557036 0.285526001031861
v 0.0099999995529653 0.117136192683813 0.284400605759011
v 0.0099999995529653 0.115977999955909 0.285134994570874
v 0.0099999995529653 0.122606528045093 0.283843719575322
v 0.0099999995529653 0.121210147711409 0.28372805676472
v 0.0099999995529653 0.122450997178608 0.284337007604457
v 0.0099999995529653 0.121037875390698 0.284124010411113
v 0.0099999995529653 0.117513072844304 0.28479009230159
v 0.0099999995529653 0.116664995625654 0.285869979429171
v 0.0099999995529653 0.121953000382641 0.2852299745702
v 0.0099999995529653 0.120306019776181 0.284925752470067
v 0.0099999995529653 0.121229996057676 0.285952978895165
v 0.0099999995529653 0.119109113832361 0.285324924767205
v 0.0099999995529653 0.11915202172506 0.286702239065567
v 0.0099999995529653 0.119531800161338 0.285265260519119
v 0.0099999995529653 0.119851869646047 0.286604606659607
v 0.0099999995529653 0.118495998118164 0.286664986163415
v 0.0099999995529653 0.118574087651655 0.285291933597059
v 0.0099999995529653 0.118003000661665 0.286563002618484
v 0.0099999995529653 0.121618894004401 0.285619043880275
v 0.0099999995529653 0.115514000158446 0.281760984321811
v 0.0099999995529653 0.119728055900455 0.280789845866192
v 0.0099999995529653 0.120123726424791 0.280961954274134
v 0.0099999995529653 0.120647993967356 0.279686981148564
v 0.0099999995529653 0.117076997822294 0.279839002791665
v 0.0099999995529653 0.117600296789403 0.281136238251561
v 0.0099999995529653 0.117137317721458 0.281599187517184
v 0.0099999995529653 0.115976994127551 0.280867004077129
v 0.0099999995529653 0.116707761957324 0.28257530296053
v 0.0099999995529653 0.116869528959629 0.282065683259092
v 0.0099999995529653 0.116675016656333 0.283107155193973
v 0.0099999995529653 0.116868009041221 0.28393318614513
v 0.0099999995529653 0.116734978927637 0.283533596615487
v 0.0099999995529653 0.117077996200071 0.286161982577399
v 0.0099999995529653 0.117526997979128 0.286393993652001
v 0.0099999995529653 0.117963385925517 0.285088204925771
v 0.0099999995529653 0.119932328464115 0.285131924931736
v 0.0099999995529653 0.120336999289611 0.286449992214516
v 0.0099999995529653 0.12079971758724 0.286236935416528
v 0.0099999995529653 0.120721061809637 0.284571879701945
v 0.0099999995529653 0.122231801102346 0.284809344601422
v 0.0099999995529653 0.121305500239757 0.28331690393425
v 0.0099999995529653 0.121324976057003 0.282892727489187
v 0.0099999995529653 0.121265706689679 0.282470130567175
v 0.0099999995529653 0.122512062135816 0.281825595755303
v 0.0099999995529653 0.122310993321741 0.281349980502948
v 0.0099999995529653 0.122053590669032 0.280906372944123
v 0.0099999995529653 0.120925863364507 0.281694137714189
v 0.0099999995529653 0.121133794163159 0.282071286095575
v 0.0099999995529653 0.1216209503646 0.280382567337545
v 0.0099999995529653 0.121093672787541 0.279944950045385
v 0.0099999995529653 0.120571849035357 0.281278872163321
v 0.0099999995529653 0.11920741679056 0.280677610322588
v 0.0099999995529653 0.120176193412182 0.279488855313759
v -0.00104029660581881 0.101340448081336 0.133429896829354
v 0.00753696106291659 0.111369011297026 0.192586730586289
v 0.00651340311735721 0.101039057201765 0.133482721444605
v 0.0150122853365777 0.0997929029213001 0.133702230445246
v 0.0150062391905584 0.110182774584382 0.1927960471929
v -0.00694628882528205 0.111439940822723 0.192574183808844
v 0.000589715303710514 0.111747619992177 0.192520047891437
v -0.0150062326713005 0.11018274478206 0.192796062094061
v -0.00963695884562388 0.100706336631486 0.133541223402145
v -0.0150000002607705 0.099734199798089 0.133713003984548
v 0.0172717809541873 0.109582697385938 0.192901621917599
v 0.0194488945726555 0.0983919106783303 0.133949142680709
v 0.0203229743170076 0.108369593880262 0.193115811203812
v 0.0150000002607705 0.110152994614401 0.192800994378306
v 0.0150044333561266 0.0997525952811717 0.133709800234963
v 0.023466558602455 0.0961812340576683 0.134339851118478
v 0.0234748063949914 0.106612769366517 0.193425412623016
v -0.0234579997481856 0.106586997808808 0.1934299872794
v -0.0234909834677509 0.0962187104772332 0.13433313069493
v -0.0212130299684476 0.107955073387436 0.193188692781582
v -0.0188406347742537 0.0986140124809603 0.13391004203461
v -0.0150044333561266 0.0997525952811717 0.133709800234963
v -0.0150000002607705 0.110152994614401 0.192800994378306
v -0.017271777228897 0.109582704836518 0.192901621917599
v -0.00386592155063333 0.0822078865273035 0.0614946172797393
v -0.00480607653470172 0.0833050366497415 0.0634104669821903
v 5.84855216062903e-07 0.0833550374950098 0.0632062093196911
v -0.00601522191952426 0.0822518524024232 0.0617735185822803
v -2.04025992925257e-11 0.0822112988931406 0.0613550977105998
v -0.00151281765540354 0.0822030883535063 0.061364381133816
v -0.00792653654679957 0.0823246967272911 0.0621399940072001
v -0.00970584504963816 0.0824280511790215 0.0626323805161033
v -0.0114687846272712 0.0825795661826539 0.0633114338671095
v -0.0101554140041305 0.083923159153988 0.0655016288421684
v -0.0135219466644092 0.0842797513839669 0.0674821272310139
v -0.0131571634525696 0.0827564206103301 0.0641756713947131
v -0.0150377998492615 0.0830237027326899 0.0655170962471419
v -0.0143025002039412 0.0829078983610604 0.0649353996306196
v -0.0177253108235009 0.0836605038420754 0.0686757996229276
v -0.0199150028843807 0.0847068186542369 0.0737773983081266
v -0.0212677600696441 0.085972530708332 0.0799634662278711
v -0.0221204175326138 0.0874786208388529 0.0873988772765052
v -0.0223812176499992 0.0882011483266704 0.0910139063519111
v -0.022668234497274 0.0892490799147853 0.0963301115558271
v -0.0234668808400586 0.096180518801947 0.134339970327765
v -0.0234447358523744 0.095485595714624 0.13045057362801
v -0.018974281423369 0.0985380687146333 0.133923482881707
v -0.0157268993766556 0.0831499006640199 0.0661499932523818
v -0.0229263039769316 0.0906247252831308 0.103473124575471
v -0.0211486755799801 0.0891898403497832 0.0921790653725177
v -0.0203914488764531 0.0876683275177715 0.0844654496506128
v -0.0217644232117144 0.0867345835253328 0.0837120618586526
v -0.0204006279915433 0.0850733723102512 0.0755686594046207
v -0.0158164423149131 0.084728529645611 0.0698005317941189
v -0.0169537994946437 0.0834321957059469 0.0675550013582035
v -0.0189805678506071 0.0841659139655709 0.0711457936954693
v -0.016366399458802 0.0832862015824134 0.0668302014433547
v -0.0233777160187579 0.0943738648062838 0.124032353072635
v -0.02317114308839 0.0923865789386661 0.112889257530363
v -0.0208032852976783 0.085456518408884 0.0773283821941528
v -0.0195128913332623 0.0844706203534326 0.0725136383061042
v -0.01732419392487 0.0864985789396197 0.0760385749629458
v -0.0184348184220163 0.0839463826131895 0.0699370562299254
v -0.00327173776130969 0.0843767355894293 0.0653302133382064
v -0.021658367924578 0.0912959927775873 0.103034717521786
v -0.00556076910955982 0.0859606470325456 0.0693254604341359
v -1.1175567954387e-07 0.0852789636266474 0.0671331420436544
v -0.0212622783050925 0.0974894665742797 0.134108540398437
v -0.0210319287099261 0.0948466190357529 0.119066086730374
v -0.0197477075513967 0.0904276946836492 0.0945664399586668
v -0.0186852138038307 0.0875080208292312 0.0810643416405243
v -0.0101192367795282 0.0876480246860987 0.0752741901142703
v -0.0197219210925271 0.0930234023997929 0.106580404045126
v -0.0183854490134394 0.0923472994786371 0.100625795857032
v -0.0183788850520803 0.0896044949530562 0.088583549367259
v -0.0147561083043493 0.0879366452708111 0.0785020497776109
v -0.0142521687391662 0.0865263547034642 0.0737410990802698
v -0.0104741079254277 0.0860678832366802 0.0707723482525568
v -0.00510711723699165 0.0881513784493954 0.0754392204708035
v -7.0782176758674e-08 0.0871563757846581 0.0719481616031789
v 1.34227090439924e-07 0.0890987719051826 0.0778800082680581
v -0.0190590913804081 0.0965829097498315 0.123323974237055
v -0.0166891362513052 0.0971432977063229 0.121774000187799
v -0.0182863637442957 0.0950775050727103 0.113871184426445
v -0.0166257523009388 0.0947622859158613 0.109474269088933
v -0.0174322701819481 0.0911727750784295 0.0938074865831251
v -0.0126762201038849 0.0889578590775026 0.0808753353161662
v -0.016343341775015 0.089119432364716 0.0840435903360637
v -0.0149871778118498 0.0984730474992173 0.126666140705359
v -0.0167325340196671 0.0993089504694441 0.133787584294656
v -0.0146574821772246 0.0947202571916535 0.107092527141589
v -0.0163623202660163 0.092843679498651 0.0999236382561108
v -0.00975512970786264 0.0907806957338606 0.0863962973714702
v -0.00810458586131227 0.0891388038738351 0.0795025584212863
v -0.00284382228902383 0.0898349861092508 0.0805970039830281
v -0.0150008784979387 0.0997355483531469 0.133712750664813
v -0.014933577404911 0.0971351691230734 0.119455424261344
v -0.0148143662553797 0.0957374104320104 0.112197664852492
v -0.0144933319205048 0.0939932519049973 0.103510109256727
v -0.0138894493381059 0.0925125906054853 0.0963323616311171
v -0.0142539233508576 0.0932552644627867 0.0999233551340545
v -0.0134906663337948 0.0919952893556229 0.0937978157297265
v -0.0156533826369038 0.090491344992266 0.088790608448
v -0.0131057702800834 0.0916442329069038 0.0920314321212895
v -0.0125807045940899 0.0913174578998073 0.0903038287839927
v -0.011935509474527 0.0910671407490874 0.0888452584554569
v -0.0112766304326812 0.0909152159635313 0.0878144557517516
v -0.0102474994529599 0.0908017957776395 0.0867516006510347
v -0.0107000998623648 0.0908386985025112 0.0871604959556349
v -0.00922538971397166 0.090774399993397 0.0860920976230778
v -0.0083991678416916 0.0907875279161153 0.0857374946980738
v -0.00715277141736223 0.0908469462950477 0.085418989835255
v -0.00513966509760181 0.0909339169204116 0.0850715171157229
v -0.00281359528421774 0.0909988859817646 0.0848112012860655
v -7.69852061766984e-07 0.0910300368585441 0.0846904571796106
v -0.00332942574293709 0.0648838639657834 0.13985800430496
v 0.00665624564536865 0.0753955302671607 0.198929812038023
v 0.0166016906514388 0.0761610178017399 0.198794941631072
v 0.0165999993696811 0.0657583013379962 0.139704000807464
v 0.00831919424267435 0.0650496691826813 0.139828902337799
v -0.00665712201989178 0.0753765238364827 0.198933105194574
v -0.0166072897626322 0.0656877517919008 0.1397163985733
v -0.0166006959989513 0.0761705843470125 0.198793466416147
v 1.65268293131584e-08 0.108054732351273 0.209028358555696
v 0.0100000107288359 0.108326760493367 0.208754862649257
v 2.13288635315595e-08 0.108999771423644 0.208845163684074
v 0.0099999995529653 0.109000002391638 0.208674992427044
v 9.3884302676384e-09 0.107233842300614 0.20975376196756
v 0.0100000144541262 0.107313705072247 0.209359596460471
v 0.0100000116601585 0.106736307440633 0.210393021768487
v 1.03503523436688e-08 0.106874806280254 0.210571701588369
v 0.0100000144541262 0.106717077492542 0.211571003238015
v 1.08539619308801e-08 0.106889677638793 0.211463401955439
v 0.0100000302866096 0.108999756522484 0.213329966068343
v 1.93763738497469e-08 0.107363929434928 0.212449501176562
v 0.0100000051409006 0.107152794886692 0.2124221128429
v 0.010000020973384 0.107976307541663 0.213130707745313
v -2.13348072214113e-08 0.108999629862616 0.213157529834862
v 9.55087720879217e-09 0.108283763193703 0.213039020902536
v 0.0226189805726938 0.0890230740080098 0.0951165312130034
v 0.0233541256184702 0.09412209479238 0.122602124752057
v 0.0234408801770017 0.0953722798368582 0.129801195938858
v 0.0189744974902014 0.0985379867582486 0.133923497782867
v 0.0178604513139924 0.0966464110468397 0.121157285843254
v 0.0222952174627363 0.0879404376162502 0.08970671691656
v 0.0220060604362328 0.0872149000939388 0.0860872621963785
v 0.0210905554646877 0.0890170315872808 0.0913028398610016
v 0.0210878527666366 0.0857485960629162 0.0788633954779044
v 0.0216242386782715 0.086496835503799 0.0824570413874751
v 0.0201148702923613 0.0848470907319998 0.0744722394390648
v 0.0195766571258758 0.0844890828917391 0.0727182088929815
v 0.0191205065148958 0.0842553730847986 0.0714641197443577
v 0.0185422613797579 0.083964949459622 0.0701668097786573
v 0.0179208028781237 0.0837521161790475 0.068983583100507
v 0.0174212992022643 0.0835641976394322 0.068207001651667
v 0.0162966992788757 0.0832699965699773 0.0667487964015723
v 0.0168843992005798 0.0834128018450866 0.0674587026061407
v 0.0157095786398 0.0847599189409643 0.0698096811068874
v 0.0156584006028237 0.0831361990466084 0.066081097735142
v 0.0149709001562545 0.0830129962486115 0.0654620960624047
v 0.013502788428155 0.0842770244715293 0.0674671739160901
v 0.0142395996099802 0.082900499934693 0.0648943990865111
v 0.0131252777622952 0.0827543195466487 0.0641611353122934
v 0.0101551262254614 0.0839226674156796 0.0655005559585864
v 0.0114266115480675 0.0825751479884587 0.0632937238374265
v 0.0097224887149971 0.0824293624811772 0.0626393244570644
v 7.6986513575303e-07 0.0910300368585441 0.0846904571796106
v -1.3407881438514e-07 0.0890989879720151 0.0778807756778424
v 0.00794716999797898 0.0823255982475232 0.0621446170923572
v 1.2384173270956e-12 0.0846955757283674 0.0658461436812696
v 0.00415487624731197 0.0858368854410163 0.0687585755715092
v 7.02591107354356e-08 0.0871564204881406 0.0719483255159484
v 0.00602351255289817 0.08225214297506 0.0617748894890795
v 0.00480016356780766 0.0837661381714175 0.0642440379207423
v 0.00387513489182742 0.0822080206377512 0.0614955076241007
v -2.04025992925257e-11 0.0822112988931406 0.0613550977105998
v 0.00152097941701907 0.082203013847702 0.061364518969554
v 0.0234686745672972 0.0961833351213497 0.134339478589457
v 0.0216318084679888 0.0945306622714413 0.119154532570663
v 0.023135205213684 0.0921029129899399 0.111359698071486
v 0.0228907721588591 0.0903881246509834 0.10219745109534
v 0.0205561588580277 0.0852218325759072 0.0761690048239602
v 0.0173246204705996 0.0864986161925219 0.0760391635587998
v -5.84616416865606e-07 0.0833550598467511 0.0632062912760759
v 0.0212081815032325 0.0975141950507282 0.134104174358304
v 0.0199961788208149 0.0961246841522017 0.123100032141059
v 0.0199223230796536 0.0932366976163541 0.108066869346793
v 0.0212772688729184 0.0916357243440522 0.103678343362845
v 0.0192648372963482 0.0910659263044773 0.0964017861395675
v 0.0173761673113072 0.0900020579248218 0.0887000764451903
v 0.0191133688588435 0.0879187340754565 0.0831179376739724
v 0.0154310694240542 0.0875507871609016 0.0777552259470099
v 0.0176892984429906 0.0918653512329169 0.0972804405403038
v 0.0142521305549415 0.0865261237354709 0.073740428528031
v 0.00877033154434726 0.088481357206077 0.0774293375589846
v 0.00510645972326867 0.0881514976586823 0.0754394588893773
v 0.0104735724149592 0.086067950291904 0.0707723557031373
v 0.0175585593828883 0.0940922030636933 0.107579124549498
v 0.016486972201907 0.0934167855959371 0.102759180156309
v 0.014326887816335 0.0894893983865675 0.0838203038911453
v 0.0161073278760764 0.0887086744150082 0.0822899099672605
v 0.0149871768805272 0.0984730400486369 0.126666081100715
v 0.0167325340196671 0.0993089504694441 0.133787584294656
v 0.0148143662553797 0.0957374104320104 0.112197664852492
v 0.00839912220688647 0.0907875279161153 0.0857374797969129
v 0.00513966463194054 0.0909339243709921 0.0850715171157229
v 0.00284371728240589 0.0898349265046073 0.0805967655644543
v 0.0150008784979387 0.0997355483531469 0.133712750664813
v 0.0160631906376068 0.0969531961466415 0.119840067926644
v 0.014933577404911 0.0971351691230734 0.119455424261344
v 0.0144933319205048 0.0939932519049973 0.103510101806147
v 0.0146574821772246 0.0947202571916535 0.107092527141589
v 0.0159684881724012 0.091605460086344 0.0938941591852718
v 0.0138894493381059 0.0925125906054853 0.0963323616311171
v 0.0142539242821802 0.0932552644627867 0.0999233551340545
v 0.0134906663337948 0.0919952893556229 0.0937978157297265
v 0.0131057693487608 0.0916442329069038 0.0920314321212895
v 0.0125807045940899 0.0913174578998073 0.0903038213334123
v 0.0119355104058496 0.0910671481996679 0.0888452584554569
v 0.0112766304326812 0.0909152159635313 0.0878144557517516
v 0.0102474994529599 0.0908017957776395 0.0867516006510347
v 0.0107000998623648 0.0908386985025112 0.0871604959556349
v 0.0127268570424575 0.0884512643117186 0.0790577140661095
v 0.00975512970786264 0.0907806957338606 0.0863962973714702
v 0.00922539995851976 0.090774399993397 0.0860920976230778
v 0.00715274394334689 0.0908469462950477 0.0854189823846746
v 0.00281359574987901 0.0909988859817646 0.0848112012860655
v 0.0099999995529653 0.0739999992996464 0.153699990651757
v 0.0100000079348683 0.0727714432901576 0.153538521672669
v 0.0249447686610053 0.0714500977519887 0.153041642463767
v 0.0264090684858921 0.0728244169170176 0.153854023951575
v 0.0100000125914811 0.0710998310647952 0.152369764021715
v 0.0239447033268655 0.070550335856893 0.15190885621513
v 0.0236586233900798 0.0700687154367117 0.150204208116139
v 0.0236189993407059 0.0701341017305688 0.150747996179432
v 0.0267448139918268 0.0718821792628883 0.14658774107871
v 0.027969879404384 0.0731678737736978 0.146063518239628
v 0.00999993342906398 0.0724884031901875 0.146568011941731
v 0.0100000479817381 0.073999611869464 0.146291729518211
v 0.0285944000945751 0.0739995969683031 0.145976003721893
v 0.0243465690088297 0.0702570586594116 0.148730602516295
v 0.0100000228360291 0.0707783608709651 0.148055162696797
v 0.0251037025801013 0.070648057669818 0.14784592059599
v 0.0239009684197391 0.0700913353988984 0.149474528071109
v 0.0236865816931449 0.0702747463373533 0.151276585058646
v 0.010000115036962 0.0702591820748342 0.150349747754266
v 0.0243259458021984 0.0708985089309856 0.152449023296333
v 0.0274883130009108 0.0739998577386182 0.154007192984063
v 0.0099999995529653 0.00430011413693178 0.0856716241164887
v 0.0099999995529653 0.00715795934964816 0.0833264943213799
v 0.0099999995529653 0.00635480494004187 0.0838543679448731
v 0.0099999995529653 0.00715135766972556 0.0818941276842178
v 0.0099999995529653 0.00538114353162481 0.082880629236684
v 0.0099999995529653 0.00782611389846855 0.0817998256877103
v 0.0099999995529653 0.00778790918466662 0.0831787865643474
v 0.0099999995529653 0.00448792278048574 0.0843224208580906
v 0.0099999995529653 0.00433167479563492 0.0849884431439241
v 0.0099999995529653 0.00573513038675948 0.084967045076928
v 0.0099999995529653 0.00964636892870746 0.0838555004330985
v 0.0099999995529653 0.0043948906422804 0.0863477940928684
v 0.0099999995529653 0.0116998494781589 0.085328122556326
v 0.0099999995529653 0.00461299474284815 0.086996888659964
v 0.0099999995529653 0.011668380089066 0.0860109309998691
v 0.0099999995529653 0.00668516367632538 0.0874200294743471
v 0.0099999995529653 0.00627724719172917 0.0870705525486792
v 0.0099999995529653 0.0115122131292774 0.0866773183641437
v 0.0099999995529653 0.00590796895158368 0.0885564814085554
v 0.0099999995529653 0.0113125003208408 0.0871494988989197
v 0.0099999995529653 0.0110561454060047 0.0875932107658711
v 0.0099999995529653 0.00748979236953434 0.089168010149121
v 0.0099999995529653 0.00789138005171622 0.0878246630469412
v 0.0099999995529653 0.0094046720995456 0.0873603503250997
v 0.0099999995529653 0.00949649305276973 0.0888882334033794
v 0.0099999995529653 0.00842862557406826 0.0877913291500956
v 0.0099999995529653 0.00884875449131244 0.0891058425060098
v 0.0099999995529653 0.00893797891725658 0.0876295695983714
v 0.0099999995529653 0.00706014440446778 0.0876288394414892
v 0.0099999995529653 0.00682424459254204 0.0890118906867826
v 0.0099999995529653 0.00746788766306899 0.0877657140545759
v 0.0099999995529653 0.00979047246745675 0.0869863013851724
v 0.0099999995529653 0.00873997787967385 0.0832937937238709
v 0.0099999995529653 0.00922813990947303 0.0835186969447427
v 0.0099999995529653 0.0066856027949095 0.0835798140560132
v 0.0099999995529653 0.00650357114515675 0.0821117367868482
v 0.0099999995529653 0.00590680200442377 0.0824440624763653
v 0.0099999995529653 0.00504729000745817 0.0832698997124307
v 0.0099999995529653 0.00608129925471628 0.0841841082829808
v 0.0099999995529653 0.00476361614249021 0.0836977045901632
v 0.0099999995529653 0.00587217729451864 0.0845594163710009
v 0.0099999995529653 0.00567551736141337 0.0853921826468665
v 0.0099999995529653 0.0056953582570995 0.0858214850912656
v 0.0099999995529653 0.00579357087701035 0.086239939490558
v 0.0099999995529653 0.00596672981679306 0.0866323243089245
v 0.0099999995529653 0.00494553556787522 0.0875938515157881
v 0.0099999995529653 0.0053809623893881 0.088118916270459
v 0.0099999995529653 0.00635188990044848 0.0888124982533045
v 0.0099999995529653 0.00817400571314988 0.0892001668542586
v 0.0099999995529653 0.0100929883846719 0.0885560641760513
v 0.0099999995529653 0.0106188894669961 0.0881193633052849
v 0.0099999995529653 0.0100327597551177 0.0866324733205331
v 0.0099999995529653 0.0102062036796019 0.0862400065457819
v 0.0099999995529653 0.0103044945306073 0.0858225207219454
v 0.0099999995529653 0.0103246362434783 0.0853939037309459
v 0.0099999995529653 0.0116049644737328 0.0846517290625334
v 0.0099999995529653 0.010265418098895 0.084968170114573
v 0.0099999995529653 0.0113867602559905 0.0840025674402139
v 0.0099999995529653 0.0101296079874873 0.0845621209316971
v 0.0099999995529653 0.00992074027834681 0.0841864105123338
v 0.0099999995529653 0.0110540713506773 0.0834056120349702
v 0.0099999995529653 0.0100919052565418 0.0824434440781896
v 0.0099999995529653 0.0106191576878916 0.0828811880302163
v 0.0099999995529653 0.00964810957056051 0.0821875017392448
v 0.0099999995529653 0.00917575487846696 0.0819881093057667
v 0.0099999995529653 0.00832264758670383 0.0831955205679941
v 0.0099999995529653 0.00851025599590873 0.0818319972940088
v -0.0473999966517098 0.0207912991764109 0.259012007884413
v -0.0473999966517098 0.0207912991764109 0.260987991221517
v -0.0473999966517098 0.0178275998422297 0.259999984651804
v 1.93288154491486e-08 0.117363927125248 0.284449511368956
v 1.08907227466714e-08 0.116889690230274 0.283463441950155
v 0.0100000116601585 0.116736320032114 0.282392972356238
v 2.65237301744293e-08 0.117468034085602 0.28142409887707
v 1.02769786826076e-07 0.118996647320764 0.28079413740052
v 0.0100000107288359 0.118326787986009 0.280754857940491
v 0.0099999995529653 0.119000000081958 0.280674987718277
v 0.0100000144541262 0.117313672960245 0.281359636455186
v 1.0372241500333e-08 0.116874818871735 0.282571637274959
v 0.0100000144541262 0.116717090084023 0.28357102833157
v 0.0100000191107389 0.117431794462389 0.284768813443881
v 0.0100001103803492 0.118996319495225 0.285384976445474
v 9.396637036053e-09 0.118283850290989 0.285039060897252
v -2.15556190297542e-08 0.118999627552936 0.285157525126095
v -0.00770546013030136 0.0934091338498351 0.0958707162170697
v -0.0150025353207619 0.0997437141892987 0.133711156240601
v -0.014987129383077 0.0984734945340431 0.126670327931561
v -0.0149337729826473 0.0971376799686784 0.119466756594179
v -0.0111809761558256 0.0971771754955399 0.115889859589416
v -0.00630350070885948 0.101099056725971 0.133472305533164
v -0.0148147629987876 0.0957405247746303 0.112211768801247
v -0.0144934613743398 0.093993765995047 0.103512038957058
v -0.0142540053072423 0.0932555550354234 0.0999239437299085
v -0.0140130395662852 0.0927602478989915 0.097367709188885
v -0.00513985834703173 0.0909345278680069 0.0850713830052752
v -0.0134907175565352 0.0919955352247771 0.0937978157297265
v -0.0127485000472853 0.0914117002916713 0.0908100957242378
v -0.0131058187088562 0.091644530930121 0.0920313501649048
v -0.0102474994529599 0.0908017957776395 0.0867516006510347
v -0.00975512970786264 0.0907806957338606 0.0863962973714702
v -0.0119354060977236 0.0910667235165833 0.0888452882577787
v -0.011276566171425 0.0909150296990206 0.0878144557517516
v -0.0124475534085733 0.0912763977510554 0.0899614671626359
v -0.0107000998623648 0.0908386985025112 0.0871604959556349
v -0.00922538971397166 0.090774399993397 0.0860920976230778
v -0.00839913338275711 0.0907877216312065 0.0857374276428499
v 1.0668133870986e-07 0.0964220591689198 0.107585383037059
v -1.3069178513717e-07 0.0929594689691197 0.0922501066569215
v -6.45740257487247e-07 0.091030796817748 0.0846902709150998
v -0.0028127896902087 0.0909988785311842 0.0848111416814221
v 9.51755559740076e-08 0.101335240125615 0.133430477974628
v -0.00743463665393071 0.0975931115986469 0.115455982488633
v -0.00366749420015159 0.0980028711705771 0.115996581703501
v -0.00384726785837265 0.0937597581648893 0.0959937103988145
v -0.00715051575413693 0.0908479521234058 0.0854182596783729
v -0.0146576041804791 0.0947208904909901 0.107094218423347
v -0.0137792710860238 0.0923555845240757 0.0955690496660236
v 0.0149337729826473 0.0971376799686784 0.119466756594179
v 0.014987129383077 0.0984734945340431 0.126670342832721
v 0.0148147629987876 0.0957405247746303 0.112211768801247
v 0.0111810236532759 0.0971771531437986 0.115889777633031
v 0.0150025353207619 0.0997437216398791 0.133711156240601
v 0.0146576041804791 0.0947208904909901 0.107094218423347
v 0.0144934613743398 0.093993765995047 0.103512038957058
v 0.0142540053072423 0.0932555550354234 0.0999239437299085
v 0.0127485000472853 0.0914117002916713 0.0908100957242378
v 0.00770543405326986 0.0934091338498351 0.0958707162170697
v 0.00975512970786264 0.0907806957338606 0.0863962973714702
v 0.0119354060977236 0.0910667309671638 0.0888452882577787
v 0.011276566171425 0.0909150296990206 0.0878144557517516
v 0.0124475524772507 0.0912763977510554 0.0899614671626359
v 0.0102474994529599 0.0908017957776395 0.0867516006510347
v 0.0107000998623648 0.0908386985025112 0.0871604959556349
v 0.00922539995851976 0.090774399993397 0.0860920976230778
v 0.00839908681662942 0.0907877216312065 0.0857374052911086
v 0.00384728019839649 0.0937597432637284 0.0959936433435907
v 6.45752251448359e-07 0.091030796817748 0.0846902709150998
v 0.00281279015586998 0.0909988785311842 0.0848111416814221
v 1.30694215193272e-07 0.0929594615185393 0.0922500694040193
v -1.06673011149183e-07 0.0964220517183394 0.107585360685318
v -9.51199417953227e-08 0.101335240125615 0.133430477974628
v 0.0063034136302007 0.101099056725971 0.133472305533164
v 0.00743455795717492 0.097593096697486 0.115455840927604
v 0.00366758453843931 0.0980028562694162 0.115996529549438
v 0.00513985927835428 0.0909345278680069 0.0850713830052752
v 0.0131058187088562 0.091644530930121 0.0920313501649048
v 0.0134907175565352 0.0919955352247771 0.0937978157297265
v 0.00715048874578287 0.0908479521234058 0.0854182596783729
v 0.0140130404976078 0.0927602478989915 0.0973677166394654
v 0.0137792701547013 0.0923555845240757 0.0955690496660236
v 0.0099999995529653 0.070689102917409 0.151649993248656
v 0.0099999995529653 0.0776913968244638 0.150250997761242
v 0.0099999995529653 0.0742077885372695 0.147677611984068
v 0.0099999995529653 0.0745045004523294 0.146335002489351
v 0.0099999995529653 0.0738482011739576 0.146297749587199
v 0.0099999995529653 0.0703940971852677 0.149153139833663
v 0.0099999995529653 0.0718719868688595 0.149060245996857
v 0.0099999995529653 0.0735646246321965 0.147710215724031
v 0.0099999995529653 0.0731463862997365 0.146395680016376
v 0.0099999995529653 0.0710472970221805 0.147769999181405
v 0.0099999995529653 0.0724270849132454 0.148280110621152
v 0.0099999995529653 0.0713783114095419 0.147383790894215
v 0.0099999995529653 0.0705493970837588 0.14866299594947
v 0.0099999995529653 0.0763346014246071 0.147129994322434
v 0.0099999995529653 0.0756519196409313 0.148361113331591
v 0.0099999995529653 0.0761295241982606 0.149062406665182
v 0.0099999995529653 0.077486297246376 0.148761000884451
v 0.0099999995529653 0.0776223001415523 0.149245988966987
v 0.0099999995529653 0.0703317134753241 0.150510397169507
v 0.0099999995529653 0.0704875870685083 0.151173096496468
v 0.0099999995529653 0.0763246399985717 0.149893533813353
v 0.0099999995529653 0.0709468184944962 0.15209512072589
v 0.0099999995529653 0.0762068016184846 0.150738221017907
v 0.0099999995529653 0.0760338214926322 0.151130672891497
v 0.0099999995529653 0.0772856009613226 0.151700999922283
v 0.0099999995529653 0.0725967569813866 0.151861619535201
v 0.0099999995529653 0.0719078688642123 0.153055962479354
v 0.0099999995529653 0.0728220103795386 0.153510626699538
v 0.0099999995529653 0.0734848512675283 0.153667804144297
v 0.0099999995529653 0.0734663216739979 0.152265038663185
v 0.0099999995529653 0.0744249580556546 0.152292069368987
v 0.0099999995529653 0.0749993009492921 0.153561991001025
v 0.0099999995529653 0.0754751993237028 0.153392996935703
v 0.0099999995529653 0.0763351974710415 0.152869995991811
v 0.0099999995529653 0.0767047015569063 0.152524989414402
v 0.0099999995529653 0.0776911956587922 0.14974599741967
v 0.0099999995529653 0.0729582144403866 0.147914525540593
v 0.0099999995529653 0.0725025294906835 0.146612477005739
v 0.0099999995529653 0.0719047321698511 0.146945532852139
v 0.0099999995529653 0.0720807223301974 0.148685124173348
v 0.0099999995529653 0.0707657172359747 0.148194145824146
v 0.0099999995529653 0.0717349781453251 0.149467301008091
v 0.0099999995529653 0.0703000634096558 0.149830785024968
v 0.0099999995529653 0.0716689212992292 0.149999048933408
v 0.0099999995529653 0.0717347024738492 0.150532719108476
v 0.0099999995529653 0.0718699826627238 0.150937613451385
v 0.0099999995529653 0.072137324389727 0.151401874019164
v 0.0099999995529653 0.0713814928073856 0.152619373367294
v 0.0099999995529653 0.0730643107057154 0.152130883511956
v 0.0099999995529653 0.0723519011061223 0.153312992603041
v 0.0099999995529653 0.0739999992996464 0.153699990651757
v 0.0099999995529653 0.0738917945200558 0.152324971132167
v 0.0099999995529653 0.0745045004523294 0.153665002726056
v 0.0099999995529653 0.0759230015593106 0.153161000762261
v 0.0099999995529653 0.074932148867873 0.152132209715272
v 0.0099999995529653 0.0757914466606512 0.151484709572389
v 0.0099999995529653 0.0754015354349876 0.151862647715301
v 0.0099999995529653 0.0770234001348162 0.152132999476798
v 0.0099999995529653 0.077486401554502 0.151238989429794
v 0.0099999995529653 0.0776227024728956 0.150751989690542
v 0.0099999995529653 0.0763045457831509 0.15032176337417
v 0.0099999995529653 0.0762654823899544 0.149468686816051
v 0.0099999995529653 0.0759214518385811 0.14868776167882
v 0.0099999995529653 0.0772847962986361 0.148296993636407
v 0.0099999995529653 0.0770219994256953 0.147864994081892
v 0.0099999995529653 0.0767031965396594 0.147474002522066
v 0.0099999995529653 0.0752264169925517 0.148017239242407
v 0.0099999995529653 0.0759221000390785 0.146837991174206
v 0.0099999995529653 0.0754730982600215 0.146605995000765
v 0.0099999995529653 0.0747296867952575 0.147790398870623
v 0.0099999995529653 0.0749969987199391 0.146437000935443
v 0.0100001113116718 0.0079963671118834 0.0878850798036512
v -5.07077355428532e-08 0.0079978004172937 0.0876894201109688
v 0.0100000088661908 0.00618476872478205 0.0840290393524831
v 0.0100000200420615 0.00711351337775195 0.0833091344689771
v 8.78065067680095e-09 0.00680225141043408 0.083700990296133
v 1.02236055556612e-07 0.0079966595471653 0.0832940693953468
v 0.0099999995529653 0.00800000020116577 0.0831753965502516
v 0.0100000153854487 0.00570211779619497 0.0849947537855486
v 1.00832957505809e-08 0.00585595877790551 0.0857705752751847
v 3.01091376207189e-08 0.00600280599289829 0.0845827143360067
v 0.010000029355287 0.0058406953325713 0.0864918138125878
v 1.26079295294723e-08 0.00618829424630946 0.0867053250959815
v 0.0100000088661908 0.00670464415018319 0.0874448101048586
v 9.68207892201768e-09 0.00692417084595188 0.087374290361085
v 0.0100000489130607 0.0739991201311556 0.152342018060192
v 0.0100000200420615 0.0716704933717001 0.149600115054843
v 9.72240843861957e-09 0.0718400685822957 0.150071781499569
v 1.6952412427943e-08 0.0728760717911415 0.148124706414535
v 1.71277850293498e-08 0.0720216094250627 0.149092685824051
v 0.0100000144541262 0.0732188059415199 0.147780429994007
v 4.59884706695338e-08 0.0739991946369599 0.147834059271945
v 0.0099999995529653 0.0739999992996464 0.147674989379756
v 0.0100000107288359 0.0722455217187372 0.148446213861267
v 0.010000020973384 0.07189917403685 0.151084002455681
v 9.71374425832906e-09 0.0720463751544133 0.150938894951219
v 2.63249220977642e-08 0.072903311113195 0.151904251756424
v 0.0100000144541262 0.0728851540486862 0.15207261997299
v -2.07743968491729e-08 0.0739996267706249 0.152157586392218
f 5 1 6
f 1 2 6
f 2 3 6
f 4 3 2
f 9 5 6
f 2 7 4
f 8 5 9
f 9 10 8
f 8 10 13
f 13 10 11
f 11 12 13
f 14 22 15
f 15 16 14
f 18 16 15
f 17 16 18
f 18 19 17
f 23 22 14
f 19 20 17
f 23 24 21
f 21 22 23
f 25 24 26
f 24 25 21
f 27 25 26
f 27 26 28
f 29 32 31
f 31 30 34
f 30 31 32
f 33 34 30
f 35 34 33
f 38 29 31
f 35 33 36
f 38 37 29
f 37 38 39
f 37 39 40
f 41 40 39
f 41 42 40
f 42 41 43
f 46 44 45
f 44 46 47
f 46 48 47
f 48 52 47
f 49 48 50
f 49 50 51
f 48 49 52
f 55 51 50
f 53 55 54
f 50 54 55
f 45 57 56
f 56 46 45
f 56 57 58
f 56 58 60
f 56 59 61
f 59 56 60
f 61 59 62
f 61 63 65
f 63 61 62
f 65 63 64
f 64 66 65
f 65 66 67
f 67 66 68
f 69 70 72
f 70 69 77
f 74 72 70
f 71 72 74
f 73 77 69
f 71 74 75
f 76 77 73
f 76 73 80
f 76 80 79
f 78 79 80
f 78 81 79
f 81 78 82
f 117 89 87
f 84 83 86
f 84 86 88
f 85 83 84
f 86 87 88
f 89 88 87
f 116 90 91
f 117 90 89
f 116 94 93
f 92 93 94
f 95 114 113
f 95 113 115
f 96 97 114
f 98 99 101
f 112 100 101
f 102 104 100
f 100 112 102
f 102 105 104
f 105 103 104
f 109 103 106
f 105 106 103
f 107 109 108
f 106 108 109
f 110 107 108
f 110 111 107
f 101 99 112
f 96 99 98
f 96 98 97
f 113 114 97
f 115 92 95
f 115 93 92
f 116 91 94
f 117 91 90
f 118 120 119
f 119 120 121
f 124 138 122
f 122 123 124
f 123 122 125
f 125 127 126
f 126 127 136
f 133 131 128
f 129 137 130
f 131 134 129
f 131 132 134
f 131 133 132
f 137 129 134
f 130 135 136
f 130 137 135
f 136 135 126
f 123 125 126
f 124 121 138
f 138 121 120
f 119 139 118
f 139 140 118
f 142 140 139
f 142 141 140
f 141 142 143
f 144 145 143
f 141 143 145
f 152 144 150
f 144 152 145
f 150 146 151
f 146 147 149
f 146 148 151
f 146 149 148
f 150 151 152
f 154 153 178
f 156 153 154
f 155 154 158
f 154 155 156
f 157 158 172
f 172 159 160
f 171 161 160
f 170 161 171
f 170 162 169
f 169 162 163
f 163 164 165
f 164 168 165
f 166 168 164
f 167 168 166
f 165 169 163
f 171 162 170
f 159 171 160
f 157 172 160
f 157 155 158
f 176 183 174
f 180 179 173
f 174 175 176
f 153 177 178
f 179 178 177
f 177 173 179
f 175 180 173
f 175 174 180
f 181 183 176
f 181 182 183
f 183 182 184
f 185 186 216
f 187 210 189
f 189 208 187
f 190 188 189
f 190 191 207
f 207 191 206
f 204 205 192
f 193 194 204
f 194 193 195
f 198 195 196
f 195 193 196
f 197 199 198
f 198 196 197
f 202 199 200
f 197 200 199
f 200 201 202
f 203 201 200
f 205 204 194
f 206 192 205
f 206 191 192
f 190 207 188
f 189 188 208
f 187 209 210
f 211 209 187
f 211 212 209
f 212 213 209
f 214 213 212
f 215 213 214
f 215 214 216
f 215 216 186
f 217 218 225
f 218 219 225
f 218 220 219
f 223 219 220
f 222 221 223
f 220 222 223
f 224 217 225
f 226 217 224
f 227 226 224
f 227 228 226
f 228 227 230
f 229 228 230
f 231 233 232
f 232 233 234
f 234 237 235
f 235 232 234
f 237 236 235
f 236 237 239
f 239 238 236
f 238 239 240
f 233 241 244
f 241 233 231
f 241 242 244
f 244 245 243
f 245 244 242
f 243 245 246
f 249 243 247
f 246 247 243
f 250 249 247
f 251 248 249
f 249 250 251
f 251 252 248
f 248 252 253
f 248 253 254
f 253 255 254
f 257 258 256
f 257 270 258
f 258 263 259
f 259 263 260
f 260 263 261
f 258 259 256
f 261 263 262
f 262 263 265
f 263 264 265
f 265 264 267
f 266 267 264
f 267 266 268
f 269 272 258
f 258 270 269
f 269 271 272
f 273 272 271
f 273 276 272
f 276 273 274
f 276 274 275
f 278 276 275
f 275 279 278
f 279 277 278
f 277 279 280
f 281 277 282
f 280 282 277
f 283 284 350
f 283 349 284
f 365 285 369
f 342 358 339
f 334 287 286
f 286 287 337
f 335 334 288
f 332 335 333
f 333 356 332
f 355 289 290
f 291 330 290
f 292 307 293
f 294 295 307
f 307 292 294
f 295 296 303
f 303 296 297
f 299 303 297
f 298 303 299
f 300 302 303
f 301 303 302
f 326 303 301
f 295 304 296
f 295 294 305
f 295 305 304
f 306 293 307
f 323 306 307
f 303 298 300
f 323 308 306
f 309 308 323
f 310 324 422
f 311 312 405
f 314 405 404
f 313 396 399
f 396 314 398
f 431 315 432
f 313 316 396
f 317 432 318
f 432 317 396
f 317 318 320
f 320 318 319
f 320 319 321
f 321 319 322
f 323 310 325
f 324 310 323
f 323 325 309
f 326 327 303
f 328 329 327
f 327 329 303
f 291 329 328
f 291 328 330
f 330 331 290
f 331 355 290
f 356 289 357
f 356 331 332
f 335 288 333
f 334 335 287
f 336 286 337
f 336 337 340
f 340 338 336
f 339 338 340
f 338 339 358
f 341 342 362
f 285 371 343
f 374 344 375
f 378 374 345
f 346 347 348
f 349 347 284
f 347 384 382
f 352 350 284
f 350 352 351
f 352 353 351
f 357 289 354
f 355 331 357
f 354 289 355
f 356 357 331
f 341 359 342
f 358 342 359
f 360 358 359
f 360 361 358
f 362 342 363
f 366 363 285
f 342 285 363
f 368 392 364
f 365 366 285
f 367 392 368
f 343 369 285
f 285 374 371
f 370 371 374
f 390 392 372
f 390 373 388
f 374 375 370
f 376 388 373
f 388 376 377
f 374 378 344
f 374 347 345
f 388 379 387
f 346 345 347
f 347 381 348
f 347 380 381
f 349 385 383
f 347 382 380
f 349 384 347
f 349 383 384
f 349 388 385
f 388 386 385
f 388 387 386
f 388 389 379
f 388 377 389
f 388 392 390
f 392 391 372
f 392 367 391
f 364 392 393
f 392 358 393
f 358 361 393
f 394 395 396
f 396 395 432
f 316 397 396
f 396 397 394
f 432 315 430
f 398 399 396
f 400 429 401
f 396 405 314
f 401 402 400
f 400 402 403
f 407 404 405
f 428 400 403
f 412 428 406
f 405 312 407
f 405 408 311
f 409 311 408
f 411 409 408
f 412 425 413
f 408 410 411
f 417 412 413
f 408 414 410
f 415 324 416
f 408 418 414
f 416 412 417
f 420 418 408
f 419 324 415
f 421 420 408
f 423 421 408
f 324 423 422
f 422 423 408
f 423 324 424
f 424 324 419
f 324 412 416
f 426 425 412
f 412 427 426
f 412 406 427
f 412 400 428
f 400 432 429
f 432 430 429
f 433 431 432
f 395 433 432
f 436 442 434
f 436 434 437
f 437 435 436
f 435 437 438
f 441 435 438
f 440 438 439
f 440 441 438
f 434 442 444
f 444 442 443
f 444 443 445
f 448 444 445
f 446 448 445
f 446 449 448
f 450 448 447
f 448 449 447
f 450 451 455
f 455 448 450
f 451 453 455
f 452 455 453
f 456 452 454
f 452 456 455
f 454 457 456
f 456 457 458
f 459 460 461
f 461 462 482
f 461 460 462
f 477 463 489
f 473 472 488
f 488 465 464
f 466 479 464
f 466 465 486
f 466 484 479
f 469 485 467
f 468 469 470
f 471 488 464
f 487 488 472
f 472 473 475
f 473 488 471
f 473 474 475
f 489 476 477
f 491 477 476
f 491 476 480
f 478 480 481
f 481 483 482
f 468 479 484
f 480 483 481
f 461 482 483
f 469 468 484
f 484 466 485
f 464 465 466
f 469 484 485
f 485 466 486
f 486 465 487
f 487 465 488
f 474 473 471
f 490 475 474
f 490 474 489
f 463 490 489
f 491 480 478
f 532 492 531
f 513 515 493
f 512 494 495
f 545 547 510
f 546 497 547
f 496 497 546
f 496 498 497
f 507 498 496
f 542 544 505
f 539 542 505
f 538 504 533
f 525 500 527
f 499 500 503
f 499 527 500
f 501 524 520
f 501 520 521
f 520 523 502
f 532 531 502
f 503 522 499
f 538 537 504
f 505 506 539
f 507 544 543
f 545 510 508
f 511 508 509
f 509 508 510
f 511 509 512
f 512 495 513
f 495 515 513
f 514 493 516
f 515 516 493
f 514 516 548
f 549 519 517
f 518 555 554
f 553 519 549
f 521 529 522
f 529 521 520
f 521 522 503
f 499 528 527
f 502 529 520
f 523 520 524
f 525 526 504
f 534 527 535
f 526 525 527
f 527 528 535
f 522 528 499
f 522 536 528
f 529 530 522
f 522 530 536
f 502 531 529
f 529 531 530
f 523 532 502
f 526 533 504
f 533 526 534
f 526 527 534
f 535 528 536
f 506 537 538
f 506 538 541
f 533 541 538
f 539 506 540
f 537 506 505
f 540 506 541
f 542 543 544
f 507 543 498
f 545 546 547
f 509 494 512
f 517 514 548
f 548 549 517
f 550 519 553
f 550 551 552
f 551 550 553
f 551 554 552
f 554 555 552
f 556 559 557
f 558 556 560
f 559 556 558
f 558 560 561
f 561 560 562
f 561 562 564
f 557 559 566
f 563 564 562
f 564 563 565
f 557 566 567
f 557 567 571
f 567 568 571
f 569 571 568
f 571 569 570
f 571 570 574
f 570 572 574
f 574 572 573
f 575 574 573
f 575 577 576
f 576 574 575
f 576 577 578
f 576 578 580
f 581 576 579
f 580 579 576
f 581 579 582
f 616 603 583
f 584 587 585
f 585 586 584
f 589 585 587
f 590 589 587
f 588 589 590
f 591 588 590
f 588 591 592
f 586 594 584
f 586 595 593
f 593 594 586
f 596 597 595
f 593 595 597
f 599 596 598
f 596 599 597
f 598 600 599
f 600 598 601
f 602 601 604
f 598 604 601
f 602 583 603
f 583 602 604
f 614 605 606
f 609 608 607
f 614 608 609
f 613 612 610
f 613 610 611
f 607 612 613
f 609 607 613
f 608 614 615
f 614 606 615
f 616 605 603
f 616 606 605
f 641 626 617
f 645 618 644
f 618 645 646
f 624 619 620
f 619 646 620
f 624 620 623
f 621 623 622
f 623 621 624
f 643 621 622
f 625 643 642
f 625 642 617
f 641 629 626
f 627 628 629
f 630 635 636
f 635 634 636
f 631 632 633
f 631 634 632
f 632 634 635
f 637 630 636
f 637 640 630
f 637 638 640
f 628 639 638
f 640 638 639
f 627 639 628
f 641 627 629
f 625 617 626
f 622 642 643
f 644 649 645
f 646 619 618
f 647 649 648
f 644 648 649
f 650 651 647
f 647 648 650
f 652 653 654
f 654 653 660
f 673 672 655
f 668 656 657
f 658 678 671
f 655 665 673
f 680 652 654
f 659 673 665
f 682 660 653
f 683 661 662
f 662 684 685
f 659 665 663
f 664 663 665
f 687 674 666
f 667 669 681
f 668 669 670
f 658 671 677
f 675 672 673
f 685 674 687
f 677 675 676
f 675 677 672
f 676 658 677
f 671 678 679
f 656 679 657
f 679 678 657
f 670 656 668
f 667 670 669
f 680 667 681
f 680 681 652
f 653 661 682
f 661 683 682
f 683 662 685
f 684 674 685
f 666 686 687
f 721 719 707
f 688 700 689
f 690 689 699
f 693 688 691
f 688 693 700
f 694 692 693
f 693 691 694
f 698 695 694
f 692 694 695
f 696 697 695
f 695 698 696
f 699 689 700
f 699 701 690
f 701 703 690
f 704 703 701
f 702 703 704
f 706 702 705
f 704 705 702
f 706 707 719
f 707 706 705
f 715 718 713
f 713 714 715
f 708 709 712
f 710 709 708
f 710 708 711
f 712 709 714
f 713 712 714
f 716 718 715
f 716 717 718
f 716 720 717
f 721 720 719
f 717 720 721
f 722 740 724
f 723 782 751
f 740 725 724
f 724 725 726
f 725 728 726
f 728 727 726
f 727 730 729
f 730 727 728
f 729 734 731
f 734 729 730
f 731 733 732
f 733 731 734
f 732 733 737
f 737 733 735
f 736 737 735
f 738 736 735
f 740 741 739
f 741 740 722
f 739 741 742
f 742 741 743
f 742 743 745
f 745 743 744
f 745 744 747
f 747 744 748
f 746 747 748
f 746 749 747
f 749 746 750
f 751 749 750
f 751 750 723
f 752 753 754
f 781 752 754
f 753 755 780
f 753 752 755
f 778 780 779
f 776 772 774
f 773 756 757
f 758 769 759
f 759 760 758
f 761 762 763
f 763 760 761
f 762 764 763
f 762 767 764
f 767 765 764
f 766 768 767
f 765 767 768
f 759 761 760
f 759 769 770
f 769 771 770
f 771 756 770
f 757 756 771
f 773 774 772
f 773 757 774
f 776 775 772
f 778 775 776
f 777 775 778
f 777 778 779
f 780 755 779
f 781 754 782
f 723 781 782
f 789 783 784
f 787 785 788
f 788 786 787
f 788 789 786
f 789 788 783
f 790 793 791
f 790 792 793
f 794 795 796
f 794 797 795
f 817 1053 1054
f 798 986 799
f 800 801 802
f 1059 1060 1058
f 803 1046 804
f 805 806 807
f 808 1060 806
f 1070 809 810
f 811 812 813
f 811 1065 1064
f 814 815 1059
f 816 821 1064
f 1055 817 1057
f 1057 802 1056
f 1054 818 820
f 815 819 800
f 1051 820 1052
f 1063 1062 807
f 1049 1048 1039
f 1050 1049 1051
f 1063 821 1061
f 945 1066 812
f 1037 948 822
f 822 948 947
f 1069 1068 946
f 1030 1036 823
f 1069 809 1067
f 810 825 824
f 1071 825 828
f 1034 826 1035
f 827 1073 828
f 829 830 826
f 1072 827 832
f 1129 862 861
f 1074 831 832
f 1026 836 833
f 834 1075 1074
f 834 835 1077
f 940 1080 1079
f 1025 836 837
f 1081 1084 840
f 1023 838 839
f 1088 1089 1085
f 840 1086 1085
f 1012 930 933
f 1015 841 1013
f 927 842 1008
f 843 928 844
f 924 1006 845
f 846 929 1096
f 1100 918 1101
f 847 923 848
f 1104 1105 1102
f 1002 849 850
f 851 1109 1111
f 915 1000 1001
f 1112 1110 1113
f 997 996 852
f 991 990 989
f 992 910 853
f 905 854 855
f 1117 856 906
f 857 902 858
f 859 1118 1119
f 1124 1123 1122
f 860 865 862
f 861 862 864
f 863 864 865
f 893 979 980
f 863 886 891
f 950 949 886
f 952 866 956
f 973 881 867
f 877 969 868
f 957 955 954
f 966 963 965
f 869 875 870
f 868 967 871
f 869 872 875
f 969 873 874
f 967 875 872
f 876 874 878
f 963 962 964
f 959 958 955
f 871 877 868
f 878 971 876
f 961 960 958
f 973 876 971
f 952 882 879
f 974 880 881
f 882 953 949
f 880 975 883
f 887 883 884
f 950 886 885
f 885 886 863
f 887 884 888
f 887 888 889
f 889 890 978
f 863 891 864
f 978 890 979
f 862 865 864
f 892 981 893
f 941 894 895
f 1128 1127 942
f 982 896 984
f 1122 897 1124
f 898 1123 900
f 984 857 858
f 1120 1119 1121
f 899 1121 900
f 905 855 859
f 901 902 799
f 987 903 904
f 903 985 798
f 904 989 988
f 856 854 905
f 907 908 906
f 907 1115 908
f 992 909 991
f 1115 907 1112
f 994 996 995
f 993 910 994
f 911 1113 1110
f 999 912 852
f 1106 913 851
f 998 999 1001
f 914 915 916
f 1107 913 1106
f 1002 917 916
f 918 1102 1101
f 919 847 1003
f 1004 849 919
f 1097 1099 1098
f 1097 920 921
f 922 921 920
f 923 845 1005
f 924 925 1007
f 1096 922 920
f 926 925 927
f 928 843 1094
f 928 1094 929
f 1010 931 930
f 842 931 1009
f 844 1092 932
f 1011 933 1013
f 934 1092 1091
f 934 1091 1090
f 1016 1014 1015
f 1019 935 1018
f 1018 1017 1016
f 1020 1019 936
f 1084 1086 840
f 838 1021 936
f 1080 1082 937
f 1082 1081 937
f 938 1024 1025
f 1022 839 1024
f 939 1076 835
f 940 1078 939
f 941 982 894
f 942 861 1128
f 829 1027 943
f 1026 833 1027
f 944 945 946
f 947 948 1044
f 949 950 951
f 949 951 882
f 952 953 882
f 952 879 866
f 956 866 954
f 955 956 954
f 955 957 959
f 958 959 961
f 960 961 962
f 963 960 962
f 963 964 965
f 966 965 870
f 875 966 870
f 967 872 968
f 967 968 871
f 969 877 970
f 969 970 873
f 874 873 878
f 973 971 972
f 973 972 881
f 880 867 881
f 880 974 975
f 883 975 976
f 883 976 884
f 889 888 977
f 889 977 890
f 893 978 979
f 893 980 892
f 981 892 895
f 894 981 895
f 982 941 983
f 982 983 896
f 984 896 857
f 901 858 902
f 986 901 799
f 985 986 798
f 987 985 903
f 988 987 904
f 990 988 989
f 909 990 991
f 853 909 992
f 993 853 910
f 995 993 994
f 997 995 996
f 912 997 852
f 998 912 999
f 1000 998 1001
f 914 1000 915
f 917 914 916
f 850 917 1002
f 1004 850 849
f 1003 1004 919
f 848 1003 847
f 1005 848 923
f 1006 1005 845
f 1007 1006 924
f 926 1007 925
f 1008 926 927
f 1009 1008 842
f 1010 1009 931
f 1012 1010 930
f 1011 1012 933
f 841 1011 1013
f 1014 841 1015
f 1017 1014 1016
f 935 1017 1018
f 1020 935 1019
f 1021 1020 936
f 1023 1021 838
f 1022 1023 839
f 938 1022 1024
f 837 938 1025
f 1026 837 836
f 1027 833 943
f 829 943 830
f 826 830 1035
f 1033 1028 823
f 1029 1030 823
f 1037 1038 1029
f 1038 1030 1029
f 1035 1031 1032
f 1035 1033 1034
f 1032 1033 1035
f 1034 1033 1036
f 823 1036 1033
f 1037 822 1038
f 1039 1047 1040
f 1040 1045 803
f 1041 804 1042
f 1044 1041 1043
f 1043 947 1044
f 1042 1043 1041
f 1046 1042 804
f 1045 1046 803
f 1047 1045 1040
f 1048 1047 1039
f 1050 1048 1049
f 1052 1050 1051
f 818 1052 820
f 1053 818 1054
f 1055 1053 817
f 1056 1055 1057
f 801 1056 802
f 819 801 800
f 814 819 815
f 1058 814 1059
f 808 1058 1060
f 805 808 806
f 1062 805 807
f 1061 1062 1063
f 816 1061 821
f 1065 816 1064
f 813 1065 811
f 1066 813 812
f 944 1066 945
f 1068 944 946
f 1067 1068 1069
f 1070 1067 809
f 824 1070 810
f 1071 824 825
f 1073 1071 828
f 1072 1073 827
f 831 1072 832
f 1075 831 1074
f 1077 1075 834
f 1076 1077 835
f 1078 1076 939
f 1079 1078 940
f 937 1079 1080
f 1081 1082 1083
f 1081 1083 1084
f 1085 1086 1087
f 1085 1087 1088
f 1089 1088 1090
f 1091 1089 1090
f 1092 934 1093
f 1092 1093 932
f 844 932 843
f 929 1094 1095
f 929 1095 1096
f 920 846 1096
f 1097 921 1099
f 1098 1099 1100
f 1101 1098 1100
f 1102 918 1103
f 1102 1103 1104
f 1105 1104 1107
f 1106 1105 1107
f 851 913 1108
f 851 1108 1109
f 1111 1109 911
f 1110 1111 911
f 1112 1113 1114
f 1112 1114 1115
f 906 908 1116
f 906 1116 1117
f 856 1117 854
f 859 855 1118
f 859 1119 1120
f 1123 899 900
f 899 1120 1121
f 1122 1123 898
f 897 1126 1124
f 1125 1127 1126
f 897 1125 1126
f 1126 1127 1128
f 861 942 1129
f 1130 1131 1132
f 1131 1130 1133
f 1134 1135 1136
f 1134 1136 1137
f 1138 1140 1139
f 1140 1138 1141
f 1140 1141 1142
f 1142 1141 1144
f 1142 1144 1143
f 1144 1146 1143
f 1143 1146 1145
f 1146 1151 1145
f 1151 1147 1150
f 1147 1149 1150
f 1147 1148 1149
f 1150 1145 1151
f 1152 1149 1148
f 1156 1152 1148
f 1152 1156 1153
f 1155 1159 1154
f 1153 1155 1154
f 1153 1156 1155
f 1157 1158 1160
f 1158 1159 1160
f 1154 1159 1158
f 1160 1162 1157
f 1162 1161 1157
f 1163 1161 1162
f 1161 1163 1164
f 1165 1164 1163
f 1168 1164 1165
f 1166 1168 1165
f 1166 1167 1168
f 1139 1169 1138
f 1171 1169 1139
f 1169 1171 1170
f 1171 1172 1170
f 1172 1174 1170
f 1173 1174 1172
f 1173 1175 1174
f 1175 1173 1176
f 1177 1175 1176
f 1176 1178 1177
f 1177 1178 1179
f 1180 1179 1178
f 1180 1181 1179
f 1181 1180 1182
f 1183 1181 1182
f 1182 1184 1183
f 1183 1184 1185
f 1188 1185 1184
f 1188 1187 1185
f 1188 1189 1186
f 1186 1187 1188
f 1192 1190 1189
f 1186 1189 1190
f 1191 1192 1195
f 1192 1191 1190
f 1195 1193 1194
f 1194 1191 1195
f 1196 1197 1198
f 1204 1199 1200
f 1201 1205 1202
f 1202 1205 1200
f 1203 1204 1205
f 1205 1204 1200
f 1206 1555 1600
f 1272 1579 1590
f 1207 1208 1534
f 1209 1588 1564
f 1277 1419 1456
f 1560 1246 1526
f 1531 1210 1269
f 1651 1638 1642
f 1211 1752 1735
f 1212 1689 1679
f 1272 1602 1270
f 1493 1491 1213
f 1214 1571 1551
f 1572 1550 1216
f 1215 1613 1598
f 1216 1598 1594
f 1550 1551 1216
f 1508 1217 1218
f 1219 1588 1275
f 1585 1276 1584
f 1257 1237 1220
f 1221 1347 1222
f 1223 1350 1224
f 1223 1224 1296
f 1289 1288 1225
f 1226 1290 1228
f 1285 1227 1228
f 1288 1326 1296
f 1296 1224 1229
f 1349 1229 1224
f 1349 1231 1295
f 1230 1350 1358
f 1349 1230 1231
f 1232 1233 1348
f 1342 1235 1367
f 1234 1257 1256
f 1367 1235 1236
f 1236 1257 1367
f 1234 1237 1257
f 1238 1239 1311
f 1240 1311 1293
f 1344 1241 1322
f 1258 1312 1259
f 1220 1242 1257
f 1306 1311 1240
f 1405 1408 1406
f 1488 1243 1480
f 1274 1588 1209
f 1244 1587 1602
f 1581 1518 1582
f 1245 1526 1246
f 1723 1740 1718
f 1711 1719 1718
f 1785 1247 1774
f 1711 1247 1709
f 1797 1248 1247
f 1814 1249 1255
f 1250 1822 1252
f 1822 1251 1252
f 1251 1825 1253
f 1254 1255 1790
f 1738 1773 1792
f 1256 1257 1236
f 1289 1281 1299
f 1329 1258 1259
f 1321 1259 1306
f 1260 1338 1325
f 1344 1242 1345
f 1346 1340 1315
f 1347 1221 1343
f 1326 1261 1223
f 1222 1347 1315
f 1341 1262 1328
f 1225 1288 1296
f 1313 1290 1225
f 1226 1289 1225
f 1281 1284 1299
f 1309 1263 1305
f 1284 1283 1266
f 1301 1294 1265
f 1266 1305 1264
f 1294 1293 1265
f 1266 1287 1305
f 1588 1219 1273
f 1267 1517 1516
f 1268 1570 1508
f 1267 1269 1517
f 1268 1517 1269
f 1270 1602 1271
f 1272 1590 1602
f 1602 1273 1244
f 1274 1275 1588
f 1560 1555 1561
f 1585 1208 1276
f 1277 1456 1450
f 1473 1490 1278
f 1278 1490 1499
f 1530 1213 1279
f 1548 1508 1280
f 1290 1285 1228
f 1226 1225 1290
f 1289 1226 1281
f 1282 1305 1263
f 1281 1283 1284
f 1284 1266 1264
f 1285 1290 1286
f 1264 1308 1298
f 1294 1310 1305
f 1287 1294 1305
f 1240 1294 1287
f 1288 1289 1292
f 1313 1286 1290
f 1298 1308 1291
f 1289 1299 1292
f 1304 1299 1284
f 1284 1264 1304
f 1311 1239 1302
f 1293 1294 1240
f 1286 1313 1295
f 1225 1296 1313
f 1297 1303 1298
f 1292 1299 1304
f 1298 1304 1264
f 1300 1294 1301
f 1302 1293 1311
f 1303 1304 1298
f 1305 1282 1264
f 1311 1306 1259
f 1323 1321 1306
f 1317 1304 1319
f 1292 1326 1288
f 1307 1314 1304
f 1304 1326 1292
f 1307 1304 1303
f 1282 1308 1264
f 1310 1309 1305
f 1300 1310 1294
f 1311 1259 1312
f 1241 1329 1259
f 1229 1313 1296
f 1326 1304 1316
f 1304 1314 1318
f 1298 1291 1297
f 1295 1313 1229
f 1341 1327 1315
f 1341 1316 1304
f 1262 1341 1317
f 1341 1304 1317
f 1318 1319 1304
f 1312 1238 1311
f 1330 1241 1320
f 1320 1241 1331
f 1259 1321 1241
f 1321 1322 1241
f 1323 1322 1321
f 1324 1322 1323
f 1323 1337 1324
f 1325 1338 1333
f 1339 1325 1333
f 1296 1326 1223
f 1327 1341 1328
f 1329 1241 1330
f 1331 1241 1336
f 1332 1241 1345
f 1338 1337 1333
f 1348 1295 1231
f 1295 1229 1349
f 1359 1261 1334
f 1326 1316 1261
f 1335 1336 1241
f 1241 1332 1335
f 1337 1338 1324
f 1363 1325 1339
f 1352 1364 1339
f 1349 1224 1350
f 1340 1378 1334
f 1340 1334 1341
f 1316 1341 1334
f 1341 1315 1340
f 1342 1347 1343
f 1342 1367 1347
f 1344 1257 1242
f 1345 1241 1344
f 1339 1364 1363
f 1359 1375 1366
f 1350 1223 1261
f 1346 1378 1340
f 1334 1261 1316
f 1346 1347 1351
f 1347 1346 1315
f 1368 1344 1322
f 1260 1324 1338
f 1352 1382 1384
f 1384 1364 1352
f 1231 1230 1348
f 1350 1230 1349
f 1350 1261 1366
f 1334 1378 1375
f 1347 1367 1351
f 1382 1352 1353
f 1373 1353 1352
f 1354 1348 1230
f 1232 1348 1354
f 1357 1365 1230
f 1355 1356 1385
f 1357 1230 1358
f 1355 1366 1375
f 1358 1350 1366
f 1261 1359 1366
f 1359 1334 1375
f 1360 1346 1361
f 1257 1369 1367
f 1257 1344 1369
f 1324 1260 1362
f 1362 1368 1322
f 1322 1324 1362
f 1325 1389 1370
f 1325 1370 1260
f 1325 1363 1389
f 1389 1363 1364
f 1354 1230 1365
f 1385 1358 1366
f 1391 1355 1376
f 1378 1360 1379
f 1375 1378 1376
f 1377 1361 1401
f 1361 1351 1367
f 1367 1369 1361
f 1368 1369 1344
f 1380 1370 1371
f 1372 1389 1364
f 1364 1384 1372
f 1373 1374 1353
f 1373 1396 1374
f 1390 1396 1373
f 1357 1358 1385
f 1356 1355 1386
f 1355 1375 1376
f 1391 1379 1410
f 1360 1377 1399
f 1376 1378 1379
f 1360 1378 1346
f 1361 1346 1351
f 1401 1361 1369
f 1260 1380 1362
f 1370 1380 1260
f 1384 1381 1383
f 1381 1382 1353
f 1372 1384 1383
f 1384 1382 1381
f 1385 1366 1355
f 1392 1386 1355
f 1355 1391 1392
f 1379 1391 1376
f 1377 1398 1415
f 1400 1398 1401
f 1377 1360 1361
f 1402 1400 1401
f 1368 1402 1369
f 1380 1371 1440
f 1388 1443 1387
f 1388 1372 1383
f 1372 1388 1389
f 1381 1353 1374
f 1374 1396 1395
f 1396 1390 1405
f 1391 1393 1392
f 1393 1410 1397
f 1391 1410 1393
f 1399 1410 1379
f 1360 1399 1379
f 1402 1401 1369
f 1403 1402 1368
f 1414 1368 1362
f 1414 1403 1368
f 1380 1414 1362
f 1394 1370 1389
f 1389 1388 1394
f 1394 1371 1370
f 1381 1374 1395
f 1395 1396 1404
f 1404 1396 1405
f 1410 1409 1397
f 1429 1415 1398
f 1377 1415 1399
f 1400 1411 1429
f 1377 1401 1398
f 1412 1402 1403
f 1381 1395 1432
f 1432 1383 1381
f 1434 1395 1404
f 1404 1405 1406
f 1407 1408 1405
f 1405 1390 1407
f 1409 1410 1399
f 1399 1415 1409
f 1411 1402 1412
f 1400 1402 1411
f 1413 1412 1403
f 1426 1414 1380
f 1414 1413 1403
f 1394 1387 1371
f 1426 1380 1440
f 1440 1371 1387
f 1387 1394 1388
f 1383 1432 1447
f 1417 1388 1383
f 1395 1434 1435
f 1435 1432 1395
f 1421 1409 1415
f 1421 1415 1429
f 1398 1400 1429
f 1454 1433 1416
f 1447 1417 1383
f 1443 1388 1417
f 1418 1427 1406
f 1428 1407 1419
f 1428 1408 1407
f 1429 1420 1421
f 1439 1422 1423
f 1439 1412 1424
f 1411 1412 1439
f 1412 1413 1424
f 1424 1414 1425
f 1425 1414 1426
f 1413 1414 1424
f 1425 1426 1440
f 1462 1417 1447
f 1408 1418 1406
f 1427 1434 1404
f 1427 1404 1406
f 1408 1428 1436
f 1428 1419 1277
f 1429 1430 1420
f 1429 1431 1430
f 1431 1429 1444
f 1411 1444 1429
f 1439 1444 1411
f 1462 1443 1417
f 1432 1433 1447
f 1433 1432 1416
f 1434 1448 1416
f 1416 1432 1435
f 1434 1427 1448
f 1416 1435 1434
f 1436 1428 1277
f 1408 1436 1418
f 1444 1438 1431
f 1444 1437 1438
f 1439 1423 1444
f 1424 1425 1422
f 1439 1424 1422
f 1442 1440 1387
f 1425 1440 1441
f 1441 1440 1442
f 1442 1387 1443
f 1427 1465 1448
f 1427 1418 1465
f 1436 1277 1449
f 1419 1458 1456
f 1444 1423 1437
f 1425 1441 1445
f 1425 1445 1422
f 1446 1462 1447
f 1452 1443 1462
f 1446 1447 1433
f 1453 1416 1448
f 1449 1418 1436
f 1449 1277 1450
f 1422 1460 1451
f 1451 1423 1422
f 1470 1441 1452
f 1442 1452 1441
f 1443 1452 1442
f 1416 1453 1454
f 1448 1465 1455
f 1456 1467 1457
f 1450 1456 1457
f 1467 1456 1458
f 1458 1468 1467
f 1437 1423 1451
f 1470 1459 1463
f 1460 1422 1445
f 1441 1470 1445
f 1496 1461 1475
f 1452 1462 1461
f 1462 1446 1461
f 1448 1455 1453
f 1466 1418 1449
f 1457 1467 1480
f 1480 1467 1489
f 1468 1469 1489
f 1463 1460 1445
f 1463 1445 1470
f 1452 1474 1464
f 1452 1464 1470
f 1452 1461 1474
f 1454 1446 1433
f 1418 1466 1497
f 1465 1418 1497
f 1449 1450 1466
f 1489 1467 1468
f 1471 1469 1472
f 1459 1470 1464
f 1446 1454 1475
f 1446 1475 1461
f 1487 1453 1455
f 1482 1471 1472
f 1482 1472 1473
f 1477 1464 1474
f 1454 1486 1475
f 1487 1454 1453
f 1465 1501 1455
f 1501 1465 1497
f 1511 1466 1450
f 1457 1553 1450
f 1482 1476 1471
f 1278 1482 1473
f 1477 1459 1464
f 1477 1474 1496
f 1496 1474 1461
f 1478 1487 1501
f 1454 1487 1486
f 1501 1487 1455
f 1479 1457 1532
f 1532 1480 1243
f 1532 1457 1480
f 1502 1488 1489
f 1476 1469 1471
f 1476 1502 1469
f 1481 1476 1482
f 1528 1506 1514
f 1514 1515 1483
f 1484 1477 1496
f 1475 1485 1496
f 1485 1475 1486
f 1486 1492 1485
f 1492 1486 1487
f 1466 1525 1497
f 1479 1553 1457
f 1488 1480 1489
f 1502 1489 1469
f 1278 1507 1482
f 1490 1491 1493
f 1492 1487 1478
f 1522 1524 1501
f 1522 1501 1497
f 1466 1511 1525
f 1553 1511 1450
f 1482 1512 1481
f 1537 1278 1499
f 1278 1537 1507
f 1506 1499 1490
f 1490 1493 1506
f 1495 1484 1496
f 1496 1494 1495
f 1485 1494 1496
f 1494 1485 1509
f 1509 1485 1492
f 1497 1525 1522
f 1502 1476 1208
f 1276 1208 1476
f 1506 1498 1527
f 1498 1506 1529
f 1499 1506 1537
f 1493 1515 1506
f 1493 1213 1515
f 1508 1491 1516
f 1491 1267 1516
f 1492 1500 1509
f 1500 1492 1478
f 1500 1478 1524
f 1501 1524 1478
f 1243 1488 1543
f 1207 1488 1502
f 1503 1276 1481
f 1512 1503 1481
f 1276 1476 1481
f 1482 1507 1512
f 1504 1537 1505
f 1537 1506 1527
f 1512 1507 1537
f 1547 1279 1213
f 1213 1508 1548
f 1213 1491 1508
f 1494 1509 1510
f 1522 1525 1523
f 1558 1525 1511
f 1511 1553 1558
f 1543 1532 1243
f 1208 1207 1502
f 1560 1503 1512
f 1536 1537 1513
f 1514 1506 1515
f 1569 1540 1508
f 1268 1508 1516
f 1268 1516 1517
f 1518 1268 1269
f 1519 1510 1509
f 1500 1519 1509
f 1519 1500 1520
f 1524 1521 1520
f 1520 1500 1524
f 1521 1522 1523
f 1521 1524 1522
f 1525 1558 1523
f 1611 1584 1526
f 1537 1546 1512
f 1546 1560 1512
f 1537 1536 1546
f 1537 1527 1505
f 1528 1529 1506
f 1515 1213 1530
f 1531 1541 1210
f 1269 1210 1518
f 1531 1542 1541
f 1553 1620 1558
f 1553 1479 1610
f 1610 1479 1532
f 1488 1207 1533
f 1208 1585 1534
f 1276 1503 1584
f 1557 1546 1545
f 1503 1560 1526
f 1535 1546 1536
f 1513 1537 1538
f 1537 1504 1538
f 1530 1483 1515
f 1549 1508 1218
f 1539 1540 1569
f 1541 1542 1571
f 1518 1210 1582
f 1551 1571 1542
f 1523 1608 1576
f 1576 1521 1523
f 1608 1523 1558
f 1488 1533 1543
f 1207 1534 1577
f 1546 1535 1544
f 1545 1546 1544
f 1547 1213 1548
f 1549 1280 1508
f 1580 1570 1268
f 1582 1210 1541
f 1518 1580 1268
f 1582 1541 1571
f 1550 1214 1551
f 1552 1519 1520
f 1519 1552 1574
f 1552 1520 1521
f 1552 1521 1576
f 1610 1620 1553
f 1543 1554 1532
f 1610 1532 1554
f 1207 1577 1533
f 1526 1584 1503
f 1559 1563 1556
f 1555 1546 1563
f 1556 1546 1557
f 1555 1560 1546
f 1556 1563 1546
f 1540 1217 1508
f 1569 1565 1539
f 1570 1569 1508
f 1568 1566 1569
f 1581 1580 1518
f 1571 1592 1582
f 1596 1214 1550
f 1608 1558 1620
f 1559 1562 1563
f 1246 1560 1561
f 1562 1564 1563
f 1564 1588 1563
f 1567 1565 1569
f 1569 1566 1567
f 1589 1568 1569
f 1570 1603 1569
f 1583 1592 1571
f 1596 1583 1214
f 1572 1596 1550
f 1583 1571 1214
f 1216 1594 1572
f 1552 1573 1574
f 1576 1617 1552
f 1608 1575 1576
f 1534 1578 1577
f 1578 1534 1585
f 1273 1219 1586
f 1589 1590 1579
f 1603 1570 1580
f 1581 1605 1580
f 1581 1582 1592
f 1605 1603 1580
f 1591 1581 1592
f 1606 1593 1596
f 1593 1583 1596
f 1598 1597 1594
f 1584 1611 1585
f 1586 1244 1273
f 1600 1555 1563
f 1587 1271 1602
f 1600 1563 1588
f 1569 1590 1589
f 1603 1624 1569
f 1569 1624 1590
f 1605 1581 1591
f 1592 1583 1591
f 1593 1627 1583
f 1572 1594 1595
f 1596 1572 1606
f 1572 1595 1606
f 1594 1597 1595
f 1613 1597 1598
f 1617 1576 1575
f 1575 1608 1599
f 1611 1526 1245
f 1206 1561 1555
f 1601 1588 1273
f 1600 1588 1601
f 1590 1615 1602
f 1603 1625 1624
f 1604 1605 1591
f 1606 1628 1593
f 1552 1607 1573
f 1617 1607 1552
f 1599 1608 1609
f 1660 1620 1610
f 1585 1611 1578
f 1245 1246 1639
f 1561 1639 1246
f 1630 1602 1615
f 1631 1590 1624
f 1601 1273 1630
f 1273 1602 1630
f 1625 1603 1605
f 1625 1605 1604
f 1626 1583 1627
f 1626 1591 1583
f 1627 1593 1628
f 1606 1595 1612
f 1628 1606 1612
f 1612 1595 1616
f 1613 1616 1597
f 1620 1619 1608
f 1533 1661 1543
f 1554 1543 1661
f 1639 1561 1206
f 1614 1611 1245
f 1631 1615 1590
f 1624 1623 1631
f 1630 1615 1637
f 1615 1631 1637
f 1604 1591 1626
f 1632 1625 1604
f 1616 1644 1612
f 1595 1597 1616
f 1607 1617 1618
f 1609 1608 1619
f 1619 1620 1660
f 1621 1610 1554
f 1610 1621 1660
f 1636 1206 1600
f 1622 1623 1625
f 1623 1624 1625
f 1633 1604 1626
f 1627 1628 1634
f 1644 1634 1612
f 1577 1664 1533
f 1578 1666 1577
f 1661 1533 1664
f 1577 1666 1664
f 1666 1578 1611
f 1601 1636 1600
f 1629 1601 1630
f 1631 1623 1638
f 1622 1625 1632
f 1623 1622 1638
f 1632 1604 1633
f 1633 1626 1643
f 1626 1627 1643
f 1643 1627 1634
f 1628 1612 1634
f 1618 1617 1635
f 1599 1700 1575
f 1554 1661 1621
f 1611 1614 1666
f 1206 1670 1639
f 1629 1636 1601
f 1629 1630 1640
f 1670 1206 1636
f 1640 1630 1637
f 1637 1631 1641
f 1631 1638 1641
f 1648 1622 1632
f 1633 1647 1648
f 1648 1632 1633
f 1664 1662 1661
f 1614 1245 1667
f 1639 1667 1245
f 1640 1637 1655
f 1655 1637 1641
f 1642 1638 1622
f 1647 1633 1649
f 1649 1643 1653
f 1633 1643 1649
f 1634 1653 1643
f 1634 1644 1645
f 1635 1617 1646
f 1575 1700 1617
f 1614 1667 1666
f 1639 1668 1667
f 1629 1654 1636
f 1639 1670 1668
f 1654 1670 1636
f 1647 1650 1648
f 1642 1622 1648
f 1647 1649 1653
f 1653 1634 1645
f 1663 1662 1664
f 1656 1641 1638
f 1650 1642 1648
f 1656 1638 1651
f 1642 1650 1651
f 1671 1672 1647
f 1672 1650 1647
f 1653 1652 1647
f 1653 1645 1652
f 1678 1654 1629
f 1680 1640 1655
f 1629 1640 1678
f 1676 1655 1641
f 1656 1651 1657
f 1680 1655 1676
f 1693 1681 1658
f 1656 1676 1641
f 1657 1651 1650
f 1671 1647 1652
f 1645 1683 1652
f 1646 1700 1659
f 1646 1617 1700
f 1660 1717 1703
f 1703 1619 1660
f 1717 1621 1706
f 1706 1621 1661
f 1621 1717 1660
f 1708 1661 1662
f 1661 1708 1706
f 1666 1665 1664
f 1662 1663 1708
f 1663 1664 1665
f 1667 1687 1686
f 1667 1669 1687
f 1666 1686 1665
f 1669 1670 1695
f 1667 1686 1666
f 1667 1668 1669
f 1669 1668 1670
f 1654 1695 1670
f 1650 1679 1657
f 1619 1703 1674
f 1674 1609 1619
f 1678 1640 1680
f 1656 1657 1688
f 1650 1672 1679
f 1671 1681 1672
f 1682 1683 1673
f 1671 1652 1682
f 1609 1674 1599
f 1695 1654 1675
f 1675 1654 1678
f 1676 1656 1691
f 1680 1676 1691
f 1688 1691 1656
f 1693 1212 1681
f 1212 1679 1672
f 1679 1688 1657
f 1681 1671 1682
f 1658 1681 1682
f 1652 1683 1682
f 1700 1694 1659
f 1677 1687 1669
f 1678 1680 1705
f 1669 1695 1704
f 1675 1678 1705
f 1679 1689 1688
f 1705 1680 1691
f 1212 1672 1681
f 1690 1682 1673
f 1673 1683 1684
f 1674 1724 1599
f 1599 1724 1700
f 1686 1685 1665
f 1663 1665 1685
f 1687 1677 1719
f 1709 1685 1711
f 1686 1719 1685
f 1687 1719 1686
f 1677 1669 1704
f 1688 1696 1691
f 1689 1696 1688
f 1658 1726 1697
f 1658 1682 1690
f 1673 1699 1690
f 1684 1699 1673
f 1705 1691 1696
f 1212 1713 1692
f 1689 1212 1692
f 1693 1658 1713
f 1693 1713 1212
f 1658 1690 1726
f 1684 1715 1699
f 1694 1700 1701
f 1709 1663 1685
f 1705 1725 1675
f 1725 1695 1675
f 1705 1721 1725
f 1689 1692 1729
f 1729 1696 1689
f 1697 1713 1658
f 1698 1699 1715
f 1699 1698 1726
f 1700 1724 1701
f 1701 1724 1702
f 1674 1703 1772
f 1760 1768 1717
f 1723 1677 1704
f 1723 1704 1695
f 1725 1747 1695
f 1696 1721 1705
f 1713 1732 1744
f 1697 1732 1713
f 1697 1726 1732
f 1690 1699 1726
f 1717 1706 1707
f 1707 1706 1708
f 1710 1708 1663
f 1708 1710 1707
f 1663 1709 1710
f 1719 1711 1685
f 1721 1696 1729
f 1713 1744 1712
f 1729 1692 1712
f 1692 1713 1712
f 1726 1714 1732
f 1734 1698 1715
f 1724 1716 1702
f 1674 1772 1737
f 1772 1703 1771
f 1771 1717 1768
f 1717 1771 1703
f 1707 1760 1717
f 1718 1719 1677
f 1718 1677 1723
f 1720 1721 1722
f 1695 1747 1723
f 1734 1727 1698
f 1726 1698 1727
f 1716 1724 1728
f 1724 1674 1737
f 1747 1725 1742
f 1725 1721 1742
f 1751 1714 1726
f 1727 1751 1726
f 1758 1751 1727
f 1727 1734 1758
f 1736 1728 1724
f 1720 1742 1721
f 1722 1729 1730
f 1729 1722 1721
f 1712 1730 1729
f 1712 1731 1730
f 1714 1744 1732
f 1750 1751 1733
f 1733 1751 1758
f 1710 1738 1707
f 1709 1248 1710
f 1739 1711 1718
f 1744 1743 1712
f 1758 1734 1735
f 1736 1724 1746
f 1746 1724 1737
f 1707 1738 1760
f 1248 1738 1710
f 1709 1247 1248
f 1739 1774 1247
f 1739 1247 1711
f 1740 1739 1718
f 1762 1748 1741
f 1747 1742 1741
f 1743 1731 1712
f 1744 1714 1755
f 1745 1746 1737
f 1741 1748 1747
f 1748 1723 1747
f 1720 1722 1770
f 1730 1731 1764
f 1743 1765 1731
f 1756 1743 1744
f 1749 1757 1714
f 1750 1749 1751
f 1752 1753 1758
f 1739 1740 1754
f 1740 1723 1748
f 1720 1770 1742
f 1770 1741 1742
f 1763 1730 1764
f 1755 1756 1744
f 1757 1755 1714
f 1751 1749 1714
f 1753 1733 1758
f 1735 1752 1758
f 1745 1737 1759
f 1738 1792 1760
f 1754 1774 1739
f 1761 1748 1762
f 1748 1761 1740
f 1770 1777 1741
f 1777 1762 1741
f 1763 1778 1770
f 1722 1730 1763
f 1731 1766 1764
f 1731 1765 1766
f 1767 1759 1737
f 1760 1792 1768
f 1754 1818 1787
f 1738 1248 1797
f 1797 1247 1785
f 1761 1754 1740
f 1762 1769 1776
f 1777 1770 1779
f 1722 1763 1770
f 1771 1768 1772
f 1773 1738 1797
f 1787 1774 1754
f 1775 1761 1776
f 1761 1762 1776
f 1769 1762 1777
f 1770 1778 1779
f 1780 1767 1737
f 1768 1802 1772
f 1754 1781 1818
f 1775 1781 1761
f 1761 1781 1754
f 1782 1776 1769
f 1777 1779 1769
f 1786 1780 1737
f 1737 1783 1784
f 1737 1772 1783
f 1772 1802 1783
f 1802 1768 1792
f 1785 1774 1787
f 1776 1788 1775
f 1784 1786 1737
f 1799 1797 1785
f 1799 1785 1787
f 1775 1794 1801
f 1776 1789 1788
f 1776 1782 1789
f 1790 1802 1792
f 1773 1797 1808
f 1792 1791 1790
f 1773 1791 1792
f 1799 1787 1793
f 1781 1775 1803
f 1788 1794 1775
f 1784 1783 1795
f 1795 1804 1796
f 1795 1783 1804
f 1798 1808 1797
f 1798 1797 1799
f 1796 1804 1800
f 1804 1783 1802
f 1773 1808 1791
f 1775 1801 1803
f 1802 1790 1804
f 1254 1790 1791
f 1787 1818 1793
f 1803 1818 1781
f 1800 1804 1805
f 1798 1806 1812
f 1817 1806 1799
f 1803 1820 1818
f 1790 1255 1804
f 1808 1798 1812
f 1799 1806 1798
f 1799 1793 1817
f 1805 1804 1807
f 1810 1808 1812
f 1810 1254 1791
f 1791 1808 1810
f 1807 1804 1255
f 1255 1249 1807
f 1807 1249 1809
f 1814 1255 1254
f 1811 1809 1249
f 1810 1814 1254
f 1815 1811 1249
f 1810 1812 1813
f 1814 1810 1813
f 1817 1793 1828
f 1816 1815 1249
f 1823 1249 1814
f 1818 1828 1793
f 1249 1822 1816
f 1249 1823 1822
f 1817 1827 1806
f 1827 1817 1828
f 1818 1821 1828
f 1823 1814 1813
f 1812 1819 1813
f 1819 1812 1826
f 1826 1806 1827
f 1818 1820 1821
f 1822 1250 1816
f 1813 1824 1823
f 1813 1819 1824
f 1812 1806 1826
f 1251 1822 1825
f 1823 1824 1825
f 1823 1825 1822
f 1824 1819 1826
f 1829 1826 1827
f 1821 1830 1828
f 1828 1829 1827
f 1829 1828 1830
f 2457 2424 2418
f 2399 2424 2425
f 2341 1831 2425
f 1877 2402 1880
f 1832 1886 1889
f 1887 1888 1833
f 1887 2438 1832
f 2413 1833 1834
f 1876 1875 1835
f 2401 2341 1836
f 2247 2250 1894
f 2302 1831 2348
f 1837 1899 1892
f 2239 2270 2238
f 2065 2083 2056
f 1899 1838 2214
f 2337 2336 1884
f 2372 2336 2373
f 1842 1841 1839
f 1841 2374 1839
f 1840 1841 1842
f 1841 1840 1843
f 1844 1876 2403
f 2271 2289 1883
f 2371 2370 2386
f 2223 2222 2224
f 2236 2256 1845
f 1846 2224 2236
f 1847 1848 2223
f 2207 1848 1849
f 2151 2137 1850
f 2181 1851 1852
f 1853 2126 2112
f 1854 1892 1891
f 2064 2076 2065
f 1905 1855 1856
f 1904 2050 2057
f 2015 2013 1857
f 1910 1858 1993
f 1974 1858 1946
f 1974 1973 1859
f 1928 1858 1910
f 1928 1967 1860
f 1920 1919 1861
f 1922 1919 1862
f 1927 1860 1912
f 2009 1993 1992
f 1859 1992 1974
f 1928 1946 1858
f 1986 1863 1864
f 1865 1866 1906
f 1867 1865 1906
f 1988 1868 1867
f 1868 1988 1869
f 1918 1942 1872
f 1869 1988 1870
f 1988 1871 1870
f 1942 1959 1872
f 1981 1997 1961
f 2016 1873 1990
f 1990 1873 2007
f 1874 2007 2044
f 1905 2075 2063
f 1875 1876 2385
f 2355 2407 2354
f 2402 1877 1878
f 2476 2464 2471
f 1887 1833 2413
f 1879 1880 2402
f 2400 2402 1878
f 2392 2400 1878
f 2418 2465 1881
f 2467 1881 2465
f 2464 2465 2461
f 2475 2479 2470
f 1882 2483 2482
f 1883 2311 2277
f 2316 2337 1884
f 1885 1886 1832
f 1887 1889 1888
f 1832 1889 1887
f 1879 2402 2413
f 1890 1891 1892
f 2269 2330 2270
f 2239 2248 2212
f 2216 1893 1892
f 1892 1893 1890
f 2172 2153 2192
f 2192 2153 1895
f 1892 2250 2216
f 1894 2272 2247
f 2251 2272 2271
f 2191 1895 1896
f 2215 1895 2191
f 1897 2250 1898
f 2244 1892 2214
f 1854 1837 1892
f 1892 1899 2214
f 2214 2213 1900
f 1900 1901 2214
f 1902 2120 2122
f 2131 2124 2128
f 2132 2137 2124
f 2137 2151 2124
f 1903 1856 1904
f 1903 1904 2057
f 1855 1905 2063
f 1988 1867 1906
f 1921 1912 1913
f 1951 1907 1908
f 1959 1932 1872
f 1960 1932 1951
f 1871 1988 1981
f 1995 2002 1952
f 1906 1909 1983
f 1909 1975 1983
f 1967 1910 1911
f 1976 1952 1983
f 1957 1954 1969
f 1927 1928 1860
f 1926 1927 1861
f 1920 1927 1912
f 1921 1913 1914
f 1914 1915 1916
f 1915 1917 1936
f 1918 1940 1942
f 1915 1936 1918
f 1861 1919 1922
f 1920 1861 1927
f 1912 1921 1920
f 1921 1914 1916
f 1914 1917 1915
f 1922 1924 1861
f 1917 1930 1923
f 1860 1933 1912
f 1926 1861 1924
f 1930 1949 1923
f 1912 1933 1913
f 1955 1914 1913
f 1914 1955 1917
f 1937 1938 1936
f 1925 1959 1942
f 1924 1973 1926
f 1927 1926 1928
f 1929 1930 1935
f 1933 1955 1913
f 1930 1917 1955
f 1935 1930 1955
f 1931 1917 1923
f 1918 1936 1940
f 1942 1950 1925
f 1959 1951 1932
f 1962 1932 1960
f 1933 1860 1967
f 1934 1955 1948
f 1955 1933 1967
f 1934 1935 1955
f 1936 1917 1931
f 1936 1931 1937
f 1939 1936 1938
f 1939 1940 1936
f 1940 1941 1942
f 1943 1959 1925
f 1959 1944 1951
f 1945 1970 1961
f 1946 1928 1926
f 1967 1956 1955
f 1957 1958 1955
f 1955 1947 1948
f 1930 1929 1949
f 1941 1950 1942
f 1944 1907 1951
f 1961 1951 1945
f 1973 1946 1926
f 1954 1952 1953
f 1954 1955 1956
f 1954 1957 1955
f 1947 1955 1958
f 1943 1944 1959
f 1971 1978 1961
f 1961 1960 1951
f 1960 1961 1997
f 1962 1960 1997
f 1997 1963 1962
f 1962 1963 1964
f 1984 1965 1980
f 1966 1965 1984
f 1977 1953 1952
f 1928 1910 1967
f 1953 1968 1954
f 1969 1954 1968
f 1908 1945 1951
f 1961 1970 1971
f 1982 1961 1972
f 1980 1965 1964
f 1986 1859 1973
f 1974 1946 1973
f 1983 1975 1976
f 1911 1956 1967
f 1952 1976 1977
f 1979 1961 1978
f 1972 1961 1979
f 1964 1963 1980
f 1999 1966 1984
f 1985 1966 1857
f 1993 1858 1974
f 1994 1987 1911
f 1995 1954 1987
f 1956 1987 1954
f 1906 1866 1909
f 1954 1995 1952
f 1871 1981 1982
f 1982 1981 1961
f 1966 1999 1857
f 2001 1911 1993
f 1993 1911 1910
f 2003 2002 1995
f 1987 1956 1911
f 2002 2029 1983
f 1989 1906 1983
f 1983 1952 2002
f 2005 1997 1981
f 1998 2012 1963
f 1980 2012 1984
f 1963 2012 1980
f 1985 2013 2016
f 2013 1985 1857
f 1859 1986 1992
f 1993 1974 1992
f 1994 2001 2011
f 2003 1987 2024
f 2031 1988 1989
f 1906 1989 1988
f 2016 1990 1985
f 2006 1985 1990
f 1991 1992 1986
f 1864 1991 1986
f 2008 2009 1992
f 2010 2011 2001
f 2001 1993 2009
f 1911 2001 1994
f 1994 2011 1987
f 2003 1995 1987
f 2002 2026 2029
f 1983 2029 1989
f 1996 2012 1998
f 1997 2005 1998
f 1963 1997 1998
f 1984 2035 2033
f 2012 2035 1984
f 2033 1999 1984
f 2033 1857 1999
f 2000 2001 2009
f 2019 2024 2010
f 2003 2023 2022
f 2011 2024 1987
f 2026 2002 2003
f 2031 2030 2004
f 1989 2029 2031
f 1981 1988 2004
f 1988 2031 2004
f 1981 2004 2005
f 1857 2033 2015
f 2006 1990 2007
f 2006 2007 1874
f 1903 2006 1874
f 2008 2000 2009
f 2017 2010 2001
f 2024 2011 2010
f 2030 2034 2005
f 2045 1998 2005
f 2012 1996 2035
f 2014 1873 2013
f 2014 2013 2015
f 2016 2013 1873
f 2000 2017 2001
f 2020 2018 2019
f 2020 2019 2010
f 2023 2021 2022
f 2023 2024 2019
f 2003 2024 2023
f 2025 2039 2041
f 2022 2025 2026
f 2003 2022 2026
f 2041 2027 2028
f 2025 2028 2029
f 2025 2029 2026
f 2027 2053 2028
f 2028 2031 2029
f 2030 2031 2028
f 2005 2004 2030
f 2015 2032 2014
f 2015 2033 2032
f 1874 1905 1903
f 2019 2018 2038
f 2045 2005 2034
f 2035 1996 2036
f 1996 1998 2045
f 2037 2033 2035
f 2033 2037 2032
f 2037 2035 2036
f 1873 2044 2007
f 1903 1905 1856
f 2038 2023 2019
f 2038 2021 2023
f 2039 2022 2021
f 2027 2059 2040
f 2025 2022 2039
f 2042 2053 2040
f 2025 2041 2028
f 2042 2043 2053
f 2053 2030 2028
f 2034 2030 2053
f 1873 2072 2044
f 2072 1873 2014
f 1874 2044 2075
f 2075 1905 1874
f 2040 2078 2042
f 2046 2045 2060
f 2053 2043 2034
f 2046 1996 2045
f 2045 2034 2043
f 2036 1996 2047
f 2048 2037 2036
f 2047 1996 2046
f 2048 2036 2047
f 2032 2037 2048
f 2014 2054 2072
f 2014 2032 2061
f 2049 2044 2072
f 1856 1855 2050
f 2050 1855 2058
f 2066 2041 2051
f 2039 2051 2041
f 2059 2069 2040
f 2027 2041 2059
f 2052 2060 2042
f 2053 2027 2040
f 2032 2048 2055
f 2054 2014 2061
f 2061 2032 2055
f 2057 2050 2058
f 2064 2056 2057
f 2064 2057 2058
f 2021 2051 2039
f 2059 2041 2066
f 2043 2060 2045
f 2092 2054 2061
f 2062 2075 2074
f 2062 2081 2063
f 2062 2063 2075
f 1855 2063 2081
f 2058 1855 2081
f 2064 2065 2056
f 2059 2066 2067
f 2059 2067 2068
f 2068 2069 2059
f 2078 2079 2052
f 2078 2040 2069
f 2042 2078 2052
f 2060 2079 2070
f 2042 2060 2043
f 2080 2071 2100
f 2061 2055 2092
f 2072 2054 2097
f 2097 2073 2072
f 2044 2073 2074
f 2073 2049 2072
f 2081 2062 2107
f 2073 2044 2049
f 2074 2075 2044
f 2081 2076 2058
f 2076 2064 2058
f 2070 2071 2046
f 2060 2070 2046
f 2071 2048 2047
f 2047 2046 2071
f 2071 2055 2048
f 2062 2074 2107
f 2056 2083 2088
f 2077 2078 2069
f 2077 2079 2078
f 2079 2060 2052
f 2054 2092 2103
f 2080 2092 2055
f 2103 2097 2054
f 2073 2093 2074
f 2081 2107 2095
f 2076 2081 2095
f 2065 2082 2089
f 2087 2098 2088
f 2065 2076 2082
f 2065 2089 2083
f 2079 2084 2085
f 2070 2091 2100
f 2071 2070 2100
f 2071 2080 2055
f 2119 2093 2073
f 2074 2094 2107
f 2083 2086 2087
f 2087 2088 2083
f 2086 2083 2089
f 2077 2084 2079
f 2090 2079 2085
f 2070 2079 2091
f 2090 2091 2079
f 2092 2080 2116
f 2116 2103 2092
f 2119 2073 2097
f 2074 2093 2094
f 2140 2109 2095
f 2109 2076 2095
f 2086 1902 2087
f 1902 2125 2087
f 2098 2125 2111
f 2113 2101 2114
f 2096 2100 2091
f 2113 2116 2080
f 2119 2097 2103
f 2140 2095 2107
f 2109 2082 2076
f 2125 2098 2087
f 2090 2099 2091
f 2100 2096 2101
f 2101 2113 2100
f 2155 2102 2138
f 2113 2080 2100
f 2103 2104 2119
f 2103 2116 2104
f 2107 2094 2129
f 2093 2105 2094
f 1853 2106 2126
f 2099 2096 2091
f 2135 2093 2119
f 2093 2135 2105
f 2107 2129 2140
f 2108 2082 2109
f 2089 2082 2130
f 2195 2123 2111
f 2126 2106 2110
f 2110 2106 2111
f 2126 2128 2112
f 2113 2114 2115
f 2116 2115 2117
f 2115 2116 2113
f 2117 2104 2116
f 2118 2135 2119
f 2119 2104 2118
f 2129 2094 2105
f 2175 2086 2121
f 1902 2175 2120
f 2086 2089 2121
f 2175 1902 2086
f 2195 2125 2122
f 2110 2111 2123
f 2145 2126 2110
f 2166 2179 2149
f 2128 2124 2112
f 2124 2131 2132
f 2114 2133 2115
f 2115 2133 2117
f 2118 2104 2117
f 2164 2109 2140
f 2121 2089 2130
f 2122 2125 1902
f 2195 2111 2125
f 2127 2165 2126
f 2126 2145 2127
f 2128 2126 2165
f 2134 2118 2117
f 2162 2129 2105
f 2105 2135 2162
f 2164 2108 2109
f 2108 2130 2082
f 2165 2131 2128
f 2131 2165 2147
f 2131 2147 2132
f 2133 2134 2117
f 2118 2134 2102
f 2135 2102 2155
f 2102 2135 2118
f 2155 2162 2135
f 2140 2141 2164
f 2149 2148 2136
f 2136 2167 2149
f 2132 2147 2149
f 2137 2132 2149
f 2137 2149 2168
f 1850 2170 2161
f 2137 2168 1850
f 2161 2152 2151
f 2151 2152 1896
f 2138 2102 2134
f 2129 2162 2139
f 2139 2140 2129
f 2140 2139 2141
f 2108 2164 2182
f 2144 2110 2123
f 2142 2145 2144
f 2195 2143 2123
f 2127 2145 2142
f 2144 2145 2110
f 2178 2146 2147
f 2147 2148 2149
f 2170 2150 1852
f 1850 2161 2151
f 2191 1896 2152
f 2153 1896 1895
f 2138 2154 2155
f 2108 2182 2130
f 2156 2121 2130
f 2159 2127 2142
f 2157 2158 2147
f 2165 2127 2159
f 2179 2168 2149
f 2168 2160 2169
f 2150 2188 1852
f 2161 1852 2191
f 2152 2161 2191
f 2155 2154 2174
f 2162 2155 2174
f 2162 2174 2163
f 2163 2139 2162
f 2139 2163 2210
f 2210 2141 2139
f 2164 2141 2182
f 2130 2182 2156
f 2144 2123 2143
f 2147 2165 2184
f 2184 2165 2159
f 2147 2184 2157
f 2147 2146 2148
f 2166 2149 2167
f 2168 2169 2170
f 1852 2161 2170
f 2173 1895 2215
f 2173 2219 2220
f 2171 2172 2192
f 2192 1895 2173
f 1849 2172 2207
f 2174 2154 2193
f 2174 2209 2163
f 2121 2156 2226
f 2121 2226 2175
f 2176 2195 2122
f 2248 2144 2212
f 2143 2212 2144
f 2197 2186 2184
f 2185 2157 2184
f 2158 2177 2147
f 2147 2177 2178
f 2179 2160 2168
f 1850 2168 2170
f 2180 2181 1852
f 2189 2229 1852
f 2215 1852 2229
f 2207 2172 2171
f 2173 2220 2192
f 2141 2200 2260
f 2200 2141 2210
f 2182 2141 2260
f 2183 2156 2182
f 2176 2120 2175
f 2268 2143 2195
f 2176 2122 2120
f 2144 2248 2142
f 2184 2187 2185
f 2186 2187 2184
f 2180 1852 2188
f 2229 2189 2190
f 2191 1852 2215
f 2220 2171 2192
f 2217 2173 2215
f 2220 2207 2171
f 1849 1848 1847
f 2174 2193 2194
f 2182 2260 2183
f 2195 2176 2268
f 2201 2196 2204
f 2243 2204 2184
f 2159 2142 2203
f 2196 2197 2184
f 2243 2184 2159
f 2196 2184 2204
f 1851 2189 1852
f 2229 2190 2198
f 2219 2173 2217
f 2207 2220 2230
f 1847 2223 1846
f 2199 2200 2210
f 2203 2142 2248
f 2201 2204 2202
f 2159 2203 2241
f 2243 2159 2241
f 2202 2204 1901
f 1901 2204 2214
f 2205 2229 2198
f 2206 2229 2205
f 2229 2206 1898
f 2215 2229 2246
f 2232 2207 2230
f 2232 1848 2207
f 1848 2222 2223
f 2194 2208 2174
f 2208 2209 2174
f 2199 2210 2163
f 2163 2209 2199
f 2211 2239 2212
f 2211 2143 2268
f 2143 2211 2212
f 2213 2214 1838
f 2246 2217 2215
f 2250 1897 2216
f 2219 2217 2218
f 2219 2230 2220
f 2218 2217 2246
f 2221 2230 2219
f 2231 2222 1848
f 2234 2222 2231
f 2231 1848 2232
f 2223 2224 1846
f 2236 2224 2235
f 2307 2156 2183
f 2156 2307 2225
f 2300 2175 2226
f 2156 2225 2226
f 2227 2176 2175
f 2175 2300 2227
f 2243 2242 2204
f 2249 2214 2204
f 2242 2249 2204
f 2228 2264 1894
f 2244 2214 2249
f 2229 1898 2250
f 2246 2229 2247
f 2229 2250 2247
f 2218 2221 2219
f 2230 2221 2232
f 2231 2232 2233
f 2224 2222 2234
f 2224 2234 2255
f 2224 2255 2235
f 2256 2236 2235
f 2208 2237 2209
f 2238 2248 2239
f 2240 2248 2238
f 2263 2243 2241
f 2263 2242 2243
f 1892 2244 2245
f 2250 1892 2245
f 2246 2247 2251
f 2252 2221 2218
f 2240 2203 2248
f 2203 2284 2241
f 2203 2240 2284
f 2258 2244 2249
f 1894 2250 2245
f 2244 2258 2245
f 2251 2218 2246
f 2251 2252 2218
f 2253 2233 2232
f 2253 2232 2221
f 2234 2231 2265
f 2233 2265 2231
f 2234 2254 2255
f 2265 2254 2234
f 2254 2259 2255
f 2235 2259 2256
f 2199 2209 2257
f 2176 2227 2301
f 2176 2301 2268
f 2241 2284 2263
f 2280 2249 2242
f 2228 2245 2258
f 2249 2280 2258
f 2228 1894 2245
f 2252 2253 2221
f 2276 2252 2251
f 2259 2254 2266
f 2255 2259 2235
f 2237 2257 2209
f 2261 2262 2260
f 2261 2260 2200
f 2262 2183 2260
f 2262 2307 2183
f 2226 2225 2300
f 2286 2240 2238
f 2273 2242 2263
f 2280 2242 2273
f 2272 2251 2247
f 2264 2272 1894
f 2282 2253 2252
f 2265 2233 2278
f 2278 2267 2265
f 2266 2254 2267
f 2200 2199 2317
f 2211 2268 2269
f 2239 2211 2270
f 2301 2269 2268
f 2269 2270 2211
f 2310 2238 2270
f 2289 2272 2264
f 2271 2276 2251
f 2272 2289 2271
f 2276 2282 2252
f 2282 2278 2253
f 2253 2278 2233
f 2267 2293 2266
f 2265 2267 2254
f 2310 2286 2238
f 2273 2263 2305
f 2263 2284 2305
f 2274 2258 2280
f 2258 2274 2228
f 2289 2275 1883
f 2277 2276 2271
f 2282 2277 2290
f 2277 2282 2276
f 2278 2293 2267
f 2278 2281 2293
f 2257 2283 2199
f 2285 2240 2286
f 2273 2279 2280
f 2228 2274 2288
f 2228 2288 2264
f 2290 2281 2282
f 2282 2281 2278
f 2293 2297 2266
f 2283 2317 2199
f 2261 2200 2317
f 2285 2284 2240
f 2305 2284 2287
f 2285 2286 2310
f 2287 2284 2285
f 2273 2305 2279
f 2279 2274 2280
f 2264 2288 2289
f 2275 2294 2311
f 2290 2277 2311
f 1883 2277 2271
f 2290 2293 2281
f 2288 2274 2291
f 2294 2322 2312
f 2292 2275 2289
f 2289 2288 2292
f 2275 2311 1883
f 2295 2290 2311
f 2293 2290 2296
f 2293 2296 2297
f 2275 2292 2294
f 2312 2324 2311
f 2295 2296 2290
f 2297 2296 2298
f 2307 2308 2225
f 2308 2299 2300
f 2299 2227 2300
f 2308 2300 2225
f 2347 2301 2227
f 2302 2269 2301
f 2227 2299 2347
f 2347 2302 2301
f 2303 2285 2310
f 2302 2330 2269
f 2309 2270 2330
f 2303 2310 2309
f 2304 2305 2287
f 2303 2287 2285
f 2279 2305 2304
f 2274 2279 2306
f 2306 2291 2274
f 2324 2295 2311
f 2298 2296 2313
f 2262 2261 2326
f 2307 2326 2360
f 2326 2307 2262
f 2308 2307 2360
f 2309 2310 2270
f 2279 2304 2306
f 2304 2287 2314
f 2288 2315 2321
f 2306 2315 2291
f 2315 2288 2291
f 2321 2292 2288
f 2294 2292 2322
f 2311 2294 2312
f 2295 2324 2316
f 2313 2325 2298
f 2295 2313 2296
f 2303 2314 2287
f 2315 2306 2333
f 2292 2321 2322
f 2324 2312 2337
f 2316 2313 2295
f 1884 2313 2316
f 2313 1884 2325
f 2317 2318 2261
f 2318 2319 2261
f 2302 2348 2330
f 2352 2364 2320
f 2321 2328 2322
f 2312 2323 2369
f 2324 2337 2316
f 2325 2329 2298
f 2397 2326 2261
f 2331 2303 2309
f 2304 2314 2344
f 2314 2303 2349
f 2306 2304 2344
f 2321 2315 2328
f 2323 2327 2355
f 2328 2327 2322
f 2327 2312 2322
f 2373 2337 2370
f 2325 2336 2338
f 2329 2325 2338
f 2348 2309 2330
f 2348 2331 2309
f 2331 2349 2303
f 2332 2344 2345
f 2306 2344 2333
f 2315 2333 2364
f 2364 2328 2315
f 2353 2366 2335
f 2368 2355 2334
f 2312 2327 2323
f 2337 2312 2369
f 1884 2336 2325
f 2329 2338 2357
f 2261 2319 2358
f 2314 2378 2344
f 2378 2314 2349
f 2335 2327 2328
f 2335 2328 2364
f 2323 2354 2369
f 2370 2337 2369
f 2336 2337 2373
f 2339 2357 2338
f 2338 2372 2339
f 2411 2340 2308
f 2299 2308 2361
f 2348 2341 2331
f 2342 2344 2343
f 2344 2350 2345
f 2332 2333 2344
f 2346 2364 2333
f 2355 2327 2335
f 2355 2335 2367
f 2394 2374 2339
f 2336 2372 2338
f 2358 2397 2261
f 2398 2347 2299
f 1831 2302 2347
f 2361 2398 2299
f 2341 2401 2331
f 1831 2347 2398
f 1831 2341 2348
f 2380 2362 2378
f 2400 2349 2401
f 2400 2378 2349
f 2378 2343 2344
f 2350 2344 2342
f 2346 2320 2364
f 2351 2364 2352
f 2353 2335 2364
f 2354 2323 2355
f 1876 2390 2356
f 2395 2357 2339
f 2358 2376 2397
f 2360 2326 2359
f 2360 2359 2411
f 2308 2360 2411
f 2361 2308 2340
f 2331 2401 2349
f 2378 2362 2363
f 2363 2343 2378
f 2351 2353 2364
f 2365 2335 2366
f 2335 2383 2367
f 2355 2368 2390
f 2369 2386 2370
f 2373 2370 2371
f 2372 2373 2394
f 2374 2395 2339
f 2394 2339 2372
f 2375 2397 2376
f 2359 2326 2377
f 2326 2397 2377
f 2378 2400 2379
f 2381 2378 2379
f 2378 2382 2380
f 2381 2382 2378
f 2365 2383 2335
f 2367 2334 2355
f 1876 2384 2385
f 2369 2354 2386
f 2374 2394 2410
f 2371 2394 2373
f 2393 2387 2400
f 2379 2400 2388
f 2389 2388 2400
f 2387 2389 2400
f 1876 2356 2384
f 1876 2355 2390
f 2375 2391 2397
f 2399 1831 2398
f 2400 2392 2393
f 2354 2409 2386
f 1876 2407 2355
f 2371 2410 2394
f 2374 1841 2395
f 2396 2397 2391
f 2396 2377 2397
f 2398 2361 2399
f 2399 2425 1831
f 2425 2412 2341
f 2420 2400 2401
f 1836 2341 2412
f 1836 2420 2401
f 1834 1879 2413
f 2402 2400 2420
f 1835 2403 1876
f 1844 1885 1876
f 2407 2409 2354
f 2386 2404 2371
f 1839 2410 2405
f 1839 2374 2410
f 2416 2377 2396
f 1836 2412 2427
f 1876 1885 2428
f 2428 2406 1876
f 2407 1876 2406
f 2408 2386 2409
f 2408 2404 2386
f 2415 2371 2404
f 2405 2410 2415
f 2423 2340 2411
f 1836 2431 2420
f 2443 2427 2412
f 2433 2402 2419
f 2413 2402 2433
f 2428 1885 1832
f 2414 2407 2406
f 2407 2414 2409
f 2410 2371 2415
f 2416 2417 2377
f 2423 2418 2340
f 2361 2340 2418
f 2412 2425 2443
f 2419 2420 2431
f 2419 2402 2420
f 2431 1836 2427
f 2434 2438 2421
f 1887 2433 2438
f 2422 2377 2417
f 2423 2411 2359
f 2399 2361 2424
f 2361 2418 2424
f 2427 2447 2426
f 2443 2425 2424
f 2426 2431 2427
f 2413 2433 1887
f 1832 2438 2428
f 2434 2429 2428
f 2428 2429 2430
f 2430 2406 2428
f 2441 2377 2422
f 2377 2440 2359
f 2436 2431 2426
f 2439 2438 2432
f 2432 2438 2433
f 2428 2438 2434
f 2435 2443 2424
f 2419 2431 2436
f 2433 2437 2432
f 2433 2419 2448
f 2433 2448 2437
f 2438 2439 2421
f 2440 2377 2441
f 2359 2440 2445
f 2447 2427 2455
f 2448 2419 2442
f 2359 2449 2460
f 2435 2424 2457
f 2455 2427 2443
f 2436 2451 2442
f 2419 2436 2442
f 2359 2460 2423
f 2442 2452 2444
f 2359 2445 2449
f 2423 2461 2418
f 2457 2418 1881
f 2446 2453 2447
f 2447 2455 2446
f 2442 2444 2448
f 2449 2450 2460
f 2435 2455 2443
f 2436 2426 2454
f 2451 2452 2442
f 2450 2456 2460
f 2461 2423 2460
f 2461 2465 2418
f 2453 2454 2426
f 2457 2455 2435
f 2447 2453 2426
f 2451 2436 2454
f 2454 2469 2451
f 2460 2456 2459
f 2472 2455 2458
f 1881 2458 2457
f 2472 2446 2455
f 2455 2457 2458
f 2462 2464 2460
f 2459 2462 2460
f 2460 2464 2461
f 2467 2458 1881
f 2462 2463 2464
f 2476 2465 2464
f 2473 2453 2446
f 2464 2463 2466
f 2468 2465 2476
f 2465 2468 2467
f 2472 2473 2446
f 2471 2464 2466
f 2467 2468 2458
f 2487 2469 2454
f 2454 2453 2487
f 2470 2471 2474
f 2477 2476 2471
f 2471 2470 2477
f 2473 2472 2478
f 2453 2473 2485
f 2478 2485 2473
f 2485 2487 2453
f 2474 2475 2470
f 2476 2480 2468
f 2477 2480 2476
f 2458 2468 2481
f 2481 2484 2458
f 2484 2478 2472
f 2470 2479 2482
f 2468 2480 2481
f 2458 2484 2472
f 2482 2483 2470
f 2477 2483 2480
f 2477 2470 2483
f 2480 2484 2481
f 2485 2486 2487
f 2478 2486 2485
f 2488 2489 2516
f 2515 2488 2514
f 2515 2490 2512
f 2491 2492 2509
f 2493 2494 2506
f 2493 2495 2507
f 2499 2496 2502
f 2497 2498 2499
f 2499 2498 2496
f 2497 2505 2498
f 2497 2506 2505
f 2504 2501 2500
f 2501 2503 2496
f 2502 2496 2503
f 2503 2501 2504
f 2505 2506 2494
f 2495 2493 2506
f 2507 2508 2493
f 2508 2491 2509
f 2507 2491 2508
f 2492 2491 2510
f 2511 2492 2510
f 2511 2513 2512
f 2513 2511 2510
f 2513 2515 2512
f 2514 2490 2515
f 2488 2516 2514
f 2516 2489 2519
f 2517 2518 2489
f 2489 2518 2519
f 2520 2521 2517
f 2521 2518 2517
f 2556 2522 2554
f 2553 2523 2555
f 2551 2552 2553
f 2549 2550 2524
f 2547 2549 2548
f 2545 2547 2546
f 2525 2545 2526
f 2526 2543 2525
f 2542 2541 2544
f 2527 2540 2538
f 2530 2535 2528
f 2529 2530 2528
f 2529 2532 2531
f 2533 2532 2529
f 2529 2528 2533
f 2534 2535 2530
f 2534 2537 2535
f 2534 2536 2537
f 2536 2527 2537
f 2537 2527 2538
f 2538 2540 2539
f 2539 2540 2541
f 2542 2539 2541
f 2543 2542 2544
f 2543 2544 2525
f 2526 2545 2546
f 2546 2547 2548
f 2548 2549 2524
f 2524 2550 2551
f 2551 2550 2552
f 2553 2552 2523
f 2557 2555 2523
f 2557 2554 2555
f 2556 2554 2557
f 2558 2573 2559
f 2640 2560 2566
f 2639 2561 2560
f 2562 2561 2563
f 2567 2564 2562
f 2565 2566 2641
f 2567 2687 2564
f 2641 2568 2642
f 2564 2687 2569
f 2642 2643 2570
f 2559 2569 2558
f 2570 2644 2571
f 2572 2573 2574
f 2577 2575 2645
f 2578 2572 2574
f 2576 2578 2574
f 2647 2638 2577
f 2578 2576 2634
f 2579 2634 2576
f 2651 2652 2650
f 2580 2654 2653
f 2583 2686 2581
f 2581 2582 2583
f 2584 2583 2582
f 2632 2580 2657
f 2630 2584 2582
f 2685 2684 2683
f 2585 2629 2586
f 2680 2587 2626
f 2588 2587 2589
f 2590 2674 2591
f 2609 2608 2592
f 2592 2606 2609
f 2616 2593 2617
f 2605 2606 2658
f 2661 2594 2595
f 2664 2599 2596
f 2597 2598 2663
f 2598 2597 2600
f 2599 2600 2596
f 2666 2667 2602
f 2601 2602 2665
f 2669 2615 2612
f 2663 2613 2603
f 2594 2661 2662
f 2605 2658 2604
f 2605 2609 2606
f 2607 2608 2609
f 2674 2673 2591
f 2617 2670 2616
f 2672 2610 2611
f 2611 2610 2612
f 2613 2614 2603
f 2668 2615 2666
f 2670 2671 2616
f 2617 2593 2618
f 2673 2618 2593
f 2675 2677 2676
f 2619 2620 2621
f 2622 2619 2679
f 2679 2623 2624
f 2588 2625 2624
f 2624 2625 2678
f 2626 2587 2681
f 2681 2682 2626
f 2628 2682 2627
f 2627 2629 2628
f 2585 2628 2629
f 2630 2685 2683
f 2686 2631 2581
f 2580 2632 2654
f 2635 2652 2633
f 2579 2686 2634
f 2653 2635 2633
f 2650 2649 2636
f 2648 2637 2688
f 2637 2638 2647
f 2571 2645 2575
f 2562 2563 2567
f 2561 2639 2563
f 2560 2640 2639
f 2566 2565 2640
f 2641 2642 2565
f 2568 2643 2642
f 2643 2644 2570
f 2644 2645 2571
f 2645 2646 2577
f 2646 2647 2577
f 2638 2637 2648
f 2688 2636 2649
f 2636 2651 2650
f 2651 2633 2652
f 2635 2653 2654
f 2657 2656 2632
f 2655 2656 2657
f 2658 2659 2604
f 2604 2659 2660
f 2659 2661 2660
f 2660 2661 2595
f 2603 2614 2662
f 2614 2594 2662
f 2598 2613 2663
f 2596 2600 2597
f 2602 2601 2664
f 2601 2599 2664
f 2667 2665 2602
f 2666 2615 2667
f 2612 2615 2668
f 2610 2669 2612
f 2671 2670 2672
f 2671 2672 2611
f 2618 2673 2674
f 2675 2590 2591
f 2676 2590 2675
f 2620 2676 2677
f 2620 2677 2621
f 2622 2620 2619
f 2679 2619 2623
f 2624 2678 2679
f 2589 2625 2588
f 2680 2589 2587
f 2681 2627 2682
f 2684 2586 2683
f 2684 2585 2586
f 2582 2685 2630
f 2579 2631 2686
f 2572 2559 2573
f 2558 2569 2687
f 2649 2648 2688
f 2689 2690 2691
f 2689 2691 2692
f 2689 2692 2693
f 2692 2695 2693
f 2695 2694 2693
f 2694 2695 2697
f 2696 2694 2697
f 2793 2792 2698
f 2699 2791 2793
f 2790 2793 2698
f 2698 2787 2790
f 2807 2773 2701
f 2777 2700 2701
f 2702 2804 2806
f 2766 2703 2704
f 2703 2767 2768
f 2705 2756 2706
f 2707 2752 2749
f 2750 2749 2708
f 2750 2802 2847
f 2750 2708 2748
f 2746 2709 2843
f 2711 2840 2709
f 2710 2840 2711
f 2800 2712 2713
f 2714 2715 2741
f 2715 2716 2741
f 2741 2716 2717
f 2741 2717 2797
f 2719 2797 2718
f 2719 2795 2797
f 2720 2795 2719
f 2795 2720 2721
f 2723 2795 2722
f 2795 2723 2728
f 2795 2721 2722
f 2728 2723 2724
f 2724 2725 2728
f 2726 2727 2728
f 2726 2728 2725
f 2727 2815 2728
f 2729 2815 2727
f 2815 2730 2731
f 2730 2815 2729
f 2731 2730 2732
f 2732 2733 2731
f 2733 2735 2731
f 2734 2735 2733
f 2794 2736 2812
f 2718 2797 2717
f 2741 2738 2714
f 2829 2799 2741
f 2741 2737 2738
f 2800 2739 2740
f 2741 2800 2737
f 2737 2800 2740
f 2739 2800 2742
f 2713 2742 2800
f 2800 2743 2712
f 2744 2743 2800
f 2744 2800 2840
f 2744 2840 2745
f 2710 2745 2840
f 2709 2840 2843
f 2802 2747 2843
f 2843 2747 2746
f 2747 2802 2748
f 2802 2750 2748
f 2750 2707 2749
f 2848 2707 2750
f 2751 2707 2849
f 2707 2751 2752
f 2751 2803 2756
f 2753 2752 2751
f 2753 2751 2756
f 2754 2706 2756
f 2753 2756 2755
f 2756 2705 2755
f 2705 2758 2755
f 2851 2705 2757
f 2758 2705 2759
f 2851 2759 2705
f 2851 2763 2759
f 2760 2851 2761
f 2765 2760 2761
f 2762 2763 2851
f 2760 2762 2851
f 2762 2760 2766
f 2764 2703 2765
f 2765 2703 2760
f 2760 2703 2766
f 2703 2764 2767
f 2704 2703 2769
f 2768 2806 2703
f 2769 2703 2806
f 2804 2702 2770
f 2805 2804 2772
f 2804 2770 2701
f 2804 2701 2772
f 2771 2772 2701
f 2852 2777 2773
f 2700 2771 2701
f 2773 2777 2701
f 2700 2777 2774
f 2774 2777 2776
f 2780 2774 2776
f 2775 2776 2777
f 2778 2780 2776
f 2779 2778 2776
f 2780 2778 2781
f 2778 2854 2782
f 2778 2783 2781
f 2782 2785 2788
f 2788 2778 2782
f 2778 2788 2783
f 2783 2788 2784
f 2787 2784 2788
f 2788 2785 2786
f 2790 2787 2788
f 2790 2788 2786
f 2789 2790 2786
f 2809 2793 2789
f 2793 2790 2789
f 2793 2791 2792
f 2855 2810 2793
f 2812 2735 2794
f 2815 2731 2812
f 2728 2815 2818
f 2818 2820 2728
f 2820 2822 2795
f 2795 2796 2797
f 2829 2797 2798
f 2800 2741 2799
f 2835 2800 2799
f 2840 2835 2838
f 2840 2800 2835
f 2801 2843 2840
f 2845 2802 2843
f 2751 2849 2803
f 2754 2756 2803
f 2757 2705 2706
f 2805 2769 2806
f 2804 2805 2806
f 2807 2701 2770
f 2808 2793 2809
f 2699 2793 2810
f 2812 2736 2811
f 2731 2735 2812
f 2811 2813 2815
f 2811 2815 2812
f 2813 2814 2815
f 2814 2816 2818
f 2814 2818 2815
f 2816 2817 2818
f 2817 2819 2818
f 2819 2820 2818
f 2819 2821 2820
f 2820 2821 2822
f 2795 2728 2820
f 2795 2822 2823
f 2795 2823 2796
f 2797 2796 2824
f 2797 2824 2798
f 2829 2798 2825
f 2741 2797 2829
f 2827 2829 2825
f 2826 2829 2827
f 2828 2829 2826
f 2828 2830 2829
f 2829 2830 2799
f 2830 2831 2799
f 2831 2832 2799
f 2832 2833 2799
f 2833 2834 2835
f 2833 2835 2799
f 2834 2836 2835
f 2835 2836 2837
f 2835 2837 2838
f 2840 2838 2839
f 2840 2839 2841
f 2840 2841 2842
f 2801 2840 2842
f 2844 2843 2801
f 2845 2843 2844
f 2846 2802 2845
f 2846 2847 2802
f 2847 2848 2750
f 2848 2849 2707
f 2757 2850 2851
f 2850 2761 2851
f 2852 2775 2777
f 2775 2853 2776
f 2853 2779 2776
f 2778 2779 2854
f 2808 2855 2793
f 2856 2858 2945
f 2906 2976 2857
f 2859 2856 2945
f 2948 2858 2946
f 2943 2942 2859
f 2865 2987 2862
f 2860 2987 2861
f 2862 2987 2863
f 2864 2942 2944
f 2865 2866 2867
f 2862 2866 2865
f 2868 2909 2869
f 2870 2930 2934
f 2857 2976 2975
f 2899 2871 2913
f 2873 2972 2872
f 2873 2875 2874
f 2875 2876 2877
f 2897 2877 2876
f 2968 2967 2878
f 2963 2894 2879
f 2881 2893 2891
f 2880 2881 2892
f 2882 2957 2880
f 2959 2883 2957
f 2884 2887 2956
f 2956 2955 2884
f 2885 2887 2884
f 2885 2886 2887
f 2954 2888 2952
f 2889 2888 2890
f 2889 2890 2951
f 2891 2892 2881
f 2893 2879 2894
f 2963 2962 2964
f 2966 2965 2895
f 2962 2961 2966
f 2896 2968 2969
f 2897 2970 2969
f 2898 2974 2972
f 2899 2900 2871
f 2900 2993 2871
f 2993 2901 2912
f 2912 2911 2904
f 2903 2905 2902
f 2903 2992 2905
f 2990 2992 2991
f 2985 2865 2910
f 2904 2902 2905
f 2857 2978 2906
f 2907 2981 2980
f 2983 2907 2984
f 2868 2908 2984
f 2865 2985 2909
f 2865 2867 2910
f 2911 2902 2904
f 2901 2911 2912
f 2899 2913 2914
f 2913 2950 2914
f 2915 2916 2864
f 2940 2916 2941
f 2917 2940 2939
f 2938 2917 2939
f 2918 2996 2919
f 2919 2921 2918
f 2923 2920 2921
f 2923 2922 2920
f 2923 2936 2937
f 2924 2936 2925
f 2924 2925 2926
f 2927 2926 2925
f 2935 2929 2927
f 2927 2929 2928
f 2929 2930 2928
f 2870 2928 2930
f 2934 2933 2870
f 2931 2933 2932
f 2933 2934 2932
f 2935 2927 2925
f 2924 2937 2936
f 2937 2922 2923
f 2920 2918 2921
f 2996 2997 2919
f 2938 2939 2997
f 2940 2941 2939
f 2916 2915 2941
f 2864 2944 2915
f 2942 2943 2944
f 2859 2945 2943
f 2858 2948 2945
f 2946 2947 2948
f 2995 2947 2946
f 2995 2949 2947
f 2994 2950 2995
f 2890 2883 2951
f 2889 2952 2888
f 2952 2953 2954
f 2954 2953 2956
f 2953 2955 2956
f 2882 2958 2957
f 2958 2959 2957
f 2959 2951 2883
f 2880 2892 2882
f 2960 2891 2893
f 2893 2894 2960
f 2963 2961 2962
f 2963 2964 2894
f 2961 2965 2966
f 2966 2895 2967
f 2878 2967 2895
f 2896 2967 2968
f 2969 2970 2896
f 2897 2971 2970
f 2876 2971 2897
f 2877 2874 2875
f 2872 2875 2873
f 2872 2972 2973
f 2974 2973 2972
f 2975 2974 2898
f 2974 2975 2976
f 2976 2906 2977
f 2906 2978 2979
f 2979 2982 2906
f 2981 2979 2980
f 2981 2982 2979
f 2983 2981 2907
f 2908 2983 2984
f 2869 2908 2868
f 2869 2909 2986
f 2985 2986 2909
f 2987 2860 2863
f 2988 2989 2987
f 2987 2989 2861
f 2991 2988 2990
f 2990 2988 2987
f 2991 2992 2903
f 2900 2901 2993
f 2950 2994 2914
f 2950 2949 2995
f 2996 2938 2997
f 2998 3006 2999
f 3000 3003 3005
f 3001 3002 3004
f 3002 3003 3004
f 3003 3002 3005
f 3005 2999 3000
f 2999 3006 3000
f 3008 3010 3107
f 3007 3008 3009
f 3105 3010 3008
f 3010 3105 3101
f 3090 3088 3011
f 3012 3084 3162
f 3078 3013 3083
f 3083 3082 3014
f 3015 3016 3065
f 3017 3018 3064
f 3062 3020 3018
f 3062 3019 3159
f 3062 3059 3020
f 3021 3022 3058
f 3023 3058 3151
f 3024 3023 3151
f 3025 3054 3026
f 3048 3028 3027
f 3027 3028 3029
f 3028 3047 3029
f 3028 3138 3047
f 3030 3046 3138
f 3030 3138 3135
f 3031 3030 3135
f 3135 3033 3031
f 3035 3032 3135
f 3135 3111 3035
f 3135 3032 3033
f 3111 3034 3035
f 3034 3111 3038
f 3037 3111 3036
f 3037 3038 3111
f 3036 3111 3128
f 3039 3036 3128
f 3128 3125 3040
f 3040 3039 3128
f 3125 3041 3040
f 3041 3125 3042
f 3042 3125 3109
f 3043 3042 3109
f 3044 3126 3045
f 3046 3047 3138
f 3028 3048 3049
f 3114 3028 3145
f 3028 3049 3052
f 3025 3050 3051
f 3028 3052 3025
f 3052 3050 3025
f 3051 3053 3025
f 3054 3025 3053
f 3025 3026 3055
f 3056 3025 3055
f 3056 3151 3025
f 3056 3057 3151
f 3024 3151 3057
f 3058 3022 3151
f 3060 3159 3022
f 3060 3022 3021
f 3059 3159 3060
f 3159 3059 3062
f 3062 3018 3017
f 3061 3062 3017
f 3063 3061 3017
f 3066 3160 3017
f 3017 3064 3066
f 3066 3065 3161
f 3067 3066 3064
f 3067 3065 3066
f 3073 3016 3015
f 3067 3071 3065
f 3068 3069 3070
f 3065 3071 3015
f 3015 3071 3072
f 3068 3073 3015
f 3073 3068 3070
f 3072 3074 3015
f 3068 3015 3074
f 3068 3074 3075
f 3081 3076 3068
f 3080 3076 3081
f 3077 3068 3075
f 3081 3068 3077
f 3077 3078 3081
f 3079 3080 3083
f 3080 3081 3083
f 3081 3078 3083
f 3083 3014 3079
f 3013 3118 3083
f 3082 3083 3084
f 3118 3084 3083
f 3162 3085 3012
f 3119 3086 3162
f 3162 3088 3087
f 3162 3086 3088
f 3089 3088 3086
f 3011 3088 3089
f 3163 3088 3090
f 3011 3091 3090
f 3091 3092 3090
f 3094 3092 3091
f 3120 3090 3092
f 3099 3092 3094
f 3093 3092 3099
f 3094 3097 3099
f 3099 3095 3096
f 3099 3097 3100
f 3095 3104 3098
f 3104 3095 3099
f 3099 3100 3104
f 3100 3102 3104
f 3101 3104 3102
f 3104 3103 3098
f 3105 3104 3101
f 3105 3103 3104
f 3106 3103 3105
f 3008 3123 3106
f 3105 3008 3106
f 3107 3009 3008
f 3165 3008 3108
f 3126 3044 3109
f 3128 3126 3125
f 3111 3110 3128
f 3110 3111 3112
f 3112 3135 3134
f 3135 3138 3113
f 3114 3115 3138
f 3025 3145 3028
f 3117 3145 3025
f 3151 3116 3117
f 3151 3117 3025
f 3155 3151 3022
f 3157 3022 3159
f 3119 3084 3118
f 3162 3084 3119
f 3121 3163 3090
f 3120 3121 3090
f 3122 3123 3008
f 3007 3108 3008
f 3126 3124 3045
f 3125 3126 3109
f 3124 3128 3127
f 3124 3126 3128
f 3127 3128 3129
f 3129 3110 3130
f 3129 3128 3110
f 3130 3110 3131
f 3131 3110 3132
f 3132 3110 3112
f 3132 3112 3133
f 3112 3134 3133
f 3135 3112 3111
f 3135 3136 3134
f 3135 3113 3136
f 3138 3137 3113
f 3138 3115 3137
f 3114 3139 3115
f 3028 3114 3138
f 3140 3139 3114
f 3142 3140 3114
f 3141 3142 3114
f 3141 3114 3143
f 3114 3145 3143
f 3143 3145 3144
f 3144 3145 3146
f 3146 3145 3147
f 3147 3117 3148
f 3147 3145 3117
f 3148 3117 3149
f 3117 3150 3149
f 3117 3116 3150
f 3151 3152 3116
f 3151 3154 3152
f 3151 3153 3154
f 3155 3153 3151
f 3156 3155 3022
f 3157 3156 3022
f 3158 3157 3159
f 3158 3159 3019
f 3019 3062 3061
f 3063 3017 3160
f 3160 3066 3161
f 3065 3016 3161
f 3069 3068 3076
f 3087 3085 3162
f 3163 3087 3088
f 3120 3092 3164
f 3164 3092 3093
f 3099 3096 3093
f 3122 3008 3165
f 3200 3167 3201
f 3198 3166 3167
f 3197 3168 3169
f 3168 3170 3172
f 3172 3170 3171
f 3195 3172 3171
f 3193 3173 3174
f 3195 3194 3173
f 3173 3194 3174
f 3184 3175 3182
f 3184 3176 3175
f 3178 3175 3176
f 3176 3177 3178
f 3192 3181 3191
f 3179 3180 3181
f 3182 3183 3184
f 3184 3183 3185
f 3187 3185 3183
f 3187 3188 3185
f 3190 3187 3186
f 3187 3190 3188
f 3179 3190 3189
f 3186 3189 3190
f 3179 3189 3180
f 3181 3180 3191
f 3174 3192 3193
f 3192 3191 3193
f 3171 3194 3195
f 3170 3168 3196
f 3168 3197 3196
f 3197 3169 3198
f 3198 3169 3166
f 3167 3200 3198
f 3199 3200 3201
f 3202 3203 3204
f 3202 3204 3205
f 3206 3207 3238
f 3235 3208 3236
f 3233 3208 3234
f 3210 3232 3233
f 3229 3209 3231
f 3231 3209 3210
f 3226 3228 3227
f 3212 3211 3218
f 3214 3211 3212
f 3211 3214 3213
f 3213 3214 3217
f 3217 3215 3213
f 3216 3215 3217
f 3222 3220 3218
f 3212 3218 3220
f 3219 3220 3222
f 3221 3219 3222
f 3224 3221 3223
f 3224 3219 3221
f 3224 3223 3225
f 3225 3223 3228
f 3230 3226 3227
f 3226 3225 3228
f 3229 3230 3227
f 3229 3231 3230
f 3209 3232 3210
f 3232 3208 3233
f 3234 3208 3235
f 3235 3236 3237
f 3236 3206 3237
f 3237 3206 3238
f 3239 3238 3207
f 3239 3207 3240
f 3242 3266 3241
f 3241 3264 3242
f 3259 3243 3245
f 3243 3263 3244
f 3245 3260 3262
f 3258 3256 3255
f 3253 3254 3246
f 3249 3247 3253
f 3248 3250 3249
f 3247 3249 3250
f 3248 3251 3250
f 3248 3252 3251
f 3246 3249 3253
f 3246 3254 3255
f 3256 3246 3255
f 3256 3257 3260
f 3256 3258 3257
f 3260 3257 3261
f 3245 3262 3259
f 3260 3261 3262
f 3243 3244 3245
f 3264 3241 3244
f 3263 3264 3244
f 3242 3265 3266
f 3279 3267 3281
f 3277 3267 3268
f 3270 3277 3269
f 3280 3281 3267
f 3267 3270 3278
f 3279 3281 3271
f 3278 3276 3283
f 3275 3273 3283
f 3273 3272 3283
f 3273 3275 3274
f 3275 3283 3276
f 3267 3277 3270
f 3278 3283 3280
f 3279 3268 3267
f 3278 3280 3267
f 3281 3280 3282
f 3272 3282 3280
f 3280 3283 3272
f 3579 3284 3614
f 3319 3476 3285
f 3512 3285 3315
f 3437 3393 3439
f 3346 3286 3340
f 3287 3288 3289
f 3464 3289 3290
f 3464 3290 3498
f 3292 3463 3498
f 3291 3292 3293
f 3293 3292 3294
f 3349 3348 3344
f 3308 3408 3363
f 3421 3452 3432
f 3295 3593 3592
f 3535 3296 3533
f 3561 3562 3579
f 3666 3668 3670
f 3297 3579 3613
f 3665 3664 3651
f 3677 3663 3298
f 3602 3297 3603
f 3603 3635 3599
f 3299 3636 3300
f 3302 3680 3672
f 3643 3624 3301
f 3301 3302 3643
f 3645 3591 3303
f 3562 3534 3547
f 3532 3547 3535
f 3534 3304 3488
f 3433 3473 3306
f 3473 3472 3432
f 3421 3305 3392
f 3305 3390 3407
f 3454 3306 3473
f 3307 3408 3308
f 3373 3361 3309
f 3308 3373 3310
f 3309 3361 3355
f 3355 3361 3311
f 3343 3341 3312
f 3312 3341 3286
f 3365 3367 3358
f 3345 3313 3346
f 3313 3358 3356
f 3357 3394 3409
f 3357 3367 3314
f 3394 3357 3314
f 3285 3512 3456
f 3511 3540 3538
f 3425 3393 3395
f 3540 3511 3315
f 3318 3477 3319
f 3589 3316 3317
f 3459 3477 3318
f 3476 3319 3477
f 3315 3526 3513
f 3476 3526 3285
f 3568 3323 3320
f 3321 3322 3568
f 3322 3594 3295
f 3323 3322 3590
f 3324 3325 3590
f 3326 3551 3550
f 3328 3332 3327
f 3327 3332 3331
f 3571 3332 3328
f 3332 3329 3584
f 3572 3584 3329
f 3551 3330 3569
f 3569 3331 3332
f 3329 3332 3333
f 3573 3334 3335
f 3336 3574 3337
f 3340 3338 3345
f 3341 3339 3340
f 3286 3341 3340
f 3339 3341 3342
f 3341 3343 3342
f 3342 3343 3344
f 3343 3350 3344
f 3351 3365 3358
f 3370 3386 3368
f 3340 3345 3346
f 3338 3340 3339
f 3339 3354 3338
f 3347 3339 3342
f 3339 3347 3354
f 3348 3347 3342
f 3342 3344 3348
f 3349 3344 3350
f 3313 3345 3358
f 3345 3351 3358
f 3351 3345 3338
f 3354 3352 3338
f 3338 3352 3351
f 3347 3353 3354
f 3354 3353 3352
f 3347 3311 3353
f 3347 3348 3311
f 3348 3355 3311
f 3349 3355 3348
f 3364 3349 3350
f 3356 3367 3357
f 3356 3358 3367
f 3426 3287 3289
f 3351 3352 3359
f 3351 3359 3365
f 3352 3369 3359
f 3353 3360 3352
f 3352 3360 3369
f 3311 3378 3353
f 3353 3378 3360
f 3311 3362 3378
f 3361 3362 3311
f 3408 3407 3363
f 3355 3349 3364
f 3309 3355 3364
f 3365 3366 3367
f 3314 3367 3366
f 3368 3385 3366
f 3368 3366 3365
f 3370 3365 3359
f 3365 3370 3368
f 3375 3359 3369
f 3375 3370 3359
f 3369 3371 3375
f 3360 3371 3369
f 3360 3372 3371
f 3360 3378 3372
f 3380 3361 3373
f 3373 3363 3381
f 3380 3362 3361
f 3308 3310 3307
f 3309 3310 3373
f 3383 3385 3398
f 3374 3370 3375
f 3376 3375 3371
f 3375 3376 3374
f 3372 3377 3371
f 3371 3377 3376
f 3377 3372 3378
f 3378 3379 3377
f 3362 3379 3378
f 3362 3391 3379
f 3380 3381 3391
f 3407 3405 3381
f 3362 3380 3391
f 3363 3407 3381
f 3380 3373 3381
f 3308 3363 3373
f 3314 3382 3394
f 3366 3383 3314
f 3382 3314 3383
f 3410 3411 3444
f 3385 3383 3366
f 3384 3385 3386
f 3385 3368 3386
f 3370 3374 3389
f 3370 3389 3386
f 3387 3374 3376
f 3387 3388 3389
f 3387 3389 3374
f 3415 3376 3377
f 3376 3415 3387
f 3403 3377 3379
f 3403 3415 3377
f 3404 3403 3379
f 3379 3391 3404
f 3406 3405 3390
f 3391 3405 3404
f 3391 3381 3405
f 3392 3305 3423
f 3396 3395 3393
f 3394 3395 3396
f 3382 3395 3394
f 3383 3397 3382
f 3397 3395 3382
f 3398 3397 3383
f 3384 3400 3411
f 3384 3398 3385
f 3400 3401 3399
f 3384 3401 3400
f 3401 3384 3386
f 3389 3388 3401
f 3389 3401 3386
f 3412 3429 3402
f 3387 3412 3388
f 3412 3387 3415
f 3416 3415 3403
f 3417 3403 3404
f 3417 3416 3403
f 3405 3406 3404
f 3404 3406 3417
f 3421 3419 3390
f 3390 3405 3407
f 3305 3407 3408
f 3305 3408 3423
f 3424 3408 3307
f 3408 3424 3423
f 3409 3394 3396
f 3425 3395 3397
f 3397 3410 3425
f 3410 3397 3398
f 3493 3442 3426
f 3411 3410 3398
f 3411 3287 3444
f 3398 3384 3411
f 3399 3388 3413
f 3399 3401 3388
f 3388 3412 3413
f 3428 3412 3415
f 3415 3448 3428
f 3448 3416 3414
f 3448 3415 3416
f 3414 3416 3417
f 3406 3418 3417
f 3417 3418 3414
f 3406 3419 3418
f 3390 3419 3406
f 3452 3455 3454
f 3434 3420 3475
f 3305 3421 3390
f 3422 3423 3424
f 3396 3393 3435
f 3425 3410 3440
f 3439 3393 3425
f 3440 3439 3425
f 3492 3441 3478
f 3444 3426 3442
f 3411 3400 3287
f 3462 3498 3445
f 3287 3400 3288
f 3399 3427 3288
f 3399 3288 3400
f 3427 3399 3413
f 3402 3413 3412
f 3428 3448 3429
f 3429 3412 3428
f 3430 3467 3504
f 3430 3414 3449
f 3430 3448 3414
f 3449 3414 3451
f 3451 3414 3418
f 3431 3470 3451
f 3419 3431 3418
f 3418 3431 3451
f 3432 3472 3431
f 3431 3419 3432
f 3524 3296 3433
f 3432 3419 3421
f 3392 3423 3422
f 3455 3452 3392
f 3392 3422 3455
f 3422 3434 3455
f 3437 3435 3393
f 3456 3436 3318
f 3437 3438 3435
f 3456 3318 3319
f 3437 3458 3438
f 3439 3440 3460
f 3437 3439 3458
f 3458 3439 3460
f 3440 3442 3460
f 3441 3492 3518
f 3440 3410 3444
f 3440 3444 3442
f 3495 3493 3426
f 3443 3520 3462
f 3287 3426 3444
f 3445 3498 3463
f 3465 3499 3290
f 3446 3447 3402
f 3413 3402 3447
f 3447 3427 3413
f 3402 3466 3446
f 3448 3430 3504
f 3504 3429 3448
f 3449 3450 3506
f 3450 3451 3469
f 3450 3449 3451
f 3451 3470 3469
f 3431 3472 3470
f 3452 3421 3392
f 3474 3453 3525
f 3432 3452 3473
f 3454 3473 3452
f 3454 3455 3434
f 3436 3435 3438
f 3438 3318 3436
f 3456 3319 3285
f 3539 3538 3540
f 3438 3459 3318
f 3458 3460 3457
f 3438 3458 3459
f 3461 3491 3457
f 3458 3457 3459
f 3457 3460 3461
f 3442 3493 3461
f 3442 3461 3460
f 3495 3519 3518
f 3462 3520 3495
f 3463 3292 3528
f 3464 3426 3289
f 3288 3465 3289
f 3465 3427 3499
f 3446 3427 3447
f 3427 3446 3499
f 3466 3502 3446
f 3429 3466 3402
f 3504 3481 3466
f 3466 3429 3504
f 3430 3506 3467
f 3506 3430 3449
f 3450 3468 3485
f 3468 3469 3471
f 3471 3469 3470
f 3470 3486 3471
f 3487 3470 3472
f 3486 3470 3487
f 3487 3472 3433
f 3537 3525 3489
f 3472 3473 3433
f 3474 3475 3420
f 3475 3454 3434
f 3459 3457 3491
f 3490 3476 3477
f 3459 3491 3477
f 3541 3492 3517
f 3492 3478 3516
f 3495 3464 3462
f 3464 3495 3426
f 3462 3521 3479
f 3465 3290 3289
f 3499 3500 3496
f 3288 3427 3465
f 3446 3480 3499
f 3503 3481 3504
f 3504 3467 3482
f 3506 3483 3467
f 3507 3485 3484
f 3506 3450 3485
f 3468 3450 3469
f 3486 3487 3531
f 3487 3296 3488
f 3487 3433 3296
f 3523 3561 3297
f 3548 3537 3489
f 3306 3454 3475
f 3306 3475 3474
f 3477 3491 3490
f 3490 3526 3476
f 3494 3527 3491
f 3492 3515 3494
f 3461 3494 3491
f 3492 3461 3493
f 3494 3461 3492
f 3492 3493 3495
f 3464 3498 3462
f 3498 3496 3497
f 3290 3496 3498
f 3499 3496 3290
f 3500 3499 3501
f 3480 3501 3499
f 3480 3446 3502
f 3502 3466 3481
f 3482 3503 3504
f 3482 3467 3483
f 3483 3506 3505
f 3505 3506 3507
f 3485 3507 3506
f 3507 3484 3508
f 3509 3543 3468
f 3509 3468 3471
f 3530 3509 3471
f 3531 3510 3530
f 3486 3530 3471
f 3486 3531 3530
f 3535 3488 3296
f 3488 3531 3487
f 3524 3433 3306
f 3524 3306 3474
f 3524 3474 3525
f 3420 3453 3474
f 3511 3512 3315
f 3320 3566 3539
f 3568 3540 3513
f 3285 3526 3315
f 3515 3514 3555
f 3490 3491 3527
f 3515 3542 3514
f 3515 3492 3541
f 3516 3517 3492
f 3495 3518 3492
f 3519 3495 3520
f 3479 3443 3462
f 3445 3521 3462
f 3498 3497 3292
f 3522 3508 3484
f 3545 3522 3543
f 3485 3468 3484
f 3484 3468 3543
f 3509 3559 3558
f 3304 3523 3510
f 3533 3296 3524
f 3581 3562 3547
f 3533 3524 3525
f 3525 3537 3533
f 3489 3525 3453
f 3317 3566 3320
f 3637 3582 3608
f 3315 3513 3540
f 3490 3552 3526
f 3552 3321 3513
f 3513 3526 3552
f 3326 3527 3515
f 3490 3527 3326
f 3291 3528 3292
f 3484 3543 3522
f 3546 3578 3575
f 3543 3509 3558
f 3578 3559 3529
f 3530 3559 3509
f 3530 3510 3559
f 3304 3531 3488
f 3510 3531 3304
f 3532 3535 3533
f 3534 3488 3535
f 3534 3535 3547
f 3564 3563 3536
f 3532 3533 3537
f 3565 3563 3548
f 3537 3548 3532
f 3566 3538 3539
f 3568 3539 3540
f 3513 3321 3568
f 3552 3490 3326
f 3551 3515 3555
f 3527 3494 3515
f 3541 3542 3515
f 3543 3544 3545
f 3543 3558 3544
f 3558 3546 3557
f 3587 3564 3536
f 3547 3532 3548
f 3547 3548 3563
f 3489 3565 3548
f 3325 3605 3549
f 3323 3325 3549
f 3568 3320 3539
f 3552 3567 3321
f 3550 3552 3326
f 3551 3553 3330
f 3552 3550 3567
f 3553 3551 3556
f 3554 3551 3555
f 3326 3515 3551
f 3556 3551 3554
f 3557 3544 3558
f 3558 3578 3546
f 3578 3577 3576
f 3611 3606 3600
f 3578 3558 3559
f 3510 3529 3559
f 3634 3631 3560
f 3529 3510 3523
f 3581 3284 3562
f 3304 3561 3523
f 3534 3561 3304
f 3587 3284 3581
f 3534 3562 3561
f 3562 3284 3579
f 3581 3547 3563
f 3563 3564 3581
f 3536 3563 3565
f 3316 3566 3317
f 3637 3605 3625
f 3317 3320 3323
f 3321 3567 3594
f 3568 3322 3323
f 3322 3321 3594
f 3594 3567 3550
f 3332 3551 3569
f 3551 3332 3570
f 3570 3550 3551
f 3584 3335 3334
f 3333 3332 3571
f 3572 3335 3584
f 3334 3573 3574
f 3337 3574 3573
f 3578 3576 3575
f 3585 3576 3577
f 3529 3577 3578
f 3614 3613 3579
f 3579 3297 3561
f 3580 3607 3587
f 3586 3580 3587
f 3587 3581 3564
f 3637 3638 3582
f 3323 3549 3317
f 3550 3583 3594
f 3593 3295 3594
f 3583 3550 3570
f 3584 3596 3332
f 3577 3606 3585
f 3601 3577 3529
f 3529 3523 3602
f 3529 3602 3601
f 3622 3623 3616
f 3297 3602 3523
f 3607 3284 3587
f 3536 3586 3587
f 3608 3588 3605
f 3589 3317 3549
f 3605 3589 3549
f 3325 3323 3590
f 3591 3592 3627
f 3583 3593 3594
f 3295 3590 3322
f 3595 3570 3620
f 3596 3620 3570
f 3570 3595 3583
f 3570 3332 3596
f 3620 3596 3597
f 3584 3598 3596
f 3601 3599 3600
f 3600 3577 3601
f 3601 3602 3599
f 3599 3602 3603
f 3299 3615 3613
f 3613 3603 3297
f 3604 3622 3607
f 3622 3284 3607
f 3604 3580 3617
f 3588 3589 3605
f 3593 3583 3595
f 3597 3596 3598
f 3610 3620 3597
f 3577 3600 3606
f 3614 3284 3622
f 3607 3580 3604
f 3605 3637 3608
f 3325 3625 3605
f 3295 3609 3590
f 3625 3325 3324
f 3324 3590 3609
f 3592 3593 3627
f 3592 3609 3295
f 3619 3627 3595
f 3595 3627 3593
f 3620 3610 3629
f 3611 3600 3630
f 3560 3612 3600
f 3599 3560 3600
f 3615 3603 3613
f 3599 3635 3560
f 3299 3613 3614
f 3635 3603 3615
f 3299 3614 3616
f 3616 3614 3622
f 3618 3623 3604
f 3617 3618 3604
f 3592 3591 3639
f 3324 3609 3644
f 3619 3620 3629
f 3595 3620 3619
f 3600 3612 3630
f 3633 3631 3632
f 3653 3623 3621
f 3621 3623 3618
f 3622 3604 3623
f 3625 3624 3626
f 3625 3626 3637
f 3324 3644 3624
f 3624 3625 3324
f 3609 3639 3644
f 3646 3591 3627
f 3639 3609 3592
f 3619 3646 3627
f 3646 3619 3628
f 3628 3619 3629
f 3633 3630 3612
f 3631 3648 3632
f 3633 3612 3631
f 3649 3631 3676
f 3560 3631 3612
f 3634 3635 3650
f 3635 3634 3560
f 3615 3300 3650
f 3615 3650 3635
f 3652 3636 3616
f 3300 3615 3299
f 3623 3652 3616
f 3299 3616 3636
f 3652 3623 3653
f 3638 3637 3626
f 3642 3638 3626
f 3639 3658 3640
f 3647 3646 3641
f 3628 3641 3646
f 3642 3626 3643
f 3626 3624 3643
f 3644 3640 3301
f 3301 3624 3644
f 3640 3644 3639
f 3591 3645 3658
f 3639 3591 3658
f 3646 3647 3655
f 3648 3631 3649
f 3634 3651 3676
f 3676 3631 3634
f 3650 3665 3651
f 3651 3634 3650
f 3665 3300 3667
f 3665 3650 3300
f 3636 3668 3667
f 3667 3300 3636
f 3652 3654 3668
f 3653 3654 3652
f 3303 3646 3655
f 3591 3646 3303
f 3662 3303 3655
f 3675 3649 3676
f 3670 3668 3654
f 3636 3652 3668
f 3643 3672 3656
f 3656 3642 3643
f 3640 3657 3301
f 3302 3301 3657
f 3640 3659 3657
f 3659 3640 3658
f 3658 3660 3659
f 3645 3660 3658
f 3674 3645 3303
f 3660 3645 3674
f 3674 3303 3661
f 3661 3303 3662
f 3663 3677 3676
f 3651 3663 3676
f 3651 3664 3663
f 3665 3678 3664
f 3678 3665 3667
f 3678 3667 3666
f 3666 3667 3668
f 3669 3670 3671
f 3670 3654 3671
f 3643 3302 3672
f 3657 3679 3302
f 3657 3682 3679
f 3657 3659 3682
f 3681 3659 3660
f 3673 3674 3661
f 3675 3676 3677
f 3683 3663 3664
f 3678 3684 3664
f 3678 3685 3684
f 3678 3666 3685
f 3666 3670 3669
f 3302 3679 3680
f 3681 3682 3659
f 3683 3664 3684
f 3685 3666 3686
f 3686 3666 3687
f 3687 3666 3669
f 3689 3724 3688
f 3692 3689 3688
f 3692 3688 3690
f 3690 3691 3692
f 3694 3691 3693
f 3694 3693 3695
f 3693 3696 3695
f 3696 3698 3695
f 3698 3696 3697
f 3697 3699 3698
f 3699 3697 3700
f 3701 3699 3700
f 3701 3702 3699
f 3703 3702 3701
f 3703 3704 3702
f 3692 3691 3705
f 3724 3722 3706
f 3707 3706 3720
f 3721 3709 3707
f 3708 3709 3719
f 3715 3710 3714
f 3713 3715 3711
f 3715 3713 3716
f 3712 3713 3711
f 3714 3710 3717
f 3715 3716 3710
f 3714 3717 3718
f 3708 3719 3718
f 3708 3718 3717
f 3721 3719 3709
f 3720 3721 3707
f 3720 3706 3723
f 3722 3723 3706
f 3722 3724 3689
f 3691 3694 3705
f 3725 3726 3727
f 3725 3728 3726
f 3729 3730 3731
f 3778 3731 3730
f 3731 3778 3777
f 3732 3734 3733
f 3733 3734 3735
f 3737 3736 3738
f 3783 3737 3738
f 3738 3739 3783
f 3771 3782 3772
f 3770 3740 3771
f 3744 3740 3770
f 3744 3741 3740
f 3741 3742 3743
f 3742 3741 3744
f 3781 3743 3742
f 3781 3745 3769
f 3746 3768 3748
f 3767 3779 3747
f 3746 3748 3767
f 3749 3750 3751
f 3780 3749 3751
f 3765 3752 3753
f 3750 3765 3753
f 3766 3754 3755
f 3764 3755 3754
f 3756 3763 3757
f 3762 3761 3757
f 3762 3759 3761
f 3760 3759 3758
f 3759 3760 3761
f 3762 3757 3763
f 3756 3757 3764
f 3756 3764 3754
f 3755 3752 3766
f 3752 3765 3766
f 3750 3749 3765
f 3767 3747 3746
f 3745 3748 3768
f 3745 3768 3769
f 3770 3771 3772
f 3782 3739 3772
f 3773 3736 3774
f 3774 3776 3773
f 3775 3773 3776
f 3775 3776 3735
f 3775 3735 3734
f 3732 3733 3777
f 3732 3777 3778
f 3747 3779 3780
f 3749 3780 3779
f 3743 3781 3769
f 3739 3782 3783
f 3774 3736 3737
f 3813 3789 3797
f 3784 3788 3813
f 3785 3784 3813
f 3817 3831 3827
f 3785 3809 3786
f 3811 3812 3809
f 3810 3809 3787
f 3797 3800 3818
f 3788 3789 3813
f 3849 3826 3830
f 3791 3848 3790
f 3791 3847 3848
f 3798 3792 3799
f 3792 3801 3799
f 3802 3796 3816
f 3814 3793 3805
f 3844 3822 3832
f 3794 3807 3806
f 3795 3794 3806
f 3795 3806 3796
f 3806 3793 3816
f 3801 3804 3802
f 3798 3797 3789
f 3797 3798 3799
f 3800 3799 3825
f 3801 3802 3799
f 3802 3816 3815
f 3803 3802 3804
f 3796 3802 3803
f 3806 3816 3796
f 3805 3793 3806
f 3808 3805 3806
f 3806 3807 3808
f 3809 3810 3811
f 3809 3819 3828
f 3812 3786 3809
f 3809 3785 3819
f 3819 3785 3813
f 3802 3815 3825
f 3793 3814 3815
f 3793 3815 3816
f 3821 3814 3844
f 3787 3809 3828
f 3819 3827 3828
f 3817 3813 3818
f 3819 3813 3817
f 3818 3800 3823
f 3823 3800 3835
f 3818 3813 3797
f 3800 3797 3799
f 3799 3802 3825
f 3836 3820 3815
f 3821 3815 3814
f 3822 3844 3814
f 3805 3822 3814
f 3827 3819 3817
f 3818 3823 3831
f 3820 3824 3825
f 3836 3815 3821
f 3837 3836 3821
f 3844 3839 3821
f 3844 3845 3839
f 3827 3826 3828
f 3849 3848 3847
f 3817 3818 3831
f 3825 3824 3835
f 3800 3825 3835
f 3815 3820 3825
f 3823 3830 3831
f 3826 3827 3831
f 3820 3840 3824
f 3836 3851 3820
f 3837 3821 3839
f 3828 3826 3829
f 3826 3849 3829
f 3830 3826 3831
f 3835 3834 3823
f 3840 3820 3851
f 3832 3833 3844
f 3830 3834 3850
f 3834 3830 3823
f 3835 3824 3859
f 3851 3836 3837
f 3838 3843 3839
f 3845 3838 3839
f 3849 3830 3850
f 3859 3834 3835
f 3824 3840 3859
f 3854 3859 3840
f 3841 3852 3851
f 3842 3851 3837
f 3837 3839 3843
f 3844 3846 3845
f 3846 3844 3833
f 3829 3849 3847
f 3790 3848 3850
f 3849 3850 3848
f 3856 3850 3834
f 3851 3852 3840
f 3853 3855 3850
f 3859 3858 3834
f 3854 3840 3852
f 3851 3842 3841
f 3850 3855 3790
f 3853 3850 3856
f 3857 3856 3834
f 3858 3857 3834
f 3859 3854 3860
f 3858 3859 3860
f 3864 3861 3862
f 3863 3864 3862
f 3865 3867 3866
f 3869 3866 3867
f 3867 3868 3869
f 3869 3868 3870
f 3868 3871 3870
f 3872 3871 3868
f 3873 3872 3868
f 3897 3873 3868
f 3897 3874 3873
f 3914 3896 3898
f 3897 3875 3874
f 3876 3875 3897
f 3865 3877 3867
f 3877 3878 3867
f 3884 3867 3878
f 3878 3879 3884
f 3880 3884 3879
f 3881 3884 3880
f 3881 3882 3884
f 3884 3882 3883
f 3883 3885 3884
f 3884 3885 3887
f 3886 3887 3885
f 3886 3892 3887
f 3887 3892 3908
f 3979 3965 3888
f 4001 3889 3989
f 4036 4075 4074
f 4013 3889 3890
f 3890 4075 4013
f 3891 4075 3890
f 4075 3891 4037
f 3908 3892 3893
f 3868 3899 3897
f 3868 3867 3900
f 3899 3868 3900
f 3900 3867 3894
f 3867 3884 3894
f 3902 3894 3884
f 3884 3887 3906
f 3884 3906 3902
f 3910 3906 3887
f 3917 3907 3895
f 3899 3896 3897
f 3899 3898 3896
f 3899 3900 3898
f 3900 3894 3901
f 3902 3903 3894
f 3903 3901 3894
f 3902 3906 3903
f 3910 3907 3906
f 3898 3915 3914
f 3898 3900 3916
f 3898 3916 3915
f 3916 3900 3904
f 3900 3901 3904
f 3904 3901 3909
f 3901 3903 3909
f 3924 3909 3905
f 3905 3909 3903
f 3903 3906 3905
f 3906 3907 3905
f 3910 3895 3907
f 3911 3895 3910
f 3887 3908 3910
f 3914 3912 3896
f 3924 3904 3909
f 3925 3905 3907
f 3910 3908 3911
f 3914 3918 3912
f 3912 3918 3913
f 3915 3920 3914
f 3914 3920 3918
f 3916 3920 3915
f 3916 3921 3920
f 3904 3921 3916
f 3921 3904 3922
f 3924 3922 3904
f 3925 3924 3905
f 3907 3917 3925
f 3895 3928 3917
f 3920 3929 3918
f 3921 3919 3920
f 3920 3919 3929
f 3922 3919 3921
f 3931 3930 3936
f 3919 3922 3931
f 3924 3932 3922
f 3931 3922 3932
f 3923 3932 3924
f 3925 3923 3924
f 3925 3926 3923
f 3917 3926 3925
f 3940 3926 3917
f 3940 3917 3928
f 3895 3911 3928
f 3911 3927 3928
f 3913 3945 3942
f 3918 3945 3913
f 3945 3918 3944
f 3929 3944 3918
f 3944 3929 3934
f 3919 3934 3929
f 3934 3919 3936
f 3931 3936 3919
f 3930 3932 3939
f 3931 3932 3930
f 3932 3923 3939
f 3939 3923 3933
f 3933 3923 3926
f 3948 3933 3926
f 3888 3948 3940
f 3952 3944 3934
f 3952 3934 3953
f 3936 3953 3934
f 3935 3953 3936
f 3930 3935 3936
f 3956 3935 3939
f 3930 3939 3935
f 3938 3956 3939
f 3937 3938 3933
f 3938 3939 3933
f 3888 3965 3949
f 3948 3926 3940
f 3928 3927 3940
f 3888 3940 3966
f 3941 3942 3945
f 3943 3941 3944
f 3944 3941 3945
f 3952 3943 3944
f 3946 3953 3935
f 3935 3956 3946
f 3974 3963 3938
f 3947 3974 3937
f 3948 3937 3933
f 3949 3947 3948
f 3940 3927 3966
f 3978 3966 3927
f 3960 3958 3941
f 3941 3958 3942
f 3950 3960 3941
f 3943 3950 3941
f 3951 3950 3943
f 3951 3943 3952
f 3951 3952 3954
f 3953 3954 3952
f 3953 3946 3954
f 3955 3954 3946
f 3956 3955 3946
f 3955 3956 3963
f 3956 3938 3963
f 3974 3938 3937
f 3977 3974 3947
f 3948 3947 3937
f 4011 3975 3957
f 3948 3888 3949
f 3978 3979 3966
f 3967 3958 3960
f 3967 3960 3959
f 3959 3960 3950
f 3970 3950 3951
f 3971 3970 3951
f 3954 3971 3951
f 3971 3954 3961
f 3955 3961 3954
f 3961 3955 3972
f 3963 3972 3955
f 3962 3972 3963
f 3986 3962 3964
f 3964 3977 3976
f 3977 3947 3949
f 4022 4070 4035
f 3976 3965 3989
f 3888 3966 3979
f 3967 3980 3968
f 3968 3958 3967
f 3980 3967 3959
f 3969 3980 3959
f 3969 3959 3950
f 3969 3950 3970
f 3969 3970 3982
f 3982 3970 3971
f 3982 3961 3984
f 3961 3982 3971
f 3972 3984 3961
f 3972 3973 3984
f 3962 3985 3972
f 3963 3974 3962
f 3962 3974 3964
f 3974 3977 3964
f 3976 3975 3964
f 3976 3977 3949
f 3989 3988 3976
f 3949 3965 3976
f 3989 3965 3979
f 3978 4001 3979
f 4001 3989 3979
f 3980 3991 3968
f 3991 3980 3981
f 3969 3981 3980
f 3981 3969 3992
f 3982 3994 3969
f 3992 3969 3994
f 3994 3982 3983
f 3984 3983 3982
f 3983 3984 3973
f 3985 3973 3972
f 3986 3985 3962
f 4000 4011 3999
f 3964 3975 3986
f 4011 3957 3987
f 3975 3976 3957
f 3957 3976 3988
f 3889 4013 3988
f 3889 3988 3989
f 3978 4014 4001
f 3991 3990 4002
f 3991 3981 4005
f 3990 3991 4005
f 4005 3981 3992
f 4005 3992 4006
f 3993 4007 4006
f 3992 3994 3993
f 4006 3992 3993
f 3993 3994 3995
f 3994 3983 3995
f 3995 3983 3997
f 4054 3996 4031
f 3983 3973 3997
f 4020 4008 4032
f 4008 3997 3973
f 3973 3985 4008
f 4008 3985 4009
f 3985 3986 4009
f 4000 4010 4009
f 3998 4010 3999
f 4009 3986 4000
f 3986 3975 4000
f 3975 4011 4000
f 3988 4035 3957
f 4001 3890 3889
f 3968 3991 4002
f 4002 4003 4015
f 3990 4003 4002
f 3990 4005 4003
f 4005 4004 4003
f 4006 4004 4005
f 4006 4007 4004
f 3995 4018 3993
f 3993 4018 4007
f 3995 4019 4018
f 3995 3997 4019
f 4019 3997 4020
f 3997 4008 4020
f 4008 4009 4010
f 4059 3998 4062
f 3999 4010 4000
f 4011 4012 3999
f 4011 3987 4012
f 3987 3957 4035
f 4013 4036 4035
f 4035 3988 4013
f 4001 4014 3890
f 4016 4015 4003
f 4015 4016 4039
f 4004 4025 4003
f 4003 4025 4016
f 4004 4024 4025
f 4007 4024 4004
f 4024 4007 4017
f 4017 4029 4027
f 4018 4017 4007
f 4019 4028 4018
f 4018 4028 4017
f 4020 4031 4019
f 4028 4019 4031
f 4020 4032 4031
f 4010 4033 4008
f 4032 4008 4033
f 4033 4010 3998
f 3998 3999 4012
f 4012 4021 4062
f 3987 4070 4021
f 4022 4071 4070
f 4036 4073 4022
f 4036 4013 4075
f 4040 4039 4016
f 4040 4016 4023
f 4023 4025 4026
f 4024 4026 4025
f 4026 4024 4027
f 4047 4027 4029
f 4028 4029 4017
f 4029 4028 3996
f 4031 3996 4028
f 4030 3996 4054
f 4031 4032 4054
f 4054 4032 4055
f 4032 4033 4055
f 4059 4058 4055
f 4033 4059 4055
f 4033 3998 4059
f 3998 4012 4062
f 4021 4066 4062
f 4012 3987 4021
f 4070 4069 4021
f 3987 4035 4070
f 4034 4072 4022
f 4022 4035 4036
f 4037 4076 4075
f 4039 4041 4038
f 4039 4040 4041
f 4042 4041 4040
f 4040 4023 4042
f 4042 4023 4043
f 4025 4023 4016
f 4043 4023 4044
f 4044 4023 4026
f 4044 4026 4045
f 4045 4026 4046
f 4046 4026 4027
f 4046 4027 4047
f 4017 4027 4024
f 4047 4029 4048
f 4048 4029 4049
f 4049 4029 3996
f 4049 3996 4050
f 4050 3996 4030
f 4030 4054 4051
f 4051 4054 4052
f 4052 4054 4053
f 4053 4054 4055
f 4053 4055 4056
f 4055 4057 4056
f 4057 4055 4058
f 4058 4059 4060
f 4060 4059 4061
f 4061 4062 4063
f 4061 4059 4062
f 4063 4062 4064
f 4064 4062 4065
f 4065 4062 4066
f 4066 4021 4067
f 4067 4021 4069
f 4068 4069 4070
f 4068 4070 4071
f 4071 4022 4072
f 4022 4073 4034
f 4074 4073 4036
f 4074 4075 4076
f 4085 4077 4087
f 4077 4093 4087
f 4093 4092 4080
f 4078 4080 4092
f 4079 4099 4080
f 4093 4082 4081
f 4093 4077 4082
f 4083 4111 4104
f 4087 4084 4085
f 4086 4084 4087
f 4095 4086 4087
f 4088 4140 4089
f 4090 4101 4097
f 4087 4097 4096
f 4087 4096 4094
f 4098 4096 4091
f 4092 4093 4081
f 4080 4099 4093
f 4087 4093 4099
f 4099 4097 4087
f 4087 4094 4095
f 4101 4096 4097
f 4094 4096 4098
f 4079 4100 4099
f 4099 4100 4097
f 4100 4090 4097
f 4110 4101 4090
f 4080 4102 4079
f 4079 4102 4103
f 4103 4105 4100
f 4100 4079 4103
f 4100 4105 4090
f 4090 4105 4110
f 4108 4101 4110
f 4104 4105 4103
f 4110 4105 4106
f 4105 4104 4106
f 4107 4108 4110
f 4109 4083 4102
f 4103 4083 4104
f 4110 4106 4113
f 4110 4113 4107
f 4102 4083 4103
f 4109 4111 4083
f 4106 4104 4114
f 4104 4111 4114
f 4106 4114 4116
f 4116 4113 4106
f 4113 4112 4107
f 4125 4124 4115
f 4116 4121 4113
f 4109 4122 4111
f 4111 4122 4115
f 4114 4115 4117
f 4114 4111 4115
f 4118 4116 4117
f 4116 4114 4117
f 4119 4121 4118
f 4121 4116 4118
f 4113 4121 4112
f 4119 4120 4112
f 4121 4119 4112
f 4122 4126 4115
f 4123 4117 4124
f 4117 4115 4124
f 4127 4118 4123
f 4123 4118 4117
f 4127 4119 4118
f 4127 4132 4119
f 4126 4125 4115
f 4135 4125 4126
f 4127 4131 4132
f 4119 4132 4120
f 4135 4137 4125
f 4124 4125 4137
f 4123 4124 4128
f 4137 4128 4124
f 4127 4123 4129
f 4128 4129 4123
f 4131 4127 4129
f 4128 4130 4129
f 4129 4139 4131
f 4129 4130 4139
f 4131 4139 4132
f 4133 4134 4135
f 4137 4136 4128
f 4137 4134 4136
f 4128 4136 4130
f 4130 4136 4138
f 4139 4130 4138
f 4139 4138 4141
f 4135 4134 4137
f 4134 4133 4147
f 4136 4134 4147
f 4136 4147 4138
f 4144 4140 4141
f 4140 4139 4141
f 4142 4133 4145
f 4142 4147 4133
f 4146 4142 4143
f 4146 4147 4142
f 4148 4144 4146
f 4144 4138 4146
f 4142 4145 4143
f 4146 4143 4149
f 4138 4147 4146
f 4148 4146 4149
f 4141 4138 4144
f 4150 4144 4148
f 4150 4140 4144
f 4150 4089 4140
f 4184 4194 4193
f 4193 4203 4205
f 4246 4250 4227
f 4219 4233 4151
f 4219 4212 4202
f 4152 4151 4153
f 4160 4154 4162
f 4154 4155 4156
f 4154 4160 4155
f 4157 4158 4161
f 4159 4160 4162
f 4187 4161 4158
f 4255 4248 4241
f 4184 4162 4154
f 4163 4162 4165
f 4163 4159 4162
f 4164 4195 4208
f 4167 4165 4166
f 4163 4165 4167
f 4169 4167 4166
f 4168 4166 4178
f 4166 4168 4169
f 4168 4178 4175
f 4170 4171 4172
f 4173 4226 4230
f 4174 4242 4257
f 4174 4243 4242
f 4217 4188 4186
f 4175 4178 4177
f 4178 4188 4190
f 4178 4176 4177
f 4190 4176 4178
f 4180 4176 4190
f 4179 4180 4190
f 4190 4182 4179
f 4192 4182 4190
f 4181 4182 4192
f 4183 4181 4192
f 4161 4154 4156
f 4194 4184 4154
f 4185 4165 4162
f 4185 4162 4184
f 4195 4166 4165
f 4195 4165 4185
f 4178 4166 4164
f 4166 4195 4164
f 4178 4164 4186
f 4186 4188 4178
f 4189 4192 4190
f 4187 4194 4161
f 4200 4187 4199
f 4194 4154 4161
f 4237 4227 4238
f 4186 4207 4217
f 4188 4189 4190
f 4188 4191 4189
f 4201 4189 4191
f 4201 4192 4189
f 4203 4194 4187
f 4185 4184 4196
f 4203 4193 4194
f 4195 4185 4197
f 4193 4196 4184
f 4196 4197 4185
f 4207 4186 4164
f 4197 4208 4195
f 4207 4164 4208
f 4191 4188 4198
f 4201 4191 4198
f 4203 4187 4200
f 4199 4212 4200
f 4171 4207 4209
f 4217 4198 4188
f 4217 4210 4198
f 4218 4198 4210
f 4201 4198 4218
f 4202 4212 4199
f 4200 4215 4203
f 4204 4196 4193
f 4203 4215 4205
f 4221 4197 4196
f 4193 4205 4204
f 4206 4208 4197
f 4196 4204 4221
f 4209 4207 4208
f 4221 4206 4197
f 4217 4207 4171
f 4206 4209 4208
f 4209 4172 4171
f 4210 4217 4211
f 4218 4210 4211
f 4212 4215 4200
f 4250 4213 4214
f 4212 4223 4215
f 4215 4223 4205
f 4172 4209 4206
f 4170 4231 4171
f 4231 4216 4211
f 4171 4211 4217
f 4211 4171 4231
f 4218 4211 4216
f 4233 4219 4202
f 4205 4220 4228
f 4223 4220 4205
f 4204 4228 4229
f 4204 4205 4228
f 4221 4229 4222
f 4221 4204 4229
f 4206 4222 4172
f 4206 4221 4222
f 4232 4216 4231
f 4219 4223 4212
f 4224 4220 4223
f 4223 4219 4224
f 4225 4235 4172
f 4172 4222 4225
f 4235 4226 4170
f 4170 4172 4235
f 4170 4226 4231
f 4220 4227 4237
f 4220 4224 4227
f 4228 4237 4240
f 4228 4220 4237
f 4229 4240 4234
f 4240 4229 4228
f 4234 4225 4222
f 4234 4222 4229
f 4226 4235 4230
f 4226 4232 4231
f 4173 4232 4226
f 4151 4224 4219
f 4244 4151 4233
f 4224 4246 4227
f 4246 4224 4151
f 4225 4241 4248
f 4225 4234 4241
f 4235 4248 4249
f 4235 4225 4248
f 4230 4249 4243
f 4235 4249 4230
f 4174 4173 4243
f 4238 4214 4236
f 4250 4238 4227
f 4237 4238 4251
f 4251 4240 4237
f 4240 4251 4239
f 4239 4234 4240
f 4239 4252 4234
f 4252 4241 4234
f 4242 4256 4258
f 4230 4243 4173
f 4244 4245 4153
f 4246 4152 4250
f 4241 4252 4255
f 4248 4255 4247
f 4247 4249 4248
f 4249 4247 4242
f 4242 4243 4249
f 4244 4153 4151
f 4151 4152 4246
f 4213 4250 4152
f 4214 4238 4250
f 4236 4251 4238
f 4236 4253 4239
f 4236 4239 4251
f 4253 4252 4239
f 4254 4252 4253
f 4254 4255 4252
f 4256 4255 4254
f 4256 4247 4255
f 4256 4242 4247
f 4257 4242 4258
f 4282 4259 4280
f 4277 4279 4260
f 4275 4277 4274
f 4262 4261 4271
f 4271 4272 4262
f 4263 4264 4271
f 4263 4265 4264
f 4263 4268 4265
f 4268 4266 4265
f 4266 4268 4270
f 4267 4270 4268
f 4269 4270 4267
f 4271 4264 4272
f 4273 4261 4262
f 4274 4261 4273
f 4274 4277 4261
f 4277 4275 4276
f 4277 4276 4278
f 4278 4279 4277
f 4260 4279 4259
f 4260 4259 4282
f 4280 4281 4282
f 4285 4286 4300
f 4300 4283 4284
f 4300 4284 4285
f 4286 4287 4300
f 4284 4288 4285
f 4287 4289 4298
f 4291 4289 4301
f 4290 4293 4291
f 4290 4294 4293
f 4292 4293 4295
f 4293 4294 4295
f 4297 4292 4295
f 4295 4296 4297
f 4298 4299 4300
f 4298 4300 4287
f 4301 4290 4291
f 4287 4301 4289
f 4302 4325 4303
f 4304 4313 4335
f 4350 4305 4356
f 4344 4306 4367
f 4366 4306 4344
f 4307 4332 4309
f 4307 4308 4311
f 4309 4339 4343
f 4361 4341 4310
f 4328 4307 4311
f 4312 4314 4336
f 4323 4314 4302
f 4313 4314 4323
f 4315 4313 4324
f 4324 4316 4315
f 4331 4315 4316
f 4335 4347 4317
f 4333 4331 4318
f 4340 4319 4320
f 4333 4321 4319
f 4319 4322 4320
f 4323 4324 4313
f 4302 4314 4325
f 4332 4326 4325
f 4326 4303 4325
f 4327 4326 4332
f 4328 4327 4332
f 4307 4328 4332
f 4309 4343 4307
f 4329 4307 4343
f 4329 4330 4307
f 4308 4307 4330
f 4340 4315 4331
f 4340 4331 4333
f 4332 4337 4338
f 4309 4338 4339
f 4309 4332 4338
f 4349 4341 4339
f 4319 4340 4333
f 4320 4334 4340
f 4340 4334 4347
f 4335 4313 4315
f 4340 4335 4315
f 4304 4355 4336
f 4355 4353 4336
f 4336 4314 4313
f 4325 4312 4337
f 4314 4312 4325
f 4332 4325 4337
f 4338 4345 4349
f 4349 4339 4338
f 4343 4339 4341
f 4347 4335 4340
f 4304 4317 4355
f 4313 4304 4336
f 4341 4349 4310
f 4341 4342 4343
f 4347 4334 4350
f 4305 4366 4344
f 4335 4317 4304
f 4336 4353 4312
f 4337 4345 4338
f 4337 4312 4353
f 4349 4345 4348
f 4346 4342 4341
f 4355 4317 4356
f 4350 4317 4347
f 4337 4353 4373
f 4373 4353 4352
f 4345 4337 4371
f 4348 4310 4349
f 4334 4365 4350
f 4350 4365 4305
f 4356 4317 4350
f 4352 4355 4351
f 4352 4353 4355
f 4373 4371 4337
f 4371 4348 4345
f 4310 4348 4354
f 4360 4363 4361
f 4346 4341 4364
f 4356 4369 4351
f 4351 4355 4356
f 4362 4361 4359
f 4354 4361 4310
f 4369 4356 4305
f 4357 4371 4370
f 4348 4371 4358
f 4354 4359 4361
f 4360 4361 4362
f 4341 4361 4363
f 4363 4364 4341
f 4365 4366 4305
f 4367 4369 4344
f 4305 4344 4369
f 4368 4351 4369
f 4371 4373 4370
f 4358 4371 4357
f 4354 4348 4358
f 4372 4369 4374
f 4352 4351 4377
f 4373 4352 4378
f 4376 4370 4373
f 4369 4367 4374
f 4372 4368 4369
f 4375 4351 4368
f 4377 4351 4375
f 4373 4378 4376
f 4377 4378 4352
f 4424 4423 4425
f 4422 4396 4421
f 4379 4382 4380
f 4399 4420 4419
f 4381 4382 4379
f 4417 4420 4402
f 4383 4380 4382
f 4385 4380 4383
f 4384 4385 4383
f 4385 4384 4387
f 4430 4386 4387
f 4385 4387 4386
f 4388 4386 4430
f 4390 4389 4428
f 4390 4429 4389
f 4427 4426 4391
f 4428 4427 4392
f 4425 4393 4426
f 4394 4395 4397
f 4396 4397 4398
f 4399 4419 4400
f 4417 4418 4420
f 4401 4402 4431
f 4432 4431 4403
f 4404 4406 4416
f 4416 4403 4404
f 4405 4406 4404
f 4409 4412 4407
f 4407 4408 4409
f 4412 4409 4410
f 4412 4410 4411
f 4413 4412 4411
f 4415 4413 4405
f 4405 4413 4414
f 4404 4415 4405
f 4403 4416 4432
f 4402 4401 4417
f 4418 4419 4420
f 4421 4399 4400
f 4397 4396 4422
f 4397 4395 4398
f 4423 4424 4394
f 4395 4394 4424
f 4393 4425 4423
f 4426 4393 4391
f 4428 4426 4427
f 4390 4428 4392
f 4390 4388 4429
f 4429 4388 4430
f 4400 4422 4421
f 4401 4431 4432
f 4414 4413 4411
f 4433 4434 4436
f 4434 4435 4436
f 4446 4447 4437
f 4438 4440 4439
f 4439 4440 4441
f 4439 4452 4451
f 4442 4438 4439
f 4443 4450 4452
f 4449 4450 4443
f 4445 4449 4448
f 4444 4445 4448
f 4445 4444 4446
f 4446 4444 4447
f 4448 4449 4443
f 4450 4451 4452
f 4441 4452 4439
f 4453 4454 4455
f 4455 4456 4453
f 4471 4457 4460
f 4457 4458 4460
f 4458 4459 4460
f 4491 4459 4461
f 4460 4459 4491
f 4463 4491 4461
f 4462 4491 4463
f 4464 4491 4462
f 4464 4462 4465
f 4504 4492 4466
f 4520 4467 4468
f 4467 4504 4468
f 4464 4465 4470
f 4469 4464 4470
f 4471 4472 4473
f 4472 4471 4460
f 4473 4472 4474
f 4474 4472 4475
f 4476 4475 4472
f 4477 4476 4472
f 4472 4480 4477
f 4477 4480 4478
f 4480 4479 4478
f 4479 4480 4481
f 4482 4481 4480
f 4482 4480 4484
f 4480 4483 4484
f 4480 4501 4483
f 4555 4535 4546
f 4556 4535 4562
f 4485 4578 4596
f 4628 4486 4596
f 4486 4628 4487
f 4487 4585 4642
f 4488 4486 4487
f 4487 4641 4488
f 4519 4527 4516
f 4483 4489 4484
f 4491 4464 4492
f 4472 4460 4490
f 4491 4490 4460
f 4480 4472 4493
f 4501 4480 4493
f 4492 4464 4466
f 4492 4494 4491
f 4491 4496 4490
f 4494 4496 4491
f 4496 4499 4490
f 4472 4490 4499
f 4472 4499 4493
f 4501 4493 4502
f 4492 4504 4495
f 4492 4495 4494
f 4494 4495 4506
f 4496 4494 4506
f 4506 4498 4496
f 4496 4498 4499
f 4508 4497 4498
f 4497 4499 4498
f 4499 4497 4493
f 4500 4502 4497
f 4493 4497 4502
f 4501 4502 4503
f 4512 4501 4503
f 4504 4466 4468
f 4506 4509 4498
f 4508 4498 4509
f 4500 4497 4508
f 4502 4519 4503
f 4501 4512 4483
f 4495 4504 4505
f 4504 4467 4505
f 4506 4495 4507
f 4495 4505 4507
f 4506 4507 4509
f 4509 4507 4515
f 4515 4510 4509
f 4508 4509 4510
f 4525 4511 4510
f 4500 4508 4511
f 4511 4508 4510
f 4502 4500 4527
f 4511 4527 4500
f 4502 4527 4519
f 4519 4512 4503
f 4505 4467 4520
f 4507 4505 4522
f 4515 4507 4522
f 4524 4513 4514
f 4522 4524 4515
f 4510 4515 4524
f 4524 4525 4510
f 4526 4511 4525
f 4527 4511 4526
f 4517 4527 4545
f 4536 4516 4517
f 4516 4518 4519
f 4512 4519 4518
f 4520 4468 4521
f 4505 4520 4530
f 4530 4529 4505
f 4522 4505 4529
f 4529 4513 4522
f 4524 4522 4513
f 4514 4523 4525
f 4524 4514 4525
f 4525 4523 4526
f 4523 4545 4526
f 4527 4526 4545
f 4546 4536 4517
f 4517 4516 4527
f 4516 4536 4518
f 4521 4530 4520
f 4528 4530 4521
f 4538 4530 4528
f 4529 4530 4538
f 4538 4540 4529
f 4513 4529 4540
f 4531 4513 4540
f 4514 4513 4531
f 4533 4531 4532
f 4534 4523 4531
f 4534 4533 4542
f 4514 4531 4523
f 4552 4534 4542
f 4534 4545 4523
f 4544 4545 4552
f 4517 4544 4555
f 4555 4554 4562
f 4546 4535 4536
f 4547 4528 4521
f 4537 4528 4547
f 4539 4528 4537
f 4538 4528 4539
f 4550 4538 4539
f 4540 4538 4550
f 4532 4540 4550
f 4540 4532 4531
f 4541 4542 4543
f 4531 4533 4534
f 4560 4552 4551
f 4552 4545 4534
f 4554 4544 4560
f 4517 4545 4544
f 4517 4555 4546
f 4536 4535 4518
f 4587 4518 4535
f 4537 4547 4548
f 4549 4539 4537
f 4550 4539 4549
f 4568 4550 4549
f 4557 4532 4568
f 4532 4550 4568
f 4567 4571 4570
f 4543 4532 4557
f 4533 4532 4543
f 4542 4533 4543
f 4541 4551 4542
f 4574 4551 4541
f 4542 4551 4552
f 4561 4560 4574
f 4560 4544 4552
f 4605 4576 4553
f 4577 4554 4561
f 4626 4606 4670
f 4555 4544 4554
f 4535 4555 4562
f 4587 4535 4556
f 4564 4537 4548
f 4564 4566 4537
f 4566 4549 4537
f 4565 4549 4566
f 4565 4568 4549
f 4570 4557 4568
f 4570 4558 4557
f 4543 4557 4558
f 4558 4572 4543
f 4541 4543 4572
f 4573 4541 4559
f 4584 4575 4573
f 4551 4574 4560
f 4575 4553 4561
f 4561 4554 4560
f 4577 4578 4562
f 4554 4577 4562
f 4564 4563 4579
f 4563 4564 4548
f 4579 4566 4564
f 4581 4566 4579
f 4581 4565 4566
f 4581 4567 4568
f 4581 4568 4565
f 4567 4570 4568
f 4569 4591 4593
f 4558 4570 4571
f 4571 4572 4558
f 4559 4572 4593
f 4541 4572 4559
f 4559 4603 4583
f 4573 4559 4583
f 4541 4573 4574
f 4583 4595 4584
f 4573 4575 4574
f 4574 4575 4561
f 4577 4553 4576
f 4553 4577 4561
f 4578 4577 4586
f 4578 4556 4562
f 4587 4556 4485
f 4485 4556 4578
f 4579 4563 4589
f 4589 4580 4579
f 4581 4579 4580
f 4580 4590 4581
f 4567 4581 4582
f 4590 4582 4581
f 4582 4569 4567
f 4571 4567 4569
f 4569 4593 4571
f 4572 4571 4593
f 4584 4573 4583
f 4595 4625 4605
f 4575 4584 4553
f 4605 4610 4576
f 4576 4586 4577
f 4627 4626 4585
f 4596 4586 4628
f 4596 4578 4586
f 4587 4485 4611
f 4589 4597 4588
f 4589 4588 4580
f 4599 4590 4580
f 4588 4599 4580
f 4599 4601 4590
f 4590 4601 4582
f 4601 4602 4582
f 4582 4602 4569
f 4602 4591 4569
f 4592 4620 4632
f 4594 4593 4591
f 4594 4623 4624
f 4624 4593 4594
f 4593 4624 4559
f 4624 4603 4559
f 4595 4603 4622
f 4604 4625 4622
f 4603 4595 4583
f 4584 4595 4605
f 4584 4605 4553
f 4586 4576 4640
f 4485 4596 4486
f 4563 4597 4589
f 4597 4612 4614
f 4588 4597 4614
f 4588 4614 4598
f 4599 4588 4598
f 4599 4598 4600
f 4601 4599 4600
f 4600 4617 4601
f 4601 4617 4602
f 4602 4621 4591
f 4591 4621 4594
f 4624 4622 4603
f 4636 4638 4604
f 4625 4595 4622
f 4609 4625 4607
f 4605 4625 4609
f 4606 4607 4608
f 4605 4609 4610
f 4610 4640 4576
f 4628 4640 4627
f 4640 4628 4586
f 4485 4486 4611
f 4630 4614 4612
f 4612 4613 4630
f 4598 4614 4615
f 4614 4630 4615
f 4598 4615 4616
f 4600 4598 4616
f 4617 4600 4616
f 4616 4618 4617
f 4618 4631 4653
f 4617 4618 4633
f 4602 4617 4633
f 4602 4633 4620
f 4621 4602 4620
f 4594 4621 4619
f 4620 4619 4621
f 4594 4619 4623
f 4622 4624 4637
f 4623 4637 4624
f 4637 4604 4622
f 4604 4607 4625
f 4610 4607 4606
f 4610 4609 4607
f 4640 4606 4626
f 4585 4626 4673
f 4627 4487 4628
f 4629 4630 4613
f 4629 4647 4630
f 4647 4650 4615
f 4616 4615 4650
f 4650 4631 4616
f 4652 4653 4631
f 4633 4618 4653
f 4653 4632 4633
f 4620 4633 4632
f 4634 4592 4632
f 4620 4592 4619
f 4619 4592 4623
f 4592 4662 4623
f 4623 4662 4637
f 4636 4662 4635
f 4637 4662 4636
f 4637 4636 4604
f 4604 4638 4607
f 4607 4638 4639
f 4610 4606 4640
f 4673 4626 4672
f 4626 4627 4640
f 4487 4627 4585
f 4641 4487 4642
f 4613 4643 4644
f 4613 4644 4629
f 4645 4629 4644
f 4629 4645 4647
f 4645 4646 4647
f 4615 4630 4647
f 4646 4648 4647
f 4648 4650 4647
f 4648 4649 4650
f 4649 4651 4650
f 4651 4631 4650
f 4651 4652 4631
f 4618 4616 4631
f 4652 4654 4653
f 4654 4655 4653
f 4653 4655 4656
f 4656 4657 4632
f 4656 4632 4653
f 4657 4658 4632
f 4634 4632 4658
f 4634 4659 4592
f 4659 4660 4592
f 4660 4662 4592
f 4660 4661 4662
f 4662 4661 4663
f 4663 4635 4662
f 4635 4664 4636
f 4664 4665 4636
f 4665 4666 4636
f 4666 4638 4636
f 4666 4667 4638
f 4667 4668 4638
f 4668 4639 4638
f 4639 4608 4607
f 4608 4669 4606
f 4670 4606 4669
f 4670 4671 4626
f 4671 4672 4626
f 4585 4673 4675
f 4674 4585 4675
f 4674 4642 4585
f 4683 4715 4676
f 4676 4715 4677
f 4677 4721 4679
f 4678 4679 4721
f 4733 4721 4718
f 4677 4714 4680
f 4677 4680 4676
f 4742 4743 4753
f 4705 4681 4704
f 4705 4690 4682
f 4683 4710 4715
f 4684 4706 4705
f 4760 4685 4698
f 4686 4687 4794
f 4688 4700 4702
f 4689 4690 4705
f 4691 4692 4716
f 4693 4694 4750
f 4750 4696 4695
f 4696 4697 4761
f 4699 4698 4685
f 4699 4700 4701
f 4700 4688 4701
f 4775 4702 4703
f 4702 4682 4703
f 4705 4704 4689
f 4705 4707 4681
f 4706 4684 4780
f 4706 4707 4705
f 4773 4708 4779
f 4773 4769 4774
f 4709 4768 4772
f 4710 4711 4715
f 4711 4712 4715
f 4719 4715 4716
f 4716 4715 4713
f 4712 4713 4715
f 4713 4691 4716
f 4679 4714 4677
f 4721 4677 4718
f 4715 4718 4677
f 4719 4718 4715
f 4717 4720 4726
f 4716 4717 4719
f 4733 4718 4723
f 4718 4719 4723
f 4726 4723 4719
f 4736 4720 4738
f 4720 4728 4727
f 4726 4719 4717
f 4721 4733 4722
f 4733 4723 4724
f 4743 4725 4724
f 4726 4720 4724
f 4724 4723 4726
f 4727 4728 4729
f 4732 4728 4730
f 4728 4720 4717
f 4749 4741 4731
f 4733 4725 4734
f 4733 4724 4725
f 4720 4743 4724
f 4739 4737 4720
f 4728 4732 4729
f 4722 4733 4734
f 4757 4722 4734
f 4725 4742 4734
f 4743 4742 4725
f 4756 4745 4735
f 4743 4720 4745
f 4747 4745 4736
f 4736 4745 4720
f 4720 4737 4738
f 4739 4720 4740
f 4720 4727 4740
f 4741 4748 4730
f 4741 4730 4728
f 4757 4734 4742
f 4745 4752 4743
f 4743 4752 4753
f 4745 4744 4735
f 4744 4745 4746
f 4746 4745 4747
f 4748 4741 4749
f 4750 4731 4741
f 4777 4776 4770
f 4757 4742 4751
f 4751 4742 4753
f 4756 4752 4745
f 4750 4694 4731
f 4693 4750 4695
f 4753 4764 4751
f 4766 4764 4752
f 4764 4753 4752
f 4709 4755 4754
f 4755 4709 4756
f 4709 4766 4756
f 4750 4697 4696
f 4776 4762 4758
f 4757 4751 4762
f 4764 4758 4751
f 4752 4756 4766
f 4759 4709 4754
f 4761 4685 4760
f 4761 4697 4685
f 4762 4751 4758
f 4758 4763 4776
f 4765 4763 4764
f 4764 4763 4758
f 4772 4765 4766
f 4765 4764 4766
f 4768 4709 4767
f 4709 4772 4766
f 4759 4767 4709
f 4773 4772 4768
f 4768 4769 4773
f 4699 4685 4700
f 4685 4697 4700
f 4765 4771 4763
f 4770 4763 4771
f 4772 4778 4765
f 4771 4765 4778
f 4778 4772 4773
f 4774 4708 4773
f 4775 4688 4702
f 4776 4763 4770
f 4777 4770 4771
f 4778 4773 4684
f 4773 4779 4780
f 4780 4684 4773
f 4705 4682 4702
f 4702 4700 4781
f 4777 4771 4785
f 4771 4778 4782
f 4771 4782 4785
f 4778 4684 4782
f 4684 4705 4782
f 4781 4783 4702
f 4702 4783 4705
f 4782 4784 4785
f 4705 4784 4782
f 4705 4783 4784
f 4793 4783 4794
f 4794 4783 4781
f 4787 4790 4786
f 4777 4785 4786
f 4787 4786 4785
f 4791 4789 4787
f 4791 4787 4784
f 4788 4791 4793
f 4793 4791 4784
f 4787 4789 4790
f 4784 4787 4785
f 4791 4792 4789
f 4788 4792 4791
f 4783 4793 4784
f 4795 4788 4793
f 4795 4793 4794
f 4795 4794 4687
f 4830 4800 4836
f 4892 4891 4878
f 4880 4879 4889
f 4877 4796 4878
f 4841 4796 4856
f 4807 4798 4808
f 4798 4806 4797
f 4798 4807 4806
f 4797 4806 4799
f 4857 4835 4800
f 4804 4801 4802
f 4803 4804 4802
f 4881 4900 4805
f 4830 4806 4807
f 4813 4812 4807
f 4813 4807 4808
f 4809 4810 4837
f 4811 4814 4812
f 4813 4811 4812
f 4815 4814 4811
f 4816 4821 4814
f 4814 4815 4816
f 4816 4817 4821
f 4863 4864 4842
f 4818 4873 4862
f 4819 4903 4886
f 4819 4886 4883
f 4843 4840 4822
f 4817 4820 4821
f 4821 4831 4822
f 4821 4820 4823
f 4831 4821 4823
f 4825 4831 4823
f 4824 4831 4825
f 4831 4824 4827
f 4826 4831 4827
f 4829 4826 4827
f 4828 4826 4829
f 4804 4799 4806
f 4836 4806 4830
f 4838 4807 4812
f 4838 4830 4807
f 4837 4812 4814
f 4837 4838 4812
f 4821 4809 4814
f 4814 4809 4837
f 4821 4840 4809
f 4840 4821 4822
f 4834 4831 4826
f 4801 4804 4836
f 4847 4846 4801
f 4836 4804 4806
f 4867 4894 4879
f 4840 4843 4832
f 4822 4831 4834
f 4822 4834 4833
f 4845 4833 4834
f 4845 4834 4826
f 4835 4801 4836
f 4838 4839 4830
f 4835 4836 4800
f 4837 4848 4838
f 4800 4830 4839
f 4839 4838 4848
f 4832 4809 4840
f 4848 4837 4810
f 4832 4810 4809
f 4833 4844 4822
f 4845 4844 4833
f 4835 4847 4801
f 4846 4847 4841
f 4842 4850 4832
f 4843 4822 4844
f 4843 4844 4851
f 4854 4851 4844
f 4845 4854 4844
f 4856 4846 4841
f 4847 4835 4852
f 4858 4800 4839
f 4835 4857 4852
f 4849 4839 4848
f 4800 4858 4857
f 4859 4848 4810
f 4839 4849 4858
f 4850 4810 4832
f 4849 4848 4859
f 4843 4842 4832
f 4859 4810 4850
f 4850 4842 4864
f 4851 4853 4843
f 4854 4853 4851
f 4841 4847 4852
f 4889 4884 4893
f 4841 4852 4860
f 4852 4857 4860
f 4864 4859 4850
f 4863 4842 4874
f 4874 4853 4855
f 4842 4843 4853
f 4853 4874 4842
f 4854 4855 4853
f 4877 4856 4796
f 4857 4868 4861
f 4860 4857 4861
f 4858 4869 4868
f 4858 4868 4857
f 4849 4871 4869
f 4849 4869 4858
f 4859 4864 4871
f 4859 4871 4849
f 4875 4874 4855
f 4796 4841 4860
f 4865 4860 4861
f 4860 4865 4796
f 4872 4864 4882
f 4864 4872 4871
f 4882 4863 4862
f 4863 4882 4864
f 4863 4874 4862
f 4861 4867 4879
f 4861 4879 4865
f 4868 4866 4867
f 4868 4867 4861
f 4869 4870 4866
f 4866 4868 4869
f 4870 4871 4872
f 4870 4869 4871
f 4862 4873 4882
f 4862 4874 4875
f 4818 4862 4875
f 4878 4796 4865
f 4876 4877 4878
f 4865 4879 4880
f 4880 4878 4865
f 4872 4881 4805
f 4872 4805 4870
f 4882 4890 4881
f 4882 4881 4872
f 4873 4883 4890
f 4882 4873 4890
f 4819 4883 4818
f 4894 4896 4884
f 4889 4879 4894
f 4867 4885 4894
f 4885 4867 4866
f 4866 4897 4885
f 4897 4866 4870
f 4897 4870 4898
f 4898 4870 4805
f 4886 4887 4901
f 4873 4818 4883
f 4876 4891 4888
f 4880 4889 4892
f 4805 4900 4898
f 4881 4902 4900
f 4902 4881 4890
f 4890 4886 4902
f 4886 4890 4883
f 4876 4878 4891
f 4878 4880 4892
f 4893 4892 4889
f 4884 4889 4894
f 4896 4894 4885
f 4896 4897 4895
f 4896 4885 4897
f 4895 4897 4898
f 4899 4895 4898
f 4899 4898 4900
f 4901 4899 4900
f 4901 4900 4902
f 4901 4902 4886
f 4903 4887 4886
f 4904 4905 4906
f 4971 4919 4966
f 4923 4946 4945
f 4944 4910 4942
f 4943 4942 4907
f 4943 4907 4908
f 4908 4907 4909
f 4909 4912 4908
f 4916 4910 4911
f 4912 4909 4913
f 4914 4915 4916
f 4918 4914 4917
f 4917 4945 4918
f 4966 4919 4920
f 4921 4922 4923
f 4921 4947 4924
f 4961 4963 4925
f 4948 4947 4949
f 4961 4926 4960
f 4950 4949 4952
f 4960 4927 4928
f 4951 4950 4952
f 4928 4932 4931
f 4929 4951 4930
f 4931 4932 4933
f 4934 4954 4955
f 4935 4959 4939
f 4958 4935 4936
f 4937 4957 4936
f 4955 4956 4937
f 4929 4938 4934
f 4933 4939 4940
f 4969 4971 4941
f 4942 4943 4944
f 4910 4944 4911
f 4910 4916 4915
f 4915 4914 4918
f 4918 4945 4946
f 4946 4923 4922
f 4922 4921 4924
f 4924 4947 4948
f 4948 4949 4950
f 4951 4952 4930
f 4929 4930 4953
f 4929 4953 4938
f 4934 4938 4954
f 4955 4954 4956
f 4937 4956 4957
f 4936 4957 4958
f 4935 4958 4959
f 4939 4959 4940
f 4939 4933 4932
f 4932 4928 4927
f 4927 4960 4926
f 4926 4961 4925
f 4925 4963 4962
f 4962 4963 4964
f 4962 4964 4965
f 4964 4967 4965
f 4967 4920 4965
f 4966 4920 4967
f 4968 4971 4966
f 4969 4941 4970
f 4971 4968 4941
f 4969 4970 4972
f 4970 4913 4972
f 4909 4972 4913
f 4985 4974 4973
f 4974 4975 4973
f 4976 4973 4975
f 4976 4975 4977
f 4978 4976 4977
f 4978 4977 4979
f 5000 4979 4977
f 4993 4994 4980
f 5060 5058 5053
f 4991 4989 5043
f 4981 4982 5066
f 4983 4984 4998
f 5001 4985 4986
f 4987 5001 4986
f 4986 4985 4973
f 4998 5000 4983
f 4981 5066 5060
f 4988 5060 4992
f 4989 4991 4990
f 4990 4991 5054
f 5079 5043 5040
f 4992 5060 5066
f 4993 5043 5074
f 4993 5074 4994
f 4994 4995 4980
f 4981 4999 4982
f 4982 4999 4984
f 4980 4995 4996
f 4996 4995 4997
f 4998 4984 4999
f 5000 4998 4979
f 4987 5003 5001
f 5001 5003 5006
f 5002 5006 5004
f 5006 5003 5004
f 5005 5007 5006
f 5005 5006 5002
f 5008 5006 5007
f 5008 5009 5006
f 5009 5011 5006
f 5006 5011 5010
f 5012 5010 5011
f 5013 5010 5012
f 5010 5013 5015
f 5014 5015 5016
f 5015 5014 5010
f 5016 5019 5014
f 5017 5014 5018
f 5019 5018 5014
f 5018 5020 5017
f 5022 5017 5020
f 5021 5017 5022
f 5021 5025 5017
f 5023 5017 5025
f 5024 5023 5025
f 5112 5023 5115
f 5026 5027 5023
f 5028 5023 5107
f 5100 5028 5029
f 5023 5028 5100
f 5096 5030 5100
f 5094 5090 5089
f 5095 5102 5087
f 5033 5081 5031
f 5032 5033 5034
f 5034 5033 5035
f 5034 5035 5036
f 5036 5035 5037
f 5037 5038 5036
f 5036 5038 5039
f 5040 5043 5041
f 5074 5080 5042
f 5041 5043 5044
f 5046 5044 5043
f 5074 5076 5075
f 5073 5072 5045
f 5043 5047 5046
f 5043 5049 5047
f 5043 5048 5049
f 5043 4989 5048
f 5050 5072 5051
f 5072 5050 5052
f 4991 5060 5054
f 5053 5054 5060
f 5068 5057 5055
f 5056 5057 5068
f 5060 5061 5058
f 5055 5059 5068
f 5060 5062 5061
f 5060 5064 5062
f 5066 5069 5063
f 5065 5064 5060
f 4988 5065 5060
f 5066 5063 5067
f 5066 5067 4992
f 5059 5069 5068
f 5066 5068 5069
f 5056 5068 5070
f 5072 5052 5068
f 5068 5052 5070
f 5072 5071 5051
f 5071 5072 5073
f 5074 5045 5072
f 5074 5075 5045
f 5074 5078 5076
f 5042 5077 5074
f 5074 5077 5078
f 5079 5080 5043
f 5043 5080 5074
f 5032 5083 5033
f 5033 5083 5081
f 5032 5084 5082
f 5083 5032 5082
f 5089 5084 5032
f 5033 5031 5086
f 5033 5085 5087
f 5089 5088 5084
f 5085 5033 5086
f 5085 5092 5087
f 5089 5091 5088
f 5089 5090 5091
f 5093 5087 5092
f 5095 5087 5093
f 5089 5030 5094
f 5102 5095 5097
f 5089 5100 5030
f 5100 5101 5096
f 5102 5097 5098
f 5098 5099 5102
f 5100 5029 5101
f 5099 5104 5102
f 5105 5103 5104
f 5102 5104 5103
f 5105 5116 5103
f 5023 5106 5107
f 5117 5108 5103
f 5023 5027 5106
f 5023 5109 5026
f 5110 5103 5108
f 5103 5110 5111
f 5023 5113 5109
f 5103 5111 5114
f 5023 5112 5113
f 5103 5114 5115
f 5103 5115 5024
f 5024 5115 5023
f 5103 5116 5117
f 5118 5143 5142
f 5119 5139 5120
f 5137 5121 5122
f 5132 5131 5128
f 5134 5133 5132
f 5127 5123 5131
f 5124 5131 5123
f 5123 5127 5125
f 5127 5126 5125
f 5126 5127 5129
f 5124 5128 5131
f 5126 5129 5130
f 5131 5132 5133
f 5133 5134 5135
f 5133 5135 5121
f 5121 5135 5136
f 5136 5122 5121
f 5119 5121 5137
f 5137 5138 5119
f 5138 5139 5119
f 5140 5120 5139
f 5120 5140 5141
f 5140 5142 5141
f 5141 5142 5143
f 5247 5235 5157
f 5235 5247 5246
f 5235 5158 5157
f 5260 5160 5246
f 5312 5145 5144
f 5145 5320 5146
f 5147 5148 5145
f 5301 5284 5283
f 5260 5149 5261
f 5150 5294 5151
f 5150 5151 5282
f 5307 5292 5310
f 5152 5154 5153
f 5155 5305 5318
f 5152 5327 5154
f 5155 5307 5305
f 5153 5156 5333
f 5214 5230 5157
f 5158 5159 5157
f 5310 5292 5298
f 5160 5261 5282
f 5208 5215 5161
f 5203 5208 5161
f 5213 5203 5161
f 5182 5162 5203
f 5163 5164 5199
f 5199 5165 5206
f 5199 5164 5165
f 5178 5166 5183
f 5167 5183 5166
f 5167 5166 5171
f 5180 5167 5171
f 5170 5169 5186
f 5168 5169 5170
f 5171 5185 5180
f 5177 5166 5178
f 5185 5172 5173
f 5175 5174 5177
f 5177 5176 5175
f 5176 5177 5178
f 5185 5179 5180
f 5181 5185 5173
f 5182 5176 5178
f 5178 5183 5184
f 5187 5184 5183
f 5167 5180 5187
f 5187 5183 5167
f 5179 5185 5181
f 5176 5192 5175
f 5162 5182 5178
f 5184 5162 5178
f 5197 5187 5180
f 5180 5186 5197
f 5203 5202 5182
f 5188 5184 5187
f 5180 5179 5186
f 5179 5170 5186
f 5176 5202 5192
f 5202 5176 5182
f 5162 5184 5204
f 5188 5204 5184
f 5186 5189 5197
f 5190 5198 5186
f 5208 5203 5162
f 5189 5195 5197
f 5187 5197 5188
f 5169 5190 5186
f 5191 5192 5202
f 5208 5162 5216
f 5204 5188 5193
f 5199 5188 5197
f 5197 5196 5194
f 5193 5188 5199
f 5195 5196 5197
f 5189 5186 5198
f 5162 5204 5216
f 5197 5194 5199
f 5199 5194 5200
f 5163 5199 5200
f 5201 5191 5202
f 5212 5191 5201
f 5201 5202 5203
f 5199 5219 5193
f 5213 5201 5203
f 5204 5205 5216
f 5193 5205 5204
f 5199 5206 5219
f 5206 5207 5210
f 5208 5216 5215
f 5193 5217 5205
f 5219 5206 5209
f 5209 5206 5210
f 5219 5217 5193
f 5216 5205 5230
f 5210 5218 5209
f 5220 5211 5212
f 5223 5221 5213
f 5213 5161 5223
f 5214 5216 5230
f 5201 5220 5212
f 5213 5220 5201
f 5214 5159 5215
f 5161 5159 5223
f 5214 5215 5216
f 5159 5161 5215
f 5217 5225 5205
f 5219 5209 5222
f 5221 5220 5213
f 5219 5225 5217
f 5209 5218 5226
f 5225 5231 5205
f 5222 5225 5219
f 5228 5220 5221
f 5228 5221 5158
f 5230 5205 5231
f 5157 5159 5214
f 5222 5209 5239
f 5158 5221 5223
f 5223 5159 5158
f 5224 5225 5222
f 5226 5239 5209
f 5220 5227 5211
f 5220 5245 5227
f 5245 5220 5228
f 5229 5157 5230
f 5230 5231 5236
f 5239 5232 5222
f 5231 5224 5237
f 5222 5232 5224
f 5239 5226 5233
f 5234 5211 5227
f 5234 5227 5240
f 5235 5250 5228
f 5158 5235 5228
f 5236 5231 5237
f 5224 5231 5225
f 5229 5247 5157
f 5236 5229 5230
f 5242 5239 5233
f 5250 5245 5228
f 5251 5236 5237
f 5237 5238 5251
f 5238 5224 5232
f 5248 5239 5242
f 5232 5239 5248
f 5240 5227 5244
f 5244 5245 5250
f 5250 5160 5265
f 5229 5256 5247
f 5224 5238 5237
f 5251 5256 5236
f 5248 5253 5232
f 5232 5253 5238
f 5241 5248 5242
f 5254 5275 5243
f 5244 5227 5245
f 5265 5244 5250
f 5235 5246 5250
f 5246 5247 5260
f 5256 5229 5236
f 5243 5234 5240
f 5256 5260 5247
f 5251 5238 5263
f 5248 5252 5258
f 5249 5248 5241
f 5265 5269 5254
f 5160 5250 5246
f 5263 5255 5251
f 5258 5264 5253
f 5263 5238 5253
f 5253 5264 5263
f 5252 5248 5249
f 5253 5248 5258
f 5240 5254 5243
f 5244 5265 5254
f 5251 5255 5256
f 5256 5266 5260
f 5255 5266 5256
f 5252 5259 5257
f 5264 5258 5252
f 5249 5259 5252
f 5254 5240 5244
f 5260 5261 5160
f 5262 5264 5267
f 5264 5262 5263
f 5264 5252 5267
f 5282 5269 5265
f 5282 5265 5160
f 5255 5272 5266
f 5255 5263 5272
f 5266 5149 5260
f 5272 5149 5266
f 5267 5286 5262
f 5272 5263 5262
f 5281 5267 5252
f 5281 5252 5268
f 5257 5268 5252
f 5277 5275 5254
f 5254 5269 5277
f 5261 5150 5282
f 5262 5270 5272
f 5270 5286 5285
f 5270 5262 5286
f 5286 5267 5281
f 5268 5274 5281
f 5291 5277 5269
f 5282 5291 5269
f 5291 5292 5271
f 5272 5273 5149
f 5273 5272 5270
f 5274 5279 5281
f 5276 5275 5277
f 5297 5276 5277
f 5297 5277 5291
f 5278 5150 5261
f 5270 5285 5273
f 5149 5273 5278
f 5288 5285 5286
f 5280 5288 5281
f 5279 5280 5281
f 5282 5151 5291
f 5278 5261 5149
f 5293 5278 5273
f 5283 5284 5285
f 5273 5285 5293
f 5286 5281 5288
f 5280 5287 5288
f 5285 5284 5293
f 5294 5278 5293
f 5300 5293 5284
f 5290 5283 5285
f 5289 5290 5288
f 5289 5288 5287
f 5271 5297 5291
f 5292 5291 5151
f 5294 5293 5300
f 5294 5150 5278
f 5284 5301 5300
f 5285 5288 5290
f 5289 5295 5290
f 5297 5296 5276
f 5303 5296 5297
f 5297 5271 5303
f 5294 5292 5151
f 5298 5292 5294
f 5294 5300 5298
f 5144 5145 5146
f 5299 5302 5290
f 5299 5290 5295
f 5307 5271 5292
f 5298 5300 5308
f 5146 5309 5301
f 5146 5283 5144
f 5301 5283 5146
f 5302 5299 5311
f 5283 5290 5302
f 5313 5296 5303
f 5304 5313 5303
f 5303 5271 5304
f 5305 5308 5306
f 5310 5298 5308
f 5308 5300 5301
f 5309 5308 5301
f 5144 5302 5311
f 5283 5302 5144
f 5271 5307 5304
f 5305 5310 5308
f 5306 5308 5309
f 5310 5305 5307
f 5146 5320 5309
f 5311 5312 5144
f 5324 5313 5304
f 5318 5305 5319
f 5320 5314 5309
f 5315 5317 5316
f 5306 5309 5314
f 5145 5315 5320
f 5317 5315 5321
f 5145 5148 5321
f 5304 5307 5155
f 5305 5306 5319
f 5319 5306 5314
f 5322 5324 5304
f 5304 5155 5322
f 5318 5331 5155
f 5337 5319 5334
f 5315 5334 5314
f 5314 5320 5315
f 5145 5321 5315
f 5324 5322 5329
f 5322 5155 5331
f 5337 5318 5319
f 5334 5319 5314
f 5325 5334 5315
f 5315 5323 5325
f 5323 5315 5316
f 5339 5324 5329
f 5329 5322 5331
f 5337 5331 5318
f 5327 5152 5334
f 5334 5325 5326
f 5327 5334 5326
f 5330 5339 5329
f 5331 5328 5330
f 5329 5331 5330
f 5331 5337 5328
f 5334 5335 5337
f 5332 5152 5333
f 5153 5333 5152
f 5341 5337 5335
f 5335 5334 5152
f 5335 5152 5336
f 5332 5336 5152
f 5330 5340 5339
f 5340 5330 5328
f 5341 5328 5337
f 5341 5335 5336
f 5332 5338 5336
f 5347 5339 5340
f 5347 5340 5343
f 5341 5340 5328
f 5343 5340 5341
f 5336 5344 5341
f 5344 5336 5345
f 5338 5345 5336
f 5344 5343 5341
f 5343 5344 5342
f 5346 5342 5344
f 5342 5346 5352
f 5351 5347 5343
f 5342 5351 5343
f 5351 5342 5352
f 5344 5345 5346
f 5351 5349 5347
f 5350 5349 5351
f 5348 5349 5350
f 5350 5351 5352
f 5353 5354 5376
f 5353 5379 5354
f 5378 5379 5356
f 5355 5356 5379
f 5357 5378 5356
f 5376 5372 5358
f 5359 5364 5360
f 5365 5364 5366
f 5364 5361 5362
f 5363 5365 5366
f 5358 5364 5365
f 5366 5364 5362
f 5359 5375 5364
f 5360 5387 5367
f 5387 5368 5367
f 5367 5371 5369
f 5367 5370 5371
f 5376 5383 5372
f 5373 5384 5380
f 5373 5374 5384
f 5383 5380 5384
f 5374 5391 5384
f 5375 5361 5364
f 5364 5358 5372
f 5376 5354 5383
f 5377 5379 5378
f 5353 5355 5379
f 5382 5364 5372
f 5382 5387 5364
f 5354 5379 5380
f 5377 5380 5379
f 5383 5354 5380
f 5387 5360 5364
f 5381 5367 5369
f 5383 5382 5372
f 5377 5385 5380
f 5381 5360 5367
f 5387 5386 5368
f 5387 5382 5388
f 5383 5384 5382
f 5388 5382 5384
f 5373 5380 5385
f 5386 5387 5388
f 5384 5390 5388
f 5389 5390 5384
f 5389 5384 5391
f 5393 5392 5394
f 5392 5393 5404
f 5393 5394 5395
f 5395 5419 5396
f 5417 5415 5397
f 5398 5417 5418
f 5401 5416 5400
f 5399 5417 5397
f 5400 5402 5401
f 5402 5400 5403
f 5404 5420 5392
f 5405 5407 5420
f 5405 5406 5407
f 5431 5445 5408
f 5431 5444 5445
f 5409 5450 5410
f 5405 5412 5406
f 5405 5411 5412
f 5411 5405 5414
f 5413 5411 5414
f 5415 5417 5398
f 5439 5400 5416
f 5417 5416 5418
f 5419 5400 5396
f 5400 5419 5403
f 5395 5396 5393
f 5443 5404 5393
f 5429 5425 5420
f 5420 5404 5429
f 5426 5405 5425
f 5420 5425 5405
f 5414 5405 5426
f 5421 5433 5399
f 5433 5421 5422
f 5399 5433 5417
f 5417 5439 5416
f 5423 5396 5400
f 5424 5393 5396
f 5396 5423 5424
f 5424 5443 5393
f 5443 5429 5404
f 5425 5429 5427
f 5430 5426 5427
f 5433 5428 5417
f 5435 5417 5428
f 5423 5400 5438
f 5400 5439 5438
f 5429 5443 5444
f 5444 5427 5429
f 5450 5408 5445
f 5427 5431 5430
f 5425 5427 5426
f 5444 5431 5427
f 5432 5433 5422
f 5432 5434 5433
f 5433 5434 5428
f 5417 5435 5439
f 5435 5436 5439
f 5439 5436 5437
f 5438 5439 5437
f 5423 5438 5440
f 5441 5424 5423
f 5423 5440 5441
f 5443 5424 5442
f 5424 5441 5442
f 5448 5444 5443
f 5442 5448 5443
f 5444 5448 5445
f 5441 5446 5442
f 5446 5448 5442
f 5446 5447 5448
f 5447 5449 5448
f 5448 5449 5445
f 5449 5410 5445
f 5445 5410 5450
f 5567 5555 5558
f 5567 5580 5451
f 5593 5451 5452
f 5603 5601 5453
f 5618 5454 5622
f 5556 5555 5550
f 5546 5550 5528
f 5455 5524 5528
f 5521 5524 5522
f 5485 5466 5458
f 5505 5518 5497
f 5456 5459 5464
f 5465 5459 5457
f 5459 5467 5457
f 5457 5467 5458
f 5459 5465 5464
f 5462 5463 5460
f 5461 5462 5460
f 5465 5457 5458
f 5510 5493 5499
f 5522 5505 5510
f 5471 5463 5462
f 5470 5463 5471
f 5456 5471 5462
f 5473 5456 5464
f 5465 5458 5466
f 5469 5467 5468
f 5469 5458 5467
f 5474 5470 5471
f 5471 5456 5473
f 5466 5464 5465
f 5464 5472 5473
f 5466 5472 5464
f 5468 5479 5469
f 5475 5474 5471
f 5475 5471 5476
f 5486 5469 5479
f 5473 5476 5471
f 5481 5473 5472
f 5458 5477 5485
f 5458 5469 5477
f 5469 5486 5477
f 5480 5475 5476
f 5473 5481 5476
f 5482 5472 5466
f 5488 5466 5485
f 5488 5482 5466
f 5492 5485 5477
f 5478 5486 5479
f 5480 5476 5484
f 5481 5484 5476
f 5472 5482 5481
f 5491 5485 5492
f 5477 5486 5492
f 5483 5480 5484
f 5485 5491 5488
f 5500 5486 5478
f 5490 5481 5482
f 5500 5492 5486
f 5495 5483 5484
f 5481 5490 5484
f 5487 5482 5488
f 5498 5488 5491
f 5498 5487 5488
f 5499 5491 5492
f 5478 5489 5500
f 5490 5496 5484
f 5490 5482 5487
f 5491 5493 5498
f 5499 5492 5494
f 5491 5499 5493
f 5492 5500 5494
f 5502 5495 5484
f 5502 5484 5507
f 5490 5508 5496
f 5484 5496 5507
f 5497 5487 5498
f 5487 5504 5490
f 5498 5493 5505
f 5497 5504 5487
f 5499 5494 5511
f 5497 5498 5505
f 5493 5510 5505
f 5508 5509 5496
f 5496 5509 5507
f 5510 5499 5511
f 5503 5500 5489
f 5523 5503 5489
f 5503 5494 5500
f 5508 5490 5504
f 5515 5511 5494
f 5501 5502 5507
f 5494 5503 5515
f 5497 5518 5504
f 5518 5505 5522
f 5510 5521 5522
f 5509 5516 5507
f 5504 5517 5508
f 5506 5521 5510
f 5511 5515 5506
f 5523 5514 5503
f 5501 5507 5512
f 5508 5517 5509
f 5517 5504 5518
f 5520 5517 5518
f 5510 5511 5506
f 5519 5501 5512
f 5513 5533 5543
f 5516 5509 5517
f 5506 5515 5529
f 5503 5514 5515
f 5507 5516 5512
f 5517 5526 5516
f 5522 5455 5518
f 5455 5520 5518
f 5531 5529 5515
f 5529 5521 5506
f 5525 5519 5512
f 5516 5534 5512
f 5517 5520 5526
f 5524 5521 5529
f 5455 5522 5524
f 5515 5514 5531
f 5541 5539 5514
f 5514 5523 5541
f 5531 5514 5539
f 5525 5512 5533
f 5537 5520 5455
f 5537 5526 5520
f 5528 5524 5546
f 5530 5529 5531
f 5532 5525 5533
f 5544 5534 5516
f 5526 5544 5516
f 5544 5526 5527
f 5528 5536 5537
f 5524 5529 5546
f 5528 5537 5455
f 5547 5529 5530
f 5530 5531 5539
f 5512 5534 5533
f 5542 5532 5533
f 5538 5530 5539
f 5547 5546 5529
f 5533 5534 5549
f 5526 5537 5527
f 5528 5535 5536
f 5537 5536 5527
f 5540 5538 5539
f 5540 5539 5541
f 5513 5542 5533
f 5543 5533 5554
f 5534 5544 5549
f 5544 5545 5549
f 5544 5527 5545
f 5556 5550 5546
f 5548 5557 5547
f 5557 5546 5547
f 5547 5530 5548
f 5554 5549 5545
f 5527 5535 5559
f 5550 5559 5535
f 5527 5536 5535
f 5556 5546 5557
f 5535 5528 5550
f 5538 5540 5563
f 5530 5538 5548
f 5538 5563 5548
f 5533 5549 5554
f 5575 5564 5565
f 5554 5545 5551
f 5545 5552 5551
f 5545 5527 5552
f 5556 5558 5555
f 5548 5561 5557
f 5553 5554 5565
f 5552 5527 5559
f 5559 5555 5568
f 5556 5557 5558
f 5559 5550 5555
f 5560 5561 5548
f 5558 5557 5561
f 5562 5574 5563
f 5574 5560 5563
f 5563 5540 5562
f 5554 5551 5565
f 5564 5553 5565
f 5565 5551 5570
f 5552 5571 5570
f 5552 5570 5551
f 5552 5559 5571
f 5548 5563 5560
f 5575 5565 5584
f 5566 5584 5578
f 5571 5559 5568
f 5567 5579 5568
f 5580 5567 5558
f 5562 5569 5574
f 5572 5584 5570
f 5571 5572 5570
f 5571 5568 5572
f 5555 5567 5568
f 5561 5560 5573
f 5573 5583 5561
f 5560 5574 5573
f 5590 5573 5574
f 5566 5575 5584
f 5585 5596 5576
f 5565 5570 5584
f 5577 5578 5585
f 5572 5568 5579
f 5580 5558 5561
f 5580 5561 5583
f 5574 5569 5590
f 5581 5566 5578
f 5572 5582 5588
f 5588 5578 5572
f 5589 5587 5582
f 5589 5582 5586
f 5572 5579 5582
f 5567 5451 5579
f 5451 5580 5583
f 5577 5581 5578
f 5584 5572 5578
f 5596 5585 5598
f 5451 5586 5579
f 5579 5586 5582
f 5594 5452 5573
f 5451 5583 5452
f 5583 5573 5452
f 5612 5602 5569
f 5576 5577 5585
f 5587 5585 5588
f 5608 5597 5589
f 5588 5582 5587
f 5589 5600 5608
f 5451 5593 5586
f 5452 5594 5453
f 5573 5590 5594
f 5602 5594 5590
f 5569 5602 5590
f 5591 5592 5599
f 5578 5588 5585
f 5592 5598 5599
f 5593 5600 5586
f 5600 5589 5586
f 5594 5605 5453
f 5593 5452 5601
f 5601 5452 5453
f 5595 5596 5598
f 5597 5598 5587
f 5599 5608 5617
f 5587 5589 5597
f 5608 5604 5617
f 5600 5593 5601
f 5602 5611 5605
f 5592 5595 5598
f 5585 5587 5598
f 5591 5599 5613
f 5604 5608 5600
f 5600 5601 5603
f 5603 5604 5600
f 5594 5602 5605
f 5602 5612 5611
f 5614 5606 5607
f 5608 5599 5597
f 5603 5453 5615
f 5619 5606 5614
f 5598 5597 5599
f 5603 5610 5604
f 5610 5617 5604
f 5609 5603 5615
f 5603 5609 5610
f 5605 5611 5616
f 5605 5616 5453
f 5612 5621 5611
f 5620 5613 5599
f 5614 5618 5622
f 5617 5620 5599
f 5615 5453 5616
f 5616 5625 5615
f 5621 5616 5611
f 5620 5617 5618
f 5618 5617 5610
f 5609 5618 5610
f 5454 5618 5609
f 5626 5625 5616
f 5454 5609 5625
f 5626 5616 5621
f 5619 5614 5623
f 5613 5620 5607
f 5623 5622 5628
f 5618 5614 5620
f 5625 5609 5615
f 5629 5626 5621
f 5607 5620 5614
f 5614 5622 5623
f 5454 5625 5635
f 5622 5454 5635
f 5627 5619 5623
f 5627 5623 5624
f 5622 5634 5628
f 5622 5635 5634
f 5635 5625 5632
f 5625 5626 5632
f 5629 5632 5626
f 5637 5627 5624
f 5623 5628 5624
f 5632 5631 5635
f 5632 5629 5630
f 5630 5631 5632
f 5637 5624 5633
f 5628 5633 5624
f 5633 5628 5634
f 5634 5635 5631
f 5639 5633 5638
f 5636 5633 5634
f 5636 5634 5631
f 5633 5636 5638
f 5636 5631 5643
f 5643 5631 5630
f 5637 5633 5639
f 5640 5638 5642
f 5642 5638 5636
f 5639 5638 5640
f 5642 5644 5640
f 5642 5636 5643
f 5641 5644 5646
f 5644 5642 5643
f 5644 5643 5645
f 5644 5645 5646
f 5664 5658 5647
f 5668 5667 5648
f 5673 5649 5650
f 5674 5650 5656
f 5651 5681 5652
f 5653 5681 5651
f 5679 5680 5653
f 5677 5654 5678
f 5677 5675 5655
f 5656 5655 5675
f 5657 5673 5667
f 5658 5664 5666
f 5659 5660 5661
f 5660 5664 5661
f 5647 5661 5664
f 5660 5662 5664
f 5667 5663 5666
f 5664 5662 5665
f 5666 5664 5667
f 5668 5663 5667
f 5664 5669 5667
f 5648 5667 5670
f 5670 5667 5673
f 5673 5671 5670
f 5671 5650 5672
f 5671 5673 5650
f 5674 5672 5650
f 5674 5656 5675
f 5677 5676 5675
f 5676 5677 5678
f 5654 5680 5678
f 5679 5678 5680
f 5653 5651 5679
f 5652 5681 5682
f 5681 5683 5682
f 5684 5686 5685
f 5686 5684 5687
f 5695 5688 5689
f 5690 5689 5688
f 5690 5688 5691
f 5695 5689 5692
f 5692 5693 5696
f 5693 5692 5694
f 5695 5692 5696
f 5723 5725 5697
f 5700 5725 5698
f 5699 5720 5700
f 5699 5701 5720
f 5702 5720 5703
f 5704 5727 5724
f 5729 5705 5730
f 5727 5706 5730
f 5730 5706 5707
f 5730 5731 5728
f 5707 5732 5731
f 5733 5734 5708
f 5709 5733 5708
f 5708 5710 5711
f 5738 5710 5737
f 5744 5712 5741
f 5713 5714 5718
f 5715 5716 5744
f 5717 5715 5718
f 5751 5719 5748
f 5702 5700 5720
f 5700 5702 5722
f 5700 5698 5699
f 5721 5700 5722
f 5725 5700 5721
f 5725 5723 5698
f 5726 5725 5721
f 5724 5725 5726
f 5697 5725 5724
f 5726 5704 5724
f 5697 5730 5705
f 5730 5724 5727
f 5697 5724 5730
f 5728 5729 5730
f 5731 5730 5707
f 5731 5732 5733
f 5733 5732 5734
f 5735 5709 5708
f 5708 5711 5735
f 5710 5708 5736
f 5710 5736 5737
f 5739 5710 5738
f 5739 5740 5743
f 5739 5738 5740
f 5741 5743 5742
f 5744 5716 5712
f 5743 5740 5742
f 5741 5742 5744
f 5715 5744 5713
f 5718 5747 5717
f 5715 5713 5718
f 5745 5747 5718
f 5746 5747 5749
f 5748 5719 5746
f 5747 5745 5749
f 5746 5749 5748
f 5750 5751 5752
f 5719 5751 5750
f 5775 5782 5771
f 5788 5769 5768
f 5770 5769 5788
f 5753 5754 5755
f 5804 5754 5798
f 5755 5800 5756
f 5823 5766 5757
f 5800 5804 5810
f 5758 5762 5759
f 5820 5835 5817
f 5760 5845 5761
f 5819 5823 5826
f 5819 5759 5762
f 5763 5758 5759
f 5832 5765 5829
f 5831 5764 5765
f 5766 5806 5757
f 5805 5806 5766
f 5800 5806 5801
f 5755 5754 5804
f 5755 5767 5753
f 5753 5768 5769
f 5769 5789 5753
f 5769 5770 5784
f 5782 5775 5778
f 5771 5781 5775
f 5777 5775 5774
f 5772 5775 5773
f 5772 5774 5775
f 5776 5775 5777
f 5778 5775 5776
f 5775 5779 5780
f 5775 5780 5773
f 5781 5779 5775
f 5782 5778 5786
f 5771 5782 5783
f 5782 5770 5783
f 5787 5784 5782
f 5784 5770 5782
f 5785 5783 5770
f 5790 5784 5787
f 5786 5787 5782
f 5788 5785 5770
f 5789 5790 5791
f 5790 5789 5784
f 5769 5784 5789
f 5791 5794 5789
f 5789 5794 5792
f 5767 5768 5753
f 5753 5789 5792
f 5793 5795 5794
f 5792 5754 5753
f 5796 5767 5755
f 5792 5794 5795
f 5755 5797 5796
f 5803 5795 5793
f 5754 5792 5798
f 5797 5755 5756
f 5792 5795 5798
f 5804 5800 5755
f 5804 5798 5799
f 5756 5800 5801
f 5795 5818 5798
f 5801 5806 5802
f 5795 5803 5818
f 5799 5810 5804
f 5810 5806 5800
f 5805 5802 5806
f 5803 5808 5818
f 5818 5807 5798
f 5807 5799 5798
f 5811 5805 5766
f 5818 5808 5812
f 5809 5810 5799
f 5818 5820 5807
f 5799 5807 5809
f 5810 5809 5833
f 5814 5806 5810
f 5814 5757 5806
f 5816 5811 5766
f 5812 5813 5818
f 5822 5820 5813
f 5833 5814 5810
f 5816 5819 5815
f 5816 5766 5819
f 5762 5815 5819
f 5809 5807 5817
f 5823 5819 5766
f 5818 5813 5820
f 5814 5824 5757
f 5757 5824 5823
f 5826 5759 5819
f 5820 5817 5807
f 5833 5809 5817
f 5814 5833 5821
f 5824 5814 5821
f 5826 5823 5839
f 5765 5763 5759
f 5822 5825 5820
f 5823 5824 5844
f 5823 5844 5839
f 5759 5839 5765
f 5764 5763 5765
f 5846 5851 5825
f 5844 5824 5852
f 5839 5840 5765
f 5826 5839 5759
f 5827 5765 5841
f 5827 5828 5765
f 5829 5830 5832
f 5831 5765 5832
f 5847 5821 5833
f 5847 5833 5817
f 5852 5824 5821
f 5839 5838 5840
f 5829 5765 5828
f 5851 5820 5825
f 5834 5817 5835
f 5821 5847 5852
f 5852 5836 5844
f 5838 5844 5843
f 5838 5837 5840
f 5844 5838 5839
f 5765 5840 5841
f 5817 5842 5847
f 5836 5843 5844
f 5845 5851 5846
f 5820 5851 5835
f 5817 5834 5842
f 5847 5842 5848
f 5849 5847 5848
f 5852 5849 5850
f 5836 5852 5850
f 5760 5851 5845
f 5852 5847 5849
f 5861 5853 5859
f 5855 5854 5858
f 5857 5855 5858
f 5856 5857 5858
f 5855 5860 5854
f 5860 5853 5854
f 5859 5853 5860
f 5861 5859 5862
f 5862 5863 5861
f 5864 5861 5863
f 5922 5921 5867
f 5865 5888 5889
f 5922 5931 5920
f 5866 5921 5882
f 5866 5868 5921
f 5868 5866 5870
f 5867 5868 5869
f 5870 5918 5868
f 5869 5918 5927
f 5870 5917 5918
f 5873 5917 5870
f 5873 5875 5917
f 5927 5876 5871
f 5872 5875 5873
f 5875 5872 5914
f 5914 5874 5875
f 5876 5916 5877
f 5914 5878 5874
f 5916 5915 5912
f 5880 5915 5878
f 5879 5878 5881
f 5878 5879 5880
f 5881 5878 5913
f 5920 5882 5921
f 5920 5884 5883
f 5883 5882 5920
f 5884 5931 5923
f 5886 5883 5884
f 5924 5886 5884
f 5924 5885 5886
f 5885 5924 5888
f 5924 5887 5888
f 5887 5889 5888
f 5925 5935 5889
f 5889 5890 5865
f 5890 5889 5911
f 5893 5891 5892
f 5893 5892 5894
f 5895 5897 5894
f 5894 5897 5893
f 5895 5896 5897
f 5897 5896 5898
f 5899 5900 5897
f 5900 5901 5897
f 5901 5926 5897
f 5902 5903 5926
f 5926 5903 5904
f 5904 5905 5906
f 5889 5904 5907
f 5906 5907 5904
f 5907 5908 5889
f 5889 5908 5910
f 5909 5889 5910
f 5889 5909 5911
f 5915 5880 5912
f 5913 5878 5914
f 5878 5915 5874
f 5916 5874 5915
f 5874 5916 5875
f 5876 5875 5916
f 5875 5876 5917
f 5927 5917 5876
f 5918 5917 5927
f 5928 5869 5927
f 5868 5918 5869
f 5867 5869 5929
f 5921 5868 5867
f 5922 5867 5919
f 5920 5921 5922
f 5931 5922 5919
f 5884 5920 5931
f 5923 5931 5932
f 5924 5884 5923
f 5925 5924 5923
f 5924 5925 5887
f 5925 5933 5935
f 5887 5925 5889
f 5936 5889 5935
f 5904 5889 5936
f 5936 5926 5904
f 5936 5897 5926
f 5912 5877 5916
f 5877 5871 5876
f 5871 5928 5927
f 5928 5929 5869
f 5929 5919 5867
f 5919 5930 5931
f 5930 5932 5931
f 5932 5933 5923
f 5933 5925 5923
f 5933 5934 5935
f 5934 5936 5935
f 5937 5936 5934
f 5937 5897 5936
f 5937 5893 5897
f 5974 5973 5956
f 5994 5938 5996
f 6010 5939 5940
f 5941 5942 5943
f 5969 5944 5950
f 5947 6010 5940
f 5946 5967 5944
f 5945 5967 5946
f 5945 5946 5948
f 5947 5948 5946
f 5947 5940 5948
f 5949 5969 5950
f 5951 5969 5949
f 5943 5942 5951
f 6002 6004 6003
f 5952 5966 5970
f 5955 5971 5970
f 6001 5953 6000
f 5995 5954 5997
f 5955 5973 5972
f 5956 5958 5974
f 5995 5938 5957
f 5975 5958 5960
f 5993 5994 5959
f 5959 5989 5992
f 5960 5961 5975
f 5976 5961 5977
f 5989 5991 5992
f 5978 5981 5979
f 5981 5984 5979
f 5964 5962 5985
f 5962 5983 5985
f 5986 5963 5964
f 5987 5990 5965
f 5966 5952 5941
f 5995 5957 5954
f 5944 5967 5968
f 5944 5968 5950
f 5969 5951 5942
f 5942 5941 5952
f 5952 5970 5971
f 5971 5955 5972
f 5972 5973 5974
f 5974 5958 5975
f 5961 5960 5977
f 5976 5977 5980
f 5976 5978 5979
f 5976 5980 5978
f 5981 5982 5984
f 5983 5962 5984
f 5982 5983 5984
f 5985 5986 5964
f 5963 5988 5964
f 5987 5965 5988
f 5963 5987 5988
f 5991 5989 5965
f 5990 5991 5965
f 5992 5993 5959
f 5994 5996 5959
f 5938 5995 5996
f 6001 5997 5953
f 5954 5953 5997
f 5998 6000 5999
f 6000 5998 6001
f 6002 5998 5999
f 6003 5998 6002
f 6006 6005 6003
f 6003 6004 6006
f 6005 6006 6007
f 6009 6008 6007
f 6005 6007 6008
f 6008 6009 6010
f 6009 5939 6010
f 6011 6020 6012
f 6015 6023 6013
f 6014 6024 6023
f 6015 6013 6017
f 6013 6018 6017
f 6016 6017 6018
f 6018 6022 6016
f 6016 6012 6021
f 6019 6011 6012
f 6012 6020 6021
f 6022 6012 6016
f 6013 6023 6024
f 6024 6014 6025
f 6026 6027 6028
f 6029 6026 6030
f 6026 6028 6030
f 6033 6040 6031
f 6032 6043 6033
f 6030 6034 6035
f 6036 6029 6030
f 6038 6030 6037
f 6028 6037 6030
f 6038 6039 6030
f 6030 6039 6041
f 6034 6030 6040
f 6042 6030 6041
f 6031 6040 6042
f 6030 6042 6040
f 6033 6043 6040
f 6057 6053 6066
f 6062 6065 6060
f 6044 6062 6045
f 6061 6060 6046
f 6051 6052 6047
f 6067 6050 6049
f 6048 6067 6049
f 6058 6050 6066
f 6051 6053 6052
f 6053 6051 6066
f 6047 6052 6055
f 6052 6054 6055
f 6066 6056 6057
f 6051 6058 6066
f 6056 6062 6044
f 6062 6056 6066
f 6061 6059 6062
f 6060 6061 6062
f 6063 6059 6061
f 6059 6045 6062
f 6064 6065 6062
f 6062 6066 6064
f 6064 6066 6067
f 6050 6067 6066
f 6068 6069 6083
f 6070 6104 6099
f 6082 6070 6099
f 6071 6106 6112
f 6115 6118 6112
f 6106 6113 6114
f 6137 6079 6121
f 6114 6126 6115
f 6072 6075 6132
f 6131 6073 6159
f 6164 6074 6165
f 6136 6132 6075
f 6142 6075 6072
f 6149 6076 6151
f 6077 6151 6078
f 6121 6079 6080
f 6122 6121 6080
f 6114 6081 6080
f 6106 6115 6112
f 6106 6071 6105
f 6071 6099 6104
f 6099 6071 6101
f 6099 6098 6082
f 6083 6093 6068
f 6069 6068 6084
f 6085 6088 6068
f 6087 6086 6068
f 6087 6068 6088
f 6089 6085 6068
f 6093 6089 6068
f 6068 6090 6091
f 6068 6086 6090
f 6084 6068 6091
f 6083 6092 6093
f 6069 6095 6083
f 6083 6095 6082
f 6094 6083 6098
f 6098 6083 6082
f 6097 6082 6095
f 6096 6094 6098
f 6092 6083 6094
f 6070 6082 6097
f 6101 6100 6096
f 6096 6098 6101
f 6099 6101 6098
f 6100 6101 6102
f 6101 6103 6102
f 6105 6071 6104
f 6071 6103 6101
f 6110 6102 6111
f 6103 6071 6112
f 6107 6106 6105
f 6103 6111 6102
f 6106 6107 6108
f 6109 6110 6111
f 6112 6118 6103
f 6108 6113 6106
f 6103 6118 6111
f 6115 6106 6114
f 6115 6124 6118
f 6113 6081 6114
f 6111 6118 6129
f 6081 6116 6080
f 6111 6129 6109
f 6124 6115 6126
f 6126 6114 6080
f 6122 6080 6116
f 6109 6129 6117
f 6129 6118 6119
f 6119 6118 6124
f 6120 6121 6122
f 6129 6123 6117
f 6125 6124 6126
f 6129 6119 6131
f 6124 6125 6119
f 6126 6135 6125
f 6127 6126 6080
f 6127 6080 6079
f 6128 6121 6120
f 6123 6129 6130
f 6138 6130 6131
f 6135 6126 6127
f 6128 6133 6136
f 6128 6136 6121
f 6132 6136 6133
f 6125 6073 6119
f 6137 6121 6136
f 6129 6131 6130
f 6127 6079 6140
f 6079 6137 6140
f 6131 6119 6073
f 6135 6073 6125
f 6127 6134 6135
f 6140 6134 6127
f 6136 6141 6137
f 6151 6075 6142
f 6138 6131 6153
f 6137 6139 6140
f 6137 6141 6139
f 6075 6151 6141
f 6078 6151 6142
f 6143 6153 6152
f 6139 6144 6140
f 6141 6151 6157
f 6136 6075 6141
f 6145 6146 6151
f 6145 6151 6147
f 6076 6149 6148
f 6077 6149 6151
f 6162 6135 6134
f 6162 6073 6135
f 6144 6134 6140
f 6141 6157 6150
f 6076 6147 6151
f 6152 6153 6131
f 6134 6144 6162
f 6144 6139 6154
f 6150 6155 6139
f 6150 6157 6156
f 6139 6141 6150
f 6151 6146 6157
f 6073 6162 6158
f 6154 6139 6155
f 6165 6143 6152
f 6131 6159 6152
f 6073 6158 6159
f 6158 6162 6161
f 6162 6160 6161
f 6166 6160 6162
f 6144 6163 6166
f 6154 6163 6144
f 6164 6165 6152
f 6144 6166 6162
f 6173 6172 6167
f 6168 6169 6174
f 6170 6171 6174
f 6175 6172 6173
f 6174 6171 6168
f 6175 6170 6174
f 6175 6173 6170
f 6206 6176 6177
f 6206 6204 6208
f 6210 6178 6179
f 6180 6178 6210
f 6182 6181 6178
f 6217 6182 6183
f 6214 6182 6217
f 6220 6219 6216
f 6219 6184 6185
f 6224 6186 6187
f 6226 6229 6188
f 6232 6189 6227
f 6191 6233 6190
f 6231 6234 6191
f 6192 6193 6206
f 6201 6202 6193
f 6203 6205 6204
f 6199 6202 6194
f 6195 6203 6197
f 6196 6195 6197
f 6198 6197 6199
f 6198 6196 6197
f 6202 6199 6197
f 6200 6194 6202
f 6197 6203 6202
f 6201 6200 6202
f 6202 6203 6204
f 6202 6204 6193
f 6207 6204 6205
f 6206 6193 6204
f 6204 6207 6208
f 6177 6192 6206
f 6206 6208 6210
f 6208 6209 6210
f 6176 6206 6210
f 6212 6210 6209
f 6179 6176 6210
f 6211 6210 6212
f 6210 6211 6180
f 6182 6178 6180
f 6182 6180 6213
f 6183 6182 6213
f 6215 6214 6216
f 6218 6215 6216
f 6214 6217 6216
f 6218 6216 6219
f 6219 6220 6184
f 6219 6185 6221
f 6222 6185 6223
f 6221 6185 6222
f 6187 6222 6223
f 6223 6225 6187
f 6224 6187 6225
f 6186 6226 6187
f 6186 6228 6229
f 6226 6186 6229
f 6227 6229 6228
f 6227 6230 6229
f 6230 6227 6189
f 6189 6232 6231
f 6234 6231 6232
f 6233 6191 6234
f 6237 6235 6236
f 6237 6238 6235
f 6249 6286 6239
f 6247 6240 6248
f 6241 6263 6265
f 6263 6273 6266
f 6246 6242 6243
f 6245 6243 6244
f 6243 6245 6246
f 6242 6273 6243
f 6272 6269 6273
f 6240 6247 6261
f 6260 6247 6241
f 6249 6254 6253
f 6255 6248 6277
f 6250 6249 6282
f 6254 6249 6250
f 6287 6251 6249
f 6252 6253 6254
f 6247 6248 6255
f 6253 6252 6256
f 6256 6257 6253
f 6257 6258 6253
f 6258 6259 6275
f 6247 6260 6261
f 6275 6259 6262
f 6263 6241 6247
f 6274 6275 6276
f 6263 6264 6265
f 6263 6266 6264
f 6267 6275 6268
f 6269 6266 6273
f 6270 6275 6267
f 6270 6271 6275
f 6271 6242 6275
f 6273 6271 6272
f 6242 6271 6273
f 6275 6274 6268
f 6275 6262 6276
f 6253 6258 6275
f 6278 6255 6277
f 6278 6279 6255
f 6255 6280 6281
f 6249 6239 6282
f 6281 6283 6255
f 6284 6292 6285
f 6249 6251 6286
f 6288 6255 6283
f 6291 6287 6293
f 6249 6293 6287
f 6288 6285 6292
f 6289 6290 6293
f 6293 6290 6291
f 6292 6289 6293
f 6292 6284 6289
f 6292 6255 6288
f 6279 6280 6255
f 6294 6295 6298
f 6320 6335 6296
f 6294 6313 6314
f 6299 6297 6298
f 6299 6298 6347
f 6347 6301 6299
f 6295 6348 6347
f 6301 6347 6300
f 6348 6346 6300
f 6301 6300 6302
f 6303 6301 6302
f 6303 6302 6344
f 6346 6304 6345
f 6305 6303 6344
f 6344 6306 6305
f 6306 6344 6343
f 6345 6307 6308
f 6306 6343 6309
f 6308 6357 6342
f 6310 6309 6342
f 6311 6312 6309
f 6309 6310 6311
f 6312 6341 6309
f 6313 6298 6297
f 6313 6317 6316
f 6317 6313 6297
f 6316 6350 6314
f 6315 6316 6317
f 6351 6316 6315
f 6351 6315 6318
f 6318 6296 6351
f 6351 6296 6352
f 6352 6296 6335
f 6319 6335 6362
f 6335 6320 6321
f 6321 6322 6335
f 6366 6323 6324
f 6366 6325 6323
f 6326 6325 6356
f 6325 6366 6356
f 6326 6356 6327
f 6356 6328 6327
f 6329 6356 6330
f 6330 6356 6331
f 6331 6356 6355
f 6332 6355 6333
f 6355 6354 6333
f 6354 6336 6334
f 6335 6337 6354
f 6336 6354 6337
f 6337 6335 6338
f 6335 6340 6338
f 6339 6340 6335
f 6335 6322 6339
f 6342 6357 6310
f 6341 6306 6309
f 6309 6343 6342
f 6308 6342 6343
f 6343 6344 6308
f 6345 6308 6344
f 6344 6302 6345
f 6346 6345 6302
f 6300 6346 6302
f 6358 6346 6348
f 6347 6348 6300
f 6295 6359 6348
f 6298 6295 6347
f 6294 6360 6295
f 6313 6294 6298
f 6314 6360 6294
f 6316 6314 6313
f 6350 6349 6314
f 6351 6350 6316
f 6319 6350 6351
f 6351 6352 6319
f 6319 6362 6353
f 6352 6335 6319
f 6363 6362 6335
f 6354 6363 6335
f 6363 6354 6355
f 6363 6355 6356
f 6357 6308 6307
f 6307 6345 6304
f 6304 6346 6358
f 6358 6348 6359
f 6359 6295 6360
f 6360 6314 6361
f 6361 6314 6349
f 6349 6350 6353
f 6353 6350 6319
f 6353 6362 6364
f 6364 6362 6363
f 6365 6364 6363
f 6365 6363 6356
f 6365 6356 6366
f 6393 6367 6392
f 6392 6391 6393
f 6389 6388 6368
f 6368 6390 6392
f 6382 6380 6379
f 6369 6370 6371
f 6372 6369 6371
f 6373 6369 6372
f 6376 6373 6372
f 6376 6374 6375
f 6374 6376 6372
f 6371 6370 6378
f 6377 6378 6370
f 6379 6380 6377
f 6377 6380 6378
f 6381 6380 6382
f 6383 6381 6382
f 6385 6381 6383
f 6385 6383 6384
f 6389 6385 6384
f 6386 6389 6384
f 6389 6386 6387
f 6389 6387 6388
f 6389 6368 6392
f 6390 6391 6392
f 6367 6393 6394
f 6403 6405 6395
f 6397 6398 6402
f 6396 6399 6397
f 6398 6397 6399
f 6402 6398 6401
f 6400 6402 6404
f 6401 6404 6402
f 6403 6400 6404
f 6400 6403 6395
f 6407 6395 6405
f 6405 6406 6407
f 6407 6406 6408
f 6409 6410 6411
f 6440 6439 6412
f 6412 6410 6440
f 6413 6416 6414
f 6415 6416 6413
f 6416 6415 6427
f 6424 6417 6418
f 6420 6421 6419
f 6420 6423 6421
f 6419 6421 6422
f 6423 6425 6421
f 6417 6425 6423
f 6417 6424 6425
f 6427 6426 6418
f 6426 6424 6418
f 6426 6427 6428
f 6428 6427 6415
f 6414 6432 6413
f 6429 6430 6431
f 6414 6431 6432
f 6431 6430 6432
f 6433 6430 6429
f 6433 6429 6434
f 6436 6433 6434
f 6435 6436 6434
f 6436 6435 6437
f 6437 6435 6438
f 6437 6438 6439
f 6439 6438 6412
f 6409 6440 6410
f 6441 6442 6411
f 6442 6409 6411
f 6475 6474 6443
f 6475 6444 6476
f 6446 6445 6447
f 6446 6464 6465
f 6445 6463 6447
f 6448 6463 6461
f 6448 6460 6459
f 6455 6462 6457
f 6449 6456 6451
f 6450 6451 6452
f 6450 6452 6453
f 6449 6451 6450
f 6453 6452 6454
f 6455 6456 6449
f 6455 6457 6456
f 6457 6458 6459
f 6460 6448 6461
f 6458 6457 6462
f 6458 6448 6459
f 6445 6461 6463
f 6464 6446 6447
f 6464 6466 6465
f 6469 6465 6466
f 6467 6469 6466
f 6468 6467 6470
f 6468 6469 6467
f 6468 6470 6473
f 6473 6470 6471
f 6471 6444 6472
f 6472 6473 6471
f 6472 6444 6475
f 6474 6475 6476
f 6479 6477 6478
f 6479 6478 6480
f 6481 6482 6483
f 6482 6481 6484
f 6485 6486 6487
f 6485 6487 6488
f 6489 6520 6490
f 6517 6491 6518
f 6518 6519 6516
f 6492 6499 6497
f 6511 6510 6493
f 6494 6493 6510
f 6508 6493 6494
f 6507 6509 6508
f 6507 6495 6509
f 6506 6495 6496
f 6506 6492 6497
f 6497 6499 6498
f 6498 6499 6502
f 6502 6500 6498
f 6501 6500 6502
f 6504 6500 6501
f 6505 6503 6504
f 6504 6501 6505
f 6496 6492 6506
f 6507 6496 6495
f 6493 6508 6509
f 6513 6510 6511
f 6512 6513 6511
f 6512 6514 6513
f 6513 6514 6515
f 6491 6515 6514
f 6491 6517 6515
f 6516 6517 6518
f 6519 6521 6516
f 6519 6522 6521
f 6520 6489 6522
f 6521 6522 6489
f 6523 6524 6555
f 6525 6550 6552
f 6552 6524 6525
f 6542 6545 6526
f 6527 6540 6539
f 6540 6527 6541
f 6528 6533 6537
f 6529 6531 6530
f 6531 6534 6535
f 6532 6531 6529
f 6534 6531 6532
f 6533 6535 6534
f 6533 6528 6535
f 6536 6528 6537
f 6539 6538 6537
f 6536 6537 6538
f 6538 6539 6540
f 6541 6542 6526
f 6543 6545 6542
f 6527 6542 6541
f 6543 6544 6545
f 6544 6543 6546
f 6544 6546 6547
f 6549 6547 6546
f 6548 6547 6549
f 6548 6549 6551
f 6548 6551 6550
f 6550 6551 6552
f 6523 6525 6524
f 6553 6554 6555
f 6554 6523 6555
f 6628 6624 6751
f 6709 6556 6707
f 6823 6558 6822
f 6557 6558 6620
f 6621 6824 6614
f 6559 6832 6831
f 6560 6830 6828
f 6828 6561 6562
f 6563 6564 6740
f 6602 6601 6565
f 6739 6738 6606
f 6566 6734 6567
f 6571 6570 6842
f 6568 6569 6598
f 6843 6570 6571
f 6575 6574 6572
f 6573 6723 6725
f 6597 6574 6575
f 6576 6712 6587
f 6708 6707 6705
f 6725 6724 6726
f 6709 6710 6556
f 6711 6577 6578
f 6720 6582 6579
f 6700 6580 6702
f 6581 6715 6716
f 6582 6584 6583
f 6717 6584 6716
f 6581 6586 6585
f 6586 6576 6587
f 6712 6576 6578
f 6702 6701 6704
f 6589 6720 6719
f 6704 6588 6705
f 6591 6589 6590
f 6698 6700 6699
f 6590 6722 6591
f 6699 6592 6593
f 6594 6595 6728
f 6596 6728 6726
f 6568 6597 6575
f 6594 6730 6729
f 6597 6568 6598
f 6598 6569 6844
f 6732 6731 6729
f 6599 6840 6600
f 6731 6735 6566
f 6736 6567 6601
f 6841 6599 6838
f 6606 6602 6603
f 6604 6607 6605
f 6739 6606 6603
f 6607 6608 6835
f 6738 6741 6740
f 6833 6609 6610
f 6610 6609 6608
f 6610 6559 6833
f 6743 6611 6564
f 6832 6830 6829
f 6611 6744 6612
f 6613 6612 6746
f 6617 6613 6746
f 6614 6615 6561
f 6616 6749 6617
f 6622 6748 6618
f 6749 6619 6618
f 6825 6557 6620
f 6557 6825 6621
f 6622 6623 6624
f 6625 6628 6751
f 6626 6627 6822
f 6629 6628 6625
f 6819 6627 6820
f 6629 6752 6754
f 6820 6632 6630
f 6634 6754 6753
f 6631 6632 6633
f 6634 6756 6636
f 6631 6633 6637
f 6635 6638 6636
f 6815 6637 6639
f 6759 6640 6638
f 6816 6639 6642
f 6760 6640 6758
f 6760 6761 6643
f 6641 6642 6813
f 6761 6763 6643
f 6813 6812 6644
f 6647 6812 6648
f 6645 6765 6646
f 6764 6649 6646
f 6647 6648 6811
f 6811 6648 6651
f 6649 6766 6652
f 6809 6650 6651
f 6652 6654 6653
f 6658 6809 6808
f 6654 6655 6656
f 6657 6658 6659
f 6656 6660 6661
f 6664 6807 6659
f 6661 6770 6769
f 6663 6694 6662
f 6663 6806 6664
f 6776 6686 6690
f 6780 6665 6781
f 6679 6780 6666
f 6682 6783 6667
f 6677 6786 6668
f 6797 6669 6670
f 6670 6671 6796
f 6795 6793 6672
f 6674 6673 6792
f 6675 6673 6674
f 6675 6676 6793
f 6791 6790 6787
f 6677 6668 6788
f 6795 6678 6671
f 6790 6792 6673
f 6679 6784 6783
f 6680 6800 6669
f 6681 6786 6682
f 6683 6802 6684
f 6800 6684 6802
f 6685 6778 6665
f 6777 6686 6775
f 6687 6801 6803
f 6687 6688 6689
f 6773 6690 6691
f 6692 6689 6693
f 6771 6774 6772
f 6694 6804 6695
f 6769 6771 6772
f 6569 6696 6844
f 6837 6605 6607
f 6592 6575 6572
f 6593 6592 6572
f 6697 6699 6593
f 6698 6699 6697
f 6580 6700 6698
f 6703 6702 6580
f 6701 6702 6703
f 6588 6704 6701
f 6708 6705 6588
f 6706 6707 6708
f 6709 6707 6706
f 6711 6556 6710
f 6577 6711 6710
f 6713 6578 6577
f 6712 6578 6713
f 6585 6586 6587
f 6714 6581 6585
f 6715 6581 6714
f 6717 6716 6715
f 6583 6584 6717
f 6718 6582 6583
f 6579 6582 6718
f 6719 6720 6579
f 6721 6589 6719
f 6590 6589 6721
f 6573 6591 6722
f 6723 6573 6722
f 6724 6725 6723
f 6596 6726 6724
f 6595 6726 6728
f 6727 6594 6728
f 6730 6594 6727
f 6732 6729 6730
f 6733 6731 6732
f 6735 6731 6733
f 6734 6566 6735
f 6736 6566 6567
f 6737 6601 6567
f 6565 6601 6737
f 6603 6602 6565
f 6741 6738 6739
f 6742 6740 6741
f 6563 6740 6742
f 6743 6564 6563
f 6744 6611 6743
f 6745 6612 6744
f 6746 6612 6745
f 6747 6617 6746
f 6616 6617 6747
f 6619 6749 6616
f 6748 6749 6618
f 6750 6622 6618
f 6623 6622 6750
f 6751 6624 6623
f 6752 6629 6625
f 6755 6754 6752
f 6753 6754 6755
f 6756 6634 6753
f 6757 6636 6756
f 6635 6636 6757
f 6759 6638 6635
f 6758 6640 6759
f 6762 6760 6758
f 6761 6760 6762
f 6645 6643 6763
f 6765 6645 6763
f 6764 6646 6765
f 6766 6649 6764
f 6653 6649 6652
f 6767 6654 6652
f 6655 6654 6767
f 6660 6656 6655
f 6770 6661 6660
f 6768 6769 6770
f 6771 6769 6768
f 6691 6772 6774
f 6773 6691 6774
f 6776 6690 6773
f 6775 6686 6776
f 6685 6686 6777
f 6778 6685 6777
f 6779 6665 6778
f 6781 6665 6779
f 6666 6780 6781
f 6782 6679 6666
f 6784 6679 6782
f 6667 6783 6784
f 6681 6682 6667
f 6785 6786 6681
f 6668 6786 6785
f 6787 6677 6788
f 6791 6787 6788
f 6789 6790 6791
f 6792 6790 6789
f 6676 6675 6674
f 6794 6793 6676
f 6672 6793 6794
f 6678 6795 6672
f 6796 6671 6678
f 6798 6670 6796
f 6797 6670 6798
f 6680 6669 6797
f 6799 6800 6680
f 6684 6800 6799
f 6801 6802 6683
f 6803 6801 6683
f 6688 6687 6803
f 6693 6689 6688
f 6804 6689 6692
f 6695 6804 6692
f 6662 6694 6695
f 6806 6663 6662
f 6805 6664 6806
f 6807 6664 6805
f 6657 6659 6807
f 6808 6659 6658
f 6810 6809 6658
f 6650 6809 6810
f 6811 6651 6650
f 6644 6812 6647
f 6814 6813 6644
f 6641 6813 6814
f 6816 6642 6641
f 6815 6639 6816
f 6817 6637 6815
f 6631 6637 6817
f 6818 6632 6631
f 6630 6632 6818
f 6819 6820 6630
f 6626 6820 6627
f 6821 6822 6627
f 6823 6822 6821
f 6620 6558 6823
f 6824 6621 6825
f 6826 6614 6824
f 6615 6614 6826
f 6562 6561 6615
f 6827 6828 6562
f 6560 6828 6827
f 6829 6830 6560
f 6831 6832 6829
f 6834 6559 6831
f 6833 6559 6834
f 6836 6608 6609
f 6835 6608 6836
f 6837 6607 6835
f 6838 6604 6605
f 6841 6838 6839
f 6839 6838 6605
f 6840 6599 6841
f 6840 6842 6600
f 6600 6842 6570
f 6570 6843 6696
f 6844 6696 6843
f 6886 6872 6895
f 6846 6892 6845
f 6911 6873 6892
f 6897 6845 6898
f 6897 6904 6846
f 6847 6899 6848
f 6848 6905 6847
f 6892 6849 6891
f 6876 6871 6850
f 6884 6888 6851
f 6878 6854 6867
f 6854 6852 6875
f 6853 6852 6854
f 6853 6862 6855
f 6858 6860 6856
f 6857 6858 6859
f 6858 6857 6860
f 6856 6861 6862
f 6863 6864 6881
f 6864 6863 6865
f 6862 6853 6866
f 6866 6864 6865
f 6854 6875 6867
f 6850 6867 6868
f 6888 6907 6887
f 6884 6851 6878
f 6902 6907 6930
f 6929 6869 6930
f 6894 6851 6888
f 6948 6947 6958
f 6849 6886 6870
f 6867 6850 6871
f 6886 6877 6879
f 6886 6849 6872
f 6921 6936 6915
f 6926 6873 6911
f 6941 6874 6944
f 6858 6856 6862
f 6863 6858 6865
f 6865 6858 6862
f 6862 6866 6865
f 6853 6854 6866
f 6875 6868 6867
f 6893 6881 6864
f 6866 6854 6878
f 6876 6877 6871
f 6878 6864 6866
f 6894 6893 6864
f 6871 6884 6867
f 6851 6894 6878
f 6876 6880 6877
f 6884 6878 6867
f 6879 6877 6880
f 6883 6881 6893
f 6894 6864 6878
f 6882 6883 6906
f 6889 6884 6871
f 6877 6885 6871
f 6886 6895 6885
f 6879 6870 6886
f 6871 6885 6889
f 6886 6885 6877
f 6849 6892 6872
f 6882 6881 6883
f 6887 6883 6893
f 6887 6894 6888
f 6884 6900 6888
f 6884 6889 6900
f 6890 6892 6891
f 6845 6892 6890
f 6887 6893 6894
f 6908 6900 6889
f 6889 6885 6896
f 6895 6903 6896
f 6889 6896 6908
f 6910 6895 6872
f 6896 6885 6895
f 6922 6941 6927
f 6892 6873 6872
f 6846 6911 6892
f 6872 6873 6910
f 6845 6897 6846
f 6911 6846 6904
f 6897 6898 6899
f 6847 6897 6899
f 6888 6900 6901
f 6902 6887 6907
f 6888 6901 6907
f 6900 6908 6901
f 6903 6895 6910
f 6909 6873 6926
f 6915 6904 6897
f 6905 6912 6847
f 6906 6883 6902
f 6916 6906 6869
f 6902 6883 6887
f 6902 6869 6906
f 6902 6930 6869
f 6918 6901 6908
f 6930 6907 6901
f 6908 6896 6917
f 6903 6923 6917
f 6908 6917 6918
f 6919 6903 6910
f 6917 6896 6903
f 6910 6873 6909
f 6909 6919 6910
f 6915 6914 6904
f 6911 6904 6914
f 6847 6921 6897
f 6847 6912 6921
f 6921 6915 6897
f 6930 6901 6933
f 6918 6932 6933
f 6901 6918 6933
f 6903 6919 6923
f 6920 6909 6913
f 6926 6911 6914
f 6914 6915 6922
f 6921 6912 6928
f 6916 6958 6957
f 6917 6934 6918
f 6918 6934 6932
f 6924 6923 6919
f 6917 6923 6934
f 6919 6909 6920
f 6913 6909 6926
f 6919 6920 6924
f 6922 6927 6914
f 6926 6914 6927
f 6921 6928 6936
f 6936 6922 6915
f 6869 6958 6916
f 6949 6931 6933
f 6923 6924 6925
f 6923 6925 6934
f 6913 6926 6927
f 6928 6937 6936
f 6948 6929 6946
f 6948 6958 6869
f 6946 6930 6931
f 6948 6869 6929
f 6930 6946 6929
f 6933 6931 6930
f 6950 6949 6932
f 6932 6949 6933
f 6950 6934 6925
f 6950 6932 6934
f 6938 6935 6924
f 6924 6935 6925
f 6938 6920 6940
f 6938 6924 6920
f 6940 6913 6941
f 6913 6940 6920
f 6927 6941 6913
f 6936 6937 6922
f 6937 6941 6922
f 6937 6874 6941
f 6925 6960 6952
f 6939 6935 6938
f 6940 6942 6939
f 6939 6938 6940
f 6941 6944 6942
f 6941 6942 6940
f 6952 6950 6925
f 6935 6943 6960
f 6935 6939 6943
f 6960 6925 6935
f 6942 6944 6955
f 6954 6939 6942
f 6956 6944 6874
f 6961 6958 6947
f 6945 6948 6946
f 6947 6948 6945
f 6945 6946 6931
f 6931 6967 6945
f 6967 6931 6949
f 6950 6951 6949
f 6967 6949 6951
f 6960 6962 6952
f 6951 6950 6952
f 6954 6973 6953
f 6943 6939 6953
f 6953 6939 6954
f 6954 6942 6955
f 6955 6944 6956
f 6957 6958 6961
f 6951 6952 6969
f 6960 6943 6959
f 6959 6953 6973
f 6960 6959 6962
f 6943 6953 6959
f 6954 6955 6973
f 6961 6964 6957
f 6945 6967 6966
f 6962 6970 6963
f 6952 6962 6969
f 6971 6973 6955
f 6955 6956 6974
f 6974 6971 6955
f 6965 6964 6961
f 6965 6961 6947
f 6947 6966 6965
f 6947 6945 6966
f 6966 6967 6968
f 6968 6967 6951
f 6968 6951 6969
f 6963 6968 6969
f 6969 6962 6963
f 6970 6962 6959
f 6970 6959 6973
f 6972 6970 6973
f 6972 6971 6975
f 6972 6973 6971
f 6974 6975 6971
f 7020 6976 7031
f 6978 6977 6983
f 7046 6983 7043
f 7032 7033 6977
f 7032 6978 7037
f 7048 6980 6979
f 6980 7048 6981
f 7048 6982 6981
f 6983 7027 7022
f 6985 7025 7021
f 6984 6998 6985
f 7000 7004 7024
f 7001 6997 7011
f 6986 7024 7034
f 7011 6987 6988
f 7010 7011 6988
f 7010 6989 6993
f 7006 7007 6991
f 6992 6990 7006
f 7006 6991 6992
f 7007 6993 6994
f 7008 7023 6995
f 6995 7009 7008
f 6993 6996 7010
f 6996 7009 6995
f 7011 6997 6987
f 6998 6999 6997
f 7000 7001 7004
f 7002 7040 6986
f 7003 7040 7038
f 7013 7024 7004
f 7005 7062 7084
f 7022 7019 7020
f 6997 6985 6998
f 7020 7018 7021
f 7020 7031 7022
f 7053 7058 7073
f 7051 7046 7043
f 7006 6993 7007
f 7008 7009 7006
f 7009 6993 7006
f 6993 7009 6996
f 7010 6996 7011
f 6987 6997 6999
f 7012 6995 7023
f 6996 7001 7011
f 6984 6985 7021
f 7001 6996 6995
f 7013 6995 7012
f 7025 6997 7000
f 7004 7001 7013
f 6984 7021 7014
f 7000 6997 7001
f 7018 7014 7021
f 7025 6985 6997
f 7016 7012 7023
f 7013 7001 6995
f 7015 7039 7016
f 7021 7025 7017
f 7020 7017 6976
f 7018 7020 7019
f 7020 7021 7017
f 7022 7031 6983
f 7015 7016 7023
f 7034 7012 7016
f 7017 7030 7041
f 7034 7024 7013
f 7025 7000 7030
f 7000 7024 7030
f 7030 7017 7025
f 7026 7027 6983
f 6977 7026 6983
f 7034 7013 7012
f 7028 7030 7024
f 6986 7028 7024
f 7028 7029 7030
f 6976 7017 7036
f 7029 7041 7030
f 7017 7041 7036
f 7045 7031 6976
f 6983 7031 7043
f 6978 6983 7046
f 7031 7045 7043
f 6977 6978 7032
f 7046 7037 6978
f 7032 6979 7033
f 7048 6979 7032
f 6986 7035 7028
f 7002 6986 7034
f 7041 7029 7042
f 7028 7035 7029
f 7036 7044 6976
f 7044 7045 6976
f 7057 7051 7043
f 7052 7032 7037
f 7039 7002 7016
f 7054 7038 7039
f 7002 7034 7016
f 7002 7039 7038
f 7002 7038 7040
f 7042 7029 7035
f 7040 7035 6986
f 7036 7041 7056
f 7041 7042 7056
f 7056 7055 7036
f 7045 7057 7043
f 7055 7044 7036
f 7057 7045 7044
f 7052 7037 7047
f 7046 7047 7037
f 7058 7052 7047
f 7048 7052 7053
f 7048 7053 6982
f 7032 7052 7048
f 7040 7049 7035
f 7042 7049 7064
f 7035 7049 7042
f 7050 7068 7057
f 7051 7047 7046
f 7053 7052 7058
f 6982 7053 7072
f 7054 7094 7062
f 7056 7042 7066
f 7059 7055 7056
f 7042 7064 7066
f 7060 7044 7055
f 7056 7066 7059
f 7044 7050 7057
f 7068 7051 7057
f 7044 7060 7050
f 7058 7047 7069
f 7051 7069 7047
f 7069 7061 7058
f 7053 7073 7072
f 7038 7054 7062
f 7087 7049 7088
f 7055 7059 7060
f 7068 7069 7051
f 7061 7073 7058
f 7005 7063 7003
f 7005 7038 7062
f 7063 7088 7040
f 7005 7003 7038
f 7040 7003 7063
f 7049 7040 7088
f 7065 7064 7087
f 7064 7049 7087
f 7065 7090 7066
f 7090 7081 7066
f 7065 7066 7064
f 7059 7066 7081
f 7067 7060 7082
f 7060 7059 7082
f 7067 7076 7050
f 7067 7050 7060
f 7076 7070 7068
f 7068 7050 7076
f 7061 7069 7070
f 7069 7068 7070
f 7078 7061 7070
f 7073 7061 7071
f 7071 7072 7073
f 7081 7082 7059
f 7074 7078 7070
f 7071 7061 7078
f 7075 7067 7082
f 7076 7075 7077
f 7075 7076 7067
f 7070 7077 7074
f 7070 7076 7077
f 7078 7079 7071
f 7074 7079 7078
f 7082 7080 7096
f 7080 7081 7090
f 7082 7096 7075
f 7080 7082 7081
f 7077 7092 7074
f 7083 7077 7075
f 7093 7079 7074
f 7101 7084 7062
f 7085 7063 7005
f 7084 7085 7005
f 7085 7088 7063
f 7088 7085 7086
f 7086 7087 7088
f 7065 7087 7089
f 7086 7089 7087
f 7090 7065 7105
f 7080 7105 7106
f 7089 7105 7065
f 7090 7105 7080
f 7083 7091 7097
f 7096 7091 7075
f 7091 7083 7075
f 7083 7092 7077
f 7092 7093 7074
f 7094 7101 7062
f 7080 7095 7096
f 7095 7097 7091
f 7080 7106 7095
f 7096 7095 7091
f 7083 7097 7092
f 7101 7094 7098
f 7085 7103 7086
f 7106 7099 7107
f 7109 7092 7097
f 7092 7100 7093
f 7100 7092 7109
f 7102 7101 7098
f 7102 7084 7101
f 7084 7102 7103
f 7084 7103 7085
f 7103 7104 7086
f 7104 7089 7086
f 7104 7105 7089
f 7099 7105 7104
f 7105 7099 7106
f 7107 7095 7106
f 7107 7097 7095
f 7108 7097 7107
f 7108 7110 7109
f 7108 7109 7097
f 7100 7109 7110
f 7111 7112 7158
f 7182 7113 7114
f 7114 7117 7182
f 7116 7118 7115
f 7118 7116 7117
f 7115 7154 7116
f 7117 7119 7118
f 7117 7114 7119
f 7120 7121 7155
f 7156 7157 7122
f 7124 7160 7112
f 7177 7179 7181
f 7123 7160 7124
f 7125 7126 7172
f 7161 7127 7128
f 7131 7161 7128
f 7129 7125 7171
f 7130 7131 7132
f 7133 7129 7171
f 7135 7133 7134
f 7170 7135 7136
f 7131 7130 7137
f 7137 7138 7163
f 7170 7169 7139
f 7148 7146 7147
f 7140 7141 7169
f 7168 7140 7166
f 7142 7143 7144
f 7144 7145 7166
f 7146 7143 7147
f 7165 7148 7147
f 7139 7169 7149
f 7158 7150 7111
f 7151 7152 7153
f 7126 7174 7173
f 7154 7155 7116
f 7154 7120 7155
f 7121 7156 7155
f 7121 7157 7156
f 7122 7159 7156
f 7150 7158 7159
f 7122 7150 7159
f 7112 7160 7158
f 7123 7162 7160
f 7127 7161 7162
f 7123 7127 7162
f 7128 7132 7131
f 7130 7138 7137
f 7163 7165 7137
f 7163 7164 7165
f 7164 7148 7165
f 7147 7143 7142
f 7144 7143 7145
f 7166 7145 7167
f 7166 7167 7168
f 7140 7168 7141
f 7169 7141 7149
f 7169 7170 7136
f 7136 7135 7134
f 7134 7133 7171
f 7171 7125 7172
f 7172 7126 7173
f 7175 7178 7174
f 7173 7174 7178
f 7175 7176 7178
f 7176 7177 7178
f 7179 7177 7176
f 7180 7181 7179
f 7152 7181 7180
f 7151 7153 7183
f 7152 7180 7153
f 7151 7183 7182
f 7183 7113 7182
f 7192 7184 7189
f 7186 7185 7190
f 7186 7187 7185
f 7187 7188 7185
f 7186 7190 7184
f 7189 7184 7190
f 7189 7191 7192
f 7191 7193 7192
f 7194 7195 7196
f 7197 7198 7194
f 7200 7195 7199
f 7195 7200 7196
f 7195 7194 7198
f 7201 7202 7203
f 7202 7204 7203
f 7203 7204 7207
f 7204 7205 7207
f 7205 7206 7207
f 7247 7217 7209
f 7298 7278 7264
f 7211 7208 7209
f 7210 7208 7213
f 7210 7209 7208
f 7214 7211 7209
f 7212 7210 7213
f 7214 7209 7217
f 7215 7214 7217
f 7217 7216 7215
f 7216 7217 7219
f 7217 7218 7219
f 7219 7218 7221
f 7218 7220 7221
f 7246 7222 7237
f 7244 7236 7223
f 7235 7224 7234
f 7224 7243 7234
f 7233 7226 7225
f 7227 7226 7233
f 7227 7248 7232
f 7241 7228 7229
f 7265 7273 7230
f 7237 7231 7218
f 7225 7234 7233
f 7242 7232 7248
f 7227 7233 7248
f 7234 7225 7235
f 7244 7243 7236
f 7237 7238 7240
f 7244 7239 7246
f 7222 7238 7237
f 7231 7220 7218
f 7231 7237 7240
f 7241 7252 7251
f 7242 7252 7241
f 7242 7248 7252
f 7234 7243 7254
f 7244 7245 7243
f 7243 7245 7254
f 7245 7244 7246
f 7245 7246 7237
f 7209 7210 7247
f 7210 7250 7247
f 7228 7241 7251
f 7252 7248 7256
f 7248 7233 7253
f 7248 7253 7256
f 7233 7234 7258
f 7233 7258 7253
f 7234 7254 7258
f 7260 7245 7237
f 7237 7218 7260
f 7218 7217 7261
f 7260 7218 7261
f 7217 7249 7261
f 7249 7217 7247
f 7250 7249 7247
f 7251 7252 7265
f 7251 7265 7230
f 7252 7256 7265
f 7253 7257 7256
f 7253 7258 7257
f 7258 7254 7271
f 7254 7245 7271
f 7271 7245 7259
f 7259 7245 7260
f 7260 7261 7255
f 7249 7250 7263
f 7256 7267 7265
f 7256 7257 7267
f 7257 7258 7269
f 7258 7271 7269
f 7270 7259 7255
f 7259 7260 7255
f 7261 7249 7262
f 7261 7262 7255
f 7262 7263 7264
f 7262 7249 7263
f 7265 7266 7273
f 7266 7265 7267
f 7268 7266 7267
f 7267 7257 7268
f 7257 7275 7268
f 7257 7269 7275
f 7269 7286 7275
f 7271 7286 7269
f 7259 7270 7271
f 7271 7270 7286
f 7270 7255 7277
f 7255 7262 7277
f 7272 7273 7266
f 7268 7281 7266
f 7275 7274 7268
f 7284 7275 7286
f 7290 7286 7270
f 7270 7276 7291
f 7294 7270 7277
f 7296 7277 7278
f 7278 7277 7262
f 7264 7278 7262
f 7273 7272 7279
f 7266 7280 7272
f 7266 7281 7280
f 7268 7274 7281
f 7282 7274 7275
f 7284 7282 7275
f 7283 7284 7286
f 7285 7283 7286
f 7285 7286 7287
f 7287 7286 7288
f 7288 7286 7289
f 7290 7289 7286
f 7270 7292 7290
f 7291 7292 7270
f 7270 7293 7276
f 7294 7293 7270
f 7295 7294 7277
f 7296 7295 7277
f 7297 7296 7278
f 7297 7278 7298
f 7299 7300 7303
f 7303 7300 7301
f 7301 7302 7303
f 7304 7300 7299
f 7299 7305 7304
f 7305 7306 7304
f 7322 7318 7320
f 7318 7316 7315
f 7315 7314 7313
f 7311 7307 7312
f 7308 7312 7307
f 7308 7307 7309
f 7308 7309 7310
f 7311 7312 7313
f 7313 7314 7311
f 7315 7316 7314
f 7321 7320 7317
f 7315 7319 7318
f 7318 7319 7320
f 7320 7321 7322
f 7323 7330 7328
f 7324 7325 7361
f 7327 7369 7326
f 7386 7327 7326
f 7328 7330 7329
f 7329 7330 7332
f 7331 7332 7365
f 7333 7365 7334
f 7334 7365 7335
f 7335 7366 7337
f 7336 7335 7337
f 7338 7337 7341
f 7340 7338 7341
f 7339 7340 7341
f 7339 7341 7342
f 7342 7341 7344
f 7343 7342 7344
f 7345 7343 7344
f 7345 7344 7346
f 7346 7344 7347
f 7347 7348 7346
f 7349 7348 7347
f 7349 7347 7352
f 7352 7347 7357
f 7390 7350 7351
f 7356 7352 7357
f 7353 7354 7355
f 7358 7356 7357
f 7360 7358 7367
f 7359 7360 7367
f 7324 7361 7362
f 7361 7368 7362
f 7362 7363 7324
f 7364 7363 7371
f 7363 7362 7371
f 7323 7364 7371
f 7323 7371 7330
f 7374 7332 7330
f 7332 7374 7365
f 7365 7374 7366
f 7366 7335 7365
f 7366 7341 7337
f 7357 7353 7367
f 7358 7357 7367
f 7368 7369 7362
f 7369 7370 7362
f 7362 7370 7371
f 7371 7372 7330
f 7371 7370 7372
f 7330 7372 7374
f 7377 7341 7366
f 7341 7377 7344
f 7344 7380 7347
f 7377 7380 7344
f 7347 7380 7354
f 7354 7357 7347
f 7353 7357 7354
f 7368 7326 7369
f 7373 7374 7372
f 7373 7384 7374
f 7374 7384 7366
f 7384 7375 7366
f 7375 7377 7366
f 7377 7378 7380
f 7370 7369 7327
f 7370 7327 7381
f 7381 7372 7370
f 7372 7381 7376
f 7372 7376 7373
f 7375 7406 7377
f 7384 7406 7375
f 7377 7406 7378
f 7380 7379 7354
f 7380 7378 7379
f 7379 7351 7355
f 7379 7355 7354
f 7381 7382 7376
f 7376 7396 7373
f 7376 7382 7396
f 7384 7373 7383
f 7373 7396 7383
f 7383 7406 7384
f 7385 7392 7386
f 7382 7392 7387
f 7382 7381 7392
f 7394 7396 7382
f 7399 7383 7396
f 7404 7406 7383
f 7406 7404 7407
f 7388 7378 7406
f 7389 7390 7378
f 7390 7379 7378
f 7351 7379 7390
f 7386 7391 7385
f 7327 7386 7392
f 7392 7385 7393
f 7392 7393 7387
f 7381 7327 7392
f 7382 7387 7395
f 7394 7382 7395
f 7398 7396 7394
f 7397 7396 7398
f 7399 7396 7397
f 7399 7400 7383
f 7400 7401 7383
f 7401 7402 7383
f 7403 7383 7402
f 7383 7403 7405
f 7404 7383 7405
f 7406 7407 7408
f 7388 7406 7408
f 7409 7378 7388
f 7389 7378 7409
f 7410 7390 7389
f 7410 7350 7390
f 7431 7411 7412
f 7412 7413 7414
f 7430 7413 7415
f 7416 7415 7428
f 7429 7417 7418
f 7425 7424 7427
f 7425 7419 7426
f 7421 7419 7425
f 7419 7421 7420
f 7420 7421 7422
f 7420 7422 7423
f 7424 7425 7426
f 7427 7429 7425
f 7413 7412 7415
f 7417 7429 7427
f 7428 7429 7418
f 7429 7428 7415
f 7415 7416 7430
f 7412 7414 7431
f 7465 7442 7494
f 7432 7473 7440
f 7433 7467 7466
f 7468 7434 7466
f 7467 7433 7435
f 7435 7433 7438
f 7438 7437 7435
f 7469 7434 7436
f 7437 7438 7498
f 7471 7470 7469
f 7472 7471 7439
f 7439 7440 7441
f 7494 7442 7491
f 7443 7474 7432
f 7443 7445 7475
f 7444 7487 7486
f 7476 7445 7477
f 7444 7485 7446
f 7448 7477 7478
f 7446 7484 7449
f 7447 7448 7478
f 7449 7483 7451
f 7460 7447 7450
f 7451 7483 7452
f 7462 7453 7454
f 7463 7455 7482
f 7456 7455 7459
f 7457 7458 7459
f 7454 7480 7457
f 7460 7461 7462
f 7452 7463 7482
f 7464 7465 7495
f 7466 7467 7468
f 7434 7468 7436
f 7434 7469 7470
f 7470 7471 7472
f 7472 7439 7441
f 7441 7440 7473
f 7473 7432 7474
f 7474 7443 7475
f 7475 7445 7476
f 7476 7477 7448
f 7447 7478 7450
f 7460 7450 7479
f 7460 7479 7461
f 7462 7461 7453
f 7454 7453 7480
f 7457 7480 7458
f 7459 7458 7456
f 7455 7456 7481
f 7455 7481 7482
f 7463 7452 7483
f 7483 7449 7484
f 7484 7446 7485
f 7485 7444 7486
f 7486 7487 7488
f 7488 7487 7489
f 7488 7489 7490
f 7489 7492 7490
f 7492 7491 7490
f 7494 7491 7492
f 7493 7465 7494
f 7464 7495 7496
f 7465 7493 7495
f 7464 7496 7497
f 7496 7498 7497
f 7438 7497 7498
f 7499 7500 7501
f 7514 7502 7512
f 7502 7503 7511
f 7511 7510 7504
f 7507 7509 7505
f 7507 7505 7506
f 7507 7506 7508
f 7505 7509 7504
f 7504 7510 7505
f 7511 7503 7510
f 7511 7512 7502
f 7512 7513 7514
f 7513 7515 7514
f 7534 7516 7525
f 7517 7518 7520
f 7520 7518 7519
f 7519 7522 7520
f 7520 7521 7517
f 7520 7522 7547
f 7547 7523 7525
f 7523 7524 7525
f 7516 7520 7525
f 7546 7526 7516
f 7548 7527 7534
f 7528 7534 7529
f 7545 7543 7516
f 7530 7531 7516
f 7532 7533 7534
f 7534 7530 7516
f 7535 7534 7533
f 7534 7535 7530
f 7531 7536 7516
f 7516 7536 7537
f 7538 7544 7545
f 7545 7539 7538
f 7540 7539 7541
f 7545 7541 7539
f 7538 7542 7544
f 7544 7542 7521
f 7521 7543 7544
f 7544 7543 7545
f 7516 7526 7545
f 7541 7545 7526
f 7520 7516 7543
f 7529 7534 7527
f 7537 7546 7516
f 7520 7543 7521
f 7520 7547 7525
f 7525 7548 7534
f 7562 7580 7558
f 7553 7552 7550
f 7552 7549 7550
f 7549 7552 7551
f 7552 7553 7573
f 7552 7554 7551
f 7554 7580 7555
f 7555 7580 7556
f 7558 7580 7552
f 7579 7558 7576
f 7581 7562 7578
f 7557 7577 7562
f 7567 7558 7574
f 7563 7558 7559
f 7560 7562 7561
f 7562 7558 7563
f 7564 7561 7562
f 7562 7563 7564
f 7559 7558 7565
f 7558 7566 7565
f 7571 7567 7575
f 7567 7571 7570
f 7568 7569 7570
f 7567 7570 7569
f 7571 7575 7572
f 7575 7573 7572
f 7573 7575 7574
f 7575 7567 7574
f 7558 7567 7576
f 7569 7576 7567
f 7552 7574 7558
f 7577 7578 7562
f 7566 7558 7579
f 7552 7573 7574
f 7552 7580 7554
f 7580 7562 7581
f 7627 7601 7582
f 7641 7583 7642
f 7600 7625 7624
f 7584 7585 7586
f 7587 7588 7594
f 7589 7584 7586
f 7592 7618 7620
f 7619 7618 7590
f 7589 7590 7618
f 7589 7586 7590
f 7591 7592 7593
f 7622 7621 7591
f 7594 7588 7622
f 7647 7595 7596
f 7597 7598 7645
f 7602 7599 7643
f 7600 7601 7626
f 7582 7603 7627
f 7602 7583 7617
f 7628 7603 7629
f 7640 7641 7604
f 7604 7605 7606
f 7629 7607 7628
f 7630 7607 7608
f 7605 7639 7606
f 7609 7610 7611
f 7633 7632 7612
f 7636 7612 7613
f 7612 7634 7613
f 7614 7635 7636
f 7615 7616 7638
f 7624 7623 7587
f 7602 7617 7599
f 7618 7619 7620
f 7592 7620 7593
f 7592 7591 7621
f 7621 7622 7588
f 7588 7587 7623
f 7623 7624 7625
f 7625 7600 7626
f 7626 7601 7627
f 7627 7603 7628
f 7607 7629 7608
f 7630 7608 7631
f 7630 7609 7611
f 7630 7631 7609
f 7611 7610 7633
f 7610 7632 7633
f 7632 7634 7612
f 7613 7614 7636
f 7635 7638 7636
f 7635 7615 7638
f 7616 7637 7638
f 7639 7605 7637
f 7616 7639 7637
f 7606 7640 7604
f 7641 7642 7604
f 7583 7602 7642
f 7597 7643 7598
f 7599 7598 7643
f 7644 7645 7646
f 7645 7644 7597
f 7647 7644 7646
f 7596 7644 7647
f 7648 7596 7595
f 7648 7595 7649
f 7648 7649 7650
f 7652 7651 7650
f 7648 7650 7651
f 7651 7652 7584
f 7652 7585 7584
f 7666 7653 7654
f 7662 7657 7655
f 7657 7656 7655
f 7656 7657 7658
f 7656 7658 7659
f 7662 7655 7660
f 7661 7662 7660
f 7661 7660 7663
f 7664 7661 7663
f 7664 7663 7665
f 7666 7664 7665
f 7665 7653 7666
f 7678 7679 7667
f 7668 7669 7671
f 7670 7675 7671
f 7675 7670 7672
f 7670 7673 7672
f 7672 7673 7674
f 7671 7675 7668
f 7668 7676 7669
f 7678 7677 7676
f 7677 7669 7676
f 7678 7676 7679
f 7667 7680 7678
